bwd_seg_size_avg,pkt_len_min,fwd_pkt_len_min,totlen_bwd_pkts,fwd_pkt_len_max,bwd_pkt_len_min,pkt_len_mean,fwd_pkt_len_std,bwd_pkt_len_std,flow_byts_s,fwd_pkt_len_mean,psh_flag_cnt,down_up_ratio,fwd_act_data_pkts,syn_flag_cnt,fin_flag_cnt,Label
90.0,74.0,74.0,663.0,89.0,80.0,274.0,0.0,0.0,94483.11,86.0,10.0,0.5,7.0,0,0,4
613.0,92.0,82.0,524.0,848.0,146.0,258.4,0.0,20.0,5340.703,91.0,0.0,0.5,2.0,0,0,4
617.0,78.0,75.49902,629.0,110.0,610.0,228.432,0.0,0.0,4154.861,92.0,0.0,1.0,2.0,0,0,4
580.9514,74.0,74.0,615.0445,226.11113,114.0,225.33333,0.0,0.0,7608.47,114.9209,0.0,0.5,2.0,3,0,4
589.0,54.0,54.0,734.0,848.0,494.0,258.4,0.0,32.688942,62.683598,91.0,0.0,0.5,2.0,0,0,4
486.0,54.0,54.0,616.27686,150.0,78.50044,256.33334,0.0,0.0,13684.506,98.55406,0.0,1.2226465,6.0,0,0,4
567.8602,54.0,54.0,757.0,93.0,567.0,225.33333,0.0,20.0,950.31323,91.0,0.0,0.9749489,2.0,0,0,4
309.0,91.0,90.0,524.0,843.7432,116.92036,258.4,5.643081,0.0,5779.979,90.0,0.0,0.6666667,10.0,0,0,4
571.7692,88.0,60.0,331.6445,146.0,114.0,275.66666,0.0,0.0,4530.1504,91.0,0.0,0.75,2.0,0,0,4
612.0,91.0,91.0,617.0,100.0,166.0,258.4,0.0,0.0,6972.0557,95.0,0.0,1.0,2.0,0,0,4
143.89763,91.0,78.0,531.92737,374.1812,85.0,288.35208,0.0,0.0,9.825082,114.0,0.0,0.5,7.0,0,0,4
138.39465,54.0,54.0,1784.0,91.0,60.0,281.0,0.0,0.0,55616.41,74.0,0.0,0.5,5.0,0,0,4
76.5,54.0,54.0,644.0,95.0,60.0,316.05975,0.0,0.0,123813.66,60.0,0.0,0.5714286,6.0,3,0,4
472.9206,90.0,80.0,662.0,93.0,60.0,267.66666,0.0,0.0,6375.0537,92.0,18.63844,0.5,10.0,3,0,4
613.0,95.0,81.0,629.0,97.0,499.17615,264.33334,0.0,0.0,7206.188,86.0,0.0,1.2475172,2.0,0,0,4
572.9067,54.0,54.0,663.0,97.211586,262.0,259.0,0.0,0.0,5982.3057,93.0,0.0,0.5,2.0,0,0,4
488.96057,90.0,86.0,612.1827,256.0,480.0,213.15236,0.0,0.0,4281.874,92.0,9.0,0.5,3.0,3,0,4
581.0,54.0,54.0,8294.548,1401.2432,507.04874,264.0,0.0,0.0,4765.6846,86.0,0.0,1.3333334,3.0,0,0,4
612.57855,54.0,55.0,1783.8142,111.0,60.0,266.66666,21.279482,16.5,1694.1327,93.0,0.0,1.0,2.0,0,0,4
483.62607,54.0,54.0,2281.7412,1753.313,483.0,270.6562,0.0,170.03142,6028.5283,92.0,0.0,0.5,3.0,0,0,4
484.0,54.0,54.0,1784.0,91.0,69.204414,225.33333,0.0,0.0,7623.2085,79.0,0.0,0.75,7.0,0,0,4
614.988,89.0,81.0,494.0,92.0,494.0,257.33334,0.0,0.0,35251.574,90.0,0.0,1.0,2.0,0,0,4
600.26306,80.0,78.96434,610.0,86.40181,85.0,283.33334,0.0,0.0,6423.8325,86.0,0.0,0.5,2.0,0,0,4
613.0,95.0,92.71869,616.0,95.0,60.0,258.4,0.0,0.0,5773.213,95.0,0.0,0.6,2.0,0,0,4
567.0,86.0,81.0,589.0,92.709175,60.0,299.936,0.0,0.0,5963.484,82.0,0.0,0.5,2.0,0,0,4
89.457054,54.0,54.0,1839.3821,91.0,60.0,267.66666,21.322313,65.05613,970.3027,91.0,9.0,1.4275384,5.0,0,0,4
589.0,60.0,66.15805,1557.6565,97.0,60.0,336.25885,0.0,0.0,12520.081,95.0,0.0,0.5,2.0,0,0,4
616.0,54.0,60.0,1050.154,256.0,90.0,264.0,0.0,0.0,13.268114,141.90315,0.0,1.3076923,2.0,0,0,4
613.0,91.0,86.0,613.0,91.0,611.0,264.0,0.0,20.0,13701.297,91.0,0.0,0.5,2.0,0,0,4
589.0,54.0,54.0,5642.8213,1783.2374,497.10544,258.4,0.0,0.0,10024.994,93.0,0.0,1.0,2.0,0,0,4
497.58853,54.0,54.0,1784.0,967.5487,114.833336,258.4,0.0,0.0,359.8305,91.333336,0.0,0.6666667,8.0,0,0,4
589.0,91.0,92.0,613.0,95.0,309.0,257.5532,20.101772,0.0,5969.3394,92.0,0.0,0.5,3.0,0,0,4
610.0,93.0,81.0,581.0,91.0,407.18594,243.0,0.0,361.0,8.095179,91.0,0.0,0.5,6.0,0,0,4
629.0,80.0,80.44396,616.0,95.0,496.83322,208.36911,0.0,0.0,116281.945,95.0,0.0,0.6666667,2.0,0,0,4
611.0,86.0,80.0,616.0,97.0,552.0,226.45638,0.0,0.0,7368.2427,81.0,0.0,1.0,2.0,0,0,4
610.0,78.0,78.0,641.0,111.0,494.0,217.68661,0.0,0.0,7080.871,95.0,0.0,0.5,3.0,0,0,4
589.96014,95.0,81.0,552.0,92.36874,60.0,267.66666,26.870058,284.5422,2304.5422,86.0,0.0,0.71304744,2.0,0,0,4
617.0,54.0,55.0,662.0,1220.7838,552.0,265.0,0.0,1.6690023,6377.6655,90.0,7.0,1.0,2.0,0,0,4
613.0,54.0,54.0,611.0,111.0,114.85823,218.30219,0.0,358.86407,3968.571,91.333336,0.0,1.7456571,6.0,0,0,4
589.0,86.0,90.0,612.0,95.0,262.0,272.0,0.0,0.0,3212.1736,91.0,0.0,1.3333334,2.0,0,0,4
589.0,82.0,81.0,629.0,92.0,483.36984,265.0,0.0,0.0,4877.152,91.0,0.0,0.5,4.0,0,0,4
581.0,95.0,81.0,1838.1359,91.0,262.0,259.66666,0.0,20.0,761.4454,91.0,0.0,0.75,14.0,0,0,4
552.0,54.0,54.0,662.0,86.0,60.0,267.66666,0.0,0.0,18810.033,80.0,0.0,0.6666667,2.0,0,0,4
617.0,54.0,55.0,1781.444,974.9154,60.0,299.3798,0.0,0.0,9.64674,95.0,0.0,1.0,2.0,0,0,4
60.0,88.0,81.0,662.0,91.0,60.0,266.91745,0.0,69.24908,1285.6433,91.0,7.0,0.5,7.0,0,0,4
597.0,55.0,54.0,783.67645,91.453964,60.0,266.66666,310.01248,0.0,45927.258,91.0,0.0,0.5,2.0,0,0,4
610.0,54.0,60.0,624.88574,91.0,475.57742,259.66666,8.3792,0.0,102.43395,91.0,18.65048,0.5,4.0,0,0,4
492.43228,81.0,81.0,613.0,97.0,60.0,266.12033,0.0,0.0,13789.334,87.32546,0.0,0.5,19.18014,0,0,4
616.0,80.0,78.0,589.0,92.0,60.0,274.0,0.0,0.0,5770.434,89.577034,0.0,0.5,2.0,0,0,4
613.0,54.0,54.0,1781.5487,97.77191,608.3364,223.66667,0.0,0.0,2961.7932,91.0,0.0,0.5,2.0,0,0,4
266.63855,95.0,55.0,180.0,256.0,60.0,259.66666,0.0,0.0,62.711624,91.221146,0.0,0.75,10.702993,3,0,4
480.92444,78.0,60.0,641.0,256.0,60.0,257.03485,0.0,0.0,110377.98,116.691696,0.0,0.5,5.19377,0,0,4
262.0,92.922485,74.0,306.0,93.0,60.0,258.4,0.0,0.0,20427.025,91.0,0.0,0.6666667,66.49599,0,0,4
446.0,90.357216,77.0,306.0,309.21008,69.01725,281.0,0.0,0.0,117732.6,91.0,0.0,1.0,2.0,0,0,4
612.0,54.0,54.0,4941.3257,1262.0,262.0,258.2502,0.0,0.0,143273.11,86.0,0.0,0.5,4.0,0,0,4
493.75186,91.0,91.0,644.0,92.0,477.0,267.66666,0.0,0.0,7089.552,91.90503,0.0,0.6666667,3.0,0,0,4
614.0253,91.0,60.0,596.0987,91.0,90.0,227.33333,0.0,0.0,145061.89,91.0,0.0,0.5,2.0,0,0,4
612.56604,90.0,85.17068,597.0,534.1184,60.0,312.661,0.0,0.0,6.222981,91.0,0.0,0.74513495,2.0,0,0,4
612.0,54.0,54.0,629.0,397.7143,262.0,281.0,0.0,184.52724,9.671745,97.0,0.0,0.85714287,2.0,0,0,4
613.0,93.0,85.0,597.0,397.7143,60.0,309.66666,1.9741623,0.0,8.043721,91.0,0.0,0.6666667,2.0,0,0,4
601.62695,55.0,60.0,757.0,248.24146,90.0,259.66666,0.0,0.0,116.84506,91.0,17.0,1.3582637,2.0,0,0,4
588.36285,74.0,73.0,757.0,92.0,60.0,311.19083,0.0,27.723808,110.043175,86.0,0.0,0.5,2.0,0,0,4
610.0,89.0,78.0,610.0,86.0,80.0,264.33334,0.0,0.0,11.739173,86.0,0.0,0.5,7.0,3,0,4
597.0,93.0,95.0,662.0,249.17041,494.0,258.89633,0.0,0.0,123385.414,127.69062,3.0,0.5,2.0,0,0,4
581.0,74.0,60.0,683.0,95.0,85.0,267.66666,0.0,0.0,11.639598,91.0,0.0,0.5,2.0,0,0,4
486.0,60.0,74.0,614.0,890.19666,483.0,259.0,0.0,0.0,8099.42,86.0,0.0,0.5,2.0,0,0,4
613.0,54.0,54.0,629.0,95.0,539.4063,258.4,0.0,0.0,32.901913,85.92068,0.0,0.6666667,2.0,0,0,4
597.0,54.0,54.0,758.5102,111.0,262.0,258.4,0.0,1.6271185,4609.0757,93.0,1.0,0.5,2.0,0,0,4
262.0,54.0,54.0,1641.199,91.0,60.0,309.22562,0.0,110.73022,62.683113,91.0,17.0,0.5,7.0,0,0,4
610.0,54.0,54.0,641.0,92.00089,117.84175,243.0,9.0,1.664047,3394.6453,90.504715,0.0,0.5,5.8448358,0,0,4
446.0,54.0,54.0,811.0,848.0,114.0,265.0,21.279482,0.0,5338.054,88.47898,0.0,0.5,3.0,0,0,4
76.5,77.0,71.00912,663.0,848.0,60.0,267.66666,0.0,0.0,184558.8,74.0,0.0,2.16732,18.0,0,0,4
617.0,54.0,54.0,11181.067,1386.1273,611.0,243.0,0.0,0.0,8.049442,123.581,0.0,0.5,2.0,0,0,4
486.0,54.0,54.0,617.0,91.0,212.87505,258.4,0.0,0.0,12.592692,90.0,0.0,0.5,8.0,0,0,4
629.0,54.0,54.0,641.0,86.0,588.1588,258.57144,0.0,0.0,7408.6143,80.0,0.0,0.5,2.0,0,0,4
567.0,55.0,60.0,795.0,821.0254,446.0,265.0,0.0,0.0,10.242258,90.0,0.0,1.0,4.0,0,0,4
480.2724,78.0,79.0,804.1993,248.0,262.0,252.77856,0.0,0.0,9485.955,91.0,3.0,0.6666667,8.0,0,0,4
262.0,93.0,86.0,698.0,91.54836,60.0,309.66666,0.0,378.24887,315.4243,91.0,0.0,0.75,5.0,0,0,4
611.0,54.0,55.0,612.0,100.0,114.0,227.33333,0.0,0.0,62.754025,93.0,11.0,0.5,2.0,0,0,4
262.0,54.0,54.0,1842.7003,91.0,80.0,265.0,0.0,0.0,5780.482,85.248924,0.0,0.5714286,10.0,0,0,4
490.54218,54.0,54.0,5143.3667,1262.0,262.0,227.37404,0.0,0.0,20847.908,81.0,0.0,0.8,2.0,0,0,4
610.0,93.0,86.0,1784.0,93.0,589.0,212.16594,0.0,0.0,118516.195,92.0,0.0,1.3333334,2.0,0,0,4
552.0,84.44807,81.0,613.0,91.0,114.0,267.66666,0.0,0.0,7.9497538,91.0,0.0,0.5,2.0,0,0,4
610.0,54.0,55.0,662.0,92.0,262.0,257.16913,0.0,0.0,4506.1523,91.0,0.0,0.5714286,7.0,0,0,4
585.60394,76.0,60.0,795.0,1072.743,493.27148,243.0,0.0,0.0,15.958154,182.44502,0.0,0.5,3.0,3,0,4
567.0,54.0,54.0,617.0,91.84254,494.0,258.4,0.0,0.0,5680.91,90.04842,0.0,0.5,2.0,0,0,4
597.0,54.0,54.0,662.0,91.0,262.0,265.0,0.0,20.0,803.9424,81.0,0.0,0.5,6.0,3,0,4
480.07678,54.0,54.0,589.0,848.0,80.0,265.0,0.0,0.0,8.046051,91.0,0.0,0.9941009,97.18396,0,0,4
610.94476,90.0,83.0,617.0,93.0,589.0,264.0,0.0,0.0,7295.823,91.0,0.0,0.5,2.0,0,0,4
567.9359,91.0,86.0,757.0,848.0,60.0,309.66666,2.1189632,0.0,6416.117,95.0,0.0,1.2806566,2.0,0,0,4
589.0,60.0,74.0,752.05664,745.54913,60.0,265.0,0.0,0.0,53943.582,86.0,9.0,0.5,2.0,0,0,4
617.0,90.0,86.0,567.0,93.0,612.0,266.7369,0.0,0.0,11.713813,90.0,0.0,0.5,2.0,0,0,4
613.0,86.0,83.0,732.27795,111.0,571.7174,243.0,0.0,0.0,24434.498,90.0,5.7798758,1.25,4.0,0,0,4
611.0,91.0,80.0,524.0,97.48233,527.9606,253.84416,0.0,355.89172,6.081457,88.0,0.0,0.5,6.0,0,0,4
589.0,92.84572,86.0,644.0,91.0,488.21735,211.90625,0.0,0.0,2603.5469,91.0,0.0,0.5,2.0,0,0,4
564.1665,86.0,86.0,589.0,93.0,479.52643,258.4,0.0,0.0,7593.4536,91.0,0.0,1.2481688,2.0,0,0,4
599.3741,54.0,54.0,610.0,1262.0,589.0,256.33334,0.0,0.0,37647.14,81.0,0.0,0.6666667,2.0,0,0,4
613.0,92.83022,74.0,524.0,256.0,60.0,276.8095,1.6585094,0.0,5598.1206,91.0,0.0,1.0711395,2.0,0,0,4
379.63818,60.0,60.0,757.0,92.0,85.0,258.4,0.0,0.0,34857.156,92.0,0.0,0.5,8.0,0,0,4
282.9707,86.0,76.05648,617.0,256.0,60.0,258.4,0.0,0.0,36300.848,82.08381,0.0,0.5,6.0,3,0,4
567.0,54.0,54.0,2339.8887,1219.163,262.0,263.93546,0.0,0.0,6404.887,80.0,0.0,0.5,6.0,0,0,4
440.48083,81.0,80.67777,557.7523,848.0,60.0,264.0,0.0,0.0,1989.3458,91.0,0.0,1.4358362,4.0,0,0,4
486.0,86.0,80.0,494.0,91.0,60.0,267.66666,5.57034,0.0,7593.396,86.0,0.0,0.5,2.201032,0,0,4
610.0,86.0,60.0,486.0,95.0,60.0,374.11517,0.0,0.0,225.08643,91.0,0.0,0.5,2.0,0,0,4
589.0,54.0,54.0,5397.0557,1262.0,60.0,274.0,0.0,0.0,83334.664,79.8335,0.0,0.75,2.0,0,0,4
613.0,54.0,54.0,1558.947,256.0,383.8169,257.18625,0.0,0.0,61.30128,110.0,0.0,0.5,9.0,3,0,4
522.86554,54.62462,60.0,617.0,256.0,114.0,259.66666,0.0,70.51515,56.094444,151.44543,0.0,0.5,2.0,0,0,4
391.8132,82.0,81.0,616.60675,848.0,60.0,266.66666,0.0,0.0,11.7846985,89.0,0.0,0.6666667,3.0,0,0,4
80.498665,54.0,54.0,663.0,91.0,60.0,265.0,26.870058,0.0,5407.9956,91.0,0.0,1.4281547,7.0,0,0,4
610.0,54.0,54.0,1338.5814,97.0,113.239815,264.33334,0.0,0.0,25570.584,74.0,0.0,0.5,2.0,0,0,4
613.0,54.0,54.0,663.0,91.0,60.0,267.66666,26.870058,20.0,2399.9368,91.0,15.0,0.5,2.0,0,0,4
262.0,54.0,54.0,613.0,95.0,89.42827,258.4,0.0,0.0,62.787064,91.95469,0.0,1.1,41.117504,0,0,4
485.26855,86.0,86.0,617.0,256.0,483.0,264.0,0.0,0.0,4.530972,256.0,0.0,1.0,3.0,0,0,4
486.0,95.0,92.0,183.01756,256.0,89.77084,281.0,0.0,0.0,6795.751,93.0,0.0,0.14167397,2.0,0,0,4
267.86243,93.0,81.0,657.66547,848.0,60.0,316.32513,0.0,0.0,131570.22,95.0,0.0,1.0,4.0,0,0,4
528.0905,54.0,54.0,589.0,776.8994,60.0,272.0,0.0,0.0,4900.574,86.0,0.0,0.5,2.0,0,0,4
617.0,54.0,54.0,629.0,86.0,262.0,267.66666,0.0,509.2713,5886.7373,81.0,0.0,0.6666667,2.0,3,0,4
617.0,82.0,81.0,589.0,256.0,262.0,274.0,0.0,0.0,32.904243,86.0,0.0,0.5,2.0,0,0,4
617.0,86.0,88.0,629.0,100.0,590.16003,264.0,0.0,363.38272,11.778493,95.0,0.0,0.5,2.0,0,0,4
581.0,95.0,86.433754,670.5032,91.0,80.0,259.0,0.0,0.0,225.26392,91.0,0.0,0.7987675,7.0,3,0,4
558.6998,86.0,78.0,617.0,551.1284,390.12524,267.66666,0.0,0.0,8.046072,86.0,0.0,0.5,3.0,0,0,4
617.0,114.0,88.0,524.0,111.0,146.0,286.55994,0.0,408.07965,62.69048,92.0,0.0,1.1526344,2.0,0,0,4
613.0,95.0,83.34657,190.65279,250.77866,114.0,259.66666,0.0,0.0,6988.0645,93.501236,0.0,1.15065,2.0,0,0,4
589.0,86.0,92.0,613.0,93.0,90.0,307.6875,0.0,0.0,7621.6313,93.0,0.0,0.6666667,2.0,0,0,4
613.0,93.0,91.0,611.0,248.0,60.0,264.25415,22.896395,19.767326,5954.565,93.0,0.0,0.6666667,2.0,0,0,4
612.1751,54.0,54.0,629.0,1269.6868,446.0,245.66667,0.0,0.0,71.815155,93.0,0.0,0.5,3.0,0,0,4
613.0,54.0,54.0,612.67993,92.0,262.0,259.0,0.0,0.0,6669.641,90.0,0.0,0.5,2.0,0,0,4
641.0,55.0,76.25413,662.0,848.0,612.0,252.74947,0.0,0.0,96.08892,92.0,0.0,0.6666667,2.0,0,0,4
613.0,78.0,74.0,624.4265,848.0,378.4584,258.4,0.0,0.0,12.306007,92.0,0.0,0.5,5.0,0,0,4
498.0,90.0,80.23775,581.0,97.0,60.0,291.0,0.0,0.0,18274.094,86.0,0.0,0.5,2.0,0,0,4
612.70764,74.0,79.0,617.0,95.0,486.0,265.0,0.0,0.0,32.833233,91.0,9.0,0.5,2.0,0,0,4
613.0,54.0,54.0,4939.7153,842.8508,613.0,224.33333,0.0,0.0,46360.6,91.46127,5.0,0.6666667,2.0,0,0,4
479.92337,54.0,54.0,589.0,970.37823,147.30043,208.33333,0.0,0.0,12651.821,95.0,15.0,0.6,4.0,0,0,4
613.0,91.0,91.0,160.0,146.0,60.0,261.17526,0.0,0.0,5908.9287,93.0,9.0,0.6666667,2.0,3,0,4
589.0,95.0,86.0,626.29266,1262.0,581.0,254.8845,0.0,0.0,14817.942,98.5825,6.0,0.5,2.0,0,0,4
590.81995,86.0,86.0,524.0,320.3389,82.533714,265.0,3.4321687,361.0,22.95117,88.0,0.0,1.0,2.0,0,0,4
262.0,81.0,80.0,613.0,848.0,60.0,402.63925,21.06561,0.0,7247.849,90.079796,0.0,0.5,9.762159,0,0,4
497.7301,80.0,60.0,629.0,91.04056,497.027,265.0,0.0,0.0,7050.6777,85.0,15.754577,0.5,3.0,3,0,4
552.0,91.0,81.0,641.0,95.0,114.0,259.0,0.0,0.0,7570.7427,86.0,0.0,0.25848493,2.0,0,0,4
589.0,92.149925,86.0,613.0,91.0,446.0,223.28593,0.0,187.02089,5766.6245,90.0,0.0,0.5,7.0,0,0,4
272.26498,54.0,54.0,712.7131,754.3899,60.0,258.4,0.0,0.0,12.07905,91.96451,0.0,1.5162172,6.0,0,0,4
565.12054,86.0,80.0,459.0,95.0,60.0,258.4,0.0,0.0,71370.336,91.0,0.0,0.6666667,2.0,0,0,4
610.0,78.0,74.0,745.17975,1262.0,251.44606,248.87537,0.0,0.0,4437.1387,86.0,0.0,0.5,7.0,0,0,4
610.0,90.0,80.0,306.5605,91.26027,60.0,299.80157,26.870058,0.0,1347.2539,91.0,0.0,0.49507824,2.0,0,0,4
567.0,54.0,54.0,850.3172,95.0,60.0,271.8659,0.0,0.0,22077.32,91.0,61.493084,0.5714286,2.0,0,0,4
73.94776,54.0,54.0,581.0,1841.405,60.0,327.66666,2.8670876,16.5,7380.2866,81.0,0.0,0.5,6.0,0,0,4
610.0,54.0,54.0,663.0,1784.0,262.0,214.06256,0.0,0.0,3975.3079,91.0,0.0,1.0,2.0,0,0,4
616.3547,54.0,54.0,629.0,88.0,535.4826,233.61708,0.0,0.0,7114.7554,86.0,10.0,0.5,2.0,0,0,4
641.0,95.0,86.0,567.0,95.69389,60.0,267.4666,0.7618439,532.1726,719.8144,91.0,0.0,0.5,2.0,0,0,4
613.0,91.0,81.0,626.37634,848.0,236.98691,266.96432,0.0,0.0,57474.08,95.0,0.0,0.72791386,7.0,0,0,4
359.83185,55.0,60.0,689.5803,91.0,60.0,256.33334,0.0,0.0,29294.252,71.96222,0.0,0.85714287,5.0,0,0,4
571.7692,93.0,92.0,586.9222,94.46406,262.0,259.0,0.0,331.63965,4506.8916,93.0,0.0,1.3333334,2.0,0,0,4
262.0,54.0,55.0,613.0,92.0,249.47685,288.0859,0.0,0.0,5956.9746,91.0,0.0,0.5,9.0,0,0,4
125.54718,93.0,90.0,581.0,93.0,60.0,274.0,0.0,0.0,7340.539,91.0,0.0,0.5,4.0,0,0,4
617.0,55.0,60.0,662.0,86.0,144.45953,263.7362,0.0,513.2352,9323.508,81.0,0.0,2.3150754,92.04865,0,0,4
603.0663,54.0,54.0,1784.0,344.3643,60.0,258.4,26.870058,16.5,72.41494,90.0,0.0,0.5,2.0,0,0,4
613.0,54.0,54.0,641.0,91.0,610.76447,259.11575,0.0,0.0,3978.3645,86.0,0.0,0.5,2.0,0,0,4
550.6394,74.0,74.0,811.0,93.0,60.0,258.4,0.0,0.0,2704.9436,91.0,0.0,0.5,2.0,0,0,4
262.0,54.0,54.0,1823.3505,91.0,60.0,272.00247,0.0,0.0,3935.11,91.0,0.0,1.4404317,4.0,0,0,4
612.0,54.0,54.0,1784.0,968.88837,523.0,230.723,0.0,282.68057,2565.9038,92.0,0.0,1.153491,2.0,3,0,4
131.85268,114.0,86.0,611.467,240.56403,71.05209,243.0,0.0,0.0,10164.2,147.6996,0.0,0.6666667,14.0,0,0,4
571.7692,55.0,74.0,614.0,92.0,60.0,258.4,0.0,0.0,6.058392,86.0,0.0,0.5,2.0,0,0,4
589.0,54.0,54.0,7433.0,256.0,552.0,225.2171,0.0,40.75222,62.74471,92.0,0.0,1.258117,2.0,3,0,4
486.0,54.0,54.0,2509.279,148.05028,70.16607,258.00394,0.0,0.0,14023.27,91.0,0.0,1.9401026,14.0,0,0,4
611.0,86.0,90.0,617.0,317.31454,146.0,258.57144,0.0,0.0,7033.5737,91.0,14.953572,0.5,2.0,0,0,4
638.60016,81.0,81.0,567.0,91.0,60.0,258.4,0.0,0.0,20.177952,90.95463,0.0,0.5,2.0,0,0,4
629.0,55.0,60.0,663.0055,95.0,262.0,258.4,0.0,0.0,7078.2944,93.0,13.0,0.5,2.0,0,0,4
552.0,54.0,54.0,729.30225,92.50195,60.0,248.64206,0.0,0.0,17567.697,91.0,0.0,0.5,2.0,0,0,4
617.0,54.0,54.0,629.0,91.0,268.8088,258.4,0.0,465.206,2654.9507,90.0,11.0,0.85714287,9.769887,0,0,4
167.59804,54.0,54.0,589.0,167.60716,130.55244,267.66666,0.0,0.0,5893.5386,92.7971,0.0,0.90727496,5.0,0,0,4
589.0,54.0,54.0,4939.859,256.0,262.0,257.33334,0.0,0.0,9.660847,95.0,0.0,0.5,2.0,0,0,4
598.8317,86.0,74.0,698.0,350.80634,567.0,257.33334,0.0,0.0,15093.326,83.61378,0.0,0.8,2.0,0,0,4
610.0,95.0,90.11168,524.0,256.0,523.88,257.33334,0.0,345.52588,42.000813,91.06168,0.0,0.8,2.0,0,0,4
612.0,91.0,90.0,617.0,338.19202,60.0,258.59402,0.0,0.0,26164.373,149.4715,0.0,1.1169467,46.664825,0,0,4
612.0,74.0,54.0,1798.4999,95.0,60.0,267.66666,0.0,0.0,6797.69,91.0,0.0,0.5,7.0,0,0,4
611.0,54.0,54.0,2099.131,91.0,60.0,259.66666,0.0,0.0,4354.884,90.0,0.0,1.2223547,2.0,0,0,4
611.73785,91.0,78.0,589.0,95.0,309.0,258.4,21.06561,50.080624,5909.0024,80.0,0.0,1.027495,2.0,0,0,4
610.0,80.0,77.0,613.0,92.32455,531.5813,245.66667,0.0,0.0,4502.3813,91.0,1.0,0.5,7.0,0,0,4
574.43286,91.0,81.0,611.0,97.0,60.0,266.94913,389.95886,0.0,6503.3813,95.0,0.0,0.5,2.0,0,0,4
614.94293,95.0,86.0,487.5477,91.89811,262.0,264.0,0.0,0.0,102.27078,91.0,16.0,1.3551681,2.0,0,0,4
613.0,54.0,54.0,662.0,1262.0,585.00305,264.0,0.0,0.0,11.682413,249.45456,0.0,0.6666667,2.0,0,0,4
613.0,81.0,74.0,698.0,256.0,571.6987,258.4,0.0,1.6193713,8.0862255,91.0,0.0,0.6666667,2.0,0,0,4
552.0,60.0,72.26166,643.73584,89.0,60.0,258.4,0.0,0.0,7371.321,80.0,0.0,0.5,2.0,0,0,4
262.0,93.0,91.0,581.0,95.0,190.46729,208.38559,0.0,0.0,5374.121,92.0,0.0,0.5,5.0,3,0,4
613.9245,91.0,86.0,524.0,91.0,497.6795,258.45547,0.0,0.0,5492.306,90.0,0.0,0.6666667,2.0,0,0,4
141.6476,54.0,54.0,5006.9834,95.0,54.0,380.446,0.0,0.0,5398.1353,86.0,0.0,0.5,4.0,3,0,4
397.67908,54.0,54.0,5422.2344,1308.4751,60.0,363.7518,0.0,0.0,22098.125,90.0,0.0,0.5,3.0,0,0,4
90.0,54.0,54.0,6986.775,97.0,60.0,252.66667,21.279482,111.47823,7.359438,91.0,0.0,1.0,16.924297,0,0,4
490.01883,93.0,86.0,524.0,91.0,60.0,327.66666,0.0,0.0,2646.1016,91.0,0.0,0.5,4.0,0,0,4
613.0,80.0,79.00114,612.0,848.0,114.83592,264.0,0.0,0.0,1706.7065,91.0,6.156538,0.5714286,5.0,0,0,4
612.6781,54.0,54.0,797.3995,86.0,76.5,134.01508,0.0,0.0,9478.596,81.0,0.0,0.5386694,7.0,0,0,4
610.0,92.0,77.0,567.0,93.0,480.0,245.66667,0.0,0.0,6666.016,91.0,0.0,0.5,2.0,0,0,4
629.0,54.0,54.0,811.0,92.0,60.0,267.66666,0.0,0.0,398.27286,91.0,0.0,0.5,2.0,0,0,4
572.6086,54.0,54.0,795.0,93.0,60.0,323.5206,0.0,527.63446,13931.219,74.0,0.0,0.75,2.0,0,0,4
593.5473,89.65137,91.0,641.0,848.0,120.55984,259.50415,0.0,0.0,5782.7085,93.0,0.0,0.9342876,46.147224,3,0,4
569.42596,77.0,80.0,612.0,91.0,72.04252,229.33333,0.0,0.0,108835.086,80.0,0.0,0.5,8.0,0,0,4
613.0,80.0,77.0,793.7233,92.0,314.96924,265.0,0.0,0.0,10077.125,89.87657,0.0,1.0903391,2.0,0,0,4
617.0,80.0,86.0,611.0428,92.0,60.0,309.66666,24.506926,0.0,11.4705515,91.0,0.0,0.5,2.0,0,0,4
469.73346,91.0,80.0,629.64844,86.0,60.0,322.70007,0.0,0.0,17.815754,86.0,0.0,0.5,5.0,0,0,4
611.0,54.0,54.0,618.4173,233.47224,262.0,259.66666,3.2867348,16.5,62.80183,88.61145,0.0,0.6666667,2.0,0,0,4
613.0,54.0,54.0,641.0,92.0,92.0,258.4,0.0,19.637281,23502.31,91.0,0.0,1.1090742,61.046543,0,0,4
614.3415,54.0,54.0,2747.2397,93.0,60.0,265.0,21.279482,0.0,122230.17,92.0,19.983477,0.5,2.0,0,0,4
610.0,54.0,54.0,625.2968,99.32085,494.0,265.0,0.0,0.0,18834.947,95.0,0.0,0.5,2.0,0,0,4
613.0,54.0,55.0,589.0,256.0,60.0,327.66666,0.0,0.0,43178.72,136.77376,0.0,0.5,2.0,0,0,4
262.0,91.0,86.0,612.0,89.0,262.0,243.0,0.0,0.0,4900.239,86.0,0.0,1.4285715,18.846544,0,0,4
629.0,80.0,81.0,613.0,515.55646,486.0,274.0,0.0,0.0,55960.227,228.43684,0.0,1.3076923,2.0,0,0,4
117.64088,79.0,80.0,759.802,93.0,60.0,243.52734,0.0,0.0,9459.548,83.0,18.148312,0.5796156,46.298683,0,0,4
589.0,74.0,74.0,617.0,111.0,60.0,247.93556,0.0,0.0,12.085021,92.0,11.0,0.5,2.0,0,0,4
97.33778,54.0,55.0,2763.955,519.3234,92.0,265.0,1.7032715,0.0,4938.1753,87.97801,0.0,0.85714287,1366.8348,0,0,4
617.0,76.0,74.0,634.82587,91.0,368.71893,243.0,0.0,111.5208,385.4264,86.0,11.0,0.5,4.0,0,0,4
486.0,81.0,80.0,629.0,131.33151,60.0,272.0,0.0,0.0,62.80615,86.0,0.0,0.5,3.0,3,0,4
262.0,95.0,91.0,617.0,248.0,60.0,264.0,9.0,0.0,4540.845,95.0,0.0,1.6617205,12.309802,0,0,4
613.0,54.0,54.0,1521.0557,118.0,60.0,291.0,0.0,510.46884,225.21448,91.333336,0.0,1.0909091,2.0,0,0,4
262.0,102.0,91.0,262.0,93.0,149.81676,258.4,0.0,0.0,7.212659,92.0,0.0,0.5,7.0,0,0,4
612.0,55.0,60.0,629.0,95.0,610.0,213.33333,0.0,0.0,6964.277,91.0,7.0,0.5,2.0,0,0,4
469.27084,54.0,54.0,6351.117,256.0,92.0,267.66666,1.9870203,0.0,138.63547,172.56468,0.0,0.5,2.0,0,0,4
610.0,60.0,76.0,613.0,848.0,514.18445,246.90134,0.0,0.0,118206.766,86.0,3.0,0.5,3.0,0,0,4
571.2572,54.0,54.0,1448.4124,93.0,80.0,265.0,0.0,0.0,44.26772,93.0,0.0,0.6666667,7.0,0,0,4
446.0,54.0,60.0,930.5827,95.0,114.0,259.0,0.0,1.659795,6.0283184,91.0,0.0,0.5,11.487573,0,0,4
610.0,91.0,86.0,614.0,95.0,60.0,309.66666,0.0,16.5,1725.9248,91.0,0.0,0.5,2.0,0,0,4
478.1949,80.0,78.0,629.0,92.0,60.0,265.0,0.0,0.0,1500.1628,86.0,0.0,0.5714286,2.0,0,0,4
610.0,54.0,54.0,757.0,387.693,589.0,266.66666,0.0,500.18918,7.6684155,93.0,0.0,0.5714286,2.0,0,0,4
611.0,55.0,54.0,662.0,86.0,309.0,264.33334,0.0,494.15002,8994.508,78.57143,0.0,1.1,5.0,0,0,4
552.0,55.0,55.0,1771.8081,1229.1229,85.0,291.0,0.0,20.0,1417.3536,92.0,0.0,1.1537293,2.0,0,0,4
632.6021,91.0,86.0,604.8303,91.0,611.70306,267.66666,0.0,193.88142,5304.0684,88.0,0.0,0.6666667,2.0,0,0,4
262.0,54.0,54.0,5625.9673,1324.6329,60.0,267.65393,0.0,21.415613,6.174385,92.0,9.0,0.6666667,7.0,0,0,4
567.0,86.0,86.0,612.0,134.03526,486.9924,258.4,0.0,0.0,62.689484,86.0,0.0,0.5,2.0,0,0,4
398.9051,54.0,54.0,2969.4202,848.0,60.0,275.66666,0.0,0.0,4622.9795,91.0,0.0,0.5,3.0,3,0,4
477.0,54.0,54.0,5427.01,99.12809,477.0,266.66666,0.0,0.0,6.756518,95.0,0.0,0.5,2.0,0,0,4
612.8517,82.0,75.314255,663.0,848.0,418.55884,258.4,0.0,0.0,6662.8584,90.0,12.466601,0.9765934,12.0,3,0,4
581.0,95.0,92.0,612.0,110.45394,552.0,211.33333,0.0,0.0,3769.462,95.0,0.0,0.9203115,2.0,0,0,4
614.0,91.0,80.0,480.63327,138.81203,610.0,131.96292,0.0,0.0,8.023573,91.0,0.0,0.5,2.0,3,0,4
597.0,54.0,54.0,1781.2711,100.0,60.0,274.0,0.0,67.46027,256.64835,91.43574,0.0,0.7831766,2.0,0,0,4
446.0,89.0,86.0,589.0,92.0,60.0,349.0577,0.0,0.0,12.426465,91.0,0.0,0.6666667,7.0,0,0,4
525.65686,91.0,86.0,613.0,86.0,60.0,298.86154,0.0,125.008644,6502.6353,86.0,0.0,0.5,6.0,0,0,4
629.0,54.0,54.0,1805.3474,1780.1748,611.0,258.6291,0.0,0.0,3928.9338,91.0,0.0,0.5,2.0,0,0,4
93.07941,54.0,54.0,7433.0,248.0,80.0,258.4,0.0,0.0,17278.943,92.0,0.0,0.5,7.6487575,0,0,4
629.0,54.0,60.0,698.0,92.0,483.0,208.33333,0.0,0.0,62.690685,90.0,0.0,0.5,2.0,0,0,4
494.0,54.0,54.0,1784.0,95.0,60.0,267.66666,0.0,0.0,9.646017,95.0,0.0,1.0,2.0,3,0,4
590.8307,54.0,54.0,1784.0,97.0,480.29187,228.06232,0.0,0.0,63.424606,91.0,0.0,0.5,2.0,0,0,4
262.0,86.0,74.0,524.0,86.14724,114.0,280.12878,0.0,0.0,6764.6377,86.0,0.0,1.0,4.0,0,0,4
589.0,54.0,54.0,1636.6002,256.0,581.0,263.78378,0.0,0.0,48080.426,93.0,0.0,0.75,2.0,0,0,4
613.0,76.33818,74.0,636.49146,1262.0,92.0,256.33334,0.0,0.0,9.675543,353.06924,0.0,0.5,39.91221,0,0,4
552.0,54.0,55.0,737.0941,1353.0896,498.0,267.66666,0.0,36.786255,8.014637,101.3382,0.0,0.5,2.0,0,0,4
60.0,55.0,55.0,613.0,93.0,60.0,307.7403,18.834808,0.0,676.4009,81.0,0.0,0.5182573,9.0,0,0,4
262.0,82.35886,81.0,612.0,92.0,54.0,375.01816,0.0,0.0,7095.308,82.0,0.0,0.6666667,3.0,0,0,4
262.0,86.0,82.0,613.0,256.0,262.0,259.0,0.0,0.0,6.1239095,86.0,0.0,1.2849243,19.097145,0,0,4
610.0,89.37311,91.0,589.0,97.0,60.0,258.4,0.0,16.5,4426.8394,91.0,0.0,0.5,2.0,3,0,4
80.0,129.10086,74.0,160.0,358.13416,54.0,387.56888,0.0,19.822636,11.538614,114.0,0.0,0.5,22.302555,3,0,4
612.0,54.0,54.0,629.0,941.5139,60.0,364.3951,0.0,0.0,2587.3384,91.0,34.29409,0.5,2.0,3,0,4
97.701584,55.0,60.0,641.0,95.0,74.0,243.0,0.0,0.0,42743.01,91.0,0.0,0.5,9.0,0,0,4
80.0,54.0,54.0,1784.0,97.0,60.0,258.57144,0.5,0.0,11880.216,77.91726,0.0,0.5,5.0,0,0,4
571.7692,91.0,77.002396,497.20135,92.0,90.0,254.52798,0.0,0.0,5900.886,91.0,0.0,0.6666667,2.0,0,0,4
612.0,54.0,54.0,613.0,298.44437,589.0,224.9176,0.0,0.0,62.768394,91.0,0.0,0.97705257,2.0,0,0,4
589.0,54.0,55.0,613.0,1262.0,60.0,377.77417,0.0,0.0,225.22992,91.0,0.0,0.33333334,2.0,0,0,4
567.0082,54.0,54.0,683.0,848.0,60.0,330.85947,18.834808,0.0,13772.133,86.0,0.0,0.8,2.0,0,0,4
591.94,95.0,78.0,306.0,95.0,552.0,126.23312,0.0,0.0,7.780636,86.0,0.0,1.0029278,2.0,0,0,4
262.0,88.0,89.0,613.8484,93.0,148.89716,256.53278,0.0,0.0,12.706659,91.0,0.0,0.5,7.0,0,0,4
135.40303,54.0,54.0,683.0,256.0,85.0,267.66666,0.0,0.0,8.047593,92.0,0.0,0.5,7.0,0,0,4
610.0,74.0,55.0,641.0,91.88483,60.0,346.12997,0.0,0.0,7.0050774,80.0,0.0,0.78907615,2.0,0,0,4
604.6781,54.0,74.0,662.0,90.0,89.0,264.0,2.45307,0.0,5779.9697,90.0,0.0,0.5,2.0,0,0,4
581.0,86.0,86.0,524.0,99.69479,262.0,259.66666,0.0,0.0,2423.3804,91.0,0.0,1.4981359,6.0,0,0,4
614.0,91.0,81.0,523.0,95.0,114.0,258.4,0.0,40.303738,1736.79,91.0,0.0,0.5,2.0,0,0,4
613.0,66.49127,60.0,629.0,102.85421,567.0,258.4,0.0,0.0,10811.889,79.0,0.0,0.5,2.0,0,0,4
531.73083,54.0,54.0,663.0,111.0,87.03783,283.33334,0.0,16.5,11.713701,93.0,0.0,0.5,2.0,0,0,4
446.0,61.44487,60.0,663.0,100.0,90.0,237.30803,0.0,0.0,10066.243,94.343735,0.0,1.3177179,4.0,0,0,4
581.0,54.0,54.0,922.3487,522.20386,60.0,293.11493,0.0,541.5869,6.500886,90.0,0.0,0.5,2.0,0,0,4
586.7415,81.0,74.0,641.0,95.0,90.0,274.0,0.0,20.0,8.049666,85.0,0.0,0.5,2.0,0,0,4
60.0,82.0,80.0,687.5139,95.0,40.61739,264.0,0.0,16.5,2294.0999,91.0,0.0,1.3157895,40.92411,3,0,4
149.16681,91.471825,92.0,613.0,95.0,60.0,274.0,0.0,0.0,7012.6885,95.0,0.0,1.5340481,7.0,3,0,4
80.0,86.0,82.0,616.0,848.0,60.0,258.4,0.0,0.0,157.71072,92.0,0.0,0.6666667,8.0,0,0,4
262.0,90.309654,87.129585,629.0,595.3818,262.0,245.66667,26.870058,20.0,1495.0037,91.0,0.0,0.5,3.0,0,0,4
483.10568,93.0,81.0,610.67377,133.71089,262.0,264.0,0.0,0.0,4506.1465,89.0,0.0,0.5,3.0,0,0,4
552.0,90.0,81.0,524.0,91.0,262.0,258.4,0.0,0.0,8.032411,91.0,7.0,1.3164234,2.0,0,0,4
262.0,55.0,55.0,786.0,155.37297,262.0,229.33333,0.0,0.0,11.7183,90.0,0.0,0.5,5.0,0,0,4
481.10568,54.0,55.0,824.92975,728.3299,60.0,257.04666,0.0,0.0,5317.3,86.0,0.0,1.099426,2.0,0,0,4
498.0,55.0,60.0,683.0,313.0576,60.0,293.16168,0.0,0.0,8.078876,256.0,0.0,0.5,2.0,0,0,4
500.55533,91.0,92.5155,507.2691,118.0,493.0,234.91263,0.0,0.0,11.598428,102.0,0.0,0.5,2.0,0,0,4
644.0,54.0,54.0,757.0,91.0,90.0,274.0,0.0,0.0,144104.64,81.0,0.0,0.5,2.0,0,0,4
612.54224,54.0,60.0,617.0,357.07877,60.0,298.12357,0.0,0.0,37.69802,88.0,0.0,0.6666667,2.0,0,0,4
589.0,91.0,93.0,616.0,96.321205,477.0,215.84683,0.0,0.0,6916.743,95.0,0.0,0.5,3.0,0,0,4
613.0,60.0,70.960945,641.0,91.0,583.16876,258.4,0.0,0.0,1497.0531,88.52696,0.0,0.5,2.0,0,0,4
497.99985,114.0,86.0,641.0,256.0,60.0,309.66666,0.0,0.0,7295.699,95.0,0.0,0.5,2.0,0,0,4
571.76733,55.0,60.0,820.01886,838.42566,498.0,254.87744,0.0,0.0,7013.353,86.0,5.0,0.5714286,2.0,0,0,4
571.74835,91.0,86.0,613.0,95.0,60.0,361.19855,0.0,0.0,6002.833,90.0,0.0,0.5,2.0,0,0,4
589.5748,74.0,80.0,631.5249,102.0,589.0,265.0,0.0,358.8176,7295.62,91.0,0.0,0.5714286,2.0,0,0,4
610.0,74.0,74.0,786.0,95.0,498.0,258.4,0.0,3.1249251,8577.33,88.07245,3.0,0.5,2.0,3,0,4
610.0,54.0,54.0,1784.0,91.0,60.0,256.7333,0.0,0.0,38404.48,81.0,0.0,0.5,2.0,0,0,4
611.93134,54.0,54.0,1792.9629,149.13475,54.0,264.33334,0.0,0.0,8.376219,95.0,0.0,0.5,2.0,0,0,4
613.0,54.0,54.0,2741.589,97.0,262.0,263.89447,0.0,0.0,11.563616,95.0,0.0,0.5714286,7.0,3,0,4
567.0,83.0,82.0,524.0,91.0,493.05237,258.56375,0.0,0.0,5.9317465,90.0,0.0,0.5,5.0,0,0,4
614.61334,89.0,80.0,523.0,93.0,60.0,264.0,9.0,0.0,10.060488,86.0,0.0,0.5,2.0,0,0,4
613.8264,54.0,54.0,1784.0,93.0,480.0,259.0,0.5,16.5,8125.629,90.0,0.0,0.5,2.0,0,0,4
572.5542,86.0,82.0,524.0,256.0,60.0,274.0,322.398,0.0,4356.008,90.0,0.0,0.5,2.0,0,0,4
378.66803,54.0,74.0,629.0,1262.0,60.0,265.02017,18.834808,0.0,62.74873,248.0,0.0,0.5,3.0,0,0,4
446.0,92.92759,80.0,490.83084,93.0,60.0,309.81015,0.0,366.22592,9294.264,87.95543,0.0,1.2867345,3.0,0,0,4
147.24901,54.0,54.0,734.0,91.0,60.0,387.38727,5.701394,0.0,148045.08,86.0,0.0,0.5,7.0,0,0,4
114.86977,91.0,74.0,494.0,91.0,60.0,314.40097,0.0,168.17886,360.6616,91.0,0.0,0.5,9.0,0,0,4
486.0,54.0,55.0,641.0,1281.3121,151.36606,258.4,0.0,0.0,62.824657,91.0,0.0,0.5,3.0,0,0,4
498.3967,91.0,91.0,610.0,91.995155,60.0,308.20358,0.0,537.3725,62.718708,91.0,0.0,0.5,2.0,0,0,4
545.7725,78.0,74.0,616.0,88.0,89.44512,265.0,0.0,0.0,5407.3813,86.0,0.0,0.5,2.0,0,0,4
617.09845,93.0,78.0,497.5755,93.0,603.94025,258.4,104.63663,0.0,1268.1594,91.0,0.0,0.5,2.0,0,0,4
253.61623,102.0,86.0,618.26086,150.0,114.0,276.263,0.49608067,0.0,18357.709,92.0,1.0,0.5,5.0,0,0,4
522.73224,54.0,55.0,641.90405,91.0,60.0,271.49466,0.0,0.70351744,32.89525,86.0,0.0,0.5,2.0,0,0,4
610.0,74.0,77.0,615.4705,102.0,60.0,258.4,5.2327476,0.0,32.911648,91.0,0.0,0.85714287,2.0,0,0,4
565.3127,54.0,54.0,2130.564,91.0,60.0,264.33334,0.0,0.0,6.791994,91.0,0.0,0.5,2.0,0,0,4
597.2073,81.0,74.0,589.0,91.0,477.0,258.4,0.0,0.0,122003.65,86.0,0.0,0.6666667,2.0,0,0,4
571.7692,89.0,90.0,584.95184,111.0,97.26409,262.48764,0.0,20.0,62.718834,91.0,0.0,0.5,2.0,0,0,4
614.0,54.0,54.0,10792.126,1262.0,484.0,243.2516,0.0,0.0,40.925327,158.41028,0.0,1.2971139,2.0,0,0,4
641.0,54.0,55.0,597.0,1262.0,610.0,243.47424,0.0,0.0,2956.7522,92.34806,0.0,0.5,2.0,0,0,4
430.45798,54.0,54.0,644.0,91.0,60.0,280.31555,0.0,0.0,11.725778,85.49825,0.0,1.3398263,3.0,0,0,4
85.0,91.0,86.0,610.0,95.0,76.5,263.37442,0.0,0.0,40.834236,91.0,0.0,2.131162,284.9968,0,0,4
564.6321,54.0,54.0,7455.3745,364.58246,60.0,263.35474,0.0,0.0,7363.5073,93.0,0.0,0.7726695,2.0,3,0,4
613.0,86.0,81.0,524.0,91.0,60.0,267.66666,0.0,0.0,6420.473,86.0,0.0,0.610839,2.0,0,0,4
522.2186,81.0,77.0,663.0,86.0,262.0,264.99448,0.0,0.0,7.548927,82.16197,0.0,0.5,2.0,0,0,4
610.29614,91.0,91.0,612.0,102.0,509.67258,219.33333,0.0,0.0,3773.762,91.0,0.0,0.5,2.0,0,0,4
641.0,89.44037,80.0,612.56616,273.12732,262.0,245.02966,0.0,0.0,7.6764145,92.0,0.0,0.5,2.0,0,0,4
501.83075,86.0,86.0,524.0,148.05853,60.0,259.0,0.0,0.0,83259.67,86.0,0.0,0.5,3.0,0,0,4
556.84235,93.0,91.0,614.0,146.0,262.0,219.23254,0.0,0.0,9.643872,95.0,19.369686,0.5,2.0,0,0,4
629.0,54.0,55.0,1405.8457,91.32996,581.0,264.33334,0.0,0.0,7.7612867,91.0,18.0,0.85714287,2.0,0,0,4
311.85162,90.12189,86.0,493.0,91.0,114.0,268.37265,0.0,0.0,6989.81,86.0,0.0,1.0,5.0,0,0,4
614.00854,54.0,54.0,1428.0707,92.0,613.0,258.4,0.0,0.0,62.84026,82.41549,0.0,0.75,2.0,0,0,4
589.0,86.0,83.0,629.0,256.0,262.0,250.97725,0.0,26.007109,531.1853,92.0,0.0,0.6666667,3.0,0,0,4
585.44836,81.0,85.45431,610.0,92.20051,564.2987,235.10472,21.31015,255.43906,6.66394,92.0,0.0,0.5,2.0,0,0,4
597.69977,91.0,80.0,612.0,247.82495,589.0,135.30382,0.0,0.0,6.727374,91.0,0.0,0.9746299,2.0,0,0,4
613.0,54.0,54.0,757.0,111.0,498.0,236.90842,0.0,0.0,2674.563,91.0,20.0,0.6666667,2.0,0,0,4
611.9249,91.0,74.0,480.0,91.0,477.0,258.4,0.0,0.0,7950.9253,86.0,0.0,0.5,3.0,3,0,4
578.2613,54.0,54.0,630.8716,81.0,60.0,327.66666,0.0,289.43842,19025.678,80.0,0.0,0.5,2.0,0,0,4
577.82684,54.0,55.0,1468.3528,1207.6562,114.42933,264.33334,0.0,83.76722,1315.1654,95.0,0.0,1.841558,118.488884,0,0,4
661.4313,54.0,54.0,662.0,92.0,597.0,254.04045,0.0,0.0,7074.3813,90.0,17.0,1.0,2.0,0,0,4
610.0,83.0,80.0,1688.4177,252.99954,430.8431,265.0,0.0,0.0,18983.09,95.0,10.154109,0.5,5.0,0,0,4
611.0,54.0,60.0,641.5418,256.0,581.0,237.88042,26.870058,40.58444,102.22358,88.0,0.0,0.6666667,2.0,0,0,4
610.0,54.0,54.0,611.738,1784.1416,262.0,258.4,0.0,0.0,4536.745,91.0,0.0,0.7492612,2.0,0,0,4
581.0,81.0,81.0,613.0,93.0,60.0,323.66666,1.5289522,83.120476,5416.876,93.0,0.0,1.0909091,2.0,0,0,4
613.4347,78.0,79.62487,614.0,92.0,108.17504,264.33334,0.0,0.0,5982.632,81.0,0.0,0.6666667,2.0,0,0,4
613.0,89.55559,86.0,589.0,92.0,589.0,267.13477,0.0,20.0,4782.707,90.0,0.0,0.6666667,2.0,0,0,4
92.0,91.0,91.0,629.0,967.8073,60.0,264.07446,0.0,19.941265,14809.897,93.0,17.0,0.8,36.377247,0,0,4
485.1063,54.0,54.0,5136.9893,98.61733,67.127686,258.4,0.0,16.5,11.464134,97.0,0.0,0.8,19.81771,0,0,4
477.0,55.0,54.0,757.0,95.0,262.0,258.4,0.0,0.0,11380.658,88.0,0.0,1.25,5.0,0,0,4
613.0,86.0,80.0,486.0,91.0,597.0,245.66667,0.0,0.0,117061.92,91.0,0.0,0.8,2.0,0,0,4
610.0,54.0,55.0,613.0,88.0,552.0,274.0,0.0,0.0,140230.3,86.0,0.0,0.5,2.0,0,0,4
589.0,54.0,54.0,7433.0,835.9359,60.0,298.11,0.0,0.0,83554.984,91.0,0.0,0.6666667,2.0,0,0,4
611.0,91.394,78.95834,629.0,111.0,521.5598,229.33333,0.0,0.0,15166.145,102.0,0.0,0.85714287,2.0,0,0,4
491.87814,54.0,54.0,629.0,90.0,379.73096,264.0,0.0,122.01098,1582.6846,80.0,0.0,0.5,3.0,0,0,4
597.0,85.0,79.0,662.0812,974.2968,60.0,259.66666,0.0,16.5,2658.6123,90.0,0.0,0.8,2.0,0,0,4
494.0,73.876724,55.0,613.0,848.0,60.0,293.52817,6.6161666,0.0,120121.35,74.0,0.0,0.5,2.0,0,0,4
597.0,91.0,81.0,911.4814,91.0,114.0,264.0,1.981594,16.5348,58.516228,86.246254,0.0,0.5,2.0,0,0,4
567.0,54.0,54.0,2157.1035,224.61604,148.64459,243.0,9.68699,370.04565,10198.481,95.0,0.0,0.5,8.0,0,0,4
117.76004,86.0,86.0,613.0,95.0,94.0,277.07373,0.0,379.4107,5795.337,90.0,0.0,0.5,5.0,0,0,4
589.0,55.0,73.0,611.0,256.0,60.0,350.85385,0.0,358.84402,1499.5491,95.0,0.0,0.5,2.0,0,0,4
498.0,54.0,54.0,643.58185,92.0,370.45135,252.13162,0.0,333.3201,118.55075,91.0,0.0,0.75,3.0,0,0,4
279.58328,93.0,82.0,470.52032,91.73295,85.62082,258.4,0.0,0.0,124212.38,83.0,0.0,0.5,8.0,0,0,4
262.0,74.0,74.0,618.261,87.880005,63.0,288.8124,0.0,0.0,6104.293,86.0,0.0,0.6666667,11.593865,0,0,4
611.0,54.0,54.0,5005.169,1262.0,446.0,265.0,0.0,0.0,5898.1,90.0,0.0,0.5714286,3.0,0,0,4
611.58704,78.0,60.0,757.0,93.0,60.0,258.4,0.0,0.0,5295.808,92.0,0.0,0.5,2.0,0,0,4
612.7317,54.0,60.0,612.0,93.0,60.0,283.33334,0.0,0.0,4434.3755,91.82726,0.0,0.5,2.0,0,0,4
597.0,54.0,54.0,1784.0,97.0,60.0,272.0,0.0,16.5,7.8021903,86.253845,0.0,0.5,2.0,0,0,4
617.0,91.0,91.0,524.0,104.06573,486.0,278.36087,0.0,0.0,5374.212,92.83232,7.0,0.5,2.0,0,0,4
446.0,77.0,76.0,757.0,92.0,90.95309,234.38634,0.0,0.0,617.9985,86.0,0.0,0.5,3.0,0,0,4
262.0,86.0,78.0,683.0,91.0,60.0,265.0,18.834808,0.0,5973.356,90.0,0.0,0.5,11.470595,0,0,4
636.2058,81.0,82.75604,613.0,91.706604,60.0,265.0,0.0,0.0,6898.8486,86.0,0.0,1.0,2.0,0,0,4
612.0,54.0,54.0,8249.593,1262.0,605.37,223.66667,0.0,0.0,6831.0254,79.8,0.0,1.3157895,2.0,0,0,4
76.5,114.0,92.338234,524.0,149.4436,60.0,363.17044,0.0,526.72644,9146.79,146.0,9.368052,0.5,6.0,0,0,4
76.5,91.0,91.0,610.0,95.0,60.0,267.66666,6.6104503,19.5,1754.5361,91.0,0.0,0.85714287,7.0,0,0,4
613.0,97.2929,74.0,180.0,93.0,114.81496,104.77558,0.0,0.0,22922.193,91.0,0.0,0.5,7.0,0,0,4
613.0,54.0,54.0,629.0,91.093445,60.0,269.12823,0.0,0.0,3811.164,86.0,0.0,1.1263562,2.0,0,0,4
610.0,83.664345,60.0,629.0,91.0,598.36206,258.4,0.0,16.5,2590.4702,86.0,13.0,0.76686555,3.0,0,0,4
581.0,80.0,80.0,619.84204,91.0,447.26495,258.4,0.0,29.167559,2574.5999,90.0,0.0,0.5,2.0,0,0,4
589.0,54.0,54.0,662.0,92.0,146.0,257.23547,0.0,0.0,6476.194,89.0,0.0,0.5,2.0,0,0,4
597.225,74.0,78.0,795.0,256.0,60.0,337.88226,0.0,0.0,19017.154,92.0,0.0,0.5,2.0,0,0,4
589.27295,91.0,91.0,617.0,100.0,99.82442,274.0,0.0,0.0,5337.8076,91.0,0.0,1.0,2.0,0,0,4
567.0,88.0,79.0,486.3909,256.0,60.0,259.0,0.0,0.0,6.3449106,91.51773,0.0,1.3333334,2.0,0,0,4
613.0,80.0,80.0,644.0,848.0,263.52298,264.28925,0.0,289.36755,225.0673,91.0,15.0,1.4254806,7.0,0,0,4
418.78497,81.0,80.0,612.0,848.0,85.0,258.4,0.0,1.6786627,11.469351,89.00595,18.592537,0.5,3.0,0,0,4
259.80872,91.0,86.0,552.0,256.0,60.0,332.15402,0.0,361.0,519.9053,95.0,0.0,0.5,5.0,0,0,4
610.3636,93.0,74.0,734.0,95.0,600.8831,213.21039,0.0,0.0,10238.344,95.0,0.0,0.8,2.0,0,0,4
592.8822,55.0,60.0,757.0,848.0,70.15976,215.73946,0.0,0.0,9.939376,92.0,0.0,2.2133703,37.73322,0,0,4
552.0,54.0,54.0,1784.0,98.49144,89.0,281.0,0.0,193.85307,335.60422,91.0,0.0,0.5,2.0,0,0,4
85.0,54.0,54.0,794.41693,149.2341,76.5,267.66666,0.0,0.0,84113.16,91.0,0.0,0.72946787,8.0,0,0,4
262.0,91.0,91.0,487.74408,256.0,54.0,243.0,139.04265,38.06328,7.1037583,95.0,0.0,0.8,8.0,0,0,4
613.0,54.0,54.0,1784.0,147.7528,80.0,248.62032,0.0,0.0,72.81791,95.0,0.0,0.5,5.0,0,0,4
274.58014,74.0,60.0,666.22437,95.0,114.984985,259.0,0.0,7.6208563,1326.1586,93.0,0.0,0.5,4.0,0,0,4
614.60315,55.0,54.0,616.88983,93.0,60.0,383.54846,0.0,0.0,10667.499,86.0,31.72315,0.5,2.0,0,0,4
283.33667,74.0,74.0,613.0,1262.0,262.0,271.72684,0.5,0.0,19016.205,86.32145,0.0,1.0,5.0,0,0,4
153.03609,80.0,79.0,629.0,91.0,60.0,257.4675,0.0,0.0,9492.727,91.0,0.0,0.5,14.0,3,0,4
613.0,93.0,86.0,644.0,256.0,262.0,257.33334,0.0,0.0,45.54642,95.0,0.0,0.83814055,4.0,0,0,4
610.0,76.0,74.0,795.0,91.0,220.73808,259.0,1.6470453,0.0,9439.058,78.57143,0.0,0.6666667,46.21405,0,0,4
612.0,60.0,74.0,617.0,91.91707,262.0,265.0,21.279482,0.0,7.1004744,91.155045,0.0,0.5,2.0,0,0,4
612.0,93.0,76.0,616.99414,256.0,589.0,264.0,0.0,0.0,84096.79,83.0,0.0,0.6666667,2.0,0,0,4
612.47906,95.0,91.0,581.0,101.23938,461.601,136.51993,0.0,0.0,6476.3926,92.0,0.0,0.5,3.0,3,0,4
94.0,102.0,93.0,477.0,256.0,60.0,267.3874,0.0,0.0,83778.03,95.0,15.0,0.5,7.0,0,0,4
590.36273,91.0,90.0,483.0,848.0,80.62971,255.81142,0.0,0.0,62.56973,93.0,0.0,0.5,8.0,0,0,4
618.56714,86.0,82.0,524.0,92.0,613.0,257.33334,0.0,0.0,47.579636,86.0,0.0,1.0,2.0,0,0,4
613.0,81.0,80.0,613.0,91.0,568.7922,225.00078,0.0,0.0,4407.8594,81.0,0.0,1.3771234,4.0,0,0,4
610.0,54.388023,55.0,734.0,91.0,60.0,283.33334,5.9046516,0.0,38062.69,89.48284,0.0,0.5,2.0,3,0,4
613.0,93.0,91.0,610.0,102.0,156.61243,253.83592,0.0,0.0,6.410029,91.66267,0.0,0.8,2.0,0,0,4
569.5026,95.0,81.0,524.0,256.0,60.0,265.0,0.0,0.0,46.24735,86.0,0.0,0.5,2.0,0,0,4
262.0,54.0,54.0,1959.8993,326.34473,85.0,258.4,0.0,0.0,3700.2397,91.0,0.0,0.5,7.0,0,0,4
613.0,54.0,55.0,644.0,93.0,612.79,258.4,0.0,0.0,20956.79,91.0,0.0,1.0,2.0,0,0,4
581.0,90.0,86.0,524.0,968.0,60.0,315.0141,2.8120184,0.0,119737.72,91.0,13.159927,1.002972,2.0,0,0,4
116.59329,93.0,91.0,307.4082,95.0,60.0,264.0,0.0,0.0,7035.5757,95.0,0.0,0.5,7.0,0,0,4
78.216995,81.0,83.0,665.15094,91.0,60.0,328.03186,0.0,0.0,32.91049,86.0,3.0,1.7871298,7.0,0,0,4
614.0897,78.0,78.22364,613.0,848.0,92.0,244.26938,0.0,0.0,6.7323794,90.0,9.0,0.5,2.0,0,0,4
262.0,80.0,80.0,666.29474,248.0,114.0,254.44183,0.0,0.0,6275.31,91.0,17.69975,2.1907175,6.075626,0,0,4
384.15408,90.0,89.0,581.0,92.714264,90.0,256.33334,0.0,0.0,5.4924893,91.0,0.0,0.6666667,4.0,0,0,4
616.4666,54.0,54.0,641.0,86.59984,613.0,225.33333,1.9766371,0.0,7296.0127,80.0,0.0,1.25,2.0,0,0,4
80.0,114.0,81.0,481.24442,93.0,60.0,273.38858,0.0,0.0,4892.8276,91.0,0.0,0.8636174,5.0,0,0,4
605.0741,91.0,86.0,577.844,87.96959,89.0,281.0,0.0,368.65326,5340.887,86.0,0.0,0.5,2.0,0,0,4
381.05475,54.0,54.0,662.0,95.0,60.0,254.10066,1.9476914,0.0,225.12202,90.0,0.0,0.9302023,3.0,3,0,4
471.32217,91.0,91.0,573.68207,95.0,85.0,229.07614,0.0,0.0,8957.3,92.0,0.0,0.5,8.0,0,0,4
76.5,54.0,54.0,4939.11,122.36333,60.0,327.66666,0.0,34.622055,364.14218,91.0,7.0,1.0,32.123604,0,0,4
262.0,80.0,80.0,662.0,92.0,60.0,306.42917,0.0,0.0,6994.4194,80.0,0.0,1.4285715,4.0,0,0,4
262.0,95.0,80.0,662.0,848.0,95.35074,264.83124,26.398653,0.0,82546.96,95.0,0.0,0.5,11.0,0,0,4
613.0,54.0,54.0,5005.7905,1292.0,80.0,259.66666,0.0,0.0,122953.02,92.0,0.0,1.0411438,259.42712,0,0,4
114.833336,89.0,81.0,757.0,95.0,60.0,299.18893,0.0,341.56094,7092.5024,86.0,0.0,1.2909852,219.57419,0,0,4
146.0,91.0,81.0,641.0,91.82191,114.88666,274.0,0.0,0.0,62.658634,91.0,0.0,1.9699365,21.498163,0,0,4
552.0,114.0,95.0,629.0,256.0,277.38513,258.4,0.0,0.0,8.09297,100.0,0.0,0.5714286,8.0,3,0,4
372.00668,54.0,54.0,698.0,95.0,262.0,258.4,0.0,0.0,10214.664,78.57143,0.0,1.0909091,4.0,0,0,4
610.0,80.75839,80.0,613.0,128.84282,591.0891,257.33334,0.0,122.51876,9382.721,81.55211,0.0,0.6666667,2.0,0,0,4
398.9348,86.0,80.0,597.0,95.0,114.0,225.33333,0.0,0.0,8539.119,86.0,0.0,0.5,4.0,0,0,4
262.0,54.0,54.0,1784.0,91.0,85.0,259.66666,0.0,457.65225,7040.24,80.0,0.0,0.5,3.0,3,0,4
611.0,54.0,54.0,2730.3367,256.0,63.30973,265.0,0.0,346.5674,8.211656,92.0,0.0,1.945324,66.64739,0,0,4
262.0,54.0,55.0,1784.0,111.0,114.0,258.4,0.0,0.0,40.796043,92.0,0.0,0.5,6.0,0,0,4
484.0,102.0,74.0,180.0,95.0,60.0,274.0,6.652061,0.0,136923.81,81.0,0.0,0.5,2.0,0,0,4
613.0,54.0,54.0,610.0,1501.3722,80.0,232.58662,0.0,0.0,18261.623,86.0,0.0,0.5714286,7.0,0,0,4
616.5705,54.0,60.0,612.0,95.0,611.0,259.66666,0.0,0.0,11897.045,93.0,0.0,0.5,2.0,0,0,4
262.0,54.0,54.0,613.0,95.0,60.0,299.86298,0.0,0.0,115385.91,91.0,17.0,1.2725285,3.0,0,0,4
618.18915,68.838455,78.0,629.0,91.409584,85.0,288.58084,0.0,1.6251346,8003.799,91.0,0.0,0.5,2.0,0,0,4
611.0,81.0,74.0,610.0,85.0,446.0,267.66666,0.0,0.0,116997.516,80.0,7.0,0.5,7.0,0,0,4
571.7692,79.0,73.0,613.0,86.0,60.0,281.0,3.7514744,0.0,37.923615,81.0,0.0,1.0,2.0,0,0,4
496.0361,86.0,86.0,610.2136,171.70593,87.87566,274.0,0.5,0.0,55267.082,89.60014,0.0,0.5,2.0,0,0,4
609.79407,54.0,60.0,662.0,256.0,567.0,267.66666,0.0,378.35428,16.54096,93.0,0.0,0.5,2.0,0,0,4
614.94977,54.0,54.0,742.72906,103.78279,487.79016,243.62566,0.0,0.0,128712.42,80.0,0.0,0.6,2.0,0,0,4
613.0,54.0,54.0,683.0,97.0,486.0,247.1907,0.0,0.0,5867.1494,86.0,0.0,1.0,2.0,0,0,4
617.0,54.0,54.0,662.0,90.0,610.7704,225.33333,0.0,0.0,4899.9336,86.0,0.0,0.8085639,2.0,0,0,4
480.04968,74.0,80.0,617.0,91.0,118.53965,267.66666,0.0,20.0,5773.5083,91.0,0.0,0.5,41.430756,0,0,4
589.0,54.0,54.0,629.0,90.0,490.29898,242.39651,0.0,0.0,181641.6,80.0,0.0,0.5,2.0,0,0,4
612.0,54.0,54.0,662.99493,201.53383,589.0,258.49097,0.0,0.0,129.17192,95.0,0.0,0.5,2.0,0,0,4
148.96779,95.0,180.60564,613.0,1262.0,79.71843,278.40942,0.0,0.0,190.74059,248.0,0.0,0.5,5.0,0,0,4
613.3978,54.0,54.0,1667.4607,91.0,91.08007,309.66666,0.0,0.0,5085.5957,91.0,0.0,0.5,2.0,0,0,4
613.0,54.0,54.0,5512.0,93.0,482.25186,224.33333,0.0,8.31386,1940.2086,91.209465,0.0,0.6666667,2.0,0,0,4
496.0,93.0,87.75871,524.0,254.90764,486.0,267.66666,0.0,0.0,4394.339,95.0,0.0,0.6666667,2.0,0,0,4
615.6946,54.0,54.0,629.27454,1502.722,60.0,265.0,18.834808,346.02573,5117.1133,86.0,0.0,0.5,2.0,0,0,4
613.0,93.0,74.0,498.0,256.0,613.0,219.33333,0.0,0.0,60.559437,90.0,0.0,0.85714287,2.0,0,0,4
610.0,91.0,92.0,629.0,151.21776,552.0,258.4,0.49587327,361.0,2434.8855,95.0,0.0,0.5,2.0,0,0,4
613.0,91.0,74.0,610.0,81.0,429.4383,260.08542,0.0,0.0,39796.42,80.0,0.0,0.97873384,4.0,0,0,4
613.0,74.0,68.12474,611.4899,92.0,60.0,223.7418,5.886243,0.0,17101.922,83.489334,0.0,0.5,8.0,0,0,4
589.0,55.0,55.0,662.0,256.0,85.0,267.66666,9.0,16.5,316.80286,92.0,0.0,1.25,2.0,0,0,4
487.05267,91.0,91.0,616.7013,1262.0,262.0,258.4,0.0,0.0,9305.005,93.0,0.0,0.5,5.0,0,0,4
611.753,54.0,55.0,698.0,95.0,60.0,274.0,26.870058,16.5,9.681539,89.01625,7.0,0.5,2.0,0,0,4
612.95087,96.52543,77.0,309.0,95.0,588.84906,258.23383,0.0,0.0,9049.941,95.0,0.0,0.6666667,2.0,0,0,4
617.0,86.0,81.0,632.9323,92.0,589.0,267.66666,0.0,0.0,113.51301,83.67735,0.0,0.7188953,2.0,0,0,4
262.0,78.0,78.0,597.0,706.49445,60.0,264.33334,0.0,0.0,17635.016,86.0,0.0,0.5,6.0,0,0,4
617.0,54.0,60.0,719.7803,1262.0,60.0,272.0,0.0,0.0,62.77418,91.0,0.0,0.5,2.0,3,0,4
118.51599,54.0,54.0,2139.0867,256.0,60.0,258.4,0.0,0.0,9059.72,92.0,0.0,0.5,7.0,0,0,4
590.8477,54.0,54.0,616.42596,91.0,60.0,271.6102,0.0,0.0,3965.8894,86.0,0.0,0.5,2.0,0,0,4
613.0,81.0,76.0,670.91986,100.0,587.8706,233.33333,0.0,0.0,7302.848,80.0,0.0,0.6,2.0,3,0,4
617.0,54.0,54.0,7563.2847,848.0,262.0,217.32013,0.0,0.0,6.128241,85.89138,0.0,0.5,2.0,0,0,4
611.0,76.04759,77.0,613.0,150.0,598.54614,257.33334,0.0,0.0,119313.21,95.0,0.0,0.5,2.0,0,0,4
567.0,54.0,60.0,757.0,247.78838,262.0,283.25793,0.0,0.0,67.65401,118.0,0.0,0.6666667,2.0,0,0,4
613.0,81.0,80.0,611.44324,150.0,589.0,259.0,0.0,7.0679,21120.322,102.0,0.0,0.75,2.0,0,0,4
613.0,54.0,54.0,734.0,91.38929,108.12595,265.0,0.0,506.90787,224.6195,89.0,0.0,0.5,2.0,0,0,4
486.0,86.0,77.0,610.0,95.0,85.0,258.4,0.32560676,0.0,46148.27,86.0,0.0,0.5,3.0,0,0,4
611.2457,54.0,54.0,589.0,1788.9703,60.0,258.4,0.0,0.0,6204.3076,91.0,0.0,0.6,2.0,0,0,4
597.0,54.0,55.0,1008.6998,92.0,262.0,281.0,0.0,0.0,5.4717894,91.0,0.0,1.1410677,2.0,0,0,4
610.0,54.0,54.0,610.0,848.0,114.0,309.66666,0.0,0.0,9.2260685,93.0,0.0,1.0909091,2.0,0,0,4
581.0,54.0,54.0,7448.891,1300.7406,395.22205,265.0,0.0,0.0,6651.4126,90.97881,0.0,0.6666667,7.0,0,0,4
552.0,91.0,80.940796,611.0,92.0,262.0,243.0,18.834808,40.793255,225.08138,91.0,0.0,0.5,7.0,0,0,4
597.0,91.0,76.0,545.3752,95.0,90.0,259.66666,0.0,0.0,26854.148,95.0,10.0,0.5,2.0,0,0,4
567.0,74.0,60.0,641.0,848.0,60.0,258.4,18.834808,336.6258,237.89038,101.78172,0.0,0.5,2.0,0,0,4
617.0,55.0,55.0,629.0,91.0,60.0,258.4,0.0,0.0,4103.15,88.29353,0.0,0.6666667,2.0,0,0,4
612.0,54.0,54.0,5007.641,256.0,147.89766,247.15163,0.0,0.0,62.71707,102.0,0.0,0.6666667,5.0,3,0,4
149.53838,54.0,54.0,666.4874,100.0,63.0,264.9337,0.0,0.0,4956.015,86.0,0.0,1.2904965,4.781527,0,0,4
597.0,86.0,86.0,644.0,147.6648,63.0,265.0,26.870058,16.5,62.83066,86.0,0.0,1.1812724,2.0,0,0,4
592.0864,102.0,81.0,477.03268,93.0,114.0,298.62424,0.0,0.0,20510.705,91.0,0.0,0.98693466,2.0,0,0,4
60.0,54.0,54.0,1691.6486,93.0,60.0,274.0,1.1880567,0.0,3969.2112,91.15339,0.0,0.5,71.51361,0,0,4
494.48077,95.0,91.0,570.1653,95.0,60.0,264.1384,0.0,36.398182,62.715878,95.0,12.76901,0.5,2.0,0,0,4
613.0,86.0,82.49622,641.0,95.0,611.0,214.23628,0.0,0.0,3908.4617,91.0,0.0,0.5,2.0,0,0,4
604.2221,74.0,74.0,620.3247,92.0,95.08542,265.0,0.0,0.0,4023.2434,90.0,0.0,0.5,2.0,0,0,4
572.4229,54.0,54.0,1784.0,92.0,262.0,264.1873,0.0,0.0,4405.5483,91.0,0.0,0.5,5.0,0,0,4
595.24493,91.0,91.0,656.85455,848.0,589.0,259.66666,0.0,0.0,6284.547,93.0,0.0,0.5,2.0,0,0,4
612.0,55.0,60.0,629.0,92.63499,146.0,258.25226,0.0,20.0,23267.906,91.0,0.0,0.5,2.0,0,0,4
618.23456,54.0,54.0,644.0,90.0,614.7299,258.4,0.0,0.0,7.875854,86.48111,0.0,1.068282,2.0,0,0,4
262.0,54.0,55.0,662.1223,841.9776,76.5,225.33333,0.0,1.8027018,5971.026,93.0,13.0,0.5,6.0,0,0,4
555.6327,86.0,93.0,494.0,150.0,486.0,254.82654,0.0,0.0,7.362469,102.0,0.0,0.6666667,2.0,0,0,4
563.8099,80.0,81.0,612.0,91.0,60.0,259.0,0.0,0.0,49.245502,91.0,0.0,1.4207925,2.0,0,0,4
567.0,76.0,76.0,617.0,90.99538,552.0,242.59222,0.0,0.0,62.818573,86.857834,1.7511685,0.5,2.0,0,0,4
398.89725,95.0,91.0,482.73138,256.0,90.0,258.4,21.279482,76.36969,1546.853,93.0,0.0,0.5,3.0,0,0,4
628.6124,54.0,54.0,1772.525,91.0,564.4764,225.33333,0.0,0.0,6290.0303,90.0,0.0,0.5,2.0,0,0,4
629.0,91.0,95.0,611.7082,146.0,262.0,258.4,21.127552,29.616297,432.38687,95.0,0.0,0.5,2.0,0,0,4
613.0,91.0,88.0,483.72186,256.0,580.66486,258.4,1.6921148,0.0,6288.436,92.0,0.0,0.5,2.0,0,0,4
610.0,95.0,86.13148,524.0,223.59035,54.0,213.54907,0.0,0.0,43.98876,93.0,0.0,1.3080225,58.20047,0,0,4
613.0,74.0,76.0,616.693,89.86867,526.00476,258.4,0.0,0.0,5905.949,86.0,0.0,0.5,2.0,0,0,4
114.89403,54.0,54.0,1784.0,100.0,60.0,357.77277,0.0,0.0,4204.348,92.0,0.0,0.5714286,14.003537,0,0,4
498.16684,80.0,81.0,567.0,256.0,60.0,346.16098,0.0,0.0,9.630438,91.0,0.0,0.5,5.0,0,0,4
114.833336,91.0,89.0,567.0,284.27567,60.0,243.5288,0.0,0.0,50.989483,252.88107,0.0,0.6666667,5.0,0,0,4
101.908875,54.0,54.0,757.0,92.0,60.0,298.20157,0.0,0.0,5089.63,90.0,0.0,1.3191161,36.481026,0,0,4
235.39157,81.0,80.0,629.0,256.0,60.0,264.33334,0.0,0.0,144804.03,86.311356,0.0,0.5,4.0,0,0,4
617.0,54.0,54.0,783.8738,138.20824,489.21805,245.66667,0.0,494.09488,225.10583,86.0,0.0,0.5,2.0,0,0,4
262.0,54.0,54.0,662.61597,163.83339,60.0,264.0,25.975302,0.0,121938.414,95.0,0.0,0.5,7.0,0,0,4
404.14243,81.160805,80.0,629.0,91.0,60.0,267.66666,0.0,0.0,7081.824,90.0,0.0,0.5,3.0,0,0,4
60.0,93.0,80.0,524.0,91.0,60.0,257.33334,0.0,0.0,20973.148,90.822334,15.0,0.5,7.0,0,0,4
87.0054,54.0,54.0,1678.9359,93.0,60.0,264.0,0.0,0.0,7321.1465,83.0,0.0,0.75,159.58873,0,0,4
573.98364,78.0,80.0,617.0,102.0,486.0,258.4,0.0,0.0,82741.65,86.0,11.0,0.5,2.0,0,0,4
569.46747,95.0,86.0,662.0,810.9733,166.0,245.66667,0.0,0.0,25.454512,255.56209,0.0,0.5,2.0,3,0,4
571.7692,54.0,54.0,795.0,1321.454,60.0,265.0,0.0,0.0,4701.491,90.24361,0.0,0.5,3.0,3,0,4
252.1237,78.0,76.43384,662.0,121.34581,80.0,261.82657,0.0,0.0,62.74957,110.0,0.0,0.5,9.096792,0,0,4
610.6058,91.0,86.0,509.43222,95.0,582.85583,258.4,0.0,0.0,7267.802,91.0,0.0,1.0,2.0,0,0,4
324.5188,114.0,86.0,629.0,92.0,78.37219,259.66666,0.0,0.0,46513.266,91.0,7.0,0.5,7.0,0,0,4
611.0,54.0,60.0,2170.5354,150.0,486.0,219.33333,0.0,0.0,6416.038,90.0,0.0,0.5,3.0,0,0,4
614.0,54.0,60.0,613.0,93.0,60.0,264.0,0.0,0.0,8.028355,92.0,14.0,0.5,2.0,0,0,4
495.20966,82.0,82.38998,490.22726,91.0,85.0,245.66667,0.0,0.0,5775.503,91.0,0.0,0.5,2.0,0,0,4
473.9382,91.0,74.00208,523.99115,93.0,60.0,256.33334,0.0,0.0,4788.808,91.0,0.0,0.5,2.0,0,0,4
612.5299,60.0,55.0,641.0,83.0,89.0,240.94467,0.0,0.0,122689.7,68.75988,0.0,0.5,2.0,0,0,4
613.0,54.0,54.0,2256.3115,435.63675,510.43723,229.33333,0.0,0.0,8.072443,86.0,0.0,0.13969822,2.0,0,0,4
613.0,90.0,83.58098,610.7334,86.50714,610.0,225.33333,84.26129,16.5,5385.686,86.0,0.0,0.9942634,2.0,0,0,4
559.9479,93.0,80.0,494.0,205.91959,60.0,257.33334,0.0,0.0,62.634197,88.0,0.0,0.16602936,2.0,3,0,4
613.0,86.0,86.0,617.0,848.0,611.0,258.57144,0.0,0.0,11.704168,256.0,0.0,0.5,2.0,0,0,4
89.0,54.0,54.0,1524.215,103.00133,80.0,258.4,0.0,0.0,5971.3154,91.0,0.0,0.75,7.0,0,0,4
613.0,54.0,54.0,612.0,150.0,60.0,259.66666,0.0,0.0,21225.979,86.0,0.0,0.5,2.0,0,0,4
90.0,54.0,54.0,662.0,93.0,76.5,263.90497,0.3978394,0.0,6131.867,81.9867,0.0,0.5,9.0,0,0,4
480.20868,54.0,54.0,630.77997,91.0,60.0,319.69284,0.0,0.0,4640.348,88.35971,0.0,0.5,3.0,3,0,4
613.0,81.0,90.0,524.0,241.1627,567.0,258.20923,0.0,0.0,8.039068,91.0,0.0,0.5,3.0,0,0,4
313.30612,54.0,54.0,739.80334,111.0,262.0,267.66666,0.0,0.0,4600.0054,88.64441,0.0,0.5,4.0,0,0,4
611.0,60.0,55.0,1784.0,1262.0,589.0,265.0,0.0,0.0,5121.404,86.0,0.0,0.5,2.0,3,0,4
480.0,78.0,77.0,698.0,256.0,464.47058,258.4,0.0,0.0,4369.9893,92.0,0.0,0.5,3.0,0,0,4
610.0,54.0,54.0,662.0,95.0,494.0,252.28955,0.0,0.0,62.787464,92.0,0.0,0.5,2.0,0,0,4
613.0,54.0,54.0,1734.1594,95.0,60.0,295.2997,0.0,0.0,7.2240057,93.0,0.0,0.5,2.0,0,0,4
611.873,54.0,54.0,629.0,93.0,611.332,264.0,0.0,0.0,4962.609,91.0,18.186926,1.1448629,2.0,0,0,4
610.0,54.0,55.0,641.0,102.81836,309.0,281.0,0.0,0.0,4931.731,86.0,0.0,0.5,2.0,0,0,4
613.0,93.0,81.0,603.142,260.60736,73.8473,259.57703,0.0,0.0,7.8765087,91.0,0.0,0.91556567,9.0,0,0,4
571.70544,54.0,55.0,626.1409,1262.0,60.0,274.0,4.0118113,0.0,5492.524,91.0,0.0,0.5,2.0,0,0,4
480.0,88.0,90.0,641.0,256.0,311.27615,257.68405,0.0,283.17654,62.73626,256.0,0.0,0.5,6.0,0,0,4
567.0,54.0,54.0,1784.0,95.0,262.0,225.33333,0.0,0.0,4736.2334,91.0,0.0,0.6666667,7.0,0,0,4
262.0,86.0,84.56762,617.0,848.0,60.0,258.4,0.0,0.0,5692.963,85.0,0.0,0.5,5.2026734,3,0,4
81.75123,80.0,81.0,552.0,90.0,60.0,281.0,0.0,0.0,5385.8477,86.0,0.0,0.5,5.0,0,0,4
610.0,55.0,55.0,752.96814,256.0,60.0,299.05124,26.633059,0.0,62.752594,91.0,0.0,0.5,2.0,0,0,4
629.0,74.0,64.93871,614.0,90.21697,60.0,303.89597,0.0,0.0,717.68555,86.0,0.0,0.5,2.0,0,0,4
390.14188,54.0,55.0,757.0,93.0,262.0,258.4,1.9666667,0.0,56.88067,91.0,0.0,0.9827851,5.0,0,0,4
613.34314,85.908035,80.0,567.0,967.56775,585.16864,254.02124,0.0,352.14233,32.91045,182.38943,0.0,0.6666667,2.0,0,0,4
589.0,54.0,54.0,641.0,93.0,60.0,265.0,5.623238,0.0,1701.706,91.0,0.0,0.5,2.0,0,0,4
589.0,54.0,54.0,613.0,1268.7233,60.0,290.45117,0.0,0.0,46309.074,90.844635,0.0,0.39683375,2.0,0,0,4
446.0,54.0,54.0,742.55194,104.0,60.0,321.50204,0.0,190.57939,1443.027,91.0,16.0,0.5,3.0,0,0,4
552.0,54.0,54.0,908.8789,92.0,114.833336,256.33334,0.0,19.538996,1702.2568,90.0,0.0,1.4285715,58.75311,0,0,4
613.0,54.0,54.0,717.67694,91.0,211.8314,252.66667,0.0,0.0,2589.6877,86.0,0.0,0.5,7.0,3,0,4
567.0,54.0,54.262222,567.0,150.0,60.0,265.0,280.11404,20.0,5141.3906,86.0,0.0,0.5,2.0,0,0,4
611.1112,95.0,60.0,244.49194,256.0,60.0,245.66667,0.0,1.6015073,7906.569,93.0,0.0,0.5,15.425957,0,0,4
572.61957,86.0,86.0,612.3393,91.0,92.59106,274.081,0.0,0.0,129733.62,90.50366,0.0,0.85714287,2.0,0,0,4
611.61035,81.0,74.0,629.0,91.0,611.0,243.0,0.0,4.571169,8.04797,78.0,0.0,0.5,2.0,0,0,4
610.0,86.0,86.0,613.0,97.0,60.0,274.0,0.0,0.0,42749.355,93.0,0.0,1.3153999,2.0,0,0,4
614.31915,91.0,93.282745,493.13245,210.30936,60.0,354.79834,0.0,0.0,8.085346,146.0,0.0,0.5,2.0,0,0,4
472.0286,86.03441,85.00432,459.0,91.0,90.0,268.65527,0.0,0.0,22739.414,86.0,0.0,0.5,3.0,0,0,4
612.0,74.0,74.0,614.6678,86.0,391.7303,136.51312,0.0,0.0,39.91272,86.0,0.0,0.5,5.0,0,0,4
610.0,77.0,74.0,885.0569,970.2856,491.5799,267.66666,0.0,0.0,32.726803,92.0,0.0,0.75,2.0,0,0,4
610.0,54.0,54.0,757.0,93.0,262.0,267.66666,0.0,366.68256,5385.914,86.0,0.0,1.0974824,6.0,0,0,4
555.7184,95.0,80.0,459.0,256.0,552.0,183.781,0.0,0.0,5.770687,90.08627,53.002655,1.3157895,2.0,0,0,4
497.53748,82.0,81.0,613.0,95.0,60.0,272.0,0.0,0.0,21194.447,81.0,0.0,0.5,3.0,0,0,4
114.92878,80.0,73.52836,662.0,149.85762,54.0,335.563,0.0,0.0,148505.38,97.0,0.0,0.5,44.688473,0,0,4
502.9078,93.0,95.0,629.0,256.27823,60.0,259.5532,0.0,0.0,61.90772,256.0,0.0,0.5,4.0,0,0,4
114.0,91.0,78.57143,524.0,93.0,80.0,267.66666,0.0,0.0,7331.2046,91.0,0.0,0.6666667,6.0,0,0,4
494.0,91.0,90.0,618.13385,824.5729,60.0,322.0537,0.0,19.590864,4458.709,91.333336,0.0,0.5,3.0,0,0,4
545.6574,90.0,91.0,629.0,95.0,222.66069,308.251,0.0,0.0,7.9366603,91.83677,0.0,0.6666667,2.0,0,0,4
477.0,54.0,54.0,614.0,95.0,114.833855,258.4,0.0,0.0,3682.8113,91.0,0.0,0.5,8.0,0,0,4
613.0,95.0,91.0,617.0,95.0,613.0,225.33333,0.0,0.0,6269.0415,95.0,0.0,0.5,2.0,0,0,4
613.0,93.0,91.0,612.4088,93.0,60.0,259.66666,31.657217,528.8215,62.763382,92.0,0.0,0.6666667,2.0,0,0,4
503.0,54.0,55.0,785.0236,91.0,468.04584,219.45555,0.0,0.0,83977.984,86.0,0.0,0.75,2.0,0,0,4
611.0,55.0,60.0,613.0,92.0,483.0,213.33333,0.0,0.0,5335.7456,90.0,0.0,0.5,2.0,3,0,4
488.57904,54.0,54.0,612.0357,100.04912,266.26343,265.0,0.0,0.0,7093.3604,84.50194,0.0,0.6666667,2.0,0,0,4
262.0,86.0,80.45866,613.0,92.0,262.0,265.0,0.0,0.0,62.654358,86.0,0.0,1.4865358,11.779347,0,0,4
613.0,74.0,80.0,613.0,149.0896,581.0,258.4,0.0,0.0,163.58185,89.0,0.0,0.90117025,2.0,0,0,4
64.69417,54.0,54.0,5737.5073,111.0,60.0,327.66666,0.0,0.0,122488.28,95.0,13.0,0.5,8.0,0,0,4
610.0,90.0,80.0,662.0,91.0,477.0,274.0,0.0,0.0,6479.5767,82.0,0.0,0.5,4.0,0,0,4
613.0,60.0,55.0,662.0,91.0,607.5171,238.7024,0.0,0.0,7596.116,80.0,0.0,1.3157895,2.0,3,0,4
552.0,74.0,55.0,663.0,92.0,60.0,264.25586,26.870058,16.5,4104.7544,90.0,0.0,0.5,2.0,0,0,4
615.39716,90.0,86.0,524.0,91.0,85.0,286.31073,0.0,191.71301,366.77292,91.0,0.0,0.5,2.0,0,0,4
594.2704,54.0,54.0,1819.6079,95.0,90.0,254.78671,0.0,1.3667767,5704.092,91.0,0.0,0.5,2.0,0,0,4
396.51727,54.0,55.0,636.54553,1262.0,92.0,265.0,0.0,0.0,9.6380415,86.34759,0.0,0.6,4.0,0,0,4
552.0,82.0,80.0,639.46155,292.4295,60.0,308.20844,0.0,1.6640724,2304.7773,91.0,0.0,0.5,2.0,0,0,4
90.0,80.0,80.0,641.0,91.0,60.0,265.0,84.62702,0.0,44.126625,86.0,16.314667,0.5,10.854405,0,0,4
611.0,81.0,80.0,629.0,92.0,610.0,259.66013,0.0,0.0,3688.305,89.0,0.0,0.5,2.0,0,0,4
149.03459,54.0,60.0,613.0,1223.3823,60.0,276.61334,0.0,406.87796,7.9175434,115.30519,0.0,0.5,10.0,0,0,4
552.0,54.0,54.0,662.0,93.0,60.0,259.1655,0.0,0.0,1707.635,86.0,0.0,0.5,2.0,3,0,4
611.0,80.0,74.0,619.8057,91.0,575.29156,213.17667,0.0,0.0,72722.94,86.0,11.0,0.5,2.0,0,0,4
477.0,54.0,54.0,633.3863,91.0,262.0,256.33334,0.0,503.1744,8048.119,90.0,0.0,0.5,3.0,3,0,4
496.0,54.0,55.0,811.0,848.0,446.0,274.0,0.0,0.0,2277.2642,91.0,20.0,0.6666667,3.0,0,0,4
586.2696,81.0,78.0,662.9332,91.0,503.0,265.0,0.0,33.838905,1497.5972,91.0,15.0,0.5,4.0,0,0,4
612.0,86.0,80.0,698.0,92.0,60.0,281.0,0.0,0.0,29005.62,91.0,0.0,0.6666667,2.0,0,0,4
76.5,91.912315,80.0,662.0,93.0,60.0,262.84848,0.0,0.0,9623.033,91.0,0.0,0.5,18.0,0,0,4
486.17163,95.0,91.0,478.91748,848.0,262.0,298.7435,0.0,0.0,4.552643,91.14154,0.0,0.5714286,2.0,3,0,4
611.0,86.0,86.0,493.0,848.0,60.0,313.82834,0.0,509.92038,8152.604,95.0,0.0,1.0,2.0,0,0,4
614.15796,90.41818,91.0,589.0,256.0,60.0,264.0,0.0,0.0,2577.4387,146.0,0.0,0.75,2.0,0,0,4
80.0,80.0,80.0,663.0,256.0,60.0,258.4,21.279482,0.0,7.787282,88.38062,11.0,1.3087149,5.0,0,0,4
581.0,91.0,91.0,641.0,277.4704,389.43155,265.0,0.0,347.9035,1312.9945,93.0,0.0,0.5,3.0,0,0,4
581.0,54.0,54.0,5418.5273,92.0,567.0,258.4,0.0,0.0,2591.0735,91.0,34.151123,0.5,2.0,0,0,4
503.29483,54.0,54.0,1553.1317,180.85547,60.0,287.99945,0.0,0.0,7.8538427,95.0,0.0,0.7851267,2.0,0,0,4
610.98096,90.0,91.0,523.0,93.0,60.0,217.45392,0.0,0.0,4514.959,91.0,0.0,0.75,20.606577,0,0,4
613.0,79.0,78.0,613.0,91.0,60.0,243.50899,0.0,1.6244657,1694.0082,86.0,0.0,2.0658634,73.249344,0,0,4
616.53186,60.0,78.0,613.0,93.0,80.0,223.66667,0.0,0.0,18352.717,88.0,0.0,1.1663043,170.60222,0,0,4
485.5982,82.0,90.0,641.0,111.41403,60.0,309.66666,5.4151845,0.0,8.044034,92.37271,0.0,0.5,6.0,0,0,4
611.63116,93.0,88.0,613.0,136.28406,262.0,258.4,0.0,16.5,32.911175,95.0,0.0,0.6833628,3.0,0,0,4
566.6819,54.0,54.0,1784.095,111.0,89.3942,265.0,0.0,0.0,7037.5005,87.987946,2.0,0.5,2.0,0,0,4
262.0,74.0,67.58196,612.0,91.333336,80.0,265.0,0.0,0.0,2568.7822,90.0,0.0,0.5,5.0,0,0,4
441.11734,54.0,54.0,7929.5864,248.0,85.0,259.66666,0.0,0.0,5771.866,91.0,0.0,0.6666667,3.0,0,0,4
473.68732,78.0,80.0,615.60767,91.31633,60.0,320.18008,0.0,0.0,32.76985,80.0,0.0,0.5,5.0,0,0,4
611.0252,54.0,54.0,7443.5137,967.72534,76.5,259.0,0.0,0.0,8295.943,93.0,0.0,0.5,7.0,0,0,4
617.0,54.0,54.0,662.0,92.0,612.0,239.33333,0.0,0.0,5415.6284,89.0,0.0,0.5,2.0,0,0,4
590.9404,73.79208,73.76706,748.8022,777.7147,89.0,258.4,0.0,368.47202,14810.257,82.80036,0.0,0.5,2.0,0,0,4
530.6762,54.0,54.0,4942.238,92.0,309.0,274.0,0.0,528.6027,12.131973,86.0,0.0,0.5,2.0,0,0,4
572.2269,54.0,54.0,883.0734,97.0,89.510994,259.5549,0.0,0.0,6369.9424,91.0,0.0,0.6639608,2.0,3,0,4
483.96512,60.0,60.0,630.30115,95.0,398.92075,265.0,0.0,0.0,24706.43,86.0,0.0,0.5,5.0,0,0,4
612.395,91.0,91.0,617.0,256.0,90.0,258.4,0.0,0.0,5428.7725,91.0,0.0,0.5,2.0,0,0,4
615.2386,54.0,60.0,629.0,95.0,567.0,259.0,0.0,7.638191,314.5635,88.13495,0.0,0.5,2.0,0,0,4
611.0,77.443726,76.0,629.0,256.0,522.0098,254.4301,1.8543074,0.0,2484.9392,91.0,0.0,1.0,2.0,0,0,4
465.34897,92.83719,80.0,494.0,91.0,94.0,278.34125,0.0,16.5,5490.886,90.29416,0.0,0.5714286,3.0,0,0,4
278.8998,86.0,81.0,757.0,92.0,60.0,378.40182,0.0,0.0,7572.295,91.0,0.0,1.0,4.0,0,0,4
614.0,54.0,54.0,2102.3997,1262.0,613.0,258.4,0.0,0.0,2820.8538,91.0,15.38096,0.5,2.0,0,0,4
494.0,95.0,81.0,495.34128,102.0,80.0,264.02264,0.0,0.0,6302.9453,93.0,0.0,0.5,6.0,0,0,4
496.0,86.0,80.0,610.0,87.90884,60.0,265.0,0.0,0.0,60.498486,86.0,0.0,0.5,6.0,0,0,4
571.7692,54.0,69.07668,750.03925,968.7086,114.0,274.0,1.6989306,0.0,5909.309,92.51936,0.0,0.5,2.0,0,0,4
446.0,178.18596,79.0,666.24603,95.0,54.0,264.7311,0.0,0.0,18123.531,86.0,0.0,0.6666667,2.0,0,0,4
552.0,74.0,74.31781,811.0,94.11709,91.34357,258.4,0.0,0.0,12.495765,91.0,0.0,0.5,2.0,0,0,4
494.0,95.0,80.0,459.0,256.0,89.0,304.5406,0.0,0.0,27.35835,92.0,0.0,0.6666667,2.0,0,0,4
613.0,54.0,54.0,617.0,256.0,94.0,229.06537,0.0,0.0,5.8755665,87.66978,0.0,0.6666667,2.0,0,0,4
611.4422,86.0,82.0,524.0,93.0,610.0,266.00644,0.0,402.3098,32.904724,86.0,3.1785169,0.5,2.0,0,0,4
613.0,95.0,86.0,611.0,146.0,613.0,214.28647,0.0,0.0,5844.2803,93.0,0.0,0.6666667,2.0,0,0,4
587.9987,86.0,83.271416,785.47565,95.0,60.0,265.0,0.0,1.6262622,21541.38,86.0,0.0,0.5,2.0,0,0,4
610.0,95.0,86.0,641.0,196.8466,60.0,301.88776,1.970352,0.0,32.91196,86.0,0.0,0.5,2.0,0,0,4
495.37158,54.0,54.0,662.0,848.0,76.5,233.92316,0.0,268.56702,30.723278,256.0,0.0,0.5,7.0,0,0,4
446.0,114.0,79.33258,483.39087,527.3513,54.0,267.66666,0.0,0.0,6.2520843,95.0,0.0,0.5,3.0,0,0,4
585.2348,91.0,90.0,490.2353,91.0,54.0,362.42303,0.0,0.0,4173.027,91.0,0.0,0.5,5.0,3,0,4
563.9941,54.0,54.0,2710.6138,974.04236,60.0,283.33334,0.0,0.0,5952.641,91.0,15.609601,0.5,2.0,0,0,4
383.60184,91.0,82.65704,480.0,93.0,107.82941,240.0289,0.0,0.0,92.457054,91.537,0.0,0.5,6.0,0,0,4
502.54437,54.0,54.0,614.0,848.0,60.0,283.33334,0.0,0.0,14517.0625,92.0,0.0,0.75,2.0,3,0,4
609.90826,78.0,77.0,795.0,91.0,85.0,316.8641,0.0,0.0,7087.577,91.0,0.0,0.5,2.0,0,0,4
613.0,54.0,54.0,612.0,848.0,262.0,265.52832,0.49371642,0.0,19032.414,95.0,0.0,0.5,2.0,0,0,4
571.72943,93.0,88.90475,554.5545,111.0,60.0,259.66666,0.0,0.0,4514.2446,91.0,0.0,0.5,2.0,3,0,4
629.0,54.0,54.0,5414.7573,968.0,60.0,245.66667,0.0,0.0,11300.874,79.0575,0.0,0.5,2.0,0,0,4
494.0,91.0,82.0,567.0,256.0,60.0,266.66666,0.0,0.0,313.65967,91.0,0.0,0.98493785,5.0,0,0,4
581.0,114.0,93.0,641.0,971.1516,85.0,245.66667,0.0,0.0,6829.063,255.48358,0.0,0.5,2.0,0,0,4
527.96814,54.0,54.0,701.1732,134.55421,60.0,271.4118,4.0336056,0.0,152535.92,111.0,0.0,0.5,2.0,0,0,4
496.2104,86.0,80.0,589.0,213.91496,262.0,267.66666,1.9710433,0.0,135.53064,91.0,17.0,0.5,3.0,0,0,4
494.0,80.0,76.0,662.0,91.0,60.0,272.0,0.0,0.0,5903.9487,90.0,0.0,0.5,3.0,0,0,4
612.0,60.0,74.0,613.0,967.5034,95.6459,259.0,0.0,82.25729,4284.2925,91.0,0.0,0.9116629,2.0,0,0,4
521.92163,78.0,80.0,662.0,95.0,90.93983,288.9666,0.0,0.0,6829.309,80.0,0.0,0.8,2.0,0,0,4
146.0,91.0,86.0,524.0,91.0,73.88221,256.33334,19.219652,30.250015,62.69199,91.0,0.0,1.1529775,11.0,0,0,4
591.1721,54.0,54.0,6059.517,848.0,523.0,225.33333,0.0,20.0,57.25264,214.36497,0.0,0.5,2.0,0,0,4
578.81934,54.0,54.0,613.0,95.0,552.0,259.0,0.0,0.0,5931.7866,93.0,0.0,0.6666667,2.0,3,0,4
588.8838,54.0,54.0,757.0,1777.2354,486.0,264.0,0.0,0.0,7315.2896,80.0,0.0,0.6666667,2.0,0,0,4
613.0679,83.0,86.0,524.0,256.0,563.54846,258.4064,0.0,0.0,322.95105,150.27101,0.0,0.68388486,2.0,0,0,4
501.29758,54.0,54.0,909.5208,95.0,486.0,258.4,0.0,0.0,1335.7137,91.0,0.0,1.0,2.0,0,0,4
262.0,54.0,54.0,2227.2637,260.84906,60.0,267.26834,108.22999,0.0,9.698585,95.0,0.0,0.5,4.0,0,0,4
644.0,54.0,54.0,1658.5349,150.0,61.171654,263.2181,0.0,0.0,137.02878,93.89753,0.0,0.6666667,2.0,0,0,4
153.83633,54.0,55.0,953.63367,91.0,60.0,259.0,0.0,0.0,175858.17,80.0,1.0,0.5,6.0,0,0,4
496.6342,60.0,60.0,629.0,102.0,114.0,255.24348,0.0,0.0,135044.7,86.0,0.0,0.5,2.0,0,0,4
612.0,93.0,91.0,459.0,93.0,522.7822,244.15445,0.0,0.0,5781.576,93.0,0.0,0.5,2.0,0,0,4
375.6162,54.0,55.0,698.0,93.0,85.0,258.5605,0.0,0.9561103,7609.65,79.0,0.0,0.7571883,5.0,0,0,4
589.0,54.0,55.0,757.0,91.0,115.666756,220.5389,0.0,0.0,26515.521,80.0,0.0,0.5,7.0,0,0,4
581.0,54.0,54.0,613.0,100.13474,60.0,275.0682,0.0,20.0,36.553143,85.769005,0.0,1.0,2.0,0,0,4
611.0,54.0,54.0,7605.591,97.0,60.0,258.4,21.220737,0.0,3402.4011,91.333336,3.0,0.6666667,7.0,3,0,4
616.0,54.0,55.0,613.0,970.76685,612.0,258.99738,1.9943074,0.0,2570.038,91.0,0.0,0.5,2.0,0,0,4
571.07697,73.99295,60.0,723.3145,1262.0,262.0,259.0,0.0,0.0,5201.7715,91.0,0.0,0.6666667,2.0,0,0,4
561.90625,77.0,80.0,613.6969,91.0,480.0,136.84196,0.0,0.0,19644.271,86.0,0.0,0.5,4.0,0,0,4
262.0,54.0,54.0,1784.0,91.0,60.0,243.61674,5.5868464,69.427734,385.34494,81.0,0.0,0.75,3.0,3,0,4
610.0,54.0,54.0,1550.0574,1262.0,391.97742,254.37878,0.0,0.0,4899.8267,92.0,0.0,0.5,3.0,3,0,4
262.0,54.0,60.0,786.0,256.0,60.0,274.0,0.0,395.04575,62.84341,92.0,0.0,1.5288233,4.0,0,0,4
497.29358,54.0,54.0,614.1323,118.0,60.0,265.0,0.0,0.0,9.641809,90.14923,0.0,0.5,2.0,0,0,4
614.0,54.0,55.0,1841.898,95.0,613.0,258.1198,0.0,0.0,413.66446,88.0,0.0,0.5714286,2.0,2,0,4
190.70256,55.0,60.0,644.0,256.0,114.0,258.4,0.0,488.88727,9.64699,91.0,0.0,0.6666667,13.718227,0,0,4
581.0,54.0,54.0,613.0,95.0,80.0,267.66666,0.0,19.82898,7085.595,95.0,0.0,0.5,11.330025,0,0,4
613.0,54.0,54.0,611.0,114.94744,60.0,281.0,0.0,0.0,126.785835,111.0,0.0,0.5,2.0,0,0,4
523.0,87.98113,55.0,180.0,146.0,195.05138,93.0,0.0,0.0,6832.3154,86.0,0.0,0.5,5.0,0,0,4
610.0,54.0,54.0,611.3649,970.9478,60.0,258.4,7.101692,20.0,7.1792555,90.0,22.249556,0.75,2.0,0,0,4
613.0,60.0,54.0,613.0,150.0,588.5637,259.0,0.0,0.0,18723.588,88.37978,0.0,0.6666667,2.0,0,0,4
597.0,79.0,76.0,617.0,256.0,123.13641,243.51021,0.0,0.0,6939.6455,80.0,0.0,2.0518396,6.0,0,0,4
612.0,54.0,54.0,1784.0,1262.0,599.5415,258.4,0.0,0.0,46498.527,79.8,0.0,0.8,2.0,0,0,4
552.0,54.0,60.0,1498.1677,111.0,114.83344,225.33333,0.0,0.0,7179.3364,93.0,0.0,1.724933,7.6456203,0,0,4
493.98343,54.0,55.0,855.13995,170.6877,54.0,364.36127,21.06561,0.0,9.66025,104.0,0.0,1.1463097,3.0,0,0,4
62.06378,54.0,54.0,1784.0,91.0,60.0,266.66666,26.468328,0.0,6231.11,91.0,10.0,1.9407666,89.673676,0,0,4
617.0,54.0,54.0,6776.0537,848.0,85.0,308.21768,0.0,0.0,5.5851593,90.78132,0.0,1.25,2.0,0,0,4
611.75104,81.163826,81.0,580.9325,95.0,535.07715,208.33333,0.0,0.0,6848.5576,81.9876,0.0,0.5,2.0,0,0,4
567.0,54.0,60.0,1502.8198,324.63107,60.0,281.0,0.0,0.0,5964.041,94.8794,13.0,0.5,2.0,3,0,4
613.0,54.0,60.0,664.11127,97.0,90.0,245.66667,0.0,0.0,7993.8716,77.0,0.0,1.25,2.0,0,0,4
612.0,54.0,54.0,632.985,91.0,294.7868,258.4,0.0,0.0,82654.3,86.0,5.0,1.3376201,5.0,0,0,4
589.5303,94.65072,91.0,479.9395,114.0,490.91666,243.0,0.0,48.48999,9.6702,91.0,0.0,1.237292,2.0,0,0,4
493.57462,90.0,86.0,610.0,148.83064,153.53499,263.8275,0.0,0.0,60.389614,86.133316,0.0,0.5,5.0,0,0,4
282.9168,54.0,74.0,629.0,97.0,60.0,335.7608,0.0,0.0,6931.859,95.0,0.0,1.4430006,6.0,3,0,4
613.0,54.0,54.0,10874.253,1262.0,60.0,275.99472,288.05676,0.0,5.3225603,256.0,0.0,1.0,2.0,0,0,4
521.91766,55.0,54.0,823.36,974.4834,496.0,265.0,0.0,0.0,22982.344,98.44956,17.0,1.574954,2.0,0,0,4
580.4026,90.17158,86.0,613.0,90.23234,60.0,218.20483,0.0,0.0,3817.6438,86.0,0.0,0.75,7.3479176,0,0,4
610.0,93.0,83.0,567.0,256.0,60.0,243.63216,2.8149948,0.0,37753.984,146.0,0.0,0.5,14.0,0,0,4
146.0,54.0,54.0,630.8346,1233.1445,74.0,258.69626,0.0,0.0,19.75315,91.0,0.0,1.0,18.15525,0,0,4
611.8129,82.0,76.0,557.84033,86.0,611.0,258.4,0.0,0.0,17913.045,82.0,0.0,0.5,2.0,0,0,4
398.902,114.0,91.0,262.0,97.0,262.0,260.2021,0.0,16.5,7628.459,91.0,0.0,0.5,3.0,3,0,4
477.0,256.0,80.0,524.0,147.78453,60.0,267.66666,21.279482,511.17075,1492.2649,91.0,0.0,0.5,2.0,0,0,4
611.2896,92.27636,86.0,613.0,147.70854,114.0,221.2233,0.0,0.0,32.848392,91.0,0.0,1.0,2.0,0,0,4
590.70667,91.0,81.0,613.0,256.0,60.0,376.5418,0.0,0.0,62.805637,91.0,0.0,0.5,2.0,0,0,4
616.73773,54.0,54.0,1840.0978,1262.0,597.0,258.4,9.038817,0.0,6831.3364,90.0,0.0,2.151725,7.9186645,0,0,4
492.69876,60.0,55.0,909.801,974.3671,60.0,265.0,0.0,0.0,6554.9272,86.0,0.0,1.0,4.0,0,0,4
623.6328,91.0,146.0,459.0,256.0,262.0,264.0,0.0,0.0,59.809605,256.0,0.0,0.5,2.0,0,0,4
616.3647,54.0,54.0,1801.4949,1084.8552,613.8934,244.64626,0.0,0.0,5092.6514,86.0,0.0,0.6666667,2.0,0,0,4
610.0,86.0,83.8003,613.4243,149.14958,477.0,234.5584,0.0,0.0,16407.086,91.0,0.0,0.5,3.0,3,0,4
597.0,74.0,55.0,909.71375,91.0,60.0,267.66666,1.5277581,361.0,6475.123,91.0,17.0,1.7899835,54.89441,0,0,4
617.0,80.0,77.0,663.03735,256.0,60.0,259.66666,0.0,0.0,2990.693,91.0,0.0,0.5,2.0,3,0,4
580.3908,54.0,54.0,641.0,91.0,499.48956,258.4,0.0,75.68319,1694.4304,91.0,0.0,0.5,7.7665377,0,0,4
589.9015,54.0,55.0,1540.9524,117.12335,60.0,327.66666,0.0,0.0,33.057407,90.0,3.0,0.5,2.0,0,0,4
80.0,93.0,87.938126,496.0,95.0,60.0,264.0,0.0,19.308071,40.79576,91.0,0.0,0.5,7.0,0,0,4
483.3032,54.0,54.0,6782.196,248.0,117.577194,270.1314,0.0,0.0,5886.366,92.0,0.0,0.5,6.0,0,0,4
461.3662,54.0,54.0,1003.3325,256.0,85.0,267.26422,0.0,0.0,6538.4307,80.0,0.0,1.3142372,3.0,0,0,4
567.0,95.0,91.0,597.0,256.0,80.0,265.0,0.0,29.790527,1553.2721,93.0,0.0,0.5,6.0,3,0,4
92.0,54.0,54.0,1784.0,111.0,54.0,259.66666,0.0,0.0,38017.96,76.0,0.0,0.5,5.0,0,0,4
637.915,54.0,54.0,1784.0,974.26404,613.0,171.0,0.0,0.0,225.23103,95.0,1.4207338,0.5,2.0,0,0,4
589.0,54.0,54.0,589.0,1783.5826,60.0,225.33333,0.0,0.0,5.643429,526.9571,0.0,1.1,19.463472,0,0,4
611.0,60.0,76.0,662.0,91.333336,379.1284,243.61766,0.0,0.0,3907.741,90.023,0.0,0.5,5.0,0,0,4
616.1898,54.0,54.0,1584.7645,95.29557,262.0,265.0,0.0,0.0,11.580631,95.0,0.0,0.75,2.0,0,0,4
462.09036,54.0,54.0,7618.212,1262.0,60.0,364.39105,0.0,114.46088,4297.83,92.0,0.0,0.5,3.0,0,0,4
662.256,54.0,54.0,811.0,91.0,610.0,208.33333,0.0,0.0,7324.3105,91.0,0.0,0.85714287,2.0,0,0,4
613.0,79.0,80.0,617.0,95.0,60.0,327.66666,0.0,34.328056,1747.6787,91.0,0.0,1.0,2.0,0,0,4
571.7692,114.0,86.0,617.0,256.0,90.34557,224.33333,0.0,1.6179401,6983.705,146.0,0.0,0.044725157,2.0,0,0,4
574.6816,90.0,82.17102,581.0,86.0,114.851685,219.33333,0.0,0.0,9.686208,86.0,0.0,0.5714286,7.0,0,0,4
617.0,55.0,72.02495,734.0,91.0,58.63611,274.0,0.0,0.0,127.79207,88.0,22.0,0.5,2.0,0,0,4
565.95294,54.0,54.0,1784.0,256.0,60.0,276.28162,0.0,0.0,5883.5107,90.0,10.952228,0.6666667,2.0,0,0,4
523.0,54.0,54.0,581.0,1262.0,90.0,225.33333,0.0,0.0,212.247,92.0,0.0,0.5,2.0,0,0,4
371.29956,93.0,93.0,494.0,256.0,60.0,265.0,0.0,0.0,5930.0283,93.22079,0.0,0.5,3.0,0,0,4
567.0,54.0,54.0,614.0,91.0,60.0,294.20798,2.5178862,0.0,115968.57,86.0,0.0,1.0,2.0,0,0,4
613.0,78.0,80.0,611.0,109.10148,378.19168,258.4,0.0,0.0,180141.02,93.0,0.0,1.320552,5.0,0,0,4
610.0,54.0,54.0,631.60114,91.0,74.09831,229.33333,0.0,0.0,139.8545,87.646126,0.0,0.5,7.0,0,0,4
611.66187,54.0,54.0,614.0,91.0,567.9043,265.0,0.0,0.0,33022.48,80.0,0.0,1.1472555,3.0,0,0,4
394.51846,54.0,54.0,774.36865,112.942154,60.0,258.4,0.0,0.0,9449.025,91.0,0.0,1.0,4.0,0,0,4
662.0,77.0,76.0,1455.194,1262.0,60.0,304.4955,0.0,0.0,29.460243,91.379776,0.0,0.6666667,2.0,0,0,4
571.7692,54.0,54.0,2108.8147,256.0,60.0,258.4,71.978455,27.274899,224.11288,101.42057,0.0,0.75,2.0,0,0,4
613.0,54.0,54.0,712.79944,91.0,80.0,267.66666,0.0,0.0,4404.2305,91.0,0.0,0.5,43.810932,0,0,4
617.0,54.0,68.57322,683.0,397.7143,262.0,298.0,0.0,0.0,8.816128,91.0,0.0,0.6666667,2.0,0,0,4
89.0,93.0,91.0,523.99023,111.0,79.5,264.33334,0.0,0.0,6320.546,105.764885,0.0,2.1272297,53.22814,0,0,4
565.7573,86.0,91.0,612.0,95.0,418.6817,229.27242,0.0,0.0,810.29175,92.0,0.0,1.0,4.0,0,0,4
465.35925,90.0,92.0,613.91754,95.0,264.37918,272.62604,0.0,0.0,36629.723,93.0,0.0,0.5,2.0,0,0,4
565.2042,54.0,54.0,758.2929,149.16162,480.0,258.4,22.92262,188.75697,18472.94,86.0,0.0,0.6666667,2.0,0,0,4
486.0,81.85447,82.0,612.0,90.0,60.0,309.66666,0.0,20.0,622.06604,86.0,0.0,0.5,3.0,0,0,4
398.8959,54.0,54.0,613.0,92.0,60.0,267.66666,0.0,564.74585,7.50959,91.0,0.0,0.5,3.0,0,0,4
629.0,95.0,91.0,484.0,102.66718,60.0,274.0,0.0,0.0,4404.3765,95.0,0.0,0.5,2.0,0,0,4
614.0,94.61473,89.75392,459.0,256.0,60.0,332.3324,0.0,0.0,150929.23,148.67162,0.0,0.85714287,2.0,0,0,4
262.0,74.0,74.0,698.0,330.94138,255.39058,265.0,1.6938239,0.0,45.565998,114.933556,0.0,0.5,8.0,0,0,4
262.0,102.0,91.0,581.0,974.7678,73.869514,274.0,0.0,0.0,3904.6362,91.0,0.0,2.034551,9.0,0,0,4
613.0,54.0,54.0,2768.3428,95.0,477.0,213.33333,0.0,0.0,7.0626173,92.0,0.0,0.5,2.0,0,0,4
597.0,85.0,77.0,610.9173,150.0,592.7103,233.33333,0.0,19.5,6287.142,95.0,0.0,0.5,2.0,0,0,4
133.4194,74.0,74.0,1602.8367,848.0,60.0,272.0,0.0,0.0,25255.76,91.0,3.0,0.5,20.956734,0,0,4
257.44815,90.0,80.0,524.0,91.0,60.0,258.57144,26.870058,0.0,4417.0815,86.0,0.0,0.8,4.0,0,0,4
76.5,78.33374,79.0,641.0,93.0,60.0,259.66666,5.9922786,31.01672,14807.612,86.0,0.0,0.5,6.0,0,0,4
613.0,95.0,86.0,612.82153,111.0,262.0,258.4,0.0,0.0,6274.472,92.0,0.0,0.5,3.0,0,0,4
597.4268,91.0,80.0,612.8116,91.0,54.0,273.5799,208.69774,358.8513,216.94844,91.0,0.0,0.5,2.0,0,0,4
83.097496,54.0,55.0,1784.0,150.0,60.0,321.64203,0.0,0.0,11818.306,91.0,0.0,2.2161226,75.5619,0,0,4
133.53136,93.0,91.0,644.0,248.0,85.0,258.57144,0.0,0.0,77.42162,217.78206,0.0,0.5,4.0,0,0,4
543.9039,54.0,54.0,616.2819,91.0,60.0,267.66666,0.0,0.0,6493.39,90.0,0.0,0.5,2.0,3,0,4
613.0,54.0,54.0,6948.7554,848.0,114.91069,245.66667,0.0,0.0,33172.6,80.0,0.0,0.6666667,5.0,0,0,4
613.0,80.81797,81.0,617.0,93.0,550.16956,264.0,0.0,0.0,6972.7896,86.0,0.0,1.0,2.0,0,0,4
615.7525,86.0,81.0,613.0,1262.0,610.9067,267.66666,0.0,0.0,5972.137,86.0,0.0,0.51881343,2.0,0,0,4
611.0,88.0,90.0,567.0,729.9639,94.0,264.0,5.6934342,510.47797,62.637028,256.0,0.0,1.0,2.0,0,0,4
377.32452,81.0,79.0,641.0,102.0,60.0,298.0,5.6592903,0.0,122979.484,89.0,11.0,1.25,4.0,0,0,4
611.42334,54.0,54.0,2247.0535,111.0,262.0,258.4,0.0,0.0,144881.86,86.0,0.0,1.0,4.0,0,0,4
609.8878,91.0,86.0,581.0,95.0,587.8974,167.07991,0.0,0.0,9.99275,91.0,0.0,0.5,2.0,0,0,4
448.65494,78.0,62.16548,658.8035,111.0,262.0,262.2923,0.0,346.91544,1238.7825,92.0,0.0,0.5,3.0,0,0,4
613.0,54.0,54.0,6404.5234,95.0,610.0,212.33052,0.0,0.0,79010.164,93.0,0.0,0.5,2.0,0,0,4
616.0,86.0,80.0,597.0,86.0,262.0,257.33334,3.678272,0.0,6194.0703,86.0,0.0,0.5,2.0,0,0,4
521.9781,54.0,55.0,613.0,256.0,60.0,259.0,19.264914,0.0,4406.0454,92.0,0.0,0.5,2.0,0,0,4
483.0,86.0,86.0,524.0,91.0,114.0,264.0,0.0,393.43555,128.55032,86.0,0.0,0.5,4.0,0,0,4
613.3842,91.0,79.72831,524.0,91.27486,60.0,287.1126,0.0,0.0,7593.5083,90.0,0.0,0.5,2.0,3,0,4
79.5,95.0,74.0,457.78876,95.0,60.0,259.66666,0.0,16.5,154.52809,87.96919,0.0,2.212736,46.925114,0,0,4
146.0,60.0,60.0,663.0,90.0,92.0,252.66667,0.0,0.0,5399.149,82.359505,0.0,0.5,5.0,0,0,4
446.0,86.0,74.0,262.0,95.0,60.0,347.19135,0.0,0.0,11949.023,93.0,20.0,0.5,5.0,0,0,4
480.13345,54.0,54.0,7179.8774,1262.0,262.0,264.0,0.0,0.0,234.74258,92.0,0.0,1.9837502,8.0,0,0,4
80.0,93.0,78.0,501.47757,93.0,60.0,357.90085,0.0,0.0,6831.1655,91.0,0.0,1.1510483,18.0,0,0,4
589.0,54.0,54.0,2358.84,848.0,477.0,262.9951,0.0,0.0,62.747913,150.25789,0.0,0.71220255,2.0,0,0,4
60.0,54.0,54.0,799.14374,95.0,60.0,258.4,0.0,0.0,83838.84,91.0,0.0,0.5,30.160185,0,0,4
496.0,54.0,54.0,2524.677,256.0,262.0,258.4,0.0,405.27448,3964.679,92.28747,0.0,1.3510107,5.0,0,0,4
596.5741,54.0,55.0,662.0,95.0,60.0,264.0,0.0,0.0,10.237003,86.0,0.0,0.5,2.0,0,0,4
85.0,95.0,95.0,610.0,156.17474,73.91511,264.0,0.0,494.06964,7287.876,95.0,0.0,0.5,7.0,0,0,4
610.0,91.0,78.0,478.01703,95.0,60.0,254.09557,0.0,0.0,39529.06,92.0,17.0,1.13183,11.0,0,0,4
262.0,86.0,86.0,662.5986,91.0,60.0,265.0,0.0,0.0,36581.36,86.373726,0.0,0.8552151,5.0,0,0,4
496.93015,78.0,77.02249,611.0,1224.0288,60.0,298.0,0.0,0.0,117248.93,90.0,0.0,0.5,3.0,3,0,4
656.4121,74.0,78.0,662.0,111.0,60.0,278.80328,0.0,0.0,7582.0713,86.0,0.0,0.59922713,2.0,0,0,4
597.0,90.0,86.0,613.0,91.0,494.0,230.15956,0.0,0.0,579.0261,91.0,9.0,1.2827755,3.0,0,0,4
613.98694,54.0,54.0,786.0,86.0,610.0,225.33333,0.0,0.0,8305.209,81.0,0.0,0.85714287,2.0,0,0,4
610.0,114.0,74.0,160.0,95.0,114.834335,265.0,0.0,0.0,11069.331,87.80791,0.0,0.5,5.0,0,0,4
613.0,89.0,86.0,497.39166,95.0,589.0,258.4,0.0,65.06181,1004.36646,93.3687,0.0,0.5,2.0,3,0,4
480.0,54.0,54.0,817.4463,256.0,262.0,256.33334,0.0,0.0,7.8137197,91.0,0.0,1.3027978,3.0,0,0,4
494.0,86.0,77.07345,629.0,1181.2671,85.0,259.66666,5.6827064,0.0,2714.5938,91.0,0.0,1.7146282,3.0,0,0,4
567.0,60.0,74.0,617.0,91.0,60.0,349.90884,0.0,0.0,32.619995,91.0,0.0,0.6666667,2.0,0,0,4
589.0,80.0,76.0,615.7277,984.25214,80.0,259.66666,0.0,0.0,7373.078,92.0,0.0,0.5,7.0,0,0,4
309.0,82.0,77.58416,613.0,848.0,262.0,258.4,0.0,0.0,31661.143,82.0,0.0,0.5,6.0,0,0,4
557.34436,54.0,54.0,613.0,93.0,60.0,298.76065,26.870058,0.0,4492.846,92.0,0.0,0.5,2.0,0,0,4
561.5997,95.0,86.0,698.0,400.32974,60.0,288.33707,0.0,109.56371,14818.268,91.0,14.0,0.6666667,2.0,0,0,4
610.0,95.0,77.54206,459.0,91.0,580.4689,259.0,0.0,0.0,62.716496,91.0,0.0,0.5,2.0,0,0,4
377.4842,86.0,86.0,496.0,95.0,60.0,258.4,0.0,16.5,286.42252,91.0,17.0,1.260313,3.0,0,0,4
641.0,54.0,60.0,662.0,91.333336,613.0,257.33334,0.0,0.0,46.56218,86.0,0.0,0.5,2.0,0,0,4
610.0,74.0,60.0,704.2154,90.0,83.29043,265.0,10.935633,558.8925,7860.321,77.0,0.0,0.5,2.0,0,0,4
613.0,91.0,79.0,180.0,95.0,486.0,258.4,0.0,0.0,9.646861,95.0,0.0,0.5022767,6.7696886,3,0,4
613.9113,91.0,91.0,611.0,146.0,611.0,272.0,0.0,0.0,6.9084077,95.0,0.0,0.5,2.0,0,0,4
613.3542,86.0,86.0,632.9815,256.0,114.0,274.0,0.0,0.0,6939.456,92.0,0.0,1.0,2.0,0,0,4
262.0,54.0,54.0,629.0,256.0,90.0,264.47464,0.0,109.64063,10346.883,74.0,0.0,0.5,3.0,0,0,4
619.91473,54.0,54.0,589.0,256.0,567.0,171.0,0.0,0.0,9993.616,91.0,0.0,0.5,2.0,0,0,4
567.0,54.0,55.0,1784.0,848.0,262.0,265.0,0.0,0.0,32.748905,91.0,0.0,1.0,2.0,0,0,4
609.5884,81.0,78.0,734.0,91.0,60.0,324.58972,0.0,361.0,322.8694,86.0,0.0,0.85714287,2.0,0,0,4
63.0,80.0,77.0,629.0,256.0,60.0,259.0,0.0,0.0,122547.17,95.0,0.0,1.0909091,11.695729,0,0,4
613.0,60.0,60.0,617.0,86.0,60.0,258.4,56.56109,35.292274,6479.198,80.0,0.0,1.0870045,2.0,0,0,4
613.0,54.0,74.0,634.44073,91.0,149.65324,225.33333,0.0,0.0,41.04371,86.0,0.0,0.6666667,7.0,0,0,4
571.7692,60.0,55.0,811.0,314.78043,60.0,310.10455,10.084842,0.0,37966.848,93.99801,0.0,0.85714287,2.0,0,0,4
309.66364,95.0,90.0,610.0,266.37662,262.0,274.0,0.0,0.0,61.628098,114.0,0.0,0.6666667,3.0,0,0,4
613.0,80.0,74.0,663.0,1036.5227,536.20575,225.33333,0.0,0.0,1233.2109,91.96824,0.0,1.3083234,2.0,0,0,4
613.60986,77.0,78.0,617.0,969.7652,610.85333,264.0,0.0,0.0,3222.2593,91.0,0.0,1.0,2.0,0,0,4
80.0,93.0,78.0,524.0,114.0,60.0,274.0,1.7469065,527.6327,312.0585,91.99484,0.0,1.3333334,18.104733,0,0,4
610.0,54.0,54.0,613.5696,93.0,60.0,274.0,0.0,0.0,43462.176,91.0,0.0,0.5,2.0,0,0,4
480.0,54.0,54.0,2676.4392,968.0,80.0,259.66666,0.0,508.4111,5961.904,92.0,0.0,0.5,5.0,0,0,4
616.14136,54.0,54.0,629.0,95.0,610.0,239.33333,1.9728186,35.99864,10071.9375,93.0,3.0,0.5,2.0,3,0,4
486.0,54.0,54.0,5512.0,1054.576,262.0,258.4,0.0,0.0,11.7203665,91.0,0.0,1.25,5.0,0,0,4
581.0,54.0,54.0,629.0,91.0,60.0,309.66666,0.0,0.0,3891.1865,82.0,0.0,0.5,2.0,0,0,4
612.1148,55.0,66.08224,1346.4802,739.03766,60.0,267.66666,254.51678,10.226206,15506.218,91.0,0.0,0.5,2.0,0,0,4
395.12903,90.0,90.0,613.0,95.0,60.0,297.4444,0.0,361.0,11.774328,93.0,0.0,1.0,4.0,0,0,4
198.36642,60.0,61.36164,617.0,95.0,60.0,333.88232,1.8647544,0.0,36342.957,91.0,0.0,0.85714287,18.286663,0,0,4
91.54703,54.0,54.0,629.0,848.0,90.0,259.0,0.0,1.6403419,2617.821,92.0,2.0,1.8059392,2706.9514,0,0,4
80.0,54.0,54.0,734.0,148.2791,60.0,281.0,0.0,36.305756,363.19385,90.0,0.0,0.5,7.0,0,0,4
617.0,54.0,54.0,1784.0,95.0,487.7633,267.66666,0.0,36.306774,224.67317,90.454605,0.0,0.9380835,2.0,0,0,4
262.0,91.0,91.0,610.0,91.0,146.0,259.0,0.0,361.0,252.55244,91.0,12.865868,0.6666667,4.0,0,0,4
80.0,54.0,54.0,738.57294,147.71115,60.0,272.0,0.0,0.0,25233.826,91.0,0.0,0.5,6.0,0,0,4
494.0,91.0,81.359566,595.2261,93.0,91.08513,259.66666,0.0,0.0,5.281224,86.0,0.0,0.5,14.914176,0,0,4
521.8455,54.0,54.0,1784.0,836.4253,60.0,258.4,0.0,0.0,44.146816,148.13722,0.0,1.0,2.0,0,0,4
612.33936,95.0,81.0,629.0,256.0,603.88696,256.78378,0.0,0.0,27051.383,95.0,0.0,0.75,2.0,3,0,4
262.0,86.0,80.0,757.0,91.0,60.0,258.4,0.0,0.0,32.912144,90.0,13.0,1.1537108,27.950924,0,0,4
617.0029,114.0,80.0,316.31708,93.0,70.38281,267.66666,0.0,0.0,3906.9148,91.0,0.0,1.0,2.0,0,0,4
552.0,95.0,86.0,309.0,95.0,477.30466,263.59055,0.0,0.0,116787.67,89.20327,0.0,0.5,2.0,0,0,4
262.0,78.0,77.0,613.0,327.83905,146.0,274.0,0.0,0.0,4.503774,150.0,0.0,0.5,5.0,0,0,4
597.0,63.0,55.0,1066.9944,848.0,60.0,316.14926,0.0,0.0,11.467383,225.4756,0.0,0.5,5.0,0,0,4
523.0,91.0,88.33195,610.0,91.0,71.35716,256.33334,0.0,0.0,18895.49,90.0,11.0,0.6666667,7.0,3,0,4
611.0,54.0,54.0,1735.5712,93.0,60.0,276.60907,0.0,19.871056,3220.78,91.0,0.0,0.5,2.0,0,0,4
309.0,114.0,81.0,613.0,813.3147,60.0,290.9674,0.0,0.0,144979.92,86.0,0.0,0.5,3.0,3,0,4
589.0,95.0,74.0,524.0,195.47775,581.0,259.0,1.7441288,0.0,119.72774,104.31304,0.0,0.6,2.0,3,0,4
611.1962,86.0,60.0,641.0,86.0,60.0,254.08981,0.0,0.0,118506.31,81.0,0.0,0.5,2.0,0,0,4
141.75372,54.0,54.0,663.0,91.0,60.0,277.68243,18.834808,0.0,4184.7104,90.0,0.0,0.5,4.0,0,0,4
581.0,80.0,77.00303,641.0,92.0,497.71033,264.0,0.0,0.0,62.718765,91.0,0.0,0.5,5.0,0,0,4
614.0,54.0,54.0,757.0,92.0,581.0,237.94737,0.0,0.0,5340.6333,90.0,0.0,0.5,2.0,0,0,4
610.0,54.0,54.0,638.31946,91.0,480.0,132.02435,0.0,0.0,7.390504,91.0,0.0,0.5,2.0,0,0,4
627.63,86.0,81.0,610.601,261.93704,60.0,274.0,5.6290207,0.0,11.50352,81.0,0.0,0.5,2.0,0,0,4
477.97305,95.0,80.0,657.8228,93.0,60.0,272.0,26.870058,0.0,3871.821,92.0,0.0,1.4978002,13.376789,0,0,4
589.0,54.0,55.0,663.0,91.0,309.0,259.0,0.0,0.0,7098.0083,78.57143,0.0,0.71857107,2.0,0,0,4
597.3116,54.0,54.0,698.0,1456.3756,552.0,214.86954,0.0,0.0,20.712587,86.22191,0.0,0.6666667,2.0,0,0,4
617.0,86.0,81.0,524.0,88.0,552.0,258.4,0.0,16.5,5890.0894,86.0,0.0,0.5,2.0,0,0,4
610.4911,54.0,55.0,641.0,93.0,609.7788,237.48914,0.22981265,0.0,5409.218,91.70819,0.0,0.6666667,2.0,0,0,4
524.7187,74.0,71.25506,614.0,111.0,89.0,267.66666,0.0,347.74567,5875.449,81.0,0.0,0.5,2.0,0,0,4
567.5134,54.0,54.0,613.0,92.0,502.20236,233.60774,0.0,16.5,1704.2179,91.0,0.0,0.5,2.0,0,0,4
173.00374,54.0,54.0,603.63727,91.0,114.0,224.33333,0.0,0.0,148757.14,85.12632,17.0,0.5,8.0,0,0,4
623.57245,54.0,54.0,629.0,86.0,611.0,264.33334,0.0,35.33347,5780.1973,81.0,0.0,0.6666667,2.0,3,0,4
567.0,54.0,54.0,1744.8424,95.0,60.0,267.66666,0.0,0.0,7705.9995,91.0,0.0,0.5,2.0,0,0,4
570.0623,55.0,74.0,644.0,91.0,60.0,272.0,0.0,20.0,3765.5156,86.0,0.0,0.5,2.0,0,0,4
60.0,54.0,54.0,1911.5853,95.0,60.0,308.2264,6.183828,0.0,6909.752,92.0,0.0,1.5480939,54.676193,0,0,4
262.0,54.0,55.0,758.8182,147.66127,80.20768,267.66666,1.9895108,0.0,46.22768,91.0,0.0,1.0,5.0,0,0,4
494.0,80.0,82.0,613.0,91.46226,397.32632,224.33333,0.0,0.0,6999.204,89.0,0.0,0.5,5.0,0,0,4
613.0,54.0,54.0,755.1762,253.84505,537.1254,208.33333,0.0,0.0,62.809242,100.0,0.0,0.5,4.0,0,0,4
496.0803,93.0,80.0,610.0,91.0,60.0,267.66666,0.0,0.0,7.861444,91.0,0.0,0.6666667,39.88019,0,0,4
642.18414,54.0,60.0,701.3138,1262.0,610.0,263.11612,0.0,0.0,5973.1035,93.0,14.0,0.5,2.0,0,0,4
567.0,54.0,55.0,698.0,91.0,233.26117,245.66667,0.0,0.0,2520.6174,91.0,0.0,0.6889665,2.0,0,0,4
616.2161,82.0,80.0,644.8115,93.0,60.0,309.8811,0.0,0.0,6330.672,86.0,3.0,0.5,2.0,0,0,4
377.91043,88.0,80.0,524.0,95.0,60.0,269.9471,0.0,0.0,56.79734,86.0,0.0,0.5,5.0,0,0,4
581.0,93.0,81.0,315.4091,95.0,60.0,362.90277,0.0,0.0,1705.5302,91.0,0.0,0.5,11.0,3,0,4
262.0,54.0,54.0,1784.0,1262.0,166.0,274.0,0.0,0.0,60.67348,88.40176,0.0,1.1301836,6.0,0,0,4
595.81964,78.0,80.0,611.0,92.0,80.0,265.2944,0.0,0.0,84006.945,81.0,0.0,0.5,14.0,0,0,4
613.0,92.0,91.0,459.0,100.0,564.65234,256.33334,0.0,0.0,60.962265,92.0,15.0,0.5,3.0,0,0,4
613.0,74.0,78.0,613.0,90.0,494.1032,258.4,0.0,0.0,6666.3926,84.52562,7.0,0.5,2.0,0,0,4
494.0,61.3911,74.0,629.0,91.0,309.0,264.33334,0.0,0.0,9385.117,86.0,0.0,1.3169625,2.0,0,0,4
589.0,91.0,80.0,476.78442,91.0,93.93023,258.4,0.0,36.82505,3673.753,91.0,6.0,0.6666667,2.0,0,0,4
485.91595,91.0,79.0,484.0,333.74835,60.0,290.88437,0.0,567.22217,6.959577,95.0,0.0,0.5,3.0,0,0,4
612.9413,54.0,54.0,13669.729,1542.8398,591.2738,256.93668,0.0,0.0,6494.2344,92.0,0.0,0.90533084,2.0,0,0,4
494.0,93.0,81.0,306.1933,105.47258,262.0,251.39966,0.0,0.0,39116.785,90.0,11.0,0.5,2.0,0,0,4
567.0,85.0,80.0,617.0,256.0,60.0,274.30106,0.0,19.666725,6.3189764,80.0,0.0,0.33333334,2.0,0,0,4
445.16074,88.0,92.0,180.0,627.6268,164.68518,258.4,0.0,20.0,951.6856,93.0,0.0,0.5,18.0,0,0,4
563.77704,77.0,80.0,610.0,92.0,60.0,265.0,0.0,0.0,6887.257,86.0,0.0,0.6666667,2.0,0,0,4
597.0,77.0,80.0,610.0,91.0,54.0,299.03165,19.29267,0.0,6431.0005,90.0,10.0,0.5,2.0,0,0,4
629.0,86.0,82.611,613.0,256.0,60.0,297.4122,0.0,0.0,6.259468,93.0,0.0,0.5,2.0,0,0,4
467.51776,54.0,54.0,1681.5656,104.0,60.0,259.0,0.0,0.0,11762.201,89.03758,0.0,0.85714287,4.0,0,0,4
594.93475,88.0,81.0,524.0,91.0,523.0,258.4,0.0,1.6718206,2575.0642,91.0,0.0,0.5,2.0,0,0,4
610.0,91.0,80.0,486.0,93.0,610.0,258.4,0.0,0.0,2631.0562,92.0,0.0,0.5,2.0,0,0,4
494.0,91.0,88.0,612.0,505.79544,60.0,258.4,6.704795,0.0,5295.2373,92.0,0.0,0.5,5.0,0,0,4
611.0,82.88522,88.0,613.0,95.0,60.0,265.0,0.0,0.0,118636.75,92.0,0.0,0.5,2.0,0,0,4
586.35535,54.0,54.0,6582.0684,1262.0,477.0,233.33333,0.0,0.0,2835.928,91.0,0.0,1.3048134,2.0,0,0,4
521.4324,54.0,54.0,5644.3325,1775.6355,262.0,258.4,0.0,361.0,11657.15,90.0,0.0,1.3313737,2.0,0,0,4
487.00534,54.0,54.0,644.0,90.0,60.0,274.0,0.0,0.0,7614.252,86.0,0.0,1.0,2.8300228,0,0,4
574.1249,54.0,54.0,7239.905,848.0,60.0,281.0,1.7217239,0.0,7.967163,95.0,8.930514,0.5,5.0,3,0,4
615.6142,54.0,54.0,1784.0,93.0,85.0,265.0,0.0,514.2685,5229.558,91.838005,0.0,0.5,2.0,0,0,4
581.0,54.0,55.0,644.0,252.63782,480.35138,265.0,0.0,0.0,7.40138,86.0,0.0,0.5,2.0,0,0,4
641.0,79.0,80.0,617.0,91.754135,60.0,281.0,9.443868,20.0,6828.129,81.0,0.0,1.1,2.0,0,0,4
571.7692,91.0,91.0,613.0,1262.0,85.0,274.0,0.0,0.0,78.897736,95.0,0.0,0.48382592,2.0,0,0,4
79.79316,54.0,55.0,644.0,86.0,60.0,263.71063,0.0,0.0,119447.67,80.0,0.0,0.5,56.15977,3,0,4
613.0,54.0,55.0,1784.0,1262.0,96.12252,255.78427,0.0,0.0,191005.72,90.86676,0.0,0.6561672,5.0,0,0,4
589.0,54.0,54.0,2678.8472,95.0,94.448586,272.0,0.0,0.0,7203.9526,86.0,0.0,0.5,2.0,0,0,4
591.71313,81.0,80.0,632.42053,148.19504,60.0,258.4,21.279482,533.95087,42.011368,118.0,0.0,0.5,2.0,0,0,4
611.0,54.0,55.0,617.0,256.0,60.0,324.20764,0.0,0.0,119430.65,92.0,0.0,0.5,2.0,0,0,4
581.0,54.0,60.0,629.0,95.0,309.0,258.47977,0.0,361.0,3728.6152,91.0,0.0,0.32154617,2.0,0,0,4
483.23566,95.0,91.0,524.0,97.71572,60.0,274.0,0.0059841415,0.0,6415.981,95.0,0.0,0.5,2.0,0,0,4
611.54504,91.0,80.0,524.0,248.0,60.0,265.3298,306.9221,0.0,6426.008,92.0,0.0,0.75,2.0,3,0,4
597.7985,95.0,78.0,471.5906,256.0,60.0,259.66666,0.0,0.0,191680.3,95.0,0.0,0.5,7.0,0,0,4
611.0,54.0,54.0,6020.91,1262.0,571.75806,212.79524,0.0,0.0,7.745198,88.0,0.0,0.5,2.0,0,0,4
589.0,101.60169,88.0,552.0,256.0,60.0,351.21127,0.0,0.0,6993.3354,92.0,0.0,0.5,2.0,0,0,4
115.12548,55.0,60.0,641.0,147.67517,60.0,264.02304,1.9824688,0.0,24700.523,91.0,0.0,0.5,14.0,0,0,4
398.9326,114.0,82.0,662.0,91.033134,60.0,258.55692,0.0,0.0,4928.908,86.0,0.0,0.5,3.0,0,0,4
262.0,91.0,86.0,617.0,97.19758,114.833755,258.4,0.0,361.0,8.08871,91.0,0.0,0.8,20.365828,0,0,4
566.351,86.0,81.0,683.0,91.0,98.22283,259.0,0.0,0.0,62.821777,91.0,0.0,1.2972523,2.0,0,0,4
494.0,54.0,60.0,611.0,1262.0,86.03727,242.61371,0.0,0.0,2455.7124,92.0,0.0,0.5,3.0,0,0,4
611.0,54.0,54.0,589.0,110.75316,262.0,264.0,0.0,0.0,5837.92,93.0,9.420713,0.5,2.0,0,0,4
589.0,60.0,60.0,613.0,95.0,60.0,266.66666,0.0,0.0,7077.167,86.0,0.0,0.5,2.0,0,0,4
589.0,189.10176,69.0,209.92976,91.0,240.7134,221.9559,0.0,0.0,115778.79,74.0,0.0,0.5,4.0,0,0,4
520.1352,60.0,60.0,663.9312,271.33954,244.63972,263.94342,0.0,0.0,62.751286,91.0,17.0,1.5714285,7.0,0,0,4
436.19858,54.0,54.0,613.0,1779.7476,60.0,272.0,21.06561,0.0,39901.016,95.0,0.0,0.6666667,4.0,0,0,4
567.0,74.0,77.0,614.0,106.45039,85.0,293.13806,0.0,0.0,4405.4834,91.0,0.0,0.74019706,2.0,0,0,4
80.0,114.0,74.0,180.0,93.0,54.0,278.1242,0.0,378.2701,308.6198,91.0,0.0,0.5,6.0,0,0,4
60.0,79.0,74.0,743.84485,149.1375,54.0,258.73633,0.0,0.0,11.721408,100.0,1.0,1.1680865,68.37908,0,0,4
597.0,80.0,78.57143,617.0,256.0,60.0,272.0,0.0,0.0,115005.35,82.0,0.0,0.5,2.0,0,0,4
613.0,91.0,55.0,486.0,256.0,610.0,223.66667,0.0,0.0,5208.3,92.0,10.0,0.5,2.0,0,0,4
589.0,86.0,91.0,613.0,97.0,581.0,259.0,0.0,1.7086859,62.823692,95.0,7.0,0.5,5.0,0,0,4
610.0,91.0,81.0,613.0,256.0,552.0,265.0,0.0,135.62259,6.3598127,81.0,0.0,0.5,2.0,3,0,4
494.0,54.0,54.0,610.0,526.2043,60.0,274.26834,6.7431993,0.0,156.88248,91.0,0.0,0.5750826,2.0,0,0,4
615.572,81.0,80.0,612.0,91.0,613.0,264.0,0.0,169.99988,45.53546,90.0,0.0,0.5,2.0,0,0,4
446.0,54.0,54.0,761.4975,91.0,60.0,254.48392,0.0,0.0,5825.4014,81.0,0.0,0.5,2.0,0,0,4
613.0,54.0,54.0,1484.5969,256.0,262.0,258.4,0.0,0.0,62.731693,111.0,0.0,0.5,3.0,0,0,4
594.73267,91.73147,89.44963,575.5882,93.0,90.589066,259.41165,21.276834,16.5,18791.48,91.0,38.53589,0.6666667,2.0,0,0,4
610.0,95.0,92.0,629.0,111.0,262.0,258.4,0.0,0.0,18.050493,95.0,0.0,0.6666667,2.0,0,0,4
609.73395,95.0,74.0,241.4695,256.0,552.0,269.9838,0.0,0.0,46.523487,146.0,0.0,0.6666667,2.0,0,0,4
76.5,74.0,74.0,757.0,93.0,60.0,274.0,0.0,29.91448,18224.566,90.0,0.0,1.0909091,9.061015,0,0,4
567.0,54.0,60.0,612.0,95.55967,85.0,259.66666,0.0,0.0,16058.505,86.0,7.0,0.5,2.0,0,0,4
379.56558,54.0,54.0,2610.0837,110.76137,60.0,298.99933,0.0,0.0,7089.713,93.0,0.0,0.6666667,3.0,0,0,4
614.38196,81.0,60.0,629.0,91.0,581.0,249.29997,0.0,20.0,12815.976,81.0,0.0,0.8,2.0,0,0,4
613.0,91.0,91.0,617.0,100.0,597.0,225.33333,0.0,16.5,62.78654,95.0,0.0,0.86133313,2.0,0,0,4
495.3169,86.0,81.0,616.0,240.22237,60.0,243.5779,0.0,0.0,57.17391,89.0,0.0,0.85714287,2.0,0,0,4
262.0,83.72381,86.0,613.0,93.0,60.0,267.66666,0.0,0.0,5970.483,91.333336,0.0,1.0909091,63.25696,0,0,4
79.69715,80.0,82.0,524.0,86.0,60.0,276.85327,0.0,0.0,5913.0586,85.0,0.0,0.5,5.0,0,0,4
611.638,54.0,54.0,761.63306,256.0,85.0,265.0,9.0,1.6680762,2304.5854,92.0,0.0,0.5,2.0,0,0,4
612.0,95.0,80.0,567.0,93.0,85.0,258.4,5.925994,361.0,459.9986,91.0,0.0,0.75,2.0,0,0,4
641.0,81.0,81.0,589.0,91.93939,60.0,272.0,0.0,0.0,117990.97,81.0,0.0,1.0737073,2.0,0,0,4
610.0,54.0,60.0,629.0,91.0,597.09705,258.4,26.398653,107.73793,2825.704,86.0,0.0,0.5,2.0,0,0,4
478.86868,54.0,54.0,1558.9644,91.0,80.0,259.66666,0.0,404.50964,5741.3765,81.0,0.0,0.5,8.0,0,0,4
611.67,80.0,80.0,614.0,193.73299,589.0,267.17706,0.0,0.0,6429.5596,84.53658,0.0,0.5,2.0,3,0,4
611.0,80.0,80.0,617.0,89.66854,80.0,218.38094,0.0,0.0,5341.005,86.0,3.0,0.6666667,7.230599,0,0,4
610.4725,91.0,85.0,479.05258,95.0,146.0,272.0,0.0,88.03975,7593.445,86.0,0.0,0.97420913,2.0,0,0,4
610.0,54.0,55.0,662.0,91.0,486.0,231.45418,20.49347,346.8426,548.59576,80.0,16.0,0.5,2.0,0,0,4
611.0,91.0,80.0,523.0,95.0,262.0,283.33334,0.0,0.0,6460.3706,89.0,0.0,0.5,2.0,0,0,4
614.0,54.0,54.0,660.09314,848.0,262.0,258.4,0.0,0.0,5876.942,82.0,0.0,0.5,2.0,0,0,4
614.3317,54.0,54.0,1568.82,88.0,379.39084,258.4,0.0,0.0,7106.994,86.0,0.0,1.4269316,4.0,0,0,4
262.0,95.63283,77.0,524.0,95.0,62.878117,288.29562,4.0615635,0.0,116122.74,92.0,0.0,0.5,10.426766,3,0,4
612.0,54.0,54.0,7433.0,111.0,262.0,259.0,0.0,19.5,23142.562,96.40896,0.0,1.2934738,2.0,0,0,4
616.03064,95.0,81.0,336.0879,117.696175,60.0,327.66666,0.0,457.89127,9196.855,92.425255,0.0,1.3076923,2.0,0,0,4
589.0,60.0,60.0,1118.8242,92.480194,494.0,225.33333,0.0,0.0,5612.9146,92.0,0.0,1.0,203.68546,0,0,4
495.02188,76.0,79.758705,644.0,100.0,60.0,276.44495,1.6809157,30.909058,3171.0635,91.0,0.0,0.5,2.0,0,0,4
262.0,91.0,93.0,612.0,95.0,76.5,298.477,0.0,0.0,18454.785,93.0,0.0,0.5,9.0,0,0,4
479.8136,54.0,54.0,4093.153,893.2546,114.0,258.4,0.0,0.0,4404.2124,92.0,0.0,0.85646945,3.0,0,0,4
76.5,54.0,54.0,2183.513,111.0,60.0,272.6465,0.0,0.0,45.566128,92.0,0.0,0.85714287,14.112021,0,0,4
571.7692,114.0,95.0,613.0,256.0,60.0,274.0,4.0355616,0.0,11.455184,256.0,0.0,1.0909091,2.0,0,0,4
262.0,54.0,55.0,629.0,92.0,60.0,298.0,0.0,0.0,4790.748,87.598305,0.0,0.5,9.0,0,0,4
611.82196,54.0,54.0,613.0,1341.5175,273.39145,265.0,0.0,0.0,5149.556,92.0,11.0,0.6666667,4.0,0,0,4
262.0,54.0,54.0,5220.477,1053.3434,85.0,278.49377,0.0,0.0,125317.83,95.0,0.0,0.65439874,5.0,0,0,4
612.0,54.0,55.0,662.0,93.0,610.0,87.01931,0.0,0.0,7061.452,86.0,0.0,0.5,2.0,0,0,4
172.98386,54.0,60.0,1784.0,101.53528,60.0,265.0,5.8832254,559.36584,9520.1045,78.57143,0.0,0.5,5.0,0,0,4
571.7692,90.19773,80.0,312.55655,93.0,60.0,258.8438,0.0,0.0,7086.8975,91.0,0.0,0.5,2.0,0,0,4
610.0,54.0,54.0,795.0,256.0,262.0,243.5198,0.0,358.71216,1463.3324,92.0,0.0,0.5,5.262002,0,0,4
502.54208,54.0,66.82395,616.0,1262.0,262.0,259.0,0.0,0.0,4418.524,91.81427,0.0,1.0751612,2.0,0,0,4
613.0,86.0,86.0,629.0,91.0,378.30154,264.19885,0.0,2.1852777,2562.1072,91.0,0.0,0.5,3.0,0,0,4
589.0,95.0,95.0,641.0,256.0,118.53117,258.87616,0.0,0.0,7.676134,146.0,7.0,0.5,5.0,3,0,4
597.0,95.0,60.0,524.0,149.08478,89.319756,258.4,0.0,6.6950107,4.5518527,102.0,0.0,0.5,2.0,0,0,4
309.0,93.0,91.0,641.0,256.0,60.0,298.11368,0.0,71.24277,795.0758,96.85871,0.0,1.7944387,7.0,0,0,4
613.0,54.0,54.0,614.4637,95.0,500.22513,265.0,0.0,479.45096,7564.0493,91.0,0.0,0.5,5.0,0,0,4
567.0,54.0,60.0,641.0,256.0,552.0,245.66667,0.0,0.0,15.453681,151.31976,0.0,0.5,2.0,0,0,4
483.7403,114.0,87.9895,524.0,466.56918,60.0,259.66666,0.0,500.21317,4396.601,91.0,0.0,0.5950138,9.0,0,0,4
212.92221,60.0,74.0,1718.1,256.0,60.0,327.66666,0.0,0.0,6784.0054,95.0,5.0,1.3333334,7.0,0,0,4
85.17451,91.0,86.12944,493.8501,256.0,60.0,267.66666,21.06561,0.0,56199.3,91.0,0.0,0.5,6.0,0,0,4
446.0,91.0,81.0,890.91547,95.0,60.0,281.0,0.0,20.0,5585.3613,86.0,0.0,1.0925852,7.0,0,0,4
498.0,91.0,80.0,524.0,93.0,60.0,393.532,0.0,0.0,6491.5913,80.0,0.0,0.5,2.0,0,0,4
588.64545,54.0,54.0,641.0,848.0,90.0,252.66667,0.0,0.0,14018.678,86.0,0.0,0.5,2.0,0,0,4
597.0,90.67439,80.0,606.7615,114.940445,496.33688,259.14853,0.0,507.95834,10074.553,86.0,0.0,1.5720656,5.0,0,0,4
616.0,83.59906,81.0,606.67676,150.0,89.47029,259.66666,0.0,0.0,7640.688,93.0,14.901948,1.0,2.0,0,0,4
613.0,83.0,77.91163,613.0,256.0,85.0,258.4,1.9771465,116.76952,5759.015,93.0,0.0,1.1053722,2.0,3,0,4
581.0,81.0,82.0,616.8398,97.0,60.0,264.33334,0.0,0.0,5781.959,84.85776,0.0,0.5,2.0,0,0,4
613.0,91.0,91.37121,617.0,148.62773,95.37071,264.0,0.0,0.0,25124.188,111.0,0.0,1.2530606,2.0,0,0,4
552.0,54.0,54.0,705.97675,91.39112,60.0,259.0,18.834808,378.1538,180.37898,91.0,0.0,0.8706896,2.0,0,0,4
597.0,86.0,86.0,613.0,92.52324,60.0,265.0,0.0,0.0,6500.616,91.0,0.0,0.5,2.0,0,0,4
617.0,54.425507,60.0,698.0,91.0,85.0,291.0,0.0,78.01503,1580.6123,91.0,0.0,1.0,2.0,0,0,4
610.0,54.0,55.0,1784.0,622.8686,597.0,259.66666,0.0,0.0,14816.81,74.0,0.0,0.7126312,2.0,0,0,4
566.17377,86.0,80.0,613.0,150.0,262.0,264.0,0.0,0.0,6591.9756,93.0,0.0,0.5,2.0,0,0,4
616.7466,91.0,81.0,908.0365,91.0,60.0,264.0,0.0,0.0,3970.3823,87.399284,5.0,0.9780751,2.0,0,0,4
613.0,88.54406,81.12324,611.0,256.0,85.0,277.0318,0.0,0.0,11452.504,90.0,0.0,0.6666667,2.0,0,0,4
148.82103,54.0,55.0,613.71075,91.0,60.0,259.66666,0.0,0.0,9428.668,81.0,0.0,1.0,12.0,0,0,4
613.0,80.0,81.0,617.0,92.0,597.0,259.66666,0.0,0.0,1538.7958,86.0,0.0,0.5,2.0,0,0,4
496.22284,80.0,81.0,757.0,111.0,60.0,274.0,0.0,336.62845,13762.057,89.918396,0.0,1.0003735,2.0,0,0,4
156.43906,95.0,92.0,524.0,256.0,130.82924,264.0,0.0,0.0,5305.743,97.0,0.0,0.5,5.0,0,0,4
613.0,86.0,77.85154,524.0,86.0,571.6996,262.82724,0.0,0.0,117930.61,81.0,0.0,0.14164053,2.0,0,0,4
613.0,54.0,54.0,2774.3254,1262.0,60.0,256.33334,0.0,0.0,7068.1963,81.0,0.0,1.0078292,2.0,0,0,4
110.46532,54.0,54.0,2685.2756,848.0,60.0,224.33333,0.0,0.0,5455.852,90.0,0.0,1.4283627,8.030819,0,0,4
80.0,54.0,54.0,1771.7372,100.0,60.0,258.4,26.870058,265.638,7.4787674,87.65067,0.0,1.7268732,93.53738,0,0,4
485.26892,54.0,55.0,711.3121,92.0,60.0,309.66666,0.0,0.0,2270.242,81.0,0.0,1.382356,3.0,0,0,4
566.08215,83.80722,82.95357,613.95874,107.24634,166.0,259.66666,0.0,0.0,5881.7085,89.016335,0.0,0.5,2.0,0,0,4
615.34235,54.0,60.0,795.0,256.0,85.0,263.37656,0.0,0.0,29335.59,95.0,0.0,0.5,2.0,0,0,4
613.0,80.0,80.0,544.67535,256.0,60.0,266.9725,26.870058,0.0,7.9936304,171.79413,0.0,0.5,2.0,0,0,4
262.0,54.0,60.0,865.59924,86.0,110.34302,219.33333,0.0,0.0,24321.734,80.0,0.0,0.6,97.63395,0,0,4
611.0,80.0,81.0,613.0,92.0,60.137306,288.7662,0.0,20.0,1523.9965,91.0,0.0,1.0909091,2.0,0,0,4
552.0,80.0,77.0,613.0,1262.0,60.0,308.2419,0.0,372.1692,574.91345,91.333336,0.0,0.5,2.0,0,0,4
589.0,54.0,54.0,663.0,91.0,60.0,213.33333,0.0,0.0,2246.7493,86.0,0.0,0.5,8.0,3,0,4
586.6915,95.0,84.927536,484.9824,93.0,60.0,264.08594,28.787048,32.152824,14809.44,91.0,0.0,0.6666667,2.0,0,0,4
262.0,60.0,74.0,628.3199,91.0,90.0,274.0,0.0,0.0,6464.203,89.6787,7.0,0.5,9.802896,1,0,4
80.0,55.0,55.0,610.8163,256.0,60.0,321.98264,0.0,0.0,6987.2236,80.0,0.0,0.5,46.38131,0,0,4
611.0,95.0,80.0,589.0,148.09894,79.5,258.4,0.0,0.0,234.38893,86.0,0.0,0.6,8.0,0,0,4
613.0,55.0,74.0,683.1214,637.32965,60.0,274.0,0.0,0.0,7734.304,85.63455,0.0,0.6666667,2.0,0,0,4
613.3796,54.0,54.0,7432.8433,256.0,60.904358,229.33333,0.0,0.0,4999.121,92.0,0.0,1.4285715,31.017817,0,0,4
613.0,54.0,74.0,734.0,256.0,60.0,274.0,0.0,0.0,8.0408745,89.0,0.0,0.87810075,2.0,0,0,4
589.0,93.0,91.0,494.0,248.0,476.45523,259.0,0.12932882,0.0,2707.6428,95.0,0.0,0.5,2.0,0,0,4
612.0,81.0,80.0,610.0,256.0,583.7328,258.4,0.0,0.0,34945.594,82.0,0.0,0.5,2.0,0,0,4
521.9532,95.0,89.0,480.5959,91.0,494.0,259.66666,0.0,0.0,29473.615,91.0,0.0,0.5,7.0,0,0,4
494.0,95.0,91.0,757.0,93.0,60.0,306.55295,0.9870233,0.0,1405.4722,92.0,0.0,0.5,2.0,0,0,4
591.9538,54.0,54.0,1784.0,90.0,435.61423,258.4,0.0,0.0,30035.395,80.0,0.0,0.5,3.0,0,0,4
494.0,54.0,54.0,700.69574,100.0,486.0,258.4,26.870058,20.0,1753.1989,91.0,20.0,0.5,2.0,0,0,4
644.0,55.0,60.0,613.0,95.0,60.0,261.6486,0.0,0.0,7.9064093,90.0,0.0,1.0,2.0,0,0,4
79.54861,86.0,78.0,663.0,91.0,60.0,309.66666,0.0,371.00763,310.78537,90.0,14.0,0.5,7.0,0,0,4
431.0376,73.46006,74.0,811.0,1262.0,60.0,267.66666,0.0,0.0,8.062887,91.0,0.0,1.3154075,3.0,0,0,4
90.0,180.4425,55.0,630.9177,787.0743,73.29711,256.33334,0.0,0.0,130910.414,256.0,0.0,0.6666667,7.0,0,0,4
613.0,54.0,54.0,7039.705,1262.0,114.0,288.18243,0.0,497.65128,9087.138,86.0,0.0,0.5,2.0,0,0,4
662.0,54.0,55.29223,629.0,91.0,596.42737,252.14081,0.0,0.0,157.98761,86.0,0.0,1.1520259,2.0,0,0,4
90.0,86.0,83.16644,494.0,90.0,80.0,263.7094,56.28657,20.0,6.8227234,86.0,0.0,1.4285715,497.8242,0,0,4
478.47714,95.0,80.0,610.0,95.0,69.73287,245.66667,35.933456,20.0,5833.4233,90.203094,0.0,0.5,7.0,0,0,4
589.0,54.0,54.0,7432.9653,318.0,90.0,258.4,0.0,0.0,4645.6177,86.52248,0.0,0.5,2.0,0,0,4
662.0,54.0,57.2648,629.0,91.0,60.0,276.0503,55.401028,19.551868,5940.362,83.0,0.0,0.85714287,2.0,0,0,4
613.0,74.0,78.0,613.8702,95.0,609.7724,244.6966,0.0,0.0,26401.922,88.0,0.0,0.75,2.0,0,0,4
494.0,54.0,54.0,4635.872,848.0,60.0,267.66666,0.0,0.0,148787.98,84.54065,0.0,1.3192698,2.0,0,0,4
446.0,78.0,79.0,629.0,86.0,137.3847,272.0,0.0,0.0,6336.7188,80.0,0.0,1.0,4.0,0,0,4
629.0,54.0,54.0,2149.8792,150.0,60.0,263.97372,0.0,0.0,4558.8184,91.0,0.0,0.5,2.0,0,0,4
617.0,91.0,80.0,611.33026,91.0,610.0,225.33333,1.9921712,5.82097,6822.233,90.0,0.0,0.5,2.0,0,0,4
611.0,86.0,88.0,613.0,256.0,60.0,327.66666,0.0,19.57262,901.38794,91.0,0.0,0.6666667,2.0,0,0,4
262.0,81.0,80.0,610.0,256.0,80.0,268.78333,0.0,0.0,6994.5234,90.0,0.0,1.0,42.045998,0,0,4
610.0,74.0,79.0,613.0,86.0,404.67743,225.33333,0.0,0.0,6833.871,86.0,0.0,0.5,5.0,0,0,4
579.57904,80.0,76.121216,613.0,256.0,80.62487,272.37723,0.0,0.0,14808.058,82.0,0.0,0.5,2.0,0,0,4
597.0696,114.0,86.0,523.74426,190.37083,60.0,265.0,0.0,16.5,1237.6396,91.0,0.0,1.0,2.0,0,0,4
629.0,54.0,54.0,7433.0,256.0,612.0,267.66666,0.0,0.0,5899.2075,93.0,0.0,0.5,2.0,3,0,4
76.5,91.0,81.83892,581.0,90.0,63.0,307.7845,0.0,0.0,5752.062,86.0,10.0,0.5,6.0,3,0,4
610.3876,83.0,73.0,644.0,111.0,60.0,259.0,0.0,0.0,2630.8872,92.19523,0.0,0.7424269,2.0,0,0,4
611.6086,55.0,55.0,757.0,95.0,114.80442,225.33333,0.0,0.0,62.844074,91.0,3.0,1.0,71.17577,0,0,4
494.0,54.0,54.0,689.6549,91.0,85.0,281.0,0.0,0.0,4687.8115,90.73156,0.0,1.1,6.0,0,0,4
571.7152,91.0,86.0,589.0,256.0,60.0,298.93832,0.0,48.20378,5504.3164,89.0,1.0,0.5,2.0,0,0,4
610.0,81.0,81.1602,613.0,256.0,566.99567,245.2136,0.0,0.0,7.780667,91.0,18.509611,0.5714286,2.0,0,0,4
262.0,54.0,54.0,641.59753,846.8272,149.86224,291.68964,0.0,0.0,7.0489306,86.52555,1.0,1.3322601,9.0,0,0,4
629.0,81.0,86.0,610.0,93.0,613.0,245.66667,0.0,16.5,6793.489,91.0,0.0,0.5,2.0,0,0,4
469.47882,91.0,81.0,500.34122,91.0,60.0,263.28812,21.279482,16.5,2650.0151,88.0,0.0,0.5,7.0,0,0,4
80.0,80.0,80.0,613.0,92.0,60.0,265.0,0.0,0.0,5929.209,91.0,0.0,1.9492124,21.561481,3,0,4
571.88885,80.0,74.0,641.0,104.0,60.0,323.66666,0.0,0.0,149427.27,80.0,0.0,0.5,2.0,0,0,4
615.18274,54.0,55.0,629.0,848.0,613.0,258.4,0.0,0.0,118331.945,83.0,0.0,1.2906702,2.0,0,0,4
566.70337,166.0,78.0,160.0,256.0,60.0,272.0,0.0,0.0,225.11084,91.67267,0.0,0.5714286,2.0,0,0,4
613.0,54.0,60.0,662.4527,92.0,597.0,256.33334,0.0,1.663267,1226.4099,90.0,0.0,0.5,2.0,0,0,4
613.0,54.0,55.0,613.0,1268.7894,610.0,267.66666,0.0,0.0,5960.55,94.16824,7.0,0.5,2.0,0,0,4
613.0,54.0,54.0,6853.4556,256.0,60.0,309.66666,4.0246964,0.0,4408.0044,90.0,5.0,0.5,2.0,3,0,4
629.0,77.0,80.0,613.0,95.0,607.8013,274.98404,0.0,0.0,118294.94,89.0,0.0,0.5,2.0,0,0,4
573.4467,91.0,91.0,596.7139,95.0,492.6541,258.4,18.834808,65.306984,5206.2856,93.0,0.0,0.5,2.0,0,0,4
613.0,55.0,78.0,629.0,91.0,146.0,283.33334,0.0,0.0,238042.14,78.57143,0.0,0.5,2.0,0,0,4
613.0,54.0,54.0,734.0,256.0,85.0,265.0,0.0,0.0,2571.4275,91.0,0.0,0.5,2.0,3,0,4
262.0,54.0,55.0,1578.3115,97.0,114.80277,258.4,0.0,358.87613,499.73615,95.0,0.0,0.6666667,21.248417,0,0,4
114.86046,76.0,80.0,629.0,322.24533,60.0,272.0,0.0,0.0,32.89024,95.0,0.0,0.75,9.0,0,0,4
614.0119,92.3708,80.0,459.0,325.35416,613.0,257.0863,0.0,0.0,6.7156568,95.0,0.0,0.5,2.0,0,0,4
480.36798,54.0,54.0,2136.5962,256.0,477.41946,274.0,0.0,0.0,32.682762,91.901405,0.0,0.5,2.0,0,0,4
391.7816,54.0,54.0,2124.6106,256.0,262.0,264.0,0.0,20.0,2933.7646,91.0,3.0,0.6666667,4.0,0,0,4
597.21454,88.0,80.83437,1784.0,97.0,262.0,274.0,0.0,367.75482,4281.0024,91.0,0.0,0.5,3.0,0,0,4
629.0,91.0,74.0,479.93976,101.274704,60.0,258.4,0.0,76.20987,2951.368,90.0,0.0,0.6666667,2.0,3,0,4
114.88821,54.0,54.0,9472.206,848.0,60.0,258.4,0.0,0.0,55.7432,92.0,0.0,0.6666667,18.0,3,0,4
460.09982,54.60859,54.0,757.0,126.25187,90.0,267.66666,0.0,0.0,6395.8794,80.0,0.0,1.8915969,6.0,0,0,4
568.66986,55.0,55.0,644.0,848.0,60.0,296.61444,0.0,0.0,224.91177,91.0,0.0,0.6666667,2.0,0,0,4
617.0,54.0,55.0,613.0,97.0,480.02954,258.78516,0.0,0.0,6486.8174,80.0,0.0,1.2335299,2.0,0,0,4
523.5293,86.0,80.0,524.0,93.0,60.0,375.43106,0.0,0.0,6830.9434,80.0,0.0,0.5,6.2590547,0,0,4
616.9911,77.0,74.0,644.0,97.0,604.6974,267.66666,0.0,0.0,6871.622,95.0,0.0,1.4285715,4.0,0,0,4
477.0,54.0,55.0,1466.6411,97.0,60.0,362.48953,0.0,0.0,757.73096,92.0,0.0,0.9760615,4.0,3,0,4
564.18085,114.0,83.052376,641.0,542.0178,110.60907,264.33334,0.0,19.640495,62.67352,91.0,0.0,0.5,2.0,0,0,4
597.8852,95.0,78.0,602.87604,91.52587,85.0,271.13824,0.0,0.0,7305.4736,91.0,0.0,0.5,2.0,0,0,4
613.0,91.0,80.0,459.0,95.0,165.33151,258.4,0.0,340.07922,1730.3342,91.0,0.0,0.85714287,2.0,0,0,4
613.0,54.0,54.0,7534.8027,1229.1637,567.0,219.33333,0.0,0.0,2940.1707,92.0,0.0,0.5,2.0,0,0,4
494.0,54.0,54.0,693.0753,91.071884,485.84116,225.33333,21.279482,107.926704,32.69245,89.0,0.0,1.4285715,18.642263,0,0,4
614.0,93.0,90.0,616.0,95.0,567.0,257.53094,0.0,0.0,32.885746,91.0,3.6584487,0.5,2.0,0,0,4
483.4952,86.0,81.0,524.0,91.0,262.0,264.96667,0.0,361.0,2577.1294,91.0,0.0,0.5,6.889245,0,0,4
614.0,88.0,80.0,589.0,256.0,60.0,243.63841,14.827219,0.0,14813.111,95.0,0.0,0.5,2.0,0,0,4
567.0,54.0,54.0,589.0,1262.0,92.0,274.0,0.0,0.0,2304.555,91.0,0.0,1.3157895,2.0,3,0,4
523.0,91.0,89.0,480.0,111.0,60.0,259.66666,20.12781,0.0,5492.243,89.99998,0.0,0.50120777,2.0,0,0,4
597.0,93.0,86.0,496.1147,315.34198,571.89453,258.4,0.0,0.0,4965.407,91.0,0.0,0.75,3.0,3,0,4
613.0,55.0,55.0,663.0,90.0,262.0,132.75365,0.0,0.0,5005.8994,87.15727,0.0,0.5,5.0,0,0,4
86.890076,55.0,55.0,908.9028,91.079865,60.0,259.66666,22.435781,0.0,84078.41,86.0,0.0,1.345721,12.859166,0,0,4
610.0,83.0,81.0,552.0,92.0,494.0,258.4,0.0,16.5,251.72626,86.0,0.0,0.5,2.0,0,0,4
629.0,95.0,81.0,494.0,258.68356,611.0,258.4,26.870058,0.0,60.809086,86.0,0.0,0.5,2.0,0,0,4
114.83601,74.0,74.70097,629.0,92.0,60.0,277.16937,0.0,361.0,157.30049,86.0,0.0,0.5,5.0,0,0,4
171.4931,54.0,54.0,613.0,100.0,60.0,258.4,0.0,36.885536,4449.2036,88.0,0.0,1.337198,13.340067,0,0,4
613.0,114.0,80.0,180.0,95.0,76.5,258.94174,0.0,0.0,118650.94,95.0,0.0,0.6666667,6.0,0,0,4
617.0,55.0,60.0,641.0,89.0,262.0,291.0,0.0,0.0,29.405767,86.0,0.0,0.71323097,2.0,0,0,4
593.71985,91.0,86.0,651.3128,95.0,389.56827,258.4,0.0,371.66284,11.656767,91.0,0.0,1.3333334,3.0,0,0,4
262.0,81.0,80.0,616.1944,91.0,60.0,302.74698,6.480881,0.0,3901.5283,86.0,0.0,0.8,4.0,0,0,4
200.85614,95.0,81.0,908.8141,91.0,60.0,264.33334,1.4995669,0.0,15059.712,91.0,0.0,2.0966806,58.87726,0,0,4
589.3111,54.0,54.0,613.0,256.0,552.0,245.66667,0.0,0.0,2304.7185,92.0,0.0,0.5,2.0,3,0,4
613.0,90.0,85.92674,701.59296,93.0,60.0,267.66666,0.0,0.0,3493.3274,91.0,0.0,0.5,2.0,0,0,4
114.0,54.0,55.0,786.0,91.0,80.0,225.81941,0.0,0.0,6677.8076,89.0,0.0,1.0664656,66.62221,3,0,4
446.0,90.0,81.0,610.6547,93.0,60.0,309.66666,0.0,61.29745,7674.4414,86.0,0.0,0.5,4.0,0,0,4
597.9261,54.0,60.0,757.0,91.0,60.0,264.0,0.0,0.0,5786.42,86.0,0.0,0.5,2.0,0,0,4
613.0,60.0,55.0,610.14545,353.2581,589.0,225.33333,0.0,0.0,4450.187,86.14496,0.0,0.5,5.0,0,0,4
581.0,81.0,86.0,611.0,93.0,60.0,360.47134,0.0,0.0,6240.8774,90.0,22.0,0.85714287,2.0,0,0,4
613.0,55.0,60.0,613.0,970.0573,85.0,303.79578,0.0,0.0,62.75671,256.0,0.0,0.5,2.0,0,0,4
610.12787,54.0,54.0,7170.885,848.0,60.0,348.86203,0.0,0.0,7096.691,95.0,0.0,0.5,2.0,0,0,4
581.0,86.0,88.47672,662.0,150.0,309.0,256.37234,0.0,0.0,4412.3506,91.48192,0.0,0.5,3.0,0,0,4
563.9595,54.0,54.0,1709.1455,96.59168,262.0,264.6795,0.0,0.0,4505.982,92.0,0.0,0.5,2.0,0,0,4
597.4176,82.0,87.45349,624.95984,848.0,90.0,259.0,1.9828578,0.0,8098.5137,93.0,0.0,1.3264103,2.0,0,0,4
496.1931,93.0,91.0,557.38,256.0,482.5667,258.4,0.0,0.0,124.48939,91.0,0.0,0.5,2.0,0,0,4
629.0,111.268295,86.0,794.2737,95.0,54.0,245.66667,84.22379,0.0,3821.289,91.0,0.0,1.3157895,2.0,0,0,4
522.208,82.0,74.0,611.14575,91.0,60.0,259.0,9.0,0.0,312.45627,86.0,0.0,1.0,7.0,0,0,4
60.0,95.0,74.0,494.0,256.0,60.0,281.092,0.0,0.0,6497.031,93.0,0.0,1.0959566,16.515942,0,0,4
610.0,54.0,55.0,1483.8883,91.0,597.0,212.48457,0.0,0.0,40.91466,91.0,0.0,0.5,2.0,0,0,4
76.5,81.0,82.0,562.1568,256.0,60.0,327.66666,0.0,0.0,23871.492,93.0,13.589989,0.5,13.956786,0,0,4
611.0,93.0,63.325424,524.0,100.535446,60.0,256.51483,0.0,0.0,5350.7354,92.0,0.0,0.8,18.216724,0,0,4
610.0,54.0,54.0,612.0,256.0,443.3387,264.33334,0.0,0.0,20145.727,126.888115,3.0,0.9285714,3.0,0,0,4
617.4,54.0,55.0,795.0,95.0,616.9354,265.0,0.0,507.5291,30.178535,92.0,0.0,0.5,2.0,0,0,4
604.51855,54.0,65.74276,662.4329,171.03247,494.0,259.0,0.0,0.0,118325.664,88.0,0.0,0.5,2.0,0,0,4
523.82635,80.0,74.0,616.0,767.5681,480.0,266.66666,0.0,0.0,7577.085,93.0,0.0,0.75,18.235477,0,0,4
610.0,95.0,76.0,524.0,165.6153,576.18524,258.0422,0.0,0.0,11.543835,86.0,0.0,0.8,2.0,0,0,4
613.0,54.0,54.0,2678.5354,150.46036,494.0,264.0,0.0,0.0,10425.175,102.0,0.0,0.6666667,3.0,0,0,4
617.0,95.0,88.0,734.0,150.0,60.0,350.50195,0.0,0.0,67.35349,91.333336,0.0,0.75,2.0,0,0,4
262.0,54.0,54.0,597.0,258.2506,262.0,264.0,0.0,4.502094,5347.0483,90.0,0.0,0.85714287,4.0,0,0,4
76.5,55.0,60.0,683.0,88.6056,60.0,309.66666,0.0,0.0,117714.62,86.0,0.0,0.5,6.0,0,0,4
589.0,91.0,82.0,217.0778,501.43488,60.0,259.66666,0.0,0.0,9.6313,102.0,0.0,1.3303384,11.0,3,0,4
486.0,54.0,54.0,7487.979,256.0,446.0,264.33334,0.0,0.0,118640.9,83.0,0.0,0.5,6.0,0,0,4
613.0,54.0,54.0,1781.5961,93.0,90.0,252.9317,0.0,0.0,4895.16,91.0,0.0,1.1085273,2.0,3,0,4
615.61194,82.0,80.0,589.0,92.0,611.03674,265.0,0.0,19.128656,4743.8027,91.0,0.0,0.5,2.0,0,0,4
610.0,95.0,92.0,613.0,111.0,60.0,291.0,0.0,0.0,6548.333,92.59685,0.0,1.0909091,2.0,0,0,4
566.95557,84.955444,80.0,629.0,92.0,90.0,247.83246,0.0,2.5137186,4515.9395,86.0,0.0,0.89118874,6.0,0,0,4
612.0,55.0,60.0,662.0,92.0,589.0,133.66145,0.0,0.0,4563.7856,91.0,0.0,0.5,2.0,0,0,4
378.28854,54.0,54.0,1784.0,256.0,60.0,306.91547,0.0,0.0,6669.147,97.51021,0.0,1.3262354,5.0,0,0,4
589.0,78.0,77.0,663.0,91.0,114.82346,133.82997,0.0,0.0,6276.6226,91.0,0.0,0.6666667,12.0,0,0,4
552.0,54.0,54.0,662.0,98.51232,60.0,258.4,0.0,4.5540247,26583.379,91.0,0.0,0.49908566,2.0,0,0,4
60.0,54.0,54.0,797.41425,95.0,60.0,268.29172,0.0,0.0,118194.53,93.0,0.0,1.3111516,14.0,3,0,4
612.54315,90.0,80.0,611.0,86.0,90.0,259.66666,0.0,0.0,6828.8345,81.0,0.0,0.6666667,2.0,0,0,4
262.0,54.0,54.0,589.0,968.0,60.0,244.62411,9.90992,0.0,13.952853,93.0,0.0,0.5,5.0,0,0,4
262.0,54.0,60.0,694.5142,92.20356,262.0,258.4,0.0,0.0,5907.918,91.0,0.0,0.5,6.743969,0,0,4
493.0,54.0,54.00394,811.0,91.0,85.0,243.1675,0.0,0.0,4099.3984,89.0,0.0,0.75,3.0,0,0,4
613.0,74.0,78.0,629.0,848.0,60.0,233.33333,0.0,0.0,6806.981,91.0,0.0,0.6666667,39.610214,0,0,4
613.0,54.0,54.0,760.2315,93.0,585.1996,264.12482,0.0,35.894344,4506.0312,89.0,2.0,0.5,2.0,0,0,4
581.0,91.0,86.0,557.0323,102.0,60.0,314.89993,21.06561,0.0,7.48512,89.03171,15.0,1.0909091,2.0,0,0,4
613.0,54.0,54.0,610.0,111.0,581.0,259.0,0.0,0.0,1342.1467,92.0,0.0,0.5,2.0,0,0,4
371.57666,54.0,55.0,1768.691,92.70266,85.0,265.0,0.0,541.67957,182.8075,91.0,11.0,0.5717794,4.0,0,0,4
589.0,54.0,54.0,1782.9503,1154.7985,262.0,258.4,18.834808,20.082054,5338.6743,86.0,0.0,0.5,2.0,0,0,4
593.2456,95.0,91.0,524.0,335.6843,262.0,267.66666,2.7985954,0.0,4.5444613,95.0,0.0,0.5,2.0,0,0,4
589.0,93.0,78.0,180.0,91.0,60.0,299.09805,0.0,13.365225,1549.3596,91.0,0.0,0.75,2.0,0,0,4
262.0,81.0,80.0,617.0,248.0,85.0,252.66667,0.0,0.0,139.67526,90.0,0.0,0.5,4.0,0,0,4
612.0,90.0,92.0,610.0,97.0,581.0,245.08513,0.0,16.5,4885.756,93.0,0.0,0.5,3.0,0,0,4
552.0,54.0,54.0,2683.5662,1262.0,483.1582,262.54086,0.0,319.63803,716.68555,91.0,7.0,0.5,2.0,0,0,4
617.0,95.0,81.0,698.26404,92.0,503.66196,258.4,0.0,457.71698,107.725426,86.0,9.930356,0.5,2.0,3,0,4
610.0,54.0,54.0,849.8883,91.0,114.834526,245.66667,0.0,0.0,45.588093,86.0,0.0,0.5,5.0,0,0,4
452.0219,86.0,80.0,610.0,147.72725,54.0,272.0,1.6711062,0.0,8.043992,86.0,0.0,0.75,3.0,0,0,4
640.75494,81.0,60.0,629.0,848.0,262.0,267.45865,1.65846,0.0,108116.43,86.0,0.0,0.6666667,2.0,0,0,4
589.0,77.0,77.0,735.4131,91.0,493.0,264.03125,0.5,0.0,5786.012,81.0,0.0,0.5,2.0,0,0,4
503.0,93.0,86.19896,637.85535,150.0,370.13324,243.0,0.0,0.0,4739.989,95.0,0.0,0.5,4.0,0,0,4
262.0,93.0,93.0,662.0,848.0,262.0,258.4,0.0,0.0,5967.723,96.93806,0.0,0.85714287,14.0,0,0,4
641.0,80.0,80.0,581.0,91.0,597.0,225.33333,0.0,0.0,62.746284,88.0,7.0,0.5,2.0,0,0,4
253.15704,105.31009,77.0,477.0,95.0,60.0,259.0,4.042583,361.0,1820.1097,91.0,4.873203,1.0,4.0,0,0,4
262.0,54.0,74.0,629.459,93.0,60.0,308.4736,0.0,0.0,7716.115,89.958084,0.0,0.6666667,5.0,0,0,4
579.9929,54.0,54.0,2110.1824,1262.0,76.62182,262.95428,0.0,0.0,3949.125,92.0,0.0,0.5,6.0,0,0,4
611.70233,81.85512,80.0,581.0,812.2235,262.0,259.0,0.0,0.0,7292.5537,95.0,9.0,0.5,2.0,0,0,4
616.0,80.0,78.0,613.0,95.0,114.83598,218.3089,0.0,0.0,41.317757,90.0,0.0,0.5,5.0,0,0,4
617.0,78.0,74.0,662.0,815.13556,90.0,264.33334,263.3514,0.0,7.954234,91.0,0.0,0.5,2.0,0,0,4
613.0,54.0,55.0,1784.0,848.0,567.89496,248.25212,0.0,358.5447,224.90112,147.83182,0.0,0.51474273,2.0,0,0,4
612.6694,86.0,88.04387,644.0,224.92108,611.0,257.33334,6.406372,16.5,6415.826,90.0,0.0,0.5,2.0,0,0,4
143.00812,91.0,88.0,524.0,91.0,60.0,327.66666,1.6671994,0.0,2932.2585,91.0,0.0,0.5,7.0,0,0,4
262.0,85.72505,81.0,629.0,807.0613,60.0,338.54486,0.0,0.0,7.6795163,91.0,0.0,0.5,6.0,0,0,4
613.0,54.0,54.0,7915.58,1779.7747,613.0,233.45454,0.0,0.0,62.71059,165.40988,0.0,1.3076923,2.0,0,0,4
552.0,54.0,54.0,2725.1814,318.0,60.0,291.0,0.5,0.0,1733.7039,91.0,15.0,0.5,2.0,0,0,4
603.61475,95.0,86.0,307.74548,146.0,114.0,281.0,0.0,0.0,5340.7354,88.0,0.0,1.1057388,2.0,0,0,4
613.0,54.0,60.0,641.0,116.557884,613.0,135.65027,0.0,0.0,122889.73,88.0,0.0,0.5,2.0,0,0,4
60.0,80.0,78.57143,662.0,111.0,60.0,309.66666,0.5,0.0,32189.805,80.0,0.0,2.213293,9.0,0,0,4
610.0,91.0,86.0,524.0,104.0,486.0,258.4,0.0,0.0,29534.992,90.0,0.0,0.5,4.0,0,0,4
564.2921,54.0,55.0,613.0,813.18866,60.0,266.21765,0.0,0.0,180600.2,81.0,0.0,0.5,2.0,3,0,4
613.0,60.0,60.0,612.0,92.0,611.177,259.66666,0.0,0.0,3702.56,88.0,0.0,0.5,2.0,0,0,4
563.78174,80.0,79.92345,610.0,111.0,483.15253,275.66666,0.0,0.0,59.33367,86.0,0.0,1.0,2.0,0,0,4
613.0,54.0,54.0,613.0,93.0,589.0,243.0,0.0,0.0,5737.367,86.0,0.0,0.79490906,2.0,0,0,4
613.0,74.0,77.0,611.2396,256.0,571.69464,136.55316,0.0,0.0,5971.903,86.69118,0.0,0.5,2.0,0,0,4
617.0,86.0,80.0,578.6022,92.0,60.0,308.7862,0.4956442,0.0,3957.4575,91.0,0.0,0.5,2.0,0,0,4
497.8347,54.0,54.0,1780.1436,91.0,60.0,267.66666,0.0,0.0,2397.699,90.0,0.0,0.5,2.0,0,0,4
641.0,54.0,54.759014,811.0,92.0,60.0,277.19052,72.67824,0.0,29049.564,91.0,0.0,0.6666667,2.0,0,0,4
571.7692,58.478493,54.0,786.2172,112.28839,494.0,227.33333,0.0,0.0,5497.0093,91.0,0.0,0.5,2.0,0,0,4
613.0,54.0,54.0,612.0,93.0,60.0,258.4,18.834808,0.0,62.79135,91.0,0.0,0.8333309,2.0,0,0,4
559.0182,91.0,80.0,567.0,95.0,89.43827,243.63603,0.0,0.0,1759.5504,91.0,9.0,0.75,2.0,0,0,4
477.0,78.0,76.0,662.0,89.0,59.40674,367.8168,0.0,0.0,62.716026,86.393074,0.0,0.5,3.0,0,0,4
262.0,86.0,81.0,629.0,100.0,262.0,256.33334,0.0,361.0,6423.789,90.0,0.0,0.6666667,18.477472,0,0,4
632.605,54.0,54.0,734.0,93.0,60.0,265.0,0.0,0.0,4622.3237,91.825806,0.0,0.6666667,2.0,0,0,4
613.0,54.0,54.0,5651.7427,1262.0,60.0,267.66666,321.6848,0.0,6339.184,92.0,0.0,0.9285714,2.0,0,0,4
589.0,81.0,83.0,662.0,86.0,581.0,265.0,0.0,361.0,6.9234805,86.0,0.0,0.5,2.0,0,0,4
589.0,86.0,78.0,612.8504,92.92258,415.39444,239.33333,0.0,0.0,183517.84,82.0,0.0,0.6666667,5.0,0,0,4
598.3834,93.0,78.0,459.0,95.0,60.0,272.1202,26.870058,0.0,2609.211,91.40055,0.0,0.5,2.0,0,0,4
461.599,86.0,86.0,567.0,256.0,60.0,301.3085,0.0,0.0,6243.9097,91.0,0.0,1.5749879,7.0,0,0,4
572.45215,81.0,86.0,611.6881,86.08334,90.0,267.66666,0.0,16.5,8.06729,86.0,0.0,0.5,2.0,3,0,4
612.0,90.0,91.0,641.0,256.0,60.0,208.33333,0.0,0.0,62.71676,91.0,0.0,0.72177804,10.780661,0,0,4
611.28156,54.0,54.0,641.0,91.0,262.0,228.12108,0.0,0.0,1706.6271,91.0,10.0,0.5,2.0,0,0,4
613.0,91.0,94.00355,480.0,695.07025,60.0,272.0,0.0,0.0,114.435745,95.0,3.0,0.5,2.0,0,0,4
617.02344,82.0,81.0,613.0,116.312454,114.0,256.33334,0.0,0.0,42412.83,91.0,0.0,1.1508003,2.0,0,0,4
524.36676,78.0,81.0,610.7846,91.0,60.0,275.66666,0.0,4.6526194,8.03419,86.0,0.0,0.5,2.0,0,0,4
589.0,54.0,54.0,1569.885,95.0,496.81656,258.4,0.0,358.70395,912.01495,91.0,29.519445,1.2891226,2.0,0,0,4
650.8196,74.0,60.0,662.0,971.1246,60.0,341.34253,0.0,0.0,5937.1143,91.0,0.0,0.6666667,2.0,0,0,4
572.22345,54.0,54.0,674.2736,95.51787,60.0,274.0,0.0,0.0,5491.612,83.0,0.0,0.5,2.0,0,0,4
262.0,256.0,88.0,493.0,848.0,57.192005,262.82245,0.0,40.394135,627.3274,92.29765,0.0,1.4285715,75.3507,0,0,4
589.0,54.0,54.0,1784.0,101.6926,60.0,258.4,0.0,0.0,6904.9224,80.0,0.0,0.85714287,2.0,0,0,4
610.3514,82.0,81.0,589.0,91.0,569.6177,224.61516,0.0,0.0,5973.4834,86.0,0.0,0.5714286,2.0,0,0,4
613.0,86.0,86.0,613.3305,91.0,589.0,225.33333,0.5,75.591774,5336.5312,88.0,0.0,0.5,2.0,0,0,4
381.86588,77.0,74.0,629.0,147.7066,85.0,258.4,0.0,0.0,12.490679,92.0,0.0,1.5488514,4.0,0,0,4
612.8002,54.0,55.0,632.31116,95.0,262.0,281.0,0.0,0.0,6773.8643,94.142044,0.0,0.5,2.0,0,0,4
211.69885,102.0,83.0,480.0,95.0,60.0,291.43472,0.0,0.0,6551.9673,91.0,0.0,0.8,4.0,0,0,4
610.0,86.0,81.0,538.1184,92.0,60.0,272.0,0.0,38.31101,5757.9185,88.0,22.718254,0.6666667,2.0,0,0,4
614.5134,89.0,86.0,629.0,848.0,60.0,322.01233,0.0,0.0,56530.766,86.0,3.0,0.5,2.0,0,0,4
589.0,81.0,80.0,610.0,93.0,567.0,259.0,0.0,0.0,5335.4585,93.0,6.595872,1.0,2.0,0,0,4
486.0,55.0,60.0,683.0,93.0,391.77,251.08241,0.0,0.0,21020.7,90.0,0.0,0.5,5.0,0,0,4
611.0,93.0,79.0,477.0,88.0,60.0,259.0,0.0,0.0,24078.295,83.0,0.0,1.0909091,2.0,3,0,4
454.01938,54.949287,60.0,683.0,111.0,60.0,274.0,0.0,0.0,122057.94,92.772835,11.0,0.5,7.0,0,0,4
594.6239,93.0,79.0,663.0,91.219376,60.0,267.66666,0.0,0.0,3288.7502,90.0,3.0,1.0047498,2.0,0,0,4
521.86383,54.0,54.0,662.5428,95.0,90.0,281.0,0.0,0.0,6831.1636,86.0,0.0,0.5,2.0,0,0,4
262.0,95.0,76.0,480.62405,93.0,262.0,258.4,0.0,0.0,6829.795,86.0,3.0,1.4285715,7.0,0,0,4
589.3164,74.0,73.222534,719.93866,848.0,60.0,292.13498,0.0,0.0,6829.272,95.0,10.0,0.5714286,2.0,0,0,4
552.0,54.0,54.0,798.78906,91.0,92.0,259.66666,2.1818962,0.0,6668.5767,91.0,0.0,0.5,2.0,0,0,4
511.40137,55.0,54.0,735.8362,91.17035,114.0,259.0,0.0,522.5915,2626.5657,86.0,0.0,1.0,24.046602,0,0,4
614.53723,91.0,81.0,486.0,95.0,576.77905,243.0,0.0,36.598736,8340.167,91.0,3.0,0.8,2.0,0,0,4
477.0,54.0,54.0,683.0,93.0,116.04909,249.43466,0.0,0.0,38004.027,74.0,0.0,0.5,6.0,0,0,4
60.0,102.0,80.0,482.10483,95.0,60.0,276.8609,0.0,0.0,118539.484,95.0,0.0,0.8,26.436113,0,0,4
589.0,54.0,54.0,613.0,91.0,567.0,243.55588,0.0,0.0,7656.57,83.0,0.0,0.5,2.0,3,0,4
549.50244,86.0,86.0,629.0,118.0,262.0,259.66666,0.0,51.08069,1760.1691,92.0,0.0,0.75,2.0,3,0,4
520.78986,95.0,81.0,524.0,256.0,60.0,258.4,0.0,0.0,8205.939,91.0,0.0,1.5375068,8.0,0,0,4
60.0,91.0,80.0,613.0,93.0,60.0,357.74146,1.6236044,0.0,8.574382,91.0,0.0,0.5,12.255088,0,0,4
552.0,85.0,89.55324,524.0,308.83432,60.0,274.0,0.0,30.524313,1512.586,91.0,0.0,0.6,11.0,0,0,4
244.16595,102.0,86.0,586.83997,96.263306,114.0,263.03687,0.0,361.0,2281.3682,92.0,0.0,0.5,8.0,0,0,4
552.0,54.0,54.0,1784.0,93.0,262.0,264.0,0.0,333.10297,5111.132,92.78504,0.0,0.5,2.0,0,0,4
589.0,54.0,54.0,1784.0,95.0,60.0,263.25342,21.22126,0.0,8.770801,91.0,0.0,0.8,12.0,0,0,4
493.0,54.0,55.0,643.8087,91.0,60.0,289.86813,0.0,0.0,4404.035,86.03277,0.0,0.6666667,3.0,0,0,4
620.4316,93.0,74.0,361.0314,114.0,60.0,265.0,0.0,0.0,30.647085,102.0,0.0,0.5,2.0,0,0,4
262.0,54.0,54.0,1784.0,92.0,90.0,233.33333,0.0,0.0,1494.9884,91.0,0.0,0.5,8.0,0,0,4
597.0,55.0,54.0,617.0,91.0,490.5535,265.0,0.0,0.0,4945.473,89.0,0.0,0.5,2.0,0,0,4
146.0,54.0,54.0,581.0,1262.0,83.445404,219.33333,0.0,0.0,4496.263,89.361084,0.0,0.5,10.843149,0,0,4
575.08777,253.02571,90.09328,180.0,256.0,76.5,256.0,0.0,0.0,6219.889,91.0,9.0,0.6666667,5.178338,0,0,4
613.0,86.0,86.0,641.0,256.0,91.9396,224.33333,0.0,0.0,11.46263,88.0,0.0,1.0909091,2.0,0,0,4
629.0,82.0,86.0,597.0,92.65729,494.52133,214.85252,0.0,0.0,6987.259,91.0,0.0,0.6666667,2.0,0,0,4
610.0,54.0,54.0,662.0,445.86823,60.0,274.0,0.0,0.0,7620.681,86.0,7.0,0.5,2.0,0,0,4
146.0,59.710155,60.0,644.0,256.0,76.5,291.0,0.0,485.51974,7.741873,93.0,0.0,0.6919306,12.916372,0,0,4
262.0,54.0,54.0,614.02386,92.0,96.94205,257.04114,0.0,0.0,6985.9185,91.0,0.0,1.5388838,5.0,3,0,4
581.0,81.0,78.0,610.88367,92.0,146.0,257.00928,0.0,0.0,5337.899,80.0,0.0,0.5,2.0,0,0,4
611.4036,93.0,77.0,524.0,146.0,84.99166,243.0,0.0,0.0,4009.2454,92.0,0.0,0.5,2.0,0,0,4
496.09543,91.0,91.0,613.0,92.18431,395.11783,256.39197,0.0,23.879606,1725.2092,91.9886,0.0,0.8475222,3.0,3,0,4
629.0,76.4593,74.0,641.0,605.05035,60.0,316.1784,0.0,335.0401,10.196105,91.0,0.0,0.6666667,2.0,0,0,4
610.09155,54.0,54.0,760.4581,149.15654,262.0,265.0,0.0,16.5,8.044452,86.0,0.0,0.5,5.0,0,0,4
262.0,74.0,78.0,629.0,91.333336,262.0,283.33334,0.0,16.5,58.412014,86.0,0.0,0.5,13.059526,0,0,4
610.0,54.0,54.0,1772.2094,91.0,60.0,275.70062,26.870058,0.0,8.055384,82.06797,0.0,0.79387647,2.0,0,0,4
590.2218,95.0,81.0,610.0,93.0,60.0,263.5482,0.0,0.0,5508.076,86.57913,0.0,0.6967724,2.0,0,0,4
589.0,54.0,54.0,2618.9802,104.0,60.0,267.66666,0.0,75.1812,10075.612,81.0,0.0,0.6,2.0,0,0,4
613.0,54.0,54.0,662.0,92.0,139.70088,258.4,0.0,0.0,2597.4292,91.0,0.0,0.5,8.0,0,0,4
521.42413,91.0,60.0,373.78653,92.0,494.2304,258.4,0.0,361.0,14758.724,91.0,21.28611,0.5,6.0,0,0,4
614.0,54.0,54.0,2251.368,112.026,114.833336,245.66667,0.0,0.0,5852.062,85.98743,0.0,1.5645747,59.65217,0,0,4
613.0,86.0,80.0,732.11035,91.333336,60.0,267.66666,0.0,0.0,32.84648,91.0,0.0,0.5,2.0,0,0,4
629.0,54.0,60.0,663.0,89.0,60.0,272.0,21.277777,0.0,45.244427,86.66729,0.0,0.5,2.0,0,0,4
495.5081,60.0,55.0,630.4564,1366.8297,60.0,281.8847,0.0,0.0,7.8770003,86.0,0.0,0.5,8.0,0,0,4
493.88498,54.0,54.0,662.0,92.0,60.0,265.0,0.0,0.0,4383.5576,88.0,0.0,1.4285715,10.556772,0,0,4
563.9439,54.0,54.0,5904.99,848.0,60.0,281.0,0.0,405.0372,8238.205,116.58589,0.0,0.5,2.0,0,0,4
496.24142,80.0,80.0,629.0,92.0,60.0,298.0,1.9749337,0.0,4966.017,86.372246,0.0,0.5,2.0,0,0,4
591.3251,54.0,54.0,610.0,1262.0,262.0,258.4,0.0,0.0,46313.383,95.0,0.0,0.5,2.0,0,0,4
613.0,54.0,54.0,589.0,848.0,477.0,281.0,0.0,0.0,62.716537,91.0,0.0,0.8,2.0,0,0,4
446.0,89.661125,80.0,486.0,144.92477,114.0,291.0,0.0,0.0,4405.7656,90.33535,0.0,0.5,20.452883,0,0,4
613.0,95.0,86.0,180.0,256.0,73.769775,264.0,0.0,20.0,4434.018,91.0,0.0,1.3229574,8.0,3,0,4
567.0,83.53327,86.0,523.7214,102.0,54.0,415.27274,26.870058,0.0,5055.78,92.0,4.1592565,0.5,2.0,0,0,4
613.0,114.0,93.759125,641.0,150.0,262.0,254.62587,0.0,117.28884,3503.317,146.0,0.0,1.3076923,22.057446,0,0,4
589.0,102.0,89.0,180.0,248.0,581.0,258.4,0.0,0.0,7622.827,91.0,0.0,0.5,2.0,0,0,4
486.0,80.0,79.0,572.19196,256.0,262.0,270.37076,0.0,0.0,5782.4497,88.577156,0.0,0.5,8.753877,0,0,4
80.0,93.0,91.0,589.0,106.43004,60.0,333.87198,0.0,0.0,5744.6484,91.0543,0.0,0.5,7.0,0,0,4
552.0,88.99488,81.0,606.60583,98.463104,60.0,274.0,0.0,0.0,29511.55,91.0,7.0,0.75,20.249916,0,0,4
498.0,54.0,54.0,605.39484,354.27255,60.0,334.35907,0.0,361.0,2716.2786,91.0,0.0,0.5,2.0,0,0,4
611.7946,82.0,81.0,524.0,92.007355,60.0,270.85474,0.0,184.88991,7101.739,86.0,0.0,0.5,2.0,3,0,4
481.16165,54.0,54.0,811.0,94.10269,92.0234,259.0,0.0,0.0,4365.5728,92.0,0.0,0.85714287,2.0,0,0,4
372.183,59.27696,74.0,612.0,590.49493,60.0,327.66666,0.0,501.29535,225.18184,91.0,0.0,0.6666667,5.0,0,0,4
494.0,54.0,60.0,793.0488,93.0,89.0,245.66667,0.0,0.0,4960.139,87.8287,0.0,0.6666667,2.0,0,0,4
497.77966,60.0,60.0,610.0,1215.2228,90.0,257.04047,0.0,20.0,4074.7705,92.0,0.0,0.5,2.0,0,0,4
256.0868,81.0,80.0,617.0,100.71054,60.0,267.66666,21.06561,0.0,4405.0107,90.0,0.0,0.6666667,59.747112,0,0,4
610.0,77.0,77.0,641.0,91.0,597.9156,272.0,0.0,0.0,6431.4243,86.0,0.0,0.5,2.0,3,0,4
484.0,54.0,60.0,1839.7738,1007.78827,60.0,315.00195,0.0,16.5,11.995431,91.0,0.0,0.5,3.0,0,0,4
610.0,86.0,80.0,524.0,86.52195,589.0,258.4,0.0,0.0,71781.414,86.0,0.0,0.5,2.0,0,0,4
616.0742,95.0,80.0,477.0,96.002785,480.69754,263.05295,0.0,0.0,76724.97,88.922264,0.0,0.5,2.0,0,0,4
486.0,54.0,54.0,790.7479,90.0,85.0,224.33333,0.0,0.0,5890.85,82.08932,0.0,0.5,3.0,0,0,4
574.39075,93.0,81.0,180.0,146.0,524.5811,258.4,0.0,0.0,6080.404,83.0,0.0,0.95539856,2.0,0,0,4
80.0,88.0,89.0,617.0,307.91846,60.0,267.666,0.0,0.0,9510.68,95.07841,3.5462048,1.4661869,11.0,0,0,4
613.0,77.0,77.77801,734.0,86.0,60.0,274.0,0.0,51.85959,18311.004,80.0,0.0,0.5,2.0,0,0,4
659.2159,54.0,54.0,1861.2595,645.5308,262.0,298.9317,0.0,0.0,119349.97,79.8,0.0,0.5,2.0,0,0,4
617.0,86.0,89.26328,614.1382,95.0,262.0,272.0,0.0,16.5,18039.756,95.0,0.0,0.9726735,2.0,0,0,4
610.0,54.0,54.0,616.41956,1784.0,422.7034,267.66666,0.0,0.0,13682.3955,97.10391,7.0,0.5,8.0,0,0,4
641.0,54.0,60.0,683.0,1262.0,60.0,257.33334,14.139347,76.400154,6.75087,91.0,0.0,0.8,2.0,0,0,4
613.0,223.87903,66.0,494.0,248.0,76.5,248.0,0.0,0.0,118.68152,91.0,14.0,1.110489,15.520831,3,0,4
389.57498,77.0,78.0,659.3948,91.0,262.0,265.0,0.5,0.0,310.14453,86.0,7.0,0.5,5.0,3,0,4
589.0,91.0,83.27045,617.0,92.22973,480.0,267.07278,0.0,0.0,3463.419,91.0,0.0,2.4213772,58.241783,0,0,4
613.0,54.0,54.0,613.0,91.0,60.0,259.66666,0.0,361.0,6831.59,86.0,0.0,0.96152866,11.0,0,0,4
613.814,60.0,60.0,662.0,95.0,157.67096,229.33333,0.0,44.625095,5792.1675,84.04841,0.0,0.5,4.0,3,0,4
92.0,78.0,74.0,614.60443,92.0,60.0,259.0,0.0,0.0,5676.5415,86.0,0.0,0.7561055,9.0,0,0,4
496.7565,91.0,86.0,589.0,95.0,60.0,399.5552,0.0,0.0,14814.631,91.0,0.0,1.9407434,13.618624,0,0,4
571.7692,91.0,85.0,524.0,91.0,60.0,300.45377,0.0,346.95978,13521.719,86.0,0.0,1.3840382,2.0,0,0,4
581.0,99.689255,88.81276,472.46503,256.0,503.0,214.0267,0.0,0.0,84065.55,90.0,0.0,0.5,2.0,3,0,4
92.0,91.0,82.0,483.0,256.0,85.0,258.4,0.0,0.0,4.5488033,91.0,0.0,0.5,9.0,0,0,4
60.0,54.0,54.0,2476.577,110.88339,60.0,267.66666,26.870058,369.74124,4489.031,92.0,3.0,1.0,8.0,0,0,4
589.0,54.0,54.0,5512.0,111.0,481.66525,258.4,0.0,0.0,5495.632,86.0,0.0,0.79479474,62.19417,0,0,4
589.0,90.2175,91.0,614.0,95.0,54.0,249.37474,26.870058,0.0,5895.6855,92.0,0.0,0.5,2.0,0,0,4
90.0,54.0,55.0,735.88715,92.0,83.57837,291.0,0.0,372.12927,10079.821,91.0,0.0,0.5,5.0,0,0,4
522.78284,54.0,54.0,663.0,93.0,85.0,258.4,0.0,0.0,126983.81,55.0,0.0,0.5,2.0,0,0,4
262.0,91.0,81.0,1784.0,91.0,60.0,259.0,0.0,0.0,3967.9622,90.0,0.0,0.5,18.390856,0,0,4
616.0,95.0,78.0,180.0,108.7646,552.0,243.0,0.0,0.0,28972.287,102.0,7.0,0.5,2.0,0,0,4
612.0,90.0,81.0,524.0,86.0,537.65186,258.4,0.0,0.0,5913.4336,86.0,0.0,0.5,2.0,0,0,4
613.0,102.0,80.0,666.4428,256.0,60.0,337.44327,0.0,0.0,83335.42,86.0,0.0,0.5,2.0,3,0,4
613.0,80.0,81.0,683.0,848.0,60.0,267.09164,0.0,0.0,9.635901,91.0,0.0,0.85714287,2.0,0,0,4
613.0,81.0,78.0,613.0,92.017296,477.0,259.66666,0.0,0.0,5341.9604,86.0,17.0,0.5,3.3340821,0,0,4
149.57368,54.0,55.0,641.0,93.0,60.0,278.4467,0.0,0.0,6925.4707,88.85037,0.0,0.6666667,18.081297,0,0,4
549.619,114.0,90.0,662.0,256.0,60.0,269.47488,0.0,172.7183,7.959646,256.0,11.0,0.5714286,2.0,0,0,4
76.5,60.0,60.0,589.0,1262.0,60.0,267.66666,0.0,0.0,122416.89,86.0,0.0,0.58751374,50.897064,0,0,4
631.3362,54.0,54.0,941.24243,230.31793,60.0,259.66666,0.0,0.0,62.72216,103.381195,0.0,1.0909091,2.0,0,0,4
613.0,86.0,77.0,567.0,98.53231,486.27127,272.0,0.0,0.0,10.351949,92.0,0.0,0.5,9.0,0,0,4
589.0,54.0,54.0,716.38165,85.0,60.0,362.9781,0.0,0.0,151491.61,80.0,0.0,0.5,2.0,0,0,4
612.0,90.0,86.0,524.0,87.92957,611.0,258.4,0.0,0.0,117405.336,86.0,0.0,1.3076923,2.0,0,0,4
567.0,54.0,55.0,663.0,95.0,60.0,274.0,0.0,0.0,10450.843,82.25749,0.0,0.5,2.0,0,0,4
613.0,54.0,55.0,662.0,166.03136,563.74854,245.66667,0.0,0.0,83232.52,90.0,0.0,0.5,2.0,0,0,4
617.0,54.0,54.0,786.0,86.0,161.78726,276.84927,0.0,0.0,5869.405,86.0,3.0,1.0,2.0,0,0,4
610.0,93.0,91.0,613.7202,93.0,579.8926,256.33334,0.0,0.0,3795.5513,91.0,10.0,0.5,2.0,0,0,4
612.82684,54.0,54.0,613.0,151.35332,571.7692,259.66666,0.0,0.0,7916.61,92.0,0.0,0.5,2.0,0,0,4
611.0,54.0,54.0,2019.8099,91.0,593.1668,258.4,0.0,0.0,5949.075,86.0,0.0,1.3333334,2.0,0,0,4
80.56696,86.0,80.0,613.0,95.0,60.0,267.66666,2.79463,375.43973,10066.366,86.0,0.0,1.5736382,39.220104,0,0,4
262.0,55.0,60.0,757.0,1242.9622,146.0,283.33334,0.0,283.15512,32.91165,229.63414,0.0,0.5,4.0,0,0,4
166.0,74.0,74.0,613.0,91.0,125.405174,259.66666,0.0,0.0,1278.7372,83.0,0.0,1.3076923,4.0,0,0,4
262.0,80.0,79.0,567.0,1230.9054,219.44034,258.4,0.0,0.0,150044.38,89.0,0.0,0.9245134,5.0,0,0,4
581.0,91.0,88.34201,524.0,130.98059,262.0,258.4,1.6723487,0.0,225.17607,95.0,0.0,0.14167342,2.0,0,0,4
148.38261,91.0,91.0,596.6079,248.0,60.0,258.4,0.0,0.0,29398.824,130.94162,0.0,0.5,8.0,3,0,4
613.0,54.0,54.0,641.0,91.0,555.6316,228.9418,0.0,0.0,7088.8564,86.0,0.0,0.5,2.0,0,0,4
481.54297,91.99134,83.0,524.0,300.48798,60.0,291.0,0.0,0.0,20854.207,91.0,12.650999,0.5,2.0,0,0,4
215.86252,54.0,54.0,1784.0,1262.0,60.0,254.64447,26.870058,0.0,139979.7,121.04548,3.0,0.5,8.0,0,0,4
610.72253,91.0,80.0,629.0,95.0,378.71838,267.66666,0.0,0.0,6456.667,95.0,17.0,2.0548787,40.780266,0,0,4
610.90314,86.0,86.0,589.0,91.0,60.0,259.66666,0.0,0.0,17.676388,90.0,0.0,0.49491146,2.0,0,0,4
494.0,54.0,55.0,619.102,92.0,477.7462,245.34853,21.724964,0.0,5886.7456,80.0,0.0,0.5,3.0,0,0,4
486.0,114.0,88.0,581.0,92.0,74.11005,250.21686,0.0,0.0,5983.5024,89.0,0.0,0.6666667,8.0,0,0,4
597.0,54.0,54.991035,683.0,91.0,493.16388,267.66666,0.0,0.0,145209.94,91.0,15.0,0.5,2.0,0,0,4
610.0,81.0,82.0,629.0,150.0,445.6672,254.90437,0.0,0.0,119036.42,95.0,0.0,0.5,5.0,0,0,4
611.0,95.0,88.0,554.9766,93.0,572.9698,213.94835,0.0,0.0,5392.281,91.75251,0.0,0.5,3.0,0,0,4
262.0,54.0,54.0,662.0,276.26483,60.0,258.98544,0.0,0.0,5752.6377,94.91368,0.0,0.5,5.0,0,0,4
613.0,91.0,86.0,494.91412,95.0,149.35179,245.66667,0.0,457.3099,62.787388,91.0,0.0,0.78805757,39.934628,0,0,4
573.1258,54.0,54.0,663.0,848.0,523.0,264.0,0.0,0.0,7733.138,91.0,0.0,0.5,2.0,3,0,4
614.6957,86.0,82.0,524.0,92.52057,79.67364,264.46744,0.0,493.8745,455.28387,86.0,0.0,0.5,2.0,0,0,4
609.5396,82.0,86.0,613.0,93.22906,60.0,267.66666,0.0,0.0,5078.1777,91.0,0.0,0.5,2.0,0,0,4
567.0,55.0,54.0,612.0,351.40082,484.0,265.0,0.0,0.0,5694.1665,86.00936,0.0,0.5,7.0,0,0,4
597.0,76.0,74.0,613.0,91.0,262.0,258.4,0.0,0.0,3857.3538,86.0,0.0,0.5,2.0,0,0,4
589.0,54.0,54.0,5086.3423,97.0,60.0,323.66666,1.6485003,0.0,4172.9404,91.0,0.0,0.5,2.0,0,0,4
552.0,91.0,78.0,477.0,114.0,85.0,291.09723,0.0,0.0,748.13574,109.535034,0.0,0.69502854,2.0,0,0,4
493.0,54.0,54.0,757.0,1262.0,60.0,333.51117,0.0,0.0,4507.0474,92.0,0.0,0.5,2.0,3,0,4
616.7552,54.0,54.0,7783.6035,807.19183,552.0,256.33334,0.0,0.0,131732.55,147.86061,0.0,0.5,2.0,0,0,4
262.0,54.0,54.0,612.0,247.59523,262.0,267.66666,0.0,0.0,6797.9844,94.151405,0.0,0.5,4.0,0,0,4
611.0,114.0,81.0,478.5125,95.0,597.0,264.0,0.0,0.0,718.5146,91.0,0.0,0.85714287,2.0,0,0,4
262.0,82.0,81.0,669.64874,91.0,60.0,267.66666,21.279482,0.0,7295.8384,88.0,0.0,0.5,7.322544,0,0,4
595.1016,91.0,82.65024,1094.8127,111.0,85.0,291.0,0.0,0.0,6672.2476,95.0,0.0,0.75,2.0,0,0,4
552.0,91.0,86.547264,180.0,345.5156,309.0,274.0,0.0,0.0,6.6040535,95.0,0.0,0.85714287,4.0,0,0,4
616.0,54.0,54.0,795.0,95.0,589.0,264.0,0.0,0.0,8.090705,86.0,0.0,0.5,2.0,0,0,4
60.0,54.0,54.0,6680.942,437.75784,60.0,274.0,0.0,0.0,11.46896,93.0,0.0,0.5,11.0,0,0,4
641.0,54.0,74.0,662.0,93.0,63.0,265.0,26.870058,0.0,8.038484,92.0,0.0,1.1,2.0,0,0,4
552.0,54.0,54.0,8669.651,1262.0,89.0,253.76349,0.0,10.532791,25165.955,88.25567,0.0,0.5,2.0,0,0,4
597.0,54.0,54.0,5005.502,92.0,262.0,245.66667,0.0,0.0,9.7008505,91.0,0.0,0.8,5.0,0,0,4
589.0,54.0,60.0,620.793,92.0,60.0,291.0,0.0,1.4639902,62.699306,90.0,0.0,0.5,2.0,0,0,4
612.0,87.55346,84.31326,610.0,93.0,114.83552,134.68515,0.0,0.0,5899.894,90.0,0.0,0.5,8.0,0,0,4
60.0,93.0,97.0,524.0,256.0,60.0,267.66666,7.288395,256.66785,32.697575,244.70448,0.0,1.0,38.560402,0,0,4
595.0562,91.0,86.0,641.0,92.0,477.0,259.66666,0.0,0.0,3164.8381,91.0,0.0,0.5,2.0,0,0,4
262.0,86.0,86.0,581.0,93.0,60.0,323.17343,0.0,0.0,1736.9313,91.0,0.0,0.5,6.0,3,0,4
582.17255,86.0,81.0,662.3628,95.0,60.0,259.66666,1.6304716,102.69375,3409.0198,89.1837,0.0,0.5,2.0,0,0,4
472.41534,54.0,54.0,9075.253,991.5145,85.0,281.0,1.872832,0.0,5407.4756,92.0,0.0,0.5,3.0,0,0,4
617.0,74.0,60.0,629.63025,256.0,60.0,323.66666,0.0,0.0,84068.78,79.0,0.0,0.5,2.0,0,0,4
79.842766,60.0,74.0,614.55133,149.12883,60.0,370.17822,0.0,0.0,117083.75,97.0,0.0,1.3261957,5.0,0,0,4
610.0,54.0,54.0,610.74054,256.0,60.0,291.0,0.0,0.0,5771.333,83.77983,0.0,0.6666667,2.0,3,0,4
76.5,93.0,92.0,484.0,97.0,60.0,338.60083,0.0,0.0,2572.1746,93.0,0.0,1.7397137,32.045704,0,0,4
114.0,54.0,54.0,757.0,95.0,90.12987,264.0,26.870058,0.12931529,45.58322,91.333336,0.0,0.75,59.00023,0,0,4
80.0,55.0,74.0,664.57697,95.0,60.0,267.66666,0.0,348.24734,600.7269,91.0,0.0,0.5,8.0,0,0,4
496.0,81.0,81.0,644.0,271.6225,483.45355,264.14236,0.0,0.0,8473.687,91.0,0.0,0.14165623,2.0,0,0,4
597.8646,60.0,74.0,698.0,91.0,262.0,225.33333,0.0,0.0,45.575344,86.0,0.0,0.6,2.0,0,0,4
612.0,54.0,55.0,683.0,397.7143,90.0,257.44568,0.0,0.0,18.938652,104.0,0.0,0.5,2.0,0,0,4
613.0,91.0,80.0,552.0,219.10878,369.35947,258.4,0.0,0.0,40.681976,91.764366,0.0,1.3281902,3.0,3,0,4
611.0,80.0,82.0,524.0,95.0,76.5,258.4,0.0,0.0,15038.902,85.32854,3.0,1.8077681,10.884877,0,0,4
134.59787,60.0,60.0,795.0,972.166,60.846134,280.08374,0.0,0.0,7032.269,86.0,0.0,0.5,8.086918,0,0,4
641.0,80.0,80.0,641.0,91.0,60.0,267.66666,0.0,1.6370826,1498.6698,86.0,0.0,0.6666667,2.0,0,0,4
623.878,77.0,74.0,629.0,91.146095,83.8859,259.66666,2.8665469,0.0,11.535127,85.75417,0.0,0.5,2.0,0,0,4
616.0088,54.0,54.0,644.0,87.101074,60.0,278.09515,0.0,0.0,32.7684,86.0,0.0,0.5,2.0,0,0,4
620.3016,54.0,54.0,1675.2979,92.0,613.0,258.4,0.0,0.0,4963.013,89.0,0.0,1.0909091,2.0,0,0,4
613.0,54.0,54.0,610.0,972.6763,262.0,272.0,0.0,0.0,6.771712,309.38675,0.0,0.9265459,4.0,0,0,4
547.8647,86.0,91.0,629.0,256.0,86.54691,274.0,5.594817,0.0,4506.421,91.25362,0.0,0.5,5.0,0,0,4
617.0,54.0,54.0,2537.7283,111.0,149.58101,260.54242,20.965649,0.0,6669.364,93.0,2.0,0.5,9.629848,0,0,4
494.0,86.0,81.0,617.0,91.0,60.0,309.66666,0.0,19.295076,2654.5876,91.0,0.0028953552,0.5,2.0,0,0,4
613.0,77.0,80.0,617.0,93.32123,610.0,267.66666,0.0,0.0,117840.766,88.0,0.0,0.5714286,2.0,0,0,4
581.0,78.0,55.0,734.0,93.0,60.0,274.0,0.0,403.3882,228.5141,91.0,3.0,0.6666667,2.0,0,0,4
496.76175,95.0,57.168247,180.0,146.0,262.0,287.62326,0.0,0.0,1855.3654,92.0,0.0,0.6666667,5.0,0,0,4
599.9476,54.0,54.0,5007.851,256.0,60.0,265.0,0.0,0.0,32.84053,91.0,0.0,0.5,2.0,0,0,4
366.14548,54.0,54.0,1520.7198,1180.5293,81.63465,259.3158,0.0,0.0,5968.342,93.0,0.0,0.5,6.0,0,0,4
498.08987,54.0,54.0,662.0,86.0,60.0,274.0,0.0,0.0,62.777905,86.0,0.0,1.068216,2.0,0,0,4
77.94423,54.0,54.0,4969.332,256.0,60.0,265.0,20.654026,0.0,5902.859,93.0,0.0,0.5,6.0,0,0,4
76.5,101.04075,91.0,180.0,256.0,60.0,327.66666,0.0,0.0,5935.6465,95.0,0.0,0.5714286,7.0,3,0,4
570.061,60.0,74.0,613.0,972.667,60.0,258.4,0.0,0.0,4303.459,90.0,0.0,0.5,12.396257,0,0,4
398.93948,81.0,85.00164,610.1143,92.0,60.0,265.0,0.0,0.0,7599.2334,90.0,0.0,0.5,3.0,0,0,4
566.4844,76.0,74.0,688.303,91.0,262.0,264.0,0.0,0.0,6666.89,80.0,0.0,0.5,2.0,0,0,4
552.0,55.0,54.0,2690.1667,112.10399,60.0,283.33334,0.0,0.0,8500.126,95.0,14.0,0.5,2.0,0,0,4
613.0,54.0,54.0,738.67096,848.0,405.44614,264.0,0.0,16.386065,6486.879,81.0,0.0,0.5,4.0,0,0,4
366.57886,54.0,54.0,697.466,92.0,60.0,309.66666,0.0,346.98788,225.1408,91.0,0.0,0.5,4.0,0,0,4
597.0,54.0,54.0,757.0,91.0,546.19104,266.87314,0.0,0.0,27.643011,90.0,0.0,0.5,2.0,0,0,4
562.8505,54.0,54.0,616.0,91.0,76.5,251.40869,0.0,0.0,2997.1814,88.0,0.0,0.5,9.0,0,0,4
495.15588,54.0,55.0,613.0,256.0,88.081375,258.4,0.0,0.0,5919.2993,92.81998,0.0,0.5,2.0,0,0,4
590.4304,88.32172,80.0,589.0,89.0,494.0,257.33334,0.0,0.0,14616.239,80.0,0.0,0.5,3.0,0,0,4
662.0,55.0,74.0,614.0,93.0,477.0,267.66666,0.0,0.0,9.700024,91.0,0.0,0.5,2.0,0,0,4
572.7454,93.0,86.0,582.12854,848.0,565.12384,259.0,0.0,0.0,9656.274,92.0,0.0,0.5,2.0,0,0,4
589.0,54.0,54.0,909.2051,100.0,262.0,256.33334,26.870058,0.0,907.77014,91.0,0.0,1.1,2.0,0,0,4
493.0,78.0,80.0,589.0,97.0,446.0,258.4,117.59478,9.470627,2304.5679,92.0,0.0,0.9223036,2.0,0,0,4
589.0,54.0,54.0,1777.1871,91.0,60.0,274.0,1.6238109,0.0,186485.72,78.77863,0.0,0.5,2.0,0,0,4
480.0,54.0,54.0,7468.436,1262.0,154.79247,254.57468,0.0,0.0,9554.343,91.0,0.0,1.0,8.0,0,0,4
589.0,79.0,60.0,644.0,962.27966,60.0,265.0,21.279482,0.0,7007.098,92.0,0.0,0.6666667,12.0,0,0,4
615.6664,54.0,60.0,663.0,95.0,610.0,243.20625,0.0,0.0,6460.468,92.0,0.0,1.0,2.0,0,0,4
614.12854,54.0,54.0,5284.3037,383.1845,114.0,264.0,0.0,20.0,754.12964,91.53289,0.0,1.2626642,2.0,0,0,4
394.87073,60.0,60.0,1765.2821,848.0,60.0,309.66666,0.0,31.669567,8101.2246,91.0,0.0,0.5,5.0,0,0,4
262.0,54.0,54.0,641.0,92.0,60.0,298.68265,1.6459596,0.0,4950.226,86.0,0.0,1.029841,4.2573295,0,0,4
610.0,91.0,86.0,581.0,95.0,76.5,132.49536,0.0,0.0,62.719387,90.0,0.0,1.5150207,122.14934,0,0,4
571.7692,54.0,55.0,614.04425,256.0,567.0,92.0,0.0,0.0,2257.072,91.0,0.0,0.5,2.0,0,0,4
535.1048,54.0,54.0,1643.3976,256.0,503.0,264.0,0.0,0.0,2304.747,92.0,0.0,0.5,2.0,0,0,4
89.433876,54.0,54.0,610.0,93.0,60.0,263.22382,0.0,0.0,24333.047,91.0,0.0,0.6666667,8.0,0,0,4
511.89752,54.0,55.0,613.0,1043.935,114.83425,253.37526,0.0,527.58435,225.21144,95.0,0.0,0.5,5.0,0,0,4
613.0,54.0,54.0,5005.749,937.7588,262.0,290.6168,0.0,0.0,64.68852,255.48357,0.0,1.3118682,2.0,3,0,4
480.5758,60.64124,60.0,629.0,91.06766,60.0,265.0,0.0,0.0,3766.37,85.409676,0.0,0.6666667,12.0,0,0,4
610.0,54.0,54.0,683.0,92.64021,92.0,258.4,0.0,0.0,5971.026,91.0,0.0,1.0,18.787678,0,0,4
612.0,54.0,54.0,612.4512,256.0,276.3601,259.0,0.0,350.56323,8498.77,93.0,0.0,0.5,6.0,0,0,4
497.0338,54.0,54.0,641.85046,91.0,262.0,264.0,0.0,0.0,5963.757,90.0,0.0,1.4285715,2.0,0,0,4
114.899605,54.0,55.0,663.0,95.0,89.0,264.08713,0.0,0.0,29190.828,91.0,14.768436,2.1450117,98.40171,0,0,4
612.0,86.0,81.0,524.0,90.0,262.0,215.88528,0.0,0.0,3356.6704,86.0,0.0,0.5,5.0,0,0,4
260.74567,54.0,54.0,8430.402,1262.0,60.0,267.66666,26.870058,0.0,62.79485,92.0,0.0,0.5,7.0,0,0,4
640.1988,54.0,55.0,611.5757,1262.0,494.0,224.9828,0.0,0.0,7.8693023,90.0,0.0,0.6666667,2.0,0,0,4
86.73938,93.0,256.0,662.0,523.69977,80.0,281.0,1.7045462,0.0,4.550305,256.0,0.0,0.5,6.0,0,0,4
613.0,54.0,54.0,1083.8147,1278.2993,610.0,208.33333,0.0,0.0,6579.1797,82.0,0.0,0.85714287,2.0,0,0,4
610.0,93.0,90.0,612.0,94.09854,486.0,264.0,0.0,0.0,6941.189,93.0,9.0,0.5,2.0,0,0,4
597.0,54.0,55.0,757.0,848.0,589.0,259.66666,0.0,0.0,7.9981556,256.0,0.0,0.5,2.0,0,0,4
566.0197,54.0,54.0,662.0,969.8652,112.551125,291.0,0.0,362.5731,2630.6414,91.0,0.0,1.2909971,2.0,0,0,4
168.40865,54.0,54.0,757.0,100.0,60.0,298.0,0.0,16.5,4438.4644,89.518616,0.0,0.5,7.0,0,0,4
613.0,54.0,54.0,871.5937,848.0,612.5619,264.33334,0.0,122.3669,3973.623,90.78484,0.0,0.5714286,2.0,0,0,4
589.0,54.0,55.0,610.821,111.0,262.0,258.2472,0.0,0.0,8.56702,86.0,0.0,0.5,2.0,0,0,4
262.0,79.72708,80.0,597.0,95.0,85.0,259.0,0.0,0.0,6277.9595,86.0,0.0,0.5,3.0,0,0,4
477.0,54.0,54.0,691.4201,621.6716,63.0,266.66666,0.0,0.0,195761.69,60.0,0.0,0.5,2.0,3,0,4
552.0,54.0,54.0,662.0,89.0,480.6775,258.57144,0.0,476.0384,4647.9155,86.0,0.0,0.5,2.0,0,0,4
613.0,54.71031,60.0,795.0,111.0,612.0,211.66426,0.0,0.0,7292.6733,95.0,0.0,0.5714286,2.0,0,0,4
610.0,95.0,78.95659,498.0,146.0,60.0,243.0,0.0,16.5,36538.824,83.0,0.0,0.8,19.690521,3,0,4
615.80927,54.0,55.0,1450.6239,97.0,611.0,237.05109,0.0,0.0,11.539388,91.0,0.0,0.5,2.0,0,0,4
69.56039,54.0,54.0,616.6504,171.80722,60.0,309.66666,0.0,0.0,156993.61,86.0,0.0,0.5,6.192691,0,0,4
567.0,90.0,91.0,630.1552,96.87573,60.0,267.12048,5.736149,1.6244657,62.71107,92.0,0.0,0.6666667,2.0,0,0,4
257.02472,95.0,81.0,479.55447,95.0,60.0,366.109,0.0,0.0,7217.0605,90.0,13.0,0.5,6.0,0,0,4
613.0,54.0,54.0,2403.4343,100.0,552.0,267.66666,0.0,0.0,3050.0486,91.0,0.0,0.5,2.0,3,0,4
483.0,93.0,74.0,180.0,146.0,309.0,258.5178,0.0,182.39217,17933.047,92.85942,17.0,0.5,3.0,0,0,4
613.0,89.37516,79.0,617.0,848.0,581.0,267.66666,0.0,0.0,4998.8237,92.0,0.0,0.6666667,2.0,3,0,4
127.97134,74.0,78.0,616.9326,91.0,60.0,265.06796,127.13677,20.0,276.3069,81.0,3.0,1.5001472,4.0,0,0,4
571.7692,95.0,78.0,309.0,93.0,477.0,258.4,0.0,16.5,2520.7383,92.0,0.0,0.57913905,2.0,0,0,4
564.5536,55.0,54.0,738.99536,91.0,85.0,259.66666,0.0,34.486336,6.4706316,91.0,0.0,0.5,2.0,0,0,4
73.45016,95.0,92.0,581.0,256.0,60.0,267.66666,0.0,0.0,5298.853,95.0,0.0,0.5714286,7.0,0,0,4
611.93146,114.0,81.0,483.0,95.0,577.2843,265.0,0.0,0.0,4099.1978,92.0,3.0,0.5,2.0,0,0,4
610.0,54.0,54.0,734.0,93.0,262.0,264.33334,0.0,0.0,34417.383,68.87493,0.0,0.5,4.0,0,0,4
602.9845,55.0,60.0,785.9958,91.0,484.73575,214.33333,0.0,0.0,9.700583,86.0,0.0,0.5,3.0,0,0,4
552.0,86.0,83.0,629.0,97.0,60.0,338.52658,0.0,0.0,9025.844,91.0,0.0,0.5,2.0,0,0,4
503.56613,78.0,80.0,629.0,92.0,233.77936,258.4,0.0,17.943388,2598.323,90.31918,0.0,1.0,2.0,0,0,4
552.0,54.0,54.0,1784.0,97.0,76.5,264.0,0.0,0.0,4953.2256,91.307175,0.0,0.5,8.0,0,0,4
597.0,81.0,86.0,612.7464,92.0,60.0,312.9133,0.0,0.0,62.766426,91.0,0.0,0.5,2.0,0,0,4
616.27563,91.0,90.158615,641.0,256.0,90.0,259.66666,0.0,0.0,11.206472,91.224174,0.0,1.0,2.0,0,0,4
262.0,54.0,60.0,641.0,95.13644,118.03011,258.4,0.0,16.5,8223.498,83.0,0.0,0.5,9.17086,0,0,4
262.0,86.0,86.0,617.0,97.0,262.0,258.4,0.0,0.0,94.9592,91.659065,0.0,0.5,5.0,0,0,4
380.715,60.0,78.0,629.0,91.0,262.0,258.4,0.0,0.0,7599.539,91.0,0.0,0.5,5.0,0,0,4
262.0,90.0,91.0,617.0,151.47104,60.0,298.0,0.0,20.0,49.959377,101.662506,13.1369295,1.0,18.86147,0,0,4
81.63396,76.0,74.0,613.0,92.63711,60.0,327.66666,0.0,0.0,14817.941,86.0,0.0,0.5,22.43985,0,0,4
563.6995,91.0,72.5,662.75824,100.0,90.0,282.81403,0.0,0.0,117029.97,86.0,0.0,0.5,2.0,3,0,4
613.0,54.0,54.0,1784.0,92.0,611.0,258.4,0.0,2.8003724,4506.13,91.0,0.0,0.5,2.0,0,0,4
105.04141,54.0,55.0,617.0,1511.7543,90.0,274.0,0.0,0.0,7083.8247,95.0,0.0,0.9285714,95.24615,0,0,4
613.0,74.0,60.0,683.0,262.57144,60.0,312.45358,0.0,16.5,6.152296,93.0,0.0,0.5,2.0,0,0,4
494.0,74.0,74.0,698.0,111.0,367.3348,213.33333,0.0,0.0,9.667346,91.0,0.0,0.5,3.0,0,0,4
262.0,86.0,76.273796,524.0,91.0,60.0,259.0,0.0,0.0,2613.8828,86.0,0.0,0.6666667,9.461504,0,0,4
597.0,54.0,54.0,1784.0,522.4365,60.0,259.66666,0.0,0.0,9.647763,97.0,0.0,0.5,2.0,0,0,4
612.572,54.0,54.0,616.9736,95.0,262.0,212.6586,0.0,0.0,5844.55,86.0,0.0,0.5,5.0,0,0,4
629.0,54.0,55.0,610.0,256.0,523.0,265.0,0.0,0.0,8213.532,85.999176,0.0,0.85714287,2.0,0,0,4
613.0,95.0,91.0,477.0,93.0,612.0,258.4,0.0,0.0,19087.576,93.0,0.0,0.5,2.0,0,0,4
613.0,54.0,55.0,610.0,256.0,589.0,256.33334,0.0,0.0,6417.3945,90.0,0.0,0.5,2.0,0,0,4
262.0,54.0,54.0,909.7292,89.0,80.0,214.87004,0.0,0.0,6832.891,86.382454,0.0,0.75,55.322716,0,0,4
571.74945,54.0,54.0,2676.5027,1072.2628,483.1216,264.33334,0.0,0.0,132.34746,91.0,0.0,0.75,2.0,0,0,4
617.0,54.0,55.0,692.5575,91.0,60.0,264.0,0.0,0.0,49.458073,81.23372,0.0,0.33333334,2.0,0,0,4
612.0,90.0,91.0,641.0,967.21857,248.5111,259.66666,0.0,361.0,5.828031,92.0,0.0,1.0,7.0,0,0,4
262.0,55.0,65.044106,663.0,95.0,262.0,274.0,0.0,0.0,7518.8774,93.0,0.0,0.5,7.0,0,0,4
614.0,60.0,73.76422,1643.3954,848.0,613.0,251.23056,0.0,0.0,5746.582,93.0,0.0,1.0,2.0,0,0,4
92.0,78.0,80.0,617.0,1091.3293,80.0,259.15244,0.0,0.0,6993.88,82.0,0.0,0.75,10.0,0,0,4
496.0,91.0,90.0,589.0,91.0,60.0,274.0,0.0,361.0,2000.3209,91.0,0.0,0.5,4.0,0,0,4
215.55618,83.0,81.0,613.0,86.0,114.0,258.4,0.0,0.0,5767.635,85.90733,0.0,1.5288848,7.0,3,0,4
614.44653,74.0,76.92773,651.7226,91.0,613.0,264.0,0.0,0.0,49.638798,83.53099,0.0,0.5,2.0,0,0,4
398.8929,54.0,54.0,629.0,256.0,60.0,267.66666,26.870058,0.0,7.816284,86.0,0.0,0.5,5.0,0,0,4
552.0,54.0,54.0,610.0,256.0,60.0,376.80203,2.1563752,0.0,7.6854243,91.502495,0.0,0.5,2.0,0,0,4
610.0,54.0,55.0,791.03424,92.0,381.85495,267.66666,0.0,17.863276,3737.7249,91.0,13.0,0.6666667,3.0,0,0,4
613.0,74.0,74.0,613.0,256.0,60.0,327.80066,0.0,0.0,12.39585,91.0,0.0,0.5,2.0,3,0,4
615.4159,54.0,54.0,5576.8535,1201.5221,60.0,171.0,0.0,0.0,62.714657,151.21968,0.0,1.5727347,19.848576,0,0,4
616.1318,86.0,82.0,613.0,91.0,90.0,241.4705,0.0,0.0,52.685253,86.0,0.0,0.85714287,2.0,0,0,4
613.0,54.0,54.0,7906.574,1262.0,594.92865,214.13135,0.0,0.0,11.620416,90.0,9.0,0.75,2.0,0,0,4
494.0,54.0,54.0,1784.0,1335.8608,494.0,259.0,0.0,0.0,225.18398,92.0,10.0,1.0,2.0,0,0,4
617.0,74.0,74.0,710.0598,91.0,589.0488,264.33334,0.0,0.0,11323.493,91.0,0.0,0.6666667,2.0,0,0,4
262.0,74.0,78.0,613.19305,91.0,60.0,264.0,0.0,0.0,4782.5815,86.0,0.0,2.9914007,57.38362,0,0,4
148.93797,95.0,80.0,493.0,91.333336,60.0,267.66666,350.34506,0.0,4360.5254,90.0,0.0,0.8906303,4.0,0,0,4
611.0,55.0,54.0,662.0,256.0,90.0,245.66667,0.0,0.0,50775.777,149.15225,0.0,0.6666667,2.0,3,0,4
117.6305,54.0,54.0,4996.94,100.0,85.0,258.57144,1.882621,0.0,5373.035,87.39686,0.0,0.5,18.44195,0,0,4
80.36376,54.0,54.0,662.0,256.0,60.0,347.2683,0.0,457.15115,6.873275,91.0,0.0,0.5,5.0,0,0,4
495.4387,54.0,54.0,8073.321,111.0,60.0,235.89268,0.0,0.0,62.752197,92.0,0.0,0.75,14.0,0,0,4
613.0,54.0,55.0,612.0,848.0,587.90857,257.85397,0.0,0.0,196050.86,93.0,3.0,0.5,2.0,0,0,4
566.33374,54.0,54.0,2623.846,97.0,483.92218,274.0,0.0,0.0,119100.35,92.96521,0.0,0.5,2.0,0,0,4
480.0,54.0,55.0,1792.3539,848.0,366.98657,258.4,0.0,0.0,359.62097,91.0,0.0,0.73196393,4.0,0,0,4
612.0,86.539635,80.0,698.0,91.0,496.0,91.0,0.0,0.0,1441.3802,91.0,0.0,0.5,4.0,0,0,4
613.0,94.843094,95.0,484.03653,256.0,80.0,225.33333,0.0,0.0,620.4226,256.0,0.0,1.2614537,12.0,0,0,4
494.0,80.0,80.87693,617.0,91.52864,60.0,299.71854,0.0,0.0,2562.545,86.0,0.0,0.5,2.0,3,0,4
607.48627,54.0,54.0,749.55786,1779.9669,589.0,258.4,0.0,0.0,2567.593,91.0,0.0,0.5,2.0,0,0,4
613.0,83.0,93.0,524.0,256.0,589.0,219.33333,0.0,31.745415,8226.166,95.0,7.0,0.5,2.0,0,0,4
611.0,54.0,54.0,641.0,92.0,240.25311,258.4,0.0,0.0,5973.2944,83.0,0.0,0.5,7.0,0,0,4
114.80367,91.0,83.0,662.0,92.0,60.0,264.0,26.727432,116.10088,3851.0378,91.0,0.0,1.5043484,5.0,0,0,4
629.0,54.0,60.0,662.0,91.0,85.0,288.51315,0.0,0.0,3777.61,91.0,15.0,0.5,2.0,0,0,4
565.1584,73.79774,78.0,629.0,92.29754,92.0,259.66666,0.0,0.0,119719.59,86.0,0.0,1.5726817,95.53384,0,0,4
581.0,79.60547,80.0,811.0,110.0,90.0,258.4,0.0,0.0,1521.9371,93.0,0.0,0.5,2.0,0,0,4
498.0,54.0,54.0,1475.11,256.0,60.0,274.0,1.7451156,0.0,5376.6006,86.0,0.0,0.5,2.0,0,0,4
613.0,86.0,80.0,613.0,848.0,90.0,281.0,0.0,0.0,9.648191,91.0,0.0,0.5,2.0,0,0,4
552.0,54.0,54.0,761.04724,848.0,524.1421,258.0794,1.9752374,0.0,5053.5337,92.0,0.0,1.3600372,3.0,0,0,4
613.0,95.0,80.0,610.0,95.0,90.0,273.6193,0.0,0.0,5743.94,93.0,0.0,0.5714286,2.0,0,0,4
262.0,95.0,89.0,683.0,677.2722,90.0,259.66666,0.0,20.0,426.68765,92.0,0.0,0.5,6.0173817,0,0,4
599.3475,54.0,55.0,612.0,150.0,85.0,278.24722,0.0,119.738846,4406.7554,92.0,0.0,1.3539921,2.0,0,0,4
80.0,90.0,90.0,613.0,97.0,60.0,267.66666,5.9377203,0.0,2890.5654,92.0,0.0,0.5,6.0,0,0,4
581.0,78.0,76.34179,1773.968,817.8949,496.0,259.0,0.0,0.0,90885.62,78.0,0.0,1.3273079,3.0,0,0,4
611.0,54.0,55.0,613.0,91.0,262.0,217.01529,0.0,0.0,25036.701,77.15624,0.0,1.7751172,7.0,0,0,4
613.0,91.0,90.0,624.0433,256.0,493.0,264.10345,0.0,0.0,133.93494,91.0,20.0,0.5,2.0,0,0,4
262.0,95.0,86.0,2275.699,91.0,60.0,272.0,280.12668,0.0,7298.57,89.0,20.0,0.6666667,3.0,0,0,4
521.80896,60.0,60.0,609.35223,1262.0,114.0,271.1253,0.0,0.0,2783.3545,91.0,9.477089,1.2804697,2.0,0,0,4
581.0,74.3134,74.0,681.8056,302.48282,79.75723,225.33333,0.0,0.0,33.111553,140.94405,1.5064969,0.970973,11.161682,0,0,4
612.0,54.0,54.0,4957.4873,1262.0,60.0,258.62973,0.0,0.0,5433.0107,95.0,0.0,0.5,8.0,0,0,4
523.0,90.0,82.0,567.0,88.0,75.90173,266.66666,0.0,0.0,6.5842714,83.0,13.0,1.4126124,2.0,0,0,4
463.9652,60.0,60.0,795.0,909.0519,85.0,267.66666,0.0,0.0,5295.689,91.0,8.282378,0.6666667,20.693632,0,0,4
613.0,93.0,80.0,524.0,245.45746,606.1929,256.33334,0.0,0.0,47.339752,86.0,0.0,0.5,2.0,0,0,4
60.0,95.0,91.0,644.0,95.0,60.0,385.71823,0.0,0.0,5505.047,91.0,0.0,0.5,7.0,0,0,4
589.0,82.0,86.0,616.0,95.0,114.0,263.21127,0.0,0.0,5393.15,86.0,0.0,0.9427392,2.0,0,0,4
581.0,54.0,55.0,1664.2032,535.0442,94.758,267.77106,0.0,0.0,8.046764,125.22268,0.0,0.5,2.0,0,0,4
483.14297,54.0,60.0,757.0,95.0,262.0,259.66666,0.0,0.0,5462.0283,92.0,0.0,0.5,6.0,0,0,4
627.3045,55.0,74.0,683.0,914.7203,602.2426,258.4,0.0,0.0,11595.2,92.0,50.42561,0.5714286,2.0,0,0,4
259.4793,55.0,60.0,786.0,92.0,85.0,258.4,0.0,0.0,5922.6562,88.0,7.9532347,0.5,7.0,0,0,4
427.7687,86.0,80.0,683.0,202.23332,58.40415,260.06354,0.0,0.0,12.3893,100.0,0.0,1.3333334,6.0,0,0,4
612.4259,54.0,54.0,8241.521,256.0,396.51556,248.34776,0.0,0.0,2814.1492,91.0,0.0,0.5,2.0,0,0,4
612.0,54.0,54.0,698.0,90.0,610.0,225.33333,0.0,261.43896,572.4807,86.0,0.0,1.0,2.0,0,0,4
552.0,54.0,54.0,698.0,86.579254,60.0,313.638,0.0,94.90377,11.8210125,86.0,0.0,0.6666667,2.0,0,0,4
521.4005,54.0,54.0,5552.1953,256.0,94.0,267.66666,0.0,0.0,1704.463,91.0,0.0,0.5,2.0,0,0,4
610.0,82.0,86.0,629.0,1026.1671,103.05029,275.66666,0.0,0.0,11.755431,86.0,0.0,0.7950342,2.0,0,0,4
92.0,54.0,54.0,1117.1282,512.8103,60.0,301.69403,26.431337,0.0,8.381445,91.0,0.0,1.4407626,11.0,0,0,4
589.0,74.0,74.0,613.0,104.0,90.0,274.0,0.0,0.0,5921.9966,80.0,0.0,0.5,2.0,0,0,4
617.0,93.0,81.0,698.0,91.0,89.789734,243.56212,0.0,0.0,4785.0767,89.0,1.0,0.5714286,2.0,3,0,4
494.48376,54.0,55.0,662.0,88.65958,446.0,266.66666,0.0,335.7711,10.634625,86.0,0.0,0.5,3.0,0,0,4
