bwd_seg_size_avg,pkt_len_min,fwd_pkt_len_min,totlen_bwd_pkts,fwd_pkt_len_max,bwd_pkt_len_min,pkt_len_mean,fwd_pkt_len_std,bwd_pkt_len_std,flow_byts_s,fwd_pkt_len_mean,psh_flag_cnt,down_up_ratio,fwd_act_data_pkts,syn_flag_cnt,fin_flag_cnt,Label
409.8331826191529,47,67,-87445,1965,62,333.7549469419524,212.5898013055135,10.976941839054673,32646.59289755218,100.16984612686343,0,-0.14012136718707738,27,6,0,9
92.19299470952507,46,60,-34010,648,0,-26.148437923510755,-16.5384004410849,-16.414443239456684,56486.71842098622,72.54093846024264,-7,1.1070257848991438,24,0,0,9
1744.0241760513418,59,68,-21664,224,69,-21.518697075033103,-59.595331445859394,622.6166621130486,-3064.5345387313573,15.671990712308414,-1,0.6776039799397768,-17,0,1,9
488.8268340627161,55,61,-20834,50,72,27.63874525279295,-30.99471101278509,585.8080747196069,-13413.57408089449,269.6981118006529,-9,0.5876347612467536,-8,0,0,9
-14.097765468604294,67,57,-10363,605,57,84.16634873002513,-17.902971880670993,719.0947045980788,-6745.8809911479,64.91881298676202,-8,-0.25926278971060224,24,4,3,9
1466.9238174792638,56,74,-108410,601,25,241.1371021196099,-6.571413725586674,758.1290264930874,62666.27430273469,35.6833603051876,-13,6.402655343789286,8,3,2,9
-16.123156131840886,56,51,-63970,141,69,-13.432674899263077,102.14578735246138,525.0703354439688,52599.786037845886,77.70612568767623,0,0.1998872832448842,-8,0,1,9
614.5446105682805,57,67,-75609,116,70,42.92753259830527,-11.657384238044013,659.7830328839921,-2016.7924637795568,168.0297669423826,3,0.10207711560808522,4,4,0,9
150.62752050018003,48,60,-119337,434,60,22.847792695763154,21.969113166560913,769.2907407475959,-37278.09324200895,54.94424939156433,-7,0.9483391049933094,-41,3,0,9
-9.554431311649452,96,54,-29661,327,-4,33.68204417566265,97.49964216453876,7.468660247703081,55367.47904994896,107.56808932336679,-21,0.00741888301073193,33,6,3,9
24.799347740544363,52,46,-112347,-41,61,268.5048870392695,-53.939189920031424,14.556263607656128,87995.89814072715,158.2612828682422,-5,0.05569157597483359,-22,0,0,9
183.76320139167026,48,64,-40044,3,51,27.455810469425444,16.661509321082967,6.551682320284639,37192.70064507712,49.830051837746325,-6,5.96890785641441,16,2,0,9
-4.700320784048444,82,40,-2590,220,28,1.7940290163574844,-64.5647382170599,33.7098741126203,54759.75830261546,153.09265490972243,-6,0.2010466088304966,3,0,0,9
-4.554318506089345,53,46,-10149,280,62,45.8364261313079,23.700746979573974,-28.56850366099427,-19724.561514597513,108.32828982708128,-8,0.8916887595091387,-21,5,0,9
-64.44390968491535,61,63,-16269,1520,68,56.22912950730722,-52.8238778488936,-28.041907247383552,64381.037602265234,59.92882133807812,3,0.38696981174269085,-4,0,0,9
171.14939723628544,50,51,-22254,32,70,240.5709915123427,27.85735977115513,23.380933141971642,-29527.541498057257,118.31363537671649,3,-0.034283099832995184,1,0,1,9
150.77678091224323,85,66,-2041,69,72,11.004537804533271,-30.803800790949126,620.2293586934715,55836.493469829016,135.04164502080934,-4,1.4332437396738478,-3,0,0,9
175.81095791472882,52,43,-113,266,5,-25.548614592973024,39.30880872957225,427.15691261479054,22799.24784047838,90.42853450278551,-39,0.9130529474798195,42,3,0,9
72.12046747230485,68,58,-31742,92,68,53.35051581193495,661.5133250578817,568.5300375412138,5044.718807973177,55.41363655505566,-8,-0.06506326048152564,64,0,0,9
1203.8079728252048,85,59,-39361,1439,109,90.8232041570411,-30.381280906889607,521.2831015275808,26228.24496081505,39.34311155922457,-7,0.9426853864120794,3,0,1,9
173.68445409570876,51,54,-1222,179,64,1001.1905342336782,56.40688013509212,3.708102024338984,95272.43362918468,227.98993894115702,2,-0.1481804890609387,-30,0,3,9
-23.901373459931904,53,56,58760,152,51,-1.6773979725439006,659.8548044064116,605.9249362919934,90769.47754278262,113.93987464012838,-10,0.487525642274346,5,2,0,9
38.72476960527584,53,58,-11844,12,63,0.021197931082880928,305.5438848048318,52.22155977197588,69613.5139207404,416.70834042110175,-12,0.3505296312188446,207,3,2,9
221.3984406619687,49,66,-13716,137,76,28.54241980517076,-46.09848000702919,559.7372920309535,24484.815717341182,160.91055907511227,-10,0.8900545185440248,11,0,0,9
9.545410268547592,50,50,-5344,227,25,436.1946610762941,-42.57522812313724,31.983884266405813,73332.46305165235,308.5568384677148,-21,0.6522354585678591,21,0,0,9
77.43002997090937,47,53,37639,1553,-19,-13.257780027265369,-18.92075416888129,486.63764428879614,72907.74018250642,521.5517688336289,6,-0.05109865749462918,26,3,0,9
-49.04278159747062,82,34,75197,79,25,21.781156796977953,-39.86330825436117,325.66640139675593,7953.578599255543,84.71723690338152,-9,0.2627181033810062,-2,0,0,9
151.23131347240798,48,63,20475,71,-15,7.800271604870858,2.180405154943547,7.805645320999041,23069.179969811543,97.44402237297273,12,0.38621218168389926,26,0,0,9
167.10745008905644,63,61,-62614,66,65,574.8179813714789,26.76240194973522,-9.892915473548566,132109.8540734198,68.61633318289232,0,0.06758303900441327,155,0,0,9
74.82238903325982,53,54,-117454,62,220,12.810208376438652,50.478597156827405,-20.830713025909713,91720.16371678589,55.114566139042324,3,1.2233238928868537,-44,0,0,9
653.571800227891,70,48,-33157,66,72,468.4563309097586,108.47851547102408,20.114514921556005,-29574.431997104995,73.48256287451957,1,0.1700995508353461,21,0,0,9
147.51673371538124,91,84,-2976,104,69,-18.152171786861487,82.15998521853386,570.732334243145,49953.39551861194,43.304903795119245,-3,0.7101722982637388,425,0,1,9
-76.46407397134246,60,56,-3251,148,55,61.71724957891692,363.54160681214074,544.3201708633801,72532.15567472158,21.81581735463876,-1,1.1519695068836655,-28,0,0,9
788.5286733200985,48,53,115355,2332,49,13.8346998255292,-17.208827518412136,34.51930133629253,109094.99950940255,30.958153897087847,-10,1.091526352367769,-7,5,0,9
-25.037084574291953,58,54,-22435,260,55,45.609455604809234,-6.269190206441476,113.95196375311555,45398.658806729945,293.72442850642454,-25,0.834172463578861,10,0,0,9
355.60723608063614,83,100,-172324,114,28,250.59525537307397,598.2849769002637,7.735684158788857,62644.50697071856,54.434107675825004,-3,0.27766318327161144,116,0,1,9
403.5740182637941,70,59,-27761,-153,33,64.00951828088354,6.3252636426338995,595.2720017998926,-15171.432047067363,413.8462227897607,-5,0.3985657923799191,-2,0,1,9
1576.7926558233132,53,49,12151,879,24,319.7563364623013,52.289691124720385,729.0742492299605,26836.65192169451,67.47541803558737,-5,1.1392432803010537,0,3,0,9
84.02671500105521,102,62,-22490,-104,43,51.85737410056955,293.66709325308244,316.7551352908921,89443.2433374621,61.176228482172654,-7,0.8402022833967633,21,5,0,9
149.39591316219915,48,61,-27235,195,28,71.52590986470635,7.70953274681715,3.368906640483706,-31804.662497952613,91.93572427873879,-82,0.5375249224448512,20,0,0,9
19.18235066239818,48,49,6563,143,67,59.48172542283957,123.830405956662,-7.2790575374796,-62403.77259031778,68.48943313049261,-1,1.5402783456493356,-18,5,0,9
310.20090514009473,58,59,-95321,251,8,-33.78603212836559,23.906137206977753,6.319484771738273,47733.029622459944,47.114270990473074,-9,1.5764272736936613,-34,0,3,9
1105.930342322718,49,66,-33351,246,54,-8.786992055097883,33.55239635260978,699.9920370434814,63128.94181725939,75.76373753356575,-60,1.2613152998208754,10,3,2,9
-59.99150268727169,53,68,-77539,60,23,332.3645961648881,-28.88963026707667,-31.53542376273641,-100239.17094874704,54.27832327422647,-9,1.2114515696671395,5,0,1,9
988.5869574373476,82,61,30237,45,-17,-0.13983000806653934,-31.818707720401804,33.999847894111284,-90219.24033513949,52.97229565656709,-12,0.4087463259201967,-5,0,1,9
45.507404967453624,54,50,-126047,2041,2,46.667622796951576,-3.0392710575632726,15.232224950219628,94923.98305370567,848.5122006548011,-11,0.0846788047112226,2,0,0,9
219.00672587451243,74,72,-55854,-61,28,21.549756662167454,298.44004310478397,619.4411030809657,-14645.464182651594,86.58350707421468,-3,1.1270849218631893,-23,0,3,9
108.19009853261235,57,117,-24710,253,67,-14.797721679861453,224.352874863053,598.9617331707018,2221303.9338999577,44.26498255172648,-8,1.1945559286180885,13,0,0,9
258.13010578823037,64,45,-7461,142,61,-10.862506660799326,28.566759832611012,-23.346777339293737,42083.08469232474,86.13097387791457,-2,0.8300542909746516,7,4,0,9
94.10218457493202,50,51,5933,158,60,-0.0029135934014163922,186.85351579033136,40.96526251993703,-17387.489160488894,37.469417250706144,-11,0.41572244347496407,1,0,2,9
129.46701683303837,43,52,-34011,175,53,-12.267171061804689,73.3178511071477,-45.324551126151185,58866.33829472377,399.32284278905655,-10,0.6797748298257256,33,3,0,9
40.89676819604796,81,77,-27528,75,71,67.0014487842193,100.31782554758395,516.2499163237152,3960.669539069144,10.396977143019171,-33,-0.1777026197099765,-33,6,1,9
25.12422092788539,71,74,-34929,640,54,55.184090341873,19.671124747514714,-42.32564418868248,4196.217468224226,56.730011105277136,-3,0.6356948740744415,49,0,1,9
60.35546479072884,51,49,67323,1804,70,34.8621193953465,586.0120917046423,-0.3042247658255155,-28289.39340233448,91.71409062140417,1,-0.12089130624521471,-2,5,1,9
7.15534364141979,75,58,-99850,252,69,391.62403775354375,234.65780777300978,623.4073098571132,58886.69216362198,140.28728729295764,-2,0.2830293387798146,363,0,0,9
-51.332877701015775,57,46,-20589,5476,43,244.31684203461907,4.225103177014477,-8.28335149367822,9061.367209203145,79.30433009004125,2,0.5499817819662561,35,6,0,9
154.92787228729588,55,52,-118528,124,253,76.02912835079562,25.762296639361548,5.8718626815186425,37277.34884760738,51.517335527813515,-25,0.6778186534626932,13,6,0,9
74.54430255371365,52,68,-51960,56,418,18.495566616595653,126.9660683478595,-22.852940141538202,7701.612270085046,83.38954178379176,3,0.7814481578635708,5,0,0,9
517.2441369056953,79,64,-10954,1433,62,42.34800430118244,53.28311300440226,538.6313590872929,43969.816298164544,390.8971722668191,-16,0.5953054307872032,-1,0,0,9
9.08441367478953,53,45,-61843,189,-3,32.342728939976865,29.395545566807137,705.4892782192884,122478.19721874935,52.256239178614194,-4,0.6581613241656584,18,4,0,9
14.628549994483706,56,53,-5045,383,56,-19.290898890929213,-52.30609300025342,-52.89022251369383,-25065.042373737135,103.622158720047,-18,0.08527730352945694,11,0,2,9
157.54677876227979,103,48,-30700,123,73,81.80946952959603,104.21096593451833,18.93666612061641,2614.764828672349,51.775762605976965,-6,1.0022492541845858,-9,0,3,9
442.4583605788041,59,51,9964,185,56,18.686594910742087,1.0871717165469676,31.4027166221077,49256.9708415114,107.47876802954181,-9,0.04528989551028047,-35,0,0,9
511.8755505081876,61,60,-84315,108,73,23.277981553456563,313.63781057945334,303.8970517027384,86378.35374635956,291.5426468011325,-4,0.9693163742391173,10,4,0,9
28.514358433143997,53,65,61442,21,20,96.0291612611158,160.67394372251468,504.7257378216905,67647.04475681552,54.67692641375636,-6,-0.0435668355709414,-31,0,0,9
65.49983797226616,69,69,-177573,3402,20,375.5963510123604,-25.083755388138105,-42.122930449325864,120283.57230979826,68.1075005375427,-7,3.0187792542460192,42,6,0,9
102.48080941927311,86,67,-12818,957,-18,41.53496252111762,245.19610477880425,-26.83749474906048,110687.88125214147,72.10218253882624,-6,-0.05955296475239111,-8,3,0,9
49.60069874112469,76,84,10498,210,71,-15.647601568116855,78.89547989483532,364.7847085463988,102892.28563031224,128.40682817766444,-3,7.94912527538602,5,0,0,9
114.53750528949259,100,76,-33810,62,73,2.177326048118843,227.12245398076965,-3.3706493122374916,10104.640916878907,44.058277573317966,-4,1.3050207741201183,126,0,2,9
116.97593137602311,49,56,-88832,333,58,24.405077585742653,68.52161894182895,25.44688933096205,74249.19419391615,120.44870327357847,-60,0.1926652587461748,105,3,0,9
-9.054343637969154,57,46,-7451,246,59,114.39501687088965,16.832222819010383,680.2847795188326,56215.543242032,87.81515009618813,-2,0.16388837324766098,-14,4,2,9
1220.4611291920767,88,60,62881,114,74,431.61773051083617,199.1001038777519,35.660314813978175,23723.045728387027,95.66827090193291,-7,0.13746073640287199,-21,6,0,9
80.4970490454211,73,58,-52094,5985,15,-24.651750994084196,7.1407312211673,588.8877773720719,-41012.51295472456,64.06895242922448,-7,0.7778547912249305,-27,3,2,9
435.42535384487974,73,92,-12715,739,60,118.0865345192747,153.86316746081613,130.47750610981356,9758.599213120833,152.06662236417176,2,1.8308048003413728,-4,0,1,9
63.277186754582544,55,54,-114972,1009,71,38.295418061708915,17.50905409980883,689.0032691308668,67154.89969694431,679.2412066299803,-2,1.1846753205380465,-3,6,0,9
152.9286838127561,59,68,-22167,80,52,-20.812578459128176,125.48456902544953,3.6068018602351186,51900.655262808286,85.29975815113883,-6,1.1771373902159883,-19,0,0,9
846.5876108905387,55,49,-9587,-100,65,31.15518425977755,41.92026703743119,-22.706431462377168,50421.23585219242,51.1483837120246,-7,0.16794933502006923,-23,0,0,9
63.877445932687955,91,59,-910,-16,70,685.3779959345377,6.669612290765201,25.050209314665477,-10803.899406038396,198.85891055108672,-3,0.7221189849391056,33,6,0,9
-15.854356803589909,81,57,-120167,89,70,113.35726531083276,-34.61128577365145,437.8685158115225,18507.461434060744,64.77211921216923,-11,0.7779895521754638,16,0,0,9
-54.26216878703414,49,72,29955,509,2,-12.74003270622562,-48.33388201710416,-10.5565640470217,32835.00981095155,112.29652144275565,-11,0.5567861705410598,57,0,3,9
-23.848570793599663,47,64,-30792,3465,-2,12.315194861929314,-13.967987565085515,479.95510631316847,77660.85644298997,30.541834336602307,3,0.6597723511462773,41,0,1,9
-45.16692093762792,74,90,-135668,2187,70,28.21438759275371,57.37127578817905,-38.86999489643541,-99229.51144581697,98.47164262890045,-9,-0.11666684007360784,33,3,0,9
-7.094540063060421,49,41,10272,123,16,8.704776948090199,204.63616740075162,422.9090411775535,-29848.58000816531,126.85165426624835,-11,0.24715026162001305,186,3,0,9
19.22568254011722,58,72,-30157,904,70,-1.7937086903603472,-35.14544437569041,559.5617485366132,34931.80483390807,124.26089693018626,-29,0.43550112541104746,0,6,0,9
-85.97176633996162,70,58,-15240,103,59,22.943322156953265,16.402549751487552,-3.1906332502605737,90985.60061307267,467.5035690663917,-4,0.756706118450825,-10,0,3,9
-25.49861004352583,52,58,-17842,3841,61,29.348152922947513,224.12813444596154,558.5992235952198,734160.8661471939,252.11758326960927,0,1.4248300024452123,304,0,2,9
-2.7706304646268194,80,72,-9023,189,63,568.6856294656204,95.27752081817519,-11.43948618980905,114462.37492402965,21.099039757296516,-4,0.9195118296841933,14,4,0,9
83.00154049347209,54,48,-33606,41,72,137.20048581131346,254.7758028263748,25.507301815102153,26995.24590319516,47.18671961929667,0,0.7145209230741725,-18,4,3,9
122.17768285373262,46,69,11611,826,2,-33.24505329199634,-42.9845830411283,1.8358930459745526,112267.64970479276,68.64998144276082,-1,0.6357107244420532,-2,3,0,9
55.588392638694614,49,110,2722,176,297,20.582367726448595,142.93291903798456,0.49179714615089853,-30170.170224845195,83.534322833175,-3,2.1354225650457126,30,0,3,9
190.32484842154338,55,87,-38358,127,15,11.621825248339348,-46.79893100005447,329.6758997211943,31184.967163767673,178.23650086099167,-12,-0.09076685183875255,22,3,1,9
1605.1543059608707,81,67,-43833,3031,224,41.56414739938999,9.11538221988543,2.868035167710548,9.12080348157724,93.79627386222111,-4,0.8942306954497892,247,0,2,9
85.71763273413205,50,62,37043,-58,68,5.79262697223885,522.3472716111293,696.6191771766798,46694.42376274218,50.63603969264499,-9,1.3583399739234885,39,0,0,9
-39.98279211311869,53,52,28275,1615,59,51.42653455903849,-17.640928100246043,-35.650405568297884,92963.62825765547,32.628030217366245,-8,0.03851908420025596,29,5,0,9
-3.8258030006137744,49,63,-10218,704,71,444.678836857985,-29.79602154557888,506.29170606544324,3419.904197665139,118.75642451261925,-5,3.5149369542703637,60,6,0,9
96.69360911315417,49,57,-25530,1870,72,22.099391803111523,-21.532922888190193,-12.521488151713257,70409.18422673267,96.31256218128486,-6,1.1997769309089679,-8,5,2,9
70.43300518142821,58,206,-7232,2678,66,21.178944464204626,14.775398437350034,668.4792296478699,115295.16915488058,165.630929085702,-2,0.7907101252804067,43,0,0,9
121.90011790416952,51,52,-1912,2401,61,40.1409605740003,11.856147959711297,13.171404574164452,118651.04976593904,69.08644649099521,-12,0.9657713051193741,33,3,0,9
-26.9600692750264,54,58,-87154,1878,27,11.78659748906955,145.69595920113014,22.026299917513274,56225.89343970202,18.384622729428884,-5,0.9572387032202112,404,0,0,9
184.12066116156257,57,43,-6863,288,62,38.09726104614792,-43.04471300974198,8.23759118412821,108006.71498064797,36.864335267767885,-5,-0.19238155300691964,-9,2,3,9
6.679107598766038,61,166,-99764,74,62,29.932639165415047,-23.822041165460885,-38.3918895371396,-86512.32843852219,39.39467285186829,2,1.0435458518046306,-27,0,1,9
139.0793873699076,63,50,-8956,207,32,18.699351570115496,-13.767167798139365,629.7606340176616,18198.04010892559,118.77556055885356,-6,-0.040045883214678155,30,3,0,9
36.700763159333974,56,65,-152251,290,15,47.54486518356886,61.800430775056235,751.3823800937004,-532.1056232701721,115.48538173555033,-9,0.338700779946815,38,3,0,9
-54.84475450561462,69,66,-37233,632,67,74.8353201967863,-14.043159739902471,653.9128613817331,74124.19389914819,74.31722213372376,-7,0.20705556329848385,-13,0,0,9
76.3901130983084,63,46,-105092,64,303,33.10649754893248,-20.672051647317012,-24.987629923254374,98335.0981557661,44.649515069025256,1,1.0464502353917626,29,0,0,9
72.26916677034085,50,71,-26507,813,-3,34.22349774965564,-21.431457348966376,18.062036250889918,77165.1047723888,112.4988620156614,-9,1.6347232411116577,-23,0,0,9
633.4167718630431,50,101,-109681,34,36,39.85546714978794,4.528177927723885,16.021195804001874,63328.044055874474,74.69866563121676,19,1.4734641287164978,194,0,0,9
274.4878324930686,92,66,-87207,285,52,14.222468579423861,-14.935094083705277,30.332434627080517,44181.740015126794,44.09894167156591,1,0.9890334634869461,-7,0,0,9
58.05984487665852,54,48,75156,836,27,115.53864640662835,-18.108618316139747,-14.752264725224775,30102.563325517458,132.87397123377372,-3,1.2791985877208525,12,0,0,9
237.33467917221088,50,56,190175,1723,56,105.4024908596455,22.488731050220448,25.929157304231037,-29695.023198856707,71.91564958735191,-10,0.5063307733125074,-11,4,0,9
103.47664602893397,85,65,-20950,64,69,113.31792525879449,228.73973577485611,46.93764758135994,57682.6678033011,41.62451470994531,-1,0.7453707379302035,-27,4,0,9
106.69840851774114,45,59,-27156,-30,33,71.65350134388046,255.52083520827637,10.544085082293819,126111.23514944178,93.43191258693511,-8,0.686448110198929,46,0,3,9
227.3070471779589,58,70,-63201,2605,73,35.859550799883834,40.43192774591738,26.07526484872139,-6846.125163339075,165.90826166273118,-9,1.2587889984574836,2,3,0,9
178.20880749947605,87,68,-18350,1644,-6,89.74051427808857,622.0135337689253,58.8329277049245,-5209.980050295366,117.86840541496326,-9,1.0027936305502285,-24,3,2,9
138.30989966990504,55,47,20644,54,66,34.8915684421353,534.9664544323657,14.069458158591544,33983.74268578988,1457.1777229221018,-3,0.932007499117369,25,0,0,9
-55.35819465272752,57,56,-19615,91,19,26.67958382637586,-57.28522839238552,-4.804069944095819,8066.438499719053,60.75535230143423,-10,0.7772455926195307,-6,0,0,9
138.38550274563906,45,54,-27308,636,19,35.94779456996122,38.92148782855429,496.4976420143924,14833.832461770864,458.4510155542646,-1,1.3522304235974203,23,0,0,9
572.222119349329,63,61,165364,157,19,42.96572217731182,107.00110054065853,357.69650574759265,89.5605335671662,101.58497131903627,-3,1.3054935518764854,-10,0,2,9
70.9907751730627,50,37,105942,2413,59,-20.672216920728374,49.47443805059247,23.583115483799766,-6794.330859183807,103.93584062918984,-8,0.9409397305528628,-12,3,0,9
-19.851590969559652,45,49,-41443,212,8,-17.55133006755024,-52.75449839866888,297.4799874660702,-59114.270031100736,175.186782064917,3,1.1204879000150376,16,0,1,9
-63.488185994830616,55,58,-89591,257,6,489.30836505366665,172.28599499656022,766.8423665739629,2760.218162734689,74.26932875821092,-4,1.049483282084597,25,0,1,9
82.20302014157807,62,107,-1324,923,51,41.49046735447961,503.147494797848,593.1195256691741,15505.046485312128,109.22689962292526,-2,0.7502388533117201,22,0,0,9
90.97792942114884,59,45,-29279,228,-26,93.8780302170302,311.7924584510738,621.8065561425764,41659.19850215346,519.4148329860708,-17,-0.035641178241890684,-3,3,3,9
722.7414125212465,48,152,-34978,622,121,38.15223872580046,13.359800308122328,451.7726444814364,31167.437941326112,56.470262393668406,-16,0.11853758330456188,39,0,1,9
152.345521380408,50,44,162787,372,62,25.60107948699715,377.2260885372528,550.5846842878493,-10956.79963893093,57.231133803427426,3,2.5194078944026477,26,0,0,9
167.84169901198527,94,59,95865,-13,28,157.79810320488895,-34.94437568621668,-2.992886944971152,-57750.10029951832,47.017708832800885,-21,1.1706189346844096,-34,6,2,9
-42.48962269251798,45,56,-28238,2261,-6,6.74058989173659,-39.02646228729636,-4.53333320173177,-7725.219430419136,183.681494391158,-2,0.06535646398644934,-23,0,0,9
1070.0312761565183,55,65,-30702,39,-16,20.76268762435631,276.2411911826019,35.838048750135066,115039.08611437911,56.61851524345661,-10,1.3441707362999398,-4,0,2,9
93.88385505920931,55,185,-11749,956,31,386.9278538367536,-7.785745241574818,234.00159081189912,-48513.059549581885,107.54890756875284,3,0.3473401386788636,1099,0,1,9
69.31159614947624,50,68,-23714,134,12,1.5299447275641285,-27.58937555159254,650.8320030296118,-13337.940125409867,34.18404756507263,-9,0.7981157119835589,14,0,0,9
128.5689928044323,82,80,-20264,1999,55,-10.55395017654331,8.399986768283545,-10.355465097053983,82753.8969046605,74.48367806583252,-6,-0.22598598542106654,-10,0,2,9
79.22305576595029,49,60,-2693,657,66,29.713777463812207,2.3803087655625745,465.8041896966013,15596.734361108975,91.99231204991347,7,0.9437322872844747,14,3,0,9
88.42041167732057,73,70,-33767,120,22,-9.041076225558896,314.01172598094917,26.11804234976485,-18754.239602151138,465.6892365143509,-2,0.09771631827057539,9,0,0,9
101.60464884166414,52,118,-10027,-18,27,-10.498099592227774,-23.2451237444647,488.26449733452347,65709.7613264967,60.686959026946525,-9,0.9822921382539452,48,0,1,9
711.9285095177224,60,59,-12128,2026,58,6.353524010638424,399.84518330539714,560.438332246769,66731.85930486456,69.70374227655232,-7,0.15618373040622446,25,0,0,9
63.0648440672089,59,67,-130441,913,66,33.16039941187316,-4.186458453813002,508.771119712905,11695.49878561308,54.9129560764612,4,0.29936385668432236,-31,5,0,9
121.94704091166261,55,56,-23210,-12,65,60.782154287200086,140.41850249499257,-8.510625891284764,-16811.785632555748,351.99545374974537,-5,0.5797635057676382,-37,0,0,9
100.43684608577783,59,69,-14541,39,74,35.421620656100075,22.634735648080827,-14.911103153915116,124403.99968090383,87.32243710743205,3,0.6313216464197078,-27,3,0,9
47.54703935723947,62,53,-16821,794,-4,-3.2019029953099647,13.313668892480433,604.8232122850108,54144.10392358778,270.6810250353812,-5,1.4329279006864306,-31,0,0,9
67.89738695292588,57,55,-66031,76,59,65.46979206886336,331.23137389997106,469.05285528780865,61300.25339042363,32.64544261237726,-11,-0.10486949429772613,7,0,1,9
37.574315270861604,95,67,-3506,2098,63,3.6547248473163307,134.32651983269776,30.85428347750065,67953.35133358798,28.65824536552207,-10,0.3019798541659695,42,0,0,9
356.5359214322533,56,44,-4785,345,54,373.43990435870967,29.129982871821554,658.6656003124326,-20166.27101873005,75.10796221032226,-3,0.9809735994309333,-12,4,2,9
88.27712559933605,56,68,-33906,86,68,66.71481112164167,615.1198238739507,27.51126574512939,44504.08483872932,42.60087769917396,-20,-0.016926409107776964,-34,0,1,9
-13.911973472748741,50,48,-16495,1877,18,18.747843721263067,26.162207072379335,-16.129770699891996,-11325.512892139246,115.61351685021714,-8,-0.10272464506379653,405,4,0,9
26.41467055954577,76,60,182220,-7,25,100.12975714223582,190.02916398691366,-19.11531649097575,-11115.408438996528,53.04429704061263,-7,-0.15503124681237224,0,0,0,9
24.51034014565579,62,56,-27673,289,66,371.81621163028376,-1.741090291723573,-26.497742237763674,-42677.59530543907,45.01802215264722,-11,-0.2276527589222425,20,3,0,9
87.13908677994972,80,49,-132817,604,24,338.2772948519889,5.439496012942342,-30.493810458403242,-26313.704811233943,62.895272833009926,-22,1.0758629513521132,244,0,0,9
140.9152055570356,66,51,95187,135,-18,477.8437351197285,41.248855053750795,-23.056212054267768,-37945.863374062275,426.695127108448,-8,0.8864264185293009,25,4,0,9
562.9975879318072,51,67,-25024,190,-7,-0.2843187009695072,-4.4711359704043305,-20.80891336915956,-40773.286601794025,106.74141214718655,-8,0.823583514631634,30,0,1,9
195.76166219560838,47,68,-36821,172,19,60.365566279573926,428.74886706621425,124.15083772940693,-12578.655095808204,71.87664334159332,-10,0.5422506446637508,1,5,0,9
239.2750421427594,67,43,-73701,185,289,111.13382590725007,136.05717296076705,-14.543637643603448,-13339.182605086113,96.06158750768168,-5,1.106764880752936,0,0,0,9
109.43703020073812,107,48,-65901,1553,63,18.83400094291352,30.42896990379937,685.399571201203,-101565.83831211983,73.50330981745202,-58,-0.25225723442018266,20,3,0,9
9.074652331130984,52,57,-46818,40,26,41.8733815333186,20.821605813794022,480.1468840092109,-84109.35906598812,70.21007613015034,-26,0.12885694818826615,2,3,0,9
489.0152063394224,82,67,-124505,56,68,73.92351480546964,1.4856062211146326,590.5167391089717,17968.8430747395,61.60166202002888,-3,-0.03308924381324692,46,0,3,9
76.77193585183437,96,62,84487,1583,69,23.066773081771927,18.013117361135144,-7.984609277690598,-5152.313034863018,1441.0618949164686,-8,-0.09436381131996693,29,0,2,9
9.117739359092703,48,82,-43941,1393,34,45.89228054415266,627.0050807102532,-16.630520184878588,108069.70072100635,116.16195084303305,10,0.7585578595343146,35,5,3,9
42.32609165855595,54,62,-21582,80,-1,-0.14890182209256864,49.209234775451584,27.864770742076306,64247.871138322385,58.320320569449656,-11,0.34059948714072863,-7,0,2,9
1037.2311792407777,63,70,135490,-71,532,102.42530593661485,-42.82781530539546,435.7249272480927,13782.344460205693,102.17425651590898,22,1.5697941531917448,38,0,0,9
108.2932227210693,62,64,-20468,66,27,55.82426162470418,135.34998993302708,495.7938550888933,-6788.449028789837,56.04915128379095,-5,0.6915884703063804,18,4,0,9
193.08815096007834,58,74,102162,1064,78,36.08885672920896,48.252666329422425,-20.514098963586008,28990.399249297134,93.13656771369276,-9,2.611562225901806,-9,5,2,9
-65.2437914014601,63,60,73399,174,-17,108.3204714067606,295.8770949515142,566.7306667053336,116038.96080488636,46.91996323529462,-6,0.26151445797992023,9,3,0,9
46.98970417796569,54,76,-11057,1534,71,75.10359959647654,640.9840376018137,-45.54087523321425,51859.2590316867,42.80106496435613,-5,0.07833995348205264,121,3,2,9
223.50407809009224,58,58,-8278,819,67,-14.739428493901173,116.4415522379149,275.69111201067795,38877.06992801371,102.8928683193635,-5,1.2671247027556662,51,4,0,9
1003.1045187821481,75,47,-11753,69,69,20.29541180407277,187.9742474398683,91.13968480908477,-11280.186321638124,20.372297144281305,-18,0.5933357306309863,44,0,0,9
117.19766405159002,58,61,-55361,270,70,263.0225105182327,335.5514908033216,527.5564118492995,73904.85178059601,37.40611452633277,2,0.36759508245018657,13,0,0,9
110.14298755037433,50,43,-4691,335,147,83.95865048125172,643.0744053477335,2.91794637162194,-24344.413280631652,105.82673878599692,15,1.4936853359675832,7,0,0,9
150.82401406276225,58,48,-158589,1877,16,28.34225664029654,-5.478600116282345,527.329623846643,-5410.476373904992,122.9830441203643,53,1.4170717708627554,-18,0,0,9
153.91598985687187,106,56,56796,61,106,107.66709078091233,19.291975667553405,0.3102396708972992,7652.465929496676,655.1178290908767,-4,-0.2125496657020439,-8,0,0,9
432.53290828623307,49,56,-138305,307,173,20.970029281524994,25.77232639583871,29.34923179759407,100841.64245793538,66.40389304122908,20,-0.19438892109322906,-22,0,1,9
332.8897695672019,49,57,-35638,753,28,94.5031467258844,-37.72658156273172,-19.588103755625976,1200.0136354810256,19.705832071859774,-12,-0.12608134039928928,33,0,1,9
1208.2656821898797,59,50,-14454,155,18,10.844105478892516,337.199964037241,612.3712328481654,-5544.5524697576,536.738324029195,-11,0.4655034798411308,11,3,0,9
174.09229543948402,84,54,-39510,2398,121,46.088703235975316,520.5635116670222,-34.34243852137054,-70709.09036982346,113.41486957335188,23,0.4405787443293698,23,0,3,9
241.78292329693716,91,108,17909,661,71,140.19201435890037,-13.016521880991455,25.54661081444803,105001.84741691459,139.8358106854688,-8,0.73098677434918,6,0,0,9
115.09388881937625,46,72,-39705,485,60,50.512101711743526,-27.6498187983141,-0.7433079362632147,23949.498478334073,1678.5524182941695,-8,1.0911710092739,-2,3,0,9
202.53374943024076,51,66,-18902,442,61,61.04120597432887,-31.61158474935482,650.3277072980352,55689.529782031794,88.12778675910809,-10,1.6117922997237955,98,0,0,9
178.70593738808788,50,75,101607,105,33,17.26161633367569,53.85125378135281,664.2478258379202,117855.78982020682,63.595151864313706,-4,-0.20222611316205819,42,3,0,9
89.78833503686091,55,50,-9281,-76,24,98.91736817877151,-56.08218703084346,-46.67030918801163,17686.809022376263,80.90214535176018,17,0.6557685675017408,15,0,3,9
287.9321549257468,52,75,8450,373,47,69.86902961550115,-39.94625652608851,-5.4042613109618305,89000.2503176273,64.50292057016563,-5,0.10262988598665619,-17,0,0,9
103.04804795506467,53,63,-24250,6325,-1,-27.339118169144285,-18.737867752227054,690.087299613043,-44563.23717681054,106.29662972801634,-13,0.44166038361133897,12,3,0,9
122.95931510169832,58,59,-26059,77,65,40.42447847713323,474.489068373222,-33.18760046922278,75301.31686464392,288.6862696552719,-6,0.0035934188290148647,-19,0,0,9
222.9844891501857,47,51,-19216,763,71,314.5226101503929,30.16920406806584,8.569495283478066,55754.12960607966,61.399872228397435,-6,-0.0501715972332885,-25,0,0,9
40.360289264592836,74,64,5745,49,69,81.72287896629406,-39.27636107688783,-27.964691891005376,2516.7172237620234,139.0664760630244,6,1.4762612013435104,52,0,0,9
1062.5503471982322,69,63,-36931,9,63,2.3771446453629324,-72.62871785145333,251.74099760381088,-24867.214531707406,91.39690236345355,13,2.45768938978831,16,0,0,9
68.88486984998094,88,59,-28500,933,71,75.68560495200711,-37.75516029741046,69.74765013717814,-19042.987319352138,347.99203505909963,-9,0.6525211701392624,5,0,0,9
75.78986796019356,64,51,-78646,107,74,8.095872346233818,30.8067826613142,550.8844290779793,-15827.076033436373,98.07071532409132,-20,0.3526236316263326,14,0,1,9
57.48047862729038,46,75,-105633,-100,69,184.84792784172134,174.47142848774985,555.114237168597,53923.27538898257,81.90587507307558,-11,0.4421657514530388,3,2,3,9
144.0008609627429,55,70,-39885,95,76,83.38256959523254,148.15276421614567,515.9214764851712,-2338.8956307845,108.84948282029765,9,1.2137248896578834,29,3,0,9
-39.20648463516915,62,55,-140326,343,61,5.531523472190116,10.736870242956424,617.4749516696781,-59562.34239904318,79.88562926656863,-12,-0.10747906947664804,13,0,3,9
756.7168548496943,48,52,2236,371,56,-2.9235918919212907,180.10345804185556,551.8000977256385,-45365.336460210165,54.89055489208592,-6,-0.046514430375934224,20,4,0,9
124.53247152782554,51,58,-9000,519,8,17.074186856999546,-18.351768269593194,673.1745609312532,15051.997074354622,41.0519484274165,-5,1.426343702384688,13,3,2,9
82.26249741229488,55,75,-116864,199,68,13.744744702888823,4.35196878198099,556.3548846985022,-3191.97989671542,78.18355744675945,5,0.25140397490189115,-21,0,0,9
-18.62901384153774,50,55,-128793,-4,11,-10.541821395962586,0.3735296509442403,22.316653055463917,35125.81632551939,67.86551284573687,-65,0.21925962107841546,17,3,0,9
83.55978161684796,82,95,-1966,578,66,45.082355186875944,173.23513554354378,730.181109387352,47615.3063829701,22.349933149309912,-2,1.3120590936002594,8,0,1,9
-32.12765931459441,49,40,-105413,235,14,476.018589887887,118.47499038102671,496.5236728986784,55766.31730580298,67.27116725008318,1,0.4667998568446612,20,5,0,9
36.054529562503625,49,58,-93120,816,62,3.637718520504592,66.85478691225457,-3.018459936109658,88794.3771347215,79.56155331340533,-5,-0.28267425084208,40,0,3,9
70.01440044636254,57,43,-29663,-133,68,59.77724959361806,171.0991686054983,-10.743352337966353,59441.25301904594,431.5694761473443,-14,-0.04358791023589058,-2,5,2,9
720.7636527766533,85,53,53881,355,353,-7.791559142815331,22.41920880965146,-31.69954321182617,57201.49760060685,92.94806947104286,-10,-0.19032931896723485,45,0,3,9
23.50339715100283,47,52,-27064,442,6,11.442359112448528,199.9995125333822,85.87768627539236,35899.91764028788,62.5336980434479,-8,0.7762889602893055,11,4,0,9
151.38085464552626,57,63,6064,185,64,-13.051544815042348,-15.472545748645693,689.7796957142403,-11306.14160808593,337.58310599069995,27,4.914400950906942,11,0,0,9
108.90416530621104,46,53,1219,5370,-5,7.509372297394606,-43.602998883112804,550.747889788896,50186.28864486245,440.4944299404156,-2,0.13647333543417783,184,5,0,9
24.741726430988038,61,44,-2150,53,64,23.979517419880715,-10.034251504906635,682.7164595660274,28970.82848456185,65.8917701316274,-9,2.057668272969202,-33,0,0,9
12.195827274967066,57,60,8882,975,70,-5.180104045203038,-29.782696297687792,45.48212341531934,-400.15998110095825,112.51890511450742,-3,0.42853857543390317,-12,0,0,9
0.7021291427423506,49,70,-47319,219,-23,-22.42059901838033,57.93685686848066,11.860304753435424,43157.515002744374,91.60127061352725,6,0.4710840489987547,-8,0,0,9
165.32555108315407,76,84,-35010,216,63,-2.7936362959515435,22.793096517359075,299.1379347265271,-64265.55885190534,159.1586107020005,-3,0.5623054752266702,-9,0,0,9
137.71276661107623,98,56,-30699,186,39,56.67472628086148,9.6558810608403,270.54200693663785,-4469.0575024410755,89.62996638850265,-10,1.020363092229299,48,5,0,9
627.9005987696108,23,55,-27427,65,52,53.41228913095958,15.29220106793544,-28.568713748389253,6876.611464506109,221.34694770409482,-4,1.1372788429942058,61,5,3,9
289.9308174235831,49,51,-21894,13,67,62.591053946291304,-26.410789310565004,562.2647659356488,-101385.29803593409,297.1971069832799,-4,1.6373310776906291,-5,3,0,9
556.5596127787412,56,51,-27167,2464,62,339.02214075963894,310.32625244006084,-15.425322948344837,39848.18976318795,81.5330079810203,3,1.1143640265459813,-19,3,0,9
360.8137906160637,62,51,5998,442,56,-11.079331584855154,27.36505900994919,-42.1745089644749,60620.93389682929,112.73390673481006,1,0.4340782397643842,30,0,0,9
77.39735640312654,50,68,-33808,177,-7,35.337255186126306,-33.059928894378544,16.634145345832422,51824.610947063615,90.08375651851188,-5,0.06908667968245306,34,5,0,9
101.10990868668375,83,56,-71199,215,25,7.387739923957213,-6.680328866837505,-29.65517453251059,23175.182864318675,78.52119443321259,-5,0.9262306837760652,25,4,0,9
793.4877025997683,65,55,-17987,16,61,18.94923967254732,5.048373721458887,630.6212643339285,-25884.267358655943,73.34784106262452,217,0.9250928834030668,6,6,2,9
94.50210584522381,57,49,-25593,1560,66,12.406712024492975,-19.34067311609165,10.075985135184142,-104489.99257226093,40.299270642496,1,-0.02248355409208913,6,0,2,9
160.52714877233885,54,61,-57249,729,-27,31.60921336894703,-17.626556163482885,-4.763252743818793,95483.29496902926,83.6692965332326,-8,1.3966485198754217,-23,3,0,9
89.47825567185724,52,73,-19057,64,160,61.93471769588233,-44.281515551561405,-6.744392326125238,-56513.748669822846,78.998712720341,-4,0.011446533561367767,50,4,2,9
83.36257962230123,53,72,-37458,1082,57,17.860482531907508,188.9650797131927,618.2500900870971,96423.83156593409,65.59157968785419,1,0.5051510969578238,-12,3,1,9
921.9358958889486,50,60,5024,284,70,-19.614486180917524,-19.634586265584343,27.162205538362638,107533.72462580394,104.09745428856984,25,0.4731697279632465,31,3,0,9
127.77996935845891,78,76,-53504,81,75,40.90982112682346,-59.12879477338618,441.9730836174416,-46500.79418063606,215.35930093152857,5,0.41534478519241347,241,0,0,9
1164.325090054658,76,75,-70326,743,15,99.11012154483815,29.596922900958077,-27.591444857970945,12119.35747594749,112.06663511422136,-9,1.5968350611603808,-27,3,0,9
120.16221676732611,51,55,12796,369,0,265.59762879030825,532.4217263081478,20.16309763164617,-38244.15424708853,109.11882919679448,-20,1.1628349792932244,-7,0,1,9
151.57685850859383,50,47,-20226,-464,39,767.461868744909,4.957057829794979,-30.351356786841347,-11004.519977615648,49.33665671880132,18,-0.28947807600632736,10,5,0,9
54.35868696716228,54,52,-58507,752,-10,26.204505463534403,146.6648005578654,681.9216681516689,5772.076669453777,56.33601232561127,-11,0.19625715164127247,-47,5,3,9
17.009074010402827,86,94,-12717,148,22,-2.4486092423104253,790.339515466715,-31.164827538303403,-58764.49262411424,64.11529377228158,-7,1.9271118985439488,29,2,1,9
199.93489451804976,73,49,-23076,1874,36,-3.9339866964101304,255.80752811139388,43.533589162343965,43996.62650182078,104.33576791477611,-14,0.16636677751200696,8,0,2,9
96.27759305214778,54,48,-22859,1907,39,13.037454557041428,2.1320276688363227,508.43832735325594,23256.31564728789,600.67258464534,-6,0.5616931242373957,-14,3,0,9
-57.11521039395916,48,43,16654,731,93,-27.400772803762976,-22.174064749814704,463.04087232977315,55648.91323540428,86.88216412325096,-11,0.8908706754074874,40,3,0,9
58.16006922782292,79,53,-77712,3230,55,32.774100813200405,719.5708581296701,112.15084972930997,-21838.254261150974,-1.0618559370525986,-22,1.0372347853481951,16,3,1,9
207.38421659345283,50,56,-12392,236,261,47.47035434781693,-0.5337972119848056,23.82751303393772,48184.136376547496,526.2479138509539,8,1.0053262781151118,25,3,0,9
-10.293400937899463,51,61,-13571,310,25,63.34951621374286,18.955427553239158,640.340328400293,49966.05969219275,103.09014095565493,-9,-0.16931491972660712,-23,3,0,9
166.8173390379282,57,56,-9492,146,66,72.84844848533382,148.16077590823278,530.7094407270174,-35947.6460046853,92.90036719343225,9,8.345117085477419,-6,0,2,9
1105.1378355387585,46,45,112746,122,-2,56.002539919466315,175.42476977304156,701.3679953282871,13703.510157772878,375.6357782491093,-8,0.41782463323905145,-14,5,1,9
1001.9594826645744,50,60,-49224,2524,64,11.900955656981893,19.05629096141492,-9.23904832202427,1806.8338700216464,134.87379463003552,-6,0.3357022797019452,198,3,2,9
139.191332678955,53,72,-30393,300,27,43.63769031254122,24.952113310641224,521.4498522272695,73362.02722860932,49.42374251993378,-5,1.228496018592664,-16,3,0,9
176.5202974556795,53,60,97098,250,63,356.1531988217346,25.773149661564073,24.30098411246182,56313.026601584774,88.03434275182677,-4,-0.003706277618400984,26,3,0,9
140.86785513588376,50,62,-27496,-8,62,284.8703436882074,296.59693600748597,572.9088054015035,-25320.537231199207,1428.808918075592,-4,0.7148164332345235,17,4,3,9
192.15887104378436,78,49,-27391,53,71,119.37492648775586,-9.432818250584315,-42.007547156511826,-39404.22902355864,125.41161626373795,-15,0.8236274647853568,158,0,2,9
25.57559002918557,57,51,-13853,-71,63,39.75034722289242,-23.74083899419531,0.5661750353965709,129482.75504596638,112.37798783286273,-6,2.1405673277325126,-14,0,0,9
189.97824563440594,86,63,-131224,-1197,74,101.24086045082214,125.75715113951361,8.831604539805436,-108985.03326520258,83.29508330977369,8,1.0783804739459897,42,3,2,9
40.26115123018508,55,79,-7581,129,65,98.35731082414819,42.57602982990062,7.84648260315941,97423.91599612978,90.16174922375566,-1,-0.11696103539640959,3,0,0,9
72.82680393098198,74,51,-14133,792,19,104.99468549805852,640.788481533182,532.9709615518066,-22236.627442043606,53.63930094037785,-2,1.2266174289135343,-36,0,0,9
197.53447890784585,81,64,-97740,-109,0,-30.244535397611784,10.847156279493298,-12.280198273487432,-8289.660848993288,69.90276306202541,-5,1.2252516898605643,-2,0,0,9
37.162073160781404,53,52,-12674,-8,67,16.881221327065916,-60.278845992959326,400.14228095286285,-29249.549779227866,86.3784993646128,-4,0.0532308619709424,-33,0,0,9
169.7735155595541,85,67,-18549,834,28,96.87315562800316,207.94877822267324,29.978593902237694,67774.612082988,61.420662829049476,-6,-0.12159821167330426,36,6,0,9
-13.811212900615786,60,77,-42555,-33,21,92.77964432539275,454.2420319359555,-10.002310245765376,-16820.977702380744,93.46892799338804,0,-0.16982212832953175,23,0,1,9
-47.807380720582984,56,62,-126301,711,61,9.02353263419819,7.413001964452103,676.9222781681251,100029.04707099551,58.92980464705737,-7,0.8878317628972371,7,5,0,9
38.21162980719859,55,53,-24610,-59,60,3.4137419038588632,-58.18913530263685,-1.837117402388277,64702.45455572421,93.1311065534393,6,1.134132141990705,8,0,0,9
134.9138008892215,52,53,-15203,59,69,77.66443997739214,29.724640576368746,527.999666389976,14163.307857715094,95.92575072570688,-4,1.018112066621152,20,0,2,9
754.8652234546036,84,43,42414,248,30,87.42347882057373,-42.65611701629492,20.420520600273164,72631.7045142499,564.3711757360248,-8,0.3103101717282871,6,0,0,9
171.4040279252461,59,56,-4683,40,6,371.08512459402505,426.2095514201945,510.44542927906747,-113949.53521475189,88.62755390356307,-3,2.2384811830972366,25,0,1,9
69.12856483463449,55,61,45551,339,64,31.70200926027141,334.64738479026346,676.9379191633217,16699.245424642762,87.88059356522952,-25,0.527810656202458,461,4,0,9
30.62502210519709,75,70,-26253,104,18,29.479414047382548,-42.29050446480909,356.99381993919906,4710.112191822604,80.26246944601162,-8,0.8279393238211143,2,0,1,9
684.4011429276792,84,78,-26687,703,75,77.98281341380464,-24.99247246163362,523.8529282707058,5988.523468393405,73.44058232398527,3,1.1595036625557802,9,0,0,9
114.07227116260115,57,57,3119,152,60,5.474241017944905,-11.744690475388364,-8.122589323547528,-16935.370184426556,83.14929093441758,21,-0.08650914452895575,1843,0,1,9
-84.4697599886486,54,55,-15812,757,11,272.4063819849707,56.93106900333106,29.385037280676524,97211.66855051795,345.48310933595917,-10,0.07711319064422761,5,0,0,9
661.6787965601682,101,54,-119854,-46,67,173.90014493539434,90.05249945855782,618.4899139999824,-39870.56698263151,77.01114656211861,-3,1.504061327120721,-17,0,3,9
131.36530761958107,54,43,-45339,145,75,418.0149527187443,-11.99148076902565,513.9550425509101,65576.5583860863,98.87647955660096,-3,0.2655988992270756,39,0,0,9
46.55747416602948,48,61,-99329,-119,59,94.64573551116011,9.24517801486754,602.398513820575,-36213.919658311206,80.7734054398732,-8,1.3491859802556818,8,3,3,9
220.91889742146037,54,71,-18002,1482,59,0.13606146485275872,43.577465800714364,-38.80605006050709,102021.22758499139,97.5328079992511,-11,1.092622938067876,4233,3,0,9
53.16053671618767,56,47,-16317,434,34,91.60130534371186,286.9232357295491,632.3013585410434,-27801.721269297745,287.7382838534146,-10,1.1915781973674962,95,3,2,9
362.5859865010437,82,69,1659,1743,18,-35.26170043235396,36.6813480295948,-5.296837137913174,75152.31049466335,54.289323485677876,-3,3.0997105227583455,9,5,0,9
698.032018329156,85,55,-30159,56,6,91.41615575618843,55.36869522353559,613.3808571575565,-65255.703444691084,12.920802468895602,-2,1.8658952852677373,20,0,1,9
630.0484527263807,49,65,-41849,2301,64,42.165544255438675,-17.589137643434437,474.6718336708442,116906.50799020461,73.39346568336171,0,1.444166504655359,-11,0,0,9
190.62682978890655,53,54,-109457,-3,27,20.00159515732807,36.245742958059616,-23.1405312481489,50578.53833876354,82.05277613808516,4,0.23069910407362884,28,0,0,9
223.20204632122446,46,48,-22808,118,56,-9.196828451438037,30.142522001621636,17.183568166844275,-44874.02579953437,51.07656072336806,-6,1.0650389633860278,43,3,2,9
25.698651517215353,191,43,-21903,6147,67,5.60872959251553,94.41096206375215,572.359768210036,42097.529373478304,88.54487015337189,-4,2.4800579933472173,0,0,0,9
20.439151408075716,83,64,-129496,218,57,23.582885620833153,-48.424786095664224,16.00800149172471,87315.40684061244,57.93368248403844,-2,0.54115293255287,-15,5,0,9
-39.45135061184753,53,59,2984,285,55,20.206053931991292,29.49051011820735,21.506574597526757,83625.57049037144,63.780534824819846,-6,0.6903523982709989,13,0,0,9
50.69063927418277,93,48,-13983,-92,56,46.39287222574095,-9.045566475143005,-22.934919538549703,-56350.653264247434,69.37681388162332,-3,0.004578703164693193,24,0,0,9
25.086510800594446,52,63,17602,109,63,36.75167085106447,-41.16362611116937,607.4550506073024,-57911.02991483238,66.36245128984177,-8,0.7888760303409019,25,0,1,9
697.3514479790148,77,84,-26950,143,126,260.33608481560657,-5.390774177270656,9.342607113539412,42898.57995843559,78.14556236966598,12,1.073706107334389,3,0,2,9
94.84068408964798,70,46,-38755,165,15,87.39447531887333,54.03874962774084,462.21924270866566,41384.99349661258,64.31151362451679,18,0.8027815214270091,30,3,2,9
51.526957899280376,48,49,-7411,2001,116,18.957072843339034,486.1878541016742,586.2576153724658,35525.18804971146,99.704324615569,3,1.2033551508063116,-7,0,3,9
782.1568749568569,144,77,-119454,164,70,25.50013265695548,16.84995095999907,181.34114683514974,-27420.560421534745,53.125675489330774,0,0.2482610582021796,1,0,0,9
38.158905492788705,47,67,-34953,142,66,333.7428555174959,53.816783475435905,-7.071919604746251,121012.6092286762,155.34023586362554,4,0.21276254612513534,-12,0,0,9
81.1574316935612,53,50,-26356,8,73,436.0901268376177,267.3377511435746,470.30239389510007,5385.528133443281,91.12343856408614,-7,0.24972641908718568,14,0,1,9
118.26123263345286,57,61,-55520,2486,306,234.6936012007834,-50.631211095016326,636.9570538015898,75384.23699452356,86.64944804025639,2,0.6750900358513813,22,3,0,9
71.20077097551241,84,73,-103564,77,61,39.554743836323645,40.15262452740933,590.5297334905288,71430.70770073647,215.23242852140612,8,0.5086284688093916,14,3,0,9
-45.58368787122342,54,43,-3142,2011,58,0.029092358342182933,-39.159782764556205,0.4345987931860247,23284.07423910067,60.74170439139583,-7,0.7472931637252935,-21,0,0,9
11.899297895533572,55,57,-82576,225,61,4.064499987188896,137.32660200817094,678.6431526899157,16394.47171442501,92.12492892074735,0,0.03170023239582001,-8,2,0,9
610.9535312557371,55,69,-142332,2355,69,-36.942693400932,27.857986327370895,-5.260610450200575,29182.469508900514,126.58571068934896,15,0.9104404107603166,233,0,0,9
-59.710317472531415,79,63,-20109,141,14,27.251657977100116,-20.972898199895006,-37.94886877280619,-23729.57962212405,51.78724021353978,-9,1.834671197457148,32,0,1,9
29.393303768659564,58,47,-35835,2549,52,-14.394508639078325,131.73229073458785,22.88120731811551,79263.56403417773,42.99859137436995,-6,0.46428876235576855,-46,3,0,9
659.5554502040261,53,53,6963,94,67,33.66844906838924,650.3074150187123,-8.792271730585437,24627.03404468684,76.24000261664216,-1,0.7378418279951702,46,4,1,9
86.46438000192245,73,48,68765,195,66,20.332441338724536,-11.286169108303259,637.7817126369825,77444.02664114097,90.55204692725252,-9,1.6181566359572168,17,0,0,9
93.83009609827437,94,53,894,777,0,409.83974766648396,231.16759266125686,4.893941902271779,57247.58561736827,277.325080892496,-2,0.038155850990412965,1,6,2,9
-84.66840026346767,55,89,-24695,208,62,93.09594975279755,414.2480048958556,24.501415725998406,24428.474393526703,41.70066441493792,-6,0.8175337657082961,32,0,1,9
365.98338373379204,55,68,-29859,1512,71,22.41897445153183,-39.410648102108425,-44.44063930695903,59203.32158071376,378.7019249136448,3,0.13790607098948676,47,5,0,9
136.72693619483124,49,50,-3182,1749,65,24.841460478777037,164.76918310890034,690.4633574365148,-38516.90247370624,79.44848298664631,-6,2.078347675027438,844,0,2,9
-18.60119237977915,55,61,-3107,161,52,3.5198381057064267,239.53421056243627,38.296439954235154,-39949.10081728712,95.12961853026323,-9,0.9597797268587605,37,0,1,9
112.65163981196808,50,57,15802,221,68,18.029925578290644,5.595497316743065,-42.420966194955845,590723.8812615147,92.48254006627909,-6,0.05366521349056819,-3,3,0,9
1530.013681309074,47,71,-110392,120,74,5.997991472807442,101.01177946513008,-29.597093606518744,56946.41310340482,521.0151957865555,4,1.166420440588496,273,3,0,9
22.456729731722035,98,76,-106372,226,73,65.2208036707991,596.5264566749187,5.714982493914393,4554.38617258382,69.87213558886715,2,0.7323642361791876,2,0,1,9
183.04729987722337,53,80,-102145,-118,-6,140.931766564216,97.35231343073669,459.17369944915504,11677.597816672052,60.91562673909116,19,1.2360937389136764,35,0,3,9
64.84553984059549,67,52,-32853,557,64,340.1282102962672,91.06400700295704,209.33675446926688,5537.3665591629515,107.31261408188115,-9,0.21558493117431893,39,0,0,9
166.99045761034478,50,56,3908,21,20,477.5786148863301,6.4400346863460705,14.438110044780775,-22642.47829878594,1522.10960531122,-9,0.2919330189635141,31,0,0,9
70.65144932071284,43,51,-13077,-55,75,258.7290785376906,-28.600443002839313,-8.371520230120392,60992.8525196244,152.39829740825868,-10,0.8945876564544155,22,0,0,9
125.79307560640012,65,56,28030,64,17,3.6486681140844155,-23.197979031997114,-25.612135301649243,-24750.699575205475,14.294049651992438,-10,0.604611543111678,-25,0,0,9
-0.48515712449989223,77,83,-36081,184,9,36.065024134791344,127.39627657643763,24.92785812325112,56467.97863577753,106.16558449543345,1,2.258588240254366,11,0,0,9
26.01720758081749,48,58,3833,1057,14,6.384565725584295,45.64615043012177,568.1132029131641,48415.84857716078,34.8481658587149,-2,-0.17451900365731446,20,0,3,9
84.3458684980652,56,61,-40551,1924,64,51.568408200351286,30.348651711070765,36.125330904694316,37990.92430379855,72.83949884755648,-10,0.5041653419720322,27,0,0,9
791.3585083134701,51,109,-24636,124,30,-2.4093055612997745,352.7638868327066,637.1344646678881,-21870.100497109637,45.46748556632039,-54,0.7239601302716924,41,0,0,9
968.2478988147287,43,122,-3097,160,72,10.822933712285376,180.35574877842402,480.25088118283907,-89765.72841397223,118.10627131154135,-8,2.3627169052633863,42,3,0,9
55.78109347853593,51,116,18268,2322,11,-24.609797970850735,-0.6217658236428463,-21.17281357279752,53800.77373224244,52.959777828003624,-6,1.2161896448407767,50,0,0,9
84.1286100437304,54,48,-156758,171,73,-2.2887375189865793,-33.17802385901536,596.4613082429503,68462.48986778349,42.94349986311288,-7,1.0246641490379902,-7,0,0,9
249.07857386101315,90,50,13562,-51,70,40.83694890157929,-3.1154695596858346,9.93859003854462,-34787.67609805941,164.89362521037418,-6,1.6696373837130554,13,5,2,9
41.10082329309424,88,242,-16069,1786,65,28.567833582157775,28.394405874514025,7.108942739921636,65952.61252839096,158.90422774841193,-2,0.42488710015272935,22,0,1,9
-63.037335975015964,54,46,-21459,3753,65,57.3741755988587,40.05553498888602,371.84942662040186,43587.46768542664,72.14667460010439,6,3.278788304372598,26,0,0,9
122.45882260975259,61,66,-36607,-37,63,51.649496449309545,-39.38255021289759,-50.86105427530948,-61750.18268502822,54.89901987892461,-5,0.7949137596840573,-10,0,0,9
127.86017560963057,62,46,-36846,190,63,390.32490241799616,-28.09101151471088,22.437127878085814,121426.93630456767,38.27384477410383,-8,1.2749281700080397,5,3,0,9
-12.981348515121184,53,46,5426,633,48,25.497801082658235,28.03965417882418,649.7207179450802,-39182.839663264705,98.75204249124448,-8,0.7912441157124024,15,0,1,9
0.16803020543838443,67,47,-38029,128,15,66.7595374224251,180.62533730803054,469.53152028623305,-19215.648678545032,154.8421712276596,4,0.7323510738856152,38,0,1,9
167.2147204000707,55,59,-27841,-10,212,75.28653342271174,-33.96216624858204,-3.5532971307726595,-42983.45504548392,99.23585832405048,1,1.199143245869511,31,3,2,9
7.870494283277566,75,173,-30997,1399,53,18.988175814752495,11.019340848845907,355.61570897950935,-88958.02087368532,203.98160214304738,-20,1.9862617010040982,-4,5,0,9
104.58997134614796,49,61,9360,1388,21,-18.421156593061184,-12.836724532191681,-4.396429338854048,-9845.787991107565,58.77496121832054,32,0.5414996523924616,418,0,0,9
-7.5919572420541925,88,64,-4725,1465,38,58.832152269304274,-6.4156428648515,151.31849135575862,40504.23727047934,66.50178939540211,-6,0.914261868431447,14,0,0,9
-53.62758350932543,54,66,-6149,111,64,-18.50186198909708,212.69282015360716,404.0195207935851,7005.477694890572,66.5921868617093,-2,1.2530989246375228,317,0,0,9
147.03012257234394,81,78,-21392,743,24,84.05031611896435,-13.738074218818209,591.7702397390029,24963.49982079334,85.28707449024193,8,0.8045891568102224,25,3,3,9
61.112381728732004,49,75,57301,67,19,81.94252288427393,299.1696403832863,593.807648286819,-44786.2725377031,76.72259649599687,-11,0.627677791303441,-30,3,2,9
269.24378175253986,45,66,-26088,1896,66,0.15881058550006344,0.8226951737610007,-9.615273652834658,89471.02928662555,86.06522952369244,0,0.09688470232516802,19,0,0,9
730.8286380064391,56,64,18582,1862,12,16.936543574348576,86.35383896973822,13.770980611527996,103851.53465507508,43.54702402716127,-2,0.9193373633111251,5,0,0,9
108.82443243123689,100,49,79674,241,33,19.65419441556824,192.88691295423908,113.43074625672911,66894.38020607592,42.01100455130087,-7,1.0921654926886963,17,0,2,9
152.6006373725602,50,72,-21041,844,-5,82.20371830848491,145.7655882672373,565.8196313865927,3881.0311513802535,67.96913732509408,-3,-0.18226386386072768,58,0,0,9
164.40776931146388,52,60,-26541,524,54,439.2809074538448,-28.799763163338817,50.57084765917684,-52273.19517192694,98.5168947550402,-1,0.7607615252596359,16,0,1,9
87.01264962993233,55,45,94035,1276,63,208.79691478290522,-38.709342272695736,307.96066501225414,-38792.96549931343,104.24717324694231,-3,0.04684078283301343,3,0,0,9
462.84954263271885,104,58,-31977,2109,181,22.510323158809648,109.56540753974305,-0.09161683702128309,49103.15641715066,85.79997693744133,10,0.7373031820271003,-10,0,0,9
-99.32310366968679,100,60,14982,6,70,31.555510589525994,-32.29236964844499,8.964965752493223,44692.24185729733,288.17486678061334,-5,0.9087983125933565,-7,0,2,9
39.596830804569834,81,69,-23990,141,63,81.31590774551171,-23.61244111170041,-1.6022953612820885,-7376.429167835977,78.4719346923481,-1,0.9375791517255242,52,4,0,9
7.934208867986769,56,43,-25097,2571,131,23.514523403014515,-17.934979674949197,-3.0699601834056636,9241.408498711571,136.8950356320263,-4,1.0789547652677178,-35,3,0,9
19.117184715652918,54,73,-48025,184,1,19.31665616949323,-54.45306315745688,755.2590583187962,-20761.888418171464,67.98367340853383,-25,1.4227413863080978,-17,0,1,9
97.43955858981957,47,67,891,50,55,128.33959167556333,43.96412626972746,662.7177623602084,-3393.2285474684577,110.33611692473794,-10,-0.260856831034761,33,3,2,9
-22.82020593825058,59,45,5966,698,67,402.8441181058702,37.922461243690776,629.9876921142074,-64209.54011685084,62.8850502746979,-2,0.9161401891938782,5,0,3,9
488.9627520368675,77,45,19159,2489,54,-23.2010523576929,326.50186764753073,621.031019368961,-52411.3862692761,46.231791715470465,-1,0.7193910496956213,-12,0,0,9
28.092041571715868,58,49,-6044,89,76,426.9954275455259,209.933564972856,-16.291945810737975,34782.490693732485,57.7010548967802,-2,3.7474513053582474,258,0,0,9
142.79531317938313,46,70,-39903,-115,64,18.821006914728244,237.49079587223554,164.061821744142,26267.772912863824,88.73219787487926,-16,0.5105882538894868,-24,0,0,9
4.915347062886049,50,60,-164572,206,-2,-3.7841457196524146,-26.63607755484424,-251.32194226515037,-21375.82612344463,37.09114616030023,-7,0.8521022379663659,-4,0,0,9
-9.777238061485164,78,68,-161323,21,17,100.34888684088432,-24.073909478660823,369.61819107235283,-34463.231597793,69.8094654143414,0,0.9976978018095146,40,0,3,9
224.30296918206426,53,50,-24098,288,3,38.837909092255984,-12.501599526181455,20.414455871503243,59757.29425309834,44.6161300051708,-9,1.0164892294323025,-18,3,0,9
-19.81491589148527,83,54,-25893,256,68,3.541339125826809,508.9352718108319,410.0078306484233,61677.739234080014,80.78093259461407,2,-0.11146025618264555,3,0,2,9
-18.72348014257581,66,51,1095,78,24,25.98179991859095,125.62848349383717,537.712562942614,66712.99641157786,225.14163309726462,-7,0.8743506057081591,6,0,0,9
187.89087207126926,53,75,-139739,97,1,356.65687967501356,-28.832614546810305,571.258766405648,-20301.591874038135,266.086367120979,5,0.4770287131504078,5,4,1,9
230.1979197047218,47,50,33195,27,65,-15.521283074909618,-27.0608875261575,-18.152735181083273,-5500.761330562811,306.8302007785232,-15,0.2280067135446615,45,3,0,9
664.6726427045337,54,49,8892,1740,22,318.0009037738389,146.22185216794873,-11.009488784284345,-4408.625114811875,61.135833946556914,-9,0.6060586947219235,47,0,0,9
159.80469181372257,80,57,-15557,1198,59,-27.773212126645888,9.682789282507734,9.38088678763388,-53709.200746809336,485.9609628997374,-4,3.194854108535256,-16,0,0,9
14.975374778734462,63,66,-108634,167,16,62.05215017276131,539.0668711712412,712.1004208084034,46930.79583208618,63.63204955850371,-9,1.3310560514826595,16,0,0,9
58.32341911108825,48,63,29523,114,60,85.35318985815881,206.02770013378327,46.88384873080116,-22928.089039776827,38.73636874034081,-11,0.8928854261752137,49,0,1,9
54.59163457778038,84,56,74255,1996,-2,8.925338516668376,47.742753238817656,-0.08994308928256478,44072.41776207175,69.62362767122387,-6,0.9377619314514891,28,0,0,9
42.41924066789963,58,75,-4175,969,69,320.53619789051527,-42.02468920452723,749.9149907849085,75999.40806035607,35.74167549650226,-2,-0.07671499190575773,-6,0,1,9
751.9425634432542,55,86,-17188,102,33,26.403014703783974,-40.90430955024172,-3.6041403400392524,37853.73630930727,30.466677112999214,46,0.12228411101837469,28,0,0,9
71.1158215764585,54,58,-44852,720,68,24.072719135302812,188.0466295433054,11.334679994026509,106435.15373319759,86.43762738562242,-1,0.6864265114466843,-44,5,0,9
195.42986792179374,59,53,-29057,480,254,116.38907377456273,-18.797791297281275,-24.874797509958427,-41061.0266565787,94.90198481522603,-6,0.4368344425768731,-9,0,0,9
276.0687505142097,79,59,-18842,407,62,34.480227433810235,405.6789512362053,628.8925394787094,-62030.14869266427,493.12488680603656,1,0.668107714399691,-28,4,0,9
11.189422949780216,67,61,-8344,489,68,-50.4901712055742,12.520977996822126,566.2427596197565,66847.9274246389,56.70957855170866,-10,0.0026079886623216683,27,0,0,9
-87.68086988068058,56,69,-3994,-109,64,396.04109166560994,356.2421236793293,518.7503905571689,-60285.5111662025,69.95536017860034,2,-0.3699211970994376,19,2,2,9
221.66858167309076,76,69,-40556,274,66,6.91549850127052,362.24997341883443,-3.6365210896314104,-25024.836187369674,58.487355187305305,-1,1.3008639380188982,28,0,3,9
30.940920732766422,104,68,-111727,725,63,41.741285789512794,-14.779841710381213,35.84925753056159,-16231.87819173637,61.1321195940892,-9,0.33510930910729064,7,0,0,9
82.61404616453024,49,49,14605,471,160,-19.00834577716067,71.95600355617478,-12.028770004498698,32538.205353978345,82.4865545768873,-8,1.0540689600431816,-3,3,0,9
156.88097146177688,81,110,-38674,201,-6,430.82160553239135,-33.6769058889993,558.5764781623485,93708.40477228533,213.5779404571857,-11,0.07306663724132523,24,3,3,9
137.87235641823494,57,60,-6302,-131,18,-4.661813073013519,345.6584759080184,-24.52869194923038,27019.84130133676,65.85886937356493,-17,0.9071899353928101,1,0,0,9
104.93263041986083,63,66,-73435,27,141,30.748590627689893,2.76094500584415,16.55885888009545,-18074.523426972075,40.28159442331815,-11,0.5665557698402045,-12,3,0,9
70.97093826189037,84,57,-17337,1386,59,29.68467298465353,-4.152581919193596,447.729770152083,-19460.125363024916,312.5077348753951,-8,1.301011308220581,18,3,2,9
-17.23511355507732,57,72,-67802,28,54,420.1028095546467,258.8219665321732,683.7560311511747,29734.21279593915,385.3040565279777,-11,0.9067906891857955,41,0,0,9
857.9814245290895,51,51,22786,49,65,70.45805936502492,255.215487629956,546.7992545616612,-8032.665896802828,422.1334943688746,-7,3.5558357401577334,9,3,0,9
127.51500274507589,53,38,26718,5,23,20.822757247876382,206.60382719544813,567.3077431577369,79944.01429826643,61.39428292497723,-7,0.09153167492907156,0,5,2,9
-12.273644357475632,54,47,-78923,279,34,-21.46001337909202,631.930900374357,2.0050692677663817,67803.86165041226,46.777540899593426,-6,1.0256298749799917,145,0,0,9
546.0198055732606,59,69,-105259,927,75,72.93329252146054,12.778115717158908,521.1126722455388,103397.10170310194,227.93823104987626,-8,0.093873700194909,46,0,0,9
191.5721326733197,47,65,-39159,113,67,53.95165232799641,95.10218723914858,-4.821605032695825,5132.670980541605,81.76093698549779,-15,1.3081314277868477,2,5,2,9
36.690322765681785,56,56,-16681,373,3,47.053952023858116,-34.66211211101477,5.459875378373045,83877.60008341535,432.36259361603595,-10,0.5134801604121675,-36,5,0,9
137.0191366305553,60,57,-24305,248,66,764.604143624855,-24.583078687443123,547.4934255163456,-16803.072316367474,34.020727842747114,-4,-0.2200652628836771,-9,0,2,9
82.79867104320923,66,49,-11096,123,27,-9.554420737991379,122.53967523382647,-21.572745824355668,59970.04325013912,77.01470865948545,-10,1.4844950014969949,34,0,0,9
22.505200189681396,63,126,-23795,927,162,75.38527214852363,118.61783806548004,480.55020827134695,63666.55479394352,195.71057616931753,6,-0.08765114303981564,0,0,3,9
173.8410600983406,56,57,-21932,1212,68,47.875140914111,-24.997290630362603,23.595374701201216,60733.97446979617,197.99497668420227,-5,0.13969637586006028,26,0,0,9
211.76907745814233,-2,43,2994,414,72,50.54240065368814,118.88798525351766,493.58972968433903,34438.46288994506,163.11011237474116,-4,-0.15239047212946863,12,0,0,9
209.5592779149865,84,57,113064,1645,2,-3.822415697772655,-7.2498235394868535,608.7350410668893,22202.54127651344,75.80873713738121,-8,0.8587337163245005,200,0,0,9
234.2067853850776,63,44,-8228,539,64,-11.3525201161425,239.9457052063109,631.186432179217,37202.58804756497,124.20859966873434,-4,0.758675179030805,-5,0,0,9
63.52881885018185,52,46,-33043,48,67,4.178850498042792,-14.231949870357187,198.4849996020187,-92321.2697311908,-58.11407735057537,2,0.4634145876321245,-13,0,1,9
25.52594429239106,46,72,6643,1613,62,84.02705941909105,61.35817269561983,-10.441990208582455,-26324.146200072846,68.68328421860133,-6,1.0484546329561126,15,0,0,9
148.09093577827105,59,108,-2150,337,64,9.588753717612008,-25.694263993539153,533.2021927456072,-38073.111531143586,84.35249371120636,-9,0.9227309446669728,22,4,0,9
91.04389194577126,54,54,8637,191,29,14.520228611269005,-3.113383793817719,10.90640190666811,73497.73336660599,676.2927104266907,1,1.2913794401073984,-12,0,3,9
-30.05911633012748,101,67,-110004,123,69,66.84998259680611,-41.11591555529763,-12.853451596067623,-6028.493744096766,99.75947391688166,1,-0.11467300510547851,50,3,0,9
-33.95806468975388,74,85,67798,1415,69,69.76102042557903,61.95532250782641,704.5784008549424,40862.91265577113,65.88943214698703,1,0.5475897548255497,-43,4,0,9
-57.53867641691498,49,51,126143,25,60,39.13759877769543,3.373477169255996,641.9086959265923,48236.1768968588,118.6400303154345,10,-0.14878917938381234,6,0,2,9
50.521118360867085,83,54,-14627,2129,125,18.094436295710224,-6.5686937916267665,35.90603261921598,75211.73521987624,74.88138467430976,16,1.362433108530496,-17,0,0,9
140.47335294963665,50,53,5916,545,59,39.720568922590374,111.53065989951338,768.0573658202275,32732.130213979206,90.03844660231655,-4,0.9169286120734659,78,4,0,9
102.03162238997744,72,59,7651,1562,63,-11.826392492278487,228.49498250889465,26.94260242019354,57188.17913038918,64.68983496714496,-6,0.48458308235648495,40,0,0,9
396.8510282426207,52,73,85368,-7,-11,48.99417023532273,208.33607284368475,-9.271070172316664,74064.83756731199,506.09079302114253,131,1.0432879867647973,26,6,0,9
110.1756178613667,52,41,15594,227,60,25.79353965107326,60.24829798046407,601.1368285203126,39789.71570591084,75.14114343082416,-10,0.7362153301941399,-13,3,2,9
24.23522994774615,49,54,216989,90,-3,469.8888136024284,289.0289754664471,12.994714895941454,13063.711563160334,42.68058023627992,-1,0.5900012860157348,-8,4,0,9
307.89228645322055,49,55,-83396,-85,10,48.76117360382593,3.454677365484798,515.3039660634973,12261.515389143751,166.593669317389,-1,0.4912213315982229,28,0,3,9
73.20381869031048,57,49,127995,176,-3,13.162341180318975,97.89346395822122,657.3687139977337,90546.74311274743,68.4945940337181,-7,0.6730664629793006,12,0,2,9
35.9994612197503,51,50,49586,1216,60,16.74166377980309,-36.13821784254434,0.6597509476591661,-30351.0205510052,21.36553734235396,-6,0.03860342590215714,142,0,0,9
202.6683449741721,54,61,-29376,887,-3,-15.472706696119147,64.93239587369078,51.711998974482,-41063.000945385356,99.07443059789283,-10,-0.14409050408464605,-8,3,0,9
182.3015985149787,50,97,-37659,151,58,79.17297902235975,8.373948257642356,590.3124250991176,21123.99482470764,82.09149735979021,-7,0.22745847226075241,0,3,1,9
32.976108650959304,52,59,-35123,38,66,18.531409307188056,-4.179798865508041,555.4038974481347,-49104.119670357584,41.67788508259017,-9,0.24867059921982615,5,4,0,9
-79.69276081128669,53,96,-20775,2280,64,-14.236137699210175,151.86753153274088,-42.06259829271914,64604.33285798915,57.07047619257581,-10,-0.24874799021111335,38,0,0,9
98.23543129967109,48,36,-2210,7,73,45.79320586490139,33.6473949031845,-45.2573355178382,5755.272986749766,138.47782370742613,1,2.8455379194806176,29,0,2,9
81.84209247935186,68,98,9435,251,10,11.397963487570337,-12.676083289709549,530.3977370341415,122399.24390471682,73.9788712030168,-9,0.20999613321516028,304,0,0,9
1282.6796861554049,46,46,628,-24,71,88.98410458086708,73.25172195006455,11.503987777900246,-34250.19078901174,103.27869734399641,1,0.6735953739932551,-10,0,2,9
54.525700618962986,50,57,85584,11,87,-19.651791369673404,38.57101557274322,-45.12697834893066,-5754.309256568893,146.97561803450995,4,-0.19785126604791559,-2,4,0,9
-4.149023599790212,73,51,-22360,66,3,-25.820501424324306,4.13672547238182,18.907973743598454,17274.722399515675,34.406431236824396,-11,0.6395341150250563,-14,0,0,9
-111.18450084413979,55,53,-29105,250,50,-6.532845932876398,-30.79615097668688,550.8198187102538,74383.94738419783,72.01409352867981,-6,0.7339905024345954,39,0,0,9
119.91623090713065,68,44,-6862,-55,70,8.409069007908968,196.22166589380151,616.5309688590902,80955.21493195089,84.16366407640638,-8,0.6529015759470118,12,0,3,9
27.99710515914375,59,47,12398,-107,28,-7.393261933555451,-29.32246890059659,568.0421093950506,-8609.643821321333,68.460185708988,-5,0.29651883619788266,-21,0,0,9
165.90557730560468,55,56,-5303,184,69,22.432527444983776,24.27078199624661,589.6482198482021,68519.33844247497,188.58058713079993,-7,1.0654584999401446,-33,5,0,9
810.6433768488221,54,58,-20305,-35,67,89.51977851143073,-31.987185772605926,-17.51597470464764,36293.66058957968,257.83837220599617,-6,1.1747830692024388,46,0,3,9
59.00662175661071,57,49,-20753,1260,69,2.72986704274372,107.22596203190369,-1.3754797023547165,82370.06415564877,47.958435458618105,8,1.7022364372038281,-22,0,3,9
-31.905453262830008,67,68,64639,840,75,384.5489442767434,-11.272230661014962,156.61947895178912,-96558.91423079884,44.05785294203992,-8,0.2520718285711261,-1,2,3,9
88.82729157771544,101,54,-36835,136,18,314.2026813292475,10.781148096460015,251.3871911005505,-10832.932394436535,51.2258575630736,3,0.4614473823505445,35,3,2,9
79.52480615837574,57,60,-19802,262,13,7.380840914296073,119.00662113320772,-14.23239728729459,60469.17355354798,50.62500430463801,-3,1.5016919873338315,28,6,0,9
1178.6721246117042,99,47,-5894,771,33,25.12885720695658,-19.09620448037014,1.5789367236752672,58763.077974621265,114.73854828407798,-10,1.2940390288077679,23,0,0,9
-56.168797584663025,78,103,-12441,879,53,1.0046552039536607,66.15593906970432,751.1424157769084,66609.3758863582,70.68545576452946,-21,0.3148144984171968,-123,6,0,9
14.101349291009342,54,43,-20409,201,14,-2.140695950964002,-60.418757453047014,-29.701626503285933,-63574.439221055494,50.06553337498559,-15,0.8891937385152032,-30,0,0,9
250.49406241291422,90,41,-18166,42,71,102.31587891434266,-33.40299396816179,-15.00736437442488,-5177.667599485703,571.9338502195466,5,-0.11022102588427005,30,0,0,9
90.3811097700094,51,49,-24749,-32,69,18.45688315731924,183.31012994512523,-0.3539657886485683,-73809.836328537,52.152176876770596,-3,0.6363481736274297,35,0,0,9
1209.7964074714316,54,103,64006,250,61,-24.378531834563063,682.8986322934633,2.1673814760851906,38864.27580701721,984.3664773678863,2,-0.3078626503899682,-37,5,2,9
63.992539397490106,98,60,-10479,108,-1,29.76747641470402,-40.14283489601593,457.3439136170049,16868.182194530946,143.82188553636286,-8,-0.13185906521009597,52,4,0,9
133.00021188984135,54,48,97984,693,26,-28.61848246571593,387.903686175578,-4.786370081068375,-10832.287216916578,21.543015665288408,-4,0.9335230337762709,-15,4,0,9
144.7380350241059,51,46,1525,933,21,29.39891539192473,-54.71741159621037,-6.130188438965812,41535.92855981535,80.10626008613535,-7,0.28455169742035613,23,3,0,9
159.65536610839078,87,229,-112210,2349,10,266.18149845649214,-25.372901367663566,23.05048214710376,18651.663739274754,152.44021048170677,2,1.0685708742407098,17,0,0,9
-71.99324798918909,99,62,112621,1882,52,46.06152067848695,-21.230988362028235,21.502972216606874,83122.02197482942,118.54288558657666,24,0.39025653840913227,-36,3,0,9
51.891098458368916,52,53,-28345,150,19,4.982902891490326,-11.79692899274961,12.876274007658255,-38460.601046028154,204.04337441002363,-1,1.0650072327349402,-8,0,0,9
59.1432250685521,89,65,-151067,1907,70,67.18790390020803,41.135001532404004,743.6292342493687,-48895.446918566566,106.3527287963296,15,0.14435931142841069,24,0,3,9
36.04993618105627,69,68,-16942,71,72,18.026165962592955,61.72948704617066,548.5644054554022,18256.02401366986,258.996374501445,-1,1.598740218919491,-1,5,0,9
30.59308063818864,72,59,-24663,265,24,-8.869244176940157,18.280570653074108,-44.414576111898896,-31364.209152171654,25.047858051390193,-4,1.0253003913742742,41,5,2,9
101.99999305382573,66,69,-8275,320,18,-12.845155678604414,20.91385164549056,-27.596390150474452,121795.40334161995,56.83647546334447,34,1.1247039673301744,1828,2,0,9
-10.73055242995784,56,44,37334,130,11,815.7424149007957,16.843287121797296,-13.104670807501547,49490.35640007397,31.967595411615193,-13,1.0238983655052312,-10,3,0,9
218.5925504951779,54,41,-17576,1339,18,121.54306852949583,-20.57102310029368,528.2427195927135,94631.91597795676,88.92314626900003,-2,-0.03310216027456413,24,3,2,9
4.225810970307528,54,52,-106845,-26,10,105.63441358869503,53.333378355386344,470.1313819368456,-16875.544218070532,109.48145979258626,-8,-0.06220819753876913,-9,0,0,9
325.69952763950585,66,58,-30912,-16,61,20.056978661078304,-21.379397187228175,135.3531967419249,13705.725818204715,59.05287359566299,0,1.9920317190294392,-7,0,1,9
211.86708265433955,57,73,-16939,119,19,10.249565518683497,-10.729442234354678,520.7882268981379,13304.706601761596,76.57644026314401,-6,0.9190260060077798,6,5,3,9
73.273532721298,53,71,-933,116,73,-7.0790239119314435,52.72723563307932,544.7557108018883,52288.92902174538,67.56865977767413,1,0.0847470077935779,-14,0,0,9
42.84371220719218,54,70,68245,81,81,28.477859316871267,29.761853793551552,521.9774479871485,105975.29490667497,185.28726949487174,-3,2.5606585371888224,14,0,2,9
1100.3455084135599,54,68,-10467,65,34,153.44654328980636,227.56161645344514,623.081232314298,58942.84312587138,87.37414161890919,0,0.6317602010646288,39,0,1,9
77.17279571286255,96,44,-16828,90,70,11.825112493060118,9.573528078230755,192.90707454476112,16272.359899931918,138.35270250628582,-16,0.45075996379198846,11,0,2,9
-33.76543648867391,52,42,23794,67,66,575.2045208435286,31.763187366095384,-31.670744761270544,16561.773027693478,108.39242880845302,-5,-0.3153885640742534,192,0,3,9
21.504881197129848,61,91,-7925,135,16,417.45984239987945,-30.827563785411357,-47.988113268257074,1491.4024769112584,92.47346451494002,1,0.5573609854924554,179,6,2,9
396.31537523299687,76,63,-179852,978,67,20.597057793079983,200.57218110312482,203.97890604752655,9040.240210176122,124.2000025339928,-8,0.7894686429199106,38,0,0,9
173.29672478382435,58,67,-25833,2102,476,11.208060781015675,60.539955093735756,2.9977783265983424,76381.1297338078,55.450863401301426,-11,1.5268898169826244,310,0,0,9
97.19322993996384,51,64,14885,144,152,27.69269305808431,-16.865499213400934,346.8424080818293,-61333.81292695341,57.04353220730877,-4,0.9635286612867813,-9,0,3,9
72.15287088918878,55,59,-34366,182,55,43.947567639379415,-14.974624195341349,541.1929048866039,72434.16620418143,58.04608539847065,0,0.12148580704336444,-30,3,0,9
646.3989511225353,56,65,-29320,144,32,382.6763566254642,319.55724410502745,571.709233034478,62706.302666322794,95.026321376138,-4,-0.22301779927677387,-21,0,0,9
63.17556582690099,55,50,-67718,5793,13,76.40559050076034,-17.6540857807771,27.21751207493248,81494.0042747138,29.891334395190874,6,0.6772342238981819,26,0,0,9
1279.0627174628908,53,48,-18138,227,-8,-28.72709018273426,22.175099593774654,759.9302682110233,96502.50218734304,47.01986967835781,-9,-0.08775914132282919,-27,0,0,9
191.1268586986451,56,69,-12956,25,41,-20.389793976953428,112.97486950801786,451.2952290777808,-48204.067392885365,2009.8966265136867,-5,0.055788744221692714,-11,5,0,9
76.26751352128363,72,67,-34256,134,66,73.28116225805027,-47.737016794727005,601.0224341083282,49963.37183248946,59.697987755154344,-9,1.1789423343080032,-8,0,2,9
280.9131817886069,52,48,69143,27,67,43.2388685947777,15.658226466540196,26.71895408983082,-13631.751232263974,90.0636895498603,-6,2.4163035218191133,-40,5,1,9
91.12288537447832,51,49,-9440,105,151,380.6577107523025,14.293267072087943,432.8527126112956,-72734.5465413505,205.7132969344118,-3,0.1611122786872804,3,3,2,9
-64.83499024663612,56,127,-15738,-29,24,301.6986654062198,4.941539967171908,520.8945056352485,45933.51781011334,31.397669883365836,-4,0.5937246949444905,-33,6,2,9
119.85866183218921,52,60,5402,-31,24,24.12338971957866,-32.38793161391139,-2.8974259102746394,8141.158833680272,84.06164829631408,-7,1.3226999344249637,21,0,2,9
-70.11399019044885,60,67,-15965,206,69,20.93693547491521,-6.038345170143259,506.75576905758,-14542.192463652984,96.80819356784835,-23,0.9800871896037943,31,0,0,9
322.2095905671948,53,37,-134382,260,73,42.783507157438365,332.54902099648825,-47.154358784777294,-2403.571827436328,417.2856599749667,-11,2.2366465800285966,297,3,0,9
150.5181738632237,72,54,-13900,96,232,35.73007759859627,-9.808142423414505,-19.345971853865308,41707.420392267115,93.65273341457478,-7,0.1415304217018945,7,0,0,9
-37.6098649690034,83,48,-101444,75,53,53.33693601877843,3.5225031401859024,24.321057757084553,108732.49637479625,63.585013478473954,-7,0.3774608239820063,-9,3,3,9
61.00353027182688,61,51,-58304,363,63,59.29107232455705,226.062368352514,695.1759584004113,-13191.58285888582,85.19894465546396,-14,0.4100575035520804,-5,0,0,9
1335.9870361446292,51,45,151065,-3,14,-22.479359284905897,-23.685925470354743,520.2112370439125,-86704.39527845674,480.9199188792644,-2,8.146051082292573,4,0,2,9
734.9296128269174,70,101,-19728,1935,6,7.764214516641914,-43.95712942766789,32.33280853426993,101895.57527336579,291.03315989344287,-10,-0.016270490369087023,33,0,2,9
76.06071586474746,55,70,-21345,960,8,262.27187036529506,86.88973476976561,538.9734181047784,54526.500411689354,157.36006878856594,3,0.986228516552423,-24,0,1,9
96.78088009599041,50,102,-34043,1524,1,-7.6147959485564485,-51.4923810429226,462.8520150349883,-38586.35366793953,36.25779597038425,-9,0.6640813901225455,314,0,1,9
65.24698183192172,49,62,31798,214,72,237.89062019306053,-21.154711214040066,-22.68295884219231,60390.10625055432,60.402348028377624,-4,0.5643070893101895,8,3,1,9
-4.082039235513918,73,61,9420,1575,63,524.2135537614704,236.84637426780847,534.7691424645783,48009.43917450894,66.24680522261585,-1,0.43394862824957997,-33,0,0,9
11.76895294338933,50,24,-117882,269,52,52.63530443912369,-18.09250756445222,568.3061213909477,-25367.176954532475,78.83760598025299,-6,1.0623679680584497,1090,4,2,9
1236.91967769156,49,42,-20452,740,5,657.5315462069095,1.7972702789003638,-41.06913207608359,-13734.14067670349,61.173259832142996,-6,1.054967553379787,13,0,0,9
113.54537080816243,48,96,-107843,196,6,41.945109028324886,159.82102497205244,5.334431834383738,25065.423050381858,74.45127299883112,-4,0.3356473317608911,5,0,0,9
22.160445202045864,57,61,-22883,2102,56,20.882585674055363,135.20745643257715,605.0944322664635,94650.17244997028,186.54632822210922,-3,0.6948202583009886,15,0,0,9
33.308526475489266,47,70,-13796,470,48,102.10008577891263,22.924030981122836,-19.520509166129884,64261.381109994734,39.476134216753145,3,-0.07730392420941647,35,3,0,9
38.88871447345146,65,45,12933,71,63,10.092948045199805,51.08044734234475,248.42558628509096,-27799.12232098413,103.3714805345551,0,0.1500936855607677,200,3,0,9
105.47335662392963,48,71,-35168,180,54,16.10910652440259,0.6292829769587884,569.6656559287773,-31902.255286908057,199.18284773878972,-11,0.020104258418474016,-10,0,1,9
181.06137560362276,89,71,-113611,553,2,98.36473434231297,-19.246177267597027,-8.64996223664755,35877.86761564816,71.40803445939414,-12,0.2516984087409464,13,4,0,9
1104.6332920353384,57,60,-59728,245,171,204.79732844559487,127.83407234869826,537.4018761843262,-39802.66147871106,467.14539267296885,-31,1.0344364925171223,-35,0,1,9
47.62532108931858,70,47,17544,897,15,309.1561877201253,46.87324863613423,-24.73305343286139,46277.84426497891,90.01790600647024,2,-0.03459276157657418,34,3,0,9
29.69132183461757,56,87,-24373,101,73,78.09644463973062,170.71461290808224,597.4310782305084,111005.23563902601,1336.9774290770326,0,1.479808186297666,51,0,0,9
429.1570482761607,93,62,-140770,180,69,23.37983957345348,249.2733412825405,-35.014211503956574,96181.50927281944,84.15935683280644,-18,1.2620761369656799,-3,3,0,9
150.99182429244013,61,46,-2187,754,23,57.45935271702789,358.9915706623439,2.2042252311555446,-6242.46242302157,102.57914369583173,-2,0.26952862630572444,14,5,2,9
131.96394242358815,47,57,77410,129,49,399.4509950932939,-33.754008485526015,1.5457635120711455,-13178.79329744777,65.69091702450037,5,0.11399132619268466,2,6,1,9
152.34845518117277,50,45,5867,1518,60,-9.6374232515615,-5.200893037591396,43.22190597476136,37469.44076511338,33.01324867749878,-5,0.5028276522327582,-34,0,3,9
151.94701257772215,66,50,-1477,236,26,849.3089422547308,196.3687657119698,22.600507901932442,92682.4950030575,75.46464133193213,9,0.5816782421406534,71,0,0,9
-15.779955123998477,94,50,-14925,2411,71,47.038404366680616,-8.908098062237489,19.298269780671944,21064.5227940759,38.791231603986624,-6,3.9595631529504605,30,3,0,9
197.1313974433529,61,49,-108659,126,67,38.753968663891605,7.125498873608674,582.574343716441,-28665.86246445763,117.66181553181579,0,0.9411352254893625,32,3,0,9
1685.0165559935558,55,42,34304,20,65,-5.86546043987741,-27.9437926606184,628.4455425814215,-11323.547722449479,43.790463380037465,-11,1.2164907501492606,26,6,0,9
927.3418976251721,61,53,-94284,184,-6,66.02281928669963,28.948021718416175,523.0835569836395,20495.37420135216,56.151689686994686,5,0.7970982214501494,309,0,0,9
96.21819576568502,90,63,-113429,-6,67,18.443238279165925,45.312795809697946,43.74085067589789,49661.47206895404,125.2544036912847,-9,0.6073774415291504,27,5,0,9
773.7868176775438,54,215,-21049,105,67,19.760466729760097,-70.29326248045737,204.3790267489334,24659.777373769546,67.37619690720517,-6,4.716383858893063,14,0,3,9
75.14567069717828,52,60,5057,104,50,-13.211301682489491,95.31109137894025,532.2192039348249,33229.35918151653,115.63069557651538,-11,0.10132155678683408,1408,2,1,9
350.7279329998098,58,51,-30210,239,65,-12.592136622313546,53.49824456109974,-18.767958452720364,2992.7522237576686,65.89029460075146,-10,0.21264309113309443,14,0,0,9
63.503141456131544,79,63,-8826,1101,82,-7.262517660565621,-19.751958701491763,570.6619638051507,82678.03041169519,231.33861019204096,-7,0.32516147008661866,176,0,1,9
98.0267050432131,48,54,-15090,911,-12,69.17536616229326,-31.320087969764003,33.277763099787144,37431.94979579988,19.687509200853782,65,1.1844921082621314,24,0,0,9
934.9667518784902,68,51,-23921,269,63,10.342996945859028,67.27195206823995,621.087517900982,113426.56179385941,133.79722541628803,-2,-0.054873680811602335,23,3,1,9
353.60424393950325,60,45,-75487,221,18,-15.75942524968309,184.65630039901362,702.1881787891565,113393.6873774714,31.053045168370083,1,0.06639214335426691,23,0,0,9
186.21751006579237,55,75,51912,682,57,55.93511285136012,61.15713725138844,-10.530621343261627,23281.160681254354,83.65011149108156,-2,0.8262889465125863,10,3,0,9
171.66463294828537,68,66,-23295,300,65,37.62291776091742,394.007315624312,-18.833515145809184,-71659.50297032003,124.19344359850254,-7,0.5480047498563663,44,3,0,9
146.25034465320698,52,46,174399,1760,69,86.91453041682239,725.9564514379729,-17.034102190004507,-3683.158330196311,50.02576414253678,98,-0.3194623326416923,15,3,0,9
276.92217939417566,61,47,-101644,1510,63,3.3310686438019843,435.1538912722276,125.60064029301833,-3558.098761168567,108.46501311827672,0,0.23363883357606008,8,0,3,9
395.12696416472465,46,57,-158623,784,24,2.385016101446894,200.46950627504293,171.51186245236826,26424.059757791336,84.3324839044576,-2,0.546549933804461,2010,3,2,9
1034.2228091812867,57,63,-9719,406,64,219.35974165451285,59.687275314763454,579.4966005759977,-62989.570980648015,34.90615943580713,-3,0.7857485447004064,-5,3,3,9
198.8570724156474,52,72,-12409,98,74,19.352314886278393,-44.341834944147294,-39.349661493431206,-16504.380202198063,74.8318618159503,-6,0.7755759162080762,12,0,0,9
1313.9092938650665,56,77,-77222,-30,4,30.709979910468732,-6.5173793232581465,559.290481168842,17848.213116741008,108.12734582345203,-7,0.8544316417287778,1349,6,2,9
87.846707475604,63,58,-13429,136,66,57.02496587704067,-37.49955450352812,-8.691671793433175,-74704.7226262911,117.51847106783624,-10,0.30207660262783587,30,0,2,9
16.132312734722568,57,50,-14003,189,404,37.296099192264286,126.06593510537137,-17.77764679382221,2863.216308226605,71.16930876496538,7,0.2773108787264724,46,0,0,9
128.74772659795013,75,45,-2366,-32,72,44.218608365772255,90.49883710841134,291.75400486390026,49665.151632619105,78.68896618835342,-4,0.0534202391685049,264,0,3,9
159.54840267573903,50,49,100227,971,59,-20.615799714087714,145.68194659457777,676.3550604257999,40311.29043576492,1748.240460677781,-2,0.27910733446625247,7,3,0,9
181.47251764870754,54,53,-40022,444,34,-4.320484378602515,505.9437188714788,661.9630352006019,107351.0231189153,71.1667666306721,-7,0.14483236920662385,-39,2,0,9
67.24052407105764,63,42,-71214,-10,59,525.3887349896744,-31.508360827063846,531.4734977262183,8596.252351683124,78.40884177100264,-13,0.9555248638967722,-29,0,2,9
129.69761306982033,62,62,-118055,583,13,32.10863352059287,-26.101690672633648,634.5532371275461,12863.784400682218,249.2874566035546,-3,0.8930824834290615,26,5,0,9
125.43550355013468,53,55,-27375,150,58,11.110716596973518,495.03451058727035,653.4524173002894,131306.6331386427,8.255501415284243,-4,3.060337289714008,-1,0,0,9
90.5437667284615,82,92,-31024,-46,145,390.01943827087706,-26.718688263339047,174.58221704640312,-36311.18415905861,85.27559060115134,23,1.0717357148212914,20,0,1,9
1142.3717958519733,87,84,12762,1438,70,10.257130692429556,159.86518353373265,419.55649073584334,-33686.10501599629,191.17893259830137,6,0.7647820939410943,7,0,0,9
783.9009203100811,87,85,-15369,134,1,507.3006922750873,149.4866441845504,-26.253913159400387,69799.79012144989,101.31714089468625,-4,1.5748019162702573,41,0,0,9
131.82610180420642,50,72,-31274,1420,44,-5.322157793519736,119.73311665890769,769.3173504781709,-10131.369094968559,26.86926625327945,-10,-0.10073087676127399,26,0,0,9
-69.71227988459688,58,55,12029,-13,18,341.6416239247371,247.88205596941154,273.532494065042,83825.39313922082,512.224020884817,-2,-0.13575556992905768,-33,0,0,9
102.79770703385232,56,90,-3280,1933,11,33.32314636064402,-12.415615613873864,550.8483171931986,68863.1838639246,86.9662809080793,-10,0.5687299907193275,24,0,0,9
100.05773051553152,51,51,-30469,502,14,27.60943786158542,35.682308638264686,-33.60819131462107,35727.794308991484,217.0467866092898,-9,3.6511810968654808,24,0,3,9
148.71110430226867,84,77,-26621,752,60,6.906784768757348,771.345998503577,761.6416935498988,50498.08493000262,71.64047171636061,-11,1.2838663586138201,-33,4,0,9
100.88133654122899,49,53,-73228,1514,16,82.87660158184032,685.4265019618008,-49.20389600212735,-36596.05169202297,108.18342129431696,-6,0.8541772462878728,0,4,1,9
64.36772023213626,58,50,20064,99,8,73.90942677505868,98.13733358167308,-31.47102991649332,-73751.66548189649,149.32576965563692,-10,1.3216055368244273,38,6,0,9
100.2945949061009,85,45,7956,190,66,16.453237702205357,35.74607651854974,42.995069259227705,-21411.9036296402,192.38467888927798,-6,0.9116964911007287,120,0,0,9
-56.69822146325035,62,154,-25621,320,111,12.187605297019815,95.04523504318229,-17.50768655094747,100372.09001015882,200.7477585568618,-5,1.4908226376403424,17,0,0,9
166.84279688336278,83,110,-30041,130,7,-6.317039397594073,167.86418534849736,-33.63897941638801,620319.5621150122,70.43440707551446,5,1.3628536797991249,28,0,0,9
1311.3682118563431,78,62,-94130,1710,62,62.33616961322254,-18.52365838180952,453.4440547069273,21224.392881996326,92.47792565597061,-13,1.536989959159531,-16,5,0,9
44.586629499397255,57,65,-53527,166,73,471.5073418421613,54.84999410333129,-2.460288622840976,-67731.62575234416,83.73316145434242,84,0.9800073403623913,-12,4,0,9
180.2222560238822,58,62,-17429,1952,63,-14.669121383236899,19.176019054412617,717.8935912981781,-20154.514197279783,67.9550026312796,-21,1.8058613342294072,-8,2,0,9
202.76001672331327,46,51,-14996,162,17,8.875705463812139,-63.18985045652585,531.2347665854888,17854.810797810835,109.71288383912153,-12,1.3362215515944604,23,0,0,9
74.33448100267456,55,63,-8728,5295,63,93.21346454305485,-61.21044765935243,-42.0625200248661,-36201.13009687315,68.225651678048,-4,1.2514709215380255,-42,2,0,9
135.94389361226337,60,67,-26324,392,30,-11.1269814595735,512.1417258843175,15.380230490146038,-58268.736393954634,492.04408111212666,-18,0.7168719941832478,-3,0,0,9
90.25496154270564,50,57,6056,1250,18,44.0644832648132,3.3706998616891215,-5.781146769322145,-7194.534702792083,322.08839345331126,12,-0.08461884124818449,16,0,3,9
811.7591590744909,81,58,19772,1047,1,-8.776325772680622,24.88048312125331,23.132988822283068,117754.02047571582,80.3408431048496,-2,0.7669539126164883,-11,0,0,9
0.32560897992364346,55,65,-36644,188,69,17.602822515151544,252.76263740608346,11.208939083687683,35123.19685919277,692.1992020385417,-12,-0.19997059902084308,23,2,0,9
81.05671356205285,55,66,-45282,40,0,45.73169288586398,38.622955524969285,605.1254676724959,-57120.315848869766,55.79240137354522,1,0.2809278888559108,51,0,0,9
1631.9114631624975,47,106,-28413,658,13,14.345050428108735,121.9004573724875,-13.112350325660367,-51476.407774115665,286.1203579351164,-4,0.3353696233262252,15,0,2,9
68.94011519870467,81,54,-16613,136,9,16.62709121425422,-59.958020068338335,40.856552591434266,-2775.1940789325145,87.637002199381,-1,0.4684392668551998,33,0,0,9
39.26786269033208,52,53,-29543,267,68,49.87642416669385,43.253524094601794,609.4626220086766,71398.9731739597,60.44841549682343,-2,1.3688731631002573,-20,3,0,9
348.67771800110324,54,52,14551,735,22,104.36154056342218,191.28226815031007,25.224242005246023,96775.60149996102,65.11519113349733,-7,1.0311356096075834,-7,0,0,9
126.8659288910606,51,66,-9242,132,76,-4.439972775674633,222.1829041339565,20.490872071908342,19870.20231401547,118.1248947851087,0,0.11380647913143414,23,3,0,9
215.38243306082893,51,61,121234,-132,74,375.41743799138044,-2.0367683626496262,17.44635969228526,-64154.55184200489,97.76037267511725,-9,1.4172430783897982,-17,0,2,9
144.89008998806597,61,51,-22884,1514,71,-25.5217153466472,55.843187702841526,39.09004714846946,12055.639356513906,182.2878716546428,-10,1.0024738344524478,3,0,2,9
743.5834536835911,59,52,3406,-11,59,-6.101286461720889,-39.06567790656832,457.7205190157124,105454.00970878215,50.197491061645394,-5,1.5386911745026455,1437,0,0,9
135.87934468690656,78,65,-29200,125,63,17.405967199526614,-12.810686021550492,658.7866003991516,11571.768327872032,89.03029908251224,-15,0.32217620628908783,19,3,0,9
153.32951265948168,54,51,-3895,1106,9,63.1426473799333,185.42605022555895,-9.647537515567352,-16459.593939372662,102.79031609679863,-9,0.8632865754128165,-38,3,0,9
377.5428867455021,57,63,-6292,173,25,12.317499636521987,246.10855796152634,-10.854011753913754,97605.41377958897,322.81501789603186,25,0.5255078179324643,-7,0,0,9
4.592014796684431,97,49,-166610,132,76,9.817447082261339,39.56943911574304,25.62114652669998,-15848.804609205723,58.27712752811678,-30,1.1007470281918095,-27,0,1,9
28.960389809734565,81,81,-1538,1668,19,55.968397095849234,164.21385047079545,4.011039841367772,98282.79090128577,69.31699141860551,-26,-0.031156541206551813,51,4,0,9
-9.71374035775311,46,55,2381,-78,24,107.00773382094584,-28.86510714821314,-37.207836979006935,-13025.856588087674,180.50948618684154,-7,0.10809309079778844,49,0,3,9
104.03720506334581,88,61,-23233,174,68,54.46206092163146,-45.010321856118736,573.2793646569826,-19825.562573490544,124.45853834837902,-27,0.21442060580797506,3,5,0,9
19.153510625649133,59,49,-14756,19,424,31.72153858784158,212.39601351803293,626.8730346227975,-85126.17707567674,141.44551259042862,-7,0.21055737995228607,-24,0,3,9
181.57791404291243,44,57,-130769,-91,55,26.09345514487135,61.31548678486878,551.0499512434852,85041.55504412211,49.894211362509125,-12,-0.12826227239289859,14,0,3,9
-3.903194443439432,64,45,51638,807,57,-23.296367421246487,-34.15669981101459,185.56809712864384,57762.80660252932,47.98537567496848,-3,1.1569359654845486,13,0,0,9
162.227496485736,51,44,8348,23,71,6.764271596933824,12.738672424843433,-3.5023849222145764,25601.230441921798,45.13272787516421,0,0.8029870630903975,-48,0,2,9
99.16659166210133,50,37,-3346,318,67,-28.125566985221184,-15.895621762059513,657.4133097885716,-73243.6941946629,71.92942482100865,-12,0.8562860554022274,18,3,0,9
-25.46493830489898,82,49,-77991,741,149,58.50114720394502,153.02353722096092,-37.778426105063474,21367.79669453767,72.1930984238899,-10,1.2665927359174374,24,0,1,9
56.06724367675656,58,177,-41668,221,91,347.8224491504871,-22.948621800685164,576.5623683497325,-39576.62136880329,45.13796666933419,-12,1.0513099646251156,-4,0,1,9
1325.1591708457852,56,114,-138848,194,61,-26.956494958526307,5.573513435333906,636.9987221709748,24790.275356132493,70.01741099448682,-11,1.320095996152764,40,0,0,9
-19.039695442497944,46,45,-99517,162,67,121.82555272973835,17.378638123456174,23.535005470348317,31607.179995989663,88.6263616695901,-9,0.817568273535272,12,0,3,9
98.74673309223671,58,53,138061,916,28,1.1197790777107457,209.54530816333408,592.8332758882806,-61066.88725646988,122.42013815438094,-1,0.6136854336468093,13,2,3,9
156.63707376791777,47,56,-20707,49,60,368.37112604572167,183.55609689305413,6.042432019602458,100815.56178363033,276.0962049385447,53,0.8325534513505344,33,5,0,9
-35.47322763469364,105,57,-22275,54,202,1391.2886379279498,19.06980441902198,-30.32726058650876,39546.365232366865,63.36388108705631,89,0.1285289282567535,-16,0,0,9
116.19893495012934,52,55,-15020,123,61,12.672075042047041,-26.894816129805406,42.61657416067935,121783.88589698805,74.49867489933506,20,1.3947984085402512,-72,0,0,9
34.24282417947665,47,46,-98420,304,54,10.79184605498881,-9.275695922662813,-3.928003962250181,74104.96168162744,121.35338900559512,72,1.3112836824293894,12,0,0,9
371.5733517505815,63,48,-41204,82,59,53.385763166233076,4.503968428477806,228.85358392466298,35511.55724974032,344.290048859902,-2,-0.05321541550849408,6,5,0,9
25.322216235645847,51,64,-127976,-67,11,94.26941310251205,-20.902558764881814,-26.008240667130124,83165.1325999263,81.63924557593472,25,0.4343999744192404,-2,4,0,9
82.23794224629897,49,41,-7824,857,-7,513.2443469338399,636.0047293238744,1.0194491459373958,37747.060879929515,45.529496808581825,-8,-0.05818396985038235,31,4,0,9
141.89644585649665,48,50,-2795,-13,29,-7.87171323064301,172.5138414812941,602.0620161140779,35561.785345569755,82.54521902114662,0,0.8153688728222735,337,3,1,9
43.85890010934001,51,62,-34600,511,59,5.137699826996254,179.92664804845793,-17.521152741029905,-506.16515538731073,662.1699689722966,-27,0.5402333377893738,-23,6,0,9
-39.18964866189545,48,46,149201,2343,94,419.12935040195754,5.008066732480066,604.3648768947394,-40169.359407086726,352.8286326512744,6,0.4273464264283065,1819,0,0,9
783.4293216249941,54,126,126187,-31,68,100.20564371381299,79.7644971390851,-33.17947297058936,11952.160462578451,62.56491974913432,-8,1.3456012944171962,0,5,3,9
14.544426147194898,80,57,16048,58,26,59.8364903405612,-58.07882740948779,-9.779809157353698,25362.393931238308,97.16752962090895,-1,0.3212024931798013,5,0,0,9
89.27385835910869,55,57,69205,171,21,134.78934701974435,38.532889343928645,3.9455541714478644,13294.85226052517,74.40768526067382,-6,-0.12393077458957671,23,0,0,9
138.67718083521413,73,67,-89571,97,230,-13.565731603904041,-45.64387218778015,-18.445386922296684,-27012.397868660828,22.974080825371345,2,0.07516157060216445,22,0,1,9
41.316834017530454,54,59,6601,311,151,8.301533279073297,13.309792986587563,-3.1393400008390384,47249.29238836118,1329.8410259523962,-3,1.3122135691535362,33,3,0,9
19.626818265205316,53,63,-7478,213,55,42.09743854907802,30.267536966253903,31.60555600196524,-39061.53261083714,17.432253422185454,-7,0.120324142178499,230,0,1,9
170.190350118828,54,47,-13650,96,14,405.00240529046175,2.204502676997722,629.538904658241,104190.56518280687,90.83245558373542,-9,1.401018310094602,4,0,2,9
-24.55060401779187,61,44,82119,2290,12,60.768938204319824,487.8682455576547,6.63892342819234,86477.68372708252,83.79731656291487,-9,0.9026114104528873,2,0,3,9
146.09129025085093,54,52,4423,1140,9,32.43482421045331,316.2832438636126,245.82392317650337,17318.214032715114,240.51281638507572,-4,0.8595711412306961,-13,4,0,9
102.47724767146994,75,57,68700,36,14,459.98339940063744,-41.520967149202136,308.77169793072824,-45513.449156735514,76.8536750991961,-6,1.260204457974966,21,0,0,9
-30.795950866493655,49,68,-29474,-37,70,-10.551698739934722,18.228944488141593,227.79860711079849,7438.993672497563,85.08763912393523,-5,-0.266468141824597,2,0,0,9
935.1691899828791,72,86,110614,59,60,332.8331949423591,7.4371544316007805,31.798908494162987,-2457.682387281624,27.725192254043037,3,1.5202260887452144,11,0,0,9
159.41694120870142,62,80,-81150,1926,62,387.3944913211247,181.0994684602863,444.44464166632827,-43108.6286034728,167.68385142766374,-24,0.991418819877599,33,4,0,9
-1.6716925191530265,57,55,-158181,117,59,37.4640376266625,-2.6157475907279215,201.74314413953383,72421.67757360074,101.69918708238629,-9,0.0703923839240075,4,0,0,9
208.03082889124119,56,52,42350,137,19,33.64132393883923,403.507234750799,492.03635769036384,80390.88294277941,68.62311534843828,9,0.09833032100899079,161,0,0,9
145.87285162068588,100,61,-27736,374,293,48.59042120044828,-21.8911697613721,4.534906148683862,-89384.76818678081,37.859653395230744,-24,4.710919121065078,-40,0,0,9
82.62804830598559,55,53,-20937,17,124,-10.721609128308202,37.03986339589332,680.5536356673916,61034.736623499586,83.77976473710801,-5,0.5646731123021503,-19,0,0,9
126.26596210437373,57,52,-11205,495,67,358.4604830395661,355.85596855392896,688.7095301178422,-52029.60076200616,204.7637620596304,-11,0.8957941075605252,8,5,3,9
96.8150709161028,52,65,-14443,1886,28,276.8849915729886,763.5282190332348,595.823093714781,-46508.6411807198,50.9528196512898,3,0.16768689994198732,31,0,0,9
-21.526559340353515,58,53,-11417,38,75,148.66648650051013,441.8464609559516,-19.924604031661207,27303.58946270289,95.85257092704948,4,1.2286443132992058,12,4,2,9
43.016879749560246,67,59,-150830,167,235,80.42548540775871,37.85819266486696,196.53644569311314,27223.28537948104,40.34937713330547,-2,0.04356573001718955,13,3,0,9
895.8832215286382,50,45,-49611,192,46,183.085331260879,-47.56214446920464,32.94314331190506,16984.54497576978,48.36858153359974,-9,0.6432406686719286,13,6,3,9
22.674655809728463,52,67,-25525,653,72,64.72018136097702,146.42958866735768,597.6347057968878,13289.46172255364,120.90741045797168,-6,1.1543648130691089,-1,0,0,9
136.2282754806966,75,53,-24634,274,21,46.6736335878328,-3.5720059441700878,31.219398892540976,10478.330358185067,61.76120831990376,1,1.1198299591434664,30,0,0,9
85.2813594365366,68,42,28437,1896,12,22.386053740231034,25.019217967052096,-8.272762677034931,60362.612113131356,194.06023762414816,-7,0.8530592796255478,27,0,0,9
1722.5584080027566,55,164,24751,556,20,47.591783809205474,109.65848455075518,557.9150142977095,-63058.79875651751,317.1786766962537,-8,1.3147191156441271,-32,0,0,9
479.95141701966816,89,65,-78055,118,46,20.248902831063106,-33.340095495338915,28.67654721270094,11641.66906607075,298.2515775739257,-1,0.8284797943933865,-21,0,0,9
116.18162570461843,56,73,-22418,975,53,307.4891055177534,41.87938431590674,666.9933982859445,15531.653218672756,95.59654464880421,-12,-0.16664601215763455,-28,3,0,9
143.61507568510714,51,93,-16245,2243,58,-23.416782322390745,-23.826716051954477,633.4276505991102,118246.80843332778,496.7141064807541,-5,0.4899823264369924,-7,3,0,9
168.13367745059602,58,65,-33429,198,68,74.17812827009583,-8.138248682778887,594.4693495218125,-1420.7590046300484,205.57239580491753,9,1.230973340737001,23,0,0,9
182.5281922743943,97,56,99390,-53,365,76.70911581905024,206.116052602844,526.549006206657,32081.45044686712,73.95721913945093,3,1.0893538446101458,13,0,2,9
30.757054888335134,51,38,122944,-58,-2,56.069740178665555,37.015639809229924,-19.789425151070734,-22939.305553551374,121.99271285277726,-6,0.2598409928520684,28,0,2,9
724.8405288100648,52,57,-77691,512,4,42.05838755099614,46.293980415323475,-35.85117496941073,-56332.33751797411,375.1074783023046,-2,0.5993373564619179,42,0,1,9
-108.49063116745432,54,62,-32998,844,10,38.47078384280114,143.8879362985695,541.3582662110388,10280.981839736865,151.8483688232992,-9,0.7074630803290668,26,2,0,9
731.1958143795146,92,61,22862,1238,21,33.83268531502813,-25.760467671825804,451.85544066516593,-44838.58435174187,62.930553661948906,-5,0.8640459374217184,22,0,0,9
146.4429140903452,55,49,-25867,166,23,54.392514075753326,136.16245209301186,518.517860627232,41298.75856774348,387.39522248987606,-9,0.5520211597624316,-76,0,2,9
196.29702782232357,65,163,-75098,-12,63,36.2523578982369,-5.548957765139016,-39.967656222261894,7336.600808389213,60.21556679978727,-1,1.1987336222260958,236,0,3,9
72.27009026200888,57,67,-78141,26,-5,-1.4785211934888594,94.59020403770124,-27.509405730229496,103231.20672864134,45.452266680810766,-4,0.6689075026375968,218,5,0,9
36.89833732551184,47,45,-35267,596,59,-7.001404310449871,-13.108470219911126,-42.211488465352865,34691.42263291175,31.97423373017495,-8,0.32471793787011427,1053,0,1,9
82.04392493092912,47,51,94869,2513,64,9.809437799125334,68.61245739181673,194.58271725525273,-27797.959633580667,104.56283760625307,-6,0.8819844195988149,-18,5,2,9
38.170834572965404,49,51,-28079,165,69,31.545644469716486,-12.495649670644156,-40.633880426003934,109290.44042258635,81.69107383350917,47,2.4111002870039666,246,0,0,9
34.106115988842504,81,89,-23255,253,59,405.87662285837894,51.406940195522296,292.88674794597716,32643.439962887503,92.06367271812528,-5,0.9714073256114291,43,3,0,9
249.33276500622554,47,57,-63177,152,13,-12.092873440365878,247.98343529271395,570.3754450630236,99300.53906089716,67.95637011987768,-10,2.3407926443803233,-12,0,0,9
216.84039257313154,67,41,20327,-63,15,-23.318703060737633,172.07600226327673,369.5985774560338,64702.25849471109,103.12703362462273,0,0.04077438256607572,-11,3,2,9
-53.34068488701325,91,197,-299439,143,70,72.60029757803726,-2.284522775735204,642.3094297366513,73504.96482629966,49.31089361702908,2,0.38046154883987426,15,0,0,9
-32.647413320782775,88,61,84506,512,33,87.67972730646153,6.9500104648305445,601.4402093328617,-2658.119436631465,173.47606183465336,-1,0.27150602918444733,7,0,2,9
230.98612698483745,86,51,-647,324,31,108.94588079810042,133.47818375047285,-3.2202864681585335,32600.878764583234,69.77460607591658,-8,0.10645398224554692,0,0,2,9
136.79273875094555,69,51,-21324,646,23,56.058660415092135,-27.035419715945398,26.355181586374123,824241.3278347608,47.347036771342516,-7,0.8997303626356379,21,5,0,9
-103.2964602382315,58,63,-82942,119,63,1.2873384877158145,-7.704479928985177,482.78720755384626,2938.1515113795413,16.452498177913185,-5,0.7606140972400905,-1,0,0,9
727.9034993432066,55,82,6128,107,57,-6.231418170034942,-25.324498685739528,-38.88316449254846,-13915.647579279565,106.16449653482165,1,-0.11115517769953392,45,0,0,9
6.060218822833349,46,96,717,166,-3,71.68751304037163,12.989073916514993,2.690806561252807,-54766.32525315121,189.2177361063847,-5,-0.08622295741217068,-8,0,1,9
169.6624997473309,95,48,-22724,1011,74,-12.263671786094221,-3.972318903128813,15.319969392511146,-71693.13427340989,206.8425525072845,-5,1.3194772044451084,-2,0,0,9
71.74652149660145,53,45,-61963,-82,204,10.185958334160716,380.6005970294208,517.0110950428306,-53664.042879970686,88.95503004771464,4,0.35467471640853965,60,6,3,9
-28.457185160519842,80,52,11591,336,-9,40.150600810585615,179.4727680188724,609.0806487931144,16948.75443678384,33.623396084440245,-10,1.3225694068018419,54,4,0,9
167.58338578267455,51,46,-144742,1127,46,63.064116588496475,-22.09054577765828,585.2282653794318,47612.05541779885,68.70973010870601,-10,1.2025569320829126,30,3,0,9
163.03968598341544,56,61,-68728,32,62,14.656715678094415,-40.288414504195075,536.0819260116034,9445.416252268606,39.27542684107065,-3,1.3868204033775247,-23,0,0,9
67.27742456181771,50,66,-19849,156,-21,-12.899781916614316,-26.206238134217607,19.569007552876165,31046.517311476757,250.0892422788528,-6,0.8322127749384134,-24,3,0,9
128.17855864607088,75,162,-124715,133,180,65.13928471230318,-43.591497448082336,-0.2570949027572822,-33331.61302557774,91.32089085207214,-7,0.6076992419753117,-34,2,2,9
-15.998694103199213,88,45,33422,233,63,-21.287210928454044,-9.397686175020915,30.46311722548225,-9083.099251126754,64.77551877500471,92,0.5914500652307743,5,0,0,9
26.195944638998753,60,66,-25484,112,510,55.56825644976814,-6.8163935631819,574.6549642961294,38960.42777550406,80.11905806269544,-9,1.5138840838437737,6,0,0,9
-16.470189854551222,53,58,-17616,2674,40,94.51864365504969,-17.696249614180598,338.2270301071841,36887.28774175987,55.40771809957969,6,0.0024555702521781853,8,0,0,9
229.35699463952312,86,65,-55059,74,73,87.41465047146693,10.863496525608692,651.0409380830423,88507.90463718452,58.64534566146079,-4,0.0006794526560514672,181,2,2,9
1.0740918354114513,64,54,155506,121,-14,235.3204659460522,26.99345046118923,465.6715281751731,72095.15847424188,48.9396553251276,-9,0.6810706112818179,28,0,0,9
188.6741301216236,49,61,81696,1246,66,57.37953171124268,46.52949274428447,-22.042935832093388,-1510.9778476904157,69.65947446581599,-6,0.478635306643266,18,6,0,9
91.5931764650243,73,44,-37017,107,64,35.740452912792534,3.9261245679220336,-22.527555960314064,14434.302150436624,85.16851819119472,-3,0.7232940762298554,-13,0,1,9
95.6107137237801,51,61,-22624,44,64,488.07778842837456,187.66538689165972,2.4105775245680663,37419.037126283816,59.2118992655969,-1,1.2346147375548489,32,4,0,9
182.6158550168423,68,58,-28136,30,24,-9.34352237717387,-39.60031978258765,-14.986718138666793,68930.65165023433,103.14362439579988,-8,2.9062455594035046,3,0,0,9
117.27882684914695,88,62,-5977,270,-7,110.84605642241421,-57.29641412079564,-3.630806506519798,51225.8269342822,275.05046088509476,-5,-0.02091699149773263,1,0,0,9
59.544515865153166,84,65,-19928,833,71,251.30915828126308,424.0482408280405,483.04753745729244,83153.35070090459,97.65258668360464,2,1.0724662264740648,11,3,0,9
-85.74355330748423,95,48,-34155,122,12,17.95302574030312,761.5967519532239,622.4858442831597,94437.82469407265,268.735797350714,-7,0.2142527587572653,-11,0,0,9
126.32609720477188,47,60,-27191,225,57,-4.55426203006094,-33.88194421171721,523.9941746007582,53024.43139449826,67.81602571356669,-11,0.3189976050835769,14,5,2,9
117.11787894200096,72,60,-153124,584,59,79.8546540933337,-6.720135828894496,566.8484304820051,10882.164180260319,54.476359744296175,-32,0.8276663233276134,0,0,1,9
197.37478666081466,55,67,-35275,-18,19,61.176940735161814,743.543855035168,619.3448772635686,53555.50140481391,92.79396188172606,-8,1.402336974359153,14,0,3,9
46.57934251402172,49,50,-26171,67,-18,99.94820828644728,-41.82255925510664,402.9958932625308,16691.44259528146,43.73375123461271,0,0.20202889963975323,19,0,3,9
76.78475047196672,57,72,-96822,725,64,33.10892483646032,375.712361775492,-12.124675930149296,69679.92388949092,75.82939471686758,-10,1.4059387658620348,-6,5,2,9
481.04858913822636,56,56,-34719,-22,22,69.06930441720871,106.06553912448514,527.9540702213035,-32945.77863040868,417.3354176139934,-6,0.4884835658452824,-16,2,1,9
184.84057507950428,74,60,-12260,-52,62,415.38325259639015,0.027243505212591224,570.83844098547,2702.9626474519973,39.92573079881529,-9,1.3179543441627681,47,0,0,9
34.86681888901535,87,57,-26649,2485,-33,-13.53530245363396,-15.592916352040561,1.8671214044148103,107105.5000157723,72.02200637452553,-9,1.228780314734934,9,0,0,9
83.87319746787806,56,43,26791,40,77,66.25064931800902,17.73414077755353,34.029383710229695,100646.04651976445,206.4675658060597,-5,1.558150304629487,23,0,2,9
89.23054770170194,50,54,92786,99,39,25.89467790757611,-8.263414215183936,491.8846155010657,40214.89453090127,61.06491352835225,-5,-0.18056195758476895,28,3,3,9
130.74506074366113,74,63,3555,105,72,345.58090644442814,253.28597370057426,12.657490642265667,39556.98672376435,82.66167603360917,-2,0.887526460999088,-14,4,0,9
136.04042318058978,51,74,-19516,114,23,30.863971012904962,-27.40308193195102,-44.86385830447497,69069.22575049287,119.42043727659478,-2,0.34442891263248265,-11,3,0,9
97.44690081787577,49,65,-89935,822,71,115.1257739866138,217.76654919883265,18.947663783807783,44626.114581170405,299.8859613841531,-35,1.3185574214667315,192,5,0,9
-46.98100299563262,49,64,-79484,-22,50,73.11947581187438,-34.360515148085334,120.6280797295858,-34023.26612476565,90.49970169994162,10,0.7279696929208929,31,0,1,9
-27.256113884652848,104,53,-23442,819,69,-1.8798659120107999,32.88029824260407,-7.1521132589003855,-38373.0620834438,52.69817983461594,-4,0.19258544334843528,52,0,0,9
-48.10680259181629,67,45,-2225,1958,62,248.67421226456182,13.380621159734176,706.152086484349,33442.007868271525,52.02043816352061,-10,1.0000428515529611,9,0,3,9
485.79889611331265,69,76,-24528,1306,30,112.54611895667256,373.8556245132602,309.2698135012767,-73123.05739732673,17.771056187191604,-5,1.7084752981409301,35,5,0,9
93.2535353160557,48,62,-7530,62,72,70.11483650578049,183.4325743240317,9.06046746587651,-37925.25416989115,95.16634039930989,-26,0.12402774163098843,-2,0,0,9
-29.700022940703192,69,47,9602,176,75,271.3175293988185,15.402810096630056,-19.03214247936532,69014.72534840053,40.66667971506171,-6,-0.3223112206826191,18,0,2,9
1665.954151750913,60,61,-15522,2027,63,379.6313510049508,42.350700300909494,681.2157594303917,115114.73830809751,43.180979302429755,4,0.7959946193037248,-25,0,0,9
62.8962417485661,79,120,-15581,150,-26,271.2871106638019,327.78002200862966,-22.47193635233209,40727.6077589176,92.5177480294958,-1,2.977471598615982,20,4,0,9
315.5841511228639,91,62,-170830,371,13,86.14667760467583,-18.855492753430752,-31.536387693136927,-48208.572236628956,139.99577251261263,-2,1.2897034499173807,28,0,1,9
500.8819065294574,51,50,-22710,-6,132,44.548887924843626,10.273538465233742,452.4745236105938,71759.36067344756,114.59594755298778,-10,0.8429107258746494,29,0,3,9
53.30349796016083,50,60,3068,789,110,-7.795196245577856,28.93810367351237,42.94800968275117,-44687.640169422215,229.42641137135973,-11,0.21405869835006075,8,3,2,9
556.0085240134483,54,66,-30804,-30,128,87.79584587996754,417.361169454725,14.857439335968987,18559.297449829028,82.63817369741375,-7,0.4902914479996102,-17,4,0,9
470.0302162446166,83,65,-126456,229,24,36.94604527975243,181.8327650878352,-28.40860449692729,19946.2221221335,75.84740337118095,-2,1.4265435877750494,52,3,3,9
-17.27773700083185,51,64,-110691,257,59,94.86712656069508,132.84443926988146,-13.423929499385645,-62475.676826994444,38.434827768094536,7,0.7481739457888461,3,3,0,9
21.222797953378326,55,66,-28180,121,58,60.060796210720156,6.584499861518793,522.4396014861552,-42022.332042200214,65.1912240020732,-5,0.9762242060093538,-463,0,3,9
631.5220856572347,57,58,-20901,1585,17,-25.129934294126087,-15.124777906746822,-27.604927525496127,-46902.13107451791,191.06466021588463,-7,1.4019005062264114,27,3,0,9
25.787156542828498,51,49,-26779,50,27,85.87923114937483,-18.767767597686326,2.9652086978822316,52081.022275773124,77.86172258567048,-8,0.3047472718322912,9,0,1,9
128.06547070482264,48,61,-80891,199,-4,349.78115383978525,563.8384206670249,557.8709309811308,-34960.23258740807,269.1459150929999,-20,0.6912507555148208,17,0,0,9
371.41713679757254,82,61,-8530,1125,75,111.64541695329808,-54.66304691618671,-36.441532907399235,20436.407711763004,135.12447327670773,-3,0.06873538110082798,13,0,0,9
60.13202877701682,71,46,-17369,10,42,484.806303488232,108.76220398960893,21.879214024860005,72922.7958444916,135.23350003692968,-4,0.1523208251530892,359,0,0,9
95.09535721923322,48,52,4089,193,58,49.284353456162364,31.679306545581795,24.103380440036148,63714.39824070626,86.09749584744895,-11,1.5765652959566747,376,3,2,9
84.91826193741426,71,55,8756,1468,4,47.90086863049436,13.353904486987357,652.8168193453462,-22332.478479673086,79.66716621038185,18,0.3897716561985249,21,4,0,9
682.6065438448867,80,70,-2833,161,62,265.52339326560934,14.23321299448877,24.77043675463675,-58976.16100580357,156.95107460030974,-7,0.3548774519392954,-18,3,2,9
-16.481923054922063,55,56,-26075,1134,62,26.113501323886716,-55.046523605359226,642.1610614184358,-69827.83715181972,283.14930460856954,-10,0.0718217632826742,-207,0,0,9
97.53408039013595,53,52,-51913,189,72,40.458789756036154,125.8989070345551,643.6029814585681,-26761.982359306417,70.31073698470013,-2,-0.054211080479674933,30,6,2,9
-64.9263485880879,60,45,-4176,1166,11,53.34162596707748,-9.256662456224618,45.29779600204599,36809.9029158324,102.79641671658027,-11,1.8005152119498622,-27,4,2,9
96.95473648234241,51,51,16823,653,62,-13.775986771811972,2.3787892756701283,9.549107575206607,-27171.08418121999,80.76720682825817,-12,-0.1902656866455457,11,3,1,9
207.06127608686293,49,47,9532,1711,-4,556.8378984074113,-4.26649918899257,0.5464708459353589,-9903.856247683067,1841.8997888420304,-7,0.2703040151662266,38,5,2,9
157.0788088474332,52,58,-140423,176,59,65.17338925062802,23.51521105582129,651.9469329015359,8279.400086172333,116.57679467501842,-2,0.313866312742064,-27,0,0,9
1533.0817591929322,107,72,149813,220,309,340.65179386707877,-23.221455461988572,599.1566583672911,-69799.54965122734,58.78341741102034,-7,0.16542975841032528,-25,5,2,9
90.4903143941065,63,64,-167488,2084,17,253.33918508994483,483.46696104602586,-15.43175738973632,90205.00420729937,246.66158523991703,-8,3.0787869972220863,43,0,3,9
126.70994327232965,57,54,-141650,79,58,-4.791110161956794,93.70664792869337,16.315798062500093,56954.85740564484,47.94935990727903,-2,1.3277308699768453,11,0,3,9
1120.9221935110227,54,66,49534,-13,7,77.90737365446824,3.991541787625356,-25.76537345948701,64497.44768892294,98.38281931345539,3,0.6190255181761602,17,0,0,9
-85.41046622695094,54,55,-12097,746,65,21.436619795077476,542.9939169433534,658.2870397893255,138922.47272833873,92.14406622328723,-27,0.6830375955563328,20,0,0,9
77.18262479828729,49,52,-16637,749,76,41.18529146152814,51.303020509689,495.6984699981476,49865.676453469,90.63468796305479,2,0.2576582025782921,44,0,2,9
65.84861380099984,28,56,5746,201,62,645.6982971956842,721.9902560800874,616.6430234619091,30997.092837823246,1467.939683159135,-6,0.38055209985811944,37,3,1,9
163.18514362615048,50,40,-8465,780,5,75.13373682139331,269.22655885026984,743.8981779324856,12849.80497259779,55.18411455513271,-12,1.2221440695983212,-37,3,2,9
649.4436996424656,56,123,-153748,80,61,24.366267785001867,40.759362138739505,34.985977529365115,29800.372890131166,72.90169570896387,0,1.1913977212043367,36,0,0,9
66.8474687705389,45,57,37360,94,74,25.208264731585636,116.34770154879436,-14.865978196286449,64704.63402466089,131.71526496065704,-6,0.4918897239599248,16,0,0,9
143.55284467078633,53,57,-19028,2334,55,234.39881772398644,-13.065876539801462,563.1180145165256,40897.45815032919,65.8860972838877,-10,1.0872260881215283,21,3,0,9
760.1752299115126,62,44,90154,96,70,25.121678714662117,-56.62234163015653,-31.446120142425254,24945.42231144877,50.60380037945794,-3,1.1409680501440422,23,0,0,9
207.4541195668364,50,78,-156370,2142,60,3.626439673411525,-3.833906442359651,-21.726783138166514,34114.05714592542,39.220674532313794,-6,0.6785289909314414,28,5,0,9
-78.34587820755885,53,60,-35825,182,4,79.98253845499343,806.0244127814226,698.9868222942823,59039.37353770915,106.02250636823184,-9,0.3743885592778065,-47,0,0,9
-22.301224796557577,56,69,-47456,-57,273,69.80210788180293,4.369895367436953,441.1803631607056,94422.39514829499,20.039974173293338,-1,1.2613512217161083,226,3,0,9
1497.7307012249134,54,53,-31165,292,50,16.74140343981587,-14.94511898315751,710.9492842790615,51249.50016172831,75.93791273701662,-33,0.7667333946939724,22,3,0,9
6.078624995257066,56,53,33827,164,88,406.1540374655335,-14.433415621618813,633.0239753272076,66226.68758651616,23.377028269515094,-9,0.12652976018654183,5,0,0,9
165.78239502502794,57,88,-118083,160,68,68.57903445040756,183.59434776509676,653.876595052655,46680.28001244599,221.83722534345094,-4,1.2343567955395258,31,0,0,9
-16.41243142913079,56,49,9304,59,58,-30.36266849533871,28.88939499901784,684.7068885279286,-32280.93573487701,37.42071028428645,-4,1.2460933910141416,30,0,0,9
113.67888248383471,53,64,-143128,1,49,9.34844459529792,186.68160109438287,-33.85955058431831,-22015.352070710785,174.64283496721305,1,3.66657821037794,-286,0,1,9
135.30746941886497,48,39,-3405,115,59,-73.72228295186648,-27.88058333820011,97.14547808766304,-10655.335313226999,104.58206410648745,1,1.1428016690314737,42,0,0,9
33.078602759374085,52,50,-38057,182,34,18.027835201334497,209.6290696186449,-37.35311447231906,58343.092486699636,88.88694079917158,-7,0.9512314561710105,23,0,0,9
-3.098180675981226,75,46,-9489,288,64,4.366134490608431,54.46222253674573,460.6706051072165,-20146.660357858378,94.8140296069204,-9,-0.15893610139858544,-30,4,2,9
27.812517824094215,72,67,94148,1868,72,82.40133382644382,280.3604506161003,-44.17793119857193,18359.599513249865,80.71310654208506,-2,0.7591091865015904,11,0,0,9
-23.18610529019061,54,80,426251,1828,484,38.11188219925329,-16.25761097294876,-15.270622417463551,2686015.150906369,79.16746048086098,3,0.43123753873484927,9,5,0,9
190.03063087153214,66,70,-132843,312,70,38.17727730692355,14.159196791604774,677.8476662762195,97230.709266584,389.30692764651934,-1,0.3806394702803997,20,0,0,9
61.803274056341664,57,65,-15211,172,32,-17.357116437089672,141.5680448176428,580.9850887441493,78974.3877184829,160.89892872166988,-8,-0.029599715957388306,-1,0,0,9
115.53018170495227,51,58,-3195,477,66,-23.517196986870317,-10.341078269427733,14.94182752914161,68359.62622926569,60.94496901166527,-13,0.6740798481532551,122,0,2,9
124.83210886684529,55,69,2853,159,-7,-11.983553616911948,-0.5833411200250112,597.6529069695692,-47444.30360964697,47.43019666133956,-6,0.28728398564311497,51,2,1,9
-71.80632641978644,56,62,-33075,16,67,111.45821910263997,536.5318723805008,-10.999403559484918,10132.80274464166,60.692440348644766,-10,1.023751678731143,154,0,1,9
-52.732229975405886,51,215,-41212,261,59,625.4659509347794,-19.284844043052075,463.57364899380616,-41363.74486085499,119.88270746910938,-2,0.9383013414725687,7,0,2,9
-54.68217426675315,78,56,-88823,630,63,28.331896640217167,-26.0592111326098,4.339611892842765,-39511.81180506694,72.96658608948408,-2,-0.3647678123627005,10,0,1,9
-68.09975814681925,69,53,4937,1377,7,-12.103371267497309,22.876012004168143,10.525102038412694,53777.29656580945,37.028539429205075,-13,1.1581875869484413,1046,0,0,9
-19.928043008694658,61,44,-21975,-11,109,2.0884352566026507,-28.761841941210278,5.703640606645702,19752.928760977262,61.005568166481375,-22,0.1779895003987554,22,0,0,9
60.68121535781734,72,54,-104570,557,61,14.071479043899032,-34.523742756341846,213.0128369270929,-44374.909174800836,860.4007465271222,-11,0.5845390917599692,21,0,1,9
40.846825320371245,89,55,-24306,207,66,10.426512482345117,37.30928403342304,352.2772760047553,-21389.760134052358,49.89263846795258,-7,-0.11426027833378904,-42,0,0,9
660.3209065373314,91,53,-35078,328,73,78.46718170280744,203.02087282048674,-37.35872092221267,-13147.045091995671,96.24859612757774,-9,0.818168271819644,47,3,2,9
214.82708881250693,51,55,-4849,83,22,137.23458269257986,92.75633557355958,610.3045399942897,87657.7840842428,589.1092484015427,-12,0.47080645669077514,19,5,2,9
142.27505540391115,53,53,-2449,104,67,4.003396660778421,253.62385849924405,587.9617214678967,15860.868584420794,50.24205473234025,-7,-0.23799622781225924,2,3,0,9
122.51995056920632,94,50,218983,1693,67,16.043768844670694,69.6586891191248,590.4189723586995,25160.867147420126,103.97944536686025,-6,0.8942595584075143,15,4,0,9
63.57467553698181,89,108,-36629,213,56,340.62935197674864,1.5180332373569678,778.7198631346553,-31184.72669354513,82.4951715766983,35,1.1287271397698002,14,0,0,9
92.05448809880345,86,55,-130026,300,72,85.99369161080236,-6.6924398584964875,616.0607945584592,13860.328226880776,88.57871879397663,0,1.314168381673217,2,3,0,9
109.60929996066267,54,51,14735,1534,140,463.3296667870762,-22.767039495224203,389.056720723781,-39364.24625555499,82.59577087227582,-2,1.481073412466642,9,0,0,9
167.14174864306204,54,63,-24280,262,47,26.781250419911586,25.344395287115674,750.6681735015424,32803.49642275937,174.98622158292858,-61,0.31432444124165837,-15,3,0,9
456.78698095503034,58,62,-136369,156,71,46.514393571830865,-45.77207821779038,237.36816299319372,44994.70016674226,131.61014898008239,0,0.8642766586230985,2,0,0,9
10.597683114939336,59,45,-8928,-42,69,7.246834734407642,-22.231418928681798,-41.900386107626986,87046.24698649089,50.494923914722406,-7,1.429202492248843,-29,0,0,9
702.7541718610746,87,56,121621,576,66,23.88931727137001,28.114901247642422,532.0024413636007,16670.261166525503,225.38290411958957,6,0.6318431346217543,38,5,0,9
78.79893681030828,80,65,6961,2318,49,-12.086142885990597,12.096183345929404,623.01537761695,-69160.1992469613,88.52839873122258,-12,1.161434013975374,35,2,0,9
607.886461370351,47,60,-202,1972,57,-20.83221881404583,473.1136482664319,685.8393443174956,-5541.330001826642,66.95604812738388,26,0.9189617457285302,-23,0,0,9
-56.87944945962943,81,50,-21338,173,59,-6.2499941938284,-40.435791211597724,233.90818636359808,-4488.239564818927,115.11640228103919,-9,0.8771867026753152,-40,0,2,9
-21.694722153681923,49,64,-15501,46,-16,177.2107637705516,-14.388790449746779,570.8185861180261,-70776.48976275654,108.06659656705642,7,1.2085776926069867,-2,0,0,9
168.76836066820766,58,59,-40636,211,69,43.24726073083608,649.3153764307473,207.68604132576303,99662.96012345147,112.81821991330784,13,1.0696910303881593,-33,0,2,9
827.0723845430382,54,65,-22675,30,28,287.04038367779265,32.21013322851986,-18.284319919475234,13494.354564772248,114.60954580432971,-2,0.7578638257108669,2,3,0,9
149.72273208894504,77,69,-10239,297,71,132.701710593018,52.7286156104756,689.2995494546012,-24078.337967798103,105.35249732349195,-13,2.751512867206202,20,0,2,9
107.64045979737705,49,60,-20961,-43,50,3.2578791953720554,86.34989596049535,-10.312244764736779,-68896.83003206483,141.06989363395445,3,1.1022365751927374,-14,3,0,9
77.72518247854086,57,55,-8593,80,131,2.8512467332523386,-40.84806034454584,-9.888916604162661,9820.212811359677,342.46464162448433,-5,1.0044757502699884,28,0,0,9
40.03956872913598,55,45,-33296,96,380,56.17381491708301,-12.787161021309753,244.34290845265815,43503.685799000916,1428.0412661237533,-12,-0.0335944357815659,15,0,3,9
-33.95529625516444,47,48,82854,154,74,2.9639509765400476,-15.07267781459603,-51.62220502669902,53816.28079051366,66.67762506183277,-5,0.27677089099805696,16,0,0,9
1270.4390247218923,55,50,-121734,4308,71,54.78234745631178,9.632066764052265,24.310685206877277,55097.01060255371,60.863378429432046,-8,1.2693916138241497,-31,0,0,9
61.86474236366844,53,46,-14378,1969,60,7.355457765542852,-0.5707039230314219,211.36901504123705,44421.59786690195,93.65655383977163,-8,0.9911433103449406,5,3,0,9
51.98761496804162,46,60,33370,75,35,27.93435747974359,223.14442893071222,583.8393267534599,107939.4979700527,213.570418309498,9,-0.14841338535828924,279,0,0,9
-17.99480073546016,79,70,-56422,-51,30,104.94866466252486,-36.158180215000094,69.6117678232992,-33181.30262188193,125.21430241792599,-1,0.945010205856433,-10,0,3,9
26.332293307192522,57,62,221469,147,17,5.806228101050053,-16.134342108778256,642.8511395992425,-59316.96976132887,37.96119806073941,-9,0.4311150459816391,30,0,0,9
127.33217392457667,48,50,-155266,165,9,-1.1184020776478576,13.611001994650842,273.3799925241962,88203.61338524471,193.3181000069533,-8,0.17060492481164935,-14,3,0,9
204.04874914200897,46,63,-6882,112,68,61.73269003727616,-30.51059191007105,-6.384825689928917,-71645.66926999808,362.53169333235326,2,1.368659821253904,10,6,0,9
362.7776409708772,84,55,-23446,278,71,75.06627239367764,312.4877754287403,17.68345052640647,23344.067769229547,85.5672168099469,-10,0.8481766020251291,16,3,0,9
5.243850555962297,71,58,-11013,-66,70,407.30538217909526,60.865064742970844,268.98112640965655,34969.42347085803,126.24682477813461,-7,-0.08165873830871612,12,0,0,9
99.7118492190123,74,97,86812,1879,69,20.557838339712262,-25.51175246749895,529.5352498762097,59050.66756397726,106.36788486656141,-7,1.393636987831982,-12,0,0,9
-7.424369009489638,49,83,-21861,833,56,21.959279119111258,18.138239566355253,-8.388040926151477,41129.355013059496,45.531479258749755,-3,1.514408976857669,-31,0,0,9
81.13866967282351,60,54,-16813,182,12,5.628982512108976,-38.92410048693018,443.8772276769692,49891.13018848786,70.25292054669133,-7,-0.08462173286887938,7,0,0,9
84.39119671747227,67,59,-58407,745,74,79.1486326888085,57.10213791625242,503.18090307013904,66316.93948637525,158.84872498199744,0,1.0454575851340007,-45,0,0,9
160.91867985761309,50,59,-113608,816,47,32.79626416887648,25.863442969959863,584.798090625205,56579.619424301825,26.908890130526736,-7,0.1217328947817622,1115,5,0,9
113.86696300875536,57,85,-66135,217,59,34.81665561081489,39.021318995547375,605.6073452878085,-21948.465628102775,98.39229185735027,-65,0.2939951644420987,23,0,0,9
-43.87265164975332,80,64,-15756,1803,9,113.90424345249556,79.42895647803638,-29.94576041433999,24631.517230527825,117.19600578598278,5,-0.12648878392163998,27,6,0,9
180.59278226464167,60,68,-20281,25,74,367.68686891789923,-9.630489427204566,-23.158417512247386,56012.14133980335,630.0193197128676,0,0.7822968725082682,-49,0,0,9
599.7850043583071,57,64,-72571,-62,28,116.24458093972312,48.67811074304875,14.24897897177351,-12200.68365917744,336.44901274061607,-9,1.3742804232688624,258,0,3,9
131.10726862199854,58,48,8587,-1,71,90.79463136487837,618.358626592787,495.9543441084267,5137.7640073246,66.59383136568256,-53,0.7620456886422551,1,3,3,9
164.20889254457705,50,133,-17364,268,58,60.11072788885584,160.74443237641867,-14.160343489855935,4249.32435526683,77.274031012396,-28,0.30077900716620665,996,3,0,9
63.566325752174215,49,58,-102445,189,18,23.004387198071505,142.2563414594774,767.7729075054299,23101.91759944619,309.42812686717383,-12,0.7835665233424348,6,3,0,9
1448.5045111001134,58,64,-26648,43,11,100.10707693511453,448.1220855316085,553.619623542313,-33382.351791953,87.00083670436753,-7,0.08278708061970645,13,5,0,9
780.5618905222957,89,54,-9145,572,1,111.74831633324385,35.21320745662928,469.1796119346987,27773.282116901628,61.93498050445811,-7,0.8375903852887312,43,4,3,9
30.902525026154983,57,60,-5232,596,62,484.42157394581693,43.489621647859195,31.059007464872025,89414.93759863592,105.27071302242301,-6,0.8819456695670687,5,0,0,9
239.41825639814843,77,62,25356,212,16,46.262292579507736,-33.5512619396388,522.2079346216198,51805.46536115333,116.81194743644494,-25,1.0112724807499696,-17,3,2,9
275.0079609129636,75,48,-113731,214,7,83.02966558199671,80.28454235614011,575.9344218365682,76227.9285700579,108.20372166344478,-16,0.8594015670776454,13,5,0,9
581.1766694180021,54,40,115108,265,34,295.07203786654804,-37.34410542069445,506.5799131645474,-1819.9244088024916,59.07738286076182,-7,1.2856301122659681,2,5,0,9
164.03350252686687,48,48,-67018,699,12,-15.790091768765038,-10.926807547900282,646.0701378449826,-15358.877774517965,55.56876893407044,-7,1.4556411211778542,29,0,0,9
-23.182664334934387,87,71,-2972,109,16,130.127523096372,18.433038416760922,576.2491951098522,64122.65654430751,85.35220011397756,-3,0.7595496675923721,19,0,0,9
128.76030861081304,63,52,-9072,118,63,67.21032376734209,67.21107106297794,-38.63231602357627,44432.49521158535,71.04348536642746,-2,0.16237803192751324,56,0,0,9
212.44914460428365,84,59,-11059,681,56,38.9329792048048,-19.957614851010373,6.7144781672939855,-19099.71734552405,250.0040724971468,5,0.7149381644401323,-43,0,0,9
539.7825280503548,50,68,-126834,466,-12,423.3631059801016,50.50568767252199,-34.71637760700021,61157.858380188234,74.3548847609594,-7,2.6088480005793193,-19,5,0,9
378.3460864048558,52,51,-22478,61,78,270.59143800795033,24.96997501981544,198.63389909014745,80325.17058647098,50.93903295411441,-9,1.4405233630597425,52,4,2,9
8.679255884354497,73,43,-22609,4481,58,41.90671653726948,178.7278799652474,35.080370619803794,56926.77964474092,79.86313578104676,-9,1.186920667065614,37,3,1,9
-24.711506219649834,54,65,68773,22,64,-53.49053363434703,-20.080718576333314,213.27416415126942,19693.676729040493,223.56577556148667,-8,0.9632441826840911,802,0,0,9
212.65189468448702,70,67,-125695,98,-12,257.5464644263757,172.22460928136036,716.1786784295786,35596.55881805007,51.38131532522748,-5,1.3807846126763343,-7,5,0,9
83.68053662016378,63,69,-29570,179,64,8.088904423046657,21.157556514042078,-3.786802576336821,40053.93071889886,109.13005605280844,-29,1.3123892557306647,21,3,0,9
195.4886188048972,55,71,-24645,78,59,15.682386314185862,-44.7183855157719,9.026768005944755,35429.39172678333,82.68802076112583,-5,1.2169649989927656,-6,0,0,9
72.33290442683506,77,72,-12439,54,-13,32.94651479826114,29.66833308637372,32.62182082031729,97426.39639592383,36.39009750852349,-12,0.6754321991728907,290,0,1,9
78.44222499285688,51,67,-131957,220,73,1.2665419169725993,-2.880749299334272,730.8832833647134,78640.30887122233,89.64162364776001,-10,1.2092357817276493,7,3,0,9
-0.07290195576597114,104,57,-29488,128,24,4.261416559281415,6.243385130647047,418.36933162803615,57381.094048194485,86.58382617582599,-3,1.436775215492284,38,0,0,9
297.1115870171662,60,47,21010,235,-7,61.60247984411303,30.228668624264326,-1.1263726931125269,112990.76831680918,78.48270979486087,-6,-0.12269147762559443,-8,0,3,9
608.3338541133485,62,54,-10549,609,71,533.7022963256243,219.16860796800404,644.6400678945683,-6120.596824684504,55.113665964754816,-6,0.9346862075514574,-142,0,2,9
191.73548337275088,59,60,-9668,227,76,-22.392814562243814,27.557348626864822,451.8922124483079,-91443.78270846258,98.6375402902276,13,0.4186194550210145,14,3,0,9
48.86398336497375,49,61,-1625,-69,35,52.62804171918631,94.50575923218298,-15.286063840994911,17571.074320313222,87.1253805556963,4,0.13240977503777993,-15,5,0,9
187.52119275233485,54,51,-12021,2761,70,-8.74461023659137,-41.05478989657363,-12.89913015687418,-16622.00769096056,307.45862607012765,-10,1.2608692753236246,2,0,0,9
-30.371368328644436,94,63,-134082,4945,84,-7.090524813719483,75.28729654439958,7.563357398452389,39438.82120710534,84.79744070640446,-9,0.08475832428033195,-15,0,0,9
81.05775009269217,54,54,387,74,66,23.07041018453446,-15.7257594577508,240.08828385170378,-51393.93448096364,73.30182855754681,-21,1.0736026694413197,16,0,0,9
190.17032537202948,53,62,-13982,-139,72,40.657494251276134,103.42989082153099,655.5449760638609,3184.0963736786944,132.14202352564104,-11,1.047764228384461,-42,3,2,9
-16.468231056492655,56,63,-98692,1210,69,846.3513209030707,28.68546795037374,529.6616344527472,52310.94256991755,236.84886101110376,-10,1.5206675061168544,35,0,0,9
141.963710981828,53,70,-5553,617,3,-4.919771715048938,-3.501684115872263,489.1526433063888,-260.14164070498373,106.83142392768792,16,0.6524216372460372,21,3,0,9
51.52258651494633,55,64,-40608,822,70,87.31906645373537,-19.293557545773638,504.64706384474806,14873.295155139396,397.44428745289315,-1,1.0426584612527328,28,4,0,9
101.02899726821101,68,67,39195,3015,-25,21.86970684939324,-22.244382328215718,691.1870202317832,3500.480714504074,84.7526703734456,-32,0.2079020665072094,35,3,2,9
5.924212944299832,84,40,-57221,96,67,-4.854531007279206,10.237051414289425,671.5371916329204,5993.034581529865,1157.5258878581535,0,0.7255287830341682,-1,0,0,9
103.46866719150871,57,72,-15358,26,196,538.3703565324516,2.2710238832890686,110.61408833704712,35903.71803225173,162.28597354475892,-10,-0.005940729594468196,52,5,0,9
27.96504616425179,52,45,-34941,1497,58,24.239087872719303,-5.036245963799559,656.8038690814303,16661.680647476936,90.78609162717832,-9,-0.13748215914593356,-17,0,0,9
168.3648743854493,49,49,-90635,1983,0,27.263028708894545,-9.982656543348401,-23.685843977036328,66050.96220404826,97.02013231520462,-5,1.4892246492799728,-13,3,0,9
42.62918464381738,70,73,-22919,217,28,374.11089677943477,251.06611447903532,-15.558464805076094,22525.418428564408,78.07157994879627,-5,0.29283352376672006,188,3,0,9
291.1875963955122,47,62,-172037,166,-13,99.600940586078,-9.668607342363202,-6.999657779592953,91863.27001813869,52.31763483115303,-2,-0.24640806074528968,-1,0,1,9
13.930316838525123,69,44,-25931,2490,29,40.91910148166174,-50.82925142944719,464.5477853382765,55260.128805921355,26.428498986667336,7,0.6721718139238105,15,0,0,9
156.49942902834192,72,73,30490,538,77,56.220915397857745,-32.662535660801204,17.222184083754733,6719.763223945064,28.978236441168903,0,1.9445763587240694,34,0,1,9
673.0721829071309,105,74,82342,210,17,30.78869829983752,151.90826059118328,507.02774235769914,-10388.058556743206,53.62016991936575,-4,0.9815898195870414,19,0,0,9
328.33690837065257,54,54,-18944,617,21,144.00298590777487,370.02139339774374,11.188290788249255,23829.27090136835,125.34656626689853,-6,0.012038119989497168,43,0,2,9
-44.67868399220198,53,64,32733,13,28,92.30625673676971,6.667564295847733,61.19084242779502,-2081.073118736287,31.462786712962576,18,0.7712507186675768,29,0,3,9
179.80730525595197,51,103,-25445,116,158,-1.1807841328190563,199.71254627287436,-12.747355401920109,-46527.654539435185,53.13080121600068,2,1.1659227113696626,-3,0,1,9
53.38656079183458,50,48,-20385,2038,54,7.656089194305778,-28.451660186719884,-21.229823465011012,107057.88910649026,20.00653634460552,2,0.23767642647956932,260,0,1,9
502.53183712022457,78,72,-36778,2433,66,-18.05613695981384,-16.427963836775245,566.7049798106189,34328.547894292176,87.47792502091929,-5,0.6913540887885845,30,0,0,9
798.0533479932566,48,43,-35433,-32,55,44.02804332366188,222.62895116360687,11.973373995384117,-6233.767345067077,216.47860140632886,-6,-0.3405663304578572,-8,0,0,9
301.663066693946,56,117,-16712,-95,15,29.478889538878896,-16.436594770073025,555.3432815715522,45341.144536505504,78.26312775770562,-5,1.3180787821693647,29,0,0,9
122.19127038293223,49,64,-103519,-3,50,39.94306006989729,325.5651190397446,180.44274637182804,87941.15152247877,51.29238145489346,-6,0.07320998912894411,583,0,0,9
125.96331834603313,50,51,-11853,2092,-5,75.97769588920423,27.943875185382666,7.878116718627236,97648.05477016603,11.867535671679917,-11,1.4958727315363483,17,0,0,9
298.9607315056079,77,69,-140977,147,78,34.40117596239899,8.191646808927933,-53.31972622413963,26126.37074647981,67.93266551848768,-9,0.8126055553730035,4,0,0,9
321.8790173438944,81,53,-55868,98,258,29.807316089805987,5.93018443159959,567.5453849441382,14674.055132367552,36.30046513230013,40,0.9999446194242201,-8,4,0,9
103.09313948637302,95,70,-10319,1081,-16,35.67845371054371,-28.43280278743535,650.2207054808056,27017.016654880124,101.97040335111339,-8,0.3798216018340756,1133,4,0,9
45.291831079449196,59,91,-9453,96,59,50.07156812975578,-33.93975593556237,652.5168639493563,-36188.390690578,74.52797430048206,-6,1.4122117551095237,-37,3,0,9
321.9504994242138,75,62,76745,201,65,-0.5705931451435049,0.2049195483748809,-27.831473826101426,-90339.1497981465,99.35320480084692,5,1.06382483611302,-41,4,0,9
39.609738244821514,47,109,-8802,940,-17,-16.952180558155874,31.016563065588194,14.434405709683915,89807.01402931611,60.39499110303964,-8,0.3832031618987837,386,0,0,9
9.80399120025968,59,60,-27442,249,69,17.68907927856182,162.06510496190816,-10.162728449278788,-62904.23884435101,137.62351643499187,-1,0.7470933923726948,4,3,0,9
70.2463494780537,58,52,-27101,1964,23,133.06672709523875,187.53735494661748,695.1101721499679,22321.423783737904,31.542501813124105,-7,0.9107578462764108,-1,0,0,9
185.57311436950164,110,66,19448,1566,37,47.954908320487085,-9.730909655771672,-15.82514191748412,-4073.3163266607808,157.50202027897637,-7,0.7641528486677832,23,0,2,9
167.3449194823677,48,47,-9060,225,101,459.5983334252153,11.121111913555168,455.4017765787831,16683.952950590843,39.350981057229546,21,0.07380531716425506,35,0,0,9
441.8038768541792,54,71,-19263,414,19,50.389083372395284,-9.061076133638828,543.318248585791,15406.304117683756,24.89413783414132,-13,0.9225671636322643,-11,0,0,9
-16.355182291205594,93,116,2241,2,61,23.498788147905053,-2.5721151144116927,2.3105843563718462,7769.105703911039,87.42699941888708,6,0.6338541221433133,-99,2,0,9
92.65917885347491,58,101,6574,906,69,15.117310714882564,58.72475373831699,673.8252558162549,6292.893372716375,59.905731698257966,-7,0.2570632298319392,3,3,0,9
2.392833040364465,56,45,58381,1418,64,79.47391308339533,660.5794100231051,587.676514624772,-25287.589861876088,77.51582162126768,-7,0.48757875838563447,-7,0,1,9
75.28058128113071,68,56,-141576,343,65,93.91898207987165,17.750567924539666,468.75861082072015,2183925.3628769433,162.61043822274797,-5,0.5449261976110401,-7,5,0,9
52.27577375043815,46,54,145654,604,-6,29.098192078460443,-15.620920574671135,630.6338831350354,12356.203668126669,402.6823285889968,5,0.42879167141011365,29,0,0,9
329.65495585826585,68,51,-13583,621,1,19.800972568947003,4.942625208679348,31.965493380623297,-43183.98442589227,80.07093716281778,-6,1.319411450271168,22,0,0,9
-45.377008558736634,54,34,-122045,284,71,-3.6424288819074064,-50.82768261039532,-18.655181842672484,88446.74727976257,430.57303598763684,8,0.9183433645568201,-34,0,0,9
139.534409629587,75,54,21169,27,60,15.693297622473452,35.43980281249412,588.7357690718326,60401.59177827713,72.92797510859161,-5,0.3208069384502902,-27,0,0,9
112.3107077452102,55,53,-112482,3,-1,-0.06387964532649448,12.43696921449369,796.4690777621925,112214.27551363631,37.44363786068984,6,1.009735023634011,-9,0,0,9
830.1802306745898,74,58,163706,148,5,127.01392842734077,-14.044797771559576,1.2938602293033103,-43850.83352713972,345.2918974949698,3,1.9403131276756564,7,0,0,9
375.10173595452613,72,52,-118344,1461,71,1.881855476749493,12.40126036722004,20.411944745737117,-95079.91201978068,179.04005959511954,-11,2.175915169074,-8,0,0,9
170.84041643052632,93,57,-144229,128,-6,-3.3157634544232195,-43.343177191592595,579.376258632591,51750.96495906099,113.92091950189416,-1,0.9203337796659982,36,0,0,9
209.02170647715042,73,52,-13651,-65,-3,36.18814197756755,36.929597496904535,20.97404630452824,69994.24617000957,91.68626505716483,-1,0.9207769874305118,-9,4,1,9
6.0547015416350405,48,57,-11815,198,66,104.92873525365081,128.8299296024273,-11.91750607237063,55930.25167013226,85.83353285885144,-9,0.04317677702188673,50,5,2,9
55.6287904001551,60,41,12070,1009,63,4.245535820061448,-13.694262639707745,9.291859679408768,-52066.136503825444,95.16237047375182,-10,0.2562554543138724,-4,3,1,9
12.709238040109078,49,52,-84416,915,15,-14.63853143473942,20.421468314860835,39.75279049243185,61319.535763087275,53.226205059949905,-6,0.19398128796521025,0,4,0,9
-4.424665662592474,48,54,104822,292,13,-28.39716284835147,-77.25389947047529,-2.662217109066829,34337.537063766365,56.8041331331018,-12,1.1009851561458732,-34,3,0,9
566.9094156694441,79,56,-25977,-65,7,1251.4853515834734,15.019371049400732,-24.928751900969797,-40115.01402998151,102.94961312873272,14,0.876972767832596,10,4,1,9
468.36469210132293,56,49,-34155,4489,70,-17.169181594555994,356.9501575699783,492.3994836468102,32978.984708188116,232.49117876609796,-9,1.1348076218701706,46,0,0,9
170.9926738036191,59,51,-20994,134,76,68.09684459453305,-33.00602203522568,222.3170149999859,100230.02328813146,186.54528675381596,29,0.9267524401089945,-5,0,0,9
119.74140818040308,48,59,-63465,241,-2,17.7007639497526,41.074080254961785,-27.183541643485444,1518.0257386712492,761.7735669917868,-1,0.6863914591892141,10,0,0,9
306.6008100440625,56,66,45098,1918,66,17.003359066360844,-63.738252284167366,-20.01997135090211,-58219.908082567796,58.87224323907652,-10,0.9687468582486998,-20,5,2,9
54.110392989921124,59,60,-35851,1857,71,101.97633048602069,354.18912722701975,564.6705833653618,-37727.519798809546,50.88796664585989,-7,1.045340773402781,21,6,0,9
-49.35967594738639,53,50,-32494,620,22,24.853183960203047,12.768768372684189,659.6761784908643,80122.67603637285,212.76768867555384,-12,-0.11047893845057172,35,2,0,9
-30.137762072179143,57,49,-20937,1762,185,43.972051083765066,343.5341504919416,686.0945977016182,35726.00696208107,73.64603994801452,-1,0.22156421596926196,129,3,0,9
0.8454870433223789,66,45,-73214,289,73,53.843578690804804,138.04987322053586,-9.077379892542666,-17517.623518065855,38.18867479521662,-7,-0.3409548242814754,-18,0,3,9
97.95152310906167,58,54,-10966,440,36,31.862995085599366,121.69514863264301,-44.099131948010005,-76249.79283917641,44.31601619603654,-6,0.7700499466420467,6,0,3,9
8.253210777288224,54,54,-12274,65,31,343.85125504107805,-25.433502467695302,534.0795276166634,-31565.61852735988,83.90964411813461,-8,0.24894205762092433,357,0,3,9
28.57751661187922,66,43,-80975,143,31,-21.611998332215023,307.57804643910185,653.306797388546,-8211.571571286066,74.4574413020746,-2,-0.32398222744982674,0,5,0,9
102.76267719523818,55,46,-10268,97,2,20.779399154417817,146.63523191584386,18.01802706100135,33805.25649068358,33.270407920232486,-5,0.9661470823548367,39,3,0,9
1193.7765937996521,53,62,-8963,615,15,81.68263633849129,195.4027747436468,-6.730032234773944,17252.68519863408,273.2305109692178,-2,0.6855705896153879,3,3,2,9
85.28532437027349,50,57,-2602,225,10,-0.41695426739585173,-37.05154738115678,-21.583581802640115,104412.67951289355,86.1512613281913,-4,0.6210880095133203,28,0,0,9
2.650499866315897,91,51,80438,3,72,975.3389709694559,1.396055127561186,243.56167300279867,-49710.271929586015,104.35100438856352,-7,0.8715928197081442,-44,3,2,9
-43.445320265295265,65,67,-11781,-31,-2,56.65703847584791,102.63098170893744,413.56306917426207,-14982.429230407812,65.51595587292249,-10,0.43774592213753655,33,0,0,9
-18.17724318663555,88,64,12381,95,37,53.192812950416325,539.0322252520284,447.13257617569604,-3921.3587824767383,38.827468481453984,31,0.1686825254893055,15,6,0,9
156.50987145519198,53,62,-147675,50,29,-12.934276964919974,649.4254032263588,568.3819675812999,2366.080811637401,54.87875692660624,5,1.5352371987477018,35,0,0,9
129.5355225304735,58,55,-16009,4930,65,-4.23807911559129,-17.312821495257364,225.13519661884587,28427.26528410707,68.6368002848636,0,1.0962899905313748,9,0,0,9
100.98304060109348,58,44,-24258,2710,61,73.84512566961409,276.24879494047417,408.9849117376783,-419.5666017322237,143.1553960340513,-47,0.010780181655213855,-8,0,2,9
47.0385386458976,51,55,-40722,363,68,50.04994076817102,186.12447537420368,473.21358465637286,-58410.17389691659,14.265838054419035,-3,0.15238428247756053,-2,0,1,9
80.06778579637775,58,63,9474,613,44,-20.969234217904102,-59.320958107653674,665.1089507171464,94954.20380707872,115.84787614077962,-1,1.1469377046447875,-29,0,0,9
103.71432985002451,51,73,-17388,1529,58,77.84895846082053,117.41500031760026,-17.63205622909795,-85374.89186973119,78.10379916109443,-9,-0.1827805889790228,1,0,1,9
-44.116130248433834,47,59,-50429,660,65,71.03039002720718,-1.1198318758997274,579.5091790109814,100339.73538343355,91.69481763786419,-1,0.06758737018555497,53,0,3,9
137.56580452206845,54,51,-29304,302,60,13.089729295062014,79.07421650978908,-20.966326499052556,-17771.793823799675,493.5895170438211,25,1.103068053029611,39,3,0,9
58.12498878692561,62,119,-139811,163,140,12.692749099855106,-4.0906871145642185,-27.8106051448663,68.63444008412444,539.5199757082637,32,0.7193831929508747,54,0,1,9
1325.0340569399532,53,75,650591,1618,50,23.180545484713043,-23.590237222240194,532.9222554366027,-22925.26211354096,84.67411044624312,1,1.383370099638538,3,4,3,9
-4.984575028981553,57,93,755,2648,-17,243.46855802009293,-1.0339888173150618,-2.9973435783132865,61849.17863160967,44.088185805393735,-3,0.10818521433318311,14,6,0,9
53.08928543680712,52,73,-124015,-25,397,84.53579136138933,30.686513024806374,622.6073691294797,86184.9463962422,58.22346820519395,-1,1.0205390353913935,-28,0,1,9
-33.18776082389358,59,50,-16516,1721,61,318.81704817673733,-26.27496017992964,-4.9997946731286,112465.00563252342,589.982756077233,3,0.7536057924990771,29,0,0,9
-21.616611816432936,47,103,2011,54,99,252.75362220879163,52.77924094024482,711.1477522212541,52181.17297701618,101.13786724719793,-3,0.2519558494613708,241,0,2,9
115.10637942166306,62,113,-20102,784,71,-30.386581275140884,11.352886190570672,-33.317591015029265,63625.4594936793,176.77322559652572,-8,1.2430850748356086,23,2,0,9
1344.4604683234747,59,47,-24517,1368,73,77.57698387827327,44.91737812473894,567.0866854753415,57655.57490702129,78.94868160786491,-13,-0.19488067994177816,-42,0,0,9
199.57280416759588,50,63,1081,641,69,7.208266131007946,405.25295082995865,513.1938989327713,-16503.29958684661,196.48051761641088,-7,0.9035758620228914,14,0,2,9
539.5148966033444,52,61,-11869,621,73,-3.618064121927688,30.572759698292394,-2.3355162771834386,-52248.76961733741,74.1082273814006,-2,1.4337552674619611,2,3,0,9
819.5094058283021,55,77,-25380,-35,60,268.88054439270275,41.47167350085393,522.5977524465638,5002.738953370637,34.511913163946666,-9,0.9718339859249958,33,0,1,9
66.00667339919605,51,43,61511,189,64,445.6619433125659,48.80029756160436,-7.9555389493297035,77902.4172898443,95.4393896178437,5,0.5045882675519888,-12,0,2,9
-38.42014137391229,53,52,-68832,948,24,-24.624645007180305,-6.784192702162794,688.559459402259,32952.14258762277,83.45013875033845,-4,0.9769785943186806,-31,3,0,9
-16.619293562769727,47,51,-17814,46,61,-13.48929118942337,-10.379990324641664,3.7428373425707333,-21503.02184560383,57.21406689244441,-11,0.2793338861716572,9,5,1,9
81.64179185116286,51,47,-5274,-96,75,41.78617912319007,15.234407328312326,439.09988615329826,-49966.42792302261,275.7796082895344,12,1.5986423437348407,29,0,0,9
93.57731484114737,68,51,-16197,1601,488,-6.655443095678166,-15.884640028696385,-2.8632316121404826,81215.10064419544,93.2697637413881,14,0.3966110342076732,19,0,0,9
56.23900006835659,60,50,-10554,1449,13,217.10180209910285,71.79961846847424,339.8748301215722,31223.780405030204,70.60418703508711,13,0.5793144676339634,-37,0,0,9
-35.72635657847604,45,65,-31323,390,14,71.94868931315436,-37.76572432662975,560.3852876508507,-37243.62753972366,40.684858456462095,-2,0.16182497405351293,3,4,0,9
11.184845891650014,50,61,-135215,2482,69,50.55929595315239,33.293446497064224,-25.551403567055978,55142.975511237135,26.583627596765453,-8,0.8674808524623654,-20,0,0,9
14.832588194254853,81,50,66803,2333,65,71.41501268721225,16.788427025230938,166.41847205551667,21218.344627719118,66.84753096603747,-4,1.0493338213419325,-30,4,0,9
156.97115330613408,51,75,-19969,54,72,22.3205850790116,-10.973705766352747,15.66110291947792,45553.07053324698,77.33363266060036,-1,0.534062108390386,39,6,0,9
-8.49769893501103,66,49,-26624,203,-12,-20.899654527792322,-6.471328655655687,648.1067561820618,67900.27351373047,63.066793718007304,-8,0.23049974057649797,44,0,0,9
176.11942943299277,57,53,-7820,103,76,47.17133472985719,-24.35296498889752,-13.925364857926452,30159.549826851897,89.277406847613,9,0.6636425110548956,37,0,0,9
45.091485214018455,50,63,-19405,2637,57,-24.156591995464368,287.2655610481752,578.2814661909729,89268.68064239767,49.19984374368106,8,0.7942882855188255,21,0,0,9
507.1820591727207,99,49,128757,268,-12,-19.766884615196687,8.565366949275514,18.57687291958236,-21711.660400706507,21.52080665867439,-2,-0.11364778807132789,30,0,0,9
248.23553774438957,73,60,-95544,30,20,20.273091478698518,-13.077161837222615,445.81012796753805,6091.840213031662,74.40007768369978,5,0.41832933304378395,-35,5,0,9
722.2641680049529,66,61,-14225,837,2,49.54635517672978,203.5221533979377,599.5931636923478,-20329.64683714983,194.70935306612677,7,0.198756883226762,-32,4,2,9
867.0464505973661,53,70,2437,64,70,14.1692290520389,401.3762784673462,648.0411313961109,19953.56358117465,128.48692311477367,-4,0.13708582800033764,37,3,0,9
3.789775993142541,99,43,-13410,38,7,47.97622557120472,199.08080100974587,543.6660115119826,-36785.15025940987,1476.5492773714132,0,0.7333085658584568,14,3,0,9
-77.38310284446328,57,79,-121422,182,26,29.13001481336795,30.7314099188946,479.7357813706486,86976.5222187509,262.3851231872806,-5,2.3398438415249583,35,0,0,9
1081.772596843091,55,61,27159,104,17,35.65832461222314,-28.626651509352996,610.1622353697911,7965.137649858265,93.405223631696,-4,0.16741633516051443,6,0,0,9
111.41275227453619,47,37,-126098,140,-2,40.20887868242899,131.84127331077295,431.902166812913,81009.36880760141,47.45381520579894,-2,0.5650699322803042,14,4,0,9
-68.78233397696297,49,47,-13208,217,63,12.755713091468309,-43.20170662650288,529.711927132096,39328.45025560797,198.9114565682675,-24,0.5652341365272295,15,3,0,9
958.9250244772822,48,53,-111155,1704,53,212.16626396317344,-0.5615077534576001,641.613096561805,1306.881706203083,278.25555808417664,-23,1.4547983821119193,32,0,0,9
106.95243524396706,53,50,-91993,2307,66,-2.664469377001879,48.30482759163263,442.1521266791542,-29257.123205804903,1473.7085634249293,-8,0.25808260312301246,1114,3,0,9
1171.6056199820928,53,57,-8256,-107,-63,110.54524696704237,93.9072465602747,485.8591327074094,-33566.30261785556,1127.7880191239142,-6,0.27086016841576194,-5,4,0,9
142.29204568382136,47,59,6181,235,224,-22.318132262236844,497.5130797487361,112.11962122217591,124586.99299953294,58.511149614542575,-4,0.17419270650128515,16,0,3,9
114.45809888086151,54,73,-37202,223,36,-10.687129394119438,2.833645555131625,565.1429161475979,-63231.76104656777,153.92631039291825,-9,1.5258753370461486,11,0,0,9
12.064176457450436,83,59,-40162,59,74,24.866763753359564,-51.753849265893535,516.3954239123334,12408.852960733462,123.32331631972997,-6,1.9650070979153116,28,0,1,9
58.69055499887469,69,53,-18393,437,1,377.18860096925005,20.81951365030611,510.9108963102703,1802.934307661615,113.07912972007256,-4,1.1989115553471483,-22,0,0,9
1474.3677232508117,51,70,-25887,3284,70,34.39662001262277,-46.396380773988106,587.7363003632565,16233.122904706412,499.3273504343421,-4,0.2135736430055912,36,0,0,9
348.68974846033956,48,39,19032,273,-5,22.85969176459046,-29.685138094975812,608.1081235834723,2695.1965795306587,91.49874226076795,-1,1.388320364877126,47,3,1,9
214.2103666545018,87,57,-17749,-72,67,814.3584992528456,0.99626642373067,-12.282682247981072,-67163.37710246848,69.79537469122138,-3,0.8484839794105582,-38,4,0,9
522.4182773918193,57,68,-14932,2196,50,430.65599821875884,11.637056672112596,2.8533754250518553,3138.2762309759055,126.88208138233371,-7,1.3997954831657768,8,4,0,9
61.38993012235352,63,50,-26486,4672,71,43.230928225167716,204.26248144360034,6.15030365820563,-24897.32357589855,708.9309256055724,-20,0.8821094962168822,5,0,0,9
180.5899877127448,67,171,-20736,798,-10,57.63616029480596,49.55705118759974,559.8725676848774,102929.36395958648,66.78648519459607,-4,0.07373878488867017,35,0,0,9
201.33270694488166,63,44,-37977,184,10,-4.239396129644248,47.62409611981667,-23.193432078078136,-23631.9047611166,45.02744444431984,-6,0.26057207483702427,404,3,3,9
2.391128503869396,79,64,-23955,225,190,26.65464861554181,-20.62632761464099,547.9166590524393,17099.781546072714,60.27186185176731,3,0.11440084468204696,92,2,1,9
653.9384265756175,75,63,-28051,2794,68,20.757262598446303,13.644111726459677,667.6734586480144,4668.526739025552,85.26066883190578,-10,1.1439791032288789,254,0,2,9
162.14860915859043,79,90,-11628,402,-2,-12.210646656345773,-39.6950511967913,492.8170074405945,-78301.23849383958,53.46823735060299,-5,7.945120625907922,-28,0,0,9
155.09280308382762,63,48,-72110,0,19,59.90279089539287,-6.283194223566306,-20.541410324933995,94769.9429312019,204.9383780173573,-4,-0.0389199177822533,-8,6,2,9
86.01061668907953,48,57,-17154,130,67,41.92769304888621,-22.37027884287249,0.06146710225080154,84486.19170641183,1504.7700295956727,1,-0.02440875681801942,5,3,0,9
209.4955527861727,61,64,-31154,48,7,231.70661115790438,-24.037819354930296,33.185503838183806,-5222.923496830932,70.41064468406887,-12,1.4454926269895867,-18,0,1,9
87.11829250622627,60,82,-24181,527,34,56.28295479966342,-18.84185908445671,2.437476885482444,33189.08232199318,79.40916596203117,-10,0.566644233355427,-20,5,0,9
86.2934152779184,86,55,-26640,409,13,65.12184001889531,67.50850120441221,470.27651745511133,95061.42638346986,753.2791522447088,24,1.122026919448344,24,0,0,9
99.84049001684558,71,50,-22704,235,62,-3.744604669829883,-17.90207333105924,651.289663603607,104546.03747829108,68.21089134406644,2,0.3801389336090396,-5,5,2,9
85.34205932370831,75,63,-28379,279,52,56.250107933188566,217.01650161815917,27.112919447435342,71271.72045731994,109.79281502383876,-8,0.866872431791493,149,3,3,9
62.30429134293392,51,70,-30750,96,65,-12.990992796840075,122.9876230766975,575.6593442577811,41517.83395212662,112.18935857879899,-23,-0.06733656600655509,34,5,0,9
69.65094791509208,58,100,-3365,22,0,16.635000955630403,-16.763035415511258,-10.433620697508733,-65346.23803717375,113.20436050171872,-9,4.2961032834812105,17,3,2,9
-12.897936364460321,49,63,-5619,264,63,41.955901652206535,-30.622118916477135,27.075315863413458,65977.60346822767,114.1766304474448,3,1.0100469226167288,1529,0,0,9
290.7528596804055,56,59,-43615,221,71,1.6635374262964149,-48.521057186770186,-24.052143708273867,120820.17762406605,61.91386703327809,-1,1.2445405159926737,-18,6,0,9
246.32828219206544,49,52,-11891,-57,53,19.248959911355,-27.08190630153518,691.0592105555936,-3618.860576895415,93.0005826876623,-11,0.8905569461186792,25,0,0,9
1.97471453610855,52,52,-10191,304,-4,1.6153132721945127,40.177380783469424,11.135575329550889,36853.154887241064,79.72400053152195,-9,1.485617771692877,11,3,0,9
206.69777540180687,81,48,-11756,245,112,-20.183474537087477,-0.6440456065784845,49.3326686003474,55549.478384837086,33.38680325813699,-12,1.2472407705592021,-8,0,0,9
41.64331178694779,61,52,-8750,31,64,0.43949537700743235,-41.91685839409166,-0.23003430749105513,47063.349035418185,40.33106773612722,-2,1.062237955030732,-16,0,0,9
88.10273217584965,62,59,-40232,173,75,47.684330846130315,28.605008903922215,2.3910317373982317,20733.19678022646,59.24335841303346,-9,0.7876699669631853,6,0,0,9
71.61103918846567,54,40,-20340,93,69,24.13700779802742,-20.781679556976087,471.7135373989028,50947.91728750481,22.47231040621452,-8,1.3481327959025649,34,0,0,9
688.8390044039871,49,54,-25290,93,64,20.66849814839449,50.13958476254095,38.278986223008694,32162.51141679083,39.50123268915791,-4,1.0203329891109052,5,0,1,9
584.9525931419018,52,62,-104121,1492,5,14.4705189878283,47.635451844099286,732.8998485138305,48746.726614393,66.03072003877084,4,0.06561440780225421,2462,0,0,9
67.8121945914982,51,46,-551,514,-8,67.21960986497422,540.7694287955144,588.2875998126694,30559.626002823716,100.62415134215078,22,0.8650656402877233,31,0,0,9
54.09781260938994,45,61,3594,225,-8,-22.95319337574965,-30.2632017738551,612.0464759795966,26531.48181486445,292.99891778797877,-7,0.36942788548403027,20,3,0,9
74.67235816062694,73,42,24250,77,16,73.07110904505889,194.26538152367868,29.605616687328194,-28074.437579006346,250.65620706567265,-20,0.6291728263716962,16,0,2,9
93.71602386100172,58,69,-36315,653,62,5.189367815466781,4.506681949646988,-27.406782157140253,72552.80135536025,65.0533695933749,-3,0.02648535384506184,36,0,3,9
136.56893954342684,60,48,-38987,1397,10,56.41441309335348,381.2754502579004,454.45792075601406,100604.7551584871,53.10075038709279,0,-0.12653406653505786,-12,3,0,9
36.59969968140342,49,111,13398,-79,57,98.45245838954824,20.547025483748627,-27.072193264463316,77400.02690214732,67.31585969209756,-10,0.7193297091441391,2,0,3,9
8.466824234902361,83,134,-32911,2576,60,191.48276711543411,231.51353281281865,609.5869250972986,-58952.7248753966,33.198076350949016,-19,0.22944624065866306,-41,4,1,9
154.95410059330015,56,60,-26328,1501,-23,393.88885689421676,10.795074401185989,517.1792217008041,32015.760888350906,391.99007857167993,-7,0.09185122401545887,26,0,0,9
42.798054256778585,51,44,-25492,116,69,52.225429757491305,45.28772384701751,362.792513884349,83705.39468006695,101.83307156552652,-9,0.5090952132827451,-32,0,2,9
123.9777464469648,58,57,-34567,249,75,342.84772634978475,-28.32826503990124,534.7173193826475,65172.54503139727,100.73083680999603,9,0.5502504178896129,410,4,0,9
4.074343645765019,50,49,73028,105,69,-14.691962388585566,528.9174193182934,-50.60189293647301,12453.822104598365,98.70116211621229,-3,0.681125559222872,374,3,0,9
136.4794551187844,52,58,-17810,2379,21,52.41965870206877,346.2864651986705,-11.9656840552734,53300.61752818346,337.5028450143513,-4,1.2466634543858197,0,4,0,9
45.82060371836557,77,52,-23617,2414,32,36.18471544391232,-24.474453753431764,42.702240385504794,-86075.40419097761,66.64379024058915,6,0.4327372059722213,-68,3,0,9
148.45612102965748,55,60,-44894,1654,482,49.27680374820497,328.8335280996856,521.2989320680514,-53410.81412305574,121.91404178373116,-3,-0.34809394411511585,8,0,3,9
132.0097325928707,85,189,-28250,174,14,9.604335831552518,77.59446750048798,157.45288963032812,-52806.16195855569,238.23958702189967,2,2.1165114078726113,-21,0,0,9
224.2708412892764,75,51,-4601,142,64,2.9123424026043807,-34.393989763891916,691.7761058825633,-20757.882846077588,119.3381040356538,-3,1.001337180158964,-5,0,2,9
-43.747980682652084,97,60,-30277,101,35,50.418957385927925,198.34159889305386,484.87175037498224,-337.9733033600678,11.411416351169208,-1,0.7150652937379272,-48,0,1,9
-13.331300846938788,78,55,-28792,231,8,127.45644907369348,1.9162786215164829,-42.88620267146869,68630.15395092074,60.53129648698696,-8,-0.1392188315358377,39,0,0,9
726.9010163271242,91,91,-5244,198,20,5.397356494074273,-43.94572513313599,-19.374801199626074,10751.526276447596,94.45388198047038,0,0.04951260441815816,22,0,0,9
74.3593291722134,54,40,-6050,609,60,100.70292816658267,461.9400855709298,3.7860089505748236,66751.7708965936,117.58342495339008,21,-0.24454459037125478,-26,4,0,9
-8.670935035311132,50,43,-23118,1414,30,98.10950352734946,-56.18468968493256,600.9797606444148,-11860.827851367136,78.96876906035942,-3,-0.09220421232053316,0,0,0,9
610.5853123596123,51,45,45607,273,32,47.20027458225925,70.79251735472292,587.2009964289045,147195.66385904138,129.17259807725793,12,1.201489093877296,50,0,0,9
14.697933886381755,55,63,113170,836,68,7.681101684078158,516.3733851215926,274.3904953326531,4191.911535217789,65.8038281145301,-5,0.1111483630575621,25,0,0,9
-21.32207388169232,56,103,100496,725,62,26.96559410203342,725.9743853209579,524.7402528797174,7555.3399253370335,103.54701405949946,-17,1.0535970518247546,18,0,2,9
421.6317883263513,54,53,-80706,2081,72,77.70378111122345,535.7692885352561,456.3860360449203,-84419.60966081543,61.70773899987179,-9,0.7448434501232928,13,4,0,9
163.05563712893905,69,40,190523,86,58,36.981742486234346,72.78555928959545,676.0953272389569,64054.55041981548,22.834585681616453,1,1.1853128486501046,8,0,0,9
135.21717300320628,68,65,-61156,227,63,270.330143489864,91.6882120717447,-7.9481035032915255,35050.50837846358,41.02994800451369,-4,0.40055958691823346,-1,0,0,9
79.57423193074743,45,44,10549,5815,64,-14.747920171719372,28.489108146568103,485.52340590611215,39209.429821740545,68.73294534909108,2,0.3116043262455539,0,3,0,9
128.29112424117017,54,55,15944,-99,75,-41.39123176744579,10.940096058626484,509.6009629625494,75184.61496624575,13.660253549258236,13,2.045694446790916,-26,6,0,9
-22.1509849854651,54,63,-31108,391,56,15.386081123445734,1.1968214656729401,25.670333752970816,17128.933652935226,59.04991248346667,-11,0.4833583071872007,0,0,1,9
143.28041503680012,79,122,-24363,140,65,11.54341696983768,-39.812596057083674,44.63816277540151,-8710.191204149094,78.16247883805862,-9,0.4081990321308966,17,0,0,9
194.42348971391434,46,59,3675,2004,58,-21.405073984731715,-20.670329831979892,-23.924414691483975,-5049.590742657019,17.48611603656694,-7,0.4371210389875344,47,0,0,9
163.8326533489028,53,49,-93385,201,75,0.6955780397232303,118.01237014519613,-19.626650673244946,66122.97131056916,58.3189637594488,-11,1.2337745073196922,-11,0,3,9
-3.347098203937705,72,60,-15207,29,77,21.947406849988518,179.2595182111216,315.2437593625396,-41538.799988231476,80.00037236417593,-6,2.0130195293478637,269,0,1,9
989.1740028181036,47,63,-105592,49,66,-7.7155168953739235,128.4106588542342,28.710685578301067,46276.59038640655,72.537387826664,-5,0.847675086752576,14,5,0,9
-4.759548308012796,56,67,-61565,244,64,142.9850469302373,-7.876474467237462,571.5713318275006,30471.36663000506,53.07127243351859,13,-0.19971116981198675,-27,0,0,9
-51.2890267418112,77,102,-7449,170,266,323.5289255815314,36.083226903955115,-4.887807278280059,106809.78529326743,79.36564690940642,-6,0.6651569406076688,57,0,0,9
10.685541737193148,68,89,-62894,3368,-2,224.169584697495,-0.9995361181135225,532.3464379549974,41135.34855263536,58.63611123689691,-7,1.2413700837307668,17,0,0,9
186.73396775395184,52,46,908,1660,4,42.182780294003834,89.31814933277242,759.6495586805322,67257.19795021492,0.382269670193395,-11,-0.02442219410438974,-19,0,1,9
127.79554833235143,55,174,-670,657,63,98.2962706684699,199.71480488043625,733.8067313870334,17211.298371601788,239.21947623003103,-6,1.1570139216990916,-9,3,2,9
79.70091026549994,60,65,-112709,207,13,54.98231536619559,7.753248645027867,421.8201640221773,614779.3708167004,29.211597710872056,-2,0.47454271623555305,18,0,0,9
30.136027757855175,51,72,26245,2434,60,306.1051284105055,12.131604414476044,1.5401780451710336,12209.262350663063,103.78520205515011,-10,-0.18654347915555863,15,0,2,9
680.9396062249226,64,51,-104226,1351,67,30.940262114745913,-3.394349329107512,461.5415130514456,-74868.34694064614,52.936573864377834,-17,-0.07382897112184417,46,0,1,9
275.3138316778751,45,72,-495455,1525,71,30.50125232572106,-35.83378923408164,-33.19298447363934,79601.64161419451,130.96272949989515,41,0.6505172287905583,35,3,2,9
-0.21838188757611476,49,47,-19056,1118,18,68.06972712204148,54.320415586803705,8.159777490610395,-15976.216910391056,56.89940003974539,0,-0.23847645351083216,-6,5,3,9
-60.741076186913176,98,58,35367,145,61,12.05612594641903,116.44092292724844,-6.008433525010748,109409.98292589573,48.48338273533902,0,0.47820705705459776,30,0,0,9
92.9534605121362,67,62,-28789,12,240,569.0769507856603,483.7291052384611,568.4807698103834,-7437.828181855504,97.0974453591424,-7,0.07743620735602967,24,0,3,9
87.54936029798105,58,70,-57775,142,-5,288.71312175541533,-10.39468525356256,25.744342187054965,36882.627873029145,59.481001172072666,0,2.7697118406701775,36,0,0,9
48.04982201058202,54,53,774,108,69,-24.690541652178865,6.6369059955894825,766.6396233328139,39788.25436742925,542.9659664118064,-2,0.5520108329434192,-32,5,2,9
76.76776524430133,48,56,-29522,2684,1,385.24917449567937,31.20894739448993,362.98924450403644,41128.65512083819,51.863706507532584,-14,0.6070461249011003,81,3,0,9
156.96939533716363,45,49,-17550,1573,15,71.11912767755442,25.518005285049924,5.969844507494926,117184.14862303375,95.26306838931552,1,0.8869024919770084,-17,5,0,9
56.943423842346114,58,47,861,315,62,55.5448564791528,-4.794221018745152,450.58171046476514,69834.82120898234,163.49948855742315,-11,1.282347535986318,476,0,3,9
456.30645856904704,57,55,5033,194,11,521.6754537982804,13.850157652228791,32.1805365771162,-10967.101961237266,118.10767334854225,-5,-0.09173968637236127,-4,0,2,9
85.4279950592013,91,56,-22748,171,52,43.44346519649298,150.80851446942455,9.273127401609402,-35513.17024002565,122.59457366826905,-3,0.6736086897331175,50,4,0,9
156.68674888668315,56,93,-5948,22,7,-15.725022086078795,1.3669846191084378,8.219365072773133,84590.61471391779,532.5935035617979,-4,1.0603190554970836,-1,0,0,9
195.8333411458984,57,86,-3202,201,63,-16.506355987112812,24.886550648137046,9.746652031822416,-17261.950837824428,71.32132236543653,-13,0.9354000155229476,13,3,0,9
-23.462093407316544,56,126,17049,507,28,26.20516014203165,115.85402029692602,487.0665425939412,28299.71847594761,40.24691285212955,-23,0.39066547789351563,3,0,2,9
164.33185935736736,44,60,-29380,708,67,42.15991631747981,188.45813007813007,15.831012130011809,56846.12561540841,518.8633088398066,-7,-0.23011223648745757,32,0,2,9
36.651708326620465,87,44,-75935,2013,33,79.82885411346125,13.311364234151903,-12.485833669410573,1158575.1104640225,30.112941961007166,-11,0.8173185992577405,-4,0,1,9
81.43181849327425,59,51,-4643,10502,14,57.87609386582301,133.74847624861206,20.70608189190585,-2760.7026623048914,91.2669953437047,-9,0.7458071604478398,-34,0,2,9
277.3549784702724,52,64,140094,3128,64,646.9703009076168,218.7018042856027,636.5148938188847,-65006.341193337445,83.3603414737455,2,0.4354139298507412,-12,0,2,9
-32.67002437970555,73,65,-35112,1973,74,-13.393309961784851,-17.90587395306572,28.138933523436037,-2341.6085680592387,29.1174350968125,-3,1.15781772827286,36,0,3,9
13.377583202357279,59,58,-26329,199,13,-3.6925290153289296,2.0805331869812935,16.91411975453476,72636.75650500688,223.9508298578769,-10,0.6587188702949776,-12,3,3,9
58.102573607808694,59,54,-41964,113,33,61.6936275536066,41.00528011061611,558.1320682070399,87449.6812772574,108.26309044174228,-17,0.4405267022890445,49,0,1,9
771.3016190344439,54,47,-32808,145,67,-12.847001812736195,12.721340131386413,-32.38514900759569,93384.62140799343,108.46670661816667,-4,0.8673058209046429,44,0,2,9
451.2391148477882,61,67,-31354,1710,-32,0.37419598256776965,646.6082083241868,676.6924159124139,16447.495674498397,232.0783040877517,-10,1.0847567842573775,48,4,0,9
132.66962554149615,104,64,155090,152,18,140.42901942067476,-5.707851692903156,199.8265885292308,-32771.731165448524,122.72202335434966,-10,0.7445078597953858,31,4,2,9
194.1151096062265,78,66,-1955,429,69,61.86978775451274,248.2016459185957,543.979733511016,29087.521263843137,354.3168142627198,4,3.152384620210274,13,0,2,9
56.790995074423186,82,70,-26249,2242,76,43.3054811747411,26.37281738732492,-8.816054859505888,58655.50431222987,57.10030339909468,3,0.14027612497638253,11,0,0,9
-44.61685126681972,58,70,-40393,1910,18,48.95517283664997,40.5987301245212,531.7452284268815,-14054.61380156437,74.92575024132219,-9,-0.02823215436592573,46,0,0,9
-36.12632355405586,55,50,-20921,177,57,-19.87562250220863,386.0885267893863,520.9624541058538,-9620.34062379763,65.61182568004756,1,1.1157774675950651,4,0,1,9
1471.7702470780982,51,70,-163259,920,24,31.170360549620355,44.74389079766766,638.8178478365154,-8018.9051494160085,63.76481467339323,-6,0.4863942261178908,20,0,1,9
164.02974796596237,58,77,-69946,100,19,50.04333655526011,65.92181700495846,13.072506962815668,-58428.22062924165,123.94957458912606,-10,0.3893704648059778,-11,6,3,9
85.73584139441819,51,43,-12510,39,60,31.24525423829465,-48.140713278676486,119.01715540362497,54833.56387516367,31.544145060791813,-3,0.29306093483045503,-15,0,0,9
20.392747482068145,55,72,-117743,840,30,21.67514099424409,192.30677219193058,-32.76600449981711,-77918.10791682838,43.36748540010327,-2,0.7192234526771939,6,3,0,9
42.67984732327063,50,55,-9136,758,48,82.76577894102454,-39.2984799684118,29.842486105812537,105694.15253296013,47.9065801904742,-7,0.11415841520292425,0,0,0,9
149.49843012325795,63,68,-35682,508,294,20.52820552352071,-6.143691967828832,-8.054545723736664,-51997.15038455353,96.56990004253096,-1,1.4643281530151886,7,0,1,9
747.9625858393545,45,79,-13646,740,57,94.77466984695943,-25.904131183670692,398.3889117648973,69589.8726102034,17.362118678155177,-11,0.001631770849167935,18,0,0,9
25.60703200268908,56,48,-1127,122,56,49.95359200172703,8.75924268839433,233.71648687509563,-54720.17796213001,191.33663778573094,-31,1.1796434481695819,0,0,2,9
122.81888233955243,57,64,-25696,1727,1,-19.9478974768939,-1.8398415011835958,8.284014834298842,69880.92746397754,4.956623932308844,-5,1.6703434429392034,12,0,1,9
73.6376120679472,49,51,-34334,251,250,-13.20057414360464,-18.808445181461735,544.1424265378035,71211.79418067813,134.32729902056036,-10,0.6206090465482266,-16,5,0,9
191.8473176832416,87,128,-108146,56,64,28.739619688425826,44.59407165897886,564.2365352183613,-18944.256920564683,68.34389829777557,1,1.3345016568658252,35,0,0,9
-51.32721024529964,53,60,-31787,15,68,-8.01549747416881,86.88669503953255,580.1878388440828,-66539.46536309701,90.23487751388524,-7,0.19663743880810775,-16,4,3,9
173.27866948989498,50,70,-14229,550,-16,38.12596352973811,-44.68935507777481,4.766648894064493,32167.115430930604,74.42336317184854,86,0.8881074149770987,45,0,2,9
289.1321932345666,48,61,-13046,56,50,30.62967268147211,519.4470618148013,314.0270196324491,-12470.602679780077,126.31673064451215,-22,0.8811364461995748,44,3,2,9
306.49711007983274,59,58,23604,282,117,265.0826501061551,-5.817693744543874,-7.004441387189537,26788.41065345746,66.94958317899089,-8,1.012294715254305,-6,0,1,9
17.880164565703524,90,58,-31688,1668,71,54.27279510207539,688.1116566309134,-2.1316048337073767,6701.883485448047,42.05505313671762,-9,1.914973329394255,-6,0,0,9
95.81233933727577,55,58,-40513,507,65,152.09277510750536,18.83031544810832,627.5287313969723,-57499.20603652719,204.15578879661086,-9,0.45545851792464825,1943,5,0,9
282.4008934963077,103,65,-105865,-18,74,69.67227862729756,130.8824033688461,495.5072210118096,22833.402352899793,61.040165565197704,0,0.9767317139663338,13,0,2,9
164.45043193317957,66,52,5509,855,60,14.440794286935386,12.658714866215764,485.57036399267884,55331.16216693504,31.446439665063345,-9,1.4756473132596484,-25,5,3,9
9.300945741510944,81,95,44467,670,73,333.52721580589736,43.3677904630675,596.9368639381888,52556.0142767745,77.01732868472321,-10,0.8088026180901617,-12,4,0,9
-27.676453959661075,47,50,-27407,241,125,22.788442835737136,-37.38459843752258,408.4183330665926,60626.04060228761,104.01744772551922,-8,1.698734647495018,27,3,0,9
33.6329458746134,57,56,-55178,282,66,351.71699490768196,75.13466655010154,-5.9136418864257045,1391.136646817471,82.88333984227715,-7,0.7869322338690925,-24,0,1,9
103.3571952586588,48,83,-16012,126,69,309.85322678008947,46.555797799970506,432.97249118402704,1906.8637429659084,236.3891889766287,5,3.4161003726968935,9,0,0,9
-96.22576076889669,51,65,-116833,7,63,-4.011629269067058,-52.531687237103135,17.79301316257123,72361.16311391952,29.346278691735023,1,1.392008528581434,-87,0,0,9
68.31291132501335,45,60,-7926,672,65,5.195623632218329,202.47383134293815,395.51310799027567,2356.669883007051,107.17031767176115,23,-0.2285724443008311,40,0,3,9
-15.632340102304497,56,61,36134,1198,29,129.39776843614098,-8.414025701188908,449.9160555435138,12087.314609030887,118.02803362671409,-3,1.4953179150135356,1527,0,0,9
139.05195113843388,67,14,94960,58,71,23.99408880210617,-31.242404713059067,534.070345201171,-54004.924588431095,-18.015069200376786,-6,0.4739714506801142,-7,0,3,9
216.5548259334992,93,77,-83556,94,64,17.16927220879971,57.14127738847803,-11.266363877940105,36726.76164736818,103.20063051672483,-5,-0.1428950064243304,-12,0,0,9
77.06938831485297,75,91,3650,370,70,-18.657675471443795,-16.282595509180485,462.6344591816917,10389.40614475066,92.1762590531687,11,0.6225803945434908,46,0,0,9
-53.76799015416387,54,49,38629,1844,10,301.7646160249702,74.79967511649714,576.3091475779759,24675.03707599514,85.32596594134986,-9,0.633972866037126,-39,0,0,9
92.20087397471568,46,48,17778,65,-6,3.2196278151581197,-0.340912609515442,612.3079019110388,-13286.907267514904,109.90957857485705,-9,0.7782368088524274,-44,3,0,9
609.3166631165369,68,57,-667,4972,504,-28.79211392306982,-13.965181418933128,15.717922291259685,70216.19635599224,37.760576113834745,-9,-0.056119419339841534,181,0,0,9
0.9534364043302759,57,52,-36565,1417,30,481.93640947324815,-3.637358428838037,589.2099938074554,69680.06979536115,96.06767933332442,-11,0.6993455530783734,115,0,0,9
201.23086143090845,82,77,-7598,51,15,72.03900169421007,-9.419230723347098,41.364177289405745,17495.10865695173,60.0202577690804,-9,0.45448497629594703,-14,4,1,9
-57.108576597867454,55,56,13334,102,62,6.209578968885225,50.651406213306544,640.6283878031667,114254.9058956681,56.82006434386187,0,1.1067192456912702,15,0,0,9
25.954411779723102,84,52,-120051,177,135,135.67087735909217,-24.359502544451157,-2.2231071627846712,-61145.120160268125,141.94471306855573,-1,1.3334002573466626,-18,0,0,9
67.51158729036688,51,69,-19961,280,60,5.604135357447078,6.703902886759755,25.606922374251326,127888.01300338192,65.66354526719138,-10,0.7661401830995763,18,0,0,9
73.34400007337219,54,58,-27525,5,33,19.151631041429738,45.481446286287024,16.487634103994846,-34302.47980525828,483.37124420504466,-7,-0.16159807574445095,-26,0,2,9
271.5633875066146,54,57,-31127,247,55,421.75147989400784,165.05542128778427,4.649417166872646,-34114.95884509334,94.52543360712676,-9,0.1315906797266494,-35,3,0,9
103.74871328527932,47,114,-22344,87,71,-69.52478472968426,-6.6732448959794235,539.9054332772649,-73797.99971481394,172.9803198361619,-9,0.2626861122020324,240,6,2,9
-7.859542115508859,83,109,80913,533,65,20.515931258829482,-44.11400647583051,326.48954365505523,-19341.55860522276,61.997472911747636,8,0.4184048401166292,5,0,1,9
156.07504889962541,57,81,-41312,642,58,3.0337756925221413,-11.069551867777466,32.60411786776933,43244.50225875689,80.05031396488113,-10,1.405611979249404,0,0,0,9
39.601537410282965,51,38,182101,2219,69,0.17191946956205584,-4.6538347844707095,5.6259306695251645,4004.67725729007,82.99058310978943,1,0.4182504102630645,36,3,2,9
138.26026372710083,70,81,-15461,233,-2,294.4821664000215,1.1937903956988363,13.154789132837589,49149.135004509415,38.45872521238743,-3,0.4989484628593526,181,0,0,9
-39.94592753365637,59,55,-28757,833,10,10.599967827354718,7.189680208140761,-6.342922523191051,96544.08536036087,57.39490453944767,24,3.2399024204942743,42,0,0,9
782.2333534635145,50,65,-41666,-26,36,449.52008910197674,129.79562911912842,554.6448002169348,890.6909107972424,194.7436703547005,-5,1.0594050898700738,25,0,3,9
505.8862576185994,52,78,-2105,-123,74,71.1789226041027,717.1819760544674,-30.418813377754457,-61472.017702977915,71.6225382686201,2,0.7110101793209851,-10,0,2,9
247.7496328170548,47,49,52649,238,61,38.04776582034375,381.52316201663257,-1.0960614073449837,108209.38735352545,65.94288795922822,-10,1.0796971603680947,-6,0,0,9
145.57792192633354,47,59,27492,120,60,69.76194278171695,-13.642303401279879,658.614205462417,115735.34892715486,56.84000945087449,-10,1.0249145617100348,35,0,0,9
368.2424358113332,63,93,29982,207,69,95.40226437135368,51.14070852562726,513.9644776934344,-31227.445196615754,377.9695900755818,3,0.6032198993738074,-7,4,0,9
77.55240751195038,51,52,-902285,-51,77,275.29565027430164,-23.519935850239733,-32.77421026630356,10367.629978590041,100.96215532686458,3,8.64585403658946,12,0,0,9
-19.530171947037516,59,69,-29629,1178,56,179.16425068898621,253.2267892889307,547.5770290225382,12250.997057756087,182.186566513854,7,0.9345408892305209,15,0,3,9
182.04960469684693,56,68,-25266,286,11,355.59699800806885,-22.46931843818764,356.16193977456277,41174.355575131805,113.66816841223431,-2,0.37384134502553357,2,0,0,9
124.78688674899973,47,59,17981,646,8,58.78853766438773,40.3215809965689,23.428423191639855,1619.3585054411506,94.08753574240534,-19,0.9462957421509359,-11,3,0,9
173.86576697333703,55,65,-34600,195,1,1.7519151948966254,-24.574299614885028,580.0223974108231,70938.58087909903,188.08779178491588,-23,0.6007965357427237,23,0,3,9
34.2764632714692,62,60,-44044,142,-11,161.30365004623206,-8.981414853531792,-25.194417710329418,73174.92574782131,30.974712004320544,23,0.29755845779187984,22,2,0,9
119.87116222846633,53,55,-70433,2504,29,17.618037090286577,78.98157416637152,656.9912451150004,-58837.06711588231,34.38046340097464,-17,0.08573195880122222,41,0,0,9
135.9778265239647,48,49,-33723,646,68,384.5735112965048,-28.135203156021994,553.772210093945,-16926.82329212152,108.5360571974883,-7,0.20934592688565287,7,5,2,9
781.3276402729289,53,67,12971,1162,11,221.6995262525371,131.74646043314195,-24.005918302336248,-24222.47016980102,102.31812109038887,-7,0.29286781569833276,10,4,1,9
1004.2348331118545,61,58,-21784,-239,139,-23.42674373914818,15.563702690152233,612.4900092880133,-42714.23135754414,53.93986953212352,0,1.4974007007104548,12,0,0,9
213.0466824764761,51,43,-138813,223,67,31.850893104723205,167.73180704822505,481.5630399324798,10598.403765080871,53.31849829134161,-1,0.7566670764927077,48,3,3,9
1.4891676733497263,81,71,-8337,79,116,229.76694992988806,352.7504240481602,525.837411127162,-25025.843849786008,208.13094159474105,-3,0.7561922445649263,-11,3,0,9
1267.6632302645794,83,55,-29868,11,64,71.55165863800043,-18.872744905976454,-9.097570938944951,-49478.32719149205,46.40248269749188,-18,0.8522029148519132,2,0,0,9
14.293869758196088,47,51,-23360,463,24,314.86237777555255,145.42620081579676,33.07063134609482,20458.66063675352,69.40893949915753,1,-0.24026449175077455,-32,0,2,9
213.57787269648753,54,59,-90127,599,25,448.2037198108721,198.12515556945024,9.371064172078183,91519.45195403973,162.1606901026664,-4,0.11662535098289992,44,0,1,9
891.690941779718,79,61,-29821,5346,5,605.1032624625842,-39.440251669047065,586.622088306305,40005.41701704473,118.6589000248909,-27,0.8732618535946406,13,0,2,9
82.55179066523367,63,65,-14120,100,32,-3.0117246346511877,94.75155323265578,316.4831363832828,-40079.7549645268,55.41527477750114,0,2.0817077479917963,10,4,0,9
813.9683408338877,51,47,-16475,36,284,336.52777005211533,68.88413229957096,-32.23653071276724,-21777.28384562527,73.01289225598559,43,0.8068172950394068,31,0,3,9
150.27491409228168,55,43,-1927,4412,237,51.17021053285123,-23.51880252810565,467.8156862646898,98175.6777542973,117.58422861326673,-16,0.85054099257312,-38,3,0,9
56.31926508347001,57,103,-82515,196,188,-13.929755819553222,11.768460445910069,726.6690881885111,40204.28215862068,59.94510054547731,-13,1.050041515463873,1,0,0,9
46.96772131494092,92,142,-8505,48,67,609.2771768561106,130.10961675754274,440.0082994290832,32100.04318631596,114.05321601481117,-4,-0.11391853376693825,12,0,0,9
107.50963167504503,58,51,-5446,333,21,106.84892260021695,6.552041020399775,186.17769330228688,80999.9715576464,79.98301241992189,-12,0.6354160745706876,26,3,0,9
46.83040655818404,63,62,-35433,754,14,672.3565294476557,594.3226894324207,4.263677528907903,40614.218379729675,66.09593548835375,15,0.9071348779610059,3,0,1,9
717.0362501969665,50,50,-17434,733,2,-9.310022746466373,214.42147138745793,26.554690463117055,81490.08761400961,364.206446809766,-10,0.41116708490022835,-20,0,0,9
57.70256990476528,46,60,-26789,-58,58,-20.14563335424029,-40.219308753513694,658.9562504395118,10250.668755305309,104.44430517701143,-7,0.7652324897818334,26,0,1,9
46.73360765512456,85,57,161650,1191,5,71.44970299050831,678.6599146191348,555.8005171934208,16834.363094627635,183.95088022940192,-3,1.1513652626029303,376,4,0,9
227.4083823308557,46,49,-9772,3882,155,-6.44456563335973,44.944023763496176,34.68913021929304,102347.46399172666,1.6149621976864523,-7,0.18171269953964359,38,0,0,9
37.26852077661107,66,63,-30412,431,63,516.9150843149433,35.92637414091714,-10.060086339066457,-18794.81055319419,79.7409832700327,-3,0.9213121324392686,27,0,1,9
197.96781727301686,53,73,-25708,280,66,23.7204446758412,299.09352226808994,658.7547778537178,42005.8662902805,844.4438525957082,-7,0.1747835347014142,-19,3,2,9
216.18867434173717,49,66,-37965,1941,64,-23.967246707604545,-2.2346314156706075,593.5670828658018,78399.96542647279,74.00930933673388,-6,2.576901427412748,19,3,0,9
792.9777114239731,68,110,-9649,4115,61,3.6272360074900547,34.30588605785328,576.2904280120861,46270.99124863617,25.854940222749015,-10,0.09181502764192767,-46,4,3,9
-24.382552203020126,54,68,-29518,493,70,308.64164144233683,-22.189140955192478,461.553517585461,-24781.07535356565,70.28036328526424,-2,0.9512837881002876,16,5,1,9
529.6382530426317,82,73,-3547,235,66,133.45701682916052,247.4976675504317,-19.84725273638039,-23263.164150557615,101.19765072548759,-2,1.370084469693154,20,2,0,9
76.18517136406227,74,62,-20293,2163,209,19.099586015162572,-6.45231401304477,526.8339220722075,63307.443970820255,116.02134233713304,-6,0.7471801216699256,97,0,0,9
277.4038703888115,51,121,9610,820,187,41.98527418028459,689.3585461979206,85.61569097409782,76799.81574757263,75.6713375554613,12,0.3149128263117147,-5,4,0,9
1142.4053660187856,47,57,-21664,1015,23,-11.194800026242376,556.7049763599164,494.80948160284254,-35340.6046315601,60.947470844523366,-4,1.2329007613860947,48,0,1,9
172.620598223464,55,147,-39740,864,153,30.08405366768372,-22.63857118586784,-13.09695421509655,-27521.595677116118,73.1679464299795,-9,-0.033044236195457086,3,3,3,9
78.34790315317564,47,45,-49948,1621,94,-9.955114606545294,187.91972669702542,628.7629519380522,21145.467495259265,34.31889437826903,-19,0.842891681568288,41,0,0,9
69.11717177138485,53,88,-18242,887,60,94.5719205105946,-8.949567341076229,12.59937882106868,-514.7097679131239,88.20138993273798,-10,0.8206783319009685,1180,0,0,9
84.22168070115174,66,54,-6546,1745,22,1177.8884600316167,19.711108990981593,-36.53670249732722,15842.313746301525,98.73680853006817,-1,0.8391945316882835,-40,3,0,9
340.6258506168187,50,69,-80150,45,247,330.0783898358476,15.773161890189787,596.6264916692337,41563.91968910882,368.31214420138184,-6,0.8513887435714769,12,0,0,9
1384.8082474212692,86,131,-1521,166,56,21.082656954228213,-6.477035659946565,36.30862947584214,-3477.9417237065645,82.59238575695423,-6,1.1973677463278107,-6,0,0,9
69.94487719414428,84,99,-18795,3904,63,13.090380145030053,-34.561999113190446,31.299069387887993,81502.93644970744,58.96602142363584,-6,0.938196700421567,-8,5,1,9
-23.774730636118363,55,56,76018,163,-8,414.8647044476576,264.4275746843291,646.8383297392332,1859.46371326195,85.15899413877203,4,0.8676388795942194,9,4,0,9
232.4485525567136,55,53,-12288,86,62,27.038148559352024,-1.1298167048963004,426.3048111704703,9734.07790780396,110.63804232648445,-4,0.23239732707481195,32,0,3,9
85.67058893409201,51,177,541,135,65,-0.4656991014721825,39.73577279144126,515.2398014781753,7912.476459653653,67.1895947021566,5,2.6295595938830036,10,3,0,9
84.60461103061712,55,55,-156584,152,73,26.544222347142224,-16.323780652060915,208.46532127657397,-25278.001110466383,84.62844248296423,-8,0.10913482840262381,-20,0,0,9
169.63061051493736,49,72,-16540,100,60,32.939692359184484,37.635721495046205,281.22186578520893,121482.87296757016,107.03663138987326,-9,1.162129878104912,-29,5,0,9
114.73444284630142,50,57,-23759,934,2,30.41381254678066,-0.5778886771567686,563.0929910302696,-13313.915811963492,116.08631539754154,12,1.1194816650088009,-4,0,0,9
-47.45913254307632,68,172,14765,70,69,64.95765545740096,32.248761563394424,-37.827631868457395,124310.14572987323,67.7571657190664,-6,1.0337936331396609,804,0,2,9
456.1475738458008,72,90,-29919,1114,159,57.07927739260828,-28.734489605325955,471.54520715526473,30610.379587763928,72.56016464640064,-20,0.591459489118104,34,0,1,9
153.1393264266481,75,56,-96345,1312,17,22.65089526631676,27.375739607766757,31.011167269545503,-12118.796269285587,170.1860667845928,-18,1.0844733177398307,8,3,2,9
72.88841139458751,52,116,-42556,170,65,-10.656845727959862,48.992864028940915,292.9330841078597,-46398.53696339145,128.51945137823867,0,1.7543470388994644,1,3,0,9
47.467934929975755,60,58,12297,470,57,24.467417527092387,-35.82974818934121,120.2463207115415,35503.6099393708,155.34623375078948,6,1.1772729012893375,31,0,0,9
91.51927917593295,58,54,-7919,2001,54,17.68180507303677,-14.688926703515058,553.4664744710774,38898.23995787356,23.32310260981432,-28,0.7582347983493812,6,3,0,9
54.50651827280856,79,81,-46555,842,30,114.36813293868073,154.0010333651653,-37.01180484268296,28409.159277522223,121.84067475434776,-1,0.9868917430742927,35,0,3,9
35.920524922653286,58,41,34902,192,97,59.59200237859943,19.418163603705885,518.7159775596581,65133.66567653729,76.63418626952254,-5,0.38459671509614435,2,4,0,9
-38.926242557632406,92,87,-21544,239,64,41.45867141927667,-9.896942195924339,462.0481324676766,-2495.7364620630724,46.68192850892184,-6,0.7082482075173142,44,0,0,9
128.16961346827006,80,63,-29118,1258,1,31.830785669240264,407.3246879373043,-36.2368295168313,-36898.14979635076,94.59135949750178,8,0.9498285750187475,19,0,2,9
5.759171149211419,55,67,-120261,386,78,-3.737498919590678,8.98015778885365,498.68206705406055,-1784.2492836396887,79.87080611730926,-10,1.07827892973298,-13,6,0,9
-48.13606703481136,64,57,-17148,825,69,2.879317509520618,183.65064649532803,-11.717427694012864,44039.22417659261,134.62175885163597,-5,1.2810028475862916,48,0,0,9
-5.934951200366385,52,64,-3256,1646,61,43.57350502010565,-33.64645477121065,-4.833912137665248,91524.11182277046,119.46120690450945,2,0.05817794269589082,28,3,2,9
17.541109680418437,62,58,-14349,22,62,669.8014858626556,239.118437123836,451.8307576583834,6693.457421441803,27.34938603513868,-5,0.9246900564103052,39,4,3,9
123.66771441958089,56,50,76604,457,72,-3.428161415373026,-18.671693216089974,-19.759277609890457,5688.826541531691,91.00481442453889,-10,0.5276565762619795,35,0,0,9
88.23534770141012,57,68,-17443,826,65,7.315656375733127,-18.288709514947687,569.5272984091033,50061.84005666633,120.1399435696054,-8,0.12457616172788932,-25,5,0,9
101.10688887301012,72,66,-121669,108,69,-10.254375421846134,435.69137762165974,497.2547981615833,80764.12383752356,167.9310007416028,-22,1.1878204820317517,241,3,0,9
147.62470266436975,64,71,-35870,289,7,24.184382018641656,13.117494262750188,-29.084663674307077,90800.1177755326,279.97949897587097,-5,1.738008209983247,42,3,0,9
83.77304575547498,57,53,-14409,103,63,75.96884911530054,-7.85301139406456,586.6096827436314,-18290.45727558665,53.85445080473616,38,0.6276343132984051,12,3,0,9
-51.106832405056565,46,47,200135,197,3,-14.328053028813102,-7.311036624659567,497.32431213574733,55234.81413743507,73.51351447340987,-6,-0.24755584249753934,10,5,0,9
295.3725048128513,47,59,-124082,-113,70,43.03030563678665,73.37163812956852,681.0053501359417,-3430.2726800543533,260.8594526194268,-3,1.3975634448451097,29,0,3,9
86.080181769798,58,74,-30960,-106,65,350.45033721169636,25.699373881414036,590.6408482646978,-109033.02717739399,89.32386879600348,-4,-0.0828737439922212,-10,0,3,9
-44.311095948530365,57,51,15417,85,18,37.38935067856629,-23.196361642695955,508.7523757913722,-13013.324641701765,450.82409424016265,1,1.5993351338383648,-8,0,0,9
47.928165960159255,49,66,-31501,99,67,79.25642266924724,106.5198503899162,8.24581909217835,2151.658456647325,75.80518147858035,-27,1.1251738143160417,16,0,1,9
51.14923470798736,52,50,-34135,5008,62,-25.598722383452994,-30.90410564125812,-0.2874149421662837,67094.76368061402,81.97046488249143,-5,1.333467106283124,383,0,0,9
39.25355367051422,50,43,14011,265,57,109.93493346643166,271.11383748887135,22.588009761611207,43111.791750658536,39.686693540608545,-3,-0.35259957248339535,12,0,2,9
147.1373014727821,59,64,-2363,412,18,118.28104294648548,-19.428208847863864,722.4371599989034,-26266.071104159677,63.768892641229144,15,1.0239995911252415,-22,3,2,9
165.74093107742272,45,53,-12407,643,23,409.49311488307313,-42.08111326312053,-25.273935789331052,41108.09607180997,75.38394760900175,-13,1.0134113901317736,39,5,0,9
89.9402643112789,45,53,-34996,453,64,-15.651116157944216,422.34203281035565,16.88921821918807,40951.459280771815,48.6174933534794,-1,-0.2429915150624737,34,0,1,9
90.91966334056491,52,64,-16839,-103,58,34.80434688936065,-59.06988391802953,-24.446300616150285,33584.93862662421,123.08823873857122,-5,2.5577269856793357,-17,0,3,9
179.90281189896052,76,87,-171000,875,202,7.24642891030993,178.34701826170587,40.96238308681753,44070.58481957689,36.25700701049487,-12,0.9171829961105946,-29,0,1,9
64.64358633246647,70,40,-20990,303,61,-23.516660992778995,-9.658209706643277,-29.95231225751102,118945.4148591442,76.6074152618268,7,1.113402628337072,10,0,0,9
57.71666427296256,86,51,23574,145,32,31.229920978753675,165.74862091826594,15.642995239742564,21294.057235586915,91.59128172804871,-7,0.9534724578598212,49,0,2,9
5.797367711353573,52,72,-31366,2720,72,11.491111603583306,8.140966485876529,249.8749878714723,60633.910400163586,75.42424415935537,0,0.3355113708298214,-10,4,0,9
-37.88695654236899,78,54,-35021,131,13,-13.277259583955626,258.2519660585749,725.8562759327388,74094.73915159388,736.4267205186984,-10,0.11470303987766453,8,3,2,9
21.047257000695964,49,143,-14382,252,98,-14.2662682242008,-5.816831189734288,530.9905737677562,54219.42326953971,57.123942044442956,1,1.246528000331352,12,4,0,9
184.34587852082683,53,159,-78081,844,1,90.21245755406196,6.4043873107941724,645.8422307136709,53043.85511347369,323.7294752136561,3,2.5967330023817796,32,0,1,9
-8.919754623364682,77,67,-34617,211,71,-7.777171529992614,-41.40708934273071,-3.1697697182263043,694.8920722755138,62.64954574771562,-7,0.3929809941402935,-22,0,0,9
388.2764377229165,73,94,103442,171,82,105.73146680451617,156.8133503437717,550.7815095043345,107689.97157459505,46.58864782136284,1,0.4675900834103999,38,4,0,9
735.090309870819,73,65,81809,35,70,40.98985270171598,-40.68945419550871,-34.272689506235686,49404.67089799748,191.31024719106057,-6,1.2801247340063848,-106,0,3,9
104.42115560013337,71,70,-27925,-35,9,4.145514916689706,479.90339890627035,600.7483932149486,33906.33278229096,58.868891415852175,-3,1.2792105844934827,-29,0,0,9
17.454553658873564,51,59,7368,2034,70,4.571113945246083,12.619243038878832,564.1104595304183,80676.72166169254,174.94702436559174,7,1.45055469485067,38,6,0,9
69.92102270653723,51,59,10775,1939,63,-8.161586492287299,4.310824999703468,-36.258658009106256,-7992.341161915803,95.91359722575474,-1,-0.043978079032879605,19,3,0,9
86.82946120316296,50,49,-23770,262,25,22.396914466144793,-41.137514745154256,579.6929256035655,-37162.24854059842,326.1459079332086,-2,0.3581813939917472,245,0,0,9
705.1227746409697,57,51,110177,134,-12,278.64407255352296,16.012627790235037,642.4501249813703,53635.15689084696,81.13455936707385,-31,-0.2564382346161569,22,3,0,9
565.7801335850288,55,39,54712,672,17,-19.669946255252256,83.84145873181836,7.534365337944529,16007.516807768112,573.0424568825825,-11,1.1921889380091093,8,0,0,9
-16.450699813868425,49,91,-17080,1828,68,11.733641272847137,160.1768560287718,491.81681445456235,78153.82222338127,92.57528556767107,-7,0.8193362465846378,22,0,3,9
-49.717012947884825,52,69,-123369,6542,21,399.79839036672763,3.2544598715001656,25.749926379254063,105291.2152340641,321.2212125370862,-4,1.154223995727682,1,4,0,9
-2.5071133618071286,65,46,33757,934,68,25.57249951634212,30.580016093535434,675.969785085859,88584.295479371,96.71458372823358,-9,0.34129228724367483,47,0,0,9
177.6332212192915,48,65,-31329,183,64,75.14057074605763,-4.410919182470056,170.61553702545186,19709.19062664939,554.3329373908866,-7,0.26667603210252055,17,0,0,9
151.53742790367477,57,65,165269,84,72,78.48869325138318,68.49892788745888,500.2623039818276,-77735.33345700461,126.37664134388338,-11,1.416385172301432,3,0,2,9
141.06677082148104,49,55,-34778,87,72,39.898775472366594,-26.49722249767847,-29.5197217144345,83302.13365252134,94.79954817277235,-9,0.889431792533558,1,3,0,9
