bwd_seg_size_avg,pkt_len_min,fwd_pkt_len_min,totlen_bwd_pkts,fwd_pkt_len_max,bwd_pkt_len_min,pkt_len_mean,fwd_pkt_len_std,bwd_pkt_len_std,flow_byts_s,fwd_pkt_len_mean,psh_flag_cnt,down_up_ratio,fwd_act_data_pkts,syn_flag_cnt,fin_flag_cnt,Label
124.3649,54.0,54.0,148.41013,91.0,60.0,86.333336,0.0,0.0,55363.45,76.0,0.0,0.75,2.0,0,3,5
153.9169,54.0,54.0,3268.0,628.41077,60.0,442.1289,355.1177,422.1393,34334.453,227.0046,0.0,0.5,2.0,0,0,5
65.735794,82.02357,77.0,108.0,79.0,60.0,84.0,0.0,0.0,34458.832,78.0,0.0,0.1670418,2.0,0,0,5
203.57616,91.0,74.0,205.0,92.0,183.0,135.89192,0.0,0.0,2730.5173,83.079834,0.0,0.5,2.0,0,0,5
354.65543,54.0,73.0,7866.3794,528.0,98.871765,1116.281,347.11246,488.45422,5344.911,272.38577,0.0,0.6666667,2.0,0,0,5
110.612656,54.0,54.0,157.07759,268.0,60.0,94.333336,0.0,0.0,44217.08,81.12641,0.0,0.5,2.0,0,2,5
66.0,54.0,74.0,155.0,527.0,60.0,136.0,0.0,0.0,139806.28,266.89844,0.0,0.14586017,2.0,0,0,5
68.333336,61.166668,54.0,96.71043,69.0,60.0,78.0,0.0,0.0,34433.133,66.51194,0.0,0.5,2.0,0,0,5
223.67188,54.0,60.0,7309.9087,1292.0,60.0,1027.2704,491.63022,526.9256,9822.707,325.0383,0.0,0.5,2.0,0,0,5
94.0,54.0,73.0,241.43233,624.0,60.0,446.7062,26.791042,24.494898,75869.17,320.78668,0.0,0.5,2.0,0,0,5
137.0,54.0,54.0,138.89865,78.0,60.0,85.333336,0.0,0.0,28990.05,70.0,0.0,0.6666667,2.0,0,0,5
109.9428,54.0,54.0,137.0,78.0,60.0,83.333336,0.0,0.0,20113.39,74.0,0.0,0.5,2.0,0,0,5
122.45567,60.0,55.0,94.157715,81.0,76.68392,95.0,0.0,0.0,9054.122,66.0,0.0,0.5,2.0,0,0,5
239.95807,54.0,54.0,9257.044,1848.9316,60.0,541.51996,1027.5995,685.4222,23372.21,368.4855,567.1992,1.2,6.0,3,2,5
143.67966,54.0,78.0,409.95987,525.0,60.0,378.1517,0.0,0.0,10726.167,253.31273,0.0,0.5,2.0,0,0,5
78.171234,63.994892,73.0,151.0,105.17702,60.0,113.82113,0.0,0.0,35258.61,91.04277,0.0,0.5,2.0,0,0,5
138.0,54.0,54.0,142.90054,79.0,60.0,83.333336,0.0,0.0,15475.293,74.0,0.0,0.5,2.0,0,0,5
250.29626,54.0,54.0,206.0,79.0,60.0,100.333336,0.0,0.0,6957.6055,72.55854,5.0,1.1554486,2.0,0,0,5
161.0,54.0,73.0,5984.6987,1514.0,60.0,510.52386,255.75824,422.2629,11282.994,416.67175,0.0,0.5,3.0,0,0,5
60.0,54.0,55.0,120.0,122.19217,60.0,100.333336,0.0,0.0,359203.2,110.0,0.0,0.10020078,2.0,0,0,5
619.7641,54.0,54.0,39904.39,1823.0,60.0,1007.35504,2180.9194,685.4222,6795.872,245.72046,1478.4583,7.171503,7.0,4,2,5
566.6177,54.0,54.0,7250.0,345.79114,60.0,265.7271,463.22922,506.59412,5302.813,77.0,731.9056,6.617819,4.0,3,0,5
109.0,79.0,95.0,324.2709,553.69995,66.0,421.2,0.0,0.0,9053.058,399.37527,0.0,0.33333334,2.0,0,0,5
428.68222,54.0,68.70078,7734.7524,525.0,125.0,678.1198,184.39217,313.8178,4371.8867,228.20279,1.0,1.0,2.0,0,0,5
204.0,54.0,54.0,253.61467,82.92232,64.0,161.7316,0.0,0.0,7213.004,82.0,0.0,0.6666667,2.0,0,0,5
146.16129,76.0,89.0,409.45044,326.15167,94.0,399.70776,0.0,0.0,7635.2285,267.00577,0.0,0.5,2.0,0,0,5
291.92163,54.0,54.0,5100.941,108.0,64.76014,394.16608,0.0,0.0,6505.0073,91.0,0.0,0.9487221,2.0,0,0,5
103.85372,54.0,54.0,1150.9156,1514.0,60.0,393.07352,526.9792,553.9905,187925.86,289.1807,0.0,0.5,2.0,0,2,5
74.875694,54.0,60.0,151.0,108.0,60.0,112.333336,0.0,0.0,68914.83,104.995316,0.0,0.5,2.0,0,0,5
95.0,54.0,54.0,155.0,179.26566,60.0,98.0,0.0,0.0,135326.17,81.0,0.0,0.5,2.0,0,3,5
287.0823,73.0,76.0,322.0,79.0,155.0,208.272,0.0,0.0,4099.905,76.0,0.0,0.6666667,2.0,0,0,5
68.333336,64.0,54.0,103.0,73.0,60.0,76.0,0.0,0.0,52888.418,73.0,0.0,0.5,2.0,0,0,5
139.0,80.0,72.62405,138.0,74.0,109.0,87.326,0.0,0.0,7207.775,74.0,0.0,0.5,2.0,0,0,5
243.24341,54.0,54.0,3882.935,110.0,60.0,316.5595,0.0,0.0,7197.491,90.0,0.0,1.0,2.0,0,0,5
209.0,54.0,54.0,168.75961,77.0,60.0,84.96374,0.0,0.0,9055.627,61.99897,8.0,1.2,2.0,0,0,5
338.09787,54.0,54.0,231.0,83.0,60.0,99.93234,0.0,0.0,7919.2656,69.45477,214.42262,1.3076923,3.0,0,2,5
365.875,54.0,60.0,9145.287,1292.0,64.0,1145.4242,500.33273,553.7292,5572.505,298.69095,1.0,1.0,2.0,0,0,5
143.94528,83.333336,69.0,120.0,89.0,101.81107,94.0,0.0,0.0,6676.9126,76.0,0.0,0.5,2.0,0,0,5
183.40402,72.0,89.17329,5353.838,525.0,133.4649,491.1122,0.0,0.0,5404.62,326.15295,0.0,0.5,2.0,0,0,5
595.3211,54.0,54.0,12605.17,1292.0,60.0,704.9426,675.1073,634.4543,5489.7427,115.4277,567.34283,2.2985246,4.0,0,0,5
151.0,62.30915,55.0,120.0,79.0,139.60078,91.0,0.0,0.0,5360.147,66.0,0.0,0.5,2.0,0,0,5
68.333336,54.0,60.0,155.4576,529.0,60.0,125.7713,0.0,0.0,139813.38,242.96745,0.0,0.4,2.0,0,0,5
444.58438,54.0,54.0,21670.111,1845.0,60.0,1239.8109,2694.9097,685.4222,13568.877,399.26147,607.6209,1.25,5.0,3,0,5
60.0,54.0,54.0,120.0,93.743324,60.0,86.333336,0.0,0.0,176167.7,89.0,0.0,0.27738896,2.0,0,0,5
68.333336,54.0,54.0,120.0,78.0,60.0,86.333336,0.0,0.0,258466.44,75.015305,0.0,0.5,2.0,0,2,5
60.0,54.0,69.0,139.0,355.32547,60.0,116.0,0.0,0.0,206295.22,216.10797,0.0,0.13202903,2.0,0,0,5
519.99677,54.0,54.0,9584.391,1192.4119,60.0,510.43994,529.56976,567.4351,5046.7065,161.09349,303.4034,1.25,3.0,0,0,5
61.359375,61.4,54.0,96.05167,74.0,60.0,74.0,0.0,0.0,116316.87,73.0,0.0,0.5,2.0,0,0,5
498.79443,54.0,54.0,7068.937,179.5294,94.0,383.1832,40.520565,56.475357,4077.343,89.0,107.43878,1.2319053,3.0,0,0,5
152.22989,61.166668,55.0,109.0,80.41603,124.05419,94.0,0.0,0.0,5709.8354,63.989788,0.0,0.5,2.0,0,0,5
151.0,54.0,54.0,6524.5415,1514.0,60.0,1084.8655,662.7496,624.74,105416.46,367.31458,0.0,0.5,2.0,0,0,5
239.13393,54.0,54.0,3268.0,525.0,60.0,142.3437,334.60934,364.1628,16666.838,82.0,243.56847,1.2195846,3.0,0,2,5
68.08303,54.0,55.0,137.0,91.0,60.0,106.333336,0.0,0.0,157541.14,91.0,0.0,0.33307505,2.0,0,0,5
138.03206,79.0,55.0,120.0,60.32174,95.603386,83.333336,0.0,0.0,10224.247,55.0,0.0,0.5,2.0,0,0,5
68.333336,82.0,94.38062,179.0,581.52875,60.0,291.2867,0.0,0.0,25804.14,399.4281,0.0,0.093576446,2.0,0,0,5
143.0,83.0,94.0,233.233,266.4914,133.47906,347.21603,0.0,0.0,6331.055,110.0,0.0,0.5,2.0,0,0,5
618.2623,54.0,54.0,21620.746,1806.0,60.0,678.02246,675.162,651.61475,3940.1018,268.68323,1098.573,5.1665373,6.035455,3,0,5
68.333336,82.95597,77.0,114.442085,80.0,60.0,89.0,0.0,0.0,18954.566,79.0,0.0,0.33333334,2.0,0,0,5
161.0,55.0,55.0,176.51947,76.807365,78.486275,108.17454,0.0,0.0,8089.9478,76.0,0.0,0.5,2.0,0,0,5
156.0,91.0,78.0,183.0,94.0,151.0,125.548416,0.0,0.0,4608.6807,91.0,0.0,0.5,2.0,0,0,5
130.57878,54.0,54.0,228.85193,525.0,60.0,288.47632,254.50919,265.3645,134141.33,110.313225,0.0,0.5,2.0,0,2,5
183.0,54.0,60.0,7307.7236,1823.3069,60.0,508.35376,433.1205,516.6251,7973.07,564.1769,8.0,0.5,5.0,0,0,5
137.0,66.0,72.19565,164.361,84.2453,60.0,107.92024,0.0,0.0,10724.151,81.0,0.0,0.5,2.0,0,0,5
164.0,54.0,54.0,206.25537,108.0,60.0,115.33026,0.0,0.0,13744.441,83.0,0.0,0.7557612,2.0,0,0,5
105.0,54.0,73.0,5139.609,1809.0,60.0,516.63794,409.8368,504.21368,34985.465,652.5768,0.0,0.5,3.0,0,0,5
636.60394,54.0,54.0,15198.254,1292.0,64.0,1025.5273,599.4231,615.48676,3477.6465,214.08807,550.43146,1.6829624,4.481173,0,0,5
110.60775,77.0,89.0,230.0,525.0,60.0,382.6427,0.0,0.0,10533.44,325.57748,0.0,0.5,2.0,0,0,5
690.79834,54.0,54.0,22203.27,1514.0,60.0,689.35223,1006.6495,685.4222,4591.8604,123.64747,1303.802,7.4727817,6.0,3,0,5
65.05301,56.666668,55.0,60.0,79.0,63.0,94.59262,0.0,0.0,15581.174,64.0,0.0,0.5,2.0,0,0,5
155.66245,54.0,54.0,161.0,76.0,63.796993,100.333336,0.0,0.0,8926.6875,76.0,0.0,0.5,2.0,0,0,5
85.0,77.0,79.0,155.0,106.0,60.0,115.0,0.0,0.0,19289.781,89.0,0.0,0.5,2.0,0,0,5
90.16301,56.666668,55.0,60.0,79.0,66.0,95.0,0.0,0.0,14475.015,60.0,0.0,0.33333334,2.0,0,0,5
60.0,60.0,70.0,60.0,73.0,60.0,88.68393,0.0,0.0,83134.26,73.0,0.0,0.14778548,2.0,0,0,5
183.0,78.0,77.0,198.0,79.0,143.0,114.31751,0.0,0.0,5323.154,77.0,0.0,0.5,2.0,0,0,5
151.0,61.166668,55.0,105.0,82.0,103.82705,95.0,0.0,0.0,6271.609,64.0,0.0,0.5,2.0,0,0,5
97.0,80.0,90.531784,198.0,258.5901,63.0,209.30182,0.0,0.0,10382.25,222.0483,0.0,0.5,2.0,0,0,5
129.50977,54.0,54.0,120.0,76.0,60.0,63.891304,0.0,0.0,11397.11,70.0,0.0,0.5,2.0,0,0,5
147.81453,54.0,54.0,180.09633,95.0,60.0,99.91156,0.0,0.0,36393.234,78.0,1.0,1.0,2.0,0,2,5
139.0,74.333336,69.0,120.0,82.0,105.0,91.0,0.0,0.0,6692.839,73.674736,0.0,0.5,2.0,0,0,5
294.03265,54.0,54.0,5183.159,90.88178,60.0,439.5155,122.03656,125.758255,9052.727,88.0,0.0,1.0,2.0,0,0,5
63.548656,61.166668,72.7836,94.0,78.0,60.0,89.0,0.0,0.0,25782.025,75.0,0.0,0.28648514,2.0,0,0,5
312.74472,54.0,54.0,1474.0199,1020.1227,60.0,100.0,345.14728,367.25888,17865.9,77.0,967.8843,4.6688213,5.0,3,3,5
653.80457,54.0,54.0,11817.332,1292.0,60.0,446.62686,651.1651,624.4557,4421.194,89.0,1191.1051,7.56157,5.0,3,0,5
68.333336,54.0,54.0,172.0,1292.0,54.0,137.93082,229.06372,218.66205,371550.53,209.98831,0.0,0.5,2.0,0,3,5
154.70012,54.0,54.0,6081.335,1756.1853,60.0,577.3531,675.01575,626.6276,115397.08,335.5,3.0,0.5,2.0,0,0,5
105.0,54.0,78.0,784.7633,1287.8041,60.0,450.0,4.765284,11.785113,27749.312,354.61755,0.0,0.5,2.0,0,0,5
68.333336,60.0,66.0,94.0,76.0,60.0,89.212395,0.0,0.0,17834.486,69.0,0.0,0.5,2.0,0,0,5
504.27274,54.0,54.0,8261.274,571.6103,96.0,508.44244,291.56406,472.33807,3975.2744,208.83896,55.67223,1.1818181,3.0,0,0,5
507.10373,54.0,54.0,11238.95,1815.0,60.0,484.96375,1207.3683,685.4222,10409.094,228.19568,1214.3673,5.1108994,6.0,4,3,5
61.359375,55.0,55.0,120.0,86.870575,60.0,94.333336,0.0,0.0,151815.45,84.0,0.0,0.275717,2.0,0,0,5
537.46045,54.0,54.0,6787.5776,624.0,60.0,136.41228,491.6364,515.93164,6633.362,79.0,1065.9384,6.6804123,5.0,3,2,5
72.76402,54.0,75.0,183.0,525.0,60.0,287.69485,0.0,0.0,92433.13,266.09988,0.0,0.3214726,2.0,0,0,5
500.1119,54.0,54.0,12134.289,1780.735,60.0,761.311,663.0904,633.7779,6067.4854,299.35715,542.7864,1.2666667,5.0,3,0,5
362.43488,54.0,54.0,5795.4473,95.0,60.0,395.5921,297.9793,328.24084,8831.187,81.62688,10.162796,1.1658307,2.0,0,0,5
637.0,54.0,54.0,22177.14,1298.7493,60.0,1211.0426,812.0297,662.3774,4835.8486,218.07788,567.41907,2.1404467,4.0,0,0,5
138.5634,54.0,79.0,4722.019,1292.0,60.0,513.9296,109.16088,187.62346,18801.342,400.69833,0.0,0.5,2.0,0,0,5
149.0,72.0,79.0,205.0,115.6449,79.28333,165.02533,0.0,0.0,7702.036,92.0,0.0,0.5,2.0,0,0,5
343.5228,54.0,77.0,6705.76,268.0,139.0,459.47058,0.0,0.0,4154.2383,213.8568,0.0,0.6666667,2.0,0,0,5
116.0,79.0,82.60626,179.0,105.35519,66.0,135.88147,0.0,0.0,10690.459,84.0,0.0,0.5,2.0,0,0,5
120.7629,54.0,54.0,154.0,525.0,60.0,83.333336,0.0,0.0,120613.28,77.0,20.0,1.0,3.0,0,3,5
401.4079,54.0,54.0,8421.3,1292.0,60.0,716.7355,593.4987,606.4731,7956.391,223.93764,104.612785,1.1428572,2.8675268,0,0,5
60.0,60.0,72.0,60.0,73.0,60.0,89.0,0.0,0.0,76142.99,73.0,0.0,0.1465097,2.0,0,0,5
94.18605,54.0,54.0,131.1639,82.0,60.0,79.333336,0.0,0.0,43816.52,75.019,0.0,0.5,2.0,0,2,5
177.13219,54.0,54.0,5232.661,1818.8212,54.0,260.16373,651.1651,617.2294,84952.16,226.53877,567.5608,1.2,6.0,3,3,5
707.91315,54.0,54.0,80272.68,1781.3638,60.0,1119.7882,1258.1418,685.4222,4503.159,228.5691,1322.7312,7.1694193,6.0,3,0,5
60.0,54.0,54.0,105.81123,92.0,60.0,85.63636,0.0,0.0,446063.38,84.0,0.0,0.16874234,2.0,0,3,5
68.333336,66.0,79.36285,165.75601,525.0,60.0,146.91968,0.0,0.0,43854.27,279.2549,0.0,0.16348426,2.0,0,0,5
138.74611,69.0,89.0,1704.9202,624.0,60.0,446.1421,0.0,0.0,9443.331,360.66666,0.0,0.5,2.0,0,0,5
286.58856,69.0,73.0,231.0,78.0,151.61504,126.0,0.0,0.0,4009.1213,77.0,0.0,0.75,2.0,0,0,5
66.0,55.0,54.0,120.0,81.0,60.0,90.333336,0.0,0.0,146310.73,80.0,0.0,0.39990944,2.0,0,0,5
374.99042,54.0,54.0,8993.296,1514.0,60.0,545.45013,548.6884,590.50836,6524.854,288.60376,231.36316,1.1547102,5.0,0,0,5
179.0,54.0,54.0,230.0,374.0,60.0,116.333336,139.19218,100.070305,34393.37,79.0,12.0,1.0769231,2.0,0,3,5
132.62366,54.0,60.0,226.0,272.06436,60.0,325.96762,0.0,0.0,23518.033,198.9026,0.0,0.5,2.0,0,0,5
154.18646,54.0,54.0,199.0,528.0,60.0,94.333336,107.87119,35.22456,91749.64,78.0,270.28592,1.1915737,4.0,3,3,5
544.6667,54.0,54.0,11176.932,1774.8202,60.0,482.1594,804.363,659.0866,7633.854,198.94615,1105.7216,5.185709,6.0,3,2,5
60.0,61.166668,69.0,90.0,73.0,60.0,83.0,0.0,0.0,81145.48,71.0,0.0,0.18520568,2.0,0,0,5
154.43869,91.0,75.0,154.20605,91.0,142.71193,102.333336,0.0,0.0,5147.8115,81.500374,0.0,0.5,2.0,0,0,5
110.70779,54.0,55.0,156.0,82.008095,60.0,108.333336,0.0,0.0,20309.186,80.0,0.0,0.5,2.0,0,0,5
332.01178,54.0,55.0,5470.628,411.55685,94.0,329.43036,0.0,0.0,4461.223,113.17462,4.0,1.0,3.0,0,0,5
394.99936,54.0,54.0,6910.038,144.41957,94.0,445.5146,84.34768,97.352036,4815.1494,95.0,4.0,1.0620602,2.0,0,0,5
226.0,88.159,78.0,303.79358,91.0,179.0,269.57294,0.0,0.0,2843.2732,89.0,0.0,0.5,2.0,0,0,5
343.44104,54.0,54.0,5582.5415,1292.0,60.0,151.71262,503.81567,525.25726,12003.069,86.79402,567.7462,1.3807038,5.0,3,3,5
68.333336,79.0,76.0,120.0,81.59397,60.0,86.333336,0.0,0.0,34573.703,79.0,0.0,0.33333334,2.0,0,0,5
77.944084,79.0,93.11981,205.0,528.0,60.0,384.32352,0.0,0.0,18937.5,388.20718,0.0,0.11068986,2.0,0,0,5
94.0,60.0,55.0,94.52564,73.0,81.46568,89.0,0.0,0.0,11453.882,57.890533,0.0,0.5,2.0,0,0,5
68.333336,54.0,54.0,161.0,1514.0,54.0,111.333336,129.1787,88.24263,359867.56,206.08574,0.0,0.5,2.0,0,3,5
99.96102,61.166668,55.0,108.0,73.0,97.912254,89.0,0.0,0.0,9814.614,64.0,0.0,0.5,2.0,0,0,5
61.359375,78.0,79.0,121.264946,112.659454,60.0,100.333336,0.0,0.0,87086.445,89.00806,0.0,0.11759044,2.0,0,0,5
78.58529,69.0,66.0,137.0,84.0,60.0,96.333336,0.0,0.0,31824.941,80.0,0.0,0.5,2.0,0,0,5
544.6667,54.0,54.0,7043.1006,525.0,60.0,212.19685,504.15405,526.07275,6709.294,78.0,948.5195,6.440305,5.0,3,2,5
198.96207,55.0,82.0,5152.3,495.0,112.232925,447.43863,0.0,0.0,5476.3115,263.7487,0.0,0.5,2.0,0,0,5
68.333336,77.0,74.705215,125.0,87.0,60.0,96.333336,0.0,0.0,36197.645,80.0,0.0,0.5,2.0,0,0,5
176.0664,54.0,54.0,303.8812,1301.6389,60.0,106.333336,321.1094,349.85413,37204.277,86.78218,492.10553,1.2222222,5.0,3,3,5
109.0,54.0,54.0,151.0,78.0,60.0,107.333336,0.0,0.0,41045.3,77.01529,0.0,0.5,2.0,0,0,5
183.0,54.0,54.0,5237.38,1514.0,60.0,373.5362,517.579,553.14417,25769.293,226.35715,71.35624,1.0,4.0,0,1,5
212.71608,54.0,54.0,205.0,79.0,60.0,100.333336,0.0,0.0,15551.542,69.0,7.0,1.1666666,2.0,0,2,5
540.0921,54.0,54.0,8481.064,1160.0,60.0,465.76663,564.39905,591.2059,6139.1616,95.094246,494.47452,1.3333334,4.0,0,0,5
197.0,60.0,79.0,1914.5869,113.06115,124.75938,402.08948,0.0,0.0,6561.317,89.0,0.0,0.5,2.0,0,0,5
103.0,66.0,60.0,118.857925,70.0,94.0,84.0,0.0,0.0,10272.109,66.0,0.0,0.5,2.0,0,0,5
267.3712,54.0,54.0,2027.5839,523.7513,60.0,118.0,197.3372,235.88908,14105.053,79.0,331.1223,1.2666667,3.0,0,3,5
72.5,61.420673,66.0,103.0,70.0,60.0,82.0,0.0,0.0,23494.05,69.0,0.0,0.5,2.0,0,0,5
146.0,89.77212,75.05611,153.91887,89.0,139.0,102.333336,0.0,0.0,5964.5493,81.0,0.0,0.5,2.0,0,0,5
243.00835,80.0,78.0,323.20874,85.0,166.85382,211.06789,0.0,0.0,2878.8435,84.08068,0.0,0.5,2.0,0,0,5
210.12024,54.0,54.0,1468.4436,86.77312,63.0,351.06268,0.0,0.0,8429.382,84.844666,0.0,0.6666667,2.0,0,0,5
68.333336,64.76238,54.0,101.32106,70.134155,60.0,75.0,0.0,0.0,75192.695,70.0,0.0,0.5,2.0,0,0,5
960.0242,54.0,54.0,501291.6,1514.0,60.0,1112.7935,1042.0594,685.4222,2685.0881,199.40967,1486.0259,7.881914,6.0,3,0,5
621.28894,54.0,54.0,21906.406,1514.0,60.0,1114.1469,981.9813,683.15955,5121.7026,225.89783,1005.78156,4.961901,5.0,3,0,5
100.0,54.0,54.0,205.0,525.0,60.0,232.94257,89.236626,24.81471,136993.33,114.32002,0.0,0.5,2.0,0,0,5
111.025764,79.0,76.0,138.40157,78.0,66.0,89.333336,0.0,0.0,9065.961,77.0,0.0,0.5,2.0,0,0,5
548.77563,54.0,54.0,9636.674,529.0,60.804127,485.2954,512.3756,558.05646,4388.6255,98.917076,358.69638,1.3333334,3.0,0,0,5
65.7708,66.0,60.0,99.16781,75.0,60.0,79.0,0.0,0.0,75901.73,73.0,0.0,0.3863382,2.0,0,0,5
143.0,60.0,54.0,115.77242,60.0,86.74431,76.0,0.0,0.0,7014.739,55.0,0.0,0.6666667,2.0,0,0,5
67.11932,54.0,54.0,130.02504,95.0,60.0,96.716866,0.0,0.0,178666.97,89.15814,0.0,0.5,2.0,0,0,5
141.42961,54.0,54.0,151.0,81.79438,60.0,87.42857,0.0,0.0,34575.684,73.0,0.0,0.874237,2.0,0,2,5
788.8129,54.0,54.0,144202.34,1514.0,60.0,1128.2476,1125.6039,685.4222,3923.708,159.93391,1319.197,7.6357346,5.0,3,0,5
141.0,54.0,54.0,205.0,495.0,60.0,126.0,123.69951,71.06476,114566.945,86.0,0.0,0.6666667,2.0,0,3,5
124.44105,54.0,54.0,149.15848,95.0,60.0,85.63636,0.0,0.0,47422.062,76.81121,0.0,0.7535593,2.0,0,3,5
146.0,83.0,65.608315,137.0,74.0,138.0,87.666664,0.0,0.0,6865.917,69.912025,0.0,0.5,2.0,0,0,5
155.25435,91.0,77.0,169.93314,91.0,148.65436,112.93958,0.0,0.0,4703.3965,87.0,0.0,0.5,2.0,0,0,5
197.0,54.0,54.0,10660.262,1892.4084,60.0,1183.5814,2222.4019,685.4222,47669.47,868.66785,493.09616,1.0,6.0,3,2,5
552.8678,54.0,54.0,12701.513,1794.4504,60.0,467.51932,1072.7222,685.4222,7668.0083,177.7026,1399.1471,7.0536356,6.0,4,3,5
183.57042,54.0,54.0,8792.564,1847.0,60.0,1176.436,757.35455,657.58777,24235.98,630.3624,17.0,0.6666667,4.263877,0,0,5
137.0,91.0,77.0,140.35585,91.0,100.0,97.529076,0.0,0.0,7032.4907,84.0,0.0,0.5,2.0,0,0,5
125.0,55.0,54.0,120.0,55.0,60.0,66.0,0.0,0.0,18817.076,55.0,0.0,0.5,2.0,0,0,5
68.333336,54.0,60.0,139.0,108.0,60.0,100.333336,0.0,0.0,92797.84,95.5,0.0,0.5,2.0,0,0,5
249.69383,54.0,54.0,4905.216,397.7061,60.0,317.633,70.71288,44.012314,7917.1934,90.333336,7.0,1.0,2.0,0,0,5
103.0,83.333336,76.0,120.0,85.0,92.73676,91.0,0.0,0.0,7744.323,79.0,0.0,0.5,2.0,0,0,5
143.0,54.0,54.0,137.50813,74.0,60.0,81.71855,0.0,0.0,10293.216,69.0,0.0,0.5,2.0,0,0,5
60.0,54.0,54.0,110.04777,80.0,60.0,86.333206,0.0,0.0,291656.28,79.0,0.0,0.5,2.0,0,1,5
206.0,54.0,54.0,5074.116,1160.0,60.0,350.48575,450.8033,492.9865,18826.893,111.08959,13.0,1.0,3.0,0,0,5
177.09882,54.0,54.0,143.0,73.0,60.0,66.50771,0.0,0.0,7121.2163,60.463913,0.0,1.0,2.0,0,0,5
397.5662,54.0,78.0,6749.2954,130.44444,154.0,448.60645,0.0,0.0,2780.8186,106.32054,0.0,1.0,2.0,0,0,5
365.65463,54.0,54.0,12201.059,1816.0,60.0,1179.2523,1725.7054,685.4222,15816.57,350.0,534.3325,1.2,5.0,3,0,5
365.875,54.0,62.166145,7188.603,301.73615,123.37977,460.03915,23.973944,25.02296,4418.0464,162.7256,0.0,1.0,2.0,0,0,5
359.10266,54.0,54.0,5854.0,525.0,60.0,319.7627,441.92844,488.0457,9418.01,84.90338,245.26663,1.25,3.0,0,0,5
464.48965,54.0,54.0,13689.806,1773.6044,60.0,1215.55,720.5089,657.21136,6796.833,350.0,309.0,1.1823721,4.0,0,0,5
363.04303,54.0,54.0,7655.003,1514.0,60.0,432.45044,675.12006,632.86206,15394.227,159.89267,581.6362,1.3162059,5.0,3,3,5
97.0,66.0,67.80191,151.0,81.05944,60.0,111.666664,0.0,0.0,24775.525,78.17951,0.0,0.5,2.0,0,0,5
95.0,54.0,54.0,426.97998,1824.773,54.0,273.18164,547.1411,566.95483,228500.08,328.65237,11.140241,0.5,5.0,0,3,5
432.25,54.0,64.0,5485.1694,95.0,149.0,279.07294,0.0,0.0,2441.3245,89.0,5.0,1.117647,3.0,0,0,5
141.0,89.0,84.84338,197.0,159.50084,137.0,141.20952,0.0,0.0,6318.387,92.28453,0.0,0.5,2.0,0,0,5
239.02823,54.0,54.0,8318.537,1844.8186,60.0,512.76276,995.67926,677.59863,24194.559,350.0,552.085,1.2,5.0,3,2,5
60.0,81.57322,89.0,139.0,495.0,60.0,112.666664,0.0,0.0,43909.73,277.06662,0.0,0.093571976,2.0,0,0,5
729.4711,54.0,54.0,241339.97,1536.5459,60.0,1220.0302,1888.5164,685.4222,4592.642,231.17827,1107.8081,6.4614606,5.0,3,0,5
68.333336,54.0,54.0,131.03769,110.0,60.0,88.333336,0.0,0.0,115381.82,89.0,0.0,0.5,2.0,0,0,5
60.0,81.0,79.0,120.0,90.0,60.0,87.97413,0.0,0.0,62938.44,82.0,0.0,0.11440156,2.0,0,0,5
174.70332,54.0,54.0,705.5433,525.4763,60.0,195.96158,25.701275,22.989227,16945.914,95.0,2.0,0.85714287,2.0,0,0,5
478.6453,54.0,54.0,22014.783,1782.5609,60.0,1261.472,2033.4093,685.4222,9554.577,365.0753,328.71176,1.1818181,3.0,0,0,5
68.333336,54.0,54.0,161.0,525.0,60.0,137.42607,16.5,0.0,333055.72,159.52065,0.0,0.5,2.0,0,2,5
105.39077,54.0,54.0,124.12131,77.0,60.0,75.94963,0.0,0.0,89888.27,66.0,0.0,0.6666667,2.0,0,3,5
1016.8935,54.0,54.0,968517.56,1806.584,60.0,1226.8484,2377.1477,685.4222,3704.9973,239.22752,1549.2233,7.9303627,6.0,4,0,5
183.0,54.0,54.0,198.0,78.0,66.095184,111.666664,0.0,0.0,7364.441,77.0,0.0,0.6664812,2.0,0,0,5
230.0,83.0,79.0,1413.0381,95.0,170.42523,328.97668,0.0,0.0,2924.651,91.0,0.0,0.5,2.0,0,0,5
89.274475,61.166668,66.0,95.55866,79.0,71.439766,91.88652,0.0,0.0,11441.658,71.0,0.0,0.5,2.0,0,0,5
424.70755,54.0,54.0,9049.756,525.0,64.0,1169.4119,527.5445,564.57263,6348.4116,233.04045,1.0,1.0,2.0,0,0,5
94.0,54.0,54.0,151.0,108.0,60.0,96.06945,0.0,0.0,54984.15,83.0,0.0,0.5,2.0,0,0,5
146.0,54.0,54.0,5469.7915,1814.9452,60.0,444.60242,619.2853,611.2085,106163.78,350.0,13.0,0.6666667,4.0,0,2,5
183.07318,69.0,59.75189,170.0,72.963486,131.8773,100.333336,0.0,0.0,6555.0894,70.39603,0.0,0.5,2.0,0,0,5
76.53102,54.0,54.0,126.03233,93.0,60.0,85.333336,0.0,0.0,218360.44,77.0,0.0,0.5,2.0,0,3,5
176.0,54.0,54.0,160.21829,77.0,66.0,88.0,0.0,0.0,6575.248,73.70525,0.0,0.75,2.0,0,0,5
554.4861,54.0,54.0,31882.371,1838.0,60.0,1173.4529,2455.4204,685.4222,7884.7017,300.3402,1179.504,4.96143,6.0,3,1,5
85.0,54.0,54.0,138.43646,81.0,60.0,95.826515,0.0,0.0,147793.03,77.0,0.0,0.5,2.0,0,2,5
143.0,73.0,86.0,303.64868,248.63156,66.0,395.22195,0.0,0.0,9083.006,167.09541,0.0,0.5,2.0,0,0,5
60.0,54.0,54.0,100.0,81.79276,60.0,79.333336,0.0,0.0,316983.97,80.0,0.0,0.14905147,2.0,0,0,5
303.5525,54.0,54.0,7763.071,1514.0,60.0,563.1023,512.44556,559.40173,7013.4937,345.3718,14.0,1.0,4.0,0,0,5
151.0,54.0,54.0,5751.8794,1292.0,60.0,724.0507,570.4152,588.9985,80321.41,304.36902,0.0,0.5,2.0,0,0,5
61.512527,83.333336,78.0,108.0,91.0,60.0,92.623146,0.0,0.0,18802.465,88.0,0.0,0.109317474,2.0,0,0,5
155.06746,89.0,71.0,153.05457,84.0,155.0,96.333336,0.0,0.0,4609.1377,77.0,0.0,0.5,2.0,0,0,5
151.38528,54.0,73.0,2860.8086,494.72397,60.0,454.12106,16.5,11.785113,16197.456,245.80629,0.0,0.5,2.0,0,0,5
654.7308,54.0,54.0,11816.215,1437.3733,60.0,424.74524,700.25635,651.20984,5260.8726,87.0,1450.9629,7.838798,6.0,3,2,5
317.27948,54.0,54.0,9638.151,1514.0,60.0,1181.0103,570.2328,596.1516,7677.542,400.0029,7.0,0.7536324,3.0,0,0,5
132.39026,61.166668,55.0,111.50728,69.0,127.3708,87.0,0.0,0.0,6810.4087,60.0,0.0,0.5,2.0,0,0,5
60.0,56.839478,73.0,60.0,79.0,60.0,91.0,0.0,0.0,111668.85,76.5,0.0,0.09114864,2.0,0,0,5
155.32063,89.0,69.0,146.0,81.0,155.0,94.0,0.0,0.0,4832.2607,73.67404,0.0,0.5,2.0,0,0,5
142.78828,81.0,76.0,160.74359,80.0,128.43086,109.02293,0.0,0.0,7225.9756,80.0,0.0,0.5,2.0,0,0,5
185.0,54.0,54.0,161.0,79.0,63.653458,83.333336,0.0,0.0,5323.868,73.0,0.0,1.0,2.7512977,0,0,5
230.0,91.0,73.0,226.0,93.917175,197.0,144.19969,0.0,0.0,2249.524,82.0,0.0,0.5,2.0,0,0,5
509.0067,54.0,54.0,11016.141,1514.0,60.0,628.19434,731.88055,656.00946,7681.5474,228.73958,583.0336,1.3333334,5.0,3,0,5
139.47115,54.0,54.0,5076.874,1514.0,60.0,504.19345,526.9792,558.2688,76038.055,344.66666,0.0,0.5,2.0,0,0,5
80.38371,54.0,54.0,139.0,81.0,60.0,100.0,0.0,0.0,116532.47,79.0,0.0,0.5,2.0,0,0,5
183.0,59.533634,54.0,172.0,72.0,105.0,108.18114,0.0,0.0,7736.0293,69.0,0.0,0.5,2.0,0,0,5
199.0,54.0,54.0,6094.526,986.8742,60.0,539.9475,550.2932,570.5613,25704.838,225.34836,0.0,0.6666667,2.0,0,0,5
137.0,54.0,54.0,149.0,77.0,60.0,96.333336,0.0,0.0,15796.565,76.0,0.0,0.5,2.0,0,0,5
103.0,63.0,75.0,170.22943,97.31185,60.0,121.93023,0.0,0.0,17566.555,91.64616,0.0,0.5,2.0,0,0,5
248.80107,60.0,60.0,205.20671,77.0,143.0,106.35795,0.0,0.0,4153.1387,76.0,0.0,1.0,2.0,0,0,5
85.0,54.0,54.0,699.41327,1773.0,60.0,440.78314,494.31757,515.423,196183.23,395.83994,0.0,0.5,2.0,0,0,5
142.72559,54.0,54.0,161.0,143.98334,60.0,86.333336,0.0,0.0,100876.97,75.0,15.0,1.0833334,3.0,0,3,5
656.36847,54.0,54.0,11779.016,1292.0,60.0,447.00372,663.0904,631.98535,4603.6235,88.06195,1251.6068,7.6728225,5.0,3,0,5
68.333336,64.0,74.0,108.0,78.0,60.0,81.59542,0.0,0.0,22516.316,77.0,0.0,0.5,2.0,0,0,5
404.44363,54.0,54.0,7695.775,1773.678,60.0,390.84204,675.1603,633.55383,12479.855,124.25468,1054.3812,3.0531077,6.0,3,3,5
198.32848,54.0,54.0,185.0,87.46164,60.0,88.333336,0.0,0.0,10532.547,73.0,12.0,1.1818181,3.0,0,1,5
68.333336,83.62905,79.0,116.37374,83.0,60.0,87.0,0.0,0.0,24879.064,79.0,0.0,0.19547616,2.0,0,0,5
197.0,54.0,54.0,3268.0,527.4634,60.0,290.3569,255.97046,305.43805,18813.693,91.62389,10.0,1.0,2.0,0,0,5
202.1588,54.0,54.0,12571.146,2020.0892,60.0,1223.297,2677.1252,685.4222,38357.816,1368.6062,534.02356,1.0,6.0,3,2,5
103.0,54.0,54.0,4699.6934,1782.0,60.0,512.74097,549.7325,571.97614,140919.48,456.4988,0.0,0.5,2.0,0,0,5
365.875,54.0,77.102684,7326.5967,525.0,139.55722,480.66205,0.0,11.785113,3319.4421,248.08029,0.0,1.0,3.0,0,0,5
199.0,54.0,54.0,197.0,110.0,60.0,84.333336,0.0,0.0,13458.858,73.0,328.5219,1.2819955,4.141166,0,3,5
773.4648,54.0,54.0,30868.334,1514.0,60.0,689.17444,675.01575,646.0351,2625.9343,130.44444,1130.1841,7.408247,6.0,3,0,5
229.0,54.0,54.0,230.0,89.0,63.0,111.666664,0.0,0.0,5707.897,79.0,0.0,1.0,2.0,0,0,5
143.0,89.82602,80.0,178.68312,111.41177,136.16652,123.34089,0.0,0.0,6210.047,92.0,0.0,0.5,2.0,0,0,5
362.3489,54.0,54.0,428.01837,82.0,106.16882,108.333336,0.0,0.0,3940.3594,77.0,8.0,1.1983947,3.0,0,0,5
146.0,89.0,76.0,161.0,89.0,146.0,111.56236,0.0,0.0,5953.632,82.0,0.0,0.5,2.0,0,0,5
199.0,54.0,54.0,199.03516,76.0,60.0,111.666664,0.0,0.0,10497.935,72.3745,0.0,1.0,2.0,0,0,5
155.0,54.0,54.0,143.0,79.0,60.0,66.0,0.0,0.0,15496.316,68.27443,1.0,1.0,2.0,0,2,5
230.0,55.0,79.0,5021.0,185.3759,139.0,414.8086,0.0,0.0,4581.2036,108.0,0.0,0.5,2.0,0,0,5
183.0,54.0,54.0,3268.0,1292.0,60.0,315.18777,505.1345,519.04144,34375.016,95.63632,19.0,1.0,3.0,0,2,5
237.27245,54.0,54.0,8453.76,1840.9255,60.0,605.93677,764.12024,657.6245,19187.158,369.8734,456.27203,1.1236234,5.0,3,0,5
147.68848,56.666668,54.0,60.0,80.0,80.0,95.0,0.0,0.0,6914.0337,55.0,0.0,0.5,2.0,0,0,5
304.56784,74.0,77.0,294.39392,79.0,156.0,134.44464,0.0,0.0,3304.4233,77.10516,0.0,0.74155617,2.0,0,0,5
153.66423,64.0,84.45945,2382.6086,495.0,66.0,447.8518,0.0,0.0,8283.579,276.6268,0.0,0.5,2.0,0,0,5
226.0,54.0,54.0,7656.0,1514.0,60.0,807.553,654.5191,624.88763,19145.121,330.97272,12.0,1.0,3.0,0,0,5
173.15485,66.0,54.0,151.0,66.0,103.0,95.115364,0.0,0.0,7769.1543,66.0,0.0,0.5,2.0,0,0,5
94.0,60.0,55.0,94.0,79.0,72.0,92.0,0.0,0.0,11361.842,66.0,0.0,0.5,2.0,0,0,5
60.0,61.166668,75.0,94.0,83.0,60.0,91.0,0.0,0.0,27926.996,78.0,0.0,0.11264703,2.0,0,0,5
610.6262,54.0,54.0,9802.462,398.6936,139.03224,501.74625,255.02748,426.85196,2416.3745,95.0,226.15866,1.3,3.0,0,0,5
77.947945,54.0,54.0,205.0,1794.8761,54.0,116.333336,464.67456,491.6966,342567.2,240.96544,9.0,0.5,4.0,0,3,5
85.0,61.166668,64.96449,103.0,73.0,75.23454,89.0,0.0,0.0,10704.941,66.0,0.0,0.5,2.0,0,0,5
155.0,61.35336,55.0,109.0,89.0,109.0,95.0,0.0,0.0,5500.0093,69.0,0.0,0.5,2.0,0,0,5
212.68239,76.0,72.169014,183.5078,75.0,149.0,100.333336,0.0,0.0,4304.187,74.0,0.0,0.6666667,2.0,0,0,5
204.0,54.0,54.0,9824.987,1870.6769,60.0,1176.0166,2095.036,685.4222,49357.83,511.25583,357.27197,1.0,5.0,3,2,5
60.0,54.0,54.0,120.0,84.22506,60.0,94.20233,0.0,0.0,302188.12,82.95069,0.0,0.33333334,2.0,0,0,5
138.0,54.0,54.0,205.0,215.27696,60.0,135.93703,0.0,0.0,49514.895,89.0,0.0,0.5,2.0,0,0,5
238.53038,54.0,54.0,7248.0063,1292.0,60.0,508.57898,512.1096,553.9875,10466.055,260.2941,8.0,1.0,3.0,0,0,5
60.0,83.07687,81.732025,100.0,94.0,60.0,91.0,0.0,0.0,53850.57,89.0,0.0,0.084366806,2.0,0,0,5
80.0,60.0,54.0,117.05316,72.0,60.0,76.55531,0.0,0.0,39140.723,69.919914,0.0,0.5,2.0,0,0,5
137.0,85.333336,73.0,121.97827,84.0,105.0,91.0,0.0,0.0,6808.522,77.0,0.0,0.5,2.0,0,0,5
97.0,54.0,54.0,183.0,618.9786,60.0,112.666664,0.0,0.0,116364.77,95.5,0.0,0.5,2.0,0,2,5
564.57776,54.0,54.0,13304.628,1292.0,60.0,1171.3007,655.23914,627.9702,4840.449,220.23222,348.26126,1.2791684,3.0,0,0,5
344.74323,54.0,79.0,5854.0,159.50085,151.0,406.43893,0.0,0.0,2860.638,110.0,0.0,0.75,2.0,0,0,5
183.0,54.0,54.0,6541.817,619.6928,60.0,1056.2708,549.7029,568.9168,25892.303,266.14124,0.0,0.5,2.0,0,0,5
197.0,83.0,83.0,1185.0604,143.52422,157.38098,384.26016,0.0,0.0,4272.35,91.0,0.0,0.5,2.0,0,0,5
60.0,60.0,73.0,90.0,79.0,60.0,91.0,0.0,0.0,27662.758,76.0,0.0,0.14837927,2.0,0,0,5
60.0,66.0,81.0,93.93081,91.0,60.0,91.0,0.0,0.0,116676.086,89.0,0.0,0.0,2.0,0,0,5
138.46281,54.0,60.0,7383.051,1845.0,60.0,1219.7668,654.5191,629.79095,47740.707,1385.4073,0.0,0.5,3.0,0,0,5
60.0,82.18552,79.0,104.91403,84.57699,60.0,89.0,0.0,0.0,35418.758,82.0,0.0,0.10985889,2.0,0,0,5
137.0,54.0,54.0,155.0,79.0,60.0,102.77701,0.0,0.0,16840.45,79.0,0.0,0.5,2.0,0,0,5
789.67914,54.0,54.0,25208.406,1303.2645,60.0,670.3797,726.57495,657.12775,3319.9302,95.0,1278.3833,7.708917,5.0,3,0,5
143.0,78.0,78.0,164.0,82.0,97.0,107.44067,0.0,0.0,7657.4736,78.641174,0.0,0.5,2.0,0,0,5
341.95105,54.0,54.0,804.4032,91.0,60.0,111.666664,79.6699,24.494898,10787.559,73.0,295.46786,1.3333334,3.0,0,2,5
146.0,82.0,79.0,184.0,90.974365,137.0,126.53363,0.0,0.0,6627.611,87.990456,0.0,0.5,2.0,0,0,5
342.54803,54.0,54.0,7202.0947,1294.0583,60.0,401.6608,545.89496,567.9124,10535.944,119.48632,355.5704,1.2222222,4.0,0,0,5
169.0,54.0,54.0,205.78854,110.0,60.0,111.333336,0.0,0.0,18338.17,79.21154,3.0,1.0,2.0,0,0,5
68.333336,54.0,73.0,151.0,495.0,60.0,121.945114,0.0,0.0,116355.94,227.01657,0.0,0.18263893,2.0,0,0,5
60.0,64.0,69.947105,94.0,81.0,60.0,79.0,0.0,0.0,215525.42,79.0,0.0,0.1009142,2.0,0,0,5
149.29646,78.0,89.0,229.90372,212.97443,105.0,297.53275,0.0,0.0,6907.3936,94.0,0.0,0.5,2.0,0,0,5
234.11673,54.0,54.0,25102.55,2097.0789,60.0,1263.9572,4738.608,687.0391,47163.01,1400.1421,574.77246,1.0817013,6.0,3,2,5
68.333336,70.134125,54.0,108.0,75.0,60.0,72.87941,0.0,0.0,56320.734,74.0,0.0,0.5,2.0,0,0,5
320.81995,54.0,54.0,4560.009,1199.7256,60.0,118.3137,483.97232,506.4523,15785.754,80.0,587.18585,1.6178128,5.0,3,3,5
366.03812,54.0,54.0,9929.3,1823.4637,60.0,512.7178,801.20233,659.10376,11285.304,299.3443,638.83575,1.2864311,6.0,3,2,5
365.875,54.0,54.0,7184.578,108.0,66.868034,509.22485,246.79253,315.917,6625.8203,95.0,0.0,1.0,2.0,0,0,5
161.30127,89.0,70.0,155.0,82.0,155.0,98.0,0.0,0.0,4558.9756,76.0,0.0,0.5,2.0,0,0,5
572.7133,54.0,54.0,9860.32,1292.0,60.0,447.17258,582.2813,601.86414,4823.928,95.0,950.6188,5.1232953,5.0,3,0,5
138.15546,54.0,54.0,3988.5544,1806.3507,60.0,394.04623,548.5375,570.78516,111091.22,328.71115,10.0,0.5,4.0,0,2,5
324.22266,54.0,54.0,5074.2065,93.0,60.0,358.78653,176.77142,220.9653,9818.422,81.0,5.0,1.0833334,2.0,0,0,5
60.913067,54.0,54.0,132.79108,524.0,54.0,96.333336,0.0,0.0,380091.22,90.0,0.0,0.5,2.0,0,3,5
149.0,56.666668,54.0,60.0,80.1952,80.0,95.0,0.0,0.0,6809.982,55.0,0.0,0.5,2.0,0,0,5
60.0,60.0,73.0,60.0,80.0,60.0,91.47592,0.0,0.0,50704.773,77.0,0.0,0.10018861,2.0,0,0,5
137.0,61.166668,55.0,95.0,89.0,73.556335,95.0,0.0,0.0,7956.332,70.0,0.0,0.5,2.0,0,0,5
176.0,91.0,69.0,156.00534,89.0,175.45851,100.0,0.0,0.0,3954.5098,76.0,0.0,0.5,2.0,0,0,5
111.876526,54.0,66.0,3268.0,1514.0,60.0,502.58597,308.05905,425.19095,43789.492,412.4824,0.0,0.5,2.0,0,0,5
143.0,61.166668,54.0,120.0,60.0,66.0,73.0,0.0,0.0,7768.396,55.0,0.0,0.6666667,2.0,0,0,5
183.0,54.0,54.0,170.0,80.0,60.0,87.42857,0.0,0.0,20268.674,69.0,11.0,1.1818181,2.0,0,3,5
60.0,66.0,73.0,120.0,374.0,60.0,89.06116,0.0,0.0,122483.234,150.09294,0.0,0.15186249,2.0,0,0,5
80.76592,54.0,54.0,132.84967,85.0,60.0,87.42857,0.0,0.0,189846.9,76.0,0.0,0.5,2.0,0,3,5
63.48229,73.0,55.0,108.0,78.0,60.0,84.61214,0.0,0.0,117254.99,78.0,0.0,0.33333334,2.0,0,0,5
80.0,54.0,75.0,179.0,525.0,60.0,136.5061,0.0,0.0,34465.875,241.52742,0.0,0.5,2.0,0,0,5
141.0,66.0,66.0,111.06896,89.0,89.046616,95.0,0.0,0.0,7084.225,74.593285,0.0,0.5,2.0,0,0,5
238.95924,54.0,54.0,320.1494,584.08246,60.0,94.462166,228.48135,246.26897,21355.656,76.0,697.8876,3.4475417,5.0,3,3,5
204.82324,54.0,54.0,156.0,77.0,60.0,70.10638,0.0,0.0,10516.642,56.201263,12.0,1.2251617,2.0,0,2,5
146.0,54.0,54.0,167.40901,76.0,60.0,115.8354,0.0,0.0,23915.84,76.0,0.0,0.5,2.0,0,0,5
237.95775,77.0,83.0,4259.9746,115.64787,155.0,441.838,0.0,0.0,4371.207,87.0,0.0,0.5,2.0,0,0,5
143.0,54.0,54.0,7241.8735,1819.0026,60.0,1150.9661,639.2398,617.9253,44622.156,661.9321,0.0,0.5,3.0,0,0,5
76.666664,78.0,88.0,169.0,264.4202,60.0,160.10663,0.0,0.0,23007.785,253.95293,0.0,0.16104633,2.0,0,0,5
267.23953,79.0,86.86771,5087.8623,164.68622,164.67538,447.2493,0.0,0.0,3352.1914,91.0,0.0,0.5,2.0,0,0,5
239.02924,54.0,54.0,5470.5996,525.0,60.0,404.4621,104.16535,110.8862,7713.8633,126.039665,1.0,1.0,2.0,0,0,5
85.0,54.0,54.0,185.0,525.0,60.0,203.27446,102.972496,25.0,220171.42,113.5402,0.0,0.5,2.0,0,2,5
159.24203,54.0,54.0,151.0,79.0,60.0,83.333336,0.0,0.0,25778.78,65.41717,4.8053684,1.0929319,2.0,0,3,5
94.0,54.0,54.0,120.0,75.0,60.0,76.814445,0.0,0.0,67244.36,69.0,0.0,0.5,2.0,0,0,5
137.0,91.0,79.0,155.0,95.0,103.0,111.666664,0.0,0.0,7000.026,91.64829,0.0,0.5,2.0,0,0,5
122.96379,54.0,54.0,176.0,267.19006,60.0,103.3956,0.0,0.0,79107.164,82.903824,0.0,0.5,2.0,0,2,5
365.875,54.0,54.0,6370.0,525.0,64.0,388.46643,25.455845,31.273111,4596.9814,113.3899,12.0,1.1211499,3.0,0,0,5
97.458015,54.0,54.0,138.0,89.0,60.0,83.333336,0.0,0.0,18593.926,79.0,0.0,0.5,2.0,0,0,5
226.7382,89.0,78.0,400.0,94.0,183.0,296.75766,0.0,0.0,2649.6365,91.0,0.0,0.5,2.0,0,0,5
603.01056,54.0,54.0,514460.88,1845.0,60.0,1246.3633,2850.7883,685.8111,6775.7437,362.9613,1125.4248,4.4157486,6.0,3,0,5
155.0,55.0,83.0,3268.0,524.0,64.0,467.5007,0.0,0.0,8833.737,293.6179,0.0,0.5,2.0,0,0,5
60.0,66.0,54.0,96.21054,78.0,60.0,69.66933,0.0,0.0,219125.0,78.0,0.0,0.15390885,2.0,0,0,5
544.6667,54.0,54.0,182907.75,1847.0,60.0,1257.3137,2701.86,685.4222,7741.433,448.3951,839.39197,1.3104168,5.0,3,0,5
94.0,54.0,54.0,205.0,525.0,60.0,377.40158,50.573463,14.313675,131228.22,226.42444,0.0,0.5,2.0,0,0,5
69.0,74.10423,60.0,108.0,74.15836,60.0,79.0,0.0,0.0,31534.484,73.0,0.0,0.5,2.0,0,0,5
60.0,54.0,54.0,120.0,268.0,54.0,88.333336,0.0,0.0,527910.9,87.0,0.0,0.5,2.0,0,3,5
238.0,54.0,60.0,254.42659,79.0,137.0,163.80261,0.0,0.0,5319.0386,77.64604,0.0,0.6666667,2.0,0,0,5
506.36157,54.0,54.0,13934.143,1815.769,60.0,920.3194,761.9132,658.5898,6626.969,333.9385,625.6633,1.3231217,6.0,3,0,5
166.48387,91.0,76.89726,198.0,91.0,161.13126,126.0,0.0,0.0,4262.564,86.93346,0.0,0.5,2.0,0,0,5
319.52094,54.0,54.060043,1823.4413,79.0,133.29019,314.8174,0.0,0.0,5468.5645,78.0,0.0,0.8333333,2.0,0,0,5
362.3073,54.0,54.0,7248.9614,1292.0,60.0,414.79642,539.0821,563.478,9314.263,115.18174,310.65735,1.2222222,4.0,0,0,5
420.35318,54.0,54.0,9951.022,1292.0,60.0,1210.7152,662.6032,627.2062,8385.637,248.36879,11.0,1.0,2.0,0,0,5
103.0,54.0,72.0,183.0,111.50725,60.0,168.3036,0.0,0.0,25327.588,92.34368,0.0,0.5,2.0,0,0,5
138.7982,55.0,54.0,146.0,74.0,60.0,97.417404,0.0,0.0,15514.026,73.0,0.0,0.5,2.0,0,0,5
212.54222,87.0,89.0,4216.9214,232.3819,170.1627,447.60468,0.0,0.0,3461.7593,95.0,0.0,0.5,2.0,0,0,5
155.9977,54.0,54.0,238.43147,525.0,60.0,135.84303,232.1349,243.23257,56555.855,87.0,7.330421,1.0,2.0,0,3,5
98.072754,60.0,54.0,99.49471,55.0,60.0,78.0,0.0,0.0,15540.056,55.0,0.0,0.5,2.0,0,0,5
73.62401,61.166668,55.0,96.0,62.49294,60.0,80.0,0.0,0.0,25639.205,60.0,0.0,0.5,2.0,0,0,5
172.07661,54.0,54.0,170.0,92.45776,60.0,84.33191,0.0,0.0,20236.86,72.06061,98.7547,1.2,3.0,0,3,5
60.0,54.0,54.0,120.0,525.0,54.0,87.666664,0.0,0.0,487681.47,95.0,0.0,0.5,2.0,0,3,5
209.6757,54.0,54.0,3988.2861,525.0,60.0,314.29987,390.88943,438.05768,19116.586,90.0,12.0,1.0279078,2.0,0,0,5
68.333336,69.0,79.0,155.0,329.21945,60.0,134.66771,0.0,0.0,56604.46,239.53046,0.0,0.1490074,2.0,0,0,5
161.17673,80.0,91.0,428.30338,229.93198,143.0,354.6003,0.0,0.0,5029.911,95.53072,0.0,0.5,2.0,0,0,5
97.0,78.0,76.0,144.89522,81.8592,60.0,102.333336,0.0,0.0,15731.232,78.0,0.0,0.5,2.0,0,0,5
321.05457,54.0,54.0,7642.3506,528.60345,60.0,1109.4067,562.28723,588.3315,10716.94,232.5542,0.0,0.8343689,2.0,0,0,5
179.99751,54.0,54.0,7134.705,1514.0,60.0,960.32153,523.394,559.1001,17753.703,360.66666,0.0,0.5,2.0,0,0,5
60.0,80.0,89.0,126.74044,528.0,60.0,111.666664,0.0,0.0,138623.52,338.36063,0.0,0.0,2.0,0,0,5
330.3446,54.0,54.0,7824.277,1292.0,60.0,907.8231,660.75397,624.8634,15368.844,230.49963,14.0,1.0,2.0,0,0,5
480.3891,54.0,54.0,6521.216,523.28265,60.0,280.19806,303.06042,383.41736,5962.7437,81.0,507.2611,1.4615225,4.0,0,0,5
496.076,54.0,54.0,7904.9146,525.0,64.0,508.4532,441.88345,507.53198,4602.642,129.34798,68.758484,1.2,3.0,0,0,5
163.86037,54.0,60.0,7489.216,1773.0,60.0,1219.6289,595.62177,611.3003,22640.348,521.6531,0.0,0.5,2.0,0,0,5
138.0,82.45157,70.0,120.0,89.0,94.0,94.0,0.0,0.0,7153.931,77.0,0.0,0.5,2.0,0,0,5
179.0,54.0,54.0,146.7312,73.0,60.0,81.93271,0.0,0.0,11334.307,57.854843,0.0,1.0,2.0,0,0,5
344.74518,54.0,54.0,6370.0,580.3561,60.0,394.11023,474.386,510.1208,8927.231,91.5144,190.61143,1.2,3.0,0,0,5
322.35782,54.0,54.0,427.44595,77.0,131.61874,163.08984,0.0,0.0,5184.908,77.0,0.0,1.0,2.0,0,0,5
149.72003,54.0,54.0,146.64764,76.0,60.0,88.0,0.0,0.0,13084.675,72.0,0.0,0.5,2.0,0,0,5
62.35684,61.47047,75.0,97.78851,82.64512,60.0,91.0,0.0,0.0,21628.43,78.0,0.0,0.14981069,2.0,0,0,5
196.28693,54.0,54.0,6174.208,1514.0,60.0,456.55453,582.1559,595.1297,28808.127,246.63007,12.0,1.0,3.0,0,0,5
69.0,87.0,92.0,157.0,289.2104,60.0,135.66667,0.0,0.0,17970.027,278.45447,0.0,0.11000933,2.0,0,0,5
206.0,54.0,54.0,400.0,524.0,60.0,114.17007,217.99501,237.18228,24771.016,79.0,231.38689,1.2058522,3.0,0,3,5
342.95975,54.0,54.0,303.7154,79.0,60.0,113.99914,0.0,0.0,6725.3413,72.96902,7.0,1.2,2.0,0,0,5
215.1824,54.0,60.0,253.77783,80.0,103.0,221.548,0.0,0.0,6637.796,79.0,0.0,0.6666667,2.0,0,0,5
80.0,54.0,69.0,199.0,525.0,60.0,325.85382,0.0,0.0,100056.99,245.62978,0.0,0.5,2.0,0,0,5
183.0,54.0,54.0,176.67314,79.0,60.0,94.27517,0.0,0.0,17991.023,69.0,1.0,1.0833334,2.0,0,2,5
143.0,61.4,55.0,120.0,75.0,142.63411,89.0,0.0,0.0,5649.176,64.17274,0.0,0.5,2.0,0,0,5
143.0,54.0,54.0,139.0,73.0,60.0,86.29583,0.0,0.0,27897.004,62.568638,0.0,0.6666667,2.0,0,0,5
499.31625,54.0,54.0,8580.178,1292.0,60.0,485.40234,620.5119,613.7187,7227.343,115.76321,521.8351,1.3077822,4.0,0,0,5
72.4915,54.0,60.0,188.17183,1191.8464,60.0,269.4961,0.0,0.0,117308.516,278.26233,0.0,0.5,2.0,0,0,5
303.6569,91.0,76.0,693.40234,94.0,197.84344,287.89777,0.0,0.0,1861.4918,88.0,0.0,0.5,2.0,0,0,5
60.0,91.0,93.66281,120.0,265.08307,60.0,100.333336,0.0,0.0,48856.79,136.66408,0.0,0.0,2.0,0,0,5
60.0,77.0,74.63746,120.0,90.333336,60.0,89.975426,0.0,0.0,136589.25,87.0,0.0,0.11106572,2.0,0,0,5
152.55766,86.333336,60.0,137.0,78.0,151.0,89.0,0.0,0.0,5443.7417,69.0,0.0,0.5,2.0,0,0,5
81.591415,87.34334,77.0,120.0,80.0,64.0,88.0,0.0,0.0,11537.742,79.0,0.0,0.5,2.0,0,0,5
90.39452,54.0,60.0,3268.0,1761.9641,60.0,575.5049,496.2047,525.73834,130882.41,511.45847,0.0,0.5,2.0,0,0,5
138.0,54.0,54.0,135.18462,72.0,60.0,85.333336,0.0,0.0,17028.342,67.94728,0.0,0.5,2.0,0,0,5
169.0,54.0,54.0,155.0,79.0,60.0,85.333336,0.0,0.0,15438.413,68.78449,1.0,1.0769231,2.0,0,2,5
146.0,79.0,87.0,206.0,146.91608,105.0,268.7364,0.0,0.0,7017.3096,89.0,0.0,0.5,2.0,0,0,5
327.9945,54.0,54.0,7735.4214,1292.0,60.0,718.0855,546.2569,574.84174,7986.575,267.05066,9.0,1.0,2.0,0,0,5
142.51646,54.0,54.0,311.53152,1514.0,60.0,132.0,478.06052,497.9781,116586.18,130.44444,118.92033,1.0,4.0,0,3,5
446.4567,54.0,66.0,5298.8887,83.0,155.0,327.818,0.0,0.0,2650.511,81.0,0.0,1.0625,2.0,0,0,5
60.0,56.666668,70.0,60.0,79.0,60.0,94.0,0.0,0.0,36718.26,73.52397,0.0,0.10934362,2.0,0,0,5
90.75612,54.0,54.0,138.69324,79.0,60.0,96.333336,0.0,0.0,78354.39,77.37879,0.0,0.5,2.0,0,0,5
60.0,61.166668,79.0,60.0,88.101265,58.16643,89.0,0.0,0.0,257365.56,81.0,0.0,0.0,2.0,0,0,5
544.0507,54.0,54.0,7249.311,110.0,73.951996,380.22748,118.12257,216.67995,4164.4116,83.0,226.61862,1.3,3.0,0,0,5
432.25,74.0,83.058624,6179.9204,98.03768,181.29733,448.64368,0.0,0.0,1950.1619,85.946495,0.0,0.75,2.0,0,0,5
505.33954,54.0,54.0,7299.6387,95.925896,94.0,447.4507,195.0326,297.34988,4599.8315,87.0,12.0,1.2,2.0,0,0,5
141.69824,54.0,54.0,4261.5044,1306.3599,60.0,467.2116,477.9885,508.6192,46771.176,314.8865,0.0,0.5,2.0,0,0,5
149.0,54.0,64.05827,5566.7974,1292.0,60.0,1026.207,491.20526,515.562,30971.791,351.5,0.0,0.5,2.0,0,0,5
85.0,81.0,71.0,120.0,73.925095,60.0,83.333336,0.0,0.0,16336.304,73.0,0.0,0.5,2.0,0,0,5
103.0,55.0,54.0,125.0,80.0,60.0,66.0,0.0,0.0,11578.109,76.82002,0.0,0.5,2.0,0,0,5
197.0,54.0,54.0,230.0,79.0,60.0,194.95245,0.0,0.0,15233.598,77.0,0.0,0.6666667,2.0,0,0,5
230.0,54.0,54.0,9802.485,1820.0,60.0,1188.7747,929.47,675.1682,21511.795,444.15976,136.0,1.0,4.0,0,0,5
68.333336,84.87531,80.0,120.0,90.0,60.0,91.38662,0.0,0.0,25973.791,82.0,0.0,0.15307932,2.0,0,0,5
72.26186,54.0,54.0,151.0,110.0,60.0,116.27877,0.0,0.0,261823.84,90.0,0.0,0.5,2.0,0,2,5
183.41064,54.0,54.0,174.64723,80.0,60.0,87.666664,0.0,0.0,17117.625,69.0,10.0,1.1818181,2.0,0,2,5
256.2022,54.0,54.0,6647.2896,524.0,60.0,512.8801,357.14825,468.13165,8927.447,197.1867,0.0,0.6666667,2.0,0,0,5
151.0,81.0,79.0,198.0,90.333336,137.45404,131.73364,0.0,0.0,6173.164,87.0,0.0,0.5,2.0,0,0,5
275.28586,54.0,70.0,2377.0327,81.01691,141.0,398.3064,0.0,0.0,5787.032,77.40036,0.0,0.5,2.0,0,0,5
60.0,60.0,84.0,179.86388,1292.0,60.0,351.75806,0.0,0.0,141149.03,443.4286,0.0,0.08974381,2.0,0,0,5
227.43834,54.0,54.0,196.56105,87.0,60.0,85.333336,0.0,0.0,7766.1025,70.0,134.42072,1.25,3.0,0,1,5
447.99884,54.0,54.0,3268.0,86.7172,93.406136,123.333336,0.0,0.0,4266.757,76.99358,89.215996,1.2666667,3.0,0,0,5
94.0,54.0,54.0,126.84899,76.0,60.0,88.0,0.0,0.0,56988.656,73.0,0.0,0.5,2.0,0,0,5
292.1364,79.0,76.0,322.0,80.0,167.58076,198.33371,0.0,0.0,2936.8596,80.0,0.0,0.5,2.0,0,0,5
68.333336,89.0,95.0,153.2013,267.25543,60.0,128.3763,0.0,0.0,16453.904,110.0,0.0,0.10468436,2.0,0,0,5
178.79735,66.0,80.0,578.78,177.22148,105.0,313.74078,0.0,0.0,5875.444,108.0,0.0,0.5,2.0,0,0,5
143.0,66.61446,91.0,5021.0,1160.0,63.942577,628.3995,0.0,0.0,9613.191,429.03647,0.0,0.5,2.0,0,0,5
239.46704,54.0,54.0,7201.308,1292.0,60.0,480.60413,549.1976,571.4456,14505.818,226.13626,12.0,1.0,3.0,0,0,5
143.0,60.0,54.0,138.0,69.0,60.0,87.666664,0.0,0.0,12357.678,69.0,0.0,0.5,2.0,0,0,5
239.3057,54.0,54.0,9803.0,1774.0,60.0,1236.0459,665.7722,633.588,11989.743,471.6264,5.0,0.6666667,3.0,0,0,5
96.0,54.0,54.0,2642.2727,1514.0,60.0,463.51663,510.69727,535.4474,142877.33,395.3072,0.0,0.5,2.0,0,0,5
227.6299,54.0,54.0,4936.749,1282.027,60.0,270.62796,217.57834,300.5135,10820.708,106.0,119.285255,1.1111112,4.0,0,0,5
76.56437,61.166668,73.0,105.0,74.0,60.0,85.0,0.0,0.0,13470.45,74.0,0.0,0.5,2.0,0,0,5
76.666664,54.0,54.0,157.0,495.0,60.0,116.0,0.0,0.0,201294.9,95.0,0.0,0.5,2.0,0,2,5
144.1343,54.0,54.0,157.0,89.0,60.0,88.0,0.0,0.0,49300.086,73.0,3.0,1.0,2.0,0,3,5
76.68054,54.0,54.0,120.0,76.0,60.0,83.24797,0.0,0.0,97671.83,73.0,0.0,0.5,2.0,0,0,5
740.7898,54.0,54.0,864904.9,1838.0,60.0,1243.3971,2830.3008,685.7739,4811.0435,309.90384,1459.1296,7.1849914,6.0,4,0,5
183.0,54.0,54.0,151.0,77.0,60.0,66.0,0.0,0.0,18160.809,55.0,11.0,1.2,2.0,0,3,5
154.723,54.0,66.0,319.47446,111.846664,60.0,396.96674,0.0,0.0,15603.611,91.0,0.0,0.5,2.0,0,0,5
155.0,54.0,70.421814,294.95367,115.79625,60.0,351.6183,0.0,0.0,12012.276,95.0,0.0,0.5,2.0,0,0,5
365.875,54.0,54.0,1690.8333,91.0,60.0,111.666664,102.479965,40.703865,9554.633,72.29673,361.7761,1.5506583,3.0,0,2,5
357.04532,54.0,54.0,1375.4043,94.76792,60.0,107.74831,96.23034,29.607908,10245.723,73.0,421.78067,1.4738235,3.0,0,3,5
196.76947,54.0,54.0,149.82376,77.0,60.0,61.166668,0.0,0.0,6797.9165,60.392006,7.0,1.1818181,3.0,0,0,5
242.10638,54.0,54.0,166.62907,79.0,60.0,61.166668,0.0,0.0,10725.757,55.0,418.421,2.9932966,3.0,0,3,5
209.36292,54.0,74.0,5460.6045,223.18329,85.294205,485.68555,0.5,11.785113,7224.867,179.20493,0.0,0.5,2.0,0,0,5
103.0,54.0,54.0,120.0,64.0,60.0,76.041626,0.0,0.0,55041.668,55.0,0.0,0.5,2.0,0,0,5
146.40584,86.156815,76.0,161.9748,84.0,142.46776,111.666664,0.0,0.0,6410.2524,81.0,0.0,0.5,2.0,0,0,5
143.0,54.0,54.0,208.23116,91.0,60.0,293.095,0.0,0.0,45201.566,88.47713,0.0,0.5,2.0,0,0,5
125.0,54.0,54.0,5384.1406,1775.9874,60.0,647.4507,539.33716,565.87256,77906.44,492.69232,0.0,0.5,2.0,0,0,5
142.7973,54.0,54.0,196.4725,131.74648,60.0,107.67323,0.0,0.0,75955.11,79.0,0.0,0.75,2.0,0,3,5
65.85549,78.0,74.0,120.0,84.0,60.0,86.89066,0.0,0.0,59310.008,79.0,0.0,0.20743181,2.0,0,0,5
68.35805,60.0,64.0,94.0,76.0,63.0,91.0,0.0,0.0,14822.146,69.0,0.0,0.5,2.0,0,0,5
210.5333,54.0,76.0,4903.648,149.42705,103.0,450.0,0.0,0.0,6702.8438,93.92327,0.0,0.5,2.0,0,0,5
161.06615,54.0,54.0,3268.0,528.0,60.0,427.0296,101.628815,100.47207,15225.623,236.74034,0.0,0.5,2.0,0,0,5
1251.6436,54.0,54.0,556089.44,1514.0,60.0,1084.4578,2020.7306,685.4222,3532.187,114.180725,1583.9069,8.589752,6.0,4,0,5
80.0,54.0,54.0,170.0,1514.0,54.0,101.58129,110.11304,46.134068,290613.7,115.76937,1.0,0.5,3.0,0,3,5
249.91342,54.0,54.0,8632.925,1808.3105,60.0,907.2755,822.46674,659.1081,22545.53,335.5,294.29575,1.0833334,4.0,0,0,5
158.19966,75.0,84.0,323.31915,209.61842,105.38845,346.24997,0.0,0.0,6694.0747,95.0,0.0,0.5,2.0,0,0,5
383.59494,54.0,54.0,7824.4717,1514.0,60.0,448.174,657.7435,626.09375,10725.776,207.46089,567.0759,1.2969176,5.0,3,2,5
196.10672,54.0,54.0,292.0,108.0,60.0,134.66667,0.0,0.0,16521.992,80.0,3.0,1.0,2.0,0,0,5
60.0,60.0,60.0,94.0,76.0,60.0,79.0,0.0,0.0,56790.32,75.0,0.0,0.5,2.0,0,0,5
103.0,61.166668,72.0,113.46766,78.0,95.0,89.0,0.0,0.0,7235.4917,73.0,0.0,0.5,2.0,0,0,5
130.1709,54.0,81.0,1925.615,988.13245,60.0,472.49908,0.0,3.661964,18208.523,360.66666,0.0,0.5,2.0,0,0,5
409.97415,54.0,54.0,10354.915,1783.0,60.0,694.59863,663.0904,633.72845,7627.524,313.91135,491.80154,1.2081639,5.0,3,0,5
65.67731,63.0,79.0,157.0,527.0,60.0,202.1148,0.0,0.0,117282.984,306.44498,0.0,0.10934555,2.0,0,0,5
185.0,54.0,54.0,461.7394,524.0,60.0,134.66667,217.48492,238.63535,25928.7,83.0,14.0,1.0833334,2.0,0,2,5
68.333336,60.0,55.0,90.0,77.0,63.0,91.0,0.0,0.0,17767.254,66.0,0.0,0.5,2.0,0,0,5
143.0,54.0,79.0,3268.0,1160.0,60.0,462.00284,0.0,11.785113,13861.032,347.40796,0.0,0.5,2.0,0,0,5
94.0,56.666668,55.0,89.20136,73.0,80.0,91.0,0.0,0.0,9780.091,55.0,0.0,0.5,2.0,0,0,5
501.0814,54.0,54.0,7305.269,1292.0,60.0,295.89853,527.269,559.6254,6910.901,86.99096,741.14935,4.426678,5.0,3,2,5
196.21317,54.0,54.0,2382.7756,524.0,60.0,287.43024,0.0,0.0,7431.115,130.44444,0.0,0.6666667,2.0,0,0,5
60.0,61.166668,77.0,82.76816,86.0,60.0,92.0,0.0,0.0,80312.34,81.0,0.0,0.08483852,2.0,0,0,5
459.28336,54.0,54.0,6907.413,1292.0,60.0,151.71306,568.89264,589.3207,10138.56,81.23659,1106.8192,6.434135,6.0,3,3,5
111.79546,79.0,80.0,157.0,89.0,66.0,111.666664,0.0,0.0,10150.518,80.0,0.0,0.5,2.0,0,0,5
320.73315,89.0,77.0,1725.6758,91.55162,196.56805,324.50922,0.0,0.0,1927.319,89.0,0.0,0.5,2.0,0,0,5
157.0,54.0,54.56575,9627.199,1835.8168,60.0,1265.794,999.0894,682.7245,47069.184,1370.1132,0.0,0.5,2.0,0,0,5
157.0,54.0,54.0,121.107285,69.76115,60.0,61.166668,0.0,0.0,7825.79,55.0,0.0,1.0,2.0,0,0,5
68.333336,77.60524,83.0,146.0,494.54715,60.0,113.666664,0.0,0.0,35493.51,249.11208,0.0,0.14256704,2.0,0,0,5
260.67203,82.0,82.0,4910.1113,146.93341,179.0,445.19885,0.0,0.0,2846.7751,91.21787,0.0,0.5,2.0,0,0,5
521.11444,54.0,54.0,11135.945,1514.0,60.0,678.8265,639.2398,618.6612,5482.5806,257.46634,533.31793,1.2824954,5.0,0,0,5
197.0,54.0,76.89262,4731.788,217.70541,94.0,447.33334,0.0,0.0,6935.818,111.763794,0.0,0.5,2.0,0,0,5
85.0,65.123344,54.0,120.0,74.0,60.0,66.0,0.0,0.0,22648.123,71.239105,0.0,0.5,2.0,0,0,5
862.7994,54.0,54.0,81839.76,1514.0,60.0,718.0994,1040.8353,685.4222,3552.3584,95.84512,1496.9681,8.206946,6.0,3,0,5
146.0,54.0,54.0,205.23186,514.0294,60.0,122.96873,124.51363,76.55648,97123.81,84.006256,1.0,0.8333333,2.0,0,3,5
208.53519,86.0,78.0,229.0,89.0,165.22308,144.33134,0.0,0.0,3472.4634,86.29811,0.0,0.5,2.0,0,0,5
110.746346,54.0,54.0,120.0,63.644276,60.0,77.87424,0.0,0.0,47162.363,55.0,0.0,0.5,2.0,0,0,5
196.91638,76.0,89.0,3236.4893,228.34181,143.0,390.60986,0.0,0.0,4547.4116,110.0,0.0,0.5,2.0,0,0,5
109.0,54.0,54.0,143.0,96.0,60.0,83.333336,0.0,0.0,37057.15,77.017845,0.0,0.6666667,2.0,0,2,5
155.0,54.0,54.0,226.0,87.0,60.0,287.22824,0.0,0.0,25886.04,84.02799,0.0,0.5,2.0,0,0,5
94.0,54.0,54.0,218.02405,1782.6824,54.0,130.58002,445.90482,484.72784,217759.53,245.62585,10.0,0.5,4.0,0,3,5
68.333336,61.166668,70.0,97.0,85.0,67.0,94.0,0.0,0.0,13456.497,76.0,0.0,0.30927357,2.0,0,0,5
603.0247,54.0,54.0,560124.5,1850.2437,60.0,1246.5931,2730.5798,685.4222,6144.6787,406.17245,1129.5651,3.8442328,6.0,3,0,5
593.7093,54.0,54.0,9825.866,525.0,103.11761,508.61395,445.09305,512.8039,2842.9495,111.51152,310.009,1.3186148,3.0,0,0,5
179.0,54.0,66.89052,7334.6313,1774.0,60.0,1062.4437,522.1776,563.3521,12668.028,496.15186,0.0,0.5,3.0,0,0,5
276.9996,54.0,54.0,4901.0,179.3235,60.0,323.01196,0.0,0.0,6707.197,90.75147,1.0,1.0,2.0,0,0,5
249.49033,54.0,54.0,9828.213,1773.0,60.0,1241.5326,819.21265,659.11115,19162.31,390.54828,10.0,0.8333333,2.0,0,0,5
119.8288,61.166668,54.0,120.0,79.0,60.0,63.0,0.0,0.0,8266.448,74.03467,0.0,0.5,2.0,0,0,5
94.0,66.0,72.0,148.51906,89.0,60.0,100.228775,0.0,0.0,18749.062,89.0,0.0,0.5,2.0,0,0,5
183.0,64.0,87.85739,5184.8525,374.0,111.08001,509.07678,0.0,0.0,6673.1475,278.90775,0.0,0.5,2.0,0,0,5
112.54361,57.0808,55.0,93.07268,81.06429,72.0,95.0,0.0,0.0,9735.109,66.0,0.0,0.5,2.0,0,0,5
149.0,91.0,73.0,143.0,89.0,136.56091,96.333336,0.0,0.0,5976.0156,79.0,0.0,0.5,2.0,0,0,5
132.3348,64.908936,55.0,120.0,77.0,110.1666,89.0,0.0,0.0,7462.6255,66.08184,0.0,0.5,2.0,0,0,5
152.41772,57.821957,55.0,94.0,86.0,93.146255,95.0,0.0,0.0,6378.552,59.777218,0.0,0.5,2.0,0,0,5
153.86227,56.666668,54.0,60.0,81.0,85.0,95.35017,0.0,0.0,6618.108,54.842636,0.0,0.5,2.0,0,0,5
226.0,54.0,72.0,7519.593,1514.0,60.0,1024.9204,464.4129,521.38586,7765.996,398.48688,0.0,0.5,2.0,0,0,5
637.0,54.0,54.0,76442.29,1514.0,60.0,1241.2487,1251.4703,685.4222,4907.274,265.14352,641.06085,2.9966884,5.0,3,0,5
68.333336,61.166668,68.37367,94.07243,69.62654,60.0,84.0,0.0,0.0,31113.615,69.0,0.0,0.5,2.0,0,0,5
347.8295,54.0,54.0,7465.934,1514.0,60.0,449.45474,651.1651,618.00977,13742.682,162.4888,488.2938,1.25,4.0,3,1,5
374.7901,54.0,54.0,6134.0977,523.7767,64.0,363.66092,16.783895,24.572945,4587.6294,95.0,12.0,1.1455786,3.0,0,0,5
179.85826,54.0,54.0,166.22015,78.0,60.0,89.666664,0.0,0.0,11890.448,69.658,0.0,1.0,2.0,0,0,5
66.0,61.166668,70.359825,94.0,79.0,60.0,91.0,0.0,0.0,20200.729,74.0,0.0,0.31136745,2.0,0,0,5
238.11006,54.0,54.0,205.0,82.56129,60.0,88.0,0.0,0.0,10921.38,66.02149,203.86456,1.2857143,3.0,0,3,5
226.0,54.0,54.0,174.62317,77.0,60.0,86.333336,0.0,0.0,14854.93,55.0,12.0,1.25,2.0,0,3,5
327.30103,54.0,54.0,4710.232,108.0,60.0,287.30893,162.70181,204.96169,9807.263,80.0,12.0,1.1818181,2.0,0,0,5
185.09605,54.0,54.0,161.0,78.0,60.0,85.333336,0.0,0.0,18819.396,59.701004,9.0,1.2,2.0,0,3,5
132.67438,88.0,95.0,227.4424,279.93088,132.0,354.50644,0.0,0.0,6811.68,110.0,0.0,0.5,2.0,0,0,5
110.743546,54.0,54.0,149.0,88.0,60.0,90.584656,0.0,0.0,99181.74,76.0,0.0,0.5,2.0,0,3,5
179.0,77.0,60.0,152.35068,70.0,138.0,88.0,0.0,0.0,5414.319,69.89195,0.0,0.5,2.0,0,0,5
144.67398,54.0,73.0,6101.437,1782.0,60.0,698.6303,460.02048,514.9615,18821.598,569.9106,0.0,0.5,2.1985765,0,0,5
155.60243,54.0,54.0,138.8862,69.0,60.0,84.399376,0.0,0.0,13310.1045,58.76303,0.0,0.6666667,2.0,0,0,5
116.56887,56.666668,54.0,60.0,79.0,71.2759,95.0,0.0,0.0,10298.528,55.0,0.0,0.5,2.0,0,0,5
137.0,54.0,54.0,120.0,55.0,60.0,61.166668,0.0,0.0,18725.123,55.0,0.0,0.5,2.0,0,0,5
174.5777,54.0,54.0,198.0,80.0,63.0,106.61606,0.0,0.0,7429.492,79.0,0.0,0.6666667,2.0,0,0,5
146.0,56.666668,54.0,94.0,79.0,94.0,95.0,0.0,0.0,6852.986,55.0,0.0,0.5,2.0,0,0,5
186.27052,54.0,60.0,7248.2964,1514.0,60.0,900.3924,501.29144,549.17615,12300.885,367.5212,0.0,0.5,2.0,0,0,5
97.69037,54.0,54.0,137.0,78.0,60.0,88.0,0.0,0.0,25647.453,76.5046,0.0,0.5,2.0,0,0,5
151.44176,54.0,54.0,151.0,78.0,60.0,87.42857,0.0,0.0,9554.764,73.17891,0.0,0.6666667,2.0,0,0,5
60.0,61.166668,78.0,60.0,89.0,60.0,94.0,0.0,0.0,88444.234,84.0,0.0,0.008589178,2.0,0,0,5
328.20984,54.0,54.0,1411.0592,110.0,60.0,112.666664,71.18372,24.620272,10254.213,76.0,305.84744,1.2988302,3.0,0,2,5
60.0,61.166668,79.0,94.0,89.0,60.0,92.0,0.0,0.0,50211.8,86.8,0.0,0.08501076,2.0,0,0,5
103.0,89.0,80.0,151.0,95.5,94.0,110.36161,0.0,0.0,8440.548,91.0,0.0,0.5,2.0,0,0,5
179.0,74.0,80.263145,319.00894,102.59955,133.0,325.60107,0.0,0.0,6224.932,85.11974,0.0,0.5,2.0,0,0,5
60.0,54.0,54.0,103.0,79.0,60.0,74.333336,0.0,0.0,266811.4,76.79669,0.0,0.5,2.0,0,2,5
230.0,54.0,69.0,7485.554,1514.0,60.0,702.35724,417.32388,511.35556,6914.483,367.72577,0.0,0.6666667,3.0,0,0,5
478.2035,54.0,54.0,7333.2383,1292.0,60.0,350.63092,570.34674,591.1668,7971.0137,87.0,632.1051,3.768889,5.0,3,2,5
60.0,54.0,54.0,120.0,110.0,54.0,89.666664,0.0,0.0,480781.56,87.0,0.0,0.39638564,2.0,0,3,5
461.41083,54.0,73.0,7725.0405,206.31798,147.4504,689.435,96.20785,161.74712,3539.0786,138.55733,0.0,1.0,2.0,0,0,5
592.7134,54.0,54.0,13142.987,1774.0,60.0,496.54105,1009.4829,684.8969,6719.4473,152.93999,1333.7733,7.063755,6.0,3,2,5
68.333336,76.0,73.0,123.23075,88.0,60.0,95.861404,0.0,0.0,40496.16,81.0,0.0,0.5,2.0,0,0,5
571.7645,54.0,54.0,9803.0,525.0,60.0,508.6263,583.02826,599.1615,5417.4717,90.0,534.1758,1.8732251,3.0,0,0,5
217.73604,91.0,71.0,199.0,89.0,183.0,114.333336,0.0,0.0,2651.93,78.0,0.0,0.5,2.0,0,0,5
60.0,54.0,54.0,151.0,1206.3873,60.0,132.0,0.0,0.0,364828.12,240.18396,0.0,0.33333334,2.0,0,2,5
92.4943,54.0,54.0,137.0,79.0,60.0,91.61897,0.0,0.0,152190.78,74.0,0.0,0.5,2.0,0,2,5
60.0,55.0,77.81459,146.0,624.26447,60.0,130.72408,0.0,0.0,176224.27,305.54312,0.0,0.10164449,2.0,0,0,5
428.24396,54.0,54.0,7224.348,611.80585,60.0,389.19333,539.7206,561.2768,8973.341,88.74093,483.1799,1.3096797,3.0,0,0,5
445.73016,54.0,64.0,8650.449,549.8774,110.38739,906.98975,321.40176,483.77048,4288.424,257.15234,4.0,1.0,2.0,0,0,5
161.0,76.37643,55.0,120.0,87.0,139.0,95.0,0.0,0.0,4823.408,69.0,0.0,0.5,2.0,0,0,5
151.0,66.0,54.0,146.0,78.0,64.0,84.45638,0.0,0.0,6843.6807,76.0,0.0,0.5,2.0,0,0,5
60.0,83.0,86.3006,119.03367,207.15721,60.0,93.73362,0.0,0.0,116382.42,108.0,0.0,0.083976425,2.0,0,0,5
151.0,54.0,54.0,138.14555,74.0,60.0,77.0,0.0,0.0,27851.307,56.269566,0.0,1.0,2.0,0,2,5
161.0,91.03284,70.0,151.0,89.0,152.25523,97.16328,0.0,0.0,4539.864,77.16939,0.0,0.5,2.0,0,0,5
179.84824,89.0,79.0,234.95117,115.76164,165.6886,296.99457,0.0,0.0,4030.969,95.0,0.0,0.5,2.0,0,0,5
161.0,54.0,54.0,5181.157,1514.0,60.0,421.17523,492.4059,518.80096,26107.586,267.4412,4.0,0.6666667,3.0,0,0,5
183.0,54.0,54.0,155.0,76.0,63.0,83.80399,0.0,0.0,6654.7603,69.0,0.0,1.0,2.0,0,0,5
238.0,87.0,79.0,1118.3508,91.0,180.45847,317.90152,0.0,0.0,2676.2173,91.0,0.0,0.5,2.0,0,0,5
199.0,78.0,79.0,303.7528,90.0,149.0,287.3726,0.0,0.0,4701.755,81.0,0.0,0.5,2.0,0,0,5
133.60326,54.0,54.0,205.0,525.0,60.0,135.5237,0.0,0.0,25266.545,128.90819,0.0,0.5,2.0,0,0,5
60.0,61.166668,79.760635,60.0,87.0,60.0,89.0,0.0,0.0,202654.83,80.0,0.0,0.0,2.0,0,0,5
73.69854,63.0,55.0,120.0,82.61582,60.0,85.63636,0.0,0.0,30254.205,80.995346,0.0,0.5,2.0,0,0,5
367.90445,54.0,54.0,7438.2944,302.57602,60.0,678.3877,492.1076,517.95337,7147.897,119.1003,1.0,1.0,2.0,0,0,5
80.0,54.0,54.0,160.89893,681.12225,54.0,102.65023,52.471004,11.785113,320073.94,90.0,0.0,0.5,2.0,0,3,5
342.282,54.0,54.0,5495.764,110.0,60.0,390.5687,185.66173,243.82614,7901.081,86.739845,8.0,1.1024489,2.0,0,0,5
151.0,54.0,78.0,350.73682,525.0,60.0,293.4228,0.0,0.0,7886.694,239.76901,0.0,0.5,2.0,0,0,5
154.83067,55.0,60.0,197.0,80.0,63.19942,131.92502,0.0,0.0,10504.964,78.0,0.0,0.5,2.0,0,0,5
131.0,73.0,89.0,607.74384,528.0,60.0,425.2643,0.0,0.0,10497.364,351.5,0.0,0.5,2.0,0,0,5
68.333336,86.35887,89.0,137.32324,119.585915,60.0,100.333336,0.0,0.0,18653.854,89.0,0.0,0.16330473,2.0,0,0,5
183.0,76.0,91.0,5438.6157,524.0,138.0,511.52597,0.0,0.0,5365.5015,335.5,0.0,0.5,2.0,0,0,5
169.0,91.0,69.0,154.0,89.0,161.8473,96.333336,0.0,0.0,3934.6829,76.77135,0.0,0.5,2.0,0,0,5
410.15985,54.0,54.0,5854.0,110.43855,60.0,315.15005,94.26569,78.2215,5659.825,83.42096,89.020226,1.2142857,3.0,0,0,5
179.0,87.58333,73.0,170.0,82.0,156.10287,102.333336,0.0,0.0,4410.639,77.0,0.0,0.5,2.0,0,0,5
143.0,54.0,54.0,141.69408,76.0,60.0,85.49477,0.0,0.0,10533.882,73.0,0.0,0.5,2.0,0,0,5
176.0,54.0,54.0,2449.8591,495.0,60.0,385.61478,182.29622,234.91365,22195.55,108.05782,0.0,0.6666667,2.0,0,0,5
105.0,76.0,70.0,140.07048,77.47605,60.0,96.333336,0.0,0.0,15567.933,76.0,0.0,0.5,2.0,0,0,5
183.41998,92.0,69.0,164.99582,91.0,183.0,100.333336,0.0,0.0,2857.1538,76.82178,0.0,0.5,2.0,0,0,5
206.30434,91.0,73.0,205.0,91.0,183.0,116.333336,0.0,0.0,2652.003,79.0,0.0,0.5,2.0,0,0,5
185.0,54.0,73.0,426.98962,110.30006,94.0,252.54279,0.0,0.0,5957.0083,108.0,0.0,0.5,2.0,0,0,5
977.841,54.0,54.0,49900.887,1306.9843,60.0,646.4013,786.9154,659.1026,2914.1108,91.0,1465.04,8.3351965,6.0,3,0,5
68.333336,54.0,73.0,151.0,524.88226,60.0,115.47247,0.0,0.0,98325.89,226.52557,0.0,0.3737402,2.0,0,0,5
60.0,61.166668,76.0,94.0,79.0,60.0,89.0,0.0,0.0,50141.984,79.0,0.0,0.10983201,2.0,0,0,5
231.0,54.0,54.0,7522.9575,1514.0,60.0,678.1452,663.0904,626.1886,21499.861,267.56674,20.0,1.0,3.0,0,0,5
291.89117,54.0,54.0,5232.2646,110.0,60.0,404.16006,254.69144,301.70474,10532.831,89.0,2.7964718,1.0,2.0,0,0,5
60.0,77.0,78.0,103.0,249.5107,60.0,88.0,0.0,0.0,333795.8,214.17824,0.0,0.0,2.0,0,0,5
431.3091,54.0,54.0,7646.2607,746.2317,60.0,464.9479,443.35446,508.39273,5487.167,179.06412,94.53623,1.1818181,3.0,0,0,5
157.0,54.0,54.0,320.22208,524.0,60.0,234.15894,168.47112,171.11107,35461.207,90.0,1.0,0.75,2.0,0,0,5
111.88213,54.0,54.0,229.0,659.9273,60.0,291.438,254.85806,286.7868,137250.11,159.52403,0.0,0.5,2.0,0,1,5
151.0,79.0,78.0,162.6636,80.0,126.31885,102.95049,0.0,0.0,6628.94,79.0,0.0,0.5,2.0,0,0,5
253.89267,54.0,54.0,5059.739,374.0,60.0,342.89487,112.75388,148.5784,9040.2705,90.0,7.0,1.0,2.0,0,0,5
176.48904,54.0,54.0,183.0256,84.0,60.0,97.24703,0.0,0.0,18310.936,74.0,1.0,1.0,2.0,0,1,5
138.88768,86.333336,72.0,125.0,85.0,109.14306,91.0,0.0,0.0,6731.585,77.0,0.0,0.5,2.0,0,0,5
111.754524,54.0,87.48352,3266.1318,1292.0,60.0,575.1917,16.5,24.494898,20299.094,442.49088,0.0,0.5,2.0,0,0,5
133.76599,88.873116,74.79095,125.35701,89.0,94.0,91.8166,0.0,0.0,7665.6357,79.49408,0.0,0.5,2.0,0,0,5
161.0,54.0,54.0,155.0,76.0,60.0,88.0,0.0,0.0,8187.7783,72.14005,0.0,0.6666667,2.0,0,0,5
430.23114,54.0,54.0,4584.2173,525.0,60.0,106.52257,384.71075,424.454,9822.755,75.0,1022.30804,6.441761,5.0,3,3,5
141.53096,61.166668,60.0,103.0,89.0,82.44382,95.0,0.0,0.0,7231.546,72.44325,0.0,0.5,2.0,0,0,5
226.0,54.0,54.0,21302.896,2059.6934,60.0,1262.9207,4219.505,687.0086,56842.52,1399.4465,538.34106,1.0,6.0,3,2,5
68.333336,54.0,54.0,120.0,79.0,60.0,87.66756,0.0,0.0,335834.9,76.35804,0.0,0.5,2.0,0,3,5
138.98875,54.0,74.0,463.48105,525.0,60.0,410.11734,0.0,0.0,18044.018,265.0796,0.0,0.5,2.0,0,0,5
60.0,54.0,54.0,120.0,525.0,54.0,105.54832,0.0,0.0,586694.94,146.97693,0.0,0.1095256,2.0,0,3,5
122.8583,60.0,55.0,95.00838,81.0,76.684105,95.0,0.0,0.0,9038.926,69.0,0.0,0.5,2.0,0,0,5
544.6667,54.0,54.0,8759.987,1514.0,60.0,394.12292,675.01575,632.032,7592.3174,90.0,1176.988,6.791548,6.0,3,3,5
110.47998,54.0,54.0,400.0,1292.0,60.0,388.84802,461.8365,491.13217,144065.97,242.29526,0.0,0.5,2.0,0,0,5
450.9486,54.0,54.0,5569.759,528.9876,60.0,119.13739,419.63593,483.11215,7768.809,78.0,965.4926,5.9489074,5.0,3,3,5
155.0,54.0,54.0,179.0,78.0,60.0,110.183846,0.0,0.0,10525.535,78.0,0.0,0.5,2.0,0,0,5
60.0,61.166668,75.0,94.0,77.0,60.0,89.0,0.0,0.0,34535.277,76.92562,0.0,0.16663134,2.0,0,0,5
343.52695,54.0,54.0,7701.6616,1292.0,60.0,572.0399,525.57404,562.6463,7372.146,257.44894,13.0,1.0,3.0,0,0,5
80.0,76.0,75.0,137.79623,88.0,60.0,96.333336,0.0,0.0,21529.729,82.39597,0.0,0.5,2.0,0,0,5
85.0,54.0,73.0,381.88086,1514.0,60.0,421.2,103.54755,110.87507,77229.8,446.64047,0.0,0.5,2.0,0,0,5
363.1833,54.0,54.0,10091.119,1431.1133,60.0,1231.3002,639.2398,618.3875,7785.531,329.7348,8.0,1.0,2.0,0,0,5
80.0,63.33585,75.0,160.41527,119.434525,60.0,134.66667,0.0,0.0,35923.06,92.0,0.0,0.5,2.0,0,0,5
66.0,54.0,54.0,120.0,86.77433,60.0,88.30828,0.0,0.0,134632.86,84.0,0.0,0.5,2.0,0,0,5
76.666664,54.0,73.0,238.98007,1779.1954,60.0,394.14926,40.475834,46.75927,89891.914,496.6171,0.0,0.5,2.0,0,0,5
564.4178,54.0,54.0,556466.8,1873.8629,60.0,1246.7461,3431.3716,686.6151,7735.948,426.4138,1315.1237,4.45035,7.0,4,0,5
99.737076,54.0,54.0,120.0,69.0,60.0,69.0,0.0,0.0,35320.613,60.0,0.0,0.5,2.0,0,0,5
153.91621,66.0,55.0,120.0,81.0,133.0,93.327896,0.0,0.0,5687.866,66.0,0.0,0.5,2.0,0,0,5
461.88107,54.0,54.0,14639.507,1820.0,60.0,1164.3386,1124.7236,685.4222,8066.1606,351.5,572.69574,1.2656922,5.0,3,0,5
354.37823,55.0,82.0,6566.5947,218.234,155.0,457.28085,0.0,0.0,2849.5046,110.0,0.0,0.6666667,2.0,0,0,5
138.0,54.0,54.0,180.2462,1292.0,54.0,85.63636,123.466255,72.0452,145076.81,79.0,482.6345,1.2,5.0,3,7,5
66.0,56.666668,55.0,60.0,82.0,60.0,95.0,0.0,0.0,17119.52,66.0,0.0,0.1520549,2.0,0,0,5
397.20657,54.0,54.0,7693.2114,1292.0,60.0,488.99258,452.71716,512.0897,5566.1016,226.02661,32.908497,1.1375136,3.0,0,0,5
109.0,54.0,54.0,2382.141,1304.2295,60.0,472.94077,394.69672,476.92706,93946.34,350.0,0.0,0.5,2.0,0,0,5
110.583084,54.0,54.0,205.0,1721.7773,54.0,100.230194,408.34283,438.09094,201994.8,95.5,306.33618,1.0,5.0,3,6,5
365.875,54.0,54.0,1958.2533,495.0,60.0,100.333336,91.54849,43.265427,7965.5166,75.0,613.1424,4.793365,5.0,3,3,5
393.93777,54.0,54.0,5547.0,81.90002,67.0,411.7469,80.73903,40.514896,6634.1255,79.0,0.0,1.0769231,2.0,0,0,5
227.06744,54.0,54.0,5881.475,525.0,60.0,454.90662,445.0694,494.13248,13453.019,164.12799,0.0,0.8333333,2.0,0,0,5
60.0,61.166668,79.0,60.0,88.43982,58.1174,89.0,0.0,0.0,259161.98,80.0,0.0,0.0,2.0,0,0,5
98.76604,54.0,54.0,120.15929,73.0,60.0,86.333336,0.0,0.0,44616.91,69.0,0.0,0.5,2.0,0,0,5
94.0,56.666668,55.0,60.0,84.262085,60.28558,95.0,0.0,0.0,13646.766,65.65836,0.0,0.1649632,2.0,0,0,5
169.0,54.0,54.0,229.0,495.0,60.0,113.948685,25.455845,11.785113,25637.078,81.929634,10.0,1.0,3.0,0,2,5
143.0,54.0,54.0,218.13547,525.0,60.0,131.48769,0.0,0.0,30909.498,93.87612,0.0,0.5955962,2.0,0,0,5
71.7942,87.0,80.0,121.248634,89.0,60.0,90.12119,0.0,0.0,16419.053,84.0,0.0,0.33333334,2.0,0,0,5
420.7559,54.0,54.0,7824.9355,1259.7104,60.0,511.78827,567.6183,591.3297,7735.9976,164.05296,205.30826,1.2,3.0,0,0,5
155.0,54.0,54.0,228.56859,1292.0,60.0,106.333336,237.9801,270.26974,63872.79,85.02774,226.89664,1.1428572,4.0,0,3,5
599.5545,54.0,54.0,8460.6875,495.0,109.0,445.3749,243.63571,373.40274,2648.9138,90.333336,353.2163,1.3829101,4.0,0,0,5
229.0,54.0,54.0,44532.023,2111.8953,60.0,1280.8088,5505.81,687.06085,56251.71,1420.1434,534.2541,1.0,5.4743285,3,1,5
99.1599,87.49434,75.0,129.52588,80.0,98.39484,89.0,0.0,0.0,8197.755,78.0,0.0,0.5,2.0,0,0,5
155.0,54.0,80.0,7236.0,1760.9811,60.0,1144.756,419.2819,511.80457,11847.434,653.82367,0.0,0.5,2.0,0,0,5
121.64501,63.570663,66.0,105.65882,83.0,80.14758,93.64373,0.0,0.0,9037.609,73.0,0.0,0.5,2.0,0,0,5
68.333336,60.0,60.0,88.6912,78.0,63.0,91.15182,0.0,0.0,18796.174,69.0,0.0,0.44721755,2.0,0,0,5
104.29372,54.0,54.0,120.0,72.22674,60.0,61.166668,0.0,0.0,21378.32,60.27178,0.0,0.5,2.0,0,0,5
198.21635,54.0,54.0,2361.6003,1292.0,60.0,131.18797,491.31305,508.6335,31752.43,88.02463,358.85144,1.2142857,4.0,3,3,5
154.0,54.0,66.0,7209.603,1811.3618,60.0,901.40625,523.0903,565.55005,18645.393,612.785,0.0,0.5,3.0,0,0,5
175.43077,54.0,54.0,149.6562,71.0,63.0,86.333336,0.0,0.0,7981.947,64.94802,0.0,0.8333333,2.0,0,0,5
61.30553,54.0,54.0,138.13756,525.0,54.0,103.19896,0.0,0.0,417224.97,91.250725,0.0,0.5,2.0,0,3,5
659.0768,54.0,54.0,914368.1,1848.2616,60.0,1249.9119,3471.5774,686.64197,5958.2544,350.0,1479.7561,7.0133343,7.0,4,0,5
94.0,66.0,89.0,240.04533,1009.63525,60.0,431.85092,0.0,0.0,21494.78,381.2377,0.0,0.30175358,2.0,0,0,5
386.50653,54.0,54.0,12558.934,1812.628,60.0,1180.1562,675.14734,650.81946,7003.929,420.92377,295.53983,1.1158698,5.0,0,0,5
132.77274,54.0,54.0,199.0,108.0,60.0,136.0,0.0,0.0,31799.826,90.333336,0.0,0.5,2.0,0,0,5
233.57225,54.0,54.0,321.3302,303.35217,60.0,103.148254,19.338816,11.785113,12420.004,77.0,299.06573,1.25,3.576954,0,2,5
151.87164,54.0,54.0,7008.413,1840.6111,60.0,530.4974,608.08075,613.8371,35267.848,504.47153,9.0,0.5,4.0,0,0,5
135.36058,54.0,54.0,425.5246,1514.0,54.0,235.93723,545.91614,559.03,188856.84,214.36255,19.0,0.8333333,3.0,0,3,5
60.863186,79.0,89.0,146.54605,525.0,60.0,124.063484,0.0,0.0,54491.68,304.14514,0.0,0.09635512,2.0,0,0,5
775.1054,54.0,54.0,551933.06,1773.2119,60.0,1219.3646,1330.514,685.4222,3675.9475,241.47011,1233.5562,7.134951,6.0,3,0,5
110.002045,61.166668,60.0,103.07939,79.0,87.05662,91.0,0.0,0.0,8926.872,69.0,0.0,0.5,2.0,0,0,5
149.0,54.0,54.0,174.66197,78.0,60.0,114.333336,0.0,0.0,18137.951,77.93305,0.0,0.5,2.0,0,0,5
97.0,79.0,88.0,176.02075,173.08015,63.0,138.9162,0.0,0.0,12056.766,89.0,0.0,0.5,2.0,0,0,5
90.0,54.0,54.0,130.83743,77.0,60.0,88.333336,0.0,0.0,80695.13,74.0,0.0,0.5,2.0,0,0,5
291.9757,54.0,54.0,7242.947,1514.0,60.0,447.33334,645.98083,615.8653,20866.658,174.0564,309.0,1.2,3.0,0,2,5
538.09784,54.0,54.0,5883.2695,524.0,60.0,118.24578,393.5499,468.76648,6683.9175,76.0,1043.6139,7.072199,5.0,3,3,5
238.0,77.0,80.0,1436.3793,90.05068,155.0,297.83984,0.0,0.0,3933.7,81.0,0.0,0.5,2.0,0,0,5
72.52657,54.0,54.0,166.80713,1160.0,54.0,116.333336,128.03267,62.848495,352134.4,111.4935,0.0,0.5,2.0,0,3,5
138.87277,54.0,75.0,7254.9614,1844.9691,60.0,1158.2345,549.12604,591.4752,24736.475,1397.6996,0.0,0.5,3.0,0,0,5
161.0,82.76029,55.0,121.7845,85.0,146.0,94.0,0.0,0.0,4595.4883,69.05299,0.0,0.5,2.0,0,0,5
155.0,79.0,83.0,226.0,112.396034,132.58432,289.79135,0.0,0.0,6756.187,87.0,0.0,0.5,2.0,0,0,5
183.13054,91.0,69.0,172.06575,89.0,179.0,106.36338,0.0,0.0,3691.8953,77.0,0.0,0.5,2.0,0,0,5
81.5966,54.0,73.74526,641.6648,1514.0,60.0,469.4399,170.84216,259.26407,100875.43,475.60608,0.0,0.5,2.0,0,0,5
60.0,60.0,69.0,87.45868,76.0,60.0,90.38336,0.0,0.0,29143.592,72.23812,0.0,0.2654736,2.0,0,0,5
137.0,54.0,74.40656,920.1877,495.0,60.0,453.8779,11.983184,11.785113,25537.326,265.33505,0.0,0.5,2.0,0,0,5
161.0,84.0,84.83392,236.06209,163.97336,149.87271,327.6487,0.0,0.0,5308.5664,91.0,0.0,0.5,2.0,0,0,5
68.333336,61.018482,66.0,94.0,73.0,60.0,89.0,0.0,0.0,21242.559,69.0,0.0,0.5,2.0,0,0,5
143.0,61.166668,55.0,105.0,85.0,94.0,95.0,0.0,0.0,6809.4517,69.0,0.0,0.5,2.0,0,0,5
96.0,83.333336,73.0,120.0,80.0,90.0,89.0,0.0,0.0,9086.574,77.0,0.0,0.5,2.0,0,0,5
312.89163,54.0,54.0,9824.645,1876.0,60.0,508.60782,2083.2283,685.4222,28553.676,355.33334,1084.379,1.3024921,7.0,4,3,5
150.24838,54.0,54.0,146.37872,78.67967,60.0,85.11452,0.0,0.0,34823.8,66.0,0.0,1.0,2.0,0,3,5
86.20121,61.166668,54.0,109.0,75.700516,60.0,63.0,0.0,0.0,19165.803,69.90091,0.0,0.5,2.0,0,0,5
109.0,61.166668,55.0,96.0,81.0,75.287155,94.44082,0.0,0.0,10144.759,69.0,0.0,0.5,2.0,0,0,5
80.0,77.18186,71.0,118.64721,73.0,60.0,80.0,0.0,0.0,19158.047,72.0,0.0,0.5,2.0,0,0,5
154.50612,54.0,54.0,170.94249,79.0,60.0,105.02324,0.0,0.0,9429.405,78.0,0.0,0.5,2.0,0,0,5
138.0,56.666668,55.0,94.69153,73.0,103.0,91.0,0.0,0.0,6701.677,55.0,0.0,0.5,2.0,0,0,5
398.45047,54.0,54.0,3130.8596,84.0,94.0,128.74968,0.0,0.0,4508.1333,77.0,11.0,1.2027974,2.0,0,0,5
229.0,78.0,91.0,5547.0,266.29755,155.0,468.09262,0.0,0.0,3933.8516,122.89405,0.0,0.5,2.0,0,0,5
204.89328,54.0,54.0,3268.0,1514.0,60.0,123.333336,329.6809,423.21887,18157.57,91.1645,461.7186,1.2210295,5.0,3,3,5
179.0,54.0,70.0,705.9802,525.0,60.0,151.32681,0.0,0.0,6358.8784,210.26277,0.0,0.5,3.0,0,0,5
164.02727,87.666664,66.0,139.0,89.0,154.0,93.246086,0.0,0.0,4328.304,73.0,0.0,0.5,2.0,0,0,5
248.01866,66.0,77.0,1300.2821,86.76598,149.0,279.52325,0.0,0.0,4371.6206,79.0,0.0,0.6561125,2.0,0,0,5
142.31238,73.0,73.0,161.0,80.0,65.0,107.24996,0.0,0.0,9476.458,78.0,0.0,0.5,2.0,0,0,5
223.1119,55.0,78.0,3268.0,106.0,132.667,415.14816,0.0,0.0,5869.703,88.87972,0.0,0.5,2.0,0,0,5
163.87524,77.0,73.0,170.62445,77.0,135.38365,108.333336,0.0,0.0,6681.8013,73.0,0.0,0.5,2.0,0,0,5
60.0,54.0,54.0,139.0,528.0,54.0,102.71838,0.0,0.0,405587.3,110.966286,0.0,0.5,2.0,0,3,5
166.57567,80.0,77.0,179.0,79.0,143.0,102.509674,0.0,0.0,4833.097,79.0,0.0,0.5,2.0,0,0,5
756.8007,54.0,54.0,58036.203,1514.0,60.0,1128.145,793.11224,660.5038,3556.9954,143.53583,1089.2173,7.0698285,5.0,3,0,5
516.1018,54.0,54.0,6969.9463,108.0,112.07348,372.4713,0.0,11.785113,3524.0493,86.71152,29.0,1.2307693,3.0,0,0,5
79.75971,77.0,79.0,148.19398,95.0,60.0,113.666664,0.0,0.0,27543.664,86.73089,0.0,0.5,2.0,0,0,5
137.14609,54.0,54.0,132.0,73.0,60.0,83.333336,0.0,0.0,21383.314,66.0,0.0,0.5,2.0,0,0,5
185.27412,54.0,54.0,216.0,117.89717,60.0,102.333336,0.0,0.0,18312.756,78.0,20.0,1.1538461,3.0,0,2,5
183.78787,54.0,54.0,172.0,75.0,64.0,97.29128,0.0,0.0,7290.427,72.57934,0.0,0.8,2.0,0,0,5
133.0,54.0,54.0,161.0,525.0,60.0,87.666664,0.0,0.0,134674.78,77.78694,20.0,1.0,3.0,0,3,5
511.93704,54.0,54.0,5854.0,524.0,60.0,120.06058,110.90999,151.60072,4935.3555,78.0,609.97345,5.1366863,5.0,3,0,5
155.0,63.0,70.0,184.73433,81.82799,66.0,116.0,0.0,0.0,7954.5103,79.0,0.0,0.5,2.0,0,0,5
89.02323,55.0,54.0,120.0,77.0,60.0,81.73915,0.0,0.0,24494.691,74.22174,0.0,0.5,2.0,0,0,5
143.0,85.63636,64.86007,131.0,79.0,139.92012,89.0,0.0,0.0,6643.8096,71.0,0.0,0.5,2.0,0,0,5
518.8934,54.0,54.0,7824.6836,624.0,60.0,447.51953,542.2504,567.8611,6205.489,91.0,466.6861,1.3333334,3.0,0,0,5
89.57315,54.0,54.0,4907.916,1815.902,60.0,635.3056,569.47174,591.2042,174278.4,622.74146,0.0,0.5,2.0,0,0,5
68.333336,64.0,60.0,120.0,82.0,60.0,96.333336,0.0,0.0,104529.2,79.0,0.0,0.5,2.0,0,0,5
137.0,64.0,66.0,108.0,88.0,85.0,95.0,0.0,0.0,7765.5938,73.0,0.0,0.5,2.0,0,0,5
146.0,54.0,54.0,6255.1206,1838.0,60.0,508.53772,709.4124,650.82697,134028.22,413.43265,14.0,0.6666667,4.0,0,2,5
407.61548,73.0,87.700745,6486.7007,160.8984,176.24918,447.29016,0.0,0.0,1913.56,92.0,0.0,0.71375924,2.0,0,0,5
146.0,54.0,60.0,239.36533,525.0,60.0,258.5161,0.0,0.0,13164.247,209.41237,0.0,0.5,2.0,0,0,5
80.72211,81.0,79.0,139.0,89.0,60.0,100.333336,0.0,0.0,17338.963,80.0,0.0,0.5,2.0,0,0,5
150.5094,56.666668,54.0,91.8815,81.0,89.244415,95.0,0.0,0.0,6730.8433,55.0,0.0,0.5,2.0,0,0,5
93.41274,61.166668,54.0,97.0,55.0,63.0,80.0,0.0,0.0,17546.852,55.0,0.0,0.5,2.0,0,0,5
548.8109,54.0,54.0,44800.56,1838.0,60.0,1212.7637,2106.2532,685.4222,7157.3403,339.34802,1065.1937,2.3375437,6.0,3,0,5
397.4009,69.0,82.0,6074.1504,111.40718,166.87117,448.76578,0.0,0.0,2518.2104,87.2631,0.0,0.6666667,2.0,0,0,5
146.35292,54.0,54.0,179.0,110.0,60.0,96.333336,0.0,0.0,83646.03,76.81768,9.0,1.0,2.0,0,3,5
285.6635,87.0,78.0,1461.5801,91.0,183.0,318.05713,0.0,0.0,2468.2693,90.0,0.0,0.5,2.0,0,0,5
155.0,79.0,76.0,170.0,79.0,137.0,111.666664,0.0,0.0,6661.8086,79.0,0.0,0.5,2.0,0,0,5
80.0,54.0,54.0,161.0,1292.0,54.0,97.98225,53.187954,11.785113,267971.06,94.0,3.0,0.5,3.0,0,3,5
137.0,83.333336,60.0,120.0,76.0,137.0,88.0,0.0,0.0,7217.724,69.0,0.0,0.5,2.0,0,0,5
128.46744,55.0,54.0,120.0,69.0,60.0,61.166668,0.0,0.0,13529.539,59.89859,0.0,0.5,2.0,0,0,5
80.0,54.0,54.0,161.0,495.0,60.0,114.333336,0.0,0.0,217430.69,90.974915,0.0,0.5,2.0,0,2,5
183.0,84.48144,71.0,176.0,80.0,156.0,106.333336,0.0,0.0,4506.162,76.7599,0.0,0.5,2.0,0,0,5
61.359375,66.0,75.0,99.0,79.0,60.0,89.0,0.0,0.0,29013.684,78.0,0.0,0.15758449,2.0,0,0,5
68.333336,87.0,94.27904,158.01894,524.61145,60.0,150.29428,0.0,0.0,21732.7,342.3038,0.0,0.097086936,2.0,0,0,5
141.0,54.0,78.0,5176.514,1292.0,60.0,706.2028,228.60936,323.145,21701.477,411.72382,0.0,0.5,2.0,0,0,5
331.26727,54.0,75.0,6614.7124,199.78146,132.75583,499.2059,0.0,11.785113,4725.0234,110.0,0.0,0.6666667,2.0,0,0,5
71.05844,54.0,54.0,108.0,74.0,60.0,66.0,0.0,0.0,127134.12,69.601166,0.0,0.5,2.0,0,0,5
60.0,54.0,54.0,108.66326,78.0,60.0,86.333336,0.0,0.0,274659.34,77.96868,0.0,0.5,2.0,0,0,5
155.0,54.0,54.0,154.48056,73.0,60.0,98.37499,0.0,0.0,16693.443,69.0,0.0,0.5,2.0,0,0,5
151.30295,66.0,79.0,229.0,115.62189,66.422264,294.41547,0.0,0.0,8849.243,90.496666,0.0,0.5,2.0,0,0,5
60.0,82.333336,80.0,103.0,90.333336,60.0,91.0,0.0,0.0,38274.453,89.0,0.0,0.08976423,2.0,0,0,5
741.412,54.0,54.0,152664.56,1514.0,60.0,1183.8888,1008.0542,685.4222,3828.071,229.45534,1102.7285,6.6493177,5.0,3,0,5
155.43304,91.0,70.0,145.6799,89.0,146.45358,95.63775,0.0,0.0,4832.2095,77.0,0.0,0.5,2.0,0,0,5
212.62294,54.0,54.0,230.0,87.0,60.0,115.81339,0.0,0.0,17760.1,75.01273,7.0,1.1141192,2.0,0,1,5
60.0,78.0,79.0,117.112366,206.56227,60.0,94.333336,0.0,0.0,197318.9,130.98053,0.0,0.086264774,2.0,0,0,5
153.83844,54.0,54.0,179.25453,78.0,60.0,116.02764,0.0,0.0,12300.247,77.0,0.0,0.5,2.0,0,0,5
83.02565,76.0,85.0,182.0,290.52094,60.0,202.24911,0.0,0.0,19819.545,249.47643,0.0,0.33333334,2.0,0,0,5
176.49635,54.0,54.0,143.0,70.28671,60.0,78.84723,0.0,0.0,10286.921,55.330074,0.0,1.0,2.0,0,0,5
68.333336,54.0,54.0,155.0,268.0,60.0,131.78452,0.0,0.0,235463.23,111.35431,0.0,0.5,2.0,0,0,5
198.98996,79.0,70.64449,169.0,73.0,151.0,96.333336,0.0,0.0,4421.8984,73.0,0.0,0.6666667,2.0,0,0,5
169.0,54.0,54.0,544.2425,1292.0,60.0,122.230545,359.68494,401.12152,35994.414,90.333336,218.0,1.1244041,4.0,0,3,5
184.0,54.0,54.0,199.0,101.21906,60.0,90.333336,0.0,0.0,14401.057,75.026596,44.950634,1.1846633,3.0,0,2,5
87.26923,62.788876,72.0,100.0,89.0,68.333336,94.35808,0.0,0.0,13102.597,77.0,0.0,0.16658457,2.0,0,0,5
173.54329,54.0,54.0,157.53357,77.0,60.0,88.68438,0.0,0.0,22633.416,63.99061,0.0,1.0,2.0,0,2,5
109.0,54.0,54.0,164.0,114.82628,60.0,100.333336,0.0,0.0,101432.04,81.0,0.0,0.5,2.0,0,2,5
521.11475,54.0,54.0,11076.897,1514.0,60.0,572.5147,639.2398,622.89307,5520.214,256.38794,563.30664,1.3108933,5.0,3,0,5
60.0,60.46818,80.0,60.0,89.0,58.017094,93.16399,0.0,0.0,176064.2,89.0,0.0,0.0,2.0,0,0,5
60.0,61.166668,74.0,91.11514,80.0,60.0,91.0,0.0,0.0,35926.277,77.962585,0.0,0.10949781,2.0,0,0,5
166.6611,54.0,54.0,206.0,139.0,60.0,111.25279,55.836857,11.785113,35316.676,78.0,11.0,1.0625,2.0,0,3,5
148.25867,77.0,55.0,120.0,79.0,137.75517,91.0,0.0,0.0,6416.7085,66.0,0.0,0.5,2.0,0,0,5
68.333336,76.860146,73.0,111.413445,78.0,60.0,79.0,0.0,0.0,27577.543,78.0,0.0,0.5,2.0,0,0,5
544.6667,54.0,54.0,7339.6987,110.0,122.65088,407.0095,63.044895,80.69605,3061.1348,88.97294,133.65387,1.25,3.0,0,0,5
166.45302,54.0,54.0,155.0,77.47513,60.0,86.432274,0.0,0.0,15763.633,66.32588,0.0,1.0,2.0,0,0,5
135.56615,82.0,95.0,1432.1747,527.0,105.0,456.70218,0.0,0.0,7330.0493,413.63596,0.0,0.33333334,2.0,0,0,5
98.929085,73.0,73.0,146.0,82.00036,60.0,100.333336,0.0,0.0,16231.055,79.0,0.0,0.5,2.0,0,0,5
163.98315,78.0,74.0,161.0,79.0,131.32861,88.333336,0.0,0.0,4585.0234,78.0,0.0,0.5,2.0,0,0,5
68.333336,69.0,66.0,120.0,86.769714,60.0,94.333336,0.0,0.0,99471.484,82.0,0.0,0.33333334,2.0,0,0,5
544.6667,54.0,54.0,9504.851,525.0,96.0,509.9123,415.72916,506.8748,3878.3262,119.72055,172.51091,1.25,3.0,0,0,5
80.0,87.666664,76.0,120.0,84.0,67.0,89.0,0.0,0.0,11949.687,80.0,0.0,0.5,2.0,0,0,5
169.0,54.0,60.0,3989.9417,523.46985,60.0,450.5483,54.515347,42.86014,12745.032,229.41339,0.0,0.5,2.0,0,0,5
72.5,54.0,54.0,138.0,268.0,60.0,88.333336,0.0,0.0,198395.12,82.009865,0.0,0.5,2.0,0,3,5
1134.132,54.0,54.0,812561.9,1782.0,60.0,1196.3932,2017.545,685.4222,2870.5173,225.27171,1544.0516,8.053002,6.0,4,0,5
60.0,54.0,54.0,96.0,106.83691,60.0,83.333336,0.0,0.0,399277.94,91.0,0.0,0.09008025,2.0,0,1,5
139.0,54.0,54.0,170.0,89.0,60.0,101.10647,0.0,0.0,18891.36,80.0,0.0,0.5,2.0,0,0,5
151.0,54.0,54.0,143.0,78.0,60.0,82.20075,0.0,0.0,31375.355,61.99454,0.0,1.0,2.0,0,3,5
355.78207,70.16184,83.0,5780.735,115.803474,161.0,415.26328,0.0,0.0,2615.8997,89.0,0.0,0.6666667,2.0,0,0,5
185.0,70.88794,73.0,205.0,78.854515,136.74167,116.333336,0.0,0.0,5698.244,77.0,0.0,0.5,2.0,0,0,5
137.0,88.422966,76.0,149.39714,83.255424,137.0,100.333336,0.0,0.0,6867.3296,79.0,0.0,0.5,2.0,0,0,5
135.18398,78.0,78.0,169.28358,86.8,67.0,121.67418,0.0,0.0,10545.893,79.0,0.0,0.5,2.0,0,0,5
94.0,54.0,54.0,151.0,525.0,54.0,88.0,0.0,0.0,223139.56,79.0,6.0,0.8,3.0,0,3,5
206.0,73.0,89.38183,5637.9824,495.0,143.0,484.09286,0.0,0.0,4550.568,293.88434,0.0,0.5,2.0,0,0,5
159.90874,54.0,54.0,178.21255,77.0,60.0,107.631256,0.0,0.0,12859.301,76.0,0.0,0.5,2.0,0,0,5
101.88377,76.0,77.0,155.0,88.92924,60.0,112.02863,0.0,0.0,15501.359,80.0,0.0,0.5,2.0,0,0,5
250.50098,54.0,54.0,5169.6587,525.0,60.0,325.8014,337.8239,415.1957,12242.264,90.0,20.11568,1.1428572,3.0,0,0,5
155.0,63.886635,55.0,161.0,76.0,83.33858,106.333336,0.0,0.0,9361.148,74.0,0.0,0.5,2.0,0,0,5
319.71136,54.0,73.0,6645.971,523.1799,99.34467,464.86725,18.318245,25.0,5017.0664,224.43993,0.0,0.6666667,2.0,0,0,5
151.0,91.0,72.0,138.62575,89.0,136.27303,91.96652,0.0,0.0,5652.7207,78.0,0.0,0.5,2.0,0,0,5
126.56047,91.0,75.0,132.07979,89.0,94.0,92.16312,0.0,0.0,7886.7607,80.0,0.0,0.5,2.0,0,0,5
458.02808,54.0,54.0,13459.423,1842.598,60.0,929.9236,1884.6381,685.4222,10750.339,326.9059,1024.3708,1.3821603,6.0,3,2,5
401.66412,54.0,78.0,7319.9136,374.0,148.49933,500.7633,0.0,11.785113,2927.6094,224.51993,0.0,1.0,2.0,0,0,5
353.77,69.0,81.4369,5854.0,99.92163,161.0,454.7706,0.0,0.0,3436.6802,82.194756,0.0,0.5,2.0,0,0,5
156.0,89.0,82.65427,226.0,178.32404,155.72769,290.38153,0.0,0.0,4580.577,95.0,0.0,0.5,2.0,0,0,5
131.76917,60.0,55.0,94.0,83.0,73.942024,95.0,0.0,0.0,8703.0205,66.0,0.0,0.5,2.0,0,0,5
483.53894,54.0,54.0,6681.419,691.0867,60.0,170.63573,510.5869,534.38226,7625.878,79.0,946.14404,5.41867,5.0,3,3,5
568.6999,54.0,54.0,9825.2705,526.7175,60.0,513.8209,620.0679,612.1369,5668.424,90.0,534.21826,1.7934294,3.0,0,0,5
137.0,78.0,91.0,400.0,524.0,85.0,414.86435,0.0,0.0,8233.159,328.67685,0.0,0.5,2.0,0,0,5
183.30331,89.0,71.0,182.0,84.0,161.0,111.666664,0.0,0.0,4287.189,77.19625,0.0,0.5,2.0,0,0,5
60.0,81.0,89.0,136.32188,268.0,60.0,111.666664,0.0,0.0,82213.08,261.10706,0.0,0.08676574,2.0,0,0,5
450.0099,54.0,54.0,5475.907,494.0,60.0,134.66667,376.2333,434.22342,7774.943,77.0,567.58624,3.8256905,4.0,3,2,5
230.0,54.0,54.0,230.0,79.0,60.0,118.31455,0.0,0.0,8927.438,75.0,0.0,1.0,2.0,0,0,5
60.0,54.0,54.0,154.0,1181.4908,60.0,256.83484,0.0,0.0,372286.5,293.86148,0.0,0.10459066,2.0,0,0,5
413.96494,54.0,55.0,5393.724,89.0,139.0,325.65118,0.0,0.0,3698.4573,85.56326,1.0,1.0769231,2.0,0,0,5
600.0919,54.0,54.0,577803.7,1861.0165,60.0,1254.4175,3230.4521,686.46606,7140.301,395.8959,1219.1395,4.511843,6.0,3,0,5
520.27466,54.0,54.0,7249.4497,525.0,60.0,329.3663,495.85205,520.75275,6628.3354,81.0,551.02466,2.6783576,4.0,0,0,5
88.420616,54.0,54.0,183.0,374.0,60.0,154.58232,24.562214,0.0,191422.16,95.0,0.0,0.5,2.0,0,0,5
179.0,54.0,54.0,205.0,78.0,64.0,126.0,0.0,0.0,8976.337,78.0,0.0,0.5,2.0,0,0,5
60.0,60.0,73.0,60.0,79.0,60.0,91.0,0.0,0.0,57293.46,77.0,0.0,0.101175226,2.0,0,0,5
740.9682,54.0,54.0,54952.92,1535.8805,60.0,938.5356,1001.96216,685.4222,4055.6462,210.16664,1327.5234,7.431039,6.0,3,0,5
91.93439,55.0,54.0,108.0,66.0,60.0,61.166668,0.0,0.0,29624.654,60.0,0.0,0.5,2.0,0,0,5
67.10588,54.0,54.0,183.0,1514.0,60.0,291.6982,208.23595,216.9074,359841.94,295.44226,0.0,0.5,2.0,0,2,5
60.0,54.0,54.0,133.0,625.0522,60.0,100.333336,0.0,0.0,369001.84,174.71063,0.0,0.5,2.0,0,3,5
95.0,64.0,54.0,113.30151,67.98218,60.0,72.0,0.0,0.0,19946.057,65.05206,0.0,0.5,2.0,0,0,5
159.19254,54.0,54.0,163.20587,78.0,60.0,96.333336,0.0,0.0,18067.758,73.0,0.0,0.85714287,2.0,0,0,5
79.39419,54.0,54.0,219.34749,1793.0548,54.0,222.51418,510.33923,520.0411,338050.53,290.84976,1.0,0.5,3.0,0,3,5
77.94623,76.407585,73.0,120.0,79.0,60.0,79.0,0.0,0.0,15425.503,79.0,0.0,0.5,2.0,0,0,5
89.650734,75.0,79.0,160.78575,131.63492,60.0,114.052734,0.0,0.0,16569.305,104.85066,0.0,0.5,2.0,0,0,5
346.18198,54.0,54.0,230.0,80.0,60.0,98.0,0.0,0.0,8291.534,66.0,241.68002,1.3613566,2.0,0,2,5
394.79636,54.0,54.0,5854.0,391.01263,60.0,293.47318,317.5316,371.5587,7713.477,81.13878,267.87137,1.2727273,3.0,0,0,5
205.8237,54.0,54.0,5236.623,1514.0,60.0,301.72797,491.18747,515.9615,18088.922,177.91089,217.74622,1.1111112,4.0,0,1,5
291.9412,54.0,54.0,230.0,78.0,99.0,114.14706,0.0,0.0,5306.965,76.0,0.0,1.0,2.0,0,0,5
151.0,85.63636,69.001434,136.24538,84.0,139.0,91.0,0.0,0.0,5400.1724,75.0,0.0,0.5,2.0,0,0,5
152.17058,54.0,54.0,138.0,66.0,60.0,86.333336,0.0,0.0,21564.152,55.0,0.0,0.6666667,2.0,0,0,5
455.63632,54.0,54.0,6115.5225,495.0,60.0,284.47495,242.24257,312.1587,6141.552,82.0,357.90588,1.3333334,3.0,0,0,5
80.81912,54.0,54.0,147.24501,524.0,60.0,90.23284,0.0,0.0,98582.25,89.0,0.0,0.5,2.0,0,2,5
146.0,55.0,54.0,143.0,69.0,60.0,96.333336,0.0,0.0,15001.387,69.0,0.0,0.5,2.0,0,0,5
198.95447,54.0,78.87722,5077.4624,301.66888,96.0,450.0,0.0,0.0,6664.0396,236.24577,0.0,0.5,2.0,0,0,5
218.91978,54.0,54.0,419.21906,81.0,64.0,288.27673,0.0,0.0,7905.489,80.0,0.0,0.6666667,2.0,0,0,5
587.2992,54.0,55.0,7964.303,216.94873,155.0,445.26892,0.0,12.039627,1454.523,95.0,105.07833,1.25,3.0,0,0,5
424.21805,54.0,54.0,5021.0,523.18353,60.0,115.92923,270.1304,312.05737,7962.998,77.0,592.83246,4.496414,5.0,3,3,5
63.53054,54.0,54.0,163.0772,1199.8552,60.0,255.09727,24.686499,8.485281,352071.6,265.07877,0.0,0.3207574,2.0,0,0,5
60.0,54.0,54.0,138.0,525.6649,54.0,111.666664,0.0,0.0,478389.94,132.85149,0.0,0.4,2.0,0,3,5
493.0939,54.0,73.0,7438.644,95.0,155.0,647.0858,25.455845,27.963705,3526.4993,88.476295,0.0,1.0,2.0,0,0,5
328.30478,54.0,54.0,9824.66,1299.3983,60.0,1245.2563,675.18066,634.4731,11875.237,333.6904,1.0,0.75,2.0,0,0,5
155.0,54.0,60.0,226.0,91.6578,60.0,198.56212,0.0,0.0,10689.8545,91.0,0.0,0.5,2.0,0,0,5
478.20215,54.0,54.0,11982.783,1783.0,60.0,743.433,620.9822,621.00934,5319.0566,335.5,517.17377,1.239191,5.0,3,0,5
241.67853,54.0,54.0,722.33765,351.07095,60.0,112.61908,168.75937,162.43173,17078.96,77.0,309.0,1.2699392,3.0,0,3,5
210.64044,88.0,79.0,676.56146,95.5,172.3686,342.21454,0.0,0.0,3444.6382,91.066216,0.0,0.5,2.0,0,0,5
204.0,54.0,54.0,6736.399,1538.386,60.0,444.70438,639.6108,614.6181,29869.855,240.4,225.61726,1.0769231,4.0,0,2,5
155.0,91.0,73.3099,155.0,91.0,147.1559,102.519066,0.0,0.0,4838.1094,80.0,0.0,0.5,2.0,0,0,5
150.37706,54.0,66.0,4762.9595,1292.0,60.0,470.9926,165.18811,263.8758,18863.332,328.6864,0.0,0.5,2.0,0,0,5
68.3929,54.0,54.0,120.0,79.0,60.0,91.65916,0.0,0.0,163561.06,78.0,0.0,0.5,2.0,0,0,5
94.0,91.0,83.0,143.0,127.10963,79.56919,107.333336,0.0,0.0,10530.963,92.0,0.0,0.1551689,2.0,0,0,5
60.0,54.0,54.0,111.99231,381.2722,54.0,94.333336,0.0,0.0,688429.1,95.0,0.0,0.11895043,2.0,0,3,5
317.39392,54.0,54.0,7701.01,1435.8455,60.0,682.18677,490.84396,532.4239,6798.4897,319.28586,6.0,0.9151481,3.0,0,0,5
137.93912,61.166668,61.56467,103.0,89.0,80.0,95.0,0.0,0.0,7770.0825,72.8146,0.0,0.5,2.0,0,0,5
131.0,54.0,69.0,230.0,210.35753,60.0,398.36624,0.0,0.0,28458.285,110.0,0.0,0.5,2.0,0,0,5
754.0769,54.0,54.0,21482.135,1306.1615,60.0,546.80286,675.17035,647.0633,3292.5889,95.5,1196.2767,7.58517,5.0,3,0,5
620.15857,54.0,54.0,11691.123,528.0,114.9345,577.3243,494.8541,551.35767,2603.0703,121.5541,382.6336,1.3655493,4.0,0,0,5
831.45245,54.0,54.0,243966.42,1514.0,60.0,1083.7751,1125.4407,685.4222,3470.2122,159.50027,1455.5953,7.818465,6.0,3,0,5
348.8347,79.0,79.0,3268.0,89.0,179.0,294.85812,0.0,0.0,1973.7233,85.44711,0.0,0.6666667,2.0,0,0,5
327.7047,75.71942,87.214066,5245.5557,145.31471,161.0,406.2177,0.0,0.0,2651.9546,91.0,0.0,0.5,2.0,0,0,5
68.333336,61.166668,69.0,97.466194,72.0,60.0,85.0,0.0,0.0,23016.39,70.0,0.0,0.5,2.0,0,0,5
614.93024,54.0,54.0,13999.292,1390.0977,87.77595,698.55084,547.7298,592.5515,2697.46,230.3365,548.7405,1.4307795,5.0,0,0,5
143.0,57.35777,55.0,94.0,85.0,80.147514,95.0,0.0,0.0,7159.811,61.780785,0.0,0.5,2.0,0,0,5
69.0,54.0,54.0,120.0,78.0,60.0,77.0,0.0,0.0,105432.95,75.0,0.0,0.5,2.0,0,0,5
340.33026,54.0,54.0,5021.0,179.07632,67.013596,261.12558,0.0,0.0,4587.872,90.0,8.0,1.0821371,3.0,0,0,5
204.0,54.0,54.0,8571.461,1844.0,60.0,1093.6407,704.8041,654.61334,19210.996,501.53265,124.0,0.875,5.0,0,0,5
362.4467,54.0,60.0,8446.126,1514.0,60.0,724.68585,465.72375,528.619,5241.704,330.97137,10.0,1.0,3.0,0,0,5
80.0,56.666668,55.0,92.59568,60.0,64.0,89.0,0.0,0.0,14986.698,55.0,0.0,0.5,2.0,0,0,5
319.32718,54.0,66.0,426.472,81.0,143.0,122.7353,0.0,0.0,3478.25,80.0995,0.0,1.0,2.0,0,0,5
68.333336,61.166668,60.0,94.68563,69.0,60.0,82.0,0.0,0.0,28916.889,69.0,0.0,0.5,2.0,0,0,5
161.0,76.902626,55.0,120.0,87.0,143.0,94.77941,0.0,0.0,4540.4307,69.0,0.0,0.5,2.0,0,0,5
60.0,57.06215,74.0,60.0,81.98575,60.0,92.828705,0.0,0.0,64661.406,77.011024,0.0,0.09195332,2.0,0,0,5
60.0,66.0,72.0,99.38915,78.0,60.0,79.0,0.0,0.0,80667.49,76.3811,0.0,0.18436953,2.0,0,0,5
60.0,79.0,78.0,100.0,91.67391,60.0,84.9465,0.0,0.0,197703.2,89.0,0.0,0.08684239,2.0,0,0,5
155.92055,91.0,73.0,155.0,89.0,153.0061,100.333336,0.0,0.0,4596.7104,79.0,0.0,0.5,2.0,0,0,5
181.61263,54.0,54.0,160.56651,77.0,60.0,87.666664,0.0,0.0,13854.7,66.0,0.0,1.0,2.0,0,0,5
126.28784,77.62282,91.0,291.34665,404.42142,64.0,415.63962,0.0,0.0,10530.636,309.20013,0.0,0.5,2.0,0,0,5
60.0,72.31835,69.0,94.57548,89.0,60.0,76.0,0.0,0.0,299167.06,89.0,0.0,0.09280711,2.0,0,0,5
327.40054,54.0,54.0,656.59247,110.0,60.0,105.35827,99.96804,33.479,11897.622,73.78695,454.62024,1.3828189,3.0,0,3,5
175.1636,54.0,54.0,8271.038,1841.5253,60.0,1217.5367,1521.7983,685.4222,99309.36,504.80084,12.0,0.6666667,3.0,0,0,5
109.0,77.239655,73.0,111.28128,89.0,73.67992,94.759476,0.0,0.0,9212.39,78.13406,0.0,0.33333334,2.0,0,0,5
347.5785,54.0,54.0,2858.9197,94.05615,60.0,123.333336,25.701275,11.785113,7891.501,76.94241,198.00931,1.2666667,3.0,0,0,5
480.65604,54.0,54.0,82995.945,1886.2584,60.0,1236.0374,3852.6538,686.8522,13540.883,492.69232,1259.6138,1.7222022,8.0,4,2,5
96.76842,66.0,54.0,120.0,71.0,60.0,85.333336,0.0,0.0,23205.678,70.0,0.0,0.5,2.0,0,0,5
345.4442,54.0,54.0,1373.0244,80.0,66.48079,131.98369,0.0,0.0,5464.2827,76.81867,4.0,1.1538461,2.0,0,0,5
119.88621,61.4,69.0,108.0,81.93225,85.0,91.6094,0.0,0.0,7890.526,73.0,0.0,0.5,2.0,0,0,5
160.70221,89.0,66.0,148.99283,81.79397,157.0,94.333336,0.0,0.0,4580.0933,73.63292,0.0,0.5,2.0,0,0,5
71.328804,87.666664,77.535736,120.0,84.10551,60.0,89.0,0.0,0.0,15804.945,82.896774,0.0,0.3173463,2.0,0,0,5
248.81776,54.0,54.0,2855.4565,95.0,60.0,256.78247,0.0,0.0,7906.0923,82.156876,1.8315033,1.0,2.0,0,0,5
146.17165,60.0,55.0,94.0,84.31789,85.0,95.0,0.0,0.0,6846.5454,60.340755,0.0,0.5,2.0,0,0,5
103.0,70.0,89.0,235.33833,525.0,60.0,414.79282,0.0,0.0,16250.877,330.7804,0.0,0.5,2.0,0,0,5
319.23734,54.0,66.0,8082.7314,1428.6534,60.0,1111.1066,491.7802,539.3419,6500.2954,351.5,1.0,0.6666667,2.0,0,0,5
209.0,83.0,73.0,205.0,81.0,161.0,116.14675,0.0,0.0,3905.2532,78.0,0.0,0.5,2.0,0,0,5
172.0,54.0,54.0,170.0,87.0,60.0,87.42857,0.0,0.0,15755.007,73.0,8.0,1.0909091,2.0,0,2,5
85.0,54.0,54.0,230.0,1514.0,60.0,325.6379,429.82462,476.98917,217235.5,291.58762,0.0,0.5,2.0,0,2,5
60.0,72.0,69.0,120.0,88.01137,60.0,89.43059,0.0,0.0,140355.44,83.0,0.0,0.14762543,2.0,0,0,5
478.35843,54.0,75.0,7349.4653,524.10394,151.0,421.2,0.0,0.0,1917.266,206.13202,9.0,1.0955806,3.0,0,0,5
60.0,60.0,74.75343,60.0,76.81292,60.0,89.0,0.0,0.0,115544.94,75.0,0.0,0.109284826,2.0,0,0,5
184.6268,61.884308,84.0,5074.3105,523.7452,109.0,449.40546,0.0,0.0,5694.8394,269.06598,0.0,0.5,2.0,0,0,5
596.78955,54.0,54.0,25012.254,1798.51,60.0,1152.7722,1742.0973,685.4222,6604.858,265.09912,1078.5372,4.670718,5.0,3,0,5
199.0,63.0,60.0,198.0,75.13427,131.09288,107.57004,0.0,0.0,5658.937,75.0,0.0,0.6666667,2.0,0,0,5
124.48573,84.0,93.71206,206.1477,267.2309,103.0,318.298,0.0,0.0,7588.2915,110.0,0.0,0.5,2.0,0,0,5
136.03447,83.333336,66.0,120.0,81.0,99.88836,91.0,0.0,0.0,7766.649,73.0,0.0,0.5,2.0,0,0,5
137.0,54.0,54.0,294.2511,1292.0,60.0,265.7121,162.18477,216.66628,54786.297,224.81247,0.0,0.5,2.4670208,0,0,5
137.81606,54.0,75.0,206.0,361.6636,60.0,200.46136,0.0,0.0,11292.002,210.56058,0.0,0.5,2.0,0,0,5
745.238,54.0,54.0,16655.191,1304.547,60.0,508.75327,764.5828,657.6382,4423.878,90.0,1384.2913,7.802403,5.0,3,0,5
191.77222,54.0,60.0,2859.2002,137.52415,60.0,368.79044,0.0,0.0,7885.9966,120.259895,0.0,0.5,2.0,0,0,5
132.0,54.0,54.0,120.0,69.0,60.0,73.85845,0.0,0.0,17796.518,60.29592,0.0,0.5,2.0,0,0,5
557.2893,54.0,54.0,9659.308,525.4725,63.0,494.6513,513.8475,558.1504,4342.569,95.0,358.21933,1.3333334,3.0,0,0,5
143.0,60.0,55.0,96.178566,80.0,94.0,95.0,0.0,0.0,7034.3115,60.0,0.0,0.5,2.0,0,0,5
73.405914,60.0,55.0,94.0,60.269943,60.0,87.0,0.0,0.0,18830.29,60.0,0.0,0.5,2.0,0,0,5
331.7992,54.0,54.0,7437.4194,1812.7147,60.0,372.60284,717.6774,651.6065,21275.494,201.6156,1056.253,1.5707335,6.0,3,3,5
155.0,91.0,74.0,157.0,89.0,152.63936,101.64205,0.0,0.0,4599.4233,79.0,0.0,0.5,2.0,0,0,5
143.0,54.0,54.0,143.0,77.0,60.0,85.63636,0.0,0.0,13966.702,72.12271,0.0,0.6666667,2.0,0,0,5
157.0,54.0,54.0,183.0,524.0,60.0,87.42857,19.458193,0.0,62873.203,75.0,302.7723,1.2142857,4.0,3,3,5
143.0,54.0,54.0,179.85786,80.0,60.0,114.64534,0.0,0.0,43820.414,77.0,0.0,0.5,2.0,0,0,5
161.80554,54.0,54.0,7058.3657,1876.0178,54.0,410.6326,1036.2366,684.1721,126384.64,357.97266,590.5619,1.1538461,6.0,3,3,5
105.0,54.0,54.0,132.0,80.0,60.0,72.894325,0.0,0.0,75956.32,70.0,0.0,0.6666667,2.0,0,3,5
66.659805,62.57522,54.0,100.0,75.0,60.0,76.0,0.0,0.0,77550.02,75.0,0.0,0.5,2.0,0,0,5
149.78429,54.0,54.0,190.2783,89.0,60.0,112.39348,0.0,0.0,20041.344,80.0,0.0,0.5,2.0,0,0,5
60.0,54.0,54.0,120.0,110.0,60.0,94.0,0.0,0.0,379974.1,89.0,0.0,0.3366298,2.0,0,3,5
103.0,55.0,73.0,170.0,94.938034,60.0,118.536674,0.0,0.0,19026.477,91.0,0.0,0.5,2.0,0,0,5
386.92148,54.0,54.0,6275.3765,1292.0,60.0,263.89487,516.8456,552.2193,9550.733,87.70223,579.6407,1.6028082,5.0,3,2,5
196.94771,87.0,85.0,1722.6641,206.41827,161.0,407.52863,0.0,0.0,4089.6301,94.0,0.0,0.5,2.0,0,0,5
146.0,71.0,79.0,206.0,108.41703,67.90707,279.17365,0.0,0.0,9217.038,88.0,0.0,0.5,2.0,0,0,5
390.8695,54.0,54.0,11072.675,1849.0114,60.0,513.8957,2010.5173,685.4222,17817.057,308.51376,1110.9188,1.6492832,6.0,4,3,5
492.6578,54.0,54.0,7835.993,1514.0,60.0,369.47067,675.01575,631.98535,9710.871,92.0,1114.3239,6.012903,6.0,3,3,5
517.8856,54.0,54.0,22190.705,1827.6158,60.0,1228.2007,1033.2928,685.4222,6551.0347,411.8628,567.3425,1.25,5.0,3,0,5
141.85959,54.0,54.0,205.0,525.0,60.0,111.02073,25.771723,11.785113,77729.37,85.0,4.0,0.844515,2.0,0,3,5
108.89424,54.0,54.0,120.0,69.0,60.0,61.413387,0.0,0.0,21335.553,60.29199,0.0,0.5,2.0,0,0,5
148.3223,56.666668,54.0,93.850555,78.0,96.0,95.0,0.0,0.0,6623.789,55.0,0.0,0.5,2.0,0,0,5
138.0,55.0,73.0,199.0,95.64524,60.0,132.77531,0.0,0.0,10968.826,94.0,0.0,0.5,2.0,0,0,5
226.0,79.0,80.0,2330.484,95.5,155.0,401.37863,0.0,0.0,4418.061,88.537476,0.0,0.5,2.0,0,0,5
365.875,54.0,54.0,5244.525,525.0,60.0,136.27144,443.5857,485.33176,10206.427,79.0,551.55005,1.5779067,4.0,3,3,5
85.0,54.0,54.0,133.0,86.0,60.0,85.63636,0.0,0.0,92978.35,77.0,0.0,0.5,2.0,0,2,5
60.0,66.0,54.0,96.0,79.0,60.0,66.0,0.0,0.0,225557.2,78.645874,0.0,0.15012854,2.0,0,0,5
156.77565,54.0,54.0,143.0,77.0,60.0,66.0,0.0,0.0,22601.129,58.304836,1.0,1.0972185,2.0,0,3,5
204.53065,73.0,82.0,1875.2844,119.815895,143.0,356.633,0.0,0.0,4671.257,89.0,0.0,0.5,2.0,0,0,5
506.58533,54.0,54.0,11575.8545,1816.0,60.0,485.73233,1154.9008,685.4222,9820.707,236.63972,1203.1655,5.0158305,6.0,4,3,5
68.333336,70.0,71.0,120.93097,91.0,60.0,86.333336,0.0,0.0,27850.043,89.0,0.0,0.5,2.0,0,0,5
60.0,61.166668,73.0,93.57899,82.0,60.0,91.84592,0.0,0.0,27741.562,77.3801,0.0,0.11792548,2.0,0,0,5
69.0,61.166668,60.0,94.36799,73.0,60.0,89.0,0.0,0.0,18931.342,66.0,0.0,0.5,2.0,0,0,5
156.0,54.0,54.0,182.96866,268.0,60.0,88.333336,0.0,0.0,50454.47,75.0,144.82309,1.1818181,3.0,0,3,5
98.470436,61.166668,54.0,105.0914,57.58688,63.0,79.0,0.0,0.0,13177.506,55.0,0.0,0.5,2.0,0,0,5
146.0,85.0,82.0,199.0,107.856895,138.85721,136.54047,0.0,0.0,6148.069,89.0,0.0,0.5,2.0,0,0,5
60.0,54.0,54.0,110.90436,346.13882,54.0,94.333336,0.0,0.0,601708.7,95.0,0.0,0.110528,2.0,0,3,5
764.1077,54.0,54.0,68551.586,1514.0,60.0,1128.6282,1101.8855,685.4222,4277.8633,119.95319,1153.9456,7.4261365,5.0,3,0,5
165.80219,54.0,54.0,161.0,73.0,60.0,100.22065,0.0,0.0,13764.494,69.0,0.0,0.6666667,2.0,0,0,5
163.77588,89.0,69.0,155.0,80.155594,155.0,97.883804,0.0,0.0,4600.8164,75.0,0.0,0.5,2.0,0,0,5
68.333336,54.0,54.0,183.0,639.2005,60.0,318.57416,16.5,8.485281,232480.31,266.4214,0.0,0.4,2.0,0,0,5
238.0,54.0,54.0,7304.695,1514.0,60.0,512.6338,599.2296,602.77014,18126.662,240.36282,17.0,1.0,3.0,0,0,5
507.29843,54.0,54.0,7656.0,110.0,60.0,509.5951,526.9792,557.97925,6752.909,87.08799,29.944883,1.2222222,2.0,0,0,5
230.16605,54.0,54.0,183.0,75.0,60.0,89.57356,0.0,0.0,9044.056,60.0,4.0,1.2,2.0,0,0,5
226.07875,54.0,54.0,6082.317,1292.0,60.0,438.23404,395.79364,490.56305,10182.4375,238.93138,10.0,1.0,3.0,0,0,5
185.0,54.0,54.0,176.0,79.0,60.0,89.666664,0.0,0.0,18322.914,66.0,6.0,1.1428572,2.0,0,2,5
146.0,54.0,54.0,205.86365,525.0,60.0,116.333336,115.25007,69.82895,84404.71,86.07619,6.0,1.0,2.0,0,3,5
60.0,54.0,54.0,120.0,525.0,60.0,96.10518,0.0,0.0,349901.62,144.04504,0.0,0.16658214,2.0,0,2,5
124.570915,85.333336,73.43962,120.0,91.0,80.0,94.25876,0.0,0.0,8272.117,79.0,0.0,0.33333334,2.0,0,0,5
60.0,54.0,54.0,96.0,110.0,60.0,83.333336,0.0,0.0,523212.12,91.0,0.0,0.093266465,2.0,0,2,5
164.17993,85.62362,55.0,131.55531,89.0,146.0,95.0,0.0,0.0,4470.0977,72.0977,0.0,0.5,2.0,0,0,5
66.01882,54.0,54.0,150.57341,1514.0,54.0,98.57102,114.0855,43.65058,467819.47,120.57021,0.0,0.5,3.0,0,4,5
97.54757,58.52395,55.0,93.89536,79.0,72.5,94.0,0.0,0.0,11233.414,63.310223,0.0,0.5,2.0,0,0,5
544.6667,54.0,54.0,12750.788,1514.0,65.87435,907.5854,545.9205,590.8074,3556.333,269.49643,353.44745,1.25,5.0,0,0,5
155.0,54.0,74.53028,7243.2666,1514.0,60.0,1209.9193,536.7244,567.81726,21420.254,519.0389,0.0,0.5,2.0,0,0,5
191.81395,54.0,79.0,5908.983,716.34625,64.0,513.0863,25.455845,37.61513,6913.907,328.7118,0.0,0.5,2.0,0,0,5
60.0,58.405243,55.0,117.17297,94.64719,60.0,79.333336,0.0,0.0,111506.24,89.0,0.0,0.5,2.0,0,0,5
209.0,54.0,54.0,6386.5293,525.0,60.0,689.1585,509.0107,530.87067,16561.242,226.35715,0.0,0.5,2.0,0,0,5
160.13297,76.81059,60.0,120.0,88.0,139.41187,94.360725,0.0,0.0,4597.0464,71.0,0.0,0.5,2.0,0,0,5
94.0,54.0,54.0,397.65475,1844.9496,54.0,170.66667,621.27686,601.2481,349667.38,292.89905,196.34813,0.6666667,5.0,3,5,5
317.4565,54.0,54.0,7814.5454,1843.0319,60.0,420.58456,1000.62726,675.24005,25047.36,259.14417,1054.5696,1.3333334,6.0,3,3,5
365.875,73.0,86.07049,5929.118,130.44444,166.86655,445.0861,0.0,0.0,2468.036,89.56929,0.0,0.6666667,2.0,0,0,5
138.69315,63.0,83.0,666.96924,479.18918,60.0,445.46274,0.0,0.0,12537.369,278.45374,0.0,0.5,2.0,0,0,5
151.0,77.0,55.0,120.0,80.0,138.0,91.0,0.0,0.0,5567.4487,69.0,0.0,0.5,2.0,0,0,5
61.359375,80.0,79.0,120.0,93.92581,60.0,94.333336,0.0,0.0,49427.363,87.0,0.0,0.13262065,2.0,0,0,5
151.0,54.0,54.0,183.0,89.0,60.0,103.936584,0.0,0.0,19450.285,79.0,0.0,0.6666667,2.0,0,0,5
80.0,54.0,54.0,139.83554,313.8144,60.0,86.333336,0.0,0.0,94030.7,84.0,0.0,0.5,2.0,0,2,5
90.30176,79.27636,81.0,150.59747,91.0,60.0,108.333336,0.0,0.0,14406.828,81.0,0.0,0.5,2.0,0,0,5
80.59787,69.0,73.0,144.10393,90.0,60.0,102.333336,0.0,0.0,25473.855,88.0,0.0,0.5,2.0,0,0,5
60.0,65.34737,79.708595,94.0,89.0,60.0,91.0,0.0,0.0,113678.28,85.13427,0.0,0.07919055,2.0,0,0,5
354.36426,54.0,54.0,7201.3354,363.0801,92.81627,488.05444,126.032364,236.72794,5520.3936,153.45409,0.0,1.0,2.0,0,0,5
772.36066,54.0,54.0,28736.016,1292.0,60.0,880.8482,842.5708,670.3335,4097.282,95.0,1167.9028,7.591105,5.0,3,0,5
76.666664,79.0,92.20489,205.0,1205.3506,60.0,387.20483,0.0,0.0,19278.428,442.70584,0.0,0.11263765,2.0,0,0,5
653.02576,54.0,54.0,12740.72,580.7,109.0,546.0227,512.0945,559.17395,2452.1077,113.06324,536.77893,2.8151824,4.0,0,0,5
133.0,85.63636,70.0,120.0,83.0,100.0,91.0,0.0,0.0,7630.8,76.0,0.0,0.5,2.0,0,0,5
179.0,54.0,54.0,11214.813,1863.4623,60.0,1273.1184,2133.737,685.4222,65859.07,1374.7035,5.0,0.5,3.0,0,0,5
317.2724,81.0,79.0,3268.0,91.0,180.1382,394.0266,0.0,0.0,2698.3342,89.0,0.0,0.5,2.0,0,0,5
146.0,54.0,54.0,156.0,86.99915,60.0,88.0,0.0,0.0,56939.645,72.06721,2.0,1.0,2.0,0,3,5
60.0,61.166668,75.0,85.0,81.0,60.0,82.0,0.0,0.0,202460.78,79.0,0.0,0.08768464,2.0,0,0,5
68.333336,61.166668,60.0,97.0,72.38962,60.0,79.36099,0.0,0.0,30004.717,72.19521,0.0,0.5,2.0,0,0,5
68.333336,54.0,54.0,216.0,1514.0,60.0,420.6704,447.82178,481.27213,349714.8,344.8585,0.0,0.5,2.0,0,0,5
66.0,60.31072,69.0,93.0347,88.14524,62.577793,95.0,0.0,0.0,15548.671,75.0,0.0,0.14703983,2.0,0,0,5
163.91023,54.0,54.0,180.55818,82.0,60.0,97.01004,0.0,0.0,24009.65,73.0,1.0,1.0,2.0,0,2,5
659.0909,54.0,54.0,11952.88,1292.0,60.0,435.17758,680.6283,639.8035,4721.0054,87.0,1414.9414,7.821487,6.0,3,2,5
103.0,76.0,91.0,400.0,1160.0,60.0,439.99622,0.0,0.0,11426.923,412.53427,0.0,0.369471,2.0,0,0,5
519.1319,54.0,54.0,8421.707,525.0,63.0,542.8835,496.8926,538.1948,4821.3745,119.754745,123.4126,1.2,3.0,0,0,5
296.96558,66.67094,88.0,6134.1196,238.76256,152.25627,512.25433,0.0,0.0,4090.4487,110.0,0.0,0.5,2.0,0,0,5
139.7884,56.73651,55.0,94.0,79.0,87.38383,95.0,0.0,0.0,7252.1807,55.23058,0.0,0.5,2.0,0,0,5
365.875,54.0,60.0,7823.8975,1305.4785,64.0,508.88055,254.86191,465.373,4510.959,293.12387,12.0,1.0,4.0,0,0,5
60.0,77.0,77.0,120.0,106.67916,60.0,96.0442,0.0,0.0,125639.695,91.0,0.0,0.10950383,2.0,0,0,5
60.0,61.166668,79.0,90.0,89.0,60.0,91.0,0.0,0.0,107236.04,88.0,0.0,0.074940026,2.0,0,0,5
68.333336,56.666668,55.0,81.63956,78.0,66.0,94.0,0.0,0.0,12974.738,66.0,0.0,0.5,2.0,0,0,5
230.0,83.545555,78.0,456.3607,89.0,174.40604,296.38223,0.0,0.0,3205.8823,89.0,0.0,0.5,2.0,0,0,5
229.0,54.0,54.0,204.75395,73.0,104.210754,108.291725,0.0,0.0,6372.421,72.05305,0.0,1.0,2.0,0,0,5
102.2271,54.0,54.0,120.0,73.0,60.0,61.484177,0.0,0.0,30381.82,62.48872,0.0,0.5,2.0,0,0,5
135.41353,54.0,54.0,155.0,78.463585,60.0,102.333336,0.0,0.0,49538.895,75.0,0.0,0.5,2.0,0,0,5
493.82495,54.0,54.0,18172.557,1817.3157,60.0,1219.7336,2094.8174,685.4222,10476.986,343.9569,600.09863,1.2857143,5.0,3,0,5
754.0,54.0,54.0,19554.932,1514.0,60.0,509.32977,816.2005,662.5248,4421.7974,91.0,1458.9698,7.911723,6.0,3,0,5
199.0,54.0,71.0,298.52655,85.0714,105.0,275.54846,0.0,0.0,6655.907,80.0,0.0,0.5,2.0,0,0,5
327.44623,54.0,54.0,400.0,86.85848,60.0,112.666664,0.0,0.0,9063.607,73.0,89.83525,1.25,2.0,0,0,5
60.0,54.0,55.0,109.94368,308.9475,60.0,93.3981,0.0,0.0,365604.7,130.55438,0.0,0.0966843,2.0,0,0,5
136.59654,61.166668,55.0,98.70874,81.0,85.0,94.48694,0.0,0.0,7779.0386,67.33701,0.0,0.5,2.0,0,0,5
60.0,54.0,54.0,137.0,986.6634,60.0,96.333336,0.0,0.0,323891.78,159.54652,0.0,0.5,2.0,0,2,5
196.95847,54.0,54.0,8781.056,1840.0256,60.0,1179.8384,1113.4924,685.4222,38187.086,488.9918,105.160995,0.8333333,4.0,0,0,5
60.0,56.666668,69.0,60.0,87.28794,60.0,95.0,0.0,0.0,24898.205,73.0,0.0,0.10301078,2.0,0,0,5
239.12671,54.0,54.0,4901.0,1292.0,60.0,141.48538,494.9751,513.3926,18875.807,88.0,503.3159,1.2551559,5.0,3,3,5
342.0219,54.0,54.0,606041.5,3273.6091,54.0,1279.9119,7824.975,695.3153,31943.166,1425.0913,1121.1781,1.2222222,10.0,4,3,5
142.99493,87.0,95.0,247.20236,277.7149,138.41655,386.06546,0.0,0.0,6190.923,110.0,0.0,0.5,2.0,0,0,5
94.0,54.0,54.0,157.0,88.82159,60.0,116.122154,0.0,0.0,116823.49,82.01192,0.0,0.5,2.0,0,0,5
160.40265,73.0,55.0,151.0,69.12349,105.0,96.333336,0.0,0.0,7787.096,66.0,0.0,0.5,2.0,0,0,5
71.08,54.0,54.0,161.0,1292.0,60.0,106.333336,0.0,0.0,176425.08,206.2086,0.0,0.5,2.0,0,2,5
60.0,54.0,54.0,120.0,524.0,54.0,95.96685,0.0,0.0,601327.7,115.61968,0.0,0.10956308,2.0,0,3,5
462.05014,54.0,54.0,158893.73,1886.0903,60.0,1254.2626,3708.3083,686.78577,12737.767,570.2362,1078.8345,1.3076923,6.0,3,1,5
715.38477,54.0,54.0,23407.889,1514.0,60.0,686.85046,738.65063,657.51526,3907.2832,183.03404,1190.7856,7.155757,6.0,3,0,5
204.0,54.0,54.0,429.2398,83.0,65.0,326.71414,0.0,0.0,8219.392,80.0,0.0,0.5,2.0,0,0,5
61.455414,54.0,54.0,138.0,179.84906,60.0,111.666664,0.0,0.0,229845.55,119.33834,0.0,0.2741781,2.0,0,0,5
1341.7799,54.0,54.0,897553.0,1715.0,60.0,1178.4083,1989.5509,685.4222,2626.2932,168.71379,1582.6289,8.5876,6.0,4,0,5
143.0,54.0,54.0,6766.8135,1820.0,60.0,887.13196,684.31555,634.40247,116254.55,493.08176,1.0,0.5,3.0,0,0,5
137.0,54.0,54.0,143.0,79.0,60.0,85.63636,0.0,0.0,21284.08,74.0,0.0,0.6666667,2.0,0,0,5
162.47845,54.0,54.0,3268.0,697.05225,60.0,407.15808,111.346924,153.05084,15651.106,233.69504,0.0,0.5,2.0,0,0,5
229.0,86.25628,79.0,1382.4847,95.5,176.0,350.84528,0.0,0.0,2924.7776,91.0,0.0,0.5,2.0,0,0,5
66.0,60.352276,70.156265,94.0,73.0,60.0,87.25394,0.0,0.0,29235.244,72.8659,0.0,0.5,2.0,0,0,5
143.0,54.0,54.0,161.0,79.0,60.0,100.333336,0.0,0.0,14193.466,78.0,0.0,0.5,2.0,0,0,5
122.84171,54.0,54.0,179.0,267.98856,60.0,106.333336,0.0,0.0,56948.06,84.046455,0.0,0.5,2.0,0,2,5
857.74164,54.0,54.0,190219.03,1514.0,60.0,778.9696,1490.8599,685.4222,3983.2266,113.863945,1561.2037,8.426639,6.0,4,0,5
206.0,54.0,54.0,200.68555,79.0,60.0,99.47097,0.0,0.0,11358.529,72.0,4.0,1.117647,2.0,0,0,5
96.0,74.0,80.06831,183.0,213.82336,60.0,193.08034,0.0,0.0,17560.016,108.0,0.0,0.5,2.0,0,0,5
60.0,56.666668,69.0,60.0,87.0,60.0,95.0,0.0,0.0,24517.404,74.99292,0.0,0.10505713,2.0,0,0,5
143.0,61.47624,55.0,110.63336,82.0,103.0,93.728294,0.0,0.0,6685.8335,69.0,0.0,0.5,2.0,0,0,5
103.0,54.0,75.0,199.68178,524.0,60.0,138.0388,0.0,0.0,16853.117,225.80229,0.0,0.5,2.0,0,0,5
357.19077,54.0,73.0,7247.01,495.0,131.0,497.0995,23.973944,34.47557,4382.824,226.16489,0.0,0.8333333,2.0,0,0,5
236.53406,54.0,69.0,1374.1887,84.0,133.0,314.8513,0.0,0.0,5512.348,79.0,0.0,0.6666667,2.0,0,0,5
85.0,54.0,54.0,160.04724,612.6344,60.0,99.69903,0.0,0.0,218582.69,89.0,0.0,0.5,2.0,0,3,5
81.39393,73.0,89.0,205.0,1160.0,60.0,341.84613,0.0,0.0,19370.822,366.1546,0.0,0.27048963,2.0,0,0,5
98.003685,54.0,54.0,143.0,88.0,60.0,89.666664,0.0,0.0,117019.67,76.5,0.0,0.5,2.0,0,3,5
66.0,75.0,60.0,109.0,78.0,60.0,85.333336,0.0,0.0,101253.484,77.54231,0.0,0.33333334,2.0,0,0,5
68.333336,54.0,54.0,120.0,82.0,60.0,88.77498,0.0,0.0,130916.17,80.0,0.0,0.5,2.0,0,0,5
457.47812,54.0,54.0,2223.3328,95.0,60.0,98.67674,25.455845,11.785113,6810.577,69.169044,621.46014,6.3918886,5.0,3,3,5
214.17036,54.0,60.0,8023.967,1514.0,60.0,1228.4722,577.498,599.2375,11838.073,428.4434,0.0,0.5,2.0,0,0,5
85.0,91.0,80.0,138.0,94.0,78.44103,100.333336,0.0,0.0,10919.996,91.0,0.0,0.20466334,2.0,0,0,5
68.333336,61.45728,69.0,100.0,75.7978,60.0,80.0,0.0,0.0,36399.31,74.0,0.0,0.5,2.0,0,0,5
60.71841,56.666668,66.0,60.0,81.0,60.0,95.0,0.0,0.0,19016.0,70.0,0.0,0.16014297,2.0,0,0,5
61.52787,54.0,54.0,151.0,580.92365,60.0,124.71612,0.0,0.0,354713.56,215.46533,0.0,0.5,2.0,0,2,5
60.0,54.0,54.0,143.0,624.0,60.0,114.97044,0.0,0.0,371323.84,214.43839,0.0,0.4,2.0,0,2,5
285.67545,54.0,54.0,587.0856,77.0,64.05822,285.51715,0.0,0.0,7958.7114,76.0,0.0,1.0,2.0,0,0,5
327.5641,54.0,54.0,238.0,79.0,60.0,108.333336,0.0,0.0,9038.482,69.14495,12.0,1.2326074,2.0,0,0,5
148.82782,56.666668,54.0,88.76522,79.0,94.0,95.0,0.0,0.0,6390.0664,55.0,0.0,0.5,2.0,0,0,5
549.2386,54.0,54.0,52978.58,1847.2499,60.0,1176.7604,2780.4216,685.4222,7992.502,328.7928,1347.3313,5.2934575,6.0,4,2,5
76.63471,56.666668,55.0,93.18157,73.0,65.07047,90.18291,0.0,0.0,11981.028,60.0,0.0,0.5,2.0,0,0,5
168.77263,54.0,78.0,4583.237,240.4,63.0,508.11295,0.0,11.785113,10456.718,239.70692,0.0,0.5,2.0,0,0,5
204.50427,54.0,73.0,2220.1226,111.67085,94.0,325.50565,0.0,0.0,6152.5205,108.0,0.0,0.5,2.0,0,0,5
158.2557,91.0,66.0,145.3541,83.0,156.16975,94.09098,0.0,0.0,4600.701,73.0,0.0,0.5,2.0,0,0,5
61.359375,54.0,55.0,124.89934,95.0,60.0,100.0,0.0,0.0,170996.61,94.0,0.0,0.2718128,2.0,0,0,5
68.333336,54.0,54.0,138.0,356.05695,60.0,99.65559,0.0,0.0,335931.34,89.0,0.0,0.5,2.0,0,3,5
136.83934,54.0,54.0,141.4235,79.0,60.0,84.333336,0.0,0.0,63273.33,69.0,0.0,0.8333333,2.0,0,3,5
137.0,83.01556,70.0,120.0,82.0,103.0,91.0,0.0,0.0,7002.3076,75.0,0.0,0.5,2.0,0,0,5
557.69324,54.0,54.0,11956.279,1292.0,60.0,687.1141,587.28455,611.2244,4505.843,210.60742,532.2387,1.3333334,4.0,0,0,5
431.91373,54.0,54.0,10912.554,1715.0,60.0,1030.0405,810.82855,659.0934,10491.561,267.03632,502.9934,1.2387062,4.0,0,0,5
178.35254,63.0,72.0,205.0,81.0,99.72078,116.333336,0.0,0.0,6625.9644,79.0,0.0,0.5,2.0,0,0,5
478.3983,54.0,54.0,8722.557,1306.3834,60.0,476.32632,654.5191,624.2508,7954.4775,120.46575,550.7324,1.3333334,4.0,3,0,5
74.36911,54.0,54.0,120.0,79.0,60.0,87.42857,0.0,0.0,108892.09,77.0,0.0,0.5,2.0,0,0,5
239.47325,76.0,88.0,4717.709,169.9154,155.0,402.70914,0.0,0.0,3713.3762,91.0,0.0,0.5,2.0,0,0,5
157.77979,55.0,54.0,138.0,73.0,65.0,66.0,0.0,0.0,6842.913,66.0,0.0,0.75,2.0,0,0,5
155.0,54.0,54.0,6353.185,1782.0,60.0,550.5492,548.284,581.4165,27937.229,423.93225,0.0,0.5,3.0,0,0,5
558.33484,54.0,54.0,7445.575,524.0,64.0,324.59317,167.51994,296.71893,3310.9753,84.0,546.7033,3.6588717,5.0,0,0,5
60.0,61.4,76.0,95.0,87.97969,60.0,92.0,0.0,0.0,27675.273,80.0,0.0,0.1061584,2.0,0,0,5
183.0,54.0,54.0,1572.4001,525.0,60.0,266.80887,221.43536,264.05835,22552.04,90.0,8.0,1.0,2.0,0,0,5
181.805,54.0,54.0,197.0,76.98072,94.0,115.0,0.0,0.0,7767.255,76.0,0.0,0.5,2.0,0,0,5
135.1363,60.0,55.0,94.9599,76.0,94.0,92.0,0.0,0.0,7940.629,55.0,0.0,0.5,2.0,0,0,5
222.22974,89.0,78.0,292.0,92.0,182.60365,279.35104,0.0,0.0,2747.8835,90.0,0.0,0.5,2.0,0,0,5
116.11938,54.0,54.0,5998.9077,1814.0,60.0,1128.1952,699.3608,645.37524,197572.73,521.63446,0.0,0.5,2.0,0,0,5
68.333336,75.0,66.38414,120.0,79.0,60.0,88.0,0.0,0.0,47852.47,78.0,0.0,0.5,2.0,0,0,5
255.51846,79.0,78.0,400.0,85.10255,164.88095,236.02303,0.0,0.0,2852.1914,84.0,0.0,0.5,2.0,0,0,5
741.2081,54.0,54.0,32344.02,1292.0,60.0,1147.7421,812.99817,664.9408,4208.6343,124.04816,1025.0896,6.4524946,5.0,3,0,5
130.19295,54.0,54.0,155.0,89.0,60.0,96.333336,0.0,0.0,46079.246,77.98714,0.0,0.5,2.0,0,2,5
60.0,60.0,70.0,85.0,77.0,60.0,90.5494,0.0,0.0,35734.49,73.0,0.0,0.1507205,2.0,0,0,5
60.0,75.0,76.0,120.0,115.79721,60.0,97.0538,0.0,0.0,149800.56,94.0,0.0,0.10457047,2.0,0,0,5
105.0,78.0,79.0,157.0,90.333336,60.0,109.0279,0.0,0.0,11015.263,84.0,0.0,0.5,2.0,0,0,5
196.00758,84.0,79.0,226.0,89.67521,157.0,136.27309,0.0,0.0,3924.744,89.0,0.0,0.5,2.0,0,0,5
527.7826,54.0,54.0,6486.447,137.47745,63.0,277.7146,46.759457,45.360596,4212.096,80.0,317.31818,1.3355651,3.0,0,0,5
60.0,54.0,54.0,134.66939,988.9636,54.0,100.0,0.0,0.0,386743.06,144.18457,0.0,0.5,2.0,0,3,5
566.4077,54.0,54.0,21925.848,1783.0,60.0,1152.9966,882.9464,683.171,5413.4956,287.7054,748.367,1.7074351,5.0,3,0,5
143.0,54.0,54.0,7204.348,1869.0,54.0,577.1395,1104.9714,685.4222,184702.69,492.69232,135.23775,0.6666667,5.0,0,3,5
103.0,89.48895,76.0,124.98855,89.0,85.0,91.0,0.0,0.0,9040.884,81.0,0.0,0.5,2.0,0,0,5
143.0,54.0,54.0,209.0,525.0,60.0,127.92337,0.0,0.0,25713.252,95.0,0.0,0.5,2.0,0,0,5
199.0,78.0,79.0,205.0,83.0,147.14369,111.516365,0.0,0.0,3966.224,79.4633,0.0,0.5,2.0,0,0,5
332.2305,54.0,54.0,15249.138,1849.0349,60.0,1249.4205,2263.3704,685.4222,18815.062,520.692,394.42303,1.0897919,5.0,3,0,5
103.0,54.0,54.0,138.0,83.0,60.0,83.333336,0.0,0.0,121792.914,72.125626,0.0,0.6666667,2.0,0,3,5
238.0,54.0,54.0,5892.0283,1294.4286,60.0,357.05307,119.368416,240.95831,6913.877,229.9309,16.590937,1.0,4.0,0,0,5
256.29553,54.0,79.0,5865.0996,392.74487,134.04248,448.43948,0.0,0.0,4516.669,230.07501,0.0,0.5,2.0,0,0,5
85.0,54.0,54.0,196.14754,374.0,60.0,286.6723,0.0,0.0,114814.98,209.86812,0.0,0.5,2.0,0,0,5
183.0,54.0,54.0,161.0,76.0,63.0,88.0,0.0,0.0,7053.237,71.0,0.0,1.0,2.0,0,0,5
514.3969,54.0,54.0,6063.8257,581.20465,60.0,123.90409,508.93936,526.9204,7735.954,77.0,1099.044,7.111818,5.0,3,3,5
435.5107,54.0,54.0,5896.7485,89.067154,60.0,388.09677,258.57156,303.9936,7168.314,79.0,14.0,1.2222222,2.0,0,0,5
183.0,54.0,75.0,5074.068,237.39665,63.0,485.81412,0.5,11.785113,9042.774,229.2825,0.0,0.5,2.0,0,0,5
202.70493,54.0,54.0,199.0,78.0,64.0,102.666664,0.0,0.0,6913.991,75.0,0.0,1.0,2.0,0,0,5
230.0,54.0,54.0,2927.2527,110.0,60.0,276.16748,8.533833,11.785113,9183.16,86.0,1.0,1.0,2.0,0,0,5
432.25,54.0,54.0,10045.101,1292.0,60.0,1180.4276,651.1651,623.0669,7655.9463,253.62463,18.265093,1.0909091,2.0,0,0,5
478.45926,54.0,54.0,11977.39,1782.0,60.0,836.26776,671.2534,638.91797,6419.35,307.9168,536.3701,1.25,5.0,3,0,5
743.9647,54.0,54.0,15339.784,1292.0,60.0,491.74286,639.4736,623.0563,2875.8816,92.0,1124.1122,7.547556,5.0,3,0,5
179.0,54.0,54.0,196.25658,78.57156,60.0,107.333336,0.0,0.0,16690.424,73.59607,0.0,0.91445184,2.0,0,0,5
61.258434,54.0,69.0,161.0,676.16156,60.0,272.35522,0.0,0.0,248662.4,293.11777,0.0,0.11927752,2.0,0,0,5
60.0,69.0,76.0,120.0,213.52815,60.0,100.32556,0.0,0.0,208565.31,210.08891,0.0,0.095075406,2.0,0,0,5
96.0,54.0,54.0,223.1764,1292.0,60.0,269.4658,0.0,0.0,39874.184,269.91,0.0,0.5,2.0,0,0,5
257.1236,54.0,54.0,21725.78,1896.7643,60.0,1262.5138,3195.4094,686.38165,27954.05,1364.2893,512.84766,1.0,5.0,3,0,5
397.21838,54.0,54.0,5187.0,86.0,137.0,329.30737,0.0,0.0,4232.213,83.0,0.0,1.0666667,2.0,0,0,5
151.0,79.0,70.0,137.0,70.0,128.467,83.25273,0.0,0.0,6191.972,70.0,0.0,0.5,2.0,0,0,5
226.0,54.0,54.0,182.38667,83.0,60.0,83.333336,0.0,0.0,6677.0938,70.16949,18.948236,1.219778,3.0,0,0,5
214.47173,54.0,76.0,7326.997,580.1604,63.0,1195.4799,443.88266,507.2961,8966.14,335.5,0.0,0.5,2.0,0,0,5
60.0,61.166668,76.0,94.0,80.0,60.0,91.0,0.0,0.0,44623.98,79.0,0.0,0.10812959,2.0,0,0,5
432.25,54.0,54.0,9802.575,1514.0,63.0,674.5112,481.9463,538.2577,4372.054,328.6453,132.31142,1.1111112,5.0,0,0,5
221.69319,89.0,83.0,2867.6501,190.42451,179.0,402.38293,0.0,0.0,2830.1194,95.0,0.0,0.5,2.0,0,0,5
116.0,54.0,54.0,137.0,79.0,60.0,79.333336,0.0,0.0,68917.72,69.0,0.0,0.6666667,2.0,0,3,5
157.0,75.0,80.0,228.05771,105.85803,105.0,269.3873,0.0,0.0,6810.7764,88.0,0.0,0.5,2.0,0,0,5
233.26334,78.0,88.0,3268.0,117.646194,155.0,372.2615,0.0,0.0,3702.2668,89.0,0.0,0.5,2.0,0,0,5
544.6667,54.0,54.0,10818.892,1781.8802,60.0,448.70624,900.8391,667.0028,7917.66,130.22472,1314.8441,6.6574683,6.0,4,3,5
66.0,78.0,81.233795,141.42004,221.74503,60.0,114.333336,0.0,0.0,62578.355,110.0,0.0,0.10955379,2.0,0,0,5
79.34541,54.0,54.0,109.40586,71.94006,60.0,74.70382,0.0,0.0,123931.15,66.0,0.0,0.5,2.0,0,1,5
164.78484,54.0,54.0,137.0,71.0,60.0,61.468822,0.0,0.0,10169.3,55.0,0.0,1.0,2.0,0,0,5
142.87865,54.0,54.0,205.0,1292.0,60.0,100.333336,175.11234,195.94257,113165.8,87.0,147.68614,1.0,4.0,0,3,5
209.0,54.0,54.0,156.0,78.0,60.0,66.0,0.0,0.0,8785.652,58.804043,17.0,1.25,3.0,0,2,5
161.0,54.0,74.0,1695.0088,495.0,60.0,393.347,0.0,0.0,9013.394,229.03712,0.0,0.5,2.0,0,0,5
198.94933,91.0,77.0,229.0,94.0,181.78757,251.03703,0.0,0.0,2924.8496,90.0,0.0,0.5,2.0,0,0,5
105.0,54.0,54.0,201.94666,525.0,60.0,130.34352,0.0,0.0,43901.01,124.305504,0.0,0.5,2.0,0,0,5
105.0,54.0,85.0,4304.5537,1514.0,60.0,689.47174,112.29635,217.0514,24472.473,534.5997,0.0,0.5,2.0,0,0,5
67.90635,54.0,60.0,183.0,1298.7413,60.0,293.2064,0.0,0.0,217494.84,344.66666,0.0,0.18608218,2.0,0,0,5
241.12497,54.0,54.0,8154.983,1838.0,60.0,511.4117,1053.522,685.4222,29372.24,321.7525,556.67523,1.2,5.0,3,3,5
155.0,54.0,54.0,6582.965,1726.6769,60.0,696.14014,693.10486,633.8695,116032.07,344.66666,2.0,0.5,2.0,0,0,5
146.3036,54.0,54.0,180.0,82.0,60.0,110.33946,0.0,0.0,27842.383,78.0,0.0,0.5,2.0,0,0,5
654.1343,54.0,54.0,15794.323,1514.0,60.0,511.29358,651.1651,627.3281,3514.129,170.47704,1100.171,6.657459,6.0,3,0,5
62.122093,54.0,54.0,110.838684,79.0,60.0,85.49931,0.0,0.0,183083.88,78.0,0.0,0.5,2.0,0,0,5
60.0,61.166668,74.0,90.748436,78.0,60.0,84.68804,0.0,0.0,115826.82,76.0,0.0,0.11090386,2.0,0,0,5
154.97395,54.0,54.0,5547.0,1782.3322,60.0,444.66666,653.865,617.95654,115982.98,280.10184,18.715443,0.8333333,3.0,0,3,5
109.0,61.166668,69.0,103.0,84.0,77.933395,94.0,0.0,0.0,9041.764,73.0,0.0,0.5,2.0,0,0,5
60.0,54.0,54.0,129.7365,525.0,60.0,115.17852,0.0,0.0,464335.16,237.73544,0.0,0.09387128,2.0,0,0,5
60.0,61.166668,73.0,87.60323,79.0,60.0,81.0,0.0,0.0,168945.48,78.0,0.0,0.10167463,2.0,0,0,5
137.0,54.0,54.0,199.0,1292.0,54.0,98.0,200.533,214.22253,142769.38,87.0,201.61195,1.0,4.0,3,3,5
68.333336,55.0,54.0,120.0,79.0,60.0,85.63636,0.0,0.0,112592.336,79.0,0.0,0.5,2.0,0,0,5
183.55092,55.0,84.0,5184.0205,624.0,97.99379,444.66666,0.0,0.0,5417.512,320.2826,0.0,0.5,2.0,0,0,5
344.85782,54.0,60.0,3991.4304,81.01666,141.0,362.8467,0.0,0.0,4602.1714,79.0,0.0,1.0,2.0,0,0,5
155.0,89.0,69.0,145.40363,79.0,151.0,90.48605,0.0,0.0,5185.2305,73.0,0.0,0.5,2.0,0,0,5
80.0,89.0,79.0,138.0,91.0,64.0,100.333336,0.0,0.0,12761.668,89.0,0.0,0.33333334,2.0,0,0,5
67.04848,54.0,54.0,184.31879,1292.0,60.0,352.8919,217.53651,221.052,363539.7,296.27597,0.0,0.33333334,2.0,0,0,5
60.0,63.67053,76.0,96.170876,82.0,60.0,91.0,0.0,0.0,27854.135,79.0,0.0,0.127876,2.0,0,0,5
151.0,54.0,54.0,205.0,495.0,60.0,111.666664,0.0,0.0,34543.105,83.0,4.0,1.0,2.0,0,2,5
60.0,54.0,54.0,137.0,386.5056,60.0,114.87385,0.0,0.0,352220.3,178.40463,0.0,0.14099725,2.0,0,0,5
544.6667,54.0,54.0,7703.571,95.0,140.82695,483.90765,117.72694,232.07121,3291.503,90.0,11.0,1.2,2.0,0,0,5
155.0,66.0,55.0,120.0,83.95645,137.0,94.0,0.0,0.0,5310.487,69.0,0.0,0.5,2.0,0,0,5
99.0,61.166668,54.0,103.0,55.0,60.0,73.0,0.0,0.0,22970.799,55.0,0.0,0.5,2.0,0,0,5
61.113174,54.0,60.0,150.29465,1160.0,60.0,115.0,0.0,0.0,189201.33,262.90057,0.0,0.27621084,2.0,0,0,5
175.35893,86.0,81.0,229.0,110.8585,154.37994,252.95695,0.0,0.0,4443.115,91.0,0.0,0.5,2.0,0,0,5
462.09515,54.0,54.0,6707.2,110.0,61.707584,392.55328,161.54387,238.4647,5361.6377,83.71563,56.900867,1.2222222,2.0,0,0,5
161.0,79.0,94.01916,4637.7705,525.0,138.0,472.6304,0.0,0.0,5489.664,350.80267,0.0,0.5,2.0,0,0,5
60.0,74.0,73.0,120.0,91.0,60.0,94.933975,0.0,0.0,120246.47,89.0,0.0,0.14267038,2.0,0,0,5
166.27655,54.0,54.0,3268.0,1514.0,60.0,260.03427,513.9257,537.7555,40373.49,164.16359,206.0,1.0305665,4.0,0,3,5
151.0,66.0,55.0,156.08736,75.0,67.0,105.29827,0.0,0.0,10446.37,73.0,0.0,0.5,2.0,0,0,5
60.0,56.95368,70.0,60.0,88.0,60.0,95.0,0.0,0.0,26205.496,76.0,0.0,0.10073949,2.0,0,0,5
65.65314,83.333336,78.0,108.0,89.0,60.0,92.0,0.0,0.0,18048.08,86.007675,0.0,0.116931766,2.0,0,0,5
455.1278,54.0,54.0,13810.945,1845.0,60.0,896.34375,2075.079,685.4222,11998.218,330.74988,1078.4196,1.4752622,6.0,3,2,5
229.0,54.0,54.0,176.0,76.0,60.0,87.42857,0.0,0.0,10526.037,58.676456,8.0,1.2,2.0,0,1,5
226.0,54.0,73.0,5152.8335,192.3292,94.42208,440.49557,0.0,0.0,6321.2417,139.0,0.0,0.5,2.0,0,0,5
60.0,61.166668,78.0,94.0,89.0,60.0,92.0,0.0,0.0,46287.15,83.3783,0.0,0.08744767,2.0,0,0,5
151.0,54.0,60.0,182.00305,89.0,60.0,102.333336,0.0,0.0,7871.9453,84.7585,0.0,0.5,2.0,0,0,5
183.0,54.0,54.0,3548.4055,690.64825,60.0,361.36572,319.4545,370.81082,21475.525,127.39045,3.0,0.83913964,2.0,0,0,5
149.0,75.0,73.0,160.49388,77.01761,95.0,107.22963,0.0,0.0,8981.74,75.0,0.0,0.5,2.0,0,0,5
544.6667,54.0,54.0,9632.118,525.0,100.0,525.9898,441.61014,510.30426,3833.9583,116.867805,147.3896,1.25,3.0,0,0,5
362.36316,54.0,54.0,1173.0676,79.0,95.0,123.333336,0.0,0.0,4759.0713,76.0,4.0,1.1631694,2.0,0,0,5
156.0,54.0,54.0,5082.3926,1240.8438,60.0,484.356,545.6336,559.59924,64199.0,236.23189,0.0,0.5,2.0,0,0,5
60.0,78.0,79.0,115.88105,216.61487,60.0,96.333336,0.0,0.0,229108.17,110.0,0.0,0.07539841,2.0,0,0,5
67.146805,54.0,54.0,120.0,495.0,60.0,80.51439,0.0,0.0,202018.58,85.87764,0.0,0.5,2.0,0,3,5
238.0,54.0,54.0,8156.1143,1783.0,60.0,893.6541,675.0538,634.52783,16477.973,351.81448,132.63318,1.0,4.0,0,0,5
246.7554,54.0,54.0,170.0,79.0,60.0,66.0,0.0,0.0,10747.527,55.0,309.0,1.7002404,3.0,0,3,5
542.8987,54.0,54.0,9585.528,482.86487,63.0,707.5956,547.5118,572.5428,5640.497,95.0,71.423,1.2109143,2.0,0,0,5
76.666664,54.0,74.0,205.0,1075.3234,60.0,392.64548,0.0,0.0,109585.73,328.80496,0.0,0.32637388,2.0,0,0,5
443.94043,54.0,54.0,5074.2466,494.0,60.0,114.36058,224.9478,291.69595,7439.1587,76.0,601.8663,4.9615955,5.0,3,3,5
206.0,54.0,54.0,16251.184,2534.1313,60.0,1244.2606,3361.0112,686.587,38883.64,1417.3771,578.3364,1.0,7.4079337,3,2,5
60.0,69.0,79.0,131.0,567.1588,60.0,107.333336,0.0,0.0,196133.03,286.93832,0.0,0.08857969,2.0,0,0,5
459.92267,54.0,54.0,11889.385,1806.0,60.0,764.18097,1207.2633,685.4222,11114.199,265.48007,634.0917,1.3333334,5.0,3,1,5
73.29187,66.0,54.0,105.0,69.0,60.0,72.0,0.0,0.0,49719.336,66.76971,0.0,0.5,2.0,0,0,5
545.2194,54.0,54.0,9973.742,621.0572,60.0,602.5903,570.2923,594.6251,5005.6987,114.67777,350.98047,1.3,3.0,0,0,5
127.41325,54.0,54.0,143.30486,77.0,60.0,96.333336,0.0,0.0,24934.338,75.0,0.0,0.5,2.0,0,0,5
365.3867,54.0,54.0,5854.0,89.0,98.56793,428.72186,22.624754,11.810564,5582.3574,87.0,0.0,1.0,2.0,0,0,5
151.0,54.0,54.0,143.0,73.0,60.0,85.63636,0.0,0.0,17124.783,66.0,0.0,0.6666667,2.0,0,0,5
142.05974,54.0,54.0,199.0,309.46786,60.0,112.368324,0.0,0.0,31044.617,87.0,0.0,0.6603382,2.0,0,0,5
155.0,54.0,54.0,170.0,77.0,63.0,106.59205,0.0,0.0,10267.464,77.0,0.0,0.5,2.0,0,0,5
72.5,54.0,54.0,120.0,75.0,60.0,85.333336,0.0,0.0,120898.21,73.0,0.0,0.5,2.0,0,0,5
309.74323,54.0,54.0,235.22702,79.0,60.0,114.333336,0.0,0.0,6997.862,73.0,1.0,1.1428572,2.0,0,0,5
209.20903,88.0,82.0,2375.4624,174.25261,172.57692,404.8404,0.0,0.0,3470.7534,94.248634,0.0,0.5,2.0,0,0,5
68.333336,61.166668,54.0,97.0,70.0,60.0,74.0,0.0,0.0,77980.88,69.0,0.0,0.5,2.0,0,0,5
184.50621,91.0,73.0,197.0,91.0,179.5686,115.49357,0.0,0.0,3336.206,79.0,0.0,0.5,2.0,0,0,5
232.93433,88.36463,76.0,230.0,89.0,182.0,138.16913,0.0,0.0,2609.0286,82.00738,0.0,0.5,2.0,0,0,5
544.6667,54.0,54.0,8025.7603,525.0,60.0,452.64026,531.43884,562.70734,5477.8774,90.0,394.1347,1.3333334,3.0,0,0,5
227.01581,54.0,54.0,9081.204,1790.8387,60.0,1193.4263,809.3863,659.07263,24918.545,389.20102,14.0,0.9216721,3.0,0,0,5
143.0,54.0,54.0,303.72372,524.0,60.0,341.85294,26.871029,14.121283,29990.686,143.56535,0.0,0.5,2.0,0,0,5
133.09811,89.7338,75.0,137.0,88.0,104.09702,91.0,0.0,0.0,7106.8975,79.0,0.0,0.5,2.0,0,0,5
462.7164,54.0,76.0,6732.3555,111.434784,157.0,390.28497,0.0,0.0,1650.6278,110.0,1.0,1.0666667,3.0,0,0,5
172.0,92.0,66.04359,151.0,89.0,161.0,95.606636,0.0,0.0,4040.6235,76.0,0.0,0.5,2.0,0,0,5
394.98624,54.0,54.0,8008.86,525.0,60.0,1065.2375,613.8222,606.69055,10117.67,156.59729,10.0,1.0769231,2.0,0,0,5
294.77048,54.0,54.0,230.0,80.0,60.0,108.062325,0.0,0.0,7093.717,73.708084,8.0,1.1818181,2.0,0,0,5
230.0,54.0,54.0,5175.6064,1514.0,60.0,135.52621,561.68085,574.34283,25895.994,91.0,632.9595,1.3333334,6.0,3,3,5
243.42702,54.0,54.0,12159.345,1886.063,60.0,1136.0955,2827.2954,685.43805,37291.004,507.04733,707.0547,1.2,6.0,3,3,5
110.28017,54.0,54.0,205.0,91.54833,60.0,294.16315,0.0,0.0,78273.63,91.24731,0.0,0.5,2.0,0,0,5
225.42827,54.0,54.0,11712.676,1877.5144,60.0,1217.882,819.2594,684.0443,13842.3545,1370.5571,225.82805,0.9148758,5.0,0,0,5
60.0,54.0,54.0,109.0,110.0,54.0,88.96752,0.0,0.0,557971.2,88.93155,0.0,0.1575418,2.0,0,3,5
659.0909,54.0,54.0,51843.336,1782.3159,60.0,1026.4181,1741.3317,685.4222,5133.869,221.59224,1399.2668,7.377969,6.0,3,0,5
143.0,89.0,82.0,204.0,119.61993,143.0,166.7548,0.0,0.0,6133.791,91.0,0.0,0.5,2.0,0,0,5
130.74802,54.0,54.0,205.0,374.0,60.0,149.27936,0.0,0.0,24909.367,116.897736,0.0,0.5,2.0,0,0,5
124.92034,54.0,54.0,149.44693,79.0,60.0,96.333336,0.0,0.0,62948.26,74.99415,0.0,0.5,2.0,0,1,5
61.06083,54.0,54.0,120.0,87.0,60.0,96.02592,0.0,0.0,323262.6,82.0017,0.0,0.5,2.0,0,1,5
131.0,54.0,54.0,120.0,55.0,60.0,74.333336,0.0,0.0,24226.0,55.0,0.0,0.5,2.0,0,0,5
76.58826,86.0,78.0,120.0,81.0,60.0,86.333336,0.0,0.0,15734.273,79.0,0.0,0.5,2.0,0,0,5
139.58133,54.0,54.0,7318.648,1851.8668,60.0,1149.2661,1003.7644,678.66187,144947.11,792.7696,5.0,0.5,3.0,0,0,5
182.0,54.0,54.0,4901.0,494.45578,60.0,453.1445,242.20186,301.31128,18286.828,185.42975,0.0,0.5,2.0,0,0,5
197.28279,54.0,54.0,7312.4688,1817.2794,60.0,470.37527,582.28644,604.5533,17746.16,369.13712,178.54326,1.0,5.0,0,0,5
131.0,54.0,78.0,232.41194,398.08517,60.0,390.7534,0.0,0.0,17734.318,246.54675,0.0,0.5,2.0,0,0,5
76.63726,76.0,95.0,445.79636,1514.0,60.0,513.13745,0.0,0.0,25889.312,997.44635,0.0,0.097188,2.0,0,0,5
89.095146,58.808685,54.0,94.0,55.0,65.0,85.0,0.0,0.0,14064.6,55.0,0.0,0.5,2.0,0,0,5
293.23364,54.0,54.0,12559.233,1921.4379,54.0,965.0354,2838.5144,685.5302,33519.33,492.69232,1073.8373,1.2505258,8.0,4,3,5
365.875,54.0,54.0,6749.8237,528.2062,60.0,394.17566,456.5472,505.20795,7735.901,91.0,216.32822,1.2071458,3.0,0,0,5
127.05078,66.0,79.0,205.0,188.417,60.0,287.37518,0.0,0.0,14176.592,95.0,0.0,0.5,2.0,0,0,5
60.0,54.0,54.0,105.0,95.66424,60.0,87.58376,0.0,0.0,464130.8,90.0,0.0,0.10945373,2.0,0,2,5
161.0,54.0,54.0,871.8364,525.0,60.0,293.45407,71.485535,30.23561,20131.363,107.551796,0.0,0.6666667,2.0,0,0,5
542.88025,54.0,54.0,7426.6543,526.3227,60.0,355.1082,246.69289,355.62347,4285.983,89.0,496.2277,1.3846154,5.0,0,0,5
329.51416,54.0,60.0,4485.6123,85.74159,137.0,385.6829,0.0,0.0,4857.6543,81.0,0.0,0.8333333,2.0,0,0,5
79.31057,73.0,60.0,124.96087,79.0,60.0,94.647995,0.0,0.0,34470.633,77.0,0.0,0.5,2.0,0,0,5
158.42288,54.0,54.0,143.0,69.0,60.0,85.63636,0.0,0.0,15695.526,57.931644,0.0,0.8333333,2.0,0,0,5
134.50749,79.0,91.0,229.0,404.55194,94.0,316.6442,0.0,0.0,7579.04,275.27563,0.0,0.5,2.0,0,0,5
157.0,54.0,54.0,1392.8053,1292.0,60.0,232.59358,492.0052,509.21964,74851.78,106.0,21.286428,1.0,3.0,0,3,5
532.54877,54.0,55.0,9659.901,344.35355,137.0,1116.0648,445.0388,511.8017,4164.485,189.25977,4.0,1.0769231,2.0,0,0,5
146.43489,54.0,60.0,1108.7407,1160.0,60.0,343.8974,0.0,0.0,15006.847,258.1691,0.0,0.5,2.0,0,0,5
155.0,66.0,90.64403,5222.5347,629.9264,90.0,589.68866,0.0,0.0,7735.7534,396.73666,0.0,0.5,2.0,0,0,5
418.69186,54.0,54.0,78509.85,1888.541,60.0,1259.4006,3939.9314,686.91693,17412.305,643.8243,992.4548,1.25,6.0,3,1,5
175.06662,54.0,54.0,179.0,78.0,60.0,100.333336,0.0,0.0,21521.625,70.243805,0.0,1.0,2.0,0,0,5
557.54846,54.0,54.0,11250.8,1188.9188,60.0,717.708,617.74554,613.8887,4912.2065,131.94968,459.40182,1.3333334,3.0,0,0,5
142.5296,91.0,76.0,143.0,89.0,116.0,96.333336,0.0,0.0,6644.2505,81.0,0.0,0.5,2.0,0,0,5
68.333336,61.166668,73.0,103.0,77.0,60.0,89.0,0.0,0.0,17131.508,75.0,0.0,0.5,2.0,0,0,5
185.0,54.0,54.0,291.22217,91.0,60.0,191.15227,70.30228,13.424867,23362.271,79.0,0.0,1.0,2.0,0,0,5
371.05072,54.0,54.0,8294.373,1514.0,60.0,509.23883,678.38776,634.08093,11898.149,222.35925,495.96246,1.25,4.0,3,0,5
226.0,54.0,54.0,8149.896,1743.5598,60.0,1172.2662,639.2398,618.0889,13632.817,411.8762,5.0,0.6666667,3.0,0,0,5
60.0,66.0,78.0,96.0,84.0,60.0,84.69967,0.0,0.0,92482.47,79.0,0.0,0.10934705,2.0,0,0,5
573.9098,54.0,54.0,9824.589,524.391,63.0,570.45874,549.73706,583.7672,4597.7944,91.0,344.2039,1.3333334,3.0,0,0,5
362.46716,54.0,55.0,5469.4155,86.0,134.3902,440.08237,0.0,0.0,5257.377,81.0,0.0,1.0,2.0,0,0,5
603.0,54.0,54.0,13279.115,1514.0,64.0,678.0153,549.73773,593.98364,2885.097,238.54176,551.93976,1.3846154,5.0,0,0,5
343.5059,54.0,72.0,5021.0,88.89243,143.0,390.41602,0.0,0.0,4376.149,82.78149,0.0,0.8333333,2.0,0,0,5
155.0,54.0,54.0,6989.5776,1514.0,60.0,1178.9176,587.3226,598.67346,37375.754,403.27188,0.0,0.5,2.0,0,0,5
155.19078,54.0,54.0,120.0,69.0,63.0,60.0,0.0,0.0,6848.6167,55.0,0.0,1.0,2.0,0,0,5
199.0,54.0,66.0,400.0,89.0,94.85764,279.20142,0.0,0.0,6677.304,87.0,0.0,0.5,2.0,0,0,5
132.98384,54.0,54.0,3268.0,1845.0,54.0,313.68222,666.8335,625.9584,224568.73,308.2401,300.79086,1.0,5.0,3,3,5
80.69298,54.0,54.0,120.0,76.0,60.0,85.85,0.0,0.0,170590.95,69.7841,0.0,0.5,2.0,0,2,5
60.0,87.0,89.0,120.0,179.08076,60.0,100.333336,0.0,0.0,35896.324,91.0,0.0,0.0994138,2.0,0,0,5
60.0,61.4,54.0,95.0,73.707535,60.0,77.0,0.0,0.0,121607.97,73.0,0.0,0.33333334,2.0,0,0,5
183.0,54.0,54.0,666.97424,708.82056,60.0,123.333336,0.0,0.0,9364.146,97.489334,10.0,1.0,4.0,0,0,5
492.33035,54.0,54.0,11404.922,1814.0,60.0,513.84143,1198.788,685.4222,10541.3955,239.8129,1086.1418,3.2673838,6.0,3,2,5
156.3973,54.0,55.0,5512.919,1321.7793,60.0,508.44135,391.42007,483.59164,19067.744,340.3037,0.0,0.5,2.0,0,0,5
567.76404,54.0,54.0,54483.258,1788.3713,60.0,1241.6941,1235.6708,685.4222,5581.271,332.23248,587.658,1.3333334,5.0,3,0,5
183.0,54.0,54.0,587.2003,524.0,60.0,143.38966,0.0,0.0,13448.951,90.19514,3.0,1.0,2.0,0,0,5
504.27274,54.0,54.0,8012.688,1514.0,60.0,387.80542,653.2789,623.31134,7889.3633,95.84621,1094.9443,5.2643003,6.0,3,3,5
137.0,60.0,55.0,95.97612,80.0,81.58161,95.0,0.0,0.0,7905.2734,64.0,0.0,0.5,2.0,0,0,5
60.0,66.0,79.19823,143.0,1160.0,60.0,124.79404,0.0,0.0,188840.55,343.9602,0.0,0.08734146,2.0,0,0,5
73.08577,54.0,54.0,134.9333,110.0,60.0,86.50446,0.0,0.0,197318.95,79.0,0.0,0.5,2.0,0,3,5
140.23709,54.0,54.0,151.0,78.0,60.0,94.333336,0.0,0.0,12812.0625,76.918785,0.0,0.5,2.0,0,0,5
230.0,54.0,54.0,2383.9573,94.0,60.0,287.43185,0.0,0.0,7992.537,85.001076,0.0,1.0,2.0,0,0,5
197.0,89.0,76.0,205.0,89.0,169.0,136.00813,0.0,0.0,3803.0918,84.0,0.0,0.5,2.0,0,0,5
653.13696,54.0,54.0,10242.351,952.8331,60.0,419.1138,601.76263,611.2104,4516.047,83.0,1108.4408,7.551362,5.0,3,0,5
599.80054,54.0,54.0,20482.297,1514.0,60.0,1128.7148,816.91705,672.4755,5362.7656,244.8949,741.3465,2.7365863,5.0,3,0,5
107.830475,54.0,54.0,1962.3533,1514.0,60.0,444.63913,547.1145,563.2517,195626.77,303.4373,0.0,0.5,2.0,0,2,5
322.76337,54.0,54.0,5152.511,137.70721,60.0,326.92368,174.52434,234.96738,9037.91,84.17498,11.0,1.1428572,2.0,0,0,5
544.6667,54.0,54.0,7360.344,525.0,79.725006,329.43982,101.404366,177.5,2924.7961,89.0,452.5214,1.3846154,5.0,0,0,5
403.53278,54.0,54.0,5077.211,89.0,60.0,270.32193,202.81664,233.30304,7966.197,76.80952,129.8415,1.2531046,2.0,0,0,5
163.40201,79.0,71.13497,154.0,73.0,140.02527,94.333336,0.0,0.0,5569.972,73.0,0.0,0.5,2.0,0,0,5
317.31335,54.0,54.0,3268.0,89.0,96.0,317.0049,0.0,0.0,5441.814,87.0,0.0,1.0,2.0,0,0,5
364.5387,54.0,54.0,8337.527,1514.0,60.0,640.30994,620.3194,613.84296,9039.307,249.7243,207.0,1.1538461,3.0,0,0,5
92.745926,79.0,78.0,138.73544,81.15565,60.0,100.28566,0.0,0.0,15806.859,78.0,0.0,0.5,2.0,0,0,5
255.51753,54.0,54.0,9664.694,1867.4962,60.0,546.1245,735.24347,657.48755,13537.921,456.25546,550.80774,1.1818181,6.0,3,0,5
155.91092,54.0,54.0,155.0,93.0,60.0,74.333336,0.0,0.0,28207.432,70.0,105.7481,1.2,3.0,0,3,5
61.359375,86.79521,89.0,132.99077,221.57513,60.0,106.333336,0.0,0.0,34366.105,95.0,0.0,0.09972155,2.0,0,0,5
556.5082,54.0,54.0,9828.229,524.0,87.11419,678.4469,526.8614,562.85986,4396.681,101.774956,206.42781,1.2558656,2.0,0,0,5
124.649124,54.0,85.0,5547.0,1514.0,60.0,1121.9813,280.63586,435.1477,22600.04,655.93146,0.0,0.5,2.0,0,0,5
161.0,86.333336,66.0,143.0,77.0,151.0,87.0,0.0,0.0,4733.584,70.0,0.0,0.5,2.0,0,0,5
174.43576,54.0,54.0,4801.099,694.2837,60.0,422.20422,292.507,353.2971,19655.977,223.46974,0.0,0.5,2.0,0,0,5
332.5738,54.0,54.0,13789.516,1857.564,60.0,1232.7281,2119.2507,685.4222,18897.08,492.69232,534.6427,1.1559618,5.0,3,0,5
103.0,56.996998,55.0,94.0,73.0,85.0,91.0,0.0,0.0,9820.513,55.0,0.0,0.5,2.0,0,0,5
183.34424,54.0,54.0,198.0,89.0,60.0,96.333336,0.0,0.0,26080.502,72.0,14.0,1.1818181,2.0,0,3,5
212.59688,54.0,54.0,185.37875,79.0,60.0,90.333336,0.0,0.0,7738.477,71.54241,5.0,1.1428572,2.0,0,0,5
146.96146,54.0,54.0,199.0,624.0,60.0,96.333336,101.01028,25.0,96997.11,79.0,188.31665,1.117647,4.0,0,3,5
448.8418,54.0,54.0,9601.145,1292.0,60.0,701.4838,675.01575,631.67944,9697.874,160.66801,285.38544,1.2222222,3.0,0,0,5
96.0,78.0,94.0,400.0,1292.0,60.0,444.5166,0.0,0.0,11314.695,494.17953,0.0,0.18911968,2.0,0,0,5
84.69833,54.0,54.0,154.0,616.47687,60.0,94.0,0.0,0.0,144918.98,89.0,0.0,0.5,3.0,0,3,5
95.0,54.0,54.0,199.0,1292.0,60.0,126.0,124.1354,89.578705,178328.36,115.7735,0.0,0.5,2.0,0,3,5
96.0,54.0,54.0,138.0,81.0,60.0,87.42857,0.0,0.0,135349.5,73.20918,0.0,0.5,2.0,0,3,5
636.92114,54.0,54.0,706678.1,1867.9706,60.0,1241.7928,3439.7751,686.61224,6694.655,357.70264,1483.57,6.657278,7.6326056,4,0,5
154.0,73.0,81.5421,238.0,146.42259,97.5995,352.46225,0.0,0.0,7886.8413,89.0,0.0,0.5,2.0,0,0,5
127.273254,54.0,54.0,161.0,525.0,60.0,87.666664,0.0,0.0,124481.164,79.0,14.0,1.0,3.0,0,3,5
