bwd_seg_size_avg,pkt_len_min,fwd_pkt_len_min,totlen_bwd_pkts,fwd_pkt_len_max,bwd_pkt_len_min,pkt_len_mean,fwd_pkt_len_std,bwd_pkt_len_std,flow_byts_s,fwd_pkt_len_mean,psh_flag_cnt,down_up_ratio,fwd_act_data_pkts,syn_flag_cnt,fin_flag_cnt,Label
158.0,71.0,71.0,5952.623,87.282104,60.0,315.70544,19.062763,0.0,2911.3777,76.0,0.0,0.5,2.0,0,0,2
393.11264,54.0,54.0,180.0,88.88377,60.0,239.52634,0.0,0.0,76225.72,55.0,0.0,0.5,2.0,0,0,2
561.0,54.0,54.0,560.2321,1292.0,60.0,78.0,0.0,11.785113,11698.557,75.0,0.0,0.5,453.34702,0,0,2
138.0,64.0,54.0,42658.758,85.0,60.0,100.0,0.0,0.0,97.11948,55.0,0.0,0.75,4.0,0,0,2
252.67229,77.0,76.0,60.0,777.8274,60.0,155.85399,0.0,0.0,4625.648,85.4617,0.0,0.75,2.0,0,0,2
567.0,55.0,69.5,107.84452,95.0,119.43896,56.666668,0.0,0.0,16373.372,81.45944,0.0,0.5,6.0,0,0,2
561.0,50.0,75.0,120.0,79.0,60.0,229.33333,0.2921691,0.0,3774.8958,76.41239,0.0,0.5,2.0,0,0,2
107.01332,50.0,54.0,97.078804,88.0,60.0,239.0,0.0,0.0,314736.94,54.0,0.0,0.5,2.0,0,0,2
141.95114,75.0,54.0,180.0,703.9236,60.0,104.666664,0.0,0.0,14150.886,77.088615,0.0,1.0,2.0,0,0,2
560.0,84.102455,81.0,60.0,617.6079,60.0,87.0,0.0,0.0,7229.4194,88.16845,2.0,1.1460762,6.0,0,0,2
304.24643,54.0,76.0,120.0,697.04767,60.0,234.03598,0.0,0.0,1797.4927,78.411804,0.0,1.2716286,2.0,0,0,2
567.0,54.0,85.0,60.0,1292.0,60.0,105.42682,0.0,0.0,585.94904,150.66824,18.25664,0.6666667,2.0,0,0,2
560.71185,55.0,54.0,6699.6987,1181.3643,418.8457,61.166668,0.0,0.0,5908.848,78.60099,0.0,0.6666667,2.0,0,0,2
68.333336,54.0,54.0,44244.203,78.0,60.0,415.70853,28.755676,0.0,2209.8499,78.0,0.0,0.5,4.0,0,0,2
564.0,50.0,54.898952,60.0,75.0,60.0,57.0,0.0,0.0,39273.6,71.0,0.0,1.0833334,63.028656,0,0,2
576.72064,81.0,85.0,60.0,1292.0,116.157875,93.18211,0.0,0.0,237.76945,175.14378,0.0,0.8333333,2.0,0,0,2
669.0,75.0,54.0,171.0,87.675255,60.0,115.184784,0.0,0.0,4181.4233,80.0,1.0,0.5,2.0,0,0,2
158.0,78.0,55.0,120.0,87.0,91.088394,113.75108,0.0,0.0,2204.4858,75.0,0.0,0.8333333,8.0,0,0,2
561.0,66.0,54.0,994.32404,105.42603,561.0,91.0,0.0,70.79149,286.1711,55.0,0.0,0.5,2.0,0,0,2
104.59925,77.218254,55.0,60.0,1254.0,60.0,247.0,29.883776,313.92938,348.7727,90.0,0.0,0.5,17.672796,0,0,2
562.7244,78.0,78.0,145.0,1224.8589,60.0,97.666664,0.0,0.0,4457.3477,86.0,0.0,0.5,2.0,0,0,2
608.9311,70.0,79.0,60.0,85.52207,60.0,87.333336,0.0,0.0,11825.935,85.0,0.0,1.3277062,2.0,0,0,2
663.47046,54.0,78.0,120.0,1292.0,80.46967,88.05249,0.0,95.35475,237.07953,88.0,0.0,1.25,2.0,0,0,2
158.0,50.0,54.0,681.5999,138.9124,144.63414,94.333336,0.0,0.0,72.21316,75.0,0.0,0.6666667,2.0,0,0,2
561.0,54.0,54.0,217.71881,624.0,60.0,273.0,0.0,0.0,12643.775,108.76761,0.0,0.6666667,2.0,0,0,2
162.1016,50.0,54.0,7195.4946,71.0,60.0,391.9168,0.0,0.0,20646.098,55.0,0.0,1.3563267,2.0,0,0,2
335.19086,54.0,54.0,158.0,660.3372,78.0,86.65758,0.0,2.349926,4135.879,80.0,0.0,0.5,2.0,0,0,2
653.0909,54.0,54.0,120.0,266.4399,567.0,57.0,0.0,0.0,108645.36,88.0,0.0,1.0,2.0,0,0,2
594.89496,55.0,73.0,167.0,1292.0,60.0,92.0,0.0,0.0,6980.986,78.0,8.0,0.5,0.0,0,0,2
78.0,66.0,54.0,2580.91,1143.6119,71.57152,78.0,0.0,0.0,128.55956,106.0,5.0,0.5,3.0,0,0,2
561.0,50.0,54.0,567.0,688.82886,165.49554,97.666664,0.0,285.6856,2774.168,94.0,0.0,0.6666667,2.0,0,0,2
78.0,54.0,54.0,4818.769,582.0,60.0,157.19487,0.0,58.376366,3621.2004,88.603714,0.0,0.6666667,6.0,0,0,2
639.5,54.0,54.0,560.34796,87.0,60.0,239.0,0.0,1.43327,16732.916,76.80378,5.0,0.5,2.0,0,0,2
102.784515,70.471985,54.0,7620.0,705.33746,70.0,111.24707,0.0,22.151157,250.17818,55.0,0.0,2.439024,2.0,0,0,2
78.0,67.0,55.0,560.6076,696.0975,60.0,97.666664,0.0,333.0289,2750.0989,71.0,0.0,0.6666667,10.0,0,0,2
627.48114,54.0,55.0,60.0,882.3271,60.0,347.68738,0.0,0.0,263014.0,55.0,0.0,1.1525319,2.0,0,0,2
72.5,60.282257,54.0,25004.09,1254.0,65.801384,78.0,0.0,0.0,7320.58,90.6,0.0,0.9,17.526184,0,0,2
560.4619,57.0,55.0,170.23553,1254.0,72.5,90.0,0.0,0.0,5642.3867,82.86071,0.0,0.5,3.0,0,0,2
169.64111,78.0,55.0,127.0,75.0,60.0,242.075,0.0,0.0,5884.4087,75.0,0.0,1.1087556,2.0,0,0,2
70.0,88.0,77.0,88.0,955.714,60.0,116.42746,0.0,0.0,331.44876,153.58594,0.0,0.6666667,14.647788,0,0,2
61.441044,54.0,54.0,8146.3477,1254.0,60.0,226.6418,0.0,0.0,236.32391,55.0,0.0,0.5,244.48741,0,0,2
193.7735,80.0,54.0,60.0,90.6,60.0,247.0,0.0,0.0,3967.8367,75.0,0.0,1.1,3.0,0,0,2
253.89272,71.0,71.0,5680.2275,656.7481,60.0,104.666664,0.0,0.0,436.90607,143.60371,0.0,0.6666667,2.0,0,0,2
103.217735,54.0,54.0,1263.466,82.0,60.0,370.38522,0.0,0.0,251.86101,80.0,0.0,0.5,4.0,0,0,2
538.0,66.0,54.0,1083.4495,129.44098,60.0,372.35318,0.0,0.0,20407.865,55.0,0.0,1.2,2.0,0,0,2
560.0,55.0,54.0,39829.805,87.0,60.0,249.90462,0.0,0.0,11759.763,77.0,5.435941,0.6666667,2.0,0,0,2
538.0,74.0,54.0,566.676,93.612236,60.0,428.30325,246.02434,0.0,9924.45,55.0,0.0,0.8888889,2.0,0,0,2
580.38544,54.0,54.0,60.0,207.06052,60.0,88.0,0.0,0.0,47055.92,55.0,0.0,0.5,2.0,0,0,2
60.0,87.0,73.0,120.0,703.7614,60.0,238.00542,0.0,0.0,1699.1617,80.0,0.0,0.5,77.94811,0,0,2
608.83923,50.0,50.0,11878.781,1254.0,60.0,107.23047,7.316126,40.355923,2481.3748,76.0,0.0,0.5,2.0,0,0,2
417.3334,54.0,54.0,7642.4087,589.0,60.0,246.92574,0.0,0.0,1806.7429,80.0,0.0,0.5,2.0,0,0,2
106.56214,54.0,54.0,9886.044,144.47823,65.0,94.333336,0.0,12.5,246.9898,75.0,7.0,0.5,153.67923,0,0,2
561.0,55.0,54.0,78.0,691.67694,347.8679,59.891,0.0,0.0,9672.022,88.00025,0.0,0.573746,7.529705,0,0,2
121.08732,74.533714,55.0,9889.228,75.0,60.0,240.0,0.0,0.0,15811.838,72.75949,0.0,1.2,3.0,0,0,2
103.03717,65.0,54.0,561.0,135.03955,60.0,134.83218,0.0,10.557102,390.39264,87.0,0.0,0.6666667,5.0,0,0,2
158.0,54.0,54.0,8456.025,75.0,60.0,456.5915,0.0,0.0,13570.516,55.0,0.0,0.6666667,2.0,0,0,2
296.01154,54.0,54.0,6464.6265,94.0,60.0,239.0,0.0,8.438921,2399.8228,55.0,0.0,1.2,2.0,0,0,2
669.0,54.0,54.0,226152.08,1254.0,560.0,71.674965,0.0,253.89737,251.82928,55.0,0.0,1.0833334,2.0,0,0,2
560.0,54.0,55.0,149.43683,87.0,60.0,104.666664,0.0,0.0,594.465,76.0,0.0,0.75,2.0,0,0,2
354.87656,54.0,54.0,60.0,142.4139,120.0,57.0,0.0,0.0,3408.135,80.0,0.0,0.6666667,2.0,0,0,2
212.25455,71.0,73.60118,145.0,80.56612,60.0,239.0,0.0,0.0,10047.954,78.0,0.0,0.6666667,6.0,0,0,2
60.0,53.31058,54.0,158.0,1292.0,60.0,451.8075,0.0,0.0,1837.2719,78.0,0.0,0.5,5.0,0,0,2
560.0,66.0,54.0,7485.4634,87.0,60.0,174.03294,0.0,12.5,7528.0586,71.0,0.0,2.4995997,2.0,0,0,2
593.9932,88.0,50.0,60.0,143.17085,60.0,428.7443,0.0,0.0,1634.1864,87.0,0.0,0.6666667,2.0,0,0,2
561.0,56.547966,55.0,567.0,87.0,60.0,295.55905,0.0,0.0,4364.7666,81.0,0.0,0.8739071,2.0,0,0,2
60.0,87.0,75.0,60.0,94.0,60.0,299.8216,0.0,0.0,10379.457,90.0,0.0,0.75,6.0,0,0,2
567.0,78.0,78.0,78.0,617.7349,557.23627,119.93523,0.0,0.0,1776.2837,85.0,0.0,0.5,2.0,0,0,2
578.7729,54.0,54.0,7620.0,90.91853,60.0,209.20369,0.0,0.0,77.020424,54.0,0.0,0.8789322,2.0,0,0,2
66.0,79.91317,54.0,171.0,108.79542,60.0,114.35217,0.0,0.0,1482.9712,73.0,0.0,0.5,3.0,0,0,2
561.0,55.0,55.0,158.0,90.6,60.0,239.0,0.0,0.0,222029.55,57.164948,0.0,1.3333334,2.0,0,0,2
60.0,71.0,73.0,34235.414,94.46524,60.0,239.00383,0.0,0.0,2800.5745,78.0,0.0,0.8634479,12.0,0,0,2
107.41812,71.0,55.0,3811.4072,78.0,65.0,109.38692,0.0,12.5,1882.5472,78.0,0.0,0.5,15.308543,0,0,2
119.89505,65.0,55.0,36699.85,78.0,60.0,342.4759,0.0,83.226746,3678.408,74.0,1.0,0.5,2.0,0,0,2
74.0,50.0,50.0,120.0,76.0,60.0,91.0,135.90424,0.0,8328.54,55.0,0.0,1.0,3.0,0,0,2
561.0,54.0,54.0,60.0,1292.0,109.19594,60.137043,0.0,0.0,251.89989,87.0,0.0,0.6666667,4.0,0,0,2
560.01227,55.0,54.0,120.0,75.0,88.0,88.0,0.0,231.32405,11864.803,75.0,0.0,0.5,4.0,0,0,2
564.0,67.0,54.0,7184.0,1282.7933,561.0,80.0,0.0,0.0,7324.241,78.0,0.0,0.5,2.0,0,0,2
739.90466,54.0,55.0,561.0,90.6,60.0,137.64957,0.0,0.0,5739.9233,55.0,0.0,0.5474199,0.68943924,0,0,2
618.37115,54.0,66.37137,120.0,257.5139,60.0,113.89377,0.0,0.0,81.97272,72.0,0.0,0.5,2.0,0,0,2
127.0,75.0,78.0,145.0,342.0,60.0,117.964195,0.0,0.0,12196.161,87.0,0.0,1.375,2.0,0,0,2
158.0,61.166668,54.0,39567.332,971.50653,119.0,72.85381,0.0,0.0,11694.434,101.25706,0.0,1.0,330.31143,0,0,2
200.0,55.0,54.0,18774.396,743.5473,60.0,91.0,0.0,0.0,5598.274,78.0,0.0,0.5,2.0,0,0,2
413.73578,55.0,54.0,120.0,251.49297,60.0,247.0,0.0,0.0,75.768,54.0,0.0,1.0,2.0,0,0,2
97.24413,54.0,54.0,12111.918,79.38415,60.0,232.64,65.14066,0.0,7796.7026,55.0,0.0,0.5,2.0,0,0,2
146.99457,74.0,55.0,147.31114,121.80968,60.0,240.0,0.0,0.0,1094.1038,78.0,13.0,0.5,2.0,0,0,2
60.0,87.0,55.0,147.47949,86.0,60.0,117.966034,0.0,0.0,366.21048,55.0,0.0,0.5,246.37523,0,0,2
151.3987,55.0,54.0,120.0,174.46063,65.0,133.10834,0.0,0.0,51.42987,55.0,0.0,1.2114185,2.0,0,0,2
753.7029,54.0,54.0,13241.074,106.409676,60.0,133.06752,0.0,0.0,10740.198,55.0,0.0,0.8961241,2.0,0,0,2
567.0,50.0,54.0,108.33107,106.44242,60.0,57.0,0.0,2.4920807,1528.0609,54.0,7.0,1.5470831,6.0,0,0,2
127.0,77.0,54.0,831.15234,75.877014,65.0,86.66077,0.0,0.0,11011.439,55.0,0.0,0.6666667,2.0,0,0,2
164.86813,54.0,55.0,145.53119,1252.3357,66.0,60.19259,0.0,0.0,77.10416,77.0,0.0,0.5,318.73743,0,0,2
561.0,57.0,72.0,202.33684,1013.632,168.59245,64.0,0.0,0.0,6902.5615,92.0,0.0,0.5,3.0,0,0,2
64.0,50.0,54.0,151.0,78.0,60.0,115.963036,0.0,0.0,2889.7383,75.0,0.0,1.0,3.0,0,0,2
315.59598,71.0,54.0,60.0,87.0,60.0,229.90062,0.0,0.0,180499.3,54.0,0.0,0.5,2.0,0,0,2
60.0,81.0,74.0,120.0,713.3878,60.0,104.666664,0.0,0.0,9840.511,81.0,0.0,1.0,3.0,0,0,2
85.752754,54.0,55.0,60.0,88.0,60.0,100.0,0.0,0.0,14577.361,81.0,0.0,0.5,3.0,0,0,2
564.0,75.0,54.0,298.219,703.4558,60.0,82.348915,14.038799,13.616134,1696.814,94.0,0.0,0.5,181.97884,0,0,2
604.014,74.0,72.0,127.0,92.0,560.0,88.333336,0.0,0.0,14578.386,90.6,0.0,0.5,1.1436667,0,0,2
571.0,75.0,78.0,60.0,90.6,97.04264,109.333336,0.0,0.0,12026.087,81.0,0.0,0.5,185.55418,0,0,2
560.0,67.0,54.0,6218.062,80.0,395.2141,78.0,0.0,0.0,11332.051,75.0,12.0,0.33333334,2.0,0,0,2
120.92457,77.0,55.0,150.0,76.866165,60.0,512.5453,0.0,0.0,14556.646,73.95498,0.0,0.5,2.0,0,0,2
561.0,54.0,54.0,24447.123,75.0,541.268,60.0,0.0,25.5,2765.4539,71.0,0.0,0.5,2.0,0,0,2
560.0,65.0,54.0,31169.035,87.92357,60.0,209.16667,0.0,0.0,16296.107,75.0,0.0,0.75,2.0,0,0,2
60.0,85.29247,83.0,78.0,1292.0,60.0,245.23691,0.0,0.0,1943.2169,89.0,0.0,0.8888889,5.0,0,0,2
561.0,90.1483,54.0,60.0,88.0,60.0,390.87677,0.0,85.50317,4177.943,87.0,0.0,1.9702218,2.0,0,0,2
151.41183,54.0,54.0,116.94088,88.0,60.0,199.154,0.0,0.0,354.2893,72.0,0.0,0.5,2.0,0,0,2
85.5,78.0,81.0,107.79065,701.62305,60.0,240.17363,4.298954,0.0,2891.1458,81.0,0.0,0.6666667,3.0,0,0,2
150.0,55.0,54.0,60.0,87.0,60.0,240.0,0.0,0.0,77.37593,55.0,0.0,0.8859565,2.0,0,0,2
531.96466,54.0,54.0,3183.0935,1292.0,60.0,100.0,0.0,0.0,10326.575,82.368355,0.0,2.653968,2.0,0,0,2
653.0909,50.0,55.0,559.0936,78.0,60.0,184.33667,0.0,0.0,393.7701,55.0,0.0,0.6666667,2.0,0,0,2
117.74328,75.0,81.0,78.0,1292.0,78.0,116.94845,0.0,0.0,147827.34,81.0,0.0,0.5,3.0,0,0,2
232.3797,74.0,55.0,6272.661,90.94179,60.0,117.873695,0.0,0.0,1611.306,75.0,0.0,0.5,2.0,0,0,2
189.02382,77.0,54.0,60.0,94.666664,60.0,105.50785,0.0,0.0,2026.6711,88.0,1.6515576,0.5,2.0,0,0,2
194.70166,81.0,54.0,7114.9175,93.5,60.0,428.35,0.49885994,0.0,11767.934,55.0,0.0,0.5,3.0,0,0,2
75.19228,54.0,54.0,176.0663,79.0,60.0,206.08298,0.0,0.0,389.067,55.0,0.0,0.75,7.0,0,0,2
598.9737,89.0,74.0,60.0,705.00397,60.0,229.33333,0.0,0.0,104532.16,88.0,0.0,0.5,2.0,0,0,2
119.0,71.0,54.0,564.0,80.0,60.0,534.49994,0.0,0.0,5683.942,55.0,0.0,0.5,3.0,0,0,2
151.0,54.0,54.0,7184.0,88.0,60.0,240.01743,0.0,0.0,16507.521,87.0,0.0,0.5,2.0,0,0,2
60.0,50.0,54.0,8345.97,88.0,60.0,512.73834,6.398407,0.0,10739.727,55.0,0.0,0.5,4.0,0,0,2
156.0,54.0,54.0,36952.113,89.0,107.15483,106.670715,0.0,0.0,1981.0493,55.0,0.0,0.5,4.0,0,0,2
159.9323,54.0,54.0,120.0,757.7541,66.0,239.0,0.0,0.0,1539.7639,55.0,0.0,0.5,2.0,0,0,2
145.56671,54.0,54.0,10898.448,88.0,60.0,239.0,0.0,0.0,6168.3745,55.0,0.0,0.5,2.0,0,0,2
212.09793,54.0,54.0,137766.9,275.6052,60.0,104.60921,0.0,0.0,8822.884,75.0,0.0,1.375,2.0,0,0,2
183.47162,50.0,54.0,120.0,93.5,60.0,291.8752,0.0,0.0,8566.118,55.0,0.0,0.5,2.0,0,0,2
560.0,54.0,54.0,7205.4443,87.0,60.0,240.0,0.0,0.0,4823.8384,55.0,0.0,0.6666667,2.0,0,0,2
561.0,55.0,54.0,687.7584,75.0,538.551,75.72522,0.0,0.0,8918.116,55.0,0.0,0.5,2.0,0,0,2
118.95037,78.00123,55.0,180.0,1254.0,60.0,204.2975,0.0,0.0,8592.279,89.0,0.0,0.5,2.0,0,0,2
159.04344,75.0,75.0,60.0,406.61005,60.0,451.0049,15.5,0.0,4324.784,80.0,0.0,0.5,2.0,0,0,2
211.63753,54.0,54.0,1033.8693,1257.6011,70.0,134.27214,0.0,0.0,2743.8293,130.31151,0.0,0.5,2.0,0,0,2
151.97002,80.0,54.0,158.0298,94.666664,60.0,200.45076,0.0,0.0,8164.382,74.0,0.0,0.7476976,2.0,0,0,2
85.5,87.0,50.0,60.0,85.0,60.0,100.0,0.0,0.0,8615.747,78.0,0.0,0.5,34.907715,0,0,2
653.0909,57.0,55.861355,60.0,1292.0,560.0,87.0,0.0,0.0,354.33282,90.61003,0.0,0.5,2.0,0,0,2
560.0,50.0,54.0,42223.457,1292.0,60.0,76.521194,0.0,0.0,20610.031,74.0,0.0,0.5,182.6143,0,0,2
596.9924,65.0,54.0,11943.91,81.0,60.0,104.666664,0.0,0.0,4362.2476,80.0,4.5340247,1.0,1.0,0,0,2
60.0,54.0,54.0,8535.98,1292.0,60.0,207.82812,0.0,0.0,12257.712,91.298775,0.0,0.5,9.84271,0,0,2
564.0,87.0,54.0,60.0,86.0,60.0,97.666664,0.0,0.0,219110.06,55.0,17.0,1.2,6.0,0,0,2
65.850716,81.689575,54.0,78.31514,78.0,60.0,232.64,0.0,507.8947,1797.5844,75.0,0.0,0.5,22.027739,0,0,2
60.0,54.0,78.0,136.37941,1292.0,60.0,221.59778,0.0,88.61932,17787.8,143.0894,0.0,0.5,130.15936,0,0,2
643.88605,50.0,55.0,499.74115,87.0,60.0,123.2446,0.0,0.0,2225.246,55.0,0.0,0.8,2.0,0,0,2
60.0,50.0,54.0,479655.12,1180.8759,60.0,247.28696,9.811871,0.0,20538.883,71.0,0.0,0.5,249.51363,0,0,2
85.5,65.0,71.0,167.79454,121.46925,60.0,232.64,0.0,0.0,1128.0491,74.0,10.0,0.6666667,6.0,0,0,2
72.5,50.0,54.0,98182.41,86.0,60.0,240.0,0.0,0.0,11520.917,71.0,0.0,0.6666667,3.0,0,0,2
149.20802,87.0,88.0,60.0,115.72493,60.0,182.92064,0.0,264.57578,247.24266,88.0,0.0,0.5,79.58738,0,0,2
561.0,65.42857,71.0,145.0,78.0,295.8017,76.0,0.0,0.0,3028.2375,75.0,0.0,4.992133,2.0,0,0,2
85.5,80.0,87.0,60.0,1178.8813,60.0,104.666664,0.0,0.0,7380.7734,87.90106,0.0,1.0,5.0,0,0,2
564.0,77.83683,54.0,606.9554,88.0,60.0,192.6404,0.0,0.0,81884.79,54.46194,0.0,1.722747,2.0,0,0,2
397.7962,67.0,54.0,88.0,90.793465,60.0,85.251686,0.0,0.0,4210.202,55.0,0.0,0.5,2.0,0,0,2
692.7273,81.0,50.0,151.0,150.68236,60.0,420.8699,0.0,0.0,70525.8,72.0,0.0,0.5,2.0,0,0,2
560.0,91.255684,54.0,7620.0,81.0,72.5,91.43285,0.0,0.0,11096.316,75.0,0.0,0.6666667,254.73409,0,0,2
304.4887,54.0,54.0,4236.399,586.429,60.360077,104.666664,0.0,0.0,9838.921,78.0,0.0,0.6666667,2.0,0,0,2
567.0,65.0,55.0,8003.6567,1254.0,213.26929,130.60323,19.310041,554.09406,5769.578,90.6,7.0,0.5,2.0,0,0,2
127.0,54.0,73.0,78.22057,618.0,105.04595,88.59172,0.0,108.094765,251.296,174.65982,0.0,0.6666667,3.0,0,0,2
122.177025,67.11178,54.0,171.0,617.8952,60.0,163.64111,0.0,11.785113,1522.7952,120.158775,0.0,1.1111112,2.0,0,0,2
564.8491,54.0,54.0,38251.793,1292.0,68.5826,209.26585,0.0,0.0,6395.6294,78.0,0.0,0.6666667,6.0,0,0,2
167.46667,54.0,54.0,1191.4841,624.0,60.0,78.0,0.0,0.0,5880.055,102.69936,0.0,1.0,4.8828,0,0,2
68.333336,88.0,78.0,60.0,175.89563,60.0,294.61606,21.716179,0.0,21073.207,89.0,0.0,0.5,245.4077,0,0,2
118.36591,77.0,55.0,60.0,94.82062,60.0,345.99292,0.4994766,0.0,4388.226,78.0,0.0,0.75,2.0,0,0,2
455.64572,54.0,54.0,78.0,88.0,60.0,429.24292,0.0,0.0,1794.7091,85.0,0.0,0.5,2.0,0,0,2
60.0,81.0,55.0,60.0,1292.0,60.0,428.35,0.0,30.117197,1491.8359,86.0,0.0,0.5,3.0,0,0,2
60.0,85.38301,54.0,608.8926,115.492966,60.0,390.94098,0.0,0.0,1381.3956,94.0,0.0,1.0,5.0,0,0,2
571.0,77.0,54.0,120.0,78.0,211.36597,113.78819,0.0,0.0,9681.183,78.0,5.0,0.5,2.0,0,0,2
151.10442,54.0,55.0,205.0,933.0,60.0,111.064354,0.0,13.009027,1543.0458,92.0,0.0,0.5,2.0,0,0,2
636.9389,54.0,55.0,158.0,750.3775,66.0,80.14079,0.0,0.0,17109.21,81.0,0.0,0.6666667,1.234488,0,0,2
158.33203,74.0,88.0,60.0,1292.0,60.0,276.4019,0.0,0.0,5923.488,89.0,0.0,0.89302266,2.0,0,0,2
69.55206,78.0,55.0,60.0,1292.0,60.0,105.62298,0.0,283.34064,357.8052,78.0,0.0,0.5,12.0,0,0,2
106.957695,54.0,54.0,60.0,1254.0,60.0,210.30786,0.0,0.0,1796.8324,81.17818,0.0,1.0,4.0,0,0,2
669.0,54.0,54.0,5684.134,81.0,60.0,239.0,0.0,0.0,8980.816,54.0,0.0,1.25,1.0,0,0,2
564.0,54.0,74.0,159.87001,617.0,560.0,56.666668,0.0,0.0,41769.855,81.0,0.0,0.5,2.0,0,0,2
68.333336,54.0,54.0,219336.28,71.0,60.0,146.00868,135.44756,326.44327,665.67993,55.0,0.0,0.5,300.41324,0,0,2
218.73102,78.0,54.0,11756.716,82.04901,60.0,239.0,0.0,0.0,4649.3257,78.0,0.0,0.6666667,7.7996945,0,0,2
567.0,57.0,71.0,6405.5815,669.68036,560.4548,71.0,0.0,0.0,1319.8756,140.92638,0.0,1.0,2.0,0,0,2
85.5,74.0,75.0,60.0,621.7123,60.0,100.0,0.0,0.0,8454.533,80.0,0.0,0.5,3.0,0,0,2
60.0,50.0,54.0,60.0,90.6,60.0,94.0,0.0,0.0,8920.681,85.0,0.0,1.0833334,72.39857,0,0,2
78.0,55.0,54.0,156.6738,94.0,68.333336,87.674164,0.0,0.0,898.22253,60.0,0.0,1.0,4.0,0,0,2
561.0,66.68636,54.0,10474.49,90.0,252.55748,104.666664,0.0,0.0,9676.346,55.0,0.0,0.5,14.532845,0,0,2
106.83256,54.0,54.0,12036.645,78.0,60.0,100.0,0.0,0.0,186.41364,55.0,0.0,0.5,5.0,0,0,2
575.6834,50.0,85.0,78.0,1298.798,567.0,97.666664,0.0,0.0,44.04926,87.0,0.0,0.5,1.1706748,0,0,2
304.50443,54.0,77.9867,120.0,1253.9696,158.89505,89.79052,0.0,0.0,15158.782,80.0,0.0,1.2222222,2.0,0,0,2
66.0,54.0,54.0,561.0,700.1723,60.0,87.03758,0.0,0.0,10735.518,78.0,0.0,0.5,180.8051,0,0,2
169.2207,54.0,55.0,561.0,619.0,60.0,86.61322,0.0,0.0,3104.695,78.0,0.0,0.5,3.0,0,0,2
561.0,54.0,54.0,850.024,980.3248,151.0,84.84455,0.0,0.0,11826.92,76.2642,0.0,0.5,2.0,0,0,2
136.0,65.0,60.0,60.0,96.0,78.0,78.0,0.0,0.0,8549.706,75.0,5.0,1.2901963,142.09685,0,0,2
567.0,56.666668,71.0,12072.885,581.6152,60.0,77.0,0.0,0.0,22029.498,104.38738,0.0,0.5,10.0,0,0,2
167.0,66.0,55.0,155.45024,94.87678,60.0,372.92432,0.0,9.204311,341.83707,78.0,0.0,0.5,2.0,0,0,2
151.0,87.0,78.0,107.04167,81.0,60.0,153.37308,0.0,0.0,11696.392,80.0,0.0,0.5,2.0,0,0,2
562.07294,57.0,55.0,145.7055,87.5391,72.5,77.0,0.0,0.0,930.43555,55.0,0.0,0.5,2.0,0,0,2
60.973434,87.0,80.0,60.0,972.76227,60.0,127.53376,0.0,0.0,779.757,85.0,0.0,0.6666667,6.0,0,0,2
561.0,61.4,54.0,97.0,94.666664,68.333336,78.0,0.0,0.0,3077.2566,83.504486,0.0,0.5,3.0,0,0,2
105.93703,87.0,54.0,41947.2,615.4134,60.0,250.24515,42.84671,25.5,11763.743,81.124374,3.0,0.3673927,8.0,0,0,2
317.91315,54.0,54.0,1050027.4,157.55142,60.0,445.1306,362.23203,0.0,133.60104,71.0,0.0,1.0,2.0,0,0,2
85.5,54.0,54.0,1200.164,74.0,60.0,94.333336,0.0,0.0,16966.9,55.0,0.0,0.5,6.0,0,0,2
186.44423,77.0,54.0,20139.072,147.13138,60.0,91.0,0.0,0.0,62904.293,55.0,0.0,1.7733948,2.0,0,0,2
162.68874,61.166668,54.0,120.0,87.0,78.0,71.0,0.0,0.0,7117.706,77.0,17.0,0.7369137,8.0,0,0,2
145.83673,54.0,54.0,60.0,134.93393,77.02325,105.500015,0.0,0.0,89949.79,54.0,0.0,0.5,65.759766,0,0,2
119.551254,54.0,54.0,171.0,719.43463,60.0,373.69583,0.0,2.3009071,9147.418,79.0,0.0,1.0,7.0,0,0,2
72.5,54.0,55.0,60.0,87.506615,60.0,120.17572,0.0,0.0,20672.74,86.0,0.0,0.6666667,8.0,0,0,2
68.333336,87.0,50.0,60.0,94.0,60.0,114.73987,0.0,0.0,9033.1875,85.0,0.0,1.1346716,3.0,0,0,2
586.71027,54.0,78.0,60.0,1181.6162,160.42194,78.0,0.0,0.0,3670.8958,90.6,0.0,0.5,2.0,0,0,2
136.0,54.0,78.0,60.0,632.7927,98.84371,60.0,0.0,0.0,41410.06,80.0,0.0,0.75,22.90175,0,0,2
259.78714,64.809456,75.0,120.0,87.0,60.0,239.0,0.0,0.0,6044.1304,76.0,0.0,1.0,2.0,0,0,2
669.0,65.0,72.0,127.0,729.2816,100.79283,104.0427,0.0,0.0,16993.738,91.27803,0.0,0.5,2.0,0,0,2
80.0,66.0,55.0,213.0,146.36188,65.0,139.9014,0.0,0.0,356.5448,103.76681,0.0,0.5,2.0,0,0,2
60.0,66.09775,54.0,1317.4504,1292.0,60.0,325.7991,0.0,0.0,627.0946,75.0,0.0,0.5,6.0,0,0,2
248.2448,75.0,55.0,212.97493,94.666664,60.0,393.2752,0.0,0.0,5251.399,55.0,0.0,0.5,6.0,0,0,2
107.03436,55.0,54.0,18857.459,85.0,60.0,239.0,0.0,0.0,11877.154,75.0,0.0,0.6666667,2.0,0,0,2
78.0,71.0,74.0,199.05518,702.5663,60.0,420.96957,0.0,0.0,4844.4287,79.0,0.0,0.5,2.0,0,0,2
311.62302,54.0,54.0,7620.0,78.0,65.0,212.9513,0.0,0.0,18373.703,75.0,0.0,0.5,2.0,0,0,2
565.8654,54.0,77.0,120.0,1292.0,60.0,239.0,0.0,67.79137,11745.153,87.0,0.0,1.5306529,2.0,0,0,2
561.0,87.058815,54.0,7673.1,85.0,103.04248,91.0,0.0,0.0,2583.3862,78.0,0.0,0.5,2.0,0,0,2
560.0,54.0,54.0,669.0,636.2447,412.8563,78.0,0.0,0.0,3107.4702,88.0,0.7473806,0.5,5.0,0,0,2
104.82932,54.0,54.0,180.0,79.58794,60.0,136.51712,0.0,0.0,7603.6816,55.0,0.0,0.5,2.0,0,0,2
155.44406,77.0,87.0,60.0,1078.4541,91.413605,97.666664,0.0,0.0,9883.85,87.0,0.0,0.5,2.0,0,0,2
430.23563,54.0,54.0,145.0,119.79045,60.0,247.0,0.0,0.0,15087.711,55.0,0.0,1.4419357,2.0,0,0,2
155.54153,54.0,54.0,567.0,148.9275,70.0,92.224075,0.0,310.22684,394.07224,88.0,0.0,0.8888889,2.0,0,0,2
304.6621,71.0,55.0,180.0,86.55134,60.0,240.0,123.58211,40.212017,3869.2158,55.0,8.0,0.5,2.0,0,0,2
605.2735,54.0,54.0,8363.825,78.0,60.0,235.21208,0.0,0.0,3698.6775,78.0,0.0,0.5,2.0,0,0,2
316.61557,81.0,71.0,60.0,342.0,60.0,249.0,108.3018,8.625765,9156.571,81.84945,0.0,0.72427964,2.0,0,0,2
295.83408,54.0,54.0,198.0,104.61041,158.03569,61.166668,0.0,0.0,10722.978,54.0,0.0,1.3757097,2.0,0,0,2
561.0,54.0,55.041252,105.224304,1253.1218,560.0,57.0,0.0,0.0,68052.28,83.44388,0.0,0.6666667,2.0,0,0,2
144.81798,54.0,54.0,288989.28,88.0,60.0,149.85976,0.0,0.0,8465.65,82.92862,0.0,0.6666667,3.0,0,0,2
60.0,54.0,54.63293,167.89769,72.0,60.0,104.25568,0.0,25.5,16974.494,71.0,0.0,0.5,271.34082,0,0,2
560.0,54.0,71.0,136.0,94.666664,87.77699,240.0,0.0,0.0,278977.3,80.0,0.0,0.5,187.9303,0,0,2
598.11365,54.0,55.0,78.0,737.11584,60.0,239.0,0.0,0.0,9567.685,80.0,0.0,0.5,2.0,0,0,2
158.0,67.0,56.292324,120.0,85.0,60.0,95.62399,0.0,0.0,7207.7607,76.085335,0.0,0.5,2.0,0,0,2
669.0,57.0,54.0,198.22824,103.054504,562.8828,90.0,0.0,0.0,48.051365,55.0,4.0,0.5,2.0,0,0,2
78.0,54.0,54.0,60.0,736.9175,60.0,232.48817,0.0,0.0,118.13922,94.666664,4.0,0.6666667,25.907732,0,0,2
562.68164,55.0,54.0,3641.1301,143.54861,163.30205,94.333336,0.0,0.0,114.06593,86.0,9.0,1.0,2.0,0,0,2
60.0,54.0,54.0,7883.051,98.241806,60.0,184.99078,128.13625,460.2507,149.00215,80.0,0.0,0.5,122.969696,0,0,2
68.333336,54.0,85.0,60.0,1292.0,60.0,179.98283,0.0,0.0,9893.981,95.0,0.0,0.5,8.535375,0,0,2
417.65155,54.0,54.0,120.0,74.0,60.0,325.924,2.6351116,0.0,19185.232,55.0,0.0,0.5,2.0,0,0,2
158.0,54.0,54.0,6656.0,1268.6229,80.0,57.0,0.0,0.0,7457.4204,87.0,8.0,1.3333334,5.0,0,0,2
85.5,54.0,75.0,120.0,1136.616,60.0,338.883,0.0,0.0,3560.962,80.0,0.0,1.0,12.0,0,0,2
335.18024,54.0,54.0,120.0,81.0,60.0,113.99127,0.0,0.0,68549.55,55.0,0.0,1.0,2.0,0,0,2
567.0,77.0,80.0,219.17618,624.0,158.55092,78.0,0.0,427.54526,8416.345,88.0,0.0,0.5,2.0,0,0,2
435.61987,54.0,54.0,60.0,106.0,60.0,85.93805,0.0,0.0,1801.9974,55.0,0.0,1.2484488,2.0,0,0,2
77.87219,71.0,54.0,571.0,1243.4285,60.0,94.39248,0.0,0.0,177863.97,216.46269,0.0,0.5,3.0,0,0,2
561.0,55.0,54.0,7184.0,78.0,60.0,273.0,171.80424,0.0,7295.578,71.0,9.0,0.33333334,2.0,0,0,2
478.24506,78.0,54.92617,8407.494,90.288666,60.0,239.62827,28.755676,0.0,9950.467,55.0,0.0,0.5,2.0,0,0,2
71.0,50.0,50.0,22062.84,698.67334,60.0,78.0,0.0,0.0,59.8992,54.0,0.0,0.5,3.0,0,0,2
523.59827,54.0,54.0,169.79388,1265.5703,60.0,100.0,0.0,216.38551,5363.4917,78.0,1.0078728,0.5,2.0,0,0,2
561.0,54.0,54.0,120.0,624.0,60.0,183.24422,0.0,0.0,3802.5579,78.0,0.0,0.6666667,2.0,0,0,2
669.0,50.0,50.0,22333.604,78.0,60.0,249.0,197.97076,0.0,16213.133,55.0,0.0,0.6666667,2.0,0,0,2
845.82513,75.0,54.0,98.598595,81.0,60.0,239.0,0.0,11.785113,19572.014,78.0,0.0,0.6666667,0.0,0,0,2
302.82474,72.9261,55.0,120.0,660.68805,60.0,93.72429,0.0,0.0,147.01904,78.0,0.0,0.5,2.0,0,0,2
74.0,78.0,76.76227,60.0,617.2512,60.0,232.64,0.0,39.952347,11893.491,92.69635,0.0,0.5,2.0,0,0,2
199.95328,54.0,54.0,42927.477,87.0,60.0,113.17179,0.0,0.0,6044.3867,55.0,0.0,0.5,5.0,0,0,2
60.0,81.0,81.70867,60.0,90.6,60.0,533.3725,0.0,0.0,11872.798,85.0,0.0,0.75,130.82733,0,0,2
60.0,54.0,54.0,561.0,1030.4308,60.0,109.333336,0.0,0.0,188720.61,55.0,0.0,0.5,6.0,0,0,2
561.0,54.0,54.0,8271.652,75.0,60.0,88.0,0.0,0.0,4649.254,55.0,0.0,0.5,332.47937,0,0,2
211.92773,54.0,54.147488,60.0,88.0,68.333336,57.0,0.0,0.0,154.63017,78.0,0.0,0.6666667,69.513916,0,0,2
563.9447,54.0,54.0,205.0,90.6,60.0,239.0,0.0,14.067668,14415.073,73.0,0.0,0.5,2.0,0,0,2
561.0,65.179245,73.66408,120.0,97.0,64.0,85.0,0.0,0.0,1311.3633,86.0,0.0,1.1071496,2.0,0,0,2
60.0,54.0,54.0,6082.5625,77.0,60.0,434.04303,33.5,0.0,2485.7905,55.0,0.0,0.6666667,4.0,0,0,2
653.0909,54.0,54.0,103.81236,85.0,60.0,239.0,0.0,0.0,6267.627,80.0,34.0016,0.5,2.0,0,0,2
376.20248,54.0,54.0,7674.0,79.58689,60.0,249.0,0.0,0.0,8452.521,72.185455,0.0,2.7944834,2.0,0,0,2
74.0,50.0,54.0,19274.512,88.0,60.0,117.276245,0.0,0.0,10308.166,55.0,0.0,0.6666667,3.0,0,0,2
478.18527,50.0,75.0,120.0,1254.0,60.0,394.3369,0.0,25.5,1714.9246,78.0,0.0,0.5,2.0,0,0,2
599.5256,75.78024,54.0,108.0,88.0,60.0,132.58537,0.0,0.0,7295.5947,80.0,0.0,1.3593069,2.0,0,0,2
162.74074,82.01037,71.0,60.0,85.0,60.0,114.4496,0.0,0.0,363.25278,78.0,0.0,0.5,2.0,0,0,2
136.0,78.0,54.0,16672.924,87.0,60.0,114.162674,0.0,0.0,326154.06,75.0,1.0,1.25,2.0,0,0,2
560.0,65.48499,85.0,60.0,1292.0,60.0,273.0,319.1527,0.0,11120.198,92.0,0.0,0.5,2.0,0,0,2
119.77509,54.0,54.0,3183.4326,90.0,60.0,125.17639,0.0,23.288654,3036.592,55.0,0.0,0.5,2.0,0,0,2
571.4447,55.0,54.0,7649.6367,87.0,60.0,104.80507,0.0,449.00998,3756.9019,78.0,0.0,0.6666667,2.0,0,0,2
653.0909,89.0,75.0,60.0,88.0,60.0,104.67825,0.0,0.0,11584.42,86.0,5.0,0.5,2.0,0,0,2
567.0,57.0,80.0,148.0,387.4723,60.0,79.209885,0.0,0.0,9016.646,121.64753,0.0,0.6666667,7.7477202,0,0,2
159.02219,71.0,82.0,60.0,1292.0,60.0,273.0,150.84741,481.04498,11894.722,87.0,0.0,1.0,3.0,0,0,2
78.666885,54.0,54.0,890.1707,173.8464,60.0,100.0,0.0,0.0,190.19461,74.0,8.0,0.6666667,3.0,0,0,2
551.6862,56.666668,81.0,60.0,783.1233,158.0,77.0,0.0,0.0,83.95432,88.0,0.0,0.5,2.0,0,0,2
136.0,88.0,54.0,60.0,153.19504,60.0,88.0,0.0,0.0,586.5542,88.0,0.0,0.5,6.4782066,0,0,2
637.02783,54.0,54.0,205.0,1278.9246,60.0,232.28888,0.0,0.0,96549.47,222.11566,0.0,1.2788126,2.0,0,0,2
77.0,50.0,54.0,120.0,90.6,60.0,88.0,0.0,0.0,12318.56,55.0,0.0,0.6666667,3.0,0,0,2
349.0848,54.0,54.0,120.0,71.0,60.0,85.0,0.0,0.0,5196.046,55.0,0.0,0.8,2.0,0,0,2
560.0,54.0,54.0,560.0,869.06415,477.94263,60.0,0.0,11.785113,1711.135,94.323395,7.1204114,0.6666667,2.0,0,0,2
567.0,78.0,85.0,60.0,617.0,60.0,239.0,0.0,23.00448,9083.368,102.00475,0.0,0.5,245.17717,0,0,2
165.80238,85.982475,55.0,120.0,88.693146,60.0,512.8411,0.0,0.0,7045.3545,75.0,0.0,0.5,11.785485,0,0,2
138.0,55.0,54.0,907.12885,72.45045,60.0,200.66182,0.0,87.758705,434.5935,55.0,0.0,0.5,8.0,0,0,2
560.0,61.22687,54.0,60.0,153.69878,157.7934,78.51089,0.0,0.0,741.6193,90.0,0.0,0.5,2.0,0,0,2
212.8088,54.0,72.0,127.0,700.5603,112.92149,75.96365,0.0,0.0,82649.69,88.0,0.0,0.6666667,2.0,0,0,2
523.5133,50.0,54.0,441172.6,89.98221,156.0,93.403755,0.0,0.0,8510.32,85.0,0.0,0.6666667,2.0,0,0,2
112.85173,75.0,80.0,60.0,955.5751,60.0,111.58291,0.0,11.785113,2512.1016,87.0,0.0,0.5,2.0,0,0,2
60.0,50.0,55.0,120.0,87.0,60.0,202.01598,0.0,0.0,9841.541,55.0,0.0,0.5,84.40651,0,0,2
60.0,89.0,54.0,1151.2535,87.0,60.0,119.24444,157.84846,0.0,88000.914,71.0,0.0,0.5,5.0,0,0,2
60.0,87.0,54.0,561.0,157.33333,60.0,250.5639,0.0,0.0,84437.71,55.0,0.0,0.5,181.31682,0,0,2
601.95105,54.0,54.0,120.0,933.0,60.0,250.41096,0.0,0.0,12025.185,104.55235,0.0,0.6666667,2.0,0,0,2
447.64795,78.0,54.0,60.0,88.0,60.0,94.0,0.0,8.204959,8294.853,88.0,0.0,0.5,3.0,0,0,2
125.869644,54.0,50.0,205.0,80.0,60.0,109.333336,0.0,0.0,660.8492,55.0,0.0,0.9328042,4.0,0,0,2
158.14403,81.0,54.0,60.0,90.37761,60.0,101.89186,0.0,404.96884,2813.2732,87.0,0.0,0.5,3.0,0,0,2
561.0,54.0,54.0,145.0,87.97365,60.0,239.0,0.0,14.040713,3946.0571,55.0,0.0,0.5,2.0,0,0,2
564.0,78.0,55.0,7354.2725,869.92145,60.0,91.0,0.0,0.0,79.37123,74.0,0.0,0.8,6.0,0,0,2
319.51028,54.0,54.0,156.0,78.0,60.0,124.18029,0.0,190.38492,3529.5034,55.0,0.0,0.5,2.0,0,0,2
538.0,56.666668,54.0,120.0,115.3098,263.00623,77.0,0.0,0.0,9701.894,85.0,0.0,0.5,2.0,0,0,2
561.0,55.0,54.0,60.0,619.6922,561.0,65.42857,0.0,0.0,183308.25,55.0,0.0,0.6666667,2.0,0,0,2
560.0,54.0,76.40303,60.0,616.7906,292.46933,65.42857,0.0,25.688654,134.83345,130.2755,5.0,0.5,2.0,0,0,2
154.86269,71.0,54.0,98.467,79.012634,60.0,86.92531,0.0,0.0,17884.215,71.0,9.0,0.07275461,2.0,0,0,2
154.99821,78.0,73.0,145.0,144.41902,120.0,124.801956,0.0,0.0,57.458843,78.702545,7.0,0.5,2.0,0,0,2
296.06314,77.0,55.0,60.0,1222.1829,60.0,93.40856,0.0,0.0,39477.555,89.0,0.0,0.5,2.0,0,0,2
77.80599,54.0,54.0,205.0,92.0,60.0,240.1364,180.0015,0.0,8987.571,55.0,0.0,0.6666667,149.12146,0,0,2
226.19122,54.0,76.0,145.0,81.0,156.35751,61.166668,0.0,0.0,6005.843,76.0,0.0,0.6666667,2.0,0,0,2
119.25657,54.0,54.0,7184.0,94.666664,91.83562,94.333336,0.0,0.0,5053.3433,55.0,5.0,1.1,4.0,0,0,2
475.73434,64.0,55.0,200.0,78.0,89.25184,95.08416,0.0,0.0,3872.569,71.0,0.0,0.5,2.0,0,0,2
561.0,54.0,54.0,7869.929,1292.0,146.71115,56.666668,0.0,0.0,1868.5599,87.0,0.0,0.5,184.27696,0,0,2
487.80576,54.0,54.0,3182.9946,89.0,60.0,440.12695,0.0,8.485281,1671.9447,75.0,0.0,0.5,2.0,0,0,2
699.96643,54.0,54.0,95935.03,117.553406,60.0,451.2005,177.67699,0.0,1457.9117,71.83302,0.0,0.5,2.0,0,0,2
560.0,54.0,86.0,60.0,1246.3579,560.0,60.091297,0.0,0.0,9677.282,117.89544,0.0,1.1438967,2.0,0,0,2
151.0,78.0,78.0,138.0,1282.0,60.0,241.49898,0.0,0.0,5778.9077,78.32673,0.0,0.9,2.0,0,0,2
664.4922,78.0,87.0,60.0,1292.0,140.51212,86.333336,0.0,0.0,11805.697,88.0,0.0,1.0833334,2.0,0,0,2
561.0,50.0,54.0,60.0,770.0938,64.39747,113.62206,0.0,433.46976,3074.132,78.0,0.0,0.5,3.0,0,0,2
158.0,89.71468,54.0,1396.0251,98.655334,60.0,273.0,168.11555,529.9805,1083.3765,74.0,0.0,0.6666667,5.0,0,0,2
543.1833,54.0,54.0,9904.636,78.0,60.0,97.666664,105.63579,9.701442,2706.98,71.0,0.0,0.5,2.0,0,0,2
60.0,75.0,54.0,105.02423,102.85254,60.0,140.59187,0.0,0.0,2706.6106,78.0,0.0,0.8,23.0,0,0,2
66.0,50.0,54.0,38837.508,81.0,60.0,113.768684,0.0,0.0,154965.98,72.0,0.0,0.6666667,183.65561,0,0,2
60.0,77.0,54.20075,60.0,88.0,60.0,133.88539,0.0,0.0,58801.453,85.0,0.0,1.0,80.787674,0,0,2
566.90875,54.0,54.0,376.6457,136.73317,564.0,78.58794,0.0,0.0,54.5932,104.89697,0.0,1.2222222,2.0,0,0,2
107.1101,78.0,54.0,567.0,78.0,60.0,100.0,0.0,0.0,4765.384,55.0,0.0,0.6666667,3.0,0,0,2
85.5,54.0,54.0,120.0,90.0,60.0,87.87624,0.0,0.0,1703.3678,85.0,0.0,0.6843696,6.0,0,0,2
215.01842,76.4502,54.0,7888.9966,78.0,60.0,239.0,0.0,0.0,15207.787,71.0,0.0,1.1287113,5.0,0,0,2
114.77231,54.0,54.0,29041.234,80.0,86.0,85.0,0.0,0.0,7319.1514,72.0,0.0,0.6666667,4.0,0,0,2
561.0,50.0,60.0,216.60797,173.98444,60.0,191.33058,0.0,27.846485,13257.304,73.56093,9.0,0.6666667,2.0,0,0,2
136.0,70.0,54.0,564.0,698.6263,87.04399,131.9267,0.0,0.0,392.2706,150.69785,0.0,1.2765768,2.0,0,0,2
568.69104,50.0,54.0,567.0,55.0,561.0,83.99155,0.0,0.0,78.33223,54.0,0.0,3.142322,2.0,0,0,2
151.0,54.0,72.0,90.020355,88.0,60.0,240.0,0.0,0.0,8200.544,78.0,0.0,0.75,3.0,0,0,2
533.94476,54.0,71.0,60.0,1180.8456,60.0,88.333336,0.0,0.0,5811.221,89.74647,0.0,1.2222222,2.0,0,0,2
560.0,77.0,55.0,152.55746,132.17694,60.0,251.73734,0.0,0.0,20616.365,60.0,0.0,0.5,2.0,0,0,2
341.05518,61.166668,54.0,564.0,119.938286,127.0,76.0,0.0,0.0,10250.686,55.0,0.0,0.6666667,2.0,0,0,2
538.7249,50.0,54.0,4163.348,157.33333,182.00195,86.2604,0.0,0.0,120.64959,55.0,0.0,0.6666667,2.0,0,0,2
164.84364,54.0,54.0,159.07072,80.0,60.0,118.06962,0.0,0.0,5048.3936,55.0,0.0,0.5,2.0,0,0,2
68.333336,54.0,54.0,116.182495,1029.0383,60.0,239.37163,18.307634,9.354831,5043.4204,78.0,0.0,0.5,310.5023,0,0,2
581.3247,50.0,54.0,9911.762,110.36429,60.0,132.22528,0.0,0.0,322567.4,55.0,0.0,0.75,2.0,0,0,2
90.622696,54.0,54.0,25011.414,948.8453,60.0,252.8917,0.0,10.53494,1625.053,103.15209,0.0,0.54584265,71.527565,0,0,2
102.861725,54.0,55.0,171.0,69.94605,60.0,114.145065,0.0,10.107635,827.2183,57.58913,0.0,0.5,15.175388,0,0,2
68.333336,64.0,55.0,2758.337,87.0,60.0,468.6714,0.0,0.0,4907.2314,55.0,0.0,0.8333333,6.0,0,0,2
567.0,50.0,89.0,60.0,1276.1997,60.0,94.333336,0.0,0.0,20414.312,102.53457,0.0,0.5,8.0,0,0,2
567.0,54.0,80.0,60.0,581.0,60.0,229.33333,0.0,0.0,12026.985,88.0,0.0,0.5,4.0,0,0,2
60.0,50.0,54.0,18324.799,75.0,60.0,249.0,0.0,0.0,2763.6584,55.0,0.0,1.0,23.0,0,0,2
520.3753,75.0,88.0,60.0,174.4305,60.0,200.05508,0.0,0.0,95421.69,94.0,0.0,1.1896554,2.0,0,0,2
107.75499,80.0,87.0,60.0,157.53679,60.0,239.0,0.0,0.0,82.847115,88.0,0.0,1.605802,2.0,0,0,2
60.0,65.0,72.0,180.0,495.2009,60.0,117.12199,0.0,0.0,22899.773,88.2658,0.0,0.75,5.0,0,0,2
60.0,54.0,54.0,7443.685,87.0,60.0,198.4102,0.0,0.0,4818.9976,55.0,0.0,0.5,6.0,0,0,2
560.0,57.0,54.0,562.43024,828.3469,0.0,70.0,0.0,0.0,5973.5977,80.0,0.0,0.5,600.98303,0,0,2
145.32451,54.0,78.0,60.0,733.5606,60.0,94.337746,0.0,0.0,3837.8767,86.0,0.0,0.5,2.0,0,0,2
353.7851,50.0,54.0,7620.0,55.0,60.0,478.9876,50.217445,0.0,70.167206,55.0,0.0,0.8333333,4.0,0,0,2
60.0,78.0,50.0,60.0,88.0,54.0,240.0,0.0,9.337176,6406.5195,86.0,0.0,0.6666667,234.51399,0,0,2
60.0,54.0,54.0,646.46967,174.39568,60.0,249.29068,0.0,0.0,76.9237,55.0,0.0,0.5,8.691834,0,0,2
60.0,77.0,54.0,11996.743,81.0,60.0,212.08887,0.0,0.0,11817.603,71.0,0.0,0.5,181.41109,0,0,2
85.5,54.0,55.0,561.0,129.06476,60.0,229.33333,0.0,0.0,11737.975,88.0,0.0,0.5,4.0,0,0,2
361.68182,55.0,54.0,189.67677,1242.1738,60.0,88.333336,0.0,0.0,9107.217,92.0,0.0,0.5,2.0,0,0,2
305.9585,54.0,54.0,78.0,624.0,213.0,94.333336,0.0,348.55853,4363.1484,88.0,0.0,0.6666667,0.31387937,0,0,2
85.5,54.0,54.0,78.0,88.0,60.0,132.36519,0.0,0.0,4004.0796,63.98837,0.0,0.5,6.0,0,0,2
68.333336,54.0,55.0,60.0,81.0,60.0,239.0,0.0,0.0,312.3497,72.88645,0.0,0.794958,68.0,0,0,2
156.0,54.0,54.0,577.3792,1254.0,104.97679,67.203514,0.0,0.0,11774.349,77.102875,0.0,0.5,7.0,0,0,2
524.39044,86.0,54.0,4488.1406,75.0,60.0,97.666664,0.0,0.0,14756.937,55.0,11.0,0.6666667,2.0,0,0,2
150.05211,54.0,60.0,225.88432,187.9832,120.0,82.4,0.0,11.785113,3503.6777,78.0,0.0,0.75,112.63149,0,0,2
608.4211,54.0,54.0,118.83919,78.0,120.18833,92.83238,0.0,41.326878,539.0008,75.0,0.0,0.5,2.0,0,0,2
136.0,78.0,85.0,60.0,90.6,60.0,78.0,0.0,0.0,8749.878,85.0,0.0,0.5,2.0,0,0,2
60.0,54.0,75.0,151.0,934.86707,60.0,240.0,0.0,354.9744,3233.7705,85.51388,0.0,0.8888755,6.0,0,0,2
561.0,54.0,54.0,3254.9207,153.77777,448.65393,56.727737,0.0,0.0,140.39026,54.374596,0.0,0.5,2.0,0,0,2
567.0,56.875866,78.0,60.0,618.0,561.0,65.0,0.0,25.5,5639.477,88.0,0.0,0.6666667,2.0,0,0,2
564.0,57.0,76.021126,7184.0,115.94761,474.52884,71.0,0.0,0.0,17513.11,80.0,0.0,0.6666667,2.0,0,0,2
60.0,50.0,54.0,8112.104,1292.0,60.0,104.666664,0.0,13.087865,13354.829,82.971306,9.0,0.5,7.0,0,0,2
104.04521,54.0,54.0,8475.48,87.0,60.0,124.179855,0.0,0.0,6561.0537,71.0,5.0,0.6666667,275.2053,0,0,2
183.13057,54.0,54.0,161.60999,586.9377,60.0,87.68971,0.0,0.0,9875.591,92.0,0.0,1.2222222,2.0,0,0,2
150.0,77.13561,55.0,418.57217,87.526924,60.0,346.1845,26.352633,0.0,8288.889,75.0,7.0,0.5,2.0,0,0,2
60.0,55.0,54.0,120.0,65.25634,60.0,442.57956,0.0,0.0,299946.4,56.99083,0.0,0.5,6.0,0,0,2
85.5,54.703262,54.0,7620.0,75.0,60.0,216.51863,0.0,0.0,21560.215,75.0,0.0,0.8,8.0,0,0,2
745.3778,54.0,74.0,162.20644,212.48212,571.0,107.377045,0.0,0.0,1123.6549,74.0,0.0,3.2335403,2.0,0,0,2
60.0,54.0,54.0,568.82837,80.0,60.0,107.18922,33.5,11.785113,6093.1846,55.0,0.0,0.5,246.17395,0,0,2
561.0,54.0,54.0,8650.214,667.1739,60.0,88.0,0.0,11.785113,1709.9388,75.0,0.0,0.5,2.0,0,0,2
669.0,54.0,55.0,60.0,1254.0,60.0,124.57057,0.0,9.57556,2407.4253,78.0,0.0,0.5,2.0,0,0,2
151.57149,54.0,54.0,1406.3745,1292.0,60.0,94.0,0.0,0.0,38035.54,55.0,0.0,0.5,6.0,0,0,2
561.0,75.0,81.0,60.0,581.0,150.07076,104.666664,0.0,0.0,5263.9033,87.0,0.0,1.0,3.0,0,0,2
561.88434,50.0,54.0,561.0,80.0,322.66458,88.0,0.0,0.0,1313.6564,55.0,0.0,0.5,2.0,0,0,2
200.73819,61.166668,54.0,42723.586,1292.0,146.85933,78.0,0.0,0.0,12248.358,78.0,0.0,0.5,3.0,0,0,2
637.6978,88.0,81.0,60.0,95.0,158.0,107.78823,0.0,0.0,1694.1656,85.0,0.0,0.5,2.0,0,0,2
85.5,54.0,55.0,78.0,78.0,60.0,100.0,0.0,0.0,343498.66,55.0,0.0,0.6666667,8.0,0,0,2
60.0,78.0,72.0,60.0,87.0,60.0,106.793495,0.0,0.0,9907.566,75.0,0.0,0.5,5.0,0,0,2
549.9825,54.0,54.0,38832.355,1292.0,127.276566,57.0,0.0,0.0,6599.713,90.0,0.0,1.2222222,3.0,0,0,2
653.0909,71.0,50.0,60.0,90.6,60.0,209.67766,0.0,0.0,4831.85,87.0,0.0,0.5,2.0,0,0,2
78.0,50.0,54.0,323632.56,74.80819,60.0,240.0,0.0,0.0,77.14132,55.0,0.0,0.75,2.0,0,0,2
151.0,54.0,54.0,47236.99,581.0,60.0,413.81937,159.11606,504.96954,5252.01,92.0,0.0,0.5,3.0,0,0,2
295.8066,76.10084,54.0,561.0,90.6,60.0,232.3353,0.0,0.0,8496.099,71.0,0.0,0.6666667,2.0,0,0,2
739.46796,55.0,55.0,264.47882,583.0,561.0,87.56348,0.0,0.0,11245.504,89.0,0.0,0.5,2.0,0,0,2
156.0,55.0,54.0,6656.0,81.0,60.0,209.122,0.0,0.0,5059.169,55.0,0.0,3.210189,2.0,0,0,2
553.75323,50.0,81.0,117.112915,1254.0,60.0,247.0,0.0,319.89545,4653.8105,82.87552,0.0,0.5,2.0,0,0,2
561.0,50.0,54.0,561.0,1292.0,560.29236,87.333336,0.0,0.0,11469.05,71.0,0.0,0.75720024,2.0,0,0,2
637.8951,54.0,54.0,213.0,481.80624,60.0,65.42857,0.0,0.0,91.25408,134.92802,0.0,0.6666667,2.0,0,0,2
564.0,54.0,76.014465,151.0,1282.0,60.0,96.47455,0.0,82.66148,91.79037,94.0,0.0,0.5,2.0,0,0,2
104.8282,54.0,54.0,333477.12,106.0301,68.333336,209.15134,0.0,10.497527,2242.7117,87.0,13.0,0.5,70.67871,0,0,2
60.0,54.0,54.0,21906.844,138.73785,60.0,385.32718,143.283,0.0,6900.0557,94.60118,1.0,1.0,268.19022,0,0,2
120.0,66.0,75.0,610.7986,88.62521,66.0,100.0,0.0,0.0,8335.756,80.0,0.0,0.5,2.0,0,0,2
103.03455,54.0,54.0,156.0,81.76311,60.0,240.0,0.0,284.37122,1837.9314,76.67267,0.0,0.8333333,6.0,0,0,2
540.01154,54.0,54.0,561.0,83.82674,60.0,119.03188,0.0,0.0,2208.9849,55.0,0.0,1.9297981,5.5680547e-16,0,0,2
156.0,84.599525,78.0,60.0,94.15644,103.97253,92.0,0.0,0.0,4150.492,82.792625,0.0,1.5452279,2.0,0,0,2
636.97345,54.0,54.0,60.0,138.69972,60.0,88.333336,0.0,275.37073,215.88336,92.0,0.0,0.75,2.0,0,0,2
68.333336,70.0,75.0,60.0,697.6481,60.0,83.3831,0.0,0.0,20603.842,94.59129,0.0,0.5,9.298512,0,0,2
250.64044,54.0,54.0,7679.2197,94.0,60.0,136.47096,0.0,0.0,9262.518,80.0,0.0,2.792849,2.0,0,0,2
190.92328,55.0,54.0,478.4223,593.10175,88.0,84.54326,0.0,0.0,7656.128,74.90538,0.0,0.6666667,2.0,0,0,2
636.5,54.0,54.0,7601.806,88.0,60.0,105.1698,42.5113,0.0,1796.9772,55.0,0.0,0.5,2.0,0,0,2
512.0568,87.0,54.0,95.932365,94.051605,214.30403,87.25977,0.0,0.0,1639.8279,73.0,0.0,1.0,2.0,0,0,2
304.43494,54.0,78.0,60.0,1292.0,60.0,379.52972,0.0,0.0,5056.8896,86.0,0.0,0.5,3.0,0,0,2
158.46587,61.22619,55.0,60.0,90.0,60.0,65.721245,0.0,0.0,5251.7446,86.0,5.0,1.2222222,18.128963,0,0,2
567.0,78.0,55.0,60.0,90.6,436.68,78.0,0.0,11.785113,7285.305,81.0,0.0,0.5,2.0,0,0,2
547.0625,50.0,54.0,120.0,88.0,60.0,235.49504,8.489527,0.0,7204.152,78.0,0.0,1.0,2.0,0,0,2
97.90502,54.0,54.0,267604.44,87.90733,60.0,276.468,184.84552,0.0,188.54503,55.0,0.0,0.5,3.0,0,0,2
605.9973,76.03188,54.0,4638.6685,55.0,269.85107,78.0,0.0,11.785113,365.47754,55.0,0.0,0.5,2.0,0,0,2
669.0,54.0,54.0,60.0,92.0,60.0,274.04193,0.0,0.0,3500.991,86.019684,0.0,0.5,2.0,0,0,2
119.0,81.0,54.0,60.0,81.0,60.0,239.0,0.0,12.5,1856.8588,75.0,0.0,1.5337461,2.0,0,0,2
90.623604,75.0,78.0,80.14503,1254.0,60.0,273.0,0.0,0.0,251.78566,88.0,0.0,1.2222222,2.0,0,0,2
561.0,55.0,54.0,120.0,88.0,85.5,61.4,0.0,0.0,11417.695,55.0,0.0,0.5,3.0,0,0,2
576.99445,55.0,55.0,120.0,611.6707,561.0,77.004135,0.0,40.216908,907.6428,71.0,0.0,1.0,2.0,0,0,2
68.333336,54.0,88.0,60.0,1292.0,60.0,247.0,0.0,402.67578,666.9684,104.50265,0.0,0.5,5.0,0,0,2
115.1167,65.0,54.0,8388.735,1094.1226,86.0,107.53524,0.0,0.0,11978.723,81.0,0.0,0.5,2.0,0,0,2
596.5539,54.0,54.0,561.0,726.7369,60.0,205.1002,0.0,0.0,598.6731,85.589226,0.0,1.1039251,2.0,0,0,2
150.0,65.42857,85.0,105.251465,102.276535,60.0,75.0,0.0,0.0,23479.34,87.0,0.0,0.5,6.0,0,0,2
88.0,55.0,76.7601,120.0,700.9195,60.0,135.66371,0.0,25.5,623.38275,94.0,6.0,0.5,3.0,0,0,2
560.0,55.0,55.0,561.0,1256.2311,60.0,239.98,0.0,85.50739,2472.2063,94.0,0.0,0.6666667,2.0,0,0,2
162.67209,78.0,88.332825,60.0,1125.5326,60.0,86.25855,0.0,0.0,4305.758,92.0,0.0,0.5,2.0,0,0,2
68.333336,50.0,78.0,120.0,1292.0,60.0,80.07549,0.0,0.0,5123.7495,89.0,0.0,0.5,3.0,0,0,2
296.008,54.0,54.0,162.92703,78.0,60.0,117.92834,0.0,40.79595,4427.9565,54.50508,1.0,0.5,3.0,0,0,2
295.79257,54.0,54.0,36604.305,618.0,162.29253,61.37345,0.0,8.785024,7043.8438,89.71088,0.0,0.5,2.0,0,0,2
213.0,78.0,54.0,567.0,55.0,60.0,428.35,0.0,0.0,70.182236,55.0,0.0,0.5,2.0,0,0,2
669.0,87.0,75.0,60.0,80.0,60.0,444.3936,0.0,0.0,6082.28,78.0,0.0,1.5305697,2.0,0,0,2
78.0,70.0,54.0,1233.3226,88.0,60.0,78.0,0.0,0.0,8590.222,54.0,0.0,0.6666667,2.0,0,0,2
158.0,54.0,54.0,5876.164,88.0,60.0,451.85,0.0,25.5,5809.939,55.0,0.0,0.5,2.0,0,0,2
635.4392,50.0,54.0,60.0,87.0,560.0,84.98199,0.0,183.56433,2773.4998,75.0,0.0,0.5,2.0,0,0,2
213.50432,54.0,54.0,515.5456,1292.0,60.0,94.333336,0.0,0.0,1714.5375,87.0,0.0,0.5,7.0,0,0,2
567.0,71.079056,55.0,7188.1333,88.0,167.06029,78.0,0.0,0.0,1311.7485,75.0,0.0,0.5,2.0,0,0,2
121.52476,54.0,54.0,60.0,699.2251,70.58096,104.79017,0.0,0.0,354.20642,98.21008,0.0,0.5,3.0,0,0,2
564.0,54.0,54.0,201567.7,177.74675,60.0,239.0,0.0,0.0,57.45661,80.0,0.0,0.6666667,2.0,0,0,2
561.0,54.0,54.0,490.2219,80.0,60.0,82.00382,0.0,0.0,21463.8,71.0,0.0,0.5,14.372654,0,0,2
60.0,75.0,73.0,3408.3567,624.0,60.0,208.03365,0.0,0.0,11410.858,90.6,0.0,0.5,7.0,0,0,2
706.8475,78.0,73.0,657.4539,84.76382,60.0,103.39941,0.0,0.0,8572.8955,82.0,0.0,0.5,2.0,0,0,2
197.10611,55.0,54.0,80.0,103.69099,144.91545,57.0,0.0,0.0,352.40015,55.0,7.0,0.75,2.0,0,0,2
179.51003,54.0,78.0,60.0,303.92822,60.0,239.0,0.0,0.0,3699.9075,85.0,0.0,0.5,2.0,0,0,2
150.61673,77.0,81.0,60.0,1282.0,60.0,104.50537,0.0,431.87766,84.11293,84.33639,0.0,1.6666666,2.0,0,0,2
150.11151,74.0,75.0,60.0,657.77124,60.0,255.07257,0.0,0.0,109.96104,143.60214,0.0,0.6132108,2.0,0,0,2
567.0,57.0,75.0,95.977295,92.10659,89.45615,78.0,0.0,115.1888,12005.379,86.0,0.0,0.5,2.0,0,0,2
127.0,55.0,82.191086,107.51337,1264.4631,68.333336,100.0,0.0,0.0,62833.04,157.51796,0.0,0.5,8.0,0,0,2
151.93323,54.0,54.0,8212.869,87.0,149.84541,113.89282,18.921232,0.0,7274.794,55.0,0.0,0.5,2.0,0,0,2
78.0,54.0,54.0,10907.566,80.0,60.0,113.69733,0.0,8.967468,4782.8843,55.0,0.0,0.5,4.0,0,0,2
561.0,66.0,54.0,561.0,956.77026,60.0,237.73582,0.0,0.0,251.231,147.1,0.0,0.74778205,2.0,0,0,2
216.4895,54.0,54.0,560.0,78.0,78.0,61.166668,0.0,0.0,1698.2177,55.0,0.0,0.5,3.0,0,0,2
78.0,62.144653,54.0,7196.0806,974.54736,60.0,183.86266,0.0,304.1125,5261.853,81.80141,0.0,1.0,22.160065,0,0,2
104.834496,54.0,74.84729,158.0,1242.0668,60.0,215.8442,0.0,0.0,5717.842,82.0,0.0,0.5,8.0,0,0,2
156.0,78.0,89.0,60.0,1292.0,60.0,88.17392,0.0,0.0,1382.747,89.42462,0.0,1.1190021,2.0,0,0,2
68.333336,55.0,55.0,60.0,1292.0,60.0,413.74103,108.2627,0.0,2514.4583,80.0,0.0,0.5,3.0,0,0,2
671.8892,54.0,54.0,48638.68,81.0,60.0,87.2109,0.0,0.0,5261.3613,55.0,0.0,2.135692,2.0,0,0,2
105.04099,54.0,54.0,127.0,151.48402,60.0,95.654495,0.0,0.0,196.47006,55.0,0.0,1.0,4.0,0,0,2
114.46339,54.0,54.0,619.4773,94.41156,86.0,97.666664,160.14847,0.0,11746.924,55.0,1.0,0.5,6.0,0,0,2
414.9812,55.0,54.0,107.16685,705.93634,60.0,273.0,0.0,0.0,10337.477,88.0,0.0,0.9,4.0,0,0,2
60.0,81.0,78.0,120.0,618.0,60.0,240.0,0.0,0.0,5913.2397,91.7313,7.0,1.2,6.0,0,0,2
160.00932,73.0,86.0,60.0,589.2899,60.0,94.39253,0.0,11.785113,1034.8092,87.961205,0.0,2.0776007,2.0,0,0,2
145.17635,64.0,72.0,60.0,671.0324,60.0,117.12675,0.0,157.67047,912.3952,88.0,0.0,0.5,3.0,0,0,2
78.0,54.0,54.0,560.0,81.0,60.0,240.0,0.0,0.0,8563.257,55.0,0.0,0.5,3.0,0,0,2
103.96129,77.0,55.0,5201.9497,105.29581,60.0,247.0,0.0,0.0,18097.105,60.0,0.0,0.5,2.0,0,0,2
60.0,75.0,54.0,1139.3171,87.0,60.0,104.895515,77.19054,0.0,21559.53,54.0,0.0,0.75,4.0,0,0,2
60.0,81.0,55.0,160.90562,105.87198,60.0,116.303345,0.0,0.0,10545.541,81.0,0.0,0.5,4.0,0,0,2
115.0744,54.0,54.0,5306.949,85.31887,60.0,148.36717,0.0,25.5,5050.9077,55.0,0.0,0.5,3.0,0,0,2
74.0,78.0,54.0,151.8643,131.54262,60.0,454.72763,0.0,0.0,331.2327,54.0,10.0,2.3602376,3.0,0,0,2
404.02368,65.230095,80.0,60.0,1292.0,66.0,101.479256,0.0,0.0,5569.7886,85.765656,0.0,1.0,2.0,0,0,2
561.0,60.0,78.0,60.0,745.29034,335.3328,75.0,0.0,0.0,2618.2708,85.0,0.0,0.6666667,1.1589245,0,0,2
185.54826,67.0,55.0,156.0,81.0,119.01737,87.333336,0.0,0.0,4180.1167,55.0,0.0,0.82074827,7.0,0,0,2
150.95808,54.0,54.0,10826.246,88.03606,60.0,87.64586,0.0,0.0,8282.728,78.0,0.0,1.2222222,2.0,0,0,2
438.0616,54.0,54.0,119.18999,81.0,60.0,195.66191,0.0,0.0,926.2036,80.0,0.0,0.5,19.625256,0,0,2
547.0334,80.0,75.0,60.0,1292.0,60.0,94.52931,0.0,0.0,5253.5063,81.2537,0.0,1.0930812,2.0,0,0,2
630.35657,55.0,78.0,60.0,137.07216,60.0,111.64474,0.0,0.0,40005.03,87.0,0.0,0.6666667,2.0,0,0,2
158.0,89.0,54.0,4365.5063,89.0,127.0,94.38694,0.0,0.0,58.383293,55.0,2.0,0.5,7.0,0,0,2
692.67816,79.97355,54.0,39078.25,102.28272,157.08652,86.0,0.0,0.0,8596.432,87.0,0.0,0.5,2.0,0,0,2
637.5086,78.0,55.0,120.0,78.0,60.0,192.72867,0.0,170.08353,1895.859,75.0,0.0,0.75,2.0,0,0,2
120.96025,78.0,55.0,77.63048,109.180405,60.0,92.0,0.0,0.0,1802.049,85.0,0.0,0.75,21.139488,0,0,2
60.0,86.0,54.0,3734.7534,618.0,60.0,406.0398,0.0,0.0,332.1901,153.66667,5.0,0.5,8.0,0,0,2
68.333336,50.0,75.0,60.0,88.0,60.0,127.30625,0.0,0.0,4413.8003,87.0,0.0,1.188349,3.0,0,0,2
97.76001,65.0,78.0,72.0202,87.76084,65.0,97.666664,0.0,0.0,10484.859,85.0,0.0,0.5,17.008024,0,0,2
417.3156,54.0,54.0,41835.535,90.486534,60.0,94.333336,0.0,0.0,2017.158,85.0,0.0,1.7699791,2.0,0,0,2
561.0,55.0,54.0,171.0,87.0,60.0,231.0938,0.0,10.200795,4980.006,87.0,0.0,1.0,2.0,0,0,2
562.9259,54.0,54.0,244.06337,1254.0,416.9989,86.333336,0.0,0.0,8570.374,101.69969,0.0,1.2,2.0,0,0,2
561.0,57.0,75.0,60.0,1262.3259,120.0,80.0,0.0,0.0,9282.121,94.39744,0.0,0.5,2.0,0,0,2
564.0,88.0,55.0,180.90636,81.0,60.0,104.37201,24.04163,0.0,7587.9585,76.15936,0.0,1.6793784,2.0,0,0,2
567.0,70.0,75.0,93.2695,87.0,74.29647,125.70786,32.13997,449.07242,2243.8464,75.0,0.0,0.5,12.0,0,0,2
596.9797,55.0,55.0,6656.0,704.01855,214.32744,61.166668,0.0,0.0,2766.0518,90.0,0.0,0.5,2.0,0,0,2
692.7273,50.0,54.0,41615.746,75.0,560.0,56.666668,0.0,0.0,9584.385,55.0,5.0,1.1162016,2.0,0,0,2
167.0,54.0,54.0,31535.445,88.89375,164.62474,87.229095,0.0,0.0,4123.653,55.0,8.0,0.5,2.0,0,0,2
61.391693,54.0,54.0,7184.0,108.40083,60.0,106.17717,0.0,23.25847,930.40326,55.0,10.0,1.0,156.22578,0,0,2
85.5,50.0,55.0,145.46786,80.0,60.0,109.333336,13.9313755,0.0,8421.789,75.0,0.0,0.6666667,3.0,0,0,2
157.5863,61.519875,71.0,156.34659,88.0,136.0,65.0,0.0,0.0,8512.929,75.0,3.0,1.9411038,2.0,0,0,2
145.52298,54.0,76.0,60.0,153.95471,60.0,505.73483,0.0,0.0,109015.98,90.0,0.0,0.5,3.0,0,0,2
340.72397,83.88914,83.63086,60.0,90.6,60.0,221.59874,0.0,0.0,5291.1665,86.0,0.0,0.5,2.0,0,0,2
128.58257,54.0,55.0,206.09442,571.0,60.0,428.35,0.0,0.0,5003.0234,87.0,0.0,0.5,2.6611028,0,0,2
167.31612,50.0,54.0,564.0,697.87256,68.333336,69.610756,0.0,0.0,3035.7446,115.34727,0.7167371,0.75,3.0,0,0,2
85.5,77.0,80.0,88.0,775.6167,60.0,240.0,164.27672,0.0,13622.061,85.0,8.0,0.5,3.0,0,0,2
158.0,50.0,54.0,4444.651,88.0,60.0,61.166668,0.0,0.0,16885.783,87.0,0.0,0.75,84.03064,0,0,2
261.26978,54.0,55.0,120.0,640.72955,132.87248,61.166668,0.0,0.0,330.90393,55.0,0.0,0.5,3.0,0,0,2
571.0,54.0,54.0,7184.0,80.0,65.0,80.04315,0.0,0.0,61398.68,72.0,0.0,0.5,2.0,0,0,2
68.333336,74.0,78.0,567.0,92.952614,60.0,94.0,0.0,0.0,22898.77,92.0,0.0,0.5,5.0,0,0,2
770.5216,77.0,54.0,198.0,128.08916,60.0,683.7622,0.0,0.0,633.364,77.0,0.0,1.669856,1.6441776,0,0,2
68.333336,77.0,80.0,108.41212,1292.0,60.0,247.0,0.0,0.0,1086.3672,83.0,0.0,1.0,6.7561436,0,0,2
60.0,70.0,55.0,669.0,1254.0,60.0,88.08045,0.0,0.0,11765.636,80.79559,0.0,1.0,5.0,0,0,2
348.9255,54.0,54.0,7598.4316,89.0,60.0,239.0,0.0,473.07062,4642.183,55.0,10.0,0.5,2.0,0,0,2
653.0909,55.0,54.0,221633.61,82.0,60.0,446.97806,0.0,14.026889,2718.291,75.0,0.0,0.6666667,2.0,0,0,2
561.0,77.0,54.0,60.0,93.5,60.0,123.24255,0.0,0.0,5638.5337,86.0,0.0,0.8333333,2.0,0,0,2
158.0,54.0,54.0,60.0,596.8177,85.5,61.166668,0.0,0.0,12256.827,88.8317,0.0,0.68465984,5.0,0,0,2
127.0,55.0,54.0,561.0,78.0,60.0,131.81947,0.0,279.57654,1817.5981,78.0,0.0,1.1038734,2.0,0,0,2
571.0,54.0,54.0,7620.0,1254.0,60.0,106.29467,0.0,0.0,4822.9062,81.0,0.0,0.5,2.0,0,0,2
121.10843,54.0,54.0,39440.555,133.15115,71.61529,80.078804,0.0,0.0,1630.8228,80.0,7.0,0.5,3.0,0,0,2
79.738045,54.0,54.0,6926.53,106.0,60.0,346.15063,178.25385,0.0,1298.679,55.0,8.0,1.5309917,30.8213,0,0,2
540.23,54.0,55.0,60.0,1292.0,60.0,229.33333,0.0,26.393797,4982.6353,78.0,5.0,0.5,2.0,0,0,2
553.0201,50.0,54.0,180.0,115.0,78.0,88.0,0.0,0.0,2456.3782,78.0,0.0,1.0,2.0,0,0,2
565.68726,57.0,86.0,60.0,663.3582,60.0,88.0,0.0,0.0,9758.357,87.0,0.0,0.5,22.301313,0,0,2
739.55554,72.0,85.0,60.0,1292.0,560.0,90.97013,0.0,0.0,8798.94,90.0,0.0,0.5,9.391414e-16,0,0,2
68.333336,50.0,78.0,141.10489,409.91858,60.0,240.23288,0.0,0.0,1689.0895,87.0,0.0,0.5,3.0,0,0,2
571.0,54.0,54.0,60.0,80.0,60.0,240.0,0.0,1.5390532,18373.904,78.0,15.468203,0.6666667,2.0,0,0,2
163.6702,61.166668,54.0,256.9006,946.5524,60.0,80.91064,0.0,0.0,57.00457,107.933685,5.0,1.25,3.0,0,0,2
258.3658,65.0,74.0,127.0,1289.365,60.0,296.71738,0.0,0.0,1797.64,87.91924,0.0,1.2503005,2.0,0,0,2
561.0,55.0,55.0,112.115906,1178.0182,60.0,90.09824,0.0,0.0,186441.69,166.50899,0.0,0.8,6.0,0,0,2
622.8892,54.0,80.0,109.86329,1292.0,60.0,65.42857,0.0,0.0,4429.314,90.951355,5.0,1.084758,2.0,0,0,2
567.0,54.0,54.0,42158.13,88.0,60.0,240.0,0.0,0.0,5266.9917,71.0,0.0,0.6666667,2.0,0,0,2
217.98602,71.0,54.11953,7184.0,88.74502,60.0,92.60415,0.0,0.0,5635.9316,55.0,0.0,0.84989005,3.0,0,0,2
335.30093,54.0,73.0,60.0,618.0,127.0,61.166668,0.0,0.0,12177.694,106.016396,0.0,1.8803377,2.0,0,0,2
316.60965,65.0,54.0,3839.928,80.0,60.0,65.42857,0.0,0.0,1191.8665,60.255543,0.0,0.5,2.0,0,0,2
207.11613,54.0,76.0,69.39564,140.42073,60.0,345.83746,0.0,0.0,24384.777,78.0,0.0,1.0833334,2.0,0,0,2
74.0,54.0,54.0,561.0,55.0,60.0,94.333336,0.0,0.0,18170.262,55.0,0.0,0.6666667,5.9547834,0,0,2
79.071175,54.0,54.0,18610.006,95.0,60.0,239.0,0.0,0.0,6025.9087,78.0,0.0,0.75,55.577736,0,0,2
151.0,80.0,54.0,642.86237,108.69572,60.0,240.0,0.0,0.0,245.66293,78.0,0.0,1.101932,2.0,0,0,2
561.1826,54.0,54.0,120.0,297.10947,417.31503,57.0,0.0,0.0,9550.658,94.666664,0.0,0.5,2.0,0,0,2
608.544,54.0,75.0,170.16339,139.55302,150.0,111.673355,0.0,0.0,96544.85,113.599464,0.0,5.1282454,2.0,0,0,2
87.793175,54.0,54.0,7674.0,64.92563,60.0,94.087814,0.0,0.0,395.48535,55.0,0.0,0.6666667,4.0,0,0,2
608.52966,54.0,54.0,5683.056,87.92057,561.0,109.333336,0.0,0.0,367.5047,87.0,0.0,0.5,2.0,0,0,2
85.5,54.0,54.0,120.0,80.0,60.0,239.0,0.0,0.0,4446.1294,55.0,0.0,1.0206093,3.0,0,0,2
782.72516,81.0,55.0,98.033676,87.0,513.2924,94.333336,0.0,438.5581,5465.2134,85.0,0.0,0.5,2.6876495e-15,0,0,2
546.76733,50.0,50.0,167.63759,78.0,60.0,94.333336,0.0,0.0,7366.598,55.0,0.0,0.5,2.0,0,0,2
151.0,78.0,74.0,150.0,768.3406,60.0,274.16638,7.5259786,69.01431,16844.896,78.0,0.0,0.5,3.0,0,0,2
560.0,73.255035,78.0,108.0,624.0,60.0,107.93057,0.0,0.0,2717.4775,87.0,0.0,1.0,19.27684,0,0,2
68.333336,54.0,60.0,120.0,933.0,60.0,301.77655,0.0,0.0,13139.65,101.98555,0.0,0.5,73.71197,0,0,2
735.46814,77.0,78.0,97.03828,804.6235,60.0,240.0,28.755676,247.61049,8674.234,82.0,0.0,1.6666666,2.0,0,0,2
571.0,54.0,54.0,436.8625,85.0,71.57494,78.0,0.0,0.0,4578.196,81.0,0.0,1.2767253,2.0,0,0,2
538.0,54.0,54.0,41664.77,80.0,60.0,87.91488,0.0,0.0,37152.42,55.0,0.0,2.9196935,0.0,0,0,2
567.0,54.0,54.0,7184.0,55.0,57.372883,267.87897,0.0,0.0,381.32648,55.0,0.0,0.5,2.0,0,0,2
247.74017,80.0,55.0,120.0,87.60981,86.0,104.93591,0.0,0.0,7783.209,79.06302,0.0,1.0,3.0,0,0,2
74.0933,82.662445,54.0,60.0,106.0,60.0,252.63554,68.661934,437.37125,2726.8958,85.0,0.0,1.0,3.0,0,0,2
560.0,54.0,54.0,11402.821,1292.0,108.75566,104.666664,0.0,0.0,8305.645,88.0,0.0,0.8333333,5.0,0,0,2
705.91693,54.0,54.0,60.0,1292.0,60.0,219.04195,0.0,11.785113,18945.676,133.60846,0.0,0.5,2.0,0,0,2
561.0,54.0,54.0,1402.2892,90.0,66.0,86.29003,0.0,0.0,8542.858,72.41551,7.0,0.75,2.0,0,0,2
567.0,57.0,85.0,60.0,103.50564,60.0,75.75628,0.0,0.0,16709.025,94.0,0.0,0.6666667,72.77545,0,0,2
568.69464,55.0,87.0,60.0,88.0,106.19677,57.0,0.0,0.0,5806.429,87.0,0.0,0.5,6.2048283,0,0,2
560.0,78.0,85.0,60.0,697.6548,60.0,371.8703,0.0,0.0,4845.5947,87.0,0.0,0.75,2.0,0,0,2
153.19968,55.0,54.0,156.0,81.0,60.0,116.74736,0.0,0.0,15389.221,55.0,0.0,1.0833334,3.0,0,0,2
597.1965,54.0,54.0,21277.123,76.81475,60.0,384.6282,213.58397,0.0,131.9384,55.0,0.0,1.2,2.0,0,0,2
136.0,55.0,55.0,669.0,582.8218,60.0,113.96728,0.0,25.5,6605.7524,86.0,0.0,0.6666667,3.0,0,0,2
223.60188,54.0,54.0,19407.066,1292.0,60.0,116.20315,0.0,451.6968,3268.5005,106.984276,0.0,0.5,2.0,0,0,2
564.83356,57.0,87.0,60.0,968.71356,68.333336,82.0,0.0,0.0,10936.894,94.0,0.0,0.5,8.0,0,0,2
149.74133,65.0,55.0,7184.0,55.04364,68.333336,91.16106,0.0,0.0,64497.574,55.0,0.0,0.5,276.0,0,0,2
105.03362,54.0,54.0,89.9991,89.70544,60.0,151.18968,0.0,0.0,4989.616,55.0,0.0,1.0,2.0,0,0,2
60.0,54.0,54.0,8411.735,86.0,60.0,232.64,0.0,0.0,15262.501,55.0,0.0,0.5,6.0,0,0,2
468.5674,82.67868,73.0,60.0,103.46399,64.0,94.333336,0.0,0.0,665.6569,81.0,5.0,0.5,2.0,0,0,2
567.0,54.0,54.0,6227.881,89.0,60.0,247.0,29.883776,0.0,10472.743,78.0,7.0,0.5,2.0,0,0,2
204.37526,54.0,54.0,26036.357,91.814545,60.0,107.64457,0.0,0.0,7777.343,55.0,0.0,0.5,2.0,0,0,2
553.3827,70.496826,54.0,60.0,89.0,60.0,633.4519,0.0,0.0,4027.9587,88.0,0.0,0.6666667,2.0,0,0,2
60.0,85.389206,86.0,60.0,405.31537,60.0,100.0,0.0,115.52662,1801.2626,115.690025,9.0,0.06746832,23.0,0,0,2
560.0,54.0,54.0,7665.3013,1292.0,150.66748,239.0,0.0,0.0,178164.64,147.16675,0.0,0.5,5.0,0,0,2
78.0,54.0,54.0,7184.0,55.0,60.0,194.28745,0.0,0.0,118.46485,55.0,0.0,0.5,6.0,0,0,2
107.51548,54.0,54.0,8007.5815,90.6,60.0,97.666664,140.26372,0.0,3534.6023,55.0,0.0,0.5,5.0,0,0,2
308.40958,74.56275,51.593967,60.0,85.0,65.0,109.75034,167.83192,0.0,2517.4705,78.0,0.0,0.75,2.0,0,0,2
561.0,54.0,55.0,211.04329,75.0,162.19843,69.673775,0.0,0.0,11740.552,55.0,0.0,0.5,2.0,0,0,2
564.0,61.166668,72.0,60.0,1282.0,60.0,75.0,0.0,17.5004,1467.503,80.0,0.0,0.5,12.0,0,0,2
541.8335,50.0,54.0,12078.791,768.39923,60.0,94.333336,0.0,459.32492,5675.866,87.0,0.0,0.5,1.0,0,0,2
158.0,71.0,78.0,60.0,260.7943,60.0,251.84105,0.0,11.785113,6419.66,78.0,0.0,1.0619925,3.0,0,0,2
567.0,54.0,54.0,211.14816,78.0,60.0,422.97,0.0,0.0,5761.981,55.0,0.0,0.5,2.0,0,0,2
151.40715,78.0,55.0,567.0,1254.0,60.0,181.53986,0.0,0.0,9846.42,75.0,5.0,0.6666667,2.0,0,0,2
560.9563,74.0,54.0,171.09546,762.59784,70.0,78.0,0.0,0.0,289171.75,55.0,0.0,1.2,2.0,0,0,2
60.0,78.0,54.0,4276.0664,80.0,60.0,202.92534,28.755676,0.0,11019.65,55.0,0.0,0.8,8.0,0,0,2
702.9599,54.0,75.5712,148.17406,95.54372,60.0,451.85,0.0,0.0,13737.18,89.0,0.0,1.1508164,2.0,0,0,2
74.297,65.0,54.0,510.31497,75.0,60.0,201.34656,0.0,0.0,2506.1433,55.0,0.0,0.5,5.0,0,0,2
561.0,54.0,54.0,567.0,87.0,105.77569,65.42857,0.0,0.0,64455.29,55.0,1.0,0.5,2.0,0,0,2
156.0,71.0,75.0,60.0,90.6,114.74737,87.185394,0.0,0.0,20206.352,86.0,0.0,0.5,2.0,0,0,2
88.82902,54.0,87.26873,60.0,1246.7136,60.0,240.0,0.0,0.0,7225.7285,89.0,0.0,0.5,8.0,0,0,2
103.81774,64.0,54.0,718.3938,90.6,60.0,184.8139,0.0,0.0,3062.0217,55.0,0.0,0.6666667,260.44678,0,0,2
78.0,50.0,54.0,34207.805,80.0,60.0,239.0,0.0,0.0,1693.7227,55.0,0.0,0.5,6.2661643,0,0,2
72.5,81.0,54.0,205.0,87.0,60.0,105.99622,0.0,0.0,4798.6533,75.0,2.0,0.6666667,6.0,0,0,2
669.0,54.0,54.0,567.0,81.0,60.0,105.43079,0.0,0.0,2217.6687,73.0,0.0,0.6666667,2.0,0,0,2
624.70087,54.0,54.0,205.0,75.0,60.0,239.0,0.0,0.0,13934.938,55.0,13.440346,0.5211669,2.0,0,0,2
571.0,50.0,78.0,60.0,97.0,60.0,104.20521,0.0,245.96706,3118.29,92.0,0.0,0.5,2.0,0,0,2
60.0,54.0,54.0,60.0,94.0,60.0,234.38847,0.0,0.0,6956.403,93.5,0.0,0.8963387,8.533887,0,0,2
192.09729,55.0,54.0,167.0,1292.0,159.22256,88.0,0.0,0.0,13324.614,90.0,0.0,0.5,2.0,0,0,2
561.0,54.0,54.0,560.64465,975.6267,285.54388,65.42857,0.0,0.0,4674.4004,88.0,8.0,0.5,2.0,0,0,2
107.58029,54.0,54.0,15504.094,87.92048,60.0,239.0,0.0,9.853263,7300.7524,65.55034,8.0,0.067147814,3.0,0,0,2
68.333336,54.0,54.0,8208.864,743.2025,60.0,97.666664,43.563637,0.0,11499.561,79.48391,0.0,0.6666667,20.17289,0,0,2
183.62503,54.0,55.0,60.0,173.0,86.0,104.666664,0.0,0.0,5606.1074,80.0,0.0,0.5,2.0,0,0,2
406.5471,54.0,54.0,669.0,1292.0,60.0,247.0,0.0,0.0,8526.692,75.0,0.0,0.5,2.0,0,0,2
565.801,50.0,88.0,60.0,1292.0,119.13127,85.12992,0.0,0.0,2769.341,98.23392,9.0,0.88148105,2.0,0,0,2
558.40216,54.0,71.0,118.256065,580.4928,120.0,57.038906,0.0,0.0,9715.27,95.0,0.0,0.5,3.0,0,0,2
542.12604,50.0,54.0,6929.0337,619.0,60.0,247.0,0.0,0.0,6901.808,88.0,0.0,1.1,2.0,0,0,2
145.01941,55.0,54.0,60.0,87.0,60.0,424.85934,0.0,10.477645,4651.312,75.0,14.787905,1.2,3.0,0,0,2
74.277306,54.0,54.0,957.14197,87.0,60.0,108.26453,0.0,0.0,75988.62,78.0,11.0,0.5,251.94414,0,0,2
538.0,78.0,80.0,120.0,1254.0,103.23783,79.76288,0.0,0.0,4827.0347,81.0,0.0,1.2,2.0,0,0,2
152.24025,66.40618,54.0,7184.0,89.0,71.0,71.21781,0.0,171.17274,5023.8,55.0,0.0,0.8,197.28513,0,0,2
417.50824,54.0,55.0,207.97198,717.4809,60.0,133.06477,0.0,0.0,6483.858,80.0,0.0,0.5,2.0,0,0,2
60.0,78.0,55.0,104.303474,88.0,60.0,235.16096,0.0,0.0,8522.088,80.36851,4.073665,1.0833334,6.0,0,0,2
564.0,54.0,54.0,170.52097,90.0,147.01071,57.0,0.0,0.0,2888.9546,81.0,0.0,0.6666667,3.0,0,0,2
560.0,55.0,54.0,42712.605,86.0,518.5307,124.60296,0.0,0.0,4131.9614,75.0,0.0,0.5,2.0,0,0,2
68.333336,54.0,54.0,10739.78,173.5499,60.0,132.47508,15.5,0.0,80.340576,157.46275,17.0,1.0,68.0,0,0,2
127.0,75.0,54.0,180.0,87.56203,60.0,239.65608,0.0,0.0,82064.06,55.0,0.0,1.0,3.0,0,0,2
105.78062,71.296104,78.0,60.0,1254.0,60.0,78.0,0.0,0.0,190.9642,87.0,0.0,0.6666667,2.0,0,0,2
561.0,55.0,54.0,10378.218,1292.0,548.6965,57.0,0.0,0.0,10511.38,75.0,8.0,1.0,2.0,0,0,2
119.65274,74.43666,54.0,29561.639,1254.0,60.0,114.144684,0.0,0.0,344115.2,55.0,0.0,0.76276237,4.0,0,0,2
104.56083,75.0,54.0,21978.877,115.0,60.0,206.50226,0.0,0.0,122957.05,56.129948,0.0,0.5,6.0,0,0,2
564.0,80.0,87.0,60.0,1253.8198,67.12724,105.08269,0.0,12.5,364.94678,143.68077,0.0,0.8,6.645661,0,0,2
639.5,50.0,54.0,529840.06,90.1611,60.0,129.92122,0.0,0.0,2400.222,55.0,2.0,0.5,2.0,0,0,2
296.11835,54.0,54.0,171.0,78.0,66.833374,107.80422,0.0,0.0,37844.35,55.0,0.0,0.75,2.0,0,0,2
60.0,50.0,54.0,567.0,985.24976,60.0,116.631035,0.0,98.13581,1658.152,127.11488,0.0,0.5,68.0,0,0,2
561.0,54.0,80.0,60.0,1254.0,525.72327,57.0,0.0,175.13612,8391.576,85.0,0.0,0.6666667,2.0,0,0,2
107.37592,65.0,55.0,156.0,925.5315,67.0,202.57214,0.0,0.0,1988.04,85.0,0.0,0.5,8.0,0,0,2
200.0,54.0,54.0,40191.754,1245.2262,60.0,94.0,0.0,0.0,4246.453,87.95899,0.0,0.5,1.0,0,0,2
60.0,54.0,54.0,184.55861,69.5,60.0,416.4557,0.0,0.0,47955.17,55.0,0.0,0.5,8.0,0,0,2
210.64996,54.0,55.0,136.0,88.32588,60.0,88.333336,21.739647,0.0,4650.003,75.0,0.0,0.5702331,2.0,0,0,2
687.34515,78.0,54.0,6678.9355,80.0,60.0,114.58685,18.281008,0.0,7370.094,75.0,0.0,1.6998204,2.0,0,0,2
561.0,54.0,54.0,6435.7744,624.0,60.0,432.762,6.90295,41.28816,864.49133,143.7164,0.0,0.5,2.0,0,0,2
141.84232,55.0,55.0,384.56223,1292.0,60.0,100.0,0.0,0.0,65087.703,147.1,0.0,1.2,2.0,0,0,2
68.333336,54.0,54.043217,60.0,78.0,60.0,214.01088,0.0,0.0,11912.636,55.0,11.0,0.5,270.62323,0,0,2
113.149765,54.0,54.0,5485.855,1254.0,65.0,78.0,0.0,0.0,20336.607,71.83342,0.0,0.5,3.0,0,0,2
478.12076,54.0,54.0,669.0,78.0,60.0,756.2107,0.0,0.0,18549.572,77.0,0.0,1.375,2.0,0,0,2
561.0,55.0,54.0,11368.779,81.0,60.0,239.0,0.0,0.0,4325.469,55.0,0.0,1.2652481,2.0,0,0,2
151.01912,54.0,54.0,32047.14,1254.0,60.0,133.09416,0.0,0.0,9745.597,81.0,0.0,0.6666667,2.0,0,0,2
397.92584,80.0,55.0,167.52312,90.6,60.0,97.666664,0.0,0.0,968.7841,73.0,1.0,1.2222222,3.0,0,0,2
107.131935,78.0,81.0,104.595,975.0773,60.0,236.40715,0.0,11.785113,1694.3386,81.0,0.0,0.5,2.0,0,0,2
233.20877,65.0,54.0,127.0,89.0,60.0,247.0,0.0,0.0,5873.696,55.0,0.0,1.1311866,2.0,0,0,2
97.0,80.0,78.5524,120.0,95.0,60.0,431.65103,0.0,0.0,2890.4553,94.666664,0.0,0.8,3.0,0,0,2
322.76306,65.0,54.0,158.0,88.0,213.0,94.333336,0.0,0.0,1361.757,72.0,0.0,0.5,2.0,0,0,2
635.9645,75.0,54.0,60.0,89.8873,60.0,242.0,0.0,0.0,1467.9236,86.0,1.0,0.5,2.0,0,0,2
300.3552,54.0,54.0,60.0,89.0,60.0,104.666664,0.0,12.14666,609.9418,55.0,0.0,1.7070422,2.0,0,0,2
156.0,55.0,66.45599,180.0,126.83417,100.665085,87.29384,0.0,0.0,63.3849,85.0,0.0,0.7984392,2.0,0,0,2
68.333336,54.0,78.0,60.0,92.0,60.0,104.666664,0.0,0.0,2228.32,88.0,0.0,0.5,6.251586,0,0,2
158.0,92.0,71.0,119.34828,681.2283,60.0,229.20932,125.95773,0.0,590.34235,78.0,0.0,0.5,2.0,0,0,2
639.5,55.0,78.0,120.0,1245.7979,60.0,124.81309,0.0,0.0,1700.9724,87.0,0.0,0.6666667,2.0,0,0,2
633.94165,54.0,54.0,3183.2358,71.0,64.0,79.83799,0.0,0.0,1989.8163,71.0,0.0,0.6666667,2.0,0,0,2
60.0,50.0,50.0,38218.66,94.666664,60.0,104.666664,0.0,0.0,8697.571,55.0,0.0,0.5,22.258944,0,0,2
85.5,54.0,54.0,285.62967,90.221176,60.0,596.24506,28.755676,0.0,4415.377,54.74543,0.0,0.6666667,6.0,0,0,2
763.6563,75.0,85.0,120.0,1292.0,60.0,144.29758,0.0,0.0,32502.521,89.0,0.0,0.7886391,0.0,0,0,2
296.11273,74.24464,54.0,4084.0518,78.0,60.0,410.599,0.49813715,12.5,4386.1846,75.0,0.0,1.0,2.0,0,0,2
810.6879,74.498886,54.0,561.7664,88.0,561.0,80.0,0.0,0.0,11447.415,71.0,0.0,0.6666667,2.0,0,0,2
561.0,81.0,82.0,60.0,1246.0626,561.0,86.614136,0.0,9.002334,3193.247,88.0,0.0,0.5,2.0,0,0,2
68.333336,54.0,54.0,96.4292,55.0,60.0,78.1085,0.0,0.0,98769.83,55.0,0.0,0.5,18.31648,0,0,2
564.0,54.0,54.0,5898.529,616.2454,60.0,57.0,0.0,0.0,173770.27,250.06926,0.0,0.6666667,7.0,0,0,2
85.5,54.0,54.0,145.0,87.0,60.0,94.333336,0.0,0.0,9678.802,55.0,0.0,1.0,6.0,0,0,2
205.35834,89.0,54.0,120.0,147.1,60.0,124.39365,0.0,0.0,681.27673,55.0,0.0,1.0,2.0,0,0,2
560.0,54.0,54.0,38858.066,174.413,259.8801,56.666668,0.0,0.0,67331.69,75.0,0.0,0.5,2.0,0,0,2
467.08728,54.0,54.0,14057.714,88.0,60.0,105.013214,0.0,0.0,7528.617,55.0,0.0,1.9932116,2.0,0,0,2
317.22223,54.0,54.0,120.0,950.72595,60.0,239.26373,0.0,0.0,872.28625,87.0,0.0,1.0,2.0,0,0,2
169.67828,75.0,78.0,5897.611,698.72546,60.0,286.25616,8.462695,0.0,7531.289,78.0,0.0,1.0593338,2.0,0,0,2
78.0,50.0,54.0,60.0,1278.642,60.0,108.52726,0.0,0.0,4180.7397,78.0,0.0,0.5,3.0,0,0,2
354.04056,54.0,54.0,29102.31,78.0,65.0,94.36611,0.0,0.0,10515.622,72.46081,0.0,0.5,2.0,0,0,2
151.0,55.0,55.0,203.06752,581.0,60.0,254.51317,0.0,0.0,8438.794,89.0,0.0,0.5,2.0,0,0,2
68.333336,82.0,89.0,60.0,1185.0258,65.0,96.014854,0.0,0.0,918.5121,93.868,0.0,0.5,3.0,0,0,2
563.54517,54.0,54.0,561.0,1086.9166,160.83252,88.73747,0.0,14.050362,2175.3796,55.0,0.0,0.6666667,2.0,0,0,2
60.0,85.37265,75.0,145.91095,697.7428,60.0,107.43718,0.0,0.0,637.98035,81.0,0.0,0.75,151.00835,0,0,2
109.11958,54.0,71.920135,64.88268,807.5953,66.0,207.67198,0.0,0.0,43700.254,77.0,0.0,0.5,5.0,0,0,2
92.65463,54.0,54.0,43736.88,89.0,60.0,186.46106,0.0,0.0,21221.207,75.0,0.0,0.5,3.0,0,0,2
102.13514,54.0,81.0,60.0,1229.1068,60.0,97.666664,0.0,8.406871,11699.74,94.5935,0.0,0.5,19.7725,0,0,2
561.0,61.166668,78.0,120.0,702.77167,87.451866,66.0,0.0,0.0,4630.3833,87.0,0.0,0.5,5.0,0,0,2
557.3037,54.0,74.0,60.0,582.7311,301.4841,97.666664,0.0,25.175129,165.5992,135.68788,9.0,0.5,2.0,0,0,2
90.56031,50.0,54.0,7184.0,1282.0,60.0,92.97258,0.0,172.20312,675.51135,102.711586,0.0,0.75,143.25154,0,0,2
567.0,54.0,54.0,1622.5844,1292.0,103.507996,57.0,0.0,0.0,88.963455,174.25922,0.0,1.1,4.0,0,0,2
560.0,55.0,54.0,7179.9844,80.0,114.38148,57.0,0.0,0.0,11093.831,55.0,0.0,0.5,3.0,0,0,2
561.0,61.166668,54.0,9839.7295,964.66724,119.0,77.0,0.0,0.0,624.5084,153.57272,0.0,0.5,3.0,0,0,2
60.0,75.0,55.0,60.0,90.94743,60.0,116.8368,0.0,0.0,4652.449,60.0,0.0,0.6666667,84.80319,0,0,2
567.0,54.0,54.366898,60.0,656.8574,60.0,247.0,0.0,0.0,136.46678,55.0,0.0,2.588243,2.0,0,0,2
560.0,73.29545,55.0,145.0,90.965256,60.0,452.06152,0.0,0.0,4976.909,78.0,0.0,0.5,2.0,0,0,2
621.2152,75.0,54.0,142.90196,78.0,60.0,239.0,0.0,343.2277,326.12042,55.0,0.0,3.7339993,2.0,0,0,2
60.0,54.0,54.0,564.0,94.0,60.0,311.6196,80.353,300.3715,246.2361,55.0,0.0,0.5,458.34152,0,0,2
560.0,74.0,54.0,89.38937,81.0,60.0,116.469086,0.0,0.0,5919.146,80.0,0.0,1.2222222,2.0,0,0,2
109.26848,78.0,80.78933,78.0,973.0462,66.0,94.333336,0.0,144.67711,354.79922,104.355034,0.0,0.5,2.0,0,0,2
158.0,66.0,71.0,60.0,1292.0,60.0,93.783005,0.0,0.0,1748.6781,85.0,0.0,0.5,7.0,0,0,2
639.6461,50.0,50.0,205.0,146.87505,567.0,107.54687,0.0,0.0,8899.8125,80.0,15.898089,0.6666667,2.0,0,0,2
158.0,55.0,54.0,144.52596,55.0,60.0,202.18367,0.0,0.0,352.5369,55.0,0.0,1.2734735,2.0,0,0,2
64.66385,80.0,55.0,148.0,1282.0,60.0,104.666664,0.0,0.0,11752.6455,72.0,0.0,0.8,6.0,0,0,2
60.0,54.0,74.0,158.10942,1292.0,60.0,85.64183,0.0,0.0,9170.027,75.0,0.0,0.5,54.238148,0,0,2
563.61395,77.0,50.0,60.0,90.0,60.0,121.37005,0.0,0.0,1921.199,55.0,0.0,1.5294876,2.0,0,0,2
108.0,66.0,54.0,18909.113,88.0,108.0,93.37609,0.0,0.0,130.7561,78.0,0.0,0.5,10.055162,0,0,2
104.71713,50.0,54.0,46503.336,75.0,60.0,239.0,15.5,0.0,1832.7756,71.0,0.0,0.5,2.0,0,0,2
97.244896,75.0,54.0,7174.97,407.0,60.0,247.0,0.0,11.785113,5061.3975,90.6,0.0,0.5,32.853355,0,0,2
87.732056,54.0,54.0,108.845375,81.0,60.0,94.333336,0.0,0.0,5263.3887,80.0,0.0,0.6666667,6.0,0,0,2
73.5865,50.0,54.0,561.0,88.0,67.0,87.333336,0.0,0.0,20308.816,65.61489,0.0,0.75,3.0,0,0,2
213.11339,55.0,54.0,60.0,1254.0,102.88096,78.0,0.0,0.0,245.70897,121.78011,0.0,0.5,3.0,0,0,2
447.72485,65.0,54.0,167.0,86.46692,200.0,82.720726,0.0,0.0,11406.864,71.0,0.0,1.4869891,2.0,0,0,2
383.82758,55.0,80.0,60.0,1251.2434,60.0,245.61702,0.0,0.0,20255.55,98.22387,0.0,0.6666667,2.0,0,0,2
653.0909,61.304916,55.0,120.0,94.0,60.0,65.963394,0.0,0.0,3759.5752,81.0,0.0,0.75,2.0,0,0,2
649.89954,54.0,54.0,60.0,88.0,78.0,133.03662,0.0,0.0,99095.65,87.0,0.0,0.6666667,2.0,0,0,2
560.0,64.0,55.0,7680.7944,1254.0,60.0,97.666664,0.0,26.63229,2854.631,76.7573,0.0,1.2456217,2.0,0,0,2
147.75,65.0,55.0,148.0,729.1959,65.0,94.35992,0.0,0.0,8498.125,87.0,0.0,0.6666667,2.0,0,0,2
323.59412,54.0,54.0,60.0,1292.0,60.0,201.91245,0.0,0.0,4720.3115,92.0,0.0,0.5,2.0,0,0,2
104.62425,54.0,54.0,60.0,86.0,102.7906,61.166668,0.0,0.0,13344.641,75.0,0.0,1.0,3.0,0,0,2
85.5,54.0,54.0,3659.0112,1251.5312,60.0,186.60704,0.0,9.764836,9516.276,82.0,0.0,0.8,16.156567,0,0,2
316.87213,77.0,55.0,60.0,90.0,60.0,78.0,0.0,0.0,3755.17,80.0,0.0,1.2,2.0,0,0,2
560.0,50.0,54.0,42964.473,73.96741,65.0,133.16362,0.0,0.0,4455.371,55.0,0.0,0.6666667,1.819162,0,0,2
213.0,65.33453,55.0,120.0,216.06549,60.0,159.65947,0.0,0.0,56.610313,78.0,0.0,0.7824863,2.0,0,0,2
560.0,54.0,54.0,205.0,87.0,77.145386,91.0,0.0,0.0,12192.329,80.0,10.0,1.0,2.0,0,0,2
68.60847,88.0,54.0,7691.328,90.6,60.0,105.5105,0.0,0.0,8222.937,76.34878,0.0,0.8314642,3.0,0,0,2
261.89218,54.0,54.0,168.81735,96.153145,60.0,138.31226,0.0,0.0,3574.6357,87.0,0.0,0.5,2.0,0,0,2
561.0,75.0,54.0,60.0,75.0,60.0,91.0,15.670496,0.0,8650.767,54.0,0.0,1.0,2.0,0,0,2
120.0,54.0,55.0,162.81975,910.46246,60.0,239.0,0.0,0.0,125.285095,198.04259,0.0,1.036805,3.0,0,0,2
211.03642,57.0,78.0,60.0,1292.0,68.726944,78.0,0.0,0.0,5924.4097,85.0,0.0,1.1111112,3.0,0,0,2
126.48792,75.0,76.0,60.0,686.10455,107.15188,81.35262,0.0,0.0,2139.4568,85.05169,0.0,0.6666667,14.787305,0,0,2
60.0,55.0,54.0,38196.543,78.0,60.0,72.316765,0.0,0.0,1309.8024,71.0,0.0,0.9,20.0058,0,0,2
60.0,78.0,54.0,108.0,86.0,60.0,339.69272,0.0,0.0,624.7623,55.0,0.0,0.5,11.42059,0,0,2
108.0,71.0,78.0,120.0,1282.0,60.0,239.0,0.0,0.0,107481.69,92.0,0.0,0.5,6.0,0,0,2
60.0,87.0,54.0,7201.0186,83.94078,60.0,240.0,0.0,0.0,8149.953,74.0,0.0,0.5,4.0,0,0,2
265.64288,54.0,54.0,124113.54,587.0,149.49297,61.166668,0.0,0.0,131.30113,93.33211,2.0,0.5,2.0,0,0,2
119.331085,55.0,54.0,256.86948,89.0,65.0,61.166668,0.0,0.0,5807.257,78.76035,0.0,0.5,7.0,0,0,2
60.0,50.0,54.0,571.0,78.0,60.0,272.58548,0.0,0.0,1801.8138,54.0,0.0,0.8333333,8.0,0,0,2
296.10898,77.0,79.11078,116.051216,90.18082,107.43913,106.25953,0.0,0.0,1904.824,90.0,0.0,0.6666667,0.0,0,0,2
108.0,88.0,50.0,78.0,82.0,60.0,239.0,0.0,0.0,2951.5928,75.0,0.0,1.6666666,2.0,0,0,2
200.0,54.0,55.0,259.56638,407.0,60.0,92.43869,0.0,11.785113,4859.9814,88.0,0.0,0.75,2.0,0,0,2
561.0,54.0,78.0,120.0,239.86984,347.73807,154.38219,0.0,0.0,3994.2874,88.0,0.0,1.25,2.0,0,0,2
604.1558,54.0,54.0,8625.173,95.20681,60.0,427.98605,0.0,0.0,3798.282,88.0,0.0,0.5,2.0,0,0,2
102.77496,54.0,75.0,60.0,80.0,60.0,93.42337,0.0,0.0,3907.8503,78.0,1.0,0.6666667,3.0,0,0,2
60.0,77.0,50.0,624.6049,71.0,60.0,182.58104,0.0,0.0,76007.93,56.991997,0.0,1.0833334,63.237434,0,0,2
566.63745,54.0,54.0,151.0,86.0,564.0,82.4,0.0,176.11743,6051.458,78.0,0.0,3.1983087,2.0,0,0,2
60.0,54.0,80.0,60.0,173.98293,60.0,94.34841,9.739658,0.0,12144.864,86.30114,0.0,0.5,17.419456,0,0,2
217.28363,54.0,54.0,11504.531,80.0,60.0,100.0,0.0,0.0,10878.348,78.0,0.0,1.1500299,2.0,0,0,2
104.42803,54.0,54.0,201685.67,80.8585,60.0,368.5819,0.0,133.52591,13572.15,71.0,0.0,1.0,6.0,0,0,2
60.0,54.0,54.0,180.0,92.0,60.0,93.793526,137.911,0.0,7509.1797,87.0,0.0,0.5,17.845808,0,0,2
68.333336,54.0,54.0,180.0,104.14812,60.0,104.45485,0.0,0.0,9881.933,55.0,0.0,1.1,3.0,0,0,2
186.15154,54.0,54.0,8103.69,87.204445,60.0,242.0,0.0,0.0,15853.506,78.0,0.0,1.0824454,2.0,0,0,2
692.7273,73.0,54.0,561.0,687.71277,60.0,121.25072,0.0,0.0,127.013504,102.661514,5.0,0.6666667,2.0,0,0,2
562.68335,50.0,54.0,120.0,701.4538,60.0,240.0,0.0,0.0,6035.9155,80.0,7.0,0.5,2.0,0,0,2
186.55086,77.0,54.0,24935.22,88.0,60.0,163.54477,0.0,0.0,249.80577,71.0,0.0,0.6666667,2.0,0,0,2
151.0,54.0,54.0,564.0,1242.2212,78.0,187.06924,0.0,0.0,6884.9453,87.9843,13.0,0.5,2.0,0,0,2
78.0,75.0,55.0,3305.796,582.0,60.0,86.1197,0.0,0.0,71673.75,55.0,0.0,0.5,6.0,0,0,2
100.553345,54.0,69.89804,101.47997,274.6453,60.0,114.88922,0.0,9.098264,1897.3716,81.0,0.0,1.1985434,4.0,0,0,2
566.68317,54.0,54.0,9123.164,72.0,60.0,239.0,0.0,0.0,311228.03,55.0,0.0,5.2574577,2.0,0,0,2
120.0,54.0,54.0,231128.25,582.0,104.88831,65.42857,0.0,0.0,17714.145,121.3612,0.0,0.5,3.0,0,0,2
151.0,54.0,54.0,36389.445,246.70331,60.0,209.73349,0.0,0.0,152890.25,78.0,0.0,0.5,2.0,0,0,2
561.0,55.0,55.0,60.0,103.24628,525.2057,60.0,0.0,0.0,2086.095,87.0,0.0,0.5,2.0,0,0,2
85.66194,54.0,54.0,7674.0,94.0,60.0,188.9599,0.0,438.914,3099.4006,55.0,12.0,0.10841062,20.205019,0,0,2
604.1965,54.0,54.0,181.82036,94.0,60.0,106.51088,0.0,11.785113,6088.613,54.0,0.0,0.5,2.0,0,0,2
116.41094,54.0,54.0,120.0,75.0,60.0,143.83829,0.0,0.0,177669.17,72.0,0.0,0.5,2.0,0,0,2
60.0,75.0,54.0,120.0,88.87498,54.0,871.1089,0.0,0.0,11935.25,78.0,0.0,0.5,84.501144,0,0,2
335.25388,81.0,54.0,60.0,87.98676,60.0,240.0,0.0,0.0,3086.0603,78.139534,0.0,1.0,2.0,0,0,2
329.40253,77.0,85.93269,60.0,751.5514,60.0,239.0,0.0,0.0,2345.5076,105.99698,0.0,3.5172732,2.0,0,0,2
105.056564,55.0,78.0,98.18241,1292.0,92.20675,100.0,0.0,0.0,9675.472,83.63713,0.0,0.6666667,20.899168,0,0,2
633.8998,54.0,54.0,669.0,571.0,556.90173,92.8939,0.0,0.0,7286.054,82.31657,0.0,0.5,2.0,0,0,2
527.8341,75.0,72.911285,120.0,87.0,60.0,336.28098,8.541312,0.0,11225.531,80.0,0.0,0.5,2.0,0,0,2
152.44858,55.0,54.0,120.0,217.80965,60.0,247.0,0.0,13.345463,620.7634,106.0,0.0,0.5,2.0,0,0,2
653.0909,54.0,54.0,217.9585,70.74437,54.0,219.64621,10.212367,0.0,294054.28,55.0,0.0,1.5186327,2.0,0,0,2
669.0,81.0,71.0,60.0,1254.0,65.0,131.72511,0.0,0.0,148.14981,85.0,0.0,0.8021444,0.0,0,0,2
561.0,55.0,55.0,120.0,1292.0,85.5,57.0,0.0,0.0,12255.831,94.666664,0.0,0.5,6.0,0,0,2
717.88184,54.0,54.0,7620.0,1292.0,60.0,247.0,125.40234,0.0,141.84122,137.66495,0.0,0.7345873,2.0,0,0,2
209.66849,50.0,54.0,60.0,76.781395,111.94617,97.666664,0.0,0.0,8393.474,55.0,0.0,0.6666667,2.0,0,0,2
561.0,54.0,54.0,1349.2633,175.07837,151.0,88.0,0.0,0.0,76.89545,55.0,0.0,0.5,2.0,0,0,2
79.80908,71.5233,55.0,144.55077,79.0,60.0,88.333336,0.0,0.0,62854.9,75.0,0.0,1.0833334,5.0,0,0,2
127.0,75.0,54.0,180.0,78.0,60.0,134.68983,0.0,0.0,9331.852,75.0,0.0,0.78486687,2.0,0,0,2
85.5,54.0,55.0,60.0,219.75093,60.0,239.0,0.0,0.0,8834.371,119.92518,0.0,1.0833334,2.0,0,0,2
499.5937,71.0,72.0,180.0,90.33974,60.0,214.18187,0.0,0.0,11050.279,75.0,0.0,0.5,2.0,0,0,2
246.8132,54.0,54.0,560.0,78.0,136.69516,114.5763,0.0,0.0,4569.2124,72.0,0.0,0.9354794,23.0,0,0,2
60.0,54.0,54.0,560.0,1254.0,60.0,85.89824,0.0,0.0,8588.371,93.77648,0.0,0.5,265.44342,0,0,2
218.35081,50.0,54.0,40217.582,102.97947,60.0,109.333336,0.0,162.3306,56.645367,75.0,2.0,0.5,2.0,0,0,2
107.145615,75.0,82.27029,60.0,587.0,60.0,342.8611,0.24251062,0.0,5345.911,83.0,0.0,0.5,3.0,0,0,2
104.29719,81.0,71.0,60.0,1186.3855,60.0,247.0,0.0,0.0,46505.945,86.0,0.0,0.5,4.0,0,0,2
105.006065,77.0,85.0,80.0,88.185776,60.0,435.30112,9.910957,0.0,8178.076,85.0,0.0,0.5,2.0,0,0,2
567.0,54.0,50.0,150.6861,150.53964,60.0,239.0,0.0,0.0,31460.057,74.0,0.0,0.8888889,2.0,0,0,2
68.70652,70.0,54.0,60.0,60.0,60.0,105.78319,0.0,0.0,248.42073,54.001835,0.0,0.8,4.0,0,0,2
561.0,50.0,54.0,7184.0,87.0,60.0,100.0,0.0,0.0,3108.226,54.0,6.8215485,0.5,9.952641e-16,0,0,2
571.0,54.0,54.0,38800.508,104.65696,561.0,78.0,0.0,12.530986,1108.0961,75.0,0.0,0.5,2.0,0,0,2
72.5,79.07902,87.0,60.0,90.0,60.0,109.333336,0.0,0.0,8303.779,87.0,0.0,0.6666667,3.0,0,0,2
72.5,78.90732,55.0,151.0,78.0,66.0,87.0,0.0,0.0,604.915,75.0,0.0,1.0,276.0,0,0,2
72.5,65.0,54.0,199.72751,88.0,60.0,240.0,0.0,0.0,1373.6328,55.0,0.0,0.5,247.68599,0,0,2
182.33096,54.0,54.0,120.0,122.73308,60.0,510.70566,43.39822,0.0,354.30933,55.0,0.0,0.6666667,2.0,0,0,2
160.77895,88.0,54.0,19928.352,87.93378,60.0,93.427,0.0,0.0,51481.383,78.0,0.0,0.5,3.0,0,0,2
466.88336,54.0,54.0,60.0,104.41825,200.0,78.0,0.0,281.3829,437.6623,78.0,0.0,0.6666667,3.0,0,0,2
216.7933,54.0,81.0,103.8424,1254.0,158.14366,61.166668,0.0,0.0,4002.0613,95.0,0.0,1.2222222,2.0,0,0,2
547.5176,54.0,54.0,41126.348,157.48479,60.0,97.666664,0.0,0.0,145781.86,71.0,0.0,0.5,2.0,0,0,2
567.0,54.0,54.0,8507.891,1254.0,211.59326,56.666668,0.0,0.0,1942.3147,90.07483,0.0,0.5,2.0,0,0,2
102.61305,73.84718,78.0,108.0,1247.3646,68.02686,91.0,0.0,0.0,11659.707,119.933815,0.0,0.762031,3.0,0,0,2
65.0,55.0,55.0,120.0,78.0,60.0,79.55755,0.0,0.0,170818.38,78.0,0.0,0.5,71.286316,0,0,2
567.0,54.0,54.0,245.09904,147.08302,60.0,125.23107,0.0,0.0,7007.544,86.0,0.0,0.5,2.0,0,0,2
560.0,61.166668,54.0,3190.1528,81.0,72.019196,80.0,0.0,0.0,4978.526,55.0,0.0,0.5,6.0,0,0,2
653.0909,54.0,55.0,562.2935,89.80804,60.0,239.92104,0.0,0.0,11847.476,80.0,11.0,0.5,2.0,0,0,2
571.0,54.0,54.0,60.0,582.5163,566.33417,91.0,0.0,0.0,8461.34,81.0,0.0,0.5,2.0,0,0,2
337.09964,78.0,71.0,120.0,115.66965,60.0,82.34537,0.0,0.0,8434.406,75.0,0.0,0.5,2.0,0,0,2
561.6878,75.67218,88.0,87.77355,581.9455,223.2075,104.87269,0.0,0.0,3187.39,89.0,0.0,0.5,2.0,0,0,2
254.34918,78.0,74.0,60.0,746.4921,64.63764,240.0,0.0,0.0,354.03796,75.0,0.0,0.5,6.0,0,0,2
68.333336,54.0,50.0,106.71283,153.65039,60.0,113.82047,0.0,0.0,1408.5438,75.0,0.0,0.5,3.0,0,0,2
560.6946,54.0,78.0,60.0,640.17487,60.0,239.09225,0.0,81.71496,16970.514,85.0,0.0,1.275953,2.0,0,0,2
158.0,54.0,87.0,60.0,1289.6332,70.0,97.666664,0.0,14.034904,3801.0608,88.0,0.0,0.5,17.989323,0,0,2
295.84085,77.0,80.0,78.0,583.0,60.0,239.0,19.928501,245.18074,1963.4404,87.87414,0.0,0.5,5.0,0,0,2
561.0,54.0,54.0,78.0,88.0,181.71877,61.166668,0.0,0.0,9838.578,78.72602,0.0,0.5,2.0,0,0,2
60.0,78.0,54.0,359.09595,81.0,60.0,113.91932,0.0,176.35028,1722.1383,77.08846,0.0,0.5,5.0,0,0,2
127.0,54.0,54.0,120.0,173.12845,60.0,390.30804,248.89563,0.0,5495.5303,81.0,0.0,1.1680355,3.0,0,0,2
538.0,55.0,54.0,6353.2397,157.47159,60.0,239.0,0.0,205.87767,84.39101,76.0,1.0,0.6666667,2.0,0,0,2
561.0,55.0,54.0,7625.121,705.08545,60.0,451.75516,0.0,0.0,7479.705,88.0,0.0,0.5,2.0,0,0,2
60.0,81.0,78.0,71.973274,86.0,60.0,94.0,0.0,0.0,2756.5916,81.0,0.0,0.75,6.415847,0,0,2
567.0,54.0,54.0,643.6662,88.23567,60.0,239.0,0.0,15.7487,4537.1025,55.0,0.0,0.5,2.0,0,0,2
338.24683,54.0,54.0,8177.571,81.0,85.5,61.166668,0.0,173.3253,47.38687,72.0,0.0,0.5,3.0,0,0,2
417.39584,54.0,54.0,22846.318,136.76955,60.0,390.03275,0.0,0.0,635.74036,55.0,12.0,1.375,2.0,0,0,2
569.5521,54.0,54.0,560.6363,78.0,561.0,57.0,0.0,0.0,3085.6414,74.0,0.0,0.5,0.0,0,0,2
320.52618,77.0,54.0,19135.072,1254.0,86.0,130.11952,0.0,0.0,1478.8774,102.17448,0.0,1.0,4.0,0,0,2
109.43165,55.0,54.0,602.62854,89.0,88.326584,88.333336,0.0,0.0,3218.432,55.0,1.0,1.0,3.0,0,0,2
60.0,77.0,55.0,60.0,81.190025,60.0,535.15436,15.5,25.5,3499.4395,71.0,4.0,0.3528868,45.777657,0,0,2
145.47891,54.0,54.0,9916.557,78.0,60.0,88.333336,0.0,0.0,2309.55,75.0,0.0,0.5,3.0,0,0,2
85.5,54.0,54.0,5033.42,1243.484,60.0,355.58188,0.0,0.0,4510.4014,94.555954,0.0,0.75,246.87843,0,0,2
560.0517,50.0,54.0,180.0,1292.0,60.0,111.52564,0.0,0.0,2890.8335,78.0,0.0,0.6666667,2.0,0,0,2
97.13601,70.85587,71.0,60.0,623.6812,89.80423,78.155846,0.0,0.0,1778.851,105.88345,0.0,0.5,3.0,0,0,2
562.8247,54.0,54.0,120.0,80.0,335.3328,106.052025,0.0,0.0,4387.474,80.0,0.0,0.5,2.0,0,0,2
599.1483,80.0,54.0,521.4929,1165.459,78.0,93.47158,0.0,0.0,13656.473,81.0,1.0,0.5,2.0,0,0,2
564.4893,56.666668,71.0,212.45271,1282.0,74.251,65.0,0.0,0.0,236.40167,88.0,0.0,0.75,2.0,0,0,2
560.0,56.666668,54.0,37737.754,87.0,136.0,77.0,0.0,0.0,9187.691,55.0,5.0,1.1243206,2.0,0,0,2
186.18668,61.166668,54.0,7603.185,1254.0,167.98154,65.0,0.0,0.0,18444.58,88.0,0.0,1.2709702,2.0,0,0,2
156.0,54.0,54.0,5630.57,89.0,121.61895,86.333336,0.0,0.0,5014.4907,87.95668,0.0,2.079239,2.0,0,0,2
60.0,54.0,54.0,1937.1312,641.23035,60.0,213.118,0.0,0.0,305.8002,126.64416,8.466316,1.0,5.0,0,0,2
561.0,54.0,54.0,158.0,74.0,263.9532,57.061806,0.0,444.93192,1558.0632,55.891953,0.0,0.5,2.0,0,0,2
295.89267,54.0,55.0,151.76051,94.666664,60.0,233.58641,0.0,0.0,3260.2668,73.0,0.0,0.6666667,2.0,0,0,2
304.38278,87.0,50.0,60.0,143.61084,54.0,432.97162,341.75787,0.0,224.00107,86.0,0.0,0.8762746,2.0,0,0,2
127.0,54.0,55.0,85.84911,71.0,72.5,88.0,0.0,0.0,25138.324,59.905434,0.0,1.0,14.35893,0,0,2
158.0,75.619675,54.0,24598.678,113.854195,60.0,81.031685,0.0,0.0,11752.941,75.0,0.0,1.0,216.39526,0,0,2
567.0,55.0,73.0,180.0,1254.0,80.0326,64.22496,0.0,0.0,8326.58,82.93987,12.822726,0.5,278.30237,0,0,2
690.01373,54.0,54.0,24989.969,1292.0,564.95105,57.0,0.0,0.0,113.89142,148.92256,0.0,1.1926813,2.0,0,0,2
60.0,50.0,54.0,127.0,706.3569,60.0,117.629814,0.0,0.0,1715.4106,88.0,0.0,0.5,8.261362,0,0,2
200.0,77.77805,75.0,120.0,619.0,107.002014,231.12436,0.0,0.0,12455.704,81.0,0.0,1.0,3.0,0,0,2
560.0,75.0,85.0,60.0,618.0,60.0,80.0,0.0,0.0,9840.16,87.0,9.0,0.5,246.06712,0,0,2
103.7966,55.0,54.0,564.0,1246.8269,60.0,119.37601,0.0,0.0,6117.1567,88.0,0.0,0.5,5.0,0,0,2
847.0905,81.93078,74.0,120.0,693.73694,60.0,203.96219,0.49688485,0.0,134304.05,78.0,11.0,0.5,2.0,0,0,2
151.8121,54.0,54.0,409.40317,119.382904,60.0,241.79758,0.0,0.0,13717.386,60.21208,0.0,0.5,3.0,0,0,2
545.5135,54.0,54.0,5778.447,89.6904,60.0,104.044975,0.0,0.0,6066.3257,55.0,0.0,1.2222222,2.0,0,0,2
561.0,54.0,54.0,3253.9949,55.0,136.0,71.15727,0.0,0.0,67.4459,55.0,0.0,0.6666667,2.0,0,0,2
126.345825,65.0,55.0,4355.2944,87.0,60.0,108.30629,0.0,0.0,9868.248,71.0,0.0,0.8,3.0,0,0,2
238.18796,54.0,55.0,564.0,78.0,72.5,56.666668,0.0,0.0,2204.6511,72.0,0.0,0.5,5.0,0,0,2
60.0,50.0,54.0,205.0,620.14496,60.0,92.0,26.328613,0.0,6414.8896,94.62738,0.0,0.5,180.78177,0,0,2
739.55554,54.0,72.0,60.0,621.69885,60.0,235.21278,0.0,0.0,338324.53,87.0,0.0,0.5,2.0,0,0,2
203.18167,67.0,76.716606,60.0,618.0,70.0,239.0,0.0,12.473673,7614.079,81.0,1.0,0.7948347,2.0,0,0,2
60.0,50.0,55.0,342.0,621.2385,60.0,326.76495,0.0,304.85654,8734.278,75.0,0.0,0.5,3.0,0,0,2
237.07953,78.0,77.0,121.589806,150.69409,60.0,88.11302,0.0,0.0,633.0083,87.0,1.0,1.0,4.0,0,0,2
142.68797,50.0,50.0,11122.175,587.0,60.0,415.12253,0.0,0.0,5880.3257,75.0,0.0,0.5,3.0,0,0,2
211.54445,78.0,54.0,143.44638,78.0,60.0,449.81522,0.0,0.0,3802.4158,77.0,0.0,1.1974894,3.0,0,0,2
499.70093,50.0,55.0,560.0,617.0,60.0,107.115746,0.0,10.040038,4424.975,86.0,0.0,1.375,2.0,0,0,2
81.38843,54.0,55.0,78.0,1254.0,60.0,112.45078,0.0,0.0,330.88742,88.99012,1.0,0.6666667,6.0,0,0,2
213.71248,71.0,75.0,2731.9897,157.46506,60.0,157.94804,0.0,11.785113,329.2277,78.0,16.004427,2.6422482,4.0,0,0,2
116.02531,75.0,55.0,170.51266,75.0,65.0,124.80149,0.0,0.0,11761.754,71.13887,0.0,0.6666667,2.0,0,0,2
119.86071,55.0,54.0,2879.1301,75.0,60.0,449.20624,167.95287,0.0,1697.0413,54.68355,0.0,1.0544593,2.0,0,0,2
571.0,54.0,76.0,105.01197,1282.0,551.78687,78.26025,0.0,0.0,11648.623,87.0,1.0,0.5,2.0,0,0,2
567.0,65.42857,55.0,205.0,81.0,127.0,77.3361,0.0,0.0,674.07983,71.0,0.0,0.5,2.0,0,0,2
692.7273,61.108574,55.0,224.18065,402.9431,60.0,97.666664,0.0,175.35783,3775.5498,81.0,0.0,1.6680998,2.0,0,0,2
85.5,65.0,55.0,39465.1,81.46801,60.0,97.666664,0.0,0.0,2757.435,55.0,0.0,0.5,5.0,0,0,2
60.0,74.0,76.0,60.0,1251.0167,60.0,188.7193,0.0,0.0,2392.659,83.0,0.0,0.5,11.011523,0,0,2
159.84946,55.0,54.0,3307.8384,97.250046,60.0,240.0,0.0,0.0,3950.8484,55.0,0.0,0.6666667,3.0,0,0,2
309.76666,54.0,55.0,180.0,88.0,60.0,239.0,0.0,483.87997,492.00317,60.0,0.0,1.2222222,2.0,0,0,2
669.0,79.0,54.0,241.51505,92.0,543.70654,105.29997,0.0,0.0,6051.885,87.0,0.0,0.85554814,2.0,0,0,2
511.2244,54.0,54.0,216.44583,103.35217,60.0,272.59073,0.0,0.0,11202.648,55.0,0.0,1.6666666,2.0,0,0,2
182.81856,54.0,54.0,118.420074,77.0,80.0,239.0,0.0,0.0,3799.8584,54.0,0.0,0.5,5.0,0,0,2
567.0,54.0,54.0,128.78398,1275.5505,78.0,91.0,0.0,0.0,9480.147,88.0,0.0,0.5,6.0,0,0,2
120.0,81.0,54.0,570.5182,582.0,60.0,229.40247,0.0,0.0,83.146545,55.0,0.0,0.5,2.0,0,0,2
213.0,54.0,71.0,89.48121,85.0,60.0,113.73931,0.0,176.52396,332.1997,80.0,0.0,1.3295715,2.0,0,0,2
151.0,54.0,55.0,205.0,82.06736,60.0,239.0,0.0,0.0,7976.894,78.0,0.0,0.5,2.0,0,0,2
60.0,54.0,54.0,11922.199,152.50446,60.0,88.333336,0.0,156.10655,3980.8499,78.0,0.0,0.5,23.0,0,0,2
567.0,57.0,55.0,60.0,86.0,151.0,71.0,0.0,0.0,9140.717,81.0,0.0,0.8089882,2.0,0,0,2
564.0,50.0,54.0,106.69037,94.0,525.7711,240.0,0.0,0.0,9145.7705,54.0,0.0,0.5,2.0,0,0,2
258.65964,54.0,54.0,158.02245,88.0,60.0,248.61179,10.72872,0.0,15329.705,55.0,0.0,0.5,2.0,0,0,2
571.0,54.0,54.0,7795.764,90.98547,60.0,240.0,0.0,0.0,8662.043,55.0,0.0,0.75,2.0,0,0,2
60.0,78.0,90.0,60.0,1292.0,60.0,341.38037,0.0,0.0,13620.184,90.02542,0.0,0.5,4.0,0,0,2
561.0,57.0,71.20725,60.0,1292.0,60.0,71.0,0.0,0.0,4537.039,84.7458,0.0,0.5,6.0,0,0,2
560.7451,54.0,54.0,37621.29,1289.398,76.18254,61.166668,0.0,0.0,423.649,87.0,0.0,1.0621604,55.26691,0,0,2
156.0,89.0,54.0,145.0,699.0244,60.0,235.12149,15.5,110.760605,1886.478,86.0,0.0,0.5,3.0,0,0,2
138.0,70.0,55.0,11919.218,88.0,60.0,247.0,0.0,0.0,5637.6455,74.0,0.0,0.5,4.0,0,0,2
317.2609,78.0,87.0,60.0,106.0,65.0,92.0,0.0,0.0,7405.023,94.0,0.0,1.1450945,2.0,0,0,2
167.20796,50.0,54.0,342.0,85.0,60.0,258.1877,3.528319,0.0,1506.5356,55.0,0.0,0.5,3.0,0,0,2
60.0,75.0,55.0,124.611145,78.0,60.0,239.0,0.0,11.928674,7086.2256,55.0,0.0,0.6666667,5.0,0,0,2
246.9618,71.0,54.0,78.0,78.0,60.0,136.62218,0.0,0.0,624.96313,77.611595,0.0,0.5,6.0,0,0,2
153.24385,75.0,71.0,60.0,86.0,60.0,428.3875,0.0,0.0,22485.268,71.739655,0.0,0.5,2.0,0,0,2
603.17017,54.0,55.0,205.0,624.0,107.6119,78.0,0.0,0.0,4982.403,87.34237,0.0,1.3954431,2.0,0,0,2
653.0909,54.0,50.0,120.0,81.0,56.775444,240.0,0.0,78.97488,3666.7175,78.0,0.0,0.5,2.0,0,0,2
60.0,67.0,54.0,171.0,1254.0,60.0,249.0,116.31702,0.0,2525.0034,78.0,0.0,1.0,4.0,0,0,2
72.5,74.0,55.0,3911.329,1254.0,60.0,240.0,0.0,369.224,2244.1948,80.0,0.0,0.5,3.0,0,0,2
461.53714,66.0,55.0,120.0,81.0,60.0,122.2498,0.0,0.0,8556.666,71.88155,0.0,0.6666667,2.0,0,0,2
88.66808,65.0,55.0,603.3587,587.0,60.0,239.0,0.0,0.0,6077.023,82.86883,0.0,1.0,16.86963,0,0,2
620.6848,54.0,54.0,97.59457,656.30334,159.26297,77.69662,0.0,0.0,8563.703,75.0,0.0,0.75,2.0,0,0,2
74.80972,54.0,54.0,570.4672,582.0,60.0,267.77963,81.33165,356.6433,18814.11,55.0,0.0,0.6666667,135.08841,0,0,2
68.333336,54.0,54.0,5879.0674,1292.0,60.0,431.96295,15.5,0.0,8529.267,77.35009,0.0,0.75,175.29419,0,0,2
60.0,54.0,55.0,88.543884,85.0,60.0,418.25568,0.0,0.0,77845.945,78.0,0.0,1.0,186.06271,0,0,2
845.7889,79.0,76.0,145.0,92.0,60.0,242.0,0.0,0.0,8165.0415,86.0,0.0,0.6666667,0.0,0,0,2
578.2855,93.103745,54.0,60.0,78.0,560.0,193.92471,0.0,0.0,363.3382,55.0,0.0,0.6666667,2.0,0,0,2
567.0,54.0,55.0,145.43648,98.20537,60.0,61.166668,0.0,0.0,3072.7092,76.0,0.0,0.5,31.338,0,0,2
103.00859,70.0,54.0,38029.41,80.0,60.0,117.35088,15.5,0.0,161229.95,55.0,0.0,0.5,5.0,0,0,2
546.82495,78.0,78.0,87.474556,1292.0,60.0,93.89679,0.0,0.0,3554.9226,86.67056,0.0,0.6666667,2.0,0,0,2
86.0,54.0,54.0,89.07372,90.51367,72.5,78.0,0.0,0.0,4944.643,78.0,0.0,0.5,13.370909,0,0,2
120.0,55.0,55.0,60.0,104.22701,60.0,239.0,0.0,0.0,395.22095,78.0,2.277646,1.1781719,5.0,0,0,2
155.84238,54.0,54.0,5167.379,89.0,60.0,348.2245,7.900973,0.0,6501.66,55.0,0.0,0.6666667,2.0,0,0,2
497.31845,66.0,55.0,144.67195,78.0,60.0,383.72885,0.0,0.0,8735.144,55.0,0.0,0.5,2.0,0,0,2
669.0,54.0,74.0,161.73795,1253.8708,567.0,79.22584,0.0,0.0,251.65894,75.0,0.0,1.0,2.0,0,0,2
566.71545,54.0,54.0,3321.186,153.77777,65.0,88.0,0.0,247.56099,132.18163,55.0,0.0,0.5,2.0,0,0,2
639.4494,54.0,75.0,60.0,85.0,561.0,78.0,0.0,0.0,8765.768,78.0,0.0,1.6666666,2.0,0,0,2
86.0,50.0,54.0,669.0,87.0,68.333336,57.870945,0.0,0.0,20328.344,78.0,0.0,1.0,3.0,0,0,2
60.0,54.0,54.0,500.2955,78.0,60.0,94.333336,0.0,0.0,11742.166,55.0,0.0,1.0,4.0,0,0,2
72.5,54.0,54.0,24154.742,87.0,60.0,393.23325,171.08633,22.028912,3500.509,55.0,0.0,0.5,7.4229527,0,0,2
462.1916,61.166668,73.014465,60.0,1253.1012,66.0,65.0,0.0,0.0,12013.244,106.97454,0.0,0.5,2.0,0,0,2
653.0909,50.0,55.0,454.33047,90.6,60.0,240.24457,0.0,9.093099,12586.758,78.0,0.0,0.5,2.0,0,0,2
60.0,87.0,54.0,60.0,86.0,60.0,232.64,0.0,0.0,4982.9336,78.0,0.0,0.6666667,6.0,0,0,2
561.0,54.0,54.0,342.0,75.0,561.0,61.95907,0.0,188.05063,132.28203,55.0,0.0,0.5,2.0,0,0,2
686.79175,57.0,86.563065,60.0,97.91836,560.0,81.0,0.0,0.0,105650.55,87.0,0.0,0.75,2.0,0,0,2
144.85263,54.0,54.0,3960.5464,586.02014,60.0,93.49955,0.0,0.0,3764.1362,78.54728,0.0,0.5,8.0,0,0,2
68.333336,54.0,54.0,561.0,55.0,60.0,61.4,0.0,0.0,92.053894,55.0,0.0,0.6666667,9.305582,0,0,2
561.0,54.0,54.0,2735.6143,55.0,60.0,674.2052,56.200836,0.0,165839.67,55.0,1.0,0.5,2.0,0,0,2
419.78775,54.0,54.0,564.0,88.0,65.0,93.89276,0.0,0.0,9471.654,87.0,0.0,0.75,2.0,0,0,2
561.0,54.0,54.0,42011.254,78.0,85.5,82.57871,0.0,0.0,11853.728,71.0,0.0,0.5,15.289918,0,0,2
561.0,65.42857,71.0,7674.691,975.4648,187.00131,78.0,0.0,0.0,7283.206,75.0,0.0,0.5,2.0,0,0,2
657.21924,54.0,54.0,561.0,703.4374,60.0,208.22737,0.0,342.81995,8738.568,80.0,5.0,0.5417666,2.0,0,0,2
563.1671,54.0,54.0,60.0,1114.1936,167.0,87.920784,0.0,0.0,95.45692,173.18542,0.0,0.5,2.0,0,0,2
636.5,54.0,87.0,60.0,992.34784,65.0,247.0,0.0,15.201838,668.53015,106.0,0.0,0.6666667,2.0,0,0,2
564.0,54.0,54.0,205.0,701.98755,561.0,56.666668,0.0,0.0,22839.861,81.536194,0.0,1.2,2.0,0,0,2
78.93963,74.0,54.0,42954.23,342.0,60.0,150.45393,0.0,0.0,16709.459,89.0,0.0,0.8525014,80.74047,0,0,2
567.0,54.0,54.0,3205.4224,94.0,158.0,57.0,0.0,0.0,7751.852,89.74803,0.0,0.5,2.0,0,0,2
137.95915,75.0,55.0,7600.195,92.0,60.0,499.24503,109.770386,0.0,3083.5808,55.0,0.0,1.0,2.0,0,0,2
549.43146,54.0,54.0,19263.996,72.0,60.0,232.45943,0.0,0.0,94268.02,55.0,4.0,0.5,2.0,0,0,2
304.32657,54.0,54.0,145.0,74.0,60.0,249.0,0.0,0.0,132.30165,55.0,0.0,0.5,2.0,0,0,2
94.35796,54.0,54.0,571.0,1254.0,72.5,117.219635,0.0,0.0,27811.695,76.0,0.0,0.5,153.38026,0,0,2
414.9355,54.0,55.0,78.0,94.0,60.0,207.7178,0.0,0.0,1672.3584,74.01618,0.0,0.6666667,2.0,0,0,2
608.0951,54.0,54.0,3258.6414,578.2595,60.0,117.64536,0.0,0.0,1802.4521,75.0,0.0,0.5,2.0,0,0,2
150.14911,78.0,55.0,159.10799,78.0,60.0,164.14064,0.0,0.0,1627.7517,75.562836,0.0,2.1581833,2.0,0,0,2
161.07185,71.0,60.0,60.0,127.357254,66.0,111.276596,0.0,0.0,4466.447,79.13448,0.0,0.5,2.0,0,0,2
611.66516,54.0,54.0,60.0,907.2128,60.0,86.204216,0.0,0.0,632.21,128.55376,0.0,1.1473914,0.0,0,0,2
603.3472,55.0,54.0,182.12036,582.0,80.0,88.0,0.0,0.0,347.79663,147.1,0.0,0.6666667,2.0,0,0,2
158.87598,65.0,54.0,213.0,75.0,60.0,452.89005,114.029495,432.384,1237.3416,55.0,0.0,0.5,2.0,0,0,2
60.0,78.0,54.0,60.0,102.70168,60.0,239.0,29.749287,0.0,11743.587,87.0,0.0,0.5,4.0,0,0,2
303.2562,55.0,54.0,145.0,695.18036,160.20526,93.17352,0.0,12.5,2505.8708,90.0,0.0,1.0,0.0,0,0,2
88.93685,57.0,54.0,7606.994,835.24945,64.47957,78.0,0.0,0.0,763.20844,80.0,0.0,0.5,6.0,0,0,2
107.11912,70.0,55.0,72.59068,78.0,60.0,456.12982,29.84916,0.0,83.62453,71.0,0.0,0.5,2.0,0,0,2
60.0,87.0,54.0,120.0,81.0,60.0,240.0,0.0,0.0,4979.4956,55.0,0.0,0.5,4.124757,0,0,2
567.0,74.36065,80.0,78.0,145.4993,560.50146,100.0,0.0,0.0,18395.723,83.39015,0.0,0.5,2.0,0,0,2
668.59125,92.0,71.0,120.0,581.0,64.0,94.333336,0.0,0.0,332.18484,78.0,0.0,0.5,2.0,0,0,2
561.0,78.0,54.0,108.0,85.0,60.0,97.666664,0.0,0.0,6011.61,78.0,0.0,0.5,2.0,0,0,2
72.5,75.0,74.0,108.0,172.29909,60.0,124.16755,0.0,0.0,79682.59,80.0,0.0,0.5,10.0,0,0,2
561.0,54.0,54.0,6926.93,105.964775,71.0,233.27403,0.0,0.0,2360.793,81.0,5.0,0.75,6.0,0,0,2
138.0,75.0,82.72196,108.0,87.0,60.0,239.0,0.0,0.0,14127.005,87.0,0.0,0.8843655,2.0,0,0,2
564.0,87.989655,60.0,151.0,172.39983,60.0,88.50964,0.0,0.0,1714.481,89.0,0.0,0.6666667,6.0,0,0,2
465.65826,54.0,60.697784,60.0,1249.4309,60.0,100.0,0.0,0.0,11497.409,81.0,2.0,0.5,2.0,0,0,2
561.04944,54.0,54.0,159.82594,87.0,60.0,457.44623,0.0,0.0,4009.6982,75.0,0.0,0.5,2.0,0,0,2
560.0,54.0,55.0,120.0,697.76465,60.0,129.79558,0.0,0.0,8606.1,88.0,0.0,0.8317664,2.0,0,0,2
653.0909,54.0,86.805626,60.0,173.0,60.0,123.88695,29.883776,0.0,814.7981,87.0,0.0,0.5,2.0,0,0,2
560.0,88.0,54.0,1212.0846,72.0,138.0,124.40489,0.0,0.0,833.3761,55.0,0.0,0.5,8.0,0,0,2
560.0,54.0,78.0,60.0,1254.0,166.84679,84.23448,0.0,0.0,1307.7594,89.0,0.0,0.5,1.0792654,0,0,2
692.7273,54.0,54.0,561.0,75.0,60.0,109.333336,9.961592,0.0,3801.4563,71.0,0.0,0.6666667,2.0,0,0,2
80.0,78.0,55.0,78.0,619.0,70.0,88.333336,0.0,25.5,1471.0708,77.0,0.0,0.5,63.626682,0,0,2
567.0,78.0,77.0,159.3707,624.0,60.0,94.333336,0.0,0.0,1800.2096,87.0,0.0,1.0,2.0,0,0,2
317.4111,77.0,54.0,8149.2437,975.57153,60.0,233.65993,0.0,0.0,8503.465,87.0,0.0,1.25,2.0,0,0,2
109.14044,54.0,54.0,21097.607,157.5475,60.0,245.28395,0.0,0.0,132.15472,95.0,0.0,0.6666667,3.0,0,0,2
261.025,54.0,54.0,1496.2472,771.7411,60.0,215.85078,0.0,0.0,7047.3184,90.0,0.0,0.59364605,2.0,0,0,2
78.0,80.0,77.978714,60.0,1292.0,60.0,371.67667,0.0,0.0,1677.0833,81.0,0.0,0.5,2.0,0,0,2
457.04404,67.0,55.0,11314.828,81.0,60.0,247.61523,159.19345,0.0,233.9815,71.0,0.0,0.5,2.0,0,0,2
801.60614,78.0,54.996853,88.16456,85.0,60.0,239.0,0.0,0.0,1694.3094,74.98127,0.0,0.5,2.0,0,0,2
602.05176,59.75688,55.0,117.72547,1292.0,563.9897,61.166668,0.0,8.485281,669.308,150.67888,0.0,1.0846822,2.0,0,0,2
216.28218,54.0,54.0,205.0,582.6099,119.0,78.0,0.0,0.0,21455.203,78.0,0.0,0.7899284,3.0,0,0,2
117.583664,54.0,78.0,120.0,1254.0,60.0,240.0,148.66663,0.0,11849.937,87.0,0.0,0.8,3.0,0,0,2
78.0,78.0,58.262985,120.0,85.0,60.0,209.98776,0.0,162.34137,979.7509,81.0,0.0,0.5,3.0,0,0,2
68.333336,54.0,54.0,3902.0916,109.137085,60.0,325.2456,0.0,0.0,8988.561,81.0,0.0,0.5,8.0,0,0,2
447.02252,54.0,54.0,561.0,966.85547,169.54396,56.959686,0.0,0.0,20653.049,90.92695,0.0,2.1504672,2.0,0,0,2
295.81876,55.0,55.0,128.32686,88.0,86.0,87.49796,0.0,0.0,15387.516,77.0,0.0,0.5,2.0,0,0,2
349.14545,54.0,54.0,120.0,87.0,60.0,232.29039,0.0,8.905464,6504.1895,55.0,4.0,0.6666667,2.0,0,0,2
102.8086,73.0,71.0,60.0,216.00764,60.0,247.0,0.0,25.5,71.67261,94.0,0.0,0.5,2.0,0,0,2
653.0909,54.0,50.0,115.668396,77.0,60.0,622.0213,4.8720903,0.0,1803.9744,77.0,0.0,0.5,2.0,0,0,2
532.3759,54.0,54.0,567.0,88.99307,60.0,211.89186,0.0,0.0,7529.6904,55.0,0.0,0.6666667,2.0,0,0,2
151.82362,54.0,54.0,8367.639,79.343445,60.0,124.82425,0.0,8.895714,143.69724,71.0,0.0,0.5,2.0,0,0,2
145.6675,79.0,75.0,60.0,115.0,60.0,108.359665,0.0,0.0,2767.71,86.0,0.0,2.1523125,2.0,0,0,2
567.0,54.0,54.0,40108.684,1292.0,565.4025,57.0,0.0,133.3762,1744.7488,78.0,0.0,0.6666667,2.0,0,0,2
653.0909,80.817955,60.0,180.0,82.0,60.0,133.59636,0.0,0.0,2774.1523,78.0,0.0,0.5,2.0,0,0,2
527.6532,54.0,54.0,60.0,965.21747,167.63123,61.166668,0.0,0.0,130.79141,54.0,0.0,0.5,2.0,0,0,2
310.19196,55.0,87.0,60.0,1292.0,60.0,239.0,0.0,0.0,6773.3247,87.867065,0.0,1.1441987,2.0,0,0,2
156.0,54.0,54.0,6179.5874,1030.7795,67.0,239.0,0.0,0.0,14115.376,76.827644,0.0,0.5,3.0,0,0,2
417.32904,89.122,54.0,207.56477,87.0,60.0,240.0,0.0,0.0,11886.996,76.450325,0.0,0.5,2.0,0,0,2
605.0973,54.0,54.0,7184.0,92.0,60.0,241.47453,105.05462,0.0,371.94806,88.0,0.0,0.9078124,2.0,0,0,2
169.56265,50.0,54.0,561.0,94.0,60.0,87.82286,0.0,0.0,8764.812,88.0,0.0,1.2,2.0,0,0,2
567.0,61.166668,55.0,18901.537,618.0,318.36588,65.0,0.0,0.0,13968.425,75.0,7.0,1.6749487,3.0,0,0,2
150.87799,80.0,87.0,60.0,1274.8516,60.0,232.44406,0.0,0.0,2409.1921,87.0,0.0,0.5,2.0,0,0,2
561.0,54.0,72.0,158.0,391.81042,113.56377,78.7863,0.0,0.0,17197.486,88.0,1.0,0.5,2.0,0,0,2
155.9897,55.0,54.0,198.0,76.61372,60.0,386.53293,0.0,0.0,85949.55,54.0,0.0,0.5,2.0,0,0,2
60.0,78.0,55.0,60.0,88.0,60.0,88.0,0.0,0.0,4834.5703,87.0,9.0,1.1182237,7.0,0,0,2
60.0,81.0,54.0,120.0,78.0,54.0,537.27594,0.0,10.35707,2778.1108,75.0,0.0,0.5,6.0,0,0,2
669.0,82.3481,81.0,60.0,1097.8296,113.413895,85.674286,0.0,0.0,840.5624,139.68376,0.0,0.6666667,2.0,0,0,2
396.8587,54.0,54.0,18925.008,1258.485,60.0,97.666664,0.0,0.0,2246.462,82.61979,1.0,0.5,2.0,0,0,2
542.2089,55.0,55.0,120.0,88.0,60.0,113.77582,0.0,0.0,5893.9326,55.0,0.0,1.0833334,2.0,0,0,2
97.0,54.0,54.0,39710.137,75.0,60.0,239.0,0.0,0.0,16767.55,72.0,0.0,1.2,5.0,0,0,2
561.0,50.0,54.0,538.0,81.0,109.241234,57.0,0.0,0.0,4428.9297,55.0,0.0,0.5,2.0,0,0,2
581.6398,55.0,54.0,563.9796,108.18417,60.0,143.6302,0.0,0.0,64.84579,54.0,1.0,0.6666667,2.0,0,0,2
151.0,77.0,54.0,5032.3716,1292.0,60.0,248.35179,166.09595,0.0,11681.776,79.0,0.0,1.2,2.0,0,0,2
218.70576,55.0,54.0,127.0,78.0,60.0,239.0,0.0,0.0,25706.137,55.0,0.0,0.5,2.0,0,0,2
107.04356,88.0,75.0,120.0,115.120255,60.0,205.32797,0.0,0.0,1693.8447,75.45755,0.0,0.5,2.0,0,0,2
567.0,57.0,60.0,89.18886,78.0,255.94376,75.0,0.0,0.0,1169.0194,74.0,0.0,0.5,2.0,0,0,2
576.7183,70.0,75.0,80.0,247.04863,60.0,125.39793,5.8129783,0.0,9841.798,78.0,0.0,0.5,2.0,0,0,2
562.3829,54.0,54.0,922.3358,90.6,60.0,91.0,0.0,0.0,433.85455,55.0,0.0,0.75,23.0,0,0,2
60.0,50.0,50.0,669.0,618.0,60.0,240.0,15.5,288.5812,245.04695,147.1,0.0,0.5,52.24705,0,0,2
60.0,81.0,55.0,60.0,87.0,60.0,239.0,29.291958,0.0,8798.822,85.0,0.0,0.5,161.74571,0,0,2
734.3403,55.0,54.0,262650.16,80.0,60.0,94.0,108.32462,0.0,8470.004,78.0,0.0,0.8333333,1.0,0,0,2
78.0,54.0,54.0,3416.5476,78.0,60.0,240.0,62.844772,328.2176,13021.215,55.0,0.0,0.94875216,5.0,0,0,2
91.1531,54.0,54.0,567.0,88.95146,60.0,196.68141,5.8423815,0.0,110156.16,55.0,0.0,0.69040155,6.0,0,0,2
305.2566,54.0,54.0,126.5539,1254.0,60.0,84.800835,0.0,0.0,2891.799,90.6,0.0,0.5,2.0,0,0,2
150.96153,71.0,75.0,60.0,121.8493,60.0,247.0,0.0,0.0,347.9246,86.0,0.0,1.1477932,3.0,0,0,2
70.921616,71.64327,75.0,171.57497,85.0,60.0,94.7351,54.611504,0.0,7517.953,80.0,0.0,1.0,3.0,0,0,2
158.68898,50.0,54.0,7669.9604,697.4923,60.0,106.39626,0.0,26.274296,8412.299,94.808136,0.0,0.5,2.0,0,0,2
150.0,78.0,54.0,1394.2888,1292.0,60.0,215.9142,0.0,21.154905,6623.6553,81.0,0.0,0.6666667,2.0,0,0,2
68.333336,54.0,54.0,119.06405,1124.5453,60.0,61.207275,0.0,0.0,5250.993,85.0,0.0,0.6666667,4.0,0,0,2
158.0,75.0,70.0495,12729.065,88.0,60.0,85.0,0.0,0.0,8568.782,75.0,0.0,0.5,68.0,0,0,2
1036.815,81.0,55.0,120.0,620.95105,60.0,98.15868,0.0,121.83893,1306.5162,55.377285,0.0,0.6666667,2.0,0,0,2
97.94431,77.0,54.0,11005.69,267.20685,60.0,188.9688,0.0,0.0,4485.046,88.0,0.0,1.0,3.0,0,0,2
145.40005,54.0,54.0,39999.938,88.0,60.0,104.666664,0.0,22.27864,2460.556,78.0,5.0,0.5,3.0,0,0,2
158.71129,55.0,55.0,120.0,143.69032,60.0,188.18105,130.37935,0.0,56.439075,78.0,0.0,0.5,3.0,0,0,2
701.8133,57.0,54.0,669.0,1292.0,560.1419,71.0,0.0,0.0,2242.8313,72.0,0.0,0.5,2.0,0,0,2
151.0,88.0,54.0,2766.331,1254.0,60.0,119.115616,0.0,0.0,56.382927,94.783714,0.0,0.5,2.0,0,0,2
561.0,54.0,54.0,7185.3857,1292.0,85.5,116.13491,0.0,0.0,96501.336,94.0,0.0,0.6666667,2.0,0,0,2
564.0,50.0,54.0,7702.8965,88.0,60.0,247.0,0.0,0.0,8321.415,88.0,0.0,1.2222222,2.0,0,0,2
60.0,65.0,55.0,205.0,87.0,60.0,239.0,0.0,0.0,15759.334,71.0,0.0,0.5,5.0,0,0,2
605.24695,54.0,72.0,144.57144,890.48,60.0,91.57577,0.0,0.0,2064.1929,88.126045,0.0,0.6666667,2.0,0,0,2
60.0,78.0,55.0,200.0,89.0,60.0,153.66412,0.0,0.0,10326.449,55.0,0.0,0.5,23.0,0,0,2
567.0,54.0,55.0,120.0,143.69269,567.0,65.42857,0.0,0.0,1372.9052,76.0,13.735932,0.5,2.0,0,0,2
344.3263,54.0,54.0,560.0,571.0,60.0,124.3956,0.0,0.0,1478.4661,55.0,0.0,0.6666667,2.0,0,0,2
560.0,54.0,54.0,1712.345,87.879295,60.0,114.89644,0.0,0.0,3344.096,55.0,0.0,0.5,2.0,0,0,2
68.333336,78.0,72.0,60.0,81.0,60.0,94.333336,0.0,0.0,8200.184,77.0,0.0,0.5,4.0,0,0,2
111.20599,54.0,55.0,110.89833,658.3495,60.0,215.87976,0.0,0.0,13461.657,73.0,0.0,0.5,4.0,0,0,2
355.26306,54.0,80.0,108.0,1199.3951,60.0,87.333336,0.0,0.0,18931.955,116.18627,0.0,1.2513208,2.0,0,0,2
117.82643,64.0,75.39587,150.0,1254.0,60.0,247.0,63.385612,0.0,11721.642,87.0,0.0,0.5,6.0,0,0,2
160.2498,77.0,86.0,60.0,1292.0,60.0,202.04659,0.0,0.0,4588.9033,87.0,0.0,0.8333333,2.0,0,0,2
108.0,71.0,55.0,205.0,87.0,60.0,108.429535,0.0,0.0,5016.86,80.0,0.0,1.0,3.0,0,0,2
107.20785,66.25211,55.0,60.0,87.0,60.0,91.0,0.0,0.0,2186.6304,75.0,0.0,0.5,5.0,0,0,2
571.0,76.60901,55.0,158.0,79.0,60.0,240.0,0.0,0.0,3948.3901,55.0,0.0,2.0,2.0,0,0,2
569.7194,50.0,54.0,60.0,81.0,60.0,57.0,0.0,0.0,11826.835,75.0,0.0,0.5,6.0,0,0,2
605.05,65.0,55.0,11658.1045,89.15922,60.0,254.99707,0.0,0.0,6119.4683,55.0,0.0,2.959877,2.0,0,0,2
397.8832,54.0,85.0,75.395584,1292.0,60.0,88.0,0.0,0.0,6013.1655,87.0,0.0,1.0,2.0,0,0,2
567.0,64.0,54.0,571.0,656.15234,521.3487,88.333336,0.0,0.0,2464.6497,88.385124,0.0,1.0,2.0,0,0,2
103.02226,55.0,75.0,60.0,617.0,60.0,110.39212,0.0,0.0,1163.927,77.0,0.0,0.5,7.0,0,0,2
211.50244,65.42857,87.0,60.0,1255.0079,60.0,87.0,0.0,0.0,75.56388,194.60503,8.0,1.0,7.0,0,0,2
567.0,54.0,54.0,60.0,72.0,538.2757,85.68704,0.0,232.77573,623.642,71.0,0.0,1.0924864,2.0,0,0,2
158.0,54.0,54.0,41937.094,1292.0,60.0,116.970276,0.0,0.0,28599.445,55.0,0.0,0.5,2.0,0,0,2
68.333336,55.147556,55.0,7184.0,79.0,60.0,93.67252,127.826256,0.0,3187.795,55.0,0.0,0.5,151.39772,0,0,2
182.38428,54.0,54.0,571.0,93.5,60.0,100.0,0.0,0.0,3023.56,78.0,0.0,0.8,2.0,0,0,2
78.0,54.0,54.0,120.0,88.0,60.0,324.67892,0.0,0.0,5777.551,87.0,0.0,0.5,12.0,0,0,2
213.0,54.0,54.0,7866.999,79.0,60.0,450.1646,170.05452,0.0,13816.735,71.91635,0.0,0.5,247.28009,0,0,2
560.0,50.0,54.0,42749.97,153.68733,560.0,61.166668,0.0,12.5,377.395,55.0,0.0,0.6666667,2.0,0,0,2
78.0,75.0,54.0,170.11313,78.0,60.0,100.0,0.0,0.0,10969.604,72.0,0.0,0.5,8.0,0,0,2
250.26335,55.0,54.0,7674.0,82.868675,60.0,88.0,0.0,0.0,131.47499,54.0,0.0,0.75,2.0,0,0,2
202.38103,54.0,54.0,60.0,105.67673,74.203705,61.166668,0.0,0.0,583.8118,86.0,0.0,0.5,6.0,0,0,2
567.0,87.333336,88.0,60.0,1011.23315,560.0,87.5259,0.0,0.0,24354.133,90.0,0.0,0.5,2.0,0,0,2
267.06464,77.64429,55.0,306.605,87.0,60.0,136.69556,0.0,0.0,3767.7922,81.0,0.0,0.6666667,2.0,0,0,2
64.0,75.0,72.0,74.07306,946.98535,60.0,232.15811,0.0,0.0,21399.637,78.0,12.513853,1.0833334,205.11699,0,0,2
561.0,65.0,54.0,19534.922,1292.0,74.33573,86.542336,0.0,0.0,1554.3872,124.77683,0.0,0.5,4.0,0,0,2
120.0,55.0,71.0,60.0,1286.3574,60.0,239.0,0.0,0.0,1832.3214,91.42502,0.0,0.5,6.0,0,0,2
512.82745,54.0,74.47586,97.23568,1187.3724,60.0,100.0,0.0,0.0,31830.703,85.44701,0.0,0.5,2.0,0,0,2
411.46344,55.0,55.0,265.6783,85.0,60.0,251.5012,0.0,0.0,13592.957,72.0,0.0,1.0,2.0,0,0,2
547.6094,50.0,54.0,120.0,768.535,60.0,56.723705,0.0,0.0,8777.198,87.0,0.0,0.6666667,3.0,0,0,2
561.0,54.0,54.0,718.4073,80.0,60.0,232.64,0.0,0.0,15347.675,78.0,0.0,1.0,2.0,0,0,2
243.47049,57.48129,54.0,60.0,93.78098,60.0,91.0,0.0,0.0,3721.7273,55.0,11.0,0.6666667,2.0,0,0,2
560.7748,78.0,54.0,42148.496,1292.0,60.0,97.666664,0.0,0.0,4193.2754,74.0,0.0,0.5,10.641363,0,0,2
136.0,74.0,54.0,7620.0,619.0,65.0,85.87482,0.0,0.0,6576.0664,81.0,0.0,1.2222222,2.0,0,0,2
60.0,54.0,54.0,23950.182,89.0,60.0,240.0,0.0,25.5,7721.6323,55.0,0.0,0.5,210.86217,0,0,2
60.0,65.42857,54.0,704.15704,1254.0,60.0,66.0,0.0,0.0,130.90913,55.0,0.0,1.0,3.028304,0,0,2
158.0,55.0,88.0,60.0,1292.0,60.0,94.333336,0.0,0.0,332.19043,126.65668,8.0,0.5,3.0,0,0,2
60.0,54.0,54.0,11739.897,571.0,60.0,180.83893,0.0,0.0,83.0846,55.0,0.0,0.5,3.0,0,0,2
504.16867,54.0,80.0,88.0,682.8342,60.0,81.24985,0.0,0.0,6302.598,80.0,0.0,0.6666667,0.0,0,0,2
533.23175,54.0,54.0,560.0,670.3812,150.0152,80.0,0.0,15.693854,1674.8826,128.13982,12.149982,0.5,2.0,0,0,2
85.5,65.0,81.0,60.0,754.1387,60.0,101.940094,0.0,0.0,5617.921,85.0,0.0,0.6666667,270.6136,0,0,2
543.41125,75.0,81.0,60.0,98.20526,64.26426,240.0,0.0,25.822647,2501.2168,89.120834,0.0,0.6666667,2.0,0,0,2
263.71466,55.0,75.0,108.0,165.59985,60.0,240.05197,0.0,0.0,218.59653,81.0,0.0,3.1781676,2.0,0,0,2
68.333336,77.0,65.38754,7629.971,709.61554,60.0,105.543724,0.0,0.0,6408.254,82.0,5.0,1.2222222,3.0,0,0,2
151.0,78.0,54.0,10235.088,92.0,60.0,104.666664,0.0,0.0,5074.899,87.0,2.0,1.0,2.0,0,0,2
84.16122,54.0,54.0,560.0,90.6,60.0,383.12085,29.883776,0.0,47.184437,75.0,0.0,0.5,625.10333,0,0,2
560.0,74.0,55.0,561.0,1123.3964,60.0,92.788826,0.0,0.0,44220.35,90.6,0.0,0.5,2.0,0,0,2
60.0,50.0,54.0,905.66266,85.451195,60.0,240.0,0.0,0.0,19084.18,55.0,0.0,0.75605667,8.304805,0,0,2
167.0,55.0,54.0,35801.82,93.80385,60.0,119.098885,0.0,25.5,4366.377,55.0,0.0,1.0,2.0,0,0,2
566.14954,54.0,54.0,5981.928,1254.0,100.03359,57.0,0.0,0.0,76.95447,88.0,0.0,0.5,2.0,0,0,2
78.0,54.0,54.0,571.0,1292.0,60.0,232.64,0.0,0.0,615.3731,59.891525,0.0,1.0,4.0,0,0,2
564.0,54.0,54.0,5362.955,102.734505,465.35568,93.39002,0.0,0.0,20364.81,78.0,0.0,0.6666667,2.0,0,0,2
87.05511,54.0,54.0,60.0,933.0,60.0,281.318,0.0,8.377616,11748.345,107.27697,0.0,0.75,8.0,0,0,2
103.9952,66.0,57.93316,148.0,1254.0,60.0,195.7188,0.0,0.0,12227.987,75.0,0.0,0.5,6.0,0,0,2
60.0,55.0,54.0,60.0,86.262405,60.0,93.345436,0.0,0.0,18010.746,78.0,0.0,0.94996095,244.57367,0,0,2
157.17918,54.0,54.0,560.0,78.0,60.0,136.49184,0.0,104.00168,3076.7275,78.0,0.0,0.5,2.0,0,0,2
538.0,54.0,54.0,60.0,147.1,60.0,346.1747,0.0,0.0,26210.111,87.0,0.0,3.4882114,2.0,0,0,2
561.0,54.0,54.0,120.0,115.0,538.0,57.0,0.0,0.0,359.96298,90.6,0.0,0.5,2.0,0,0,2
97.18861,54.0,54.0,5161.808,143.6209,60.0,97.666664,0.0,0.0,132.14148,55.0,0.0,0.5,3.0,0,0,2
240.89499,78.0,54.0,60.0,90.0,60.0,230.66585,0.0,0.0,131.56166,71.0,0.0,0.6666667,2.0,0,0,2
295.77185,54.0,54.0,159.87338,858.2004,60.0,353.15152,9.985051,0.0,1872.9193,86.0,0.0,2.1512897,2.0,0,0,2
560.0,54.0,54.0,7885.634,1254.0,60.0,109.333336,0.0,0.0,963.5945,93.31138,0.0,0.5,2.0,0,0,2
86.0,86.0,54.0,6489.4453,94.267715,60.0,87.333336,0.0,0.0,11612.473,74.0,0.0,0.5,35.320194,0,0,2
561.0,54.0,54.0,195.25844,87.0,513.2229,57.0,0.0,0.0,325461.44,55.0,0.0,0.5,2.0,0,0,2
60.0,50.08431,54.0,7184.0,1254.0,60.0,98.022964,0.0,0.0,91.96426,87.0,0.0,0.5,73.0,0,0,2
69.88877,80.0,54.0,9950.067,89.0,60.0,239.0,0.0,0.0,3776.3105,55.0,0.0,0.5,2.0,0,0,2
206.26642,54.0,54.0,567.0,137.12445,151.82806,60.0,0.0,0.0,921.01996,55.0,0.0,0.75,14.264512,0,0,2
88.50598,75.0,75.0,120.0,667.5619,61.762802,83.328896,0.0,12.655297,5642.772,88.0,0.0,0.5,7.0,0,0,2
60.0,86.0,70.33587,148.0,653.077,60.0,136.58034,0.0,0.0,81936.83,108.52181,0.0,0.5,245.2472,0,0,2
299.69278,54.0,71.0,78.0,887.4743,65.0,81.53585,0.0,0.0,1696.2299,120.538055,13.0,0.5,2.0,0,0,2
70.0,50.0,55.0,365.64462,55.0,60.0,82.4,0.0,293.23373,147.44646,55.0,0.0,0.67220485,276.0,0,0,2
60.0,78.0,87.0,60.0,1292.0,60.0,230.88928,0.0,0.0,53283.574,157.43312,0.0,0.5,8.0,0,0,2
569.3988,75.0,81.0,60.0,1260.5819,567.0,80.0,0.0,0.0,4750.66,85.0,0.0,0.5,2.0,0,0,2
217.67686,54.0,54.0,12090.622,697.6144,60.0,78.0,0.0,0.0,515.3219,71.0,0.0,0.5,3.0,0,0,2
116.001976,54.0,54.0,128041.44,966.3486,60.0,114.41595,0.0,0.0,8775.456,75.0,0.0,0.5,2.0,0,0,2
217.2363,54.0,54.0,39706.785,255.18947,60.0,212.69559,120.88796,0.0,8816.794,90.0,0.0,2.1518655,2.0,0,0,2
60.0,88.0,54.0,60.0,86.0,60.0,647.77954,110.244064,0.0,2526.4387,75.07311,0.0,0.6666667,68.0,0,0,2
109.17127,54.0,55.0,120.0,78.0,64.0,100.0,0.0,0.0,2471.671,77.0,0.0,1.0,5.0,0,0,2
63.781704,73.0,80.0,60.0,1181.7308,60.0,324.68756,0.0,190.0708,3079.5745,81.0,0.0,0.5,7.0,0,0,2
72.5,77.5988,50.0,78.0,87.50427,54.0,81.33112,0.0,0.0,66.26211,78.0,0.0,0.5,15.86232,0,0,2
433.97656,77.0,55.0,78.0,80.0,88.0,85.0,0.0,0.0,8735.982,74.00363,2.0,0.5,2.0,0,0,2
296.18042,71.0,81.0,60.0,90.0,60.0,247.0,0.0,0.0,5046.14,81.159294,0.0,0.5,6.0,0,0,2
561.0,80.0,80.0,108.208206,703.4683,68.333336,120.48093,0.0,0.0,5911.6094,90.6,0.0,0.5,4.0,0,0,2
567.0,82.37741,86.0,60.0,1292.0,60.0,87.377144,0.0,0.0,6944.398,87.0,0.0,0.75,16.458418,0,0,2
560.0,50.0,54.0,7620.0,121.69174,60.0,65.42857,0.0,0.0,591.3336,55.0,0.0,0.6666667,84.05166,0,0,2
603.14874,55.0,54.0,171.0,92.0,60.0,413.95724,0.0,0.0,11623.37,81.0,0.0,3.058761,2.0,0,0,2
97.0,66.0,80.0,60.0,1282.0,60.0,209.19359,0.0,0.0,11694.403,81.0,0.0,0.5,3.0,0,0,2
567.0,50.0,54.0,8177.273,1254.0,60.0,60.0,0.0,0.0,4681.777,77.0,0.0,0.5,6.6234527,0,0,2
640.6623,54.0,54.0,3240.88,81.0,60.0,94.358696,0.0,0.0,3087.9846,55.0,0.0,0.5,2.0,0,0,2
581.48956,80.0,55.0,180.0,78.0,60.0,93.881035,0.0,0.0,3103.8792,71.0,0.0,0.6666667,2.0,0,0,2
783.26135,87.0,71.0,60.0,85.0,60.0,240.0,0.0,0.0,9004.492,80.0,0.0,0.6666667,2.0,0,0,2
598.43854,54.0,54.0,39032.434,616.9367,60.0,121.61012,0.0,0.0,164.15274,172.69417,0.0,0.5,2.0,0,0,2
71.0,54.0,54.0,342.0,94.5393,60.0,390.33084,15.5,0.0,11713.742,80.0,0.0,0.6666667,6.0,0,0,2
567.0,50.0,54.0,669.0,85.158585,60.0,124.36543,0.0,0.0,12082.693,55.0,0.0,0.8888889,2.0,0,0,2
155.32487,75.0,81.60647,60.0,750.94794,60.0,93.12919,0.0,0.0,20708.54,95.0,0.0,0.5,2.0,0,0,2
60.0,54.0,54.0,30725.02,75.46224,60.0,394.22864,0.0,0.0,81.21669,54.0,0.0,0.8,121.98472,0,0,2
158.0,55.0,55.0,560.0,139.59499,60.0,312.63657,0.0,0.0,5808.8013,78.0,0.0,0.5,3.0,0,0,2
631.77734,54.0,55.0,120.0,80.0,60.0,116.991356,0.0,0.0,2711.3445,75.0,0.0,0.5,2.0,0,0,2
538.0,54.0,54.0,8165.1616,1292.0,151.0,61.4,0.0,0.0,9673.54,94.0,0.0,1.375,2.0,0,0,2
168.23975,54.0,54.0,87.86353,83.97052,60.0,88.0,0.0,0.0,4741.459,81.0,0.0,1.2222222,2.0,0,0,2
335.30084,73.41905,78.0,158.0,121.95227,156.22215,86.808556,0.0,0.0,6453.145,87.97721,0.0,1.1585482,3.0,0,0,2
215.54982,54.0,54.0,1036.108,76.05846,60.0,240.14427,0.0,0.0,10358.691,54.0,7.0,2.0,2.0,0,0,2
567.0,54.0,86.0,60.0,1292.0,127.0,57.0,0.0,0.0,83.28076,92.92526,0.0,0.5,4.0,0,0,2
167.0,68.249344,54.0,205.0,88.93371,108.57586,80.0,0.0,0.0,5250.9937,55.0,5.0,0.5,2.0,0,0,2
136.29309,78.39845,78.0,120.0,1014.65,60.0,100.0,0.0,0.0,422.41354,87.0,0.0,0.5,2.0,0,0,2
60.0,54.0,78.0,120.0,87.40909,60.0,428.31882,1.1421705e-14,81.33694,5904.8516,87.0,0.0,0.6666667,4.0,0,0,2
272.03168,54.0,72.99738,126.39658,679.49225,60.0,242.90567,0.0,11.785113,4326.236,78.0,0.0,1.1503094,2.0,0,0,2
60.0,50.0,55.0,60.0,88.0,60.0,128.23068,0.0,0.0,8371.614,85.0,0.0,0.5,11.80996,0,0,2
60.0,65.0,54.0,523830.9,75.0,60.0,99.364174,7.316874,0.0,31573.97,57.1608,0.0,0.5,3.0,0,0,2
68.333336,55.0,54.0,395326.75,144.36221,60.0,451.02194,0.0,0.0,5000.599,81.0,0.0,1.0,6.0,0,0,2
567.0,54.0,80.0,60.0,91.04008,397.95425,85.81543,0.0,25.5,1713.8766,85.0,0.0,1.9677352,2.0,0,0,2
68.333336,82.0,54.0,7184.0,92.0,60.0,566.3303,0.0,0.0,353.17462,73.76273,0.0,0.5,8.0,0,0,2
427.80994,90.0,74.0,60.0,88.0,60.0,239.27022,0.0,0.0,1707.7655,85.0,0.0,1.1325738,2.0,0,0,2
154.96596,70.0,55.0,153.85965,87.0,60.0,233.59451,0.0,0.0,13690.945,71.0,0.0,0.5,2.0,0,0,2
567.0,58.05296,55.0,181.54227,115.67442,60.0,451.37915,0.0,10.480894,2774.0503,100.59285,0.0,0.6666667,2.0,0,0,2
332.13263,54.0,50.0,113.41479,88.0,54.0,239.0,0.0,0.0,11062.051,78.0,0.0,0.5,2.0,0,0,2
102.94116,54.0,55.0,120.0,974.77814,60.0,373.22208,0.0,11.785113,2231.0464,88.0,0.0,0.5,9.309191,0,0,2
212.2427,55.0,54.0,9941.486,1292.0,148.15132,61.166668,0.0,0.0,5645.0654,90.6,0.0,0.5,3.0,0,0,2
422.9538,54.0,54.0,8365.335,984.3385,78.0,94.0,0.0,0.0,1804.04,84.42479,0.0,0.5,2.0,0,0,2
71.66662,54.0,54.0,60.0,105.84218,60.0,428.32407,0.0,13.82733,144.20839,55.0,0.0,0.87445515,184.8646,0,0,2
185.92896,78.0,54.0,1962.2164,586.7782,60.0,215.8677,0.0,0.0,11882.49,93.5,0.0,2.1510706,0.0,0,0,2
68.333336,87.0,55.0,78.0,80.0,60.0,117.275536,0.0,0.0,12548.957,78.0,0.0,0.75,3.0,0,0,2
150.0,78.12722,81.0,60.0,624.0,60.0,123.86973,0.0,0.0,13476.461,103.78975,0.0,1.25,2.0,0,0,2
151.0,75.0,76.99429,120.0,81.00848,60.0,97.666664,0.0,0.0,7534.3438,78.0,0.0,0.5,2.0,0,0,2
107.562584,54.0,54.0,228.88762,110.542114,60.0,117.439964,0.0,0.0,8735.113,85.36209,0.0,0.6666667,3.0,0,0,2
155.38048,76.03665,72.0,60.0,115.73698,60.0,329.9995,0.0,0.0,669.80853,80.0,0.0,0.5,3.0,0,0,2
246.0444,56.666668,77.0,7718.9116,81.0,60.0,77.0,0.0,0.0,4201.355,81.0,0.0,1.0,21.373617,0,0,2
539.92706,54.0,54.0,244469.83,75.0,60.0,584.4274,18.167921,0.0,10481.371,72.0,1.0,1.2222222,2.0,0,0,2
564.0,50.0,74.0,60.0,85.0,60.0,273.0,0.0,0.0,211.63611,78.0,0.0,1.0,2.0,0,0,2
60.0,75.0,89.0,60.0,1292.0,60.0,225.63449,0.0,0.0,472.13766,105.95943,5.0,0.5,4.0,0,0,2
560.0,54.0,55.0,60.0,81.0,66.0,239.0,0.0,0.0,84.9889,55.0,0.0,1.8105799,2.0,0,0,2
167.0,54.0,54.0,21478.113,88.0,60.0,249.0,0.0,0.0,7142.1157,55.0,0.0,0.6666667,2.0,0,0,2
566.796,54.0,54.0,24966.438,87.0,180.23544,57.0,0.0,11.785113,1709.0183,72.0,0.0,0.5,2.0,0,0,2
567.0,57.0,54.0,89.737885,115.0,150.0,65.0,0.0,505.2242,4537.468,81.0,0.0,0.5,2.0,0,0,2
561.0,78.0,54.0,7184.0,276.94904,68.333336,207.95456,0.0,0.0,1848.8918,72.48275,0.0,0.5,3.0,0,0,2
127.0,50.0,75.0,132.63542,399.50726,60.0,85.942764,0.0,0.0,11243.087,78.0,0.0,0.5,5.0,0,0,2
156.0,78.0,82.0,60.0,1292.0,60.0,282.86993,0.0,0.0,4982.751,85.0,0.0,0.5,2.0,0,0,2
571.0,54.0,54.0,60.0,82.20538,71.30649,86.11333,0.0,0.0,20339.973,78.0,0.0,0.5,2.0,0,0,2
136.70772,54.0,54.0,171.80963,78.0,60.0,205.27805,0.0,0.0,8735.425,55.0,0.0,1.0825939,2.0,0,0,2
567.0,56.666668,72.0,60.0,1252.2859,431.10654,82.9374,0.0,0.0,14140.051,88.0,0.0,1.0,2.0,0,0,2
200.3582,64.1852,54.0,27827.934,254.16026,60.0,105.97764,0.0,0.0,8407.1045,73.16858,0.0,0.5,2.0,0,0,2
85.5,55.0,54.0,7184.0,697.9056,60.0,128.96284,0.0,0.0,2508.9805,87.0,0.0,0.5,264.18896,0,0,2
564.0,57.0,54.0,41516.19,1292.0,108.0,65.0,0.0,11.133069,70.62902,55.321426,0.0,1.2222222,3.0,0,0,2
567.0,78.0,55.0,181.85571,86.0,78.0,80.0,0.0,0.0,5587.534,78.0,0.0,0.5,4.0,0,0,2
1023.4582,81.0,50.0,60.0,174.44736,60.0,393.56012,0.0,0.0,144.5084,85.29398,0.0,1.1,0.0,0,0,2
72.5,76.0,54.24549,7643.6675,164.22299,60.0,108.92882,114.44755,333.05914,408.49512,81.0,0.0,0.6666667,4.0,0,0,2
653.0909,54.0,54.0,120.0,973.4736,60.0,61.4,0.0,0.0,11579.043,87.0,0.0,1.0,2.0,0,0,2
603.65576,50.0,53.466564,98170.08,120.24551,60.0,428.32697,0.0,0.0,2035.6493,54.0,4.0,0.5,2.0,0,0,2
167.0,54.0,54.0,17584.387,80.0,60.0,83.477104,0.0,0.0,4975.469,76.509995,0.0,1.1468188,2.0,0,0,2
207.80835,54.0,54.0,3308.8481,90.0,78.0,71.058525,0.0,0.0,5806.84,55.0,2.0,0.5,249.52155,0,0,2
337.55215,55.0,54.0,25021.182,78.0,60.0,87.797905,0.0,0.0,7478.5615,71.0,0.0,0.6666667,5.0,0,0,2
439.80945,55.0,54.0,6372.84,1257.2305,60.0,61.4,0.0,0.0,6551.174,88.9328,0.0,1.6323704,2.0,0,0,2
99.86768,78.0,81.0,60.0,90.0,60.0,428.35,181.59167,0.0,12256.498,87.0,8.695033,0.5,2.0,0,0,2
60.0,78.0,81.70979,78.0,583.0,60.0,184.93898,0.0,0.0,6560.637,85.0,0.0,0.5,149.82181,0,0,2
60.0,54.0,54.0,561.9367,1292.0,60.0,94.66013,111.172966,0.0,3853.844,86.40765,8.0,1.6666666,6.0,0,0,2
571.0,57.0,55.0,60.0,73.24106,561.5449,64.396484,0.0,0.0,23723.346,72.0,0.0,1.0,2.0,0,0,2
335.31693,54.0,58.197365,60.0,973.4677,60.0,240.0,0.0,0.0,8248.142,78.0,0.0,0.5,2.0,0,0,2
653.0909,54.0,54.0,9885.552,78.0,60.0,247.0,0.0,0.0,20588.129,75.0,0.0,0.6666667,2.0,0,0,2
60.0,78.0,54.0,8354.87,263.90765,60.0,206.72774,0.0,0.0,2146.0337,78.0,0.0,0.6666667,4.0,0,0,2
553.6366,50.0,50.0,3864.5232,90.82383,60.0,242.0,0.0,0.0,2751.0544,54.0,0.0,1.2222222,2.0,0,0,2
638.6348,50.0,54.0,180.0,698.4484,78.0,93.98327,0.0,335.51297,1780.8436,71.20306,0.0,1.2635351,2.0,0,0,2
151.0,82.0,54.0,127.0,90.6,60.0,232.64,0.0,0.0,8727.6045,75.0,0.0,0.5,2.0,0,0,2
156.0,54.0,55.0,156.0,427.00677,60.0,235.60327,0.0,0.0,4824.1714,88.0,0.0,0.5,3.0,0,0,2
80.0,75.0,54.0,10884.978,78.0,60.0,240.0,0.0,0.0,12107.774,75.88022,0.0,0.5,78.686356,0,0,2
567.0,54.0,54.0,21986.357,75.0,60.0,80.22517,0.0,0.0,4849.9814,72.0,0.0,0.5,2.0,0,0,2
571.0,78.0,73.0,561.0,1250.9005,60.0,212.7465,0.0,0.0,15389.759,86.6712,0.0,0.5,2.0,0,0,2
564.0,54.0,85.0,78.0,1067.7635,151.0,101.81808,0.0,0.0,32029.756,87.0,0.0,0.6408834,2.0,0,0,2
412.63458,55.0,54.0,14802.748,105.06867,60.0,102.910065,0.0,0.0,20361.787,70.78563,0.0,0.5,2.0,0,0,2
105.03477,72.0,55.0,6609.056,74.00682,60.0,248.99051,0.0,0.0,48104.395,56.951485,0.0,0.5,2.0,0,0,2
296.1029,70.0,55.0,8375.346,78.0,60.0,198.97684,0.0,0.0,4518.708,71.0,0.0,0.5,2.0,0,0,2
561.0,54.0,54.0,5194.894,624.0,74.11576,57.0,0.0,0.0,9128.957,85.0,0.0,0.5,5.0,0,0,2
561.0,54.0,72.0,120.0,1183.0387,60.0,113.76583,15.5,0.0,221.91687,153.62544,13.0,0.33333334,2.0,0,0,2
636.5,55.0,71.0,162.16754,1254.0,60.0,97.666664,0.0,0.0,782.2831,89.0,0.0,0.5,2.0,0,0,2
105.02763,74.0,78.0,120.0,618.0,60.0,104.00971,106.862755,0.0,131.90341,162.38809,8.0,0.5,4.186629,0,0,2
159.71323,75.37203,54.0,158.0,593.1758,60.0,265.11642,0.0,0.0,3557.4192,80.0,0.0,1.2222222,2.0,0,0,2
561.0,66.42052,77.0,120.0,1292.0,192.58234,240.0,0.0,0.0,55.094353,150.68756,0.0,1.0617146,2.0,0,0,2
60.0,70.0,55.0,567.0,388.2946,60.0,206.01256,0.0,0.0,12853.664,72.0,2.0,0.5,8.0,0,0,2
213.0,54.0,54.0,254878.84,1292.0,64.0,104.666664,0.0,0.0,3929.5076,90.747765,12.0,0.5,2.0,0,0,2
200.6353,77.0,54.0,89.30149,84.673546,60.0,88.0,0.0,0.0,11736.643,81.0,0.0,0.5,71.84721,0,0,2
618.76776,54.0,54.0,4981.007,250.08636,60.0,346.23795,140.37773,0.0,1611.3715,78.0,0.0,1.6666666,2.0,0,0,2
561.0,55.0,54.0,560.0,88.0,151.0,61.166668,0.0,0.0,13384.458,55.0,0.0,0.6666667,3.0,0,0,2
88.0,50.0,54.0,156.0,1292.0,60.0,253.19186,177.80176,0.0,3080.701,90.84046,10.0,0.23591807,3.0,0,0,2
145.4514,54.0,54.0,10462.217,1292.0,60.0,114.79158,0.0,0.0,11469.375,105.90893,0.0,1.0457591,2.0,0,0,2
540.3069,54.0,54.0,150.21404,78.0,60.0,94.0,0.0,0.0,9010.602,55.0,0.0,0.5,2.0,0,0,2
74.28995,54.0,54.0,80.0,85.0,60.0,414.14874,286.97177,0.0,4617.662,54.0,0.0,1.0833334,3.0,0,0,2
417.4186,50.0,54.0,158.0,102.83824,60.0,428.35,0.0,0.0,2198.02,75.0,0.0,1.0,2.0,0,0,2
564.0,54.0,54.0,78.0,736.737,560.0,104.4224,0.0,0.0,6125.553,82.0,0.0,0.5,2.0,0,0,2
60.0,78.0,55.0,7184.0,87.0,60.0,273.0,0.0,0.0,4820.463,55.0,0.0,0.5,3.0,0,0,2
567.0,54.0,54.0,7630.8433,701.0168,68.333336,57.0,0.0,0.0,21460.215,80.427505,0.0,0.5,3.0,0,0,2
60.0,54.0,54.0,15592.143,394.0213,60.0,160.14587,0.0,0.0,8421.042,90.6,5.0,0.33333334,747.85846,0,0,2
65.0,81.0,54.0,309421.72,236.60394,60.0,100.0,0.0,0.0,46085.562,78.0,0.0,0.6666667,5.0,0,0,2
60.0,54.0,55.0,137.19923,90.0,60.0,104.666664,0.0,0.0,8967.636,75.0,0.0,0.5,6.0,0,0,2
60.0,75.0,54.0,7649.9204,175.09514,60.0,127.88913,0.0,0.0,145.91483,78.0,12.0,0.06481491,6.0,0,0,2
561.0,54.0,54.0,6319.3774,80.0,561.0,56.666668,0.0,0.0,5847.4326,71.0,0.0,0.6666667,2.0,0,0,2
561.0,65.0,54.0,4230.6343,87.0,298.6535,65.36694,0.0,0.0,8601.031,73.0,0.0,0.5,2.0,0,0,2
158.0,61.166668,55.0,6412.6533,711.33514,60.0,78.0,0.0,0.0,4925.3193,82.73241,0.0,0.5,185.99248,0,0,2
669.0,54.0,54.0,120.0,615.76074,60.0,239.0,0.0,35.147366,1504.2942,72.15164,0.0,1.375,2.0,0,0,2
237.45427,54.0,55.0,167.0,80.0,218.35823,87.13277,0.0,0.0,3636.2202,65.51046,0.0,0.5,2.0,0,0,2
212.41496,54.0,54.0,606.1386,1254.0,72.5,87.333336,0.0,0.0,5405.693,88.0,0.0,0.5,6.0,0,0,2
86.0,89.0,55.0,139.70868,89.68123,60.0,136.06912,0.0,245.39272,13747.475,55.0,0.0,0.9362721,3.0,0,0,2
560.0,54.0,55.0,166.16345,89.0,60.0,82.39696,0.0,0.0,20895.268,71.0,0.0,0.5,3.0,0,0,2
217.22104,72.0,78.0,156.0,1292.0,60.0,372.43283,0.0,0.0,1835.237,80.0,0.0,1.2,2.0,0,0,2
104.71482,70.0,64.38603,60.0,87.0,60.0,345.80966,0.0,10.322165,4669.902,78.0,0.0,0.5,22.72379,0,0,2
60.0,50.0,54.0,907.6295,87.0,60.0,247.0,0.0,0.0,8750.502,71.0,0.0,0.98974127,189.0554,0,0,2
60.0,54.0,54.0,4252.385,106.59897,60.0,92.288795,0.0,0.0,11105.952,55.0,0.0,0.6666667,183.15251,0,0,2
150.0,61.166668,54.0,567.0,1192.83,132.04695,74.0,0.0,0.0,7218.7485,94.0,0.0,0.5,3.0,0,0,2
160.2263,50.0,54.0,571.0,164.2058,60.0,573.253,14.578573,0.0,277925.16,54.0,0.0,0.94044036,11.611375,0,0,2
560.2926,54.0,54.0,3846.0803,129.48796,138.0,90.36656,0.0,0.0,9668.034,87.39909,0.0,0.5,3.0,0,0,2
413.96725,54.0,54.0,24926.816,89.0,60.0,390.82755,178.253,0.0,13506.202,80.0,0.0,0.5,3.0,0,0,2
102.46331,54.0,87.0,60.0,1292.0,60.0,336.77808,288.24435,0.0,48608.613,111.66923,0.0,0.5,3.0,0,0,2
560.0,54.0,54.0,158.0,1257.1908,138.0,57.023693,0.0,0.0,335.37378,87.0,0.0,1.0,5.0,0,0,2
110.10302,75.0,50.0,60.0,85.0,60.0,456.1273,0.0,0.0,2773.9873,75.0,0.0,0.5,63.602303,0,0,2
158.0,54.0,50.0,1670.2683,165.47375,85.5,78.0,0.0,0.0,4446.7544,81.0,0.0,0.6666667,9.86326,0,0,2
145.24103,54.0,54.0,12579.136,971.0312,129.56615,120.14814,0.0,0.0,2774.279,78.0,0.0,0.5,2.0,0,0,2
561.0,55.0,54.0,6360.223,88.0,60.0,318.1819,168.11555,194.06467,3715.7354,55.0,11.0,0.47236988,2.0,0,0,2
605.2626,65.0,54.0,158.0,88.0,211.26192,85.0,0.0,0.0,8321.769,72.0,0.0,1.0,2.0,0,0,2
149.20949,50.0,54.0,42093.156,303.1725,65.0,84.52798,0.0,0.0,4865.939,79.0,2.0,0.6666667,2.0,0,0,2
119.427444,79.07887,55.0,78.84988,1037.2645,60.0,109.333336,0.0,0.0,344.09912,73.0,0.0,0.5,2.0,0,0,2
596.75024,54.0,54.0,7697.2173,82.0,60.0,397.8104,0.0,8.485281,15387.467,71.0,0.0,0.5,3.4398497e-15,0,0,2
60.0,78.0,54.0,60.0,90.0,60.0,83.43249,0.0,0.0,1208.2338,89.84905,0.0,0.5,4.0,0,0,2
104.62267,54.0,54.0,40044.887,87.0,60.0,211.30576,0.0,0.0,218960.77,55.0,0.0,1.0283142,3.0,0,0,2
397.98352,54.0,77.0,150.0,127.0,60.0,235.22644,104.33004,10.53301,3108.3728,88.0,0.0,0.5,2.0,0,0,2
566.353,91.64576,69.5,60.0,973.2087,60.0,257.0035,0.0,0.0,258442.33,87.0,18.24845,0.5,2.0,0,0,2
653.0909,56.666668,55.0,120.0,78.0,567.0,81.0,0.0,0.0,3906.0662,78.0,0.0,0.5,2.0,0,0,2
564.0,50.0,54.0,151.0,174.41441,60.0,61.166668,0.0,0.0,48684.04,88.0,0.0,0.8,16.054714,0,0,2
60.0,88.0,78.35586,60.0,1254.0,60.0,370.42142,10.114336,0.0,2524.3513,87.0,0.0,0.8,8.0,0,0,2
560.0,57.0,85.0,74.725876,723.65936,60.0,87.0,0.0,0.0,7285.4834,90.0,0.0,1.0,8.0,0,0,2
560.3187,76.0,74.0,6990.6865,115.024864,60.0,330.24142,0.0,0.0,18175.326,78.0,0.0,0.5,2.0,0,0,2
155.3192,55.0,54.0,42187.863,82.823524,60.0,139.54414,0.0,0.0,5812.4375,78.0,0.0,1.0,2.0,0,0,2
561.0,54.0,54.0,5682.319,78.0,307.066,57.0,0.0,0.0,8536.728,55.0,0.0,1.0,2.0,0,0,2
561.0,54.0,54.0,3906.7297,675.58716,73.17247,239.0,0.0,0.0,1380.2115,78.0,0.0,0.5,12.0,0,0,2
151.6189,75.0,76.0,6656.0,110.12877,60.0,133.81256,0.0,0.0,11744.875,78.0,0.0,1.0,2.0,0,0,2
92.826935,65.0,55.0,60.0,620.27704,60.0,88.333336,0.0,0.0,192.7142,88.0,0.0,1.0,6.0,0,0,2
538.0,88.0,60.0,168.09459,92.0,66.0,104.666664,0.0,0.0,11388.577,78.0,0.0,1.2,2.0,0,0,2
114.72067,55.0,54.0,27575.68,75.0,60.0,232.64,1.731721,0.0,3771.9622,74.0,0.0,1.0,4.0,0,0,2
104.92259,71.0,54.0,11988.932,76.0,60.0,105.74328,0.0,0.0,5735.977,72.641914,0.0,1.2988634,2.0,0,0,2
617.62646,54.0,55.0,60.0,88.0,60.0,734.744,0.0,0.0,9389.156,85.0,0.0,0.6666667,0.0,0,0,2
265.4772,55.0,54.0,563.4718,106.28144,71.0,87.4459,0.0,0.0,1573.3632,55.0,0.0,0.8,3.0,0,0,2
551.8025,54.0,73.0,60.0,990.7523,60.0,94.333336,0.0,11.785113,76.5009,172.57516,0.0,1.0,63.361935,0,0,2
739.55554,80.0,54.0,148.0,699.99994,60.0,116.002144,0.0,0.0,8952.01,78.0,0.0,1.2726539,2.0,0,0,2
296.3178,80.0,75.0,150.0,582.0,60.0,119.69346,0.0,286.8462,326.66046,78.0,0.0,0.5,2.0,0,0,2
720.0425,76.904495,55.0,78.0,78.0,60.0,131.75624,32.21552,0.0,5266.45,78.0,0.0,1.2222222,2.0,0,0,2
557.1948,66.0,54.0,180.0,72.51366,158.0,73.75921,0.0,279.95224,13848.287,54.0,0.0,0.6666667,3.0,0,0,2
145.7396,54.0,54.0,150.0,74.0,105.30538,88.25689,0.0,507.8243,1926.6014,54.0,0.0,0.5,2.0,0,0,2
564.0,54.0,79.0,60.0,1254.0,155.34143,61.166668,0.0,11.785113,5972.131,88.0,0.0,2.1536498,2.0,0,0,2
628.08453,54.0,54.0,1147.8381,107.82119,60.0,93.95583,0.0,0.0,8792.635,55.0,0.0,0.5,2.0,0,0,2
525.7819,50.0,55.0,538.0,193.34338,60.0,120.42563,0.0,0.0,56.387173,55.0,0.0,0.6666667,2.0,0,0,2
561.0,55.0,55.0,8375.239,79.36264,341.87073,87.74324,0.0,0.0,6030.0586,55.0,0.0,1.0,2.0,0,0,2
581.46344,55.0,54.0,7705.016,1292.0,564.0,92.19829,0.0,0.0,910.8745,71.0,0.0,0.6685922,2.0,0,0,2
60.0,54.0,54.0,3248.3525,78.0,54.0,132.87206,135.95985,0.0,5344.8594,54.0,0.0,0.5,509.97305,0,0,2
102.20385,54.0,86.0,60.0,89.0,60.0,269.51868,0.0,0.0,6993.915,87.614655,0.0,1.0,8.0,0,0,2
74.70715,79.0,74.0,60.0,90.6,60.0,169.62807,0.0,0.0,7529.8354,87.0,7.0,0.5,7.0,0,0,2
560.0,54.0,80.0,60.0,90.94249,60.0,342.2871,0.0,0.0,48355.215,87.14581,0.0,1.25,2.0,0,0,2
601.8672,81.0,55.0,120.0,90.6,60.0,137.84224,0.0,0.0,3680.1272,78.0,0.0,1.2222222,2.0,0,0,2
60.0,81.0,55.0,108.085945,104.20419,60.0,428.4,0.0,0.0,1318.4524,80.0,0.0,0.5,173.29372,0,0,2
491.29022,75.0,75.0,342.0,1242.6587,60.0,111.10961,0.0,40.978664,2753.118,78.0,0.0,0.8,2.0,0,0,2
121.93178,54.0,54.0,8397.869,75.0,60.0,124.6185,0.0,0.0,18253.527,55.0,0.0,0.5,2.0,0,0,2
299.69012,75.0,77.0,120.0,658.45105,63.086056,107.62496,0.0,0.0,26031.55,157.52872,0.0,1.0811539,2.0,0,0,2
538.0,61.166668,78.0,60.0,989.4443,455.50027,91.12126,0.0,8.908108,1672.6937,85.0,0.0,0.5,2.0,0,0,2
78.0,77.690315,54.0,7615.7646,94.0,72.15618,94.0,0.0,0.0,300241.4,60.0,0.0,0.5,4.0,0,0,2
60.0,88.0,74.0,120.0,236.20316,60.0,93.355576,0.49454403,169.23642,1522.544,119.006035,12.0,1.0,6.0,0,0,2
151.36542,71.0,55.0,7631.6475,618.0,60.0,132.55647,0.0,118.73941,1700.047,57.86083,0.0,1.0894051,2.0,0,0,2
102.87599,64.0,54.0,34730.52,1292.0,65.0,86.313705,0.0,0.0,5775.0703,90.5871,0.0,0.5,2.0,0,0,2
60.0,86.0,79.8291,60.0,90.6,60.0,97.666664,0.0,8.485281,5810.6763,82.530846,0.0,0.6666667,3.0,0,0,2
151.0,77.0,80.0,60.0,686.37024,60.0,155.2601,0.0,0.0,13928.849,90.0,0.0,1.266701,2.0,0,0,2
571.0,54.0,54.0,567.0,86.0,60.0,107.4794,0.0,12.5,3957.4624,71.26716,0.0,0.75,2.0,0,0,2
68.333336,54.0,54.0,97.0,75.0,60.0,239.0,28.755676,0.0,1711.4004,74.0,0.0,0.7063287,6.0,0,0,2
397.86996,54.0,54.0,108.0,78.0,54.0,294.53357,15.567442,0.0,7508.5244,55.0,0.0,0.5,2.0,0,0,2
177.34743,54.0,55.0,217.43153,81.0,60.0,239.0,0.0,82.78622,3560.1362,55.0,5.0,0.5,2.0,0,0,2
560.0,54.0,54.0,7184.0,95.0,60.0,355.3612,0.0,5.1269493,247.53584,75.0,1.0,0.627945,2.0,0,0,2
412.18625,50.0,55.0,60.0,93.739784,60.0,97.666664,0.0,0.0,3080.62,60.0,0.0,0.6666667,2.0,0,0,2
78.0,54.0,54.0,60.0,89.0,60.0,182.10518,0.0,0.0,3933.9739,88.82729,17.0,1.0,84.40643,0,0,2
151.0,78.70092,81.0,60.0,933.0,60.0,88.0,0.0,0.0,3234.35,86.0,0.0,2.9117591,2.0,0,0,2
564.9499,70.0,54.0,108.0,78.0,72.5,97.3413,24.04163,356.39252,222.49089,76.70942,0.0,0.5,22.530054,0,0,2
60.0,87.0,55.0,180.0,95.0,60.0,108.638016,0.0,175.1184,1696.0023,72.60347,0.0,0.8,4.0,0,0,2
561.0,55.0,55.0,120.0,706.8859,169.86456,79.28368,0.0,0.0,8514.252,94.0,0.0,0.5,2.0,0,0,2
567.0,54.0,54.0,561.0,618.0,60.0,61.166668,0.0,104.30763,671.5756,69.5,0.0,0.5,5.0,0,0,2
653.0909,54.0,54.0,7941.947,933.0,64.0,239.0,0.0,45.391674,1790.3822,93.5,5.6736293,0.5,2.0,0,0,2
562.9787,78.0,54.0,4301.5034,88.0,60.0,239.81839,0.0,0.0,8991.479,80.0,9.0,0.5,12.0,0,0,2
127.0,54.0,54.0,451.91565,88.0,60.0,509.24402,0.0,0.0,329.95035,71.0,0.0,0.5,3.0,0,0,2
567.0,78.0,75.0,60.0,136.31958,98.64531,88.0,0.0,0.0,1704.4298,85.0,0.0,0.5,4.0,0,0,2
80.0,88.0,54.0,1664.5463,98.21294,60.0,100.0,0.0,0.0,6519.839,88.0,0.0,0.6666667,2.0,0,0,2
560.0,55.0,55.0,564.34393,1282.0,60.0,379.57803,0.0,0.0,8320.162,88.0,0.0,1.6596286,2.0,0,0,2
560.0,50.0,54.0,571.0,93.62842,60.0,95.27023,0.0,11.785113,11860.05,78.0,0.0,0.5,5.0343566,0,0,2
658.64923,54.0,54.0,561.0,87.53415,86.0,78.0,0.0,0.0,19197.018,75.0,0.0,0.6666667,2.0,0,0,2
145.06487,54.0,60.0,60.0,624.0,60.0,110.20847,0.0,0.0,1708.6123,89.0,0.0,1.2,76.70894,0,0,2
521.31995,54.0,58.363018,127.0,704.0148,60.0,88.333336,0.0,0.0,4982.414,80.0,0.0,0.6666667,2.0,0,0,2
60.0,75.16884,55.0,65.52848,87.0,60.0,87.07929,0.0,0.0,42.512455,74.0,0.0,0.5,267.42783,0,0,2
151.0,54.0,76.0,147.22682,1292.0,60.0,61.166668,0.0,11.785113,5823.979,86.237366,0.0,0.8,23.0,0,0,2
182.38231,78.0,77.0,120.0,1211.9984,64.0,87.713005,0.0,0.0,5823.19,90.11286,0.0,0.5,3.0,0,0,2
628.3692,55.0,55.00571,60.0,1254.0,564.0,57.0,0.0,0.0,332.18942,82.259094,0.0,0.6666667,2.0,0,0,2
120.0,55.0,54.0,22477.125,576.526,60.0,118.62952,0.0,0.0,345.50516,87.0,0.0,1.0675756,3.0,0,0,2
185.14133,55.0,54.0,11927.168,1225.7323,60.0,124.75037,0.0,12.5,1612.4891,78.0,0.0,1.0,2.0,0,0,2
120.0,77.0,55.0,60.0,82.0,60.0,133.15836,0.0,0.0,5263.3223,79.14459,0.0,0.6666667,3.0,0,0,2
147.50536,54.0,71.601105,60.0,1282.8962,119.0,82.50606,0.0,0.0,2785.133,90.6,11.0,0.6666667,3.0,0,0,2
144.32315,57.1712,71.80308,120.0,657.06726,60.0,141.10278,0.0,0.0,65.409164,206.3033,0.0,0.9338026,5.0,0,0,2
105.0161,54.0,55.0,60.0,624.0,60.0,124.11043,0.0,0.0,5493.755,82.0,0.0,0.5,254.6984,0,0,2
78.0,80.81783,55.0,120.0,143.64114,60.0,249.0,226.42851,0.0,16307.462,78.0,0.0,0.5,2.0,0,0,2
60.0,54.0,54.0,187.37413,89.15593,60.0,429.38858,0.0,11.785113,8760.33,87.0,0.0,0.5,5.0,0,0,2
167.0,54.0,55.0,60.0,78.0,95.05937,82.4,0.0,0.0,7525.474,74.0,0.0,0.5,2.0,0,0,2
417.26596,50.0,54.0,8775.763,88.0,60.0,138.42593,0.0,0.0,8555.348,74.0,0.0,1.2222222,2.0,0,0,2
60.0,55.0,55.0,538.0,69.29754,60.0,247.0,28.755676,258.05145,16202.626,55.0,5.0,1.1,4.0,0,0,2
653.0909,55.0,50.0,94.392456,80.0,54.0,105.05161,19.653152,323.17853,1694.429,76.0,0.0,0.5,2.0,0,0,2
561.0,68.86138,78.0,136.27028,1250.87,164.20795,82.4,0.0,11.785113,408.03397,139.90614,12.0,0.6666667,2.0,0,0,2
137.27864,77.0,55.0,106.52838,192.53723,70.0,239.0,0.0,304.8732,146.17342,55.0,0.0,2.151029,2.0,0,0,2
151.0,54.0,54.0,607.1363,692.7003,60.0,209.10683,0.0,0.0,6564.066,76.0,0.0,0.5,3.0,0,0,2
69.12202,54.0,54.0,18811.352,78.0,60.0,511.38223,0.0,0.0,3400.976,72.05362,0.0,0.5,144.36147,0,0,2
68.333336,50.0,54.0,158.0,87.25367,60.0,87.84792,0.0,0.0,8475.845,55.0,0.0,1.0839956,155.0884,0,0,2
597.2027,56.666668,78.0,60.0,1292.0,560.2293,71.0,0.0,0.0,3076.1685,78.0,0.0,0.5,2.0,0,0,2
156.0,50.0,54.0,120.0,87.0,60.0,88.17046,14.829759,0.0,4637.753,54.0,0.0,0.6666667,3.0,0,0,2
372.14468,54.0,54.0,574.57776,76.0,60.0,199.87108,0.0,28.212942,1782.7336,55.0,0.0,0.6214084,2.0,0,0,2
249.87685,71.18269,54.0,34934.11,78.0,60.0,102.81369,0.0,0.0,9370.56,71.0,0.0,1.5545472,2.0,0,0,2
564.0,54.0,55.0,60.0,87.348755,119.0,93.44868,0.0,0.0,17509.803,75.0,0.0,0.88432485,4.0,0,0,2
60.0,53.42902,88.0,60.0,136.67136,60.0,88.333336,0.0,0.0,39084.598,95.34328,0.0,1.0,66.00491,0,0,2
78.0,54.0,54.0,691.5825,95.0,60.0,428.5038,32.3817,0.0,7852.448,87.0,0.0,0.5,516.2941,0,0,2
107.7063,54.0,85.76994,60.0,971.9025,60.0,83.32864,0.0,0.0,354.35938,143.70201,12.735842,0.8,5.0,0,0,2
550.40216,54.0,54.0,5907.5015,115.48795,108.67812,61.166668,0.0,0.0,132.2067,55.0,7.0,0.5,3.0,0,0,2
544.9141,54.0,78.0,120.0,78.0,70.618286,77.600845,0.0,0.0,7526.059,78.0,0.0,0.8718219,2.0,0,0,2
567.0,54.0,54.0,198.0,153.77777,336.62155,82.39218,0.0,0.0,132.25392,55.0,7.0,0.5,2.0,0,0,2
118.193535,54.0,54.0,17345.969,87.0,77.43405,109.333336,0.0,0.0,5807.6343,55.0,0.0,0.5,2.0,0,0,2
561.0,54.0,54.0,2254.9944,78.0,212.69423,90.79871,0.0,0.0,1717.5149,75.0,0.0,0.5,3.0,0,0,2
538.0,54.0,55.0,78.0,80.0,69.09419,109.10385,0.0,0.0,8552.263,76.0,5.0,1.0,2.0,0,0,2
180.61229,78.0,55.0,120.0,94.63607,60.0,120.263336,29.883776,0.0,7285.301,78.0,0.0,2.6511877,2.0,0,0,2
539.5102,54.0,55.0,125.99731,1254.0,60.0,239.0,0.0,0.0,11043.888,94.04883,0.0,0.5,2.0,0,0,2
120.0,54.0,54.0,14827.021,75.0,60.0,100.081856,22.20378,61.34438,3080.917,55.0,0.0,0.5,2.0,0,0,2
348.10886,54.0,54.0,10808.078,103.15549,60.0,88.0,0.0,11.149264,1693.1794,78.0,0.0,1.1772177,2.0,0,0,2
74.06875,86.0,54.0,1256.5488,78.0,60.0,123.84265,0.0,0.0,4924.6787,55.0,0.0,0.5,2.0,0,0,2
60.0,55.0,54.0,2099.1558,87.0,60.0,239.0,0.0,0.0,12252.17,87.0,1.0,1.0396631,3.0,0,0,2
65.0,78.0,55.0,120.0,81.0,60.0,239.0,0.0,0.0,131532.58,55.0,0.0,0.6666667,5.0,0,0,2
457.0525,54.0,54.0,114.45187,87.0,65.0,94.333336,0.0,0.0,5689.166,54.0,0.0,1.0,4.0,0,0,2
560.0,54.0,54.0,148.96918,977.405,102.99008,56.666668,0.0,0.0,9863.204,87.939384,0.0,0.5,5.0,0,0,2
348.49484,54.0,54.0,5763.2417,94.74468,150.0,86.944855,0.0,0.0,11532.793,55.0,0.0,1.0,0.0,0,0,2
570.54663,54.0,54.0,149.33894,763.7939,60.0,232.58928,177.84973,0.0,6672.7236,75.0,0.0,2.776839,0.0,0,0,2
156.32732,74.0,54.0,5647.802,143.62668,60.0,144.70763,0.0,240.45381,552.1109,75.0,29.970737,1.0,2.0,0,0,2
686.64014,50.0,54.0,3845.4763,1292.0,60.0,339.93954,0.0,0.0,11771.283,105.97272,0.0,2.1532903,2.0,0,0,2
351.06204,54.0,54.0,7132.2017,79.0,60.0,107.07698,0.0,0.0,126.18233,61.840416,0.0,0.5,6.0,0,0,2
692.7273,54.0,54.0,463693.06,79.0,60.0,60.62278,0.0,0.0,15389.41,75.87805,0.0,0.6666667,2.0,0,0,2
561.0,66.0,54.0,8193.936,73.0,560.0,86.33178,0.0,0.0,23113.799,55.0,9.0,0.33333334,2.0,0,0,2
564.0,54.0,54.0,561.0,97.65309,155.82446,56.666668,0.0,0.0,332.1579,55.0,0.0,0.5,2.0,0,0,2
167.0,70.385445,55.0,6050.5986,104.79986,60.0,208.53114,18.894228,0.0,2188.1921,60.0,10.0,0.5,2.0,0,0,2
561.0,54.0,54.0,3261.635,81.0,156.0,57.0,0.0,0.0,2213.1113,74.0,0.0,0.6666667,2.0,0,0,2
561.0,57.0,74.0,5878.8447,588.2618,78.0,74.0,0.0,0.0,6898.1855,78.0,0.0,0.6666667,3.0,0,0,2
561.0,50.0,55.0,151.0,78.0,60.0,186.83327,0.0,0.0,6008.2515,72.44946,0.0,0.5,2.0,0,0,2
103.01212,54.0,54.0,560.41235,88.0,60.0,415.61176,0.0,0.0,864.9312,75.0,0.0,0.75,247.46143,0,0,2
65.414764,54.0,88.0,60.0,283.22855,60.0,124.438324,0.0,0.0,8290.493,89.0,0.0,1.0,4.0,0,0,2
127.0,80.0,72.0,120.0,91.60753,89.60583,80.125465,0.0,0.0,8733.194,85.0,0.0,0.5,6.0,0,0,2
574.2625,54.0,76.0,145.0,1260.6243,564.0,58.05488,0.0,0.0,78816.82,77.0,0.0,0.6666667,2.0,0,0,2
158.0,65.0,54.0,890.83777,626.9521,60.0,370.2509,0.0,0.0,7082.2334,85.0,0.0,0.5,2.0,0,0,2
348.15372,55.0,54.0,10424.056,106.0,60.0,343.10913,15.5,0.0,2255.5464,55.0,0.0,0.5,2.0,0,0,2
567.0,54.0,54.0,8368.829,1249.9471,60.0,106.97822,0.0,0.0,6038.592,87.0,20.305676,0.5,2.0,0,0,2
138.32921,50.0,54.0,1522.601,79.04753,65.0,93.86829,0.0,12.5,4167.918,55.0,0.0,0.5,3.0,0,0,2
561.0,54.0,54.0,120.0,589.91364,167.52513,57.0,0.0,0.0,3124.5571,84.21942,0.0,0.5,2.0,0,0,2
217.49017,67.0,55.0,561.0,79.0,60.0,247.0,0.0,0.0,8213.029,55.0,0.0,0.5,7.0,0,0,2
335.28854,81.0,60.0,176.16426,89.0,60.0,185.44087,0.0,0.0,165.99144,71.0,0.0,0.5,2.0,0,0,2
561.0,54.0,54.0,3260.7063,1292.0,148.82698,78.34934,0.0,0.0,928.28973,95.0,0.0,0.5,3.0,0,0,2
85.5,54.0,54.0,1093.4314,1201.1927,60.0,124.40344,0.0,0.0,3531.5142,75.0,0.0,0.5,6.0,0,0,2
567.0,73.40978,77.99647,60.0,1292.0,71.0,104.666664,0.0,0.0,7468.415,88.0,8.0,1.2222222,6.0,0,0,2
538.0,54.0,75.0,151.0,863.6831,127.0,78.0,0.0,405.1557,3771.8513,80.0,0.0,0.5,3.0,0,0,2
68.333336,54.0,54.0,213.30893,71.71296,60.0,121.63258,0.0,0.0,43883.777,55.0,8.0,0.5,138.92664,0,0,2
79.66915,54.0,54.0,57352.746,1254.0,60.0,239.0,0.0,0.0,5437.7236,76.0,0.0,1.1,6.0,0,0,2
582.78125,50.0,54.0,132.06189,972.304,560.0,57.0,0.0,0.0,11911.6875,75.0,0.0,0.5,2.0,0,0,2
221.58209,50.0,74.0,120.0,87.0,65.0,90.40823,0.0,25.5,797.45856,78.0,0.0,0.5,2.0,0,0,2
351.98715,66.0,74.0,180.0,80.7922,60.0,94.0,67.51274,0.0,4125.078,78.0,0.0,1.2,2.0,0,0,2
560.0,61.166668,54.0,78.0,88.0,60.0,81.0,0.0,0.0,6617.155,86.0,3.0,1.2222222,29.729763,0,0,2
314.7506,73.561226,54.0,120.0,77.0,60.0,104.666664,0.0,0.0,599.73016,71.0,0.0,0.5,2.0,0,0,2
657.2917,75.0,78.0,106.11067,996.00824,66.0,100.0,0.0,0.0,45255.074,81.0,0.0,0.75,2.0,0,0,2
88.0,77.0,76.0,60.0,1292.0,60.0,247.0,158.42384,0.0,8767.439,86.83175,0.0,0.5,2.0,0,0,2
86.08232,54.0,54.0,7184.0,72.64383,59.978973,239.0,0.0,0.0,15120.084,55.0,0.0,0.5,7.0,0,0,2
289.77765,54.0,54.0,6041.757,1250.1912,122.91188,231.366,0.0,0.0,20254.283,81.0,7.0,0.5,2.0,0,0,2
167.0,72.53846,74.0,3445.3674,174.42273,86.77443,88.0,0.0,177.13521,164.09955,88.0,0.0,0.6666667,3.0,0,0,2
119.00221,54.0,54.0,4430.83,79.0,60.0,457.82233,0.0,0.0,9718.962,54.0,0.0,1.0,3.0,0,0,2
567.0,66.0,54.0,3827.0618,618.0,60.0,100.0,0.0,0.0,18916.22,72.0,0.0,0.5,3.0,0,0,2
567.0,54.0,54.0,159011.8,133.65385,64.0,87.908066,0.0,0.0,48385.0,95.0,0.0,0.5,2.0,0,0,2
254.57549,54.0,69.5,60.0,618.0,91.23974,76.97502,0.0,0.0,1826.801,76.0,0.0,0.5,2.0,0,0,2
136.0,73.0,54.0,567.0,89.0,60.0,214.84555,0.0,0.0,9120.233,54.0,0.0,0.75,2.0,0,0,2
124.20747,71.0,72.0,131.82768,78.0,60.0,412.41788,21.064468,0.0,6790.705,78.0,0.0,0.5,69.445465,0,0,2
91.36831,50.0,55.0,180.0,90.0,60.0,83.554436,0.0,24.241732,14722.739,73.0,0.0,0.5,6.0,0,0,2
167.0,54.0,54.0,180.0,89.0,60.0,88.0,0.0,0.0,2840.9333,55.0,1.0,0.5,158.04158,0,0,2
117.95676,71.0,54.0,8101.729,96.68345,60.0,104.94446,22.329172,0.0,12257.671,55.0,0.0,0.6666667,4.0,0,0,2
68.333336,54.0,72.0,60.0,1254.0,60.0,450.1735,0.0,11.785113,1801.3135,132.978,9.0,1.6666666,8.0,0,0,2
420.513,54.0,54.0,97.0,87.0,60.0,239.0,28.755676,0.0,7531.9033,54.0,0.0,0.6666667,2.0,0,0,2
60.0,54.0,54.0,8445.004,78.0,60.0,572.05676,57.19696,0.0,57.28696,55.0,0.0,0.8,14.970362,0,0,2
183.40706,78.0,76.0,60.0,1292.0,60.0,239.0,0.0,0.0,15373.484,85.0,0.0,1.3333334,2.0,0,0,2
669.0,71.93332,54.0,104.64839,80.0,60.0,239.0,0.0,0.0,1812.7303,78.0,0.0,0.5,2.0,0,0,2
102.59891,54.0,54.0,4231.8545,80.0,60.0,78.0,0.0,0.0,4475.0,55.0,0.0,1.0833334,2.0,0,0,2
560.0,54.0,54.0,7625.6797,78.0,256.31735,57.0,0.0,0.0,13077.556,55.0,0.0,0.5,2.0,0,0,2
550.3923,54.0,54.0,549.38,1292.0,158.0,78.0,0.0,0.0,145.07079,71.0,0.0,0.6666667,2.0,0,0,2
599.09705,54.0,54.0,39871.19,1292.0,564.0,91.85689,0.0,27.809677,2707.2307,90.6,0.0,0.5,2.0,0,0,2
572.4396,54.0,78.0,60.0,172.39478,60.0,120.21879,28.755676,0.0,81293.5,87.0,0.0,1.07023,2.0,0,0,2
653.0909,54.0,54.0,180.0,105.15625,60.0,140.4955,0.0,0.0,12554.386,81.0,0.0,0.5,1.0,0,0,2
561.0,57.0,54.0,6932.243,700.52985,116.47007,81.0,0.0,0.0,62867.867,81.0,0.0,1.2388405,2.0,0,0,2
74.0,80.0,75.29309,60.0,106.0,60.0,237.96909,0.0,0.0,3176.201,78.55389,0.0,0.8,15.984699,0,0,2
224.05093,71.0,77.0,151.0,119.96841,60.0,104.666664,0.0,0.0,360.93857,95.0,0.0,0.5,2.0,0,0,2
560.0,78.0,54.0,60.0,139.85526,156.0,79.57802,0.0,0.0,77.10236,78.0,0.0,1.0,3.0,0,0,2
561.0,56.666668,54.0,36687.934,87.0,78.88999,64.05841,0.0,0.0,7306.688,75.50752,0.0,0.5,22.932833,0,0,2
567.0,54.0,54.0,120.0,69.5,160.33946,61.166668,0.0,0.0,1798.4978,55.0,0.0,1.150783,3.0,0,0,2
106.51035,54.0,74.0,60.0,634.3077,60.0,132.27486,0.0,0.0,22424.713,78.0,0.0,0.5,6.0,0,0,2
561.0,78.0,73.0,78.0,618.0,478.4101,80.0,0.0,0.0,147.10397,80.0,0.0,1.2202944,2.0,0,0,2
151.0,54.0,54.0,1364.2374,74.0,60.0,239.0,0.0,0.0,11555.796,55.0,5.0,0.5,2.0,0,0,2
567.0,57.0,75.0,87.01315,81.97892,467.9496,70.0,0.0,0.0,7284.615,78.0,1.0,0.5,3.0,0,0,2
560.80304,55.0,78.0,60.0,1292.0,60.0,236.43814,0.0,0.0,18638.805,85.0,0.0,0.5,2.0,0,0,2
136.0,78.0,75.0,60.0,1251.405,97.62231,87.333336,0.0,23.202187,354.25644,88.0,0.0,0.5,2.0,0,0,2
87.396904,88.748215,76.0,89.66153,661.92645,60.0,229.33333,0.0,11.785113,663.7599,80.0,0.0,1.0833334,2.0,0,0,2
560.0,80.0,55.0,145.0,90.0,60.0,100.0,0.0,0.0,4188.0327,71.0,0.0,0.5,5.0,0,0,2
97.05327,54.0,54.0,3845.6836,127.11251,88.0,61.166668,0.0,0.0,9824.556,55.0,0.0,0.5,5.0,0,0,2
563.8982,54.0,54.0,22300.05,72.0,60.0,239.0,0.0,0.0,11336.818,71.0,0.0,1.2,2.0,0,0,2
212.16498,54.0,54.0,6088.137,154.00494,60.0,241.71622,0.0,0.0,366.465,115.0,8.0,0.75,2.0,0,0,2
60.0,61.4,50.0,60.0,89.0,60.0,78.0,0.0,0.0,74.92651,55.0,0.0,0.5,10.0,0,0,2
579.22296,65.0,80.0,97.52646,1252.809,60.0,325.9216,0.0,0.0,4360.5576,80.0,0.0,1.0607663,2.0,0,0,2
567.0,54.0,54.0,10724.528,615.0004,60.0,347.0851,0.0,0.0,11853.795,82.95659,0.0,0.5,2.0,0,0,2
102.15313,87.65114,54.0,11452.277,175.3945,60.0,97.666664,0.0,0.0,357.33688,157.44444,0.0,0.75,6.0,0,0,2
567.0,57.0,78.0,78.0,624.0,159.56752,78.0,0.0,0.0,8758.708,83.0,0.0,1.0869209,2.0,0,0,2
60.0,50.0,54.0,1150.0264,125.87929,60.0,107.93059,0.0,0.0,24713.844,76.0,0.0,0.7925835,163.57652,0,0,2
181.84366,55.0,54.0,567.0,81.0,60.0,552.45953,0.0,0.0,22122.064,55.0,0.0,0.5,2.0,0,0,2
567.0,54.0,54.0,120.0,80.0,60.0,117.23004,0.0,0.0,5047.473,78.0,0.0,0.5,2.0,0,0,2
561.0,54.0,54.0,5871.0264,140.60359,74.0,93.386055,0.0,0.0,675.13226,55.0,0.0,0.5,6.0,0,0,2
564.0,54.0,54.0,210.39172,95.0,151.0,85.0,0.0,218.88635,2763.4827,80.0,8.0,0.5,3.0,0,0,2
151.2886,77.0,60.0,560.0,1250.0651,60.0,157.04568,0.0,0.0,9873.959,76.252426,0.0,0.5,160.72914,0,0,2
200.0,77.0,76.0,6342.088,80.0,117.91533,86.333336,0.0,0.0,3911.4521,80.0,0.0,0.5,2.0,0,0,2
372.6549,55.0,54.0,24927.291,78.0,106.75852,78.0,0.0,8.583645,588.0306,78.0,0.0,1.0833334,2.0,0,0,2
143.89111,54.0,55.0,60.0,82.0,60.0,344.25412,0.0,0.0,6909.806,77.0,0.0,0.5,6.0,0,0,2
60.0,55.0,55.0,60.0,82.0,60.0,273.0,0.0,0.0,9875.782,55.0,0.0,0.5,3.0,0,0,2
561.0,54.0,71.0,60.0,1123.4688,60.0,247.0,0.0,0.0,1887.0782,86.0,0.0,0.5,2.0,0,0,2
119.15547,85.096855,86.0,60.0,1292.0,60.0,116.89274,0.0,28.250051,331.58365,88.71997,0.0,2.150094,2.0,0,0,2
561.0,54.0,54.0,60.0,618.07855,85.5,57.0,0.0,0.0,250.12328,87.0,1.0,1.2222222,6.0,0,0,2
78.0,54.0,54.0,560.0,855.6182,60.0,133.06927,0.0,0.0,56.871048,55.0,0.0,0.5,245.56528,0,0,2
145.552,54.0,54.0,538.0,205.1781,60.0,390.918,303.10962,0.0,89.09674,78.0,0.0,0.5,2.0,0,0,2
594.3574,55.0,54.0,148.0,87.87702,87.06149,88.333336,0.0,0.0,1896.3119,75.0,0.0,0.5,2.0,0,0,2
60.0,80.0,55.0,630.87384,95.0,60.0,92.83462,0.0,0.0,11640.441,55.0,0.0,0.5,13.335901,0,0,2
561.0,54.0,54.0,567.0,115.59729,89.63721,56.666668,0.0,0.0,1527.1556,55.0,0.0,0.6666667,4.0,0,0,2
592.639,54.0,54.0,3190.3494,1217.0411,78.0,65.42857,0.0,0.0,9832.134,77.97507,0.0,1.0,2.0,0,0,2
561.0,54.0,54.0,342.0,82.0,87.59453,61.4,0.0,0.0,9840.876,72.0,8.0,0.06207446,4.0,0,0,2
109.424164,61.166668,72.0,120.0,697.0062,60.0,78.0,0.0,0.0,23149.016,75.0,0.0,0.5,2.0,0,0,2
601.9044,90.0,50.0,60.0,87.0,60.0,124.6502,9.681056,25.5,3162.772,78.0,0.0,0.5,2.0,0,0,2
60.0,54.0,55.0,167.0,963.39,60.0,249.0,0.0,0.0,11911.6875,83.18905,0.0,1.0,8.0,0,0,2
60.0,50.0,54.0,7875.52,130.13708,60.0,169.32222,0.0,0.0,1432.8641,71.0,3.0,0.5,3.0,0,0,2
552.19934,54.0,54.0,7599.6323,1251.1785,60.0,109.333336,0.0,0.0,923.1364,94.666664,0.0,0.5,2.0,0,0,2
149.75522,54.0,54.0,7608.71,90.6,60.0,350.1481,0.0,0.0,1261.9612,55.0,0.0,0.7909558,3.0,0,0,2
60.0,71.0,54.0,4292.861,78.0,60.0,239.0,0.0,25.5,1255.1509,62.89439,0.0,0.6666667,237.93988,0,0,2
60.0,74.0,54.0,11612.19,88.0,60.0,379.2877,8.38521,0.0,6204.361,55.0,0.0,0.5,351.70663,0,0,2
145.96536,80.0,55.0,159.79652,700.02185,60.0,188.40211,0.0,0.0,4955.2305,75.48894,0.0,0.5,2.0,0,0,2
561.0,50.0,55.0,286.43964,78.0,347.99057,61.218513,0.0,12.5,11854.899,55.0,10.0,2.143817,2.0,0,0,2
560.0,54.0,54.0,9696.607,90.6,127.0,67.503136,0.0,0.0,4324.7764,81.0,0.0,1.2,2.0,0,0,2
567.0,54.0,71.0,198.0,1254.0,60.0,97.666664,0.0,0.0,328.93616,74.1382,0.0,0.5,2.0,0,0,2
602.4795,54.0,74.0,60.0,81.0,60.0,386.6497,0.0,11.785113,11016.542,78.0,0.0,0.77545244,2.0,0,0,2
606.8515,54.0,54.0,127.0,80.0,70.0,115.69088,0.0,0.0,3650.749,78.0,0.0,0.5,2.0,0,0,2
257.51926,61.166668,71.0,158.0,617.14105,167.0,67.0,0.0,0.0,14850.135,75.0,0.0,0.5,2.0,0,0,2
567.0,54.0,54.0,571.0,87.0,60.0,330.00967,0.0,11.785113,14428.836,55.0,5.970557,0.5,2.0,0,0,2
417.2694,72.0,54.0,147.88898,82.61481,60.0,87.07316,0.0,0.0,20528.512,74.0,2.0,0.5,2.0,0,0,2
151.0,54.0,54.0,248407.94,81.0,60.0,94.333336,0.0,0.0,3499.8186,78.0,0.0,0.5,10.0,0,0,2
107.15953,67.0,54.0,11787.999,87.0,78.0,78.0,0.0,0.0,8568.979,55.0,0.0,0.5,2.0,0,0,2
60.0,54.0,54.0,60.0,85.0,60.0,130.21811,0.0,0.0,70675.805,54.0,0.0,0.5,6.0,0,0,2
561.0,66.0,75.36262,148.87181,150.67886,102.46445,79.31895,0.0,177.68616,689.3489,121.35285,10.0,0.75,6.0,0,0,2
373.93457,67.0,55.0,167.0,1248.9218,60.0,117.64827,0.0,0.0,77.105446,75.0,0.0,1.375,1.9461364,0,0,2
159.43088,54.0,54.0,7639.305,157.55344,108.42028,100.0,0.0,13.305624,145.37805,71.0,0.0,0.6666667,2.0,0,0,2
566.4806,65.0,55.0,570.33154,95.0,526.054,87.306496,0.0,0.0,1831.3224,94.0,0.0,1.0,2.0,0,0,2
103.86849,54.0,55.0,158.0,88.0,60.0,129.62802,0.0,0.0,83.47718,55.0,0.0,0.6666667,3.0,0,0,2
669.0,54.0,68.64206,180.0,80.0,60.0,108.70483,0.0,399.88327,330.5813,76.865135,0.0,1.2,1.1896533,0,0,2
304.4804,54.0,54.0,22082.451,89.0,60.0,133.97183,0.0,0.0,11770.552,88.0,0.0,0.8,2.0,0,0,2
686.2622,92.0,55.0,78.0,106.0,60.0,246.3224,0.0,0.0,15645.9375,77.0,0.0,0.5,2.0,0,0,2
88.0,54.0,88.0,60.0,1292.0,60.0,208.85945,0.0,0.0,11853.546,93.5,0.0,0.5,722.6964,0,0,2
567.0,55.0,54.0,16470.408,617.0,260.0135,119.6942,0.0,0.0,9840.076,90.6,0.0,0.75,3.0,0,0,2
156.45569,54.0,54.0,148.0,144.58551,60.0,574.40594,0.0,0.0,300.34244,55.0,0.0,0.5,2.0,0,0,2
567.0,54.0,54.0,132318.03,115.0,60.0,133.17699,0.0,0.0,1687.7037,70.4556,0.0,0.75,2.0,0,0,2
349.40756,50.0,54.0,567.0,88.0,60.0,247.0,0.0,0.0,123695.64,55.0,0.0,1.2791691,2.0,0,0,2
68.333336,77.0,54.0,35864.324,146.83476,60.0,243.84746,0.0,0.0,229.74673,55.0,9.0,1.0620164,3.0,0,0,2
60.0,55.0,54.0,10956.215,93.5,60.0,106.82272,0.0,0.0,4727.831,89.0,0.0,0.5,8.0,0,0,2
559.3466,85.0944,90.0,60.0,1292.0,66.58471,114.53408,0.0,0.0,2771.8625,93.1831,0.0,0.6666667,2.0,0,0,2
78.0,73.0,81.0,60.0,1282.0,60.0,103.90737,0.0,0.0,3723.0015,86.68185,0.0,0.5,15.601473,0,0,2
571.0,50.0,54.0,15644.17,91.2295,64.0,208.89467,0.0,0.0,6883.894,55.0,0.0,0.86828005,2.0,0,0,2
68.333336,54.0,54.0,1098.6104,657.4226,60.0,182.0239,0.0,0.0,394.19077,78.0,0.0,0.5,62.557243,0,0,2
567.0,79.35154,71.0,538.0,582.5372,70.0,215.84752,0.0,0.0,13317.543,71.0,0.0,0.6666667,2.0,0,0,2
71.0,54.0,54.0,7184.0,81.0,60.0,92.85152,33.5,11.785113,793.89264,55.0,0.0,0.5,448.37262,0,0,2
108.0,87.0,54.0,606.79376,93.54496,60.0,247.0,0.0,0.0,9162.76,55.0,0.0,1.0,2.0,0,0,2
104.4818,70.0,54.0,669.0,81.0,60.0,135.53638,0.0,0.0,1298.5155,75.67654,0.0,0.5,22.206602,0,0,2
561.0,61.166668,78.0,60.0,1243.8214,80.0,78.0,0.0,0.0,8437.052,78.0,0.0,0.5,10.0,0,0,2
84.86782,55.0,55.0,211.1887,933.0,60.0,85.0,0.0,0.0,9511.049,75.0,0.0,0.5,12.0,0,0,2
60.0,75.0,55.0,7927.343,117.91323,60.0,99.328735,0.0,0.0,7510.835,55.0,0.0,0.5,63.10021,0,0,2
71.0,55.0,55.0,571.0,75.0,65.0,88.0,0.0,0.0,1308.7449,55.0,0.0,0.5,443.8657,0,0,2
634.881,54.0,54.0,7874.3325,582.0,157.23245,93.337006,0.0,11.785113,4653.888,93.5,0.0,0.6666667,0.0,0,0,2
156.0,54.0,55.0,538.0,974.04755,60.0,133.14856,0.0,0.0,6578.211,88.0,0.0,0.5,3.0,0,0,2
466.38254,54.0,54.0,571.0,1292.0,60.0,104.666664,0.0,1.0712658,22860.174,78.0,12.0,0.5,0.0,0,0,2
560.08997,54.0,54.0,42308.38,90.6,60.0,229.33333,0.0,170.78577,353.04272,71.0,0.0,0.6666667,2.0,0,0,2
72.5,78.0,54.0,83.201,81.0,60.0,234.96588,0.0,0.0,8733.494,75.0,4.0,0.5,3.0,0,0,2
60.0,78.0,84.867966,108.79012,1292.0,60.0,94.199844,0.0,0.0,9452.308,89.07604,0.0,0.71532494,68.0,0,0,2
138.0,74.0,55.0,12116.875,78.0,60.0,256.34174,0.0,83.88439,1297.1631,55.0,0.0,1.1418493,2.0,0,0,2
560.0,56.666668,54.0,571.0,87.0,75.64324,89.0,0.0,0.0,4336.13,55.0,0.0,1.0,3.0,0,0,2
317.1759,75.0,54.0,170.91493,139.84274,60.0,391.88327,22.968117,356.74854,998.2909,54.0,11.0,0.6666667,2.0,0,0,2
169.02148,57.0,74.0,60.0,94.0,60.0,78.0,0.0,0.0,10405.881,87.0,0.0,0.5,3.0,0,0,2
567.0,86.50219,54.0,60.0,88.0,216.47913,88.333336,0.0,0.0,132.0872,80.0,0.0,1.2,3.0,0,0,2
784.72705,64.0,71.0,60.0,713.2986,60.0,81.44175,0.0,0.0,192.81612,87.0,0.0,1.3304814,2.0,0,0,2
68.333336,54.0,81.0,60.0,96.09459,60.0,232.63406,0.0,0.0,263897.88,87.0,0.0,0.5,6.0,0,0,2
565.59546,54.0,54.0,121.2821,624.0,90.12567,57.0,0.0,0.0,11960.598,88.0,0.0,0.5,2.0,0,0,2
108.0,80.44518,54.0,117.60986,80.0,80.0,120.81982,0.0,0.0,14091.396,79.0,0.0,0.6666667,12.0,0,0,2
601.7846,54.0,54.0,150.0,87.0,168.59213,56.666668,0.0,0.0,7213.1226,55.0,0.0,1.3296194,2.0,0,0,2
78.0,54.0,54.0,91.12286,102.67294,60.0,107.42796,0.0,25.5,15386.853,89.0,0.0,0.5,12.0,0,0,2
567.0,54.0,55.0,158.0,698.8309,60.0,56.666668,0.0,0.0,147.95735,60.0,0.0,0.5,80.264755,0,0,2
200.0,54.0,54.0,638.6359,816.3717,60.0,94.333336,0.0,0.0,5974.7,87.0,0.0,0.5,2.0,0,0,2
119.80385,54.0,54.0,15443.878,80.0,60.0,61.166668,0.0,0.0,6435.008,55.0,0.0,0.6666667,67.77468,0,0,2
546.45026,75.0,71.73797,108.0,697.4405,60.0,119.070015,0.0,0.0,20517.174,88.21084,0.0,1.0,2.0,0,0,2
85.5,87.0,54.0,1274.5114,65.16438,60.0,239.0,0.0,0.0,48438.605,55.0,0.0,0.5,2.0,0,0,2
510.52277,75.0,92.0,60.0,1292.0,60.0,129.25592,0.0,0.0,8306.829,94.666664,0.0,0.6666667,2.0,0,0,2
605.57965,54.0,54.0,88.0,81.0,60.0,116.72763,0.0,0.0,332.19855,55.0,0.0,0.5,2.0,0,0,2
60.0,64.0,54.0,15671.042,89.0,60.0,330.65628,0.0,0.0,12014.177,71.0,0.0,0.84410715,14.437282,0,0,2
567.0,55.0,71.0,199.97829,1247.997,119.635,117.01988,31.54429,557.19604,5177.4707,78.0,0.0,1.0833334,2.0,0,0,2
78.0,76.5925,54.0,18548.232,87.0,60.0,117.33537,0.0,0.0,6184.5605,71.0,0.0,0.5,2.0,0,0,2
