bwd_seg_size_avg,pkt_len_min,fwd_pkt_len_min,totlen_bwd_pkts,fwd_pkt_len_max,bwd_pkt_len_min,pkt_len_mean,fwd_pkt_len_std,bwd_pkt_len_std,flow_byts_s,fwd_pkt_len_mean,psh_flag_cnt,down_up_ratio,fwd_act_data_pkts,syn_flag_cnt,fin_flag_cnt,Label
344.6309,54.0,54.0,1655.6986,80.51252,60.0,100.333336,0.0,0.0,4503.873,78.0,0.0,1.1544014,2.0,0,0,5
207.15057,54.0,54.0,2867.0342,528.0591,60.0,1228.8657,176.85786,161.91098,4266.6255,89.0,6.0,1.1428572,2.0,0,0,5
103.49352,77.0,78.0,156.0,592.15454,63.0,110.11931,0.0,0.0,371269.4,238.32266,0.0,1.0833334,5.0,0,0,5
212.07442,54.0,54.0,30963.928,1209.2609,60.0,132.0,0.5,217.33287,6843.041,224.18657,1.0,0.5,8.0,3,0,5
132.0,69.0,73.0,179.0,1198.4966,60.0,255.4559,0.0,77.313675,12446.573,77.13435,0.0,0.5,3.0,0,0,5
85.0,54.0,54.0,180.0,495.0,60.0,95.40758,0.0,0.0,224590.6,265.8805,9.0,0.5,4.0,0,0,5
365.0873,54.0,54.0,745.66846,110.0,60.0,1132.3263,360.4108,8.485281,1439.3549,106.0,0.0,1.1818181,2.0,0,2,5
95.25329,54.0,54.0,230.0,399.74094,60.0,1167.0942,282.0223,483.09973,7853.176,240.1376,1.0,1.2,2.0,0,0,5
362.54196,54.0,54.0,4531.8604,525.0,60.0,1028.8824,462.4693,0.0,10729.455,226.79851,1.0,1.0,3.0,0,0,5
651.9188,54.0,54.0,751.76337,95.0,60.0,259.81018,0.0,110.881294,4080.6448,78.0,9.0,1.1818181,5.0,0,0,5
139.0,54.0,54.0,183.0,77.0,60.0,102.333336,0.0,186.22916,114784.41,66.0,1.0,0.5,2.0,0,2,5
150.40562,78.0,70.0,183.0,78.0,60.0,105.86917,0.0,0.0,5474.1987,75.0,0.0,1.0,2.0,0,0,5
163.90517,54.0,54.0,5152.347,1292.0,60.0,295.17075,0.0,0.0,467841.06,91.91352,2.0,1.1818181,2.0,3,0,5
183.88412,54.0,60.0,697.22284,523.78174,60.0,107.7166,0.0,0.0,9363.317,87.0,0.0,0.5,4.0,0,0,5
120.82837,80.234955,77.0,121.2679,80.0,60.0,135.94255,238.75319,11.785113,397431.03,78.0,0.0,0.5,2.0,0,0,5
132.58421,72.105446,74.0,183.0,108.0,60.0,116.09533,224.9449,511.80475,9279.191,95.0,7.0,0.8384051,5.0,0,0,5
149.0,63.0,60.0,206.84792,246.03809,60.0,198.21506,93.902084,0.0,2009.9954,70.0,0.0,1.0614551,2.0,0,0,5
952.8656,54.0,54.0,176.0,1292.0,60.0,95.180954,45.865147,78.71618,25480.168,77.0,20.649292,0.90468496,5.0,3,0,5
109.0,54.0,55.0,211.95177,528.0,60.0,107.68778,58.45653,0.0,138407.98,82.0,0.0,1.0,2.0,0,0,5
185.0,54.0,54.0,7327.62,76.0,60.0,701.5979,154.22809,200.24188,364168.84,73.0,0.0,1.0,2.0,0,0,5
153.59155,76.0,76.0,155.67456,218.37769,103.0,1199.3381,0.0,13.526196,4550.586,76.0,13.0,0.6666667,2.0,0,2,5
77.94878,54.0,54.0,97872.04,1514.0,67.0,87.24044,0.0,0.0,7788.177,74.149666,4.0,0.8,2.0,3,2,5
332.14072,54.0,54.0,209.0,86.0,60.0,132.0,252.458,0.0,81467.62,79.0,0.0,1.0,8.0,0,0,5
162.56808,68.262024,73.0,170.0,494.0,60.0,399.7071,0.0,324.77792,11373.286,90.0,0.0,0.85714287,2.0,0,2,5
137.0,79.0,79.0,157.0,1806.0,60.0,110.06989,0.0,0.0,4035.1401,115.628815,8.0,0.5,2.0,0,0,5
196.98842,54.0,54.0,2268.692,525.0,60.0,130.56834,25.422758,105.48722,5124.8447,321.7091,11.0,1.0,4.0,0,0,5
527.17255,54.0,54.0,242.04364,221.59819,60.0,469.37704,185.14516,0.0,2651.7947,119.48891,0.0,0.5,3.0,0,0,5
548.0944,54.0,54.0,230.0,525.0,60.0,1141.0768,27.011976,266.30966,317644.06,79.0,0.0,1.1196667,2.0,0,0,5
94.8786,54.0,54.0,3268.0,196.58072,60.0,617.84485,0.0,11.785113,19162.29,73.0,0.0,0.5,5.0,3,0,5
137.0,79.0,66.0,166.15315,78.0,60.0,112.333336,233.9538,151.84625,30803.766,78.0,6.0,0.5,2.0,0,0,5
68.333336,55.0,60.0,176.84373,404.40845,60.0,217.7667,0.0,476.95682,11106.13,74.0,0.0,0.6666667,6.0,0,0,5
463.15915,54.0,54.0,209.0,77.97781,60.0,187.05339,76.40266,477.25455,12314.108,73.0,0.0,1.0,2.0,0,0,5
603.05414,54.0,54.0,11341.948,1433.6248,60.0,98.0,0.0,0.0,2184.435,88.0,1.0,1.0,2.0,0,0,5
137.0,78.0,79.0,137.0,525.0,60.0,98.0,0.0,138.28526,56837.703,193.7497,0.0,0.5,2.0,0,0,5
96.18148,54.0,54.0,7305.7876,1782.3153,60.0,87.93806,19.430864,0.0,15131.179,77.0,0.0,0.875,2.0,0,1,5
90.0,54.0,54.0,183.0,136.83932,60.0,96.333336,0.0,0.0,10532.621,80.0,17.0,0.6666667,2.0,3,0,5
1342.6501,54.0,54.0,17145.658,1514.0,60.0,170.66667,0.0,0.0,982.17126,80.0,0.0,0.5,6.0,0,0,5
94.0,54.0,54.0,226.0,502.13937,60.0,115.0,15.600347,24.494898,8754.03,78.0,0.0,1.1428572,3.0,0,0,5
154.0,66.0,73.0,182.1235,91.294785,63.0,255.62683,14.622189,71.7579,24395.266,87.0,5.0,1.1818181,2.0,0,0,5
96.0,54.0,54.0,190.5334,91.0,63.0,100.333336,0.0,0.0,5025.0957,78.0,4.0,0.75582373,3.0,3,0,5
80.0,54.0,54.0,264.51788,525.0,60.0,106.333336,0.0,0.0,686.0205,384.12128,9.0,0.6666667,5.0,0,0,5
506.22702,54.0,54.0,183.0,226.38838,60.0,94.333336,0.08333564,0.0,4595.7173,73.0,0.0,0.88635796,8.0,0,0,5
73.31343,54.0,54.0,7881.0356,1514.0,60.0,1243.7762,462.00952,0.0,4206.46,92.0,0.0,0.6666667,3.0,0,0,5
155.0,54.0,54.0,7947.155,527.77454,60.0,120.2879,95.02143,562.13934,10440.176,265.11603,3.0,0.8333333,2.0,0,2,5
69.0,87.72161,84.0,130.82678,1821.0262,60.0,1244.2809,287.88846,577.9159,35670.496,90.333336,9.0,1.0,8.5747795,0,0,5
80.06295,76.0,55.0,155.0,292.94687,60.0,351.6739,111.26929,0.0,4375.3643,75.0,13.0,0.8,6.6908827,0,0,5
138.0,54.0,54.0,9806.873,79.0,60.0,111.666664,25.537271,0.0,24023.748,76.0,0.0,0.5,9.0,0,0,5
151.0,54.0,54.0,8246.696,78.0,60.0,591.526,185.65996,11.785113,1594.1262,76.0,0.0,1.0868953,2.0,0,0,5
149.0,67.0,73.0,183.0,89.0,100.0,96.333336,0.0,0.0,1300.9377,79.0,0.0,0.6666667,4.0,0,0,5
554.2276,54.0,54.0,8087.354,1514.0,60.0,87.52773,0.0,0.0,4732.32,120.11999,3.0,1.2,2.0,0,0,5
176.0,55.0,60.0,183.0,89.0,60.0,1187.9867,224.94029,0.0,1454.3467,87.0,0.0,0.5,2.0,0,0,5
544.6667,54.0,54.0,11330.529,1514.0,60.0,116.05436,0.0,0.0,375555.88,79.0,0.0,0.5,2.0,0,0,5
81.123856,78.0,64.0,154.0,80.0,60.0,905.10864,167.50314,0.0,2569.245,78.0,0.0,1.0,8.0,3,0,5
92.934296,54.0,54.0,5097.5073,1514.0,60.0,1153.8207,227.81593,430.24252,202167.27,78.0,0.0,1.0,2.0,0,0,5
596.7891,54.0,54.0,7203.247,1514.0,60.0,148.02634,0.0,0.0,1451.3474,244.44266,9.0,1.0,2.0,0,0,5
80.19598,78.0,55.0,132.0,90.0,60.0,107.333336,262.8034,293.26553,7953.9946,79.0,0.0,1.0859087,11.0,0,0,5
85.0,54.0,54.0,6968.19,94.920235,60.0,118.0,228.25078,225.30428,2177.1165,91.0,0.0,1.0,2.0,0,2,5
503.27118,54.0,54.0,239.18971,246.24078,60.0,1183.803,213.79118,0.0,3475.0706,66.0,0.0,1.0,9.0,0,0,5
1142.2324,54.0,54.0,229.64938,84.0,60.0,100.333336,0.0,0.0,2924.7512,76.0,9.0,0.6666667,4.0,0,0,5
80.0,77.0,78.0,161.0,1205.9304,60.0,178.97594,0.0,0.0,16198.556,135.08815,0.0,0.8333333,11.0,0,0,5
183.0,54.0,60.0,179.0,930.95575,60.0,1133.7941,115.798645,557.8575,2638.0776,89.0,0.0,0.6666667,2.0,0,0,5
389.52484,54.0,54.0,7607.556,1773.2686,60.0,394.1795,123.74398,160.92412,2533.0813,266.04453,0.0,1.0,2.0,0,0,5
96.0,60.0,60.0,179.9352,751.85803,78.083496,100.333336,0.0,0.0,7697.587,80.0,7.0,1.0,10.709198,0,0,5
151.0,66.66251,70.78872,223.23303,1774.0,60.0,89.598,0.0,0.0,1739.3599,88.0,11.0,1.0,3.0,0,0,5
147.39993,73.0,73.0,163.57433,271.18384,60.0,107.306885,25.701275,11.785113,1244.5841,75.0,5.0,1.0,2.0,0,0,5
137.0,75.0,76.0,154.0,93.0,60.0,296.65033,0.0,214.8839,2397.045,91.0,0.0,0.5,2.0,0,0,5
61.645756,54.0,54.0,230.0,524.0,60.0,109.73994,0.0,0.0,4597.4844,228.08913,0.0,1.0,7.0,0,0,5
131.0,74.0,75.0,155.0,91.0,60.0,134.66667,0.0,0.0,3864.7864,77.0,0.0,0.5,2.0,3,0,5
139.19978,54.0,54.0,7206.7637,114.71577,60.0,101.41459,0.0,0.0,5343.321,73.0,0.0,1.0,5.0,0,0,5
546.74286,54.0,54.0,231.0,126.992294,60.0,115.0,0.0,155.68767,1847.6227,83.0,1.0,1.0,2.0,0,0,5
1139.6085,54.0,54.0,12750.218,95.0,60.0,112.90078,23.973944,13.405386,5506.05,73.0,0.0,0.75,6.0,0,0,5
73.1308,79.0,78.0,157.29585,1292.0,60.0,1247.0581,116.38778,12.5,352102.94,94.0,0.0,1.0,10.0,0,0,5
187.61826,54.0,55.0,183.0,356.05078,60.0,929.19977,26.84589,505.27945,6152.398,64.0,14.0,0.5,2.0,0,0,5
94.0,78.0,78.0,160.91664,524.2169,60.0,116.333336,0.0,0.0,1454.4965,80.0,0.0,0.5,5.0,0,0,5
602.60486,54.0,54.0,205.0,1292.0,60.0,388.51846,68.83804,0.0,98075.06,91.0,11.0,1.0,11.0,0,0,5
637.6144,54.0,54.0,2610.2646,80.0,60.0,116.333336,0.0,0.0,21403.963,66.0,1.0,1.0,5.725227,0,0,5
139.65187,54.0,54.0,199.0,79.0,87.40077,111.666664,0.0,0.0,352114.94,77.0,5.0,1.0,4.0,0,0,5
120.86794,79.0,77.0,143.0,1306.7247,60.0,100.333336,0.0,0.0,362157.38,79.0,0.0,0.98049027,3.0,0,0,5
515.113,54.0,54.0,230.0,525.0,60.0,95.727516,0.0,0.0,6376.2817,106.0,0.0,1.0,9.0,0,0,5
156.1148,75.0,76.0,164.50745,89.0,64.0,928.82904,156.93839,0.0,962.1663,88.17676,1.0,1.0,2.0,0,0,5
478.0,54.0,54.0,11940.18,210.13632,60.0,112.0738,0.0,58.272182,36307.723,91.0,10.0,1.0,2.0,0,0,5
207.94055,54.0,54.0,379.33365,75.8533,60.0,321.8256,0.0,0.0,7886.117,71.65865,5.0,0.6666667,2.0,0,2,5
446.25067,54.0,54.0,7721.0107,1514.0,60.0,102.333336,55.15396,44.18127,10494.823,79.0,0.0,0.5,2.0,0,2,5
94.564186,63.0,60.0,182.0,114.07599,60.0,594.84753,157.68555,0.0,119587.63,60.0,0.0,0.78875023,5.0,0,0,5
137.0,54.0,54.0,5854.0,1431.391,60.0,94.35447,0.0,0.0,1907.3785,95.0,0.0,0.6666667,6.0,0,0,5
163.26358,54.0,54.0,4936.4536,525.0,60.0,1214.8185,443.50748,0.0,17571.496,189.92372,0.0,0.5,2.0,0,2,5
147.3152,73.17391,73.0,170.0,1292.0,98.66374,103.9019,0.0,0.0,1898.5264,89.0,0.0,1.1567963,2.0,0,0,5
238.0,54.0,54.0,5445.401,1292.0,60.0,108.333336,0.0,0.0,2647.9136,76.0,0.0,0.5,5.0,0,0,5
447.56522,54.0,54.0,231.38184,81.58949,94.0,1240.761,50.565796,0.0,517.0586,80.0,0.0,1.0,3.0,0,1,5
80.0,54.0,54.0,229.1853,110.0,60.0,111.666664,16.5,24.292269,171099.88,88.913635,0.0,1.0833334,2.0,0,1,5
161.0,80.966934,55.0,120.0,79.0,60.0,114.3481,0.0,0.0,6620.46,77.0,8.0,0.5,2.0,0,2,5
72.5,54.0,54.0,234.70367,525.0,60.0,134.66667,0.0,11.785113,141178.45,77.0,0.0,1.0,4.0,0,0,5
129.32079,54.0,54.0,7929.6797,1514.0,60.0,116.01061,16.5,68.47035,3840.7725,113.414085,0.0,0.5,5.0,3,0,5
155.0,54.0,54.0,4222.8413,1306.6393,60.0,485.66446,208.41173,0.0,5710.7393,76.62666,13.0,1.0,9.0,3,0,5
94.0,54.0,54.0,3268.0,528.7009,60.0,1216.0166,0.0,43.648613,3287.634,77.0,0.0,0.5,2.0,3,0,5
98.00079,54.0,54.0,230.0,247.25711,60.0,255.57304,68.088875,0.0,1906.6458,77.346344,4.0,0.5,2.0,0,0,5
80.01024,54.0,54.0,5909.8325,1514.0,60.0,103.31811,0.0,0.0,1466.4855,178.71329,9.10119,0.75,4.0,0,0,5
754.0,54.0,54.0,81517.9,1514.0,60.0,136.20663,223.85338,0.0,13612.131,86.772026,0.0,0.5,6.0,0,0,5
785.4836,54.0,54.0,183.87495,77.0,60.0,395.32562,5.3122525,0.0,2491.6333,74.5607,43.7518,0.85714287,3.0,3,0,5
122.70102,78.0,66.0,142.0171,237.3241,109.0,100.333336,0.0,0.0,100897.88,77.0,0.0,0.92035896,4.0,0,0,5
73.5446,54.0,54.0,7441.236,1292.0,60.0,281.83325,108.73901,0.0,5572.525,79.0,3.0,1.0769231,2.0,0,0,5
173.06354,54.0,54.0,12333.682,123.677086,60.0,267.83926,25.455845,0.0,11331.677,110.0,0.0,1.2,2.0,0,0,5
199.0,54.0,54.0,197.48561,220.08371,60.0,111.666664,24.06633,24.891415,2465.2207,76.0,0.0,1.1528063,2.0,0,0,5
147.21837,54.0,54.0,5000.3047,495.0,95.0,97.727646,0.0,0.0,21408.357,84.0,8.0,1.0,2.293944,0,0,5
196.70436,54.0,54.0,7701.8184,1292.0,60.0,94.333336,0.0,0.0,1274.1893,79.0,10.0,0.6666667,3.0,0,0,5
143.0,55.0,60.0,320.03552,116.02326,60.0,689.6481,0.0,161.80774,5788.054,77.0,0.0,0.6666667,5.0,0,0,5
500.35492,54.0,54.0,4582.2705,89.0,60.0,97.69609,0.0,0.0,2780.9175,69.0,0.0,1.0,2.0,0,0,5
182.91733,54.0,54.0,8355.195,123.04102,60.0,100.333336,0.0,0.0,1198.818,75.0,0.0,0.5,2.0,0,0,5
179.0,54.0,54.0,5187.0,525.0,94.74522,96.259026,0.0,0.0,331695.34,85.35157,10.0,0.5,2.0,0,0,5
138.18916,84.0,80.85252,139.0,1292.0,60.0,1210.9462,224.51451,35.24505,28964.73,222.73299,1.0,1.2,2.0,0,1,5
97.0,54.0,54.0,230.0,221.58783,94.0,347.57675,122.12885,317.174,2618.0056,69.0,0.0,0.5,8.0,0,0,5
157.80621,54.0,54.0,161.0,79.0,60.0,432.40298,51.640717,59.10797,4916.497,78.0,0.0,0.5,2.0,0,0,5
110.57183,89.0,86.86364,120.0,1426.6477,60.0,450.09488,124.47688,0.0,2595.9316,89.0,0.0,0.5,2.0,0,0,5
229.0,54.0,54.0,6467.6553,78.55631,63.0,711.80676,170.15204,0.0,370550.16,76.0,3.0,0.5,2.0,0,0,5
99.0,64.0,66.0,163.76578,76.0,67.879425,107.333336,0.0,0.0,4042.4836,75.0,15.0,1.0,3.0,0,0,5
94.3614,54.0,54.0,400.0,1514.0,60.0,100.0,15.561265,76.717415,17947.562,150.7267,0.0,1.1393137,5.0,0,0,5
81.58469,76.0,54.0,154.41243,164.75464,60.0,118.0,0.0,0.0,2534.5361,77.0,0.0,1.1601974,6.0,0,0,5
73.3414,79.0,79.0,183.0,1292.0,60.0,286.3678,160.97423,11.785113,10594.551,91.0,0.0,1.0,5.0,0,0,5
78.862434,54.0,54.0,303.1464,95.0,60.0,150.3535,0.0,0.0,81685.805,89.0,0.0,0.5,2.0,0,2,5
109.0,81.0,83.0,160.1063,115.748886,60.0,414.96347,112.35973,0.0,6834.603,90.333336,0.0,0.5,3.0,0,0,5
133.0,69.0,73.0,164.0,527.79767,60.0,240.83855,94.990005,240.1576,313959.12,77.23672,10.0,1.1428572,2.7100961,0,0,5
184.0,54.0,60.0,205.0,81.0,104.10704,105.44995,0.0,0.0,6473.7583,76.0,4.0,0.5,5.0,3,0,5
139.33835,80.81435,79.0,141.0,1787.6608,60.0,511.44458,106.489426,8.538331,1292.6343,82.0,0.0,1.0833334,2.0,0,0,5
116.2126,71.0,73.0,161.0,89.42059,60.0,102.333336,0.0,0.0,4578.1245,77.0,10.0,1.1622607,5.0,0,0,5
152.3869,81.0,81.0,120.0,374.0,60.0,394.12134,106.8092,25.455845,233321.69,274.07812,14.0,1.0,2.0,3,0,5
436.04465,54.0,54.0,7913.613,89.0,60.0,452.66666,102.215454,0.0,196425.81,72.0,1.0,0.5,3.0,0,0,5
230.0,54.0,54.0,226.0,91.0,60.0,318.48294,171.3638,11.785113,117943.5,89.0,7.0,1.0,2.0,0,0,5
137.0,73.0,73.0,182.94032,1292.0,60.0,629.1324,321.12668,374.75266,5415.7676,78.0,11.0,1.0,2.0,0,0,5
205.91542,54.0,54.0,3268.0,1292.0,60.0,293.49982,111.07207,223.59525,6854.0347,83.0,12.0,0.5,8.0,0,0,5
196.36618,69.0,73.0,183.0,89.0,95.86841,100.333336,0.0,0.0,5957.7666,78.0,0.0,0.5,2.0,0,2,5
317.5443,54.0,54.0,169.4496,91.0,60.0,255.62988,145.72037,240.48146,569751.25,89.0,0.0,1.1538461,4.0,0,0,5
152.56268,54.0,54.0,5172.144,90.333336,60.0,342.58075,102.77457,168.9382,4520.9595,69.0,0.0,0.5,3.0,0,0,5
599.59314,54.0,54.0,222.93762,127.30819,94.0,96.333336,0.0,0.0,378932.12,79.0,0.0,0.5,3.0,0,0,5
172.0,54.0,54.0,10920.618,1288.6575,60.0,522.6507,0.0,561.54364,528197.44,90.0,0.0,0.5,2.0,0,0,5
659.06006,54.0,54.0,10693.751,401.24142,60.0,295.90256,69.88938,0.0,13766.75,229.46103,10.0,0.5,4.0,3,0,5
94.0,54.0,54.0,234.43619,88.0,76.666664,545.7423,25.455845,553.0357,3708.9136,87.0,0.0,0.5,2.0,0,2,5
447.20483,54.0,54.0,10733.491,1292.0,60.0,114.55437,0.0,10.780727,1501.8906,226.56972,1.0,0.5,2.0,0,1,5
220.19675,54.0,54.0,180.0,525.0,60.0,109.184456,0.0,324.88727,25734.182,213.07138,0.0,0.5,2.0,0,0,5
85.0,54.0,54.0,199.0,91.0,60.0,119.29682,158.13193,163.49179,301389.22,76.0,0.0,1.0,6.0,0,0,5
161.0,54.0,54.0,203.87933,525.0,60.0,112.333336,25.701275,365.2231,1557.5748,83.0,0.0,0.83652717,2.0,0,2,5
537.49506,54.0,54.0,8261.556,1294.4199,60.0,1146.6018,255.81618,371.86496,124695.71,335.5,56.004932,0.5,2.0,0,0,5
138.82458,80.0,79.0,141.4993,131.91003,60.0,266.63953,0.0,29.058718,5572.5356,87.852104,0.0,1.0,2.0,3,0,5
138.0,84.78099,77.0,138.0,1292.0,60.0,134.11282,25.496855,0.0,17557.02,79.0,1.0,1.0069952,2.0,0,0,5
805.62225,54.0,54.0,14827.555,1514.0,60.0,88.0,0.0,0.0,220508.64,89.0,0.0,1.0,5.0,0,0,5
386.71454,54.0,54.0,11016.696,1292.0,60.0,319.6911,0.0,44.190536,9038.878,228.05461,0.0,1.1538461,2.0,0,0,5
136.43794,79.0,79.0,133.0,1773.0,63.0,102.666664,229.46338,150.30228,3554.6033,79.0,0.0,0.5,2.0,0,0,5
96.0,54.0,54.11048,322.0,1292.0,60.0,226.38731,254.75212,0.0,238351.08,86.0,0.0,0.543906,2.0,0,0,5
322.0,54.0,54.0,2346.1646,84.0,60.0,93.57537,0.0,0.0,5222.125,70.0,12.0,0.6666667,9.0,0,0,5
147.05408,54.0,54.0,5854.0,495.0,60.0,96.11748,0.0,0.0,1199.8202,266.91312,4.0,0.7842317,2.0,0,2,5
592.70306,54.0,54.0,283.48578,1292.0,60.0,111.333336,0.0,0.0,7726.771,79.0,0.0,0.5,2.0,0,0,5
212.65091,54.0,54.0,6370.0,1292.0,60.0,1246.4536,169.63126,242.51875,3528.938,94.0,0.0,1.2222222,5.0,3,0,5
155.17398,76.141235,75.0,169.80563,83.0,94.0,94.03586,0.0,0.0,92585.016,75.0,0.0,0.75,2.0,0,0,5
283.53607,54.0,54.0,5079.143,1605.1808,60.0,1241.6351,494.91547,0.0,5267.588,80.0,0.0,1.2222222,2.0,0,0,5
131.36615,69.0,61.10672,155.0,76.0,129.482,106.333336,0.0,0.0,136845.03,73.0,0.0,1.0,3.0,0,0,5
146.52058,54.0,54.0,205.0,89.0,60.0,105.60934,0.0,0.0,7303.706,79.57832,0.0,0.5,5.0,0,0,5
183.0,54.0,54.0,3268.0,1514.0,60.0,1179.7683,127.47143,9.0,43815.156,78.0,20.0,0.8333333,5.0,0,0,5
93.56232,54.0,54.0,9630.791,90.0,60.0,94.935165,36.878952,0.0,6863.087,73.0,3.0,0.875,2.0,3,2,5
133.0,54.0,54.0,230.0,1514.0,60.0,131.83276,26.791042,11.785113,19796.467,79.0,0.0,1.0,2.0,0,0,5
105.0,54.0,54.0,205.0,1292.0,64.0,111.72771,0.0,0.0,144791.22,278.37643,3.0,1.0,3.0,0,0,5
144.44432,54.0,54.0,5187.0,89.0,60.0,100.333336,0.0,0.0,3494.6245,69.0,0.0,0.5,3.0,0,2,5
93.60782,54.0,54.0,7236.0,130.73384,63.0,653.60895,257.20544,0.0,1564.6047,90.0,0.0,0.5,2.0,0,0,5
139.0,54.0,54.0,6706.4546,775.822,60.0,106.333336,0.0,0.0,1923.4777,275.9787,3.0,0.5,5.0,0,0,5
1377.5226,54.0,54.0,11022.062,660.5045,60.0,98.88766,0.0,0.0,4635.2173,172.28445,5.0,1.1624159,13.0,0,0,5
612.625,54.0,54.0,7642.138,1292.0,60.0,414.8165,0.0,512.7921,10533.774,88.0,1.0,1.0,3.0,0,0,5
183.0,54.0,54.0,3268.0,91.0,60.0,118.11779,0.0,0.0,332743.7,80.0,0.0,0.5,2.0,0,0,5
334.46048,54.0,54.0,5861.943,616.0635,60.0,116.0,0.0,0.0,978.16266,78.0,0.0,1.0941159,6.0,3,0,5
111.30251,54.0,54.0,14695.069,319.65805,60.0,100.246765,229.33546,13.985667,23275.887,73.0,9.475284,1.0,2.0,0,0,5
143.0,76.0,74.0,151.4543,345.39725,60.0,460.53098,25.098875,296.71292,231125.66,74.0,9.0,1.1111112,2.0,3,1,5
164.0,54.0,55.0,205.0,79.0,60.0,1120.6105,161.62926,110.09684,39424.016,55.0,2.3805432,0.5,2.0,0,2,5
197.0,54.0,54.0,198.0,89.0,60.0,113.37617,0.0,0.0,166570.16,81.0,11.0,0.5,2.0,0,0,5
96.0,54.0,60.0,789.92346,1304.7917,60.0,85.333336,0.0,0.0,131037.39,89.0,0.0,1.0,2.0,0,0,5
76.666664,54.0,54.0,7328.8765,1773.0,60.0,123.98155,3.179425,295.05734,3471.9197,75.0,0.0,0.8333333,2.0,3,0,5
490.87183,54.0,54.0,8123.169,528.0,60.0,861.4267,253.4259,24.494898,4056.9219,79.0,4.0,0.6666667,5.0,3,0,5
140.39613,54.0,54.0,295314.2,1514.0,60.0,117.55215,0.0,0.0,5971.1743,111.434525,1.0,1.0833334,2.0,0,0,5
139.25757,54.0,54.0,199.0,1514.0,60.0,114.70339,0.0,0.0,31411.486,76.5,0.0,0.6666667,4.0,0,0,5
109.0,54.0,54.0,5477.7637,95.0,60.0,345.6651,109.608734,328.7944,2597.2385,77.0,0.0,0.6666667,2.0,0,0,5
137.0,54.0,55.0,183.0,79.0,60.0,677.6304,0.0,0.0,24350.717,76.395996,12.0,0.6666667,2.0,0,0,5
305.07602,54.0,54.0,5100.7886,529.0,60.0,1246.4338,0.0,214.23457,2922.2773,80.0,1.0,1.2,3.0,0,0,5
362.6085,54.0,54.0,10391.382,1514.0,60.0,113.67814,0.0,0.0,3932.638,352.4241,9.0,0.6666667,2.0,0,1,5
109.0,54.0,54.0,9982.344,1514.0,60.0,134.66667,0.0,0.0,6853.839,266.9277,0.0,1.0,2.0,0,0,5
456.5856,54.0,54.0,7056.2637,88.0,60.0,128.3986,0.0,0.0,4344.2256,79.0,5.0,1.0,2.0,0,0,5
532.3312,54.0,54.0,205.0,175.92885,60.0,277.89368,0.0,296.72952,2591.1792,94.0,0.0,1.0052894,2.0,0,1,5
125.0,54.0,54.0,11455.985,308.90607,60.0,99.62295,0.0,0.0,7887.065,73.0,12.0,0.5,2.0,0,0,5
164.0305,89.0,79.0,120.0,528.0,60.0,106.56131,0.0,0.0,2428.4788,89.0,0.0,0.5,2.0,0,2,5
182.0,54.0,54.0,8280.39,77.0,60.0,122.16857,0.0,0.0,3827.3914,71.95234,119.58119,0.6666667,2.0,0,1,5
131.0,74.0,75.0,183.0,1514.0,60.0,1221.4161,344.8955,0.0,5290.5625,344.66666,10.0,1.0,6.0,0,0,5
96.0,83.0,80.0,151.0,1292.0,60.0,151.26541,0.0,0.0,6382.0396,106.0,0.0,0.5,3.0,0,0,5
336.44547,54.0,54.0,7961.2695,1514.0,60.0,134.66667,0.0,0.0,3558.2383,89.0,0.0,1.0,4.0,0,0,5
139.03008,54.0,54.0,205.0,95.0,60.0,137.09698,10.310513,0.0,152086.03,69.0,7.0,0.5,2.0,0,0,5
411.03693,54.0,54.0,10983.74,1774.9984,60.0,95.10768,0.0,12.24088,526769.9,228.08833,0.0,1.0833334,2.0,3,0,5
94.0,54.0,54.0,3268.0,1292.0,60.0,119.10022,0.0,0.0,4253.991,73.0,7.0,0.5,2.0,0,0,5
96.0,54.0,54.0,7447.014,78.86005,60.0,253.22916,0.0,0.0,21520.082,73.0,0.0,1.0,2.0,3,0,5
141.0,74.0,73.0,161.0,90.333336,60.0,119.07876,0.0,0.0,15556.786,75.0,0.0,0.5,2.0,0,0,5
183.0,54.0,54.0,180.0,223.11157,60.0,111.333336,0.0,0.0,392341.97,69.0,0.0,1.0,2.0,0,0,5
362.40396,54.0,54.0,205.0,96.0,94.0,94.84541,0.0,0.0,268669.56,77.73178,0.0,0.6666667,6.0,0,0,5
89.60258,54.0,54.0,238.36584,76.0,60.0,114.31669,0.0,213.15086,30896.955,73.0,6.0,0.5,2.0,0,0,5
352.31732,54.0,54.0,5075.1113,111.25207,60.0,134.66667,4.491972,0.0,2031.0372,83.0,8.0,0.91831005,3.0,0,0,5
76.57907,79.0,77.36443,154.31987,108.0,63.0,89.333336,0.0,8.5380335,4091.8328,78.0,1.0,1.2,5.0,0,0,5
99.106705,79.0,54.0,148.41577,84.10236,60.0,907.4274,182.55974,0.0,1327.486,79.0,0.0,1.0,2.0,0,0,5
574.12744,54.0,54.0,13965.006,79.0,60.0,98.0,0.0,144.26897,2651.8376,73.24941,13.0,0.5,2.0,0,0,5
199.0,54.0,54.0,5074.444,615.3805,60.0,702.78937,159.80176,293.96918,5188.8193,76.8475,0.0,0.5,2.0,0,2,5
477.60205,54.0,54.0,7520.5864,79.0,60.0,541.48584,272.55704,58.413227,128120.55,73.0,26.15577,1.0666667,5.0,0,0,5
185.65407,54.0,54.0,427.1294,180.15746,60.0,100.333336,16.718668,23.570227,2801.2903,120.561066,1.0,0.6666667,2.0,0,0,5
531.97614,54.0,54.0,9817.021,91.0,60.0,411.50787,217.75739,217.00298,4516.8887,88.041595,0.0,1.0666667,3.0,0,0,5
92.35717,78.0,78.0,145.3844,196.3277,63.0,136.0,0.0,85.45676,135765.8,91.0,5.0,0.5,5.0,0,0,5
347.7802,54.0,54.0,5130.052,1292.0,60.0,444.277,88.4559,471.3841,6907.97,76.0,249.44194,0.8333333,5.0,0,0,5
85.43171,54.0,54.0,7330.494,88.45686,60.0,112.666664,0.0,0.0,6178.25,84.0,0.0,1.0741612,6.0,0,0,5
122.138596,77.0,75.23827,143.0,110.0,60.0,100.333336,24.187801,0.0,231180.22,77.0,0.0,0.875,2.0,0,0,5
143.0,76.0,75.0,161.55951,528.0,60.0,440.43735,111.81214,0.0,1487.6992,89.0,0.0,0.6666667,2.0,0,0,5
196.36041,73.0,76.0,159.19496,1778.1176,60.0,107.333336,0.0,0.0,31716.746,90.618904,0.0,0.6666667,2.0,3,2,5
94.0,54.0,54.0,6484.353,525.0,60.0,114.28031,102.27016,11.785113,10167.492,87.0,0.0,0.5,5.0,0,0,5
133.0,66.0,68.086784,205.0,1514.0,63.0,106.333336,0.0,0.0,34495.383,112.92317,5.0,0.6666667,2.0,0,0,5
150.94339,73.0,73.0,171.67845,105.582245,60.0,754.39,0.0,240.29103,9135.959,79.0,0.0,1.1537755,2.0,0,0,5
143.0,73.0,73.0,180.0,524.0,60.0,106.333336,0.0,24.839901,5959.913,88.6884,0.0,0.5,4.0,0,0,5
109.0,70.0,73.0,172.805,173.46068,63.0,107.333336,16.5,202.21764,5357.4326,79.0,0.0,0.6666667,5.0,0,0,5
155.0,66.0,55.0,179.0,77.0,60.0,95.88721,0.0,0.0,4512.0713,69.0,242.24121,0.8333333,2.0,0,0,5
620.46045,54.0,54.0,238.0,377.86978,60.0,166.61432,23.973944,0.0,6654.4175,83.0,1.0,1.0,6.0,0,0,5
212.18893,54.0,54.0,209.0,527.0,60.0,111.666664,0.0,0.0,11864.313,77.0,8.0,1.2,2.0,0,1,5
80.0,54.0,54.0,9637.439,91.0,60.0,116.11779,0.0,0.0,2569.6333,69.0,0.0,0.6666667,2.0,0,0,5
166.72736,55.0,60.0,302.5545,91.0,60.0,481.20135,126.34259,0.0,18260.078,73.0,0.0,0.6666667,2.0,0,0,5
146.0,60.0,71.49354,170.0,1292.0,60.0,113.666664,0.0,77.95902,6850.1426,76.0,118.39253,0.6666667,2.0,0,0,5
68.333336,69.0,73.0,166.92694,78.0,63.0,513.8245,39.372738,0.0,137757.64,76.0,1.0,1.0673838,5.0,0,0,5
103.0,54.0,54.0,205.0,525.0,60.0,130.34062,0.0,0.0,12778.981,79.0,3.0,1.0,9.0,0,0,5
770.27454,54.0,54.0,11213.68,525.0,60.0,115.0,0.0,11.785113,42298.28,130.44444,2.0,1.2,5.0,0,0,5
141.14796,54.0,54.0,9808.249,77.0,60.0,117.58675,0.0,0.0,3482.4849,75.0,10.0,0.6666667,2.0,3,0,5
274.79788,54.0,54.0,2978.8833,523.13776,60.0,613.95154,390.72165,0.0,25964.535,179.02425,0.0,1.0,3.0,0,0,5
504.27274,54.0,54.0,13657.813,1436.9174,60.0,1221.1163,191.52312,357.29614,9563.795,82.0,0.0,1.0,2.0,3,2,5
155.0,84.0,78.0,125.0,110.0,60.0,113.942696,0.0,0.0,333487.22,87.0,0.0,0.5,2.0,0,0,5
220.04118,54.0,54.0,6771.1924,95.0,60.0,118.809044,0.0,0.0,326683.56,73.0,8.0,0.6666667,2.0,0,1,5
143.0,85.88503,81.0,146.38638,1789.5382,60.0,87.75245,0.0,0.0,7786.8936,91.50816,0.0,0.5,2.0,0,2,5
347.6995,54.0,54.0,291.54514,79.0,94.0,272.45538,0.0,11.785113,4367.4565,78.15443,5.0,1.1428572,2.0,0,0,5
460.89935,54.0,54.0,6652.49,112.1002,60.0,111.333336,0.0,0.0,63232.812,73.0,0.0,1.0,3.0,0,0,5
656.28424,54.0,54.0,205.0,137.75945,60.0,327.87497,0.0,0.0,99865.16,92.32446,11.0,0.6666667,5.0,0,0,5
171.99857,54.0,54.0,212.30446,988.9291,60.0,119.04676,124.672806,89.616974,220615.42,227.66357,5.0,0.5,2.0,0,0,5
80.0,54.0,54.0,7438.751,78.0,60.0,1180.0067,34.606403,223.53857,24584.824,77.33752,4.164507,1.2,4.168733,0,0,5
137.0,54.0,54.0,3268.0,1292.0,60.0,134.66667,26.82822,162.59044,2497.5728,89.0,8.0,1.0835114,2.0,0,0,5
582.1324,54.0,54.0,205.0,79.32844,60.0,100.333336,0.0,0.0,8017.978,69.0,0.0,0.5,2.0,0,0,5
557.0259,54.0,54.0,9802.0,1160.0,95.075294,100.333336,0.0,0.0,47963.05,79.0,0.0,0.5,2.0,0,0,5
95.0,54.0,54.0,704.5698,691.6885,60.0,98.0,0.0,0.0,21510.21,294.55255,4.0,1.0,2.0,0,2,5
80.88816,54.0,54.0,179.0,95.0,60.0,89.666664,0.0,0.0,2620.5627,55.0,10.0,1.0,3.0,0,0,5
325.12524,54.0,54.0,4455.016,1514.0,65.40511,96.333336,0.0,0.0,3277.5146,293.11246,1.0,1.0,2.0,3,2,5
85.79876,73.0,74.0,183.0,111.25066,65.30262,256.79025,127.5353,11.785113,7775.402,88.0,8.0,1.117647,9.80188,0,0,5
544.6667,54.0,54.0,5173.341,872.09784,60.0,269.25574,15.542996,516.68854,2023.882,78.0,45.713802,0.87069464,5.0,0,0,5
544.6667,54.0,54.0,3268.0,243.42998,60.0,444.66666,0.0,3.4476473,44642.043,89.0,1.0,0.5,3.0,0,0,5
169.0,55.0,60.0,184.0,220.01196,60.0,122.25293,0.0,0.0,5728.9697,87.0,0.0,0.5,10.0,0,0,5
131.19133,77.0,76.0,169.0,108.0,60.0,347.78024,302.03757,431.65698,10499.813,89.0,1.0438651,1.0,2.0,0,0,5
81.53752,54.0,54.0,7309.9185,79.0,60.0,96.333336,0.0,0.0,25755.049,73.0,0.0,0.6666667,2.0,0,0,5
514.69165,54.0,54.0,218.27415,196.24258,60.0,96.42746,0.0,301.0799,335642.4,91.0,0.0,1.0,9.0,0,0,5
740.3331,54.0,54.0,1561.8602,528.0,60.0,121.89601,0.0,0.0,2924.8386,77.0,9.0,0.5,5.0,3,0,5
557.1276,54.0,54.0,3268.0,78.0,94.0,115.24478,0.0,0.0,11418.582,78.0,0.0,0.5,2.0,0,0,5
72.0,55.0,68.041855,205.0,1632.54,60.0,447.22238,180.68695,0.0,397420.0,95.5,7.0,1.0909091,9.0,0,0,5
131.61461,54.0,54.0,9825.574,1514.0,60.0,1111.1555,230.99098,530.94836,375609.2,84.0,0.0,0.5,3.0,3,0,5
462.54263,54.0,54.0,204.267,1204.769,60.0,120.11978,101.542786,465.43924,188570.77,95.0,1.0,1.1428572,5.0,3,0,5
521.87,54.0,54.0,6542.6714,613.90076,60.0,107.333336,50.431995,104.70591,115318.836,91.0,0.0,1.0625,2.0,0,0,5
154.67781,78.0,77.0,161.0,299.3673,60.0,240.60701,0.0,0.0,4586.6875,79.0,73.025665,1.0,2.0,3,0,5
85.0,54.0,54.0,252.67972,91.0,60.0,136.00414,0.0,0.0,3262.0352,69.0,0.0,1.1818181,3.0,0,0,5
544.6667,54.0,54.0,9803.0,95.0,107.59233,96.333336,0.0,226.38515,96846.12,79.0,6.0,1.0,2.0,0,0,5
97.0,76.0,77.0,167.61461,89.0,60.0,293.49176,0.5,0.0,19160.373,83.450356,0.0,1.2,6.0,0,0,5
619.78076,54.0,54.0,9814.93,1774.9812,60.0,106.333336,0.0,0.0,14978.993,86.09344,0.0,1.0,5.0,0,0,5
291.91382,54.0,54.0,200.02469,87.0,60.0,401.63052,0.0,0.0,18798.5,79.0,0.0,0.5,9.0,0,0,5
93.54898,54.0,54.0,8150.249,1292.0,60.0,1235.5935,25.455845,307.7513,9815.442,77.42795,1.0,1.1537324,5.0,0,0,5
94.7907,75.0,75.0,160.59831,1514.0,60.0,414.7918,232.14339,477.7693,25821.5,196.21277,0.0,0.5,3.0,0,0,5
143.0,54.0,54.0,208.984,133.96483,60.0,94.333336,0.0,0.0,5710.279,108.0,0.0,0.8333333,2.0,3,0,5
69.0,54.0,60.0,196.07475,1292.0,60.0,116.333336,0.0,0.0,25890.365,339.2739,92.73261,0.903067,5.0,0,0,5
138.0,85.0,86.06346,120.0,525.0,60.0,111.666664,0.0,24.494898,525647.6,89.0,0.0,0.88938475,2.0,0,0,5
159.07188,73.0,55.0,155.18813,77.0,60.0,110.48311,224.95062,0.0,169128.1,74.0,9.0,1.1538461,2.0,0,0,5
227.83955,54.0,54.0,199.34137,266.7422,60.0,1029.9768,0.0,0.0,27725.178,68.07715,8.0,0.5,2.0,0,2,5
556.9227,54.0,54.0,8145.269,1514.0,60.0,341.93555,0.0,0.0,6809.72,83.50499,0.0,0.6666667,5.0,0,0,5
636.5297,54.0,54.0,6684.7554,1292.0,60.0,329.4752,25.701275,0.0,3947.941,79.0,231.03276,1.0,2.0,0,0,5
94.0,85.0,80.0,155.0,83.0,81.59052,1216.2838,159.18181,161.37772,15441.477,82.0,0.0,0.84029686,6.0,0,0,5
177.86667,54.0,54.0,7151.7993,1514.0,60.0,107.333336,26.13229,0.0,5132.2915,85.1313,5.0,1.1146623,2.0,3,0,5
155.0,54.0,54.0,7656.0,226.25218,60.0,131.9435,0.0,0.0,7992.496,73.0,1.0,1.0,2.0,0,0,5
76.51371,87.71267,81.0,127.61472,524.0,60.0,1010.54144,0.0,11.785113,116855.8,111.53494,0.0,1.1428572,6.0,0,0,5
124.79471,78.0,79.0,133.30151,1430.1411,60.0,325.82553,285.9825,0.0,1521.9606,290.94717,0.0,1.0,3.0,0,0,5
100.51048,54.0,54.0,8386.576,111.49323,99.0,102.333336,0.0,219.30074,22361.803,82.0,0.0,0.6666667,2.0,0,0,5
87.05585,89.0,77.00116,120.0,1783.0,71.70041,100.333336,50.022503,25.0,2581.5166,83.807884,67.06847,0.5,8.0,0,0,5
160.88492,71.0,73.0,161.94836,528.0,60.0,111.333336,0.0,0.0,3984.0566,76.0,6.0,0.6666667,2.0,0,0,5
1021.25934,54.0,54.0,230.0,524.0,66.0,107.333336,0.0,0.0,11961.881,77.0,0.0,1.0,4.0,0,0,5
125.65359,54.0,55.0,230.0,268.0,68.333336,134.66667,88.291016,77.27405,2468.145,78.0,13.0,1.0,8.0,0,0,5
229.0,54.0,54.0,14646.222,76.93182,60.0,115.98942,0.0,0.0,9000.366,76.0,12.0,1.2,2.0,0,0,5
85.0,55.0,69.0,161.0,77.00991,60.0,100.21921,0.0,0.0,15634.352,71.34299,0.0,0.5,5.0,0,0,5
183.30975,54.0,55.0,655.6369,79.0,60.0,133.57164,0.0,0.0,4937.2007,77.0,9.0,1.2180623,2.0,0,0,5
97.61364,75.0,73.0,157.0,1292.0,60.0,414.77634,85.75397,0.0,2502.1074,250.96729,1.0,0.75,2.0,0,0,5
226.0,54.0,54.0,205.0,84.20718,60.0,111.666664,25.455845,23.570227,199358.2,69.0,0.0,1.0,2.0,0,2,5
611.8243,54.0,54.0,9825.923,79.00322,60.0,116.12962,0.0,0.0,10981.292,79.0,0.0,1.0,5.0,0,0,5
164.0,69.0,73.0,166.63274,93.860634,60.0,666.74603,375.53256,241.25912,140966.34,76.87782,133.296,1.0,2.0,0,0,5
68.333336,54.0,54.0,11706.334,295.60712,63.0,450.0,288.8303,422.49277,2477.8574,80.0,8.0,0.5,11.0,0,0,5
197.0,54.0,54.0,182.38036,1514.0,60.0,102.83129,0.0,0.0,269215.22,91.0,7.0,0.5,2.0,0,0,5
108.767815,54.0,54.0,9627.739,1292.0,60.0,106.333336,0.0,0.0,4716.2114,140.63632,1.0,1.0,4.0,0,0,5
138.79604,54.0,55.0,205.0,108.0,136.91833,455.11386,0.0,11.785113,4372.046,79.0,4.0,1.1818181,2.0,0,0,5
85.0,78.30253,77.0252,183.0,110.0,60.0,111.333336,0.0,0.0,7225.6724,78.0,0.0,1.2,7.0,0,0,5
183.86836,54.0,54.0,586.4832,73.0,60.0,102.666664,0.0,0.0,2756.3835,72.85973,12.0,0.6666667,2.0,0,0,5
154.0,54.0,54.0,198.85966,111.87891,60.0,119.588295,0.0,0.0,1967.925,69.0,0.0,0.5,3.0,0,0,5
229.0,54.0,54.0,683.2637,1292.7118,60.0,1233.9011,162.1498,0.0,35324.082,74.99878,0.0,0.6666667,2.0,0,0,5
491.9973,54.0,54.0,1510.9109,89.0,60.0,544.7056,25.701275,0.0,821.4825,70.0,0.0,1.1472042,2.0,0,2,5
131.0,79.0,75.43044,120.0,86.0,60.0,116.0,0.0,0.0,29476.266,79.0,0.0,1.1428572,2.0,0,0,5
651.9398,54.0,54.0,7802.5986,1514.0,60.0,363.98544,28.219307,0.0,5495.371,114.877464,0.0,1.0769231,6.0,0,0,5
143.0,76.0,77.0,155.0,1160.0,60.0,403.50095,0.0,11.785113,137262.97,91.70776,0.0,1.0,2.0,0,0,5
179.0,54.0,55.0,198.0,1514.0,60.0,96.04052,0.0,0.0,13224.1875,78.0,1.4916823,1.1818181,5.707122,0,0,5
143.0,69.0,55.0,167.37477,89.0,60.0,94.333336,0.0,0.0,2683.931,70.0,10.0,1.0,2.0,0,0,5
151.0,54.0,54.0,11803.931,1292.0,60.0,106.35867,0.0,0.0,121338.14,78.0,0.0,1.0,2.0,0,2,5
165.9564,55.0,60.0,183.0,525.0,60.0,122.21696,0.0,11.785113,10885.898,75.0,11.0,0.5,2.0,0,2,5
362.3279,54.0,54.0,6370.0,112.17878,60.0,100.333336,0.0,0.0,7220.514,74.0,0.0,1.0,6.0,0,0,5
206.0,54.0,54.0,327.20493,76.0,60.0,100.333336,0.0,11.785113,1584.7346,66.0,55.538082,1.0769231,2.0,0,0,5
154.77203,70.61484,73.0,175.72838,1514.0,60.0,1173.479,158.65192,29.493547,188518.06,182.69696,10.370928,0.5,2.0,0,0,5
139.0,54.0,54.0,185.0,77.0,60.0,100.333336,0.0,0.0,4829.5923,64.0,0.0,1.0,2.0,0,2,5
125.72145,54.0,60.0,400.0,1292.0,63.0,111.666664,0.0,0.0,5479.0864,90.0,0.0,1.25,2.0,0,0,5
165.8835,55.0,60.0,179.0,1514.0,60.0,1128.5715,158.56566,0.0,352950.16,87.0,0.0,0.5,2.0,0,2,5
530.9744,54.0,54.0,6056.5713,525.0,60.0,89.333336,23.973944,11.785113,39133.87,76.0,11.0,0.8333333,3.0,0,0,5
781.8709,54.0,54.0,302.16174,524.0,60.0,1214.8844,24.07376,161.57141,1565.3765,73.917046,8.0,0.5,9.258695,0,0,5
214.89287,54.0,54.0,3560.7556,1514.0,60.0,1253.9498,0.0,56.701797,4396.711,84.46185,0.0,1.1116201,2.0,0,0,5
105.0,54.0,54.0,161.0,528.0,60.0,466.923,147.12025,0.0,2474.1768,187.94559,1.0,1.1229477,2.0,0,0,5
77.94699,63.0,66.0,179.0,524.0,60.0,148.27444,35.891582,11.785113,4272.74,162.65556,0.0,1.0,6.0,0,0,5
68.333336,86.0,76.0,120.0,92.0,63.0,229.07323,0.0,42.7428,3604.2927,89.0,6.0,0.5,10.0,0,0,5
155.35289,79.0,80.0,138.0,266.988,63.0,319.4499,32.4459,0.0,84095.4,83.0,10.0,1.0,2.0,0,2,5
240.36761,54.0,54.0,229.0,77.0,60.0,410.03073,112.29635,241.47797,518334.84,73.0,0.0,0.5,2.0,0,0,5
68.333336,54.0,54.0,14559.185,1758.376,60.0,1179.6609,222.58607,0.0,2473.428,270.7262,1.0,0.8,2.0,0,2,5
132.0,54.0,55.0,205.0,1514.0,60.0,1105.5114,162.16844,0.0,6330.2847,278.87024,11.0,0.5,2.0,0,0,5
121.16204,74.0,55.0,155.0,113.45371,60.0,108.333336,0.0,0.0,10406.717,75.0,0.0,0.5,5.0,0,0,5
137.0,66.0,73.0,181.57729,1514.0,60.0,482.579,114.13756,0.0,3619.0918,134.27977,0.0,1.1538461,3.0,0,0,5
517.2484,54.0,54.0,230.0,89.0,64.0,448.62686,0.0,27.585167,2906.9026,81.04251,1.0,0.5,2.0,0,0,5
504.27274,54.0,54.0,10913.441,1781.1936,60.0,98.0,0.0,0.0,112277.47,226.64114,0.0,1.0,3.0,0,0,5
72.167274,89.0,78.0,120.0,1292.0,60.0,198.41641,16.5,10.528762,7758.728,87.0,5.0,1.2222222,6.0,0,0,5
110.83676,78.0,73.0,156.0,622.1897,60.0,287.4059,0.0,30.64177,3429.1167,78.0,10.0,0.6666667,4.0,0,0,5
219.13716,54.0,54.0,7656.0,1292.0,60.0,106.333336,0.0,0.0,516.45294,79.0,63.928368,1.0,2.0,0,0,5
85.0,77.0,55.0,137.0,79.0,60.0,432.65137,121.57432,0.0,4895.201,78.0,1.0,1.1428572,7.0,0,0,5
637.3736,54.0,54.0,5517.604,1292.0,60.0,96.333336,0.231537,0.0,2714.3933,89.0,0.0,0.5,2.0,0,0,5
77.10512,54.0,54.0,16027.544,1292.0,60.0,1179.6364,22.85162,553.3961,1441.7194,80.0,0.0,1.0,9.0,0,0,5
68.333336,54.0,54.0,303.65155,525.0,60.0,100.333336,109.672516,226.62512,2648.8794,78.0,0.0,1.0,6.0,0,0,5
235.26202,54.0,54.0,208.56601,236.84067,60.0,1016.8402,74.7861,148.08772,5751.9155,79.0,0.0,1.1428572,5.0,0,0,5
197.0,54.0,54.0,5816.986,525.0,60.0,149.67613,0.0,207.52245,2007.5668,94.0,0.0,0.5,2.0,0,0,5
544.6667,54.0,54.0,7823.2783,752.7431,60.0,136.0,0.0,11.785113,71859.555,212.72176,0.0,0.5,2.0,0,0,5
394.45667,54.0,54.0,14854.886,1160.0,60.0,137.08589,0.0,0.0,24056.662,95.0,0.0,1.1538461,5.0,0,0,5
93.80999,54.0,54.0,176.0,88.301575,85.0,99.68714,87.925735,11.785113,142178.39,77.14855,7.0,1.2,2.0,0,0,5
399.06458,54.0,54.0,198.0,621.9057,60.0,94.333336,51.284737,0.0,5654.515,91.18347,0.0,0.5,2.0,0,0,5
331.33966,54.0,54.0,5951.3994,1292.0,60.0,142.79347,0.0,0.0,357233.84,73.26584,11.0,0.6666667,2.0,0,0,5
72.48118,54.0,54.0,5777.2583,955.70264,60.0,118.07122,0.0,0.0,7965.4956,326.12653,12.0,0.5,10.0,0,0,5
85.388306,54.0,54.0,6118.673,1292.0,85.0,106.333336,0.0,31.134378,22281.979,164.77855,8.0,0.5,3.0,0,0,5
490.66858,54.0,54.0,10492.342,529.0,60.0,218.66393,254.83203,110.93775,1163.2716,89.0,0.0,1.0,5.0,0,0,5
454.01892,54.0,54.0,5476.257,95.5,60.0,719.78937,254.78218,352.73828,22432.256,89.0,0.0,0.5,2.0,3,0,5
94.0,54.0,55.0,205.0,226.31023,66.0,1030.2644,253.34085,423.1999,14743.601,95.0,0.0,1.0,5.0,0,0,5
231.0,54.0,54.0,179.0,1292.0,60.0,1178.8134,374.587,494.14957,323648.94,222.15514,8.0,1.1111112,7.5933414,0,0,5
478.43005,54.0,54.0,1018.754,176.78392,60.0,440.06485,0.0,58.102074,214132.7,77.30339,0.0,0.5,2.0,3,2,5
229.11656,54.0,54.0,5854.0,143.58733,60.0,1112.3607,306.5762,483.26785,9680.925,66.0,0.0,0.5,2.0,0,2,5
103.0,69.0,55.0,152.46355,76.0,94.0,191.33807,0.0,0.0,3947.012,73.0,146.73663,1.117647,6.0,0,0,5
94.0,54.0,54.0,214.68999,215.41669,60.0,142.48059,358.09915,501.97116,31595.004,110.0,10.0,1.0,5.0,0,0,5
105.0,54.488033,60.0,1372.3491,505.85898,60.0,208.90059,0.0,0.0,2909.365,90.0,2.0,0.5,2.0,0,0,5
223.5485,54.0,54.0,3268.0,1514.0,60.0,1197.4386,26.791042,0.0,10256.212,122.67443,0.0,1.1818181,7.8278856,3,0,5
72.84448,54.0,54.0,199.0,525.0,60.0,464.2847,123.85477,0.0,10793.221,80.0,0.0,0.5,10.0,0,0,5
197.0,54.0,54.0,198.12059,525.0,60.0,1071.2155,0.0,24.494898,3446.041,187.49753,0.0,0.5,2.0,0,0,5
181.52693,54.0,54.0,8125.484,293.294,60.0,1084.0966,26.896498,100.4879,14143.856,72.0,14.0,1.0625,4.0,0,0,5
160.35043,73.0,74.0,157.0,181.94073,63.0,1241.6395,178.91324,12.229952,4550.5884,92.0,0.0,0.6666667,2.0,0,0,5
461.16092,54.0,54.0,5124.745,1292.0,60.0,444.66666,194.19507,0.0,1823.7384,81.0,7.0,0.5,2.0,0,0,5
365.875,54.0,54.0,298.52963,82.0,60.0,232.90184,0.0,0.0,37571.66,77.0,204.40715,0.75,2.0,0,0,5
549.1313,54.0,54.0,6470.897,624.0,60.0,365.74466,0.0,46.3058,12051.119,77.01862,6.0,1.0591854,3.0,0,0,5
95.00267,54.0,60.0,185.0,237.62334,60.0,106.333336,0.0,0.0,4110.331,66.0,0.0,0.8468022,2.0,0,0,5
126.40735,77.0,76.0,161.0,1292.0,105.0,102.333336,0.0,25.0,25756.34,77.0,0.0,0.5,6.090776,0,0,5
138.23369,89.0,89.0,145.5553,1514.0,60.0,103.255005,18.201729,0.0,4041.9983,113.18092,10.0,0.8333333,2.0,0,0,5
72.5,54.0,54.0,212.02504,93.68351,63.0,110.3884,39.28362,372.51382,2468.9355,78.0,0.0,0.5,6.0,0,0,5
295.5274,54.0,54.0,182.0,89.0,66.0,100.333336,0.0,0.0,230113.31,73.0,29.0,0.5,2.0,0,0,5
133.27144,55.0,60.0,219.9906,1782.0,60.0,94.0,0.0,0.0,5572.506,87.0,0.0,1.2,2.0,0,0,5
72.15915,87.50692,54.0,99.0,89.0,60.0,89.0,0.0,0.0,152644.5,83.32842,0.0,0.5,11.0,0,0,5
68.333336,79.0,66.0,145.0,90.333336,60.0,112.47368,0.0,0.0,3962.8926,78.0,0.0,1.2212421,11.0,0,0,5
612.625,54.0,54.0,8167.3438,1514.0,60.0,121.70953,3.2960348,472.44952,7940.7764,89.0,6.0,0.5,2.0,0,0,5
118.70243,54.0,54.0,21496.787,1160.0,60.810833,126.0,0.0,0.0,15806.034,76.0,12.0,0.75,2.0,3,0,5
94.751175,79.0,78.0,143.0,322.05176,85.0,399.42468,0.0,0.0,3837.148,91.0,10.0,0.5,10.0,0,0,5
454.22125,54.0,54.0,10003.673,1514.0,60.0,514.69574,234.55911,11.785113,1850.117,98.78373,0.0,0.5,2.0,0,0,5
153.77647,54.0,54.0,5074.759,691.34406,60.0,253.78143,112.9355,324.9586,3964.2007,79.0,10.0,1.0,2.0,0,2,5
151.0,85.3962,81.0,120.0,89.0,60.0,120.15396,25.455845,59.17163,99737.164,81.0,14.0,1.0,2.0,0,0,5
394.9784,54.0,54.0,230.0,988.7725,60.0,513.91425,106.50108,88.41349,6857.196,86.0,0.0,0.5,2.0,0,0,5
519.47955,54.0,54.0,10153.643,76.98017,60.0,678.5053,0.0,0.0,3858.8372,73.0,4.0,0.6666667,2.0,3,2,5
378.94565,54.0,54.0,179.0,621.42926,60.0,452.66666,225.78352,0.0,124832.18,267.2966,1.0,1.0,2.0,0,2,5
72.58229,54.0,54.0,5910.1904,1292.0,60.0,404.11285,321.56827,0.0,142418.1,83.0,12.0,1.0,2.0,3,0,5
185.44427,54.0,54.0,198.0,110.0,60.0,279.50256,15.239878,94.15377,3924.0295,95.0,0.0,1.2161354,5.0,0,0,5
386.9612,54.0,54.0,7209.774,1514.0,60.0,241.09964,0.0,0.0,365680.72,195.64163,1.0,1.1091983,5.0,0,0,5
77.942825,54.0,54.0,228.75494,110.0,60.0,116.333336,104.84048,543.33185,6630.499,77.52423,1.0,1.0833334,5.0,0,0,5
303.7379,54.0,54.0,205.0,525.0,60.0,137.42941,25.250885,213.59048,59197.883,83.445694,8.0,0.6666667,2.0,0,0,5
182.05357,54.0,60.0,227.15063,1292.6515,60.0,542.909,0.0,12.5,3319.2622,77.0,12.0,1.0,5.0,0,0,5
131.96677,78.0,76.67495,175.16258,1825.6361,60.0,445.49255,70.90692,0.0,367754.97,86.0,0.0,0.5,2.0,3,0,5
157.0,69.0,73.0,156.2633,221.63943,60.0,148.29816,0.0,0.0,4631.051,96.0,0.0,0.5,2.0,3,0,5
133.0,69.0,72.0,183.0,180.59413,93.8383,132.0,0.0,11.785113,105230.79,79.0,9.0,1.0,2.0,0,0,5
131.0,83.0,80.0,127.803116,1306.1372,60.0,106.333336,0.0,0.0,1927.6974,210.81026,0.0,0.6666667,2.0,0,0,5
120.518616,71.259346,71.0,205.0,268.0,60.0,1168.134,0.0,41.460785,2700.1313,226.029,0.0,0.5,2.0,0,2,5
123.636765,73.0,73.0,167.16661,87.0,93.1451,99.06899,0.0,0.0,3909.5078,73.0,28.723158,1.0833334,2.0,3,0,5
636.585,54.0,54.0,11798.138,142.42416,60.0,87.42857,0.0,0.0,24392.82,73.0,0.0,1.0809639,2.0,0,0,5
68.65537,89.0,89.0,146.6933,525.0,60.0,341.82764,314.32388,468.38028,4606.6836,223.90816,8.0,1.0,9.0,3,0,5
94.0,54.0,54.0,10540.19,295.9297,60.0,100.333336,0.0,0.0,467329.9,83.1003,11.0,0.5,4.0,0,0,5
103.0,77.0,77.0,169.29173,1806.9564,60.0,104.87303,0.0,0.0,5321.0073,82.002106,0.0,0.5,4.0,0,0,5
566.93195,54.0,54.0,2353.1177,528.0,60.0,126.0,26.721823,44.435184,133380.12,76.5,43.34142,1.0,5.0,0,0,5
544.6667,54.0,54.0,164.0,1429.2992,60.0,89.41019,0.0,0.0,7427.324,81.0,0.0,0.6666667,2.0,3,0,5
141.0,76.0,77.0,170.0,87.71235,94.0,447.22324,0.0,23.658484,7618.018,79.0,0.0,1.0,2.0,0,2,5
83.2232,66.0,60.0,185.0,75.0,60.0,1026.4116,126.47915,0.0,2897.787,73.0,141.91487,1.0669183,3.0,0,0,5
199.0,54.0,54.0,161.73593,77.0,60.0,191.64908,158.12248,87.27811,7381.1113,66.0,20.0,1.0,10.891811,3,0,5
155.0,76.0,70.0,155.23065,152.07945,60.0,118.0197,0.0,0.0,39048.14,78.0,0.0,0.5,2.0,0,0,5
230.0,54.0,54.0,5208.692,1773.5386,60.0,1246.8553,255.82939,0.0,43790.402,89.0,0.0,0.8333333,2.0,0,0,5
603.0,54.0,54.0,6125.0815,1169.1965,60.0,1214.6906,400.9333,0.0,100810.92,224.89542,0.0,0.5,9.0,0,0,5
68.333336,54.0,54.0,7312.873,267.31375,60.0,133.11023,5.107755,307.38382,4666.8066,77.0,296.01727,1.0,6.0,0,0,5
155.0,68.86824,71.00146,204.0,1292.0,60.0,496.88855,0.0,558.315,2468.1753,85.36418,0.0,0.75,2.0,0,2,5
596.8692,54.0,54.0,9803.0,1514.0,60.0,142.00584,0.0,0.0,2638.4094,90.23485,0.0,1.0625,5.0,0,0,5
603.0,54.0,54.0,5924.5156,1289.6208,60.0,98.0,0.0,0.0,6467.466,86.0,11.0,0.6666667,2.0,0,0,5
112.77091,54.0,54.0,226.0,266.71677,60.0,133.15398,0.0,0.0,140812.05,138.82652,8.985002,0.5,2.0,0,0,5
581.04846,54.0,54.0,9890.918,1303.8428,63.0,1128.652,25.550772,521.3793,1442.8196,73.0,1.0,1.0,2.0,0,0,5
460.8878,54.0,54.0,229.0,94.69302,60.0,100.333336,0.0,0.0,12327.111,90.333336,0.0,1.0,6.0,0,0,5
73.529686,74.9572,73.0,157.0,110.0,64.0,102.928894,25.455845,0.0,116444.125,88.0,0.0,1.1154271,9.0,0,0,5
87.3088,54.0,54.0,291.17303,110.0,72.93785,111.666664,0.0,0.0,18069.295,77.0,0.0,0.5,2.0,0,0,5
518.7829,54.0,54.0,361.31024,525.0,60.0,1210.0349,290.36725,278.89075,218227.47,241.3471,0.0,1.0,2.0,3,2,5
118.848335,54.0,54.0,205.0,113.01575,60.0,113.666664,13.56378,30.596577,2782.2185,75.01992,136.0,0.6666667,2.0,0,0,5
161.0,63.0,67.722565,179.0,1514.0,60.0,116.30644,89.83265,337.4369,4417.8394,205.80118,0.0,1.0,5.0,0,0,5
153.20668,63.0,69.0,205.0,1421.3112,60.0,111.029335,0.5,12.902841,9037.289,266.21176,6.0,0.6666667,3.0,0,0,5
155.3041,54.0,54.0,2217.5146,582.4311,60.0,208.96115,0.0,0.0,2126.9575,73.0,1.0,1.1579523,5.0,0,0,5
146.37166,55.0,60.0,230.0,142.98795,67.67625,123.522644,25.455845,0.0,1923.0022,78.0,6.0,1.2,2.0,0,0,5
73.50557,54.0,54.0,292.0,268.0,60.0,453.83646,96.01123,604.16156,103242.26,82.00744,0.0,1.0769231,5.0,0,0,5
488.0833,54.0,54.0,226.0,495.87045,60.0,100.333336,44.147526,0.0,3802.5706,76.80961,0.0,1.0833334,6.0,0,0,5
105.0,54.0,54.0,229.0,79.0,60.0,110.06928,0.0,0.0,398908.78,55.0,0.0,0.75,2.0,0,0,5
362.77637,54.0,54.0,7823.881,1292.0,60.0,431.03748,117.056046,0.0,7771.2305,346.50345,14.0,0.5,2.0,0,2,5
163.97795,54.0,54.0,4901.0,163.20126,63.0,100.333336,0.0,0.0,352259.75,76.0,0.0,1.1428572,2.0,0,0,5
124.86519,66.0,69.0,205.0,525.0,60.0,1240.519,5.510691,25.455845,12916.869,95.0,0.0,1.2,2.0,0,0,5
206.96698,54.0,54.0,230.0,225.30382,105.0,1121.8794,327.84277,0.0,6403.0615,81.992905,0.0,1.0,3.0,0,0,5
154.0,70.0,73.0,205.0,1578.4161,60.0,1245.6394,258.51654,0.0,1523.9746,277.5156,1.0,0.6666667,2.0,0,2,5
149.39206,69.0,73.0,197.0,1514.0,60.0,100.333336,105.51649,0.0,5776.6,90.01934,0.0,1.0,6.0,0,0,5
140.02936,54.0,54.0,2122.9146,1306.0911,64.0,100.333336,94.25376,0.0,148872.06,91.0,10.0,1.0650246,2.0,0,2,5
659.03375,54.0,54.0,230.0,92.0,60.0,284.2217,0.0,212.89413,199131.5,82.96779,0.0,0.6666667,2.0,0,0,5
143.0,75.0,74.0,168.75478,192.07451,90.0,111.666664,0.0,0.0,6997.5264,95.49661,8.0,0.80372036,2.0,0,0,5
146.0,54.0,54.0,4901.0,89.0,60.0,422.4972,311.6407,311.15277,266544.0,80.0,0.0,0.6666667,2.0,3,0,5
659.08093,54.0,54.0,11733.239,1514.0,60.0,1244.7706,0.0,70.06178,6700.9194,76.0,0.0,0.5,3.0,3,0,5
362.45724,54.0,54.0,6330.014,527.0,63.97931,96.333336,0.0,0.0,4157.9644,342.30856,2.0,1.0,2.0,0,2,5
196.51234,54.0,54.0,1852.7572,76.60574,66.0,100.967926,0.0,238.41692,9046.43,76.0,0.0,0.6666667,2.0,0,0,5
226.0,54.0,54.0,2011.1725,1292.0,60.0,1232.854,39.060917,0.0,34281.19,164.64607,0.0,0.5,2.0,0,0,5
673.16754,54.0,54.0,400.0,1514.0,60.0,1116.602,37.306408,482.63437,468059.34,76.80654,0.0,1.0,6.0,0,0,5
138.0,73.0,74.0,161.0,1292.0,60.0,1206.2224,71.98371,11.785113,22594.625,90.0,0.0,1.0035307,3.0,3,0,5
138.57037,54.0,54.0,11765.834,110.0,60.0,1195.8918,25.829449,516.0153,151473.62,77.0,1.0,0.5,2.0,0,0,5
68.333336,54.0,54.0,170.0,326.0794,60.0,111.73278,0.0,0.0,390.0964,83.0,4.0,0.8333333,8.0,0,0,5
76.65536,54.0,54.0,11752.938,1514.0,60.0,463.8092,110.92797,25.0,4718.483,115.10585,0.0,1.1490115,2.0,0,0,5
64.66902,54.0,54.0,7885.2905,269.17337,60.0,86.333336,42.925854,0.0,177238.31,73.0,6.0,0.6666667,6.0,0,0,5
94.28957,54.0,54.0,4908.412,199.48837,68.333336,107.29308,0.0,0.0,13011.15,73.0,0.0,0.6666667,4.247337,0,0,5
99.40512,73.0,76.0,170.0,110.0,60.0,397.83063,0.0,0.0,14109.614,77.0,0.0,1.0,7.0,0,0,5
88.19515,54.0,54.0,5819.3403,1292.0,60.0,445.54752,159.42159,8.485281,2056.8433,240.4,0.0,1.0,2.0,0,0,5
132.46017,54.0,54.0,226.0,266.58932,60.0,677.9541,217.9137,0.0,16560.824,77.060745,0.0,0.5,2.0,0,0,5
544.6667,54.0,54.0,209.0,269.0798,60.0,347.36847,0.0,8.766904,191928.78,91.0,11.0,0.5,4.0,3,0,5
179.0,55.0,60.0,303.96918,495.0,60.0,1149.6453,178.459,0.0,383706.88,91.0,0.0,0.6666667,2.0,0,2,5
383.00137,54.0,54.0,7247.2285,1400.7283,60.0,297.8841,192.857,24.494898,1241.8899,221.57822,0.0,0.5,3.0,0,0,5
151.0,66.0,73.0,161.0,1514.0,60.0,675.7115,390.46457,11.785113,152311.39,89.0,0.0,0.6666667,2.0,0,0,5
365.91418,54.0,54.0,230.0,76.96282,60.0,94.43933,0.0,0.0,1929.2957,70.02872,357.32974,1.0,2.0,0,0,5
205.08542,54.0,54.0,230.0,84.245605,60.0,94.32001,0.0,0.0,9976.452,79.0,0.0,1.1415416,2.0,0,0,5
143.0,78.0,69.0,146.0,91.0,60.0,111.666664,256.1482,47.705517,5568.095,78.0,0.0,1.2107348,2.0,0,0,5
85.0,82.596214,79.0,143.0,85.32923,60.0,115.75191,0.0,0.0,1607.5392,81.0,0.0,0.75,5.0,0,0,5
95.0,54.0,54.0,5877.483,91.0,60.0,114.333336,0.0,0.0,5135.736,72.0,0.0,0.6666667,2.0,0,0,5
653.1402,54.0,54.0,250.64235,114.51555,60.0,87.666664,0.0,0.0,13624.417,73.0,13.0,1.0,4.0,0,0,5
89.76556,54.0,54.0,5851.4644,1514.0,60.0,102.63955,0.0,35.25431,144033.4,82.66081,0.0,0.75,4.0,0,0,5
544.6667,54.0,54.0,7824.46,864.58453,60.0,138.86923,0.0,511.80475,352130.88,78.0,0.0,1.2,2.0,0,0,5
122.194145,76.0,75.0,156.0,90.333336,60.0,1198.7499,167.713,198.08238,4602.695,81.604805,0.0,0.6666667,2.0,0,0,5
185.12431,64.0,55.0,165.9438,269.69818,63.0,100.333336,0.0,0.0,539331.8,71.21574,11.0,0.5,2.0,0,2,5
351.0681,54.0,54.0,198.0,1299.4886,60.0,111.666664,0.0,0.0,508.22037,95.5,0.0,0.5,2.0,0,2,5
544.6667,54.0,54.0,5182.521,1292.0,67.0,111.666664,0.0,0.0,3372.7983,90.0,1.0,0.5,2.0,0,0,5
138.28127,69.0,69.0,226.0,1317.7495,60.0,132.0,0.0,511.80475,76034.484,92.0,0.0,1.25,10.0,0,0,5
184.0,54.0,54.0,16586.402,1505.0552,60.0,1241.6453,0.0,262.21475,12020.94,77.0004,0.0,0.5,2.0,0,0,5
544.6667,54.0,54.0,9536.008,1055.7546,60.0,227.31487,0.0,0.0,4283.2217,83.82013,6.0,1.25,3.0,0,0,5
544.6667,54.0,54.0,13349.509,663.61774,60.0,124.93995,0.0,25.395672,3356.3452,87.0,4.0,0.75,2.0,0,0,5
154.0,66.0,73.0,169.0,528.0,60.0,1220.952,408.2756,111.90421,961.0744,131.92957,0.0,0.5,2.0,3,0,5
137.0,54.0,54.0,8225.029,88.0,64.75142,353.96045,72.6656,70.00726,115216.09,78.0,0.0,1.1111112,2.0,0,0,5
420.7611,54.0,54.0,5018.628,80.0,60.0,123.333336,0.0,0.0,5452.804,66.0,1.0,1.0,2.0,0,0,5
137.0,54.0,54.0,9655.1875,1292.0,60.0,131.5476,0.0,11.785113,6220.557,74.0,0.0,1.0,2.0,0,0,5
161.0,72.0,73.0,170.0,528.0,60.0,111.666664,0.0,0.0,3557.0784,82.33635,0.0,0.5,2.0,0,0,5
94.45643,54.0,54.0,6110.744,1292.0,60.0,116.0,0.0,0.0,1348.4083,78.0,0.7672202,1.1428572,2.0,0,2,5
182.0,54.0,54.0,3253.0657,111.409325,60.0,87.42857,0.0,0.0,47294.176,108.0,4.0,0.75,4.0,0,0,5
157.0,86.0,79.0,120.0,1171.0116,96.47712,102.333336,51.14135,8.485281,12302.284,87.0,0.0,0.5361443,2.0,3,2,5
166.16216,54.0,54.0,183.0,177.21365,105.0,278.2868,0.0,214.30116,1324.6625,85.0,0.0,1.0,2.0,0,0,5
76.63796,54.0,54.0,5908.337,581.92126,60.0,126.92422,0.0,0.0,9110.204,94.0,0.0,1.0,5.0,0,0,5
654.6436,54.0,54.0,244.96904,458.5056,60.0,1260.5864,0.0,25.0,180820.8,77.0,8.963618,0.6666667,5.0,0,0,5
184.92807,54.0,55.0,292.0,1292.0,60.0,255.50636,2.6714768,0.0,7932.589,125.919235,0.0,0.5,2.0,0,0,5
143.0,77.108284,79.0,139.0,1514.0,63.660202,107.73871,0.0,0.0,6505.987,226.35715,0.0,0.5,2.0,0,0,5
657.53046,54.0,54.0,11172.341,1292.0,60.0,518.184,107.03409,12.447614,19944.68,77.98684,305.65848,1.0,5.0,3,0,5
96.0,54.0,54.0,14840.039,91.0,60.0,120.24277,0.0,0.0,34498.164,73.0,0.0,0.5,2.0,0,0,5
319.7574,54.0,54.0,7708.398,309.94977,60.0,100.333336,0.0,0.0,291353.06,83.486755,0.0,1.1818181,11.0,0,0,5
161.0,54.0,55.0,197.0,525.0,60.0,114.07233,169.86281,0.0,2924.6848,79.0,0.0,0.5,2.0,0,0,5
94.785,54.0,54.0,7320.2793,1455.5371,60.0,114.333336,26.791042,35.259373,328242.97,82.0,0.0,1.0,2.0,0,0,5
634.1737,54.0,54.0,205.10088,524.93823,60.0,316.79767,70.759544,346.8814,116565.68,180.39565,0.0,0.5,4.0,0,0,5
79.28926,54.0,54.0,204.67499,91.5145,63.0,100.333336,0.0,0.0,122870.44,80.61458,4.0,0.56486255,5.0,0,0,5
68.333336,54.0,54.12242,205.0,1292.0,60.0,508.795,0.0,0.0,5969.4873,88.64008,0.0,1.0,5.0,0,0,5
155.0,54.0,54.0,5187.0,341.5023,100.0,96.333336,98.21235,46.11439,44901.53,88.58125,13.0,0.5,2.0,0,0,5
176.0,66.0,71.0,168.53111,1292.0,60.0,113.018,65.35195,108.83982,4597.3384,255.83589,1.0,0.5,2.0,0,1,5
99.0,79.46981,79.0,130.1992,528.0,60.0,103.01979,0.0,0.0,27744.422,79.0,0.0,1.0,8.0,0,0,5
146.0,73.0,76.0,161.0,524.6177,60.0,111.333336,0.0,92.22473,1468.3267,226.38217,0.0,1.0833334,2.0,0,0,5
173.84578,54.0,60.0,199.0,524.0,60.0,151.70398,106.28953,103.013985,6364.0127,102.990486,0.0,1.1852015,3.0,3,0,5
179.22943,54.0,54.0,3567.9202,524.0,97.0,99.60151,0.5,38.51814,10907.505,77.0,70.38431,1.0833334,6.0,0,0,5
157.0,55.0,68.432785,205.0,238.98099,60.0,138.16504,0.0,11.785113,29225.48,110.0,1.0,1.1428572,2.0,0,0,5
198.96747,54.0,54.0,205.0,137.76422,94.0,116.333336,0.0,23.570227,216988.08,88.641335,0.0,1.0,2.0,0,0,5
162.45709,54.0,54.0,183.0,78.0,60.0,99.954506,0.0,0.0,4591.45,64.0,0.0,0.5,2.0,0,0,5
105.0,54.0,54.0,177.6906,95.5,64.0,343.65433,0.0,11.785113,7350.86,80.0,0.0,0.6666667,5.0,0,0,5
96.81821,54.0,54.0,205.0,525.0,60.0,1184.8036,333.73752,325.04898,368206.53,80.0,0.0,1.0,6.0,0,0,5
196.88998,54.0,55.0,230.0,110.0,60.0,151.05043,0.0,47.369286,5893.892,80.0,0.0,1.0909091,3.0,0,1,5
151.0,54.0,54.0,236.54527,78.0,60.0,106.39913,176.31053,0.0,6053.1167,75.0,136.0,1.1531183,2.0,0,0,5
161.0,86.0,82.0,150.71951,1474.563,60.0,94.333336,0.0,13.524523,3597.121,95.0,0.0,0.6231126,2.0,0,2,5
155.0,64.0,70.0,170.0,351.39386,60.0,1019.75854,0.0,0.0,4055.843,72.52079,17.0,0.6666667,3.0,0,0,5
547.0005,54.0,54.0,292.0,606.0309,60.0,153.78502,0.0,0.0,4863.299,77.0,18.919886,0.6666667,3.0,0,0,5
598.2279,54.0,54.0,237.30524,95.0,64.522354,1198.808,69.086624,161.36731,6812.876,74.47222,13.0,1.0,2.0,3,2,5
621.19073,54.0,54.0,231.0,89.0,63.0,137.10928,0.0,0.0,28970.861,80.0,0.0,1.0880092,4.0,0,0,5
68.333336,54.0,54.0,45657.02,81.0,63.0,273.84802,34.400124,0.0,388550.38,77.25375,11.0,0.6666667,2.0,0,2,5
132.0,63.0,69.0,173.37936,523.74493,60.0,359.98068,50.363564,0.0,366750.3,312.00055,10.0,0.7903606,2.0,0,0,5
72.23409,54.0,54.0,13137.63,308.81854,60.0,399.7074,105.4758,0.0,25441.97,89.0,14.0,0.5,2.0,0,2,5
85.0,54.0,54.0,1266.6456,525.0,60.0,114.14174,0.0,0.0,8452.535,78.0,1.0,1.0,2.0,0,0,5
81.58407,89.0,54.0,96.0,89.0,60.0,106.95397,110.99533,0.0,2819.0842,77.93024,0.0,0.6666667,5.0,0,0,5
141.0,78.0,77.09908,155.0,1514.0,60.0,450.90784,373.82602,516.2091,26209.842,79.0,6.0,1.0,2.0,0,0,5
544.6667,54.0,54.0,231.0,189.8284,60.0,279.313,0.0,103.84089,329015.1,73.0,8.0,1.0,2.0,3,0,5
143.0,80.0,79.0,179.0,92.0,67.0,112.666664,0.0,11.785113,344482.3,81.0,0.0,0.6666667,2.0,0,0,5
179.0,54.0,60.0,180.0,1784.2119,60.0,100.333336,161.57004,11.785113,7778.571,273.33643,12.0,1.1577135,2.0,3,0,5
708.0943,54.0,54.0,17885.193,1514.0,60.0,123.838844,0.0,0.0,60134.71,84.0,0.0,1.0769231,10.0,3,0,5
139.15614,71.056244,55.0,161.0,224.36299,94.0,97.470116,0.0,0.0,2422.5618,73.0,0.0,0.5,4.149995,0,0,5
80.0,54.0,54.0,161.0,527.0,65.61139,100.333336,0.0,0.0,2468.202,113.394516,0.0,1.1818181,6.0,0,0,5
73.481,54.0,54.0,7309.612,90.0,60.0,88.0,0.0,0.0,34350.26,75.0,15.0,0.6666667,2.0,0,0,5
68.333336,67.80042,55.0,169.9385,90.90071,60.0,102.79351,0.0,0.0,2500.5378,71.75557,0.0,1.2727273,6.0,0,0,5
306.46136,54.0,54.0,1804.4459,75.0,60.0,297.8688,287.0854,315.32935,2465.7632,66.0,0.0,0.5,2.0,0,0,5
544.6667,54.0,54.0,245.64987,214.12326,60.0,102.666664,0.0,11.785113,2626.8545,69.0,1.0,1.0625,2.0,0,0,5
103.0,55.0,66.0,170.0,616.444,60.0,136.1693,0.0,43.750885,187788.61,89.0,0.0,1.0769231,11.0,0,0,5
68.333336,54.0,54.0,179.4028,375.9435,60.0,95.93583,0.0,0.0,5554.8228,113.07977,0.0,1.0,5.0,0,0,5
246.31271,54.0,54.0,400.0,179.08301,105.0,134.66667,0.0,0.0,9784.47,76.0,1.0,1.0,2.0,0,0,5
146.78922,69.0,73.0,183.0,292.5052,60.0,92.55277,0.0,0.0,4588.005,188.36635,11.0,0.5,2.0,0,0,5
137.0,54.0,54.0,9795.811,1514.0,60.0,100.333336,0.0,0.0,4370.617,84.0,0.0,1.0,2.0,3,0,5
100.0,54.0,55.0,1555.6952,328.2719,60.0,1234.8722,0.0,331.20706,1910.3934,75.0,14.0,1.0,4.0,0,0,5
99.0,54.0,54.0,206.81949,88.503395,60.0,115.174484,0.0,39.321117,75381.445,76.0,11.0,0.5,2.0,0,0,5
143.0,54.0,54.0,185.0,592.46906,60.0,131.33807,0.0,0.0,5977.084,111.45905,0.0,0.5,2.0,3,2,5
137.77567,54.0,54.0,205.0,110.0,60.0,1045.789,25.481014,12.298915,340298.25,79.0,0.0,1.1916156,2.0,3,0,5
92.181595,54.0,54.0,205.0,110.0,60.0,1195.8624,461.81622,11.785113,28921.793,87.0,11.0,0.6666667,2.0,0,0,5
196.9617,54.0,54.0,5175.1475,605.34973,97.0,96.333336,23.175278,0.0,5319.564,76.821266,0.0,1.0,2.0,3,0,5
285.4021,54.0,54.0,4972.5083,1306.901,60.0,1228.0525,159.74327,11.785113,5030.379,279.88165,0.0,1.0,5.0,0,0,5
498.4358,54.0,54.0,7702.142,1514.0,60.0,1232.9801,344.44012,558.3772,268342.8,76.830536,13.629192,0.8819751,2.0,0,0,5
119.048195,72.0,73.0,170.0,1514.0,60.0,102.333336,0.0,0.0,38951.27,228.23402,1.0,1.0666667,7.0,0,0,5
125.0,73.81436,73.0,205.0,582.93066,123.57102,126.72239,0.0,0.0,19260.975,226.35715,0.0,0.5,2.0,0,1,5
230.0,54.0,54.0,248.55576,1292.0,60.0,131.59305,114.4209,0.0,1362.5175,75.0,0.0,1.0,2.0,3,0,5
81.54609,55.0,60.0,183.57642,95.0,60.0,384.5242,0.0,11.785113,358024.94,87.0,13.0,0.6666667,5.0,0,0,5
150.99677,72.0,55.0,179.0,80.0,60.0,113.190765,0.0,0.0,2503.1624,73.0,6.0,1.0,2.0,3,0,5
600.078,54.0,54.0,9802.0,249.523,60.0,445.38562,106.40755,24.60433,7790.6777,73.0,1.0,0.5,10.0,0,0,5
151.96829,70.0,75.0,155.0,98.9688,121.089424,111.666664,0.0,72.81609,22131.383,78.0,70.22479,1.0,2.0,0,0,5
621.7672,54.0,54.0,8149.949,1514.0,60.0,385.69946,110.55644,0.0,2182.4417,87.0,0.0,1.1175222,8.0,3,0,5
544.6667,54.0,54.0,5854.0,1514.0,60.0,126.0,25.701275,0.0,5572.528,79.0,10.0,1.2,3.0,0,0,5
161.0,60.0,64.0,170.0,90.333336,60.0,560.5687,339.75986,0.0,1451.5364,66.0,0.0,0.5,2.0,3,0,5
125.74001,87.0,76.0,120.0,88.264854,103.0,106.35268,0.0,0.0,15053.124,78.0,0.0,0.70493656,2.5678644,0,0,5
191.8563,54.0,55.0,228.77669,1292.0,60.0,119.34874,0.0,11.785113,2759.3645,86.8,0.0,0.5,3.0,0,0,5
595.72577,54.0,54.0,205.0,538.2234,60.0,106.333336,0.0,0.0,21518.281,73.0,14.0,1.0,7.0,0,0,5
173.06886,54.0,54.0,204.85863,660.3182,60.0,238.62144,0.0,0.0,187370.27,276.3899,6.0,0.90502286,3.0,0,0,5
223.16002,54.0,54.0,6077.165,214.76588,60.0,111.62225,24.5833,11.785113,2411.809,79.0,0.0,1.0769231,6.0,0,0,5
137.0,76.99317,66.0,150.54271,87.9674,60.0,107.70413,0.0,0.0,6194.9844,78.0,7.0,1.0,2.0,0,0,5
183.0,54.0,60.0,205.0,524.0,63.0,91.70684,0.0,0.0,4040.5586,79.0,0.0,0.5,6.0,0,0,5
85.1943,54.0,54.0,7246.007,83.88717,60.0,99.96636,112.973785,120.54091,98184.23,79.0,1.0,1.0,2.0,0,2,5
116.0,54.0,54.0,21403.584,1783.0,60.0,96.333336,0.0,0.0,1515.1204,99.39952,8.0,1.0,2.0,0,0,5
603.02313,54.0,54.0,3268.0,239.93645,60.0,220.67653,106.45408,301.4123,11972.296,110.0,2.0,0.5,3.0,0,0,5
125.59728,71.24593,73.0,182.36572,525.0,60.0,1259.6456,308.1543,0.0,1503.0415,88.22978,0.0,1.0875648,2.0,0,2,5
116.0,54.0,54.0,198.0,580.30585,60.0,149.77898,0.0,25.0,6216.021,176.87697,8.0,0.6666667,2.0,0,0,5
137.0,54.0,54.0,2984.7175,78.0,60.0,105.529015,0.0,0.0,3372.4807,65.39884,0.0,1.0,2.0,0,0,5
317.6311,54.0,54.0,7734.83,79.0,60.0,134.66667,182.25607,0.0,7892.6694,77.0,133.05841,1.0,2.0,0,0,5
161.0,54.0,54.0,9638.1045,73.0,60.0,116.138695,0.0,0.0,5580.2524,69.0,11.0,1.1538461,3.0,0,0,5
504.74686,54.0,54.0,228.99005,76.0,60.0,124.11752,0.0,0.0,6814.6934,70.0,134.98444,0.6666667,2.0,0,2,5
638.0,54.0,54.0,7250.0,1514.0,60.0,111.99652,0.0,0.0,6867.737,79.0,162.8559,0.98969173,4.0,0,0,5
490.69824,54.0,54.0,7530.6123,80.0,60.0,102.83774,0.0,0.0,97084.32,77.126465,206.0,0.6666667,2.0,0,1,5
164.0,55.0,60.0,196.65692,95.0,137.3146,98.0,0.0,0.0,5454.7544,89.0,0.0,1.0,2.0,0,2,5
68.333336,54.0,54.0,7224.2954,1514.0,60.0,136.64368,25.455845,0.0,7914.534,76.80002,208.78261,0.75,6.0,0,0,5
504.27274,54.0,54.0,7551.406,1292.0,60.0,112.25195,0.0,0.0,2717.883,76.705475,0.0,1.0,2.0,0,0,5
476.6826,54.0,54.0,230.0,92.0,60.0,275.5387,53.68096,0.0,2465.7117,84.0,0.0,1.0833334,2.0,3,0,5
161.0,75.0,74.0,154.0,79.0,60.0,102.333336,0.0,0.0,4734.0747,76.0,28.984152,0.75,2.0,0,2,5
229.2164,54.0,54.0,8009.1763,1292.0,60.0,113.5385,0.0,0.0,6665.5586,88.0,0.0,0.5,2.0,0,0,5
754.0769,54.0,54.0,6644.358,209.71974,88.468094,106.333336,0.0,0.0,3774.6611,80.0,4.0,1.1011194,6.8484254,0,0,5
66.0,73.0,73.0,183.0,113.97501,60.0,102.333336,0.0,263.0205,42616.41,76.0,0.0,1.1110485,11.0,0,0,5
94.07081,54.0,54.0,457.80194,268.0,60.0,399.9946,151.38556,0.0,24096.186,76.0,7.0,0.8333333,2.0,0,0,5
68.333336,54.0,54.0,205.64166,1292.0,60.0,120.20327,0.0,11.785113,465528.66,77.12481,0.0,0.5,6.0,0,0,5
117.82989,54.0,54.0,7054.7603,266.54663,60.0,96.907555,0.0,0.0,5635.2363,69.0,0.0,1.0909091,2.0,0,0,5
152.5627,54.0,54.0,532.58923,79.0,60.0,262.11734,72.437164,214.21507,6676.1865,76.0,190.31256,1.0833334,2.0,0,2,5
145.97502,54.0,54.0,183.0,426.62787,60.0,459.76852,321.70233,466.434,37027.043,105.74395,11.0,0.5,2.0,0,0,5
518.3766,54.0,54.0,5889.626,90.333336,60.0,433.82425,57.86893,25.0,2550.9578,80.0,9.0,1.0,5.0,0,0,5
109.0,54.0,54.0,8929.431,1514.0,60.0,122.11986,0.0,11.785113,2732.6777,78.0,5.0,1.2,2.0,0,0,5
421.4835,54.0,54.0,7238.5576,1514.0,64.0,108.333336,0.0,0.0,31553.719,76.80522,133.85448,0.8893745,5.0,0,0,5
109.0,55.0,60.0,205.0,239.15048,68.333336,97.02425,0.0,0.0,9959.822,189.6927,5.4530406,1.0625,6.0,0,0,5
781.93005,54.0,54.0,50360.72,212.01874,97.0,113.666664,0.0,0.0,3447.7222,79.0,0.0,1.0,8.0,0,0,5
362.348,54.0,54.0,1115.3649,594.1571,60.0,116.333336,0.0,353.11603,7375.0107,85.426125,0.0,0.6666667,11.0,0,0,5
155.67757,84.0,77.0,139.0,1160.0,60.0,112.333336,0.0,0.0,133785.27,86.34824,0.0,1.0,2.0,0,0,5
501.0193,54.0,54.0,6192.8076,495.0,109.47857,102.333336,0.0,0.0,4399.204,76.07599,0.0,1.0,2.0,0,0,5
103.0,54.0,54.0,5814.1875,528.0,60.0,1264.2078,410.15067,595.6299,8453.869,76.0,7.0,0.5,2.0,0,0,5
365.91205,54.0,54.0,21462.363,1445.2174,54.0,1198.852,0.5,239.73541,13864.6455,95.5,0.0,1.0597034,6.0,0,0,5
544.6667,54.0,54.0,230.4267,1292.0,60.0,1030.2737,286.06818,0.0,1415.1233,80.0,0.0,0.5,2.0,0,0,5
362.4204,54.0,54.0,7195.444,1206.3196,60.0,1221.1533,114.65948,562.829,400675.38,79.0,39.08451,1.0,2.0,0,0,5
119.378746,79.0,78.0,150.46738,495.0,60.0,111.666664,0.0,0.0,6796.649,79.0,1.0,1.1818181,2.0,0,0,5
81.57487,54.0,54.0,72999.99,79.0,60.0,706.0683,153.97845,0.0,337861.16,77.0,10.0,1.1853892,2.0,0,2,5
124.11007,76.0,77.0,143.0,528.39386,60.0,108.2078,0.0,0.0,2863.433,92.0,0.0,1.053936,2.0,0,0,5
138.0,75.0,73.0,161.0,527.3999,60.0,111.666664,0.0,233.73648,4914.614,83.0,0.0,0.5,2.0,0,0,5
440.20285,54.0,54.0,6083.7065,525.0,60.0,344.55322,0.0,329.0151,1304.0507,241.28688,0.0,1.0,2.0,0,0,5
102.295715,54.0,54.0,3237.3672,620.85455,60.0,107.333336,0.0,0.0,47187.9,84.0,0.0,1.0,2.0,0,2,5
120.09318,54.0,54.0,7508.713,580.71716,60.0,106.333336,0.0,29.931948,4056.8906,95.0,0.0,0.5,2.0,3,0,5
103.885574,79.0,79.0,152.42181,1514.0,94.46746,106.333336,0.0,0.0,6329.846,355.33334,12.0,0.85714287,2.0,0,0,5
131.74287,76.0,75.0,169.0,1286.4222,60.0,113.62238,0.0,0.0,2436.1755,78.0,1.0,0.5,5.0,0,0,5
592.2652,54.0,54.0,198.53795,77.0,64.0,114.333336,0.0,0.0,37568.316,74.0,37.856655,0.6666667,2.0,0,0,5
157.0,71.890854,76.0,170.0,525.0,60.0,439.94434,26.791042,36.788,7948.691,269.084,0.0,1.0625,2.0,0,0,5
148.33908,54.0,54.0,5095.1025,528.0,60.0,345.16626,224.25037,0.0,2860.6218,78.0,0.0,0.5,2.0,0,1,5
151.0,78.0,76.0,151.0,1514.0,60.0,419.22302,154.10007,515.91376,10198.035,143.57759,3.0,0.880174,2.0,0,0,5
142.3191,54.0,54.0,5066.4277,74.994064,60.0,111.666664,22.676945,38.991016,79767.1,73.0,8.0,1.0769231,2.0,0,0,5
103.0,79.0,79.0,132.0,165.90788,60.0,115.80054,198.60667,0.0,15082.432,86.0,0.0,1.0,3.0,0,0,5
68.333336,54.0,54.0,7702.436,85.277725,60.0,100.333336,0.0,0.0,2616.6877,72.60252,0.0,0.6666667,10.0,0,0,5
478.76086,54.0,54.0,8698.259,1292.0,60.0,1194.4032,208.75049,0.0,4372.427,90.137314,0.0,1.0,2.0,0,2,5
129.41986,74.0,75.0,169.55296,344.66666,68.33388,86.333336,0.0,0.0,294057.78,89.183945,28.956434,0.5,10.0,0,0,5
206.16837,54.0,54.0,183.0,83.51582,64.0,191.02998,253.16197,0.0,37137.945,78.0,11.0,0.6666667,2.0,0,0,5
87.82796,72.0,73.0,180.98257,91.0,68.333336,102.333336,154.89963,0.0,5691.7017,89.0,0.0,0.6666667,10.0,0,0,5
343.47104,54.0,54.0,205.0,211.57108,96.0,1181.2936,318.37143,483.50385,240561.7,67.33781,0.0,0.5,2.0,0,0,5
544.6667,54.0,54.0,11011.359,1292.0,60.0,106.333336,0.0,12.457119,507642.66,165.08672,1.0,1.1538461,2.0,0,0,5
151.67775,55.0,66.0,199.0,1514.0,94.0,100.333336,0.0,0.0,1566.1603,80.0,1.0,1.0,2.0,0,0,5
79.54385,54.0,54.0,250.47667,108.0,60.0,1139.7345,496.70767,0.0,3688.3442,78.0,1.0,1.2,2.0,0,2,5
181.71216,54.0,55.0,1091.8475,199.32532,88.72149,96.333336,0.0,0.0,128350.23,82.0,6.0,0.6666667,3.0,0,0,5
544.5484,54.0,54.0,10030.352,87.0,60.0,123.333336,0.0,0.0,18319.38,73.0,0.0,0.5,2.0,0,0,5
636.8177,54.0,54.0,6670.1655,1292.0,60.0,100.333336,0.0,8.485281,326521.56,90.0,0.0,1.0,3.0,0,0,5
139.0,63.0,72.0,180.0,132.35153,71.71056,116.23447,110.7164,11.785113,11949.311,82.97328,1.0,0.5,2.0,0,0,5
89.99425,60.0,55.0,179.0,269.34592,60.0,116.333336,0.0,310.35904,17735.482,60.0,7.0,1.0,4.0,0,0,5
94.0,82.0,79.0,135.2241,374.0,60.0,1198.6978,68.63364,239.37958,23986.35,122.19324,11.0,0.6666667,4.0,3,0,5
96.0,54.0,54.0,206.0,90.0,60.0,89.666664,0.0,15.754937,116071.21,69.0,0.0,1.0769231,2.0,0,0,5
244.35764,54.0,54.0,205.0,78.0,60.0,88.0,0.0,0.0,31537.041,64.0,0.0,1.0,2.0,0,2,5
143.0,64.0,66.0,170.0,1119.2538,60.0,115.01713,0.0,0.0,3298.947,101.79888,8.0,0.6666667,2.0,0,2,5
231.0,54.0,54.0,5114.7446,525.0,60.0,112.66357,0.0,11.785113,14843.516,267.32654,5.579067,1.0,2.0,0,2,5
98.70769,88.46655,84.0,139.0,495.0,95.001495,397.4164,0.0,0.0,3796.09,355.33334,29.0,1.0,3.0,0,0,5
567.3774,54.0,54.0,8323.827,89.0,60.0,116.333336,0.0,0.0,2850.3188,86.0,6.0,1.0769231,2.0,3,0,5
160.23401,54.0,54.0,9824.877,374.93768,60.0,114.59401,0.0,0.0,4015.4265,75.81037,0.0,0.5,2.0,0,0,5
155.0,64.0,55.0,164.86052,79.0,60.0,111.666664,12.259491,0.0,1560.3948,69.0,0.0,0.5,4.0,0,0,5
138.55675,54.0,54.0,5152.0396,1190.9434,60.0,112.422646,0.0,0.0,850.1059,381.7322,14.0,0.7895762,2.0,0,0,5
542.7313,54.0,54.0,230.0,525.0,60.0,168.85524,120.92402,0.0,1454.4178,77.00139,4.0,1.1947011,2.0,0,0,5
94.0,54.0,54.0,7692.1357,1514.0,60.0,87.680145,0.0,0.0,15793.736,95.0,0.0,1.0,2.0,0,0,5
137.0,77.0,78.0,159.1345,110.0,111.42539,1116.6149,394.7924,476.92892,133882.0,92.0,0.0,1.0769231,2.0,0,0,5
143.0,74.889435,69.0,161.0,77.0,60.0,105.810555,74.336815,11.785113,3932.976,76.92603,9.0,1.0,2.0,0,0,5
157.0,63.0,60.0,183.0,139.0,60.0,424.89453,0.0,25.0,83431.39,76.0,11.0,1.0,4.0,0,0,5
343.50293,54.0,54.0,11987.68,79.0,60.0,109.55057,181.17284,0.0,1810.8877,75.0,0.0,1.0532478,7.0,0,0,5
128.00375,54.0,54.0,230.51768,175.56499,66.0,104.81523,36.112267,12.539837,5329.0137,79.0,1.0,0.8,2.0,3,0,5
147.25093,54.0,54.0,4563.46,265.2286,60.0,1146.3953,0.0,25.0,1490.5371,73.0,7.0,0.53795296,4.0,0,0,5
142.84064,54.0,54.0,400.0,1292.0,60.0,107.883965,26.791042,12.5,1301.4713,84.50591,0.0,0.5,2.0,0,0,5
73.50222,54.0,54.0,206.0,91.11849,60.0,713.45807,109.02129,0.0,10479.26,71.72878,0.0,0.8778233,2.0,0,0,5
141.0,74.0,75.7725,157.0,1292.0,60.0,106.333336,112.86833,44.376156,6730.609,180.52641,0.0,0.6666667,3.0,0,0,5
143.0,60.0,66.0,183.0,108.0,60.0,118.03547,0.0,11.785113,2245.4055,77.0,0.0,1.1538461,2.0,0,1,5
161.0,82.0,80.0,151.0,178.76942,87.64467,1248.8704,44.634182,465.6216,91334.02,85.0,0.0,0.5,2.0,0,1,5
546.63153,54.0,54.0,16181.719,1783.0,60.0,108.42051,26.841904,0.0,4388.3823,79.0,0.0,1.0,2.0,0,2,5
87.2114,54.0,54.0,10491.383,79.0,60.0,683.01685,17.558865,0.0,127092.7,79.0,0.0,0.6666667,3.0,0,0,5
185.37784,54.0,54.0,1461.1963,525.0,60.0,100.333336,0.0,0.0,2468.1243,178.29993,2.0,0.5,2.0,0,0,5
86.45475,81.0,80.0,121.80569,494.67062,60.0,133.55653,75.86988,11.785113,978.1572,86.073586,0.0,0.5,5.0,0,0,5
239.15138,54.0,54.0,322.0,321.87375,64.0,89.343,0.0,11.932457,2637.029,111.260506,10.0,1.1818181,5.0,0,0,5
573.5758,54.0,54.0,11345.371,77.0,60.0,810.1788,35.660378,58.413227,111213.86,74.0,4.0,0.5,2.0,0,0,5
183.0,54.0,54.0,179.0,1160.0,60.0,1022.6997,106.06795,285.52496,2494.0703,79.0,10.0,1.186039,2.0,0,0,5
443.38696,54.0,54.0,169.4049,528.0,60.0,421.18073,0.0,76.92432,1498.2537,78.0,263.8541,1.0,3.0,3,0,5
154.9173,66.0,69.0,183.0,170.3829,94.0,1240.7568,218.60393,0.0,7467.363,93.0,0.0,0.5,2.0,0,0,5
80.943344,54.0,54.0,58573.855,1514.0,60.0,326.34445,77.379776,11.785113,2834.2532,230.29712,0.0,1.0,2.0,3,2,5
180.42395,54.0,54.0,1408.2146,410.62592,105.75621,100.333336,0.0,0.0,2479.7253,76.0,190.99287,0.8333333,3.0,0,0,5
671.99115,54.0,54.0,15800.91,82.19216,60.0,1084.2753,25.358082,507.0708,525305.6,76.0,0.0,0.639746,3.0,0,0,5
103.0,54.0,54.0,242.51828,220.05345,60.0,116.0,0.0,0.0,1288.4408,91.0,0.0,0.5,2.987891,0,0,5
94.0,54.0,54.0,8779.404,1292.0,77.77954,107.333336,0.0,0.0,5495.966,79.0,2.0,1.0849367,2.0,0,0,5
142.56259,79.0,76.0,151.0,80.0,60.0,895.6041,0.0,0.0,3308.869,78.0,0.0,0.5,2.0,0,0,5
208.15703,54.0,55.0,205.0,127.15348,60.0,276.77438,0.0,289.17316,362041.28,110.0,0.0,0.5,4.0,0,0,5
773.7198,54.0,54.0,199.0,74.0,60.0,94.333336,0.0,0.0,15690.291,70.0,1.0,1.0,11.0,0,0,5
319.05646,54.0,54.0,7180.665,255.04329,99.3481,105.57268,35.000694,36.956234,5484.4014,81.0,7.0,1.125,8.0,0,0,5
142.71753,63.0,69.0,176.0,376.0365,60.0,1192.6891,112.29635,570.8624,13541.135,73.0,159.08609,1.2,2.0,0,0,5
116.28927,54.0,54.0,198.61789,89.0,60.0,91.0,0.0,62.857227,1385.8557,64.46145,0.0,0.5,2.0,0,0,5
103.0,89.98226,73.0,176.92146,86.07248,85.4944,571.1238,126.25984,0.0,983.4312,81.0,0.0,1.122273,2.0,0,0,5
545.99744,54.0,54.0,9426.665,1715.0,60.0,101.1318,0.0,0.0,2412.0596,311.0185,5.0,1.0,8.506271,0,0,5
459.23474,54.0,54.0,205.0,265.33817,60.0,102.333336,0.0,0.0,169991.02,66.179985,0.0,1.0,6.0,0,0,5
293.34436,54.0,54.0,183.0,1514.0,60.0,715.57477,23.973944,30.685835,5555.618,197.28085,0.0,0.5,2.0,0,0,5
445.663,54.0,54.0,7250.0,1193.4952,63.0,401.64648,15.462384,477.16464,31281.76,199.27536,0.0,0.5,2.0,0,2,5
155.0,79.0,55.0,146.0,281.10278,60.0,135.39534,0.0,0.0,12052.914,79.0,8.435521,0.5,2.0,0,0,5
317.30115,54.0,54.0,3268.0,524.0,60.0,1210.042,233.95947,0.0,95639.09,80.0,0.0,1.0,2.0,0,0,5
252.12297,54.0,54.0,205.0,79.0,60.0,545.23193,23.973944,0.0,6924.531,60.0,7.0,1.1578147,2.0,0,0,5
754.0328,54.0,54.0,226.0,75.331635,109.0,99.44884,0.0,0.0,326518.3,73.0,11.0,0.6666667,10.0,0,0,5
132.11133,66.0,71.0,161.0,1811.5212,60.0,404.7818,0.0,9.0,6621.621,189.97736,0.0,1.0,2.0,0,0,5
439.9875,54.0,54.0,230.0,1292.0,60.0,100.333336,0.0,0.0,12717.416,78.0,1.0,1.1461593,2.0,0,0,5
154.16757,54.0,54.0,184.59103,524.4515,60.0,297.65247,0.0,0.0,3289.8506,89.0,0.0,1.0,2.0,0,0,5
80.678795,54.0,54.0,205.0,1514.0,60.0,98.0,112.29635,0.0,18265.674,92.0,0.0,1.0833334,2.0,0,1,5
68.333336,76.0,55.0,145.7668,90.0,60.0,99.72783,195.72807,58.413227,1400.3179,76.0,1.0,1.0,6.0,0,0,5
494.6937,54.0,54.0,13198.077,1292.0,60.0,273.18628,0.0,0.0,3862.0457,259.33438,0.0,1.0,2.0,3,0,5
354.3938,54.0,54.0,5910.1084,1013.202,60.0,100.333336,0.0,0.0,349680.3,90.0,0.0,0.5,3.0,3,0,5
478.66693,54.0,54.0,3268.0,525.0,60.0,1246.6859,102.01025,511.80475,29005.38,85.371414,0.0,1.0,5.0,0,0,5
164.30846,55.0,55.755955,1613.3958,525.0,94.0,361.26346,25.455845,61.79273,116185.984,77.05441,0.0,0.5,2.0,0,0,5
142.36131,76.80099,75.0,183.0,1825.0,60.0,88.333336,0.0,0.0,4081.0354,224.17497,0.0,0.5,2.0,0,0,5
555.1632,54.0,54.0,8011.5044,1514.0,60.0,1022.4638,320.46954,24.494898,61825.355,265.07614,2.0,0.6666667,3.0,0,0,5
106.509,54.0,54.0,65780.37,1773.0,60.0,100.330635,0.0,0.0,4261.671,296.65958,5.0,1.0,2.0,0,0,5
365.875,54.0,54.0,5021.0,616.55084,60.0,1036.4752,80.69346,507.13965,4933.845,89.43709,8.0,1.0,2.0,3,0,5
138.95844,54.0,54.0,205.0,1514.0,63.0,96.333336,0.0,0.0,2400.9631,79.78618,0.0,0.5,2.0,0,0,5
74.32861,84.0,76.0,137.0,529.0,60.0,100.520706,0.0,332.16132,120577.695,81.0,0.0,1.1818181,7.0,0,0,5
110.22149,54.0,54.0,1366.0212,84.63226,60.0,98.37913,0.0,0.0,371111.0,68.25071,0.0,0.5,2.0,0,0,5
72.723946,54.0,54.0,206.0,320.87775,63.0,513.7664,264.6393,0.0,7772.5854,89.0,6.0,0.6666667,7.0,0,0,5
512.67755,54.0,54.0,5077.3496,78.0,60.0,100.333336,0.0,0.0,2039.0139,76.80057,17.0,0.75,2.0,0,0,5
179.52127,54.0,54.0,205.0,120.28566,60.0,444.97842,25.701275,463.99667,5356.809,69.52998,5.0,0.6666667,2.0,0,2,5
651.8149,54.0,54.0,7297.984,79.0,60.0,106.333336,0.0,0.0,4083.785,72.530716,9.0,0.5,3.0,0,0,5
229.0,54.0,54.0,239.2833,1784.994,60.0,88.0,0.0,0.0,6324.2456,79.0,0.0,1.1889209,9.0,0,0,5
197.74384,54.0,54.0,282.28885,77.0,60.0,87.666664,0.0,0.0,102498.96,76.0,0.0,0.8,3.0,3,0,5
76.666664,54.0,54.0,184.0,79.0,60.0,88.333336,0.0,0.0,17023.012,77.0,6.0,0.6666667,4.0,0,0,5
113.165794,73.0,73.0,197.7591,95.0,60.0,100.333336,0.0,153.67271,6310.057,89.0,11.0,0.5,5.0,0,0,5
80.0,54.0,54.0,5823.6714,267.97235,60.0,855.937,119.57681,0.0,2486.4268,69.0,7.0,1.0,2.0,0,0,5
109.764946,54.0,54.0,3268.0,78.0,60.0,907.4466,111.02511,0.0,232853.67,77.97554,1.0,1.0,2.0,3,0,5
141.57977,54.0,54.0,1853.8894,374.0,60.0,139.466,0.0,12.192237,6169.7974,85.616,0.0,1.0909091,2.0,0,0,5
542.8643,54.0,54.0,10381.102,1773.0,60.0,371.25293,26.791042,0.0,219005.73,84.0,11.0,1.0,2.0,0,0,5
619.78656,54.0,54.0,10633.381,146.71248,105.0,89.19696,177.53186,214.2389,2453.6763,79.0,0.0,1.0,5.0,0,0,5
834.4125,54.0,54.0,6016.3184,1514.0,60.0,198.26355,123.89738,0.0,14960.959,269.07083,3.0,0.875,7.0,0,0,5
741.1387,54.0,54.0,7620.593,1514.0,60.0,446.62128,249.0763,35.249275,5471.528,89.0,0.0,0.5,6.0,0,0,5
556.68494,54.0,54.0,7730.611,1292.0,63.0,100.333336,11.166538,285.91208,99253.05,77.0,0.0,1.1818181,2.0,0,0,5
151.0,64.0,66.64901,226.0,1292.0,60.0,1026.8945,59.815693,480.48083,7905.763,91.0,8.0,0.6666667,3.0,0,0,5
154.74498,79.0,79.0,170.0,709.866,60.0,136.74344,25.455845,214.21504,2616.1182,79.0,0.0,0.5,2.0,0,1,5
168.85504,54.0,54.0,6094.383,1514.0,94.0,96.333336,0.0,0.0,4935.225,82.0,0.0,0.5,2.0,0,0,5
77.07649,54.0,54.0,179.0,1006.9906,60.0,106.35911,0.0,212.93536,21499.422,78.0,6.0,1.0,2.0,0,2,5
87.55413,54.0,54.0,5152.7617,1292.0,60.0,97.55059,0.0,0.0,2893.4753,177.53824,0.0,1.1538461,2.0,0,0,5
94.0,54.0,54.0,164.7346,1292.0,60.0,100.333336,0.0,0.0,7731.9995,280.08524,10.0,1.0,5.0,0,0,5
544.6667,54.0,54.0,169.0,299.1819,60.0,394.00623,0.0,0.0,3840.4775,267.01956,0.0,1.0,2.0,0,0,5
68.333336,90.532005,78.0,131.04929,1514.0,60.0,340.67932,229.33972,299.5224,2613.228,89.0,207.0,1.0,9.0,3,0,5
183.0,60.03917,66.0,172.0,470.361,60.0,106.333336,25.455845,61.62848,18408.615,121.83068,0.0,0.6666667,2.0,0,2,5
383.61584,54.0,54.0,3988.1702,412.12872,60.0,139.04683,0.0,422.8668,7680.7593,227.01675,0.0,0.5,2.0,0,0,5
479.9011,54.0,54.0,5470.3237,525.0,60.0,144.72008,179.68213,221.15088,33193.574,90.824715,0.0,0.5,2.0,3,0,5
621.14026,54.0,54.0,7641.9165,79.0,60.0,485.651,0.0,8.485281,4614.534,73.0,0.0,1.0,2.0,0,0,5
96.36357,73.0,55.0,160.94978,225.2839,60.0,106.333336,254.66681,0.0,1968.7289,74.0,0.0,1.0923926,7.0,0,0,5
80.0,83.0,81.0,146.0,1292.0,60.0,297.9567,0.0,249.38474,1308.2015,91.0,9.0,0.75,5.0,0,0,5
94.0,54.0,54.0,8211.899,81.0,87.564,102.333336,0.0,0.0,4421.9272,79.0,0.0,0.5,2.0,0,0,5
103.0,55.0,60.0,183.0,560.95374,60.0,390.75647,98.77169,399.86328,1978.644,90.0,0.0,1.0,4.0,3,0,5
196.13031,54.0,60.0,309.71835,79.0,60.0,698.4589,108.9484,355.99704,3401.7686,73.0,1.0,1.1509167,10.0,0,0,5
856.6214,54.0,54.0,7851.1133,1292.0,66.0,120.89768,27.277475,89.47916,6616.6064,77.0,6.939411,0.5,6.0,0,0,5
147.33534,77.0,78.0,148.65688,1160.5269,60.0,87.65618,0.0,0.0,3826.9058,367.35904,9.0,0.5,2.0,0,0,5
141.74173,54.0,54.0,10649.857,334.47012,60.0,123.333336,51.433002,11.785113,4182.836,72.04894,8.0,1.1290313,5.0,0,0,5
137.0,54.0,55.0,216.0,1514.0,60.0,100.333336,0.0,0.0,1923.8097,76.0,9.0,0.5,2.0,0,0,5
116.0,54.0,54.0,183.0,273.29993,60.0,96.09845,0.0,0.0,15443.885,94.0,8.0,0.5,2.0,0,0,5
143.0,75.0,76.0,161.0,1292.0,60.0,96.333336,0.0,129.65349,47370.65,77.0,0.0,0.5,2.0,0,1,5
143.0,69.90678,55.0,180.0,94.66967,60.0,94.333336,0.0,0.0,1246.2688,69.0,10.0,0.86045074,5.0,0,0,5
151.67839,69.0,72.0,221.48058,524.0,60.0,1250.999,0.0,25.230272,44557.895,269.4467,11.0,0.6666667,5.0,0,0,5
105.0,55.0,60.0,182.0,79.0,60.0,116.333336,0.0,0.0,16594.15,77.00208,0.0,0.5,8.0,0,0,5
183.3015,69.0,73.0,168.78502,494.24338,60.0,104.0026,0.0,43.575512,3067.3843,75.0,89.11873,0.5,2.0,0,1,5
339.07968,54.0,54.0,205.0,77.0,60.0,708.59485,254.74968,516.3176,2346.0637,70.0,2.0,0.5,2.0,0,0,5
107.97479,54.0,54.0,5152.369,1292.0,60.0,114.979485,0.0,0.0,4317.312,80.0,12.0,1.0,2.0,0,2,5
444.29785,54.0,54.0,272.40424,1160.0,60.0,108.04229,193.01688,352.3485,6337.0146,78.0,11.0,1.0,2.0,0,2,5
199.0,54.0,54.0,7088.7856,193.2453,99.0,111.666664,0.0,0.0,4417.385,83.0,2.2942283,0.5,6.0,0,0,5
151.0,79.0,79.0,137.60115,625.142,60.0,255.25005,0.0,0.0,9781.329,83.0,0.0,1.0769231,2.0,0,0,5
165.16281,55.0,60.0,205.0,525.0,60.0,1263.0061,400.63715,297.9396,4054.883,83.83609,0.0,1.1818181,2.0,3,1,5
131.0,55.0,60.0,169.0,230.23552,60.0,96.333336,0.0,0.0,7353.473,79.0,0.0,0.5,3.0,0,0,5
84.909256,54.0,54.0,205.0,1292.0,60.0,102.333336,0.0,0.0,5419.842,259.16452,5.0,0.5,2.0,0,0,5
545.4239,54.0,54.0,321.78568,1194.0764,60.0,297.96515,0.0,11.785113,12382.584,242.79456,1.0,1.1818181,10.0,0,0,5
155.0,60.0,60.0,183.0,592.8342,60.0,1198.7528,268.60434,0.0,3487.9292,89.0,0.0,1.1428572,2.0,0,0,5
320.7807,54.0,54.0,5854.0,1514.0,60.0,1241.77,218.05276,0.0,1172.1287,87.0,0.0,1.1428572,3.0,3,0,5
589.444,54.0,54.0,8421.398,675.2162,60.0,106.333336,0.0,0.0,31233.332,86.68244,13.393493,0.6666667,2.0,0,0,5
178.07042,54.0,54.0,205.0,282.13965,60.0,93.01208,0.0,0.0,512.88196,75.0,4.0,0.5,2.0,0,0,5
346.4099,54.0,54.0,3268.0,1514.0,60.0,96.333336,0.0,0.0,2866.597,77.42347,4.0,1.0,2.0,0,0,5
95.0,54.0,54.0,230.0,77.0,60.0,88.0,0.0,0.0,65149.316,73.0,0.0,1.1428572,9.250537,0,0,5
534.35565,54.0,54.0,226.76645,110.0,60.0,297.4121,70.54528,12.5,2467.2913,78.0,0.0,1.0769231,7.6962337,0,0,5
151.0,77.0,77.0,165.94083,1564.0938,93.19044,106.333336,0.0,0.0,7883.8657,79.0,7.0,0.6666667,2.0,0,0,5
156.4221,54.0,55.0,1375.1312,1292.0,60.0,120.59276,167.74063,217.12547,5572.541,228.20007,0.0,1.1111112,2.0,0,0,5
547.8543,54.0,54.0,1036.8696,108.0,60.0,143.04764,112.29635,466.14453,55157.043,80.0,8.0,0.6666667,2.0,0,0,5
116.275955,78.0,76.0,145.0,85.0,68.333336,108.333336,175.26201,0.0,351727.4,77.0,0.0,0.5,10.0,0,0,5
120.98988,54.0,60.0,182.0,143.50912,60.0,116.333336,328.9614,483.10757,228750.56,95.0,0.0,0.5,8.0,0,0,5
576.1017,54.0,54.0,7454.516,1292.0,60.0,104.777985,0.0,0.0,158754.05,79.0,5.0,0.6666667,2.0,0,0,5
150.99095,63.0,73.0,199.0,1292.0,60.0,124.04681,249.49442,517.94995,4771.9644,292.9951,10.0,1.0,2.0,3,0,5
141.0,79.0,74.98474,155.0,1292.0,94.0,100.333336,162.13936,78.23103,2842.8103,78.0,50.656963,0.6666667,2.0,0,0,5
143.0,54.0,54.0,7002.8193,79.0,60.0,83.333336,0.0,0.0,509.33093,70.36309,0.0,1.1666666,2.0,0,0,5
107.96304,75.0,76.0,170.0,337.18262,66.0,106.333336,0.0,0.0,3268.633,89.0,0.0,0.5,5.1175575,0,0,5
100.0,76.0,73.099304,161.0,90.333336,97.0,198.7744,0.0,47.68694,11709.086,78.0,1.0,0.5,6.0,0,0,5
614.4543,54.0,54.0,206.0,92.0,60.0,137.19583,0.0,0.0,3959.373,89.99752,0.0,0.5,2.0,0,0,5
143.0,75.0,75.0,151.89883,1773.9592,64.76353,106.333336,0.0,0.0,4326.6826,80.49552,8.0,0.5,2.0,0,0,5
151.0,54.0,54.0,205.0,273.47473,60.0,1066.368,0.0,239.23177,2698.0972,79.0,0.0,1.0833334,2.0,0,0,5
557.13226,54.0,54.0,7249.5205,527.0,60.0,1039.243,104.707756,0.0,10405.164,78.0,0.0,1.0,10.0,3,0,5
198.96536,54.0,54.0,10927.621,83.0,60.0,1023.14465,112.88233,558.5951,389158.16,76.0,6.0,0.8,2.0,3,2,5
687.0778,54.0,54.0,9938.342,1782.0,60.0,275.93686,170.36603,441.13138,233455.12,82.009834,10.0,0.5,11.0,0,0,5
94.0,54.0,54.0,3064.7964,1514.0,60.0,104.9516,23.973944,34.415867,18674.502,78.0,1.0,1.2,2.0,0,0,5
72.44318,55.0,60.0,205.0,266.81726,60.0,120.693214,0.0,205.84021,1270.4615,259.39316,0.0,1.0833334,5.0,0,0,5
94.17053,54.0,54.0,7548.0957,1277.6124,69.08871,88.0,19.468073,0.0,2924.8438,91.0,0.0,0.5,2.0,0,1,5
104.38133,66.0,72.0,184.83334,524.0,60.0,87.43791,0.0,0.0,1266.5476,75.0,15.0,1.1818181,5.0,3,0,5
135.9724,69.0,66.0,183.0,86.40097,60.0,102.82536,0.0,0.0,212391.4,73.0,0.0,1.0,5.0,3,0,5
103.0,54.0,54.0,698.8014,1514.0,66.0,100.333336,0.0,0.0,21216.955,228.5611,8.0,1.0,10.966392,0,0,5
131.27852,73.177376,76.0,156.0,1292.0,60.0,206.07007,0.0,0.0,2630.4185,79.0,0.0,1.1538461,3.0,0,0,5
612.41614,54.0,54.0,12928.799,83.598335,60.0,126.0,0.0,0.0,3530.025,78.0,13.0,0.5,5.0,0,0,5
230.0,54.0,54.0,230.0,525.0,63.0,111.666664,0.0,0.0,3702.7913,74.98684,7.0,0.5,3.0,0,0,5
462.09927,54.0,54.0,5850.4688,1292.0,60.0,316.47195,0.0,0.0,3949.1265,77.0,215.58972,0.85714287,2.0,0,0,5
67.33989,54.0,55.0,184.11955,1292.0,60.0,119.41015,0.0,154.96413,2478.664,88.8325,0.0,1.2233,6.0,0,0,5
367.0682,54.0,54.0,3905.2566,211.05199,60.0,1062.2118,377.91476,0.0,4287.2124,69.0,0.0,1.0,2.0,3,0,5
548.79144,54.0,54.0,205.0,1514.0,63.0,98.0,0.0,0.0,16324.916,79.0,0.0,1.0,2.0,0,2,5
79.27005,85.0,76.0,123.69142,370.90164,60.0,96.333336,0.0,0.0,24409.338,83.0,0.0,0.5,6.0,0,0,5
229.03978,54.0,54.0,963.5894,524.5699,60.0,151.24297,209.09776,0.0,7002.646,81.0,0.0,1.2019895,4.0,0,0,5
68.333336,73.0,73.0,170.0,110.0,60.0,784.5473,0.0,24.494898,85772.19,74.0,10.0,0.8,11.0,0,0,5
196.7643,54.0,60.0,183.0,308.34293,60.0,1197.0917,119.93378,304.29288,13642.659,111.51684,12.0,1.0802757,10.0,0,0,5
103.0,76.0,74.0,155.0,525.0,60.0,83.333336,101.036026,0.0,4015.8137,77.09976,8.0,0.6666667,2.0,0,0,5
94.0,78.0,75.0155,146.0,110.0,60.0,134.66667,0.0,0.0,44648.62,77.0,5.0,0.5,3.0,0,0,5
195.21098,54.0,55.0,217.52777,87.0,60.0,811.25385,23.973944,0.0,5480.3584,76.0,0.0,1.0,6.0,0,0,5
139.4141,54.0,54.0,9817.785,1514.0,60.0,136.73312,0.0,0.0,3289.7524,76.0,0.0,0.8333333,3.0,3,0,5
151.52368,54.0,54.0,5854.0,1514.0,60.0,964.1738,443.57965,0.0,2552.3706,79.0,0.0,0.5,2.0,0,0,5
132.2218,54.0,54.0,229.41,89.0,60.0,519.7548,291.2758,0.0,3843.1423,88.94939,0.0,1.125,2.0,0,2,5
274.71616,54.0,54.0,5477.4385,360.1381,58.286808,1195.3281,207.56798,0.0,7661.5884,76.0,10.0,0.6666667,2.0,0,1,5
613.15857,54.0,54.0,8272.868,1378.6825,60.0,1180.6514,125.00421,324.5638,6664.106,181.90811,0.0,1.0,2.0,0,0,5
133.16579,54.0,54.0,182.0,80.0,60.0,111.666664,0.0,11.785113,1287.8416,60.0,0.0,1.25,7.0,3,0,5
143.0,79.0,78.0,143.0,525.0,90.91671,100.333336,0.0,0.0,4020.1135,79.0,0.0,1.0,2.0,0,1,5
183.0013,54.0,54.0,205.0,1514.0,60.0,217.18533,0.0,488.30075,8310.354,174.61777,0.0,0.75,2.0,0,0,5
138.61603,72.0,55.0,151.0,76.74277,60.0,690.767,0.0,12.5,2881.874,73.0,0.0,1.0946825,5.0,0,0,5
154.21191,77.0,77.0,161.0,389.4605,60.0,261.00864,0.0,0.0,21507.033,270.4867,3.0,0.5,2.0,0,0,5
123.34855,85.0,77.0,131.0,95.5,73.58556,106.333336,0.0,0.0,13856.346,83.0,0.0,1.0,5.0,0,0,5
95.33975,54.0,60.0,171.30458,230.46565,63.0,427.776,64.70204,30.09168,7224.843,70.0,10.0,0.8,2.0,0,0,5
393.14896,54.0,54.0,157.0,87.0,60.0,116.63595,0.0,240.5407,5605.9155,84.71624,11.0,0.7096801,2.0,0,0,5
138.0,54.0,54.0,6484.6157,210.73338,62.18826,102.333336,0.0,0.0,1510.8419,78.0,0.0,0.956786,2.0,0,0,5
154.90614,77.0,77.0,145.0,987.80145,60.0,118.14007,25.455845,0.0,2442.3545,87.44373,0.0,1.1818181,2.0,0,2,5
157.0,54.0,54.0,198.0,110.0,60.0,513.94476,110.885,0.0,5508.604,77.435776,0.0,0.5,2.0,0,0,5
544.6667,54.0,54.0,238.09375,528.0,60.0,97.24447,29.034662,0.0,9557.34,90.333336,0.0,0.5,3.0,0,0,5
183.0,69.0,73.0,161.0,256.29968,60.0,114.333336,0.0,0.0,5719.013,79.0,0.0,0.5,2.0,0,0,5
133.0,54.0,54.0,5854.0,580.80896,60.0,102.333336,25.701275,24.494898,4075.2048,94.0,0.0,1.0,2.0,0,2,5
132.0,54.0,54.0,156.0,1160.0,63.0,110.17565,126.89022,0.0,137480.69,87.0,0.0,1.1111112,2.0,0,0,5
141.0,79.0,79.0,138.0,525.0,60.0,350.10297,0.0,301.44595,378988.25,79.0,0.0,0.8333333,2.0,0,0,5
85.0,54.0,54.0,205.0,374.0,60.0,114.333336,0.0,11.785113,337280.75,75.0,6.0,1.2,2.0,0,1,5
592.1692,54.0,54.0,230.35031,85.68349,61.534805,105.32696,0.0,0.0,2008.0397,69.0,7.3501277,0.9221891,7.0,0,0,5
638.0,54.0,54.0,13363.153,985.0401,60.0,1014.5832,0.0,42.86557,601635.6,77.0,11.629446,0.6666667,3.0,0,0,5
68.333336,63.0,60.0,170.0,80.0,60.0,105.38269,0.0,0.0,3069.4521,78.0,2.0,1.0,6.0,0,0,5
125.57866,54.0,54.0,183.0,115.35463,63.0,96.333336,0.0,0.0,2086.848,89.0,6.0,1.0,2.0,0,0,5
155.0,54.0,54.0,201.16872,110.0,60.0,100.333336,0.0,0.0,2816.3687,81.0,11.0,0.5,2.0,3,0,5
131.79927,78.0,77.0,144.79189,89.0,69.345505,1198.7512,26.572577,89.99068,10748.703,77.0,1.0,0.5,5.0,3,0,5
489.2552,54.0,54.0,13376.178,1780.7872,60.0,1238.7194,381.037,552.11475,10850.868,190.85234,0.0,0.5,2.0,0,0,5
103.0,60.0,66.0,197.0,1487.9886,60.0,115.3821,0.0,1.9174006,474092.47,79.0,0.0,1.1428572,2.0,0,1,5
88.89196,54.0,54.0,11036.412,1514.0,60.0,116.0,95.01762,296.70444,12170.752,83.742,0.0,0.5,2.0,0,0,5
204.0,54.0,54.0,226.0,83.39142,66.0,256.7201,6.9023423,0.0,2478.2605,79.0,0.0,0.6666667,2.0,0,0,5
68.333336,54.0,54.0,179.0,91.0,60.0,102.7296,0.0,0.0,515.6416,89.0,0.0,1.0,6.0,0,0,5
178.22974,54.0,54.0,230.5219,83.0,60.0,110.0016,154.83508,0.0,5619.203,69.0,0.0,0.6666667,2.0,0,2,5
544.6667,54.0,54.0,5532.8545,1514.0,60.0,1053.3071,0.0,11.785113,11210.896,73.0,12.0,0.6666667,2.0,0,0,5
90.0,69.0,72.0,199.0,365.7243,60.0,113.666664,0.0,0.0,2504.3813,178.07005,0.0,0.5,3.0,0,0,5
154.0,54.0,60.0,179.0,395.26215,60.0,88.20897,0.0,0.0,22175.777,77.0,0.0,0.5,2.0,0,1,5
79.10523,81.0,84.0,120.0,266.06366,60.0,300.8718,3.9062562,482.86417,7250.265,85.0,4.0,0.75,7.0,0,0,5
176.56664,55.0,60.0,179.0,614.3146,60.0,118.579155,23.973944,24.494898,3772.0781,85.06891,0.0,0.5,11.0,0,0,5
176.8599,54.0,55.0,2885.41,74.0,60.0,464.77,126.186424,537.9687,43788.37,70.0,65.32039,0.5,2.0,0,0,5
248.21652,54.0,54.0,7705.65,1514.0,60.0,116.333336,0.0,0.0,9245.534,114.50048,0.0,1.0897534,2.0,0,0,5
106.71182,78.0,71.0,146.0,90.0,97.22078,1026.1171,0.0,32.892693,258993.45,78.0,0.0,1.125888,6.0,0,0,5
76.678345,54.0,54.0,10062.248,1553.0371,60.0,135.66667,0.0,0.0,54580.49,119.29458,0.0,0.6666667,10.827923,0,0,5
1386.9861,54.0,54.0,21967.588,1773.0,60.0,293.4651,0.0,308.90225,116111.945,236.74124,0.0,1.0,11.0,0,0,5
68.333336,89.0,83.0,120.0,212.51503,60.0,1238.315,112.37423,0.0,2602.569,110.0,0.0,1.0,11.0,0,0,5
206.0,54.0,54.0,236.59534,398.91995,63.0,95.75986,0.0,11.785113,7323.071,90.0,0.0,0.5,2.0,0,0,5
103.0,54.0,54.0,1669.0752,409.7896,60.0,100.333336,0.0,0.0,7214.1787,251.57251,10.0,0.75,2.0,3,2,5
151.0,54.0,54.0,231.0,226.1514,60.0,344.7866,0.0,0.0,21503.135,82.0,0.0,0.5,2.0,3,2,5
139.19366,54.0,54.0,1506.7129,1304.9896,60.0,102.333336,0.0,0.0,4056.294,94.76146,0.0,0.5,2.0,0,0,5
141.3003,55.0,60.0,166.90492,91.0,60.0,112.666664,170.5983,11.785113,7848.0264,85.0,0.0,0.6666667,2.0,0,0,5
839.0163,54.0,54.0,7453.642,89.0,60.0,111.47415,0.0,0.0,298428.75,74.0,13.0,1.0,4.0,0,0,5
322.5037,54.0,54.0,3268.0,985.00366,60.0,107.333336,77.7603,9.45818,1236.5374,78.47348,0.0,0.5,2.0,0,2,5
151.30276,54.0,54.0,198.69797,221.57301,60.0,275.52658,0.0,0.0,22211.672,147.8297,1.0,1.0,2.0,3,0,5
172.43411,69.0,73.0,161.0,1514.0,66.0,94.333336,0.0,58.413227,44644.875,77.0,7.0,1.2,2.0,0,0,5
139.28983,78.0,78.0,161.0,1292.0,60.0,121.15796,0.0,11.785113,19164.232,181.11838,0.0,0.5,2.0,0,0,5
548.93085,54.0,54.0,9624.732,82.0,60.0,100.333336,242.21584,0.0,4371.0864,79.0,10.0,0.6666667,2.0,0,0,5
97.22794,54.0,54.0,3268.0,76.0,60.0,102.48103,254.85019,130.29758,5324.616,76.0,103.77848,1.1818181,4.0,0,0,5
111.80252,54.0,54.0,9635.835,1514.0,60.0,349.30264,60.42786,488.33426,320773.1,89.34791,0.0,1.1111112,2.0,0,0,5
393.18503,54.0,54.0,7328.929,107.31982,63.0,102.333336,0.0,0.0,78153.93,79.0,12.0,0.5,6.0,0,0,5
791.43353,54.0,54.0,205.0,95.432076,60.0,750.85583,110.90474,0.0,56823.715,92.37467,0.0,1.1818181,5.0,0,0,5
196.07086,54.0,54.0,184.0,110.0,60.0,110.60871,0.0,0.0,35261.836,90.0,0.0,1.2222222,9.0,3,0,5
137.0,54.0,54.0,220.66026,87.0,60.0,102.333336,0.0,0.0,1966.5736,69.0,0.0,1.1538461,3.0,0,0,5
638.0,54.0,54.0,9627.845,527.2944,60.0,136.91542,0.0,219.588,141022.83,196.37978,0.0,1.0,5.0,0,0,5
1276.4653,54.0,54.0,12745.938,89.0,60.0,112.333336,0.0,17.423737,35396.566,88.0,0.0,1.0,5.0,0,0,5
94.0,89.0,87.0,134.55414,1292.0,60.0,414.78683,15.523343,301.44165,18302.525,89.0,0.0,1.2142857,3.0,0,0,5
556.69635,54.0,54.0,197.52509,76.0,60.0,102.666664,0.0,0.0,8885.3125,73.0,11.0,0.5,3.0,0,0,5
623.1326,54.0,54.0,235.90338,80.0,60.0,678.3451,0.0,0.0,3322.4094,69.0,0.0,0.7617735,2.0,0,0,5
172.0,69.0,73.0,160.79605,240.21353,60.0,107.94444,0.0,12.198145,1399.4884,103.52074,0.0,1.0,2.0,0,2,5
163.77669,78.0,79.0,143.0,267.44183,60.0,1245.824,110.64752,155.69154,19495.332,108.0,12.0,0.5,2.0,0,0,5
95.0,54.0,54.0,293.71326,695.56036,60.0,1019.03345,0.5,23.570227,1560.6719,79.0,0.0,0.5,2.0,0,1,5
80.08325,54.0,54.0,199.0,145.22742,60.0,95.37069,229.51277,11.785113,444132.88,69.0,0.0,1.2,4.0,0,0,5
544.6667,54.0,54.0,9092.937,1715.0,60.0,447.51892,26.791042,0.0,3455.3137,264.4205,2.0,0.6666667,3.0,3,0,5
159.36783,54.0,54.0,205.0,90.0,60.0,405.4105,217.55783,0.0,1280.6798,73.0,0.0,0.5,3.0,0,0,5
68.83044,54.0,54.0,205.0,1430.4725,60.0,107.6382,0.0,239.53407,4426.9517,159.79453,0.0,1.0,5.0,0,0,5
103.0,54.0,54.0,172.0,1514.0,60.0,91.0,0.0,0.0,9821.325,73.0,103.62928,1.1163058,3.0,0,0,5
177.48921,55.0,60.0,199.0,1292.0,60.0,276.46927,10.923619,99.36197,10143.003,260.43933,1.0,1.0,5.0,0,0,5
95.0,89.0,84.0,150.30865,1514.0,60.0,102.333336,0.0,0.0,11313.187,92.0,0.0,0.5,3.0,0,0,5
143.0,73.0,73.0,179.0,110.0,60.0,113.18042,3.9465153,59.76823,10464.385,92.0,0.0,1.1548426,2.0,0,0,5
96.0,54.0,54.0,244.12102,1514.0,60.0,86.39995,0.0,0.0,2482.5564,80.0,0.0,0.5,2.0,0,0,5
183.94551,54.0,60.0,182.0,86.2057,60.0,111.333336,0.0,0.0,5765.8926,79.0,4.0,1.0625,2.0,0,0,5
121.92297,69.0,55.0,161.23581,83.0,60.0,110.46141,0.0,0.0,4191.6973,72.0,0.0,0.5,8.0,0,0,5
783.22003,54.0,54.0,7921.4473,1186.324,60.0,111.666664,0.0,0.0,2580.2017,115.70115,0.0,0.5,10.2950945,0,0,5
96.7155,54.0,54.0,291.53552,83.0,66.0,118.19476,0.0,0.0,3913.86,79.0,125.81104,1.0,3.0,0,0,5
544.6667,54.0,54.0,5816.691,531.5186,60.0,251.6887,0.0,216.208,6504.035,189.84196,1.0,0.5,3.0,0,0,5
103.0,89.0,73.0,108.0,196.61354,60.0,681.20807,209.33253,278.31296,1229.175,89.0,1.0,1.0,3.0,0,0,5
137.0,55.0,60.0,173.96819,119.36469,60.0,513.4463,0.0,516.3081,1441.4873,106.0,0.0,0.85714287,2.0,0,0,5
155.0,64.0,64.0,230.9324,1282.1195,60.0,136.85866,242.66437,309.28397,7891.2905,92.0,0.0,0.5,2.0,0,0,5
333.65802,54.0,54.0,540.3567,525.198,60.0,1138.5996,225.62653,0.0,1621.2983,90.333336,0.0,1.2,6.0,0,0,5
542.92444,54.0,54.0,8037.016,1305.2805,60.0,134.10687,25.701275,0.0,1495.4818,86.8,0.0,1.0,2.0,0,0,5
111.80509,54.0,54.0,2540.3423,525.0,60.0,131.08904,19.844484,0.0,6811.1235,74.0,6.0,1.0,2.0,0,2,5
388.0292,54.0,54.0,230.76912,674.75037,63.0,99.35746,26.791042,100.47642,2900.7205,76.961685,0.0,1.0859344,2.0,0,0,5
1034.4177,54.0,54.0,1449.2988,87.0,60.0,100.333336,0.0,0.0,3886.799,69.0,0.0,1.1428572,6.0,0,0,5
139.18523,54.0,54.0,196.93256,581.8598,60.0,1115.5858,112.29635,11.785113,4938.9,79.0,1.0,1.0,2.0,0,0,5
143.0,78.0,74.234,161.0,95.5,60.0,121.970024,0.0,0.0,7676.592,79.0,8.0,0.5,2.0,0,2,5
131.0,54.0,54.0,6370.0,75.0266,60.0,107.86642,0.0,0.0,10434.241,69.0,1.0,1.0,2.0,0,0,5
87.06835,89.0,87.0,120.0,1160.0,60.0,100.333336,160.76161,24.494898,2565.0647,90.0,0.0,0.8333333,5.0,3,0,5
738.55304,54.0,54.0,400.0,624.60535,63.0,111.666664,0.0,0.0,16614.979,212.59766,8.0,0.6666667,6.6818676,0,0,5
608.74976,54.0,54.0,9803.0,76.75803,60.0,102.666664,25.455845,11.785113,30442.117,73.0837,5.0,0.5,5.0,3,0,5
76.666664,89.0,75.0,120.0,89.0,60.0,100.333336,0.0,0.0,3948.4736,85.84645,7.0,0.83413154,7.0,0,0,5
68.333336,54.0,54.0,373.07452,525.0,60.0,106.333336,103.72294,286.739,3789.8635,78.0,0.0,1.0,7.0,0,0,5
322.0,54.0,54.0,400.0,110.0,63.0,94.0,0.0,0.0,13537.12,79.0,0.0,1.2,3.0,0,0,5
324.32614,54.0,54.0,226.0,88.97816,60.0,450.0,177.78755,296.6982,6629.693,77.0,0.0,0.5,2.0,0,0,5
481.33527,54.0,54.0,14768.578,1782.0,60.0,355.3136,0.0,24.494898,2781.233,91.0,0.0,1.0,2.0,3,0,5
344.06015,54.0,54.0,5854.7544,1514.0,60.0,96.333336,0.0,298.85336,1289.7225,119.37779,0.0,1.0909091,5.283445,0,0,5
544.6667,54.0,54.0,230.0,91.0,60.0,1190.3741,128.21896,222.7751,4050.2102,77.0,11.0,0.9434437,5.0,0,0,5
419.18427,54.0,54.0,14483.336,1514.0,60.0,1241.656,117.02222,11.785113,5390.974,79.0,0.0,0.5,2.0,3,0,5
158.97012,79.0,55.0,139.0,130.44444,60.0,1084.8169,108.64488,70.40753,2468.1477,79.0,0.0,0.5,2.0,0,2,5
116.0,54.0,54.0,970.74194,87.0,60.0,94.333336,0.0,0.0,21547.229,69.0,8.0,0.85714287,2.0,0,0,5
197.0,54.0,54.0,5877.887,1773.0,60.0,1171.5985,50.29661,161.23999,11636.89,350.0,62.036255,0.6666667,2.0,0,0,5
183.0,54.0,60.0,183.0,1593.4562,60.0,99.71963,0.0,11.785113,400963.84,153.73161,6.547026,1.0,2.0,0,0,5
140.8697,54.0,54.0,205.0,115.78822,60.0,873.3047,179.66536,0.0,10170.632,76.0,3.0,1.0,2.0,0,1,5
179.0,54.0,55.0,1804.1902,1292.0,60.0,107.97975,72.16972,287.46942,2924.7092,247.49577,1.0,1.155651,2.0,0,0,5
110.66396,54.0,54.0,397.27118,525.0,60.0,98.0,0.0,0.0,44636.34,80.0,4.0,1.0,2.0,0,0,5
519.3102,54.0,54.0,11166.332,618.87476,60.0,396.58008,0.0,43.488537,245695.64,77.0,11.0,1.0,2.0,0,0,5
133.0,54.0,54.0,7424.9404,1292.0,60.0,1256.8538,480.80298,25.0,350064.16,113.1773,7.0,1.1111112,2.0,0,0,5
143.0,64.0,66.0,179.68329,1783.0,60.0,97.55016,0.0,0.0,1338.8679,91.85171,0.0,0.5,2.0,0,0,5
388.41302,54.0,54.0,11009.841,1767.8462,60.0,1254.2074,123.11323,0.0,3810.9597,80.0,0.0,0.5,2.0,0,1,5
146.0,72.57144,73.0,161.0,616.10345,60.0,111.666664,119.96645,238.9778,2681.5698,77.317825,0.0,0.5,2.0,0,0,5
154.0,55.0,55.0,183.0,75.0,60.0,508.63593,171.21747,223.58673,2606.1567,69.984695,8.0,0.75,2.0,0,0,5
80.11718,89.0,85.34519,146.0182,164.25964,60.0,529.80853,258.36133,467.3173,7213.5444,86.62398,0.0,0.5,5.0,3,0,5
172.0,55.0,60.0,170.0,1292.0,94.401146,100.333336,0.0,0.0,12645.967,82.88502,0.0,1.0,2.0,3,0,5
544.6667,54.0,54.0,230.0,528.39075,63.0,116.19599,0.0,0.0,1091.9272,81.0,0.0,1.2,2.0,0,0,5
137.0,54.0,54.0,205.0,87.0,66.0,1150.968,25.697987,0.0,21741.094,75.0,5.0,1.0,4.0,0,0,5
569.5745,54.0,54.0,3268.0,1292.0,60.0,114.048134,95.684265,25.0,3277.2522,78.0,12.0,0.6666667,2.0,0,0,5
96.0,58.082447,60.0,192.69193,1514.0,60.0,95.765076,0.0,0.0,6848.53,113.698296,0.0,0.5,7.579744,0,0,5
161.0,77.0,77.0,161.0,525.0,60.0,1231.7552,110.96489,11.785113,4593.697,332.35767,4.1139174,0.6666667,2.0,0,2,5
165.49355,75.0,55.0,157.0,77.0,60.0,485.8,0.0,0.0,112045.04,77.0,11.0,0.9060194,2.0,0,2,5
612.625,54.0,54.0,7760.248,1774.0,60.0,457.75668,228.23424,0.0,1569.7916,79.46517,0.0,1.0,4.0,3,0,5
420.5264,54.0,54.0,231.0,590.58923,105.0,100.0,0.0,0.0,2084.8796,77.0,6.0,1.0625,2.0,3,2,5
100.20974,54.0,54.0,6474.333,120.89831,66.58044,106.333336,162.59059,11.79934,4158.4106,74.0,0.0,1.1111112,4.0,0,0,5
139.0,76.0,66.0,161.0,221.70187,60.0,108.03445,0.0,0.0,35432.07,78.0,0.0,0.85511655,2.0,0,0,5
550.3622,54.0,54.0,4580.0,111.850105,60.0,450.0,109.72263,0.0,232951.81,74.98235,11.0,1.0954614,2.0,0,0,5
182.0,73.0,55.0,160.33798,76.0,63.0,161.03299,0.0,11.785113,1920.6615,74.0,1.0,0.5,2.0,0,0,5
153.58467,86.46575,82.0,120.0,299.04343,60.0,135.3808,0.0,25.934685,1491.9673,140.86974,1.0,0.75,2.0,0,0,5
446.7667,54.0,54.0,5854.4556,1292.0,60.0,132.0,0.5,83.06568,13098.7295,342.24866,20.0,0.6666667,3.0,0,0,5
90.0,54.0,54.0,179.0,95.5,60.0,513.30426,220.76527,331.8086,377618.38,60.0,0.0,1.0,3.0,0,0,5
95.59505,54.0,54.0,183.0,89.58937,81.55043,106.333336,0.0,0.0,1386.3615,85.513405,0.0,1.0,6.0,0,0,5
183.17375,54.0,54.0,397.43936,92.0,60.0,102.666664,38.980385,23.570227,190776.84,78.0,0.0,0.5,2.0,0,0,5
389.39227,54.0,54.0,9986.28,527.0,60.0,97.81963,0.0,0.0,26052.064,76.58099,104.617256,0.8994859,2.0,0,0,5
231.14946,54.0,54.0,205.0,226.79097,60.0,1011.81165,172.67079,0.0,1396.3196,83.0,0.0,1.0,9.0,0,0,5
66.0,54.0,54.0,880.63403,570.0163,60.0,112.333336,0.0,24.932436,6849.402,79.0,8.0,0.5,6.0,0,0,5
72.30004,54.0,54.0,7438.417,1514.0,60.0,1244.2981,196.12166,307.82642,11057.519,77.0,0.0,0.5,10.0,3,0,5
146.0,54.0,54.0,217.94865,95.0,94.12648,95.10623,0.0,0.0,12208.111,76.0,137.02608,1.0,2.0,3,2,5
534.8745,54.0,54.0,205.0,88.0,60.0,106.881355,0.0,0.0,121885.38,71.0,0.0,0.5,5.0,0,0,5
125.9941,54.0,54.0,205.68004,1292.0,60.0,342.1302,254.79091,313.12158,7774.9385,75.70027,5.0,0.5,5.0,0,0,5
116.357346,77.0,76.0,155.0,1800.1477,60.0,384.41873,258.90213,492.94147,7701.2236,127.06619,0.0,0.5,5.0,0,0,5
85.0,54.0,54.0,20004.326,1514.0,60.0,414.9658,202.12485,297.97504,8445.579,269.32147,0.0,1.0,2.0,0,2,5
133.0439,78.0,55.0,142.38188,249.29204,60.0,102.333336,0.0,0.0,296151.5,75.791016,6.0,0.71271306,2.0,0,0,5
590.2432,54.0,54.0,7250.0,91.0,60.0,100.333336,0.0,0.0,1687.951,72.0,0.0,1.1818181,2.0,0,0,5
157.0,63.0,64.0,237.53467,525.0,60.0,1237.5111,414.04422,0.0,464898.2,342.6631,11.0,0.6666667,2.0,0,0,5
139.30553,76.0,55.0,185.0,91.0,60.0,700.09784,0.0,9.536048,57034.742,73.0,6.0,1.1840148,3.0,0,1,5
80.0,54.0,54.0,3268.0,494.96768,60.0,266.10345,0.0,155.20795,1441.4307,77.0,0.0,1.1581749,3.0,3,0,5
431.90717,54.0,54.0,1502.2621,468.87653,60.0,140.94409,152.35852,0.0,1966.1271,210.1295,0.0,1.0,3.0,3,0,5
103.0,54.0,54.0,217.37573,495.0,60.0,275.6997,72.67918,12.435799,90999.086,77.0,1.0,0.5,5.0,0,0,5
93.90141,54.0,60.0,180.0,95.74992,93.35398,116.333336,0.0,0.0,104780.58,83.0,0.0,0.5,3.0,0,0,5
480.6377,54.0,54.0,7034.751,303.19788,60.0,100.333336,13.28637,11.785113,34503.56,70.0,12.0,0.5,3.0,0,0,5
298.41495,54.0,54.0,5021.0,91.0,60.0,96.333336,0.0,0.0,958.2637,75.007576,11.0,0.5,10.989823,0,0,5
157.0,54.0,54.0,6750.603,1292.0,60.0,89.666664,70.2972,11.785113,6188.181,95.335014,0.0,1.2,3.0,0,0,5
172.0,55.0,60.0,179.0,91.0,60.0,1222.4398,0.0,449.4422,145014.06,84.16849,0.0,0.5,2.0,0,1,5
215.36868,54.0,54.0,6998.248,1514.0,60.0,102.333336,0.0,8.68497,1439.2023,76.0,1.0,0.5,3.0,3,1,5
98.018616,54.0,54.0,6195.094,525.0,60.0,109.45124,153.85577,0.0,3468.103,79.0,17.0,1.0390563,3.0,0,0,5
1249.7169,54.0,54.0,169.0,599.1378,60.0,1221.0454,375.83344,0.0,1727.0319,79.0,11.0,1.1666666,9.0,0,0,5
159.9357,54.0,60.0,198.13383,1292.0,60.0,130.34763,0.0,12.323541,219552.7,78.0,4.127403,1.0,2.0,0,0,5
417.31567,54.0,54.0,206.0,547.32196,60.0,100.0,0.0,0.0,2435.156,307.94858,1.0,0.8333333,2.0,0,0,5
73.500656,74.0,75.0,155.0,1808.4401,60.0,279.44086,0.0,0.0,7475.3047,115.1869,0.0,0.8,5.0,0,0,5
636.54144,54.0,54.0,13220.601,91.0,60.0,115.2683,0.0,0.0,25020.965,77.0,0.0,0.85054094,2.0,0,0,5
230.50583,54.0,54.0,6092.201,77.02028,60.0,319.69263,25.455845,0.0,4515.756,72.0,2.0,0.8333333,2.0,0,0,5
94.0,66.0,70.0,175.46336,115.0132,60.0,452.66666,0.0,0.0,3936.462,72.0,1.0,0.5,9.0,0,0,5
154.73831,64.0,70.28625,162.43172,240.32784,60.0,111.666664,0.038576275,92.93541,22329.479,76.0,0.0,0.5,3.0,0,0,5
432.25,54.0,54.0,5986.5654,796.5324,60.0,122.18703,0.0,0.0,959.3155,328.80353,9.367102,0.5,5.0,0,0,5
1293.3768,54.0,54.0,7440.4976,533.08984,60.0,97.73347,0.0,0.0,7958.123,78.74839,0.0,0.5006572,6.0,0,0,5
198.71948,54.0,54.0,5854.0,240.25833,60.0,111.78463,0.0,0.0,3552.4998,69.0,0.0,0.6666667,2.0,0,0,5
328.15338,54.0,54.0,7438.6587,1292.0,60.0,99.34263,0.0,0.0,6333.6353,90.0,0.0,0.5,5.0,0,0,5
344.73715,54.0,54.0,205.0,162.92856,60.0,115.9383,0.0,0.0,712.05115,66.0,1.0,0.75,2.0,0,0,5
609.0199,54.0,54.0,230.0,494.0,60.0,450.89688,245.28087,78.097115,9740.55,76.0,0.0,1.0,3.0,0,0,5
116.381035,54.0,54.0,5854.0,1292.0,60.0,100.17134,0.0,0.0,4302.2007,81.0,0.0,0.5,2.0,3,0,5
547.561,54.0,54.0,14242.413,1514.0,60.0,1246.9948,285.6758,0.0,15674.159,293.18484,11.0,0.5,2.0,3,3,5
103.0,54.0,54.0,1794.9974,88.00739,73.64492,108.21358,61.096905,0.0,13538.543,79.0,0.0,1.2,5.0,0,0,5
137.0,54.0,54.0,2909.7615,616.24286,60.0,354.58234,164.86464,0.0,304247.0,236.64906,0.0,0.5,2.0,3,0,5
164.43823,55.0,66.0,206.0,1292.0,60.0,1155.7524,157.6003,162.40646,1670.4447,114.77201,6.0,0.5,2.0,0,0,5
146.0,54.0,60.0,226.0,268.0,60.0,1119.0188,7.498957,0.0,108384.33,89.0,0.0,1.1818181,2.0,0,1,5
209.79132,54.0,54.0,182.85774,525.0,60.0,94.333336,0.0,11.785113,6553.2485,146.28244,3.0,1.1676491,2.0,0,2,5
142.24347,54.0,54.0,2360.443,524.0,60.0,108.333336,25.455845,11.785113,4576.7905,86.02326,11.0,0.6666667,3.0,0,0,5
343.4822,54.0,54.0,5102.559,223.32014,60.0,108.05796,63.95911,39.99589,217120.2,84.0,6.0,0.5,8.0,0,0,5
85.0,54.0,54.0,466.0626,1514.0,60.0,209.82417,208.51096,0.0,1701.9988,79.0,1.0,1.0,2.0,0,1,5
155.0,54.0,54.0,1482.9758,508.62524,60.0,282.70218,26.73815,0.0,165554.19,75.0,1.0,1.070341,2.0,0,1,5
90.0,54.0,54.0,251.56967,618.4085,60.0,269.17804,0.0,0.0,8913.553,158.43433,0.0,1.0769231,3.0,0,0,5
380.43088,54.0,54.0,205.0,91.0,65.0,96.333336,54.364136,11.785113,3949.22,80.0,0.0,0.5,3.0,0,0,5
111.40919,78.0,55.0,154.0,79.0,60.0,111.666664,0.0,0.0,3643.2195,76.0,0.0,0.5,5.0,0,0,5
94.0,76.0,78.0,143.0,527.0,60.0,255.41884,0.0,0.0,7912.6074,89.0,0.0,1.0913076,11.0,0,0,5
156.30608,77.0,78.0,161.0,529.0,60.0,111.333336,0.0,0.0,43347.207,227.72119,0.0,1.1111112,2.0,0,2,5
185.0,54.0,55.0,1372.7513,525.0,60.0,151.25972,0.0,0.0,11090.132,77.48325,0.0,1.2,2.0,0,0,5
214.16849,54.0,54.0,183.0,82.0,103.0,105.22146,0.0,0.0,105418.46,77.72255,7.0,1.0,2.0,0,0,5
143.0,60.0,60.498558,179.0,308.27225,142.52292,107.861176,77.72505,301.4492,3459.6602,79.0,1.0,1.0,2.0,0,2,5
321.99863,54.0,54.0,6773.5664,1292.0,60.0,1152.3807,298.25015,331.50922,1915.5453,91.0,0.0,1.0,2.0,3,0,5
143.0,54.0,54.0,6776.838,1292.0,60.0,341.85114,175.76865,245.36096,116473.984,95.0729,0.0,0.6666667,5.0,0,0,5
143.0,54.0,54.0,5985.9253,868.7628,60.0,147.71155,0.0,0.0,62975.508,74.0,11.0,0.75,3.0,3,0,5
141.0,54.0,54.0,240.10992,1219.1346,60.0,414.8176,79.997475,0.0,35466.67,79.0,4.0,0.6666667,2.0,0,0,5
132.35756,54.0,54.0,212.24161,89.646255,60.0,671.74255,116.05554,0.0,15753.311,73.0,58.553257,0.5,2.0,3,2,5
149.0,64.0,70.0,205.0,105.60286,60.0,1026.9315,162.06033,0.0,229282.84,87.0,0.0,1.2857143,5.0,0,0,5
68.333336,54.0,55.0,400.0,76.0,60.0,118.94124,0.0,0.0,5957.4985,72.0,69.0124,1.2,6.0,0,0,5
472.7052,54.0,54.0,11793.401,268.0,60.0,301.78925,110.91843,0.0,13270.666,105.92934,11.0,0.6666667,2.0,0,1,5
557.69763,54.0,54.0,10892.918,76.0,60.0,329.4635,25.455845,0.0,2146.4702,73.0,0.0,0.8498598,3.0,0,0,5
122.9044,54.0,54.0,244.68976,1292.0,60.0,181.35251,0.0,23.570227,514902.4,93.8759,0.0,1.0,2.0,0,0,5
146.73692,72.0,55.0,145.63358,79.0,85.814476,100.333336,0.0,12.458013,6740.209,74.0,0.0,1.0,2.0,3,0,5
104.873856,77.0,55.0,161.8253,86.01743,60.0,108.333336,39.609726,24.49719,1287.9932,77.18546,0.0,0.6666667,4.0,0,0,5
621.53906,54.0,54.0,10429.852,524.78094,60.0,289.9406,115.78957,25.281641,137344.1,89.0,5.0,0.5,4.0,0,0,5
475.417,54.0,54.0,8716.792,1514.0,60.0,1221.5603,162.28413,43.93885,1385.791,79.0,0.0,1.2,2.0,0,1,5
447.25113,54.0,54.0,279.59525,1114.8489,60.0,1146.3115,120.16943,0.0,9355.145,77.0,4.0,1.2,3.0,3,0,5
209.39612,54.0,54.0,206.0,1192.776,60.0,328.00934,0.45321038,25.107275,121757.12,224.60155,0.0,0.9039804,2.0,0,0,5
138.1068,54.0,54.0,3990.2014,295.50616,60.0,98.0,0.0,12.790365,5129.17,69.0,10.0,1.0,5.0,0,0,5
77.94088,54.0,54.0,4062.5847,1514.0,60.0,148.24457,0.0,11.785113,2594.427,88.11352,0.0,0.5,4.0,0,0,5
164.0,54.0,54.0,205.0,1255.7703,60.0,94.21919,168.78224,161.08134,1410.7214,74.0,29.0,0.6666667,5.0,0,0,5
131.0,77.0,77.0,154.0,87.47706,60.0,1151.1475,254.14127,0.0,1664.0421,85.24158,10.330695,0.6666667,3.0,0,0,5
1367.1161,54.0,54.0,1831.6692,73.87978,60.0,110.322426,0.0,0.0,14243.4375,69.0,5.0,1.0,7.5120926,0,0,5
146.0,79.0,78.0,152.15886,89.0,103.0,100.333336,112.29635,23.11639,2722.7983,82.40639,8.0,0.5,2.0,0,0,5
196.13953,54.0,54.0,252.82994,525.0,60.0,1025.1898,37.1347,0.0,2609.396,95.5,0.0,0.5,8.0,0,0,5
474.27075,54.0,54.0,5218.504,90.0,60.0,714.84076,112.88684,276.13544,225752.8,69.0,6.0,0.6666667,2.0,3,1,5
137.0,79.0,79.0,138.0,527.0,60.0,108.333336,0.0,0.0,5320.958,296.83548,5.0,1.1818181,2.0,0,0,5
85.0,54.0,54.0,7961.4185,1023.312,60.0,120.30724,0.0,11.785113,5817.106,80.0,12.0,0.6666667,2.0,0,0,5
85.0,79.0,79.0,151.0,1514.0,60.0,852.6175,224.63634,297.1484,445626.25,84.076675,0.0,1.0878992,6.0,0,0,5
173.02666,55.0,60.0,184.5592,293.75897,60.0,168.97018,25.455845,466.31595,6764.824,235.88164,3.0,0.5,2.0,3,3,5
93.25321,73.0,55.0,151.0,367.56693,60.0,85.333336,0.0,0.0,1366.5363,74.0,14.517735,0.5,10.7507715,0,0,5
545.7525,54.0,54.0,291.6533,1292.0,60.0,106.333336,0.0,0.0,3487.2698,76.807396,9.0,0.5,2.0,0,0,5
472.61432,54.0,54.0,230.30655,524.0,60.0,115.50814,88.31432,0.0,5472.7773,95.0,0.0,0.5,2.0,0,2,5
120.382286,67.274414,73.0,166.07724,267.20126,67.05517,176.77399,0.0,11.785113,5561.516,89.0,5.0,0.6666667,6.0,0,0,5
603.04926,54.0,54.0,3268.0,524.0,60.0,1024.7692,255.24287,0.0,7223.785,90.0,0.0,1.25,3.0,0,0,5
155.0,66.83813,55.0,161.0,119.475006,60.0,89.666664,0.0,0.0,4359.6533,73.0,2.0,0.75,2.0,0,0,5
544.6667,54.0,54.0,3268.0,87.0,60.0,106.333336,0.0,0.0,75990.26,66.0,11.0,0.65686744,2.0,0,1,5
659.07623,54.0,54.0,9802.0,85.171,60.0,116.333336,0.0,0.0,345134.22,78.0,0.0,0.6666667,4.0,3,0,5
199.0,54.0,54.0,182.0,523.3508,60.0,100.01055,150.4339,100.69892,2803.3494,78.46044,8.0,0.9023996,5.0,0,0,5
182.92209,54.0,54.0,208.57867,1160.0,60.0,239.54762,0.0,11.785113,463280.06,265.07816,7.0,0.5,2.0,0,2,5
68.333336,54.0,54.0,205.0,302.32645,60.0,132.0,0.0,0.0,3895.815,159.73004,0.0,0.5,6.0,0,0,5
432.01294,54.0,54.0,7307.1533,219.34842,60.0,521.2562,161.95166,218.97662,2696.9607,71.0,2.0,0.6666667,6.0,3,0,5
399.7215,54.0,54.0,396.59656,213.94388,60.0,1153.5121,120.91922,482.68887,57333.312,110.0,0.0,0.5,9.0,0,0,5
80.0,86.36502,55.0,149.16849,115.67965,60.0,448.4195,100.11635,0.0,23287.53,84.0,2.0,1.0,6.0,3,0,5
94.0,54.0,54.0,291.35016,495.0,60.0,96.22738,0.0,0.0,356703.7,77.0,0.0,0.5,2.0,0,0,5
471.79846,54.0,54.0,2915.5876,374.0,60.0,108.333336,0.0,11.785113,4550.0806,78.46103,2.0,1.2,2.0,0,0,5
162.2645,54.0,54.0,7462.842,1514.0,60.0,422.43478,346.80096,24.60264,1317.1096,89.42878,0.0,1.2,2.0,0,0,5
178.0461,54.0,55.0,205.0,98.130905,63.0,94.62033,0.0,0.0,6140.4487,75.0,4.0,1.0,2.0,0,0,5
110.62076,54.0,55.0,216.0,91.0,60.0,123.333336,0.0,100.47916,10315.658,81.61561,4.0,1.0,2.0,0,0,5
343.5076,54.0,54.0,5983.25,95.0,60.0,810.08136,288.4638,110.42906,2372.044,81.0,4.0,0.5,2.0,0,0,5
542.52435,54.0,54.0,7249.7246,91.08755,60.0,288.0388,94.26387,101.78527,4083.8025,88.27291,0.0,0.75,5.0350423,0,0,5
80.0,54.0,54.0,5854.0,1292.0,60.0,1227.335,408.2429,578.07855,13749.112,79.0,13.801636,0.92054856,2.0,0,0,5
546.7324,54.0,54.0,398.07956,268.4836,66.88967,99.68379,0.0,126.689674,12299.982,77.0,1.0,0.89398175,7.0,0,0,5
94.0,54.0,54.0,10075.52,111.449936,65.535126,103.816765,0.0,0.0,7386.5864,79.0,0.0,1.1818181,2.0,0,0,5
219.19461,54.0,54.0,197.0,92.0,60.033104,103.27909,0.0,0.0,163931.23,77.41538,0.0,0.5,2.0,0,2,5
80.199905,54.0,54.0,7823.9307,222.38602,60.0,1056.5651,50.487,483.0428,215084.5,76.0,0.0,1.1428572,2.0,0,0,5
143.51247,72.523575,73.0,179.0,89.0,67.88233,241.18794,228.76064,275.33536,4582.6865,74.57973,126.14095,1.1538461,3.0,0,0,5
110.383606,78.0,76.0,164.95686,1514.0,60.0,106.333336,102.35638,111.00588,2602.961,91.0,3.0,0.85714287,2.0,0,0,5
229.0,54.0,54.0,303.48892,79.0,60.0,508.53232,0.0,0.0,4783.171,79.0,7.0,1.2,3.0,0,0,5
519.87225,54.0,54.0,170.0,211.43236,60.0,100.0,0.0,0.0,4094.9497,76.0,1.0,0.5,2.0,0,0,5
85.21773,54.0,54.0,5911.817,176.28583,60.0,134.66667,50.651337,25.0,4394.228,76.0,0.0,1.0,2.0,0,0,5
86.698235,54.0,54.0,205.0,845.1879,60.0,1177.4615,303.66592,494.23224,34772.055,90.0,0.0,1.0,2.0,3,0,5
338.3062,54.0,54.0,9803.0,1160.0,60.0,89.666664,0.0,0.0,165664.69,269.4402,1.0,1.0,3.0,0,0,5
561.32385,54.0,54.0,229.39508,94.0,60.0,349.71576,0.0,302.40472,6323.949,76.641785,12.0,0.90404195,2.0,3,0,5
80.0,76.0,75.0,151.0,1715.0,60.0,1245.2087,109.37562,0.0,15779.612,89.0,0.0,0.5,5.0,0,0,5
284.41498,54.0,54.0,6079.3833,77.668,60.0,106.333336,25.455845,0.0,1440.4423,76.0,5.0,1.0,3.0,0,0,5
208.69824,54.0,54.0,400.0,79.0,60.0,354.33517,73.722435,0.0,1387.4176,69.0,14.0,0.5,2.0,0,0,5
365.91507,54.0,54.0,9668.223,1514.0,60.0,1063.2798,198.6007,327.67032,17101.336,77.012245,1.0,1.1818181,2.0,0,0,5
519.0565,54.0,54.0,5875.608,527.94275,60.0,256.34937,25.455845,0.0,4718.028,114.9976,0.0,0.85714287,6.0,3,0,5
209.0,54.0,54.0,5547.0,1292.0,60.0,111.423004,0.0,0.0,13629.169,76.0,0.0,1.0,2.0,0,2,5
383.1747,54.0,54.0,7327.9653,1583.4286,63.0,103.55022,0.0,0.0,3209.3123,77.90321,0.0,1.1666666,2.0,0,2,5
155.0,77.0,73.0,197.53946,524.0,60.0,114.67018,115.619736,24.494898,100808.99,75.0,28.692684,0.5,2.0,0,0,5
543.9307,54.0,54.0,7835.7803,182.76831,60.0,107.57679,0.0,0.0,1319.7228,73.0,0.0,1.0769231,9.0,0,0,5
68.333336,67.642136,60.0,161.0,77.0,60.0,106.333336,0.0,0.0,3534.3345,73.0,36.63699,1.0,6.0,0,0,5
93.17811,54.0,55.0,2812.1665,1514.0,60.0,116.333336,0.0,493.12546,10513.756,90.0,0.0,0.5,2.0,3,0,5
531.36414,54.0,54.0,7084.758,91.0,60.0,96.333336,4.310181,87.60522,144768.0,76.0,1.0,0.5,6.0,3,0,5
345.13638,54.0,54.0,5854.0,95.0,96.0,100.333336,0.0,0.0,3275.8499,80.0,11.0,1.0625,2.0,0,0,5
381.7664,54.0,54.0,198.0,495.0,60.0,1138.7224,24.14127,9.0,19158.95,82.053444,0.0,1.0,2.0,0,0,5
85.0,54.0,54.0,11569.239,89.71601,60.0,119.60282,0.0,12.049331,1453.9154,81.05749,9.0,0.5,3.0,0,0,5
72.89374,80.0,80.0,154.0,528.0,60.0,100.333336,0.0,0.0,4519.506,111.41547,0.0,0.5,9.350188,0,0,5
462.39496,54.0,54.0,226.0,1292.0,64.0,110.657715,0.0,0.0,4389.3926,78.0,0.0,1.0,2.0,3,0,5
544.6667,54.0,54.0,7707.272,77.20457,60.0,342.82434,0.0,0.0,202063.1,73.0,3.0,1.0,8.045341,0,0,5
718.9391,54.0,54.0,1393.9528,1292.0,60.0,1118.979,308.16226,401.81912,4389.367,113.58845,0.0,1.1111112,11.0,0,0,5
241.63435,54.0,54.0,205.0,76.04961,60.0,508.09418,0.0,0.0,5706.8696,76.0,184.80728,1.1428572,6.0,0,0,5
204.2818,54.0,54.0,2866.2427,95.0,60.0,110.51491,0.0,0.0,1966.8153,84.0,6.0,1.0,6.0,3,0,5
138.02068,76.0,75.0,154.40327,115.23114,60.0,295.14725,88.46601,11.785113,5438.483,89.0,0.0,1.0,2.0,0,0,5
156.22519,55.0,60.0,199.0,136.44682,60.0,116.0,0.0,0.0,13847.577,80.0,0.0,0.5,2.0,0,0,5
428.3068,54.0,54.0,224.5544,240.4,60.0,85.43511,0.0,0.0,352224.9,72.0,6.0,1.0,3.0,0,0,5
137.0,54.0,54.0,3212.1152,525.0,60.0,152.17593,242.70386,0.0,4080.3335,344.66666,12.0,0.5,2.0,0,0,5
94.00545,54.0,54.0,180.0,89.0,60.0,112.333336,0.0,312.3961,1025.9116,66.0,0.0,0.5,2.0,0,0,5
343.55878,54.0,54.0,220.25122,73.0,60.0,110.84257,0.0,11.785113,9043.891,69.0,15.0,1.0764027,6.60956,0,0,5
150.97815,72.997955,73.0,155.0,88.47773,60.0,108.333336,0.0,0.0,1424.966,81.0,0.0,1.083432,2.0,3,0,5
97.0,54.0,54.0,216.0,240.4,60.0,394.03455,104.12187,44.222153,305445.34,95.21614,0.0,1.091765,2.0,0,0,5
94.0,54.0,54.0,226.0,89.0,60.0,238.71826,0.0,0.0,1432.1754,84.0,0.0,0.5,5.0,0,0,5
161.0,54.0,54.0,5854.3384,91.0,60.0,907.3319,214.895,0.0,19835.346,82.13502,0.0,0.5,2.0,0,0,5
544.6667,54.0,54.0,10254.528,1514.0,60.0,142.61177,279.78085,0.0,4051.8997,95.5,0.0,0.5,2.0,3,0,5
141.0,55.0,66.0,230.0,374.46115,60.0,169.17026,0.0,0.0,12010.968,95.0,0.0,0.8333333,2.0,0,0,5
182.87921,54.0,55.0,433.83133,211.51314,65.716995,1016.8428,75.15381,0.0,508.03586,110.0,0.0,0.8438335,3.0,0,0,5
94.0,54.0,54.0,244.06558,374.0,64.0,99.6893,0.0,0.0,141642.25,95.687096,10.0,1.0,2.0,0,2,5
141.61937,72.0,76.0,179.0,1292.0,60.0,101.35834,0.0,0.0,6136.4404,79.0,1.0,0.5,3.0,0,0,5
619.7959,54.0,54.0,21876.682,1778.2257,60.0,100.333336,0.0,11.785113,4941.0264,73.0,12.0,0.71819234,5.0,0,0,5
796.86096,54.0,54.0,3268.0,528.0,60.0,716.42444,23.978424,11.785113,7890.0244,80.0,4.0,0.5,6.0,0,0,5
154.309,54.0,54.0,840.3723,525.0,60.0,115.8409,0.0,0.0,7959.3594,120.30281,0.0,0.5,11.0,3,0,5
503.07355,54.0,54.0,7463.627,1199.0127,63.15926,100.333336,0.0,0.0,2658.747,95.5,0.0,0.5,7.0,0,0,5
155.0,66.0,69.0,180.0,110.0,60.0,445.5463,0.0,11.785113,2862.7864,88.92874,0.0,0.5,9.0,3,0,5
178.15822,79.0,77.62162,161.0,263.63818,60.0,232.92719,0.0,0.0,4343.853,143.54898,5.0,0.6666667,2.0,0,2,5
209.54291,54.0,54.0,13549.212,1514.0,60.0,100.0,0.0,0.0,3551.3093,91.0,0.0,0.5,2.0,0,0,5
95.62783,54.0,60.0,165.58226,76.0,60.0,177.96825,257.55994,353.30887,6691.025,73.0,1.0,0.5,2.0,0,0,5
652.04517,54.0,54.0,2028.3969,81.23438,60.0,1026.3119,111.86715,0.0,917.83405,74.0,1.0,1.0,4.0,0,0,5
125.0,79.0,77.88312,151.0,1514.0,60.0,100.333336,0.0,0.0,151471.69,78.0,0.0,1.0,3.0,0,0,5
139.0,78.0,79.0,143.0,1292.0,60.0,113.39108,25.638903,43.265427,36264.22,284.55258,12.0,0.8333333,2.0,0,0,5
72.5,54.0,54.0,6954.9126,523.51917,60.0,525.2252,330.1189,0.0,6132.056,80.0,0.0,0.6666667,4.0,0,0,5
85.0,54.0,54.0,10971.412,1292.0,60.0,107.333336,76.361626,44.869167,145238.25,112.57024,5.0,0.5,3.0,0,0,5
421.58807,54.0,54.0,183.0,525.0,60.0,111.333336,0.0,0.0,2759.4272,237.04468,0.0,1.0666667,2.0,0,0,5
544.6667,54.0,54.0,7656.0,215.19934,63.0,106.333336,0.0,0.0,5418.1,77.0,0.0,0.5,5.0,3,0,5
75.21189,89.0,79.0,143.0,527.0,60.0,1178.7444,244.71504,0.0,1926.4366,86.0,0.0,0.5,8.0,0,0,5
65.559074,60.0,60.0,179.0,145.06601,60.0,472.48337,217.70488,512.0394,5709.759,69.0,0.0,1.1036116,9.0,0,0,5
176.42744,54.0,54.0,231.96722,1292.0,60.0,297.93335,0.0,0.0,5297.5576,90.07646,0.0,0.50977486,3.0,0,0,5
70.31501,54.0,54.0,246.9256,268.0,60.0,123.967316,229.11244,12.003002,4087.032,266.40515,10.0,0.5,2.0,0,0,5
149.0,79.0,79.0,152.507,525.0,60.0,106.333336,35.212563,13.693102,23670.322,90.0,0.0,1.0264962,2.0,0,1,5
76.666664,75.0,76.0,148.86627,525.0,60.0,111.666664,0.0,0.0,34321.676,79.0,0.0,0.5,5.0,0,0,5
137.0,63.0,72.0,205.0,1514.0,67.0,108.067696,0.0,0.0,9286.883,250.5917,0.0,0.5,3.0,0,0,5
241.94722,54.0,54.0,206.913,91.0,60.0,242.9089,25.455845,0.0,1452.1864,76.0,0.0,0.5,2.0,3,0,5
88.86751,54.0,54.0,3398.953,77.38815,60.0,685.9197,26.55331,0.0,1099.6016,72.0,1.0,1.1428572,2.0,0,0,5
142.68608,54.0,54.0,4727.842,524.0,60.0,1096.3883,111.4469,553.3848,301551.03,79.0,9.0,0.5,2.0,0,0,5
164.0,69.0,73.0,197.86658,661.52484,64.0,96.333336,0.0,233.00664,7661.649,78.0,0.0,0.5,2.0,0,0,5
317.31363,54.0,54.0,7054.34,1306.5121,60.0,1235.5323,25.830437,11.785113,3708.608,95.5,0.0,1.0,2.0,0,2,5
76.51468,54.0,54.0,230.0,1292.0,60.0,394.08252,328.35724,11.785113,15137.335,248.65121,3.98212,1.0687187,2.0,3,2,5
615.6356,54.0,54.0,7297.604,591.8291,60.0,121.853226,0.0,0.0,1558.1172,79.0,8.0,1.0714229,2.0,0,0,5
137.0,54.0,54.0,207.19589,95.0,63.0,439.76685,0.0,91.30592,77753.74,75.0,17.387377,0.8333333,11.0,0,0,5
143.0,79.0,54.0,132.50194,79.0,60.0,113.9876,16.639643,11.785113,4571.2993,74.064095,11.0,0.8333333,2.0,0,0,5
141.03639,66.0,73.0,205.0,1292.0,60.0,104.46206,72.74796,11.785113,2859.6562,77.0,0.0,1.0769231,12.0,0,0,5
338.2882,54.0,54.0,6942.6436,112.47089,60.0,123.41766,0.0,0.0,8228.615,78.0,5.0,1.1428572,2.0,0,0,5
111.554306,54.0,54.0,7051.544,78.0,60.0,104.2767,0.0,0.0,6811.164,73.0,0.0,0.5,2.0,0,0,5
161.08202,54.0,54.0,5543.1655,525.0,60.0,1252.2261,255.59682,0.0,349872.5,88.0,1.0,0.5,2.0,0,0,5
109.0,54.0,54.0,10683.822,211.48026,60.0,1026.7,149.92224,0.0,2418.0085,79.0,0.0,0.6666667,2.0,3,0,5
137.0,55.0,60.0,198.0,524.73773,60.0,113.6883,22.36396,0.0,3972.7964,213.84811,1.0,0.5,2.0,0,2,5
340.3286,54.0,54.0,205.0,83.0,60.0,115.87949,0.0,0.0,34367.477,69.0,0.0,0.89697874,2.0,0,0,5
176.1578,84.56772,83.65351,120.0,1189.5096,60.0,119.22136,0.0,253.0545,350767.97,111.72992,0.0,1.1428572,2.0,0,2,5
152.95717,54.0,54.0,219.47763,198.71565,60.0,1194.734,104.551445,0.0,107693.36,90.333336,8.0,0.6666667,2.0,0,2,5
143.0,54.0,60.0,426.11057,1514.0,60.0,134.66667,30.629671,213.76825,2613.3003,221.58899,0.0,1.0,2.0,0,0,5
105.0,66.0,71.32638,164.0,1292.0,60.0,1027.1041,35.165615,110.868385,15794.074,250.04349,12.0,1.0,5.0,0,0,5
77.40613,54.0,54.0,4994.8013,1297.6405,60.0,228.50557,0.0,492.30103,7282.855,266.71072,1.0,1.2,5.0,0,0,5
131.26318,79.0,69.0,149.07896,111.89656,60.0,103.36608,25.455845,277.08362,4591.73,79.0,0.0,1.0,2.010412,3,0,5
536.37445,54.0,54.0,7227.7773,74.16776,60.0,569.1288,0.0,0.0,7735.941,70.0,10.262113,1.0,2.0,3,0,5
177.90852,55.0,60.0,244.96814,189.93307,60.0,106.333336,229.51366,0.0,21488.465,66.0,0.0,0.5,11.0,3,0,5
155.0,54.0,54.0,7700.968,1514.0,60.0,1218.9535,118.12625,8.955047,309343.25,76.0,0.0,1.0,2.0,0,0,5
544.6667,54.0,54.0,176.0,89.0,60.0,325.4114,0.0,301.09442,8369.393,79.0,0.0,0.5,2.0,3,0,5
143.0,69.0,73.0,157.0,85.705124,60.0,115.89796,0.0,0.0,14233.964,74.0,0.0,0.5,2.0,0,0,5
82.67708,79.0,54.0,154.0,80.0,60.0,896.84955,182.50673,0.0,1912.1735,77.000206,9.0,1.0,7.0,0,0,5
103.44849,54.0,55.0,183.0,84.03838,60.0,111.666664,0.0,0.0,4550.6265,80.0,0.0,1.0,2.0,0,0,5
154.0,54.0,54.0,1372.5326,110.0,60.0,511.53098,0.0,0.0,12111.347,88.0,13.0,0.75,2.0,0,1,5
100.0,76.0,69.62958,156.0,76.0,60.0,1176.4583,218.0312,464.9775,10445.583,76.0,0.0,0.5,6.0,0,0,5
137.0,75.0,76.0,170.0,79.0,110.56905,85.333336,0.0,0.0,30108.336,77.0,0.0,1.0,4.0,0,0,5
256.96033,54.0,54.0,208.91327,528.0,63.0,114.333336,0.0,1.9379472,22529.482,82.0,15.0,0.8333333,11.0,0,0,5
637.0,54.0,54.0,8657.677,1514.0,60.0,1246.9412,83.30284,488.0873,482867.34,77.0,5.0,1.0,9.85068,0,0,5
229.51799,54.0,54.0,205.0,115.78463,60.0,126.30932,0.0,0.0,1316.7312,55.0,1.0,1.0,5.0,0,0,5
98.17008,79.0,79.0,155.0,1292.0,60.0,131.92471,0.0,0.0,7676.1064,91.0,0.0,1.2,3.0,0,0,5
347.77948,54.0,54.0,230.0,110.0,60.0,102.666664,101.82038,43.069798,10169.656,76.0,8.0,0.6666667,2.0,0,0,5
103.0,81.0,79.0,143.0,268.85184,60.0,359.99023,154.30164,161.98022,1522.3223,82.0,10.182354,0.5,5.0,0,0,5
209.0,54.0,54.0,239.14307,217.29991,60.0,239.31422,25.877277,0.0,1400.0441,70.0,0.0,1.0,2.0,0,0,5
80.0,88.0,54.0,163.2705,79.0,60.0,267.56955,106.42602,0.0,4916.5166,77.0,19.37614,0.9185751,4.0,0,0,5
131.0,76.0,75.200775,151.0,525.0,60.0,1026.6443,192.41621,610.2213,290358.78,89.92659,0.0,0.5,2.0,3,0,5
120.3187,80.0,68.66522,142.13504,178.88493,60.0,126.0,0.0,212.76949,208377.94,80.0,10.0,1.0,2.0,0,0,5
209.0,54.0,54.0,226.0,1514.0,60.0,134.66667,0.0,12.90552,7735.801,90.333336,0.0,1.1818181,5.0,3,0,5
228.03325,54.0,54.0,4901.0,1428.699,60.0,110.73006,0.0,0.0,9269.694,77.0,10.0,1.0,5.0,0,0,5
156.74898,54.0,54.0,538794.8,1514.0,60.0,96.333336,0.0,11.785113,10085.105,87.0,0.0,0.6666667,5.0,3,0,5
542.86554,54.0,54.0,231.0,86.3126,87.0652,143.92923,0.0,0.0,12000.675,85.22739,10.0,1.0,2.0,0,0,5
675.4291,54.0,54.0,11822.299,81.0,60.0,115.82987,0.0,0.0,4817.8003,73.0,10.0,1.0,10.0,0,0,5
583.7442,54.0,54.0,7954.434,85.672195,60.0,98.80461,0.0,0.0,1438.8578,72.0,0.0,1.0,4.0,3,0,5
89.883156,54.0,54.0,228.28831,110.0,60.0,115.86107,0.0,0.0,4546.2803,84.48091,0.0,1.25,2.0,0,0,5
184.0,54.0,54.0,5956.8267,73.960365,60.0,1060.2195,194.78865,0.0,3805.5012,72.08696,12.0,0.6666667,2.0,0,0,5
160.01901,54.0,54.0,177.42639,95.0,60.0,102.97937,0.0,0.0,7956.5796,93.0,8.0,0.6666667,2.0,0,0,5
155.0,54.0,54.0,2939.0334,524.0,60.0,315.34555,0.0,0.0,2607.128,74.0,2.0,0.5,2.0,3,0,5
593.6635,54.0,54.0,9622.74,92.0,60.0,608.05426,303.11047,358.81714,32162.545,76.0,0.0,0.6666667,6.0,3,0,5
143.0,54.0,54.0,205.07947,1290.5127,60.0,450.0,0.0,22.860899,4277.0635,92.0,0.0,1.2857143,12.0,0,0,5
90.0,54.0,54.0,7249.6436,95.0,85.0,108.37732,0.0,0.0,55137.94,77.0,0.0,1.2222222,2.0,0,0,5
637.0854,54.0,54.0,9803.0,79.0,60.0,100.333336,0.0,0.0,3864.6912,75.0,0.0,0.6666667,10.324152,0,0,5
544.6667,54.0,54.0,10891.501,1205.0399,66.0,97.77571,0.0,103.806244,8927.36,177.85379,6.0,0.6666667,3.0,3,2,5
391.90076,54.0,54.0,226.0,92.58613,138.0,278.39285,0.0,0.0,4370.311,82.0,9.0,0.6666667,6.0,0,0,5
68.333336,54.0,54.0,170.1909,988.8488,60.0,255.88322,0.0,0.0,4834.4766,78.0,0.0,1.0,5.0,0,0,5
161.0,72.0,75.0,161.0,90.0,60.0,135.22359,0.0,0.0,152535.64,80.0,1.0,0.5,2.0,0,1,5
409.75446,54.0,54.0,207.1551,146.97577,60.0,115.0,124.611206,0.0,1469.3715,66.0,0.0,0.5,4.0,0,0,5
139.0,54.0,54.0,398652.4,1814.0,60.0,170.66667,189.54517,0.0,499141.25,228.08328,6.0,1.1530225,2.0,0,1,5
99.38098,70.635025,73.0,170.0,1160.0,60.0,446.9243,94.44444,0.0,2623.802,83.0,0.0,1.0,5.0,0,0,5
114.2264,54.0,54.0,445.03818,95.5,86.230194,474.0498,161.60301,209.57758,43786.555,77.0,11.0,1.0,10.0,0,0,5
116.61835,55.0,60.0,176.0,89.0,80.0,106.333336,0.0,0.0,7512.5474,60.0,0.0,0.5,2.0,0,0,5
474.78146,54.0,54.0,3268.0,525.0,60.0,108.12683,0.0,11.785113,507540.3,89.0,0.0,0.5,3.0,0,0,5
131.24213,89.0,86.81286,120.0,1201.4073,60.0,111.173386,0.0,0.0,35381.13,87.0,0.0,0.5,2.0,0,0,5
497.347,54.0,54.0,10618.135,1292.0,60.0,1219.4396,109.02897,123.71678,6631.117,79.0,12.0,0.5,2.0,3,2,5
199.0,54.0,54.0,933.9492,1514.0,60.0,525.8324,0.0,11.785113,15000.631,77.0,0.0,1.2,2.0,0,2,5
185.0,54.0,54.0,1649.5487,1514.0,60.0,88.0,0.0,0.0,1847.4438,91.0,0.0,0.6666667,6.0,0,0,5
161.0,63.0,66.0,177.42438,83.0,60.0,701.6796,242.83054,537.5258,149591.05,73.0,14.0,1.0666667,2.0,0,0,5
124.6643,54.0,54.0,183.0,89.84602,103.0,94.333336,23.973944,0.0,7681.1094,75.0,11.0,1.0,2.0,0,0,5
130.1269,54.0,54.0,205.0,184.15697,60.0,113.666664,171.25531,236.35252,2924.8142,95.721436,4.0,0.5,2.0,0,0,5
116.458694,77.0,75.0,179.0,1292.0,60.0,1230.6852,94.246185,511.80475,437154.47,179.05852,0.0,0.5,2.0,0,0,5
153.1722,66.0,71.0,172.0,1160.0,60.0,279.29724,0.0,0.0,44698.707,76.0,0.0,1.1428572,2.0,3,0,5
116.0,54.0,55.0,198.02777,81.0,62.162777,390.51398,0.0,0.0,7991.0044,79.0,11.0,1.185705,2.0,0,2,5
279.68283,54.0,54.0,197.6453,91.0,95.02448,575.15076,0.0,11.785113,17864.127,78.0,10.0,0.6666667,2.0,0,0,5
116.0,87.0,74.0,160.23442,83.0,60.0,262.77826,0.0,25.0,1845.2631,78.0,89.4752,1.1818181,2.0,0,0,5
78.91457,54.0,54.0,13035.735,130.44444,60.0,126.0,40.41593,11.785113,149620.8,73.996216,0.0,0.8333333,2.0,0,0,5
73.62829,54.0,54.0,170.0,85.0,60.0,102.01685,0.0,0.0,5809.5854,79.0,0.0,1.0,5.0,0,0,5
557.09,54.0,54.0,205.0,495.0,60.0,133.92706,112.29635,114.891495,2845.6067,190.05962,0.0,0.5,7.0,3,0,5
164.0,69.0,73.0,172.0,108.0,60.0,137.84563,0.0,46.799294,195596.39,87.0,2.3792768,1.0909091,2.0,0,2,5
520.0774,54.0,54.0,182.23543,303.50528,60.0,1198.7181,282.78375,593.99023,6705.129,79.0,0.0,1.0,2.0,0,0,5
491.89975,54.0,54.0,3268.0,527.0,60.0,89.19092,0.0,0.0,7335.0376,84.0,5.0,0.8333333,4.0,3,0,5
179.0,73.0,66.0,167.3338,220.33374,60.0,111.666664,0.0,0.0,3975.1155,73.0,0.0,0.5,2.0,3,2,5
125.0,54.0,54.0,5468.004,1152.3022,60.0,1179.4694,255.80907,0.0,4394.3867,90.465195,0.0,0.5,2.0,0,2,5
80.0,54.0,55.0,1372.8538,1789.7683,60.0,1115.1425,25.455845,102.7856,1339.0635,80.0,0.0,1.0,6.0,0,0,5
109.0,54.0,54.0,216.0,146.2377,60.0,119.18357,106.426384,0.0,1694.2084,55.0,3.0,0.5,2.0,0,1,5
94.0,54.0,54.0,188.65106,119.69688,60.0,502.17807,0.0,25.0,365073.8,69.0,13.0,0.6666667,2.0,0,0,5
118.589935,80.0,79.0,139.0,1825.0,60.0,111.666664,0.0,0.0,1441.8871,84.0,1.0,0.5,2.0,0,0,5
161.82715,54.0,54.0,205.0,495.0,60.0,94.333336,81.01267,0.0,9818.278,127.340324,0.0,1.1428572,6.0,0,0,5
154.0,75.80108,75.27897,153.44012,1514.0,63.0,106.333336,11.362686,0.0,4824.224,134.72894,0.0,1.2222222,2.0,0,0,5
146.0,54.0,54.0,235.81488,110.0,60.0,102.333336,25.455845,58.67643,4584.069,95.0,0.0,0.6666667,2.0,3,0,5
148.50757,72.29104,73.0,182.35266,77.585884,60.0,1241.722,17.910349,505.26773,398027.4,77.0,148.24092,0.5,2.0,0,0,5
72.5,54.0,55.0,198.0,1783.0,60.0,351.63757,0.0,483.53134,290557.38,75.0,11.0,1.1987733,5.0,0,0,5
544.6667,54.0,54.0,7325.967,524.0,109.0,112.38603,0.0,0.0,2886.7107,87.0,0.0,0.8840594,2.0,0,0,5
76.666664,79.0,78.0,154.0,115.80493,60.0,94.25227,0.0,0.0,4385.3457,87.0,0.0,0.8,7.0,0,0,5
97.0,54.0,54.0,6134.881,79.0,60.0,254.75467,22.194164,0.0,2683.4812,78.0,0.0,0.5,5.0,0,0,5
110.99325,54.0,54.0,184.45619,1292.0,60.0,102.333336,0.0,0.0,2892.5903,143.5151,0.0,0.5,3.0,0,0,5
174.34964,55.0,60.0,205.0,88.0,60.0,491.25912,254.85626,0.0,80431.03,81.0,70.512085,1.0,5.0,0,0,5
153.52379,54.0,54.0,1515.0825,78.0,60.0,121.79936,0.0,0.0,145339.3,64.0,0.0,0.6666667,2.0,0,0,5
160.1973,54.0,60.0,291.2305,525.0,60.0,593.77606,0.0,67.7379,14381.803,307.81754,4.0,0.6666667,2.0,0,2,5
239.28027,54.0,54.0,3268.0,1292.0,60.0,1241.6353,0.0,47.91837,2875.1448,81.813515,0.0,0.5,2.0,0,2,5
154.0,79.0,78.0,143.0,82.0,103.0,131.3917,0.0,0.0,4661.1436,78.0,0.0,0.5,2.0,0,2,5
138.0,73.0,73.0,183.21396,528.0,60.0,99.254005,126.600136,100.65038,7759.5107,76.0,2.5668077,0.5,3.0,0,0,5
145.9292,79.0,54.0,120.0,240.4,60.0,590.07556,106.43745,12.681618,1144.9751,79.0,0.0,1.0,2.0,0,2,5
157.0,79.0,79.0,170.0,693.7806,60.0,422.96902,108.381096,238.7874,6267.5435,246.5487,10.0,0.5,2.0,0,0,5
408.02774,54.0,54.0,6402.474,1292.0,60.0,98.04152,0.0,0.0,4502.593,229.98875,0.0,0.5,2.0,0,0,5
132.48251,79.0,78.0,161.0,109.17916,60.0,106.333336,88.1024,14.028559,7749.4487,79.0,0.0,0.6666667,2.0,0,0,5
498.5274,54.0,54.0,258.42657,694.4487,60.0,743.39996,0.0,327.22952,88440.16,88.476135,8.0,1.0,3.0,0,0,5
316.74554,54.0,54.0,207.10678,91.0,131.31538,95.393974,0.0,66.85396,1328.5789,77.005135,1.0,1.1524638,4.0,0,0,5
172.0,54.0,55.0,184.0,328.67722,60.0,114.57561,26.791042,0.0,3473.482,66.0,9.0,1.0,3.0,0,0,5
185.0,54.0,54.0,179.62334,82.0,60.0,288.06552,194.1819,223.22575,5420.25,81.0,0.0,0.5,2.0,0,0,5
138.89435,77.0,77.0,149.0,174.07132,60.0,1165.32,222.00433,469.02924,2858.3818,110.0,0.0,0.5,2.0,0,0,5
154.0,54.0,54.0,199.0,75.193275,95.0,96.333336,0.0,0.0,952.6584,70.0,4.0,0.5,3.0,0,0,5
90.0,79.0,79.0,155.0,1514.0,60.0,401.4639,333.06955,11.785113,1438.5499,213.81349,0.0,0.6666667,6.0,0,0,5
229.0,54.0,54.0,13068.975,1292.0,60.0,1215.1445,484.24664,0.0,1420.2001,110.98087,0.0,0.5,2.0,0,2,5
86.02925,70.575386,73.0,179.0,1514.0,60.0,693.9848,233.51634,0.0,8431.123,79.0,20.371906,0.6666667,5.0,3,0,5
154.0,63.0,70.37771,167.11526,96.0,60.0,116.152565,0.0,0.0,6873.216,76.0,6.0,0.75,2.0,0,1,5
94.0,66.0,73.0,177.29369,295.91812,67.0,118.22222,0.0,0.0,6626.8706,91.0,0.0,1.0,3.0,0,0,5
506.4366,54.0,54.0,16249.7295,94.42104,60.0,98.61654,9.541449,0.0,5829.7314,70.78539,0.0,1.0,2.0,0,2,5
949.26825,54.0,54.0,205.0,525.0,60.0,574.4178,26.791042,249.02437,5966.325,80.44145,0.0,0.5,6.0,0,0,5
504.27274,54.0,54.0,178.42133,110.0,60.0,87.666664,0.0,0.0,313898.8,78.0,0.0,0.5,3.0,0,0,5
183.14046,54.0,54.0,198.63289,663.6109,60.0,234.0556,0.0,11.785113,4147.919,77.0,0.0,0.5,5.0,0,0,5
142.07591,83.0,81.0,142.28679,217.4383,60.0,616.906,389.61658,0.0,32264.682,110.0,0.0,1.088533,2.0,0,0,5
198.08185,54.0,54.0,205.21846,91.0,63.0,89.04188,0.0,0.0,2770.7942,76.0,11.0,0.5,2.0,0,0,5
80.65551,78.0,77.25804,155.0,1514.0,60.0,106.333336,0.0,11.785113,1520.2767,79.0,0.0,0.5,5.0,0,0,5
521.50146,54.0,54.0,185.0,77.011566,60.0,111.666664,208.49348,11.785113,34400.633,69.0,0.0,0.5,2.0,0,0,5
458.9477,54.0,54.0,320.50128,304.11462,63.0,86.40845,0.0,0.0,6965.913,189.83716,2.4024107,0.9004112,2.0,0,0,5
99.79683,54.0,54.0,230.0,83.80023,92.42746,96.92866,0.5,62.5144,1357.7826,75.0,0.0,1.0,4.0,0,0,5
72.44431,54.0,54.0,320.94156,1171.0461,63.0,99.41746,0.0,0.0,152132.6,88.79815,3.466987,0.5,3.0,0,0,5
509.56006,54.0,54.0,4901.0,525.0,60.0,131.83026,0.0,0.0,130128.18,77.0,12.0,0.5,2.0,0,0,5
133.0,88.0,82.0,143.0,623.05597,60.0,1134.9054,161.53983,11.785113,1651.336,90.333336,1.0,0.5,2.0,0,0,5
234.20316,54.0,54.0,11019.05,1773.0,60.0,1196.0585,0.0,515.1001,10726.322,106.0,11.0,1.0,2.0,0,0,5
317.26697,54.0,54.0,7911.9497,1514.0,60.0,464.8691,220.73833,0.0,36965.734,85.23663,0.0,0.5,2.0,0,0,5
173.17642,72.49012,75.0,171.77237,1514.0,60.0,1151.5807,0.0,498.73383,732926.3,79.0,0.0,1.1428572,2.0,0,0,5
141.38065,69.0,73.0,157.0,293.7642,60.0,102.333336,0.0,0.0,2773.1313,79.0,4.0,0.6666667,2.0,0,1,5
527.4586,54.0,54.0,18917.004,1774.0,60.0,1233.8251,72.17997,0.0,203342.08,90.333336,0.0,0.5,2.0,0,0,5
138.3714,54.0,54.0,8862.759,76.0,60.0,105.15537,0.0,0.0,2924.655,76.0,13.208048,1.0,2.0,0,0,5
143.0,54.0,54.0,2383.0376,494.0,60.0,134.66667,108.25713,0.0,4417.874,75.0,0.0,0.5,2.0,0,0,5
94.0,54.0,54.0,5417.0938,179.43816,85.0,105.29777,109.10351,0.0,464471.75,79.0,9.0,1.0769231,5.0,0,0,5
381.7003,54.0,54.0,8208.762,115.57703,60.0,113.666664,0.0,0.0,1596.9408,76.0,1.0,0.6666667,2.0,0,2,5
134.7557,54.0,54.0,205.0,120.573326,60.0,111.666664,102.14085,226.50537,85188.26,84.0,0.0,1.0,5.0,0,0,5
446.2494,54.0,54.0,6737.692,299.31198,60.0,97.4188,0.0,0.0,4343.8823,73.0,11.161102,0.8333333,11.0,0,0,5
154.0,73.0,73.0,196.80424,91.46636,94.0,102.333336,0.0,0.0,13543.558,91.0,0.0,1.2,2.0,0,0,5
94.0,54.0,54.0,10547.55,1514.0,60.0,93.80244,0.0,0.0,458.96304,205.61649,0.0,1.0769231,2.0,3,0,5
105.0,73.0,73.0,166.46046,89.0,60.0,112.333336,16.5,162.91458,9488.186,79.0,6.0,1.0,5.0,0,0,5
131.0,54.0,54.0,7913.052,1514.0,60.0,317.30603,0.5,374.35748,4347.616,76.89945,5.0,1.0,2.0,0,0,5
197.8613,54.0,54.0,205.0,94.65756,64.0,94.333336,0.0,0.0,1959.8253,79.0,13.0,1.0,2.0,3,0,5
97.504715,54.0,54.0,5193.301,525.0,66.0,98.20963,106.484085,11.785113,1456.1973,270.79428,2.0,0.5,8.1727085,3,0,5
85.0,54.0,54.0,90053.68,1292.0,60.0,1227.0618,100.54529,161.37619,6809.7144,79.0,0.0,1.0769231,3.0,0,0,5
110.79502,54.0,54.0,229.459,211.37015,83.53993,1210.7316,0.0,11.785113,3533.414,108.0,0.0,1.0,2.0,0,2,5
143.0,89.0,83.0,179.52242,106.61536,60.0,90.73896,106.3777,12.5,309684.78,104.1667,4.414995,0.5,2.0,0,0,5
154.0,54.0,55.0,230.86766,525.0,60.0,452.42255,25.455845,328.74103,1195.9042,78.0,13.0,0.5,2.0,0,0,5
89.4967,54.0,54.0,205.0,379.79785,60.0,115.97708,0.0,0.0,23399.223,77.0,148.0,1.0168908,2.0,0,2,5
557.9444,54.0,54.0,7559.4634,75.0,60.0,97.77115,0.0,0.0,6672.2373,73.66649,11.0,0.5,2.0,3,0,5
161.0,54.0,60.0,230.0,1292.0,60.0,144.56119,64.267876,0.0,188421.17,78.0,8.0,0.5,5.0,0,0,5
138.93039,54.0,55.0,172.0,213.73369,60.0,1117.3857,154.81323,83.89551,754.5046,88.93575,0.0,1.1818181,2.0,3,0,5
544.6667,54.0,54.0,1372.756,91.0,60.0,101.89683,0.0,0.0,13560.065,69.0,0.0,0.5,2.0,0,0,5
146.0,54.0,54.0,311.72168,199.3223,89.99241,106.333336,0.0,9.0,3468.4905,91.0,0.0,0.5,2.0,0,0,5
610.94727,54.0,54.0,11662.465,89.0,60.0,1109.7605,95.70696,0.0,10002.281,73.0,1.0,1.0625,4.0,0,0,5
603.01154,54.0,54.0,10112.831,1292.0,95.0,120.22345,0.5,0.0,8231.187,87.0,0.0,0.5,5.0,0,0,5
557.6499,54.0,54.0,6758.958,1514.0,60.0,113.752815,0.0,0.0,5131.052,79.0,0.0,0.6161575,5.0,0,0,5
181.53722,78.0,78.0,143.0,177.96997,60.0,116.333336,80.550415,141.42366,2641.7388,91.0,0.0,1.0,2.0,3,3,5
131.71918,77.0,73.0,155.0,78.0,60.0,485.6893,114.1574,263.1609,4709.323,78.0,0.0,1.25,2.0,0,0,5
76.67875,54.0,54.0,5971.8804,80.0,60.0,111.333336,0.0,0.0,95095.7,73.0,0.0,1.0,3.0,0,0,5
96.28329,54.0,54.0,236.07208,1779.7208,60.0,102.3491,0.0,0.0,216174.67,216.08626,0.0,1.1428572,3.0,0,0,5
158.76738,54.0,54.0,267.47366,79.0,89.72613,458.9975,53.16441,378.17685,6914.0273,75.02617,1.0,0.90180284,2.0,0,1,5
146.0,54.0,54.0,164.0,89.0,60.0,144.00029,0.0,0.0,11016.246,81.0,0.0,0.5,2.0,0,1,5
551.1155,54.0,54.0,249.04698,220.24474,60.0,511.7936,154.33969,0.0,2493.6003,87.0,3.0,0.5,3.0,0,0,5
136.27827,83.84679,77.0,161.92894,81.0,89.16659,273.0688,0.0,144.33315,11925.195,79.0,0.0,0.5,2.0,0,0,5
636.56903,54.0,54.0,10674.521,1423.08,60.0,421.17734,123.46893,72.352486,5791.354,211.62755,0.0,1.0769231,7.0,0,0,5
432.25,54.0,54.0,18092.479,173.81926,60.0,452.8477,25.588207,234.8454,161968.94,76.0,10.0,0.5,4.0,0,0,5
636.8925,54.0,54.0,321.59665,78.0,60.0,123.9634,0.0,0.0,2306.0305,73.0,0.0,0.5,7.0,0,0,5
163.99553,63.01354,69.0,205.0,161.9345,60.0,916.5413,0.0,222.8057,6247.659,139.0,0.0,1.0769231,2.0,0,2,5
97.89574,73.0,74.0,164.0,95.0,60.0,111.666664,94.447914,0.0,4159.1963,83.0,0.0,0.8734454,5.0,0,0,5
338.78903,54.0,54.0,2302.2761,1292.0,60.0,575.2252,252.98958,0.0,1581.4965,79.0,5.0,1.2222222,5.0,0,0,5
139.0,54.0,55.0,216.0,90.29455,60.0,106.82245,0.0,0.0,18266.826,67.1006,4.0,0.8464988,2.0,0,0,5
