bwd_seg_size_avg,pkt_len_min,fwd_pkt_len_min,totlen_bwd_pkts,fwd_pkt_len_max,bwd_pkt_len_min,pkt_len_mean,fwd_pkt_len_std,bwd_pkt_len_std,flow_byts_s,fwd_pkt_len_mean,psh_flag_cnt,down_up_ratio,fwd_act_data_pkts,syn_flag_cnt,fin_flag_cnt,Label
507.903781859607,56,62,-79574,1194,-15,13.614139853192498,459.7402603460208,291.90311266491665,9031.430167943636,108.19305421007905,509,0.42735587197976344,-551,3,8,5
57.40310655423932,56,54,-52981,1846,59,-17.26525597607612,-35.50070692769334,-44.70385794878219,-11747.596714322988,110.4648902281065,17,1.1819518722114308,-11,3,0,5
73.79028692212322,64,60,18882,230,55,1185.6630536336386,537.2411100883653,16.731678320279777,-40482.21273990484,635.7453573455102,-13,0.8314795113983953,649,0,2,5
81.9510820557557,55,96,-82599,131,156,268.62768442306935,789.0960834545377,518.0367469693552,-38863.835915153795,74.34511709121836,9,1.5053342228096172,-45,0,0,5
154.83910664227324,97,86,-38056,169,64,19.200569646097605,-24.818166126202517,-26.151312395227663,-40080.82886404413,38.85238434854503,-26,11.171507610788137,-17,0,0,5
181.54331018730724,79,64,54511,98,58,185.1542273481424,232.10316066397843,-27.72267177195254,-39980.35908958344,329.02148830000885,-13,0.8364663209465428,-18,0,0,5
984.583608447881,55,66,-86398,-176,61,117.51694289151925,259.9911292650142,-15.103554771571405,-16365.132600427552,301.40721272189506,7,1.1457058448969262,1605,0,0,5
150.0109238658792,54,58,39504,-146,20,157.1444029874974,-48.95333094783237,-44.22589543552347,37259.93020259318,49.83511500650558,-7,1.7587701315244382,115,0,2,5
273.9457038601633,55,58,-73640,145,57,79.35676394821985,-78.91987131713873,584.6321411323443,-13760.581486336994,365.49384464755997,221,1.6323522820918752,34,3,3,5
177.26345097457374,55,73,-9354,2125,50,-35.711065346500874,254.13523041922247,39.97088975119823,-9381.764126966313,271.8683865425919,-4,1.1954844705613406,-20,0,0,5
476.09089214187946,90,51,-17772,42,132,-7.809715776831339,207.87748788805516,13.623512674096753,-33989.129100636725,88.02432891747583,-13,1.6435499080166873,-58,3,2,5
-0.5141508930897913,98,73,-98447,195,61,528.3005043510346,-18.94204563976024,10.313982445946923,-11122.34881805055,-25.072427704208167,-5,0.35711817499257764,-64,3,2,5
122.25105391163166,53,58,-8860,159,116,1044.713710302647,248.7641134764723,572.9816434441185,33586.71588892858,283.26674087041584,-9,0.7740368119382303,-13,0,0,5
35.25064839136208,53,59,-39134,1134,163,14.919043164719852,-35.537869927659756,456.54820308121316,-36292.014667797994,314.70445110428386,6,1.059569981200503,7,3,0,5
1641.865785073013,56,55,250,135,57,1173.1164836315907,171.5924974122929,-31.65515152032922,-41081.82751575907,41.231332411216016,10,1.6542969501880724,-161,4,1,5
699.2854011783122,56,55,-75009,162,224,77.50337268587258,-98.84016826867696,-29.641019255838174,-28951.19281456111,409.02278324369587,-14,0.01907808004890238,-71,0,2,5
-11.247135559945818,54,61,-32122,-14,63,0.40394765621489626,-36.99605673618456,33.87304169241517,-36665.782382173275,21.57738121245435,-2,1.419240492623646,53,0,0,5
179.9252930834995,71,69,14134,51,60,272.2171787133964,489.8653766103337,22.83020601637682,-38214.97884917236,10.769567409499729,131,1.4065346390593811,-19,0,3,5
86.03435665624795,56,58,17292,564,58,-73.63074898906052,-68.1406695188989,51.323156078651586,-42813.87285736169,4.853313350774627,-44,1.009660502652609,7855,3,2,5
852.0208914237114,53,84,-27562,1101,68,83.2700951187995,-12.272319654982415,-16.43272442581319,-38365.087091345886,-16.35805138340926,-11,1.1973417148475725,128,3,0,5
-29.894883918366986,95,86,-35326,154,68,291.253881085022,-32.07517693488505,-25.84187138846991,18898.140151275788,35.194956482225905,7,1.563337330461479,6,4,0,5
633.560885083945,56,55,-66988,2117,60,254.624229676739,-41.3582065394985,143.23523167758736,-106849.38351301709,923.8031500334528,37,0.8604732229150065,-42,3,0,5
182.15722099471265,54,57,-83242,294,69,129.05225300114782,-98.23719087608364,163.6393368889761,490894.5473687348,85.34572789675974,48,1.5726646017585306,29,0,0,5
275.339227103813,55,94,-30676,384,63,49.854683369346716,-11.61319141938834,-39.96790935136516,41998.06125388073,344.3735194217992,-3,1.462797718005099,-35,0,0,5
667.7463791333132,56,74,-67224,244,55,29.412713007237983,-26.059364341643395,31.37675175931256,27348.418576572505,58.510966152099755,-4,0.8678068991805712,21,0,2,5
457.5204369202503,83,85,4241821,-106,60,1158.3915939609158,-49.81455078015338,-39.086351733388646,-38520.51789325682,323.76037925526117,1,1.1816012864341805,167,0,3,5
116.84873874350086,55,57,-29583,-157,54,118.46798016004306,276.9979519700048,-28.0181427273873,280.335407216995,75.50256115400484,156,1.680325694417245,20,3,3,5
1461.2432803862398,56,56,16105,55,284,80.2712612506665,608.5420664223553,631.3310815103815,-52147.97180086643,16.3022035662336,194,1.3202815332043798,-32,3,0,5
835.7068028652275,72,58,-2191,129,57,59.686894428663344,5.698596556958031,-41.629135671676345,21070.937363172256,185.61862989838585,-5,1.4615903343251642,28,0,1,5
169.16830114720824,84,72,-32169,1587,65,-4.601408930026352,-35.49258299229289,-7.576629905013959,12956.797048460077,145.3032849047752,8,0.9973747548385361,-65,4,3,5
533.5005913826602,56,54,-42139,-136,62,196.328063350805,264.76661672306,-11.42971647058947,-38052.5589578975,293.6958929894614,488,1.6964389810252638,-1165,3,2,5
98.51788411632886,57,55,9123,230,61,-8.654676481582428,-14.428640379779413,-6.634825250472412,-24469.02693381675,365.1251512272041,17,1.8279364431401357,33,0,2,5
316.7525769062182,56,54,-50510,1536,67,89.44762011127693,-50.286344529424355,-38.951987163370674,-29496.29872216608,600.8187223626645,-11,1.0859460257066442,60,0,2,5
64.18761808478644,91,75,-54834,602,69,-38.46695096579151,-21.464506445531942,-42.27665698039663,-277.54507438556175,-84.08092067168928,13,1.2735756495397619,15,3,3,5
1703.1787969302904,56,55,-79279,-206,60,110.27362049943736,552.9509880925967,421.73389626983413,-44944.11112274944,138.3191745811753,-2,1.066216497955894,-22,0,1,5
15.604758325120216,55,60,-46340,234,61,69.04796479793532,-3.2057137646142735,3.046486728153763,12042.832583519172,27.477899647562012,0,0.6406005882593784,52,4,0,5
681.4863181508911,53,61,-85617,-842,-27,15.081191410445882,-6.445561491254766,-52.33068717984946,-28933.855738911603,-44.80529556119666,-17,1.476469988136881,-7,3,0,5
144.9587031925516,55,52,-42829,243,108,-2.563367106918662,29.172176691577278,-54.27010013954466,-21515.210827766634,171.05815936615443,315,1.5699980793958788,0,3,0,5
204.25741467789095,56,54,-87000,46,204,923.2188300397784,-13.607974951868538,-48.101363390651166,18750.242644624253,64.43249988134313,186,0.27239865063453517,-47,0,1,5
1662.4337340929258,54,57,-71814,119,12,92.33065313718316,-89.15482324444542,468.89728649337496,1546.1637029536432,3.833373107692168,7,12.926570979514675,-42,3,0,5
-2.917995765554892,57,104,-85335,1537,48,1243.3972922802423,-19.213438498739684,432.5619442071703,56295.46222448953,113.90966382081496,0,6.543620594643398,-52,3,3,5
274.7919003735647,55,92,-54267,-154,39,353.0083606964202,446.77865687228945,6.222777936806892,-24406.312452638995,67.80899803926656,-4,0.6517166941159501,-55,0,2,5
152.4010938123463,56,91,-91093,202,63,26.646861093838496,372.978395520155,2.8697780275354376,30973.80844217586,4.729113152961077,-8,9.12216535642639,41,0,1,5
37.12954527309884,57,58,17994,55,191,226.46206157364637,353.20531874212236,40.25768404352189,-3251.70619134132,40.4465439736154,-12,0.60279459815214,2,4,2,5
150.74343670744787,88,56,11956,1218,61,862.2056438759787,334.7115513510102,-50.04052335303889,-33427.62488600906,3.789798476413708,-2,1.1548952788435685,2071,3,2,5
275.87278762860143,63,94,38246,146,65,26.938333203710144,509.7621079578644,-37.96018711865501,-21043.531268124854,78.29350063775496,-15,1.0153962681566333,-13,0,2,5
-15.21798257829326,71,74,-64500,-113,178,36.14702098903972,416.49340540137933,353.7335494937102,23876.052303419554,250.52509803877595,19,0.659400560785054,-26,3,0,5
144.74425940404257,55,59,-32798,129,190,1180.6979992521515,-42.9134751752195,465.9234321623763,-5684.147211851923,410.20591740320066,-14,1.079164132992517,29,0,0,5
278.8450921747176,67,83,58179,-76,295,47.92974218724959,101.69001322724525,-21.65183348116954,-1832.3267840864355,16.055799312282772,8,1.3336435784945935,-18,0,3,5
885.0508016326673,57,51,-44269,704,58,-16.852084030417416,-26.505289230951277,-19.97856908897417,-51846.38592008207,44.98837772547955,2,0.5134635079700709,0,0,0,5
-65.59185357696187,53,60,-43958,1389,-1,13.233097074777959,66.98799142219372,21.187050603745043,47689.51615198612,-7.451791982678515,-20,1.1748649322271023,-47,3,0,5
1508.6902626781116,54,54,-93467,107,52,393.5471636491566,211.2402990056654,-27.516412267080213,27952.44513434499,184.26073418998666,24,1.5379678335823719,12,0,0,5
226.8840213083597,54,56,38455,1745,63,77.82258338117359,-42.838173134457094,-40.62851292085679,-41865.76821960675,-9.712607887551599,-14,1.9636201955677284,-21,0,1,5
63.939398038431044,56,54,-53350,2069,66,-16.245726484907166,20.263637156345446,283.60289274873395,34679.67726270838,29.591089405658124,-21,0.9593078576192356,-50,0,2,5
302.2042807580152,56,49,-57234,2001,183,226.30864554523401,-7.616531282637325,-24.593711472077715,-16816.441311495066,79.35206388597604,-2,1.0482316435290757,1976,0,0,5
847.5258638281983,52,56,-29596,53,-1,364.1444702932291,47.75640706634293,-29.35973454942551,-21283.111050479674,292.93313172737686,-9,1.4793492521724378,-5,5,0,5
178.39628580032266,57,71,-3423,2644,218,262.7328791658861,461.18710747080354,-31.16352025254094,-3935.992083859628,93.80298949878167,7,1.5353212367314,12,0,2,5
1599.0613957597159,56,50,-36389,2260,-6,-14.498405566918535,224.07680823334536,54.184602373532215,-41763.0462616973,260.23844365851136,170,0.8352748807950876,-12,3,0,5
972.6423521510076,53,57,-15512,988,65,41.238747458356315,-40.20522642294722,-5.6468293652707775,797933.7280500295,7.9144449161385495,-15,1.8408956434741643,489,0,1,5
-90.04246430504831,83,63,-19555,2305,132,1168.16059605385,19.953995702739405,-4.410869669037094,54272.33832067801,43.9410867344028,21,0.715625232918301,214,3,1,5
78.3926163926283,56,61,-27638,152,58,1051.1008739075526,692.4028034107861,-1.8717622416219335,-26320.237756271606,52.11266532287854,-15,1.0162292465316438,-8,0,0,5
138.52078902529595,57,52,-102907,265,-47,161.2796387601649,621.0129032288819,-9.552567298248634,-15481.477873926558,252.71806618016979,-11,1.3830772139346719,37,0,0,5
184.256953655195,75,60,-68085,136,234,158.32770193464282,-42.441964116613526,30.406716382965264,661595.9453780924,83.44922773198093,-14,1.3048504324456074,-36,0,1,5
136.72219448173706,56,61,4048,260,61,887.5149093594835,-86.16546096403786,-17.466701421658428,14266.78380387896,268.7121558431116,7,0.9563256644198235,40,3,1,5
312.52816299289316,56,53,115,54,94,888.1862825996101,512.5472783027444,-31.551450223975742,-45171.392174837245,41.34865834055797,1,1.357044227290319,-38,3,0,5
87.13237529046694,87,82,-51583,4,58,99.53353861949287,-9.119302732681117,-27.998917231995655,-7260.088895589752,86.14598862390824,-1,1.4859759486631958,24,0,0,5
41.35875735784366,57,59,-56776,431,154,79.69473726533042,224.7068733102038,-7.7632932906917205,9925.645486390238,58.21282409853433,18,0.8128009501775169,20,3,2,5
172.5662561418876,55,75,5329,2079,60,48.400756898857466,-22.931017626577955,-60.36925342898379,-48747.25661252801,451.56933637663707,8,1.4415044236972905,687,0,3,5
1931.8071927092255,56,55,12680,2352,62,3.852481384334638,176.34124185150614,-43.101739679292734,-37179.082119696955,34.97958305982329,4,1.801592358502149,-18,0,1,5
555.0497119690177,53,60,1520323,1051,62,1142.9563994499852,9.205821169840766,15.017248966184686,-15121.345989169795,66.0564053921444,11,1.3946605121673998,-20,0,0,5
607.896718199065,56,60,-6873,270,64,-8.119716048644108,21.85091252194652,-46.20079241757808,29058.386706901867,108.71698321203333,-59,1.9114215514874098,19,0,0,5
110.6382350372669,57,88,-25029,2267,47,-6.999170514658388,548.8801666466403,294.4636133111062,-23805.537134835555,176.64860684900822,-18,12.206681092788852,-32,4,0,5
205.55564821558772,56,52,-80374,1826,138,110.0567128260468,-84.06508932887903,-41.894926316630915,-28576.219342316508,22.23369443917528,212,0.6686604819569401,-46,3,0,5
401.49683114674355,54,55,-20639,-60,58,932.7542952796775,168.88178208933542,40.075266084914645,-30137.13319203847,130.47184101824246,2,1.7047715400808832,-2,0,1,5
87.09366517946562,56,62,-101698,124,63,25.899546305168883,-878.5301228578394,-50.15606903657874,-209.88052652645638,79.43427503073232,29,0.9326853351853853,-57,0,0,5
99.05978682491502,55,56,2789,1479,54,26.604504343875888,-57.22173910610838,5.051316472116124,-36182.0926128975,172.01294494269462,-9,1.0534008228491418,567,0,0,5
647.4116002386942,54,54,-32180,2249,52,44.47442895288445,-81.64310361913965,141.52133143077992,-38989.49741652696,86.8047467354935,-2,1.025395965172188,-24,0,0,5
371.2647645597985,89,57,-79203,2308,66,272.5514688552184,392.3695472182406,-29.595737337753377,40723.42661941998,1112.2497045866921,-18,1.5830772307417331,-82,0,8,5
27.770697695435132,56,59,27176,-264,210,848.9483235939864,-24.21304822650511,-33.53930756809901,9641.832843306085,85.64375422490207,-3,1.0331160638881918,-242,3,3,5
-13.551167536383971,88,52,-89822,2083,58,1373.1890662062478,394.323951280611,418.284950414485,-16484.707177699725,121.5971224934101,2,0.8500851355822252,-31,0,1,5
219.95697905196968,80,58,-49801,-50,57,931.1441629678195,-84.49207630255145,60.60992824368856,9070.746688896306,2.5131355525922032,7,1.6041768695415868,-54,3,0,5
1675.7312206040958,56,56,48649,241,60,13.988547767270518,578.4215241168145,356.28643473287434,-36179.00070521832,56.07469796966322,1,0.7680409221620925,-66,0,2,5
291.44007411226613,55,78,-69504,307,205,67.24270546370292,-61.827626186041634,-11.822030195369942,-49188.48217341337,106.84847168468457,-11,1.1433304396396624,16,3,0,5
144.89502850305257,108,88,-26096,2036,61,-13.147356820589422,-61.240535429657136,502.3403653890242,-33988.474546364814,85.78160453104194,-1,1.3107118686726478,-9,3,0,5
359.99315857716516,56,78,-83533,261,54,950.9116650368846,239.36073257158438,-3.4571008695718923,-25060.569591363725,157.94826430522758,-12,0.5296149214257145,-22,3,3,5
894.252890555879,55,55,-70970,6426,67,188.37793854283046,-24.48621267215419,92.96190359722928,6583.828693508662,57.443035589099765,272,0.9531793436853921,-65,0,8,5
223.41122035114665,57,58,-97058,-46,201,-18.418677216190574,382.03903094679606,485.5539197513473,-29946.01626347391,33.47884337147661,15,8.983482062458357,229,4,0,5
247.9900266175337,55,60,24200,227,58,440.3233423691409,-52.35739251846826,-30.29647088015966,-36627.77947789933,129.03833125260036,-11,1.1889056849293413,12,3,2,5
48.305463865185516,55,51,-50473,243,137,68.4683730043705,414.276723352539,364.24027271969294,-39715.669399600134,184.7758817018455,-4,1.2528911076885274,1722,3,0,5
177.4324433908452,57,55,7529,305,160,25.205649113726878,-90.41893679895577,492.04733768281636,-15891.99751878638,36.387545335347426,-1,1.3053674014094891,34,0,2,5
85.0921506500863,54,53,-21777,202,69,51.220130984411746,40.07381616184964,-21.087102091353174,-7033.536681071166,134.82972575411011,17,0.4027454557634806,744,0,2,5
949.2155350113969,55,53,-5611,215,16,-10.02656299452677,296.445017285798,554.7679773500806,-28590.494654233582,467.849458254258,-7,1.4309909164816308,17,0,1,5
249.8596871342034,91,56,11942,-23,172,199.20433629572034,269.3943775072288,-22.0566889724736,8768.831646979324,36.162957130532774,-21,1.0872753319140938,-39,3,0,5
196.33250888671728,53,54,-68206,36,197,254.9267021604194,-58.11149833559556,-42.358554508797866,-34408.46154363781,287.6833802073864,17,1.1334278196613627,-65,3,0,5
-60.14536443105611,52,58,39521,189,63,292.4448369501274,544.1463524461369,335.7789053038474,-21966.463557218784,581.5827579706907,213,1.8670595741991292,-51,3,0,5
103.69383857840756,54,72,-88944,1722,54,-19.242408221412035,538.3628180067141,-44.564822273142454,25097.76277997358,154.18155040551,8,0.4629909895811798,-22,3,0,5
178.65570845568192,80,78,-12376,1052,152,440.60667893972067,592.4414966603616,87.82762395444507,-15262.473488355978,727.6354921296034,1,14.881632147565684,-15,3,0,5
262.1873984457283,56,66,-79076,59,54,-41.69172832673706,1.9831641551564747,471.97442241418014,-28239.636339375284,46.21251270250107,8,1.1882090881957645,-24,3,0,5
236.15466596660048,55,52,-4292,2720,69,157.6408403470401,223.08313846866707,682.2464378552561,33555.12933903063,5.393103469738961,225,0.8955948706544751,726,3,0,5
216.6277977455307,89,85,-85847,-143,129,1238.99581547978,-57.61613810807041,-15.413239575734528,7574.112517871967,320.0360906551908,-18,1.828550751497382,-35,3,0,5
734.7038308991841,82,52,-33669,412,186,156.05966411386848,307.9088392026358,-42.84533512820942,4732.858484342909,119.65697667122703,5,1.4572711030450713,27,3,0,5
1459.5695588209085,56,56,2704,2282,58,18.236298029990053,486.66300753364504,-54.938583425176,-27685.43557241319,74.41067547302501,360,1.0875919762927342,-59,3,0,5
163.28301834100785,56,53,-83520,394,-22,134.52990009770807,-57.4480948501751,418.3728875274494,-32166.789719734814,45.30755509496629,-47,1.7172729368612467,4,0,0,5
209.32045676655952,55,60,-71024,2334,198,20.89202612618115,-32.35459189185334,-14.32298217885643,-22169.737108872905,105.12610009359285,8,1.1672802812741168,52,3,2,5
55.173454417792364,56,50,-56804,1313,227,66.25014935560667,412.72101390323587,9.14698291580103,-16684.817768085944,45.609232388655215,14,0.4311199364618823,-186,0,2,5
257.87541557737734,89,61,-33627,228,53,98.28012403651013,37.71300015018812,20.06036734453111,20673.244971959793,54.03055421766347,-12,7.557463171486132,-387,0,0,5
281.8472565202597,56,96,-54707,279,63,18.018793925974023,-10.726631291010534,-21.317676937448198,-10854.326068814205,36.00394973568086,-4,1.2957028499951941,-426,4,0,5
94.73272621771508,55,88,1464152,259,58,153.31749260610187,123.47383201603121,76.72091187040974,-27826.130290649853,79.06481218686667,1,1.4509559665165463,29,5,0,5
1427.8955639332903,56,58,-80496,224,59,1096.0281891246107,326.52613900991514,-0.2924909491000367,-6368.827128816809,39.70192504184634,-2,0.4801429977605932,-61,0,0,5
56.185081346812716,54,54,-70389,396,270,985.9857324841587,-34.11860416381692,449.6482464964707,-4383.387464699497,97.95792844662279,-13,0.6403007842816024,4,0,2,5
66.51096085226975,56,54,-2227596,1316,62,60.704522578610685,495.08947845713107,507.5765828643092,19194.729672889167,267.2681244446457,-7,1.2048260408518703,11,0,3,5
212.15780790712537,55,49,-40086,945,70,11.707395556406468,601.9824070916129,-49.92481618445854,-41830.41798264529,70.63618582608626,-2,1.7048438517809033,-30,0,2,5
557.4525530575813,56,49,-35225,431,207,372.4021265601879,157.47564151497096,-6.078348472805896,-20879.223073901085,48.97167640191293,-8,1.0628660062369668,-30,0,2,5
8.212501139282551,90,52,-64037,2047,50,70.17609236746733,25.285778891791413,-20.62681948993506,-28668.554557437426,89.83523032724138,-8,1.841782371380543,50,3,0,5
1349.8471393240245,55,51,-21756,1798,71,18.034755860499487,252.11536573086386,-9.854167688450561,-6585.2768149017775,100.44300821653823,-4,1.1335441495384986,-5,4,0,5
1607.7915510324422,56,54,330184,296,64,509.3259037158796,-31.486333806436875,469.0771199732051,12093.377657344245,44.21774186757324,12,1.2846017683396502,592,0,0,5
76.21156587930267,55,66,-1536225,171,68,459.3266061155824,190.8917772617612,-28.901034331166798,-19923.029092726465,281.2767531070921,-16,-0.02244504763466526,-62,0,2,5
1189.3955838467937,55,68,-15914,1164,54,40.70236393566932,2.9411477253002083,-31.79689671179854,-33925.82681249768,126.93718102982345,-9,1.2260832960831443,17,3,0,5
248.81400414273344,54,57,-80214,1123,70,263.2658550473068,-12.546212334197428,-38.658519486615916,26300.2112745653,215.35109287492128,261,1.5415491103200423,7,0,0,5
-76.75356914098977,56,62,-7798,2001,59,55.74257256263846,495.6746252555301,511.3566473748728,-42706.758495785456,410.6559023543466,6,8.061005839050798,-47,0,0,5
658.1400475714638,55,62,11214,188,67,233.38057168043824,-6.505556216178087,609.0835791881354,-16702.18714082124,55.20558371266321,-10,0.5014278142596856,-38,3,0,5
-25.322908247631304,76,60,12125,181,64,251.00514568692145,-61.74604865497226,-38.838009576383165,57.90537741413027,9.575097465334125,12,1.5620656223408425,-348,3,1,5
3.2181432254133284,56,60,-26127,377,62,133.6677267555008,669.7164591918637,365.76850683797534,-33414.624232410984,74.77267239303113,-3,1.7900407349703986,30,0,0,5
164.1150353283274,76,89,-25886,202,205,178.02322974392655,570.7920570519973,462.2360217706212,-9418.528976285163,37.01481465045865,-17,0.9145966577373275,-1326,0,0,5
607.3560978271097,54,80,45069,-90,260,359.57796194080845,200.64134956072272,-64.3148539509823,-37915.73558367696,37.75830565347628,-20,1.2731132837068633,-36,0,0,5
637.4406100445564,55,56,-71051,2544,64,507.6825775741585,197.7230561895107,-32.29687459075757,-2541.5901661815133,95.3490447571345,5,0.8487362538121654,-270,3,0,5
374.3942095813816,55,58,-86561,215,59,995.5647221452998,33.078573616020535,-33.310446203768166,-38940.8493927782,91.8691221214274,15,0.8219978255772299,-13,3,0,5
-15.34976376113599,55,63,-8435,42,56,26.921825362625356,455.77457130197934,5.442653120576433,20700.57483820826,227.43365047793935,-12,1.440790288810771,420,3,0,5
200.95139158297428,56,54,-1906,-143,61,67.42879661121714,-5.016503994790677,-29.945393416520098,18302.144802168557,42.27401077315017,-19,1.0228304326046525,-3,0,0,5
110.00408657960112,53,58,60792,1361,57,77.1662031162578,-54.24627667165325,-4.8277413824578765,-20719.223310921065,94.51796219512447,-4,1.3551572756805292,-70,0,3,5
114.61621392636394,86,56,-45938,182,93,190.99524802197794,24.86383575218385,6.901861809620926,24924.10780912357,392.7086745465776,-17,1.3233769372831299,999,0,0,5
231.24349701724202,54,54,2625,427,136,88.17255590064201,123.05011184339688,-30.61144102807323,19579.254469969987,103.59874738362444,-8,0.835953853356953,3,0,1,5
84.98438625186428,56,58,-80776,8,22,1097.9005982726437,-44.96821980706259,-23.887250990620686,-9102.861566098449,381.46562383656243,7,1.547235612588487,39,0,0,5
122.48386887235472,55,61,-10647,140,57,257.09153130205925,341.4348069473558,484.8960110988918,22717.640885295994,139.82141315975844,288,0.0486104719667923,-57,4,0,5
828.5621926383016,54,54,18355,124,57,137.05763851771061,-43.563828100271046,-155.9819511703572,-4036.8375810849484,62.80883501194043,-9,0.8368895289670779,-52,3,1,5
80.98420289081241,55,61,13022,2093,60,45.111025989087324,259.7864110074359,-19.50265815388142,-6707.704301418313,8.249012971463202,-14,0.8091611760032735,2133,0,2,5
582.8013443827543,55,55,-34159,-167,62,987.029821258127,15.183422156572295,15.009640647156624,-7659.275493047537,53.25133378510204,663,1.4112853528891223,32,0,0,5
477.7769620472041,98,60,56761,70,63,67.89119113164239,640.9716130703689,-28.56262283272904,226399.650938995,15.559137500257599,-7,12.963729200736712,-23,4,2,5
319.5096609349629,82,56,-27460,-140,58,0.7920172318803367,-34.7306854367147,3.852603999008151,1070.963578370749,41.58932838536768,-13,0.8553871354933287,2535,3,0,5
231.49789024953802,57,60,-92342,462,54,70.20656981742943,18.09923572901142,-5.13583920351055,-37226.748312037846,-14.805271501236177,317,1.1600885095944258,43,0,2,5
92.73075731678178,56,99,-41177,189,62,1092.1908362210565,219.13086919518298,-39.07055550150088,-26011.839343525622,122.86534346149423,1,1.266489374041248,-60,0,0,5
617.5992526818179,97,54,-37723,-28,69,1047.0376853210653,312.8197899153341,7.407017508474733,15751.036752496342,294.8729708518683,4,1.1677181655668138,-12,0,0,5
232.42628101026025,55,105,-67491,160,218,101.4570882064505,107.88300526925156,11.520628379539687,-37727.21103453143,259.6951221596747,-9,0.9443908503118668,708,0,2,5
229.8338406069143,76,53,-43573,318,65,86.5051140600676,406.35981017673004,-5.966193616419876,-20676.145457900726,21.846322105181926,-7,1.7329920337460427,-25,0,1,5
1412.504364359493,54,63,-19992,37,63,165.24745247246747,620.6894779670697,-40.52509222151705,-10091.768188895398,55.163877212142,24,1.3234443599845638,45,4,0,5
160.56543351679693,89,50,-21005,1146,66,54.20661779927436,356.6179671190089,-44.943805195130956,7439.388454227466,78.07916828229003,15,0.5185348103918161,91,4,2,5
879.1709683844086,80,94,-35945,65,68,132.86425494925902,294.7908137060008,-30.05466295361328,-44295.36601999872,68.77956167702685,2,1.0592166119923254,-5,0,0,5
159.25122677948156,55,95,-75390,108,132,1096.140165042141,-45.43665652871476,-9.878172532977736,5058.61765726798,100.09634947994945,-12,0.14918076563356597,-65,3,0,5
252.4605248204997,54,50,-106208,195,216,885.0986710076709,287.4055389504011,542.4689712774464,-1364.0298058958924,89.18577657330464,4,0.8930250364209611,25,0,0,5
232.66713710384386,53,52,-45435,320,59,-11.76011027009531,617.9591615703225,-42.038609513829364,-24090.496475857668,1181.3023360299017,10,0.6925707253684907,-1,3,1,5
249.93290362633655,84,84,1087,253,52,139.04726088658754,9.664747622272378,-14.815848533500231,-42268.439672620756,63.4996197334771,-19,1.2094466661709595,-18,0,0,5
59.43814665371104,98,77,666343,481,65,1013.8177612328544,138.69118437957195,2.428717040300279,4916.07877543298,90.17042788874758,318,0.9656275213572825,-26,0,3,5
74.12586773372814,54,82,-68206,171,110,-29.397977932706993,-25.504982760930915,474.13841041248975,40630.05574441489,170.11258898537187,46,1.276888754720552,-22,3,3,5
596.1013188764733,54,57,-31166,298,56,184.73105926346307,-52.698324957882306,8.268588914155565,691.4514715943187,519.8175177601029,-10,0.983267884080492,4,3,0,5
584.3464225918875,53,62,12860,-163,54,52.13968492133427,45.95263414613571,37.32601827657484,1377.6418156044274,198.46727558608683,-16,1.48544358788109,-33,4,3,5
554.0253472497081,55,52,87979,251,104,52.17883414162088,-87.43480857721207,464.4499266781642,3365.51022057279,74.66902815322203,127,1.5351838899804184,10,3,0,5
254.0467296962627,55,62,-136,1848,53,20.65082874431647,-66.05547742244951,-0.8959711765298577,-45335.818791708894,63.616985292748154,-3,1.6643540182217655,-49,3,0,5
167.72458645531097,56,56,-49558,-2,57,259.2867931545711,7.612768152364056,-50.001557167738575,-51340.32934233049,73.62508033773292,-2,1.7039001613561124,-69,0,2,5
106.36132422146659,71,90,-46702,-163,201,-22.346152965698607,3.8668296213623696,3.0330071466109207,676342.6221172772,-8.259897419913102,-11,1.585164378347502,-32,3,0,5
131.89341954650337,54,51,-13944,149,52,951.1077057818691,204.29095219608217,-32.63352519100556,189596.45844114362,62.090010153981666,13,1.9620654371684751,-5,4,0,5
510.44088362642225,57,81,-36902,329,166,157.369559284475,486.4052018835019,-2.6251151990233135,3735.162747934275,38.864242842715534,0,1.2273785578580538,-77,0,1,5
211.58486324143132,55,55,-19092,2467,58,-34.28567999074188,-13.57080237517577,-4.7847973894915885,-4763.600600827989,1105.8187810982552,-5,0.8849408775916268,3757,0,2,5
263.6453151341499,55,58,32624,-25,60,939.7541012834424,-17.286730393719843,-53.49453459354192,7625.319278242065,359.5017325537503,13,0.7332452837699823,1784,3,1,5
8.50636222467186,83,48,10821,62,68,2.282948701703532,24.74327755000075,-51.00518368659037,9682.322925970679,48.02452414477112,-11,1.0991614394504308,-432,4,0,5
90.28142240946819,54,80,-29909,2528,113,38.71031357371844,398.26049203803024,-2.1724840411743065,1422880.5756172084,20.82784512102024,304,1.2498858689176275,-50,3,0,5
1637.9201918679491,78,57,-7754,102,195,57.86066435057691,-21.346144472810224,373.617225686526,-24645.840559656557,16.931064676734188,-5,1.559923274530105,-786,0,3,5
174.93007336204982,55,76,1313129,155,53,65.44130713526411,-60.92471566572584,428.5376846611333,14241.186479397496,32.67170060540496,20,0.6905839858763299,18,5,1,5
29.604462947471603,54,72,1369,-160,104,65.23431523191628,285.60623857249936,-25.764865908004808,21152.09886318101,261.11390833401987,1,1.4671833487078516,11,3,0,5
559.9817719397711,56,55,-62294,287,72,179.91795803893538,2.756577984817575,-32.57960138182276,-13832.263791667783,42.12219492674899,11,0.4349992800569939,-32,0,0,5
540.6926322532252,54,55,-16760,1565,66,919.7560463763721,307.3503350960108,-13.10032209108096,-13520.497869443925,151.5644160466652,11,0.08968711202570567,-24,0,3,5
609.3331318556662,53,51,-58624,340,199,107.67890372531394,-26.21729687388185,-40.25076034110857,4231.377865362332,91.17005322047984,-6,1.0458596228300099,78,0,3,5
130.70546707705836,56,59,-35383,2368,52,1224.0413521010316,460.4763792655787,7.702738298750611,3177.266656073589,137.02183859061319,-10,-0.1944587699584901,38,0,3,5
85.56001821434292,55,62,-310897,-10,55,1084.6498534713164,-79.12015668383714,-25.648503246400573,876783.8503756566,227.17607439054746,-3,1.515149797052677,-41,5,0,5
55.04905845389535,54,79,-5928,293,-10,-12.958277184602963,-19.97400233979957,130.95143567580828,-15153.477283247992,303.66628134833775,-21,5.468363327844844,42,0,0,5
157.33427628009696,57,81,-95979,1326,68,71.28691423248169,-63.140383437003656,385.45704296171607,15964.41929200124,310.88779470526464,4,7.4256711494580525,796,0,3,5
-52.41468681123443,54,58,-20569,54,54,-36.19791134832943,48.48413757830598,449.90845851363554,253450.95586950652,83.76260764980901,-16,0.9793167406194152,-57,3,2,5
1007.0967176641767,54,56,4532,380,58,1182.2981019579372,1626.2185524372528,527.2037623924548,-33420.67024686998,41.20209996343138,-7,1.2859227028432916,22,0,3,5
319.0299592328121,55,60,-3271,461,220,549.2057189157096,239.1430742620684,604.7670405099033,-23409.062416014196,123.01125086694287,466,1.166717533333784,1189,0,3,5
8.709905012880967,55,55,10060,285,71,874.3307774189209,359.847436341863,3.1503976097767192,-27122.38971022405,22.88458966624718,-9,6.132370185928142,-16,3,1,5
167.09555212575034,76,60,-5200,1546,58,34.69039298096197,404.3032059712514,33.08825094459213,-18819.14699767316,-6.4436186274069485,-16,1.352901898201895,25,0,2,5
262.88854075751016,56,83,-82413,27,108,23.853788506360814,350.06771559312074,-13.88112238137265,432951.7458109228,36.13337796114038,116,0.7194739587732124,88,3,2,5
60.79757933933672,57,57,20622,-173,57,-22.13664615948342,-19.63315082259514,39.96375177171161,-7586.678103619501,8.933110904577504,-82,1.6602260547991552,-14,3,0,5
71.5531807419929,54,90,-4335,-287,276,64.25677155420169,130.98457600402034,283.96518746889734,-41491.22106889451,154.8767511161779,19,1.8976207612106943,-58,3,0,5
161.08608487344532,54,63,-15222,222,134,833.9553359972113,-69.62789539198971,-11.371775487229444,-9074.041799882763,97.37732466113084,180,1.3768483383379615,539,3,0,5
199.0789655788859,82,57,-12123,1441,62,-28.820054186962366,-73.94238912959838,-49.85204035897911,2613.3837610778473,66.52797277478746,4,0.49803540156037046,42,3,0,5
244.47386442474948,54,51,-48055,1440,323,72.20837884236188,307.6593497369839,168.53106313671012,12508.303028418746,101.05146052748573,-14,0.3957915438550575,-43,0,0,5
1190.5192796568958,57,71,-81721,355,316,267.25173328921284,238.85897376279553,364.61239910878385,-38750.7013767872,30.300020062040524,-12,5.379349545538129,22,3,3,5
902.0324060016028,53,49,-79931,-33,63,-16.03538915418291,-54.135404552335245,569.8553726377646,-31092.1881626544,26.804486553025512,15,1.4172004158414748,-55,0,0,5
949.2517711167117,91,73,-90057,-30,59,1087.512096574595,400.43865116515644,-20.674304784570303,-34826.13176329048,82.67734950590012,255,0.901340529816114,-2,0,0,5
713.7171084527859,56,52,-31347,-237,61,185.49257553040704,-15.248642903784624,-13.121209318787537,-3720.268005635302,10.303483368450756,-1,1.2697469770394856,27,3,3,5
764.6247226592088,55,59,-38815,12,68,-5.084736867361414,267.46094014414507,-26.18310495687365,49071.939080546494,60.01806515945185,8,1.6437491062846674,53,0,0,5
238.8063861897593,64,63,-25946,-140,55,55.5620132381311,557.1614819153975,568.1108992027555,14200.228930058958,147.27545091696413,-1,1.0233155403334226,-18,3,1,5
27.827321791854786,55,99,-62030,324,71,295.5728632313061,-26.277269502008316,-13.477435277633964,55801.82064651379,199.1574262272858,17,0.9849750761358257,670,3,0,5
261.89219794748743,55,69,-72919,-44,51,278.45068185762483,510.72731089040786,-16.35186418637256,-12886.734308219447,13.36950465737496,-7,1.3430435025845897,2,0,0,5
-21.670168321040407,56,60,-38097,270,284,4.216120475002924,-6.76321543554668,-11.505458114505027,-9790.227524031141,207.65354190557102,-9,0.9257668823474967,1581,0,8,5
253.54066076908106,90,61,-82540,-134,161,305.6924802419505,1230.6262758694004,597.5055959928629,-40211.82584398901,47.65771561789191,14,0.963722574222083,-14,3,3,5
50.79715521042342,87,59,-27538,28,262,10.088721951699313,79.12086215992258,-45.22567970687402,-25245.864431930735,22.629976517118934,-5,6.456226519355181,-37,3,1,5
92.63998680637911,55,61,-82471,-17,67,931.7720419282703,482.41937902122703,12.275427446164958,36182.938661164655,51.23990758803416,-16,0.8775009626137884,44,0,0,5
223.77571251137317,55,78,580430,-234,65,890.2438965996662,-57.28246110386734,-36.795254116515984,28303.016005139798,-37.382559795451414,17,1.8478550192640713,145,3,1,5
685.2609780996253,54,55,-36924,1998,282,1130.8972034986791,175.90290317353495,8.97901167844379,-38221.64430558332,-73.24132340627585,-12,1.1931712496813842,5,3,0,5
790.8886124042415,55,64,-79516,114,58,114.91732952017632,344.3745074857934,-50.533233309347175,-16209.792230356814,91.38838212105684,17,1.9197813979769989,-66,0,0,5
131.52220386237644,55,59,-5471,-126,57,435.8645870274255,-14.78290199134883,-41.636352994865604,-34825.5030466872,26.643988388608314,4,0.8584729166050915,-31,0,2,5
164.3388759906128,55,56,-26366,275,66,-15.63189421881529,389.56419649254923,540.489784770142,17555.29084192805,73.25639285062209,-7,1.3449265344993822,110,0,0,5
790.6030561395331,56,89,-58596,246,65,78.10803951770356,-69.28864230913666,-36.313791040512186,2727.9614408942853,39.37648711249615,12,1.7486655378765807,8,3,0,5
927.0494980143123,55,59,-86633,141,294,97.2173010832364,-100.43837416851085,708.333014620613,24602.854079665536,959.6667892969431,-14,1.6671475692744293,-7,3,0,5
270.83714437542284,54,94,-53698,1396,64,40.128345521464524,21.66802021656431,-47.80341996152984,-28015.97686717353,337.07352949584094,-5,0.7427580068928495,-13,3,0,5
42.02083116132161,56,53,1644,209,66,902.3218029280399,-19.732828512480076,-21.941124402375642,31077.383043150032,47.218643262505395,-4,11.36297177397382,-49,3,0,5
164.58002194191187,97,61,62210,185,53,1208.0369383556604,-61.23015185659565,-49.76720346186026,-45645.41004348988,110.29287953669868,-11,1.6816985934388533,-50,0,0,5
136.60301785678286,68,69,19874,-318,252,335.6467460258648,295.0209005483073,-48.326737992090074,-27575.397248003865,235.5689660868394,-2,1.0159079766286974,-15,3,0,5
1811.9077192019486,55,56,-97160,-141,50,1081.870786019296,-13.568079665511053,578.8591890121602,-28053.86350193865,55.675511146269,-13,1.6953975674775688,1,3,2,5
894.1538977174469,56,59,7561,189,157,29.84522497587478,181.5582118080328,-46.14602540043895,-30333.22817809206,157.3557148550088,-5,1.2399673658474177,-23,3,0,5
162.35169375016537,92,53,-24410,1757,158,41.14956872272782,40.1879393924963,-10.416240306563049,-28443.185492828103,80.11396303516102,-11,1.6752249908224304,-18,0,3,5
91.49843507338866,56,57,-56164,-56,56,89.29140441857766,-70.16379615046532,9.49605738825753,6753.728589851379,30.60951456606636,6,1.2716501479360178,36,3,3,5
1573.4263737908466,64,89,-24279,270,60,94.57971179285857,-13.355654510766296,-25.54734572297486,-22384.83354706347,85.99558709535579,-6,9.023995730179625,-22,0,0,5
267.9057584607746,54,90,-56080,77,56,257.5249836683846,911.1773444796162,173.98585953594142,-11585.781855121839,15.053075499417282,-4,9.199723841567184,490,0,2,5
184.3350630230147,56,50,-7401,21,119,96.50421126247643,-27.499906408090567,426.68706497877747,-35490.88760803446,60.67260082839897,-31,1.275974358179322,10,4,0,5
580.1035926001213,57,57,-57161,987,69,121.20166818811268,39.69403947502419,2.3355410069311326,-8606.063486271969,42.24734929131713,16,1.2559737065703989,4868,0,0,5
30.35722535461798,57,53,-39995,1760,60,28.374776666696647,208.84734356106344,47.405419173373424,23044.059995340613,23.529984400906798,-6,0.5979732213376264,82,0,2,5
99.52391072009631,68,51,-59905,237,67,-4.024381030943189,-71.70793797404147,48.864270647469596,-26720.596737943393,337.84033553993345,-2,1.2333665859229455,1249,0,0,5
179.48575704689392,56,57,-37640,261,60,129.0984018527748,-56.67732398956398,580.891564969901,17952.361441982142,206.04511935564526,13,0.9715008349456982,1389,3,0,5
9.609341338023924,53,90,-60653,-93,65,964.4853465758756,27.907171828526515,360.99518108076137,-26545.7661531708,60.775751058616926,3,0.7066502180427505,-24,3,0,5
-28.41710019047447,53,84,-27344,1925,257,100.17252982922787,-49.595465842982435,-38.862955110898994,400357.9528155071,316.09277851076024,-8,1.373132062712474,-63,0,0,5
362.05210677253666,54,60,-20169,732,52,133.03668210225183,-40.91520805022412,10.9147372717662,-42352.57573423033,32.72033488411225,-19,1.5746439640001189,5,0,0,5
493.4702570359198,54,65,-48318,171,205,-44.89792620119317,198.62738593458457,-35.52177606957333,5157.280409778983,204.32459285567808,2,1.5855591934077533,-51,3,0,5
183.43479231160217,53,78,-27573,199,299,5.850312756772823,383.8761450512185,-34.75688700994552,31665.827333600675,119.43103819294569,3,1.6546809639723774,67,0,0,5
496.88632368777735,57,52,-50271,1723,62,167.72899728919302,727.098234719655,-43.85986353103734,-14374.099081052236,43.8066813707469,8,0.2614102504867012,-38,0,0,5
522.8438066373941,54,52,-65357,289,65,523.3159948266095,-87.75550035070648,-26.619049217313844,65507.708855363366,37.97748518872541,2,0.911991071114241,844,4,3,5
533.6014168139791,55,58,-41943,358,242,210.08548161632845,-33.07647310905649,-16.340095211624494,-2966.297920826786,122.8919763724214,-1,1.1424333525037569,-51,3,0,5
311.9318838787011,55,54,8598,19,203,1039.8704278476264,-25.254948705994003,7.53551541592897,-37100.35904966499,32.41234710706459,201,1.38033578751047,-61,0,0,5
100.50432898225006,74,61,-27421,240,50,342.238546487456,1.8411432381145847,-17.857966357600688,-44604.66444486859,269.96028230792814,-23,1.0864072528632542,427,0,1,5
722.6993737564375,53,56,-31594,302,203,-35.50457269103208,547.0213389000442,190.61934558632618,-31912.97768824397,14.190234392217285,-19,0.871419729264395,1132,3,0,5
-82.96200370058034,57,53,-57710,471,66,34.1400118541895,2042.1958754984307,121.66286033142474,43246.80654437604,81.54744299802405,9,1.4077372758627817,-28,3,0,5
195.69443021303425,56,54,-44921,355,57,46.21201220429763,-55.80465782265159,-12.911205453764756,-18330.761232124205,69.91956000580345,-10,1.5071039266002035,-13,3,1,5
401.7757402884354,56,62,-39169,299,256,-2.020362717499239,-71.85754289605629,20.09833764043023,-2057.143568528829,228.68172468376218,-11,1.0194137078816143,-57,4,0,5
90.34828357533948,54,48,-54480,406,68,-14.866617208254738,-27.12565968486078,-53.109412892219964,-31444.687169470584,23.560981102378697,633,13.942374072686867,5,0,0,5
185.09603353407113,56,84,7773,403,68,1144.7695126023893,-18.019946306979566,347.8890466463252,-26679.85934707296,191.42083668354468,-7,1.3067608517311586,-3,0,2,5
333.81221143913456,56,60,-20655,288,199,1255.119356700167,264.66605482370665,426.3274453786137,-120120.42928200483,61.56619902670988,6,1.3470348867152988,-34,3,0,5
495.0767119877459,55,62,-39271,1043,143,19.03719894294811,22.652405616029192,388.4837338199724,-3383.9466090889346,2.297963328291189,-12,0.5097385261793104,21,3,2,5
1208.903802493132,53,55,-30645,1815,51,1245.8471177557703,-12.993326607614318,-58.47220601841101,-46296.032683494246,28.93935693079787,-20,0.8941474865722862,1238,5,0,5
476.56884843606656,86,52,6435,39,61,344.65370844313304,652.9034054697348,98.34336436203834,-29333.62476048305,28.78704691942488,7,1.1615414233312684,43,0,3,5
2.4094088632403157,57,48,19210,280,58,32.79479077702797,465.01498497156655,590.787587489466,-8091.908952544507,114.25158447500849,-3,0.8851243626235493,-26,4,2,5
437.23828352882083,56,53,10630,376,58,14.110046970732355,-19.49623138343598,-15.378125849434214,-37731.99100322764,249.60457344739172,10,1.3445349029730942,-59,0,0,5
301.5737078358367,55,53,-6288,1737,64,-24.71023631490101,-29.949211444585742,322.2933794771253,13905.556240486932,46.61293960308525,16,1.3820195101823032,-41,4,0,5
121.67483655242665,105,85,15147,252,239,118.6979731924352,-50.500658243977746,458.4833689365892,9442.978273128932,272.8714758168117,-5,1.770663700713123,-39,3,0,5
26.183289914532565,55,52,3018601,1919,62,40.80874106085082,-79.78306827534499,470.40083684211993,10225.663402534616,455.90232332384255,11,1.3235283114806364,-3,0,0,5
921.5009100331154,75,54,-27572,124,271,117.07052963209514,-87.80012435159105,-45.2397476455478,254.88853332681356,255.45666556309337,13,0.41759276659302813,8,3,0,5
144.15797712901792,56,79,5240,-176,64,-14.40333383997006,-24.703820006126712,17.676287467227063,-4596.467488167538,-3.909339533382777,-9,0.908737757044668,-62,3,0,5
959.10120843342,74,53,6546,305,170,57.64671097213058,61.13728609505647,-53.071251698352484,-671.0107813812592,24.442326338014418,-133,1.2888479554790195,31,5,2,5
129.75403458645314,57,53,4079,1325,69,1236.0747035433774,455.16113542101886,3.7834189384388104,25769.98786409016,227.9668986408231,7,0.9351311979941044,71,0,0,5
97.41983062564198,56,55,-79867,64,55,-27.43426338729313,-28.34874236980133,284.63661367533143,6104.791050297859,28.413586661368278,211,1.2755510631208158,-1,4,2,5
130.91608787731994,54,55,-10375,-251,142,265.0384791652159,-25.940272213895142,418.15562110164393,10753.837857291162,40.41479430349051,396,1.4627455876364523,-48,0,3,5
-11.407693232347697,54,60,-68355,1298,58,204.7437159114455,237.74966845565888,-45.12753183981044,-1187.37443577643,201.4438979358497,-2,14.917872944767423,49,3,0,5
-16.919627550014653,56,59,19528,2023,186,85.07907548278462,130.07550201628575,32.80864292033529,-39325.37849613712,191.77159423269435,4,1.056485876473276,-59,3,0,5
666.3279194165734,70,58,-35990,-241,50,100.80427781097302,-46.15894509556428,475.6093111243984,-37561.73368580223,1850.1082405142133,126,0.912910499563433,-34,0,3,5
727.8791455811855,54,53,-77754,199,261,27.238927085577487,-52.65853535185761,11.25410664062555,12020.406563719436,309.1372118315186,14,1.1893841388656359,-33,0,0,5
184.4702855642847,56,90,48999,348,-37,-2.6215878081781483,336.27146370720334,-18.973293487672827,-23588.4834932464,12.455918950184675,13,0.9109655139431978,-87,0,1,5
-28.308771744806094,86,84,51734,1315,62,110.78957371847945,554.5113910756957,141.33084800961737,-28968.633240885138,250.58342769792534,-6,1.0884191673453318,30,0,0,5
148.57523440668376,55,51,-85424,280,78,298.81530177889135,675.9144399234953,-40.11765615767687,-29070.43796155828,337.77195859721223,16,1.376850828323178,73,3,2,5
373.9468842387258,54,62,47547,102,57,1160.2581179681958,47.54884644993703,451.58681276369015,10439.02803566044,9.871578110333246,-4,0.94101657291047,-14,5,1,5
399.65847187585973,68,79,-20427,93,70,-21.80034905546208,85.69711784527405,371.03855793750733,-32437.628774851633,168.04149038137086,-7,1.5595315861549963,-61,0,3,5
109.21695200310148,56,55,-58758,-61,59,271.02540148035706,59.26620069456298,-31.579933120845006,-34798.304594177935,15.968179337737887,95,0.8801185523539621,-64,0,0,5
1306.2723101786314,57,52,1879,209,65,13.109712860632612,86.92654681867283,20.804211628129053,-15706.089033589453,82.41930259551336,1,1.508173594011822,1277,0,0,5
172.03177574293773,56,57,5552,1651,57,118.04400933875692,-123.82357648559832,510.0383342245002,-33732.75913995169,34.764359011768846,5,9.632280666286459,-23,0,3,5
59.865228495501576,57,62,-28283,1871,26,15.51423062216989,60.08024834899125,527.6098108749402,-20081.805872724748,77.76946248215181,5,14.47262731761744,-77,3,0,5
213.5966537728017,55,59,-24912,39,71,144.38400315951526,56.57241067008706,-31.919418707851726,312068.77236479695,857.4022838465353,6,1.1188377503500262,625,0,3,5
800.7973929079145,55,50,-52691,-222,64,23.81572902085243,-37.01414536623655,-9.32130130950913,-39009.65941061315,-20.46250674658978,-18,0.44911737152096354,41,0,0,5
89.56887772187856,54,51,-62086,276,50,110.19192065355071,-66.69978927538682,-58.44931666201219,20659.01817792841,205.49541056704504,11,13.330816035257623,27,3,0,5
81.14864230640411,53,56,-44270,256,269,5.615647590148029,599.7016607258076,4.6396632234700546,-33405.18487080549,9.004017993113735,-18,1.1160384667821914,19,3,0,5
506.94979691278036,91,54,-34685,-147,108,-0.00684469674928323,267.3420240625106,-12.80062148066053,38627.44479635509,88.2260278399662,-5,0.7987115159199644,-39,0,2,5
88.33266590130334,56,61,829363,329,202,45.54908100894196,418.1621744070355,18.887531626497157,-21235.25538190217,-39.15404566225743,15,0.9798731820809377,-74,3,2,5
259.92475345066606,56,56,-88679,2392,63,90.85268152913733,773.4754223388462,-23.090688968074062,-22651.725898297336,-5.853065617715814,-15,0.5816013257550289,-2,0,0,5
458.110723294644,54,60,-477867,121,68,-1.0043326273516584,386.51015068747,-32.9029503405644,-15929.574101527965,118.91924747030146,105,0.9310552236742009,-63,0,0,5
-45.01587277366643,56,80,19324,235,-8,384.5623113294623,-14.029268637794608,-35.917201661235595,26840.743914823084,391.2263883622252,-17,-0.11396523705064554,-16,0,2,5
145.32919227389172,55,92,-41320,1960,10,-4.110242334403438,446.576627546444,-25.91223913957741,-29295.966358457474,175.68389282626487,-17,0.3242361928078222,20,0,0,5
201.24897361487754,55,72,-69415,365,157,54.16521563711217,10.399125458915506,321.68318078136974,18258.220765500646,64.07475212806244,9,1.1350573238062416,-46,3,0,5
-9.594523546095289,53,58,-79088,301,68,884.7052632887998,55.519738482496244,10.181012236089401,6860.1294549741415,85.85052402621076,3,0.9911372500650254,-34,3,0,5
427.53030597167367,80,59,-21032,176,57,36.29711263178013,91.46125407196581,-46.931480841187955,-24579.495886036544,267.88105146009616,-19,1.9428673629989852,-18,0,2,5
1765.9587131568442,53,49,-28919,115,61,11.666326586019707,-60.36876107134976,242.9275042046511,-23490.17547039427,167.09637648087346,3,1.2217043207226905,44,3,2,5
184.2969349824399,102,55,-45,389,56,-28.801558686097437,-77.38480107520428,-11.362809032655411,-8497.758438799787,35.55436030927474,-15,0.9938764249814938,-32,0,2,5
83.81362743704254,54,59,-54577,148,61,754.7066751656548,-98.53268077239917,3.3084351091042894,-1250.4646397188208,22.895143421213326,1,1.5142594592461793,17,0,3,5
768.1823379650585,55,50,45068,65,58,269.33150258245985,738.9320642899286,110.94983329347247,-40678.04934927214,11.730502243294794,-15,1.1362567927565208,-21,3,2,5
39.799980903887246,54,92,-76159,101,51,44.69133582579282,-93.28744689370902,-7.737982060067829,-19404.133346805735,35.27056733850123,-8,1.6973054139026276,-1,0,0,5
209.18561472653224,54,54,-21392,-184,53,50.56856117770545,-51.3892876546344,23.605611714080744,-36718.80558447641,29.490383658891382,-7,0.7169329077458783,-152,0,3,5
523.7772856903845,56,53,-4398,1268,57,369.3115008140127,4.973407185064785,-22.073124597556593,-43697.65031278867,52.380339582102806,-11,1.440666699474416,-46,0,2,5
187.31321531070012,56,59,53828,1416,61,104.20657400450656,182.46494762825387,-38.195571213567355,-19630.934248884863,266.91542737014026,-13,1.6893183251308308,22,0,0,5
766.9744240244893,57,54,-11871,1178,56,74.60299446547572,139.1143714078019,-27.26610593097861,-56800.37992706284,30.976152379404816,0,1.3783894416573323,-26,0,2,5
156.78641386186067,54,59,-34411,1228,60,211.5675678831152,238.07402689429347,536.9098828032495,-8344.6659458997,3.4261310213966283,429,1.2325510406612508,-45,3,3,5
294.81625844231485,54,78,-41480,416,106,17.714103411977675,144.365366988374,6.0822198202040685,8540.792689945092,38.837675547935085,6,9.876429496587662,14,0,0,5
825.7344369854272,85,74,-15664,211,60,531.9935745929579,-0.4615288955428358,314.7317349521125,37973.071044440265,40.895605942579074,10,1.485120345486189,2,0,0,5
651.8889255339659,56,54,-84182,363,71,887.9922914811107,-42.593486656303284,-18.972017001257903,-16036.268600988993,57.69825995367305,-4,0.7271088623619136,-54,0,0,5
998.4056978688216,66,78,-72621,2069,65,439.5063563985538,11.309864235833658,-19.828054090837988,-53934.11691429836,79.06861329492658,8,1.1166024176408071,20,0,0,5
381.2476036977938,56,83,-22359,971,44,1013.5860630153428,202.394133732934,-29.671029336454303,-39550.00257463433,67.11836116785,583,0.09509623558443325,-80,3,0,5
633.216423266394,101,56,-69851,163,54,392.87923882342756,-9.8173213307409,17.38404212886138,-24570.340738785962,448.3129333309641,8,1.7413575082688881,5,3,0,5
500.01369541770674,55,57,-72332,281,128,40.63687381202145,29.702950699850447,30.24612979201654,-10683.737167974736,214.80315961757825,-9,10.260452997883254,-20,3,0,5
662.6336528560797,96,59,47567,461,126,55.90225263170254,30.360977156890442,585.0045975240143,962.0741362363733,468.63784677647664,-8,0.7755228161245353,-42,5,1,5
-19.895800398701468,54,60,-27775,-123,97,227.33954007762486,512.2444870493656,-28.269937147651895,1729.2009772242654,635.026944573955,-17,0.03695406421135805,-31,0,2,5
484.90663526873817,55,55,-17178,76,168,167.524546644083,352.26574101793335,-13.38539600716676,7226.019910126411,56.85608433027302,0,0.19643096059950982,30,0,2,5
109.61941087262362,55,57,463913,176,62,39.975048427388536,182.06752538571814,-3.738426400550077,-35236.967919591,309.3000183782384,6,7.573622416968617,0,0,2,5
550.0413614299191,55,60,680603,-207,-27,491.9199266769242,276.01088591418545,1.696203873610326,-52758.86709406902,95.97925868763369,11,1.427222521850394,33,3,3,5
592.4630038384976,56,62,-52150,-17,51,221.1957694734467,330.39988733581623,533.9978657667348,21770.191878382495,38.31774916882036,-10,1.6348562452515338,982,3,0,5
620.5598146956601,89,94,29061,115,53,41.22225361487561,410.49782035390126,398.353621096365,4285.7473178579485,84.78371831277585,13,0.7608294005583595,68,0,1,5
27.174350698789695,55,92,2736660,-248,55,172.601402043841,498.33007494954,344.2155220589224,-46199.839043191525,709.5778064233091,20,1.9434229465243755,0,0,0,5
93.40968046787319,56,56,-59702,380,65,13.204401986402758,77.56341031865924,-10.077817308247676,2226.292422246629,145.79200411012192,298,0.4688331363128246,-67,0,0,5
875.3186502606974,55,82,23088,851,-18,494.3509667698205,8.709383723468896,19.314239185239437,1919.9034265212485,104.11475954512606,5,1.1409419396050817,1072,0,0,5
519.8727906384589,56,80,-84378,-93,57,238.05307064955227,47.19327732312374,512.9455821597248,-10949.46682412033,96.01454080967761,-10,0.6851400694310112,20,0,1,5
183.1975203355891,67,65,2118510,233,60,210.76693588806987,327.32242224870447,20.885742310434466,6058.333038107716,13.495320536913539,-11,1.3703648610882375,11,0,8,5
129.66793509396555,78,60,-79684,110,88,940.1510355655305,528.426264796226,-54.86443221433417,-37476.73636857172,430.22966286382973,-21,9.065745531203238,-82,0,0,5
1408.3726826285347,74,49,-36664,199,149,906.8281478880103,46.245205576638895,-8.66716527118645,-40288.2751991817,28.95247138887538,-9,0.8802984311038821,-26,0,0,5
131.4056379737937,57,97,-26314,-225,52,9.025267978910179,-36.884143667488416,-52.15811541645357,-32129.475819957617,10.62381705843643,12,1.345485840585381,-63,0,2,5
174.26966767887498,55,55,-25210,138,67,249.32949196392372,-19.071794187974636,-26.52561271171679,-26662.34571402116,341.31294273958247,9,0.9843915045380025,-52,4,0,5
60.74001908083598,57,57,-32735,70,64,-29.16814660535971,-22.71039848224845,-24.979689573176728,-34569.72304610251,21.690277735104857,208,0.3967887000772836,21,3,0,5
913.4175014529649,56,55,-53126,194,65,-5.740655263070266,378.84713764399174,470.2137005279409,-44013.003364673736,39.00310128951975,-7,1.1326495927943452,-4,3,2,5
187.97950675174883,54,77,-76582,129,54,81.56172953298072,-4.243485025282082,435.30922123536607,-32924.58270293078,14.673000091656313,-14,0.4746948164826743,-73,0,0,5
1668.425657860218,91,54,-87278,2262,96,14.346867768386318,163.65509695857207,-4.603256296552253,-3801.1700523882464,90.06724937387142,19,7.026779923864797,53,0,3,5
238.76341674193668,55,52,29229,241,61,476.6065045018689,-58.5862605055302,606.5615344530441,-5281.4972902284335,63.66619853876787,1,1.563034383095593,-16,0,2,5
839.6652110162265,56,55,-65978,1926,66,11.3618880288969,-37.43411999793079,485.8626432849669,341058.3303236639,7.347425987423321,-10,0.9671834025207459,14,0,2,5
504.8032070140201,68,58,33278,855,194,354.3123833895281,248.45247389230633,362.4145262448603,-11230.957458129114,192.43664321321006,-12,1.3157513968860874,-3,0,3,5
232.53472696581326,55,62,-77532,473,58,55.00778699964407,311.004256388983,-43.323978434222774,-28247.83118660852,106.63537250546341,354,1.1540719039890233,-64,0,0,5
26.313864983414106,56,76,-63999,-98,57,1108.2576773881824,-38.83699660457487,317.620550571328,8409.100111515108,2.5762978704296415,-3,0.8557044149891424,3169,4,0,5
645.2582871857323,56,57,-8621,29,284,22.766109346767763,11.321323207910268,-59.53979025658939,-45952.206520780914,446.3653660252502,5,1.400072377782702,22,0,3,5
131.38175408973734,56,52,-20282,62,52,139.9636624303516,61.85718579946122,515.320248877887,-8390.090720487098,227.64208132420376,-4,1.2814261743034208,-96,3,1,5
52.92473434406187,56,53,-50294,1426,64,298.31182527431315,74.5794015994702,20.122948528507557,-30462.407908676767,17.873001025514625,1,1.0412116094804105,5211,0,0,5
450.9809946850413,71,56,13464,228,61,976.9446341383036,-77.73509871356387,-36.852997301981084,9332.817152508029,129.2033298556898,-7,12.404070604655617,6106,3,8,5
28.55260063394499,55,94,-8279,1073,65,83.57644901474802,367.17714627405314,-13.276082770538652,-13339.39949688994,249.5354784992219,-10,1.1802993206345835,-27,0,2,5
210.560646223638,55,55,-46578,176,63,24.099442569795883,-53.90602058636903,-13.334670047020468,2300.373324481732,59.74916822972533,-7,0.8142107031096927,-45,3,2,5
113.15109946040951,55,51,13955,-10,262,1050.0067802756616,159.962005432413,-31.084380394791054,-35642.528885213265,168.36718906486402,9,1.0265900570399937,144,3,8,5
868.0018016089195,55,52,-26904,63,113,11.165725605243182,19.44356449902848,22.10985138278904,-18826.661452965855,25.73632583159111,11,1.6742933523476429,-18,0,0,5
720.8740893597394,53,62,1958769,156,64,77.23060918580404,-33.148693127022696,224.37103186058204,-11055.939550258963,-40.204463858547854,-11,13.853524741821289,-9,3,2,5
918.4606220230689,54,84,-48309,-71,61,53.63491832147973,313.8438650726889,-56.5335520506382,8768.854793224138,340.3941240055141,-2,1.083735330973354,15,0,2,5
475.6258125479336,56,76,21115,-274,275,34.85482633026413,303.76273512272286,497.1286611890894,-41429.74464267185,59.161592037401164,-12,1.0573579116080878,-32,3,0,5
172.39216524776947,57,58,-62660,1261,61,491.4783160568598,19.69415242523135,66.85470094178382,5133.565736256416,84.77963265023826,22,1.0373666159533332,-31,0,1,5
100.75479150890429,56,75,-33052,-151,293,85.85119540089369,359.73734912649996,-28.727234462686624,-54430.27335868724,49.18739429985314,-11,1.6390763037637923,-592,3,2,5
176.51681703714723,91,61,-23400,-179,67,141.2950423481665,-49.60196422271856,-44.36441836128592,4272.882312020166,111.39856359145594,-1,1.4013823167353068,27,0,1,5
192.81720068722794,56,88,828783,304,54,411.0645514293712,15.160153268753138,-28.054447841008212,53799.961143983266,38.1083476718882,-8,0.5733700799976308,820,3,3,5
515.0557518558618,55,61,-5269,-207,58,895.977002073977,203.33595977327076,-33.40364351191089,-41187.44759883297,154.74346623244492,2,1.213423556368114,-50,4,0,5
113.21246385661374,56,60,-39088,-248,123,63.0879342861211,65.12728552002628,-53.37481626765053,121775.12299493384,64.38550945502148,9,1.7392825263107636,-1060,3,3,5
757.1080283855472,56,56,-29097,1725,59,332.6736955949008,44.72778971466168,515.3510846460102,13861.318922086906,57.419227795725135,-17,0.4081543341905072,-35,0,0,5
-18.097969669392867,57,60,6601,1499,61,-11.189698571876534,-14.0411451857393,573.6581845064555,-10615.620460914639,-7.166181979401301,9,1.6001813638713718,-17,3,2,5
46.12874993177617,54,57,-27704,431,66,-16.662659120196835,303.8104170021386,622.8844537553979,-5461.303779351007,10.167613680743969,141,1.362277292025729,-42,0,2,5
358.9908232654798,53,59,-20849,-114,65,19.986119853241945,14.576157505023861,-37.41637170623925,-16170.938836157186,62.653509131527585,-4,0.9993392561051592,-28,0,0,5
463.77669021783043,56,98,1883674,-185,54,965.5385531735458,206.0416472143267,-42.5597609674475,19212.325125224957,246.18152645495735,22,0.6893594818626537,16,0,0,5
228.74775754547088,55,60,-31262,2498,328,1025.0939772606864,37.37722683247469,-16.686621023705243,-19072.388447315134,112.28546017824934,9,1.7988019909834483,-239,5,3,5
110.38046265458803,54,51,-3174,5603,66,448.2075405232242,-65.47589573407473,-41.81947704595822,42249.40148173948,232.51486809617055,8,1.7749733529669158,11,3,0,5
-10.812584006487299,56,49,-60269,258,184,100.02418497083062,373.9893647274704,394.38635396832734,36441.817028845675,7.769387181791686,6,0.5182213976508985,-7,3,2,5
46.50591357456477,55,52,35355,422,60,203.4249089062346,205.14015692933458,94.6229679459349,-37037.94385481551,632.4796009481665,-12,1.0725872020103082,-107,0,2,5
152.5203663452723,54,92,-34595,2986,54,37.05381844277236,573.7622068045297,119.52066041312413,-25211.918041631405,50.76599460506586,104,5.150973639198364,589,3,0,5
298.13430844723496,56,53,3336,1143,58,550.3575479002808,393.43175128931773,-21.007667836736417,4551.507117950275,67.63993295113659,7,1.1322959072871983,48,4,2,5
1596.1802843244216,99,51,-86208,288,68,1227.0095536407746,30.82801293482565,-0.5209848923411835,187.11525194556452,101.27727348777856,15,2.2374235323431035,-36,3,3,5
688.3440448451126,56,48,-41781,131,61,46.1555365376808,-81.44546218222155,460.9920961812855,-13106.996126996599,-6.1961022840444855,-6,0.15322123192349119,41,3,0,5
526.2902027015239,55,58,-67675,138,59,65.28435666652182,-34.90478513840902,51.42268061945641,-11991.446171418616,13.90921551648109,0,1.513646827929146,-30,0,2,5
-19.08340756211952,55,59,715634,138,63,1370.7960820725712,309.12402260294346,387.208321364368,-24689.540669863025,373.01196743101696,-1,1.0763627362837909,-51,3,0,5
-65.88779047047997,57,59,26081,523,63,18.850750856529714,398.4834037874354,16.31255953077362,-5171.339466601705,90.30612533868556,13,0.8435063057985561,26,0,2,5
129.3317099364931,55,70,-79490,2188,108,92.88666958777851,-32.84700459882404,-23.843031661227236,16576.540576041032,50.457128082993535,1,0.8247486777107083,32,0,2,5
473.5652904082798,53,60,-11390,2093,-37,44.67133791542272,-35.93893828877431,196.75549593744046,-14912.668058494279,198.89569659875986,176,1.1863508317528317,-56,0,0,5
150.61520600431487,54,57,-69225,1857,56,86.29141594431042,-100.9998899787291,8.099753460995787,-42838.81482014409,52.434201228439974,-12,14.283165878326063,-45,0,2,5
736.211130342722,94,71,-40011,2313,65,37.30036757526572,-19.39845017515943,-31.781422476483904,-6322.382842888126,72.4030625134624,-10,0.8209217132248647,-51,0,0,5
115.4469995080172,55,55,-12218,1886,59,21.315346334801816,243.0102696129498,-48.825234686812685,-55054.54588296897,144.98407200399902,-13,1.4641228071684391,-25,0,0,5
47.00792755280439,61,55,-33362,164,66,69.69624983354956,3.2182963194953658,-17.24695946027385,-32995.95495623803,158.81140195450706,-17,0.7942291794664558,12,0,2,5
62.52927550556085,90,100,-65382,541,65,80.71037775549762,273.41043316901596,44.85297533789169,-2528.819898462034,138.05079270349307,-9,0.5860026891685943,1041,0,0,5
663.2914851728412,56,55,-1698,136,248,229.21503567011587,439.3654241582814,-29.023862223964464,-23841.744321139842,37.11570330459049,-20,0.6068299799361383,-53,3,2,5
1400.2496919368261,55,89,-86528,292,219,28.99777269759649,-38.61547141244684,436.6133691603576,9653.400044580065,22.209283480481915,-7,0.4387939385568902,14,5,0,5
343.2449335447237,55,58,2637,-80,127,432.5274083972186,444.8643586760208,-38.44250118560209,-38644.11668741784,256.36735383645697,-8,1.205388659418831,-43,0,3,5
138.56582877636924,56,106,-29945,78,62,-24.252262704432752,-97.49391611660317,-14.397566935084223,-12240.743070316685,-2.3477069347389516,12,0.9896262208452181,42,0,0,5
232.09845976803877,80,52,6163,377,56,16.119020436022566,511.7807664287747,-52.15120169003327,11537.909364336272,29.162403317166337,19,0.7883861574859172,26,4,1,5
93.73831056980072,65,58,-43457,255,-27,-22.465767158476936,238.06134709097302,407.53042823371493,-16681.273701205784,-2.0716936238942623,12,0.4221210449679087,-40,0,0,5
241.75872803383788,55,49,-569,319,70,25.887369759633273,288.2827970718537,-40.27849804590858,-24092.656074327177,231.34638793111623,-5,0.168656368571995,-34,3,2,5
-64.60104074693442,55,59,-24102,1191,71,23.936887615948194,-38.812920703305345,426.46939126130275,-19856.927723819368,47.535225603942024,20,15.091133567800396,2205,5,2,5
497.6772953945266,54,54,-35925,214,63,62.18774603445081,47.37740138078574,-14.682378653960471,-14928.093146665304,179.92431413063628,-20,10.731951286764016,-9,0,0,5
638.3974970526556,56,87,-41608,-123,208,61.09045052085105,14.25744010576824,-26.219163973113666,-126024.96490984608,79.14278356517325,-11,1.0151288057484384,2,3,0,5
362.4393024281459,93,73,-46682,-210,199,6.448225081151506,596.8378588843749,-88.46955487606175,-38099.44140762334,83.16828811610294,-2,0.8809861506321515,-85,0,2,5
698.9811141731755,56,87,38787,283,60,309.2906033559181,2171.6219210182962,-28.528530295560664,-25008.31936598038,5.522254360234484,-16,0.8453470154695345,-77,0,0,5
81.96218869835378,77,56,-21913,2052,175,26.309523501246815,575.247686057419,510.06897108273836,-3196.311306372023,179.2254292456735,-8,1.2067835376157696,23,0,1,5
-29.545210751158336,55,58,-46218,1567,57,-15.125395580850764,-89.02666950852583,196.90734524015298,-22428.56810749478,259.352257618269,5,1.705922046515637,-310,0,2,5
74.53576179638965,56,52,10965,22,133,36.064831723717894,377.6854776609064,452.5612249307629,-7938.592533182977,56.84438588004697,11,0.5422071787557066,7,0,2,5
19.426203276115814,55,54,29351,194,61,71.57164649598619,190.14061830665202,-34.589057796076794,17039.559133844745,43.44785263676802,367,1.8726345675056324,-54,0,0,5
1401.586130103061,55,58,-78452,220,60,172.0433044232518,144.32806093272671,533.3483184333734,-28651.40695802452,1400.843042040752,-16,1.3034279754644924,-63,0,0,5
140.7120350144411,56,54,-33768,244,-18,51.53529905273871,9.787032496983674,-21.06572841882361,-7463.291393655143,-2.933486062201041,3,0.9841403824778201,-468,3,0,5
177.86922263167048,56,56,-73942,107,62,474.44233470828925,67.96920547985593,-48.68759035169978,-6710.359121869858,130.54277575520734,22,1.636165985233266,-913,0,0,5
108.13520888440486,56,56,18928,1860,60,-24.348454239708076,702.6200389284086,-8.861018708091015,-36012.78267665512,115.19882698026295,8,0.9514660470599567,-54,3,1,5
184.2708086180847,73,61,-61223,69,69,43.697006687845736,-67.84900717209086,-43.563626683753625,-23162.474166043983,451.92358305163464,7,1.3337445562124872,-51,4,0,5
270.32893762626185,55,51,-98850,-67,161,24.379193241576786,272.42192932964804,-21.083649828094067,21118.472214030957,52.510513229614844,-2,0.21640150816464543,-49,0,2,5
208.77179975071937,55,57,-72568,2305,152,-26.550921252139702,-101.07889275259964,-21.774074880209,28658.7361079783,43.38197854922806,-14,1.1716308561092366,-16,3,1,5
183.8651096583054,114,80,-44047,-67,65,-27.695440016055798,-41.41704166295205,72.99440093326882,-5376.065310546634,20.094870015852365,6,1.0220698284738745,66,0,0,5
-13.295254509579763,53,99,-23820,19,55,76.81055188994424,-66.63112395952345,-2.3516693841848335,17373.166498615625,-58.40650128005774,-9,1.7733549807372206,-11,3,0,5
626.5922509623153,56,55,25472,468,248,921.6234972368052,-23.993079417459942,-45.91411886851646,-5960.229160561208,124.10126376974023,6,9.614192759786308,5,4,0,5
65.96591475426904,98,62,-89801,2416,57,4.032518568081898,-60.50367834856774,589.4275008952706,-36085.79131564216,1489.6054723173727,-2,0.3256072381338406,-68,0,0,5
270.4124949882447,54,79,15843,1361,61,49.52478783626047,1.1403409240161562,-5.567277811902384,-41002.56616096401,306.1738962994996,-5,1.1455136568914706,-3,0,0,5
723.4026080273337,54,89,21770,-99,60,206.22845164257407,5.76614658503663,2.3327327368182957,-19919.366603198425,57.939253940632085,-17,0.9749046230409035,-30,0,0,5
164.42774871637823,71,57,28858,340,65,157.42312663625913,-7.545805200284608,596.7075932140287,-305.9363659298306,33.69201580858587,5,1.2058503713289241,-51,3,2,5
106.33041520480586,54,49,36875,-90,58,1106.7277894602935,2.784490562532433,-18.031324712625242,-2586.5466330250238,62.72246358913202,-5,1.312120854059999,61,3,0,5
239.60401978482844,82,53,16893,-127,59,48.15666667881512,-8.727295949161288,-4.857524915485053,-10079.411323873968,77.0773991179473,-9,1.3127493401114214,17,0,0,5
149.02200698814653,54,53,-37207,2203,51,112.13412253235748,10.56271052777474,26.51328331903219,-30408.773214882764,72.40107149058191,2,1.1594576724425405,314,3,0,5
139.99545973780778,54,55,-40692,7,44,206.61417752168703,517.5228563685845,36.44466732375363,-21515.096711396858,50.81943404023526,2,1.2519659141976298,0,0,1,5
531.8406342164606,56,56,-23735,183,56,-6.686594683693897,505.4802909120937,-23.623248300283258,-38594.568651545196,56.901163374629405,-10,1.7405757801344723,-72,0,2,5
16.516494018190514,56,91,1343928,1568,60,118.19642225084151,29.768012296521192,-45.91411886851646,26945.561953599987,57.72898991523752,317,1.7446988545584965,10,4,0,5
87.3129503752225,55,55,23474,201,108,47.76813051634683,-61.84081509157348,1.4800527490100803,-57479.67376668827,14.631937388191865,-16,1.1441160630188891,507,0,3,5
70.46110654593693,99,99,-23102,98,66,63.091156067994774,519.4280409699138,-11.582994889315808,10336.27596744706,59.85833509965417,17,0.8648839487780546,-7,4,0,5
203.31555728438713,54,76,-42181,218,66,148.319620848733,-78.70628175727273,-23.588530169772795,23163.572131580266,259.0204627237795,-5,0.8083378536324999,-53,0,0,5
127.15473846058654,100,55,-90532,1521,26,91.09351699900265,-61.35835939341194,-18.519906212870836,-10599.730294708306,51.65634345574853,-1,0.8839180575023655,-73,3,0,5
225.42230801912928,56,52,-28388,1630,65,-64.00839850173259,2995.9448282666203,-28.759861833602557,-3103.4862521166997,6.689227737206878,0,0.6472190967410635,477,3,2,5
249.8897383287062,57,50,-56599,262,63,237.1437985734717,-37.3395331894279,-47.64097729033454,-56665.593422385806,200.69555556829312,20,1.657177195692411,3649,0,2,5
229.79122368874567,55,59,1121500,17,50,64.72540667311503,119.99664313817466,442.5283504404796,-19324.17868123582,42.69726309759383,-21,1.2712339908349612,-79,3,2,5
987.0888733405162,53,55,-26648,89,65,44.78423325824002,37.81255747374888,-22.14133497162409,-51175.42472858923,99.18813440250605,-2,0.8442574920408833,1140,4,1,5
643.9223433827256,86,52,-76924,262,52,-37.38688650282094,28.9868962920605,2.39778639448131,21605.30233661459,14.847627850027315,-12,1.5688777312605435,-58,3,0,5
314.61100127484195,54,60,-45310,1881,14,-0.6514716918291867,6.030750803638654,577.8869885335705,21435.70172660015,282.9368815593231,-4,1.6723311016011067,-79,0,0,5
226.86645749759975,57,56,-47904,2002,0,61.889622729704556,-57.10467219782846,17.45067109915618,-179000.2208964756,8.660713062649577,-8,4.911188147618689,63,0,2,5
123.09313464132298,78,57,-2755,438,63,321.5732129476927,178.31753063846776,-64.2391968429067,-9306.018848243742,356.80593116944146,6,1.5976478961737333,-34,4,0,5
41.89717198135361,103,54,-21620,195,260,355.8556497019494,-16.59176058334208,-41.98954643598576,-24606.029018578636,111.46746358450395,8,0.39514071918894866,-56,3,0,5
-11.647922606546459,54,54,51085,1631,51,165.93106244474154,-50.23280663687697,-51.68993699906709,-22753.82129274255,109.65387692139376,-2,1.271728653340126,21,0,1,5
746.5664508229393,54,58,-64913,-222,65,35.163204051760815,35.937209324770265,-34.65613428221175,5159.192935542232,114.01160890405964,-7,0.8970501938407862,-5,3,0,5
1741.2159583209389,54,102,-54264,-135,59,1241.6570962855078,-292.3488335872171,-26.69014376068641,-2007.9023549711437,14.079819312819943,-9,1.6157691968290087,-17,3,1,5
164.4287044634401,56,85,9375,333,55,61.06214736539024,84.52083031997851,-31.396786069997162,-28209.625887263646,283.6612944647856,19,1.4383292465107942,-60,0,0,5
104.25631971591962,78,90,-55204,1555,69,62.40747575751642,675.173456051961,301.2891577223393,-24429.488841398474,66.15044594396932,-11,1.0693989084026894,-14,3,1,5
1425.6836387625524,87,57,952814,459,68,1212.7573619039927,228.60678625192782,-0.46678769413772603,-29870.32481322765,68.38454994674504,248,1.5960425423239943,29,3,0,5
639.3303032431832,54,59,50841,328,59,-13.53111513419654,-41.846611079665664,339.43924106913136,12524.625706432218,44.964694270155476,-9,1.0929337657898026,-32,4,1,5
120.90219809487408,55,61,3480,761,52,9.543477945626208,192.47665712729145,12.890466775576426,-43551.51245902767,305.1788573033796,-5,1.3010202715706034,23,0,0,5
717.2369121704812,56,59,-13001,-196,56,288.0511784810545,-2.7991884248300707,-22.205336390485613,-24760.312197374667,166.48686118005463,-47,0.34522069997791255,37,0,2,5
35.196648682366416,52,55,-38178,146,67,15.186042796782075,-57.063779673421585,18.898169013288204,-20976.2392133218,1203.3891534030315,375,-0.07464301248313887,-24,0,2,5
561.6795844575375,55,90,-55785,62,281,34.588691055545006,520.4956005470951,-15.485921102217544,-13184.028982872473,40.23260332557272,-1,0.7351544801618741,-89,3,2,5
83.5417506924078,63,58,43883,-24,60,319.271936392448,-42.68397207869633,31.854822088287193,-32887.20851526011,40.63652089006342,-14,0.17641265189005373,892,0,3,5
20.014301078858395,56,59,-57322,1706,60,333.7482151473744,497.2248635236855,-13.769807016052303,-9541.044741502848,86.86174971110836,0,0.9311223932309771,-30,3,3,5
1036.9516360802859,95,58,-50111,37,-1,1178.4621016571555,-62.37763275292078,-27.23225489124009,-34188.694946842705,0.7150464092621718,1,11.829640526197739,-46,3,1,5
153.24885712420976,57,103,-12219,117,227,57.58514484349467,14.991926991736054,-27.737957409274344,-22534.70063766314,89.04873399211917,15,1.1933463666089077,490,0,2,5
1453.3488637779076,56,77,5475,329,65,844.3603251318385,106.17487035078085,-1.3260568243206459,-34624.22330179555,81.7094185910262,17,0.3743459044180477,-19,0,2,5
334.53082854942465,56,54,-1234524,197,64,446.7026507985681,-30.744019777254472,5.930683417313237,-6238.349055383542,63.18565314437462,0,11.740705823930274,-17,3,0,5
45.08286958723926,55,57,-56130,46,202,197.3787362606297,-19.49609111681246,373.59714526004126,-40443.43901185015,155.04844476345033,-11,1.115612212088425,22,3,1,5
177.75642097639286,56,83,-42014,306,228,64.29048478364152,261.0684162385101,-50.36244632695665,-663.0215589275194,74.6158862400195,-8,1.7602400714831017,1064,0,0,5
85.2747159653862,57,70,-2343,206,252,275.081157236985,362.6627824281857,-42.18634154158346,-43530.22652635615,227.4386171245814,157,1.5347731856747617,34,3,8,5
488.67003297686,85,61,-40497,782,58,58.57684943067573,2257.7368790145347,204.42431374089557,-23113.08330932216,59.77407411593948,-15,0.9074607315871877,27,3,0,5
96.01051205623263,53,58,-16669,100,208,891.8861296792684,-31.2394952924154,8.007814526960747,-26269.39353068945,138.75808804506846,-2,1.558713361077646,-35,4,8,5
15.875078063783278,53,87,-43917,-40,362,30.798839749405275,-1.2058412437452208,-3.308086030470184,32905.95576160849,56.375729959597194,1,0.6567850055355696,0,3,0,5
182.32382650917816,54,59,6936,1609,90,126.85264361851142,348.506697404561,23.351907164144812,29869.687348687745,37.4224622219528,-14,1.906642669066977,3,3,0,5
509.074466812447,54,90,-71422,1894,60,207.6901490769484,1.4050258045682824,-10.470898074864865,-49900.025729764886,146.26082838303847,-6,0.9186097957963302,21,0,0,5
124.7421047061041,53,59,-7646,1129,57,378.6272959347593,-17.04326788596577,-3.538021483369988,12074.89228572388,69.34435680642244,0,0.26370003361305394,-43,0,3,5
1511.6879711224144,56,54,-88597,315,56,9.079951952204055,191.12514059157763,23.138203788494273,-16129.122722621525,16.99711252627099,-10,0.7722385890396157,-55,0,3,5
580.1940296914653,84,57,-79085,42,201,52.46573111329702,-12.574418922502446,-26.082570726814502,-17169.308505089204,90.74059583457131,3,1.2204326150017837,12,3,0,5
125.66965539304513,56,62,28774,287,54,10.000593036377225,-46.55958500154253,-22.63961776862312,-25636.753908050297,61.26486821630897,222,1.3994295313174288,-14,3,1,5
577.532098261731,54,57,14567,1687,57,241.67993443011903,99.45409910368093,-32.79684096983898,-16880.023507710917,211.98211268407903,-20,1.6410100164023018,-26,3,0,5
66.56733426093547,54,68,25994,1334,82,10.569679628075903,62.63247834377882,-10.518850264531155,-42155.76590601136,163.27406730524734,12,0.36223087106502344,-16,3,1,5
74.93367424260026,55,56,-39317,-71,152,310.71900184072337,170.04621073034195,396.10656454132356,-13616.7388788058,324.82881673547104,-18,0.0021256888759553227,-79,4,8,5
139.73527130970018,56,56,518669,189,57,61.764312918224505,531.1575696691629,4.614311940928667,7348.828233112832,-13.050781376833285,-2,1.1446292100440254,-29,0,3,5
229.70820687223224,55,102,-471,426,173,221.07012958615547,-1.0185372648342934,-20.860678701076054,9820.227243281091,240.1745751856263,17,0.8944863376577864,59,0,0,5
118.04082799687565,92,97,-51820,229,163,577.2439793691128,-91.82740769083563,14.112148798761,-29050.82717106949,69.45339545850308,57,14.580392147901476,-54,3,0,5
500.3580861197127,55,51,23394,1766,64,421.24974364105947,-56.14622459495076,-0.16366779803450981,-24771.32119734933,91.51923405004777,-14,0.9282547002583466,-65,0,0,5
163.881174989877,56,82,-83119,-213,63,-11.59253095398411,340.39382400846284,3.7164299232479414,-36601.37768683943,59.61838793945239,1,7.585133938210782,-58,0,3,5
22.136365081910313,56,55,-82394,263,133,86.1759638993989,347.6732391661345,360.5677914782591,50912.179659529625,81.23038115337908,30,1.3162848667272193,1,0,1,5
245.54704353911515,53,53,36119,173,159,477.01578215611937,330.44700239671755,753.8151332491193,-4416.411234914893,141.3349760628189,-14,1.7651648279776315,-10,3,3,5
1635.319168665296,54,76,-55826,2065,64,8.705590696806311,1.5922924744838092,-56.809986108674146,-29248.304472394688,167.7727437252415,5,1.0457108246940585,-9,3,1,5
39.227500086409236,57,55,-17499,-36,5,22.931831647403612,359.30840575954426,-19.83333483463739,23569.5185090929,46.38323843708332,-11,0.7157456637507514,32,0,2,5
84.00241294223692,54,56,-101674,-11,53,37.449372070755494,10.32536787201935,-4.556805990902085,70655.82744040615,53.72212362481129,-3,1.1341642220373456,-545,0,0,5
233.20593634789813,55,61,2075071,1264,55,189.52501208661107,60.04898234217099,-29.65909706344415,-18293.49039512805,198.18217036295601,-15,1.8938745944683788,1869,3,3,5
888.4537132763342,56,53,4995,101,225,-1.8802653640758393,-33.72415136095821,-40.76303848916133,-47596.731066183675,28.476693650963227,-3,1.3727417387090635,-299,3,0,5
610.6269643152683,54,87,-20888,226,46,261.971097952508,334.4168195483825,-20.810785332068868,-29127.629641066756,37.48691989896856,-7,1.1718338477515697,43,0,1,5
151.90765805568657,56,58,-28624,279,67,1281.1058437391844,300.6398416054111,359.3806011285945,-21516.595296177293,35.263930849604264,6,1.00550341693281,630,3,1,5
177.55213395891428,53,85,-36818,154,34,22.688674600966962,82.90278087166601,464.5015011697725,269720.00705258077,138.42833042937474,-8,1.0838666410901798,-72,0,0,5
187.3505233431382,55,59,-99448,-26,65,271.3853312111963,-68.22064839475232,0.5798725167257244,1812.7492318725454,35.808001000911894,-9,0.9111539016091401,-61,3,0,5
1374.5271330051453,57,60,-49015,134,140,198.0130528264902,46.77214276273948,147.656326459235,26433.016891314153,131.43768673169285,324,1.271707399389928,-62,3,1,5
63.40309075885259,94,56,58025,-5,111,132.01999026856305,27.89956671969726,-31.171146971373183,25336.00115669879,113.69168553413783,-21,1.0682325243245687,-24,3,0,5
136.15298639295295,96,93,-89190,261,63,17.015846929778334,308.34618170313365,-55.02405051558798,-51015.46372211215,15.352104653703442,260,0.32811498287973806,-37,0,0,5
-11.386330333808814,55,61,-34671,-9,115,-5.5296460473499,-4.861340287271245,564.2762721123561,2760.638555722253,70.47703655410902,-17,14.155373171998956,1,3,0,5
160.09518277108216,93,53,-55495,-26,64,100.28904186908869,540.8104993374207,-61.15645685112981,-4682.586590844323,246.14595190023073,-16,0.9956823274978343,-50,0,0,5
182.24958376405237,80,88,-68349,1954,214,118.9893947425175,-55.864215666177685,0.28033261709491963,-28996.68003018103,34.16763897541783,-19,14.089886298650217,-807,0,0,5
190.70962956995027,55,61,-45018,181,202,52.66119185332548,52.838443979466504,-49.06232996351368,-7373.355852008071,150.01277298721467,-41,0.6549662073890209,-10,0,0,5
497.57781568813346,83,60,-60213,1210,58,239.09634650099497,-10.31281798196839,-15.714497269583616,-4281.084292335736,57.93112998977531,8,1.3809255812495471,886,4,0,5
541.5445472466982,56,57,-67536,194,287,126.27140208847699,-52.52523210154037,-16.533835949728456,-20959.821528047643,46.12932643285461,-7,0.8315802293629699,-1,4,1,5
856.5277351405226,56,73,-7976,418,60,6.822455692244446,58.011484740638785,-38.69005215102787,-19091.25209855276,116.57837834540803,-2,0.015094800612574177,52,0,1,5
903.427452292807,53,52,-60807,-104,61,417.3256460903973,166.00885311779803,487.43884191696463,-53282.10334646618,-4.299352907980719,-15,1.0577114084586015,75,3,8,5
-18.160649441868472,54,55,447850,-85,60,185.3166795562567,-32.41972940606221,-15.170858955283075,-541.6695653676306,54.509559646521694,-19,1.559157947280482,-18,4,0,5
572.8387458229089,89,75,-56829,2172,143,22.951348973366777,-64.5262600391745,-10.382464016029004,1704.5663750415824,224.73731657933678,14,1.2024154666094589,-46,4,0,5
567.3517220218464,93,52,-25922,403,61,159.63099139283696,176.01517419352473,356.51879936614057,-16691.9726491569,12.019270294398964,1,1.650137776762859,31,0,0,5
145.99717329622356,68,76,24762,664,66,1.2877190512269436,-84.36351521698546,160.56912002197134,-74.71937565433109,29.956254814707542,595,1.579655215975451,-76,3,0,5
1333.7004489749356,52,55,-11997,90,55,272.6152968598173,-52.6309239630912,524.8848235937375,-38353.899380829884,129.3665388289512,449,13.76553995567484,5,0,2,5
276.804923037648,77,54,-44401,1951,65,1117.0326483128115,-91.64680392078068,-20.151872244586187,-24583.3930677213,277.88795265172394,14,1.9723647948762921,670,0,0,5
149.67183665029515,55,59,-42237,-51,122,567.5719727836272,594.4803013820051,543.9856058710665,-44759.544043182126,3.7740318615422837,-9,0.8763129928061467,-18,3,1,5
74.79627337668006,56,48,5062,87,64,1.0372645871937465,-56.551041756265,591.3197093194132,2852.508154523097,704.5230818482955,-12,1.438506160041032,-20,0,0,5
770.474665496924,55,55,-18205,198,56,193.75319485498318,-28.402420293014863,11.680004607983948,-12431.472433851823,139.14227510544,84,1.6175363992714813,2,3,3,5
236.59325986009117,56,52,-349,-73,293,3.132640596635511,-51.31089206231222,668.4638961490604,-43258.526215618396,190.74794670312997,5,0.8074111609130948,40,0,2,5
73.95551757093826,55,53,-39999,-50,62,82.48391968533934,1348.0151694059423,-28.400536657739714,-940.1337846733531,242.08759133835903,0,1.2131676175516843,4438,0,2,5
157.9234551737784,83,60,-66114,154,59,260.1902243660799,-27.85910425193144,67.63764283345117,-10992.555442835926,1332.124124022863,7,1.529412768242257,-4,0,0,5
1019.0321380241529,54,57,27512,1520,67,276.85377744067847,-60.23827852518763,-7.018578466358553,-35147.38441617899,59.39961701274309,63,1.2073800319672432,-27,0,1,5
377.50410329855725,53,88,56060,-152,62,94.1264312941285,1461.1809945892667,-34.94979055695934,-50493.013143615986,279.4298713712803,-14,1.4482918318043667,66,0,3,5
202.1269604690746,84,60,24303,2026,72,26.744881649380986,775.3287608016819,-20.3842730149193,-318003.8943229804,74.9356691743032,-19,0.8191643877829431,-21,3,3,5
177.71638927568668,56,56,-52375,-130,53,135.47911937325665,-42.77670945290803,6.186803300918854,-28081.143773731907,54.59812257312777,-15,0.8006264847680404,-32,3,0,5
56.891836714084945,57,53,-74806,48,54,408.440637312482,-159.09725788008342,-11.853166114004287,-28527.24404143179,20.13132168090364,12,1.5403901902598145,30,3,2,5
288.30346893505435,83,57,-57791,347,62,479.5879828548026,-21.530276120276937,-42.42587479233819,-20283.613136684224,117.39339554696497,-6,0.9208720791682439,-4,3,2,5
157.2503977244294,52,60,-16957,1908,56,382.2298305573938,-85.30528381424281,-12.723127255396912,-18265.73643274328,149.36610462599344,-7,9.636662958733407,27,4,3,5
160.20531303498194,55,51,-105055,383,170,-0.10898987962895035,522.2326734518703,462.9607357287357,2242288.1685315883,44.17036416500893,-5,0.5548286739716465,-45,3,0,5
35.03963197448884,55,50,-57021,196,70,169.86899766045923,60.838560459097046,-45.95938698674812,136089.6921318297,199.79020775764116,3,1.4573975632468754,28,0,0,5
35.94778753307328,56,56,447899,33,188,186.752793244604,346.86433384676917,-21.45178161023214,-14288.262039591309,61.55988102970319,-4,0.1448312436210213,2117,0,3,5
415.6160452215038,71,60,-81386,189,193,982.9847929651288,461.67973842778486,22.369848665754226,6477.829388819162,39.6663343170544,132,1.4903063223121595,32,0,3,5
92.20093854133442,55,93,-47277,2050,309,-8.242820310707756,233.0355356455825,-28.067543901632696,-10694.483484985007,-29.15919149737499,17,1.5250457555283066,-50,0,0,5
146.15927818210676,56,60,-75246,77,70,37.17548095161519,138.12168123096222,-43.254371975013186,-26984.270146293995,93.36093897881341,282,1.7366561676399863,47,3,0,5
39.17435827797779,56,95,-88198,297,220,85.89898210320467,-13.013069615239573,3.7246000112973476,-18704.27918236942,102.60854482965078,-13,0.8629501089958267,-19,3,0,5
99.74426819355067,56,60,-15964,376,59,44.413726009833816,-63.046447071379966,-34.39102530364805,-47890.43215175833,-6.551332774713018,12,0.6727587044386064,-75,5,3,5
178.82399044450187,54,59,10720,258,63,391.3325484355353,532.1591587213076,375.2870646991232,-26315.32859923225,66.30348904137493,-5,1.509344850266157,-74,0,0,5
-57.212396049961185,88,56,-125770,-29,68,34.15864733109528,-57.6637130304627,-12.20647225392504,2435.6028375187716,108.5462330898024,9,0.9031473941766976,-48,3,0,5
121.81603920194107,54,60,8843,473,135,217.04091562162984,-25.48033219099907,169.9088706892697,-22294.825875258146,144.10147692389802,3,1.8396614555752362,-4,0,1,5
948.0353233107603,53,51,-89501,95,67,197.75476618221984,-18.428393107359902,-35.008922927639965,-20074.732810937785,166.42052888861087,10,1.1159967683749472,19,3,0,5
481.6212584742168,79,61,-7395,709,67,26.808080831826857,-33.147217445284866,-8.557847434607297,19047.911965472384,57.50100655423946,-6,0.8368375294165727,-45,0,3,5
157.38976339106085,57,59,9614,-9,179,257.1415185518564,513.8197789550717,-47.7567672580337,-11486.797746607272,54.19570432606632,-7,1.5000488742449396,-47,0,1,5
583.1549527534582,55,52,-26607,514,119,1089.5131499261327,-39.62097174240261,-44.683920270276815,-31807.861439708315,282.0055357699279,-14,0.9189598438653334,-37,3,2,5
91.81652062166638,66,56,32241,118,68,-0.3901830822338326,-50.41052252741321,-0.3406271368081182,-18176.884996609064,29.03973039585135,-6,0.7432017901613187,-30,3,0,5
603.8382634629642,83,83,-1170,1995,64,54.40961571958981,-47.69743503069017,41.94709007783797,-36143.181083943455,28.79494358706671,-2,1.2964461525723672,-694,5,0,5
552.2811564996226,56,62,-56874,-222,35,-15.170831803712176,-74.79128273512703,-25.032799799057017,-2804.044897828484,-7.323384762790653,-3,7.8272121934661785,-32,0,2,5
1745.7040933627186,86,85,-52446,199,65,254.6915848373239,265.9803825349415,12.255218136243606,-42611.92133308571,-20.724567107709845,-11,1.0940618144328793,-30,0,2,5
102.85844758852483,69,54,398,208,53,43.99719773015022,30.72529357281704,-10.277531082783286,-43843.57268439687,47.677501049195,47,12.568171640785955,-31,3,2,5
356.2184329833126,70,59,-6036,-175,56,440.3458211107368,1.9154825936469706,-42.939215529082304,7592.764354055318,12.492189480683564,-13,0.4555029693030811,-78,4,0,5
59.73184302542836,55,86,5810,76,54,31.04229541139574,-44.32792764969239,-21.127190664708415,6918.005025274126,23.51553471906407,3,1.6181777676674143,31,3,1,5
737.700005389717,56,80,2400,187,66,94.00053184904694,-89.19209189416799,-19.86947664999621,4395.547182117225,49.342197948303635,-10,0.8489275514286225,25,0,2,5
102.67559535325655,54,104,-43411,124,65,330.4735434574667,0.8953796769971012,-44.433592425097295,-16747.04133355977,168.78757887751925,-54,0.8959388774131702,-71,0,0,5
-7.88630767843506,56,59,-12901,156,62,88.36905090550619,684.4608034886663,-25.34050202431984,-36686.58170541896,37.42792096536337,15,1.5499098948151742,-52,0,2,5
714.2947854940348,56,60,60534,434,61,78.29328524727725,275.0598197464492,540.9429902872065,2789.507844136142,103.30707964598045,-13,0.751905357261665,19,3,0,5
699.7466675430671,56,56,-59577,160,60,24.880186155267694,-68.72410181430837,-5.116208912426959,-4452.644258887814,68.96556703562095,2,1.5322002933199188,-9,0,3,5
109.9297673306442,53,55,-7539,190,69,138.99866761276996,-44.86863434728627,660.3081077975805,-26609.82203997817,390.9222825592729,2,1.079502383109976,-137,3,0,5
-127.05123452036378,75,57,-1886,1,53,-25.453686394824302,-29.857208068321754,502.4397777079727,-19444.61666726799,253.02418584174268,-14,1.1704442080366777,-55,3,3,5
205.4347909227398,55,52,-68072,337,78,55.367173151604376,138.33792677658886,-20.960594237719683,-1696.6768706494258,254.04551144391885,294,0.12431808517454934,-8,0,0,5
847.6064652685407,57,88,-36847,1390,58,525.8413704525378,197.84442845832268,-14.437302462196778,-21662.100127056903,37.98404709282522,50,1.3061429756590563,2,3,2,5
148.06792073264614,55,58,-26864,463,58,144.42928074286374,225.67330968544638,455.16823683846803,45765.40601117458,-9.745206311840548,-9,0.6748215430546947,-34,0,2,5
480.5663687748867,56,59,-47153,401,128,171.47292712219638,-30.144677788109036,-10.740952000801702,657.0217015777398,60.75504899334395,472,12.387197647882344,34,0,0,5
138.1573407445448,56,61,-60669,2159,56,-61.60934065414358,-10.955467771490039,-56.38835459590978,-14758.789669840085,182.80934993225375,-3,2.5409421202077196,637,3,0,5
289.66869877498976,80,54,-79870,1125,56,412.7655115061718,-88.8822294725934,-57.11861621492312,-22171.093586475887,1951.0896372876375,-2,0.9612418360353493,-19,0,0,5
161.81375700018634,55,90,-22080,278,16,66.22598249215311,236.5023912272208,-21.67435944143582,20109.90635511654,-0.7677653088488512,-3,1.5252171547229296,-13,3,2,5
515.5927207181103,55,89,-67096,130,70,105.04971982870711,18.786370213524414,343.32741783813697,-18501.2317103158,32.2861074921302,15,0.5801353828308333,17,0,0,5
334.74788773074374,56,54,-85143,48,194,360.5293891020962,270.1213650531027,-1.762194857698601,-25845.556720790846,64.41668601540239,-4,1.665818557542456,-52,4,0,5
264.6078827178608,56,75,-5907,292,129,187.89226764293142,434.8960117855715,-41.363102102952645,10909.16524124199,51.7450702943294,216,0.8569309842770536,-77,3,2,5
156.10688161786712,99,96,-80350,158,67,50.61019938399168,5.628169862184448,-8.480777554827561,27164.079729744735,169.50910302832006,5,1.236374589118229,-58,3,2,5
172.02587126931158,56,53,-44345,248,58,15.45823553996,518.8645790704383,30.144769870744852,1118049.392465982,15.579918614957421,-12,0.9427100692204455,46,0,0,5
577.8885840767881,85,62,-80044,436,60,10.23686326160383,-7.7114245356378905,8.544787799694344,37301.00348315578,58.7225411982205,5,1.4798907940390977,14,3,0,5
160.18691882103707,54,89,-70409,-162,172,31.93364884195409,-49.118078957873486,-55.03816316539336,-39516.73657627554,71.06988807285188,-37,0.3794743759015729,-64,0,0,5
25.042956410896068,83,51,-78441,317,188,175.430718794364,84.90546979369529,1.6277554520762654,-22334.49100288051,491.82886815354664,-1,0.6826082385186236,476,4,1,5
259.0783219174954,54,63,-62067,357,53,555.1071326750047,28.52681600254091,267.85618281174004,-55906.999471462375,31.458439471238506,-21,1.8792234595305781,-50,3,0,5
73.64683477193111,55,58,-70615,2055,166,448.0046397267181,-76.1661031633441,-28.322397289342064,-20174.240132242077,124.78286987383211,-6,1.1526708932255438,-66,4,0,5
3.982921056732607,54,77,-23230,133,65,980.3768994661784,28.568402174222992,-14.894836592865639,-27414.066845089495,100.16885323103084,322,1.129965006095287,13,0,0,5
130.25034150129463,54,48,-70154,218,237,362.3956115693908,145.2127579790071,12.96246060937825,-11049.796644542615,335.34376878010437,0,0.7073881751673473,34,0,0,5
-16.975139219526213,54,61,16011,-28,76,391.9420916727914,-58.98623174322099,-31.81061146583854,-34799.09264307109,524.15144106588,-9,1.2634195426840318,-47,0,1,5
663.568658158071,55,52,-10610,4866,63,76.89763686727713,597.222140784404,16.722163321543654,-34729.546251680236,112.25577431289398,5,0.9825865336596993,0,0,0,5
147.52086521561782,53,79,-23028,365,332,50.804089529915515,44.38985859669879,1.5811697353672152,5028.836514465421,231.63950057924995,-17,1.2203531876933347,62,0,0,5
205.09320764950414,83,83,-46958,-108,58,303.3972613256328,-11.869616100323917,-5.517366043091018,-34126.486453342244,70.11563519937417,227,0.6375209275326659,1431,0,0,5
606.1484027036015,54,60,-1143,-21,60,4.391361146416884,226.93609838639946,-22.047799567079572,-45379.488757968626,29.044434163590452,-20,1.2040238468668738,-77,0,0,5
146.180155771614,67,61,-16241,1509,59,280.44398226916996,246.27879401392778,245.30869500495527,-6917.715025167234,77.0271111253887,-4,1.0784966156483187,-54,0,0,5
78.39390508436337,54,61,-44574,381,52,1176.9280240515984,-51.045838101839415,112.94267799001004,-26727.917619793414,141.48014659659395,-7,1.6912225900801812,7,3,1,5
673.8973923653673,55,74,-103496,479,255,58.868900108182906,6.781131904996991,75.0332139553324,-24961.703905497037,447.47288229721494,644,0.9204197615257832,20,0,1,5
-14.061826325138128,56,62,31113,77,89,144.5606708275435,-50.928667543257376,4.385741816669281,-40819.20483926601,53.08784356103745,236,1.4050986378467178,-24,5,3,5
86.31165256506341,54,57,99029,44,52,305.539479697719,8.681270773293676,-24.567491751122482,14729.473469692424,391.2356789802715,-17,1.2193971154370393,-25,4,0,5
68.72223444275647,55,50,-22954,1637,62,77.24940249027992,269.0775618464796,2.518137788635244,26211.230650087942,361.09194253956844,117,1.6743314410575592,-55,0,0,5
-64.88825139159458,54,59,-20916,166,54,1047.8567673051643,-18.09011102165968,33.93493633369818,-35767.057835444895,93.27497099298941,0,1.205283815981125,-22,0,0,5
208.52339952254084,54,88,-61692,-51,54,-11.609934641730376,648.2635673595656,-10.109022226147689,13950.28716601471,6.979240421342638,-11,0.8550579631562801,21,0,2,5
9.752468377535138,57,57,623817,2014,65,258.87548790153966,-26.771323136328114,-55.17645149365252,-22764.518087554614,350.9888488408103,-6,1.4813207692767596,1,3,3,5
-68.3100765608438,96,82,-44745,468,68,406.3712822205514,577.4728496467119,27.261288258350135,-23548.956166523385,334.45560555018915,-11,0.8549928055686641,61,3,0,5
-20.752948833352818,54,58,-66608,107,218,882.060521725467,430.2407797140427,-26.009344106132673,-3904.2591205061144,39.77364301970117,3,0.9674219699609352,-319,0,1,5
142.63696835199,56,55,-84390,2249,144,26.30418108235419,337.06353021426094,-10.392273411631994,60631.34168487827,131.16018475831248,5,1.5073227661357598,3182,3,0,5
140.17036732562426,55,56,19742,276,147,123.7191943995337,-60.89807735052975,163.92502662086125,-41039.72934100754,70.97045370239096,5,1.410130980734556,-41,0,2,5
85.38986977685502,54,59,-53969,161,219,96.52481369437297,343.35474567908454,-20.188310756787395,19764.42658161101,265.6419116454798,0,0.9372686515369821,32,0,0,5
707.5661608658501,96,55,-2110828,1338,55,13.174503104076194,-68.59100608173551,-10.774138347614254,5080.327133468294,77.4646531693358,-20,1.6071982706678987,52,0,2,5
101.1203863035485,55,82,18275,106,57,171.03026968912891,-3.620806897196628,9.717863290176508,-11459.747860692618,341.88663416446695,-5,1.697588464181244,-33,0,0,5
96.94320074098616,56,81,-75881,472,56,284.87332883142363,363.13031092864367,5.405471860029961,25931.220299177647,110.83717843070829,-10,0.8326195245153423,10,5,2,5
541.6346998758628,56,61,-23043,72,94,-8.566183628554114,17.280401453048654,23.39824477099439,-18135.396160209362,8.107583606319793,-15,1.094786012552324,43,0,0,5
67.19411240071071,56,65,-62266,81,235,54.18119815025516,-79.0882147407334,-22.264965555879066,4701.421577609094,236.60736363561944,677,1.4515296848157624,-64,3,0,5
59.43257276818218,56,52,-14588,220,170,39.02413519144654,1.3029930438438626,458.35578245321665,-14862.303982920794,71.86483172118909,-19,1.4414715082300642,-10,0,0,5
-1.6676749248286171,76,62,-8556,1845,62,4.173446446014367,765.7768366278256,383.834620276941,2997.5775130293687,483.9580065327751,441,1.3935858676212602,49,3,2,5
586.6724917145714,55,53,-36087,160,52,433.345623201078,394.10285058548345,-30.133335916332122,-22796.58694060029,-1.695398301678651,0,0.7700359462792251,6,0,1,5
322.1737973610564,56,59,-87930,236,239,7.96117599345439,34.38164094119625,476.297738236351,-37809.09921897035,224.9024602100168,21,1.4607251805462678,1476,0,3,5
1621.1434250668608,53,51,-49498,197,58,16.44011147613905,-10.145923757509575,389.28232631946753,6113.181294900098,26.474631410808215,50,1.062400856973141,-33,3,1,5
160.9509328381061,79,103,-12100,-73,55,-11.580129076764393,-13.675846704505702,338.35599677927087,-38764.580511118635,-77.94148779174793,0,0.5550532146097465,-63,3,2,5
-7.823463418493134,56,88,-32440,1821,56,32.26177134518951,38.367067258571986,-7.125301930548451,17337.821106217034,234.2935530374745,6,1.192475265429975,21,0,2,5
176.4352612601997,72,52,-81538,468,62,1066.262684415253,28.611016327324002,101.24731131118901,-41438.494999780596,71.20412836078125,2,0.9772432427280714,-37,3,0,5
210.93852140641565,56,105,-12869,356,56,134.02678264661245,387.6409812733107,-1.2199854031913446,-24348.942062589173,156.77988399523565,-17,10.435544327806728,-58,0,2,5
462.7470273904295,55,57,32633,60,58,227.35715125071624,201.3464267878516,387.68034399335,1729.4711961753346,15.977532001006551,-16,0.8974164364170026,87,3,0,5
52.040723149778124,55,79,12116,1628,59,249.90093325038,477.06071480474066,19.81249093256891,-22774.870380118307,3.449511517473667,-14,1.408983799955817,31,0,3,5
797.2743288160091,56,58,-35536,138,25,85.58757752783389,551.2203321825612,493.8336810566223,-40911.66063017386,1293.0632432391915,19,1.2089926117298864,68,0,3,5
144.14772439158168,83,50,-4273,77,63,253.7665498972059,-72.03344877071095,-47.778423827552515,44189.369002210246,109.06761358510249,229,0.5557349495926018,-47,3,0,5
127.05787408341541,55,69,-46857,2572,95,45.64702691059599,322.03537917340174,6.839229882434518,30.33658498785917,675.9209230511934,-78,0.6449018904940975,-26,0,2,5
57.2407862335676,55,64,7754,890,57,3.9458640670568172,-7.102492536657165,-16.349886207423303,-37788.1534822691,278.34766652202904,-5,0.6646706235020564,-52,0,0,5
192.83217928052545,55,60,-5849,22,56,41.6020091717827,-47.924294704102756,-39.682316790799064,12529.732144837244,9.767402983357755,-4,1.3893099483788043,-3,3,0,5
720.691552167387,54,97,66223,22,64,1122.7767265372408,22.53857019048064,-37.26442152337709,-6934.926142182181,27.55279716511346,-13,0.48126759307561195,-28,4,0,5
890.0451697615631,65,57,-93292,1573,71,-5.259594937597043,-94.24969898856708,682.9068565610222,-18065.380384505093,650.8339026071677,12,0.3699182249302607,27,0,2,5
157.6793714753629,80,57,-20876,265,67,164.55495475162846,-60.43711895351773,-11.246212923535657,41856.901457608765,350.45626187223377,-9,1.3886599485886084,-12,0,0,5
-64.85382882938264,54,55,-47860,343,70,92.7585534544104,262.2241007653977,37.14126551017065,-23738.934084529254,102.2851950927188,-8,1.2467481946625267,-73,0,0,5
270.000862891255,56,60,41319,167,68,170.03014507216264,0.929000433777917,-49.40204554807264,-46888.524875363306,51.0758122454367,-7,1.1426925785738744,-73,3,0,5
838.3172103931543,54,90,-53958,288,144,-7.1307759882699315,1221.7599317809145,404.42992973495836,-9152.549556009499,196.07799120328664,-5,1.442617807852081,31,5,8,5
783.9776694007654,54,50,-72743,-41,68,7.170781404043225,-1.1622183238312402,-44.614789096702154,-27182.152237761038,46.54265744804644,12,1.120494476454473,13,0,0,5
165.83301025701982,57,96,-56108,-4,220,1441.28327944257,420.38709606159676,-24.988486170667144,-1447.6071279213793,46.599413603436275,17,1.60780263048151,-28,0,1,5
94.5630399857735,54,92,45646,69,63,321.80521570139,-24.85962343179503,407.1310123103398,34822.9945043108,345.8858797160496,-3,1.38039828001249,-39,0,2,5
87.5184790804823,57,56,-82653,30,59,18.732109072443677,348.16653717173335,-14.808585210800528,8484.54072106177,39.148706473827744,-4,12.640256321880656,-9,0,0,5
40.21741518414751,56,55,-68330,-45,58,392.7137180548034,-54.950295991154746,-65.25735920705999,52189.33131354258,40.55280400736894,1,1.8010936806463498,-22,4,0,5
188.03221385201329,107,59,29151,-148,55,121.4917125423676,1411.1597275033334,-23.00661336285313,-2717.502703327913,95.45042627722466,-3,1.0611163036001983,87,0,3,5
102.59737000228998,89,74,33033,2039,149,109.30037590252101,18.827225103233815,-51.6932351639662,-13630.540500131354,46.75844850893269,13,1.2846891933746845,5,0,2,5
163.60534403762355,56,76,-45743,309,52,53.3338671845456,158.69036085350103,-39.68584955320145,5394.753345571081,128.65521115323088,-16,1.7285006358122463,10,0,3,5
106.87075992817128,55,101,-102670,217,61,173.33764428872945,51.44888979139829,558.9661888444862,-7816.6387372579575,31.415026408132547,-21,1.3375245195787506,-22,0,0,5
268.55069971172156,55,74,-31083,33,53,105.03135832943546,-69.22189845386944,19.22985512163018,-15594.905239204278,217.71084155676783,-11,1.662914094440469,-12,3,0,5
193.44891134847876,55,61,40482,888,62,414.2340072251868,15.109387481564596,-34.957458675350985,-26353.042982873187,1700.3713506045815,-16,0.18712288290959206,-80,4,8,5
769.0492692793482,55,80,278456,-30,57,153.70703612247098,3049.08307647805,-15.461824258669475,-14115.883880199339,13.994590577596554,-15,1.5600927977136427,-77,5,0,5
876.1091487755521,87,51,-47509,416,223,1260.4470216555085,194.8509631100714,607.7515412556985,-14677.999586317865,59.58472688736224,7,1.0919088306106233,-6,3,2,5
193.90233396609688,55,55,4959,198,19,-11.3417965378692,-93.09382515235802,359.56176067432455,-54738.779428385846,50.85829371652139,11,12.736682683213857,-64,3,0,5
262.3066944806313,55,56,-51306,-20,58,-2.3112142669230877,-8.676088063544077,293.38484557746335,3756.5784072336965,-6.43291854654872,7,12.839546303089467,-19,3,0,5
52.465670228664074,86,52,32535,-129,64,15.86164648970312,48.08571681002921,31.59770120784639,-34066.34927961016,282.0056070949725,-5,12.172587959734622,-9,0,0,5
444.43231836985484,100,84,946453,25,56,267.7563477473246,51.88165267562267,-49.20707662303972,-49347.366610364275,177.53787799461566,13,0.8328300531091153,-76,0,0,5
1624.3213203522578,55,76,-76092,-182,62,35.47162726017996,37.88102803639866,231.14924795228674,-3105.515585673538,55.29490442735782,3,0.6507597315852109,1540,0,2,5
62.87172672842201,55,62,9489,217,203,-29.829664042702746,-29.579975890590667,16.77867027016547,18048.338691810106,133.84157848361957,1,1.2000664406862107,-23,0,2,5
270.25091106285015,56,62,203874,2169,-8,41.140535602224666,-56.28961551339769,-17.998053266718365,-50594.546568768536,-13.796358747928707,409,1.738113885102184,-39,0,0,5
201.48941450686868,54,50,-87001,252,65,39.846429109315224,-19.00389553488913,-19.833479733095302,-17409.89380338147,66.2449960281307,-2,1.0167076436821478,-32,0,8,5
743.8430099173356,54,53,-20953,-164,49,27.189473550343536,295.28373844087065,-22.58761992201294,-94817.39414947221,130.4818930945229,5,1.2012287128777341,-4,0,3,5
138.7970978510803,56,52,-232667,-36,153,-47.54076716988959,-2.701888542432851,0.605712454222826,-11537.676422414266,453.1360431538934,4,-0.148043667530526,-17,0,0,5
48.70612165091304,54,54,-67719,-16,64,19.669134776990532,316.0946599187047,598.3993454656223,35733.808926818114,228.5664515242407,9,1.1999606703109738,-36,3,0,5
127.14445345628025,53,61,-41240,97,63,374.60094674868725,-13.44099618314349,-26.518266589898275,-46576.6211522401,235.41982066365486,-5,1.6402153267367505,-137,0,3,5
303.8967791647838,94,57,-36361,1570,256,50.578849416708266,-69.09674481243252,-18.16536268611904,8305.297277801386,66.5640079974799,201,1.0614598675403366,355,0,3,5
158.87960123312456,56,84,56921,76,60,-14.920069392389095,380.5434042600155,3.524351492452781,-39768.546188447704,288.754917749372,91,1.146469944659639,-48,0,0,5
160.71567021503213,52,87,-20174,-67,259,-28.590502811696794,41.429733260721974,484.2131250480211,7233.057445119011,228.0663203117639,8,1.8762035933224268,-15,3,1,5
147.13577748960722,55,90,-46502,94,64,14.757996063848552,38.471273831082,-36.4528337607427,-32761.176673969938,70.97510280885915,13,7.3922804988068656,-353,0,0,5
197.8432237978493,55,78,-59084,354,283,46.1210277777421,363.47257253742714,499.4459613492304,-27316.00858636744,31.89524664674063,9,1.8994864258107413,57,0,0,5
535.1115007046191,96,55,-11947,1069,240,53.02738497722631,322.4875294453849,-8.143944989585918,-29985.73306643353,99.51311813333103,318,1.1537277560891592,-4,0,2,5
228.18657137581948,86,55,-46694,123,197,1153.4831379049044,55.69192385580675,-5.85436075660699,-17220.256081345877,78.67370848201179,563,1.0632845962925543,-5,4,1,5
177.16773562422702,56,53,-26652,168,59,29.240901748824953,-15.391459305513312,20.20399161600222,-35562.40627479727,46.19323426621976,12,0.9408889462764747,417,0,0,5
248.60319310753653,55,53,19215,43,56,994.2614309748842,279.1829361769313,434.65698625058246,-43498.57107600852,145.2452263185008,-9,1.7868973362747131,-82,0,1,5
236.05895808254417,90,91,-75841,-149,47,165.74622267288277,2.1208041420391845,-12.901128111013408,-50139.93278925567,555.0543130743208,-11,11.126377675639748,-64,0,0,5
86.69850098084576,57,54,-37546,170,67,308.3452985647885,70.10003511874308,13.782813003734585,-15005.804241342668,22.038624811933538,325,7.494974650078725,50,5,3,5
229.22387813163334,53,95,-51404,39,59,1034.9200071964112,-66.00919327960992,10.687542170317835,5138.365621488864,19.08841436967706,5,0.7196386091925279,-17,0,1,5
479.7135347497571,56,55,-71345,241,58,471.4658030329824,292.1521214483744,-51.30442430190632,-33259.36998790234,82.96946628601363,24,0.455119326329832,-44,0,2,5
202.98344301437956,53,57,-43773,-240,59,344.2033536986088,-68.08759877723375,516.3764319514895,21992.509944954636,29.5307635081928,3,1.1485317231458536,1,0,3,5
1046.0226973473236,56,52,-37300,290,266,78.34594213325906,-42.58794516394404,-42.53047767909645,-38825.03634943048,125.46191811632468,-1,1.0401305628641286,35,3,2,5
53.27297097024428,55,88,13001,144,55,46.25153059446541,-42.10352189013206,441.80886694061525,-29969.304615464112,105.86931063865066,-4,1.6320257424653692,-62,0,0,5
164.31821775289023,56,55,-79126,309,56,272.43021973251996,-60.61002734964244,-36.469255585972554,-30687.35495803182,1230.4318560202917,-11,1.371817234761283,1620,0,0,5
74.83306215791606,77,57,45085,-173,267,6.000077788751241,1864.6800429343266,-51.89655300014539,140804.76100452588,133.48189967144125,313,1.4254379805175863,836,0,2,5
107.63461873426766,56,108,-94872,-78,63,25.733657403302743,582.30384384464,631.4293524654662,-39721.31923647349,88.368192845142,10,0.42468377038209426,459,0,0,5
683.1555859830397,55,59,-1627,2016,66,591.301165537128,329.8804465543476,491.7093755803683,-14519.412282556188,60.81111010074641,504,0.21659742374605012,623,3,3,5
152.18784470766457,53,52,-54789,78,66,262.71328517277624,-35.707252413013926,16.853858769967893,-20153.318080070407,301.0262609038803,-1,1.4052860827839022,-22,0,2,5
114.78292226197853,56,54,-46025,258,217,1294.366425994101,12.039463960251462,-19.102200215776172,12748.637486011416,76.32303411123088,-3,0.5443618705923953,-2,0,2,5
760.8548766858182,55,57,-74107,1317,65,1112.1397905171827,201.35845073434348,1.4516759385117841,-30323.560583747014,590.1438257964037,-9,0.033930783775871554,-29,0,0,5
512.8020865634757,87,59,-12955,147,191,172.63611002671914,111.21853402641108,260.28567846114527,-42293.26536589434,3.726872245907913,-4,1.104925229043109,-34,0,0,5
859.5120059829328,110,62,-11287,104,49,330.0140269856785,-10.539779293818611,-27.803954658702054,22223.79906538839,110.88491989449466,6,1.462311660587511,-82,0,1,5
91.19129948786284,53,82,-42912,-44,63,323.33098200075796,305.84984384166364,7.088152495762465,-28620.444818451746,69.29749149714146,-17,1.6319974886014463,-45,0,2,5
308.88683659757623,54,59,17962,-143,57,292.98104882493897,23.59744142394589,419.4509412165015,25374.677993496123,14.497591928527562,15,10.099895512031308,-45,3,1,5
165.42599518653242,79,57,-32750,-228,169,-43.17786328422696,2.4471613421012783,519.1954396729725,4314.627910251862,-0.24088235294824756,-13,1.106852375401492,-568,3,0,5
1417.5894944920142,55,99,-57566,128,64,91.18249278498232,279.24360397486583,523.316277072097,1028063.8924268722,70.86301015830793,-8,9.569517395497973,-5,0,2,5
138.48711460934965,54,72,4785046,113,196,60.36986319426735,10.469075110916918,-16.649798415591796,-25382.782544269576,32.91223598433285,-14,1.4842491373078808,22,0,0,5
750.291766083313,79,49,-3262,4645,63,218.26561847062638,204.0322064566957,425.2567207929331,-16757.94698285991,156.12428320562304,0,1.1614654410278402,179,0,2,5
125.06768261128383,55,92,-70667,2400,64,-19.27556387962248,-49.228451497436495,-28.621950701329062,10592.851552911594,89.12719515483394,7,10.239883268278199,6691,3,2,5
100.86273608894945,55,55,-56169,885,152,874.0044346843043,-67.7865597027166,501.9216506092196,-426.88033963929956,156.3926445409241,8,1.924224019622574,5,3,3,5
339.18068015650425,57,63,-12763,4419,229,499.58258211418143,338.29624988426906,-16.63992002072313,29015.821300975993,45.12015028820815,-4,1.4393173358646068,-23,3,2,5
-29.162112859194607,87,54,11734,79,65,-8.425339736246158,19.80826156309549,-16.29370930528895,-11781.487123006953,41.31251889367074,2,1.638981536779568,-46,3,0,5
21.597738940607982,54,56,1115097,385,67,1004.6628483339456,453.121618720022,-26.7928905671981,13295.854275438527,578.2392262272965,4,1.504841002440612,-95,0,0,5
225.29580471130078,55,71,-13961,650,54,104.6402812437347,155.16922175640843,431.524790179232,164.71506981445782,31.120807717548466,4,1.3966386587505553,47,0,0,5
675.0757660026909,54,86,-66161,191,61,189.86336072608398,203.93465837285777,-1.4722530434196663,8217.646351260046,85.00805935294181,4,0.8900561277782473,300,3,0,5
768.8165135714783,55,59,18382,860,59,43.15197043302379,322.40246519370476,-37.497740240270325,-30942.0196325874,199.29958179610315,3,1.4719911671780566,7,0,0,5
949.6072029826377,72,62,5552,2385,60,337.52418957679805,-37.79663713648408,47.98442421128174,-18505.49923191755,45.22186535493921,13,1.3778735101844295,-15,0,0,5
849.4319354838469,55,56,-63068,-23,54,238.27131657191313,460.6833094978472,-35.01909801935101,27350.27888871373,235.09828023025972,-10,1.9297368203191543,60,0,3,5
1731.1557313772753,54,59,-62948,135,132,214.88126497847628,-51.64484575684112,0.13048949930821152,-45092.00163169905,205.6665837270253,196,1.3500947887054777,-32,3,1,5
113.51911251055503,54,55,-63016,1587,70,507.2513967877237,553.6905065308987,407.4952068378584,-45606.29611946492,162.72911547225397,17,0.4721208861775116,-1471,0,3,5
1098.4089021988707,55,77,-52399,270,59,356.65692298779567,-12.670836347001941,-41.972890013252616,-46349.42191943628,19.84017583405319,-5,15.10898383599529,-13,3,0,5
719.0363105088536,54,52,-33263,467,124,65.73919947954296,0.6040305282662306,-24.569552529190545,-35167.77894928284,53.961393894463924,46,1.2328235947602757,37,3,0,5
563.2366046077791,95,55,-87397,882,64,56.156840987283864,383.3885843549723,484.9127763606267,29988.671965859576,234.17282351204395,12,1.7178330114434779,-32,3,0,5
124.55686126657716,56,54,-49003,2028,61,479.02654744811736,-11.58960741203142,1.628213147205221,-11018.866802055627,1.9816738156519733,-5,0.7151038140678883,29,3,2,5
222.16696302046864,72,59,-1537485,-12,204,29.33891763849941,-7.892290258831366,-33.04610311705342,-15418.7633927488,177.73633279860815,16,1.1619459701990256,1202,3,3,5
100.92568515491072,56,58,39557,2061,67,94.10237402861213,525.0802547490397,-21.638509315480263,-18736.070280477346,62.3560325873605,-11,1.2223295864385233,-50,0,2,5
161.5548905582811,52,59,-9244,1791,57,59.2281859439806,395.89719062933403,171.23871786971262,-35287.77338867022,14.287589885746655,3,1.3687942418679893,-38,3,2,5
-26.052806433114256,56,52,27965,243,55,20.212958521807195,-36.047282983353114,-42.98975059126023,30133.894735523325,38.215083177174165,1,1.467481378650741,36,3,0,5
215.01979248389563,56,55,-20072,1697,64,33.679080083391185,-71.78900823951346,466.02233773471306,-30958.486840059762,-29.375705392851557,-12,7.672992180366933,-4,0,0,5
99.56100075668995,55,61,-2804,190,65,39.85209813896984,330.87572456620427,435.91210762487344,-12936.641918313833,293.20606652040374,-16,1.4418101282309839,-76,0,2,5
234.7158436029011,53,53,-75815,368,65,163.6222710451818,61.40411062536376,-12.22157734316833,-10054.008589334362,145.3022088810257,328,1.4747182335348292,9,0,3,5
196.67369491982032,56,57,-27994,2036,254,373.4698923028769,-723.637709161552,25.19374366230265,12229.801355128193,16.03695048050622,46,0.2983714139551886,41,0,2,5
440.64670936242686,56,109,-51683,289,58,6.267581334560546,-46.33657259891309,46.89074905077738,-44429.20944977081,8.376316497571239,-9,1.0389427969757032,-31,0,0,5
507.78799754695024,56,59,-50382,69,141,54.71352236775738,174.700233128212,-11.81342023700188,-56415.3012236316,8.58989133088373,-6,0.7889694127847713,48,3,3,5
383.92449127365296,54,59,-15444,-120,56,-13.408944045738608,-7.982557997436858,4.487043406328265,195348.7874406831,137.5464961084138,345,1.3178604414131994,-33,0,0,5
462.07746564621675,79,47,-82311,442,67,107.99146899233304,72.46206258257814,-22.277686720493406,-10588.30143261844,357.8044342432959,-8,0.8180819498074052,-17,0,0,5
119.97530264743409,54,98,-80551,235,60,7.8796947288196435,17.50790815201245,357.91338498550783,33967.22508167677,404.1105741948933,-10,-0.05247241580915862,-21,3,2,5
63.40143386947894,56,62,-68535,455,66,57.16454716886862,-60.41815798035511,-3.267348864017629,-18114.562386738835,606.1969167934428,227,0.6914201854607012,27,0,0,5
489.3477463404013,100,60,-65842,2270,-1,53.40069174644962,34.65744547370442,-14.327609729607476,42129.83336388446,58.49182489634227,215,9.845875772661735,-19,3,0,5
476.7228659016221,55,52,19319,419,-42,-26.097184249841305,-50.73207895817586,15.811224666256383,24022.017906056368,106.8978011904714,-8,1.4076192861352725,-63,3,0,5
206.6946793615523,55,51,246535,513,66,79.7689154363602,363.63251928306255,45.35682177567938,-28445.114705419008,73.81140330734537,11,0.08890389251864356,23,0,3,5
77.72290797499201,55,56,19873,255,327,-44.467434553412716,-2.520746687653716,-35.674821040784146,-18976.16035678757,183.02849377346107,4,1.7202358405509857,-30,3,1,5
163.27508642379354,55,79,11612,723,63,33.09029419687623,8.345803508373388,-46.36523606747785,-22987.731859972533,24.885626724977513,-8,0.45771085076514584,-7,4,0,5
95.02280524348308,54,100,-51195,250,59,49.5988538253447,-31.066271776752927,-28.47250519181079,-11477.515564152598,31.43729159690821,11,1.3918481725794714,231,0,1,5
418.99950402844064,55,56,-62393,186,162,45.15011663143,-40.123387573236776,353.70136397993883,-19519.12389103546,417.41614713807763,285,0.6938746022004235,7,0,3,5
11.84276554176833,56,58,-35335,91,61,492.8650181407218,289.3901807259782,402.8825813239183,5294.376694374408,-5.3999979774564935,-18,0.7625454806147223,0,0,1,5
-19.329716114351143,84,57,28016,63,57,69.9240118484262,236.87117672559157,-20.069040926122867,707.594631639302,86.20281885366948,10,1.1713263915904462,28,0,0,5
788.8584714749611,100,57,-50173,377,51,53.535983255803664,366.6585764576188,335.2561851315768,-20169.111355019377,251.22839388568792,-6,1.7313658732279018,63,3,0,5
843.7129765388936,56,55,-15868,371,63,231.352382640719,-83.23315069165065,-39.96005263498068,-21306.836489697504,29.5806941704084,269,1.2417610340408785,-1879,5,2,5
1273.292047551608,105,53,-142782,443,56,-7.343464916480556,863.7993074373173,-4.092412183237698,-15590.024072972605,14.626151418542605,4,0.7955768944604626,18,0,2,5
1037.883359126361,56,61,-48340,1763,58,174.5407306850595,119.83902753637935,-9.187749780838324,3735.8205319147673,43.06829851499757,-10,0.7545855690288976,865,0,0,5
-89.91173064137216,84,57,-25541,-44,57,47.680146242933624,678.8937624585711,264.5324225026624,-32935.82639506214,313.3852296097294,-21,0.6432612793717405,-10,0,3,5
157.56794860273192,54,63,35771,142,121,257.3936063660884,-56.093818678651864,8.968802949590726,-14643.661324711013,284.2681920461122,-5,1.3816205012346459,-60,0,2,5
95.35073322384979,54,60,35503,1300,179,42.327051844265185,-57.208711603266615,4.893343201401872,-27124.775388294052,7.69843741487027,-2,11.599973616316912,-42,0,3,5
-28.63739205424325,54,61,-3020,212,155,82.33323547735932,110.6982092125981,-15.865168666055323,-7803.708060679079,16.02724622284012,2,0.6423996797541843,-5,0,0,5
311.438746809,56,57,71556,325,57,-4.486992514231758,-28.85262235360974,195.6435155779011,-38494.74912507832,115.91673888436515,-6,8.218508430335163,19,3,2,5
876.3952302012069,55,88,-25289,1555,65,25.073096468905547,-39.34783611866248,-46.6809537074362,-2113.3544931989654,25.910093925346146,3,0.7018940778905953,66,0,3,5
288.90654533109443,54,57,-64113,1160,55,34.73719163728771,-15.899237932871277,333.4691408372237,-10692.72437037924,24.57359895394508,3,11.851165268723921,-1596,3,0,5
168.9775272043945,97,52,33283,2191,254,281.5496820186487,333.98977018475523,122.41602128747057,-41695.149174820544,122.72695574906128,0,11.660458936005005,10,3,0,5
112.53151659775912,52,84,-57058,325,58,-2.2589378815319066,-855.3481770250144,-36.969458862532775,18785.457233825415,30.062664222809246,-6,1.672269079537646,-7,0,0,5
-53.769403433489245,85,57,15196,1878,58,19.80135147931381,-37.818242039426984,-51.07755011642682,51326.39193786423,6.711457674034733,10,1.9698780000605063,-4,3,0,5
240.21112385958097,55,92,-11061,1112,11,131.92417600354628,-4.615252083375026,-28.73256572410284,8740.36916727514,218.6852010684381,7,1.8132881506433733,-8,4,2,5
236.05405921490475,55,61,-44540,-843,263,18.19663815174789,-6.839815606373605,-32.27027537384114,8922.95805033811,94.13334751432748,284,0.7432740644757375,17,0,3,5
871.2837949446339,88,82,-55754,41,67,1251.2195335173187,-88.87611154205533,-30.164068189262288,-23096.03260116661,46.322671711587276,-9,6.087372528670178,38,0,2,5
740.1044985470917,56,60,-48116,270,230,227.72733735613232,-32.27111595771499,-7.22413187874551,-507.81576004755334,303.05449726163,-8,1.3888296707430188,-14,0,2,5
6.0093946856128895,54,61,-52298,297,59,358.29798614735773,169.04921843810035,-45.714687990970106,46806.694690298384,9.346713232360898,11,1.2338362898919253,3,4,3,5
65.99116371148548,55,58,7201,-305,61,51.956022358128884,383.9780894347532,-33.06914657181224,-53085.121267123024,187.02710457338628,-5,0.8375094116865434,-71,3,0,5
79.37856937034937,79,58,17557,-135,65,34.727757697743584,393.6478335668669,-42.26973405407424,50805.36243114262,106.53855344526293,16,1.12891511412704,-69,3,0,5
972.7223079051258,54,82,-72285,190,34,213.90134854862643,-103.98016480564792,435.7298114512291,22835.090314323505,-13.765760170088257,-13,1.3830166110522097,-30,3,2,5
145.41518992447928,54,61,-70830,99,9,217.60354141763963,516.1886219652037,350.4458343079949,-28846.838777249985,246.7375930141518,10,1.128455921282209,-9,3,0,5
851.8712643173453,55,55,7438,1482,65,301.2675249766556,275.7622876086904,-24.62475194172788,233566.57210537733,148.07591168603182,-7,0.8913713937810808,-29,3,0,5
452.1352341681345,90,68,-71970,146,52,-17.590112371691603,13.876096394350391,18.27111748671718,-22008.686614035338,328.5513122387572,-15,0.8274623014555342,-61,3,0,5
-24.700043187015112,55,58,-80071,1526,184,1322.5853857926827,350.3759809028186,-23.306060975966098,587.685241244486,56.91090778973057,24,1.6472184192698303,-21,0,3,5
81.52802884451079,57,59,-22683,437,54,496.75186625885715,617.1295051633947,-14.683363043484052,-21297.287318000337,359.7175431185865,2,0.9670214405764781,15,3,1,5
484.83073583588964,100,56,71547,27,58,222.5350616552279,14.642023252798664,-41.41473655343028,-52881.18885491888,332.0238565520256,-1,1.2092160702321302,-41,0,1,5
1366.8257832424283,75,101,37880,1719,59,194.99225475018392,23.61783087534195,-60.07544535585172,-22859.809562594404,224.58602189480942,-14,0.6427046406311285,-5,3,1,5
722.9035957195426,71,89,5296,95,59,302.6596865819233,226.2495567419278,-58.20544565742223,16352.264767785542,331.76456867885713,7,1.3438076786455924,-30,3,3,5
1315.8067143783182,86,54,-21179,271,64,245.42699959066726,132.51148381800374,-12.898908634634305,30942.26064878085,143.70767708785596,-14,1.7419333868232934,-37,0,0,5
-68.41102538575576,99,57,-97236,65,150,285.3405777495248,559.0377687090993,-7.64515964793525,-27599.62436862089,161.88863065712775,0,0.9607579618725581,61,0,2,5
339.1690390888548,114,80,-78516,323,61,1012.7653081743331,25.028971840197205,6.351572397355047,23594.00938924384,39.81465389941217,9,1.432503123538537,51,3,0,5
722.8427208131504,53,79,22632,51,113,258.1047225954387,252.17943004782887,9.222521586876734,54527.330272369545,38.99515269237209,13,1.9374622339689442,-6,3,8,5
121.83949316710613,57,55,-11364,485,65,190.6262498972778,-52.014746136202454,-1.8699061613753658,-36166.13785251959,139.35752457992567,-4,1.4381788529554458,-47,3,0,5
422.3347847889544,53,56,1420,145,53,43.892585877995884,-21.09947312586061,565.0779402202169,-18973.285916152687,174.7458638801941,-20,0.474340041720953,-7,0,2,5
127.41892907951573,52,96,-49118,960,59,58.23597511011845,-42.368091642534644,170.63743839806898,-5314.343426472011,186.3763681518129,8,1.5965627090340446,-54,4,1,5
297.47761656523016,56,55,43802,18,55,70.09983575334374,431.7628740604757,-16.291724426413126,-28694.598927414634,12.822188071955907,-12,14.288925899553488,1,3,0,5
230.66060881938586,55,54,-89214,220,-14,198.4029215043922,256.8281990058097,635.234792194215,23987.506316755796,73.07335132156884,-1,1.2479912380932587,-33,3,0,5
906.5987241956154,97,55,-43406,4368,60,163.98515198945046,80.66332812468143,535.7127318205593,5260.863085024603,252.10973558815493,-10,-0.03231076040694736,-43,0,2,5
920.4936966078321,57,60,-92675,1644,269,143.28059909802158,53.88075949444416,534.0171410817803,-769.8549358574219,427.46539370283654,-6,0.12747003603062906,-75,0,0,5
222.24878907015088,54,53,-25026,2028,52,1072.133281862787,-0.3849295088896554,-29.753846855064495,-14176.96197569731,45.06158371479691,6,0.8686950666855507,27,3,0,5
126.6604341100294,54,66,-9703,1546,65,24.4013561147121,166.5157937929704,-28.274994793825627,-24102.838268905733,213.23438428242363,-1,0.2877760785361432,-75,3,2,5
51.67939592244502,56,55,-39690,280,67,302.36494571691316,-73.57399133242322,-1.6323583644903348,12994.720555731474,4.903899431048501,4,1.5492347866441136,48,0,0,5
44.72342571919609,79,48,-53782,-158,157,333.58371050854043,-60.422715684889134,-9.314460032317783,3956.6120228987947,292.73268695464105,7,1.6140269510188543,-40,0,0,5
150.35937131743378,98,73,30186,56,185,7.830684451048398,305.53271579529763,521.6066063550305,526.6502085275624,51.63946462458887,0,1.5963565752099307,-3,0,2,5
694.6169829436001,55,57,-10233,802,54,22.89918456880828,392.5901363942211,-25.438273983776604,-36804.85363356447,28.835014375921773,-8,10.142159452766297,193,4,0,5
378.17376009143095,83,59,-74328,144,180,44.11306680581408,-30.65270044096271,11.966773031035867,-18426.08715738883,113.17716294270642,10,1.7307432080940022,-11,4,2,5
83.67254702802242,87,84,20158,147,230,91.92156176063523,-49.660184478781346,-41.164407217573455,28211.989898562715,75.06836425001828,9,1.3169010171188504,-18,3,0,5
547.3774879987676,55,61,-44731,168,85,158.09582563265272,5.019260200183151,-35.46711945125927,7425.707408688844,83.7053018536879,-12,0.7699876768890772,-11,3,1,5
103.19245425729989,55,90,-18587,1589,190,165.0973241884429,-86.76691381436655,-40.425572280663275,5479.63008701466,272.9992738530657,-5,1.2893826905160273,-406,3,0,5
218.82115891259966,56,88,-60243,-131,180,31.723152871716863,241.91022694982837,445.38058755450004,10609.262408697821,234.98904116950828,-1,0.69201421073945,-24,0,0,5
967.6024700734074,65,62,-24430,74,99,597.0634648959272,529.5161868110871,646.9608661668378,-39475.340474118246,-17.354715522261415,-19,10.834893907041373,-45,5,8,5
17.355256072889333,55,84,-30711,353,57,252.44157686589037,-76.10234141492205,-5.502765798474893,-9016.516383821168,386.0318056394656,-6,1.742497099730054,4863,3,2,5
325.2876239004362,56,61,-34156,286,58,20.118467199870025,-125.73472347782399,23.99291954213674,-28897.179168293893,1017.3211475528706,-5,0.9795110114461811,24,0,2,5
107.82096835747801,56,54,-33379,38,64,50.91544980215145,623.5405405322183,5.281083074469179,-15714.951353928916,120.93680474085039,17,-0.08051390090672395,-14,4,0,5
482.8424853815428,53,54,-57974,-40,66,326.8203265389634,263.44219687730117,349.6160201554111,6905.728902967161,666.5825657825801,23,1.6887333507651021,80,0,0,5
575.7658725898182,56,52,19101,372,8,199.38371707468275,-34.146695917732366,-36.22081682999513,-7235.186765879813,50.421537183640396,127,8.18370540859023,-17,3,1,5
16.8895604061409,57,60,-37405,1712,56,38.43879738140463,334.0139498330875,458.0320424075455,21710.787848497723,74.12659099363837,6,12.289565893322477,-67,3,0,5
609.2974209112981,56,56,24420,210,64,192.63058171490076,407.8421581029485,-21.10779267115258,35021.24262941674,270.4812630196815,10,1.862605298545296,-36,3,3,5
64.84333499215633,53,55,-11942,-38,174,827.850011104787,-27.2749187439683,-13.014513454303907,317813.92424281116,32.80928352543149,-9,0.975037373718197,-33,3,3,5
282.45139833925396,56,54,-68303,139,-56,899.6463471089969,-25.470571171170725,2.409833091273703,-156505.8235284536,68.53021244944331,-20,1.5087662145439442,-30,0,0,5
-2.890474950568418,54,52,-35905,1893,156,5.733852690781745,442.3589378934791,-24.400138632186888,-23950.085971975917,103.38832160544771,-7,0.8304985501487501,-51,0,0,5
225.57487501937453,54,54,16748,299,2,54.889434924167446,46.56751906287643,-45.23312371604332,-23580.56209467281,43.39496497215,8,0.8677059998094571,-24,3,8,5
79.05468862626003,57,51,-45857,1513,20,42.93798194044335,199.29299131927502,398.9786906739984,12526.52638993068,-42.554823787028454,1,1.227560728567389,-57,0,0,5
129.74541327791553,97,78,-31821,1588,68,928.9937129446159,276.5805523459636,-2.77487868015756,-23269.810300942612,24.036674383700607,-9,7.641649248798546,1040,0,2,5
142.47694926655944,55,51,-14728,129,57,52.87913168648912,-119.56685220070608,8.5532749968689,-26710.446840450626,47.673525866711344,-21,12.89840351369154,-40,3,3,5
267.5644627517793,55,56,-97654,452,69,-20.750267460442586,596.235869656989,356.2003242642792,-32375.368606013923,31.072047662469487,10,0.032886396210098034,-37,3,0,5
-17.8575052754248,56,57,-8788,2217,198,126.93029730798801,544.526310942336,-6.001975485609444,-12780.125934320515,109.01635989031317,1,0.6704561270189573,16,0,3,5
1373.8316286068207,53,46,-56808,-234,63,176.10180207416377,276.9936109696753,-20.228015234230398,-35684.45480884059,67.08596598714912,0,1.554143113829441,-66,0,2,5
76.04986007116514,54,53,-50120,73,152,-39.28994476386447,-60.919659195945506,-37.15048533594898,47326.893085345786,83.06071800834688,12,1.8573171643884008,-21,0,0,5
878.2793763873353,54,78,-50501,1601,69,102.01613909925341,35.33536302906768,-0.4275501117257683,-14711.401232436949,-31.638021686323384,2,0.8454586057458011,19,3,0,5
584.5878653370822,55,48,-47608,219,166,41.16208258078022,1329.833923168169,-45.00949709600143,9181.638329226314,46.45505701398895,-2,0.7381553508154063,17,3,0,5
350.7859602755772,56,65,-52890,-184,59,361.5549305122146,18.841941736155437,-6.0948714969587385,-14892.14003076919,6.204151308055444,-2,1.0980500913929179,-10,4,1,5
9.619525528027452,57,55,-29794,2453,53,231.13848656719424,303.1727091968792,559.9259658726744,-28668.649295555726,-34.136667876483614,-10,0.6519777356550739,1521,3,0,5
257.9508224082117,56,55,257,1636,126,117.0911319839372,690.6800069233217,372.0485086706984,-42312.58332947201,156.3965669996369,6,1.0081803816271278,-33,3,0,5
270.9186848358914,55,52,-9247,1696,69,-31.026132986083212,-47.36023841734469,75.39061092814245,-6096.613294415069,303.01277276003236,-3,1.3209546232423028,-11,0,0,5
415.0812070903875,56,51,-40517,1934,7,361.57098836745246,304.6408337753661,-14.723010021538995,-33237.09361126675,350.3391081090373,2,0.04338385291318342,-11,3,3,5
197.3553932626877,56,58,59892,239,60,-16.746355460891863,-38.71893437970615,190.35826841070136,-18534.56230284615,40.47922647130228,-3,0.9812395008515417,-73,3,0,5
-42.72143743780852,109,61,-90949,1819,68,38.780502226470986,-56.937005546209996,-34.27391974995009,-27185.476684457863,324.83012436128803,26,0.5043068534693952,-31,0,0,5
16.069870282581647,56,55,-19889,1790,141,200.04868445240606,438.78691674016346,183.87404090410575,-22811.553410153167,71.16198421752067,-8,0.5558411983700293,-2,3,0,5
163.45296505319374,68,60,-9204,-70,111,1.5889619145794995,-1.909130408220193,-8.033374816334826,-41204.12150765436,27.12569322532977,-17,14.000682103076791,-16,0,2,5
210.7057539304137,92,53,-39447,1043,179,161.62695944934086,14.875954355265625,18.46062741984771,-41050.07302101503,110.52526334405539,-11,1.0998316137059687,-635,0,3,5
832.5462496371135,59,54,-43485,2038,63,9.906529136922899,49.343688333335464,490.3566226041945,-16458.027631702076,381.1848681420328,192,9.819603997930535,15,3,3,5
240.90854401835048,56,75,-55441,137,61,6.891239918720416,-8.580578021692153,405.84210467129833,-30291.724269718994,217.0984185716323,282,0.9162896163390556,-57,3,0,5
83.2532815520596,56,71,-93371,226,51,149.6886575639749,8.616193124739077,6.683118612606949,27017.796539097704,13.539626797652389,-13,1.104697810084391,28,3,0,5
309.80243282624986,56,58,-69331,87,80,282.07304219383957,330.64666076219197,-3.18368035446416,18141.35752858014,98.59293166062955,-16,0.6923143468311435,-2348,3,2,5
391.1712364094876,56,76,-9025,-2,62,160.99554392460104,-28.323698052391343,-14.878124970719961,29377.817804152088,14.485013998721008,219,1.7995379558171436,2,3,1,5
206.9493232816022,55,48,-49954,19,54,199.89711100601326,12.494207392965293,-16.143169007422017,4462.669677219901,135.38936999066368,-3,1.2615051748039967,3,3,3,5
203.42687048112577,57,56,1634,254,52,-4.807257695707207,-85.39344883988164,-6.6240751648807645,-1222.1616268756989,-15.322648130951052,13,0.781219708485268,46,0,0,5
306.3794118946699,100,58,22718,4,64,451.5570415162594,-42.06000849347206,482.3268720805541,-33406.1022288907,81.24077753179984,7,0.2936397711581832,-282,4,1,5
833.3659492252912,90,54,-8677,-84,91,184.95493900034867,10.816194893633089,-7.854252722651163,-48132.14784805308,72.7073030034258,-18,0.7316575016066016,-769,0,3,5
207.08908953841225,56,56,-83813,2187,51,94.85318350820111,130.6552824981615,2.830974996748741,-45862.02875099046,16.92758333988516,11,1.8062630007678346,15,3,2,5
237.9023850481345,79,96,3598,911,66,60.76142983802014,322.998993293127,295.64695663261335,-15155.901717820934,648.4019366984342,7,0.7679277503909809,23,3,0,5
320.2739602178739,72,95,-60342,239,154,307.6273419002284,-37.179844442204576,-9.324379826745847,52927.870927332435,17.32659575684592,83,0.6433493686346098,263,4,0,5
213.4066559572973,100,70,-28373,-97,171,-11.213382517989146,-54.00626318566923,-16.000324427653,40496.530979222545,8.513411664624186,11,0.9326786474182992,871,3,0,5
366.8835546586059,55,61,8808,49,257,149.6379058697661,107.7573184205628,-58.90885637133657,-19731.815272904547,256.99761919012303,12,1.7452476162253943,-621,4,0,5
155.70257710871908,92,78,1187,1991,254,24.76646961967738,507.21796033719187,489.0498036036046,-40184.416383852615,112.25854391876277,-11,1.8766201814810333,9,0,3,5
64.47368806498957,54,53,-18575,1762,66,-18.72516875524593,344.2400885488381,-46.57653481871974,5342.073030662033,100.32459427972745,11,1.6585203059319356,1249,3,3,5
252.44852390108656,55,75,-38070,1273,61,357.7742833911335,274.12100238855993,347.3852742109389,-22889.092253706345,33.51120599824034,24,0.5647637194779355,631,4,0,5
86.69328354196703,55,57,-37343,-210,56,-12.916303035818686,345.8669821086404,534.7006617499031,-25138.55413470074,292.22501906245543,-8,0.8934212957693366,25,0,0,5
602.7995826374336,97,53,-84846,49,66,-20.14282743354974,139.8925468980141,573.283068879061,-392.90380539323996,108.8919162253286,-7,0.46703775219745686,77,0,0,5
145.55280966739628,54,61,-16577,-183,65,19.999073182754728,174.12326717995631,-24.43789043041138,-41461.57234414367,22.260009789735697,6,1.2889742480568172,-53,0,2,5
236.4943629052083,56,54,-53823,1277,145,1082.230631104474,174.3546397325515,39.66503555081476,2341.8621608814365,90.3248944548454,6,1.6418124375074779,27,4,3,5
80.58850989771162,56,63,-1447,266,-5,391.2854896776519,201.05389313507231,-12.957683359121196,-13812.573335034054,2.890467349876701,-10,1.2692712633900949,1040,0,2,5
949.4260185143135,76,56,-15374,-251,54,-0.6946403028287591,390.98190637086736,-13.158793218798897,-3376.5107433716494,44.74562002206572,11,1.8161386073656283,-5,3,0,5
1091.834808942324,76,58,49287,418,65,-75.98687004774251,361.26543654185923,2.5091783777362475,-12827.682316569737,100.15267659881599,-12,1.0615237647697415,-71,3,0,5
484.9555135297568,79,89,-84773,1641,56,67.96858621756495,324.2110171749399,-12.860811840081452,-900.4137520051536,341.85661075926066,-12,0.8053385802887612,19,3,0,5
877.5487024569798,55,55,-49123,1963,65,1317.0341382364634,281.0578932654537,382.39150064563603,-28159.33286527889,242.9780940297359,-12,1.8650915248728743,-22,0,0,5
44.54782678155823,98,59,56493,196,201,225.97120013224125,-49.042834560928966,3.749742121846109,11912.956850735798,78.09172754030307,-16,0.8676760779269888,31,0,0,5
129.41027312837807,53,58,-13903,-43,53,335.3992656430355,439.9305214798401,327.1334442367032,-27920.597113432596,550.8183649686396,-13,0.914970554748594,-58,0,1,5
794.2615898739526,54,59,21097,1767,61,46.589233636796834,-54.409523963900604,-33.44904502872286,-22170.73185911509,236.24901234672524,-8,0.9876494155487006,209,3,1,5
87.30819514189007,56,80,-79934,1662,64,160.0986280159922,12.968393793034352,467.69573818144147,-29475.16350922823,44.50064304262204,4,0.9932510171311203,-57,0,8,5
-33.35134024718708,106,58,60141,-605,64,174.9439687525031,302.6167801599379,-22.237706245987717,-152610.47083367594,253.63171279188487,-1,1.4116203914143333,826,0,3,5
163.32527097853404,56,87,-30613,803,60,-21.24147138300974,-17.890143957868478,425.10313609269775,28496.744691374857,22.33422140466803,5,1.1485478543932732,2097,0,0,5
703.8950451504185,98,80,-3805,-62,-2,24.125584650756323,-349.8767490084067,-37.72538261757431,-19408.41594038085,99.48829270486385,-12,0.8259576988898514,19,0,0,5
568.5629619817441,56,54,32340,141,138,81.55534892493677,541.9310597938988,-18.547294321391448,29358.168257160352,378.70004753865896,-23,1.2634448922937032,1438,0,0,5
151.57825312094604,55,61,-35635,65,68,374.2532681560185,-59.537514159935974,152.66357210021198,-38709.84771640794,38.98389169559424,-5,12.982166238044588,13,0,0,5
343.2415309394239,55,58,-46577,-82,57,30.647936245627903,29.00596214995943,31.495018800649333,2854.3017193537034,82.7689323667756,2,0.29428057705444866,-55,0,0,5
-45.37659678359164,56,69,-36852,214,60,278.5512892444964,-64.5326122982217,481.2918160783074,-37308.18433727577,212.72206599733246,3,1.6260326829309197,5,0,2,5
544.7633516855994,54,99,42938,74,184,91.57212907164669,36.706069618598974,24.99695315665599,-41647.52173898259,16.178413063181246,47,0.9926924546806961,15,0,0,5
5.369098992106046,57,62,-2261,165,59,1076.7020047935052,-44.74017317767128,-47.16354377144597,32239.24271346593,19.30244647140229,7,1.012404839027326,-209,0,1,5
-29.81108078218908,103,54,-22966,169,122,273.07664085985033,-17.49888654398114,604.9093415888154,133920.8219614741,324.1278009124836,-10,0.8145388316601434,-36,0,3,5
99.34816979134781,56,52,-64460,419,196,1049.0638465970453,536.4468642856382,-50.1904035579309,-491.8825310601751,114.0565627021463,6,0.849477816745009,12,3,0,5
1242.457401826086,53,67,-28797,9,63,-12.044186979141799,450.3581157905009,23.451693902159185,15082.10112656699,205.116143935231,-7,0.5024182402329118,22,0,0,5
64.28562132858968,54,60,-24103,1932,62,164.242871938199,54.88016110846781,3.3445740494937084,5900.192241557018,53.94669728767832,-2,1.3700008580888436,3,0,3,5
159.1193023489742,54,96,-6110,-92,114,-36.57539873530624,-1.1531057969540868,-5.068748917522461,-139941.36449326732,84.94968693647132,-12,1.4857534139542896,-76,0,0,5
307.47115585751226,54,59,-41166,26,62,220.6470413222118,36.24785762372868,69.23545085293952,9574.145216487763,37.247459092612644,0,1.241834352141895,25,3,0,5
217.34732643726505,55,55,64659,1560,52,164.77209039746214,-55.51111653826893,464.9458942685394,-9688.743621076801,3.71620522263197,3,1.1043529809483765,-33,3,2,5
805.7686320734542,54,85,-93891,-227,59,73.10878933712206,6.158673926349508,-6.287891192736437,-30387.25474319359,0.09604520738616884,-20,11.439048842306843,-29,0,0,5
191.89658124687764,61,62,-38073,540,65,475.2952906206014,49.21666753013289,18.2255802713494,-48206.99096151272,164.3521216162914,-20,1.8353440718818184,521,0,0,5
565.2651700542198,81,52,-70669,350,55,81.01866448727694,225.2548392678187,-35.28090423306456,340372.7586879986,5.003888790635273,4,1.2206433227562397,-9,0,0,5
170.09333504222545,56,75,-71420,1631,89,126.7210374988403,201.10253738977,578.0620469921735,-8568.407237385445,284.26140665687274,-11,15.26819895211754,7,5,3,5
151.33166377106355,56,103,-72515,1308,145,1.439061146599002,-34.167778183393125,-43.71089871640324,-27157.033717576334,27.63259964850561,-12,1.530116641916627,-5,0,3,5
112.62735937337051,56,102,-58723,233,59,26.914322646835544,395.4298833263451,183.02683861450336,-171922.77426760574,115.7016759083897,106,1.1570419366864442,1,0,0,5
146.10951274595487,77,104,-26125,181,202,127.91242935524807,431.62506112485516,-44.598128074017964,3973.9883933360106,194.35758833339673,75,1.7961127575168985,-31,0,0,5
1404.6579171335013,55,49,4150,10,62,891.4437419157173,-11.70866303202834,14.17954613148133,-8639.422069610004,239.30352877765554,-2,1.444307553776254,257,3,1,5
221.76568243235243,93,79,9520,1619,162,106.97742306256457,-591.800369165079,55.951982152234905,-25639.361359442693,-17.778073347431018,9,1.1062591883150112,242,3,0,5
-29.25967739942847,56,59,-65376,1847,60,140.69578168612085,633.2265219410423,-3.2210106821741764,-37641.83907110581,47.751498320889695,-5,-0.012326358946969096,-26,0,2,5
30.34881756083766,79,77,-64537,139,60,53.05784842958431,-8.475678762637232,405.3778395278309,452214.67043192335,35.881401726525624,-2,1.0270228805491868,-74,3,0,5
1294.787833445173,53,56,-13662,920,58,3.526757137265861,-14.025619784122554,518.5075429873799,-54286.95611708482,101.74646583647203,5,1.1336498566539417,789,0,0,5
206.56453324729944,56,99,-59896,-77,59,16.60932384606022,454.57856349940766,-44.16455508834135,-9195.575733692576,57.06240841078741,11,1.1028775727775333,-35,0,0,5
256.4809617669785,53,60,-36634,1915,171,71.56290965810284,-44.294640266325004,-26.388419171806277,-34363.112128917244,69.88525498977931,-5,1.070735145027168,-68,3,0,5
155.92765945878568,55,70,27123,1571,58,1116.7889462166575,-3.738752873699285,-49.730836248900246,-68119.38887192082,225.22194648212854,20,1.4314106029009692,22,3,0,5
164.18233715626613,56,58,-29976,211,218,309.70127032890355,-11.275438997260888,16.689044824009013,-21336.81033844524,4.268253658948595,9,1.282592413649323,1334,4,2,5
204.61405189004404,55,85,-59093,1752,134,341.7732228537026,439.7260877971546,-65.01662074862361,348309.8762244737,943.8308069552384,10,0.26705644012270163,-1268,4,0,5
84.86704675654087,53,58,-15396,4,62,41.7230785573175,-90.90544293605396,-18.09598162451065,-26254.132081086398,268.0372568739417,1,1.6358488256621873,-69,3,0,5
1294.9401833020352,98,55,-51540,390,67,214.64788329901924,477.8342216166418,-18.382075579740622,-13727.769800318254,58.07493633289929,7,1.42240444216804,57,0,0,5
19.014879509857664,56,58,-47227,318,62,991.0592814323082,-242.4267306020363,-24.056616588138375,-49753.56921142414,222.93508010831806,-11,0.9540017842646116,-13,0,0,5
184.13383909652947,98,54,-36263,155,62,226.5005510647215,372.39865077869473,-25.969724727783998,8185.4360638928665,30.5035014572557,1,0.494113615956452,-69,3,0,5
184.65122728467827,55,89,-51701,-19,66,47.580753922190766,-30.053270064629857,519.6804624837237,-25845.494279758328,71.61410992454071,-3,0.8130614940655894,-52,5,3,5
527.3458363788617,87,96,-18338,165,52,-5.491199294795152,325.3413224167917,475.031458964702,-2810.408500297701,56.11639502172869,4,0.8307696499950884,-27,0,2,5
913.0680943698336,65,59,-12520,-46,202,303.2784388714111,344.6011242928047,-32.45218963780898,-12147.128890598675,49.20176480153924,78,0.7886417270528772,38,3,3,5
723.3181008783449,55,94,-86174,63,62,228.21151492158415,-23.04288640930322,-8.346996028604517,-10716.284017890035,130.0675231156288,-5,1.3760686738226067,-55,0,0,5
154.8398352035581,76,57,3198,209,58,1095.6600400380116,121.75998621545767,-11.802938098558593,4851.880243163394,33.3830364936384,-9,1.183391538598776,360,3,1,5
265.915454616022,55,97,-27517,1391,62,-27.53876016765915,-149.78772539183245,710.8239536384515,6091.073401395346,35.82645940250634,0,0.7950504186134695,-25,3,0,5
528.882944176545,55,59,-29530,-144,60,327.98655450563353,171.92490499817904,-10.314372090700914,8588.207772444004,47.98903097057391,-10,1.396861442687941,-23,3,0,5
269.7148623050179,79,54,-78701,2434,101,90.01476016115747,-21.410757428276348,19.38288770464394,-43374.27246089361,65.9963624256131,4,15.002118590931154,-1,3,0,5
151.6448995748379,54,58,17012,2178,60,1420.8218582420423,118.79713503113754,458.724618211385,6892.768351583931,66.47676862004236,-6,1.0665844169166463,-65,0,2,5
1540.395737913052,55,63,43100,2009,58,910.6542579874625,181.70377837061847,3.922909938273481,-41678.77239918838,17.27157112451234,-5,1.0000032625308015,-20,3,1,5
267.02427764600714,52,54,16464,1541,65,11.737621049495019,544.2205572845722,178.5235357065912,-26262.40013504742,-13.868676047516601,-15,1.9283923457079313,9,3,2,5
480.4087459563483,55,88,-66446,256,155,50.59950054860236,-22.313480752405628,430.56507839985,3188.486663675377,20.81477334132792,402,8.984583130557716,-6,3,0,5
400.14558600595467,55,53,-64597,100,-18,928.9138679363957,-29.90983687404981,450.8599771001358,9151.343460902985,-12.540731995433845,3,1.139680793780901,7,5,0,5
1039.89496838281,55,57,-16475,193,61,133.34900147554947,356.6212297816769,6.610937762045461,-27201.87929775865,277.5773013582128,14,7.021619135019377,-40,4,0,5
4.408870886634304,56,56,23841,1524,65,52.37484933583812,183.88454558971898,3.1299445024499937,-37089.606273237565,20.18116380976784,93,0.2874150865228123,42,3,0,5
156.66198264499826,57,78,-75805,558,67,110.27150489427127,39.294738827081446,-36.64876867549503,-38307.66717909786,323.6396380424845,-1,12.378287804185234,50,3,2,5
60.236685074892044,55,57,576,-50,59,89.4968101631888,223.75118662871114,-61.36860199336393,44704.76374403186,1.1532253900025324,-5,1.8551136472465144,-627,4,1,5
72.62171770815223,56,52,-61520,32,41,848.9227936876207,303.77461126324306,21.305041648019127,-11955.994736921695,20.81488918265915,-2,0.8982582436027569,-870,0,0,5
287.4550318998522,56,47,68225,74,65,55.311590685748115,593.2289803873366,-55.42441185472129,20212.68321807182,370.0088911485143,727,1.8603584626019827,-57,0,3,5
101.21229470133424,67,56,-77485,8,68,29.87319685470557,-40.90218245329734,6.084899722933063,-45352.074991554124,103.85028159210688,458,1.047920563652284,-36,3,0,5
517.7501669758634,55,85,-29199,1175,63,39.36965205069217,668.5567485114741,322.8719609730666,-47202.999446515016,86.30679025901723,-8,1.4635942268329147,-71,0,0,5
477.183975333516,56,60,-4453,2449,57,0.2950556281660397,37.2520417531761,-14.706972292221378,-26634.5142386305,14.121857522231572,12,1.2136939287268234,42,3,0,5
-5.168396230635977,56,93,4968886,-32,56,949.2928519540309,82.51905050202338,503.78897398596496,-32604.19130566321,102.5850514648647,-790,0.20462364160511137,-80,0,0,5
66.7237595023936,56,55,14458,1313,59,145.94504495641436,121.475299039147,356.11457659224243,-50911.14413502586,861.0223389822985,-12,0.5664877070085235,-17,0,0,5
228.5634479349239,54,101,-56670,150,69,1330.3278272338882,-37.47746715978182,14.842816522591177,-20739.71042900416,5.801407165444601,3,-0.146278782543245,-40,3,3,5
240.27224588307473,55,55,-40622,10,12,390.6003517472489,-21.68033834991364,-19.37757168512077,26908.885382982284,117.95895560032102,7,1.429224225678545,-4,3,1,5
271.70508805147796,55,56,2054,-29,62,10.395922702694989,-4.436641773168828,-16.30802665291582,-7949.336697054196,273.266915830907,-33,1.2131259190382755,-35,5,0,5
1276.8371055694884,55,52,-58456,16,18,269.66971874871564,41.592673119273954,317.91162476218074,40062.24713864195,157.11162153250183,142,0.8844653537216174,2,0,3,5
30.2316210358739,54,92,-86321,1555,62,67.12920355804192,0.5506451474284537,-35.06190516377372,35236.82998331124,43.97550299622492,18,0.7618678417035156,-6,4,0,5
66.19018628613149,56,50,-57782,362,67,124.20240852340669,-54.85265889242291,-18.34614536212986,6416.013035768618,87.35322681817817,4,12.55753015925054,1698,0,0,5
507.4309428075343,56,57,-25147,112,54,197.1356706666696,553.8865393316074,22.249426547352982,-24510.214330749128,135.28433591314842,-3,0.5873960493868763,-72,0,0,5
459.9086213685414,74,103,-56109,364,144,0.6783006962900231,-56.03359125224398,31.985686378693728,995388.3490900466,148.9381137857787,-20,1.489570925966672,-11,0,2,5
196.6253910973408,56,49,-58416,933,60,333.96218648977253,624.9668563745655,-2.775862494687261,2887.3222598605207,338.7852056248502,6,1.5883483671012177,42,3,0,5
87.93378839032836,96,52,-53922,479,219,26.740242994754567,169.63362215125187,-8.620731065364938,-32608.833473460072,315.6009584050006,1,0.9739428843957323,24,0,2,5
1672.4293007318433,56,58,-102673,7261,62,158.07778518908873,3.5966412779941246,701.6432205372121,13877.097125062515,102.21347897441689,-20,1.0555703174775801,-32,3,0,5
212.77297215330043,55,60,525341,-114,67,79.87851764170352,-10.837223007864683,-46.547854123955545,-43314.43893052978,304.1252627651046,-7,1.2905669138560003,72,0,3,5
648.526538810011,55,57,16978,-152,64,17.218980160266597,482.25002816521885,-27.675756871246854,-53803.16730341263,9.083076653221156,-10,0.006577881533840646,41,0,2,5
152.2494903931552,81,56,-81395,5,64,32.94709870708192,19.76660429737135,695.9230363679462,-17701.573091385966,96.04958731629596,-7,0.8061877837061022,-5,4,3,5
490.99646451530134,55,56,-31167,-113,58,1236.4829913056299,5.439553484446293,-7.410682893366488,16545.734539049554,1017.0866794441334,824,1.4059405973067396,-50,4,0,5
469.6850276363605,86,55,-62729,1132,70,31.779674638536903,-3.729886293778435,40.17857178547827,213334.4758130256,11.3808809118226,0,1.5500295900073064,-3,3,0,5
542.020698642033,55,56,27194,363,60,-27.344734711562495,-44.61223080241725,52.842265479328006,-29859.830413486503,322.33865559327774,-9,1.2137838516627342,-67,3,0,5
-22.866981768566745,55,93,-56747,1189,61,24.023406806800452,-37.71105143861117,556.2450389404806,-6935.209279967565,103.74593598877469,14,1.4825408302437264,-10,0,0,5
120.42295165678658,55,73,-33710,206,56,1013.7523992470766,302.78390867262453,-30.256147709301132,-43743.19781630205,7.090965473907588,-11,1.5044253522875484,-114,3,3,5
154.92325547067554,52,58,-764621,92,65,127.10365063578446,27.853482408759636,104.4493636880999,-41062.52677729381,172.86272103362592,-12,0.7071052141096712,72,0,0,5
915.3590652359205,55,87,-55444,0,90,69.5372417170067,-29.225205091963275,-45.18796139668569,-31239.932258148445,45.74491002362865,4,1.283798432218159,-36,4,1,5
-17.804790341168015,55,84,15500,297,54,382.6844261722224,-29.77577656825769,-36.39731695158327,-38213.69127201905,24.242432975611244,12,0.30019388116977785,-3,0,3,5
627.1360988859216,78,78,-56363,225,-21,-31.291844433734397,569.4180474986524,0.9267444751225953,19624.63402863728,18.923657512109173,-16,0.19743416603951824,17,3,2,5
822.7982011421782,53,57,-64533,481,57,412.33886645675204,-35.19467205562623,7.343470805598088,-22203.9784792224,266.52468448515214,3,1.2195594999882495,33,3,2,5
1849.5520359063696,55,59,-33732,-13,52,-43.176855456732824,-21.997465814002215,-13.382261140529744,3843.763313741393,9.934120235372347,-10,1.015905572756533,-74,3,0,5
639.1325473242327,56,88,-64025,547,63,-12.455063317730492,49.74723660162157,8.592297819066454,-10104.488934416671,33.78531380706615,7,1.910498724579842,-1,3,0,5
58.2724681829026,55,55,-29201,-114,170,314.2704281456661,-95.74866882882142,-40.110760831060745,-29445.94541228786,446.95913111963773,13,1.5963656710212542,47,3,0,5
969.8520845149502,69,54,-21561,218,23,127.3512939143305,339.0667221433921,-31.71678396440268,-41748.15084573316,153.60725325691578,-22,0.8395132446276343,38,0,0,5
1752.2951249957405,55,61,41864,218,61,-16.019207923860122,105.01292822923061,-39.80808865226538,-54367.33279790899,655.0189665690178,6,1.1460582652081968,-27,0,0,5
-8.674750176914515,78,50,88404,407,52,1310.519694333913,516.7556623250766,40.45915959930765,-17557.164208284004,20.475967932045172,-16,0.36253270726367526,1970,0,2,5
542.6529158357561,55,55,17481,374,55,78.11546108378882,176.9792532271827,471.69458462169615,2511.880479872033,25.324570868195202,4,1.2923396430577125,-50,3,0,5
-4.592542957874571,84,53,29847,205,271,128.29562594341832,282.53751078541393,274.468023590557,47028.38188712819,70.91203368197436,-1,1.5769191675049967,314,4,0,5
262.57927040907975,56,54,-32663,39,233,190.7648409683956,23.619449833613988,532.9010932367202,-20068.94947944318,20.690890182947207,-16,0.9969813105509848,-227,3,0,5
29.6693205698095,56,93,-28984,94,208,215.9263116704443,-23.712738350389202,-22.676355277642237,-38790.220090954004,-0.7417193000589322,-12,1.1555470278495308,-32,0,0,5
32.65147075462917,56,62,-58539,184,58,84.02239518390584,40.51844813588943,16.57214051816926,-23572.42968847209,98.77165587783794,-5,0.7024743125342954,-46,0,0,5
877.2971941269753,55,52,-89176,1967,69,-11.815447464913177,844.4616036059283,5.068489095605572,71405.10260551103,90.48416736787172,23,0.8379997383483024,-252,4,0,5
77.00899233874807,84,54,-18076,1107,302,395.796036689157,5.71517026182002,-4.805252796793836,-34908.79077151015,74.01568073065573,1,9.176970133113812,14,3,2,5
-17.16735405485447,56,98,4393,-59,31,176.17548126890645,-78.65784076776742,154.76976070777076,3595.443401688326,179.2129924023924,-9,0.5588145154296237,-5,3,0,5
844.6713952664204,56,74,-11792,744,67,76.0300991936032,266.6107676719656,11.376985132884709,6873.979791070755,72.5301530287015,-1,1.0756840219560897,13,0,2,5
135.97011946894912,87,82,-78677,1714,163,82.3268444046273,1060.6420622391283,-41.08866442367013,-26851.335341202,104.33661386922279,0,8.17990526628116,-56,4,1,5
225.37314971738147,55,52,7178,2401,204,138.21523104384255,-143.73504432651652,724.4504268601239,-44430.174056066266,38.59446667302068,7,1.2928482517998803,23,0,2,5
732.3943918731422,54,66,-71410,211,10,-18.42440690212956,57.573264908321384,-56.37535053430619,33100.052634621505,76.74082542254808,-6,1.5338614727116544,-67,3,3,5
261.32851086478405,53,59,-70724,172,57,412.407291884135,-72.89436303372901,-40.737522560715945,-7773.137792413834,0.8883145562192709,-1,1.6598368677721602,-56,3,0,5
343.5292097296247,55,50,-34482,55,64,36.834606631057916,-98.9217150563768,259.19855202053884,23973.42694049249,16.30370614717239,13,1.2555555279371284,19,3,0,5
81.71902157703862,55,61,-21549,191,55,14.48593863084345,621.040504525563,512.0673808096423,328834.94233446283,307.1879987215041,-4,1.5382019938751257,-22,4,1,5
716.9847255075874,55,51,-15005,377,46,-14.134337216391643,293.51424163775937,-26.02439514595119,14991.791477009572,38.05497530275267,-3,1.4145116940143119,-64,3,2,5
238.2369563345246,55,49,-5755,408,68,65.99781973193484,-0.7203899885143086,-5.169773042367879,49020.31972490549,93.53946266406098,-7,1.8286659840570838,-67,3,0,5
208.3269935013265,101,56,-84454,500,173,155.6960968443119,132.0026756532496,540.8902602238853,-15255.2970758945,88.68325078152289,4,1.1540678073208763,-54,3,0,5
802.0791081602208,77,51,-55800,-223,62,-16.18128151569769,1.8907217251462756,703.0651704736144,45744.0839646005,-14.837737558541036,-6,0.9285181772995317,49,0,0,5
41.222383219704014,55,54,-41280,384,64,177.62967590198542,-0.8792779670341933,-5.556657674927752,-37134.563816650596,92.36952923623011,-18,0.1623566103763296,67,0,2,5
1058.4592087771712,115,55,-91076,2534,167,12.618089009942892,-57.53600551536932,-45.91150149637198,-40710.10528348351,42.01445639179424,12,1.1632311266188258,7,0,2,5
97.08981782407166,89,82,26698,1475,243,1.7565921294097535,244.44755546727623,-23.476268364524984,-28471.964349401795,346.5940163607718,-6,0.6551518116240358,2097,0,3,5
1613.3496704490715,53,88,-25492,368,55,82.72150360407346,11.91598657905769,-31.847841169619457,13312.198217576448,31.969132076871873,-17,1.3659768427350123,-43,0,2,5
328.4996833034297,56,75,-96420,224,326,21.32547126842364,-36.06373331157187,-29.70874203509492,23814.71260152672,295.870363632529,-4,12.240912476546137,-122,3,0,5
126.95877212219064,54,77,-161068,2357,142,72.71051955958781,302.53373433516265,50.947004281866946,-30032.576759656426,-0.6851396472827673,5,1.000034133310177,-161,0,0,5
-28.96245573117146,98,54,-40353,347,65,116.00992757387974,463.8673295532385,-28.987087915336986,35427.1244127578,97.48527600024562,1,1.2520775044738963,-40,3,0,5
346.2930880281159,98,88,-12894,373,57,31.80874355483145,-91.65566569705004,8.464537053767144,-16469.234720469547,47.0264270224107,-16,1.6954607833662654,135,3,0,5
291.973393743167,65,76,-22711,33,59,250.95590177922242,-5.346386114316374,519.4933166976452,-361291.95011492865,131.5114273177652,-1,7.43216757866427,920,0,0,5
158.2250482097446,57,56,-88830,347,87,-93.27043084022728,529.3272280091239,-38.5425179211687,13335.403942855515,1.3879382178081414,-3,1.5862665064357804,37,3,0,5
83.58093632194448,53,58,22426,1318,65,82.55092627253782,-38.74943564520915,-48.13009928482789,-47660.48120724561,115.45677818880424,261,0.5516607471498222,-74,0,0,5
765.8463783112138,56,57,25017,2097,58,771.2180549213122,60.997814956225646,3.3302499456887396,-6335.028228542569,42.3476831264415,-8,1.6640641460846566,36,0,1,5
272.5245832471515,70,53,-73011,-132,56,58.83825701990581,678.039926403311,11.159754744770582,-21817.20795810999,83.29203584078806,-5,0.5778214423707224,3703,3,3,5
268.6188241088529,57,52,6687,459,53,26.889150288821853,-58.8509224880414,453.1808008068109,-19063.42277630115,51.07357620289838,307,1.2347921770442252,-36,0,1,5
1664.3164513600773,54,54,-10881,148,239,4.9255283817903575,-100.76330734834261,309.6247141830785,49958.05915126242,368.1079170408053,-4,1.9232236509234748,32,0,0,5
787.6646493531252,100,58,-40259,-89,272,155.23457274574005,-12.074909473363334,615.838435747727,14286.02856072885,258.8942094164553,153,0.40948876000338846,-21,3,2,5
821.9418386919388,55,101,22657,1095,57,-2.7808058887822824,43.57834232476523,-31.667989983695193,-30021.48378725873,18.514871744940024,-7,1.067339991893817,-24,0,0,5
1227.3685356580265,55,54,-48900,-11,66,65.12145488310918,-35.51399574917618,-37.75304212320656,11694.676323600383,56.238538766177584,4,1.3111503223034893,14,0,0,5
521.6272056595,56,52,963156,225,64,16.505400967461696,-44.126024413172054,-35.78279569165822,-9246.096988416883,543.7072944537599,9,1.287545436324637,-19,0,0,5
726.9869408963413,85,66,-65892,443,60,252.47025129588093,-55.009257931007646,5.100272690940731,17616.578868483626,169.24278482192722,78,1.856997560318029,17,5,2,5
192.27130460106156,56,100,-41465,343,61,112.21689307653625,305.57479861377874,176.46560997903197,-38716.31574612119,16.611281633421605,8,4.594889014921335,3,0,0,5
-14.857438750191207,56,88,15872,245,207,71.73200538132329,-67.56489232250445,103.68291169421994,955.3940223264635,147.30129911311383,9,1.4226106629536832,25,3,3,5
90.56139362665766,56,58,-46272,81,95,62.14757757659356,-39.346783158255796,-46.826385759667914,-27748.09191883653,-11.764415448052546,-6,1.1017908327798094,53,0,0,5
160.59530092318266,55,53,-88898,-49,7,61.04709994099836,-33.1209741364629,-22.498755767754396,-8123.37492665553,71.27465977245575,-1,1.265238008716663,741,3,2,5
517.3291407710909,54,54,68959,1962,65,165.22500428368022,-63.452059717381,-7.939656563736277,-14261.369332827477,36.06515046550283,-5,0.5049600800308,-53,0,0,5
178.5620060736571,56,53,-5289,338,70,399.1990091287774,-22.543370062508625,-46.118540692946404,-47396.77765494828,24.34904967872673,-7,0.21819337345398293,-36,0,0,5
508.80083060714094,56,60,1892,406,58,906.6068485107538,-19.783120822123227,504.84642629407165,-486.0432179502059,0.16394651822261608,-10,12.927274337930236,19,0,1,5
592.7525972779829,78,55,20500,270,-18,445.1147403829035,27.656148405536896,-19.91670434737295,-2442.4068923046034,57.92665333201454,-9,0.685280379653664,42,3,1,5
224.18211653046035,55,86,-67454,-76,259,366.54000563598277,368.8164227717433,-17.610983486128937,-45791.59957258814,82.65347698182308,-11,1.5655595224409886,545,3,0,5
871.2402941128914,55,61,-86972,2106,54,8.950884710800011,-60.66597259635942,-22.809500860633342,10563.348669688754,56.64714845333796,-13,1.2676950191079315,-36,0,0,5
634.0993063444364,81,61,-22055,326,58,116.73235218325833,444.48067784116336,-19.158685314630524,-40084.054266344545,455.9691822172097,-14,0.20442377228659409,-10,0,0,5
106.27277807525556,56,62,17925,-1,62,70.21044248789306,-26.3541740409079,-10.61363340579657,-5637.440242958852,70.58307312035959,-6,0.8474584692371596,52,3,2,5
139.11017551977358,57,56,-20676,224,198,122.15754357470297,182.10000735871438,-8.256090646069849,-17852.473688730766,44.21992353850385,-14,12.843888776785533,1167,0,2,5
248.24096497108775,78,61,9613,154,183,1138.0741740917479,239.12410657909993,-35.35705642261087,-51206.485912558404,111.34595423858616,-8,0.8755201342089476,-4,3,0,5
220.42440894090228,54,77,-53867,1029,57,-19.734256033767124,-46.071238105193245,377.3655972220811,-14016.02775036857,81.54678383995045,0,1.447941557795189,-609,3,0,5
109.82083897253344,55,64,19587,1953,200,29.019301012679932,-60.68398821090876,30.756889956224526,-4608.043840282491,47.68001202569732,1,0.945186184069442,4985,0,1,5
49.9710293853213,56,56,-58165,2083,65,544.7505029817504,-26.00227006148993,523.866317367517,-45514.00396712505,47.396191618819046,14,0.2211413431049482,-28,0,2,5
120.55922101527906,55,58,-6523,2316,69,58.779243121081485,68.99055790045945,706.2419602468,-28522.46407273558,60.97123787774929,199,1.563054734973429,626,0,2,5
1072.4304073638439,56,54,-79237,1339,65,49.587777054645066,490.2359705043092,43.305801015746795,11499.628570553377,-1.4792383776061229,-6,0.9255244729624623,330,0,0,5
610.0724162373754,88,53,-51935,360,65,50.73782953804295,-2489.5536062089395,602.3160492273004,128493.88204287167,27.94642600862818,-10,0.9402989129925144,29,0,3,5
468.3067692294134,94,60,-24386,343,354,56.016869612297235,271.35937963752554,-27.50572050418313,-4552.933169668104,145.74111606832759,12,1.0486023777098814,29,3,0,5
108.20515848698767,94,51,-73898,1461,324,24.972281058413998,-30.215541298746302,-21.605245176988028,-1887.1553934849653,72.29687526159789,20,1.1866110192847392,-16,4,2,5
594.5695556855069,88,52,-43870,1839,32,105.92438026606743,198.2290355575817,-41.26779529367457,-16391.38797803189,51.45157256360941,-16,1.4982702167650819,-45,3,0,5
565.2965374799255,55,96,-18199,286,28,850.8302424060789,-91.22743361691136,-52.22784147439032,394378.2637731726,312.04288002695,5,1.2545408408445449,-49,4,1,5
161.3417902994533,54,58,-65525,288,53,-36.549260542610654,-36.88130710938358,0.942857816135513,11224.781043377041,170.45440104331072,-21,1.8952955875923592,-17,3,0,5
-6.81304107430681,54,58,-15976,-228,63,291.0528288920453,-76.00108859898515,261.24721263964176,41961.08109065665,74.87720218328701,92,1.4712291087356277,-77,0,1,5
192.17688400901324,55,51,16695,489,61,-15.247081419033734,302.25824671233966,-38.18072257159481,8520.812636108823,62.9743646265172,5,1.4986068470572746,924,0,3,5
561.7601474290004,56,61,-50497,1564,48,391.07160338908074,310.19518517151596,623.1516512982857,-40070.64451632652,207.516453121843,-8,1.3714717619431451,52,0,3,5
331.7927961553642,55,81,-92023,2245,65,326.13945855657244,417.3907897083527,3.047811945300069,185238.80939505438,84.55532601007869,7,1.2344815692997404,-210,3,0,5
142.77047916594017,106,79,26688,1610,51,334.00150092769957,785.7023909370164,-14.648557513903738,-35229.152024830975,10.786246458398864,-21,1.074605822030529,-31,0,0,5
413.20022828121824,55,59,-7436,-280,60,101.06174337606164,404.00482640440214,-32.47513189364481,954.7125538163946,-10.550425502122579,4,1.5841599733821283,-80,0,0,5
165.79930842210044,56,57,-73773,-22,312,402.20179308900083,44.04958713972981,-39.49559557798943,-5661.706120078819,53.33086495590263,15,1.4614721740511927,-6,0,0,5
440.9191311330439,55,59,8672,1079,123,51.97178832619714,329.89671839316236,514.7550701194343,-33071.24161634244,279.5148509487738,128,0.3391254923255058,-62,0,3,5
606.7674012332761,53,51,2467,-92,63,56.774823542987086,16.282131579316125,-50.259954817727944,15684.419706786204,-1.91194842813006,15,1.5865867074187703,10,0,0,5
790.0534533272205,99,56,-37159,2124,168,29.971212744380026,47.42160061201463,-84.79559020181557,-36548.690374228456,84.06662849441233,-14,1.8417482620880805,24,0,0,5
107.278577493246,56,80,2104,26,61,1.4503152202837128,-61.84602386922174,-5.590712262500007,-32373.340349026606,27.406834039309366,-7,1.0277310739407999,-28,5,2,5
499.25994449304704,56,61,20055,1377,125,509.5569531658141,-75.62918558604579,377.0208200880973,-416724.02260068455,13.535133373383154,274,1.3404296750461713,-7,4,0,5
65.75964181973976,57,58,-6489,171,120,278.1449132187545,2551.4412517568917,-0.9300757885697237,-294774.64443048637,77.07543529887965,2,0.9189897010148902,-73,0,3,5
-60.12787896021926,64,54,-29902,2015,57,126.90181243486313,177.01293561586982,19.19598709374356,4820.916488736332,12.80575367358282,-10,1.0821792845445,34,4,0,5
163.94148106268256,57,62,22121,249,64,961.7282673962209,32.81157898034563,451.0047077212147,-131554.53534103674,41.96130046304074,3,1.6856243456059827,11,0,3,5
31.51786073134342,72,80,-26396,-193,275,62.72353932483222,345.9825716110453,367.4008560732014,-23752.132826920155,90.32472854194404,247,1.497876453408015,0,3,0,5
240.5777223570741,54,55,-40176,253,57,79.03189238853328,557.2761036788754,-2.5490705333326824,-374.74746033431074,3.247609189858025,-3,0.6167960939086583,1236,3,0,5
496.2911193999359,93,60,4726,26,199,274.5574987386241,126.60293284472007,2.800885423228616,-49400.566370069704,47.32457424001502,1,0.6721785804995455,4,0,0,5
785.0122145838418,84,55,-58921,431,66,55.02083043371771,-83.8139083139103,-12.539132663569069,42871.548857776535,109.89383053826491,11,3.9411552751090544,-68,0,2,5
43.860699482019726,107,59,-9004,418,60,201.18808659261506,346.3169668848367,401.1808693702262,-14806.544140882126,107.12865223499742,4,1.1295650222336597,-42,0,0,5
210.02129018826076,74,54,-57109,-80,274,27.931267247116708,20.486772532453045,-40.80246926951717,-18140.770395284024,69.80627681502529,7,11.02141321846766,1368,3,0,5
67.47921096586735,56,57,-35499,319,59,81.7960470924374,410.49555999226476,29.719490596801975,-33117.15515349472,205.64224221893178,4,1.2844761561743752,11,0,0,5
263.4393800928244,55,57,-35016,-10,56,-27.805470515903608,-15.09645938164979,-17.158139005550233,6672.786171741203,32.08997287607979,-18,0.7627282697889131,-45,3,2,5
1430.6218277421808,55,57,-40806,318,23,285.6348128077061,-85.28161214734439,-7.990456123099284,-3353.491533762992,216.49296404335058,-6,0.7730140908518339,-26,3,0,5
180.2096914117683,55,55,-41592,37,0,7.900028581687792,-82.55676581844273,-0.21584311482865903,35228.335849749725,38.89141577973979,-18,1.4936140425242823,-56,3,2,5
524.9024539593066,56,54,-64170,335,64,142.30063709437883,45.323165809136704,67.96880529284144,-1034.1430654074684,200.59144477824577,-2,1.728609956094588,7,0,0,5
83.7912104680463,55,79,33882,2244,215,95.98734856515361,445.12921499548895,-43.4285583212258,-42875.49569703991,334.97055810692615,13,0.5410972659047656,-67,0,0,5
53.93279433235017,53,52,-13412,-70,54,-36.351110459176795,69.33109348861949,-44.6857479415189,-4625.863219079727,35.44601818001517,-1,1.5755897294068677,23,3,0,5
382.1206017151018,56,92,-49388,211,57,609.3025724982876,751.0049668496877,425.36038340538636,-33827.51017708934,15.727046461417338,11,0.38686550787485824,28,0,2,5
-9.18163298137506,55,107,-9570,308,67,133.92865142738992,-1.106934059559336,7.818267506724916,-40485.69221261343,-25.526188127713,-13,1.8847421725045184,643,0,0,5
206.01984359594883,96,58,-84235,1559,55,6.750815954535028,73.89366745696293,-33.40286152023328,-42208.76757692397,55.0087456096808,466,0.8489137291636768,-398,3,2,5
257.4494312323608,53,52,-52951,171,64,221.54563123978687,527.2475889912428,-43.61639732213932,-31905.738834749973,402.5766577865181,-14,1.3081576694427535,648,3,0,5
-23.192234687030222,55,52,-79590,350,59,16.934063594974987,20.01522496609574,97.91346847873751,-45561.18785631822,224.49655668521905,16,6.678725098427425,1462,5,0,5
298.11831292007,56,58,-34978,124,264,437.1978660744875,-17.977011269959,-14.097923824051852,19238.121884211145,48.0967176817752,-84,1.3758211824813822,-66,0,0,5
186.5387998498348,56,57,17272,45,65,33.74990796006364,-70.63340501023532,517.2163289408625,4329.691809346856,26.3511323578942,9,1.6932303198833338,4,3,2,5
1171.5594810567954,56,49,-51205,1777,62,55.50135185143363,-75.21469579209062,-15.438762404106479,-9274.15669654709,5.023317499302209,22,1.063368731818311,1700,3,0,5
-23.96958048481605,55,56,-42773,-130,138,296.34912617591635,-55.66181669282355,-32.5516428793726,-4338.3341065986315,-11.338366043315048,300,1.9426611154772297,78,3,0,5
169.67708369480405,55,49,23941,-130,112,87.09243544725511,419.9451988178615,359.3119677463734,-39447.280616724885,142.82572864682368,12,1.0737193625399821,3597,4,1,5
192.51347680535326,91,89,-65973,-62,62,393.6147813075567,-73.86275611665229,-35.65160968781219,-34928.03983463814,45.223200297704224,-1,1.861301016050358,-39,3,0,5
79.99158906112945,55,54,-43958,383,71,3.9541693121475134,584.764783198646,-26.287680243925635,43295.206957133785,381.50826670320527,17,0.9550895364190363,12,0,1,5
259.8257317878625,55,85,-53474,180,58,1110.527857246759,-31.2816675095793,-31.654302829361455,-18738.604525141956,5.034938726563041,5,1.5949458148736895,-37,3,0,5
-33.37557861939548,55,91,22785,167,64,53.0273989748304,-38.1924195900753,-33.29852543063562,-3753.164740646609,13.20146612892492,-7,13.537591304532025,6,0,1,5
302.6204345779928,57,86,-96465,159,177,-10.847531805875363,13.26040085407128,-50.18254224159538,-30395.242889077803,244.34316384886742,426,1.4611926199750536,-319,3,2,5
13.913783250925619,57,58,-33040,1802,346,36.8784657905257,-90.24696607560199,-37.17006272759556,10092.429079820105,99.18898079303489,4,1.1508979557330161,-20,3,0,5
138.45972501373436,54,59,2376,127,53,934.5194758068185,-68.82321550182951,387.9915527162668,41093.307917805774,26.4530026148854,5,1.4505788932100259,-22,0,3,5
37.72874384294526,56,48,853435,334,60,1143.6121970359036,23.472154507235715,-34.61280274336994,21961.376630827202,151.49980506629691,-7,10.162189240109406,23,0,2,5
158.8051357553498,95,59,-37232,296,61,1.1901090920709692,319.63536780531206,35.70205122708464,-51189.11438668406,315.21064874113915,-7,0.20041382884717834,-21,0,0,5
256.4115682630929,54,54,-76490,1788,67,131.29866025924397,-90.7641464096568,-37.844631748459136,-9364.536861408471,511.0781719414181,389,1.0829571902288828,0,4,2,5
25.99314133822587,54,76,-26273,126,197,120.6862321372302,-73.09596267947515,20.953270741759567,-25802.885811051405,44.57806468181184,3,0.7468434350812194,-90,0,3,5
369.33985275519103,54,57,54645,209,176,-3.8486737727263716,-9.936924567007722,3.4700745138483917,-29568.90687728938,254.17326737780195,-14,1.3140881242133295,-27,0,3,5
438.123313749275,57,84,-14131,1972,60,1249.3995443201807,246.77289386035181,402.3565120376145,11524.622746957803,123.30443484012119,-7,0.608253696947971,-34,3,0,5
717.9808901781504,54,50,-66585,-143,148,256.7267723203061,71.26663796844997,28.43516126534469,10728.41096722281,16.628096917186255,-5,0.27213983900314287,-32,0,0,5
71.08030529815184,55,55,-45443,191,63,-20.433809627278393,46.66857251854819,39.51262537284812,531.5927392222275,3.8236363389567884,590,1.3532905809054918,-30,3,0,5
82.6475122211628,56,59,19909,824,64,9.559752493309588,33.93802180460373,-23.220747983914123,11738.698058952792,121.45406347402829,23,1.5889145245072713,-71,5,1,5
28.982365618101838,55,55,-47049,-327,56,32.028482609633116,5.285413716482093,253.84785373288622,11782.94076020045,-6.7598959462218176,7,13.753073182599042,24,0,3,5
781.7846848146298,54,56,-81466,-258,63,-21.39876712598614,-9.480031980617117,-41.473436528712696,-25569.786977244155,25.575833764086077,-16,0.33109051798585254,-74,3,0,5
152.89982534780785,57,90,-54454,502,73,24.22835972581983,-75.12270394459023,5.66078826156168,-20150.671872175066,23.665687046861933,-1,1.6172330539638498,-36,3,0,5
487.9374703817459,53,78,-18540,-149,59,227.11751496577853,-15.496259609347533,390.152920827151,7636.482765943729,111.15691563868398,-5,0.61906695444919,-7,0,0,5
702.6461905377213,56,62,85205,1211,61,16.963029303695834,32.88270376577205,-18.09229307655204,20429.614130734986,38.87500389269545,-9,1.7617984113580634,-9,3,1,5
1463.259262109528,55,58,-43072,-97,67,45.21142315197676,244.23580100478262,481.2494388009052,41714.24953597352,-38.172867694169724,-6,1.888857629186559,25,3,1,5
671.8287968138585,56,52,-27499,1252,58,101.68153512209291,-8.093478153269759,-53.977796250404225,-9262.934535806251,178.47371488431685,14,1.2815969765854258,57,3,1,5
1.5043242296415542,55,60,-32623,-107,126,36.63990462409712,545.0949318704519,-47.2127632476251,-19169.682341673608,301.2458516960784,142,1.7712539051703626,-19,0,0,5
95.51837380454931,55,53,7061,1869,127,186.8692492454477,653.5059473753461,3.084644040812548,-40100.72386888783,8.838773382572242,285,1.2797974271639347,-15,3,0,5
89.32500976930476,55,55,-14854,-95,-54,13.138734559769802,20.724752152396054,374.2074342475662,-22220.50597458823,25.96883157719121,-5,1.691294958629022,854,0,0,5
139.06425069835188,101,61,-82435,167,172,106.10818817939527,651.7059529711936,627.7623019212248,-34649.9360883587,11.97335444884726,13,11.101394435687054,35,0,0,5
3.842191218868379,55,49,-83102,192,249,559.7175504830061,717.7509964973729,40.625040520802315,-20131.976165783526,14.237625690514115,-8,1.1989662562716146,-39,0,0,5
70.47653951078846,55,61,-42372,292,66,-17.37032199234163,40.930664614246275,20.569116180144768,-33097.12665402977,434.9264713647834,-13,0.5992106772016008,-60,0,3,5
82.16087832832659,70,57,67718,1692,64,2.565168395274682,-50.99031897663326,408.0582449470726,-18488.892070406786,153.24847253690524,6,10.50151316731613,1604,0,2,5
51.44727864728368,55,60,-23661,217,-23,-15.93222681207304,430.6233476491342,487.57707481513387,14098.703040893095,79.88491114620687,-21,0.7443100859337807,-25,0,2,5
304.2110332870527,108,49,28875,312,59,86.34154214135937,675.8749838249588,647.0458291034267,-10377.883765588625,322.06713635551466,-4,1.4668646257942015,-1,0,2,5
841.7730757656022,91,48,-70966,197,193,227.32703942313924,1087.0337508706627,5.611294153930333,1631.541587511656,67.02853459873647,3,0.8049287200847182,2189,4,0,5
1321.5864357208638,55,54,-53161,1389,264,343.3620524259162,352.144690703012,226.31902513736074,-24883.54711103584,79.57379276773028,84,0.6034107090063999,-15,3,2,5
-65.87055568739707,54,61,-5016,-225,109,1220.8922389985669,337.1605253044263,462.98236954670324,14726.894547392474,7.877576888247006,6,0.599727138658157,28,0,0,5
44.29557222916297,63,71,24059,864,268,851.4019676291516,-454.24600072703333,-65.65116643288013,-15259.850964990217,210.15639477932763,-10,1.6659834191226905,-56,0,2,5
221.69843544235985,76,57,-4084,131,-49,-12.015958477569441,80.73907588906293,-17.42173000026915,15741.740036353065,4.251166501577984,-22,1.3681564549477647,14,3,0,5
657.0365093690292,55,50,4458,269,142,611.7908686364976,196.58675494884068,-7.218642987161328,-31364.73681017878,343.0581496378512,13,0.035714804850777604,934,4,2,5
867.3111712007415,55,51,-74853,2077,218,927.4925423936925,-70.37280723589808,149.02355910856872,2678.445163822663,76.77948867181593,14,1.4012761077145899,3,3,0,5
739.5756833555815,84,59,18728,295,168,21.48701295130597,-71.0178569297043,-36.55613946130632,-17820.000045543246,183.65916449913215,-6,1.0048169523534995,-479,3,1,5
749.9173277694815,57,56,-69917,83,164,64.05640051758627,-11.296644236399796,-125.25178443029597,-17384.284367492837,139.30873824944445,-10,0.48838375548235996,-61,0,8,5
271.20147202181084,55,56,-59581,1382,61,438.1920896117833,114.83877071594291,-11.776114634028728,-42432.35814867605,44.73516686615038,-3,1.3008606969307006,2328,3,2,5
329.8863379603415,55,75,-16729,408,63,28.27396592207313,466.30769754262553,31.386607154426002,-12663.180339831257,83.27470743168692,-6,1.229224334624793,-43,0,3,5
104.02487224710083,57,52,-45260,193,210,-19.54959964067166,595.7733526616885,9.612969744011611,41438.43457650672,12.244599974375063,-92,0.7287914305425098,1451,0,3,5
48.069801708503725,96,57,-59945,421,63,993.9724034989223,580.6886115389077,5.376815063448932,-22731.712860953034,6.565088508515018,-8,1.2990440502263627,-45,3,1,5
203.0557037594508,55,67,-46480,342,64,491.2229149768919,164.21644083557823,-41.5386178350172,-12244.846953350463,313.4112272318792,2,0.9432764025244575,46,4,1,5
294.6360766191754,55,67,-52002,126,60,14.536752609723976,623.728009303824,-23.014042283790445,-23711.556921478645,233.27249936203071,13,1.7288889132581091,10,3,0,5
393.58617808152883,56,61,-28190,-141,51,37.16599524191328,-6363.225616224219,-11.405848474605877,-11875.387670218925,158.75871652158975,10,1.6026580964458814,19,3,3,5
288.9124931659669,56,54,-29305,2161,62,60.71692445583041,691.0326924628326,-48.415770044561754,22777.771599610933,65.19659311269696,-1,1.1836269450400787,2,0,0,5
802.7749739791237,57,57,-6409,215,58,360.9713257758253,138.95349819211884,53.112591672564236,-18292.18774600138,120.25080997224794,-5,0.810090244810505,-41,3,3,5
1423.658435950205,54,52,-70897,1357,60,34.435040060049005,8.66684907080005,3.609301088372222,-6643.432024136184,76.76393030209522,2,0.7182096643492348,402,3,0,5
179.20494911241104,55,81,-36561,-120,68,225.7156472534509,299.8498890797471,-30.168300144223487,-22651.35340524128,325.6462174073955,-7,0.8821989134591776,-42,0,3,5
755.4408116494801,54,82,-19751,-154,64,5.588800185512099,52.23289182967437,-24.217350377520532,-20404.115716887958,108.73735299559306,-5,6.382375687519848,-21,3,1,5
57.46901784854297,57,57,-88041,264,69,422.5965506671557,646.2976886784899,27.22827900965281,-8397.96905627964,214.98594346619157,316,0.5189696641450164,24,0,2,5
181.56904485204694,55,53,-6165,420,64,342.6574273842034,31.653622280850374,31.676539768802847,551.7967195199399,-46.60530653964645,17,14.640407606329173,16,4,0,5
989.0543319465417,53,59,-17462,-40,48,48.29141228160984,581.0737854566811,454.1518599215366,-45816.9635506248,22.084439338914706,-18,0.7614143638716462,78,0,3,5
130.45871982125735,54,58,20106,-71,55,595.8660440557236,97.3419741317411,-45.03923577950592,466.74126753501696,9.744603817482385,18,3.074828427968665,53,3,1,5
309.7829127355403,53,58,-41871,1164,57,210.48427417185457,424.2730309855567,502.538517522072,-51380.14949596463,78.73335743257292,-10,1.2533470020159143,-33,3,0,5
635.9997215790561,56,56,262228,211,52,34.87170861254903,-5.55676491352625,179.88335047645572,10890.26182421749,51.44222447302487,99,9.533222444795035,-38,0,2,5
99.60525411586582,95,72,-43474,391,279,406.4628457062069,505.599873201625,17.99912468141497,302737.97673414915,105.79555324367499,-19,0.371571132175038,-23,0,2,5
407.5048085816105,55,90,-10542,250,64,63.862993289003384,-30.335494196989693,669.7913828338908,-7366.9072005462895,4.222660949741893,-3,0.8356587524573407,-41,3,0,5
182.22088278355932,80,58,-50122,-155,56,298.7328432227614,-17.864613510927676,417.6204587920263,-36262.09464752656,43.874651730943214,-13,0.7851027844082139,1441,0,3,5
442.5200733378706,55,53,-85101,335,57,226.0799227111096,475.21597284384745,17.901811567074926,-12901.498382701402,244.41428799455502,-2,0.18125101395920312,665,0,0,5
27.71414410494627,53,57,-25704,1328,67,49.06917982088266,-32.444066625972816,401.84602402563496,-26150.294797147842,-4.9770612771409475,2,0.8592994058111141,-55,3,0,5
94.54237978955287,65,54,42086,1482,130,256.3971242881564,311.5740195946538,235.01902533550495,-31914.360003515576,254.4891359842159,3,1.7692063243438498,27,5,0,5
447.8652052156762,80,54,74736,-240,55,465.43446003954637,-69.27503345162188,433.99186948277094,-43516.54117453942,132.81571512267075,12,1.186038707930213,-50,0,3,5
96.22196717667525,55,62,-29584,1495,61,176.3502736573496,301.0469970216683,-25.60146874696772,-4696.331153984989,334.4856286389472,20,1.0998127637407231,-54,3,0,5
54.67712008397779,106,58,1076887,1844,223,129.41704389182553,-82.51538524304442,422.4795147096712,28337.86886698017,53.17267447274175,9,1.9157580363846063,2,0,1,5
155.73692872019927,53,91,1049306,1239,243,-10.979902481843581,283.28471583576436,578.9911337531913,-33147.027804707,207.38995307088345,3,1.0331309931995292,-49,0,3,5
107.41649174531142,99,54,-65901,1903,8,24.162664303978715,-73.06012359643611,-82.70939285988044,-30728.070817511732,298.64131308378956,-11,1.6520187905445143,-32,3,2,5
226.7835660249633,75,56,27686,94,52,407.63225076141646,-64.23406343663711,4.883593609654604,11435.893232322427,-7.126777636047066,130,1.0586726410254221,139,0,2,5
144.3841856154791,56,51,-64369,340,60,57.28673225493065,486.17793931536323,578.9689777967757,-20751.277091993376,70.5906364811648,-12,1.1819607345277048,-10,0,0,5
587.8606464745253,55,52,-1021,1256,58,-24.46607144097021,-11.660732197457833,-14.064355561276813,-42933.19982364284,1263.3605634889395,-6,1.0688283050625955,-59,0,8,5
697.9624988721458,54,57,-6711,-54,57,283.51485595760124,-4.199757385765611,29.55437075409862,293.125053187945,180.49308040718816,-16,1.6960611069136022,-21,0,2,5
642.6803384255888,56,55,-3681,295,61,932.2232913122127,6.003964173183874,384.8369556031067,-35615.55005288734,28.579803729400865,1,0.8829336443342904,-23,0,3,5
17.44950683437588,92,53,-50946,467,141,19.348141720102646,185.82889899209079,-20.972034315968045,-28311.215294031557,46.964335135998894,22,1.7640134119617454,53,0,0,5
428.48229147760475,55,56,8902,1827,132,1124.738987693392,19.557566677657576,-31.38575998734283,-1886.6612480724507,52.09256075499821,98,1.2165668004103243,-72,3,0,5
369.5646435220377,56,107,-26746,658,80,227.9507353722285,-74.33430560447019,-10.466648870087251,23280.597392214462,124.11658934754692,-10,1.7284687436237942,-69,0,0,5
134.6254577758247,56,55,-61404,2300,204,48.11548572759568,140.00531458090745,-8.362900359341838,-6367.595533278867,43.16568449308779,41,0.2934433969432735,934,0,2,5
262.915489691058,94,56,-29586,1410,58,298.00244009730443,-39.39171459283574,-31.377284577542824,-28671.129711744034,70.92424541599372,-13,0.9882260601991024,-69,3,1,5
242.79809512962936,56,86,-101474,511,55,339.8824958520009,-66.26625847741519,213.3869770685587,-18176.542647499744,-5.998151726797801,-4,1.3714872557811204,60,3,2,5
182.42975775319954,54,50,20091,-220,52,-37.98615192892788,1278.5636941875641,-3.843794604163408,-332.32200844683393,117.95549395815823,-4,1.1814664624555156,-34,0,1,5
82.63438832554479,55,88,50980,1034,64,154.3610202661954,496.466766226091,14.487011459265347,-20161.810060492862,167.92108419614232,9,0.9491251816501088,31,0,3,5
132.58150846859797,75,53,14361,1538,52,-4.917726787149704,801.5696022803761,-51.552651460135685,8260.30676444661,103.26757530837844,-12,0.6607308946801549,-7,0,1,5
188.94905730807,55,61,5886,258,57,330.15106149649546,21.659822626235155,32.41941765187488,-33367.16904769722,16.554485003856428,-4,1.7079524021494565,14,3,0,5
-48.88121158357724,56,59,-21653,377,149,-13.111131021216238,156.23008037519315,347.5772920076432,12021.854011447378,58.431187527987106,-2,0.9133572085973656,-49,0,0,5
118.50429628482546,57,55,-43287,-19,131,31.69029116319222,-51.56669701748248,9.77656959039161,-30056.412008965926,50.77141030223751,-9,1.5747802021990953,44,0,0,5
45.49841907648816,83,52,-77343,-146,186,45.32839944879854,17.329268999659778,539.6910029275915,2755.6814913389835,270.03229207291906,0,0.31369552966557,82,0,3,5
175.08556622701587,99,55,-16070,2302,54,46.041992639207535,845.6976382785688,-0.4022745307224733,-35896.35814181653,91.92729580889674,-10,0.932445535078139,13,3,0,5
231.81850489041946,55,57,-46778,1525,29,124.4337149714466,-2.0716485061713197,16.218316883755968,-25533.345098783153,79.19357846468894,0,1.6276020514771108,52,3,1,5
-29.057309710065923,54,61,26291,349,60,174.41860378670174,372.30740682272386,-25.351362508736564,280.5291897317056,46.0293599594535,15,1.0096322571546765,28,0,0,5
11.574623652967574,56,79,-25707,248,60,421.2519475136711,-0.10094231605610116,564.0773699232835,-23161.02940973986,305.08527884491275,-10,1.1114328208170015,27,0,1,5
39.00937439992053,54,105,-50125,203,63,20.80242746243009,300.71127456306283,317.1346800255909,-50584.96940626369,26.960668103626404,10,12.76266808148872,-36,3,0,5
115.39651555423666,56,49,-52130,362,62,1.4033672561810704,643.2930943325784,617.585139223024,10468.697753517039,93.71116847727455,2,1.2008026934716831,-35,0,2,5
-23.169891653396064,57,58,12151,258,59,49.93614065466454,-12.252570882975373,-8.201009682271915,-31223.964578936233,169.51557934236638,7,1.1897132163129938,-45,3,1,5
22.149447849068707,56,57,75154,-178,55,66.82307970233961,489.4505898813953,174.1580669755398,27315.695169254912,12.151323315087382,9,1.125601692647281,-45,0,1,5
44.75985378343951,97,56,-52507,2202,149,569.5560723280942,-88.325682253845,-17.70143692347346,-9824.014582040594,86.47251119082199,2,1.3348492123359312,31,0,2,5
-13.528206104922148,55,61,-25393,207,60,1206.0794678246489,375.80156646694434,87.14754761564203,22622.475368890766,130.66658691991768,88,1.6979673615716795,-39,0,0,5
373.3715024013097,54,89,-63867,-210,65,10.029670725930771,49.70284317600854,198.0160028402338,1846.1110449191601,29.54866709077978,-7,0.9982367960486754,42,0,0,5
493.555256523296,55,56,-77535,485,60,25.328608733881637,-76.20913619485506,36.797890664555574,-20704.149184415568,80.18441357330022,-4,1.1152417627359208,-62,3,0,5
472.10966491287974,55,57,30530,1861,58,1016.4313816293366,5.59166271131438,-6.995932907365109,-1020079.2835083324,-0.7494197001295504,17,1.7517369659651707,47,0,3,5
422.4987389423945,56,61,-18566,1955,55,-20.858860872937626,449.21601795858203,33.39899373749555,-40143.765118544274,295.7748308678411,245,0.7681165548022362,-64,3,0,5
191.9391433271001,56,57,-62648,174,148,149.38713412670694,139.92445192990735,-19.725930577692864,15928.33321976864,267.3619322525799,15,0.7536066039108189,-10,0,0,5
1264.2881423712047,74,50,-68932,43,46,1422.9219567793148,280.74683432464394,480.27568019488314,-15534.936010318268,1381.4549580920816,-2,0.943840395216099,16,0,3,5
675.8477744758843,72,59,-76172,-89,114,121.38631696050265,110.83438676787036,103.11863794752895,-8364.067881900412,158.0999584100045,-10,0.5591588780246589,-39,0,0,5
250.36048292663878,55,65,-48495,-100,227,280.62168304687924,485.64010748784443,496.4713587381882,25329.879782372962,401.3983161482986,9,0.9711116986726048,16,0,2,5
183.69131253889896,55,77,-87595,2145,69,60.30522459153469,261.88809110964837,48.18269590116482,-35608.65570164172,216.17897217717172,125,0.4909313840455981,9,0,0,5
396.85232359159465,53,65,1369,-100,212,129.6005476036722,383.0408481088307,41.1577426646005,-461.8494709884908,41.49508422648492,235,1.154596199344682,-27,0,2,5
-11.644483483922187,55,76,-70854,122,58,-20.582837452108308,351.5720242805603,-4.857658314065352,234865.5189533412,39.866090498933744,-6,1.9151453197943415,-34,3,0,5
254.96110458682023,56,63,-1361,1709,118,9.88428227816307,-14.659355917938747,74.03267235078573,-47710.45556465062,0.9396078783048551,18,0.8900717860165178,-40,0,0,5
200.70104069071044,55,57,51234,2147,55,1030.6542974282588,-95.23563116381183,-36.11254318230314,-35424.93695886103,47.40614253965302,-20,0.4066933887900219,-23,0,1,5
1571.7953302802746,53,60,-48787,1305,57,42.54469125845403,558.8628775477341,440.0429070940712,-12274.450462181203,250.23157527163596,2,1.5747391857749093,-78,0,0,5
-82.16406892622153,54,57,-36238,-78,163,48.442581739864835,-30.541766834905637,-19.21184234890398,-40689.68491271104,156.43059098700098,-1,1.3444292755093006,34,3,0,5
192.1113814820368,55,55,-16934,350,159,267.98432222275176,-11.573311504715626,297.66329823781336,-32189.290022831854,105.6199416210327,289,1.545936361214187,-14,0,0,5
-101.45121698259273,57,57,-43308,758,63,1340.9097699668578,166.2686815744985,19.588035171351198,3568.681498121923,43.18105611986272,-15,1.354906856625035,39,3,3,5
563.3063525459982,56,55,-58554,239,54,111.1501648658579,-6.398866155847571,-21.627405441146244,31011.070666615808,30.567900092050536,0,1.1224180209079822,-26,3,1,5
558.2632265054674,53,84,22062,-186,277,14.21280804819179,37.98304414382908,-57.79383283803339,-6322.6121521972,14.570279315417409,8,0.9190730788962389,-55,3,0,5
363.21478594800817,55,59,20909,697,60,31.37148173254166,-87.59981305588013,-43.50931506176793,8829.773960145807,40.74697236924455,-13,1.2716865223174538,21,0,1,5
109.47699134054294,55,51,-34481,677,64,132.8858352154769,445.26631595175604,-49.27139773849885,-80658.63591603687,29.21750111244595,-3,1.4462003921126294,-445,0,1,5
185.52819571987496,56,51,43479,191,58,57.404571084924136,-4.442870026298266,-3.001959288440198,-42147.23086280785,67.39250577511461,29,0.47229672468185835,-286,0,2,5
210.51566210700156,55,52,-65033,-87,165,40.76739213838236,14.855117075830872,-44.374147257745626,17534.885543128945,151.53378431752682,5,1.005422918845197,307,4,0,5
264.4383237882942,54,57,-82688,-58,64,44.50394391458667,165.6466285227553,-17.730653512534367,-27213.062701996554,312.2144452891422,-12,1.3186232017453152,7,3,0,5
554.5128278983804,55,56,-19476,898,66,915.5421348893168,417.47830095703387,-14.98733240847404,-37697.476184218496,295.95615970534766,10,6.575850630430873,-42,5,3,5
573.5219364510102,54,57,-2763,70,54,67.16367951661022,-44.61417532054053,-79.09853004274112,-31893.866426015324,1028.1192043533617,-4,1.4846639915774535,-28,3,1,5
537.3834946610839,54,53,-46488,1693,69,940.3830653402675,-8.632363306218501,452.5059753422319,-19340.66526695965,256.44784080588505,5,1.2442248764898773,246,3,0,5
110.23396737236396,88,59,-31187,1503,57,67.8503764510632,461.6715299279579,401.42629575260685,-19983.431102561997,33.64429832548795,-19,1.4931335562911299,-9,0,0,5
1322.1777450993598,75,52,-10172,87,68,167.03752692597357,522.273162309293,314.27003669335136,44723.90084392913,297.3882319058774,7,1.0207385261133122,-67,3,0,5
602.0780990236432,55,60,-23238,-59,58,-33.02137906279843,-9.169600806706061,6.6626787301394765,-35561.82923353124,62.60806521841283,-10,1.0004766039379247,30,0,0,5
1716.9154401554265,77,51,-31050,47,155,204.11634684133688,-0.0023262331505300438,395.9742799959055,-34174.423941203735,22.624294194976564,-25,0.9324782720214315,2,0,2,5
142.8368291638132,57,54,218,504,228,5.9589248327399815,-10.422093367531001,-24.053783743314995,428.2851274905461,236.77094287032205,16,0.9239723601468195,2173,0,0,5
350.044214201931,55,62,-31965,38,222,44.18766470385355,294.57565769285316,-48.977718463996034,-24540.09774765667,259.99275978751064,-2,0.5752869703619437,-69,0,2,5
87.74749997018293,85,55,-30506,1056,63,2.139043999968891,-20.435569708259692,-6.361909004997962,-23719.721624765152,380.6558468306221,-2,0.8236220840428891,-10,0,0,5
161.75435575349266,54,52,85872,2098,65,-5.672440272493759,0.5446559547503114,368.4162247327836,5647.869374863254,250.86863333278825,5,1.739233181534335,8,0,2,5
75.38047768524437,55,52,59734,-163,113,8.441857172364038,117.89456706522054,462.5576495827518,22071.888645828043,117.1704429676665,-8,1.592367351334411,17,3,0,5
218.8664863921077,56,52,-35469,2282,61,1050.977715469052,527.2988610430499,429.5900695031223,-36308.434506211204,372.27554714679434,2,1.4831786455883613,-65,0,0,5
834.1087893842428,72,58,-67963,1847,70,10.393739076457663,-15.285240963759147,4.300385910028024,-40802.772082018484,120.16547528139098,-16,0.44484021871252827,-37,3,1,5
455.1426599584267,54,83,-71928,1729,249,1214.0525845539712,-24.44662674095268,676.8274600832618,-8261.520328254208,-6.856544197939471,-35,1.8502731407043664,2182,4,2,5
106.30445874015886,54,59,-52313,2478,60,-25.447359477777667,-88.76386749987168,107.77109333255923,50745.703254280146,103.38270321322926,-3,1.4495703902079062,25,3,0,5
13.833649343582422,54,56,-33737,58,-2,-9.96209003010911,-31.549165567930388,-24.010138682781935,-8247.387123514594,32.033786781977845,0,1.1911718606384794,500,0,0,5
33.21472696775544,56,59,-14723,208,58,942.0014564411979,-41.422867531479525,-31.478695098276006,7479.929640301756,43.81885888767623,-1,1.7119446674368874,1437,0,2,5
-26.192042690517567,55,83,-64761,-71,310,3.935627152602308,12.197108273400499,-37.90242553338573,287.5710310024115,242.71749371441553,-8,1.0275161171614606,1743,0,3,5
1672.5104876320518,55,52,-13591,2070,54,343.60413819788715,1.2658653067231,-26.774424063728837,-37912.458506039286,139.1786318581553,3,1.8086656024800596,-41,0,0,5
48.10982949221377,102,61,-14505,1854,55,164.61324296714898,329.44930503754347,12.803030094900691,-7648.415059667494,5.7954158617012865,10,7.251935090539562,55,0,1,5
640.7065422079876,57,54,-9552,235,51,-6.463351562002828,457.7122127436505,-56.64127830415586,-27144.96322004887,56.23760955746229,-2,1.4835749387179527,-21,4,0,5
201.1493900717407,77,57,-18603,1133,157,289.7661497415215,197.08270732406777,360.4635612614764,18412.846831690767,203.86083741592847,7,1.8080694857454596,60,0,0,5
31.580634511726743,54,54,-36274,231,227,163.3290930700645,-90.77373065511031,10.919205479828832,-11569.396466933465,158.3533525308159,1,1.3914820661737093,-10,0,0,5
439.2154734645334,91,55,290725,518,16,1007.7799082358249,-425.4042184555333,11.303809686658258,32363.37117983382,349.73298788033964,7,1.5536186266090122,25,0,0,5
305.5351172053489,52,73,7558,-35,191,36.77334844971189,320.69436451308843,14.953424645438389,984156.8854602023,106.4670549103003,7,0.5463314642724194,-21,3,0,5
21.20032051070082,55,63,-25648,1,149,370.50331116535625,-60.104852301392235,497.0984600382183,12354.457475135101,126.36252941078706,-4,0.9895592919833757,-13,0,3,5
1067.7774109875104,77,56,-50787,229,59,399.55831864410015,443.5149849907881,-36.24862353406082,-12430.600412535621,66.35108243625555,9,1.178622003185283,-62,3,0,5
-27.298421756532363,54,59,27378,132,67,346.9364929415737,-75.67280274157798,-54.25045834858346,-20764.26267361809,95.26188089942346,17,0.3560338546819667,-37,3,0,5
715.9596113398436,102,61,-23821,3487,-7,101.30632059607946,423.75085979782983,-31.075240292065082,26266.005431010162,235.8857087222369,319,1.7506549055106246,-19,0,3,5
593.7101626189715,56,53,-80275,302,191,340.10894075209023,27.82587486291441,94.55397040328032,-35855.61644466799,20.19705858791977,198,1.3735339270265008,4,0,3,5
678.6516087697286,89,81,-35047,26,171,107.88722766824156,3.1965057554223586,467.81521671902584,-6406.865559885124,6.172639757386861,-20,1.4433423744972118,-14,0,0,5
-10.588179296755555,52,88,-31975,1354,290,-8.660975403420892,-38.03918695045498,494.36324073781276,26005.24306665834,72.46236441452135,47,0.7405197172386515,-16,0,0,5
689.6679974731722,54,53,5175,1193,57,-32.127697364093876,-36.929412796868334,9.073476273099356,-24498.311778067742,277.5965305902271,-7,1.7331351790767429,-45,0,0,5
-20.19292805905077,53,76,-62988,202,170,368.4433278008462,-11.418849130313781,22.106891314291722,16393.825196058737,-2.527462196244869,-2,7.839276797158078,-17,3,0,5
631.8744948167669,56,50,-45349,445,303,-13.080578917365699,55.50071217967335,-54.4855756463352,15699.311893041773,277.34846684023944,733,1.3937829084967548,11,0,2,5
583.8958454405663,56,57,7111,103,54,25.287838379048708,502.4997319177282,-44.4459202938973,15242.537976774634,242.37412187363034,-12,1.1325924884185377,-43,3,0,5
1678.7658979156345,55,91,-79276,1493,58,94.54824074571447,-39.7744195856097,74.83408653232425,-19501.49183533578,-36.54056902794201,2,1.0982676418238029,-42,0,0,5
154.97386697799695,82,60,-71939,-80,67,267.7730274414899,-14.065820582714824,-26.53872717214545,13162.690701198524,108.1585609294777,11,9.447369395295745,-42,0,3,5
-88.87986851021402,90,103,-73023,128,61,250.1314607341597,727.4478234945998,472.3001989181977,-19635.43430950427,425.1446626867742,-4,0.7838628291899017,-7,0,0,5
815.46465674864,98,58,-62927,282,69,74.21331983120848,-58.793178754206444,-32.713432357519544,-9321.030533716717,69.84219097489509,13,0.7153360249559868,-39,3,0,5
163.76091929091604,57,57,-77747,110,60,301.7066501721234,-33.37976797831351,439.3498008638717,-11618.085400324222,103.86929176425271,-69,0.43463380450577727,-43,0,0,5
185.58997458323486,55,56,-34557,999,63,48.08255131507269,-46.991298768281425,568.5579527212342,12432.525990895156,-10.474342135154089,-3,0.9326628640997456,-51,3,2,5
1106.2280462930871,56,50,19272,1430,64,57.078898162403675,615.3792525400883,-18.45958015489409,-32430.613847819077,24.158990635653645,-7,1.4521072119859701,-29,0,0,5
1183.1396664972135,56,54,-68079,812,-51,1192.2851971190491,-145.6803498658993,32.68735831111315,-28166.02482145359,-170.77682266520344,77,1.3350576533565086,-46,3,0,5
114.78609160149261,56,58,33860,2000,161,36.02569442269493,58.4317951560046,6.699301096634008,-2596.9086147144517,358.4738065836294,-10,0.577107089056688,-16,0,0,5
213.7335919583877,56,55,-63746,1705,33,1067.5504677499837,-33.44444049905811,-28.187800421796332,-33086.66670451347,106.40310749295196,-15,0.3586929801144322,784,0,0,5
303.1946170974868,56,51,-42210,2195,66,28.432199504523254,1414.9524475269927,-11.243003307694165,-25373.517586927323,274.22722464136956,552,1.0891139258163,32,3,0,5
100.63283779211004,55,101,294,2324,58,100.3298122005117,438.416673651549,-51.58224754515779,28022.81079514527,229.68555573844543,29,0.8659495916345455,-28,0,2,5
753.3935212469037,56,79,13139,-19,36,117.74013301873154,110.60362087455027,-22.856760757667395,-40815.131100178965,45.23677812110665,-7,1.2931532272657997,32,5,0,5
636.7721676863716,55,62,-66072,59,50,-24.890170849551637,-65.30991404186997,316.4756906417374,36639.951037581835,12.486313682105049,-9,1.412680422950831,-39,3,0,5
806.0407748523183,55,61,-48316,217,228,385.0252043629089,-62.4287436047779,3.1127470104752097,-33636.655931489164,69.83334435533652,6,-0.08317169788351964,32,0,0,5
9.62997607376954,79,54,40222,216,181,5.039851480224385,6.890841300471755,-52.93471135149033,27042.319716334423,56.84765687342613,4,1.3913575388318113,-42,0,3,5
-43.694857986331,54,80,-57096,2022,61,259.04944932162107,-21.415916549976963,-7.892625514266703,25365.653111158208,875.4635474515645,-2,1.5750895734817285,-53,0,0,5
-51.43495206490978,55,59,-12075,1785,64,247.11081848104578,21.426025704705683,551.7456405105967,-8634.986603162166,74.39331406095872,-1,0.8716389877097127,4,3,0,5
976.946089871725,85,81,-85541,241,109,1142.5077045637577,511.76778101407484,7.589468529230112,-46433.54506221154,11.618495869821103,-20,0.8440725204038064,-35,3,0,5
91.96630067914721,56,56,-37731,2125,337,159.8676187822001,-29.151363361253928,-33.63448975511756,-14800.803872168564,387.9660647679707,-6,10.69575540511327,-38,0,0,5
305.9045851663788,53,89,-69130,-140,239,115.1996972921051,-50.434882804850965,337.8223310297403,-30242.15039617772,356.05361361940123,-4,0.8049607871830016,-482,0,2,5
424.50170826311546,54,91,-37003,1848,27,922.8440498086688,-33.21721241188076,-34.90285725644947,-45211.66879395048,428.8450990641291,-3,0.7953310390587751,50,0,2,5
871.0276476929346,76,95,-65447,19,58,342.1416067843962,-61.30131507123398,-52.719134645776805,-29522.26988541551,209.96606152040937,-25,1.14685647728639,-28,0,2,5
142.37278612331875,56,55,-55009,2277,56,266.74232559741483,-51.603393734463054,34.8578222118365,6494.385144135051,264.1553027616619,7,1.6710386436608888,33,0,0,5
448.2605611464208,55,51,-56195,1316,54,277.3339085514991,334.25117029377,32.31595366380672,-41518.8113927113,36.71185908473506,8,1.0542924063829866,-7,0,2,5
1661.272947344144,55,53,-85625,359,92,73.17272044648988,189.5275418715787,29.572756758424596,-44471.54877609619,236.54149733446684,85,1.17453156008295,11,0,0,5
595.7703908941503,57,53,-24022,-65,189,302.0812100102002,23.09744675849572,-25.908813572005585,5184.699559041115,11.216806908417738,173,7.700861085195966,4,0,0,5
165.89008480799734,56,57,-14386,1393,59,506.02869763084277,357.06521457652605,521.4922852666069,-13870.544450879484,113.55813378073307,-66,1.154446274792105,-68,0,0,5
146.5991436243865,52,56,10506,-12,55,50.026252002622265,213.9498516301097,22.07773222461887,11496.202522607518,78.7033453815413,-10,1.7159984431483921,48,0,0,5
1866.3934630122042,54,59,-53528,629,228,147.1946768562637,360.58022208220166,-36.55403728367886,39156.208378552736,41.09738325084275,-8,0.8200513533518403,6,3,3,5
231.197260794626,55,60,2403093,130,52,151.4830757539291,32.78744378692201,117.26675141363762,-41510.77157148984,284.321859387143,-18,1.2797454404890611,14,0,0,5
505.05071919744654,87,56,-35050,-183,60,55.85250274632366,35.73730056434871,-32.0125079171449,26521.42370423406,75.00118780488026,17,1.033592663174696,17,4,0,5
1011.684261113114,56,73,-89858,112,58,236.7727531354165,360.2302462116862,6.07144889108425,-34950.415255670145,113.01928733406737,17,0.8446430832430939,-27,0,2,5
26.750375034950224,92,48,52060,-127,96,10.752432347015741,707.610101756246,-113.07951085590275,-71746.34591522577,197.09160092157953,-10,1.6675487514026068,-240,0,0,5
73.75838690543522,63,61,-38422,740,60,3.770474087865935,308.26330177646014,11.436756896760556,-19251.236789559407,258.84180552325006,-2,0.5167468869783799,905,0,2,5
-6.742644819405456,56,55,42873,274,68,484.0084950789526,18.39169740342745,411.3343191685663,-6645.8456930138655,35.977147635242126,-4,1.4628174445459063,-26,3,0,5
-26.524909023786947,103,59,46308,217,54,201.77248616830693,-40.45183436169716,-32.525016062749906,-48223.199792298794,23.031574024839742,-6,-0.14143542295038525,-79,0,2,5
273.4182321245989,56,83,-109435,-234,56,-37.623194054991785,2.5785536998556653,8.571002633201594,22312.877657692625,307.8697229946046,-14,1.0368503527761157,2,3,0,5
481.5481074324362,57,55,-19827,334,60,266.22552349149913,521.0768540324249,731.4880480290785,201.59834178118763,-67.48165841938192,-14,0.6696596229551968,32,0,0,5
620.1902873837626,57,55,-52865,113,61,51.162722214739915,-17.29116869699007,418.0070733051531,-38587.02835858387,25.208025343611,14,1.1539328443406651,-248,3,0,5
651.1868619343463,56,55,-21302,59,64,0.09542179869913525,166.2522509278462,381.68296469150084,6638.736161624983,4.723382055521341,372,9.6467836110073,14,3,1,5
31.65098376267423,56,57,-68614,88,58,991.6652324035251,36.878763446086765,-51.26374693481735,7964.737965315235,51.75649590773584,3,1.6479377273990399,-37,0,0,5
425.0770877252231,83,56,1212569,-60,230,88.29793185720202,-63.359153254636844,-13.907785997603709,-26040.252166460414,116.3992785019604,-1,0.5541630504675251,-56,0,0,5
312.58307251161966,57,56,-28729,221,62,194.71907015443637,439.3693780630402,-6.08689173188381,29045.46141317062,59.709477331499116,11,0.17647869511478298,-67,0,0,5
217.92488752035013,54,55,-66845,-17,57,29.066552258204425,718.3584738715116,-4.463570158169356,-32784.44780084772,7.429088029027312,4,1.7279129895519416,-32,0,0,5
393.03547571348435,68,105,-25288,291,62,66.19132675737151,-54.45816766035228,-58.76860386398128,19691.001310217347,50.257762103493064,4,1.5707640604069408,-60,3,1,5
99.30000431566037,56,96,-35213,1986,54,55.13655095962627,425.33115672829877,-43.986072387852914,-20856.9187064578,30.869044874859654,-7,1.6410507770067944,-33,0,0,5
501.8840123655749,88,60,-38408,2035,58,82.05891743129442,-1138.814728780281,474.92875516075185,-1783.0102106619179,120.32242964483123,8,1.246238688765769,-53,3,0,5
139.2543621067448,80,49,-18860,1730,63,1116.5290128872357,-59.707232931471104,773.3290264938382,-782.0567748670819,1004.4821196275432,-9,0.9901758219337695,27,0,0,5
249.8954728110774,56,56,-15328,218,-27,63.01199261808942,528.3626350977255,431.9262755742367,-33666.44676341746,60.3713428601761,-10,1.1978807515505592,9,0,0,5
790.0747442272636,63,76,-12163,1638,60,30.679323539855545,24.366707780910243,14.18000842656133,-38690.7450667355,1513.6354559121496,16,1.07168655029176,34,0,2,5
629.7778335009184,85,58,2084542,243,60,35.05945847614738,20.993173508159344,-46.025690681107555,-59383.49233750891,104.98717435568625,61,14.946134064292632,480,0,0,5
972.7303210174487,77,55,-69045,1423,60,429.03143116589376,-10.392838238009887,-1.888078842971642,-13929.67180239603,87.55214020404803,17,7.007734018037203,11,4,2,5
468.50960922601723,56,52,40672,-48,53,124.35251272139175,29.805866991725587,-9.937226704490598,-51035.03144981989,49.28670817461099,-21,1.6218237099387114,-53,3,0,5
69.75978796932813,53,54,17420,1880,50,98.67094173740759,47.10434649444879,-28.92789114534174,-45415.872501675214,275.42569817641345,-5,1.1559647885150655,-29,3,1,5
202.37432797966193,56,61,-77404,394,64,199.97288568618993,25.163610505628757,34.69629953085016,-46926.80338143596,99.50658834039704,-4,1.298336228691582,-25,0,2,5
248.12555459637076,55,54,-58827,-301,67,-51.07507821584508,414.29361730923546,315.18782584649676,-27988.558794480923,114.60919865742753,21,0.5323455106564907,-169,0,0,5
62.494038208148616,56,57,-19353,-81,57,64.79665681084407,284.35394718618153,-36.64286233835353,18770.98006512219,49.182922214776504,16,1.413566853052373,-19,4,1,5
688.8245889929486,55,57,51375,2352,262,-36.34781635634869,84.28540320824428,19.740668446943506,17817.310639486448,93.34017594441872,12,1.8146247801173299,-23,3,2,5
588.5869440636593,56,53,-48138,107,125,-29.602081663745196,533.3881543245521,131.15979280741408,-8140.283527633621,90.38118290018147,-13,0.46330892539735424,-294,3,0,5
1617.0283403571977,55,58,-49879,-29,181,119.9183491820851,361.6153709378493,517.5402252728718,119.53037023139768,168.97100787212378,8,0.9584853623963929,-17,0,0,5
177.78402013130244,95,66,-13466,261,184,174.48045032715405,-53.57977194883062,-32.09716311619748,-24112.499403833623,315.70039502712757,-13,9.59680884880173,762,0,0,5
520.032986608875,57,91,17154,-8,53,-14.887305667093045,102.0881678622417,-40.84784778657391,17504.19308422248,102.21134627137758,4,0.6163979367664688,-251,3,2,5
862.565029145934,57,63,-54992,441,136,35.563269574127496,570.7201575059344,-54.89432729617419,-18403.28541482446,121.84618057471344,-17,0.38535280805556876,-64,0,3,5
193.51228076936724,53,60,-36038,155,159,28.034639553287874,428.4531170687881,15.60664759347868,5107.221541666169,72.31963841319038,-3,1.0209400401864683,348,0,0,5
411.32999886017444,54,59,-19774,378,240,223.58301220346203,104.82856102913225,21.257649133150466,-52530.347765173006,1058.3470087043752,-6,1.4401323774079937,-64,3,0,5
1459.5896818289061,54,57,-47161,64,109,14.607671127706709,-18.007956392859704,642.2727022560978,-35779.705374238394,118.15198832800966,188,1.532264134545644,-59,0,0,5
172.64730662633113,94,74,-81916,74,54,8.880234137112637,-66.7647192718513,18.54394978308506,-18432.723131948173,103.1903213342733,108,1.2839645524366832,-61,0,0,5
-34.784302784638285,55,67,-17305,386,56,260.8340589094699,4.727063121661416,-16.499495015203664,-41609.53175354296,75.17260198784976,-2,1.519763277829078,-19,3,0,5
131.26833746606334,53,53,-4590,549,53,6.158390690957859,81.2569040451757,-15.581052689774603,33677.99175963574,22.519591922282437,-13,1.4780961904650138,-47,0,2,5
628.4307081460904,84,61,37501,389,56,35.054913920687625,578.001387174094,298.5644756573319,-90392.2955967221,-10.966125569947963,-1,0.9268140849740945,3821,3,0,5
1295.5262248282277,82,53,-17520,936,64,357.7129016249184,-4.063684349999049,-54.25105634221928,8956.996352760734,141.06811787868665,5,1.2061951760293326,-28,4,0,5
205.08983903281066,54,51,-21996,117,57,1054.7214938810928,451.80021268977856,-15.260130205209085,-25626.360705844607,232.04805518951065,-2,0.5587422766988389,-48,3,0,5
1276.9603601672372,55,55,-70846,323,61,1037.5951013166627,-35.34863485027308,-20.928157682927427,13108.296218461424,71.79333045303048,13,1.7315646167053154,-2,5,0,5
326.15409569889755,54,58,-35107,535,63,143.80369515520806,497.4128882847736,-26.110296931736897,14375.282633865854,79.30860547708582,-7,0.43045751548482214,-19,0,2,5
31.371670600838826,55,62,27837,401,60,-8.388722003958591,-985.3148317621451,-17.326812310435677,-5194.552458725073,-5.5332642836667105,-13,1.1701567590805542,-37,0,2,5
205.7788229885267,55,62,-24937,42,63,1014.496127316283,285.1744611129718,-24.546780471543364,231659.3166333951,205.8109830093593,2,1.3373222798988595,-40,0,2,5
154.75505280372477,55,91,12684,1333,63,1141.127205772143,-62.31705600178995,31.533715888813532,-48592.47175233278,39.85325954727214,-15,1.3140638153668325,-24,3,0,5
244.1841947250797,77,58,-8073,-84,64,288.23807410433193,498.6851366337378,-15.657736173666576,-26593.656271973137,164.79939621574397,-17,1.2989804664316613,22,3,0,5
21.340165107433975,56,57,-795573,1993,273,59.96434327217536,-59.43055029147052,-44.941427020440806,-45954.04099525352,139.08175342762667,21,1.5473616748485457,-32,3,0,5
86.30801171713716,54,90,-38456,179,62,47.83055516469998,419.57342808422663,376.56937042436283,1134.6116279182188,249.2481512010698,9,1.1181689199147253,-31,0,3,5
251.12365478953444,73,59,-38238,-16,62,5.768090830374803,1948.7412017189067,14.948040402740476,-15185.65594638534,571.0993655329963,-22,1.1801554205870426,-15,0,3,5
193.49832024087038,55,79,266,-34,69,-23.117336965183227,293.81786281367334,429.07133146686533,-17366.91284161849,126.05447178831582,-7,1.0658108761580358,-51,0,3,5
648.7583426636652,56,57,40806,281,58,18.80695235334629,-10.906460918985697,-36.52938614602989,-11581.716728591005,12.264353969805626,578,1.271991561043167,337,0,1,5
323.9509470602748,56,77,4285,745,25,64.02514901319694,-29.320394249895642,30.510386947916402,639.5941940880293,355.23486949404474,-9,0.9668605154309744,-56,0,0,5
48.023906264553176,67,55,1603,300,215,126.37468025124318,292.77309186812334,166.02609833976234,-5619.191312920671,109.67078415189644,-6,1.397874943464638,-1,0,2,5
1226.1492485173528,55,61,-60496,273,158,75.65460063287351,445.5466146195302,2.6639085122626223,-36107.46050706499,-0.8791863787542411,82,1.4324277988510161,2,0,0,5
60.93317791223763,56,60,-70165,229,59,232.53724718043006,-76.86715190476397,2.3596856163912605,-31301.882374962617,103.99374962500474,3,1.8357949967281701,33,0,0,5
140.20380576878358,54,61,-67113,1513,314,206.18807139740048,281.1846117655187,15.26633171530838,53175.75321387311,92.66200268570554,8,1.3582046709301387,3836,3,3,5
733.9720628835232,80,81,-76620,78,59,-22.777204517642474,140.6511809509777,-17.45286246894021,36508.63969933531,282.6846452942285,-2,1.843353217996074,-64,3,3,5
146.42805070728852,103,59,23817,1582,137,127.57599978564849,167.47639383463172,235.9849289829165,-46067.72673721752,-21.820538232461274,23,1.5806460340726607,58,4,2,5
69.09235279709145,102,66,-9653,123,119,62.88252411203493,189.53918867478973,-42.979883696269184,-12904.353445084815,1368.9067671395849,1,0.568100989899958,2369,0,0,5
214.21582118904738,52,53,-60715,-19,236,1114.4356057776056,24.306496891669855,11.400236160434421,-45651.296725659,-57.09796769769798,-16,0.7524231070440371,-21,3,0,5
252.23105227454954,55,51,-76537,284,51,96.89541525174212,152.74587298335044,-15.78782968913947,-31372.26849058389,53.972080257269766,-14,1.231187308045935,-36,3,2,5
688.2294065868132,100,54,-34398,329,188,241.76871557161022,-14.101033186471199,-12.961508218414929,-36290.93379199371,166.8906179923177,-4,1.2985634787199791,8,3,0,5
39.20921954375912,55,56,-30152,186,67,415.9302635441973,60.24831082149251,50.128682190903,-19000.017137487594,30.832664599941708,15,1.7282266244961324,35,0,0,5
529.6264079641207,55,55,-24663,342,66,-6.9556472976886425,-13.380675770649127,-21.38807228826196,-28220.17196234205,203.22037509976255,-4,0.7179797308137131,2010,0,0,5
129.9832278239846,82,61,-7132,90,48,-9.313441056788648,360.6814475739621,-41.90618612315229,-29115.584981207925,887.5797418995012,13,11.71431363729641,23,3,0,5
429.5326468077949,56,62,-62231,239,208,275.09839892703076,-61.82147751213402,21.368840669034675,-30097.575721368725,198.7469981458546,-4,1.27128779583712,-627,3,0,5
-17.975132669965618,55,102,26417,2021,58,76.14280323583134,220.25532652894753,323.6944249318051,-42107.96191277112,29.109058384135572,-6,1.5858894566320199,-22,3,2,5
205.2515097523799,56,84,-71865,329,175,52.369586236701984,-36.960502029313744,140.44951381994997,-27233.745755733413,-10.086921721419003,2,0.7520020498564912,1166,0,2,5
215.5758100881271,54,104,2303,-134,67,48.00181118481762,438.7460850698665,-24.72987922290524,-4957.027847595718,64.69991654602822,-6,0.5703583681969357,61,0,0,5
237.02032211690093,57,54,-56351,1956,155,44.939028095953155,471.12996826536914,-40.70080115152548,-11429.457500504179,232.4605350547238,465,0.8214709031247565,-13,3,1,5
348.0061890480462,54,58,5042,-25,20,28.860264900928897,533.6536448586385,542.5408819368201,15886.655445417093,12.452413225686968,-16,1.3134639227422085,45,0,1,5
183.45387206596268,55,53,-40103,2,240,77.84677007456627,280.4573421370637,-3.7848922310350233,6431.594764805701,39.94775254053773,9,0.8884734942569098,12,0,2,5
32.963310652537416,54,103,-23867,1719,27,169.4619649031572,954.1462543937647,-37.03706434303788,52274.991797601215,63.66178589601088,8,1.4378850582497036,1581,3,2,5
16.674129611460614,56,54,-10471,304,240,222.77085193863206,913.2740619177634,484.3060301721606,-40350.14780298999,314.03645306251383,14,9.261386203531314,55,0,3,5
156.37388757778285,59,106,-6015,-1,67,43.198724643479366,-55.88326502652774,180.65032059553937,8972.77199888372,77.98772460248769,-13,0.5986064044287387,-271,0,0,5
266.0584560700258,73,54,31682,2209,56,237.76014828052223,41.76873398608534,-45.64058277963873,-48371.305615153644,115.79482060819186,-5,0.6153222830476086,3085,0,1,5
75.33755915837179,56,56,-21418,449,63,33.283787744017644,-8.791734051713163,416.8536327696895,2015.2153563820348,114.4630774161325,-11,1.1755518365284727,-31,3,0,5
248.71520352959078,55,60,-1567,259,67,51.97850717615817,167.2111809756415,-2.088174988437851,-46319.11433413542,15.314840326520859,3,7.791836100258568,22,0,1,5
105.5376146933677,79,52,-69785,2230,65,57.34433706161037,-14.908054405817278,10.961143268271769,2366.4009483762893,66.50804730370211,-4,1.6208070256280513,54,0,0,5
79.16688706412972,92,63,101495,490,165,94.6166877903212,638.3866303231889,-19.287845040041326,-38655.846988975034,225.93084134503871,-11,0.9127871251514907,-54,5,2,5
611.6099890213135,56,56,-29485,191,63,131.19121465028394,132.71096143097645,-45.87547007983824,-44652.86892197257,161.43079995107985,-13,1.2533843885540512,-60,0,0,5
583.1036510934882,55,53,-56013,126,64,79.50943581598001,108.59819392004972,-39.37260668690519,21086.08254326648,49.523081138560975,5,0.3162507034418705,2595,3,0,5
1585.7436641691045,52,52,-46293,29,64,1120.388346527764,844.0134604843731,28.015569830868678,-34499.19051702567,43.751352156177774,-12,1.7956769544568718,58,3,1,5
212.68888207984048,54,102,-99248,-195,279,13.34590604997635,-22.828645474295122,-4.580535988354333,25550.62605743689,56.073877934976366,20,1.7723779200546375,-34,3,0,5
107.32368611059387,71,97,-59730,-7,62,160.54577214676635,458.0917945129102,-8.2861743259027,32893.06707124114,173.70839831199635,10,1.2390917237816108,34,0,2,5
180.70447762667766,76,58,-77852,137,54,824.4831077626899,-65.93556290956613,-11.364811161347651,34134.85556945831,27.895193655664293,169,1.8684650475950388,0,3,0,5
564.8975717837831,54,57,3755,-74,71,39.84564990935447,-76.71901111961654,-5.59779158715792,6430.32010648671,237.25011380420372,277,1.069499364955247,2,0,1,5
435.3869927244135,66,57,-36290,257,64,61.16558861810313,297.6452287952892,594.8765495795208,-10263.808305456148,202.33818085458842,4,1.5823543127124045,-13,3,0,5
98.36646577520611,89,58,19408,1611,193,189.46679736720665,539.0623930208056,35.28051171334117,-31419.98635826204,763.1163797300283,-15,0.9189165425364759,21,0,2,5
320.97678556608656,82,57,-48319,-70,62,4.779625702949147,-75.42105297427278,36.90904158162607,-699.8456195703093,122.76808551855959,51,1.2209895542264162,-16,0,0,5
367.62585210939807,55,63,-12525,-56,55,1270.4208281537292,515.638186536428,-57.77601722763696,-20704.168562667044,82.12979899463448,114,1.3132471738198763,-48,3,2,5
