bwd_seg_size_avg,pkt_len_min,fwd_pkt_len_min,totlen_bwd_pkts,fwd_pkt_len_max,bwd_pkt_len_min,pkt_len_mean,fwd_pkt_len_std,bwd_pkt_len_std,flow_byts_s,fwd_pkt_len_mean,psh_flag_cnt,down_up_ratio,fwd_act_data_pkts,syn_flag_cnt,fin_flag_cnt,Label
165.81191337530956,64,108,31516,1872,61,65.51484378953461,-86.26526737957201,7.832004807525363,-33971.55084968963,123.79626868396342,10,0.7600934456416313,-35,0,0,1
1052.7842048640146,53,54,-41630,278,63,35.37595591973471,-104.06200754090658,40.951439657813125,29968.112479250645,137.9363834659505,-5,-0.5146783476518001,-53,0,0,1
787.861481984271,70,74,-513,208,113,341.324102918463,-70.31935801586437,370.33742681221565,-43176.20665917373,134.3889371333699,-4,0.07438407071590057,2569,0,0,1
880.5399976425256,62,136,-5494,3485,3,166.86555348046306,-2.4463297401795874,515.5273454199631,-22725.71260209103,74.29795288310811,17,3.6210031035557697,-48,0,0,1
215.37694625908009,52,53,4423,301,70,176.177003323669,202.4970753291359,517.9980534000007,46360.58806801388,71.34616490730899,14,0.4178627791447246,-49,3,2,1
890.4075196977263,54,54,-28835,3513,149,129.5121284717779,32.81728902321729,730.6421646441039,-31329.04272179783,2217.865470310667,5,0.690679703114537,-60,3,0,1
1051.993898096168,56,57,-37470,152,67,618.9566187224087,313.4381569645021,558.523120951202,5101.976237333105,197.81812456574386,9,0.3954505925199385,-1,0,0,1
42.65098524522244,53,59,10042,-143,62,52.7277035784152,-6.226137762822782,74.64169719117814,24552.32743227303,153.1976869755747,4,0.0056358849590092686,32,0,2,1
898.9714412175338,89,52,26752,257,63,39.68058184790449,141.2131840593138,-27.238015649014265,-48149.41400043543,48.37904852156112,18,1.193727461522231,-18,0,3,1
277.2667423688679,54,54,-18969,68,-37,222.74407482751877,-13.76803641682581,685.6314366927969,631011.054129214,123.70528558842118,4,0.525517709588666,8,3,0,1
1000.0228420380924,56,58,37078,-183,176,238.77486373447977,-70.46742447967452,26.20691309806307,-109345.4229820365,330.8525021851999,5,4.816323451175206,-17,0,1,1
399.3940744020637,54,58,19117,3115,61,-31.644170451156526,267.3938974252051,769.389963430628,13092.454982526255,52.25258769423361,15,0.0501134563605599,-31,6,2,1
224.47802205122565,54,79,-19385,4683,50,99.08088784295217,-70.73818805776303,546.2180865673158,-19706.898125869702,328.56602224089454,3,0.8802612569963741,-23,3,0,1
306.02981013213,56,62,41880,1042,57,7.290117923758942,321.4364351425295,626.8186576262233,46576.278174234176,69.33051716860504,10,0.5752984532224423,31,0,0,1
1374.3907719199683,58,57,7053,643,68,189.99900325144534,-62.42087382067269,597.513708963559,12852.630328038693,141.4685431641432,13,0.6925622374964701,-11,3,1,1
331.8425482296024,53,78,-8669,164,56,30.75423794985784,-70.31110154458767,670.172702093837,-106661.76870628192,190.43887994257307,10,0.951028937329806,-34,6,0,1
277.8869822185026,56,69,-3423,256,105,1134.2806140394673,-47.90423880067876,636.2931723586275,679648.172433524,182.281184388705,5,1.2956550293726083,-29,0,0,1
1520.0274136574508,92,53,-14527,90,86,10.047173771788664,-77.72981446044797,633.8672887620678,-17201.534527109747,50.62902524032793,9,0.37480436999696715,-333,3,0,1
276.7758409242306,56,63,-29558,279,39,79.49601308802497,-88.0375037780242,459.86196144693986,-7462.787395451089,119.24817005750556,12,0.29997885463537094,-23,0,0,1
173.90412415006938,54,58,51191,118,55,-12.115678195332436,2.1715579379211896,3.85700849070957,-17380.65919759244,1289.5246169212896,13,1.1857387674197344,-16,0,2,1
595.1713345395021,54,52,-41878,177,66,189.06877747783844,-70.25410417359112,51.53871389492624,-20248.290024667993,57.96112873185236,6,1.1047382030622823,-36,3,7,1
181.11634737328998,71,74,18678,214,56,370.1630557060082,-13.514278619337619,516.457835484924,-4214.892781282639,117.79209794077515,7,0.06613842585555162,-39,3,0,1
259.14961077797756,86,105,11858,255,53,53.726010663826855,609.2880297254889,654.7375468371503,-29680.74129480096,76.99660003055848,11,1.080719867969119,-4,0,0,1
219.75825888822249,51,51,-29603,181,56,50.474043981730496,-44.1763847881151,77.31930953641228,-88312.85805144421,50.92968808128309,3,0.32885685357789673,-13,0,3,1
221.70958747057585,69,61,696,164,59,-24.427294299251344,101.55224930852724,-32.58129653484715,-14820.393236564827,149.03722971678576,-5,0.6045775552563493,-35,3,1,1
1751.1929511759936,56,73,28046,36,55,66.15140902294301,720.0599930668519,457.568494695862,-31400.80027987688,89.49686614117812,0,1.147004117108878,-56,0,0,1
150.74871468141643,57,55,-25109,112,30,35.39755810448361,-35.23345759034177,309.69005104082134,90373.33868631542,173.9232721042295,3,0.6963176251313289,-24,3,0,1
896.5750613392142,57,52,27304,1058,65,75.2206682866364,47.04957555997464,664.9310290320982,10278.602917442808,1492.2050258236677,12,0.049314621920472854,-33,3,0,1
299.84376824026936,55,55,-9354,470,72,239.44132091768847,11.29754242917162,10.700019891369028,-41220.88934227729,98.70332808786571,18,0.13808827615705763,24,3,2,1
163.9220091378159,55,115,6051,263,52,95.41645653715364,100.58049005852506,31.191999335829667,-36669.77897439889,155.55078080270113,4,0.4171496951661098,30,0,1,1
226.65928084961186,63,57,-5021,99,134,362.3373336507025,277.70544780399786,21.053584174641287,-19012.94454593213,108.8692556740344,70,0.6546640811500195,4,3,0,1
836.2710552804191,70,216,-12174,1103,71,-25.867761472251203,-108.52256334832929,22.517277256497636,178020.6822234837,243.22574089800455,7,-0.3326942195404905,193,0,0,1
715.4854236599964,63,225,8628,588,-26,212.8679896942712,-100.28317476784406,587.0433627701988,-17145.430795114262,339.5915995466513,-2,0.45056671923580627,-30,0,3,1
797.3176980326526,57,58,17308,270,59,58.58106608971161,-94.00676444242796,618.6801721720215,-5547.557892679875,144.62397029247768,0,0.08481870711215217,-43,3,7,1
120.06644575286722,56,51,34326,352,59,334.7156635657708,-89.57934121399984,468.75948817590535,22092.358923572683,344.99851556212195,13,0.676711674844029,-43,3,0,1
268.4982519633623,67,92,63535,-206,18,802.6937539811036,-37.548498614751395,24.055595342805674,-8638.799057771701,966.4841821559062,13,1.221021948086,-18,0,0,1
788.0308141357207,53,76,33396,1426,52,237.7911253707381,15.96669795961124,673.3916596572276,8426.956100117972,224.11385859144454,20,0.6483248266692468,-16,0,2,1
822.7042921628898,90,57,-21813,226,61,-4.941540764859127,-11.95323841194804,-9.110045929003238,37730.46214686145,138.10706218976506,10,0.9324747406705374,-12,0,2,1
460.03443299074365,112,54,68641,78,65,209.44478971398573,32.17435091448889,-18.66246415930032,-17103.302894824978,911.9228544799336,447,1.6990844214410483,-18,0,1,1
247.8298474049547,54,57,-13920,486,49,-25.2631299011488,-96.42621914485461,461.98457804651923,-35017.44954331462,144.89006933353792,-4,1.38651517623964,-55,3,0,1
152.6901874644876,50,67,-2248,-42,62,0.7904457569112537,4.080308379463788,344.00768865313717,-40625.54234696674,438.4194306670635,16,1.0122565789536626,23,0,2,1
-17.429696589128625,56,72,-13319,1707,227,537.8819047651805,49.86488928348763,125.84974313741904,58967.88182327507,162.57887621712214,4,0.3982337058063178,-32,3,2,1
449.598432375012,52,54,-8355,169,68,75.03786943482017,429.75636282556155,199.61651166672783,15910.456493326239,83.1376786642917,2,0.29406351202464587,-34,3,1,1
1049.726520324513,53,70,20884,104,97,96.05956689192038,-81.8353548930018,395.60849358223595,-69620.60102628835,252.9820850018901,9,1.2811165309154138,229,3,0,1
1657.9058297183738,98,89,3046816,-25,63,-1.5982372800581572,-35.95558810842735,-2.6789323384429737,45443.502786417725,63.84543302465629,12,1.6949206826113687,-16,3,2,1
547.5823389260314,57,56,15821,312,53,36.448338896418946,-95.64403897346699,28.646861184380466,-5982.899695927785,594.0012726526113,17,-0.012970168206815763,-16,0,2,1
378.83787701573146,53,55,-25850,2148,57,152.11358005242033,331.661696916961,539.5120688773252,-5442.569686208715,142.39979435816772,17,1.5966957178475454,28,4,0,1
1003.4536080689317,53,59,18312,1203,50,233.6104985661724,32.674152369233354,536.8777281448533,55807.17412146506,172.31014303527354,6,-0.1270540512935842,17,0,0,1
1496.268808398305,94,55,-1197,160,145,-7.318676622210546,-101.37715187550174,22.722856170584965,62793.670881896316,170.14930898130206,-3,0.46663922308159944,-47,0,2,1
1136.9637013523372,56,65,13522,273,176,55.67092412683246,-33.220512448131494,673.4157728019409,-20728.603769219422,158.11659111348078,6,1.1999946869209273,5,0,2,1
1007.7701802522026,55,67,-7441,1285,63,-29.89004361241956,-86.0794083869561,-9.942231223785953,453923.70162994316,157.75010837148307,10,0.4620543141864862,13,0,0,1
871.2412256829206,56,58,31752,48,50,284.61149656144227,-96.9269015625492,775.246494072087,-11604.62937447248,364.0878447918636,4,-0.17785406835461326,-19,0,0,1
319.0745811850273,79,51,-2766,45,60,-11.763899929845053,-3.0362067697989517,658.9629060701623,-6830.764829777245,300.338237969792,17,0.8336486967825735,-44,0,3,1
414.89774728893843,66,53,58429,216,62,25.7167861523655,-66.57522269381748,-44.30551970664927,-7112.599224296415,175.35125321855645,-2,-0.4439625909593754,-253,0,0,1
288.0531806636677,56,72,46289,387,56,954.9558695555908,29.763643264728394,599.6333096048072,-2714.236375401184,151.23046893928324,10,0.29618742889649496,-68,0,3,1
583.3262560587909,53,58,-24653,416,51,79.96559744507873,-25.946406611955815,659.8291845992259,-1190.5812045611383,78.06544928978332,2,0.4149454325096352,-1052,6,0,1
155.75045178267658,55,77,-3022,-39,63,85.92617593657945,-76.79180012309547,-9.456539633910744,-8217.684616989367,61.188534101571804,16,-0.206720244819378,-27,0,0,1
417.55467556143003,54,57,20897,1416,59,732.338518966195,-148.95859226737684,61.64918692740923,334916.63708249177,274.84512282356644,74,0.05203593948065462,-34,3,0,1
311.87776693591724,74,56,23002,91,63,443.26774466745826,18.04867362488854,52.27913211402509,-6352.157711652742,177.35899825004415,13,0.7870317318776294,3,0,0,1
488.89554584063404,53,78,22280,-101,63,18.493107111068923,-93.34971182146995,655.3304356854082,-30315.36311917202,1911.171963734644,17,0.4249797233858766,-26,0,0,1
268.613796226657,70,65,50585,1343,65,196.90026693568763,593.1935267560957,45.69215341510364,-28202.133937059793,148.35246265327044,12,0.6298393135126341,892,0,1,1
589.3660616709718,59,54,-3765,8,51,238.59340871950826,-0.31404084186454106,767.0907842856976,709172.2867466798,116.06205585499993,12,-0.15744489009730633,-182,0,2,1
227.3742712302131,55,53,-2801,1160,-12,84.19930339619026,71.68397700777513,589.6195209571708,-21766.758363526533,151.99999899544582,15,0.7015150103399833,-46,0,2,1
841.0218119345016,94,51,41460,1548,203,-15.645819049334278,-72.4528011381337,128.84176843994982,332626.0296514609,1687.1737585549945,16,-0.08581819441321697,-4,0,0,1
1105.6533481200477,54,55,-27647,1696,66,157.8428434631298,-69.3864021158974,28.298175083227207,-33966.58978606411,2186.461410331986,13,0.8004424919558378,-38,0,3,1
1125.3929401074697,53,51,44,865,135,242.50688758158108,459.61359085561185,32.838519759009685,95374.04814843986,136.77414035974465,8,1.1670972688978205,129,3,0,1
993.932142767469,58,217,1283,67,53,21.00373952025609,33.204130878869535,33.10448338282468,5371.090948722653,175.16155557020417,4,0.3389635000508468,-15,3,2,1
187.2158573626645,118,72,3003,2168,61,143.77722386751606,-52.937816967220385,541.8618913783351,48199.9229774388,116.33277869913694,6,-0.4340194808321395,17,0,0,1
1368.4967433526324,60,73,-5138,237,52,55.025576636111076,-94.44417762562081,39.53861890760059,-52194.428117641866,333.9649835371204,4,0.44131873788707204,-326,0,0,1
466.4895516585965,63,55,-43731,1582,332,301.7308310338145,301.15155477335253,48.82022993761712,-31100.99715490918,124.64605724180441,9,0.049351436896830705,-15,0,3,1
255.2834353276926,104,58,-11142,-86,57,50.82504553093964,11.626239047461238,648.7245292492937,31827.5236518206,21.993847661840874,-6,-0.4478179024606558,-15,0,2,1
656.7721217665769,57,76,-3170,216,140,-22.207389539849657,-35.28209146503564,621.3495755214605,134931.1461291762,31.652662077698054,-3,0.3631696198387684,-28,0,0,1
526.3771526161377,54,58,-14041,143,63,129.0847193139096,-96.87556270989748,741.5136587695442,-30457.815826124475,88.19422560943858,-2,-0.25658996343435564,-5,0,0,1
790.9393159586702,52,55,-41798,56,22,351.40041796544574,-70.59182774486766,239.74320943971765,-6241.937398079934,360.98771711177596,-2,0.2224639476069919,32,4,2,1
1711.396108061943,55,56,8597,256,54,-2.577592403899814,-95.00565560179123,555.6153092373361,-21061.08941333962,405.6234991860889,18,0.7749807431506005,-15,0,7,1
901.2645903138648,82,58,32174,96,70,41.454230496670846,28.153825574464932,552.8266102459983,-23483.7365037289,95.86423911701071,17,0.34704770738620083,-7,3,0,1
78.20971614817745,57,51,-1791,62,55,168.0384838184766,-26.555974037779464,-18.649093883485076,208743.01030814205,150.10284837124084,3,-0.08051639974474145,-49,3,0,1
438.0669076654536,65,52,-13004,572,55,282.026511872762,-135.73237761522017,-62.61903477388067,-14425.0835867283,76.23551910721145,-1,0.5815817422374274,5,3,0,1
127.80244827407775,51,51,-17254,814,62,-0.3365532099273736,-11.556176798052507,491.2421609461044,-24754.516666126845,465.8562247083954,13,0.37577351561014144,-22,0,0,1
337.69139616259633,57,55,-2140,1522,185,98.42776453419754,60.942089429633185,536.75788441284,730876.3638056946,99.04831721250449,13,0.585404967062138,4271,4,0,1
28.440847426225076,58,81,11294,2787,62,101.83536324842518,-87.03716777735752,522.1119951788523,43801.579329467226,118.76034323055549,7,-0.04878064330127738,-68,3,0,1
940.7942484180351,52,57,44476,307,60,69.49350538180835,-18.301362990212887,15.760941730583095,722.6638727598674,196.6125727477309,18,0.062431915939490615,-16,3,2,1
504.4848591453964,106,54,-42658,3176,173,416.6689317809355,42.248594364132444,-65.61438779143002,-20330.324741300697,74.28039673355136,12,0.745782508896893,-13,0,0,1
875.1270010775754,52,57,-13458,2073,48,40.66306857304637,7.295419566468885,626.18496970525,35461.82341162553,112.99841828468695,9,0.7399298585197255,-48,3,2,1
749.9200129382485,53,217,-14437,-161,-3,252.60151853282395,-14.851557991616295,21.071008969891086,10928.083889520283,98.2020474440633,-5,1.5083930721700294,36,3,2,1
197.4888383144459,55,196,665777,-187,-4,156.65794682880627,141.33899567422787,613.0367483495847,17802.317873901862,98.64591785486449,8,0.32806601969132354,14,3,2,1
211.8013941053194,56,52,29306,292,102,127.27242885605841,550.1645131678342,131.74753785949775,195568.05144737312,781.1696333428403,-1,0.02705075233134388,-40,3,0,1
1022.3433239899928,55,57,-12415,718,-9,375.8120019220852,-49.023572397434215,302.37197889823034,30492.63332188499,127.97911256535025,1,-0.5178711580682336,10,0,2,1
1706.5592704578892,58,63,22626,4,63,389.8657508444847,16.92840696940533,51.968999288002294,-91090.2918495641,157.3921793898417,10,-0.6247118925318684,-17,0,0,1
1275.2586706525547,69,58,4499,425,63,-3.9900880601853146,-12.331862450254478,638.2465947781411,17862.128335969563,2.8854151735371545,10,0.6581636748212949,17,0,2,1
289.7421326972937,66,58,13812,740,-29,369.64849513492766,870.8764464899871,54.70101287466386,-11963.907182201516,155.62332048641497,12,-0.6049108606162824,-25,0,0,1
1797.9325434841544,85,93,20980,379,49,598.6212264409346,36.20990367167807,70.5020161420798,-27435.8311092449,154.2791392645435,8,0.3947163085194223,-65,0,0,1
850.4301535906324,55,57,13703,1825,157,27.226332105098678,-75.10070448975614,33.74649822248054,-47462.1251859733,79.47726395673858,17,0.16640105486765422,7,0,2,1
391.3021778700963,54,55,-5628,425,-26,259.80099084411796,-53.842840004472045,65.50166149809569,-7935.196706316128,335.12905020705455,4,-0.6010743525537277,-160,0,3,1
829.8135302996898,52,56,24789,-83,64,784.7418765947924,-3.061460375424476,42.09920150106706,29238.44497695035,167.96055222292264,5,0.5243486576737725,-60,0,0,1
162.67238167284881,88,55,-12568,467,62,64.08200681113365,-111.38045185138722,589.1402746578515,-46445.4265868388,65.02479466500023,-5,0.6638421070536037,-31,0,3,1
145.90853368021138,69,54,-10581,342,-30,979.1021732140205,-69.2821382903968,20.35209705276918,-34744.69445948007,1456.6711034374803,14,-0.11701082464940632,3,3,2,1
950.6149520523081,51,68,10071,151,2,155.241598581199,-20.128869247318946,63.354218371145585,-1221.7983949208356,117.37482128105614,13,0.4692205885274596,-42,3,7,1
83.54266102538728,54,57,-27857,272,-10,103.04482706695859,-81.73197295727,47.417317379113115,49467.68405129202,140.28070118627858,-8,0.17366121988675362,-962,3,0,1
-40.81206230363708,99,55,-44957,3727,62,195.82997668066918,-62.3169443664569,707.275993614399,116345.49471890135,127.1198818308412,7,1.1813674949141477,-35,3,7,1
918.8467648241672,54,55,18677,121,54,34.557707583162724,263.3680996189804,689.4525602227169,-2731.717469595789,195.9939814831808,12,0.9937302098662538,-2,3,0,1
303.9675081184754,57,55,3578,1531,56,22.471456579131655,-33.165911332047244,342.9388272389996,15758.180056939716,106.65105268740678,16,-0.18527199123392984,26,0,0,1
369.68290547096444,53,50,24069,1786,54,161.87417333981887,-49.22233897900588,519.9626465559248,183305.967190647,210.6279585427332,16,0.7322984940709292,23,3,0,1
668.4230242790017,67,52,16128,241,5,259.70689737216435,-109.04046160038003,-10.794316434081836,-32137.593249228565,82.43414211825598,9,-0.052989900893335495,-35,3,0,1
430.7413798355347,99,56,-33727,1379,49,-25.343149219586053,25.722385833343637,518.2114340228609,731345.167317175,284.6070993714513,8,0.9584100338047541,23,3,0,1
437.3122359194782,54,92,3511,333,64,360.72017061409935,-91.31688873505911,20.05772737583806,-50027.4258458911,127.87746232049736,9,0.31931212006350573,-30,0,0,1
300.1190843188086,107,57,-33093,879,56,32.19037975012492,202.842507196113,239.63785231865992,559306.3093527209,179.9180116841751,15,0.3219845842497696,-15,3,0,1
92.75370243834311,85,57,47341,-17,64,199.84852417707748,-54.96581310405826,46.983629016952214,5731.489230821746,2389.3526540086796,-2,0.004382827846087872,-3,0,0,1
91.30553998321035,69,60,14289,280,-7,-49.00688148705072,8.599607836320127,630.7962957130119,980.4455788038995,170.33006866045503,-5,0.7250977018250052,1791,0,0,1
757.2221826935704,57,111,26482,199,69,294.9893136459991,-26.18309432667354,684.3911283159654,-33753.869057926015,151.75972276569314,-5,1.2586204301982995,-54,3,0,1
15.841388167734522,63,54,-21392,469,71,50.896859629634754,-18.10080452149957,31.890173446258895,-50703.052395830964,274.33318259575833,7,0.48739666261552844,-47,3,0,1
229.37580238161527,97,54,13194,542,69,140.64104991004504,183.88308980175083,269.570410148571,-19877.276287892615,181.46028771670285,9,0.6223132520373347,-23,0,0,1
410.1515306554714,56,84,34370,1575,59,313.8270170607239,413.90904003466096,470.7319986344019,173721.21058553708,122.0792022488232,8,1.4190888407461002,-782,3,0,1
805.8283454736784,52,73,144,180,55,264.5521753834421,-103.4585445344363,502.64411401036546,-16787.254101506987,54.98413377877992,14,0.39078261473597603,-30,0,2,1
103.9667076114398,52,56,-2140,286,17,29.04860249139368,-31.323174034237148,454.0214509498345,-19410.744407705562,151.62159238493416,-1,1.1130885033607263,41,3,0,1
208.92133261076108,94,82,20577,2055,-14,179.3190112582232,32.75581186173781,15.791594154530156,-42424.92254397346,65.30615647802682,0,-0.6109989288255888,5,0,0,1
779.7818287734617,62,51,-23543,114,66,746.3017315127968,295.6356866159084,49.883955921960016,-29716.148914264595,284.64088979893387,8,-0.2595009244574188,-13,3,3,1
280.3290258801803,70,53,49911,8432,57,250.03063141711158,-112.02602850792019,54.30492166641019,-10579.647009098882,94.17087127876337,14,0.35573973902797845,-12,0,0,1
621.0084913049436,58,58,9324,326,1,334.83309766537525,-96.15785618111856,21.46413029085054,611350.4616387835,142.40312775490747,-7,1.0705773711430748,1286,0,0,1
948.5290750696815,56,55,-8550,2121,63,180.7361838736751,1005.0057911977259,-18.45080924905243,118145.81401776671,185.89948375771382,5,1.3631003449593626,-50,0,2,1
1374.254144703452,54,58,13884,1280,65,137.81475626557017,-99.05814983741057,62.16873600350401,-55133.657453185726,140.8726397586476,21,0.9451834171390616,3,0,0,1
450.6304076616748,52,73,-28289,-99,58,343.8983867998659,-30.03850241076792,32.430083792059236,-15133.477491862692,919.5983345931569,8,0.45363372157589554,3953,0,0,1
1190.4501343815587,56,55,-7024,2789,325,0.6155327411388924,-74.257445830344,-24.528859014068374,-40735.242353866626,148.2092293854319,3,0.4910861125508773,-38,0,0,1
231.09293239038752,52,54,26541,352,54,452.2093751068806,-59.699164438146376,29.056024523121707,28365.092076220906,129.49954897540593,7,0.5897661024690408,-6,3,0,1
502.3098802234348,68,52,700,1612,47,99.98280608568334,-45.05683153593353,339.6100280969755,83131.01884551435,149.6807515023596,-2,0.6800354642562755,-43,0,3,1
1446.6802562812331,55,56,30625,344,58,79.16850742892734,14.16574287233929,52.7365847149764,-52926.243434006916,130.54813720312572,4,0.6894185544121951,-18,0,0,1
305.27166441162086,52,57,29941,165,247,49.66984085225381,148.51340673535762,-15.372885397046996,-16620.102557792554,564.380594790349,5,1.183549514678222,-45,0,3,1
94.94502062734371,68,55,1633,1930,52,344.54635672829136,173.53869272551236,23.20134472355663,-194604.87666912016,131.48972266127177,2,-1.3308835302121313,-16,3,0,1
1627.0338978380462,53,87,-18745,21,60,291.49664870205277,70.98387641318463,747.5646039411273,-38326.63870358412,192.43827186545815,18,0.9555525451278086,-27,0,0,1
461.62607586790966,52,59,9326,1533,64,170.51594356980027,-64.79074316216777,-20.751339549022248,-67631.96623281541,412.3054974144177,14,1.3634235599354458,17,0,2,1
361.7845140409308,51,187,856,190,56,52.71042287803341,-51.163981588137,750.5185746104005,11671.28902190055,340.9378178763053,-3,0.3997808415918931,-12,3,2,1
799.4890464449002,56,84,-31186,356,241,85.3677655259395,-10.831718541407321,602.066956345476,43521.60887993325,173.8197605904922,6,1.4425522781446727,-9,0,0,1
760.563663554403,55,53,638,-189,57,237.33156026088585,153.05474218408415,56.13321050095696,50726.106255677136,77.3321570741691,3,0.5761475197216117,-153,3,0,1
681.8983342657943,62,57,11937,42,114,6.017711785533777,449.0293445908819,23.4455398831238,-21692.39080976448,86.08572643495216,1,0.4361736890881878,37,3,0,1
872.9381219295503,70,89,15757,493,56,544.4898321851468,-104.95477029771536,590.172521878258,-57535.25269358555,81.70726186302498,14,-0.18844330237812867,11,0,0,1
360.46059391624976,68,52,7202,79,59,-1.5035627369815643,-49.74292077495775,589.9463092889793,-2250.7363010241443,66.96623577925642,-3,-0.048817154996365464,-3,3,0,1
248.91755284958697,54,59,1633,578,51,56.60369879850731,249.52346806693373,326.4755245436749,-395957.618135632,1891.8348894199264,14,-0.41548757993677254,4,0,0,1
331.12711247297796,56,70,14366,757,65,362.972771463614,-25.95202662162736,17.637175418082112,-38630.10091547951,87.55035713041252,12,1.075138744758997,-46,0,0,1
199.7964362690616,54,58,37545,1548,51,123.32478451873845,3.7571106684252555,524.7362505547047,-291107.47839085665,225.26589462366002,7,0.798242705161974,139,0,2,1
1293.996280267188,57,58,54368,282,181,156.28655061556088,-60.982412840249516,641.8394165264732,5934.9370050344405,1534.0172842306565,8,0.36461519084121213,34,0,7,1
760.2445979282531,54,58,-19281,1305,60,761.1500883729042,-75.3179172205396,537.7171590349132,-62155.88087302817,174.79459557977452,15,0.3681641280148551,-6,0,2,1
-37.99703665278341,83,54,-16085,-57,57,93.20465646592686,500.95831156813,508.5441820964484,29721.519866936927,340.5980410627447,10,0.2472038813028176,-16,3,0,1
143.62942809066948,71,55,10019,1548,51,87.61181511389486,18.914637380582406,27.517219380437854,-29215.086328149264,89.74228724669452,17,0.47004731315662585,-20,3,0,1
1535.1749233208093,58,115,-11882,3069,74,444.3022621059645,-43.59940570212599,488.49159201528084,-17015.191984804726,301.5634290489185,15,2.901543118184829,4,0,0,1
1033.8558319559393,55,54,25839,86,51,5.830455305709918,-2.600016213661286,445.5596978447228,-21686.011607951375,162.93181486512748,11,1.357582064070259,-6,0,0,1
476.35698066796556,55,99,46265,216,55,354.3877004841138,-36.776495333493635,720.8546944258853,970808.02083289,70.60133245749725,18,0.9647357660085715,-23,4,0,1
300.6712468206567,63,54,3459,9818,53,145.2994989782257,185.959472522355,768.1242626239247,-35487.963111849924,77.27043233178641,6,-0.2998047137509943,-38,3,0,1
434.1949474173084,64,56,17751,198,60,70.64484874167138,-11.798280898902947,188.22953209466215,-24686.77507266892,142.6982288160601,-1,-0.49605081206269985,-15,0,0,1
751.5247766991616,59,50,-3319,125,62,26.93388111100505,-85.23449501836531,68.31514586576294,229889.96115035756,55.03663844857248,10,0.22232755130838466,25,0,2,1
144.4749455362997,97,92,5037,92,63,67.58618456304455,-27.388211305227053,382.7361297191249,-4240.5136498696465,127.92664827811731,12,0.3842314718182763,15,3,0,1
659.587485239598,55,71,6012,379,47,-13.908942928510228,-97.78477824864324,523.179968198906,6274.749293118668,160.74316089871803,6,1.0820188610422816,-26,3,0,1
325.50853633753457,52,80,11178,7,53,-6.849620984570137,1.5095488772276653,2.450680352986976,10683.500730247288,190.49918211751452,2,0.22856164499661338,-51,0,0,1
1136.3682174857108,59,59,28266,116,53,11.94555392779995,-18.608735937176284,-23.328361430872658,-168176.89956176793,131.73597183870677,12,0.24785587145991256,-18,0,3,1
78.93418704655288,62,54,25082,2354,59,72.74918339705242,-63.04560798503022,17.350518966395423,-13069.56370221916,78.27759998454452,-3,1.1303456391780704,-52,6,3,1
267.16371835124994,56,54,36698,-73,182,451.5085161837204,206.62351443942924,-12.551180186012747,16814.919195538125,95.0239234816502,12,0.8157954287847726,-46,6,0,1
131.8277983415126,71,53,-8622,-107,66,258.21679406304696,218.1535281700721,366.04803339788407,-14863.801333272599,48.009078194868735,-2,-0.8756127128433439,16,6,0,1
1386.6981880819387,55,50,-22020,337,-5,250.18990543450212,284.4410973083169,4.251328858685245,-42801.97789969911,19.497603409930136,8,-0.12110795241644778,-20,3,1,1
266.4290160594235,54,59,20907,310,-25,176.93019545278082,-53.20533114231039,71.48037489441049,-42188.993718192076,448.5151298176808,8,1.0900155222217265,-3,0,0,1
546.7987555642599,51,52,4571,102,54,554.1313853181189,167.0713142791954,26.329973843013647,238966.92752325855,147.45797060192754,11,0.7278586119797529,20,0,2,1
96.17388708014548,64,76,-49574,388,74,186.54928851600056,-22.650579590012292,-19.435190022958494,123680.44898882482,174.13956109356656,14,0.6806791737519913,13,3,0,1
474.9436157274936,54,57,-1250,761,72,39.670855579095274,-50.466015825595655,36.28116787462265,59325.14738898328,183.88023095777814,-3,-0.533126138541685,-48,3,0,1
155.592507025136,58,56,-41437,86,61,74.55793298342087,-95.59442341897542,40.61182899762558,-17862.95547735064,113.71644038605126,-5,0.4820159406648452,-224,3,7,1
559.8999607538578,69,50,-37010,293,61,242.04804795722384,-97.09275829343557,541.1293614797521,28215.292952748903,141.95698857848384,5,-0.39999799455219676,-55,0,3,1
2014.5527227411617,57,59,32041,22,62,142.27904526347652,313.76875268353217,635.2293317057404,147630.33773824683,104.11593287957601,2,0.5523631439236911,-27,0,0,1
1108.9227543054412,51,80,-5473,852,68,74.92824112674394,109.59082649842986,45.481837588611945,16197.175871745208,160.23070621711105,17,0.6561106765353424,-51,0,0,1
1225.932673143028,87,196,15962,260,64,112.07993045034203,176.7698673795535,32.067102136487605,-16999.248820334033,179.8069082492288,2,0.7149765131049947,18,0,0,1
1874.481660221633,100,52,20338,-194,-5,380.5127252845248,330.38995757499083,59.711525021535685,41984.913010089,117.87354754582398,16,0.32677763190368075,10,3,2,1
55.77796581779525,55,55,-11387,294,64,539.1555822862177,-18.3169155417677,35.835800440315566,341054.8783618404,47.66441671963418,16,0.7181778108834669,-61,3,2,1
179.21686832636635,78,54,23170,-189,65,189.40162223595237,40.89795841370336,60.404707767944686,-28764.370067724325,173.75119100425354,13,0.3441964607269312,-43,3,0,1
160.5309030793979,54,57,-22370,-114,-3,4.203912474297454,-50.35497026454938,9.83373036940591,36059.98490303193,126.10203941556111,2,-0.6260138453250601,-25,0,1,1
263.81902913159865,55,57,18332,392,-30,32.35578124839968,-28.43494775187755,717.9091357467908,54867.026202873494,881.0854635085723,11,0.5583954984554982,-63,0,2,1
-4.088644977435251,51,84,38068,378,11,333.29716808923604,276.5099631843634,-24.245202007186837,12780.525082032962,263.3811271882775,3,1.011691667041843,-39,0,2,1
487.3898354131127,57,54,-11372,219,54,692.2817262921326,-95.22387144642911,435.1173532707482,-68875.96953584322,64.41374596407539,7,0.8897015271402249,-20,0,2,1
86.55400491785244,54,56,-16083,386,57,96.09462980454737,-102.26813989241424,261.7803083382394,30133.161053580436,55.516276793773685,7,0.32365523347859343,-30,0,2,1
1705.5218952615187,57,53,3588,71,8,83.79907692597271,-91.85959905116697,707.5289975640825,24541.62931711074,156.21192933318605,17,0.36762214369810825,-24,0,0,1
1441.644262472459,55,83,3827,2137,58,159.7696264445904,-9.398849706381954,-2.996871560125104,-10096.138395423171,325.2594408105459,12,0.6647934252283002,-48,3,2,1
776.3400683629826,73,55,21747,286,-2,52.515927481472545,5.744608201080638,549.8101921690552,-33966.04285904979,1956.6514483426272,12,0.345276620856773,-23,0,0,1
630.4777695826789,53,53,-14211,130,68,292.0352232361149,-31.19120026021111,-24.31920887412727,-17323.53539930143,841.2856170603908,15,1.410934977083616,-55,3,0,1
126.34160082987,54,70,69519,1089,-33,28.844520517105593,-21.514915385443146,19.52134851003966,-8027.416936811054,122.14010281987541,10,-0.13603987094175946,12,0,0,1
348.44953697053785,52,54,23692,134,128,449.3238517113755,190.48334878951616,755.1410644519553,-14924.970037759727,1978.6077794204384,-2,0.31920547307074143,-20,3,3,1
1167.4212920207456,125,79,26932,147,57,39.31847962059601,-96.90590476058793,22.002859621322724,-32727.19509085767,93.646220146365,316,0.6631350920280535,15,0,7,1
314.2748356663595,53,52,3800,223,54,209.39770637094264,-81.67260062016025,18.397551382606828,-29655.265773439816,166.42812219265915,15,1.1597300365378744,32,0,0,1
121.07357848428813,55,61,-1567,1986,66,126.68503705691316,-31.801757939455143,-0.17422211512745323,21504.544879872046,185.44662639182576,10,-0.4992965282117483,-39,4,7,1
173.63591069186862,54,56,705289,-125,123,358.76260635621685,10.773330239863085,36.18439658382685,68792.87705140325,145.81357441839853,12,0.5894738237989604,16,0,0,1
156.3332955378449,55,54,-31489,532,57,40.582918379262985,0.8107156193063076,587.3881413523211,-25658.173110824842,122.90298810940921,3,7.799219341983796,-47,0,0,1
220.39469449319162,55,58,-3012,291,57,39.00001290450837,-117.99258400848552,42.91875674291703,-30165.606758550384,56.52600598571147,4,0.37079153668039433,-56,0,0,1
1220.1544518728083,92,53,42112,6,53,69.92789884154263,-79.79096479621775,22.362172290211106,-7220.392246739275,557.0387735206724,12,-0.39373860612339073,-37,0,3,1
1055.9455566353577,100,58,54199,1310,61,402.24924912204193,-111.29013732542145,-21.931463183289004,42397.18549566385,62.021029679451146,0,0.41825852496929017,0,0,0,1
141.92689392456012,55,77,-13273,50,53,37.671216334181736,-96.52066617237823,724.0433909130096,71537.88505287435,837.8517750686942,-1,0.4060240264286997,-5,0,0,1
779.9571465229008,57,53,-20646,426,56,119.34996751063323,-28.82243691604269,-2.5861352477585395,1947.7767548024112,83.76884246883569,-1,0.5200979932498421,-9,0,0,1
1563.4230135226646,56,80,-28847,1633,-10,236.06901582466307,-57.60893237422119,-11.765184285054673,8501.192367196269,136.9867618784396,14,-0.026539612476657815,-38,6,3,1
1525.1471467279605,58,74,4340,-62,64,187.07580999075867,1343.9395982785068,42.54358315119569,42414.787668007346,125.36025584900085,2,1.1744462938848748,-18,3,3,1
236.28144955202904,51,101,53324,206,194,14.155609043825564,-56.349870161719004,57.90521155381327,-11818.259902609512,138.2341975008814,7,0.5456740170292214,-38,0,0,1
2002.7490677917012,54,59,11084,74,48,245.38140088524207,24.923262040120182,35.650495408510174,24614.14137537053,161.82935630287153,16,-0.14288651300259125,-11,0,1,1
1725.5539312121155,54,83,37850,71,-4,-32.314385931940365,-47.90269554859504,597.5517884048764,-22436.96417889961,190.77901122884637,10,-0.050641711964244246,-7,0,0,1
1073.5151156665645,54,139,23254,818,54,84.09355556550491,-43.146083976156206,586.4566724726906,966.4819997213417,45.51598745375033,11,-0.30369581244210725,1755,0,0,1
1821.5842021368235,58,55,-23805,18,59,23.987494965472933,-52.08155640900291,43.80343874733572,158764.8647724226,122.04701734880422,18,0.704986334220176,-70,3,2,1
1463.1513765368536,55,53,-30792,192,56,148.58714142059705,18.78976310199289,757.5556921798188,-24995.067666513845,82.21255919483164,16,0.33518304813084865,-18,3,7,1
897.915357272303,54,55,-2165,92,-17,21.408839971340853,-76.80111107733391,661.8757003236157,9901.369084428188,130.28043020196412,20,0.9548422758323448,375,3,0,1
1237.8759785862983,56,70,-24739,193,54,515.2308154694671,-49.977024308428184,604.5714055373968,367085.42822684394,192.98672576339754,2,1.4486587873286303,-8,0,2,1
218.1776073756481,86,180,19109,1938,101,280.19761398562946,445.9352734213669,785.7405898722918,-8911.091269912615,1118.8251679829725,11,0.45125107846763224,8,3,0,1
227.75594103241198,100,85,38409,161,9,138.12365854175204,-45.3921300873543,25.635521408743678,-47959.591605967886,1715.6446290235674,3,-0.34461482464036497,1341,0,0,1
179.01932978707782,52,49,-18298,271,61,1412.7554278497928,-71.26955547105555,742.0633096201443,-33519.88593709825,157.9471238664549,65,-0.3098038635172994,-21,0,3,1
285.990770393175,53,50,-25829,1997,59,472.61237673460823,217.06005690736305,563.6326290966081,-30975.165221117728,127.71797323683997,18,0.5856697859182959,-57,3,0,1
628.6183892704347,52,52,-16847,1825,-37,684.0988397479655,-34.84534554988099,62.179006595998764,14479.495922542155,105.11758555958934,14,-0.09244150351678412,-214,0,2,1
1880.9589196626985,55,60,-17596,1626,58,61.70538857508765,-57.39504192222906,54.18204466791438,-42417.17844465557,78.01252243868562,9,0.6137681437468696,-30,6,0,1
329.1463897841388,93,55,43669,1920,66,-22.65563893543866,-106.24680567892713,717.820174809081,30380.127429970365,53.84190573757958,0,1.1025000133739098,-29,0,0,1
518.8387358162811,54,86,30491,335,54,133.6188694731146,-96.40088408981356,548.7522003342847,-80330.38572810676,141.2240928461823,15,0.8218190583122135,-37,0,1,1
951.8385911745854,54,106,-13108,459,0,217.1819339044427,-22.383005399563466,32.48009253034013,-32153.289570533503,70.84757429264869,11,0.670350090894187,7,0,2,1
62.012916990686165,101,101,-18678,1367,55,28.705626651877594,-51.41010028781078,540.4300802256384,-1297.2719028667161,125.49523271896751,-7,0.7579657980129422,-33,3,0,1
707.7018860872132,54,53,26797,265,61,-8.77808382253852,67.60968433647325,743.7827240940538,152164.10682858457,146.57959853415753,11,0.15508767218101435,2507,0,0,1
1323.7256262598494,53,53,-4477,64,57,851.6019276919887,32.54214861074691,784.2814501054412,-24745.828670029856,120.54619217815784,11,-0.703310738175595,-26,3,0,1
197.33583695933225,56,53,-16708,1537,-5,480.13962897101504,-58.56140612623586,658.7684731330573,-44961.31835318725,1029.0884986506635,10,0.49642296073871445,-2,0,0,1
310.5725520688442,57,61,-3484,1764,-30,419.31704831185425,-4.599179257401685,16.40700466412765,-35034.73340497972,-12.067534453094723,71,0.41380923963573246,-15,3,2,1
612.1763612728519,54,55,7448,3211,60,67.97432122365865,-74.3454626408521,733.6210767722218,-5726.720050430138,145.14553307685037,20,0.9253794331141209,-17,3,7,1
442.61027356997323,54,54,10185,1345,48,240.50460751782796,-88.66504151700049,328.5799831090515,96351.65806139917,82.7657172020743,6,-0.47601456867345004,-55,3,3,1
469.31354461120964,57,54,24812,229,49,378.6003233412805,-31.32487161152924,59.94919825205995,-43122.91757574255,943.2330374624621,8,0.41509100605180616,-53,0,0,1
810.00084763868,56,57,28611,1668,51,102.04690406748398,13.760992862298894,354.2842078899299,-289863.62187910907,75.80643146658835,1,1.4461233655469035,-13,3,0,1
124.251409635814,76,53,-13579,2074,64,294.59519257065637,11.871333735075304,-6.036763248768925,30038.815791686342,119.39636120232316,4,0.6801457640872135,-43,3,7,1
68.56837283183881,51,69,2682,456,51,65.194912609698,264.0453967898219,533.6496402365982,-16079.002978203769,1347.208019624355,340,1.2828711610286128,-25,0,0,1
1337.5274714669895,117,55,7492,155,62,89.24487530656256,-89.15114020250392,33.70880597049466,-40692.857930287435,107.65419034427167,14,-0.7798383749343247,-59,3,3,1
809.8772803718566,57,100,18390,-354,60,683.927289357109,22.85640703015482,580.4932616978132,-14240.137554799994,100.51151134429554,4,0.7823226356852826,-21,0,0,1
121.04383857726128,99,58,8329,-112,59,-22.00456269923913,60.936319381564616,722.7663882201581,86181.19992609177,28.44739303876787,12,-0.6592887017640408,-23,3,1,1
421.08750047317204,55,55,-8475,-108,65,828.0340289290148,-44.13785064094691,49.445307038398994,1056407.6490843021,97.7894716813985,18,-0.018752057125332733,-24,3,2,1
306.51943671451176,55,51,-14047,171,60,-7.169301573539627,146.94516753434172,24.544518982245986,471597.6377915441,661.304910609724,7,0.21147837129852923,34,0,1,1
522.4176059795841,63,57,408,128,53,31.14764607633144,336.84187242964924,30.702210817917265,-75732.60804443505,75.93618338401114,12,0.49688485380041114,11,0,2,1
979.6854843033365,86,54,-21740,-223,58,134.75363528059253,-82.87334505114323,21.23839957985252,109130.30891590602,81.75852476910916,7,1.0788151111765258,-39,0,1,1
1649.2888462057456,54,66,21739,455,61,429.9112329312607,-57.02554879208464,57.4186846429769,-14464.348590301006,136.39629176278413,14,-0.4960634150843547,-32,0,2,1
371.4170023536306,65,56,33676,367,68,-17.28720359307006,-167.52899251556096,122.58257921480431,48823.523835104446,147.1897055872148,1,0.5255203648446753,18,4,0,1
2061.6477937245522,176,57,1552,226,202,120.46220998861475,-44.815518351776,-31.261507407742762,-64.28238149700337,350.04426182563293,18,0.7437485930070149,-40,3,2,1
124.78551610625773,68,93,-23706,222,62,32.02424443473012,-155.9145162775959,646.9851984222698,311207.2892890033,140.73008565203912,6,0.39232787645674916,-43,3,1,1
-35.95064090632684,66,52,8541,58,53,-12.778311178194386,-35.95509218769371,497.80681273673116,-49514.587388750515,79.92473759320062,12,1.336081482398567,-44,3,2,1
394.3063943910394,54,88,8943,27,55,-41.51267758308751,-115.70867380805358,-0.09196902391390749,-8030.088651075721,125.74560458862577,2,0.9673344168332921,-39,3,3,1
560.0268335955633,55,53,3213,434,60,359.005330535912,-72.44804277754223,58.96637246025082,-28849.802003386794,322.9024229252193,17,0.7858987021329478,-43,3,0,1
240.21290273418344,58,76,4402,1291,-24,-28.021448067221854,329.42342825736444,53.40313999936197,-48432.97387708386,361.05097672350746,17,0.5421957889870949,-130,0,0,1
281.92731420962576,58,59,11000,1571,57,111.03052582700323,223.54608136637785,715.9833237983231,76289.80163114214,112.45226068593335,-3,0.8269822035881131,-38,3,2,1
347.3247433483888,51,51,-40419,204,63,41.96845994019748,-4.7795404144693325,529.4145609673417,-33461.611750938246,148.00678794290354,4,0.005656929309339226,-40,6,0,1
153.37159187648166,53,55,22939,121,55,376.8349997004352,-25.123752511266993,587.2391854343464,28312.64758362158,113.97439316349318,0,1.2002611776384953,-27,3,0,1
248.21665145655885,78,75,36176,375,116,159.61901831815857,616.3924811725714,62.856192303446974,49044.027383057015,137.38222377580854,9,6.475016414373725,-15,0,0,1
430.64390417684217,56,55,20703,366,53,41.18106906931754,-73.640127849611,46.25568406746724,-29061.612799855044,113.11666759711551,67,0.8967970777765155,-34,0,3,1
1088.206017731463,52,85,1036,159,50,41.026386856508566,319.8610292706212,22.72324555866378,-2393.5660000958596,181.3268124036034,5,0.9291908923942462,-26,3,0,1
535.838890236058,58,209,-6257,32,62,0.32727700439532725,-48.25291088812702,12.46562302821743,-33892.628797516256,124.00939682022457,9,0.323935183819838,19,0,0,1
1110.245613027721,101,53,7155,197,144,92.11481907940626,-33.95488181260323,551.9865380804841,30900.21010904725,205.1411462656527,3,0.3591110978675076,15,0,2,1
67.75609399264167,51,58,-17036,65,33,1151.1508512544592,-35.67173689530664,607.2504035255243,-10633.231336316561,244.8066232516795,1,-0.1287737234890019,-21,3,2,1
217.51365096689693,53,57,34489,216,61,-22.33868083069524,-89.41038083170066,552.5711489643917,-35611.300959444416,266.0916905543311,63,0.4176640176155824,-51,0,0,1
158.23349526934925,53,106,-15644,311,47,130.62209378392498,-109.07947158360736,48.44307609810753,302214.7044402587,96.21596754017916,-7,1.291829152613834,-36,0,0,1
541.0623608533718,58,54,-37280,140,57,-36.585064534796516,-106.18233302046428,-3.034249366141893,-10784.40099506371,85.85395706738029,11,0.24782709344786658,-40,3,0,1
214.76800110645394,54,106,33591,33,59,184.25137152824874,-6.742504551520996,523.3647458715755,-14038.890193807545,112.71579910559939,1,-0.3209281867944407,-35,0,0,1
175.8406590558208,96,57,4392,1004,196,163.46794819661585,-68.61799975616832,692.9838934520299,-19170.25569876218,77.23059126557723,16,0.4000144326521429,-26,0,0,1
227.83801987850975,68,87,19819,113,52,46.42331360604635,-90.3994425185335,23.53092125133689,719550.1504436752,192.96613800027376,17,1.5123907622514798,508,0,0,1
18.76440563114984,67,54,-25502,620,62,18.633332142342795,130.3768445274208,51.549462548032615,34282.5699410073,439.76950567564495,3,0.8933759418202836,-28,3,0,1
1246.0995372244392,55,102,4412,82,52,72.20145989823507,269.2479352367923,33.03111135981473,9976.068182442283,237.7250588070105,11,1.0883700443861113,6,0,2,1
804.7179235217014,94,55,41040,1611,58,263.1800027675102,-63.73833955092095,471.9163313829331,-9657.325265654858,161.87553192422877,12,-0.017322490313406852,-30,3,0,1
538.7027064884888,53,52,-4842,1701,163,218.87449209152493,14.493800755738702,649.9521644199152,45717.148428622495,38.12341291476238,15,1.5406562231002892,28,3,0,1
23.919343643094876,75,59,-6588,1454,53,229.25305963156163,588.3299476827,40.503638226736136,-14328.488047892895,311.5243861381779,7,1.0784975157541492,-16,3,0,1
1379.3072341304219,52,247,-48844,220,56,406.97735789796053,180.6228117209189,550.0308918676151,-107.58259711762366,37.27985061338679,9,0.5196282316530196,22,6,0,1
202.51411406423853,59,58,24274,113,55,195.0430107568038,-111.04149369386626,20.457900090818875,-32208.422717614754,66.30392141889106,10,1.2016039699966483,28,0,0,1
945.7107728830979,56,57,17863,153,-24,187.79714117752226,-35.719136168333534,691.0262006129947,-45874.90426990414,146.4927760309696,15,0.6218453312801683,-17,0,0,1
87.98045303767255,69,55,4033028,21,49,284.30294017952764,-98.79536830204397,3.5343434306497623,-10311.447069441261,1934.3581063439349,13,1.1053626744572773,-28,3,2,1
578.6834485265956,56,52,-5585,-7,58,274.12616119535903,-47.28113362463182,40.44854816679305,18245.820278786894,418.3653033916446,44,0.4527972772208065,-54,0,0,1
1359.0231368041937,53,63,2451,1751,7,136.77627249728107,-80.36610055332909,42.49911976443202,-4731.7799503478545,286.4429075385821,-2,0.4022009262914358,-12,0,0,1
178.4980844522027,118,52,12226,15,61,847.2866299976897,69.52991003613143,-1.0260637972354303,17655.899038583902,154.06714551109354,-1,0.7542670923587975,-40,0,2,1
222.59503955355154,57,56,43558,-3,68,44.926390015820346,-23.662215625380874,521.7386118762814,-19288.748223107497,97.49900268339162,13,0.4816857876215712,-39,0,0,1
902.9975456317147,55,73,-23221,150,-19,-43.01552612709838,-88.24423096826105,1.8142547743931565,40152.96403538852,49.18311300848432,20,0.5567909853172633,-11,0,1,1
136.09157819091678,53,72,8324,2440,109,1093.168693750816,-19.485266406834626,51.54691803187401,-4700.846903265352,104.81215574102785,521,-0.1972732691515624,-34,3,1,1
719.2185351309355,55,59,-23979,2381,64,43.750149683534936,-1.6773100796170137,524.7254010417015,-26798.903140659386,838.2363036653172,-1,0.8083427162339873,-60,3,3,1
494.8276299878667,54,80,28959,2052,55,146.09807193354095,-67.50512638410775,2.3580072753375445,-53028.177210453454,134.24567816753887,10,1.5618870903641955,-20,0,0,1
386.89033488316335,51,58,-2232,1986,-24,198.70962776024038,-81.06285314826017,715.8098748192131,-43341.7054456208,56.604880466937395,14,0.6999387404724995,-20,0,0,1
712.4823421146522,70,83,15393,83,68,94.92969977549131,424.12858330705865,474.0675091995674,135684.033917394,253.41279856644297,11,0.4717748713546436,-13,3,0,1
234.25201761185784,53,82,2285,253,67,17.55657558917096,342.35948100075575,53.04432090954049,-33101.33188915289,21.358211488818725,13,-0.29854316476251946,-41,0,0,1
149.33153993084107,53,53,-21199,468,74,272.1643951702125,-78.51325495437062,666.5259018746102,-14579.15486268862,123.4731641532836,15,0.4947470227027566,9,4,0,1
210.71653414257767,56,56,15968,75,20,91.87866719831533,262.8376602105159,41.4004568021659,13588.064039113015,139.1851370282927,15,0.20766671059764108,-26,0,0,1
1428.3743440683304,66,79,1588,197,8,153.63504090373732,-58.885596234100454,62.085018851667385,-31767.854000629144,140.57736982497292,0,0.811236846818111,27,3,1,1
411.33966860329144,52,113,-39049,1778,60,-9.676416415638357,-53.4821134035254,477.70470414853565,12501.714213790441,164.51454688011324,10,0.10281758275142358,-49,0,1,1
1721.325546113872,85,59,-20770,-261,53,10.148932362306311,-18.89566722424742,14.061305817701253,3307.646645100269,100.0964805055628,-6,-0.3922759142572225,-16,0,0,1
1084.5557174243716,53,70,7852,31,49,89.44718592221665,-38.06695415227681,734.6453884340616,-41556.194322555406,832.8802449521472,3,0.2771023682385118,-34,0,0,1
562.868527762068,57,59,39834,216,64,156.18199594669738,-88.2922417034842,309.09629505263763,85728.66154475154,183.98209045771273,-5,0.3820114284746821,-32,0,0,1
604.3303801960453,54,51,22822,412,62,8.18094718082942,-0.9520019626229459,561.0934130635131,6781.3688736849,267.28217611917256,13,0.0806161132835492,17,3,0,1
1110.9344135552212,56,58,9989,2010,61,1184.1580633945514,8.81077093855769,644.1345829496116,-13707.595204957472,161.19469665356388,14,0.8641589757208881,-29,3,0,1
984.1957778715309,56,57,25921,1107,56,52.02283695475461,-102.77191738789895,638.6761953006338,64540.81703391552,179.1498472927561,12,0.4280694844959779,14,0,0,1
255.73709801162804,71,214,16833,16,-33,250.7613883296624,-93.03291646317318,65.9102182653082,-8395.745660617866,826.4026715630582,0,-0.2576608495979036,-29,0,2,1
165.06737492689751,67,57,23324,4088,53,25.73544910032882,-53.028993157688774,717.2961464756113,-23318.867049282206,629.3659986632288,17,0.33383454166274773,1466,4,7,1
224.24543892191275,88,51,22552,129,62,306.2769860508358,-53.773303637666466,16.811790921032415,-17772.504397317767,253.71250432796614,13,0.08314617830522389,28,3,2,1
1627.6142191856175,52,57,28116,1089,-5,119.92481009452405,-27.177870333027492,659.9676142975594,47445.42264099056,334.61476295105865,9,0.7416857164285255,-9,0,2,1
1214.234113528289,53,72,37985,1542,53,653.6194995130096,46.973264836002684,619.8900261992894,-48063.72070142097,120.40779013290687,1,1.3178697535973636,-901,3,3,1
175.83062204074682,57,72,-6442,60,-37,83.16872961465143,-90.48454429732793,718.8582548924824,-121387.94506125618,288.8361815019424,10,0.25331075295084954,-34,3,2,1
1627.997691290038,73,54,-16142,104,-5,-27.433186132316223,-29.629604910752526,391.7363549496594,-83036.1273451193,37.882277637832274,15,0.4235254967451519,21,3,1,1
139.42500968384783,57,58,34316,-239,56,-20.360434969900666,-41.18527932031891,-11.15295699087378,31742.405110177402,122.02098895355675,10,0.863162697986064,-21,0,0,1
7.32654736383472,54,57,39127,43,67,64.87306201549097,-116.1865246685318,-4.422086545737495,-12975.182491782462,114.97490778955351,15,0.6590298376499006,18,3,2,1
1605.8979291281948,59,59,12132,529,62,251.81759537294226,333.83557027104587,355.83324193537294,-12050.38149823698,85.89241741650382,1,0.3091548794189122,32,0,2,1
333.46842625542433,53,98,35784,-33,47,105.40664213965525,32.223226994023676,13.752779378142225,2885.094705882053,115.5092938721772,-1,0.156527307694158,-18,0,2,1
122.59963027527479,56,54,-13862,1674,65,136.35730432773462,115.74878896849708,6.618153333656334,-13497.899515615421,120.06320208050799,1,0.5834941118268542,18,3,0,1
577.4061895112351,52,71,-10049,189,68,55.84823108333495,-70.74258632620163,-7.7609177595245695,-37155.30349933905,446.8908467406292,11,0.8806552876678577,40,3,0,1
333.2129894556045,73,55,-15093,453,-14,-12.079573256487237,-108.02077493330803,62.35658298124967,-14372.859316953329,38.55736390046363,11,1.3831889321881456,-10,3,0,1
537.9539226271635,54,68,45971,2506,63,213.36398216296917,-55.972030609888456,299.08179639801904,1093.7308616848622,151.80451069545603,507,0.761751372209639,-43,6,0,1
79.13507589353432,69,50,-23196,1873,63,345.5322172632593,-25.15751758081536,733.8245475368491,-5705.193874357459,311.98925870684207,4,6.382307503073568,-39,3,0,1
623.6335336323874,63,53,17460,95,50,418.5289439551399,-79.77682689240635,669.365233868101,43928.80536046053,130.4130869103234,16,1.6303155378080947,-55,0,2,1
567.8367029195359,50,58,-33375,163,49,301.0739371972349,287.6444944077926,512.6729506982516,-20450.387321100323,77.9759294151697,16,0.8129926370972367,1066,3,0,1
515.6075030839764,82,53,14908,145,10,3.171424020338307,36.322580364440604,3.1746487731002095,-14754.474011152384,34.061147685265965,16,0.6963918253919684,-5,3,0,1
398.36906541078804,54,164,2421,3010,64,130.2863360092333,-58.33890775706566,439.49767814444675,550973.0631057929,55.93773121284271,9,-0.3212545848365479,-2,4,0,1
1334.3665381461717,56,57,8513,-12,75,147.2360408636136,-74.51965293299055,9.047334799495648,17936.641091593818,173.77136025721398,4,-0.08952627970698485,-6,0,7,1
1181.0160732862876,52,71,23248,172,60,80.6295562875749,200.81959949547388,58.35917893869279,13787.155595794513,71.87206881684111,10,0.0050754885683172435,36,0,2,1
539.7812149716924,56,95,-6727,-56,53,335.4712644950736,644.1906237266212,724.8863017800782,-12635.484477001082,66.1749927550133,22,-0.7365712580517729,-38,3,0,1
169.33937137248336,65,52,-21505,2077,56,305.49958175212186,-78.77052365034928,678.6418367440485,-29747.783559978147,44.3579147646109,11,0.5643163064268167,-43,3,0,1
263.0064142400373,55,53,27023,-282,58,43.60818653041565,-35.97228952542226,30.66322060566866,-21652.99754454683,121.12121412918692,9,0.5764116727337875,-50,0,3,1
843.9072858318535,73,57,435831,621,56,328.9189706967237,58.535537843470365,38.121636973892315,180737.36172883946,190.86763993379196,12,0.6084500798822926,-30,3,0,1
803.8176106074761,51,59,15634,391,71,32.80995743444312,-102.657270905324,-21.3874276370497,34390.32682939217,372.92453301406886,6,0.3608046204778875,-21,3,7,1
179.2749111537545,54,55,18213,327,67,185.6068538772781,-67.39382361438086,51.10356050831039,539487.8069696346,145.71679944983458,5,0.5971487464988665,-1,3,2,1
554.6478706404075,55,53,26252,430,51,288.67858821395413,-99.67603529865309,72.67628720808402,4519.3428750745825,417.4210015957366,18,-0.040447232211249684,-46,0,0,1
395.46203140498824,52,55,19423,1202,67,240.10649568848413,-119.60223022629523,684.2296622812892,21636.26242264334,642.54369461441,629,-0.0005239598174753557,-38,3,1,1
1685.1279762349182,69,53,-13247,61,10,-20.634821068919678,-88.07190115224576,-5.3886512086511855,9211.824801039733,97.29241835736018,14,-0.5192556707626396,-16,0,0,1
1407.30224720491,57,53,30703,3189,49,45.02668536046392,-78.65726609464967,27.024328608986618,-177982.54076992825,344.03676780578604,7,0.37880524423899764,503,0,0,1
1826.8236217508338,55,93,-44368,165,60,346.3904617836007,-66.68294992784294,572.5979876795639,17571.90535761701,179.42844290044857,8,0.5964946551365005,-5,3,3,1
360.79991843161474,53,57,-5965,321,5,848.8015140804249,604.0876046379658,556.6286882508056,79621.23841602501,943.1586579985137,7,-0.1655832744819143,-52,0,3,1
365.7210929066947,53,57,-24812,1609,161,-7.700100573070941,263.09971678198065,467.9096516823495,18217.992485490657,253.21988471164764,4,0.5849345450329972,36,0,3,1
320.55236362924086,56,57,-26218,368,54,-34.01787011615647,-32.7003893409934,35.71200073343497,-12840.82236861719,279.54630501385583,16,0.3640410599717511,-26,3,0,1
719.8437287625815,57,54,1820,2116,62,97.56697961301411,-60.37041479239401,564.4531265074229,-43108.20862710065,33.91325940964553,10,0.9106561057227623,-22,3,0,1
170.59442682196408,163,50,3748,136,65,48.161294581049205,376.13611714550825,13.7751621245738,-28815.834447753732,122.07099357579452,18,1.2534700850562266,1991,0,0,1
444.8377085428003,67,59,20907,1548,60,-13.503200197015232,-35.91879011985334,516.7652895843825,340726.33536507277,168.78778528564368,9,0.4111891927462138,-8,0,0,1
889.6183832094982,53,55,-31935,1206,62,342.9257585769607,-15.544013058175358,508.090553561528,-9562.036582679968,415.93359578258196,7,0.6122223976279908,10,0,0,1
1902.1507375018818,54,73,62312,303,54,24.18466168708204,-47.51046945789516,518.911133022667,102261.57095741422,66.07728715200714,13,0.23562057882406706,-3,0,0,1
834.4047333573709,67,97,-23711,285,63,-4.398838712044508,-80.825698171106,264.46559408549433,13093.52282122126,108.80317695749608,-4,1.4439731188527711,21,3,2,1
413.41621064846106,54,68,34882,103,32,368.75914939491497,-31.252930343559868,558.620061315044,-9059.775556784933,90.30715619622764,-7,0.3273769083772706,-29,3,0,1
1006.2810861276346,66,52,-936,1700,57,169.9126857411246,-31.849252771233267,678.0225614889611,-42703.14383215462,228.29138235903903,9,0.46544365708832913,-39,0,3,1
595.4466995299467,66,103,11399,465,58,-17.949480374836256,425.15384580153784,17.680576125005643,-203792.29398073885,140.85948972877787,5,0.32795741922423155,12,0,2,1
430.8021167225751,53,55,6396,256,60,317.7430047545854,-50.06045775161698,22.19566583535933,-76349.2666691906,258.4641582096448,10,0.42283985107901256,126,4,0,1
603.8338301586842,84,71,26415,1509,66,199.9731524762032,106.01540501258978,566.4439818230568,18616.004909418054,158.41782298141243,12,12.785111318915002,8,0,0,1
1209.6644966409724,58,58,-18013,62,58,217.2612902421582,-79.60386262831219,494.7810134270322,14377.425559446434,123.57280995472253,11,1.193179781630761,-35,3,0,1
400.4331379979482,54,66,-20820,220,59,459.3361519158667,-60.10459390778475,26.056466628364788,-363.0609214316646,140.016085286499,13,0.8284985689163833,-9,3,2,1
65.00174443975962,67,51,-26347,165,62,746.3104888362276,296.7037619052039,35.978347319782934,-33260.744173611514,63.91925968592942,13,1.1948195553172374,15,3,3,1
853.831315447195,53,103,32458,-259,18,192.59083637869077,17.747577105583684,517.3683229798772,-14062.550837254717,172.1673209570688,-7,0.02381889445142793,-17,3,2,1
1425.9982253004491,94,102,-25444,1268,58,721.7943798461847,-56.84798906623008,707.8356026415563,-39802.98347766949,149.37790800318487,13,0.9523057966124023,-40,0,1,1
134.12754639654597,55,54,-14868,-11,57,46.2961340020222,76.75258699661717,545.3327162603512,-45743.43366379685,305.34236980354393,43,1.6264241479296588,-9,3,0,1
529.3209029605795,62,76,44544,462,65,46.46066612529398,-58.967620082350116,530.5880416503156,-27818.422998276204,146.4413910594211,17,1.7306801320079384,-40,4,0,1
258.2455531778204,57,77,45730,1755,-6,21.294188739740534,-31.05421091691298,257.3124435313425,-18326.355120439657,103.41862886686883,11,0.657453347911732,-13,3,0,1
615.4540477134482,50,55,37550,1890,56,68.34308220810937,-117.3986891649343,4.656866221740804,-27274.35695834289,145.06793248182345,8,0.5080676766646987,2393,0,0,1
1225.998404331619,54,234,20807,1944,64,326.2503322453655,-7.233333733342166,37.73555933629919,95653.82113770716,68.93012041880814,-3,1.071170820184598,-41,0,0,1
670.9867969646307,50,55,3870,2081,59,531.2071365895055,-80.6354323364288,21.399089630596283,-28293.68855124547,168.5976641949419,20,0.021108410772160635,-45,0,2,1
568.4885726738521,54,56,30650,155,65,22.3850001758929,-82.17582940379297,31.959024455205217,-3132.715402384403,1045.8359528895962,12,-0.5144791929513196,23,0,3,1
920.0680040799958,57,71,-5063,475,149,645.5855373058896,-33.277359853359826,43.40021004274623,206431.69557381055,202.49193449179984,2,1.3031763609039209,20,0,2,1
12.877909412857065,54,65,-12937,142,63,311.1888592659377,-15.38487590407019,38.07930033736238,-35440.65005085071,309.85046360481897,7,0.3183563311325228,-20,3,0,1
324.48150537269,58,56,28926,1829,-21,1288.2720041371388,-40.28802827203332,33.20170703204868,-11369.063553346625,16.97919280392854,14,0.9075875393575661,27,0,0,1
128.12632999160746,61,51,-9424,413,49,260.91455783231515,210.53643398811596,666.4600969186175,198052.19481551182,216.5702571248567,83,0.9182059821698911,-42,3,2,1
219.10569072343893,55,58,-44121,-209,62,85.55344536803062,57.564024714856245,12.815287740004415,-10696.958013609628,167.81328804140549,5,0.5986615535465624,-13,3,3,1
407.9500226009956,114,54,-6901,229,287,8.733343765787765,-81.27318983364839,14.763817814137244,-15576.101168500443,142.31014507580622,8,0.44651963659087957,-5,0,0,1
-39.66736176186075,54,72,17532,14,69,212.48992821130258,21.373040629203928,36.66664922156042,-18723.092820574515,976.6069218198126,20,0.737369904062678,859,0,2,1
228.87512458826328,57,190,16498,1555,48,45.74387153058896,351.2720564894724,480.03171147461484,22386.18154684059,158.21538153888406,48,0.9965842180454197,35,0,7,1
635.2916976441957,54,52,-30834,1183,51,293.6729601502864,232.50760944255347,42.468102369480384,-39096.2815035238,968.7924092406598,7,1.1059972489638823,15,0,0,1
988.352941941685,198,74,44556,17,52,0.9368854963634874,-18.68337575288649,48.43333497059123,-51405.40603845314,20.411798479226917,7,1.2909363565931529,37,0,0,1
151.45741689106038,62,52,1761,159,52,867.8540513660791,-114.86696697434783,559.3824496946163,-33244.33636318175,142.4677508637285,5,0.3613150738980261,-28,0,0,1
94.77412930155263,53,72,29640,219,54,94.09000023374497,-93.37208040306119,642.0844410500245,-84251.35424344912,452.92381188440964,17,0.1971672466618955,-35,3,3,1
670.8863836223209,55,49,31315,18,57,311.18832557161124,218.55521037150146,-26.871440828200477,16762.87279804436,186.8245013529894,17,0.8846131844073797,-30,0,0,1
117.68705215214746,69,61,-16924,-193,55,202.94045023603235,-12.349566981103811,48.668037028712114,-41720.51442995674,164.23320525836647,-2,0.6090388739228538,-22,0,2,1
372.50159819986504,51,53,-21667,884,56,200.09201707557446,-90.50556335405645,72.07690200984908,-26371.961265140344,86.20451242242024,1,0.11024532592457653,-14,0,0,1
138.47675099836965,53,48,-26335,211,56,36.26298569845041,365.9294059706697,613.4586133384395,-49837.095244905824,103.97126235972911,15,-0.26850972608625856,263,0,0,1
138.8550798915307,55,58,-30268,-134,61,-21.337101212634664,54.66802380414148,599.2838024570732,14496.664568042112,409.9944621360876,-5,0.3495849211358757,-45,3,1,1
610.368575588473,56,64,21115,2054,130,42.271128525378856,-108.07532032084482,13.728508806338429,-28899.86760547691,345.8615102010282,13,0.39953316328181715,-28,0,0,1
481.2542233742434,86,52,-4847,2480,-12,802.4644562250461,-113.01334974934751,12.66709087806668,-13713.025754604138,65.22974533293787,1,0.5854890935134668,-65,3,1,1
348.3309232090246,55,58,11518,455,62,96.10149862236588,216.54983944811966,14.134543546802835,49491.31581392144,139.45471998290583,20,1.086438102247147,60,0,0,1
939.0763402284638,58,57,-18540,-66,57,12.903115001791235,-86.56050865043284,584.1934789750234,-24731.110041263804,158.07349190893842,-3,0.15630821880620416,12,0,0,1
499.77972567880283,57,88,23825,-90,70,37.94338415664677,-92.09852019459474,87.60402211064621,-85.2272740691842,1864.8740157494703,12,0.17634562437897033,-38,6,0,1
1269.6430527495195,56,53,37976,231,-17,25.23445144729834,-51.546047935952394,24.093385263088553,-337834.8058224791,115.85620759289614,-5,1.337943125733423,6,0,0,1
1371.5511949025135,63,57,15330,41,-10,109.9862262596846,98.65380356755065,-0.3093725487610408,32675.71971890994,128.62765647288438,2,0.5200946405232647,-9,3,3,1
475.3170810701074,54,56,-33719,3382,66,193.06141035757355,281.9286306200387,726.0108394518144,-32882.72080547113,237.75574810699595,-6,1.2814712516474382,-16,3,2,1
440.55928572819124,54,52,14241,228,8,1034.0590735328935,-116.85946831326018,-2.3058272353766673,-8847.60901575427,986.7466307566696,15,0.7473196320689988,14,3,0,1
923.8657926547962,82,219,18636,354,56,733.8754169660401,-87.04451537200056,627.131511873644,15803.592687175558,186.04064650158625,8,0.8468685878561821,-33,3,3,1
180.36450980185936,53,52,-16225,1194,58,392.36654153805046,-96.36448906150585,708.3597230099294,68696.07818012458,109.11404006589765,7,0.3539834306359614,-33,3,0,1
649.245039677159,51,73,-13113,173,77,335.04640870788916,19.97056850171365,64.16315347080628,-86669.55139927026,7.412513033420538,-2,0.7566486229644003,-40,6,0,1
365.6971392787163,214,56,-5677,437,58,31.947069220257447,326.8213855166959,-22.501375687795875,-2079.65946696796,89.09203555555139,3,0.8269076913896836,-33,3,0,1
206.28018993413767,61,54,68866,29,59,329.3065648277636,-4.881405769023148,699.6118790614908,70091.7495291266,176.19768732824633,2,0.5066790821244771,-7,0,0,1
77.81435012281246,53,51,-7283,730,160,202.06163698039174,-142.54177076220685,379.58583434688353,17166.73393005343,100.54643216272893,-1,-0.07915379069759637,-26,3,2,1
94.56460626906895,56,108,-11280,322,52,56.3353923793064,699.6496785987149,687.8223551807565,1286453.0286814636,122.32836631283458,12,0.12937855619484673,-39,3,7,1
427.4619612363215,61,59,25560,656,279,273.4680926047439,-7.850053703892717,678.3135574468037,32036.62160709717,153.4485067245306,9,1.2021094700014003,9,3,3,1
102.85442748130812,73,54,-11939,517,64,245.588220040431,-62.93329352782623,-12.944492988238686,-32360.26998505222,110.83756771057745,-7,0.7719860406827241,-41,3,3,1
454.73345195000945,65,52,18220,352,348,118.66423063375433,155.840025911495,33.80621210522094,-379547.8451101176,119.91119478380608,-1,-0.1481122851661118,-12,0,0,1
169.02895430844944,51,53,-3028,160,59,4.146187595344827,405.4721845200922,408.93780915077457,21789.57621541081,401.5051849238225,15,0.06985957751735862,-28,3,0,1
684.0664534687099,57,58,12007,2877,-13,753.8529604318534,-60.65426600551472,10.5481116341454,-28090.466828533696,2335.1702044825847,16,0.7607232465488512,-11,0,0,1
258.2060208322845,55,106,-4692,2124,106,22.5151720720786,225.82596801299866,497.8025469189546,-20310.81929114378,2325.7482790675704,12,0.300347537180424,0,0,0,1
533.0113795608545,67,58,-28926,2259,42,131.16718109643935,213.5649195145125,-6.1322866985596685,7313.802323948203,163.73647040587787,10,0.7766798061499454,11,3,0,1
552.4058372223445,54,76,1798,1135,50,314.02303231296315,416.69318391437156,687.1030379855795,-32977.31497863907,137.18726128696434,21,0.9921168299546049,-55,3,0,1
995.4447324760129,52,59,3906,241,55,6.364747054874655,-79.31405703423513,487.5202694491232,-15782.71857836364,107.21630389457815,7,0.26728515888629806,-54,3,2,1
-0.06071509678965015,64,55,-10352,351,57,148.20027707719913,2.675618898805997,2.247728041406556,4031.44041773758,65.95355498932442,-8,-0.396616340998455,-53,3,0,1
516.3412830631373,55,69,33589,2051,158,157.5990936484672,-82.1021218781978,31.278356101903558,312553.01568238495,158.15037296017573,8,1.297978491256578,-29,4,3,1
1098.2355937955695,53,201,5361,3679,-14,91.3209289710901,-100.08383804036369,0.6278000610250642,-37425.74342962441,2116.7835326594786,21,-0.14641778531608485,-20,3,3,1
974.482191501274,92,51,19338,2052,51,25.117601829251214,18.07632462975801,583.703724439612,-57639.07686512799,105.20977343649437,9,0.6207668475378171,-24,3,1,1
90.48502627065756,56,64,12421,440,55,67.63318156499855,-45.50196116542558,39.859993868651436,-33478.93417189287,2621.9887645308672,15,-0.4672998824804466,-49,0,0,1
572.3074413451495,67,51,29685,414,28,39.77025220198027,-22.392335644452956,405.0911978939687,722216.2620450072,117.52734987989135,12,0.579398065268496,-29,0,0,1
165.33002089872173,57,57,18196,3319,58,5.29052239798591,45.33496676641532,503.15818219993514,10966.00728838694,121.31118470307558,13,0.5641420124445058,12,0,2,1
1110.5732829509805,58,52,17477,1012,54,714.6709176254898,-74.79144534580153,20.79433910157236,9398.880495024403,71.36260795135884,12,1.1135945985547688,42,3,1,1
378.1525779693021,53,56,-6942,183,61,270.107683726843,185.5147553931709,31.120310805833746,16173.674470031052,126.61194999591191,7,-0.35547377680646,-15,3,3,1
714.4719455337865,55,59,-1862,354,61,584.4337099428207,-77.9450809788814,666.7334681924426,72076.65341591873,408.91029807030463,14,1.274361356042869,-12,3,2,1
317.7474761678242,76,51,67249,-76,52,1272.6293325770132,-89.72854168775686,210.81156906435652,-17142.90670274284,181.65000498180842,21,1.27222332734615,-42,4,0,1
542.5358147546392,51,70,27006,2053,50,889.3175598273908,-66.608222567541,207.73750730176062,-43828.49214471902,147.86542328623298,18,1.3913723800817555,-22,6,1,1
95.77735074546221,78,55,-20249,1486,57,106.92177533308532,16.887755278842455,26.316976248857998,-177148.58845627983,145.5242443921301,8,0.9142920899065061,-28,0,0,1
128.1275581960066,61,52,-33393,3411,57,313.7143538495637,-103.03117516434106,-37.78486806226226,-22164.192800613397,415.1971277439519,5,0.5477753439524012,-11,3,2,1
309.66894250702603,58,50,17018,217,62,91.21257833227372,-101.09784896921666,24.814142596980034,119321.41663490464,152.16474515413768,10,0.21282014660733725,-33,3,0,1
248.38481647180777,57,53,-20096,-159,64,0.0046181784862824315,216.18120325903828,-11.182745821457914,-8660.528516451473,163.52877923059862,7,0.5435710289266427,-33,3,3,1
212.17727356241716,53,81,7976,-11,4,409.8924441351,77.0121705707214,607.3526312945717,-25433.10538433679,122.1848503670787,8,0.159924693700504,-37,3,1,1
947.0449756733537,55,78,15949,356,30,80.02891991434768,-15.549032914258786,588.362439219179,51856.95327804544,154.88224912136076,13,0.5549319452921213,-27,0,2,1
1021.4202949000651,66,98,-36884,202,55,-12.821322460507375,136.0243248612892,556.981358000183,-40018.966407645254,147.83811366250296,14,0.9248961756654908,12,0,2,1
1249.1544191775984,58,54,11651,131,49,39.86814208135138,-44.73185265478171,29.049601547484972,-23108.83981568811,111.11836600334023,7,-0.1995481145602483,-26,3,0,1
83.06233366187935,54,53,-5241,233,71,14.464819339300547,-110.17346583851042,-1.940867796790842,24224.34879129024,63.55156363157213,-1,-0.5054471397584644,-45,3,0,1
218.81428705212625,62,78,-4763,838,56,646.960940755065,-44.575173986982136,549.0984569242711,-29448.171108896495,45.414520765986616,-6,0.5554186647988729,6,0,1,1
231.39371264298313,52,54,-10867,1761,47,68.25090297142731,-101.05119131455221,686.425044462068,-252029.18151620566,120.1462616633675,11,0.7427800478193833,-23,3,0,1
781.3919754158999,71,187,-7516,368,-4,-1.391769272690965,-81.24610575957912,7.842297889430611,-49026.93913077963,144.19435870485427,-8,0.39661599083446636,-57,0,0,1
476.28156677564226,52,147,4032,158,-16,0.007734938074193565,-96.211149819743,3.277880588816334,886028.9418495427,22.63830925971139,15,0.3740944806026886,1504,3,3,1
621.9974477188291,56,58,-16272,1450,-19,439.19251468051993,-60.151903157773425,466.4750683896335,7937.759664698315,114.6193522010754,62,0.3679676017520459,-24,0,2,1
646.6442616768929,74,53,-8825,484,52,235.43334056894503,-73.77278751345203,566.477737924783,743568.3071014892,176.88733729593923,11,-0.35382257878217205,-64,3,0,1
509.42244751171677,56,76,-11808,159,57,50.08902541657176,510.1064802328222,783.340025077681,26031.78648163411,60.29466981547395,54,0.8327996665577344,3,4,0,1
1149.3905094111437,57,73,28784,1407,70,122.61731457026607,78.88364714751066,31.494120791280356,-26415.65115952051,75.18207487669707,8,0.697399389333586,-17,0,0,1
422.2206088625066,53,57,-1267,1155,-19,660.7094478837248,-79.91969774086797,35.39427291221147,122002.60794644008,72.72324097078868,5,0.42883338030855805,12,0,0,1
210.32658834711634,52,54,15573,368,50,779.8929220741134,-12.579938079306642,716.5958160810236,11493.934336538332,161.69497782901567,15,1.393848826762219,-387,0,0,1
755.9009658540723,56,56,-4042,98,61,-19.778434478914193,-99.3726131703364,634.5430090234632,27063.02583725345,172.3699606194995,7,0.07063275099223146,23,0,0,1
257.58672390816673,55,53,31241,-105,70,822.0492234471187,375.3653901491667,0.5465050186985101,63709.20254259009,53.99552099438281,2,-0.1178065673054377,-28,0,0,1
305.88168935177123,69,60,27861,3517,49,-12.541427555039277,716.0408668463334,24.15218157788085,-48780.66941627059,141.07138803254145,11,0.2907597388031472,-34,0,0,1
1249.3647228272143,56,53,18044,133,64,101.23545898537344,-58.868843375369416,45.3164825915774,-2339.8074424939114,96.60192293598386,6,0.5373533402864723,-25,0,0,1
199.6427076590847,99,67,14857,1576,60,191.01494377138283,-60.74412614490061,13.717090611353957,-8653.401525047984,346.0093475577775,3,0.04709050872863524,-45,0,0,1
1127.578495672073,55,55,26883,152,32,34.15873267248716,53.15455648563821,34.44962257343652,-32980.22385594535,453.87583987205016,3,1.5046158619548589,-54,3,0,1
663.6695294216723,53,59,-36675,-120,26,-60.52351794255037,159.1752565228674,418.8988292996839,120396.55957833416,359.9747838056852,-4,0.9535717309991909,-8,3,0,1
378.2614699406606,54,57,37654,1739,56,1098.3283719330389,48.10637743966007,507.40309424819276,-20751.223799320753,157.45954484157525,10,0.0035974304511474653,-46,0,0,1
917.3335516158329,55,59,38199,-263,63,8.974998579076953,-76.5049095607321,91.79032747501378,11925.582584614545,144.24171265423476,18,0.9703852906681093,-1,0,2,1
671.1850088470039,52,58,37106,345,-43,-5.3553870712826495,-339.8873397920356,653.0902693205932,-32810.895546419386,159.94182058768473,4,0.5173825570722189,-6,0,2,1
686.1054952254032,52,54,30356,116,62,119.62187148716637,-68.2708451999357,0.7250102166027652,34518.55702425734,150.07609308992016,11,-0.0799275960084479,-30,3,0,1
490.620821719397,53,51,-11546,2021,66,205.439896794968,-119.40382575964111,527.0192134013223,101872.91642166869,83.87088770926458,5,1.2974352073063138,-26,3,0,1
-36.748874315810156,52,54,19410,237,71,190.7374074280199,-112.67106501080131,588.9060203678943,-31799.398751892462,143.67230755013497,12,-0.5727470058115826,-12,3,7,1
426.93172688677816,58,50,36760,20,74,230.11452373815825,25.6022339728364,6.94499032996128,-15584.435755391316,138.0109039730208,15,1.0312548341237642,3,3,2,1
31.150498695879044,56,51,-6979,201,58,312.7139441733623,-101.38599760165016,634.9120781899333,12672.546564832155,109.87299906929363,13,0.8680156573020231,-11,0,0,1
177.86142694180143,93,56,-1045,216,61,1057.2555822345619,410.4679797806089,116.17688042849673,110101.14259194603,114.79802300055337,61,0.6154338379540362,-25,3,1,1
406.266423197773,54,57,643,322,54,78.16241844806896,-97.53996702642928,14.123616906076276,31646.098765050898,143.2062891409518,5,0.7762061684104558,-33,3,0,1
493.8119889328609,56,49,-5530,155,70,-20.42938937107766,159.52311387595097,-5.330343235343876,-8840.28358180576,109.52995106087309,5,0.5099042344903405,-39,3,0,1
201.64704339787738,57,56,7359,395,65,87.87316194291645,327.49478747600705,-24.505279830998585,-62149.13866655954,53.812470522756705,9,0.37166540674485776,-19,0,0,1
829.2411159253137,67,64,10400,706,-17,364.1276219428545,-107.11011902595081,-1.2473210432091468,43626.023048089424,101.03129913161577,18,0.8530148377542708,0,0,0,1
1528.4238929627784,63,59,-2943,274,58,830.8261425267938,-46.13026195682103,565.5077452629807,361212.03180174704,124.77876534614865,7,1.5576305624305204,-1,3,2,1
5.800050306087101,57,51,-4019,32,69,42.08194121839346,45.430545512133655,23.5983316529025,-13890.593111901124,135.7683760009334,6,0.24553339694913073,-27,3,7,1
382.01137307916787,87,53,-28071,1839,-23,987.3160621973716,-76.19308690359398,714.3214863600344,-48571.90301884668,246.06790942134663,14,0.912298006380104,-7,3,0,1
987.6929050634108,53,87,-11320,1046,49,170.62744203780386,-100.2326161148569,47.165651879934835,-53409.225617389886,136.3832481960261,11,1.106442958125704,-54,0,0,1
284.37711908986535,54,55,25812,-134,64,396.0458729205313,394.0746988927533,-7.7291472905987275,4465.518964784258,173.02005374886642,17,1.230679374704154,-24,0,2,1
575.602274029986,58,56,20002,875,53,201.93847115967628,192.87648418054982,661.6429992736412,2928.064776972158,152.40613006870907,2,1.3031804698249105,-29,0,0,1
2023.5482889769742,55,103,-18031,-92,62,-17.122852783053872,-60.756364991286766,492.13846126068523,37498.833716232526,20.15361441985263,1,0.4226749333764266,-22,3,2,1
128.6107890868158,88,185,-34416,370,46,89.79728259228528,72.76671409608971,47.2327448595352,221448.15380950057,106.41554894197309,4,1.0467084255405397,-38,3,2,1
601.9430618480151,52,57,-15043,92,52,131.55721163505632,10.478578770688985,731.7218629108617,116753.10031134472,795.6462500053335,8,0.37054384134704266,3,6,2,1
518.7688590798871,68,55,-27065,2022,54,502.1768710577958,-21.3270587387411,556.4805742320251,-49605.57571567356,132.58685806794114,17,-0.3249326789825277,-50,3,0,1
98.40226335536443,54,58,815565,176,-25,-52.47047622564645,-32.83003966327117,713.3703424464662,-30843.467132092977,320.236893692082,6,0.8000123936617382,9,4,0,1
472.3238248607537,57,60,48809,185,65,274.87731822756314,-2.909490769885915,437.63164559559686,54413.60181549065,420.21079622743457,1,0.9116017376333457,-40,3,0,1
91.64290674025652,52,52,42173,1547,62,195.2563966739597,-53.25395618151359,563.974337930762,367863.25949661026,128.47451846451307,9,-0.04415462669768083,3,3,2,1
51.33015005314407,81,60,22258,-57,-13,10.430607097616303,-53.08498320064837,667.652593163088,-54740.60569230657,179.10570548394713,17,0.027156479551776608,-3,0,0,1
371.535364915336,54,52,-6707,227,63,668.6996056482404,28.13522368784679,371.7484480692723,-17760.125938564343,-11.6556910832158,2,0.7115455133818577,-47,3,0,1
436.1971612870036,68,66,9854,240,58,9.739930537746119,32.46730241488714,10.41809778186836,-373198.4385108396,191.67021760829272,16,0.27833019802613007,-35,0,0,1
178.14588064947984,183,55,-25597,98,65,65.8574760470039,-65.82045239416124,18.133269966696687,-9406.319161198126,154.16908577614737,-2,0.3786172561440827,-33,3,0,1
1030.976842456409,55,55,3903,958,-21,16.30776423086195,-35.32391788331577,606.7612656239663,-19082.956043827864,35.94294926567269,16,0.9369279422775156,-28,0,2,1
1775.5338748539198,60,75,29698,-103,48,282.3942797720898,-120.0410711035461,755.1380088931596,-48478.504341010936,79.48328738262042,16,0.42439523751428865,-46,0,0,1
1554.3030435234266,85,51,50967,235,113,303.85762838935847,69.90106644907719,-25.959105844639875,-26502.06213368078,740.3193158255905,12,1.9938466335367047,-33,6,0,1
213.70974118027556,66,55,24951,1782,24,838.7469659865924,-103.02278158773017,14.06214435143534,62632.8598194984,388.82786044573487,9,1.4192812107587862,-2,0,2,1
796.8362804283418,57,74,29304,344,58,539.0260920317775,30.837601392100694,400.41652732572743,-38754.92611635964,92.90318288488555,7,-0.2658254172654681,-8,3,2,1
-2.953044068442267,101,53,54444,351,-13,-9.666983657006952,-88.31871860216856,515.0276291908568,365524.5627462493,114.29967835239259,-1,0.613861104881125,-20,0,0,1
1137.4623066725183,55,51,5166,1978,134,28.945665321956554,-43.343851730684804,57.06329027195095,13963.915552421895,89.80367630905033,9,-0.13650227378439778,-49,3,0,1
227.97558351771448,54,64,23969,606,47,121.54852135202236,27.062567376901974,657.5674176425626,-42663.21332004679,136.7831713685329,8,-0.11235395760109074,574,0,0,1
885.6463570104842,85,58,-3066,645,53,69.77368231936134,108.07726051018847,621.4066279581316,-39891.851857404276,72.30975335373653,11,0.5093261591425571,2,0,0,1
558.1086148105522,58,58,24103,336,27,91.07632715281233,-115.51087175903423,12.826682803023811,7355.306461237741,33.0178936265581,10,1.0418667147475673,-36,3,3,1
718.4842082526172,56,53,7402,205,59,189.15233477053886,148.41905370442203,562.5869646807772,35840.37629771148,201.54356987885603,13,0.4255323660377337,-32,0,0,1
101.44050422593259,56,56,58335,1726,-10,311.21597093772425,276.4310229932438,-28.758705892823485,-11468.918873988654,112.21129795266708,3,0.7941516693446757,-42,0,2,1
693.9768761249271,54,52,51192,404,51,415.436503494394,1259.6708631890483,46.437989654467486,-23077.706116399182,89.00657469462551,11,0.45498954393260416,-4,3,3,1
784.5971488308555,53,64,-32637,-168,64,40.46256503912588,67.73446576792051,47.77253183485513,-69841.18352795446,100.0156777571149,11,0.35360054459167567,22,0,3,1
769.9300124996404,62,58,30722,376,60,340.3121744034738,61.18278102614589,616.5086638452071,66692.07964387935,410.60840065026366,4,-0.5791044551842799,-11,4,0,1
165.2694041978309,56,57,12460,87,55,-16.276311047831655,-47.70062383547741,406.782737345296,-30781.775700901897,67.98279145934127,2,-0.5690041105676292,25,3,0,1
219.59763793759907,55,64,-13660,148,154,73.67001022834705,-53.84670242149269,-20.82048630494622,-26633.072933891068,876.3421863517499,2,0.8310013368613043,39,0,2,1
218.95851267675033,54,74,35007,709,58,121.9647237279298,-1.5156019104084848,64.13038832738208,1007434.0318296587,91.96030449649251,11,0.35511363169550353,-4,3,2,1
245.65773017902717,111,50,39423,334,60,187.65670315968106,-98.37256009921839,438.69682995807483,3067.1766310782605,65.30667227344746,7,0.6165714588165394,-12,0,1,1
908.2563299151359,59,104,4730,5048,67,-1.7436266939774185,-85.07625166442529,432.05182709495944,63267.93173771692,133.26870657373834,-5,-0.05901940211965795,-32,0,2,1
1546.0844412847632,53,97,36927,1377,62,308.5772154052924,-45.49105123055595,29.574622618429935,340.68041684151103,180.97742978015722,3,0.47279994025144484,17,0,0,1
1082.2788648742717,50,58,-23098,1061,-25,-16.52715950499271,-90.4679886319187,483.61458220645244,-57230.355388220356,1.3997187781820202,-1,-0.11140743360710681,-4,0,2,1
26.071513711095392,79,52,-21463,1809,58,279.7054837732714,200.76945351919034,682.1847387607297,225422.22515659532,151.53666419090666,6,0.74374235711516,-52,3,0,1
-117.62230813556988,57,52,-19076,2315,145,958.4220702096434,-17.872542534477816,-27.37998936979136,9605.59410112131,79.54872915605925,7,0.7636324109497723,-40,3,2,1
872.5509829391464,63,52,8997,2160,64,25.546104041961712,-32.46719537752076,703.5437205803046,-15780.666865343868,2476.843750696395,7,1.303564339725838,-7,3,0,1
839.3163529574149,55,55,-27831,135,57,74.70012153471575,0.4090981485896332,748.0942095897482,-34686.23441548877,105.78882263006034,0,0.7817203887188168,-4,3,3,1
638.2161106278024,62,50,17711,206,57,44.08018579277791,-100.53851439871806,27.639304751684314,-18028.754223715485,129.61132055815688,19,0.10377620429827936,-43,3,0,1
107.85449700952394,53,56,23216,41,178,43.86808192965606,21.432126821656485,467.07454358721395,109082.68176404001,999.1522247885971,2,0.3259120429953357,2952,4,2,1
201.59433046854252,75,59,-5300,1241,2,225.40182987797425,-86.39826141469784,675.7197377618526,-25295.178135423223,245.67965842633464,-1,0.5069749798836829,14,3,2,1
282.94389128824406,85,78,15972,1273,64,-44.11610474497235,-83.41191430749312,29.5536701985057,-35544.483902517306,181.2529930247362,16,0.6316483022085895,-32,3,0,1
502.1196517743424,55,56,5728,761,56,105.81009194484307,-118.19655049221703,70.30408362756002,-229860.34206498193,339.6165003177931,14,0.06601280843851,-22,0,0,1
1831.1026567068127,58,70,33837,58,62,143.83194187572587,-68.05384680971945,527.6424026722792,-52485.13130256235,233.68269886760288,14,1.0499804197499087,38,0,2,1
76.57067456443292,53,55,13925,227,65,-1.2110367944924292,-73.5616449075312,539.4409842815722,17260.04221033206,352.627907736004,8,-0.15844433667286462,7,4,0,1
79.21746855420915,53,55,44163,1357,51,237.22792232838322,-2.253199243822001,356.8260403291391,-34789.20189604417,712.1894224114263,6,1.4844321411201036,15,3,0,1
357.10612492920455,69,51,5577,1096,68,223.78473606866004,-110.54123995730605,-10.641139131551832,-28706.26077446081,497.37577956960183,-3,-0.7142345251375825,278,0,1,1
1335.2779945595785,56,55,-26359,41,11,42.501516425773794,-33.02557827590106,28.958602967085376,24237.850801137814,85.06864646993131,0,0.3523341094049656,-35,0,2,1
172.31249621328777,55,72,28579,932,197,55.54412627573821,-9.222145437153955,377.6423107298366,-27279.90653814237,112.81584506149274,441,0.4122347645333817,-46,3,1,1
135.02534119291832,115,58,29604,463,316,13.89733620760228,-101.87536508986237,-41.664712888073,-41748.315746507935,135.85790413561602,7,0.2410797931202439,-7,3,0,1
565.6670334841892,80,55,2272,131,69,26.181602712268784,-51.028051087240755,585.9830746645862,-12754.763644916178,89.0161375529095,11,-0.5905033154063982,-27,3,0,1
168.89066998466393,62,79,3239,-103,50,133.36690505292017,-36.961025414592996,630.125554539895,-33268.016063769304,113.17764893328696,12,0.5974321511544708,-22,3,0,1
265.31825896943946,55,52,6949,1665,55,333.2599589207921,-33.29085902228102,-29.780709522820196,-47784.45879989396,97.46202602555928,19,0.8088583858181888,-47,6,0,1
1212.6458932951518,59,57,44388,1101,61,395.5311140687294,147.35299233742575,0.201697055746084,-1945.6841287375482,125.24120806323431,-6,-0.15405794597030303,-8,0,0,1
420.5682021043523,57,59,14391,1841,59,232.3385161626843,266.5588580001929,500.9545536918041,382606.6433145547,125.37836559142056,14,1.614813690739814,-38,0,0,1
982.3664502693887,56,55,9892,-212,128,3.670016504128,60.86779913632019,-27.188428426541467,41781.44406060474,99.23541236459093,0,0.44627124359507403,-37,0,0,1
1033.7245644667028,66,69,32085,873,55,116.73281519445408,79.0510166270701,73.68784804095705,-12737.83068775142,158.5137352316572,10,0.9617122890087059,-51,0,0,1
267.12624275305086,56,55,-10440,304,51,114.86196781024171,153.78466614900532,516.5372731109954,-33914.57847902038,249.4359626549516,15,7.591856406778055,-26,3,0,1
1017.2679525616245,58,56,-144981,46,129,70.03220901289842,133.49437521129016,-9.579528436904429,44061.542822695716,185.20645295404304,14,1.1128544912465694,-60,0,0,1
385.96889785068663,55,60,-6961,1319,71,53.63995932084311,-90.48117839904194,462.6274791267598,-44577.39769016091,143.82596318949783,10,0.731994466761549,-44,3,1,1
58.66243061594582,55,52,34908,257,60,122.47080643525561,-39.80698802391541,468.90488903016904,88611.17946550381,449.34770229070693,488,0.2468677108642401,-8,0,0,1
580.1171159112058,61,76,5737,239,52,85.8205305234776,-40.79365338320714,567.9376984152132,475328.9042428414,193.90041421512817,9,-0.03090111726613906,-53,0,0,1
1120.651616698708,65,61,-10699,1404,24,222.81409552315642,1.7681314808831488,66.73306852707266,37677.71612510987,98.28155519724693,7,0.2858664319897272,17,0,7,1
139.66690627543505,57,66,39643,105,62,309.73815754258015,534.0393630332535,36.60539834825149,25738.561001024544,33.68328440373831,8,-0.16090917094810026,33,0,2,1
305.08381262476064,99,109,5422,-55,50,200.38330282973575,566.5123153891524,815.2690130858562,35131.57387618337,121.18273879434238,7,-0.030953517529971053,0,3,2,1
137.41108434157894,56,54,6955,-29,64,297.1712611909658,-112.92718484133987,599.7254549501776,-60134.45994741151,1051.8580964353625,15,0.48541024524624254,-16,0,0,1
648.9103720330075,61,59,56068,-240,61,589.4841364174224,-121.43770791436862,792.0413729928786,-32449.02704335931,156.49493031101912,5,-0.3927928740305001,-39,0,0,1
138.04687069479468,55,53,51001,61,62,-6.8326123822476035,-79.53982624046054,438.9625812593317,-54203.42656299746,110.98111853218026,13,-0.07560270400781133,31,0,0,1
148.6579255567467,56,55,-28319,140,71,20.6462292631289,225.47705651209208,-13.01410863714176,8430.657537588817,63.887159222171476,12,0.5210453170690682,-33,0,1,1
380.3011898989004,65,81,-2712,-62,269,-18.537014293342196,556.6205845552055,-3.034907578814231,46800.462589393785,141.82452732478959,19,0.687862765894689,-14,3,7,1
863.455978681545,50,57,14705,2266,-16,-0.3675822831580007,264.8495510481208,65.15055425126423,63971.49324610437,172.37644385588976,10,0.8551937210135646,-34,3,0,1
397.32877495486434,52,56,39424,513,48,183.92449442715014,165.47267995043663,632.3997922259806,-25777.335439078764,182.78015129539813,20,0.8047546833016906,-47,0,2,1
287.28610116548504,55,84,-45595,-112,64,83.52378294747075,566.5808752559279,2.3322981041361195,29541.18927839704,867.0306022926918,16,0.5541447956054,-21,3,0,1
-83.0785181679341,52,65,9491,169,56,40.71279325656694,-5.474328578102185,14.83957371465943,182912.9718948994,77.22005784201393,14,1.356022305577525,-28,3,0,1
893.9153982826724,62,55,-12875,249,52,56.40418363154953,-55.0592613045388,52.51297571921973,-28135.457241932825,102.1960276008093,11,0.6623987733867078,-24,3,0,1
191.60813685673867,56,95,-2046,1635,59,36.65596950458479,181.56636455650602,-16.390297331975663,-20243.64164959218,157.64679509940208,7,7.647396883001595,-42,0,0,1
463.9091718525352,64,55,22856,686,58,0.7618819191217483,-20.163671725212488,13.686546779131852,-33119.58376323273,158.70556707443023,15,0.17329985614600335,-34,3,0,1
598.3332514873923,52,53,20625,456,50,688.9670354073124,-31.146090144441736,50.07628022005749,-30072.232281025004,1032.7196794840181,-5,0.4976686987539948,-13,0,0,1
1042.6511278346768,62,51,9238,-131,139,45.13048514227967,-176.25633237156808,492.8633465675231,203946.40300485666,386.96238821475833,14,0.1990113544442909,-17,0,0,1
380.4776196947056,53,69,-10760,393,69,121.0104374129534,-48.96839256181857,451.5750750761507,-9197.405043809587,136.3077768632338,2,0.2306600986490108,-77,0,2,1
374.90464515870644,60,80,-26262,29,87,90.21116873927286,-41.61420908974325,699.2277437813201,-11522.837165489413,65.07335102180426,11,0.1532531755406572,-65,3,2,1
769.0694843878932,97,58,12527,507,145,110.6619525722177,-91.30646320987131,375.28401087450345,-9491.361471863665,284.61996989786707,-7,0.5853464400348852,25,0,7,1
304.479806327912,56,73,-42521,17,129,-19.71323635654005,-111.82388820582106,355.77671601945224,18120.279701754473,35.050079858998274,55,-0.5141601410555245,-65,3,3,1
1723.744309238521,78,51,-20530,131,58,267.2537120071405,380.08043320415385,-5.6759572830238225,-23614.229417297305,328.7957852855399,3,0.842252045933443,-10,3,0,1
214.98239288981097,68,57,-6360,104,-13,705.7175914155916,-66.78417902595304,746.956602961717,-33893.219285089246,31.948493696065682,14,0.7983511014036957,-51,3,2,1
529.8761984450151,56,51,5346,-79,58,213.07578471403434,-92.01636774200476,50.214398613321535,-36615.54123880127,280.67473413665056,4,0.4136159989200125,-49,0,0,1
1145.7345976059378,57,51,3867,252,65,70.06447100212401,-102.73342182203285,539.8760116996709,-37063.05337813343,305.76305894121265,9,-0.025906091602033027,-17,0,0,1
1035.2411236074888,50,55,-6171,67,60,155.5446795297566,220.58660462297934,401.42968491600135,-37757.1182794987,156.05975316396209,9,0.457338477697287,161,0,0,1
639.6272553960889,81,58,-15,6852,54,20.74215619711198,72.24615802100591,664.074874342418,-10370.37240515724,2219.7927877553047,9,5.435091920696257,-25,3,0,1
670.7273651965731,55,63,1071,360,23,313.7253259856969,-33.89639255863028,50.43108344086478,-2128.8140954005357,121.77531614538182,1,0.6582589146390152,-23,3,0,1
286.15502419174396,71,57,10307,281,49,8.82262366589083,14.416809891932205,25.025897745743265,-83551.10372060466,152.88070590939037,15,0.371464569584137,3,0,2,1
631.6236969368109,54,238,43901,1129,221,-1.4959861289341916,-94.82350041417627,305.8398750227681,44421.01547304311,171.00372317779068,59,-0.16697789655197925,-5,0,0,1
771.4091306610948,56,67,21521,1854,63,335.6739437506725,-15.361939319975916,11.084340142170785,-10644.181976758255,2389.0506662461285,10,0.17142950770968396,-35,0,2,1
240.6863845841256,58,91,22713,1932,68,347.5333026561284,-48.264730055899605,37.98608879897029,-10132.727777370741,581.2010516828014,10,1.2832352960237283,15,0,2,1
503.7677512529605,55,56,17987,-149,55,1329.692114179736,96.49154678402249,656.359735639017,58334.21676950713,107.99438771109706,4,1.0563133667355815,-62,3,0,1
930.0223958532806,52,54,2720,-42,64,-29.862591061981448,248.9473635190393,747.4414244263014,27482.883071912147,110.46228340615295,-3,-0.20204978066080115,8,3,0,1
22.655856859267203,56,53,-12520,1852,67,159.77256328879372,-87.25833294819984,640.9599862097014,-156511.26585694205,37.680703605622256,14,0.31488500725233015,-32,3,3,1
737.4128409522717,102,73,57162,2295,56,89.43595088078933,-63.831414798814585,-24.811657568023676,4293.6092867755215,158.94295778674083,10,1.4130939733624437,-50,0,1,1
381.65979608091146,54,50,20541,199,64,242.35588676116575,430.19945004353787,543.648445350289,-9499.260453167908,180.81779385082848,7,0.6512749540696856,-43,3,1,1
255.70073115893786,58,182,11250,118,60,111.71142210734031,-12.52150669728683,13.510258073270304,-3513.6549079241795,134.64553893063533,382,1.094138044948361,-16,3,2,1
490.45553509477134,69,58,49573,1833,56,2.904992973791309,184.32489258592238,-3.441998036462625,13177.451615105974,414.49628249883483,16,-0.10134715581598419,-10,3,7,1
1236.7506445976642,57,83,59950,308,64,0.48368886333338423,-52.95993691375369,18.444504131279047,-8606.905468737206,270.40808298070846,0,-0.6815155982133708,26,0,0,1
143.3745789756557,55,56,-47092,249,66,306.6987593566452,213.04792570102938,563.2287539741301,-34515.283423046494,291.0727553234111,16,-0.500437809327801,-34,0,2,1
638.4393005515568,80,57,38881,165,72,-12.305078233527809,-92.77510762896523,22.6931174592585,-24019.998441275042,54.35168048568437,-2,0.27640886506831086,37,0,2,1
281.3043441865758,54,106,-27227,191,74,38.01359040317354,433.85809653741705,678.6505708563893,52894.9404909228,77.67794283657496,15,0.36181579392921015,-42,3,0,1
1029.3729278448886,52,75,10566,-122,52,185.13779089768843,-91.1662844789335,67.56204618936452,28735.169272451836,933.3900402674981,11,-0.1177575705314109,1190,3,1,1
391.9804957571873,56,54,-24300,191,216,182.58953278660022,-80.63779008266782,-45.7967295460754,35506.5556125946,337.3315298782559,13,0.6279859316751555,-48,4,1,1
409.1722023553598,54,76,46871,303,50,49.75775820881974,241.36958343043585,-24.04736973118239,-17656.59943083943,274.2292016213184,15,0.3420122346697094,6,3,2,1
213.06488880875781,56,58,32566,14,62,-7.382705607799238,511.4317659566309,-7.04730884539686,75442.69179799709,163.84352824257837,11,-0.3240806271040762,-14,0,0,1
935.4313604529186,62,70,6377,420,52,32.2552929614959,-92.71374621139202,43.10830006476843,152131.06722692456,521.6950534482146,16,1.045008758288108,22,3,7,1
586.3019512981529,73,56,-5127,68,51,-43.0980297155653,-24.423049619682715,-46.27665099577275,171671.671747596,911.8393883909706,5,1.2058570778578528,-53,3,0,1
1230.425816513599,53,53,-10924,129,-24,214.69304496650497,-61.726418956621806,31.34193302281203,-3732.4100775159022,83.58886474288265,5,1.7687199840052483,-26,0,0,1
1776.7936135997513,59,81,23016,620,56,-12.339067987265935,-69.78536707402952,14.969006055036584,360453.27798254124,153.0268614060888,1,0.8284866047052664,27,0,0,1
171.39972939274062,56,63,15980,46,65,160.74241596760464,8.34756235203802,7.336453217535542,-35714.7863266417,15.094751672579235,7,0.9365420662563402,12,0,1,1
370.4317079360865,55,57,-3297,247,62,66.64356610316423,-14.485577903367995,13.483068375984548,34749.06276887185,169.9837478291342,-8,-0.024527543439265748,2,0,0,1
455.4666593499744,56,55,30554,3371,54,392.24907053304315,377.5880365242216,620.0216591200004,25822.08232218343,106.41592706957682,14,1.341450591920382,-38,3,3,1
304.53813103703385,53,97,5914,4138,59,346.194638661319,-44.27133765937726,766.1311179400665,-42029.98799894764,66.4155167868364,8,-0.4053781705799476,-43,3,0,1
1323.6994749566882,56,57,41035,1832,313,90.27059199156133,-3.7340096335092348,99.62448208040091,-3842.5032453960102,236.40518801767897,-2,0.19249367844733684,-19,6,0,1
334.52836437386406,57,51,-6072,3622,59,-33.38145749173239,-30.22159212325581,41.568194391603505,-37854.46644798657,30.800836036167027,0,-0.3240294399653233,-48,0,1,1
1160.1653764069895,54,78,-7706,3342,55,37.82507250576555,18.78228958226663,483.64819999837846,-24315.85933568373,159.64519581400552,1,1.2554428249758955,13,0,0,1
203.04487053932337,56,59,-2794,42,196,289.6762172953847,-61.26257310880333,49.26448189716376,40993.66587736894,180.66254860707323,-2,1.2922226543089637,-64,3,3,1
1380.7409590972854,65,54,-21790,1521,93,403.5588053675129,4.707595875827889,667.2655035625155,19723.416556945165,294.9742194325777,5,0.39771392281611806,-57,3,0,1
574.5613073664495,63,58,8371,494,54,413.0160396153898,94.12916926982308,636.547335948095,68363.85230914006,175.72518596827797,33,0.636653159022637,0,0,7,1
111.03656494147049,55,50,-4301,11,59,113.10212085386499,-45.80462290672229,619.492513645897,-19644.259068912725,255.6407129553924,8,0.003912994612340209,-14,0,0,1
1797.8199499866723,70,81,45939,-28,20,217.6325657640169,-6.767325189200809,-46.600179799794205,-20637.43878003068,146.14222237317196,-1,1.0861589675337395,-15,3,0,1
174.4541252793435,56,55,-6221,233,59,-79.37368694584666,2.7985169573660817,611.4862317288079,-38125.22832924091,207.4572590295206,-2,0.15887425821364032,-10,0,0,1
682.0427913735169,52,127,-41951,-13,127,530.5445123876018,-74.86113175100414,59.38899346223093,20568.10111007122,67.26711154643505,9,-0.44273450400433145,-5,0,0,1
509.21952339290317,57,73,48909,334,-5,156.92605122893946,-40.12370193279665,9.412359778649193,11992.237784767785,76.74881906921416,1,-0.4049900716484023,47,0,2,1
-39.916180093267485,54,58,41049,349,224,82.87322240459724,25.735761756438706,654.4517508513546,-8672.328587787097,109.39507698287638,8,-0.12993283080413315,-23,0,0,1
193.24526295743684,58,47,-33096,414,-19,-23.67674231670128,-54.71334563678452,36.35961607885812,-2315.643953463188,137.94184245378307,6,3.198413402673573,-26,3,3,1
1408.9939903287702,56,78,22441,65,54,132.64212638694403,-74.33607452400949,-10.8061163064901,-41854.47702994775,50.17157894721007,-9,0.6049530686565505,31,0,0,1
538.2681976965894,56,82,-13684,1684,54,190.08499208133202,-33.60790730244707,36.702686252934036,-42036.79312622323,92.53394242706908,15,0.7268092153283929,-26,3,0,1
412.4151579994559,57,107,20859,495,55,35.45986963995517,15.575009863734987,23.357797769363554,-49648.39090477731,111.10553536280568,7,0.6163728397113256,95,0,2,1
130.0007045370951,55,76,23358,286,97,571.1792522364145,-44.7424153579325,0.15171466220319774,-10190.68868478993,193.2552336554378,1,0.7321593425725647,24,0,2,1
210.59759742792153,59,54,59752,1243,66,95.42244419903733,32.2918131611367,47.64092637486979,-35083.09904364475,238.82492535933284,5,0.5157868028046482,10,0,0,1
226.27210691792263,61,52,-2886,96,61,248.04630878331747,21.097145737937055,28.98417663958858,-33937.7236558567,101.50606128274258,16,0.2837941610119326,17,6,0,1
154.22728096145548,53,50,-31526,485,64,333.83528140476585,148.31479463835535,32.0269501855484,-77551.9646286535,97.95708591960897,13,1.1248922067302327,-55,3,2,1
514.19366999304,55,54,7342,468,50,566.0541579335809,585.900385461106,59.82398749530958,-1.1515133804205107,183.22581663477112,19,0.3355944715214203,-62,3,0,1
748.5494253070021,55,55,-13522,266,53,193.52424348006844,591.6985458853547,-6.654167605245253,199426.0743398178,385.4510376302733,12,1.480707235052119,-51,0,3,1
681.3411566675499,55,56,-21446,282,67,942.6231783259658,-23.77368129393882,185.7715512576734,73444.4203448293,166.539827694858,8,1.1189069802045748,1179,3,0,1
282.62392068327904,54,57,2778,-69,58,-13.078311656623157,20.932742236096196,511.8862996994155,9685.628157556115,217.5387893962835,0,-0.2129252111092202,-39,6,2,1
1463.8770708955467,58,76,45933,253,60,155.08694057979864,-116.48982514471872,445.1937272235321,111876.91158533432,146.15229598622682,12,2.565051945168249,-39,0,0,1
33.01576106443857,56,55,-10187,247,58,84.80266485561027,312.9746406052019,609.4129384492488,-46132.25624716976,321.0209366752001,19,1.009297243757529,-12,3,2,1
561.9248396996345,56,74,37071,1738,59,140.90809127754704,48.63667861192958,614.0668305998731,-180554.9825941478,139.3042141831935,17,0.6850812740960115,2250,0,0,1
1035.3430867896604,53,52,14824,253,60,502.7645123467406,419.3874409535378,402.49063723759036,-260.6806486094065,67.02447660808623,9,0.5318732842158602,-50,3,0,1
1022.8102421998079,66,54,37387,346,115,273.12799964751014,21.29154513045237,12.687787561265882,-14676.110986148518,101.2940087910241,9,0.5043148401885135,-22,3,0,1
133.66309290289013,55,49,-11553,437,53,1.9843851597759112,-105.45534983193768,521.419425627501,-7157.074554691435,62.822357635504176,19,0.3567784436790122,-46,3,0,1
197.66346333758565,51,50,22412,563,66,192.79907746491034,-21.952148708440156,325.0379073503685,-4203.72657760921,207.00736683692884,12,0.6962227783940558,-40,0,0,1
153.50857677130497,66,56,-24629,1477,184,-31.87492474616633,197.13561678531278,574.7154231997075,-3267.534121431154,76.19155810213533,10,1.1879480979806856,41,3,7,1
359.9054519388291,54,66,-5271,96,52,95.40245008502808,-72.88162802408579,573.579622756657,19122.1680134474,86.55006300230556,10,0.26757573422205627,-52,3,7,1
217.34668181287537,60,52,-8935,1370,58,167.94641211583428,2.959188254080863,-3.3567194769832156,-23021.28067274425,257.00471761863315,6,0.24605791274705108,2404,3,0,1
116.50794090154302,55,56,-33075,-15,11,303.8727304482906,-93.12155057451479,631.8562893069333,-35279.911589383904,165.61572054274484,9,-0.29246803655405645,-36,3,0,1
426.92810340455827,58,53,-3710,-105,-10,61.63685053080724,-29.30525619086822,667.750536707378,63827.30493851818,187.99490540738074,7,-0.14575231881437795,-36,0,0,1
1556.5571515701072,55,56,-5363,4535,67,92.65082337489329,-88.08969141932197,708.6498538396793,20302.49186857178,354.2629162882623,7,0.7945549176416024,-37,0,0,1
566.74972008715,54,73,-21020,305,63,55.39087341409845,-63.65249186695274,670.4403948141169,7232.68832866321,89.12935490586501,17,-0.12931164336781226,1825,3,2,1
96.00386825725504,234,51,-2294,186,57,132.27147241712416,-25.597005766579137,-0.5516557871590324,96496.07203786155,181.10771125978232,0,0.3787401284280768,-46,3,0,1
158.05448434714057,57,56,48241,397,209,282.8349090449393,37.55760213892752,32.56301805492741,47270.706080254975,801.851300118543,11,-0.1824519134980403,-37,0,0,1
980.1014833635902,52,98,13779,-72,49,9.511951941985004,-94.68122053536885,553.2359918506314,-40999.61138439293,1248.7127437149425,10,0.8240129276218715,-31,3,0,1
1508.1278648576886,53,150,43482,-112,61,129.43359849825652,-55.62152805399645,-8.771994106240133,-25451.170591256916,343.58611297466337,11,0.2637971431238425,-58,3,3,1
316.3554461814673,83,57,-8031,5,46,93.5381520377615,18.686073709212344,672.8328697407112,510250.71210035763,140.02509426843653,14,0.30703616975059744,4,0,0,1
414.43391819392804,52,51,10590,490,58,673.2494172751047,-62.15572596544438,712.5525939220108,3979.51260176462,187.94220249593184,12,0.3057610581923572,-42,3,0,1
370.5123613608061,56,53,58831,337,-32,967.7954014883655,-64.36903238304616,607.4853778376149,-22847.529704392364,161.46205513987684,18,-0.16231754176906132,-36,0,0,1
150.37276679800428,58,69,49166,5433,-12,116.28367977057135,-105.42461339460361,-11.231875545065833,-19622.4559829013,47.95867708931832,8,0.9378951339382329,-19,0,0,1
318.966541854801,57,53,-10873,164,53,233.7035091700996,-12.466984887212439,56.008097412503595,16459.517132779176,122.02374598103643,9,0.3667542769937736,-4,0,3,1
964.6384391580771,70,69,11553,38,58,5.579092573413618,33.16513375607622,752.9439704219718,2015.7844669996466,110.51376015624604,1,0.08157743066391401,-1,0,0,1
395.41626301122363,67,54,13567,399,58,28.221073137382177,764.0784249158296,81.91358593595018,631355.3659101387,1321.7448643517237,13,0.3887465545018155,-43,3,0,1
590.5436255690843,91,56,-7334,348,56,2.868890556339693,272.7038166325891,587.2281872633797,39932.37094628758,47.51237271151444,18,0.17661500780551173,-984,3,0,1
593.0741981898246,57,55,14812,452,53,1414.4940655244852,-112.09418023466176,4.401606754127132,-22606.216309554016,133.51168109270213,5,0.7582413969808668,-64,0,3,1
168.60461364338153,54,56,24484,450,58,11.15117949019647,-17.156186351272154,32.533684152989814,-60245.559556025066,144.799289339507,9,0.5785457507592572,-2,0,0,1
-8.342465916286784,54,170,6360,1563,54,122.20185764734433,-24.66408844791426,624.9779963704611,102.389347754357,151.78161745529198,9,1.2717184859772626,2930,0,0,1
572.2709225307243,52,53,56658,320,51,21.186294438387407,-57.22909088149314,711.6351163761377,-4618.414806442675,160.91298791763873,13,0.397994604125804,-28,0,1,1
528.7362472069824,57,59,1230,-33,164,50.31083222923576,136.00432624495141,745.8608169938298,-31973.461904248106,109.27906706693597,19,9.852448138219717,7,3,3,1
1013.8952558271026,66,172,7933,260,51,7.805946582793467,-62.65694852136827,182.5818447069312,-49269.8932105537,289.2664248135551,-2,-0.012665606416131792,-19,0,0,1
1717.7203849619345,57,54,60969,407,47,219.622069756322,-64.42331198827964,-29.69422938626589,-25448.37820021028,328.08668621693624,7,0.8201645781846959,32,0,0,1
156.92301747497345,91,78,18138,-215,61,34.48006521901556,454.44345034709664,-10.98501763929632,147643.3383811616,192.81171509227806,12,0.6027884983512978,-28,3,0,1
1625.8479129979046,89,55,-7612,128,63,322.9364242858018,467.8016328272786,23.162228570609262,-17017.251431217075,166.53280112948372,13,0.10881723604611311,1357,0,2,1
144.27363211225148,53,52,-6700,1459,72,338.767150676011,-10.34649436541799,29.31318793551833,29924.212830677614,132.4617675827984,1,0.968655277825663,-41,0,7,1
928.7564173206135,67,55,10967,325,64,246.19732580140885,-77.27335478857462,37.314796602180365,-53380.364327244555,434.0129318462369,15,0.7385455025721334,5,0,2,1
1789.6988943468975,65,72,8254,308,56,256.71948787615156,-47.94249001829827,482.95734459710457,-53057.73786730693,313.4762239226474,5,0.7666666799097666,41,0,2,1
234.13205339338808,63,176,20845,241,57,41.42936102201185,-82.12969474011246,31.898305617093083,34157.8244175361,958.5657429290175,-11,0.4572918547094133,-50,3,1,1
289.7039443341247,52,51,39384,283,54,207.67716094497155,-28.63950152876317,654.7619176795934,30471.953506126083,1755.6277392028924,12,5.940893748903624,-48,3,0,1
294.17255303687216,55,52,-25452,2258,59,9.473338970697114,8.0346630530465,764.6514543897385,-33058.04237396592,123.37112109625984,16,1.205680388212767,-9,0,0,1
896.8792045370436,90,57,21894,1041,53,318.08863203465495,-92.38094389953801,56.377062536375476,11726.89529675691,166.6594995747278,12,1.2500423083585717,705,0,3,1
19.384740823738724,56,51,-29087,205,58,43.50820503647757,1.2846600748819608,11.924037542612666,-44382.19472847087,66.48962061931421,15,-0.5048266936763585,15,3,1,1
197.9183164124048,55,57,-40810,3792,58,-8.523696873316766,50.910496483456974,38.96411599313486,32695.327900263947,147.6800012570145,-2,-0.024154524326411547,-17,3,2,1
166.7849484338733,52,172,-13204,64,63,397.1450911031768,-67.8603744401572,478.7266496194191,-17463.468853944534,122.96667507707537,12,0.4186930380109937,-44,3,2,1
998.094253269295,56,55,-7641,1055,-28,0.5700874180048885,-55.93993525335845,-26.28668788298672,-40204.99269228788,120.2889295753713,12,0.39188091200144515,2644,0,0,1
846.1819377677317,68,69,63512,256,68,179.2794888696595,57.54995704744857,628.1711289399335,-3960.744667314677,160.58168205621382,-1,-0.12167475141172379,6,0,0,1
284.3496063620244,54,57,52034,2029,59,-10.595055717534095,-0.8999493558825069,624.850748912901,-86144.80507917225,179.82548422665502,15,0.8707963333265855,57,0,0,1
950.4543177229365,71,56,21053,2089,161,844.7675283392116,-101.78216981125112,59.5550347075628,136214.26409847994,71.64103468652925,-5,-0.5018810237968665,-34,3,3,1
323.0856026275832,51,153,-3428,194,62,327.188210235308,-22.412880187817464,735.4685117968806,-26419.26319178639,81.72608197137987,9,-0.09533216154373231,105,0,0,1
209.50216496129104,52,58,-40512,535,57,-3.7023369416607324,-29.392171290861008,62.90226603744622,39974.58596769419,94.43481857184558,3,0.6102776424662655,-18,0,2,1
401.42149861698994,57,56,26696,41,67,249.6055080182287,92.56547744321927,73.49286099665723,-21536.94393359097,2300.2732222994964,6,0.17697166868487788,6,0,2,1
769.1689686552971,81,59,-3801,17,53,126.3833430540096,-100.25054355989609,475.5898631398775,969987.3368608494,122.69164047691322,12,0.4541073041041516,-18,3,0,1
114.08070889192192,56,95,13421,180,57,329.8319509292962,-41.710778088881966,555.2072241744058,217285.53636498557,131.2951227775937,10,1.3368252333528794,-2,3,3,1
446.7682421257553,53,101,-11700,115,55,96.9653188928637,-108.75707764969577,415.8252964044997,-31930.627354896067,405.32919710279384,10,1.1484992660237208,38,0,0,1
1296.050385604662,54,57,-5450,843,-18,279.188419361979,-21.949831686908908,660.0133188306306,-1010.3203527201513,131.62219948368363,15,0.5559764145680332,-45,4,2,1
307.6092022702604,95,57,43791,727,63,412.2287746698388,-1.9196424531715053,48.495945489403105,-29245.88364312407,130.5803404588536,11,0.7143739853892102,-1004,0,0,1
53.71053162530832,58,53,-2483,-41,63,61.197259966337754,-108.74285400965749,12.294296128865174,-29575.457989906958,20.694138651538907,15,1.240634553073317,306,3,0,1
639.3362017969872,83,92,27256,611,55,-28.588791537234783,447.7310650627064,68.39675029812243,193538.66145223763,100.81486604996371,3,0.4535015127957008,-11,0,2,1
576.8972467241337,89,66,1274,222,59,213.11510735902988,155.37925605382745,6.202887332739233,-277.8943293744378,176.51682364026286,9,0.6434690374164929,-14,4,0,1
1302.7488551144038,58,51,12448,484,17,39.37624669449701,-43.714596609741584,647.7434187711503,37956.41693260736,369.8055104861162,12,-0.16774920821683492,-30,0,0,1
115.55224781067925,83,59,-5921,242,75,91.33559207815101,-31.562601021403474,421.8648149537266,-52387.22231022265,90.18992987040178,17,0.9541281514115603,-6,3,0,1
1076.4002154640423,56,55,-12344,14,49,892.3345753133874,197.71922663481968,40.790495155453506,-48236.900603817616,108.10733405921886,9,-0.5768133336807831,-55,6,1,1
539.8430574034046,57,56,-20649,1931,55,41.4604603537656,-52.6770202255059,9.869895269142038,-23187.68200683727,427.8619556049782,13,5.066537444657209,-59,0,0,1
1538.059727114699,107,55,24721,1136,155,75.31616613876838,35.91239896442779,-36.61259147646204,-3976.4870537350525,152.81057975903533,10,0.7693801629910864,191,3,0,1
148.67931642545668,54,110,-12970,231,14,229.66058280484987,154.79333363102998,15.830887652543119,-41178.65516295181,77.14165051358,12,0.5491128201732607,7,0,2,1
255.47632413628048,80,71,-30419,352,54,69.034553308147,-10.806785555847199,26.938259707367035,-49720.800403566725,186.73840573587464,-5,0.18157439223210764,-57,3,0,1
102.12273831646388,66,53,36981,2328,65,192.95481590936805,-81.99274826492777,-5.425368705330851,-25681.6425718201,291.51899570801464,12,0.20232629295163213,-56,3,0,1
1175.6468753575327,55,78,51509,164,57,-2.445016611275605,-97.37645946815924,45.337938774296674,39003.62630045492,235.50557719713635,54,0.294478156803066,-20,0,0,1
867.2879252609494,79,75,-24554,20,65,887.2096985222543,-34.83016295275255,25.290680354230098,109892.06170042654,1086.4398471006805,11,1.411754005887471,3978,0,1,1
559.4770306125448,71,60,1242,276,52,133.6134006785497,-27.972666590199516,640.1235085823865,9622.593004131824,86.57550034372584,5,0.6443899527720228,-7,6,2,1
470.25115882473466,71,62,4328,16,57,216.1328208500773,-30.014620584772366,31.691690905013914,118559.3249063103,859.6517697070944,17,-0.4125710250591782,-29,4,0,1
306.8796273505662,53,53,14512,139,64,601.7316156551151,-45.776518571553225,721.6830821851837,11510.78203370425,99.56381710622118,13,0.5186592021762764,-27,3,3,1
1023.6368782221168,58,56,12060,439,61,-31.53293821636214,-30.78267999959396,-9.9333703960518,-90939.05427882657,130.22468391397643,14,0.2318777220123343,3,0,0,1
924.2724600015181,55,58,29858,15,67,54.327404860038314,536.9152032312052,1.290055370124414,105995.97450096364,142.4283191298282,6,0.4599013566056077,14,0,0,1
237.00134245293654,55,54,-2159,-46,62,639.8981383243826,63.326765417509286,68.17323383022607,53854.97648336076,386.49155910885236,4,0.3234006783036081,-67,3,2,1
884.7974367808442,70,75,25950,241,60,225.4880962289107,-47.6294541935499,16.825978526280423,786.0802569338703,177.39052203953204,16,0.26043551556219385,7,0,3,1
859.8416958790212,54,58,-42057,1204,84,235.93512714376763,324.60868436256953,757.9689657104332,62427.578266767545,117.46952389008311,11,12.742318571741537,-46,0,3,1
809.8383428099369,56,58,822312,236,-22,-43.22092220243337,-86.37749610054912,723.8344900890767,343235.6683766701,116.94460568211996,9,0.4719127342318872,5,0,2,1
32.116326908635294,93,55,1815,318,62,62.26156690269185,-110.30454795577698,652.4200527464261,-72598.84309079744,133.080072295459,7,0.5524241532695239,-31,0,3,1
232.41188704669514,55,59,-5234,344,58,707.7873289210387,-46.64494510036402,23.013118638605523,-116431.9163867688,165.28876865547556,9,-0.1889375160561737,-18,0,0,1
1311.387066116695,60,54,53938,2166,56,108.81691468786559,-87.26703517522748,6.219806758807529,23004.351775988252,129.8714796918109,10,1.0625791751607896,-50,0,1,1
1177.7500333330058,77,58,-3175,-15,64,140.43216402494176,178.91657094257408,-4.200333890178353,-3754.8400411175735,27.658158783247856,2,0.6909350410272723,-3,3,2,1
245.77394254757584,57,56,-25854,201,61,50.494631710753936,64.05373472014487,63.41693683912782,21594.23304512056,391.7039613197442,2,0.8456893407894808,0,0,2,1
224.55157934717823,81,53,25407,2129,69,135.49193990462356,105.99640012648355,1.753031209654106,-11634.236034177162,782.4489222521878,10,0.43730465864106854,-47,3,2,1
194.4277717210648,54,57,32751,608,12,46.223212726028464,-58.899073968964935,38.720294800336454,113700.97900734341,630.7081443347661,3,0.9912148734571292,-6,3,2,1
519.8075426748744,56,75,4306,-33,59,65.88292739425154,-36.36886672963597,34.887199675948914,-9844.695683366228,116.18529792025451,13,0.2775412920561824,-44,0,0,1
121.37289048545462,57,55,-21321,1824,-9,-24.646318231466395,-82.4373763374926,743.1839450119728,1333.032000716079,75.12498953974371,8,-0.001852685607203669,3,0,0,1
670.7928716433175,55,87,13874,7370,49,833.9131202387164,-82.39367658265529,564.6365750787968,-24424.523569299847,82.03757697506099,20,0.9387239758122163,-50,4,3,1
502.9407142841401,115,53,-11359,198,51,29.54951522954326,-27.896408503207077,46.74490456712606,-7796.1950713963215,157.67925533505485,10,-0.08544532694099766,19,0,3,1
141.95743986332886,71,55,-26954,1673,64,811.4166448578635,135.76177102877796,49.28931020634778,-2496.575153901378,115.95444734703185,6,0.3481034570278999,-20,0,2,1
2107.7140287126044,53,77,72816,-13,64,352.6378928011199,68.95794651941439,604.3879707712586,-13927.943870923687,67.07119005171478,20,-0.3494474431845107,-25,3,0,1
1108.1436705338247,52,57,48921,111,-3,534.6757173302121,24.817358509280634,647.3569458044311,241474.72932723537,963.771818439039,5,1.085951829575614,-59,3,3,1
519.6784163497715,69,56,-49916,217,59,92.10729553953757,-108.40094651050954,464.51812407317715,2689.8017400887184,838.1068825118086,9,0.6354631993418679,-12,0,0,1
317.5785180014261,64,55,18010,110,70,475.4550629767864,391.29791723909113,427.49480168025434,-15063.889499398401,58.516879024087146,6,1.9206414566780001,-7,3,0,1
854.3668059893469,62,113,-26519,110,60,169.0468471215442,-88.84116944786626,679.36787248718,-31612.359393117295,289.7116569080707,6,1.1650265789204013,-55,3,7,1
885.2369462646839,75,57,20833,2046,64,371.24161788077265,-15.101772739528945,201.50071831341884,-97693.53241879436,189.52469221555987,7,0.36884187400999224,12,0,0,1
605.9823117161135,51,54,-5000,983,51,177.55487007558798,-47.78665156552206,337.5762853160467,-5672.344373063415,193.58813221042712,14,0.33708101601497054,-71,3,0,1
334.49476618740243,91,57,2191,217,-15,68.38362976617668,177.40230055376213,3.412270542997078,-78275.19676196843,156.36847416113278,-5,-0.1838479508806975,31,3,0,1
44.177446664721565,51,55,46376,60,47,558.7231211883129,479.2648553289941,620.6020036109132,707.491070797696,170.49470468489335,15,0.46215240882829645,-61,3,7,1
234.81330814455538,53,49,-48586,60,54,312.5681999165631,-41.31520828533403,693.1136626659454,-28511.684947043876,312.1706916114772,11,0.35686840027341704,-35,3,0,1
763.9885479038846,96,55,55708,383,57,17.266004545304952,-62.39119193892916,-27.02829588440008,-21708.80346025632,181.87107934366153,4,2.212160366125603,4154,0,1,1
531.5357093082282,101,53,24462,1605,113,96.07370387532774,-105.94787873445662,2.788830165324371,-22343.30171768085,134.70337042715624,8,0.6929424661865328,36,4,3,1
1122.8840462324088,70,240,11399,124,264,-49.9110703032909,-27.75419353688102,-17.318757865414163,15492.843799641227,358.12971462119265,-6,0.670679646273792,10,0,0,1
961.2009566974968,80,54,-22605,411,59,-29.737470809735782,-101.80224923558484,-43.071336841862895,-43736.177640787784,256.80829593109513,8,-0.2238883572404397,-56,3,0,1
93.01162027878924,54,54,-12859,235,60,342.9548054520607,474.19638551209914,668.6027154892276,18164.689086303737,107.18891534129976,9,-0.09246660846633709,-57,3,2,1
43.28197231430702,51,57,-5231,243,56,233.62681866189502,324.36702930681497,788.9808443123491,1000140.9902045068,98.16880892635237,17,0.4457410341341744,-25,6,2,1
179.77858164682692,69,51,-45608,418,158,122.0916370987448,-73.43222607306599,568.5972143189114,-31233.672936472816,372.37109190516503,6,0.930949993980287,-20,3,0,1
1287.4223665519903,63,55,1206,341,51,-6.3968498139599745,-54.27835431612025,60.15143331208429,-12737.60078480292,308.0705265707925,3,-0.5216759900870571,-38,0,2,1
376.7784784396057,68,52,-7001,2335,53,249.86520741258903,-74.98313440184482,730.3297429607297,235318.89159677265,255.2732717121099,8,0.05958198184748842,-20,0,2,1
159.06901024656753,53,66,-27674,1844,60,39.916208872749564,-95.85480433998958,35.08129485448405,-105320.25278206868,61.81253642628094,16,0.27142025885774823,-4,3,0,1
48.137137219103046,54,52,-34783,491,59,32.64234997717584,-71.50026308394887,664.8179365426944,-45064.50363653597,232.00197884917682,16,0.7368823754845679,-3,3,0,1
517.3484591551702,61,83,49429,1655,-8,-11.740736964145782,-33.97785054778259,23.789136951959836,-26563.97136766518,161.3530476832683,15,-0.2825278581457617,2,0,7,1
229.34690838230443,54,50,27326,526,51,124.40312706746707,-103.5572612260582,47.667913667461114,-59393.976891677616,120.36714213641442,14,-0.47986341017430867,-52,0,0,1
534.4467155220032,59,59,58721,141,58,-27.796807722009248,268.01580524059784,2.601807022876657,28918.077638247123,116.73206309297333,2,0.5032876700350466,2706,0,2,1
439.34042013619865,50,57,-26480,51,113,120.81073588274921,-86.99994968127183,62.73399384259346,41066.64180159649,98.92480348275788,5,0.19319216192959254,23,3,2,1
882.09234585438,53,53,20416,1059,-8,209.9813940945383,460.53580981102675,37.49552921555528,99871.73639640317,417.26335247493887,13,0.49119628929705067,-20,3,2,1
597.0138449439584,53,56,52961,-24,69,819.9166876572647,5.447201044504494,17.226269471304974,38769.98647873541,1387.4900733347538,12,0.7201383863738395,8,0,0,1
217.70707918864278,57,51,-43252,372,78,272.33131008070643,-59.474196865642234,588.895376531306,-341539.0978026396,165.72045821783794,9,4.062386772108181,-65,3,1,1
777.9185619993873,57,68,31833,6,62,189.79989380522167,-127.90861309445921,458.7013617135146,-7613.243145042374,400.14658605113686,4,0.38885083509071955,20,0,2,1
773.8486047666045,56,85,34417,70,64,0.9852385490530651,-33.465012354363864,11.123250677650788,-47699.82278276952,124.38457649710824,-3,0.16460574453416862,25,0,2,1
1093.4719884700896,57,59,-38477,1808,66,112.58271781577926,-54.3950927626309,60.16476246440607,44125.31543667898,271.08998363601745,24,0.9932638473339283,21,3,1,1
276.9187646902173,50,54,24554,1362,55,79.11552847728554,454.5544915013242,659.1542558380004,-5765.312285374601,96.6413900537078,18,0.033161078016059276,7,3,2,1
433.0775584248546,53,56,-17633,2077,62,128.16292569411584,-19.582967400165728,42.476388753415094,-17078.47095635598,87.69182377599074,2,4.270500634622483,-31,0,0,1
-38.376718632677125,57,52,-38826,-190,51,-46.90063787976152,-78.21778219569724,2.7442710931218164,-49303.04279569632,268.6941762378986,12,0.22410457767032088,-14,0,0,1
62.75569728550559,52,58,57336,-65,62,-7.3959543096665215,-87.84265962883198,446.3898526741681,31074.49953430484,35.572813737600036,7,0.7855199970921569,-10,3,0,1
-70.15284222190854,58,54,18231,2070,59,64.48514976935334,-21.331954277295566,479.4582235840117,26754.524212810138,58.165051480090526,11,1.41014144776002,19,4,3,1
976.4444492587612,56,50,15601,2275,120,126.85215473767377,-50.96072671508851,2.9587213567746335,-53652.55871205234,89.51423872979996,-1,-0.60478067982387,8,3,0,1
247.26644071625577,58,55,20015,255,53,267.62800758405297,-48.652124481317074,46.22818273120752,13097.350856565718,163.78490745057394,5,0.23743797698877422,-36,0,0,1
132.52299677321662,55,84,44351,416,60,552.9041325323086,-12.973214438785723,326.65263789036834,-26134.862660310304,466.9419943009818,13,0.3615309883978967,-47,3,0,1
484.462204374253,52,81,47836,407,50,-4.54184274343794,-27.47896738818376,188.60932090750478,-35312.35936552583,390.4654930089564,12,0.15666114108504242,184,3,0,1
734.9484898115782,61,53,-4294,185,59,432.5698205448655,-78.17291642817446,30.986754550126804,-34923.779822002754,356.03418278966257,14,0.4948990006231602,-44,3,7,1
224.64383494207365,66,74,44428,147,71,71.90278111775268,-35.25908566459981,588.0568051099369,6795.408685562556,494.8467480289597,5,0.19910744827216864,13,0,0,1
204.64117896607445,58,78,9831,387,68,80.80448387600313,-59.54732986716514,5.604216173287443,13889.846795962061,165.9185383439271,12,-0.06511495126695191,-39,3,0,1
391.5719047844789,51,27,-6183,167,69,227.61670402852167,-34.585433179954116,20.36762245666422,44667.19577349866,155.90089551669152,14,0.4059524149185919,14,3,0,1
1251.2999290768025,56,55,14074,104,72,89.5163163232146,-117.03332423411382,624.4420587204804,-113208.2481919576,114.52134005773028,5,0.004428606468863283,-16,0,0,1
2118.384449047655,74,54,19767,4085,222,487.54776520004384,42.35545193080985,-35.103120235715785,-9603.542010576313,366.68311569383593,9,0.5937560181965506,6,3,3,1
419.40783136494235,52,51,-3867,829,50,113.18903819373205,-42.06414852156288,12.708956522085433,33612.654706082416,286.9711329222633,11,0.15329831191495896,-31,3,0,1
50.83315883860898,65,53,56875,440,62,177.67420911160187,-45.83157837645124,607.086213257705,84967.51039698103,320.32884296967507,8,0.8667200903438621,35,3,0,1
363.8365327433285,53,201,-23138,224,-37,66.30407087590072,-103.08239398627516,56.482780757219885,-35603.97794552694,302.3048527115157,3,0.24317019829251552,-23,0,0,1
360.93956061842573,53,52,10375,-47,97,258.2739420515292,-32.01131442517882,5.330066564691723,-50522.70065083394,229.85143166016314,18,-0.19445689818674777,24,0,0,1
158.42472219118218,53,58,1217,186,64,103.06386976885457,-15.041997442152896,32.87176039282717,-178369.47794016812,301.6618771374141,-2,0.8606276051245723,10,0,7,1
542.605792214465,52,50,2426,1172,51,48.91416488779163,175.8841073278062,6.358225225063009,-30133.4330604555,102.69117009554913,20,-0.11404815416984793,-43,3,2,1
337.017158535138,56,85,2740,553,33,460.6030116510797,-62.75625679295559,28.03546278561488,17479.420566606685,67.80760824455794,5,1.313822822862023,0,0,0,1
918.4438687030176,56,53,33000,323,67,103.25302846397531,-1.9818965992070297,43.8275859486591,-8960.677705857435,128.86879909209807,11,0.37870453707874174,-9,3,0,1
48.58732749374864,53,58,-37816,-19,57,44.58414507688197,454.382964065922,50.537408233237905,-30378.84537333037,282.4434444112953,4,0.8862272894227327,12,3,0,1
96.5973789856771,94,58,13949,1060,59,60.29630016315963,-36.8543566879286,12.607348722924517,269815.50214544684,140.70353228351655,10,0.057954633525275745,-23,0,0,1
1711.618437179142,54,56,-17440,2383,-39,332.3850342236868,14.622223174492225,52.088170031648886,103503.84469744714,83.02945753453844,19,0.35809849577568004,-22,6,0,1
1028.6703088979075,55,110,24769,-50,49,150.02709140905728,45.79947921339774,45.57046128726351,-38527.03179362056,81.11216197868733,10,2.721637887109936,-11,3,3,1
384.782991050991,55,56,-15103,543,63,241.2304324601788,4.713478452694232,-6.440842053075044,-10041.390965978384,448.3447502091835,0,1.1394532287212347,25,3,3,1
1158.8775373036535,55,53,-21640,3335,53,315.4843520941395,-119.09803882581923,-27.526453262011984,-18487.057280375462,185.62290727800246,9,0.5980759356255463,-55,3,0,1
1141.295848411741,56,65,25477,1914,-21,354.3376262779423,127.2182100919633,33.869143901325565,30746.932603267014,-179.72612862252095,7,0.5976270367406906,-25,0,0,1
125.87029687289166,54,54,-16028,345,52,314.32588820312964,-32.85320987858368,759.446089097425,46862.10259727499,353.5862408628826,2,0.31919662684959926,-1,0,3,1
51.62360331089264,53,82,6738,88,65,-55.93374430391316,-14.34380662201601,7.564880408851645,21248.362209335606,97.41643503353116,-1,-0.5590676726283282,0,0,0,1
313.8853958183962,54,57,-1500,1717,63,279.5605999868865,-93.42125012917302,475.62659716839545,6265.433405475691,99.58719860824249,12,-0.43803330734375157,-24,3,0,1
434.66773229066894,50,141,-26967,721,68,206.43531614076235,-73.37766353828384,592.5117875757039,25698.029111204054,131.4269901904694,11,0.6580847338119822,-17,3,3,1
218.01030904736672,57,54,50451,390,67,-48.28076421281759,-95.70106649814036,62.258791313772086,-28281.423833950772,100.05312432109558,11,0.12024029558621493,-3,4,2,1
86.70898972086495,72,56,-48625,135,51,438.17345086488416,445.7260739915129,480.00259623289696,80817.88112979227,141.1340691073588,4,-0.38251767091286926,-27,3,0,1
518.5265270792169,62,57,19787,1349,59,107.78359107838591,-26.46016809105992,-39.07373232227534,522950.54399773,50.448221507473534,1,1.6257881836409545,17,6,2,1
631.7319541868922,60,56,-6514,10,91,66.18151836863643,-34.346850694622496,-1.5268959008089542,-24285.2314228815,103.77265358922307,1,-0.09073699538485486,-14,3,3,1
864.7159678416114,66,53,18474,-69,62,132.33708848049355,175.8128332444856,627.4766427617171,-36566.28392707746,63.26606260618425,0,0.11726137985034635,40,0,7,1
980.8659564567815,56,57,20100,1318,258,417.8202385298481,237.45836804635178,684.6023852334275,313060.00777098036,88.9360653903574,6,0.07209749000697063,312,0,3,1
470.26943143930134,52,86,2917,-28,2,-20.485428003675565,46.76897801583978,45.360885683654324,-13948.397973247045,9.502978641679249,4,0.7602342728074432,24,3,7,1
502.12137806413216,54,54,5207,231,69,94.27298442095423,-18.604897097618036,-17.418506754159207,-4700.176948789143,139.25778158191144,-1,0.6335089309189861,-11,0,1,1
506.75307871296343,55,55,-8236,1882,11,1081.3880333506304,154.0001459357885,712.6769514836013,-23757.388773312516,96.04619283502889,13,0.9056989100798574,-23,3,2,1
249.98684168060663,58,55,29837,487,66,1.8127345184622783,158.74478944472582,470.41514086867966,38895.41426734371,328.76559589408544,8,1.149610386237795,-161,6,0,1
11.4167887420775,54,77,46173,515,-11,100.23969450921885,-67.89090511054677,-17.48343560991559,-17583.226509833527,47.04510244298301,24,0.2006396589449513,-30,0,0,1
242.05448150671293,58,56,-23876,2098,58,442.72568201391226,-25.93658552716748,17.917433311206317,-112942.66949447188,165.28611074882406,0,-0.1577584155344079,-21,0,0,1
2001.430174419364,57,58,16156,-23,2,74.37723760950314,-34.24333706110704,361.4907377317842,6151.039121538764,38.398080820577604,-8,0.1490370379568653,50,0,1,1
476.96525353255106,53,54,44824,329,57,207.65457993719957,-34.11979544499399,71.28278164871185,66224.90220735357,376.8663541458281,18,1.0931104400640343,-29,0,2,1
292.1955634700577,57,55,-1736,152,-39,-13.033103800886309,21.997100306208438,-26.09892572244635,-31361.03432987955,103.85337740812261,15,0.46914321058602426,-24,3,2,1
273.40095037204475,52,57,33354,112,63,143.2911858798093,-98.36777601775886,755.9064635233078,41551.85104188078,261.20582605395526,16,-0.18969588772018597,64,0,0,1
127.01075592938233,65,56,-20844,-24,53,62.76563597832886,110.20175950980251,520.2517383836532,42954.58072605359,128.39961615869726,7,1.1255310110084447,-11,3,7,1
222.25770373248497,69,60,-13373,-42,-34,712.7301779925274,-113.79381519619767,2.5666592067300633,26854.443362188347,316.6085999394949,1,0.07081074339966593,-6,0,0,1
44.37867209516105,54,53,-7898,37,62,256.5058756607679,20.00082566342803,-18.55583094072615,-14860.258407834664,89.97725982380135,1,-0.4813742900644511,-19,3,1,1
111.93977477171192,56,94,-5749,-29,145,411.30950931083964,-25.408439652599718,48.198324486269314,188.03424614807045,346.87027477835227,-5,-0.19448746219915652,-240,0,0,1
1659.8764569501407,85,56,13384,35,55,409.78538505320284,-18.14681058083977,16.416238173521396,156903.02637021412,290.78498594312236,0,0.3888417665229059,-6,3,0,1
693.7350283499208,54,53,63326,136,-7,447.4874202077537,-67.39074568383612,477.8649797592914,-20874.422739344125,37.82664515523988,2,0.7423847902454291,-13,3,0,1
1539.0149125011337,56,55,163,309,49,269.0954717213798,-21.894381782178613,624.5496107086943,17420.49944333989,145.35677424623464,15,-0.24926696759247619,-24,0,0,1
976.550755901438,52,67,-1871,223,55,387.5311418494605,214.19451613628877,558.393714124719,140843.7194135149,131.51390080106017,11,0.31135294139536507,-32,6,1,1
1008.7623762522285,55,55,-10770,-125,63,315.4640496900764,12.073442421940776,305.54660076842623,140238.87809736893,413.84823158219,3,0.643673739291361,9,0,3,1
-63.29113305208821,71,73,-25014,173,63,45.45992978489404,-476.1804507407519,357.6465502291463,8583.359075982286,376.29732266917904,7,0.35011505912820234,-36,3,0,1
916.8297845683962,58,84,22591,-81,12,-53.40226583444735,23.65662414908067,17.674830684266766,-32204.628108948993,127.29387192454479,12,0.7324939683748743,50,0,0,1
215.48033841744473,56,54,20652,157,57,134.74204320236947,42.70114559005681,176.44411958321064,56643.92610580021,94.96756824301912,12,-0.4684573385975537,793,0,2,1
1495.1400844102468,54,196,263,1758,151,83.67671422989542,233.71264724683553,553.8248104552828,5939.607267110841,194.57632032399295,4,1.2213029318138529,-52,0,0,1
612.2378773209368,56,228,-20984,236,51,651.9485808165647,-20.22334199571062,197.73987039306155,-12600.854511035324,87.71624191667327,-2,0.345497627266671,-6,3,1,1
1048.4055321016049,56,66,-22658,315,64,58.621011129860655,-15.953639407981285,503.46249247912925,64053.11485776448,188.9923913414694,9,0.14541304851109715,-50,0,0,1
77.11955078988836,54,51,-4683,427,57,902.8133625443759,-2.30646716157837,174.8957198243116,21704.661481362535,394.83454105509065,2,-0.049362926490270936,-25,0,0,1
186.1873327791369,54,78,-29232,-79,65,52.280816934447785,197.90978382373763,-0.8318433205561213,-14578.165553780389,131.5640889803871,9,2.1839765221906093,-37,3,7,1
793.78630507255,107,57,-20947,1525,65,627.1007231752325,-113.65901212668481,677.8900404314313,4420.202673603939,83.259503209925,-8,1.08309365205015,-13,3,3,1
529.9580832097577,57,58,53109,393,59,351.4139796355276,-102.80814094375292,610.9385504251422,-10284.734766856638,116.13486560999894,6,-0.33305731461623955,-53,0,2,1
261.8667817180648,62,52,38263,289,111,486.9657555261589,632.6013334634315,633.4840094064996,222550.49702898628,109.70105380156366,10,1.1628945935098658,-35,3,0,1
159.8863101189976,56,55,40001,15,61,31.61753468848785,109.47555414139873,340.33748701256724,-13860.245922699169,105.18012431843424,2,0.7714527582329014,24,0,2,1
456.0102452047036,61,54,44135,1915,57,45.31052321417258,-53.72015146381638,72.74633079834103,-42985.95349918164,75.93365213175117,19,1.023000362322342,13,0,3,1
322.50325825331504,61,56,6806,1845,66,126.62531895376155,-41.96496456750452,638.3925253211088,39701.623406956074,111.14369871721965,13,0.8478022059167178,-18,0,2,1
1840.7867993226375,75,55,54803,172,52,752.5589885545965,-20.201670020962723,764.5478599023744,-53787.71847155142,401.11461231970065,20,1.4503358313454955,-33,0,0,1
226.22683842271857,67,58,-34066,-14,57,5.4770147684423165,-102.19093442011486,-27.05680497502773,-36004.08193602106,104.52814152806243,-2,-0.3492499733799733,-22,0,3,1
194.43833225565075,54,54,917386,176,55,66.47373593902984,-22.195982537667767,132.53424452306473,225.22165307564865,81.22751154799937,5,0.14968537017871747,-1,6,0,1
944.7371156101779,54,56,-8610,2920,-9,155.23120217438063,-94.0906014259954,729.7930138105789,-9356.191306824869,148.29191451182948,-3,5.021672186637306,1,0,3,1
1797.5566120451615,56,55,25672,291,49,100.49634332286612,424.40327859678666,628.1351341585855,109686.05642886429,173.40587606578146,17,0.7231046497898627,-34,0,0,1
1069.4385405898165,59,62,-10224,18,57,144.20684439716604,-40.052343671170014,37.95206424855849,-48611.068801146874,166.63130520582786,-7,0.440801166075807,-50,0,0,1
298.02073943131217,52,53,26783,173,55,63.32372641320404,-27.61109120060683,641.5102905081162,231.72427647163386,170.07174509769294,18,0.5479667953553184,12,3,2,1
1461.1278613503064,55,81,17728,241,52,-24.800117949035553,-97.62906411339598,15.348239201184878,-27039.362264541727,74.42830778556889,7,2.232326050572107,-50,6,2,1
160.00531811015074,69,94,32738,1855,55,-1.8211523322095786,-109.16570508059651,705.4088078994521,-29980.517944790903,181.77503672868264,5,-0.13663969389752118,-29,0,0,1
1145.10397914144,61,56,2808,3385,-30,386.80871138052663,24.84429897516989,-22.42013879665931,4185.661735622185,154.24410188735845,15,1.4651242488793548,-31,3,3,1
873.407014555369,52,81,40352,1085,48,-17.879882638514758,-17.03739237872221,300.20271183076716,-29361.285243146755,116.03568420799567,17,0.6055781002489482,-15,0,0,1
745.9202617818813,56,98,-7240,5812,62,71.16637661823808,88.95595031587405,34.59130071910428,-9355.759872776498,902.5168839146309,15,1.0074080585669805,36,0,0,1
1396.2258877143358,46,57,24562,118,53,180.6067516247639,-85.40882248846674,76.66572871421728,-20354.551856748032,19.69512552246816,11,0.9593233865154451,-11,0,2,1
688.6728751171121,56,84,-33754,90,65,456.42689624171373,-95.5164377470115,34.25412919612332,-90635.28697792855,78.6047152376232,412,0.2977147937715567,-19,3,0,1
177.81153339390335,93,107,36898,1075,190,66.77077594076376,514.9360077157933,536.8891618487364,-17215.398732451336,183.51272600292612,4,0.3838400797397028,58,3,2,1
832.2637727625922,58,74,-12364,142,10,25.503346988567785,-76.18729970828004,18.13268909735139,-48684.698175719575,143.93956667199893,16,-0.4718662874655746,-45,3,2,1
654.1372531371878,55,53,-33720,310,-41,241.8481115480476,-72.1121453878981,604.7431196585761,-1340.3085248103325,68.81116016010864,12,-0.28334513377194653,-38,3,0,1
711.8976967527183,71,51,-10270,603,62,1.4376844480519253,330.8269337480857,428.7673866977384,57409.61487151056,145.49533019259337,8,0.6503230403235477,-13,3,0,1
917.8899913328366,86,71,17144,264,64,52.566577002195764,337.8712718597785,580.3952845752875,76157.10127978493,300.50293664817883,-1,1.0928172202111757,275,0,0,1
885.2583738741523,55,56,1556,-171,52,719.4584469365672,449.9691610622175,57.000042338990255,22836.143837391675,176.95698619786236,-1,0.9197577040965719,379,0,0,1
400.9199124442109,58,55,-14021,-70,59,216.3663739328284,-83.8831634785021,42.46997756409033,48255.11420526494,74.98257034759577,8,0.12294834248472447,-57,3,0,1
491.55418012252136,63,106,6529,1581,244,-6.460266002130368,-101.63100826965083,547.6181589083272,-29629.19006089434,256.30177420338106,-8,0.9538207799514108,14,0,0,1
321.1524400101904,59,55,19656,2319,57,241.856825954732,-46.513355545705565,-21.064310067962964,97829.4145549052,91.92714720279353,14,0.6998499831728311,-45,3,2,1
65.98356630648098,52,53,-26507,475,59,148.57749222717382,-61.79978344595727,-0.1437383617590906,278210.33810195845,150.86443407658317,0,0.33673182133075247,-54,3,0,1
1877.1359744521762,59,57,12692,256,50,2.298806579814709,-91.44815947202478,38.14206506927477,-43958.09448686587,177.81049729347217,-5,0.8888069667005305,91,0,3,1
1361.9678355182268,55,69,-45443,1813,60,229.31810019365088,-114.57670697826835,656.9608984250983,6337.359126088233,702.5940644864907,0,0.41611519040711376,-35,3,7,1
632.60416804389,54,57,37508,1858,79,51.886188384157684,204.7653604114023,692.7239040531717,33369.67390985969,81.19726455194954,3,0.36124402449090187,-70,3,0,1
924.2405783788947,69,58,-25105,1766,50,27.065591413399645,-50.485636561115605,747.9311421477514,-30356.944092446975,522.2668580670394,12,0.5741552776636294,-1,0,0,1
107.32493441576379,58,51,-32747,289,27,133.36374558250725,-57.40206800602133,6.458898749856596,-17413.05234735408,90.01815496659522,1,0.48121596178956527,-21,3,0,1
807.4267911033805,56,54,21089,370,52,-39.3081010752702,-96.52646194131486,476.4356224872089,1718.559885101702,149.7954306294034,4,4.302063844176814,-37,3,1,1
159.56943907982367,54,61,28085,2370,58,305.4425945336974,329.8311132513968,31.18449686848928,31272.097767450367,70.8389360960313,13,0.37656308452232,-34,0,0,1
458.94172412535596,56,59,596,14,93,45.588645871953474,-85.02414118573171,620.7657705181766,2739.1135936778846,76.45277360683764,5,0.2548663499793231,-31,3,0,1
994.9293891157984,55,55,19002,51,66,694.6143032334676,-91.57540917995011,-11.12728822029192,54642.93616892433,99.39170388375459,3,1.111327885099438,-21,3,0,1
1921.9420575072504,56,52,43026,304,59,94.33996156267105,-41.62176245133078,45.12662570308827,-13343.903260617242,195.06150909062518,11,0.6149950040780594,-31,3,3,1
961.0789412038162,54,56,41764,189,61,1044.1135768804822,-95.406549625028,-26.970324838473424,18169.429927104902,543.3866152443871,15,1.0655632790295249,5,3,3,1
8.977018008692951,73,101,-6140,9261,31,193.25092846752665,-50.34997612933401,29.849109086267106,23755.222648625044,110.94937233360446,-3,0.2181063632787701,-37,0,0,1
1442.7494692254163,56,55,9783,233,-29,41.53703764491755,-50.14201433743018,798.1717258791896,48247.88735821915,244.03123970108072,12,0.9018197502838967,-48,3,0,1
208.6340012121435,66,58,47035,-31,59,241.72927362421495,101.71808188249975,519.4916924504231,123993.05151046475,75.2722537212609,0,1.5175792418058551,-21,0,0,1
285.39317283950606,63,75,17221,167,65,134.53571008722017,-80.40231553556036,36.546789659398165,177720.73302625373,248.9817576259565,4,-0.2572384461849556,17,0,2,1
281.02058213249103,54,81,976,1581,54,601.8446521134691,78.08669836937418,707.927545510139,175336.56250567193,2700.3079686822402,12,1.0420279778113495,-36,3,0,1
635.5909892342798,69,53,368,948,58,134.06203123930817,17.223903446950196,452.9046997767734,28835.24118587166,87.54768993118337,11,0.40547409164166265,-53,0,0,1
168.65343012421388,53,69,46443,944,52,139.04297176029567,-61.51134963151018,52.86720321111841,18133.042945442758,109.8177832612937,17,-0.003921131262853539,-64,3,3,1
172.63438087372748,58,86,9914,334,53,197.1637001503816,4.582863062012715,38.883452260688564,-47212.91397376139,157.85284160316218,9,-0.2787309451378709,-3,0,2,1
763.127525868127,53,76,14559,476,52,48.020127148052154,-87.13030304060996,-190.02284384591343,-36407.466970253896,88.63044791335301,0,0.7078949145568663,-5,0,2,1
187.70338092716736,57,130,-1788,75,148,496.156009187201,-56.74102485160381,481.7190379794239,27152.815674996033,1461.9940436499728,316,0.7723048929515213,-6,0,2,1
333.9365251909324,56,57,-34742,1775,67,45.98354044842342,66.46858231171467,36.26337168282243,26297.593010596298,450.43431703044587,11,0.4445778195815982,-39,0,0,1
308.46732945596534,58,53,18378,1633,66,401.47978855670686,-75.17553506857115,725.8912124842631,67032.30015728218,20.402760128155094,0,-0.30423299096670264,-44,0,0,1
102.1607680773603,59,84,-24103,-90,55,-32.40458588108618,376.8597424705081,-3.7843254174376986,-126603.14418501826,193.59644367542575,-6,-0.664257478651026,10,0,0,1
75.32407207169456,55,85,-30276,275,52,53.28813158298131,-79.42055857525712,485.298396827244,-10760.59514975433,151.95057074246813,7,1.0435577170107355,-60,0,3,1
562.5429212790885,90,61,12967,650,54,216.6067958323763,-75.2713710229701,25.2318531968177,-228.97824202682204,69.91339719862243,8,0.35739688473494574,-12,3,0,1
763.4423575012088,55,126,-24812,1264,58,286.56578808924115,-31.1347472416264,537.7070708590547,81838.3011337817,354.17255731246667,6,0.7270311173064873,15,3,0,1
107.16530278112761,61,59,-5147,1663,62,164.9442415914511,48.76955144133623,-5.426081298366179,62457.970880277986,126.20298113004972,11,1.049067598781934,-14,3,1,1
1002.7292883622517,66,60,55174,202,95,368.0319370725462,15.08586486292046,560.4625068974976,-18975.25498256441,114.35115143134388,16,0.7019943579997916,-40,0,0,1
145.1277221285921,57,50,19268,199,10,89.25933183111528,-95.11560373913353,650.1553406728513,54243.165396741606,51.57556306874039,18,-0.02107653956850386,153,3,2,1
77.64429232058772,56,55,-18306,298,57,126.62672014217938,-21.00704184171957,15.100626936331977,-2335.634619842991,131.3234346230307,19,0.35730089061951953,-27,3,0,1
144.39048288735793,52,101,-12985,845,58,68.73150004614007,78.47353169734242,-16.26938141007483,692025.716650001,184.08397932678156,0,0.5586579578787243,-44,4,2,1
249.0607235732222,93,55,-17457,1458,50,200.37222774579158,-73.34809311363524,570.7775510938427,32656.684365786343,2130.8271233253317,9,1.3609416145518929,-48,3,2,1
181.92497131211334,65,67,5168,404,274,71.31015504027215,-119.68930393830772,417.1807445582491,48182.6056712041,133.49538122318188,18,0.8432706536975871,1,0,1,1
461.2898690974416,66,79,47388,123,69,33.8517170113669,-24.579976922540226,-11.940153183797584,32619.588920038164,355.828305205166,10,0.6972775183982398,-23,0,0,1
481.82164328325825,54,79,-4040,1792,59,-12.851174091227023,2.3579147365043696,641.3535642709696,-92532.18902973075,182.71641293174702,14,0.6017438968826389,-11,3,7,1
245.06909718838054,56,74,24813,475,59,50.407360464785484,-96.39129877964913,45.26850689600506,28822.42107145401,151.57427870962397,1,0.9043733479984719,5,0,0,1
89.26295975673366,142,53,-39179,866,52,201.95414042510254,576.5050938115745,703.8973923074212,49660.631930995165,196.9291942942035,19,0.7821624033007755,-7,4,2,1
364.17228962214074,51,73,3994,13,56,179.3815602332898,47.494002152406324,732.9705740743815,164293.06818050903,108.05602618164784,8,0.6165674607677167,-40,3,2,1
179.21906832592464,54,58,46793,1448,56,35.572039675713,-116.52022944287404,-37.31934497571697,318887.301760389,92.34725981954058,9,0.7801513253033414,3655,0,2,1
261.1644547950966,56,81,22434,579,59,227.8327648396645,-80.62985948168205,-15.320787071254031,-26111.880529611313,84.50581041516098,15,0.7029923447861097,-59,3,3,1
401.83705985278107,148,52,-26759,280,153,253.90419814987217,-84.595331447025,560.1371025405504,-250620.51469017135,261.26645055461677,15,1.2357387676716147,-17,3,0,1
610.1828303190894,57,57,35615,96,67,290.29028604641786,359.1571525282112,329.3901902662485,7416.839985403673,106.65414195321787,9,0.39835101016465874,-47,6,2,1
937.8421431763998,82,58,31803,2691,59,271.2041851663319,-95.73648834690445,615.4055565007476,-48209.35489661661,66.65624823817029,8,-0.3172393093144248,-26,0,2,1
316.9397310648028,54,53,57653,323,53,1058.6748435943666,-97.91064760331591,534.7727013233516,-11339.725517087032,20.86608759041067,17,1.0186160348608269,-44,0,0,1
1643.6348965867865,106,68,55147,364,44,68.72501883303775,-97.69981364781182,36.2949725173377,-42544.80120141429,214.34254159157973,8,0.6668159117908314,-36,0,2,1
630.5740476016499,52,56,51653,-307,63,0.7165293710300489,19.554793884600183,9.05733230629156,161163.53099222394,102.45208148016351,4,-0.04350011201960441,31,0,3,1
208.26690349377515,100,57,14341,217,44,389.93745315872985,425.4912512343425,573.9802437889147,-29189.545320586476,723.5380039605129,19,0.5314285203970319,-49,0,0,1
178.489958931545,54,54,-4642,456,58,-8.333277704208527,-59.6950619596905,10.152382184123368,-57806.42685138745,145.06252612610203,521,0.86018240505472,-57,3,0,1
689.5368809929826,96,83,-40339,-79,71,6.55792559027617,-78.83848675739173,422.9971847957495,869831.0245018331,250.1746198745766,0,0.05228203538211125,-2,3,0,1
335.73451097134193,57,56,-18678,176,309,-52.606255162327045,153.67798704760207,45.12494478029259,-68497.90364668662,134.66709954633185,15,1.0762629576268277,-64,3,0,1
460.76883358166367,55,66,-40891,-65,7,-14.522004592212284,66.41343677058978,-27.872183612071904,6785.960884394737,79.73009640917746,-9,0.446143457786618,29,0,0,1
232.061136486377,118,80,-9713,52,56,-18.560998500456677,309.58677347031016,33.04927766305621,-6935.8377373346975,34.90177674435626,-4,0.72868537654198,-46,0,0,1
805.2696366865141,53,73,-40801,507,69,94.79985783937536,-36.00105402953825,428.3575795497551,2318.408138140776,123.3328824834393,10,0.2709675020443844,-64,6,7,1
561.7195136208973,58,58,22805,2228,63,126.6659496055517,-122.64464882587507,501.3513621781848,-39376.728890964914,169.00358968426525,2,0.5508225554534945,-8,0,0,1
138.59840426875422,55,54,35521,58,1,295.3061611161566,-84.7052109953858,398.12012277296367,44293.57663864319,120.6832799546502,7,0.42985013987323006,-53,0,2,1
306.936574556436,53,52,-8619,393,82,77.58959019285672,-89.53777629121167,596.6805952119665,-11271.391100699826,104.44712126446385,14,0.6085068894568448,-47,3,0,1
332.46354270736543,85,54,2638,208,67,277.788218926957,47.95306391876527,-21.88180399470263,-64113.52409407029,162.79802377395703,8,1.2232743014667253,-7,3,2,1
1344.266605478421,55,54,3865,1805,-7,-21.199805479169044,27.54445643886754,504.36464474100967,-20819.935740549707,408.33927346310077,10,0.2873212621428458,-18,0,0,1
373.78346336895686,64,56,-22776,387,65,32.54819415419668,-94.71293497600048,21.787498456225624,-40567.59712382068,152.08759978069193,2,1.1206288235452888,-52,0,0,1
1224.633009301664,52,56,51099,361,52,89.3083551710522,515.6953244703803,757.275832445298,-91110.02377192675,103.84106990529227,17,0.7533098964112217,-10,0,0,1
608.4199735858983,53,53,59845,1000,54,410.2220110556042,-13.69225630929819,624.6423634844277,-43211.06478622835,165.6070272790007,17,0.37631670852846244,-29,0,0,1
248.72598287058338,53,54,-3442,452,65,379.18206175381874,41.22375178901048,626.1710172138814,-19503.46305681995,193.3348737445842,15,0.13490919398136686,13,3,0,1
665.5831412059177,53,71,7337,2054,67,560.0950885263449,-97.69347613663132,-16.2462340236865,-31213.543118308393,52.07265402198199,3,0.43992649397513583,-47,0,2,1
199.44017549260255,57,106,51546,414,62,-5.867614141460052,594.0002844590925,567.8876022043071,134430.79239165326,105.47747493094329,17,-0.036343213219800774,-33,0,0,1
151.51648134823878,57,52,38087,114,62,-61.04308004329084,-73.43129154819307,597.2936627128139,-34239.511206274605,177.41089351030058,12,-0.459825886264142,52,0,0,1
1294.0890292595,54,81,-14102,1597,53,181.4395709473905,-114.03092730523842,715.6205222087806,132018.48025699425,87.61220692106221,58,0.010991478354949596,1,3,3,1
1140.6596002774438,54,67,-8371,2605,53,224.8805252739905,-51.06705678365675,13.955928150787166,371132.5755011918,141.00161798293945,7,0.39064193726636565,-14,3,7,1
1082.238127136251,58,56,38253,367,63,170.2982047396743,353.88021830357326,543.2339986263131,31323.790561456124,143.72055736660005,6,0.5035065604068858,-25,0,3,1
124.65947352083151,58,52,-2960,549,56,52.46784003734614,-67.61822961459899,439.99060141034147,-33099.87019040664,769.2163438445757,14,0.2948258055134766,-17,3,0,1
826.5408526407441,114,76,19396,9,-32,-57.74049415977731,-102.2838639164228,734.0408847809837,39512.38267754005,67.45648005307115,0,-0.12880516364730105,-18,0,0,1
830.9573198821241,56,60,2343,1489,56,23.410493236110312,-112.52868285883287,554.5665128398601,-2830.149811988156,103.09455790811441,-2,-0.11942976235915048,-42,3,0,1
818.5389082871635,51,56,26568,303,-24,334.73025261209676,-2.377815777879478,61.29928254276185,-26949.738835123455,354.4660459852706,-1,0.6605877543754566,-54,0,1,1
413.4269266737595,52,52,-24530,1341,52,46.657572206801774,-29.133886620593906,741.2463525958589,28951.776570435097,1950.5347465169316,16,-0.16120783560298318,-44,0,0,1
233.47146077362984,75,83,27213,1301,57,109.66682087915706,33.25148514037732,93.20344702502959,-24859.175663702255,190.99676867489694,8,-0.010953398309742318,22,0,0,1
452.69524766435256,57,72,12532,139,66,626.4974990630083,747.5045742757654,-7.607049068260557,24033.46532082562,272.9496137156025,14,0.37780511302896813,11,0,0,1
417.52573035023886,52,56,17041,222,62,77.40701734233008,60.91623995723089,31.23612484432565,-10743.497775408585,109.43918024469662,13,-0.12397134882703575,-37,3,2,1
1223.8569598956947,54,71,249,1358,65,175.57449434911996,-73.4553577070764,566.6831506258737,60628.49445739251,126.8504053393398,18,0.2805274550885173,-25,0,0,1
-56.357656369402406,53,52,-49763,272,100,382.05012346781746,-49.87186377336382,-12.189725240136283,-20096.820786618227,131.64439227979852,8,-0.13941626762015857,-9,3,0,1
584.8758345741877,52,58,24907,1300,51,61.9024889883601,73.06626361235092,33.49166878452322,117282.09724728297,892.3535479039526,4,0.455192508062166,-719,0,0,1
777.6429455210667,55,55,-8696,230,62,257.7497047884886,59.27540428028411,777.0713989523724,-4311.069654748671,175.5134271679022,14,0.7417247318884997,-53,0,0,1
423.47526676721066,53,158,-11386,-167,12,296.3258808981186,33.03409236351743,51.501682189054264,207781.8230950405,112.0914002975776,9,0.9638785846648212,-215,3,0,1
491.56467570232894,57,79,18332,317,61,70.21998329533147,-54.29818081858469,519.9233660591169,-51971.702981197486,980.944455135362,9,0.2760009433359943,-17,3,0,1
1589.1137851766698,52,51,-4641,11,53,186.1231732514968,475.1574669993364,685.6699164859444,22502.889963623165,117.12124817576236,16,1.104195287706401,-27,3,0,1
1146.1140463258398,54,51,202,199,57,70.1113867693079,-86.96075965196805,191.05458766561165,14185.880514431778,135.4842846939905,-1,1.1383536059327677,-60,3,2,1
207.9348104550433,54,58,4160,132,-25,22.45173840897344,-31.268315895710003,672.6361359310191,73753.79814102431,730.6022148586285,-4,-0.4990811311143758,13,0,0,1
417.89517225839353,51,63,-13313,266,-14,270.92052033778333,646.5066723015624,636.1275187358428,-47288.29919665927,138.90630646752606,43,0.18410301387112193,-15,3,7,1
400.64599821475554,52,76,1221,320,57,76.38003404264236,-88.67202044586797,383.7242882839321,-25988.429906360114,108.13213262196874,16,0.24769158903353067,14,0,2,1
1824.4338850232416,143,53,-3667,1078,61,186.76435600081982,-63.24861422302077,-29.872569126364375,-231898.27851356636,55.68468308082403,9,0.6771018699190485,-55,3,2,1
-25.317652682326553,52,50,-7273,6160,331,248.66287161662177,21.45980997761103,616.7939444355432,14238.406002444866,138.00425186410845,11,1.1378255869261067,-21,3,0,1
944.9785970790572,66,54,16163,648,57,140.48158952940807,17.836630951370466,665.3742875342683,28151.633173203736,124.62497020339801,-3,0.555955775780296,-5,0,2,1
203.0994755600707,51,51,36469,2084,-18,172.2140600275747,-92.05921013457335,634.9854576184828,-25884.228209975918,95.74372975792147,17,0.20722675121022044,-8,3,2,1
346.4915813616055,53,53,-52297,128,72,368.11235456673535,-56.87917133194389,137.91617647936252,21148.11484366561,140.42052763454168,-4,0.32002335941971805,-15,0,0,1
129.68754728773217,99,56,-17774,1915,55,318.5160554134086,120.20871627490493,4.780580227903557,-23173.226641993242,334.2625392623797,-3,0.3567743737015563,-26,3,2,1
283.055299405033,64,52,-247111,307,56,90.81083241962466,-17.641071869165337,28.260076736743287,29082.57682794518,1076.813052155412,10,0.837171366861963,-37,3,0,1
187.25240636640257,58,57,28118,1700,70,18.13651435069636,-36.23925927547163,487.02260911550235,-49641.46368927813,172.17137387584415,5,0.37895342241360547,4,0,0,1
541.7909299465343,54,55,41000,1807,58,-10.972658562464062,-34.54058884648805,457.3704839021277,940778.4635268595,60.23061151232639,161,1.294660501302248,-57,0,1,1
830.8294192917564,52,61,60113,1061,53,187.0007739122646,49.788953174171965,57.251661574238376,-41016.63388270605,67.18382435278494,10,0.21840443514188132,-49,0,2,1
813.2763427834337,54,73,48697,1858,59,18.259558240602587,-5.535790735741967,694.9009160672147,-15419.075034644144,47.594888965389934,2,0.8315987875271634,16,0,2,1
527.450945862322,57,68,-13127,1721,58,588.2905827484287,49.28483045165599,744.545472560186,7585.999549870922,848.1486730602519,14,0.2215513489928233,0,0,0,1
1060.400628905436,177,55,47750,167,61,412.25743467480675,-38.011114147714245,60.445039634167834,-23574.843412172755,128.17950918190502,10,0.8711591268798483,-25,0,0,1
1.8857034832120547,56,65,21398,229,187,393.62542966618935,-92.4876426338818,-25.874023906863634,21297.335167412588,226.12462838964237,8,1.1288188668613401,-7,3,0,1
1198.6062786485593,65,55,62116,205,64,82.52424391400717,-36.59957434252927,57.05222805220684,296889.38481635,173.05955523446062,7,0.5124727697122292,5,0,0,1
289.25717396166226,55,52,-888,2154,64,236.71069110542305,-61.810766256619736,7.857994855399978,-43024.38843210871,146.26564615994485,9,0.48986005329980986,-3,0,0,1
1086.4305397278977,51,55,28982,-24,63,-25.110191002894425,-38.24558129415595,14.958856262803906,-42792.3994168553,410.8818590897254,15,0.8999345594161867,16,0,0,1
1688.7815491475465,55,53,40128,-25,59,1065.9356375854786,-76.32766705891697,47.58931125012513,-32981.942077981505,135.19848630611813,6,0.24389536065748826,0,0,0,1
1752.045149666108,71,76,59752,-41,271,179.33313486130882,-36.14017820488552,11.931424992682249,824809.3693246986,115.23428680557844,10,0.08876488505164669,58,0,2,1
480.3127594738419,63,57,12577,195,63,151.51515927799534,9.81959686861836,62.90430165037311,-99464.5362537842,108.62819381993997,8,1.6927624356063684,-18,0,3,1
47.62656783188997,62,54,7951,528,65,334.45485765260827,-85.85400784650625,577.8359816460357,-48286.620080100016,11.157312606017129,2,0.6469085021950496,-54,3,0,1
251.20010311630978,54,54,8218,245,61,1.542570497370093,16.562147843977368,340.20021111907096,-511.8169494262802,143.62221849163618,0,1.5618840690987619,15,3,2,1
196.1617625811823,107,257,7759,-227,50,76.09577684520337,177.03046512487236,474.5220739677843,-81573.59556708524,99.60707784100201,2,-0.18872812420187324,-33,0,0,1
961.0844695686255,72,52,-25095,365,-11,184.2120980293777,-46.37372001600161,19.590770107457914,14386.826078570593,72.49683290347039,10,0.6495674586882889,-5,0,0,1
951.2950864071645,51,67,18230,68,54,91.0176121020519,261.01829254410984,664.9180245002356,-64783.04449844186,79.52438397931968,12,0.4470355443962342,-32,0,0,1
1238.6532248033272,53,82,-4747,-126,65,179.16668585893095,-3.9138456561872843,504.8616217154721,-27283.87736044181,65.94830158543174,10,0.5925741106416685,-32,3,0,1
204.99038628369647,55,64,-353,-305,67,-9.627079239806989,65.60970794201148,580.8124939640453,26706.1971009337,99.04802627451811,-8,-0.4940627696414571,-40,4,3,1
33.728478516746705,54,54,23018,165,267,-11.956208943655781,364.31959239691037,29.321160536630572,13724.346883879858,84.3887748739847,5,1.212652867601621,-22,0,0,1
410.49202671199237,56,66,14317,193,67,52.28701850887366,-91.16650739312337,491.64573859963645,-37242.86168417053,109.86908379658117,14,0.8332665850028999,17,0,2,1
1400.8375555395573,52,55,-19085,224,52,14.285897550005458,432.68469859592784,788.4841135312535,85100.21709940082,167.82829566901785,8,0.7318292631846711,13,0,0,1
148.01086959739465,55,53,-9936,182,48,340.3419041314512,-88.23810082803962,32.06779609543995,6513.186481069732,181.40414994794833,1,1.4708376793453435,-21,0,3,1
99.91546932632475,187,58,-32044,166,52,51.14786151279225,7.057265494345922,444.064756500416,14577.821140748158,125.50601486238665,6,-0.24667549653815335,-5,0,2,1
984.1479138709431,54,57,-4777,9,57,64.87428301094087,-79.31354261687389,34.01823969712843,-7197.12549025123,413.6066656123984,10,-0.4794142843117024,-34,0,0,1
1857.4666823841394,57,76,23772,155,61,54.631363314956445,-4.357088016985275,699.582740811047,-36539.745866727484,136.52499465144217,-9,0.7229710194403289,-37,0,2,1
660.3677044464764,54,57,44923,463,51,65.45073483276468,-82.4498252376346,50.67024739802742,19131.800946989533,133.8797314122416,16,1.0793575914701847,5,0,0,1
537.4235156913367,72,59,26006,1162,65,179.75373730882222,-78.4279559822544,1.1438407890829692,184688.7743860115,168.15514476431716,539,1.5139661467290362,-53,3,3,1
231.10932598469688,57,100,23428,49,174,63.21347068276111,169.07798488296362,-16.17779681989325,-5952.9977924366085,102.23600449926448,11,0.9700567824349866,-50,3,3,1
388.82310087461985,52,75,26288,463,54,125.34504316532708,-9.013707344764754,643.9894531103042,-41618.40364038837,183.57726292331932,13,0.43969177529962367,-35,3,0,1
144.45450502088303,58,99,57287,1235,60,47.79798430508659,-43.48348603658197,682.7817231621929,-42006.654059690445,158.2396404437917,14,-0.023050917483647626,20,0,0,1
138.97823276144734,66,54,-908,75,49,4.460167641881753,-117.00427680044915,21.468664156005882,-50336.61385121965,93.33097094131718,1,1.4469988074189342,-36,3,3,1
-18.581691092430987,55,52,-27326,404,55,860.4237915708816,-54.72866670052678,669.4075331097432,-10799.223685164348,128.6761963095504,18,0.1512211975859481,-38,0,2,1
1759.694758771473,74,54,12395,1227,65,-33.12470576301379,102.68267973923773,52.53603571818443,-12497.170701293018,136.8187557458437,5,0.6408892004290856,-14,3,0,1
333.92372323213806,51,65,-15292,786,63,157.86552402577513,-34.24336706878645,18.119605400881284,-50127.237605974464,123.82590948272619,4,0.29082901911334397,-35,3,0,1
343.6471990802331,60,54,-27085,1685,117,58.95751984748881,42.49212709915677,646.3903216200965,-24719.234948966034,160.90640923156207,11,1.097507837519815,-40,3,0,1
549.2614654286306,54,73,4572,523,60,297.0211961967697,-106.66159852868593,337.0026634962596,-109579.97757023548,117.46887776912915,8,0.38126336837384195,-162,3,0,1
178.88997055230453,58,58,-19139,1565,72,43.29443443850681,140.39958668069426,493.6422103452556,3205.2720721488913,92.74994483790061,12,0.6703850946130332,24,0,2,1
593.014129215692,55,68,40443,188,2,82.17236217805917,31.06538497096809,20.26039808787138,245803.42508464964,471.4773142182619,11,0.44573336744564085,-32,0,0,1
1033.4113181719313,50,53,-8686,1966,-21,73.61999613143618,-99.43159112080252,39.55280137241192,592005.7331334064,107.22228051340224,19,-0.4064753074222899,-9,0,2,1
719.1686447560285,68,53,19745,149,55,129.19311509702882,17.476720825199873,5.536260082240089,3610.460288677792,111.35390462462087,583,0.6399686087664156,3134,3,0,1
797.2286310875728,54,53,278202,-172,50,22.605398506668905,-88.38820781404935,543.9939476495293,-70296.61152873289,19.312100615592428,10,0.7726075028973475,-2,3,7,1
541.9734283352278,54,74,-48125,268,56,201.86678533773994,-90.08839148743725,715.3680152475758,-13611.694215029636,100.06401109205558,12,0.2820811546094652,-15,0,0,1
827.4273030762929,57,55,32264,1152,52,58.905364761810915,1642.8467196312997,428.80331712405945,-37626.52856468883,309.817554372035,12,0.5366000415452064,-20,3,2,1
1010.4661102132279,54,54,11403,109,54,110.30080722396818,3.3021026180431603,650.5336133296698,-36450.92041519917,166.69809061715958,16,0.3911967354115278,-46,0,0,1
1966.3412200873279,54,59,19743,3208,109,-29.10105759044967,78.91624185680297,200.9940633330266,-41490.58728114672,108.65450672867568,13,0.7328839963844436,49,0,0,1
537.4548494795954,53,98,49625,339,56,56.90264262430379,-5.759019455787808,577.4313308817038,147142.51099391817,17.031323017259155,18,0.954025476727066,0,0,0,1
449.949421190438,57,57,8791,179,69,261.32488038620846,-6.926316591720292,53.45620320410919,-32852.6583928209,22.74237144471627,-1,0.0021129697293937044,24,0,0,1
-26.857581399952778,82,57,-12173,1818,65,122.39745918612718,419.3799267866141,-20.492325967472418,-39223.46348533986,548.2209975868445,3,0.6374944155949721,363,3,2,1
1802.4501251528409,57,57,-10091,311,136,14.965277479576628,-6.531404813713605,40.031481406650066,-59454.94715361973,85.35381755145136,11,-0.031191205800671362,-48,0,3,1
1875.7566868918932,56,57,-8678,-85,-8,781.4376325807125,-82.8316858185055,72.79648580557628,-5224.977435593459,104.79591093863434,3,4.713411229139958,33,0,2,1
72.24614504156912,57,50,-36075,384,68,115.58656536674927,488.98226163415274,-3.507530893529382,-42318.2136954351,114.34416708410012,7,0.2982485687201519,-38,0,0,1
628.7892040400309,80,83,-22498,-60,72,232.6499557707803,-52.87944345715371,7.13094626956179,-6456.185165802281,745.7460730766636,6,0.4300967917389846,23,3,2,1
792.4340423982147,53,54,-26717,100,55,81.24169205211467,344.4212772400997,680.2179068557783,-30954.81276009792,256.6516805194631,5,0.5239907497782855,51,3,0,1
956.7586280218018,64,91,23896,-163,64,26.730708706197674,37.941914775887,487.04612403334306,-41520.23750141006,166.36955279663968,3,0.38539102559172633,-10,3,1,1
551.6838348565528,54,58,34331,472,63,252.35802583329865,-85.58360436057062,690.2819511624633,20237.41844400671,119.60513169328689,13,0.630438561615015,-22,0,1,1
245.29106202335433,55,82,-28879,322,48,674.9231369625873,-105.55755598799333,506.19777063904894,-19808.60477025491,79.05947333716982,9,1.2854843864377852,-41,3,0,1
1194.6041370892365,59,52,25268,121,5,274.07407932381363,-102.3068069307341,689.147538145583,-43926.208157924484,-14.583514763235414,15,1.199132577893255,45,0,7,1
1224.7933318811401,53,88,43459,112,52,-1.2240876068620707,214.40951740186148,20.563280327951308,-45250.8923468711,143.94855362708577,18,0.5381801372527532,-14,0,0,1
441.48030290233197,58,57,11802,264,59,32.98489175036069,245.09093835034895,12.385748995356728,62833.32067040388,130.8855885558968,6,0.4266710271650212,-45,0,2,1
353.08900265621173,56,55,-13413,983,57,489.88679799870977,-14.025054334340856,96.61264861149624,-43285.717903652745,113.44403248783547,17,0.7426697837161198,-47,0,2,1
834.2347673144675,53,55,-28429,1001,53,51.44054123546271,-13.598842403308405,37.748726564865414,23586.91322119475,149.8496533935508,-6,0.6775110568752977,-54,3,0,1
657.2057306366703,100,55,-28031,837,67,-4.238192969615966,-55.38091790689928,498.8403048801937,-42101.542136471006,172.93332669536488,2,1.220471631987925,-26,3,1,1
861.3840473109004,53,57,2507,810,49,-55.590862553813224,-46.97426652140698,31.97225850944833,-31022.157383791062,134.3020742476223,10,-0.34735827330876,-18,0,0,1
270.0446193245506,54,74,18496,-67,56,362.22344328142606,-61.76219668409603,545.4992910949981,175143.0020792649,112.2918354611211,10,0.9377951179673201,-11,3,2,1
678.304078518981,55,54,-31238,4133,59,148.31092249826293,-104.1363408496057,30.519447732052143,-49026.147684523334,43.78831141885478,8,0.9208588949217987,-47,0,0,1
1934.5125878010274,97,207,-45426,-147,57,158.99055166605046,277.78561733492666,717.8210031232123,117222.39019914747,141.83563898681882,9,1.0743622251597922,-29,3,3,1
407.2924907629764,55,93,-8686,439,31,62.92405146843056,-52.289695050246735,44.370279840923864,-23840.715281972938,103.16639113939891,9,0.014079707280191645,19,3,0,1
1221.986684243438,63,101,3749,197,64,371.2022739350226,-76.90960169881936,50.888417811772364,14554.92545398654,64.65575313717916,10,1.3362232643428336,264,0,0,1
845.3411067335246,80,66,-11047,742,59,310.70016462062273,87.40608338426767,8.766552260552377,-30832.262388392417,115.84079063297489,6,1.1804012216501323,4,0,2,1
111.45856140174827,56,53,-13299,70,6,582.6190468855672,-20.9258483329194,467.00399141808407,28612.646478668088,67.14693121342819,6,-0.0970852957725809,-10,3,0,1
820.0827665102033,68,89,-46192,198,57,10.109875059117257,-48.59062588578087,34.66975663399477,-30766.592426176772,149.3624635097002,1,1.4729263405648778,-49,6,3,1
388.6395658699008,56,52,44005,220,63,10.031382189876652,-113.31706175942342,76.15002982519887,-69560.62069762046,94.52080818474131,5,-0.22071350781476023,-16,0,0,1
395.85620090697444,50,100,-24986,1638,68,135.26833063223523,-49.45738484497898,640.7772325018489,22559.31159566733,337.5814489454834,-4,-0.27282757522185275,8,6,7,1
202.9944146990601,53,54,21221,430,59,-31.356147533616905,-116.40393459263706,43.93544773160076,-34505.99050386504,75.59867329297151,5,0.25203462303909285,-19,3,0,1
258.49111098105203,77,51,26899,2051,-25,219.01675215351293,285.00388631041267,284.3133094656576,464569.60940061347,126.11683411695,20,0.5424901681791113,-11,3,1,1
696.5505559624364,67,52,-6884,320,-31,224.0239598584427,-69.12374061124842,47.0326893446649,3825.349364624899,1318.4938425790417,6,0.8660285711936885,-38,3,3,1
107.7703116492876,116,58,33195,287,70,159.80655299070332,-50.1368315825157,-12.490916276547154,26014.675471816445,111.08282017301813,15,1.1641850970159893,21,3,2,1
-14.417615182909799,58,53,63457,380,-31,420.3940673253549,-105.9755959278134,-6.937928063415058,-157954.61895672278,27.13835080464782,16,0.9089345811777041,-20,0,0,1
1983.6926011267778,53,81,5217,265,51,237.93358676096904,178.075813015528,48.34254457787734,-38671.24628316784,157.88819469854062,11,0.8460605806286288,-63,0,3,1
243.98819637611302,53,50,-8933,1926,13,365.04245940957867,-87.3689069599983,-6.43406567241628,-89501.42781377309,266.9124768144748,9,0.622800238765418,6,3,1,1
2125.726991238481,51,56,34762,381,-12,67.29682252852348,10.004064380691997,677.203423237463,-33280.172182775255,183.40265212311766,15,0.24559212823420035,-11,3,0,1
544.79149422856,113,68,47270,-21,52,108.36236322794562,57.5654324363992,20.421116411016904,-809.7663306197574,1846.3179462684318,12,-0.026771066632368445,-1,0,0,1
1579.859667083796,70,54,-21221,222,60,94.68306133050913,-56.18236211470881,751.6734469863258,48750.51188880883,126.0798179943435,-7,0.45493441783999283,-41,3,0,1
574.2040413801567,54,216,21473,-151,17,309.96902616550176,-17.805149573344075,20.714143148864313,665758.1551397279,393.1517472635637,4,0.5066472756867035,16,0,0,1
121.0328263584752,53,55,42889,286,62,242.27224959850258,391.36158737224355,40.93239948033536,40167.94402750655,117.55681629941938,15,1.3240522053092596,-32,0,2,1
1814.373191187704,53,57,5528,-9,162,111.51767935315652,11.892075471761622,583.3479911306572,-42795.35185472024,65.49045513785944,11,0.34265192957379276,-26,3,2,1
823.6135107324568,53,55,65441,222,50,114.89160294456195,428.79457708493896,5.421761031707426,-8842.935935822135,542.7258741788719,10,0.8093771975184412,-54,3,0,1
721.8265100548408,58,100,33246,191,54,14.053002765008443,-99.56780883805878,12.230182032323217,-86854.82973516337,32.05118654518519,8,0.38077534692126686,-22,0,2,1
1143.354283238888,56,53,-1537,112,259,37.41760660311819,-83.81733520350879,10.59989446563688,-28120.888655091054,86.88332994178215,7,0.13195099003113187,-28,3,0,1
691.5102972379898,54,56,26846,276,55,109.11929086495866,-64.89466404276088,18.724150312437846,-43967.982733682395,13.294284238393601,4,0.1755658546022401,-35,0,0,1
1116.9782439834078,56,62,20050,1482,72,238.03766397826683,-40.65243295711282,625.8016811461914,-28055.407455296277,178.63734121516416,17,1.4725740368452005,-23,0,0,1
453.06475867723873,54,53,-47796,-167,70,122.03183529557111,-40.2331742340798,33.57034059775444,-10090.091670563723,130.52977048078114,3,0.48246924200028524,1657,3,0,1
252.8984845544299,52,74,36708,695,59,149.667087842493,-78.92630637457803,393.0158762291104,-6819.349543376478,551.3267684422555,21,-0.23703223049296063,-27,0,3,1
956.0511428094667,58,54,13045,791,53,-15.779394460244177,-28.01305263986817,13.382050224513932,-37725.46911359893,97.98938737837959,20,0.9038237193907972,-25,0,0,1
822.4857970529554,53,57,20206,505,59,631.3538682761438,-15.759152806754543,570.0527440166728,-14069.280943568165,145.48172155684782,16,-0.4444769559929005,-38,3,0,1
513.7839421686093,56,69,29281,131,60,222.16711634103314,-37.63356181224372,-5.99155246557802,591200.88950701,187.52708446758174,2,1.4272614362542726,10,0,0,1
849.5743171390411,54,102,-3551,1977,50,66.40453407944597,271.5392588874808,291.9806502534743,-162537.18085854175,630.9013017527066,12,0.7419615507582445,-62,3,0,1
894.4265226276375,59,68,11413,-32,58,40.83182378939999,-71.08261498526983,40.137245891424634,-10731.811300602176,150.37084172146155,17,-0.3495353947527431,-18,0,3,1
415.17326313942874,55,76,-15659,96,37,729.8666022217692,-70.0701570988345,12.785989821123607,20108.021501994113,827.2577930114603,47,1.434568940749021,-12,3,0,1
113.427614229352,63,57,-7099,1443,51,91.49375649595257,70.69000071743238,598.4822014564345,-21305.585148991406,49.99167831523451,10,1.053512424062491,-38,3,0,1
1139.4367946216873,52,53,-5194,477,59,160.53475406444608,-77.95864444997275,41.79511639880306,26017.2216813548,409.4158561401167,11,1.1380327973946025,-32,3,2,1
117.0743752231804,66,67,33669,334,55,51.29980080526991,-46.430523083765294,-35.92752804979551,106912.58814418026,146.81708644741275,6,0.4585980871383005,-8,0,2,1
124.625583526412,69,59,28582,269,55,-75.39322387657785,-6.357560681591162,410.73196010936624,-274908.5844393233,156.1829199708101,14,1.239603219947445,13,0,0,1
-32.291337228929606,52,57,-11482,129,53,-34.247957860234976,-71.70088585483235,-3.3830269468230716,101048.868228709,25.18512716083638,8,0.8271801950158068,22,3,2,1
965.8237953932147,55,60,-2244,322,64,94.06385613260372,-100.685106199426,-29.012139702221084,11377.411727870829,167.428067791743,14,1.3980993605052743,1,0,0,1
151.60217741352352,99,75,17131,114,65,11.924206014302172,-27.661452660272197,1.653299669882873,3465.4205685469533,134.83488173927896,3,15.231127666483516,-5,0,3,1
420.3363817716535,64,55,14068,1270,-34,181.10206265530786,26.20742513378839,2.0521434213422145,89654.52484231367,690.9201993069522,-7,0.2511878316228294,-56,3,0,1
578.9504990802197,56,53,-27987,187,67,123.57279893468379,-51.659288344406626,591.8350449765775,2586.2003025686918,122.53821244834097,15,1.2634131118958156,40,3,0,1
1945.6295257126358,51,82,-10006,1831,-8,-0.33382233485987456,-57.528027383732216,-15.445108532458057,14994.055191908365,231.43199839362148,13,0.60563831583663,-6,3,0,1
0.5048876657160832,70,116,8007,-96,67,342.23486158414556,15.669934870723413,-4.399253368541479,943165.9904684171,1152.627238859984,1,0.43907230159109456,-47,3,2,1
1.605246306749308,90,54,-21061,147,57,806.0361641517744,-13.240051297683431,593.0197734751937,-109460.54231750734,123.4482114025788,4,-0.6017580833274583,-31,6,0,1
106.9649475179223,54,82,50045,73,59,5.588091255883796,-65.49783554605978,32.63702749208618,-13929.577391873552,1004.2381757085207,-4,-0.02779949341814897,10,0,2,1
132.693079175838,51,70,-20491,-128,60,144.76686595267125,-48.70361337236582,493.6838193251217,-12100.914819321091,108.43835724272643,3,0.6196504758178388,36,3,7,1
104.42908022736385,104,56,10179,38,58,223.63406348640075,-34.23821432155136,441.92456476677876,32795.694132953315,97.9460936033227,12,0.7676732447016142,27,4,3,1
680.1363212597892,53,58,8369,407,57,289.38509777311697,-33.04396012294269,584.3589301210204,-50677.765626482775,28.72812406957498,8,0.7354289464676598,-33,0,0,1
1940.134549848378,54,90,9994,43,-24,15.392446148457992,1350.7313852419597,713.4947552289989,144998.16770095128,91.32140353119271,13,0.9577004956602114,-23,3,0,1
235.23800915365354,61,59,-10497,-23,53,-82.49409093406393,381.80036247408214,641.4065211544356,32369.299630084184,120.21090312789745,-4,0.7549861051917398,-32,0,0,1
239.88404881625954,55,58,15509,219,143,316.5895469813591,-103.43218280045755,11.152921920745776,111190.98662853322,83.69228034804085,10,0.15134891427802888,10,0,0,1
1851.5738761621128,51,63,31487,957,63,472.153537110251,1.1043546463617808,444.2206678820395,-33918.887415640565,410.8396803665538,20,1.3448656787109876,-20,0,0,1
647.7366982578284,57,57,38981,141,50,594.0084148660563,655.6839702334648,195.79178861094007,-257484.82723661803,865.8325635031078,-2,1.2327589962975112,-2,0,0,1
168.6232318826414,59,73,-20764,2399,57,117.61447308996682,3.4714599832180113,726.5796519693204,-14232.364415109672,131.98295524449856,15,0.3594058306761103,-39,4,0,1
205.1948222210629,58,42,11205,315,63,278.35312588998204,-57.795095730442476,414.5293662446578,-78579.66069086223,78.20163488318231,14,0.556517606114255,-16,0,0,1
253.36348079505285,80,93,29404,225,72,468.5353317737166,-73.7161158674888,534.3706934401421,-47661.57930396745,122.12336608448285,6,0.5738545259971767,-32,0,2,1
307.7263016352162,65,53,-5118,794,289,302.69261637014125,-105.99230153178462,9.159695749645033,3942.1449025247966,256.84539083869765,17,-0.6043051068268008,1,0,0,1
1080.9570275435142,52,54,9823,-21,57,28.55847955716507,28.0314810504196,70.3830407350272,269.98980722612396,99.23238826154649,182,0.14728933283749063,8,3,0,1
725.9857836326197,55,79,12753,559,17,-23.01258211681457,-11.470236947640403,59.75201110085935,496414.4122263768,90.33480127053816,-6,-0.2316775974877079,-5,0,7,1
-114.39555775961682,56,57,24148,-7,59,317.79655007018584,-141.85848944647012,521.6407948799838,-39600.92056621763,150.20184438058402,7,0.5695629573050996,5,3,2,1
127.12693715320219,56,55,29131,1949,69,50.512414755323725,-27.10935422732171,55.78388698565488,62505.837230436824,130.4868254641937,0,0.5599639338610543,-45,3,2,1
948.5971404634831,56,56,-29005,985,120,13.469603372222707,-19.032210739165805,639.7702510123355,-29173.369833136247,150.31352418479037,0,0.6197977487238557,-10,0,0,1
182.9569678729154,56,51,4249,190,96,269.06237227764876,415.76729765873927,15.285662095211457,33031.71556884759,37.141294380180895,5,0.15115511234897594,-21,3,0,1
457.574231182685,79,79,10292,1462,50,368.97410012185867,213.9822320349159,45.557522808129725,-50433.34249176209,802.2061933820225,6,0.2897318971088525,-6,0,0,1
964.6918543872345,72,55,-24860,77,62,277.05184884301656,-50.463563769507076,79.56908847686867,-21251.374075066313,2147.0297409402683,9,0.5858897423630152,-10,0,2,1
814.9560186990939,68,57,6025,1097,57,-19.04550914977216,89.38284785273385,66.38964623308388,-237.04601053184888,24.672290680483854,6,0.49279493837730326,2546,0,1,1
1319.9028876429006,55,52,614135,479,63,658.5926820760784,0.48808236042080466,13.545986678442873,-248381.39785385737,128.78015570258535,13,0.4718213815137367,-20,3,0,1
924.1468871437017,52,54,-17019,169,-10,531.2920019928349,53.42747794572915,674.6221939273089,27553.085752259794,147.23493038285,14,0.9249450959953911,-46,3,2,1
1128.7879159706924,53,73,-6372,-117,73,58.04223669765696,-46.71313929091113,606.8330620521759,35435.01857883962,313.18027807231834,0,1.2101862913953287,32,6,2,1
636.6767660580774,68,54,15346,241,71,-28.06393911710768,-107.06802253855602,54.79337624100308,37895.181559383855,154.74025669944518,10,-0.16454986040414205,-42,3,0,1
97.01282530912232,53,57,24652,1719,50,83.36798207621077,-95.51583759342338,516.9898685541243,-30350.192205854197,102.31095177656714,16,1.701906911779211,-38,0,3,1
1036.9663477110266,55,53,-3392,1621,56,561.9557751028705,-60.81168200486541,765.7694207693659,-52141.085793527884,182.11456594770337,16,0.8246568969819221,-60,0,0,1
-70.69067882902846,90,55,-11896,513,58,-5.408724695841329,22.468750680347284,23.6838942215087,-41882.656509424916,266.21026631596726,7,-0.16878983364924383,-6,3,0,1
14.213369619430438,54,67,-8116,1564,61,-43.41169809955056,48.21845183542882,9.607465695547333,14034.578119281607,246.69161309792838,15,0.8488939916010948,4657,0,0,1
1102.6276925868024,60,56,41658,1518,54,296.99212052986167,-76.3558571303129,771.1163173362604,6116.98559785125,922.9136658268623,2,0.198232877759437,-55,0,0,1
-9.37568209714857,56,90,2584,2784,65,45.43365005960687,-120.19591072927926,545.7900575408,-42321.02184407564,128.8164375968351,15,1.4191118265335187,-56,0,0,1
1924.6110398815022,56,50,5729,2650,-5,120.87992638094906,-13.774201386161707,51.75263316753346,-51632.71471368129,63.87783268646962,19,0.8907156571807181,25,0,0,1
1599.749394494609,52,56,-34083,340,60,523.2463256602151,-108.68316444850831,692.9762085375888,-10101.653178585271,41.47434302765377,12,-0.12357891971291646,12,0,0,1
1010.9958356352778,105,57,8727,3427,68,49.716740663195516,-100.59660069242472,63.66784669411354,-48930.53620772851,314.3360750689267,2,0.20860396830519262,23,0,2,1
319.6343486670653,52,48,-25149,-5,64,422.0640904231343,-8.943669647694692,536.4870076337525,-5827.579683952454,176.92125864602198,17,1.1452981794034447,-51,3,7,1
135.07317168220888,78,68,4219,1403,62,49.88840249591942,0.3106461675682102,34.33481349031635,880.0590613492841,94.7849050768512,25,0.2538752087852499,6,3,0,1
214.57970444060868,51,56,10140,2838,83,197.8587409456773,-79.64335273441002,301.92662470033997,3745.813834583685,2473.649453103574,17,0.6341669897159621,1273,0,0,1
201.13529398865847,64,57,14445,1935,51,237.45230367707813,632.4025947985446,-6.900375888328818,33893.441227162635,71.29783983243735,20,0.595790478328772,-53,3,3,1
183.36985678079907,66,55,-3802,503,-3,14.220168553362896,-93.33659417875835,24.01534058313279,21007.226686778467,117.98606455249552,268,1.3945045622119208,-115,3,0,1
260.7505679488165,53,59,11663,411,51,191.60503891431438,-28.233506200027442,722.3285965912551,26271.219053668785,76.28575960030881,13,0.5967132964247619,-24,0,0,1
93.49503827040307,52,52,6713,216,-13,410.4061676199085,-56.217463419747254,36.7854884070409,35811.58565731772,138.65485528218335,7,0.011028006898997106,-22,3,1,1
1588.4667685371653,55,56,20672,-97,101,245.67867055488728,-24.53733386669913,319.78398788394986,63161.05579359876,126.12001699687661,47,0.14801265507774397,-24,0,0,1
254.21312730971843,56,60,45061,6,87,1027.2856780020147,-57.089692350219885,41.270575958688056,-41501.472580750415,109.27311063939167,7,1.0598115328753077,-13,0,0,1
1091.8103868873168,51,60,44342,2258,47,571.8297330970752,337.54631176594125,53.81615866561626,15178.125002442903,144.11013159041818,18,0.5715937948264932,-261,3,0,1
567.9381088732214,55,54,33604,522,119,60.5841515089225,-99.73708644439739,-23.719214534145273,145010.45014230325,227.41293715731575,17,0.5262536939456472,-30,3,7,1
1325.533784862299,74,57,-17921,216,58,68.6332333686326,52.395310754939196,504.56214244040063,-267.8451504939658,184.65996947983948,12,0.8169942576852439,-22,3,2,1
962.6164085540026,54,51,1474,31,60,82.6963104370987,260.8761703856511,580.699033416356,17600.2534499306,404.2247720625112,4,0.4268685504187829,-43,3,0,1
478.69493075884014,56,50,-6900,-102,49,-45.56846014767831,370.33077399501195,14.751075956706629,-269618.96136897895,94.46162983807845,489,0.10380883447981282,-26,3,1,1
-53.86236124485697,55,53,17248,364,56,191.52259381475562,-93.80510836413008,538.6530941806803,189593.82140108483,137.71455839480342,10,1.3141618270411157,28,0,2,1
456.79480460754104,66,59,37413,84,63,2.465007986122558,6.685522859948902,68.56716605507243,765680.3688269493,90.30543970799732,1,0.012844358423632768,17,3,0,1
1767.9003111827526,72,56,29067,2140,59,26.06441584731465,-71.66914630364386,463.2585343840653,-10312.269879993788,992.7444616987641,10,1.4525814050065877,-38,3,3,1
506.17840878485083,223,60,2597,1398,66,-23.000352545860153,-26.366477568486914,-38.48891255138469,-18583.90934356622,377.65076994208795,-6,0.23421846071398417,13,0,0,1
684.1889503942264,52,59,10816,105,47,59.52670855489339,-20.920579000323535,663.9252347928398,51775.44802689962,168.27533794632026,21,0.3071307269535041,-54,3,0,1
1910.577207307609,56,96,39323,-42,61,45.868749831329296,-2.8513873289338925,-5.456189478579312,-7840.834963901843,68.18338998869416,2,0.2211121726384988,-32,0,3,1
886.2576569884641,51,56,-21936,1592,51,169.79544994746323,-25.469308086868402,476.02130436044,-4741.168460755269,179.20164710332617,7,0.5007743349914187,-62,3,0,1
1125.85405738439,66,54,45302,1502,63,147.55907536556134,-45.08856680031068,486.2871535999991,10169.758694018325,31.063267606585228,10,0.5533629733775237,415,0,0,1
711.2021359738774,57,59,27255,2158,62,111.79828915562979,-101.60693353714483,10.206716599873896,-117332.81657634722,139.6305750166356,7,0.8741698783097077,-55,3,0,1
315.027371800094,80,54,-546,434,64,-30.37306219274464,-45.045094246474584,7.887158567381135,-62086.87707252859,213.311218641796,5,-0.025040290972685453,3,0,0,1
1804.1472224934778,56,56,40897,-129,57,231.00060110494334,208.33030773004788,776.3861070610143,-82337.8373206368,84.62616558629529,11,1.1095874730613693,-10,3,2,1
1104.4460258093045,52,78,-22424,132,52,11.3276870276203,469.11896021609346,208.375361264628,590347.8892092957,135.19507581540094,16,0.9829237960037139,-54,3,2,1
1.0169538593660974,58,73,-25190,60,121,-29.603200046279653,-67.77121733783167,1.4685284402993934,50155.446423524525,109.109210678881,10,0.2959325546871745,-51,0,2,1
210.24746351583858,68,219,8929,2065,69,225.9385759822439,-82.72293798833944,579.5930752094325,-339263.0720769798,96.362617723233,13,0.23747631590769203,19,0,0,1
297.76880077325916,57,69,16945,151,125,17.733102915544563,312.32208217142,393.6534388195206,-26882.268369816396,133.91207417135726,1,0.18027528838913254,-13,3,0,1
210.128257534416,119,56,58419,-62,61,285.39228534982783,-30.054637968665467,764.7958019323662,-8080.781041204378,77.54705011184284,16,1.1852482634659618,21,3,0,1
469.4528095114156,54,83,60066,1396,-10,43.026310973544014,-43.96145894677832,20.116550677922945,-69455.5295228357,92.91938914029035,8,0.7352991798605455,43,0,0,1
496.4442889797914,54,56,-6206,274,65,167.71154391662537,15.20743826667993,443.1325625734755,64176.61567634039,50.571358945187285,13,1.3487071210292758,60,3,7,1
423.64686080103894,53,91,-11282,153,65,76.46330953787033,-30.678733398132792,697.7273355637462,-1676.9602523604499,139.3895719008097,9,-0.2196494960266604,-55,0,2,1
138.57888242818774,58,97,-38192,18,60,356.2720434966761,136.75743412060842,528.021536774283,-10750.203536482148,377.41818537980174,2,0.9818441649286209,3,4,3,1
145.72874267634114,54,79,-670,1870,-30,327.31843987353477,8.400779631835393,1.2436120065998577,-44516.41984737487,322.52551731195234,7,1.2247088526773613,-35,3,0,1
1342.8326222695907,55,59,-14384,163,-4,1465.495364334664,-95.67486972065063,72.12374680935093,61988.82025410893,157.14419376234292,6,0.15982088831450642,-263,3,3,1
196.37311323400078,55,56,624279,-10,51,45.00975322291356,-76.47353010169648,541.1659683051881,8403.360797508796,36.355512179341254,9,0.6111239336025182,-18,3,7,1
1217.1877307358993,72,55,38031,219,-21,83.70143911487821,-91.32750287994602,13.299771969813452,1509.5321243258168,1355.279596437728,2,0.16793055917632818,57,0,0,1
628.0798327408294,68,54,-30862,127,62,110.38514990463568,-107.45272956215912,41.721122382954334,163354.62063276066,143.21867557333053,0,0.5867351203331168,-32,0,0,1
-133.4500620941151,57,67,-11988,50,55,257.00996161902486,-89.3952655349029,698.726963464471,-20487.58561816757,117.47200925307078,9,0.319678669359892,-26,3,0,1
739.9866169126655,58,54,22081,1292,56,293.24786225727735,96.76120150512845,490.27051165603933,-22079.924899879647,1153.440838714981,20,0.7594337136169336,19,3,0,1
340.9524770042319,52,60,25844,6662,68,993.2997312720048,131.65428924492969,43.713833225277504,748.4288153706002,180.96441925367526,12,0.2946079737414663,-40,0,0,1
1656.0794736653374,55,77,47054,1712,17,452.6339199893466,-53.733694488575935,51.711365741833816,-4781.779001584453,112.91177933858819,-6,-0.12100675756610213,4,0,0,1
467.33068328489924,53,181,18399,1698,67,262.1206741398527,-60.98417471971177,19.12594097986497,-32969.92420385256,59.373202214303376,9,1.2246518716112842,-12,3,2,1
917.2242263265495,58,53,-7087,3927,47,90.42705418466008,-70.03533961710126,340.6625252031123,20313.737752799967,57.703733967961604,20,0.004102343218431503,13,3,0,1
-6.601664190900678,55,54,11352,90,67,952.8587702624766,54.97046263124832,22.03581367579507,30601.013201854286,180.6331721305189,1,0.47311027752234275,17,6,0,1
255.59258095416067,51,166,13320,38,70,46.737830899356766,16.365427678970878,281.8606474225378,16204.91180345834,71.89680313460977,9,3.726471309076182,62,0,2,1
182.24524037195445,54,55,42390,32,16,233.59999566607036,-59.001215822850405,67.76200403593782,-28652.216149353088,304.6687930590423,0,1.1166021806771884,13,0,0,1
28.83697843770362,91,56,1374,-35,62,22.147161735911652,-95.38010857266029,6.3534722487940085,-18692.592937430636,195.94837534381352,17,1.0000536569100875,56,0,0,1
733.7562225139696,75,54,-24109,156,58,202.4794237290231,291.011352263473,-2.0952531019416023,-6624.771787921558,136.59759882250128,7,0.4252301095607725,-27,6,0,1
607.1397611397924,68,54,-24262,190,-3,217.73462774897268,21.427139116658132,726.5691968042843,-23097.810924428602,62.3344075865635,4,0.7747493867287596,53,0,0,1
197.50613234988032,52,60,49244,1607,55,78.83934399989826,-18.28771163948899,704.9863124715083,82273.72394129274,128.25478594418277,2,0.7983905802226987,-7,3,2,1
1465.6421719540813,56,57,20468,285,68,112.01441727484021,-84.97648899083555,636.6648185023951,-9501.745825042739,165.03569482546436,-2,0.8574451921847832,-42,4,3,1
155.27740551132717,54,56,-2507,129,66,87.974969522106,6.3489125199931715,54.4231208675235,-3683.200158199834,318.96930359110917,-3,1.274038092726539,35,0,0,1
606.8504889716663,52,51,1918,33,56,318.4542109148531,556.8499260460287,69.56021617544616,-55133.53892071564,150.5289724826589,18,0.7437525085670169,-32,0,0,1
271.28018948038766,100,56,21133,260,62,74.82653664376977,-29.821319687663866,620.6245705692481,-5611.1345280486585,119.89607702194021,18,0.3388615635008142,40,0,2,1
503.6665811406279,93,90,35930,57,57,504.7685428938441,-115.23237477328175,516.6816183527505,34664.259832892276,100.34950477515989,2,0.3067455597408998,-34,3,7,1
518.1896862668455,57,55,-9366,692,62,549.9928326838677,-83.81791405502358,520.8152966627423,-13556.444906458617,837.9094218811103,5,1.0424708953239106,-17,3,3,1
990.5852166751324,89,53,-13531,1446,-8,8.851604557304483,78.74750954210393,33.559422310237494,-2848.596498566456,165.73297681132087,13,-0.5467064672393197,-17,0,2,1
1474.6144619806284,138,53,-23307,102,180,474.58916527980296,-1.891224109071521,413.8497805173159,-13489.417306831301,170.11416881214708,9,1.3343390340275962,-64,3,0,1
157.0516438334158,52,51,-6923,3262,53,154.33199793329578,-62.05941846179763,25.769247298861195,-20175.63151736391,359.7969519370782,15,0.1921222006869857,33,0,0,1
-30.241417255677078,66,79,8380,-117,70,47.54949941013208,206.3109306205252,4.007534211423155,-37049.810968299855,109.5858753992373,8,0.7316806437201577,-33,6,0,1
280.9858308803995,58,130,-5549,395,64,211.6948996163321,-43.216662038118294,19.686315404104565,23396.905089345135,116.07315555218338,284,-0.07927845614843013,-51,0,2,1
294.37084425151863,55,80,9560,197,58,11.28228713377564,6.841030156548822,621.7032196381061,-8390.051327588184,114.26297060569591,9,0.026905194170815078,-39,0,1,1
1436.2607266248983,81,73,46541,491,58,222.95814845214178,26.915453258777305,-9.062426208671265,31957.91855413202,180.85534228899365,3,0.9349480949538366,-30,0,0,1
670.72735480491,92,60,-16487,47,64,195.9289550069843,-87.63883889668614,525.869387989417,12266.032292969772,107.76320489954296,-5,-0.1813461162905503,-2,0,2,1
144.51399317723804,55,68,-21693,363,61,453.1939654168916,-122.82324779030517,596.8428113311062,-36079.1268392998,177.28387200457954,1,1.5660091599010153,-28,3,2,1
1309.5249005109426,56,52,4431,470,58,403.28336572560295,356.4781724534156,745.8999318278113,-36535.54953290961,13.554311210943382,3,1.3186862082830695,3,0,2,1
593.6282608870322,56,67,-7363,672,62,197.78948585434102,-100.9235986617194,20.66104115280879,370754.3435753825,139.82427179943485,18,-0.29835819688588033,-6,3,3,1
1504.8570065397116,57,60,-283,320,-7,136.95567918207945,-17.621326816116422,465.362466008462,-29586.590132676414,165.17922178464562,7,0.6223111734067164,-12,3,0,1
1697.3806278838167,56,53,32232,358,56,400.00601802023766,-95.44033041690508,645.5427169729502,115696.59268058254,56.27694104252826,18,-0.5311299412240774,-39,0,2,1
412.54249087149265,53,53,-32934,-143,-22,98.68522754813972,-118.46006970184067,723.9791137364148,91927.711526329,852.2020964963802,3,1.0531080095566152,-43,0,0,1
216.50317990818803,51,51,-29149,1915,112,85.18527146305883,-25.93167712817899,627.0587674859285,-20065.863749594988,172.06431438061293,16,0.6372583536267185,-23,3,2,1
166.34644750473527,64,57,-11851,221,59,-25.391523793693636,-162.61670005517408,64.72707993679457,-40707.84760252961,125.47691005032434,45,0.3737155701107494,-50,0,1,1
258.7270837037777,56,100,5943,19,-8,-47.303943415072666,-54.2308221519417,704.0329965342178,-52568.37615351623,1442.7252181057088,1,0.8561067957678359,-39,3,3,1
1095.1778676894155,55,65,-714,-26,67,91.8684438430829,-110.7232843498004,647.2559467013455,-317619.7801870061,154.61345546223117,10,0.38810908659480514,-27,0,0,1
778.9694812880196,55,51,-2458,1945,135,43.1157159540873,32.35001158291821,39.206114901128764,-97448.75220964263,184.46602036765924,16,-0.46018557785008585,-18,3,0,1
766.9030408808424,55,56,-5827,1418,-16,298.23283175235053,25.890873036396627,403.9497939427994,28290.798333405484,174.0602923937612,12,0.35337563012768275,-23,3,2,1
483.7827519130548,87,54,-24666,406,53,601.4826365779134,-21.17450398345413,6.1746714757804195,-13986.274900554898,96.27573097506384,15,0.269781079682706,-59,3,3,1
194.09101403158502,58,72,63042,1951,61,313.2516904507396,40.1787881248122,155.3805725727157,-24188.045396473106,80.18422766126452,6,0.016517178845310454,-3,0,7,1
170.13014172587714,51,57,1729,300,72,282.9418061692059,4.670087348273665,-5.83066900590402,56939.03499633525,131.12793530961557,1,-0.388935271070737,-57,3,0,1
2088.196720650037,53,66,38823,1878,141,183.02377941187368,36.790811620263646,238.90250691940543,-9295.174395769247,165.8612758743827,-4,0.9529447338262934,-68,6,0,1
268.95752603156967,58,51,-4026,5979,66,116.88725707909802,-48.53061910059226,-32.840929710885725,167750.40077456244,120.3291763027476,17,0.5296104393104054,-40,3,0,1
928.1232778412497,57,58,11808,129,65,244.19526538005329,40.525998223630644,549.0934968181914,-21915.815335178522,68.60017471541414,-4,-0.34643869080090706,-34,3,0,1
166.5481045539621,53,53,-27815,1475,-29,374.0509374656348,214.25953794513765,722.2200322191028,-17692.181147174066,258.2168771838509,19,0.8295817046593792,185,3,2,1
1921.745724748033,72,81,62180,1063,58,2.5468352933984733,113.12852613341127,642.122129343002,-42831.80720225918,196.49062472176715,11,0.3590694472397929,-6,0,0,1
994.553629774482,53,53,16503,169,58,110.80156526711045,-42.29207399389415,784.6555535811318,25478.371364098857,156.3888122866153,11,0.14087749923598822,-48,3,2,1
756.5313241423165,54,56,1952,1783,-7,195.5992072538878,48.07887025309567,557.086853008304,-29033.496879269056,115.40446992525216,4,0.07806134768734792,-33,4,2,1
466.6518988990096,56,52,17818,857,66,106.97973398851678,-99.17615377236194,-11.536592921041972,40809.85882909193,238.6872365694133,50,0.023945000488293067,1266,3,0,1
813.0152612927175,72,53,26110,3299,55,-52.9552627416831,48.06336357463775,-25.373864557941136,-539.0543987458968,221.05313048201748,20,3.2175957336109615,-39,3,0,1
271.7484443872167,57,55,25202,448,248,582.872607393988,16.702831346950894,571.3716110862475,863446.9989807965,171.80304822067095,-5,1.5103203253050408,6,0,7,1
249.45307693035988,58,56,24574,313,59,24.678153569069963,153.5667553082174,51.43910112420036,122511.45124660333,169.59890937821723,15,0.7683995572683463,-29,0,0,1
806.2708224917042,76,55,28990,-167,71,153.93185527505443,-74.33558582751631,8.436191816177798,-28069.82600021376,1044.1526662399856,4,0.734810336327606,-24,3,1,1
844.3407428862427,55,78,-5973,996,0,183.0785835179829,-104.69793885649375,5.097274018160326,-70416.5122235182,178.4094807869244,4,0.2066089630514648,-41,0,3,1
310.9734950868213,98,54,-7104,9073,65,641.0116591687668,-64.26782076722226,6.584122036421383,-37586.41413022219,224.68378926797243,15,0.2582670002394772,-18,3,0,1
91.74532883905107,92,52,1966,257,-20,34.934781073686494,-2.1838107720077833,502.23032311694885,-52005.9798611735,2424.8383035814404,15,0.6949857192642562,-49,6,3,1
49.52524303831967,57,54,-14241,4055,61,55.48151403868355,-98.19320848622218,17.798130318818977,-28290.16967966476,297.3108257983944,9,-0.5559796627395588,-2,3,0,1
854.911974001725,53,110,45671,29,1,86.15710254652004,14.134717879016648,686.0059083081014,115196.77402512154,55.67124670189515,6,0.31465823546496324,-18,3,2,1
79.30181701212976,67,50,-13982,2026,265,-28.005423192654263,11.459125611036912,-38.876298430113906,-22269.493191088317,115.69363658571122,9,0.3822620361760214,2,0,0,1
144.97487888623863,74,55,9028,69,2,90.1266529799986,-28.801551571176354,452.7326497281963,-115695.28769557411,62.774535268316065,-1,0.1889279366413089,-30,3,2,1
558.2184242126481,94,59,49204,1845,14,50.06408125669824,-49.1294652112454,607.5808732534722,-259674.97917775984,103.49888736854726,4,0.20541535525790894,-21,4,3,1
107.98003867956848,59,54,-36390,160,64,710.8622907927137,296.24025935871055,-22.173451810409542,-2234.3297006098965,78.70652701271457,-3,0.3385384049788691,7,3,2,1
964.8877767243173,67,79,44447,79,-21,183.37926730442814,-55.78537855717398,16.701232979049962,-131.14606733159053,86.75321894080363,1,0.5488087638513597,-59,0,2,1
967.7796103195328,109,55,-11866,329,55,21.58884125449545,-58.6448017541155,686.3460232939346,-49018.49554638485,103.65850402438163,18,0.527042300818088,-46,0,7,1
1617.809770245572,54,52,-29749,-171,68,86.08664365126941,-35.764302012650376,-3.066401749268305,-39371.05149815249,162.1751998857605,74,0.6322875250661137,4046,0,1,1
790.0051781808077,54,74,-1984,349,66,155.57951909539094,-120.87480446815263,47.648179531031,943.738548037134,111.43701193232356,14,0.06082409556125905,14,3,0,1
501.8876084178886,51,71,23913,1103,48,330.21370272793604,-11.054778482863531,73.718567290581,-104168.91746535331,110.01502820262705,19,-0.5670333888766821,-35,0,0,1
859.7992771099375,54,54,-10268,562,63,68.81125412887368,-54.454195030626,334.1055614783128,4964.600755495934,140.88202319704712,10,0.7135460299123985,-47,3,0,1
174.12149370707874,79,56,-12442,28,-2,70.54617114367106,-11.230563468821819,552.979223173674,85627.07352666213,103.73298782003407,3,1.5059164804688248,-40,0,2,1
125.52477870699303,54,79,22266,363,67,1124.6612343528307,-92.22603568482337,331.0730977509772,-21290.760038859735,164.3583911931956,11,-0.26882982261753835,-23,0,0,1
414.74118691932983,53,58,-37436,7551,144,-41.71245692543431,-91.87601753861321,21.155824890068928,-47416.61892235659,128.75351422665997,3,0.582413340243666,-23,3,2,1
300.350704761267,54,75,34759,-157,54,19.441769888479413,-96.84087383250456,651.9162628882331,-40651.7512830957,450.65573414453195,14,10.897718571156545,8,0,0,1
560.9923749795432,54,58,30991,1753,74,263.16179221472413,310.4165283956826,133.36980896802055,14826.132859005578,153.95250309546762,12,1.0977725547545734,-21,3,2,1
1055.4174523127633,56,51,46204,369,48,145.81269944259424,-30.541189908178808,50.14667850044571,-29883.726383441513,138.36778667925375,19,0.09352354508836778,-34,0,0,1
183.584715821192,67,69,17263,241,52,158.18478008533714,-47.89362036898051,47.9998830685178,-25579.744744982978,116.64387125390002,10,0.4882090887036946,-3,0,2,1
484.6044224242879,71,56,-21480,2494,67,7.153941875662213,-79.20795845347945,7.913455669338903,-54082.69948358601,374.66126115984434,2,0.37012919770999314,-43,0,2,1
1822.3167140834375,55,58,7009,100,52,152.89881289873787,31.824909344404453,58.22378497687129,42532.939429002116,121.42041551904599,63,1.1622059644104143,-4,6,3,1
927.6658991782298,66,56,-21809,4,69,235.66228469517213,-94.961570033933,17.256430983548707,14938.255029714419,169.47673377965083,15,0.5026341231334688,-34,0,0,1
890.7225182052539,55,59,21845,-86,65,47.38937712311319,-8.229774094200293,26.815246487299103,327104.31163096055,59.131200547912286,7,0.5443327345566342,-52,0,0,1
941.834391551954,57,254,19435,285,136,-11.28392884778367,-13.308175160151267,-18.67680597764885,36115.13741036148,185.93263416802193,1,0.17895791458582122,-46,4,3,1
0.919518887970824,56,59,-31948,1713,108,317.993253987467,-74.52195066387075,676.3405131858669,142236.0370734986,51.50666307974117,-9,-0.23604154537630673,-35,3,0,1
847.2220185516717,70,54,6099,119,55,475.4597701607462,-89.5512883205669,-28.534690802568775,422387.9265624657,180.53728924940842,3,1.0468856892260578,-50,0,0,1
77.7792464480413,67,53,-37551,16,50,201.52730692957218,83.9100829906225,65.1037043113257,-39043.46157681982,94.62081651143139,8,0.7604256156484596,-28,3,0,1
551.6104040409673,56,56,19814,75,52,106.36136791648183,21.692059770885223,36.640358458139794,34413.660778965575,279.7713655290998,6,1.2524573085426476,-33,4,0,1
234.1935328857898,51,48,-33731,270,51,135.70871306208386,-56.7352845091938,50.68918990720819,-54455.206592070135,267.3931812321238,20,0.407499145715587,-26,3,0,1
777.9955746151832,53,54,38494,107,89,133.59722471320845,-74.9771918359861,518.6831957346407,-38808.25876034949,160.001458097277,-9,5.821290964415291,-2,3,2,1
125.93731459919334,58,55,11798,247,60,373.8715567829306,-39.12768275115303,-16.60321164921115,-16190.503488195065,410.7164486771589,6,0.06089897233697268,-37,0,0,1
24.781828854815842,65,58,30914,1966,57,333.8981906355387,-45.243629340233696,751.6462966897974,5730.36089135082,162.12354692086177,14,-0.013373380654971234,-39,0,0,1
8.908948954060548,58,91,-14111,486,63,770.9679959565744,-59.19024705586062,35.812061903708575,-62396.62117964604,412.18619670423686,15,-0.23331976446974062,-29,3,0,1
455.84882082361196,68,57,-19307,254,54,-15.784222963986707,110.00841375457502,589.5822767045092,894.0783011456897,46.01061874199675,200,0.37421418252144734,-1,3,0,1
403.65553855856774,52,55,-4719,-580,17,387.45030013549365,-81.2644618857527,728.3841251010318,404080.3092231099,156.1322215027752,-6,0.7072978184526267,-39,0,0,1
858.0362177425995,57,81,19410,257,-1,-54.13165312394142,377.1512203205529,389.92629212955035,154824.7144026033,109.15130399057458,13,1.4187543262372955,68,3,0,1
215.14461819697678,95,112,21894,168,142,67.76152662179408,23.840887187364128,17.26428171547444,-26616.302118805776,92.14226601568699,4,1.080873988761416,-42,6,3,1
531.7089695083585,67,58,2324,891,68,-3.1140213596390964,19.639423042443962,709.1851472453357,-19258.337082003476,140.95661712695306,0,-0.15398529325723437,21,0,2,1
489.036524887621,83,60,27976,1287,52,30.562070819473433,111.47751934351736,46.22786145391476,-18344.85141765421,94.92199239445084,15,0.03696938092052576,23,0,0,1
591.0014250944628,55,57,39648,814,52,18.557777713552554,26.206123557499552,7.17095428827384,8992.641774336618,158.08416758924585,0,1.3762932926430633,-7,3,7,1
813.5815503558125,56,56,13565,76,-24,39.496005373206344,-29.08395384206291,-11.622248017508486,-52304.4833671653,32.99347686255374,-1,-0.17310047143020135,-18,3,2,1
948.5224451885754,54,74,-3802,269,50,254.95052794109154,315.0001782265775,646.3804922924041,-18754.797415201538,151.37352599231616,13,0.6462606951678174,-7,0,0,1
1880.9152595541948,57,56,41247,42,-29,2.2951297468698044,-45.73017814092822,-2.322153262285247,-37318.71997705127,317.98292474834096,12,0.19115126221649326,-17,6,3,1
534.8244398411376,57,70,-11347,1728,65,238.1684643539358,-90.59067717257436,-10.714575410020334,25854.92093333781,128.71266543203112,12,0.25982794730791703,39,0,3,1
1175.4217919331447,74,99,34925,186,-39,126.78719008921587,-101.20735127817922,418.81574461868115,-7694.449706514524,12.314897033299303,17,10.888770526200258,1,3,2,1
656.4941155500715,94,57,-15435,2901,67,32.01587610769059,516.0845710938754,443.22885869299313,-23496.468287013704,98.48909860906942,15,0.15567428502605182,20,3,0,1
458.64585078572077,57,52,32679,359,55,25.941490016506066,-72.06109803841774,712.1743488756633,-248865.7933505266,107.51029965755603,17,0.26690005445136883,-13,0,0,1
430.5122392945784,180,55,-37339,917,59,598.2182151756883,539.1530747726049,604.2815462106123,-26359.822389459565,156.05196300109677,9,0.6315737931430733,-623,3,1,1
77.91241470326455,63,71,773,288,58,-9.029363906647248,-4.674346350907161,646.2171579491873,3756.2744187404187,46.248306816791825,5,0.5474821312277769,-60,0,2,1
1369.39012282837,88,55,14164,1172,55,170.22664125304735,-48.331119474280825,57.22023808478871,152499.7995924046,128.3840872289516,-1,1.359716310142655,-41,0,2,1
824.2683604476831,56,57,-38073,286,53,210.9426843154415,-114.662871886276,33.29531438406544,82101.79422927697,110.84079647977634,-1,0.6570025646211448,-49,3,0,1
170.5549128326642,56,52,-12722,270,55,-18.431766764020068,-79.14286751003725,35.20647219839597,-45138.9292710429,1965.3531955681476,5,0.30311873903797626,-25,0,0,1
603.30428659074,83,52,-42804,518,302,-29.418940042207794,-110.0159683897442,37.91520731753377,-47705.90943250026,431.97559798367615,12,0.5767667432901354,-39,3,1,1
316.1170854441248,54,139,-7475,185,-19,351.0479267799293,383.785221379299,32.02429772021943,-69028.03823712037,140.75234378467457,8,0.443890101326843,-62,3,2,1
248.79356829209132,54,254,38671,-43,59,-19.672157924204328,36.474331342600635,670.7607591096619,-405900.52269504534,326.2692994082688,8,-0.3421182132276415,-8,0,0,1
1026.8211747857522,71,56,-21996,675,148,828.8637736332659,-61.078551495222,421.1208307378048,85268.12249653481,80.79578114418463,13,0.7254479302601302,-8,6,0,1
662.8442137900657,63,78,2328,168,18,560.6422566332417,-93.7261281519344,603.1331991093441,22591.535095494797,168.69268553005773,5,1.095670926263798,-14,0,3,1
757.1153563961232,53,67,16166,376,49,260.9215331423956,-29.92246271450628,670.4172388323998,165629.09844912897,160.5018934606837,11,0.8861764838232018,-48,3,2,1
234.669613519606,54,55,15752,1280,53,177.95179716715097,-38.32459151403102,533.4569720687676,17782.680229549554,100.70407741542537,15,0.704181852199106,-46,3,0,1
793.1981517831948,55,59,-10295,1722,29,7.977515122014665,236.30861763018135,525.1531597156883,-36348.59729525176,148.47898855485067,5,0.6667982676006994,-12,4,7,1
953.8817595804608,57,53,1672,219,67,125.20817635703895,-1.8817063161857508,53.191009598720804,-23332.174799953777,123.37287590203252,79,0.21776531524859566,-33,3,0,1
367.5462453583823,57,52,5774,192,57,80.95586407874157,-107.20242251451694,643.7401121497794,19688.9002592745,83.49721652381984,15,0.413866765278873,3,0,0,1
337.29165490212864,54,69,18605,-63,65,1150.78869473389,639.3891401263975,15.679611026477048,-9940.848356521894,302.50477375877045,6,0.42487298904263415,-13,0,0,1
479.01612923141306,70,46,-1720,98,47,357.5079550379196,-62.62212115794273,40.98471884490574,13827.654815196005,80.60539114234717,11,-0.2919418772489293,-6,3,2,1
203.01761250966507,82,81,1395,411,252,285.4561255324695,-15.379686718938684,31.302732052659376,-80612.04133266339,441.4224744158332,11,1.3608646689638308,-19,0,0,1
-59.405471059449184,55,55,25496,123,171,119.37911831955785,92.30227067464128,-5.616317294060756,12639.961511808635,79.3070817548503,15,1.6316614269633172,-45,3,0,1
622.579816388445,68,55,31478,264,60,43.33110877779824,-74.58004553120008,304.10697583657196,-116725.84046177776,78.50265474267594,9,0.5374252374227173,-8,3,2,1
502.79095050200544,54,58,52339,1279,66,108.61634970950112,26.299581403305602,21.734301362091443,596667.3999449636,160.40352888772736,6,0.16787536725053037,-17,0,0,1
1070.9295178006978,53,58,22272,125,61,11.242614332583017,-16.751940041564644,575.1142633565826,43231.53391797145,97.20244693230714,11,0.524170884331198,23,0,0,1
550.4836470951988,52,78,32576,317,69,-15.951093282875263,-92.44095068472662,27.898629501521846,-24242.47915458471,266.029185041909,3,1.4437513579699472,307,3,2,1
63.37820641125289,54,51,30210,380,-22,60.61834446024669,-20.865167676895332,632.5731491701872,-45969.62912474807,243.11885155740777,-1,0.02531589922347846,-4,0,0,1
-64.37401311213554,72,150,31965,114,58,-15.17990944579617,14.211650870870006,19.270950760975722,116115.23501576448,87.28176825216055,2,0.5037307208091091,-31,3,0,1
1907.2639284425684,99,68,8703,74,22,49.18274574827724,-18.213168277034015,-21.58995827218338,-10047.903269498516,174.3699476000749,12,0.9530604362073373,-11,6,2,1
213.71685492679194,79,59,39558,347,247,317.7687979652075,-90.07247884372957,56.01733991766154,-434704.81263797684,100.1634256115621,9,0.4805986910696758,-44,0,1,1
321.0361950214728,67,95,-7124,637,53,131.67979982905047,-83.12408922025682,779.2528286417826,109631.5662104528,111.26597343661419,9,1.2325143100525775,-27,3,3,1
404.3640572780851,52,108,853,210,53,95.33046770726696,-19.94817157556082,-17.500162590885523,31568.908756870675,128.66703681079971,49,1.1908962759821502,-40,0,2,1
2052.6489908560907,63,57,20429,444,297,36.20909049376699,-77.40105889850237,-1.9852612505489828,-186170.72398969694,163.3794738942496,16,0.5358161722264904,178,6,0,1
189.19625899251236,54,52,-6949,773,66,11.696492760614262,-76.30641304827509,440.42657995164586,-42329.18561533642,156.60270769150927,18,0.3960867263469203,-31,3,0,1
833.9216249363278,55,59,17437,-84,-10,-18.334725258947174,11.91176506418878,663.5319236327916,35238.6420993307,141.46169648471633,2,3.1572560459683014,-22,3,2,1
434.4534561959838,197,51,-23424,222,61,363.11328250589656,104.38834251028615,711.0234524075686,25765.126891731437,189.97210894932425,9,0.6804539365738254,-44,3,0,1
572.4392992893033,54,68,3608,-95,63,143.33055117333242,62.75594647942102,-3.5111921695576047,17104.93117743465,75.69722142301707,6,0.14031113812774348,25,0,0,1
662.9139892619386,55,54,6323,-94,343,266.23754474665054,-46.424362935864444,307.9309441268074,5386.574912304104,588.773408045111,-4,0.28123071035502817,19,0,0,1
124.31862337248243,55,77,-3009,288,60,32.61685872790662,-83.0860823508839,-2.5117389927392892,-145993.3100252035,416.44001159747165,1,1.3478598615212094,-9,0,0,1
1096.9130540683195,55,74,-21223,214,48,305.2135075130302,-63.74606438496223,11.710614964700046,28698.457068842632,49.999475820383395,13,0.6866560059802342,-53,3,0,1
1167.322779053839,58,63,24335,182,53,103.66561006823792,-67.10461062976353,43.43153843411724,36465.531284154284,130.4188102203644,3,0.3413198506652126,33,0,7,1
78.7336268634187,96,74,8559,-58,64,55.18763098221223,133.23273072514579,68.80943483599225,-15092.605587681528,232.03836837736912,-3,0.23732947181311287,-16,0,2,1
143.02144353108807,54,73,24596,212,62,117.48379505794257,11.746994772052329,-7.302542450188466,-10350.859694907214,28.863559832264613,-5,1.4574722778306948,1,3,2,1
447.7327508060042,71,57,-15519,-31,53,692.9435232374481,-88.81395510211317,22.491702298885258,1013399.0606342355,103.30968039214964,-3,1.5424983974006912,-482,0,3,1
52.191783906706455,55,53,44729,2812,54,31.529612384684484,-108.42382093583933,-10.091694560811721,-58728.06330233188,173.72763695856838,15,0.44622997367592515,-55,6,0,1
624.2806484775026,50,58,14950,91,60,475.26103306744176,-96.99242976074845,29.076115919901362,75643.6339623564,90.26619634955982,6,0.8120254194576866,-48,3,2,1
202.7695370668643,81,54,-8616,2139,0,-10.076911751377125,2.9193648484010604,533.6823695739323,3609.6999511652393,60.052466236284744,1,0.38869104724348175,-40,3,2,1
210.61464834992546,158,72,39197,177,45,266.812795102354,860.0094700402515,46.95153213029694,8576.20512407388,1670.1393989150902,12,4.311788777418084,-29,0,0,1
365.44259296349617,58,55,-8739,60,-16,-48.67178530621473,266.8501424709419,310.45398717180893,-48441.84087080284,305.19166349032395,12,0.9125351364123802,-52,3,1,1
1792.0646662199797,57,55,35226,9018,53,102.6738381174093,50.28084105967692,593.2323833057371,71366.4366502586,155.38505604235982,549,0.3736975790265544,-33,0,2,1
931.8059967053897,59,76,17676,1911,54,525.2093783463051,-54.386729193699416,37.33851971747731,-25706.089725354243,302.8920588288243,15,0.9837544627220192,-46,3,0,1
550.9764322585688,64,53,8458,303,234,181.136851541827,-65.2052692454774,567.9387690089002,-39309.15678435431,320.84154576981854,4,0.1456429160173766,24,0,0,1
77.30264427145282,56,56,16004,328,67,-4.025856586884515,-15.232887007880583,69.14971118273039,-57875.40257599942,147.53323267963816,9,0.44153819764590596,-18,0,0,1
1595.6860432292192,56,56,23543,-155,63,564.2710768497493,158.0201423631383,52.718526360905294,24931.176110343935,331.5078822692901,11,1.029098798685061,-6,4,2,1
722.9783947428891,56,56,3040,363,-4,67.76193194495687,374.0251473137959,814.5885438234407,583307.5606615827,150.26499536154972,0,0.775004063387191,-51,0,2,1
377.29817852365954,55,53,27970,151,55,128.1208209120844,74.31777246326557,492.5918021865323,21523.43503669639,335.4040676832908,4,1.020030434231021,36,3,0,1
544.24238207507,55,170,17351,997,-9,73.28006649962023,-107.08816197824856,782.9454346324744,131664.3811077052,67.17145811168606,7,0.8284950503405717,-37,0,0,1
1525.0406133086308,56,58,9179,306,54,88.94123428545056,312.3853724523841,422.83755025565273,49323.756350574135,61.97091315397782,12,0.14420626179995458,37,6,2,1
99.59545913876093,54,53,24943,461,61,394.97748170733763,-112.03646260673067,638.9095405949328,13405.218886215618,151.56684831865346,5,0.07627288961505115,-31,3,2,1
539.813353538878,95,56,25251,1603,67,-2.585824607001811,-2.6622242764748663,625.3303427949676,-25528.512687933107,83.87188774756645,17,0.7679515287254004,-8,0,0,1
390.98458940604587,57,51,16269,470,-14,359.9900218780357,-55.4021847779752,640.8739795923935,-398990.1413889044,304.5669557601673,14,0.22849975876862144,-49,3,3,1
1042.6908448225613,53,58,-12207,1597,60,74.58992924157124,4.416965003167007,594.5187413465279,114524.02337048759,141.44950095171038,15,1.0262842482324577,-41,0,0,1
158.19864106231756,54,53,-20877,2070,50,129.67870443003872,194.45785718501514,628.8127081015829,111492.02185722988,44.98965952734218,10,-0.39700083425268207,-725,0,0,1
1128.3704075750609,53,53,-37580,-191,71,212.55690950100754,-60.240185750584835,48.42645706630796,111365.70753604744,186.74527811329398,9,-0.31544907367690794,-55,4,0,1
534.4319097715933,58,81,56,175,57,12.791881315165384,-104.62015895147431,635.7164448394218,-21892.977502283873,118.71862988203654,13,1.6297832633490703,31,0,7,1
646.8141634213805,51,70,8827,2030,61,251.59213177921595,-95.17537903650958,62.37468759925093,122109.07958005348,126.0820206794138,14,-0.4153751636794455,-10,3,0,1
351.3711977436651,69,98,38831,1356,56,62.934655871885575,-60.881436999049505,35.255941190825034,-44862.0225602665,2297.0099221265227,13,0.18194794988161633,-12,0,0,1
384.5528558923818,55,87,29784,127,56,109.40924545307405,-41.00598772268151,-6.257716566423697,-49044.84484431395,92.31314344005058,-2,1.131656526973245,-13,0,0,1
177.04805915612238,51,48,-6850,57,-3,337.49582744645613,-89.15690167694981,379.2607445076411,9787.771617543473,160.05684828451166,12,1.7018883491243872,-25,3,0,1
663.8110567298584,58,120,23867,422,59,28.85777893092262,17.486468498343946,20.60474694557246,-9224.12228452767,104.85461433132892,6,0.9502539464909106,2,0,0,1
487.0219989888594,54,54,9556,919,61,-3.9522911661352538,-25.519937472242745,648.9252573737971,-18388.516037651883,1462.9285357354706,4,0.7716973395714822,4584,0,0,1
32.05503308102302,55,55,31695,466,65,336.8053330273198,-79.20393077384583,589.4630478160088,-5512.160098704038,353.9141130749856,5,0.992378967028683,-51,0,0,1
823.9796713761194,58,103,2583,78,54,13.821326626382074,-59.80886394043075,58.03345002777055,4124.33649038244,146.30091849020403,-3,0.2523525470154378,32,0,7,1
250.39541557755012,58,57,31015,182,56,77.92200354355754,54.29977384928671,571.4066786853483,-21555.141169541224,109.26379878825696,14,0.23373124272938928,-3,0,0,1
347.3369304338293,56,56,49476,823,33,-13.572686185311568,369.8139164571994,19.334174929499618,52419.65862084682,195.89460780124733,2,0.8762688360018397,-34,0,0,1
1257.6809506332315,53,119,-18411,-253,47,44.46242615049016,-58.44825574081985,44.41678794182291,14152.84837642042,114.42881443578113,10,0.006868959206044883,-39,3,0,1
936.1145915234014,54,69,-8398,644,70,687.9747660908181,72.6179450183365,666.69274274765,18301.291973232397,120.55433477063441,0,0.18122349742076954,-31,3,0,1
409.9762884685772,52,56,-599,85,56,269.82457798803375,-32.48393966262911,55.57951350396997,15272.033401917011,531.2604281063885,6,-0.08763321487005754,-11,0,0,1
808.9701401349247,62,53,540089,-11,66,111.28350062236385,79.62060953711408,712.7648448164307,-932.8394290292126,291.7541560701892,16,3.402535312285814,3,3,1,1
590.7864475625133,55,53,34897,187,61,499.67265290693723,-72.8730286805304,468.6782751024508,-132712.64300354873,146.53041624767934,22,-0.1664046949521193,-7,3,1,1
1316.1921227427135,56,73,61791,537,67,89.45780862726286,-58.07771440545852,-28.512288779499634,-23502.58612547483,150.87419197144462,6,-0.13218931084703872,8,0,0,1
1036.102438039028,53,57,-8676,-45,68,1.5966490815095824,-53.47062046231304,250.3583030379943,53615.55071273115,94.50450602075743,13,0.8323766893970349,-46,3,2,1
-42.09781111336022,66,54,-3199,2201,56,53.00187947740138,-6.065379122326876,26.25393650358301,28100.782336455002,135.6371363533027,0,1.4545103983904888,-64,3,2,1
285.5593161305276,55,51,-33352,153,57,113.28951460687568,247.69932116935934,115.72592750021805,3666.4895841241814,532.2279659135453,-3,0.8826087560681332,-20,3,0,1
1013.8620975585782,55,77,-23495,366,59,-23.72618153979481,384.8208089468949,725.6195990770946,23221.414723685517,173.31107250035544,1,0.7060164198992802,-19,0,0,1
750.0356513660688,66,51,8934,419,-19,433.5680957825956,44.4707648901837,702.4069422664046,2861.584104359168,840.3731735703468,17,-0.6639888388418501,-20,0,0,1
591.7511582340629,56,56,-21212,1311,60,-13.04836650315707,-103.40449641701538,380.8407720459277,-28884.525082352993,174.3949218440581,6,-0.5165542433990667,-29,3,7,1
137.48683780423403,67,56,27132,223,63,4.126211163047415,-25.104020318652104,19.959421664692066,-370721.4344534137,-12.529709176830181,21,1.371751847293941,-42,3,2,1
44.97899839112063,56,87,-5196,349,17,236.37915365437954,-96.07145121167567,435.6003800547147,-17106.43683501768,133.09539797347844,78,0.9328481704567658,-5,3,2,1
181.9022024311281,71,58,49792,327,62,349.0506299335938,-46.91053021034938,660.7861543221849,-41297.04287894452,85.73817668891917,13,1.027308783511104,-23,0,2,1
744.2319386573716,54,52,13959,862,60,521.4187957129924,6.5888260602469995,347.70314836345904,-36402.738229607916,141.8604632475612,9,0.3981713328612811,5,0,0,1
131.3711685091838,56,56,28223,175,62,-5.603124933383555,11.194544150757388,525.6643894453919,32439.163506086676,110.80900989864091,9,0.5607996291120635,-37,3,0,1
135.49524733859442,54,58,-3073,-58,60,156.8076888108657,133.24342741282697,438.4125874991835,108490.20267464468,125.92169824657148,1,0.08716985724586351,16,0,2,1
