pkt_len_mean,fwd_pkt_len_mean,bwd_pkt_len_mean,fwd_pkt_len_max,bwd_pkt_len_max,pkt_len_min,fwd_pkt_len_min,pkt_len_var,pkt_len_std,fwd_byts_b_avg,flow_byts_s,flow_pkts_s,init_bwd_win_byts,init_fwd_win_byts,fwd_psh_flags,psh_flag_cnt,Label
74.601685,201.98708,81.51744,392.77606,24.437008,58.275764,69.60662,81644.08,7.4564257,1.4972312,80.92527,61.456303,181.78091,810.31555,66.18595,4.290909,5
89.163315,155.35019,91.24652,305.0705,76.34015,61.451447,68.46717,20708.46,31.24994,0.71411747,32.74236,4.60086,5.706525,8.94145,6.9079943,0.026877677,5
65.44417,90.84825,5.0548744,166.88162,4.7797546,75.24879,67.40352,32785.93,14.72135,182.93808,63.645138,67.73145,0.11188715,17.66595,6.396064,6.816031,5
132.60669,98.949905,15.420786,116.728165,79.01073,61.295033,68.05599,44.424828,36.606613,2.8150175,188.79942,8.080769,1096.4979,627.3166,46.633595,1.7950535,5
66.52399,124.71708,104.23703,123.099304,63.98021,64.073166,67.636116,5712.364,1.231822,99.387085,500.89978,8.45529,454.68155,1.4811664,1.336709,2.070825,5
85.965195,117.00372,122.14389,85.87107,29.641241,66.245316,67.50964,210.2689,15.6245165,0.4179505,5125.865,1.8751857,5.8913803,2897.54,117.52971,0.8887224,5
75.47469,118.552124,118.908775,89.23343,18.762596,70.76921,68.423164,20202.736,1.1298137,60.955753,288.24554,2.8016427,0.9861079,1384.4442,85.50603,7.9352946,5
63.990963,142.56506,9.696496,210.74918,4.333356,68.89403,69.50761,1014.526,12.581501,12.231377,102.76903,34.415737,337.8171,0.9098613,1.1404594,2.3177392,5
71.28494,79.62303,155.08366,134.36021,79.54027,59.926765,67.04794,41.7974,16.959492,0.68320674,2123.8127,1.8881896,17.290829,3517.7703,162.3494,0.53530014,5
74.27898,191.12639,101.565414,594.18805,58.51151,69.066444,68.63053,2246.7827,44.76037,1.1497216,66.00551,12.291159,120.90647,1.1146532,1.7295403,2.2224462,5
70.807175,90.407104,170.97357,101.59828,14.744216,67.47244,66.96006,2895.6636,28.511574,0.3545219,11667.529,1.9079993,48.987988,131.52625,23.614567,0.28386447,5
75.66188,222.54669,87.23817,411.38107,31.538975,72.65133,68.056915,91.14128,28.74254,16.430176,30412.832,2.0549068,0.39529836,100.33424,20.77735,3.3216684,5
96.771774,78.33165,160.70103,140.62479,195.46648,72.189064,68.79015,111.74382,4.343344,599.58057,655.64813,1.668329,13.785513,0.6669053,3.1437476,0.8987689,5
133.52295,220.943,62.41589,225.43279,53.28457,60.02661,69.510666,4881.0547,34.04293,0.94141227,736.5747,1.732949,0.5762267,3.6409645,9.867399,4.978696,5
145.9635,153.66039,22.180359,512.2939,9.307094,67.63206,69.9774,74.52472,1.4548068,0.2803382,395.3707,72.49896,161.32687,3728.9307,71.168465,2.0104017,5
66.527145,107.64628,4.945195,94.395424,39.898773,69.91471,68.65501,100.30497,8.689128,0.07137979,561.0338,12.416245,1.2709535,3205.313,156.26352,2.0454345,5
89.585556,173.30525,12.952873,623.1367,4.725816,67.55739,66.56084,10222.515,13.420078,205.79462,3818.305,23.330902,318.36694,0.5727879,2.116659,0.66347355,5
240.26631,90.593056,24.781425,125.845146,78.69419,69.9182,68.70511,54.715157,50.17559,1262.593,13336.933,1.8343126,1.9706063,11.121071,30.029264,0.021509035,5
264.64972,115.227104,32.468098,107.81219,115.759926,68.59389,67.41967,598.4644,51.35576,1.6048615,143.36198,7.7116,1519.1022,3176.2012,36.318653,0.34172267,5
120.27687,76.74547,128.81995,157.24692,72.18128,75.01881,67.672295,34992.39,57.530815,0.21171938,72.41783,3.026178,6.7097387,0.43711048,5.009355,8.402987,5
279.68158,201.15492,53.40664,380.51782,4.190968,69.90738,67.58953,5590.941,20.084028,4.6651983,3805.8718,44.166824,0.6537574,0.35206366,35.656433,7.089573,5
71.73106,71.65961,207.85735,181.49316,101.96847,58.996025,68.681015,20.624342,9.810743,0.13123012,169.58124,1.5983889,0.03332641,846.9957,71.104416,0.048174985,5
215.32603,130.60275,37.604477,92.89402,47.794907,62.964916,68.15066,62.959488,0.6334499,0.016774623,111.86657,26.363945,0.30002907,3181.9392,46.551113,2.586539,5
71.2304,92.875175,169.57823,101.96734,17.781052,71.751724,66.88353,13230.788,9.2522335,0.615679,175.0817,15.81496,252.98903,202.57419,31.148582,1.3987192,5
174.72697,207.04695,31.325975,288.56845,33.61092,63.96568,67.19034,30.404655,22.870415,0.30020225,17390.979,80.57413,17.331228,3715.4521,57.707695,0.7779155,5
162.12227,107.80327,13.152383,93.34529,80.99245,68.92393,69.16143,34.572388,34.038895,2.5535216,1684.7438,1.5831573,0.22037332,0.3742109,10.745226,5.5433745,5
153.92389,107.22348,15.4915695,95.894264,100.46547,59.712097,67.64086,12707.09,1.1560183,33.35576,81.50308,4.2855773,128.44727,3732.3152,67.03279,0.07990902,5
166.80383,89.373886,16.796951,158.28201,64.82111,69.916374,68.31873,88.29847,3.1243734,90.38161,21114.621,1.5098202,9.881494,749.9437,45.12414,0.09600384,5
213.87718,217.97583,49.94059,375.14514,5.1007013,68.91183,68.21532,1294.8815,33.638927,294.97787,31.635788,96.50462,31.959824,3956.6636,44.40233,0.84892803,5
123.77289,183.10803,89.55238,381.52264,136.60628,59.396442,68.09937,1368.959,44.749718,85.816536,1066.009,57.46752,246.01593,72.94463,21.47447,0.059795715,5
61.624702,169.67456,98.26344,229.18466,72.45615,64.18174,66.01382,1418.701,1.7867193,13.2776985,238.48216,2.0430443,1152.8539,488.955,53.87625,0.75063443,5
100.96776,185.14603,17.011648,438.00436,22.40622,72.44795,69.11223,34.40566,22.497711,0.78440917,227.86987,95.24329,29057.441,358.92346,40.84087,7.1881294,5
118.23189,174.18433,17.776878,357.73367,25.643375,63.05529,68.32425,237.58684,23.762379,0.029343223,551.48584,15.352323,534.065,8.356541,10.357022,0.7745219,5
67.586685,219.83159,87.158676,411.82297,6.2057815,66.95951,68.21499,452.19846,383.37683,0.14947206,5.1257105,1.8620468,1.3202282,2764.5967,138.5632,6.997338,5
145.3061,129.9751,89.32262,128.7825,78.70305,73.34531,67.72231,89.61087,18.361385,1.1355004,186.44156,8.231085,0.04632081,3605.7703,74.01564,1.5651765,5
205.1694,160.80092,30.507792,462.52252,124.328445,71.33138,68.87483,483.32327,4.751721,347.8094,334.04465,140.93063,2306.0928,13.747642,24.675861,6.3139043,5
111.44182,187.53839,19.34458,328.65497,7.556468,70.16216,69.2335,110.39063,52.745224,0.6216829,140.71585,2.0019677,4262.6895,2.8476722,6.9478993,0.824169,5
68.57441,71.73678,217.84637,196.24239,39.384674,60.27066,67.40333,381.6748,0.6114329,0.48706803,99.68335,128.43196,11370.172,0.42280185,0.79830116,4.1408668,5
87.86418,194.87483,17.394617,211.28308,113.33213,70.839714,68.39602,76.29863,13.506773,41.643265,145.25128,23.200043,10.5661,0.97215194,2.782676,1.1156265,5
73.836426,159.54721,110.13761,220.26353,90.26168,69.57313,66.67707,176.85495,62.203426,0.22462162,3416.3984,1.9532559,0.33513048,2.7663674,2.3885384,0.02003869,5
119.5065,165.39423,92.90755,271.439,84.08593,64.09769,67.42747,73.691475,48.47781,0.78313756,6.2574844,45.665558,0.09915655,1977.0978,67.21463,1.2260171,5
330.44662,183.11682,52.148655,576.106,4.152821,60.21763,68.3298,57.39522,60.637074,217.84618,57.081833,11.2043705,380.31195,40.750755,39.372044,0.015052593,5
156.81332,143.86917,33.704712,250.29475,125.49235,73.44332,67.61779,37.39585,7.599847,1.2093778,609.41656,2.0058877,21996.81,84.12964,26.679876,1.9518273,5
197.81848,179.0668,39.116825,421.89902,89.80853,67.98073,68.392746,654.34216,1.7374933,2.7741294,234.8205,1.7172256,1.8781383,7.8187604,20.885477,4.3204317,5
238.45247,124.25986,29.228909,122.62592,39.789474,57.879745,68.99605,223.05669,4.87899,43.1303,52.75689,2.4082012,918.59564,48.74601,32.353184,0.79476297,5
98.08899,96.67349,10.007066,109.28283,178.36786,71.80913,67.62234,66.81624,25.26799,45.30979,533.3027,6.480285,291.34543,52.431473,16.88962,0.13931732,5
131.1373,176.2796,20.688532,584.99713,77.05902,68.67102,68.21261,4509.235,2.2814095,6.7363753,4640.115,13.699939,1.7222786,3661.9292,83.63584,4.1144094,5
351.89276,205.58774,43.03455,269.58853,4.3663406,66.68504,67.63687,30005.914,14.896125,0.11690266,774.02216,1.6608853,28.250689,1161.3964,30.601713,0.51941013,5
62.40842,99.52092,5.0761385,112.01623,16.18656,63.029182,68.34009,52.60903,53.721695,41.970856,9719.465,3.2054863,102.89618,179.38994,27.288258,4.8809795,5
131.85051,112.08011,98.35337,118.68257,51.592876,62.4856,67.960106,2411.3228,2.3008962,83.057045,2078.3618,11.838681,5.333848,0.36260578,6.229664,0.07071004,5
147.60004,93.47588,12.441817,132.29,44.254585,63.46878,68.15587,1968.596,11.751772,0.22638132,68.52496,10.857849,72.051445,93.46304,26.925247,1.5598651,5
285.8805,203.15755,42.70725,405.5654,145.58292,62.60159,68.62974,7853.872,63.503895,163.4233,467.86386,8.405522,0.01600382,3.2328892,38.597935,8.585621,5
189.28815,176.6788,75.05724,564.7471,118.40251,76.64685,66.92206,39.649628,2.7949865,1.1441797,198.39192,61.713425,7.3582,99.86658,30.417755,5.151915,5
62.144955,184.55273,9.807996,364.26282,155.41177,58.703194,68.201454,69.64286,9.400916,196.9732,671.3762,37.586697,247.09224,0.61895424,0.63907945,1.8229362,5
83.678955,135.80821,124.65319,178.75102,98.413605,67.98454,68.25345,1320.2874,3.565344,240.94489,777.68945,1.7442946,15.093131,1.8526307,2.9192836,2.7224457,5
63.11867,186.11499,12.039188,343.58505,4.939397,63.336422,67.29571,1341.994,199.3314,11.661886,113.4087,50.598763,1.485456,1.151722,0.85559064,3.7126899,5
76.26971,146.92981,9.634248,212.76712,4.206124,68.85828,67.63203,332.85144,17.309048,0.18471691,2144.7053,32.18654,279.46686,285.66895,35.458477,5.7067776,5
162.74377,196.90723,21.059116,292.61407,4.1171885,57.823227,68.27303,629.06903,5.4592247,0.31160998,14834.543,2.735512,7.884757,354.82916,37.616333,0.28912944,5
198.46553,209.7463,32.768597,334.38193,5.485096,66.270004,68.22552,790.28894,1.5689011,1.0459038,31.130484,4.033723,0.06266511,0.6495567,17.055004,0.5196883,5
109.411476,116.648026,10.118288,97.7977,87.57144,60.320965,68.44783,7026.2627,36.251225,12.722262,440.53705,116.53027,0.32466036,155.6882,28.96126,0.15557681,5
160.66833,120.14099,69.56472,95.089905,15.857171,68.94367,67.981316,94.1693,0.8218651,0.032831892,56.94932,2.0053382,1483.9216,66.84567,26.790392,0.7749228,5
140.1355,221.58917,67.242744,216.57956,190.04102,61.503223,68.451935,478.9499,1.0436846,0.066704296,429.64056,7.267164,515.2224,0.5929463,7.5477676,4.724313,5
167.74117,207.20564,43.902603,279.56918,4.802924,73.7903,67.059395,4170.325,54.44184,24.231577,234.88887,80.38034,0.025237257,0.75261986,11.532252,0.17468928,5
63.22084,143.43951,8.818348,157.8471,95.606155,68.804665,68.34472,171.36237,7.0385985,0.4150923,329.84927,1.5899458,226.25366,0.47323748,0.63448393,0.039098173,5
213.61433,177.75865,25.247688,591.05426,38.35605,76.66425,67.94166,1212.2477,35.47104,0.87486935,322.5813,2.7567239,0.2098526,34.228455,28.354057,1.6495413,5
62.52636,188.03586,10.521719,271.52826,55.924843,59.386654,68.27145,30.389444,0.8565384,0.013505394,841.27325,73.63743,0.4249017,0.39339644,0.45523065,3.5198789,5
64.59471,151.54063,123.15228,172.90924,135.32762,57.308186,68.2996,26.36105,55.883163,0.82480276,560.19324,12.159506,154.21307,2.10436,1.57753,0.029793326,5
110.31215,187.60916,17.013271,498.16055,48.134796,77.24271,69.15641,473.32712,34.151333,0.020477831,647.3873,25.193932,1.2455131,3540.3665,96.67447,0.10142215,5
279.6061,80.6453,95.6982,140.20483,80.14041,63.365295,69.16163,5269.3945,1.863968,455.64014,7425.3115,2.067253,164.96173,3526.2705,34.099255,1.8182685,5
153.0417,206.50818,39.193626,220.25183,41.265648,61.009132,68.21347,116.9725,7.1181197,5.574645,77.86623,3.8487961,0.23383072,42.29146,21.32597,0.21936658,5
242.20984,154.508,43.156746,329.2461,33.328632,72.40138,69.21441,108.882164,36.880108,1.0384524,3.9623427,3.231646,1.6570948,2753.0894,39.96084,4.1074514,5
186.1495,185.00381,23.440565,512.1194,31.390741,68.55232,68.459915,134.36693,15.670936,1.8507481,6590.33,1.6664196,10.107507,1.0153192,15.004514,2.2335088,5
117.64546,140.36261,82.02077,189.37845,7.6387973,69.93869,67.602745,893.52026,97.23446,2.959658,73.92465,26.885674,10.93586,0.685303,5.168337,7.094971,5
169.79758,184.64282,51.679707,485.00748,106.72628,65.37881,67.725266,176.93951,14.664356,7.9535127,705.4687,40.7435,0.38874716,0.53294593,11.474302,4.926477,5
83.742615,95.62882,142.26717,102.55954,5.909717,59.48671,69.301414,65.809875,27.03326,20.395231,169.10477,1.7429388,82.99558,52.65004,15.835555,7.208757,5
184.85078,185.27487,43.99379,494.29755,38.289597,59.445133,69.384766,51.50633,23.803953,1.0256102,863.0742,39.26823,21.778244,30.575405,22.890862,3.7311716,5
64.13138,159.48468,12.223562,575.3198,52.98852,70.59626,69.7396,36.436363,17.10985,0.03204737,45.110077,3.5532804,49.53643,1.3768065,1.4022386,4.178933,5
140.7681,123.227905,33.168556,94.433685,61.209812,73.3674,67.01216,59.30893,1.1007649,3.4262516,176.62755,74.44499,1313.6401,0.5762752,7.3441153,0.22036527,5
113.936195,75.25228,158.83438,192.58276,34.610054,61.656933,67.74181,6296.053,89.21635,65.0136,17.440163,5.5449605,1.4547207,3373.8894,88.805984,1.2936335,5
66.314125,143.99432,8.1388035,287.7508,5.3259134,59.4394,67.692894,609.18726,17.831503,1.430099,15.771639,36.482136,27.847101,2.5452285,1.8522488,7.2176156,5
220.19855,211.64293,59.636444,337.82697,4.122468,73.76046,67.02079,54.802444,3.3165705,3.0500379,86.597466,2.5798247,65.146,3590.52,44.74958,5.3277326,5
177.60588,177.3123,36.301758,459.552,62.9982,72.61885,66.92828,38237.88,50.23751,26.106226,3585.4407,17.257118,5.309183,3.1898522,15.309178,0.5978451,5
60.67597,92.842545,4.024328,154.38947,39.897156,71.12491,68.3467,38.663338,9.349625,4.711799,151.0221,108.16995,5.747879,1511.7188,108.3958,0.041674092,5
85.55604,117.80313,10.540233,89.49187,27.255829,70.31516,67.95757,120.88979,9.338389,5.3758097,78.10927,86.29241,13.432423,1.274266,2.6563683,7.3184934,5
63.43734,135.4756,103.3338,135.47612,64.12852,72.548355,68.33248,795.7573,10.112359,3.2519174,252.6724,117.060684,0.18631658,1.238088,1.1199691,5.5164843,5
89.50766,141.44165,10.57756,342.733,5.1295977,62.854202,67.5218,548.6655,32.21309,8.311239,76.718414,21.943977,31.921057,1.7557096,3.4763,7.501812,5
143.23695,205.5707,23.775183,213.1298,142.87982,69.02947,67.59182,95.95268,4.069949,1.6829194,623.3507,5.610305,48278.09,0.4026188,7.7123394,0.423939,5
122.25516,86.92178,10.5597515,150.33884,13.407466,63.5134,67.159134,1605.3113,57.51569,37.216557,13.17852,1.644066,0.68293166,2.3084302,6.9597955,0.01355637,5
62.588245,166.12292,11.466024,523.5343,10.41151,60.348953,66.538895,181.20093,52.451416,1.8224366,2.3920107,4.4343014,0.7505374,815.6567,74.53563,2.8132408,5
169.51309,94.17534,72.05918,104.71831,65.2599,67.76138,68.01711,61.884052,6.2597547,3.9397552,2001.3113,4.0530887,303.9293,92.95636,27.490406,6.355837,5
128.76016,88.4397,10.957917,173.40152,16.223494,67.30405,68.2075,606.3344,2.52247,1.3911941,85.45321,17.536152,1.4025468,146.749,30.98733,5.532726,5
251.59222,98.3963,30.857738,100.294586,38.739185,64.6546,68.09061,51.354935,1.2802352,17.061169,848.387,4.444725,41.570328,0.4398395,28.317596,2.9737706,5
322.19843,134.60298,51.47071,107.55431,113.524796,69.64737,68.69338,42026.324,19.54311,117.81792,792.8823,154.56732,1.4020007,1.1930591,46.10592,0.022530746,5
133.0851,85.24104,128.29736,120.69367,180.72813,68.54867,69.638275,97.23788,37.0141,4.6881676,71.623795,8.607146,649.1632,21.040237,15.918005,0.17771924,5
91.25202,99.952896,7.6427073,115.92434,168.33022,72.96068,69.150856,976.32385,19.798525,42.077034,82.24997,55.31463,423.86365,2.8233163,4.4089622,5.941535,5
60.594204,107.47975,5.085055,107.548615,4.7222996,66.78675,66.82394,257.79297,3.1321785,0.04357571,76.210815,3.1128836,30.12875,2.7478104,1.3911743,6.3194857,5
61.690495,130.3697,7.0626254,132.69145,173.25314,65.27036,67.88773,15.606496,6.6946936,0.2357442,622.04156,37.92405,11.699127,158.43613,26.525303,0.7953485,5
62.267227,147.08897,8.284443,374.72083,19.995846,70.41405,67.60143,398.81888,3.8163671,13.4648695,92.04222,17.421034,906.99835,2302.6025,136.10013,2.0744586,5
142.17955,177.48116,19.026081,444.54828,238.85414,57.56669,67.68218,64.40076,3.2138348,2.4599333,47.071407,1.8696892,0.6805548,7.3453827,12.70729,3.212572,5
109.566635,88.405075,117.19068,108.31086,5.87525,67.76669,68.108,38411.934,1.0115808,0.22256419,824.6034,87.55151,0.4386883,0.83043337,4.342709,2.6833768,5
105.336975,229.79431,75.4674,213.8363,72.05918,77.59742,68.7651,306.91302,218.1513,0.5322878,60.36092,3.6024008,0.6575891,0.46928942,3.6760006,4.1038156,5
73.26329,77.73246,218.23053,126.53065,100.281204,70.31397,67.769455,85.23923,13.082404,0.022197805,1.5712984,95.41522,0.27444553,3084.3342,138.53265,0.6409444,5
172.03096,82.35715,35.19469,186.11508,152.55664,72.1126,68.02606,242.74425,4.6241684,1.114348,3.2289355,50.207115,1.6369181,376.0849,38.697796,1.5288682,5
159.16534,77.055374,99.48857,176.22112,146.8029,69.13688,68.15392,5788.7705,39.611877,3.644602,3039.1753,1.9398373,380.49655,0.5920768,9.961987,6.0821114,5
157.38234,88.802124,73.12729,121.88451,43.73564,70.56759,68.86474,32.876717,47.985813,1.6727247,209.82933,14.040575,3591.2668,2692.8289,59.290268,1.577359,5
102.057274,181.58664,94.70607,439.06656,65.12012,67.290825,68.341644,60.939064,14.92478,0.42976478,3406.5962,43.908813,310.91513,39.93,16.456356,0.513497,5
61.267654,235.09885,82.40553,246.03477,117.17936,68.57404,67.480865,13755.391,36.178772,2.5899255,181.55235,88.2496,0.040127106,2948.8203,166.16428,3.9143395,5
182.24377,204.41655,38.13627,265.6569,54.630524,57.75085,70.18242,61.611626,113.1154,354.14417,522.4996,16.300055,698.89514,0.65219814,14.513379,3.2400744,5
129.40688,150.81746,102.86101,167.36935,152.37627,67.53686,69.30983,283.75333,44.706055,0.8081902,3.483818,101.37227,1.7663124,0.874755,7.3136535,0.124800876,5
74.13363,142.55835,10.235842,180.02362,162.15004,64.073166,69.843704,89544.664,15.485963,0.59330666,41.61551,3.3066316,952.82465,844.85736,65.11252,7.1182013,5
63.057705,106.00014,129.21127,96.733826,7.528112,68.544495,68.00593,41.166126,46.595192,1704.3789,50.757294,5.479892,15.824344,3.2003858,2.0412393,0.07180086,5
156.60463,79.710655,92.72855,158.38998,187.63776,72.55488,68.248795,704.7754,86.58114,1.9760106,268.46432,34.7384,32.27733,1.4215167,10.582671,0.35290077,5
168.5465,79.37422,72.59515,169.20627,174.93524,64.013,68.57716,481.44012,2.9608154,0.9073427,50.544006,38.221367,21.348507,2232.4575,54.912582,4.464294,5
125.74515,105.23268,21.891108,96.68831,15.7578125,63.738544,67.97865,2677.1687,24.852211,31.945988,670.2838,6.5120406,50638.785,553.5993,44.366558,7.666738,5
133.71129,184.714,22.680447,479.9804,18.27544,69.01541,67.05411,469.20676,54.51242,0.40470767,814.41,5.353462,0.19319543,943.0267,53.737587,0.059481643,5
224.52882,199.13501,68.29586,465.16043,4.8544087,67.50389,68.729515,542.1045,18.647026,0.9835744,1.5548697,62.66367,0.23929676,0.33618295,21.68814,8.677456,5
66.55362,88.79039,209.83345,110.16782,129.52228,69.39275,67.694855,269.07794,44.186974,0.41752407,107.21956,1.9687248,153.75163,114.49272,21.769356,0.962836,5
68.93443,103.72627,6.3205414,105.00987,9.413589,75.14749,68.89653,163202.83,40.8148,0.019150067,94.7566,24.667011,9632.237,240.68716,34.617508,0.64988947,5
142.14624,111.05607,97.41454,90.62743,20.3535,68.381165,66.77854,237.4332,1.0146627,13.350092,207.31279,2.2411726,7804.7803,0.5517451,7.4829593,3.659953,5
62.6671,95.651955,4.9721484,134.38435,98.800415,67.570465,66.92928,31.986284,54.42839,5.4858155,290.2647,2.3111386,0.026739169,94.691696,18.32686,6.796361,5
67.56579,109.37458,8.18732,95.761475,77.32804,70.2268,67.215515,71.39422,38.010216,9.980147,58.42814,8.013398,0.055177044,0.7972437,0.8658588,0.012651726,5
266.51425,84.498085,26.757984,172.46375,61.310333,68.162926,67.58508,32.05265,8.004563,0.6968013,602.67224,39.31655,3.5511742,3105.8027,36.022488,0.22549146,5
153.69542,105.6477,17.235607,95.67067,26.45499,73.89619,66.94137,17743.428,10.74722,1.1227279,389.6664,50.71235,0.045446575,3630.2678,70.39934,7.552758,5
80.97505,80.37463,176.36398,129.21635,5.784375,77.02315,67.59009,72.17458,1.8989344,0.58449817,2.1486301,8.22857,0.61131245,0.75833565,1.7759953,0.4821861,5
65.11094,184.41537,12.718923,375.1842,19.177029,64.59702,69.3851,26.129845,41.92044,758.77716,139.55087,47.18689,402.59753,1.284268,1.3837917,0.04938919,5
77.34433,89.77711,6.043455,166.74846,8.381474,66.769264,67.58933,5025.576,45.947895,44.887398,123.88413,64.35281,0.44192207,484.5294,50.310604,0.25377342,5
343.25018,214.06139,38.75489,208.0619,62.2087,65.78904,67.23155,136.46953,27.432348,0.4892335,71.154564,1.5868826,5179.1064,3215.033,27.893494,0.10237758,5
112.61524,72.85657,141.8907,179.29999,5.079584,66.64916,68.20869,233.09636,44.66741,1.6757326,5230.6396,4.119173,0.76398134,0.80599535,4.791296,4.027649,5
204.01857,79.31449,102.62988,177.45248,75.490776,68.168304,69.87033,47107.562,30.27319,0.63535136,79.941475,7.9933767,0.14669684,342.22592,31.936768,5.170965,5
181.95111,195.73929,66.35246,493.29623,12.2583885,59.24618,67.92155,50.470547,7.99271,91.13074,36.375156,15.628271,187.90852,0.9820199,14.656392,0.27315378,5
105.72594,162.44734,101.33625,157.37668,4.8744154,58.984985,67.87263,183.93018,12.785061,0.95171297,16506.04,148.2128,9.464956,2670.1172,93.78801,7.20347,5
169.53423,194.87894,21.711863,248.48747,319.15082,58.99076,69.944,3906.156,26.294403,1.9017166,195.31824,86.816696,2.8410168,0.41809243,11.977655,6.77616,5
60.70771,91.13012,3.830951,167.4389,73.267715,74.17502,68.18067,7887.601,12.971385,64.41851,3219.6953,114.59167,2.25631,69.07179,15.464304,0.01334178,5
68.49477,178.51974,10.720856,338.5326,72.90825,73.350876,69.32703,4614.167,81.113976,70.859375,1.5991251,1.8782513,0.2885009,5.9412117,4.021441,3.8580422,5
178.31938,171.30887,38.671272,417.94385,43.102013,62.278873,67.71599,32.96461,46.722145,1817.0303,144.86789,84.12002,183.97983,0.7482593,13.41564,8.500155,5
253.60709,76.89267,47.674797,187.57445,8.744844,68.499275,67.28349,3696.5386,11.832459,0.02365567,243.45345,73.093575,9172.849,7.019085,30.080797,0.05251717,5
60.863678,132.53313,5.9095893,155.10808,81.108536,69.26699,67.70164,1500.9304,1.1834255,559.1858,3009.0908,69.48714,224.33522,0.4295302,0.42278984,0.74381214,5
137.23381,116.154884,30.271288,102.58073,117.5188,74.43104,67.584755,51.399265,46.35682,11.092956,123.69289,3.4654222,15620.441,19.669537,16.501102,1.3686587,5
61.99789,202.12912,99.35847,574.3728,21.9205,67.552124,69.00667,288.8247,1.1254505,13.504192,571.24646,60.159218,0.93154234,39.933327,10.726711,1.5047548,5
139.11966,85.26555,105.492096,114.637596,7.184212,58.283592,67.88018,554.5956,65.36561,6.542449,113.13744,16.95536,0.044610705,1.8792536,8.801265,8.002174,5
82.84404,195.88907,93.54439,520.2478,13.601297,64.78352,68.82171,38.53723,17.609713,1160.182,131.81175,37.583073,0.96437275,2104.8057,107.454765,4.7001586,5
198.13083,135.38867,36.74236,201.843,60.876453,71.79226,67.574585,118.0929,12.401136,0.02580928,2116.3274,75.04498,20.340973,3569.374,51.020134,1.2894934,5
69.26605,98.22019,7.1512847,108.890076,158.61975,68.16933,68.29236,57.210094,13.739525,186.00232,5710.9526,124.05784,155.54213,1129.7133,80.69469,1.6797123,5
70.99461,183.09074,12.173214,376.50787,178.81677,65.61894,68.03334,647.3706,19.698437,15.713662,592.0011,79.748726,17333.734,27.981258,9.87186,1.0720909,5
308.7779,86.10144,55.534122,159.5227,37.124176,76.661545,66.78584,19097.637,30.641527,3.6699803,82.21536,16.611897,4493.781,26.183363,39.57956,8.756619,5
227.36285,204.863,30.48323,396.10434,61.512135,58.032227,68.85908,1947.4734,47.37791,85.99585,718.43207,42.53361,30.327972,10.430601,27.822084,6.3889885,5
68.95221,150.05614,11.267939,435.56448,147.3763,59.218582,69.7306,348.4428,36.937508,16.958519,367.57428,2.461355,891.9026,3873.248,173.94717,5.964873,5
127.5269,131.7252,15.609177,164.14894,48.60513,67.67838,67.84793,1507.2395,43.566246,140.57497,28.324587,14.026918,3.4076858,0.36411804,5.649943,0.5571034,5
61.93955,103.66008,6.359817,121.08652,74.99891,71.724045,69.98793,400.28345,27.837248,276.801,2082.2988,57.635513,0.61407614,0.577365,0.8597506,1.6743444,5
137.48491,83.70032,20.355846,189.92764,19.943766,66.045494,67.09471,74.26498,35.18037,11.152585,35.93335,24.734102,592.7132,0.36482203,6.5553155,0.8983349,5
66.87,72.78835,210.0021,176.18765,49.84764,67.339134,69.144066,2053.7004,37.16876,91.634285,69.772026,10.334005,8.318836,4.9340105,3.1348138,2.5023797,5
189.37509,113.60668,123.2054,101.44894,81.36322,72.740616,70.18857,3181.8906,74.89559,21.921925,21.019554,3.7296965,10.149029,9.961372,20.24389,0.66587245,5
103.08495,184.01776,15.837474,404.2643,6.726353,70.73613,67.76837,1047.989,36.708305,16.963402,571.15314,51.265163,2893.543,8.759493,8.839281,8.223088,5
150.82224,78.16897,132.86967,154.48315,77.43654,62.281197,67.9824,1601.7666,3.2395053,2.0153236,84.936615,63.235542,8786.069,57.457096,24.26534,9.01871,5
97.05554,93.326485,132.54128,100.31912,6.7470937,67.16973,67.87887,19.661594,49.39302,15.766449,225.21242,81.93573,478.24142,0.3755428,2.8155,6.1735067,5
178.34119,202.1943,67.70845,385.19455,48.20665,66.20611,67.551865,9949.827,68.59067,16.362272,20.673908,36.422226,35.41214,0.40442193,12.711464,0.7514777,5
343.6186,209.54663,48.25987,269.99564,4.212919,66.74733,68.8064,6989.033,1.7335136,72.62808,5.853331,9.975936,1.975673,1.3298542,51.02337,4.4356117,5
69.00406,189.693,12.074553,295.74225,87.3253,67.778336,68.32806,180.74963,30.26528,458.88028,308.15753,5.337595,13.3796625,0.92298436,1.2179191,0.17667094,5
167.60983,93.406624,100.203094,98.47591,153.49792,73.28355,67.66895,23.9875,14.234095,0.1448549,703.4181,4.757261,121.13764,10.1301985,16.909843,3.2484686,5
89.83833,90.23831,10.757748,153.95743,4.998599,76.05383,66.77909,546.1786,198.6153,0.020820633,98.54376,2.3410254,1377.6418,23.550962,10.82708,0.1342833,5
129.46278,104.65587,139.94113,94.5677,22.764614,70.2267,69.33018,43848.79,65.60636,3.136666,250.59282,1.7664492,2206.54,3.5444973,10.077294,8.373715,5
166.65627,193.55869,44.95225,485.78094,53.422195,76.39464,67.64168,4953.464,2.252117,9.116719,586.0792,67.53212,2.6318676,2995.4746,58.861546,0.46100396,5
102.04361,129.0905,15.785232,179.2888,32.922382,69.86215,67.60153,192.06717,39.697628,0.22175264,23563.379,9.1605,4.3866224,0.69122493,3.608317,8.165789,5
157.07248,149.03012,84.30705,201.31027,11.855203,58.52099,68.36648,12974.441,104.5706,8.908017,963.57025,6.3249564,259.20346,0.37645054,9.685362,0.17097095,5
138.40384,93.96947,107.91528,99.43938,9.054019,67.168236,68.591965,1272.0123,1.0893469,6.024853,75.93133,1.6817727,56.868443,3542.8699,76.47861,1.4778569,5
168.27087,103.890045,15.802789,96.87616,21.456436,69.08846,68.25322,8036.733,119.14171,0.016706327,69.907616,12.337651,1.9814538,136.09477,30.848915,0.014685843,5
65.00768,180.36005,11.055664,437.64655,103.93072,67.56095,68.58543,308.37845,52.724957,0.06985762,265.12973,72.75943,0.044000458,4184.5747,191.06795,0.02402211,5
126.6698,194.4657,29.378645,251.03061,12.940341,67.22625,68.108826,1936.1287,43.162483,134.96913,1824.1606,5.829393,458.78467,0.8075845,6.286195,1.4816918,5
68.20723,146.66603,9.07416,415.69452,44.030785,64.51619,67.12287,457.55243,18.881207,2.1532595,232.34833,5.818812,5.9580894,123.869125,22.92461,0.028783916,5
64.60297,89.7292,148.2012,100.77438,105.539536,67.78394,67.02556,9329.026,10.119769,9.065363,951.3449,1.7154348,12.919059,0.61962855,0.6012236,7.8995,5
60.596348,95.13656,4.452925,127.99352,14.339659,67.27051,67.37883,123.08227,50.928757,19.187899,434.59363,1.6939728,1.8363706,54.761803,12.878979,0.014050009,5
155.83987,199.6242,38.190605,261.38498,47.475636,77.80938,67.05794,85.07707,38.70215,313.37228,44.322754,1.699244,94.09282,1264.1715,52.310883,1.7521161,5
139.87845,199.1915,20.803928,226.49045,36.094418,77.65452,69.466805,46.42174,31.237095,1.1099957,6.378659,1.5800421,2.014069,0.47449574,7.8402514,0.018470509,5
246.48528,129.51181,50.01997,130.21106,99.717255,59.909683,68.2995,204.63617,28.665842,0.025678057,793.8656,1.6479536,3.9409196,903.9351,39.019634,0.018653538,5
90.63062,165.64522,16.89112,482.59152,195.81387,67.43605,67.2146,153.30812,22.269531,2.8996708,420.37323,40.15345,0.020156153,3624.0847,124.40287,7.562019,5
60.9515,183.10515,10.974467,199.47455,151.74443,67.6319,69.4788,44.74479,10.372708,6.4281683,45.56229,8.053206,9.734027,3100.8054,159.36786,0.5756653,5
65.49837,201.42964,90.74919,582.5169,112.474304,63.74805,69.67039,22.951704,33.268055,0.5532497,6583.2812,2.749265,163.32031,3014.5215,144.89473,2.2351325,5
104.201904,103.03067,13.065771,97.92587,56.89077,69.63148,67.6193,72.646095,9.964247,0.046937454,94.83699,6.0193934,1067.5997,0.6931501,3.7787127,6.6256876,5
149.77039,199.5234,67.88757,459.31622,19.515362,68.947174,67.26468,589.03864,1.28443,163.71333,46.939133,98.14457,1122.3619,4.8207474,12.739613,0.44864476,5
65.86766,158.22589,10.341499,439.86108,4.2379932,69.36973,68.96976,53.270103,47.817665,163.87048,2582.7498,2.0597138,0.19192268,2473.7112,134.81058,0.016596638,5
151.19415,122.50143,21.071337,100.7851,111.07531,68.66222,67.165405,1313.7537,3.5071275,0.08957506,6563.4746,1.6131724,0.17052265,1706.6892,58.887043,4.0567746,5
106.414566,85.08483,170.07251,109.13306,10.82163,68.10682,66.86353,813.9109,2.340991,92.82872,56.065266,48.534172,828.14545,0.34460613,3.2455559,2.0461223,5
96.80987,188.16434,16.159573,276.1273,201.55661,66.56702,66.91921,41.11837,1.4262047,0.4185913,8.38293,1.4808115,10.415981,3691.063,117.5305,0.05195737,5
208.21059,93.9624,19.364773,108.42616,163.91327,67.103874,68.66391,241.29805,4.2444725,43.19445,705.0848,2.2204216,184.35129,579.77985,38.33839,0.045503493,5
131.31763,72.48518,158.95813,182.15973,16.030422,65.407524,69.14259,469.63788,1.0348945,0.06552652,162.42014,2.2081108,5.4914327,1.5434772,7.889936,5.043647,5
67.71779,181.25333,12.00028,458.68185,164.35745,66.73286,68.13543,3976.57,14.655497,34.96441,200.82715,84.966034,1329.9705,89.15747,18.33903,1.1995342,5
69.28311,221.15242,90.01749,348.32587,5.117364,67.88987,67.93522,140513.56,4.655004,0.834955,82.23636,2.402353,0.066077165,627.6139,59.016228,6.511908,5
234.46901,222.26567,41.957664,206.14091,37.31333,67.99543,67.56317,406.1907,21.79014,0.1545395,2.123901,36.734802,0.49478692,17.836046,29.727243,8.414039,5
143.12234,81.23909,126.12732,126.09319,246.44882,61.732178,67.06199,29.58838,4.6339493,0.8278801,4.060976,13.981712,2.1138613,4.944198,11.6975765,2.396347,5
61.502865,101.04821,6.309846,112.8645,61.068443,69.0591,68.16801,3326.6785,68.91789,16.782827,144.77519,3.1333008,4317.3364,0.4464022,0.46404198,4.482089,5
319.4248,216.32541,54.815804,311.14648,132.15462,66.85512,68.1236,1562.3461,2.5971863,1.8411703,4988.852,4.955632,259.7527,1.3447353,45.48367,2.3664353,5
110.49526,104.56204,9.175358,96.889885,72.72367,71.045265,67.15695,106.186935,4.5675883,1242.1003,2284.0305,23.236172,4.716662,0.35833177,3.7375457,3.546483,5
156.1068,179.13705,63.19252,546.84955,54.433304,60.107563,67.670784,4486.2983,51.66431,0.75623053,98.599365,18.713581,1.0765227,1869.1981,56.534916,0.19924302,5
70.83512,186.98856,11.471917,293.7114,269.58905,60.052135,66.97919,29280.379,46.354164,1.7252376,100.270584,5.6004977,0.047886856,1.5022403,1.4670866,1.2046721,5
139.54765,87.43239,20.626888,132.0162,58.866657,65.90102,68.750694,72.153755,221.44836,1.4430323,13329.239,45.61315,9.448124,14.404981,15.511996,3.5396442,5
166.45276,188.45511,39.737644,424.35767,174.53192,59.04471,67.10614,326.81064,1.0041814,0.7800108,55.10372,108.06132,0.06203484,273.4369,35.848305,9.028838,5
61.641487,164.916,9.048502,479.68646,51.09726,63.13402,68.24331,219.52802,35.430107,3.1580377,9574.332,9.721717,106.307526,4004.0562,202.05765,0.05741218,5
296.70117,204.56598,36.695248,307.6994,5.2123065,69.67042,68.50179,32498.932,53.47417,0.13707742,606.7266,4.7325563,677.09607,3633.854,34.009575,2.1502683,5
174.95453,102.41649,69.848465,94.304214,46.009487,67.68261,68.73201,52.718273,13.332032,55.850002,95.1405,11.334679,1.4216318,1.9715793,14.212101,0.031709764,5
156.79926,83.07584,26.479712,166.4118,140.54762,69.32337,68.09021,30797.002,3.1507893,123.25557,76.54025,6.9584594,21.079594,1.7172276,11.435642,1.9046116,5
188.15714,189.4025,44.645332,538.8412,17.357418,71.367645,66.86916,15521.212,45.4286,0.07795081,710.37805,38.241615,10.776093,1.6846857,16.075596,0.068651244,5
73.60736,173.08365,11.437098,512.1517,4.472661,69.72351,68.736496,351.5811,45.81831,2.970991,170.02536,8.221033,522.56396,2.9603887,2.858607,0.012031035,5
64.887276,114.68607,5.2652583,94.493774,38.480335,68.68112,68.36155,261.29315,50.757774,337.80823,244.15746,2.3103871,2505.3635,0.43261272,0.6586787,6.35719,5
280.67468,128.19647,54.557465,159.44702,102.753395,70.311966,68.16619,188.01547,76.310616,2.283759,18242.418,57.941376,0.16871653,0.36880925,36.397163,0.5962351,5
163.88943,90.03719,45.148575,112.733406,3.985152,61.458,68.40211,382.14294,363.3004,0.07074235,1156.6543,13.23644,239.49995,0.48107302,10.869257,6.703607,5
70.6752,89.203354,5.7744846,184.83633,4.3228617,70.77606,67.934654,47.230164,0.6215679,0.113802694,47.618896,21.707705,741.5656,86.76358,18.317408,0.08049731,5
60.569218,110.869965,4.495008,99.96214,24.65154,57.63322,69.07567,113.78623,283.99118,7.8946996,323.14328,12.63065,2.293165,2.9843457,1.6745696,7.071009,5
195.01582,88.76312,21.718681,126.50067,45.9805,64.16434,68.64933,45.488956,49.188217,383.3468,1291.4633,4.631985,79.769325,695.87537,40.15614,2.9773564,5
74.09097,87.13976,5.1849513,189.63916,177.54926,67.274086,68.173775,3284.1543,2.2447078,0.51068544,3.6328948,22.19643,1.4846048,2.2087433,2.3764179,0.1135894,5
181.06467,205.92688,23.282059,286.86218,170.01517,65.53624,68.10326,766.8645,7.55928,16.086372,74.30866,2.5859518,6206.36,0.38477284,13.342892,1.9588268,5
130.74075,83.97719,108.18219,134.7806,53.050133,68.33347,70.14188,28.69184,40.585835,0.06410054,719.9857,5.6956615,3.1484623,4.3524327,9.894375,7.0203466,5
69.92469,188.83365,12.073433,252.24165,4.4487066,68.9808,67.67727,293.44702,1.9651625,18.51376,535.5732,26.606613,323.32355,2418.577,130.4011,0.01424816,5
71.36022,98.53461,6.630158,132.35388,3.6482627,70.37381,68.24001,15.1811285,10.387829,0.016850756,655.74146,3.7067966,25.175726,182.24648,28.89798,0.26229724,5
70.786194,135.70212,9.9925995,316.8445,8.351737,64.81801,68.85008,69.33411,34.61289,0.69573957,123.46561,32.736294,0.15348397,1271.0609,89.54116,0.4285376,5
244.39183,176.98245,29.611864,553.4647,114.78563,73.739746,67.72949,47.34519,62.9375,10.537861,31.094975,9.925812,256.44266,39.81971,29.112673,4.7003307,5
65.74539,71.875015,193.70012,187.92078,92.833466,67.10199,66.73163,68.805466,1.5615268,13.440676,33.809498,12.887135,204.0004,22.996506,7.7343874,6.121467,5
121.93292,97.85406,10.744915,117.2633,64.37843,68.23119,68.83786,53.45532,24.287434,35.53167,15.887265,50.54375,31.914087,8.989639,11.938738,8.336935,5
92.12234,72.466515,167.33548,172.37039,24.834904,67.99526,68.1027,43.34719,2.213007,13.919426,16.990377,2.1152072,55.39826,4.2466,5.455224,0.11957139,5
140.78973,194.05714,20.108135,236.75993,166.81366,60.344856,67.93627,34.087624,0.6781318,0.78762317,620.5324,9.647425,94.54579,13.314278,14.410437,0.21022686,5
175.43477,138.66147,105.56998,125.60308,78.00688,68.515976,69.71896,1951.6765,19.92558,66.00082,111.674706,1.7221576,6684.851,2.001184,14.6297035,2.3026686,5
131.47356,92.62569,114.1827,102.88686,34.21256,68.666336,68.71266,51.127514,50.85569,153.71452,801.3235,4.603546,32.51528,0.57236063,6.68054,5.6824675,5
106.52285,123.51423,14.969965,90.12271,15.957184,74.634674,67.723724,69.50139,305.91742,39.285515,478.72455,1.6461129,216.517,1416.7372,72.89377,4.77223,5
142.1633,75.302475,123.33529,184.23518,13.722643,77.54051,67.75719,49.32911,25.728786,0.04865806,318.736,13.960439,0.04006419,2.1863341,9.490462,2.9379299,5
178.58353,127.73035,42.551865,163.13197,150.38603,71.913185,68.811424,109.96678,14.36693,1.3266654,1646.4955,4.444476,217.78806,1.9111716,15.057687,2.4174366,5
260.84265,223.12177,41.35647,200.93642,53.210747,61.608162,68.25427,93.04924,56.23125,0.3775199,151.53561,6.6122785,11.422612,1.3616781,30.367682,0.32879448,5
118.49279,86.58774,10.149223,176.71677,7.9640107,57.654556,67.62604,72.684906,53.299934,3.3127499,24408.527,9.73876,0.42899495,13.959347,11.805576,1.6023917,5
93.44494,118.164536,123.91385,106.052956,4.3414598,73.45749,67.71035,51.88453,242.72333,56.45963,1146.0936,3.4921374,111.353226,34.98614,13.382306,2.6885154,5
102.638824,168.85886,88.389175,212.42644,118.09035,57.387814,68.51972,6509.4087,1.1633818,102.23606,720.5298,70.98562,0.010221606,15.352603,11.065484,4.1382,5
106.96566,105.77745,8.857699,94.82717,114.611404,72.67592,68.02438,209.1341,159.60808,1.5617641,20.486176,10.601208,7.998743,231.2178,33.554157,0.09764143,5
106.73188,139.35184,114.30965,123.64373,226.35316,67.69548,68.19819,51.30957,1.4593389,18.976707,6957.1284,1.6725495,139.72476,1.9574004,5.681956,2.0915058,5
157.98744,146.73737,74.87467,183.07556,64.66547,69.80787,69.173676,48.677773,550.5869,0.8996422,70.26376,2.3533816,0.08525379,2.2397723,12.344728,7.361297,5
122.38441,80.3926,174.95168,124.0842,140.51813,67.50631,68.989075,96.12555,45.534332,43.659466,701.2221,15.970842,0.7727631,298.21243,36.594383,4.0200233,5
140.05711,108.458,14.369594,91.15574,3.6282618,62.781593,67.97737,689.87317,50.06161,1.742412,152.87439,4.462413,10.220869,0.76932704,8.146203,0.18420565,5
60.820065,166.52457,10.985535,413.88892,4.1151457,60.51968,68.5118,77.93455,433.0274,0.34489942,195.79614,1.8753047,0.3052451,23.691206,7.8170176,5.656505,5
97.02216,227.38094,81.496826,405.59137,43.51606,69.33702,68.54704,78.90111,63.426956,1.3906068,75.909134,2.1239886,47.63082,22.822895,12.563334,1.7088296,5
69.88527,155.2185,9.474313,287.4702,9.886569,67.77621,68.30554,190.11536,2.2083313,0.059522994,849.8715,5.0793176,341.1659,1687.198,105.41951,2.7381012,5
83.96795,153.46567,15.133296,453.14056,34.794407,73.20113,67.59002,45.93345,44.285423,8.021935,68.15561,3.8641264,0.0793061,3560.6885,135.06824,0.67531914,5
70.54391,110.33264,7.107064,94.34922,11.761705,69.34038,68.34614,289.89993,47.72348,31.443815,26.759083,91.88623,170.36823,56.1978,14.7119,7.1171155,5
185.93378,197.12384,32.97573,389.1768,16.014435,62.22814,68.2805,83.71259,10.408461,2199.6538,413.3838,114.24571,0.18562432,1.2253698,15.876578,0.41512823,5
336.38242,99.15835,39.34909,104.78441,3.4098575,57.231636,68.49348,490.0819,21.34285,0.47866213,174.86938,1.7124003,0.0382919,13.364808,46.56143,1.1072508,5
163.124,96.876816,86.73521,104.11812,107.39753,61.505787,67.27331,82.678925,55.1391,0.55434465,123.35384,68.84425,14.91841,1.1759609,11.633237,7.199974,5
180.43262,81.43092,19.796541,184.87543,60.735523,68.138824,69.436066,2584.3271,13.303757,29.648745,89.31418,115.336334,0.1705768,2969.917,54.52497,8.888887,5
119.886116,168.23174,16.491905,465.85602,23.829716,67.75162,68.11858,55.399952,90.021,82.75525,404.07922,11.68214,0.014127383,3381.5325,87.61229,0.09143906,5
167.6838,76.81861,140.82469,154.58446,23.849567,69.2742,68.523636,340.74,45.215233,210.24432,60.87433,2.4031186,0.26132867,697.9296,41.078682,0.02841175,5
62.852375,181.48776,11.406543,234.46194,88.37634,66.40117,68.55176,48.00331,53.790073,4.9741087,75.99268,107.736046,0.1278699,2772.7478,161.59816,7.9572105,5
132.22885,95.145,11.061,133.45042,59.555912,69.61336,68.83536,55.557446,20.859632,6.2036877,1578.9163,11.037082,323.81415,12.381655,13.311419,0.013501485,5
202.67032,155.67969,55.2396,330.3428,9.655119,70.55677,66.69166,44.60798,19.226261,2.9529395,2315.2405,71.783165,227.83517,9.565664,22.711605,1.163413,5
199.9645,204.6448,26.01006,198.93936,5.0060873,70.117455,67.82581,526.7194,1.2253233,1.0174799,1388.5038,9.264408,189.68542,2919.438,54.60374,1.5892811,5
60.563786,173.02057,9.792842,539.6924,81.93332,57.695854,69.16808,33.633022,77.906204,0.56275415,58.897896,4.1376133,2915.1296,8.80468,3.8330803,1.7192962,5
61.529068,155.58215,8.052348,266.97897,118.62579,66.91601,68.94203,50538.82,9.938562,118.28142,8847.145,1.6691568,76.95759,1.764904,1.331859,0.0827608,5
94.63253,121.45318,13.959561,111.6059,60.67926,66.55681,67.344505,84.36939,248.04828,35.89692,621.73596,156.75058,254.0366,9.386559,7.6252613,7.932564,5
190.40173,78.670105,51.457817,185.11053,40.315823,68.74597,68.46813,1578.2421,61.974644,0.112624824,2627.038,20.833195,358.4419,112.37744,30.28413,2.9555469,5
62.893673,170.27591,11.16093,468.7711,5.3607826,69.28468,68.38047,24482.598,64.146996,0.20368129,565.8448,2.1863165,7.5944457,3491.8857,180.15616,2.9533572,5
149.18416,197.57944,63.413746,595.1487,4.242714,72.76619,67.96451,71.39705,43.764328,6.5719223,115.15004,3.4500232,0.29890764,181.22116,31.177708,7.519617,5
61.583927,135.2197,8.661205,128.16992,3.7435648,71.38845,69.74419,66.78223,22.461185,0.45631218,588.8102,7.1605287,15.178822,232.81679,34.143635,0.74398595,5
60.567513,90.975395,3.6940954,180.03026,14.1803665,68.113045,68.81412,1880.8569,10.692322,0.03095595,2.6531308,38.58219,0.8344561,218.70146,32.78053,0.29540688,5
122.38341,113.108444,11.028854,96.77969,57.107708,67.66345,69.0255,161.92645,28.039145,6.2247195,552.7624,33.624767,35547.523,139.251,28.709974,0.36254653,5
68.044266,99.44172,6.577718,112.7819,142.41727,68.99368,66.68172,113.19755,120.328064,0.605374,10.206969,69.26227,2.1643877,0.769909,0.8928712,7.9951587,5
155.25627,220.79709,57.37857,306.15665,81.31234,56.98501,67.83631,369.33527,38.182053,12.983591,23817.65,67.33698,5.0901155,28.37817,18.718473,6.0680637,5
60.872116,188.53516,12.512984,222.7379,62.185917,58.570164,68.59366,214.2477,1.6916279,1270.1841,325.54553,1.9854472,25.564661,1774.0876,115.77134,8.90273,5
69.544365,96.14473,5.3262177,117.709465,90.580696,72.30125,66.252464,190.53813,55.90834,423.1392,262.56607,2.4018352,1083.5503,148.47116,25.598478,1.9449819,5
162.03098,133.65169,20.30046,168.94505,10.95388,68.29081,66.81601,403.76797,25.533752,0.5717335,1353.7968,1.8483865,297.85468,628.0148,42.629166,1.8767852,5
61.114246,162.30688,10.563177,649.0832,102.80773,75.47469,68.84752,478.74512,37.372536,137.55023,5357.366,17.1367,184.49948,0.5648726,0.6323179,0.013989944,5
91.3183,99.23666,10.514269,137.40298,150.58273,69.31563,68.3032,68.40903,27.675514,11.854899,31.055025,13.494976,171.24078,2271.0547,102.80313,8.392837,5
242.87991,152.60367,39.318405,190.54599,12.253187,70.008644,68.57192,45.214108,17.93125,0.10642408,698.2443,4.4107313,10.654849,0.46586823,25.831268,6.6228685,5
64.07829,215.8786,86.20135,304.41312,15.3802185,58.529816,67.8609,201.23254,15.193745,0.4956458,1323.0289,128.96959,0.21096918,3937.2998,191.60834,0.03192665,5
194.63625,122.15223,81.707306,109.061134,33.65612,68.07463,69.49315,679.1936,22.954445,5.617111,135.97166,18.151375,165.54727,1149.0851,41.373943,1.3334494,5
90.45004,142.8644,13.523121,158.1531,98.32745,65.6584,67.60186,72.40611,227.01685,1.2486528,67.87755,26.249212,5.7305756,1.4091706,2.9016495,0.6207429,5
64.835144,186.39401,11.31028,348.7569,37.200214,70.51464,68.72193,46.564423,3.858936,0.53917325,520.9731,2.1545749,6.2754297,0.3580768,0.60530674,0.1109422,5
145.80235,74.45686,124.361496,176.39418,109.729034,69.741554,68.47078,16873.85,53.794907,0.0872792,456.50104,8.690646,42292.86,1.6083099,9.420542,3.3294883,5
229.36726,107.00516,22.749575,93.27221,33.928703,57.337193,67.66555,59.57477,76.50129,12.223616,307.76947,1.6547272,3.4814134,232.23798,36.489033,8.651779,5
147.8146,94.52101,33.473442,107.55566,30.692791,68.21093,67.02452,449.026,215.02371,25.732954,549.27997,4.6841965,2.3390596,2201.1948,63.387367,6.984885,5
207.07254,211.6419,40.812965,196.00214,70.78667,66.29362,68.10645,34271.96,14.278019,0.26330906,112.42394,2.9052427,1614.0638,3583.6763,48.60675,0.46228004,5
214.89293,205.93556,31.225346,253.27913,119.11765,67.22625,68.15155,28.568651,55.81916,496.78268,4645.283,48.743267,3.5232348,624.73157,39.29083,0.74049217,5
298.96756,91.50138,54.25923,109.659676,55.326527,60.13682,67.528755,1740.5181,1.1655219,180.95201,98.759735,84.70781,171.19545,79.40803,32.038506,0.375434,5
179.392,78.79576,113.948746,138.05038,210.58154,71.48254,68.19417,29.439024,88.07376,2.1866076,713.9944,2.849925,41771.188,12.541363,20.4353,0.08519404,5
225.21005,154.31532,37.862328,465.0975,4.623478,71.13843,68.976295,161.38005,52.944054,9.418907,326.78064,3.1698644,0.21383956,0.4291485,22.195396,3.9946237,5
64.122185,115.47455,5.0173683,108.26213,101.7823,67.56906,69.06264,721.81665,6.3557158,2.6795459,757.2184,13.758869,0.17185465,596.57623,58.31088,1.1566722,5
111.3107,88.60733,9.473463,156.83417,41.17447,57.59295,68.549965,137.69202,8.125793,0.20699319,29.343409,33.104095,6.707623,3360.1902,92.69849,5.8554096,5
62.923447,184.62149,11.419586,270.26056,51.176888,74.24398,67.30727,252.43869,1.0816735,161.43117,85.06058,1.6813549,0.09924665,0.89297116,0.6872809,7.9761944,5
60.607246,130.09056,8.156146,143.62325,37.090206,73.1427,66.84628,6659.4775,2.190956,58.268135,7289.074,21.372791,175.9202,1.7790418,0.96545845,0.055681534,5
301.72586,84.1229,30.403929,188.07803,35.492245,59.059227,68.6671,17.06704,13.424163,0.076276995,169.4657,2.341838,0.028946333,0.35733455,42.183464,0.51731944,5
276.3671,84.21468,28.832493,170.17964,25.315273,67.027145,68.795975,432.34808,48.401134,9.75128,8.003657,5.338497,6.1608734,350.36847,35.76949,1.8562138,5
136.3195,131.5669,68.77205,120.49549,69.66368,71.011024,67.08559,77.22476,4.6376424,0.0633232,37.454056,1.9617033,5.942325,722.4374,47.585014,0.93751085,5
271.55295,95.35469,67.107285,99.079865,19.534843,67.98849,66.68656,74.213524,22.425117,9.170372,288.81738,31.295092,327.87592,0.76247704,33.78484,4.758442,5
82.81614,115.38117,7.164057,99.56584,58.49582,57.387646,67.85122,23305.889,43.109795,2.0296574,22.150814,1.6067924,0.25688785,54.70469,15.792845,0.59708416,5
90.19921,187.2775,15.039481,345.51535,215.69193,64.19165,67.36299,61119.652,27.212545,2.231782,2002.5061,1.6662381,41.630203,23.240192,10.781071,0.29929462,5
139.29102,149.35161,19.677794,243.59686,115.10059,74.94758,67.73421,4040.4177,1.3452721,88.93017,136.50127,70.790504,384.7339,12.944237,14.595164,0.019301945,5
156.045,94.950806,72.36125,101.95212,82.14223,72.76362,67.54487,2519.5574,109.75739,4.3620386,347.3315,3.8132722,0.19258825,3193.4797,64.50135,5.09789,5
253.26216,191.52238,41.8579,452.38132,6.0529404,70.48846,67.942215,34.329758,30.388899,4.3613577,399.44525,1.6906004,3.632092,0.62781274,28.575483,2.694026,5
156.1498,82.03403,30.884996,172.56113,100.448395,71.40948,67.40029,4068.3645,1.5659003,11.661301,14.332679,1.6375493,4.2250896,0.82610667,9.845466,1.3087823,5
61.552628,90.09764,3.7716374,182.29018,4.37912,66.724075,69.91546,280.35358,53.935658,2.7209914,56.504116,13.808748,19.239817,4.54117,2.9021175,0.25476867,5
180.80753,96.47055,41.5776,103.319626,12.754385,74.83062,67.808975,877.3601,1.8730246,42.54116,549.96234,4.3982577,22859.104,365.64066,36.474583,0.59886324,5
78.73114,229.88524,83.74496,287.91168,4.375142,59.4637,68.70066,189.92136,7.9274263,9.479088,2738.4739,3.240134,328.54858,1.3511258,2.331787,5.833323,5
169.12035,111.6775,17.251596,113.155624,7.7936497,62.323277,68.2517,132.77327,154.06157,2.2049103,3.707384,3.7272427,0.80765915,0.9080681,12.54072,0.050521906,5
157.65408,107.140015,107.934135,90.69339,6.0815372,72.08242,68.328415,91.115715,35.653996,53.37086,167.37772,6.853388,0.039034452,1.4608109,11.588614,7.0751357,5
66.84315,186.02213,10.783169,218.24936,25.452572,68.45144,67.59332,125.31201,52.01956,14.125399,190.0759,6.299474,14147.535,0.8606206,1.0262841,0.022679016,5
106.036316,162.23822,114.22247,245.57991,115.34727,74.226906,68.89103,2690.7168,90.60362,58.05478,545.67914,3.5021582,83.53291,1074.6978,62.21717,5.724854,5
303.20154,198.65308,56.04954,420.23343,98.79018,69.40007,67.29447,1081.1378,106.76749,36.719177,9628.554,4.7540503,86.66621,5.4566784,41.0036,0.38805738,5
120.75566,163.70383,77.77789,402.52402,42.39137,63.249386,68.391655,261.99826,15.351418,21.37302,806.95447,23.877167,1381.501,326.3723,37.645126,0.44586986,5
104.15411,92.72793,12.905479,144.88617,46.76423,71.43002,68.95808,11730.695,39.709072,12.328604,1.9541302,6.839984,0.51639545,936.21765,59.68417,7.4620404,5
60.94199,91.50795,218.71393,109.44513,46.173172,67.38845,68.03805,27.215088,33.216278,964.93494,852.23285,12.646875,0.19806124,0.538114,0.42665127,7.508885,5
105.8347,97.13689,11.697065,129.0061,97.89894,69.91924,68.18879,754.56604,3.0542748,0.5776132,326.47223,5.476904,321.96826,12.042347,10.12562,2.9338396,5
73.11439,169.52122,11.826862,713.1269,97.422615,66.76112,68.17948,571.6723,22.32245,25.02169,383.99594,7.7144127,40546.734,38.052402,11.614528,0.8377218,5
222.08804,207.11908,39.915512,418.2312,95.96553,70.666824,68.48042,86508.01,18.823387,4.188441,685.3367,33.422062,496.87408,1.9596604,23.886452,1.863605,5
94.98984,141.60516,16.942432,154.11519,152.54486,68.87703,66.82875,411.14615,33.72148,18.665154,408.99374,129.07108,793.2803,2251.248,96.74226,0.088900365,5
64.88809,219.17245,98.41042,520.9114,10.413647,61.967285,68.53076,69.923035,8.66156,1.6840147,62.93875,125.88054,0.15809022,0.5768072,0.58576334,6.5762906,5
132.47284,91.16703,122.34859,100.60224,4.265802,76.37855,67.30408,258.78876,54.080658,0.06181021,148.11436,10.505847,270.35718,2.030089,7.860684,1.4220862,5
219.59637,92.04964,27.56427,131.52757,31.420015,74.14664,68.17289,436.09167,3.9428637,4.0226345,225.96712,7.0074363,0.79708636,0.6779617,21.60305,2.7713323,5
187.26485,172.95486,59.137833,405.89743,49.29368,64.980934,68.682915,161.29428,83.096535,2.4051065,49.86516,117.393524,448.3255,72.62071,29.126303,8.25763,5
262.13248,94.78372,85.07995,110.375175,39.541786,73.23216,68.293816,33013.973,41.76774,0.77889395,242.37527,98.71897,54.47638,446.99716,34.81276,5.5579834,5
236.59912,133.30035,27.679014,152.46808,47.609795,67.80698,69.27041,58.942726,0.80772734,0.01989424,237.35475,6.642702,578.2711,3583.5293,43.418526,2.881779,5
214.18704,101.26986,110.39026,94.62386,19.436417,74.40346,68.363335,1530.6586,16.612036,0.604239,253.89351,52.222733,26.529234,42.931816,30.24169,0.31631377,5
65.06068,96.78641,5.742878,162.07181,4.3483863,71.22327,69.8784,28457.297,45.275585,4.148781,68.44598,5.437656,13.823266,0.4714126,0.9698456,0.014335592,5
113.3746,72.1216,159.3642,163.30472,4.848292,65.626816,67.71867,2150.4233,30.418196,0.55632776,225.34027,19.237915,116.464386,476.05243,41.834396,5.822261,5
104.55762,188.41211,17.869633,242.48845,6.191716,61.11712,68.51508,106.16067,0.8678901,364.81415,19.803192,29.00282,0.072188646,1.7237842,4.8502874,0.823678,5
142.62367,127.7597,100.21675,105.41149,119.63109,67.27809,68.61888,284.4891,4.767168,0.5620669,47.096516,1.9876769,22.019772,803.1091,46.402603,0.06560979,5
62.12397,91.53963,4.4085283,181.40338,88.14043,69.029305,68.76081,55.677746,10.705047,11.202223,51.98692,22.42389,1559.4958,0.5104205,0.68458784,4.9238706,5
71.96208,157.89195,12.502946,665.98785,17.987106,57.527718,68.95244,991.7637,1.4134,2.5627806,404.3401,20.06953,17.25282,1.3493639,1.8927971,2.162839,5
258.4368,194.8341,63.14035,353.2398,6.1016703,59.3741,68.64933,6622.795,166.00247,0.16416702,924.2168,5.8247685,56.79622,0.37068033,30.451113,5.4431977,5
85.024635,135.13489,11.252966,182.93474,4.7224317,69.01,67.92532,225.3583,4.118196,1.0223256,779.7124,101.44796,17735.172,1443.117,79.531815,4.8368673,5
60.56032,156.9361,8.950663,331.8007,4.315378,71.760086,69.311165,68251.28,44.228798,0.5247885,143.20464,4.09177,16917.1,1.0415373,0.90001017,6.9082,5
120.46259,99.00573,100.63122,96.341385,15.822418,69.88405,68.410484,85.4617,50.366726,0.7974186,454.80414,28.83058,293.98694,65.85777,22.715935,0.723621,5
107.24418,200.97061,71.26709,363.51498,5.179259,66.40927,69.032104,48683.62,48.533237,0.8708739,1046.1783,17.654018,339.66895,15.82874,11.054018,0.07946039,5
82.43107,190.20963,15.243631,230.72711,10.454079,66.90629,68.47661,670.79004,7.57966,21.510706,2080.6406,2.7358532,110.209076,29.647532,11.8105755,0.13483976,5
80.60486,123.016846,117.77826,103.42752,3.9702787,72.67936,68.12089,122.2313,6.15903,12.926741,22.7298,49.280594,0.29223657,0.4897743,1.6185724,2.3747468,5
101.34718,92.81727,8.183476,143.43193,50.042576,62.626007,68.18489,83920.25,35.15475,0.57309854,2641.8972,112.16534,19.238356,1314.8588,66.74801,1.2817562,5
104.87868,98.680374,10.052143,110.79866,4.1424155,74.311966,67.0095,98.83116,1.7138171,1.149213,55.218445,7.6081505,0.062389433,6.6676044,7.6126237,3.0215116,5
107.27588,88.42468,173.44502,132.93301,104.28566,72.25921,68.16771,21.288836,12.35413,3.1897268,379.6289,4.2576723,0.020643493,0.42117983,3.8821385,0.9575739,5
113.259476,154.7084,15.652976,301.2166,10.335295,69.60662,68.99225,8250.642,5.0146084,1.1455792,27.908592,42.768314,5.456109,0.48730844,4.6797805,8.677991,5
156.80128,94.753815,50.184975,113.3474,322.6606,71.6995,68.97569,46.378277,27.620537,2.1874077,65.18061,1.6792644,0.38204905,0.35250342,9.767749,0.20998669,5
60.566223,108.105736,5.9788523,96.64788,137.43242,67.56713,69.28643,288.03555,3.6053255,0.34002632,25803.156,9.797846,1.4901767,991.06287,83.48629,5.901392,5
65.961624,184.48206,100.23374,513.03894,119.59882,59.66247,67.866585,38.878155,3.6535907,0.9976434,1672.6224,3.885015,1.9165379,2633.647,144.56314,0.30052745,5
98.16863,146.48314,15.523511,134.10428,138.78918,67.50037,67.00172,76.81134,4.959103,95.15504,19865.924,97.38714,3.4790351,1078.5481,67.435394,1.5357931,5
178.02036,77.77433,126.14763,173.95418,80.87895,59.1951,66.89891,27385.955,18.2449,48.66336,974.50714,68.840225,121.423,1.2786419,13.994284,0.19353077,5
87.831985,220.82544,70.21508,318.06403,4.9349136,68.69587,69.05302,51.34208,1.0053709,2.4042454,20.896797,1.578768,4.0467844,3293.1426,120.30331,0.10355993,5
110.54068,79.24988,137.60217,151.13377,4.903075,73.994606,68.25302,85.5929,74.684105,0.2682932,165.6136,80.19312,0.5773618,3015.1655,90.67966,0.01712368,5
121.02715,158.9765,24.068897,278.10764,157.55704,67.56497,68.05062,805.01544,0.8778931,51.542255,91.266716,10.4106045,195.71265,2.9164803,7.513493,1.5036103,5
110.60771,202.8036,80.893555,595.02985,103.85444,57.975956,66.94441,22593.164,13.5903845,0.292554,2423.8066,8.928919,413.6767,2001.5739,79.17319,0.14389068,5
69.38856,167.90265,10.215628,598.10065,36.36581,72.845795,68.71894,23.374744,39.94089,230.612,10.92699,59.626785,0.9785241,929.46796,75.41859,0.014752454,5
69.942924,132.79623,8.424791,113.735176,3.6573768,68.68149,69.33863,56.20334,1.8168273,0.08279836,383.82193,2.5264053,5.9591804,0.3629972,1.0438339,0.23571622,5
92.26165,99.76216,139.72873,95.80066,33.792206,75.60853,68.93993,58.879616,8.964629,0.1060213,10.285763,7.1561055,14.230187,0.8548556,2.8749142,0.2150094,5
207.67387,150.61662,78.96434,317.3812,23.460665,63.725765,67.1668,2978.1362,2.7259421,0.11551147,6174.964,2.2546332,10.983313,3.3985972,20.029045,2.9575782,5
141.57225,216.45114,68.31004,200.87422,35.64399,59.670513,67.37828,669.89276,19.117125,14.020729,104.19403,2.2704167,656.4699,1275.1904,53.158463,0.051517088,5
60.717186,116.27203,5.6271534,93.27077,11.08754,72.53903,67.15715,1314.5928,5.906156,0.8778373,341.1695,33.185432,13.353627,3282.0122,178.94226,4.3880873,5
61.994133,135.37521,6.734269,194.78201,18.575493,67.78119,68.2581,54.706764,4.885294,0.27207184,14010.398,1.5152242,25.071655,7.5772014,3.5234256,9.0367775,5
74.850655,124.094284,9.85731,106.04882,47.776134,63.54217,67.1244,322.69073,27.685005,0.09755486,99.964745,3.3097553,2438.3354,3761.3914,161.43837,0.1265029,5
78.897644,97.31604,7.925483,146.18042,48.398224,69.9482,66.88191,193.73633,24.047104,0.90563214,580.4898,1.8414521,0.8421738,1.5820339,2.1121774,1.4228306,5
63.52734,104.70767,6.4769793,147.98302,62.71457,69.10782,68.82098,336.54446,44.32381,33.28512,1154.159,6.773405,520.5646,2040.3186,123.79306,4.6045275,5
336.1147,103.13981,34.310837,95.121475,54.326935,67.17682,69.07804,49.045322,31.16394,63.05914,116.06643,1.6799543,0.51484054,2.135425,51.56032,0.40327966,5
63.94889,91.28788,4.3133907,199.08328,47.847916,72.19437,68.64604,2465.1167,94.09599,43.17021,3.745503,1.9221328,1.3134041,2028.8466,122.88268,0.5560252,5
108.86676,118.668076,16.3164,102.39603,168.6395,73.76445,66.93288,781.1536,14.112606,5.3666997,85.94355,3.7988007,0.1222093,6.367792,7.800896,8.792576,5
156.54678,94.28513,36.117374,108.78229,36.3817,59.000603,68.34587,70.135086,33.777405,139.1778,137.95103,28.562025,856.0328,1.1970601,10.771963,0.7478136,5
195.53873,121.873024,21.946095,100.52519,8.200789,57.320282,67.55281,1246.6658,11.875248,47.766716,932.0769,9.689801,176.76608,6.6908674,19.879864,0.16043137,5
283.60916,95.95222,81.43477,97.83507,33.409386,63.72197,68.79318,167.22523,3.264597,2.1241775,666.9822,2.9704173,25.871485,1419.62,33.58232,0.08895259,5
62.01925,95.83389,5.2176023,139.28386,122.85888,70.04448,68.10896,55.59929,2.3739507,0.05215412,394.06418,25.801231,0.609632,1157.6638,88.60233,7.6139216,5
213.80157,116.354095,95.77066,118.413734,10.9307575,69.33152,67.97921,108.88494,53.00432,0.5669534,1257.0211,12.656761,126.60127,0.86793464,20.423038,0.45107836,5
142.06128,180.01144,29.55225,462.17963,86.18621,66.726364,67.74831,30.609142,74.74764,227.36874,71.1855,4.1645055,0.71958864,2.8134434,10.358206,7.37051,5
78.41779,207.13666,92.16426,507.72318,4.1498404,69.27353,68.281784,22.947422,16.542974,0.78734094,1635.7891,6.8971043,2.872015,524.1637,52.157234,0.3960129,5
136.36974,98.33882,21.055292,104.46479,4.7850738,63.29588,68.1258,42132.27,38.103848,0.07646306,487.48416,1.7387278,5.6249804,1.4372649,8.126274,2.2042527,5
69.08766,122.018295,9.549904,133.49416,266.2502,73.382576,68.38084,154.19827,1.5884051,0.564849,6.4859657,1.40925,1.0506026,9.276628,4.885317,3.0532598,5
168.34814,193.52956,71.15229,471.66064,4.3912005,60.684467,66.97449,744.93884,1.0474821,0.8798156,509.48322,47.37384,78.07891,1520.604,50.705654,7.901728,5
137.24963,125.86233,26.678589,91.39184,3.5496337,68.06103,67.59584,466.6037,68.32967,0.38089058,834.0064,6.9433227,167.90024,3026.038,69.05098,0.031561784,5
81.289185,145.73734,12.665171,391.05072,59.380463,75.110535,69.14711,4857.358,29.958843,4.526518,25.740858,1.7918663,167.77634,7.9700565,6.0031514,3.0302942,5
99.78321,150.20532,15.205865,506.94873,11.043432,69.7193,66.94331,420.65384,5.0837965,16.384771,290.36694,7.7042212,1.0746478,3734.42,115.11056,8.662825,5
178.5384,133.40895,18.492203,120.67075,8.400359,73.8824,69.33383,75.08466,48.404953,0.0090466235,731.3777,27.792065,24.779078,3161.3918,52.83877,0.05484887,5
62.834232,160.53249,9.206006,743.7063,107.14554,76.56654,68.42998,1048.604,213.40302,9.083,33.558228,2.3529072,0.0663834,1647.1052,110.2679,1.3895265,5
75.65241,134.93303,10.889221,191.17825,6.0525017,67.98655,68.598366,1332.5745,258.3481,0.19486956,212.49962,43.933502,147.74515,2778.4316,124.080086,0.97668856,5
222.74792,75.68151,79.023506,154.77821,4.297579,60.852352,67.86865,132.25568,12.281954,13.80538,89.59808,7.01569,2.3092723,0.43817675,21.550102,6.4630914,5
227.79568,95.725586,58.682472,105.36649,87.17259,73.35212,67.28461,3026.7222,62.27486,16.477865,11149.457,9.122237,11.162973,8.427686,27.034723,3.6903114,5
74.217255,176.42929,13.057409,414.50882,148.34448,58.420685,67.30004,1895.489,29.625187,46.17794,14.858732,72.932785,12.88355,1.2320244,1.721812,0.8093219,5
81.02475,105.09584,105.448944,98.97169,76.60828,70.163994,67.402054,61.733105,62.416737,5.758456,56.53991,15.672903,155.50623,8.725979,5.755129,2.9561853,5
102.74543,84.732414,134.1818,134.79134,41.017754,57.820927,69.7366,24049.857,68.628075,0.43553644,376.69385,2.3113427,309.7401,3878.1765,106.16987,8.010338,5
113.51409,186.60483,15.306277,482.26532,105.05573,64.653915,66.88848,815.2892,33.182472,259.81387,923.75586,1.7393808,572.1526,1.9973862,5.6407156,1.5257249,5
170.50317,88.27629,104.21219,108.8347,15.915089,67.77614,68.342636,1551.4039,224.98698,0.050889004,44.719723,2.717446,0.057828467,3051.5896,56.55481,0.83912814,5
79.3405,139.24994,13.300653,282.58203,53.791145,74.019,68.73234,846.1373,1.3647271,47.760773,171.59447,11.310362,0.3141012,3.727317,3.9302282,0.05024355,5
72.24007,166.40814,11.220929,585.1128,97.58264,74.45176,66.88991,1039.7721,47.611523,19.046604,27470.184,56.03548,2.5651445,55.01484,14.295605,5.20798,5
95.03237,94.48198,138.6969,98.9276,8.30909,67.427826,67.13515,47.796116,15.081855,10.9927635,2343.0476,1.6482391,307.1103,1204.9957,72.098175,0.014963305,5
79.709114,114.76564,110.08399,83.147675,41.78774,57.50227,67.70898,11032.338,19.042173,3.5034394,429.3911,10.888853,1.50108,620.3469,53.8812,7.7814665,5
61.77102,110.86223,4.527499,90.81988,62.08708,64.30612,69.264046,46.266884,1.698777,76.90857,5.0449724,2.3374836,1.209718,0.3609436,0.5158253,7.727778,5
113.55041,218.99844,72.66218,392.45868,166.60246,57.74323,68.72087,77.679016,7.8226047,1.0337707,806.9075,19.429153,444.82224,12.277138,12.258462,0.17378898,5
82.89567,130.04393,91.16558,113.49733,37.744347,70.40203,67.62715,58.083,21.504385,0.2823689,642.8488,19.019829,43.35454,0.3816864,1.649174,0.22717035,5
283.66806,81.71713,30.341562,193.95374,60.668556,65.868484,68.10135,72.048,13.87581,10.535402,98.34152,12.160585,8277.055,3729.105,36.464973,3.6711502,5
168.376,138.77992,56.68309,130.54767,238.5669,68.29946,67.0071,32.96908,22.828655,0.085218005,439.43918,37.310555,3.3359118,903.6258,45.865597,6.6217327,5
230.87103,124.28232,30.737253,169.99886,46.80507,68.56459,69.10969,3380.9614,4.6987057,0.055916607,605.8015,6.487035,21891.916,1.9340147,24.909924,3.7018733,5
110.309074,102.31766,15.322556,113.39686,34.226917,75.074905,68.613205,218.63829,1.8872178,0.03274484,20.386541,92.99252,32.204803,0.48286727,4.1608806,4.5023723,5
61.304363,204.05466,96.691055,488.15897,107.58336,71.81215,68.65896,592.8372,221.09067,0.02318977,70.139565,128.94846,126.55674,6.3205132,3.074553,1.881442,5
222.00127,161.43387,66.37003,243.01776,69.48381,67.893745,67.08861,31.32586,53.131187,1004.5362,1221.3628,5.584549,438.87982,0.60548604,21.583923,0.25045022,5
83.88809,88.11067,6.6786375,169.57928,15.098711,66.87544,67.92733,86.38603,104.74845,7.5821233,864.9006,54.392906,0.35688108,3.1938634,3.8925672,2.7904356,5
60.937263,135.0676,5.92331,127.97009,36.93275,71.58246,68.54967,1986.782,33.12094,141.60481,547.56055,2.8215194,44840.223,4139.9917,204.33546,0.5910934,5
283.66806,111.038605,66.967224,88.44481,5.362595,58.46856,67.52539,1489.2502,27.821733,27.140148,506.81555,38.746387,6752.1885,884.37115,32.36813,0.5705371,5
61.389862,181.34477,12.181619,399.1868,110.15802,68.53859,67.93689,961.75793,86.67344,0.5104715,107.71692,28.129747,2.9985263,51.825363,12.730899,0.043824643,5
102.78471,227.29166,73.61138,292.5932,134.04437,68.12567,67.047485,1524.7839,34.652664,72.51035,111.11786,2.017656,0.6830668,0.5251046,3.2173529,6.5083523,5
61.641994,136.362,7.4599667,197.86362,25.574472,68.316284,67.951096,65.12456,0.84470034,2.0770912,216.9697,1.9412335,0.5176369,56.633465,12.894076,0.08385982,5
207.75986,138.17815,25.572166,153.01262,7.1971927,73.53098,67.15458,171.84631,50.58201,0.6847775,3.7145443,92.60573,1.7826979,1.1806242,18.688038,0.18652195,5
303.3841,117.21329,34.768337,126.170425,10.099014,65.4079,67.51712,2539.536,6.7674284,65.5049,96.007614,15.804776,0.87860566,44.257416,37.3086,1.1358963,5
84.8136,79.54668,167.63387,132.47952,24.719234,71.01123,66.94704,278.87076,1.35814,0.016985636,37.30735,4.6304655,600.2258,3564.7021,134.43369,2.2756948,5
68.821045,75.6398,191.60217,170.56534,8.476525,73.59345,68.608986,67.97352,52.93805,2.509635,2576.71,1.7594397,312.80167,2270.6094,126.241516,6.435444,5
61.5051,112.7711,192.68182,105.17059,129.7047,67.738144,68.81275,61.546932,2.031159,7.2017064,97.18758,47.684166,2209.4956,2.630767,1.7036884,1.6409847,5
182.88861,209.06387,27.740646,271.68814,4.2502823,69.783905,68.8736,767.27545,45.113457,1.5388074,1615.2742,40.356346,220.2437,1.0307441,15.213184,4.8563952,5
60.62858,96.753586,4.132098,190.86877,4.7621374,76.31308,67.658936,79.1357,37.12563,13.904793,151.94362,2.2885723,1595.3019,823.0526,71.802704,0.09588636,5
203.78897,86.31181,29.857077,156.8274,38.892372,58.587666,68.2774,2567.0742,6.024912,32.504288,90.62407,39.80854,9.557573,3339.1228,48.109993,6.3851776,5
325.7641,145.89905,34.62822,313.2296,29.955957,70.57861,68.550064,37.91733,16.357466,0.1389681,142.01578,4.153274,0.03672889,1432.1213,32.60788,2.1211662,5
89.63165,171.27257,13.893834,425.30206,53.109047,68.28886,67.55768,1563.6616,47.31084,1.4926498,348.67786,112.86532,773.7982,33.76471,13.064252,7.7177916,5
114.13756,121.94482,13.050842,113.24079,74.166885,73.1479,66.95158,33.542824,1.3856103,0.60967684,1056.9688,93.13287,530.41876,5.6877055,8.050472,0.022187049,5
146.12534,84.967026,18.452574,164.4487,4.1906295,74.86961,67.66584,319.705,42.2549,1.2441787,91.36999,2.8555388,6806.55,3.8245022,11.1920395,0.30934685,5
152.81894,175.40642,24.801212,449.00626,55.76535,75.02301,67.97421,64.07618,380.19852,16.12706,27.952549,1.8965822,0.8806943,3232.726,70.69472,7.082831,5
66.693565,174.36209,12.883732,452.4795,6.5963964,68.55816,69.07119,133.99583,21.10454,2.7441063,47.32206,9.131673,1420.4663,2.244274,1.9501872,1.8565553,5
98.23491,90.60918,13.740745,180.73082,24.317747,65.89059,68.664406,308.746,40.740932,0.21040842,200.53018,3.2562099,4806.108,135.35968,27.773481,8.850064,5
65.23706,196.04686,90.37415,576.84235,5.345512,71.8318,67.00055,8349.128,66.00535,9.619877,830.3395,158.21915,1.9893457,2.4265423,1.5925364,0.9732802,5
63.537277,100.000275,202.2201,99.77355,75.901985,69.52987,67.683,6194.065,94.231674,102.283875,155.07347,1.9329687,1646.2637,394.1096,46.82673,0.7221066,5
70.1322,158.11896,112.07568,241.06097,4.1354275,70.989365,68.097595,38.726597,48.482388,63.28012,3086.4534,1.7296991,309.07126,3547.2527,157.69986,0.25412068,5
64.60353,97.10503,4.9824142,130.4973,103.22575,67.74581,67.6155,157.29575,1.4427671,0.05238058,577.8324,82.10695,4.6202707,265.84082,37.19639,0.69259536,5
104.61738,90.71718,15.749796,179.30023,195.08977,71.84458,67.29574,262.7197,15.055045,0.39665738,72.58157,2.5789766,4.7759333,51.023865,17.82561,0.3250856,5
92.315384,92.4988,10.351327,141.33769,6.9516788,66.68446,67.10254,158.64822,4.096866,9.760933,772.2562,2.1982245,623.93274,3057.6655,114.307335,0.08881372,5
101.316925,191.1373,88.13456,519.4784,12.894931,68.779175,68.41016,227.35077,0.9871129,372.75275,2767.209,1.9794844,266.74295,3.9788864,6.4627213,0.013178068,5
60.611065,171.5716,10.7547035,278.99957,169.2725,66.02069,68.58188,105.632904,23.729689,661.6875,67.61694,1.8592508,2.9209344,1.5236464,1.1215575,7.8513827,5
60.663383,96.134766,131.6794,96.354614,82.783455,73.58065,67.53617,243.19818,2.5187297,0.038437128,636.7065,38.63362,0.37124768,1.8233807,1.1161493,7.923041,5
318.10117,84.259476,58.71481,155.34146,106.72351,72.95595,68.81482,291.78696,29.90203,0.8496564,13.779258,4.8121104,32.747196,318.88315,36.79511,7.737978,5
160.38998,211.5525,69.06484,254.62248,6.8499846,66.98638,68.25966,59.1792,43.30213,0.86681837,750.6445,2.2255397,19.03141,3.3300116,12.730778,0.30491444,5
150.2845,90.17087,92.55727,103.87579,5.3489404,67.027016,67.832344,16554.549,72.66393,1.6896131,57.416496,29.81819,1928.6796,33.51375,21.94942,4.283209,5
163.69008,110.10826,31.678799,92.265335,79.271576,69.40306,67.33786,32155.021,13.682457,120.58805,3.304933,2.042231,1.7827377,75.541016,26.166874,0.015570531,5
82.412735,112.836006,140.16154,110.29045,19.316097,67.689354,67.65785,2233.465,123.033165,79.7428,254.08575,51.136364,24.317131,4167.796,149.13847,0.50385857,5
62.295803,170.00049,108.04364,407.15256,24.627346,57.459496,68.323555,1418.5725,72.586525,3.8651383,1964.4341,17.911148,434.598,1.4621403,1.1948179,6.2140326,5
174.69772,84.71459,59.919006,141.21707,9.565878,63.498024,69.649666,18.310717,16.696693,0.04206273,98.15936,2.1867888,257.19318,1.0248094,13.654836,7.387713,5
154.54723,118.00843,58.64344,100.60123,42.55096,67.95349,68.38394,29.285053,10.288815,0.7486479,94.07414,35.534763,0.099606045,0.97640055,10.282782,0.13137509,5
61.301865,135.31638,134.90633,129.76347,4.8381352,71.58883,68.180115,154.30199,52.867775,0.39030895,177.2505,9.592137,441.24777,1914.6161,125.86438,1.5952697,5
73.13019,96.694595,6.6275353,114.38857,44.459953,70.585846,66.89816,489.09494,1.7355164,12.564078,298.868,2.7479806,13108.475,0.4738146,0.97918403,0.31015047,5
89.51599,147.83752,13.145494,400.3728,56.17885,69.83701,68.901726,5565.7305,83.2939,46.54353,83.196045,3.1645548,6603.3613,193.17786,29.917912,0.33335695,5
65.47504,96.4957,4.663485,116.442154,11.057673,65.857834,69.74739,1945.8063,2.40637,7.4285836,32500.078,18.135376,0.17590097,2210.1567,130.0835,4.0170794,5
223.29657,199.7984,41.75745,497.24695,109.54861,76.193146,67.95974,17.759378,7.4019294,0.5005935,1053.5544,2.172114,122.09317,6.2140417,23.236732,6.478848,5
69.83317,93.14113,134.5565,98.32646,72.84291,71.77143,67.39246,1354.6492,17.19471,48.874943,4.612956,60.551838,3.31529,356.41333,42.93343,6.2472076,5
99.26008,167.0365,14.109655,604.8315,15.205594,71.750305,68.27842,615.23114,13.928599,1.7588743,22207.326,1.9898139,0.46699512,1.2098173,3.959167,1.8189223,5
86.33067,132.3423,121.58358,128.36484,111.11534,73.603806,67.68421,1769.5751,1.1893433,14.434598,3185.7905,111.51412,307.93353,1.1808715,2.5448537,6.9542594,5
60.84324,172.67041,9.195145,583.8724,6.4964232,64.903366,67.86399,80.711784,155.24405,132.88628,71.64046,2.9541192,3.9799976,2191.1245,142.47609,0.6118387,5
61.43885,164.52785,10.264346,702.28705,6.8268394,59.600224,67.484985,2395.8506,56.19033,0.201293,90.95509,5.9475965,0.9505559,317.4509,39.604305,4.9399686,5
62.241318,100.13208,5.2099676,114.03011,4.23526,67.175095,68.20683,78.734024,15.516395,8.596261,460.115,15.554639,2.0083027,0.37102515,0.47304216,0.32926214,5
126.02758,97.27611,25.728983,108.461395,191.90558,69.27943,69.96133,190.14545,42.292633,1.6763659,47.4764,3.0063035,24.24423,106.09978,26.07122,0.085606664,5
255.6352,80.374245,88.457016,170.00237,171.0862,72.41679,67.69178,19879.379,12.024181,0.17740692,42.23546,21.136368,3.2175958,858.35876,41.003998,0.7088299,5
214.98354,221.24947,59.250435,263.45096,4.653187,59.615078,68.05711,3664.7249,45.741074,2.6454082,459.13516,5.185513,0.40527117,870.12537,42.6259,1.8811942,5
245.18459,85.04215,46.833015,167.64786,4.107195,66.90924,69.033646,1618.4116,40.013256,0.56356406,3.0578692,4.31177,0.52080333,3746.5051,38.53952,4.5548105,5
185.11044,96.945496,19.986177,109.60291,11.921431,68.681816,68.12033,1703.8643,29.626202,1.0949427,742.09485,11.607928,599.322,2.557102,15.98403,2.497075,5
77.20026,130.03606,146.10956,103.91546,20.860619,57.729786,67.15501,304.05682,11.898878,2.0086176,3.2314777,10.912283,1.4484072,1.5836626,2.0522068,7.727277,5
163.53836,192.98036,43.93381,473.21268,38.275547,70.038414,68.4941,49036.78,38.108307,1.7022274,339.54663,1.955412,212.06221,303.06683,34.346493,3.9200044,5
288.97385,106.631546,44.70984,93.79546,84.41891,69.112465,67.036354,306.92096,2.8941636,9.02633,87.423195,133.62492,4575.623,0.3572251,38.50832,3.6357858,5
217.97624,193.77106,38.896595,567.2599,72.3189,61.994854,69.0075,86.66081,41.119392,0.08381621,441.95035,18.832464,31542.965,3421.878,43.558853,1.3398813,5
150.03864,168.48483,34.115734,614.44885,49.194416,76.63085,67.67187,201.59042,50.46397,1.9253252,3751.9485,11.367719,52.24465,12.257162,15.683882,0.95165074,5
116.082565,188.32245,25.647142,315.25064,18.273878,69.63865,68.20007,8663.52,11.435102,2.8315575,16421.28,15.6727085,10.845999,0.6209835,4.7282596,0.38832003,5
121.78541,109.29392,111.296616,89.44273,12.528735,67.969444,69.59979,8030.2734,2.1284912,24.283503,113.48668,41.5845,8550.171,0.42756838,5.6416163,2.9888685,5
66.17039,110.255585,179.61018,109.63873,103.72492,69.63235,68.64378,136.93797,161.6474,13.649173,167.38156,52.29519,0.11518224,1626.5308,110.510735,0.09708186,5
71.98407,104.35904,6.0719557,103.38685,78.10482,65.65599,67.16401,92.70943,14.024834,3.2625475,708.33826,3.600172,22.994724,73.5586,16.961277,4.6780095,5
165.39598,90.58519,49.13255,134.34027,3.8735209,70.716705,67.464935,255.58417,3.5741606,3.73962,86.91142,23.353912,3952.5403,7.9290338,16.082628,7.1660466,5
178.60674,98.84492,68.734,102.268845,4.701009,76.03833,66.91824,5050.941,49.140102,0.5227368,362.9936,23.661594,10.084303,168.16202,31.745428,0.015522046,5
337.93585,85.31213,35.099857,172.22784,4.783117,66.62717,68.193504,257.5257,45.261112,50.015762,951.8886,43.750576,0.1516657,5.090285,49.124146,7.536139,5
276.5502,81.5019,82.492874,170.54121,4.1077576,76.817535,67.524376,144.45476,347.65573,12.37239,615.1045,3.3393557,41.337692,88.566536,39.945538,8.111087,5
72.54485,91.674934,5.2054214,178.78033,35.68234,62.163807,66.988846,11735.889,6.651594,0.94027704,1255.8274,6.118019,287.3929,43.20322,12.236072,1.300272,5
75.00775,147.72147,10.371052,340.8288,198.2847,68.3109,67.77181,942.2743,2.464183,657.202,4089.301,8.060611,322.14154,638.68,58.804256,0.15461431,5
282.06326,203.86055,59.64367,405.866,7.818485,70.838066,68.61028,68.07078,217.70087,0.67068374,63.565994,91.14084,2.5469294,0.40946928,36.146946,0.014927188,5
65.79031,220.40115,87.58918,220.10048,4.2396684,60.03444,68.33645,38.76091,12.963389,11.897439,5.583438,70.234955,3.6082327,0.39630872,0.49821022,2.3775055,5
143.64084,131.21356,19.173872,155.60081,129.56429,74.047874,68.18585,795.99097,23.941414,0.8213599,2094.5435,23.325512,207.42416,28.612482,18.650442,0.13560478,5
91.02585,117.573296,116.70526,89.253006,4.157464,74.0116,68.27858,195.55016,6.642573,50.943466,100.79316,66.48305,211.13474,3.266869,4.6833634,6.9273357,5
79.46426,127.4543,12.060698,134.71327,83.58476,73.78003,67.3987,555.58734,35.18942,59.615196,614.39984,70.58315,44180.15,45.690487,13.727993,0.057300936,5
81.404274,136.076,104.600914,164.58414,88.97782,69.83418,67.61792,70.05383,13.256739,0.8639922,265.72873,2.4886918,12472.898,3411.601,133.0596,9.113258,5
143.33115,83.26617,18.571308,169.7887,19.865437,67.84117,67.57762,6697.992,105.37608,53.046112,1217.755,2.6839616,33.70098,60.000427,22.604847,2.623208,5
166.26842,211.71533,73.275894,418.70905,29.763565,57.362206,67.01398,6492.27,2.394488,116.43555,2055.157,3.528303,306.53958,186.38998,31.626701,4.1945567,5
134.2502,108.7579,33.868073,92.571014,126.52907,72.1868,68.17467,365.11743,1.4986341,7.9202394,8302.783,3.754568,0.33004513,1666.0103,63.68544,8.5033655,5
64.29809,144.94838,9.492136,535.9579,47.913994,63.41215,68.44862,457.70947,27.854834,1.5949502,302.42273,48.018246,393.46783,962.3126,80.665085,0.041341677,5
111.117004,184.94989,17.701324,404.28867,93.55322,67.2145,68.80846,2244.9656,13.046819,80.15906,155.10718,20.150215,503.5905,129.94768,27.936312,7.075011,5
151.39668,192.17078,25.972599,400.70502,32.14117,71.74548,68.74408,4241.638,1.9644033,39.18429,34.826042,124.97397,0.124217354,1.2386917,10.193645,1.7967126,5
216.19104,80.20846,23.550032,201.20322,96.53257,60.711388,69.52432,2170.2095,57.976463,0.36816943,6578.774,33.39317,0.33347315,1.0393718,20.95617,0.12883082,5
132.74463,130.35054,107.781944,150.62457,100.52926,72.72266,68.55444,23.311464,1.9852165,0.018404694,100.239006,23.699596,8329.005,0.6899839,7.0602345,0.5294989,5
60.567574,76.78366,200.02373,198.29573,116.52994,73.40117,66.58278,51.32677,41.133667,2.2280645,26.170826,22.443565,3.326798,41.535854,10.368281,1.4558284,5
79.92337,73.16126,197.48306,180.31932,4.051942,67.65448,67.70069,5502.209,51.698174,1.368048,8172.798,4.7683353,0.9391397,2.7695343,3.0510595,0.23365039,5
60.61365,80.89035,211.4998,149.22133,51.70565,72.54029,68.876,4845.7285,16.075514,5.2743583,75.96677,1.779789,5991.2666,3003.189,166.32434,3.268798,5
101.53871,157.04285,13.680871,403.7315,66.87631,67.783554,68.78453,17.062538,11.624156,0.3617972,24.046423,6.187649,107.80731,2.5323303,5.366419,0.023759369,5
65.10319,150.89407,114.49195,198.73021,61.78718,68.48891,68.68783,124.21352,39.576965,3.2954836,86.09862,7.3599916,99.941826,221.15952,31.138092,0.55742556,5
161.28886,199.46825,34.828808,409.81998,39.050644,61.839687,67.67917,4186.9067,117.095474,85.325836,234.44185,23.925144,978.05853,1231.544,51.269577,4.8922267,5
168.99303,81.63517,41.667683,179.55078,28.451715,75.18599,68.32405,51982.75,43.111774,0.81889975,144.93134,1.6699226,5.657001,23.972038,21.642143,4.8970137,5
65.88507,118.18255,5.378292,94.37482,25.113064,58.70957,67.54297,317.96,16.529358,0.12177898,71.03111,3.0513113,3352.1157,1.4103471,1.2914022,0.01958991,5
225.07849,205.30983,30.575586,291.00256,90.94089,70.74085,68.43187,51.51808,3.269945,4.485161,1024.4967,60.348602,0.20605852,990.72327,39.3888,6.992973,5
80.09268,159.29675,12.462202,256.89615,4.60113,69.70921,68.89629,4082.9126,46.144894,1.2462441,71.96765,8.891811,1.0292083,97.37072,20.765343,1.6305096,5
68.04368,148.18655,8.502901,358.72943,9.215225,68.48304,67.917206,52.351227,313.3744,0.5689472,766.5834,47.553665,8.95165,3119.0483,158.17633,2.4039981,5
94.641785,98.449776,7.706546,114.52169,59.302975,67.43115,68.692085,191.74118,25.033531,1.3709363,139.55135,2.0283837,0.89253324,1.2281467,3.5851672,0.018320372,5
61.374783,234.35172,85.64784,243.70091,56.885334,74.38929,68.28952,107.14647,3.2854838,0.1946748,12.896223,62.654957,31.1647,1.4863735,1.0688376,0.06224449,5
66.51514,92.98912,5.0122604,147.36546,84.57333,69.59858,68.48264,46.336243,193.26685,1.3239912,897.80786,31.227036,2.3335361,3.0920846,2.1099818,0.08264258,5
147.98941,212.83624,61.28449,383.9752,173.43863,65.775635,68.31645,489.24197,24.279713,313.96857,88.487045,29.430136,32.258976,60.25749,23.07646,1.9023213,5
84.45027,127.59599,7.8226595,92.66431,54.36581,61.37645,68.31821,24.71141,7.1292505,0.79012835,20209.674,6.39386,0.14069176,2.946491,3.531725,6.4462757,5
133.07692,85.69107,18.31827,155.7983,75.87057,67.52284,67.79054,485.23834,1.6448295,20.03923,2631.0273,3.4768736,0.18296887,7.0860887,11.7825165,0.8404461,5
104.95191,90.13922,13.920785,128.99692,59.612045,69.958046,68.23463,465.4437,22.424671,1.3824544,28145.203,78.247986,1.809819,1.0793682,4.2231493,6.685361,5
173.94258,74.43629,99.273224,180.33057,4.63212,66.693405,68.52119,1566.7617,19.885012,5.884803,85.62677,121.8732,899.885,1.1941241,13.833646,8.174258,5
174.05539,213.71167,35.640434,274.41617,59.85058,70.20018,67.4616,7332.544,11.623262,389.55,836.7319,1.7195034,0.25738436,755.5001,43.15899,8.593047,5
193.16406,85.09985,17.643366,155.29048,8.989097,64.98846,68.16197,181.01285,0.8581449,15.971065,8.332443,9.020857,12.133227,41.445126,27.377182,4.365496,5
66.68017,98.53436,164.88239,95.34651,3.220134,57.166035,66.72372,237.33919,46.078163,25.41122,67.745186,2.5392187,14.334046,127.82614,22.904593,7.4297533,5
251.47879,196.24907,26.407116,206.49818,24.1081,72.72529,68.84179,6902.2686,52.68382,0.02235658,3.4756625,31.670471,0.3930925,3.513832,28.216766,8.054161,5
228.40416,154.08627,33.063126,345.4638,77.403595,69.93149,68.02422,419.72134,8.400084,5.187116,675.61005,100.279564,11.489384,74.69028,29.769323,7.9632306,5
119.98479,179.70598,22.144104,503.73636,48.18814,68.16916,67.22638,7252.2783,42.03073,0.02780162,728.8717,28.378765,3.9701478,0.9000951,5.253604,5.109582,5
81.39516,99.69997,7.8160295,106.27452,79.13092,67.76355,67.26331,81.40305,10.1614065,5.9613323,117.74841,2.561443,15275.637,25.142452,10.132744,3.8771386,5
203.32906,97.37869,17.37362,113.83912,51.776028,70.33379,67.33512,186.11624,5.5194364,6.643067,1196.4764,10.488989,122.73167,1129.5973,42.731476,7.192687,5
67.34835,156.71883,107.82734,300.83295,4.3610196,67.82666,69.75037,2252.3804,1.0205019,63.696266,3.8655396,52.52122,2.317262,7.1998878,4.507077,8.4281,5
171.088,95.39812,54.981194,107.86087,146.3876,65.80701,68.09855,178.13051,114.31498,246.08095,90.66663,12.863644,318.04364,3249.7852,60.32722,7.893648,5
123.90742,81.75864,137.09236,131.04338,55.939445,73.568306,69.347786,179.91385,341.80933,2.891705,108.38198,10.186785,6325.0415,2.1805794,8.331431,7.429482,5
196.37796,202.33029,35.572308,378.05984,19.085815,68.693184,67.863396,1114.3121,161.50925,0.77514327,100.0751,42.33291,1237.3254,6.554294,20.212734,7.224162,5
182.00539,225.98964,51.093124,239.01843,6.4016294,72.89997,67.74722,95.098335,1.3186988,20.33262,81.20824,3.7365954,15.409507,7.502665,17.025013,7.2773514,5
90.793304,228.08879,75.21335,277.48456,4.1949577,69.38446,68.63817,1937.9409,1.5498312,9.160837,87.87855,2.0885167,16.322916,0.6125021,2.6516562,1.0600272,5
106.40863,231.9912,76.2353,290.72894,131.68983,67.59238,68.30604,37326.26,19.770992,0.7612844,245.82225,6.622454,173.47565,0.85823613,4.180477,3.4841857,5
166.71902,78.73939,138.36456,146.30301,9.284706,61.625183,69.00366,15422.817,1.1357815,0.27999917,312.19373,2.05822,0.017927805,26.60982,23.78538,0.20718716,5
94.04263,194.17781,17.687387,310.79495,45.380592,71.16389,67.76322,231.26785,8.189904,0.586403,465.7327,4.813073,11.972054,2.5169365,4.402446,0.7568141,5
248.69695,95.18814,88.501175,105.34879,99.055145,72.47576,66.798325,6381.538,39.66663,17.39496,59.80614,40.73928,218.94716,440.32236,35.278004,1.0682598,5
202.56448,105.33368,103.84834,92.0487,8.084274,68.79817,67.58234,49.027237,298.11526,0.08404114,1176.8645,84.87238,23.567955,90.82084,28.93594,0.042592905,5
119.88023,136.68634,110.388824,133.8247,81.654045,72.89032,68.13437,494.21704,56.773186,0.18266022,92.86645,2.1182337,1458.9808,4.607834,9.277779,0.016345909,5
241.69096,88.31538,23.52269,148.64952,184.12436,68.27224,67.94708,105.55168,5.4363284,4.260344,187.17447,2.039567,0.38004196,3.6451004,28.041027,0.1445123,5
115.7734,182.6662,86.50571,548.45013,78.44753,72.69746,68.708466,65.19791,21.30906,0.6491619,85.735435,1.9218497,180.55464,0.4733203,4.9623747,0.03137233,5
282.83124,157.48395,54.931328,224.82788,52.75621,69.269844,68.13691,52169.637,20.837704,0.75423896,1007.8265,10.390057,140.09465,1.863561,39.28296,0.6131584,5
324.2419,141.21843,55.894096,178.9402,122.34312,68.94494,68.65577,1992.963,3.0283277,11.011553,84.694244,72.92891,970.05597,3656.013,28.848473,4.749069,5
200.81734,232.53198,64.822716,201.7203,8.475248,70.64947,68.06208,2212.547,199.90317,0.014305766,91.87578,3.724765,3.0929773,62.837517,26.515612,3.4105237,5
90.39154,229.2794,81.205574,241.71341,6.800656,66.58184,67.952446,3363.16,46.48991,83.65542,578.716,44.822456,0.9066876,0.60946125,2.4055889,0.012461271,5
108.86534,89.07175,12.971851,142.04471,5.4174776,66.432,67.55238,1391.8132,47.999176,1.2953906,64.07562,5.185078,161.91861,0.42316583,3.7899237,0.23953849,5
66.20963,183.68352,98.45509,510.6866,142.1867,57.57057,68.20687,67.28685,8.23584,0.13196023,153.61644,23.904526,0.39475662,6.7524886,3.6037288,7.8147116,5
217.62349,202.2572,28.532227,344.15042,6.87837,70.38892,68.17586,766.7163,51.790916,0.07726982,35.92289,5.7872257,0.8679649,562.3961,36.89863,7.4888043,5
218.4712,97.33475,85.06189,105.22184,18.98227,67.54006,67.68657,825.35645,41.768963,1.7404952,59.774372,7.569949,0.30797315,279.05457,35.80995,5.7660055,5
60.815525,137.8409,9.625032,257.80307,63.029854,63.103813,68.29983,95.75151,31.876081,8.120823,449.6799,3.2839274,0.40606704,0.4916392,0.40659785,5.1185455,5
81.21443,91.94715,6.792596,182.24106,197.57755,69.67116,67.51108,693.1499,1.3090184,51.785027,416.29105,7.545233,3520.288,753.66223,62.182213,0.32801086,5
211.28459,171.62195,26.118992,457.43393,125.17037,76.72345,68.367966,2228.949,25.472656,0.02631282,671.3929,1.6641759,50368.867,3.546004,22.243902,0.2649519,5
114.28479,195.48494,77.86148,475.71973,11.832662,61.100475,68.0106,2804.918,18.975029,4.942651,363.8045,69.51716,3.289787,3284.361,93.81413,0.110170715,5
136.318,84.906746,26.830114,162.35345,14.592205,65.83604,68.90862,206.58191,16.119507,0.7687068,532.7944,18.99736,205.7527,0.3607061,7.0415754,1.5761681,5
155.39261,91.71219,13.729014,129.48419,40.135117,59.20299,68.45631,86.46149,11.665026,2068.9597,1632.7278,19.958422,20.251875,251.93234,35.142006,1.9080443,5
65.095085,125.06669,121.79518,124.64804,110.65801,72.44756,69.510025,168.4433,3.778297,0.46977487,973.0054,8.656749,163.21582,47.591106,12.818599,2.1924417,5
147.8293,117.826126,133.99074,121.98645,111.284996,65.204506,66.68036,59.568043,8.401361,1.5537381,92.489746,2.8832092,1348.127,2.420617,10.579123,0.57923377,5
179.53786,122.80136,22.550892,143.78477,73.363,69.18589,68.46843,50.46137,40.879944,3.1482713,388.33972,8.505432,0.5105168,1.6373812,14.341715,0.08074929,5
319.64963,214.52664,44.843796,263.90265,133.25566,68.224495,66.99997,90059.55,4.1163416,24.101385,168.96677,12.149934,1015.573,1.8026185,45.504333,0.015525414,5
85.20083,168.13799,13.477487,571.2438,34.69812,64.10681,67.6626,102.27018,231.80319,4.2520866,2402.514,53.545208,0.18406768,3.8219833,3.9027724,6.6533127,5
127.92564,115.43696,15.699478,95.68561,4.080781,73.2664,68.96869,21818.61,6.2834005,1.5298097,110.602974,80.12478,1674.9424,0.39696974,6.123375,7.4809046,5
239.73424,94.691055,20.411112,113.07439,60.81594,63.35106,66.825516,480.48456,19.520899,4.0298624,2857.8213,20.767632,0.59568274,796.39355,35.819115,7.227906,5
222.8349,76.53116,67.9953,164.0935,220.28749,70.08911,67.52101,62.987675,3.8435385,0.34016335,1.8002107,10.986429,0.17925635,1.103367,22.491016,0.96008754,5
100.35575,176.20624,15.350127,463.01147,26.559666,68.893425,67.62781,111.195564,50.48718,8.671991,151.59563,114.454834,0.43783832,130.14139,26.43564,7.173064,5
135.3453,184.5054,25.518011,487.1703,59.600426,72.567505,68.03946,192.87808,23.480274,3.7788813,85.13016,3.4268174,1309.7068,3244.844,74.16132,7.088256,5
317.1029,97.37715,54.093582,98.021774,4.8381047,59.536427,67.42652,4999.928,107.99077,2.2968163,219.86171,4.204042,73.15522,17.657381,39.234844,0.49964342,5
92.65582,108.01322,10.348109,94.85806,83.53932,70.66112,66.67487,64.02041,471.30893,0.29857942,345.74493,13.114276,37743.47,3.059086,4.251567,7.1498504,5
234.99677,85.614914,22.501797,163.06773,40.772972,66.6341,66.67487,127.19418,18.113272,0.020542014,1267.1975,17.703451,7.2359,3.897821,25.75069,0.029476315,5
185.59651,105.46138,23.459772,91.872986,80.37227,59.427498,67.54529,460.68857,3.2418702,74.795265,13263.082,2.0061798,35.13991,104.87297,30.758545,0.06579045,5
287.12445,77.84734,78.882866,173.78458,14.726797,70.130745,68.86464,4082.0947,2.4231102,14.371811,877.07574,2.0525174,0.40376666,3.2823029,39.747883,0.09916872,5
114.019585,86.101654,123.523544,132.41875,6.096932,57.665497,68.09865,68.262695,1.2645313,162.3885,26.519455,23.97483,243.07362,3.5195076,7.7603397,0.01836719,5
72.02327,218.64511,91.90253,441.16534,25.272982,64.66331,69.05472,232.51006,16.895443,0.041365646,985.5337,16.762814,120.34924,0.5686445,1.2380025,0.3838294,5
224.95316,158.16791,43.792793,524.46405,47.905155,60.09387,68.46167,479.86255,1.3789077,0.046980016,38.564857,52.809807,2.3313885,614.74475,34.322144,3.1609979,5
133.08504,89.22388,19.454659,152.29898,77.95114,69.16909,66.885445,113.43668,28.387215,1.983549,21757.89,94.22055,3.1978793,786.59534,49.984818,0.107450634,5
303.46915,132.14775,74.76686,139.5695,120.187096,64.805954,68.0967,273.4997,1.3669617,6.2559714,2568.3003,4.553791,360.67642,27.895334,40.589317,0.346384,5
62.87692,135.48874,8.198787,156.55789,4.4913816,68.02419,68.26593,46.367172,135.0343,20.174837,248.6129,12.661023,4486.1484,0.52992153,0.6399457,0.03158732,5
73.918686,190.71365,12.949757,309.29947,36.084557,65.58229,67.62339,5056.4604,119.37671,28.722267,495.37878,33.910122,35221.773,0.7437656,1.3512094,0.014780489,5
79.508545,200.02612,80.938354,530.54144,114.565605,76.28964,67.63923,69.40306,32.50357,40.580353,537.5852,11.032755,36875.168,1.6081979,2.4819586,0.22932176,5
64.940994,162.75214,9.458965,466.84882,55.462433,62.249283,68.97856,2737.5635,30.14125,18.604578,17.48216,3.0755792,5.2934074,1.3186421,1.2949798,0.47531754,5
143.60814,127.91039,14.795376,154.40132,49.813877,69.553986,69.14052,35.723248,50.25309,7.4120917,92.65265,2.179565,2452.9558,2947.0627,62.056225,0.11631618,5
130.87671,100.106674,12.835679,111.17299,3.767737,70.82896,67.58992,32.342125,61.271484,0.034817062,610.391,102.254814,9899.8,63.84034,21.88846,1.926292,5
61.120617,172.20836,10.298158,544.75507,42.554337,59.164593,69.64027,10051.495,5.990509,7.354028,80.8654,2.499076,241.06409,2.2196236,1.6286833,0.022397865,5
63.879494,97.09024,5.8854456,145.62262,48.310257,69.27349,67.81997,3011.9458,97.012955,1.6628649,653.8779,65.76173,1769.2982,0.68299174,0.74680054,3.7918787,5
135.7968,206.3344,79.01602,436.37607,8.790604,67.5982,69.68012,61.152023,51.615288,3.4473605,5.2924566,8.41865,0.43674573,18.727596,18.408144,1.1254253,5
218.14389,199.51231,26.186138,326.88898,79.08702,65.94461,67.74748,1554.9612,2.0551693,112.54862,683.91156,2.0809264,7879.999,2.6783612,23.011871,7.2989316,5
128.23894,215.21518,63.593372,363.4474,40.76052,66.19986,67.543915,263.15656,2.4514701,1491.5842,194.6243,105.0968,6973.2188,3578.1355,83.133156,3.4474092,5
60.579403,119.256744,5.840889,87.98465,4.0531764,63.96475,68.56532,62.733955,62.44423,6.034415,159.50977,3.0051699,0.20950796,6.4370093,3.0768547,0.8370299,5
214.95634,135.8154,57.134895,168.84354,9.116483,58.44503,67.103836,5429.8794,9.111783,1.2723649,122.16433,20.913692,1542.0121,1156.3247,42.85626,2.812124,5
145.3172,105.972435,30.242277,95.25453,7.424172,69.552704,68.86854,15917.825,47.376114,3.3734856,2471.6873,15.149209,140.3775,96.61106,26.78378,1.5899868,5
208.02023,160.02869,62.283913,492.5155,16.824892,57.427917,68.39347,1191.5714,40.52914,67.442345,120.06125,6.3482857,80.74121,0.45778644,17.961126,4.517832,5
178.91327,204.52676,39.082703,401.97775,101.98403,75.15123,67.334145,47.171143,126.177765,74.109695,9504.084,23.34579,34.513332,115.1094,28.754591,2.677942,5
167.84854,122.26174,23.262732,82.36661,103.495514,62.418793,67.10933,462.92297,7.213422,1.1050553,830.5087,1.8417373,1.2981802,2561.153,55.773582,4.361846,5
87.840454,106.861565,7.119601,95.64468,87.93553,69.88202,66.73728,397.81827,5.2580395,0.3755263,8962.584,3.106642,118.22825,11.800677,7.39312,1.4572728,5
73.59882,93.47323,5.733459,194.11882,8.465451,73.89408,68.21621,44.830814,9.899898,7.9072266,135.92165,24.550766,286.53168,2237.1184,121.2445,2.0088506,5
64.724075,180.5426,10.109501,239.6951,67.41827,57.604626,68.297485,452.37527,2.0240593,3.7408655,67.19958,42.87996,0.9443066,3037.1118,161.34592,2.4781797,5
61.53542,161.87666,11.557559,586.02545,9.311429,72.80517,67.850525,78.19351,1.4521168,0.2096857,71.156006,3.6363795,22.37952,0.4273834,0.45416018,5.220964,5
82.4436,89.5878,6.080307,158.4254,42.479538,68.68424,68.589905,50.12899,1.102342,5.4134316,57.84615,4.292321,578.2943,0.36363614,1.6952653,0.015272033,5
155.71967,135.18417,109.41443,125.784676,125.893425,69.97148,67.394646,118334.96,30.7391,0.16492885,1.9166853,24.493849,0.45970538,12.884083,16.740404,1.333842,5
61.32825,215.25313,100.89874,507.48138,74.40015,61.549557,68.9776,84.90621,96.63615,11.628331,602.3971,5.1107473,7638.029,55.152912,13.356434,2.7257602,5
146.0357,85.2744,34.273544,186.28763,35.852425,60.85881,67.79818,68.300125,17.420116,447.61066,1561.5099,73.30983,293.75735,1855.8958,60.558414,5.1715527,5
72.888275,95.13243,6.80824,154.83705,93.68817,67.43272,68.29821,74.95619,12.807333,1.8961946,1126.2571,21.046093,102.38542,114.29046,22.878437,0.013211658,5
147.08226,157.75238,34.208454,298.6482,160.7449,68.70052,66.77418,4880.263,1.8787491,17.704058,34.87832,1.7618861,475.3698,42.960148,21.52866,3.7090068,5
62.037014,72.13603,214.80646,190.0965,159.789,72.43902,66.48028,700.82446,202.65468,1.772767,422.88184,90.35137,2.5362468,4.927575,2.3142188,0.060796637,5
208.31607,89.075485,21.337896,132.86452,12.01137,68.4088,67.77106,51.81205,114.61532,19.434109,6596.3047,2.257016,201.4974,0.57920486,18.160654,7.5213966,5
61.22886,178.12607,10.545101,300.19803,18.233923,69.09806,67.384766,45.396786,39.33972,616.88885,80.10254,63.113964,75.63052,1.0007808,0.7364521,0.13348308,5
94.77382,104.81947,8.355682,98.76287,57.44419,67.69669,69.16825,52.48859,43.24762,0.1549041,126.40112,2.1617224,485.39462,1.2950642,3.685077,0.8018265,5
79.271996,123.77723,9.064421,116.355774,12.981134,74.20825,67.8287,48.21496,2.197705,4.797878,772.2872,5.350074,287.3837,1.2102892,1.8864173,3.4321246,5
74.22206,91.96936,6.4956493,193.38797,4.6574483,76.13883,66.89545,9545.838,5.7254543,1.1469889,39.572758,1.6700549,377.47772,6.485978,4.0536404,0.025974523,5
70.418816,118.3378,158.64807,126.754326,72.84027,67.799164,67.69928,379.30798,22.828388,29.649921,365.38373,2.9163659,17290.559,0.60802877,1.0535492,0.90910834,5
126.035576,207.04724,65.99963,568.947,78.46113,68.54486,67.09075,669.0711,2.1565995,0.022570938,83.576294,2.372366,0.5376021,4.3579125,8.783338,1.311936,5
72.269135,165.30365,106.546844,549.8155,5.8064556,63.164734,67.820885,32.26698,58.606678,20.152851,587.9143,7.066719,0.9064436,0.3844625,1.0087894,4.0877266,5
60.82676,90.56288,4.3728533,170.10457,19.48754,68.66264,66.84072,491.09338,1.5735626,1.8464558,5771.0625,3.048462,11.841042,47.051918,11.32971,8.515341,5
191.66931,102.65761,26.896008,94.70862,54.623867,68.46965,68.39576,284.72894,25.610815,0.49787176,249.10066,34.29657,728.27234,16.232164,23.147968,5.630727,5
63.860718,82.581825,187.15213,137.26407,4.271298,75.15827,68.21017,621.575,14.103189,0.06318991,77.46767,4.229243,1502.0496,1.2949573,0.91323996,2.0399737,5
331.2158,132.89267,56.4427,202.5971,64.157684,74.576454,68.16091,479.77933,4.260057,0.01655713,19.37828,2.8707619,1.1427605,2931.8022,28.81549,0.16108891,5
125.09988,95.50684,123.005905,121.76052,7.4376597,73.82797,68.27432,59.97742,1.752832,18.24301,43.49884,11.480055,0.49365646,1310.2676,60.176834,1.0354034,5
160.37714,97.372314,63.540264,98.751076,76.3289,70.5319,68.2844,30.16539,29.821218,0.05618726,65.48632,48.881756,1.9366572,75.0625,24.946594,4.558922,5
68.383644,160.43463,117.327484,241.34,170.58473,69.36255,68.49321,2638.6553,11.716669,111.72586,1951.4773,14.609609,285.0811,83.16501,17.885012,8.243575,5
199.96075,164.89243,28.07887,212.09584,6.1919065,62.33937,69.3051,343.5619,118.45092,44.750843,3.4972677,2.4054983,0.105942994,5.5971165,21.59402,0.021228205,5
151.40279,81.97833,23.930374,194.80695,16.053764,75.39928,68.80886,10328.357,47.881256,0.09595518,407.52698,97.69308,90.44804,87.311325,26.820415,1.963462,5
203.6241,124.99259,57.117516,118.04079,7.097187,68.380104,67.82342,78.268845,29.861837,0.01436392,510.49707,1.7233264,241.59065,0.95057195,18.216028,6.8919883,5
96.67619,77.91332,174.13956,154.00983,130.78644,58.50816,67.753876,417.4563,1.3524768,43.65953,95.20241,4.873925,731.3148,2395.845,92.62541,4.262603,5
118.93062,109.179855,10.718173,100.735565,107.83606,67.79802,68.891426,2388.856,61.116646,0.017940747,778.4105,6.981393,104.86571,519.5784,44.475338,0.06047992,5
159.35349,154.4154,53.54262,183.53976,70.83266,68.74604,66.880486,289.36417,14.144441,0.035433553,11497.554,4.2377405,37.04421,1.3281384,10.992092,3.7162318,5
73.13687,91.06398,142.48807,98.16409,16.450426,58.29674,68.25437,90690.97,1.6169009,0.318115,216.49294,1.797219,6.990004,318.30634,40.850006,0.034390133,5
171.47517,202.61612,57.059128,413.39008,6.4496074,63.796574,66.86499,41.285717,29.675207,957.31604,71.29859,1.714901,30.505373,4.9236774,15.66136,0.055406243,5
187.41168,163.4396,77.51202,425.78958,56.596237,63.24069,68.595146,133.13722,4.986637,3.3788123,471.297,1.8682101,0.011123864,8.528919,19.51386,3.872408,5
63.229046,181.18903,9.704787,370.75705,104.8057,66.13888,67.17324,2191.4382,1.8977331,0.30196193,14058.345,32.06497,1.1532879,1.8986936,1.1980077,8.927151,5
270.55576,87.83851,76.278656,119.00928,41.45775,71.798195,69.45101,5082.966,7.518896,0.048305012,91.16,1.6428487,244.9993,3028.5535,35.888607,6.9588842,5
262.9318,215.21817,47.44793,237.76085,119.258865,75.94064,68.1557,57.136417,32.35217,93.997284,39.88462,13.668364,3.315842,1171.3755,35.824883,8.838824,5
62.3898,104.26091,6.414217,99.555435,122.5307,70.36911,66.89444,8499.97,1.5740023,67.12677,1142.6119,20.855433,116.04617,0.8940613,0.6264671,0.7289877,5
85.37438,123.12967,138.79105,113.96026,66.68956,58.21367,68.95411,48.62725,21.64262,204.96246,362.6662,14.054939,1.7838167,28.293373,11.6622,0.41151398,5
62.092945,148.79123,138.24977,167.13661,62.917015,64.479675,66.55997,337.67868,24.324707,3.2197256,90.939224,2.2240796,2772.7742,2278.4229,139.06715,2.9881568,5
164.74695,108.54556,43.54753,90.88431,42.888412,68.69378,69.01665,170.3616,17.529217,17.337234,8.456615,39.8393,3.6922224,3884.115,59.492275,2.6223884,5
153.61172,89.1187,28.779345,133.83661,96.736015,73.977875,67.529144,58.939323,54.2208,3.519929,17.030746,2.2948008,34.647575,26.453196,19.867092,2.322566,5
179.41023,182.85547,21.232063,463.00705,6.0524335,70.710175,68.4225,63.760002,11.050547,20.47369,1192.5562,1.8045068,293.31158,4.976755,17.019928,0.5780213,5
221.19585,206.2497,64.15443,424.1364,180.07765,68.54038,68.302505,484.79614,38.722847,10.82691,665.1011,7.902639,0.017123012,0.57518256,21.749462,0.1165195,5
117.45185,92.4988,10.398331,158.44531,5.0687003,65.53754,66.71352,88.3035,14.352505,0.5365295,31011.184,7.868552,0.24286057,2051.2544,73.85242,7.5921164,5
153.6834,138.2035,86.26324,154.37206,220.69537,67.822334,67.73657,119.74336,2.4847808,0.396612,153.37796,2.6822076,92.318275,9.8829155,16.708696,8.157521,5
123.49274,193.17331,20.826424,360.95694,44.4702,76.23891,67.56778,9152.486,30.305567,3.4339848,804.76605,16.9621,7.912618,211.25311,32.960983,5.3770704,5
280.86533,151.24452,36.41478,266.93335,56.37451,68.74411,67.622604,434.66925,3.5390813,5.7797546,482.46353,2.9761522,1.0046824,0.39294973,36.599968,8.154105,5
171.16014,107.45657,64.26565,90.77051,49.870037,69.262,68.648926,20.861708,2.6114826,0.71422243,141.07364,2.534836,0.43143654,1299.5737,47.508736,6.782271,5
122.79948,103.47255,17.327675,97.36486,161.98465,68.62917,67.66208,52.042953,40.893776,2.7175047,862.797,3.679408,0.8075176,3773.7476,88.11165,3.4525638,5
116.76713,88.22684,19.70933,197.4682,63.167793,57.787785,68.30683,74.62588,1.414962,1.9409432,3.4407911,94.22536,1.3519022,29.680254,15.89339,6.5113173,5
120.4059,184.75209,17.188309,520.37384,4.1620927,67.65795,67.59803,35.439827,25.427063,0.6113926,214.71829,30.780025,0.040087227,0.5705137,5.059122,0.58153427,5
109.69414,95.07497,14.639436,137.7712,41.507996,70.51461,67.84908,678.5226,10.680818,2.2966373,24049.33,79.47911,3.2570662,0.36075017,3.828496,0.013001844,5
61.727962,89.72972,3.7369614,179.02689,45.12832,67.1461,66.63548,9256.853,0.98838353,236.78636,591.4299,5.472275,13.68393,2753.5635,164.58247,3.607276,5
157.88058,83.36922,81.9202,142.97736,38.67611,64.99702,67.743286,63.611115,1.4480577,0.51712,28840.574,10.962597,1.5649908,2.2579067,11.641655,5.7842236,5
176.49368,186.60992,44.073277,465.44125,18.759365,70.43179,68.33308,2610.0742,48.46717,41.853527,35.48213,30.009106,0.06992656,0.6110286,13.370854,3.5767868,5
185.97433,82.16202,120.69831,149.39758,103.45681,68.82274,67.67521,1117.057,75.36082,0.6052964,38.366623,20.081741,0.08957317,1.853134,15.929303,0.015112048,5
174.09705,127.46036,17.498344,110.013725,45.297558,72.94234,68.99284,2004.9926,28.958923,141.6495,8.450771,1.6456178,6.347521,3701.7646,61.387188,0.99838835,5
89.85388,137.51614,15.158614,204.13289,34.223137,70.20035,69.61672,62.4527,31.44971,0.8608742,11172.024,1.7704872,9.393346,156.14717,28.458345,7.165404,5
147.04391,94.97908,78.62779,102.13662,60.276066,67.77519,66.91118,6889.515,45.499134,7.423429,77.91016,75.696945,385.29602,0.7511434,8.466508,0.03540482,5
175.75974,88.303406,16.716522,156.15729,38.807938,69.80237,68.70488,16342.69,12.723215,10.6041565,18.832355,18.366621,5.330196,3.1660564,15.607015,3.8278875,5
214.36957,84.43047,29.005716,170.29918,136.2204,69.88449,68.51737,45.183727,0.71780825,0.04928819,4.0657735,2.2887104,2.3804014,3154.6523,41.89598,0.09108643,5
176.34225,141.40247,33.325974,267.67694,119.0067,69.17752,68.27115,5279.6226,66.51704,28.487064,12.434137,14.893465,0.078297384,1.2048512,13.747877,2.7713706,5
175.43326,77.21659,120.964905,183.01633,6.460428,66.18621,68.21862,2090.1914,28.502619,0.050406206,249.02815,4.772015,10071.917,74.82386,24.616142,1.9996014,5
101.81838,95.66417,12.078521,122.42742,4.0059624,59.06318,69.969986,9745.93,1.7929034,0.50580955,673.9753,16.74284,1322.962,0.41983336,3.8165226,7.5035734,5
60.62949,223.54483,79.59447,262.56558,4.6286273,58.723694,67.865005,108.02263,22.358622,9.807148,74.81746,112.19092,32.967445,6.6031604,2.9621828,0.027274262,5
133.71649,137.86063,71.09778,144.39713,47.965332,68.375145,67.02101,2175.9558,17.876953,7.3335085,50.58228,6.5269656,14.9715605,0.57898045,6.3670144,7.796501,5
190.8792,188.05542,25.283257,552.91583,11.024662,70.22816,68.43309,255.24976,1.9525952,1029.2888,624.1759,4.665632,2.5045514,3621.2234,48.864822,0.060814686,5
204.54353,154.35962,42.269188,261.6477,21.72256,72.778145,67.69875,149.65598,13.81714,0.43976533,190.60738,1.5378484,755.31036,0.35338616,17.626839,9.047175,5
149.7016,219.77989,51.901134,255.27884,165.07898,66.5021,68.66813,844.7916,108.12041,166.15137,131.34937,3.0861137,421.4794,91.627975,29.023743,6.544278,5
69.4496,135.6855,8.364528,129.03177,14.729962,67.88655,68.28182,42.371223,0.92897654,2.5558147,25.151947,3.0877025,1.6582191,2525.2246,131.15506,6.614035,5
222.17764,135.01447,50.054638,188.65005,5.2752438,67.75024,69.09926,29.388266,9.21362,0.022847483,115.52349,2.5135655,380.01752,157.7184,30.814589,1.4296093,5
309.48566,129.81519,73.58919,137.78397,58.28806,71.53119,67.52068,168.262,19.447124,23.906158,58.343243,4.563087,0.31431314,531.4935,29.916092,1.7148864,5
186.50261,131.87617,45.153954,182.00215,4.305134,68.51724,68.28932,1476.4646,30.765732,5.0533385,78.81889,2.1933448,16.779129,768.0961,42.194183,5.60942,5
198.72116,195.95517,24.518124,374.25494,247.39563,66.64336,67.05443,464.51447,27.825459,3.2982306,9.063454,3.033943,0.1488182,253.90932,35.11712,0.016579112,5
