Category,Real_Samples,CTGAN_Samples,QGAN_Samples,Num_Features,Avg_CTGAN_JS,Avg_QGAN_JS,QGAN_Improvement_%
1,1025,2000,2000,16,0.2418350183702067,0.19609807893630116,18.912455169701843
2,666,2000,2000,16,0.290261004303406,0.26818675964535427,7.604963922393732
4,781,2000,2000,16,0.28545175175814863,0.22480352866421668,21.24640073861472
5,1361,2000,2000,16,0.1933434787722277,0.13946101309869524,27.868778412231748
7,651,2000,2000,16,0.305341313542401,0.2546236676405607,16.610148595171164
8,1861,2000,2000,16,0.05487375501980328,0.045635650868065265,16.835195893563494
9,1062,2000,2000,16,0.17516633568921097,0.18387603229717886,-4.972243424342149
