bwd_seg_size_avg,pkt_len_min,fwd_pkt_len_min,totlen_bwd_pkts,fwd_pkt_len_max,bwd_pkt_len_min,pkt_len_mean,fwd_pkt_len_std,bwd_pkt_len_std,flow_byts_s,fwd_pkt_len_mean,psh_flag_cnt,down_up_ratio,fwd_act_data_pkts,syn_flag_cnt,fin_flag_cnt,Label
120.99907,91.0,86.0,60.0,198.0,66.0,109.35378,0.0,0.0,3153.121,87.602135,0.0,0.5,2.0,0,0,1
98.4652,92.0,77.0,60.0,91.0,66.0,96.0,0.0,0.0,10258.564,84.0,0.0,0.5,2.0,0,0,1
143.02281,55.0,54.0,97.0,84.0,60.0,100.0,0.0,0.0,11527.062,84.0,0.0,0.5,2.0,0,0,1
361.20462,54.0,54.621258,9140.163,95.0,67.0,268.50348,0.0,0.0,96312.26,87.007385,0.0,1.1,3.0,0,0,1
602.9167,54.0,54.0,7648.888,1292.0,60.0,542.36554,96.22497,595.5571,9369.564,160.61896,287.5251,1.3636364,2.0,3,2,1
97.14114,91.0,64.0,60.0,84.0,91.0,96.02388,0.0,0.0,15617.708,79.0,0.0,0.5,2.0,0,0,1
345.33334,54.0,68.0,4213.2017,784.9269,60.0,292.94284,578.02747,483.757,8219.465,527.3505,0.0,0.5,8.0,0,0,1
121.0,65.0,55.0,119.0,64.0,67.0,94.0,0.0,0.0,59487.1,55.0,0.0,0.5,2.0,0,0,1
106.67739,73.30539,55.0,60.0,75.0,74.0,94.92463,0.0,0.0,20255.787,60.0,0.0,0.5,2.0,0,0,1
308.1279,54.0,60.0,7174.382,91.0,65.0,156.62169,80.4585,0.0,77613.516,88.0,0.0,0.8,3.0,0,0,1
145.48663,54.0,54.0,132.0,74.0,89.0,100.546196,0.0,0.0,56710.434,55.0,0.0,0.5,2.0,0,0,1
153.0,66.0,71.0,91.0,536.0,60.0,141.7655,0.0,0.0,652.369,158.61205,0.0,0.5,2.0,0,0,1
153.0,79.0,82.629776,158.52876,91.0,80.0,126.333336,0.0,0.0,26753.115,86.0,0.0,0.5,2.0,0,0,1
138.0,65.0,58.96269,155.0,71.0,78.89898,96.333336,0.0,0.0,113542.87,67.66753,0.0,0.5,2.0,0,0,1
344.73334,54.0,54.0,5240.0,78.0,66.0,164.66058,0.0,0.0,96262.53,64.0,0.0,1.2083635,2.0,0,0,1
211.77623,54.0,54.0,126.56166,78.0,62.860275,127.12017,0.0,0.0,22224.883,58.95348,11.0,1.0,2.0,3,2,1
89.0,95.821434,107.0,0.0,277.31903,60.0,107.0,0.0,0.0,327.80334,187.55801,0.0,0.0,2.0,0,0,1
599.58154,54.0,62.0,10903.19,1514.0,60.0,580.6804,767.38513,613.29364,8799.651,732.9531,0.0,1.1489233,14.0,0,0,1
361.57144,54.0,54.0,6922.472,270.92978,66.0,343.48563,0.0,0.0,28397.264,96.0,0.0,1.0909091,3.0,0,0,1
128.64612,55.0,54.0,68.0,77.0,64.0,97.333336,0.0,0.0,16634.62,65.50679,0.0,0.5,2.0,0,0,1
267.72498,66.0,81.0,5171.0,99.0,67.0,163.42928,0.0,0.0,43672.094,97.18613,0.0,0.5,4.0,0,0,1
129.01906,81.0,75.0,60.0,318.21048,63.0,116.88795,0.0,0.0,701.1129,97.0,0.0,0.5,2.0,0,0,1
121.0,84.0,55.0,95.0,79.0,110.04329,96.29763,0.0,0.0,29720.783,75.0,0.0,0.5,2.0,0,0,1
221.68178,55.0,54.0,91.0,1292.0,60.0,260.89624,0.0,0.0,181.1528,331.65176,0.0,0.5,2.0,3,0,1
704.228,54.0,54.0,35302.266,288.0,60.0,570.55585,566.79535,626.63763,81904.11,112.04798,322.0,2.8529186,3.0,3,2,1
154.0,81.0,85.0,120.0,529.64215,66.0,151.16934,0.0,0.0,4351.864,128.64818,0.0,0.5,2.0,0,0,1
482.90002,54.0,54.0,3849.1062,529.3141,60.0,428.51993,0.0,507.67117,7984.425,100.26163,311.1951,1.2666667,2.0,3,3,1
221.0,54.0,54.0,208.0,79.0,66.0,130.76154,0.0,0.0,38515.63,72.89039,0.0,0.7863995,2.0,0,0,1
477.17218,54.0,54.0,6794.0557,1292.0,60.0,468.90085,482.9858,554.0053,4849.26,475.93802,0.0,1.1,5.0,0,0,1
602.39,54.0,54.0,6498.016,1779.9415,60.0,605.0027,552.2101,626.5106,586.8699,664.63556,19.491825,1.2,5.0,3,0,1
171.28648,81.0,85.0,95.0,1292.0,60.0,251.0308,0.0,0.0,206.92368,485.9972,0.0,0.5,3.0,0,0,1
421.76657,54.0,54.0,3860.9092,1292.0,60.0,414.90536,500.10284,555.60535,3422.2236,471.39337,12.0,1.0,5.0,3,0,1
346.19806,54.0,54.0,121.0,1292.0,60.0,387.8677,0.0,356.84348,291.61066,181.18913,50.580296,1.0,2.0,3,2,1
154.6301,64.0,55.0,120.0,102.0,74.0,142.0,0.0,0.0,10909.701,75.0,0.0,0.5,2.0,0,0,1
156.0,78.0,84.0,156.0,100.43466,66.0,131.18839,0.0,0.0,20341.357,99.0,0.0,0.5,3.0,0,0,1
256.2655,76.0,91.0,282.78375,678.28064,60.0,230.53328,402.84207,0.0,8324.716,410.8751,0.0,0.5,7.0,0,0,1
148.0,75.0,73.0,60.0,692.75024,60.0,138.33199,0.0,0.0,293.30872,208.61862,0.0,0.5,2.0,0,0,1
390.76422,54.0,54.0,7401.4297,89.0,62.0,283.75458,0.0,0.0,60291.6,78.0,8.0,1.2228541,2.0,0,0,1
325.51755,54.0,54.0,153.0,1292.0,63.0,372.71155,0.0,0.0,1900.6337,182.22032,0.0,0.6666667,2.0,0,0,1
738.0759,54.0,54.0,56213.344,1292.0,60.0,666.572,1297.6493,650.5251,28385.338,523.5691,15.0,1.6021483,11.0,0,0,1
97.0,92.333336,79.0,60.0,96.0,66.0,96.0,0.0,0.0,16972.812,79.0,0.0,0.10996366,2.0,0,0,1
494.75797,54.0,54.0,1653.7384,1547.9176,60.0,523.97705,436.3665,595.9607,354.6291,609.7363,13.2367525,1.1,5.0,3,0,1
684.57135,54.0,54.0,16296.926,263.4459,60.0,531.89764,166.08653,595.1597,65312.473,89.0,309.4257,2.7812352,2.0,3,3,1
546.795,54.0,54.0,14989.876,97.0,64.0,404.97675,399.10373,491.9569,116971.86,95.0,0.0,1.2941177,3.6341016,0,0,1
287.7997,55.0,64.0,204.0,617.0,60.0,262.60916,0.0,0.0,6065.572,211.63397,0.0,0.5,3.0,0,0,1
97.0,86.333336,68.00641,60.0,104.47746,89.0,99.0,0.0,0.0,24951.963,75.0,0.0,0.116711505,2.0,0,0,1
273.99896,62.0,71.0,152.43654,1292.0,60.0,260.18146,136.71358,17.579208,1884.7054,399.46024,0.0,0.5,5.0,0,0,1
221.1542,54.0,54.0,145.0,268.0,63.0,160.10875,0.0,0.0,9438.51,96.62926,0.0,0.5,2.0,0,0,1
121.0,86.333336,55.0,105.0,89.0,97.0,91.0,0.0,0.0,77548.05,64.0,0.0,0.5,2.0,0,0,1
104.933266,92.0,74.0,60.0,89.35258,75.93402,99.68056,0.0,0.0,6963.751,89.0,0.0,0.5,2.0,0,0,1
628.2774,54.0,54.0,15603.972,528.0,60.0,488.40305,538.8428,571.80975,49947.926,155.1681,8.0,1.3607371,5.0,0,0,1
345.33334,54.0,54.0,5173.985,78.0,60.0,156.87698,0.0,0.0,68999.07,74.0,11.0,1.2,2.0,0,2,1
265.95953,66.0,81.0,5259.807,108.79878,66.0,153.10098,93.76559,0.0,54164.375,95.0,0.0,0.5,5.0,0,0,1
562.58545,54.0,54.0,6516.1406,1227.7188,60.0,449.15884,505.00494,612.33875,5678.01,269.14404,341.63974,1.25,3.0,3,2,1
512.58435,54.0,54.0,2827.962,1292.0,60.0,507.30276,152.26971,595.1597,819.5233,353.09854,124.0,1.2142857,3.0,3,0,1
201.54161,70.9038,83.0,1702.9916,92.0,66.0,127.46469,0.0,0.0,53001.086,88.0,0.0,0.5,3.0,0,0,1
132.0,91.37093,55.0,60.0,95.0,90.0,96.0,0.0,0.0,29422.05,74.0,0.0,0.5,2.0,0,0,1
761.34503,54.0,54.0,22171.043,1782.0,60.0,746.67816,1770.7762,666.49567,8476.752,970.7891,227.10414,1.4,17.0,3,0,1
128.95535,74.0,73.0,108.585434,78.0,64.0,97.333336,0.0,0.0,20738.371,75.0,0.0,0.5,2.0,0,0,1
470.37964,54.0,60.0,7613.7056,1387.9413,60.0,466.8144,598.0728,574.18604,5305.8716,694.6118,0.0,1.0,11.454213,0,0,1
602.8111,54.0,54.0,9709.506,1292.0,60.0,498.08716,552.46326,604.5457,14699.761,332.3516,15.0,1.25,5.0,3,0,1
138.52953,54.0,54.0,121.0,62.0,63.0,94.333336,0.0,0.0,65397.996,55.0,0.0,0.5,2.0,0,0,1
574.6684,54.0,54.0,12974.512,216.0,60.0,430.48993,432.87463,525.62775,65603.53,107.37097,8.0,1.3333334,3.0,0,0,1
121.0,75.0,68.8953,120.0,75.0,66.0,95.666664,0.0,0.0,32171.361,74.0,0.0,0.5,2.0,0,0,1
122.19063,89.0,55.0,128.05315,91.0,110.0,91.90333,0.0,0.0,117407.97,64.0,0.0,0.5,2.0,0,0,1
408.12732,54.0,54.0,5508.2227,101.0,60.0,357.47083,0.0,224.1139,25206.785,81.0,16.0,1.25,2.0,3,2,1
267.41568,64.0,75.0,3762.824,186.0,63.0,159.14339,161.732,0.0,25206.799,147.8,0.0,0.5,5.0,0,0,1
120.10102,86.333336,60.0,60.0,97.0,83.67332,97.0,0.0,0.0,21690.775,75.0,0.0,0.21813266,2.0,0,0,1
90.0,102.6555,106.38862,0.0,974.7569,60.0,107.0,0.0,0.0,129.88359,205.47098,0.0,0.0,2.0,0,0,1
222.0,54.0,54.0,784.8418,79.0,68.0,132.77556,0.0,0.0,65710.17,74.0,0.0,0.68247706,2.0,0,0,1
366.39493,54.0,54.0,6828.1724,268.0,60.0,296.7251,335.68027,291.2853,24297.328,149.38708,0.0,1.0,4.0,0,0,1
67.4088,89.88559,87.78694,0.0,133.14272,66.0,138.0078,0.0,0.0,1170.1647,95.0,0.0,0.0,2.0,0,0,1
268.68497,54.0,54.0,3924.5586,78.0,66.0,134.66667,0.0,0.0,91353.805,68.69234,0.0,1.0,2.0,0,0,1
690.7528,54.0,54.0,18489.295,273.8513,60.0,529.1902,551.7284,623.669,61459.97,117.46342,330.01764,2.0835004,3.0,3,2,1
326.93854,54.0,54.0,153.0,536.0,60.0,254.85945,60.503216,134.83095,3365.8716,217.68361,8.0,0.6666667,3.0,3,0,1
811.3944,54.0,54.0,32588.521,1292.0,60.0,717.0818,1652.9491,671.88965,16785.25,666.69666,384.02924,1.9156052,10.0,3,2,1
179.0,70.0,81.0,909.3729,91.0,66.0,125.04906,0.0,0.0,54247.258,85.0,0.0,0.5,3.0,0,0,1
370.0281,54.0,54.0,9879.875,81.0,66.0,254.36014,0.0,0.0,136959.77,78.0,0.0,1.2,2.0,0,0,1
71.5,96.0,130.98558,0.0,414.46915,62.0,138.0,0.0,0.0,210.60901,155.01326,0.0,0.0,2.0,0,0,1
137.62291,54.0,54.0,120.0,64.0,64.0,94.333336,0.0,0.0,60567.812,55.0,0.0,0.5,2.0,0,0,1
637.9167,54.0,54.0,27867.836,522.29425,65.0,524.30884,548.10754,560.6876,92130.53,144.81696,0.0,1.375,5.0,0,0,1
238.0,54.0,54.0,5621.071,74.0,74.0,120.333336,0.0,0.0,167932.75,64.54983,0.0,0.93025017,2.0,0,0,1
138.0,91.0,91.0,0.0,1292.0,60.0,158.37733,0.0,0.0,131.52217,323.25473,0.0,0.5,2.0,0,0,1
594.38745,54.0,54.0,9614.967,1292.0,60.0,479.15775,580.69995,608.1179,13195.383,450.27167,12.0,1.2222222,6.0,3,0,1
138.0,70.0,69.63405,120.0,84.0,83.55526,112.333336,0.0,0.0,20174.89,73.0,0.0,0.5,2.0,0,0,1
376.37247,54.0,55.0,8244.948,370.83517,66.0,365.6175,127.11303,19.0789,32455.879,131.01688,0.0,1.0769231,5.0,0,0,1
132.0,75.0,74.0,120.0,78.0,66.0,99.89263,0.0,0.0,26005.701,75.0,0.0,0.5,2.0,0,0,1
531.7328,54.0,54.0,11421.172,678.56134,60.0,445.7548,580.7129,546.10126,26842.674,297.19067,0.0,1.2,7.0,0,0,1
364.9753,54.0,54.0,272.09915,199.05193,60.0,319.48282,0.0,130.97987,12438.958,91.0,109.5374,1.2,2.0,3,2,1
113.0961,91.92233,64.0,129.0,97.0,108.04324,94.28888,0.0,0.0,97567.52,70.51108,0.0,0.5,2.0,0,0,1
363.14285,54.0,54.0,7235.0,75.0,60.0,162.75342,0.0,0.0,123616.805,64.0,15.0,1.25,2.0,3,2,1
138.0,79.54356,55.0,0.0,106.0,60.0,107.0,0.0,0.0,20493.006,74.0,0.0,0.087405175,2.0,0,0,1
114.814476,92.0,91.0,0.0,528.0,60.0,108.0,0.0,0.0,292.11502,146.3676,0.0,0.112746224,2.0,0,0,1
172.0,81.0,91.06393,155.0,348.43195,65.0,146.52075,0.0,0.0,13519.676,160.63116,0.0,0.5,4.0,0,0,1
479.09665,54.0,54.0,7896.206,142.0,60.0,367.97675,254.64676,511.9789,27518.105,109.51331,45.905018,1.25,3.0,3,0,1
640.4524,54.0,54.0,13796.631,1292.0,60.0,581.3778,717.7944,627.1705,18145.986,527.20294,9.0,1.2654265,8.0,0,0,1
89.0,96.0,108.134895,0.0,290.7785,60.0,107.0,0.0,0.0,350.15768,160.69582,0.0,0.0,2.0,0,0,1
461.34265,54.0,54.0,8528.023,186.31036,60.0,369.03897,177.2037,492.0451,31877.67,106.0219,11.0,1.2264291,3.0,0,0,1
344.20673,54.0,54.0,5169.697,75.37133,64.0,155.01242,0.0,0.0,90304.3,64.0,8.0,1.2,2.0,0,2,1
121.0,91.0,79.0,97.0,92.0,68.04076,100.09732,0.0,0.0,16375.744,89.0,0.0,0.5,2.0,0,0,1
186.85579,54.0,54.0,91.0,535.3181,60.0,150.27663,0.0,0.0,355.0079,186.78618,4.0,0.5,2.0,3,0,1
144.0,79.0,81.0,108.0,206.0,61.819096,116.0,0.0,0.0,5378.0264,115.75,0.0,0.5,2.0,0,0,1
621.14124,54.0,54.0,15070.3955,1292.0,60.0,579.9944,788.4155,616.4655,19674.395,610.74866,0.0,1.2222222,14.0,0,0,1
493.48846,54.0,54.0,4736.828,1740.2896,60.0,538.522,454.00403,594.9934,475.9677,617.67163,2.0,1.0769231,5.0,3,0,1
456.45206,54.0,54.0,12449.62,81.57307,64.47017,322.93054,145.40506,73.533394,159013.05,79.0,0.0,1.25,3.0,0,0,1
766.63513,54.0,54.0,17658.018,1292.0,60.0,691.60864,1443.6332,670.3164,10919.954,692.79474,399.5127,1.7753141,8.0,3,2,1
91.6708,84.0,64.0,0.0,78.0,66.0,92.333336,0.0,0.0,10433.758,74.0,0.0,0.5,2.0,0,0,1
152.43832,65.0,64.0,283.0722,74.0,91.0,102.56144,0.0,0.0,129397.35,73.0,0.0,0.5,2.0,0,0,1
253.23787,54.0,54.0,221.84999,77.0,66.0,134.66278,0.0,0.0,49421.84,60.0,0.0,1.0769231,2.0,0,0,1
105.0,96.0,86.0,91.0,106.0,66.0,97.0,0.0,0.0,16200.322,91.0,0.0,0.11320776,2.0,0,0,1
738.9825,54.0,54.0,36247.723,990.5679,60.0,619.1343,1241.9792,651.1259,32449.092,353.05637,321.7709,1.8461539,7.0,3,0,1
154.0,75.0,75.0,91.0,1292.0,60.0,158.08684,0.0,0.0,320.816,244.36537,0.0,0.5,3.0,0,0,1
575.58417,54.0,54.0,9949.467,1514.0,60.0,551.294,717.75653,614.751,6418.494,701.911,0.0,1.1518965,12.0,0,0,1
111.0,94.0,60.0,60.0,91.0,91.0,94.27799,0.0,0.0,19095.404,77.0,0.0,0.5,2.0,0,0,1
576.27716,54.0,54.0,5174.088,1789.2416,60.0,597.67694,541.80884,625.3155,359.02112,694.4851,16.980291,1.2,5.0,3,0,1
153.0,64.0,64.0,180.0,75.0,87.05049,107.666664,0.0,0.0,77245.8,64.0,0.0,0.5,2.0,0,0,1
547.26135,54.0,54.0,15387.273,184.16014,63.0,414.7433,536.8088,506.84863,101300.55,119.497444,0.0,1.25,5.0,0,0,1
121.0,82.333336,55.0,0.0,95.0,68.05254,97.0,0.0,0.0,21310.299,74.0,0.0,0.15047336,2.0,0,0,1
111.0,86.32673,64.0,60.0,102.0,82.16911,99.0,0.0,0.0,25575.73,74.0,0.0,0.10966062,2.0,0,0,1
153.71664,63.0,68.0,1792.841,73.0,66.0,100.0,0.0,0.0,159260.14,68.0,0.0,0.5,2.0,0,0,1
92.03334,97.333336,107.0,0.0,405.56427,60.0,102.08723,0.0,0.0,315.33212,217.108,0.0,0.0,3.0,0,0,1
114.149994,96.0,88.0,111.0,108.65706,64.0,96.0,0.0,0.0,17673.7,106.996124,0.0,0.10675825,3.0,0,0,1
223.9858,54.0,62.0,5915.47,74.0,66.0,114.26868,0.0,0.0,165697.77,74.0,0.0,0.6666667,2.0,0,0,1
691.6871,54.0,54.0,12868.819,1615.64,60.0,685.6364,1267.606,656.69116,5312.1416,764.7614,150.13002,1.33082,11.0,3,0,1
602.9167,54.0,54.0,12092.332,107.0,60.0,444.07187,98.84898,529.22095,63605.2,86.679695,99.66927,1.5851108,2.0,3,2,1
120.96763,96.0,105.23858,91.0,146.89404,63.0,100.0,0.0,0.0,5771.833,142.0,0.0,0.10678098,3.0,0,0,1
494.91144,54.0,54.0,6432.0483,1292.0,60.0,454.64584,509.8285,570.6141,4715.659,456.22736,11.0,1.1666666,5.0,3,0,1
742.7448,54.0,54.0,55206.676,400.0,60.0,605.4118,590.2173,634.37756,76338.92,142.02667,325.875,3.366787,4.0,3,2,1
121.0,91.0,89.15881,60.0,101.0,66.0,105.48791,0.0,0.0,4999.8066,91.0,0.0,0.5,2.0,0,0,1
546.83844,54.0,55.0,13174.648,1182.9164,62.0,453.5746,589.97095,540.8546,31067.229,332.56876,0.0,1.2,9.0,0,0,1
88.87834,93.30905,86.908676,0.0,106.0,66.0,102.0,0.0,0.0,4597.9844,91.0,0.0,0.0,2.0,0,0,1
443.03653,54.0,54.0,260.11694,1514.0,60.0,472.10727,409.31808,595.1597,270.6344,624.97217,13.0,1.0,5.0,3,0,1
693.03937,54.0,54.0,12782.658,1292.0,60.0,645.82336,1218.554,656.54205,7811.4336,658.3765,322.0,1.3636364,8.0,3,0,1
121.0,86.0,81.0,60.0,142.0,65.0,107.666664,0.0,0.0,2608.0562,87.18398,0.0,0.5,2.0,0,0,1
371.55038,54.0,54.0,10685.451,79.0,65.0,219.35854,137.66922,0.0,161219.69,79.0,0.0,1.2,3.0,0,0,1
572.3824,54.0,54.0,9821.485,97.0,60.0,420.9525,0.0,507.15732,43814.492,81.0,276.01962,1.5143491,2.0,3,3,1
175.90207,54.0,54.0,102.32143,454.53467,60.0,160.125,0.0,0.0,1931.2023,96.106285,0.0,0.5,2.0,0,0,1
494.70972,54.0,73.0,10340.121,1292.0,60.0,459.42282,717.6907,567.5789,15331.344,645.57733,0.0,1.0,14.0,0,0,1
708.9145,54.0,54.0,16814.35,1566.4264,60.0,704.73035,1307.9086,658.5269,9431.649,779.179,38.667118,1.3333334,14.0,3,0,1
363.73254,54.0,54.0,257.74728,216.0,60.0,344.76593,0.0,0.0,13848.173,80.96699,21.0,1.2222222,2.0,3,2,1
361.2866,54.0,54.0,153.76367,1292.0,60.0,414.81818,0.0,481.30615,354.56482,373.28,3.0,0.8,3.0,3,0,1
602.9167,54.0,54.0,6911.3115,1849.6831,60.0,648.6879,553.2856,627.5194,357.96667,734.84155,11.0,1.2,6.0,3,0,1
708.3404,54.0,54.0,281368.34,95.0,64.0,538.97003,534.9915,595.6545,366644.06,84.0,35.21119,4.598806,3.0,0,2,1
131.28264,91.86287,55.0,108.58372,94.0,97.0,92.0,0.0,0.0,66123.92,69.99772,0.0,0.5,2.0,0,0,1
122.47395,83.75748,55.0,60.0,98.18083,71.39581,99.0,0.0,0.0,27452.264,74.0,0.0,0.17287736,2.0,0,0,1
431.2676,54.0,54.0,7682.0273,618.0,60.0,400.4169,526.6156,507.6714,19180.436,259.76044,0.0,1.0909091,5.382515,0,0,1
632.487,54.0,54.0,10654.837,1292.0,60.0,570.3685,541.5971,612.33875,15068.289,330.72516,12.0,1.2941177,5.0,3,0,1
602.9167,54.0,71.0,13491.861,1514.0,60.0,602.2963,770.9424,612.33875,15655.029,696.14197,0.0,1.2,15.0,0,0,1
94.18643,96.0,87.042175,60.0,106.0,66.0,99.0,0.0,0.0,6066.116,92.0,0.0,0.09421947,2.0,0,0,1
170.08055,66.0,64.72355,202.64192,84.0,123.0,134.66667,0.0,0.0,47730.688,73.0,0.0,0.6,2.0,0,0,1
601.4337,54.0,54.0,8559.332,407.67917,60.0,462.15585,46.38054,549.87006,20858.762,97.0,284.23376,1.4,2.0,3,2,1
390.6461,54.0,54.0,997.19165,512.04156,60.0,394.18182,0.0,20.741482,11511.6875,89.0,10.0,1.2222222,2.0,3,0,1
97.0,86.333336,62.3689,99.0,92.0,91.0,91.986855,0.0,0.0,50123.086,74.0,0.0,0.5,2.0,0,0,1
120.60397,94.1204,64.0,99.0,97.0,97.30225,96.0,0.0,0.0,32737.893,75.0,0.0,0.5,2.0,0,0,1
361.2078,54.0,54.0,204.0,1292.0,60.0,411.09164,53.949577,443.89786,881.956,351.62073,0.0,0.7861273,3.0,0,0,1
361.57144,54.0,64.0,7154.911,515.4222,74.0,379.95386,0.0,0.0,26206.45,102.0,0.0,1.0716542,3.0,0,0,1
137.81265,84.0,65.93319,138.0,88.0,121.0,107.666664,0.0,0.0,42702.5,79.0,0.0,0.5,2.0,0,0,1
222.0,78.0,79.0,108.0,1514.0,60.0,330.10764,0.0,0.0,175.72066,545.7538,0.0,0.5,4.0,0,0,1
132.34177,54.0,54.0,106.47842,74.0,66.0,97.333336,0.0,0.0,28383.916,55.0,0.0,0.5,2.0,0,0,1
480.78503,54.0,54.0,10537.1875,961.4932,63.0,444.1304,526.4364,506.84247,25032.326,243.18161,0.0,1.1666666,6.0,0,0,1
647.97644,54.0,54.0,18584.203,1267.0,60.0,558.82806,691.69867,617.08075,33296.773,332.59286,5.0,1.3333334,8.0,0,0,1
599.7965,54.0,54.0,9286.913,1617.9398,60.0,596.24493,591.5274,616.2725,4352.067,694.4269,0.0,1.2,9.0,0,0,1
688.3531,54.0,54.0,12234.533,1514.0,60.0,645.2161,1296.203,653.7477,5779.2373,766.2324,112.4992,1.2737429,12.0,3,0,1
764.1164,54.0,54.0,107486.52,1267.0,60.0,654.52075,1001.05225,652.2762,43321.188,310.47104,287.21628,2.4665687,7.0,3,0,1
138.0,89.0,91.0,68.0,614.0,60.0,130.66667,0.0,0.0,507.57977,216.0,0.0,0.5,3.0,0,0,1
690.36633,54.0,54.0,16058.333,342.57855,60.0,562.76654,402.33432,616.6922,42099.4,101.98474,343.37674,2.6989222,2.0,3,3,1
377.22845,54.0,54.0,3565.84,96.0,60.0,311.35522,0.0,74.37386,20903.723,84.0,50.564075,1.2222222,2.0,3,2,1
153.0,54.0,54.0,138.0,74.0,64.0,100.23001,0.0,0.0,43845.773,59.00082,0.0,0.6666667,2.0,0,0,1
129.0,79.0,78.0,111.0,81.0,65.0,100.0,0.0,0.0,19261.969,79.0,0.0,0.5,2.0,0,0,1
147.61523,64.0,55.0,105.0,94.03501,64.0,117.31852,0.0,0.0,8801.396,81.0,0.0,0.5,2.0,0,0,1
585.471,54.0,54.0,13065.663,84.37337,60.0,387.84113,122.96584,504.7738,126207.664,78.0,121.26985,1.5681652,2.0,3,2,1
121.0,91.0,55.0,60.0,84.0,95.0,92.22279,0.0,0.0,27844.73,74.0,0.0,0.5,2.0,0,0,1
602.9167,54.0,54.0,12440.282,281.14215,60.0,448.66653,426.2103,550.73114,49850.156,112.46649,12.0,1.3636364,3.0,3,0,1
71.4133,96.0,138.0,0.0,456.5285,62.023216,138.91293,0.0,0.0,208.10703,159.28416,0.0,0.0,2.0,0,0,1
572.3733,54.0,54.0,11168.9,182.68312,60.0,413.478,526.4994,559.919,45961.207,123.39882,60.0,1.3125,3.0,3,0,1
322.69995,66.0,81.0,5173.2285,414.47995,64.0,255.22151,248.39442,0.0,22172.975,216.0,0.0,0.5,6.0,0,0,1
683.7807,54.0,54.0,21330.021,107.0,60.0,492.57358,432.96005,595.6189,106638.336,91.0,267.5281,2.278199,3.0,3,2,1
123.0,94.0,59.59112,120.0,96.0,105.03888,94.0,0.0,0.0,66664.13,74.0,0.0,0.5,2.0,0,0,1
87.30469,86.333336,74.0,40.156822,106.0,83.097694,101.46379,0.0,0.0,16439.738,78.0,0.0,0.09057189,2.0,0,0,1
449.0316,54.0,54.0,465.0875,1639.1187,60.0,487.93793,398.00934,570.485,332.16293,625.2127,8.0,1.0,5.0,3,0,1
550.7426,54.0,54.0,11382.33,318.92926,60.0,432.43353,463.9682,533.12756,39416.37,138.38724,9.0,1.2708215,4.0,0,0,1
228.9214,66.0,74.0,286.0,142.0,91.0,190.81093,0.0,0.0,25110.523,84.761955,0.0,0.6,2.0,0,0,1
212.56763,54.0,54.0,120.0,107.0,60.0,142.0,0.0,0.0,4715.693,91.0,4.0,0.5,2.0,3,0,1
417.29065,54.0,54.0,5165.576,1292.0,60.0,444.00797,288.40408,513.8822,4798.5615,357.49387,0.0,1.0714285,5.0,0,0,1
138.32721,79.0,61.196606,148.0,81.0,125.0,107.666664,0.0,0.0,60103.164,78.0,0.0,0.5,2.0,0,0,1
130.0,85.0,74.0,120.0,86.338455,95.72375,105.83878,0.0,0.0,22099.012,84.0,0.0,0.5,2.0,0,0,1
204.0,54.0,54.0,125.0,198.0,60.0,142.0,0.0,0.0,6951.0034,96.0,0.0,0.5,2.0,0,0,1
506.04965,54.0,54.0,12047.774,81.0,60.0,333.98273,179.4295,459.04984,135292.64,79.0,14.0,1.3333334,2.0,0,1,1
362.5,54.0,54.0,153.0,582.0,60.0,383.77768,0.0,78.99925,2842.3171,96.0,56.238747,1.2,2.0,3,2,1
222.0,64.0,55.0,71.03232,1292.0,60.0,290.1225,0.0,0.0,129.9665,459.132,0.0,0.5,2.0,3,0,1
71.32685,94.0,127.46372,0.0,266.0,64.0,138.0,0.0,0.0,353.24985,138.0,0.0,0.0,2.0,0,0,1
97.86581,86.333336,64.0,0.0,99.0,69.20141,100.519714,0.0,0.0,15929.153,76.0,0.0,0.09230756,2.0,0,0,1
133.92392,84.333336,55.0,0.0,97.0,67.55257,101.24457,0.0,0.0,19802.121,74.0,0.0,0.10729458,2.0,0,0,1
690.4124,54.0,54.0,13889.374,1779.0,60.0,689.094,1252.5349,650.54175,6517.045,807.25494,11.747032,1.275992,13.0,3,0,1
295.27667,60.475365,66.0,159.84454,1292.0,60.0,335.54712,0.0,0.0,3294.2795,216.11266,0.0,0.5,3.0,0,0,1
121.0,96.0,99.0,91.0,141.87271,64.0,102.25569,0.0,0.0,5891.505,121.204346,0.0,0.23281945,3.0,0,0,1
490.61542,54.0,54.0,10304.866,505.16132,65.0,436.9822,90.4777,443.67746,32776.83,109.378494,0.0,1.25,3.0,0,0,1
204.49855,79.89948,87.38762,120.70703,1292.0,60.0,255.33455,0.0,0.0,448.43552,455.48404,0.0,0.5,5.0,0,0,1
673.884,54.0,54.0,13941.522,880.02686,60.0,572.88605,554.58563,622.07935,24521.049,216.0,111.1529,1.5,5.0,3,0,1
345.41617,54.0,54.0,269.80386,1292.0,60.0,368.03857,83.51406,270.11478,3930.741,271.0979,0.0,0.6666667,4.0,0,0,1
327.28143,64.79234,73.0,144.0,1620.5796,60.0,400.3602,86.49138,347.02246,224.8592,628.1386,0.0,0.5,5.0,0,0,1
350.08057,54.0,54.0,148.0,1292.0,60.0,376.2358,60.289867,492.50922,354.60834,361.32297,11.0,0.75,3.0,3,0,1
152.0,64.0,54.0,60.0,705.4291,60.0,135.05939,0.0,0.0,199.24713,257.6553,0.0,0.5,2.0,3,0,1
602.9167,54.0,54.0,21904.342,198.0,66.0,457.73044,300.13,500.6474,138116.38,91.0,0.0,1.4,3.0,0,0,1
97.0,95.0,78.0,0.0,94.0,66.0,97.9546,0.0,0.0,4033.1821,91.0,0.0,0.45223755,2.0,0,0,1
399.1488,54.0,71.0,5062.0,1514.0,60.0,451.53842,433.5138,507.44913,2802.9873,561.32513,0.0,0.8,6.0,0,0,1
153.58856,74.0,75.0,145.0,95.0,68.0,131.13405,0.0,0.0,20600.314,81.0,0.0,0.5,2.0,0,0,1
146.0,62.0,54.0,123.0,78.0,66.0,106.06576,0.0,0.0,27911.592,65.69034,0.0,0.5,2.0,0,0,1
345.48102,54.0,60.0,3541.261,951.3357,60.0,330.26746,516.38617,432.52835,8074.5215,450.25867,0.0,0.507696,6.0,0,0,1
212.04309,74.0,85.0,5172.252,96.0,66.0,127.456154,85.26455,0.0,81655.22,90.83367,0.0,0.5,5.0,0,0,1
129.40883,68.49404,64.0,121.0,74.0,66.0,96.333336,0.0,0.0,45902.145,73.0,0.0,0.5,2.0,0,0,1
218.0778,54.0,54.0,120.0,107.0,60.0,156.76129,0.0,0.0,5717.1274,78.0,0.0,0.6666667,2.0,3,0,1
295.91068,64.0,69.969475,120.0,1779.0,60.0,408.52884,0.0,43.531776,152.1467,519.23676,0.0,0.5,3.0,0,0,1
367.27603,54.0,54.0,5968.3413,322.4475,60.0,345.60333,76.07208,74.620834,22203.387,123.598694,0.0,1.0909091,3.0,0,0,1
153.0,76.0,75.0,97.0,625.0,60.0,145.10931,0.0,0.0,615.1572,216.56248,0.0,0.5,3.0,0,0,1
383.6784,54.0,73.0,12037.29,105.69234,68.0,333.1204,354.92798,0.0,120945.86,100.70951,0.0,1.0988771,5.0,0,0,1
87.97124,94.333336,95.0,0.0,99.0,64.0,99.0,0.0,0.0,659.3332,97.0,0.0,0.0,2.0,0,0,1
637.42847,54.0,54.0,18953.121,266.0,62.012035,467.68704,518.8993,555.98944,101728.76,107.0,8.0,1.4285715,4.0,0,0,1
688.9753,54.0,54.0,12240.55,1292.0,60.0,643.57684,738.56793,643.2096,9367.251,571.1929,263.32718,1.3571428,7.0,3,0,1
381.6222,54.0,54.0,6498.206,752.3048,80.61097,430.8538,0.0,0.0,19769.994,106.83338,0.0,1.1666666,2.0,0,0,1
436.97913,54.0,54.0,7601.0,1292.0,60.0,414.81818,598.13135,556.97076,10362.112,557.08594,0.0,1.0,9.550388,0,0,1
240.90912,71.0,76.0,121.9444,1292.0,60.0,294.40842,0.47140452,0.0,326.60095,503.75836,0.0,0.5,5.0,0,0,1
135.0,85.0,89.0,121.0,91.0,66.0,102.666664,0.0,0.0,19980.44,91.0,0.0,0.5,2.0,0,0,1
121.0,80.333336,55.0,0.0,96.0,65.68217,99.0,0.0,0.0,16920.453,74.0,0.0,0.09545091,2.0,0,0,1
95.52287,91.32837,66.0,68.0,96.0,91.0,96.0,0.0,0.0,25578.932,75.0,0.0,0.4745758,2.0,0,0,1
392.2798,64.0,78.0,5114.4346,1612.9199,60.0,457.98856,534.26056,508.91916,2486.6377,694.5677,0.0,0.6666667,9.0,0,0,1
496.93137,54.0,54.0,10517.229,580.50195,63.0,437.53793,407.9192,504.8997,27763.135,174.44943,0.0,1.2222222,5.0,0,0,1
400.10608,54.0,54.0,8529.25,79.0,60.0,251.84836,1.0029981,30.441708,100284.484,76.71058,12.0,1.25,2.0,0,0,1
327.32916,54.0,73.0,10377.314,78.0,104.32556,152.35767,0.0,0.0,305185.8,75.0,0.0,1.0,3.0,0,0,1
152.0,92.0,96.0,90.0,1292.0,60.0,191.04039,0.0,0.0,200.8041,530.3679,0.0,0.5,5.0,0,0,1
129.51169,81.77626,59.61535,180.0,90.46385,119.0,95.01924,0.0,0.0,157005.89,64.50526,0.0,0.5,2.0,0,0,1
97.0,94.0,84.0,68.0,107.0,66.0,98.39912,0.0,0.0,16420.693,89.0,0.0,0.09407299,2.0,0,0,1
673.8254,54.0,54.0,15106.738,1514.0,60.0,650.48206,825.1294,634.6261,13524.89,694.54114,0.0,1.25,12.563512,0,0,1
343.3326,54.0,54.0,5249.0654,89.0,73.90868,252.10632,0.0,0.0,61935.08,74.0,0.0,1.1666666,2.0,0,0,1
712.2633,54.0,54.0,16188.638,1514.0,60.0,691.55756,1307.8914,659.8194,8193.299,756.44165,224.97658,1.3598299,12.0,3,0,1
149.599,84.0,86.0,67.41947,1292.0,60.0,142.11526,0.0,0.0,259.82346,380.64175,0.0,0.5,3.0,0,0,1
148.0,67.0,58.960316,894.0277,76.0,113.0,98.93637,0.0,0.0,215062.64,64.45716,0.0,0.5,2.0,0,0,1
511.8614,54.0,54.0,2834.7622,1292.0,60.0,461.363,151.47968,595.1597,2125.4685,251.69635,317.78986,1.2222222,2.0,3,2,1
505.87714,54.0,74.0,9421.0,1514.0,60.0,524.4433,598.1423,570.23193,7443.0,700.2843,0.0,1.0,14.0,0,0,1
547.9355,54.0,54.0,7101.446,1407.8016,60.0,530.05646,510.28262,595.6545,3398.1128,522.84576,9.0,1.2,5.0,3,0,1
204.0,54.0,54.0,141.5626,91.0,60.0,134.33333,0.0,0.0,16679.512,81.0,0.0,0.5,2.0,0,0,1
111.0,94.0,88.0,60.0,96.0,66.0,100.0,0.0,0.0,5777.6963,94.13682,0.0,0.5,2.0,0,0,1
547.3502,54.0,54.0,14833.889,91.0,66.0,394.60684,97.37322,409.9895,142312.75,79.0,0.0,1.3692555,2.0,0,0,1
403.68216,54.0,54.0,7495.5864,81.985146,63.0,295.7205,0.0,0.0,72636.42,70.0,13.537434,1.3098736,2.0,3,2,1
91.0,84.333336,55.0,0.0,86.0,71.269,95.0,0.0,0.0,17299.295,74.0,0.0,0.22092114,2.0,0,0,1
636.866,54.0,54.0,9701.317,1292.0,60.0,530.7483,591.3156,630.72144,8633.169,471.4637,276.89526,1.2673107,5.0,3,0,1
691.1216,54.0,54.0,12131.079,1292.0,60.0,645.4965,592.44934,643.3059,9472.918,471.49033,329.84454,1.4931667,5.0,3,2,1
602.9167,54.0,54.0,18953.965,531.2139,64.0,476.31287,573.4788,550.8912,76043.99,197.34926,0.0,1.2857143,6.0,0,0,1
91.0,86.303276,74.0,0.0,107.0,62.344215,138.0,0.0,0.0,4721.054,81.0,0.0,0.0,2.0,0,0,1
109.98659,96.95089,99.0,0.0,342.76517,65.0,106.0,0.0,0.0,815.9175,125.17401,0.0,0.10302004,2.0,0,0,1
691.0,54.0,54.0,10789.543,1292.0,60.0,619.7808,588.595,643.4861,8192.239,391.20096,381.66473,1.5406623,5.0,3,2,1
602.9167,54.0,54.0,13398.945,1292.0,60.0,534.63934,765.21185,611.5019,20150.025,556.98816,0.0,1.2031083,12.0,0,0,1
344.73334,55.0,73.0,544.66113,1292.0,60.0,385.00165,116.084435,107.71185,4350.4355,352.4161,0.0,0.6,5.0,0,0,1
463.70227,54.0,54.0,13087.737,79.0,64.0,293.75842,129.00829,108.96088,182911.47,76.0,4.0,1.3050114,2.0,0,0,1
394.57367,54.0,55.0,6556.1074,1292.0,60.0,414.9079,352.66943,461.09094,13418.05,294.09763,0.0,1.0,5.0,0,0,1
148.0,75.0,74.0,259.11627,81.0,80.0,100.0,0.0,0.0,116948.99,74.0,0.0,0.5,2.0,0,0,1
204.0,66.0,71.0,108.35407,1292.0,60.0,222.3734,0.0,0.0,292.11993,361.4214,0.0,0.5,3.0,0,0,1
144.6975,94.0,95.0,12.663421,1505.8414,60.0,189.6164,0.0,0.0,111.0339,493.15497,0.0,0.4853698,3.0,0,0,1
702.0535,54.0,54.0,14463.196,1847.0,60.0,747.5614,1306.2831,658.60803,4301.261,979.70935,12.0,1.2941177,14.0,3,0,1
132.85619,80.70864,64.0,180.0,88.0,97.0,96.0,0.0,0.0,136895.11,68.67257,0.0,0.5,2.0,0,0,1
361.57144,54.0,54.0,286.9371,1292.0,60.0,387.6617,61.544468,369.7084,4145.727,238.38393,0.0,0.9293604,3.0,0,0,1
703.4943,54.0,54.0,33516.355,342.15134,60.0,561.53864,603.29346,634.3783,65828.3,161.88483,328.34518,2.113151,5.0,3,2,1
712.27673,54.0,54.0,32710.896,1794.0952,60.0,741.6366,1495.0409,653.52527,15760.207,878.07245,0.0,1.323063,20.0,0,0,1
253.8503,74.0,74.54734,119.0,1556.345,60.0,368.00696,0.0,0.0,169.42186,528.9806,0.0,0.5,3.0,0,0,1
121.0,86.07378,55.0,0.0,95.0,68.122185,97.0,0.0,0.0,19669.69,74.0,0.0,0.16592708,2.0,0,0,1
546.79785,54.0,54.0,7598.731,536.0,60.0,446.1097,108.129265,540.5838,16810.121,137.87263,61.212254,1.279951,2.0,3,2,1
233.6811,54.0,54.0,155.33875,97.0,63.0,152.32355,0.0,0.0,16938.307,87.00097,0.0,0.6666667,2.0,0,0,1
204.0,54.0,54.0,2678.0579,55.0,63.0,97.333336,0.0,0.0,283785.8,55.0,0.0,1.0,2.0,0,0,1
222.0,75.0,84.037704,304.0,216.0,67.0,162.00298,0.0,0.0,23336.396,105.46834,0.0,0.5,3.0,0,0,1
217.11269,75.0,90.41563,5084.0,99.0,66.0,132.84532,77.35793,0.0,65581.88,91.0,0.0,0.5,5.0,0,0,1
737.6588,54.0,54.0,17564.342,1292.0,60.0,637.12286,754.9169,652.9114,21147.27,346.59772,377.55667,1.865673,5.0,3,2,1
366.3125,54.0,54.0,5068.6646,1229.4045,64.0,409.5567,0.0,34.458687,12760.839,157.22379,0.0,1.0220071,3.0,0,0,1
435.35367,54.0,54.0,6518.9497,207.13661,60.0,352.63724,137.6987,495.57474,21068.752,111.40113,51.169266,1.2222222,2.0,3,0,1
194.33485,54.0,54.0,204.56465,79.11029,65.0,121.83535,0.0,0.0,36461.195,75.31194,0.0,0.5,2.0,0,0,1
366.61807,54.0,54.0,132.94994,1514.0,60.0,430.95926,0.0,523.2419,172.31364,474.21994,30.343939,0.92388654,2.0,3,0,1
272.29166,54.0,54.0,120.0,99.0,60.0,177.66238,0.0,0.0,4722.601,79.0,50.74549,1.0,2.0,3,2,1
153.0,79.0,84.80547,144.0,142.0,66.0,130.66667,0.0,0.0,15923.844,105.687836,0.0,0.5,3.0,0,0,1
459.57233,54.0,54.0,7655.0,406.38745,60.0,373.74243,558.8734,543.46075,19858.072,238.03249,12.0,1.1666666,5.0,0,0,1
203.48608,54.0,60.0,377.20654,78.0,65.0,116.0,0.0,0.0,65757.64,77.54498,0.0,0.5,2.0,0,0,1
123.0,94.0,94.0,0.0,1292.0,60.0,123.71132,0.0,0.0,175.93709,348.22794,0.0,0.09785901,3.0,0,0,1
119.0,96.0,96.0,60.0,210.0,66.0,106.98108,0.0,0.0,4322.64,97.0,0.0,0.47571954,2.0,0,0,1
361.1437,54.0,54.0,2229.2563,268.0,60.0,329.3281,0.0,0.0,17832.74,95.0,0.0,1.1,2.0,0,0,1
121.0,91.0,81.0,91.98434,94.0,74.0,103.86467,0.0,0.0,12463.076,92.03337,0.0,0.5,2.0,0,0,1
382.45773,54.0,54.0,7426.0874,83.617065,65.0,268.3738,0.0,0.0,77960.34,71.29395,7.0,1.25,2.0,0,0,1
323.5396,55.0,73.0,6421.301,108.66511,66.0,221.55144,83.19347,0.0,42597.363,107.0,0.0,0.6666667,4.2075305,0,0,1
95.0,86.0,75.0,0.0,86.0,64.0,95.0,0.0,0.0,3529.5525,77.925606,0.0,0.27505568,2.0,0,0,1
152.0,54.0,54.0,97.0,81.0,65.0,116.0,0.0,0.0,14741.637,64.0,0.0,0.5,2.0,0,0,1
549.96045,54.0,54.0,13852.064,85.0,60.0,363.111,425.60593,506.92276,136888.61,85.0,17.0,1.3636364,3.0,0,0,1
342.75363,71.0,81.0,160.21262,1811.0459,60.0,437.4841,115.04927,385.2785,265.9872,691.8157,0.0,0.5,6.0,0,0,1
314.89575,54.0,54.0,5171.0,95.0,60.0,142.0,108.42395,0.0,49721.09,85.0,0.0,0.8,3.0,0,0,1
121.0,87.05293,82.18686,60.0,269.0,64.0,110.82887,0.0,0.0,1305.0873,99.0,0.0,0.5,2.0,0,0,1
493.62,54.0,54.0,5171.0,1271.0,60.0,431.10104,432.2055,573.9286,5038.2354,294.00006,126.45126,1.2,3.0,3,0,1
602.9167,54.0,54.0,22366.316,619.80457,66.0,497.73126,589.0583,549.579,72572.31,229.63826,0.0,1.25,8.0,0,0,1
305.65146,54.0,60.0,1493.6892,273.73746,60.0,242.531,71.49604,0.0,19280.762,143.63309,0.0,0.6666667,3.0,0,0,1
132.0,54.0,54.0,120.0,64.0,66.0,94.333336,0.0,0.0,64120.15,55.0,0.0,0.5,2.0,0,0,1
130.0,91.666664,55.0,91.0,95.0,91.0,95.0,0.0,0.0,42762.566,74.0,0.0,0.5,2.0,0,0,1
132.0,92.0,95.0,60.0,624.0,60.0,125.21769,0.0,0.0,367.6751,239.31302,0.0,0.26446137,3.0,0,0,1
155.50575,60.0,54.0,120.0,99.0,60.0,129.70616,0.0,0.0,8180.368,95.0,0.0,0.5,2.0,0,0,1
608.60236,54.0,54.0,8460.0,1848.993,60.0,685.3277,564.82916,624.74756,1299.5542,706.47205,0.0,1.2042631,7.0,0,0,1
640.31036,54.0,54.0,9461.327,1514.0,60.0,597.82153,772.7548,642.8637,3564.4036,703.0843,266.8525,1.25,8.0,3,0,1
208.65895,54.0,54.0,172.0,79.0,67.65128,134.33333,0.0,0.0,35588.773,63.707382,0.0,0.9387696,2.0,0,0,1
251.44202,54.0,54.0,232.93277,91.0,60.0,142.0,0.0,0.0,24288.982,88.93713,0.0,0.6666667,2.0,0,0,1
251.02617,54.0,60.0,172.0,321.97415,60.0,152.43823,209.12451,0.0,7892.902,239.46248,0.0,0.5,5.0,0,0,1
150.0,75.0,64.0,222.0,81.0,121.0,107.78253,0.0,0.0,98938.1,75.0,0.0,0.5,2.0,0,0,1
599.76263,54.0,54.0,13348.515,91.0,60.0,414.7851,91.42702,505.43213,115872.84,79.0,34.244934,1.6043614,2.0,3,2,1
348.29498,54.0,54.0,127.1222,1292.0,60.0,401.37244,0.0,432.51453,254.98914,255.3968,12.0,0.9,2.0,3,0,1
90.0,86.333336,74.0,0.0,106.0,67.31145,107.0,0.0,0.0,4334.9375,84.0,0.0,0.0,2.0,0,0,1
608.60126,54.0,54.0,10469.101,617.79315,64.0,566.2328,0.0,528.3479,23910.48,93.70185,13.0,1.6202885,2.0,3,2,1
111.689095,92.0,75.0,91.0,92.0,74.0,97.333336,0.0,0.0,18515.676,83.48557,0.0,0.5,2.0,0,0,1
423.4026,54.0,54.0,753.0,1514.0,60.0,498.608,0.0,506.90976,686.43713,353.0283,0.0,1.0859874,3.0,3,0,1
852.0633,54.0,54.0,78869.91,1292.0,60.0,728.49817,1803.0552,681.4374,19977.324,692.7676,407.2832,2.6986496,12.0,3,2,1
306.71786,55.0,74.0,8505.293,81.0,96.92537,160.125,0.0,0.0,146505.98,78.0,0.0,1.0,3.0,0,0,1
690.7896,54.0,54.0,10652.407,1292.0,60.0,626.23535,716.1755,653.3095,5323.9062,557.80316,379.90784,1.3840823,5.0,3,2,1
691.14136,54.0,54.0,28115.773,1779.0,60.0,715.72955,1307.6952,642.7861,16698.725,784.0054,0.0,1.2844911,18.0,0,0,1
187.19983,78.0,79.0,120.0,1292.0,60.0,249.48518,0.0,0.0,444.7687,268.98666,0.0,0.5,3.0,0,0,1
483.84598,54.0,54.0,7424.2046,373.78433,60.0,414.77274,91.46262,506.86343,20420.434,117.4174,15.0,1.25,2.0,3,0,1
132.0,86.316475,55.0,60.0,96.0,83.82084,96.0,0.0,0.0,36918.137,70.0,0.0,0.5,2.0,0,0,1
575.7639,54.0,54.0,7774.469,1279.0889,60.0,452.6866,568.16205,612.33875,9605.457,354.6369,181.5062,1.2239908,5.0,3,0,1
511.99548,54.0,54.401337,7601.0,1635.4841,60.0,548.8544,580.90533,595.6545,3429.323,700.9081,0.0,1.0714285,9.0,0,0,1
757.156,54.0,54.0,36570.53,400.0,60.0,610.2778,574.64343,637.32886,61961.164,128.14244,380.58865,4.1515746,3.0,3,3,1
105.0,99.0,106.0,0.0,321.06024,63.0,100.0,0.0,0.0,728.83234,147.18947,0.0,0.0,2.0,0,0,1
121.0,84.0,78.0,60.0,143.87468,60.0,103.666664,0.0,0.0,2073.7966,100.220276,0.0,0.5,2.0,0,0,1
95.0,92.0,74.0,91.0,101.52985,90.28144,96.00357,0.0,0.0,24737.66,77.0,0.0,0.23821247,2.0,0,0,1
89.0,91.666664,75.0,0.0,95.0,66.0,96.0,0.0,0.0,8224.996,81.0,0.0,0.097686894,2.0,0,0,1
392.45447,54.0,54.0,12728.037,85.82521,110.0,326.81088,0.0,0.0,217161.64,76.0,0.0,1.2222222,3.0,0,0,1
150.0,62.0,54.0,103.85036,95.0,60.0,119.87779,0.0,0.0,6622.1797,84.72755,0.0,0.5,2.0,0,0,1
179.0,67.0,74.0,150.01767,216.0,66.0,150.57474,0.0,0.0,15214.297,94.0,0.0,0.5,2.0,0,0,1
344.73334,54.0,55.0,6499.971,206.0,60.0,250.59561,406.6689,17.915083,27587.97,164.7886,0.0,0.7626427,5.0,0,0,1
546.76,54.0,54.0,6437.9106,1292.0,60.0,455.43964,364.18182,594.8509,5910.34,243.8,126.314644,1.2229948,3.0,3,0,1
138.0,74.0,73.0,91.0,108.95837,60.0,110.0,0.0,0.0,4352.674,107.0,0.0,0.5,2.0,0,0,1
344.0,66.0,81.0,2921.2097,1292.0,60.0,350.37277,510.45862,282.88593,5909.5566,537.96545,0.0,0.5,8.0,0,0,1
151.6804,74.0,74.0,1145.174,81.0,74.0,100.0,0.0,0.0,146074.66,74.0,0.0,0.5,2.0,0,0,1
228.98466,66.0,77.0,152.0,837.98267,60.0,205.20732,161.732,0.0,3418.4304,376.5854,0.0,0.5,5.0,0,0,1
712.5753,54.0,54.0,67491.445,96.0,60.0,549.6781,469.795,616.1932,143967.89,84.0,350.66608,5.0398254,2.0,3,3,1
165.0,66.0,73.0,144.5057,96.0,68.0,138.0,0.0,0.0,19261.555,78.916824,0.0,0.5,2.0,0,0,1
200.77144,62.0,73.0,4343.4556,75.0,67.0,113.935196,0.0,0.0,134702.73,74.0,0.0,0.5,2.0,0,0,1
402.34238,54.0,54.0,5163.7026,214.7647,60.0,361.113,0.0,283.60947,19990.354,91.0,14.0,1.2222222,2.0,3,2,1
549.6798,54.0,54.0,10591.953,288.0,64.0,447.58722,2.1511161,492.48682,42505.855,91.0,8.0,1.3522987,2.0,0,0,1
121.0,95.0,96.0,91.2533,107.0,66.0,106.0,0.0,0.0,7886.035,97.0,0.0,0.5,2.0,0,0,1
125.0,80.0,55.0,213.64456,86.08882,121.0,92.333336,0.0,0.0,282421.4,60.0,0.0,0.5,2.0,0,0,1
554.2863,54.0,54.0,8194.176,1292.0,60.0,524.5522,512.1113,595.1597,7439.075,391.37955,8.0,1.2222222,5.0,3,0,1
329.94824,54.0,54.0,766.838,142.0,60.0,199.36832,93.789474,2.028863,18267.855,134.79715,0.0,0.8,3.0,0,0,1
688.0986,54.0,54.0,89463.28,142.0,64.0,520.044,541.7765,594.9714,157797.23,95.0,11.0,2.0464468,4.0,0,0,1
376.0782,62.0,78.0,7201.516,1292.0,60.0,394.13635,598.2051,507.7434,9398.672,657.9319,0.0,0.5136278,14.0,0,0,1
345.62598,54.0,54.0,5280.6006,91.0,66.0,256.29285,0.0,0.0,52362.56,75.0,0.0,1.2,2.0,0,0,1
361.59024,54.0,60.0,3765.7412,1292.0,60.0,394.13254,107.72273,260.05588,6963.5083,251.47836,0.0,0.8,5.0,0,0,1
549.62335,54.0,54.0,9857.24,142.0,60.0,395.22556,416.48584,545.75165,32102.828,110.9819,204.25456,1.2941177,3.0,3,2,1
633.84546,54.0,54.0,13608.74,1292.0,60.0,549.40753,568.8562,596.0047,24554.309,260.0139,5.0,1.2941177,6.0,0,0,1
304.0,54.0,54.0,180.0,242.47786,60.0,251.92517,0.0,0.0,14352.361,91.0,0.0,0.9748575,2.0,0,0,1
179.42441,70.0,79.0,238.0,96.0,66.0,132.05988,0.0,0.0,27166.49,94.0,0.0,0.5,3.0,0,0,1
121.0,95.442566,96.0,0.0,1271.0,60.0,120.78013,0.0,0.0,216.90396,318.40506,0.0,0.09518148,3.0,0,0,1
125.0,89.0,70.20612,129.0,91.0,105.0,100.0,0.0,0.0,39608.363,78.0,0.0,0.5,2.0,0,0,1
204.0,55.0,55.0,152.0,96.0,64.0,138.0,0.0,0.0,17643.893,91.0,0.0,0.5,2.0,0,0,1
152.62508,81.0,91.0,171.0,95.0,66.0,116.516945,0.0,0.0,25793.168,91.0,0.0,0.5,3.0,0,0,1
129.95042,95.0,96.0,60.0,1289.1018,60.0,128.21509,0.0,0.0,255.2332,297.23328,0.0,0.1475269,3.0,0,0,1
712.42224,54.0,54.0,32923.574,216.0,60.0,566.79175,535.5174,626.51996,93949.07,96.0,368.51404,3.9831831,3.0,3,3,1
691.0,54.0,54.0,16826.395,523.6214,60.0,566.24603,552.3988,626.70593,34374.777,145.6209,325.92972,1.9213309,3.0,3,2,1
392.39972,54.0,54.0,178.0,1514.0,60.0,448.59625,72.726,521.6791,284.15643,475.88565,10.0,1.0,3.0,3,0,1
121.0,89.89909,55.0,53.824085,81.0,89.0,91.0,0.0,0.0,24521.516,74.0,0.0,0.5,2.0,0,0,1
132.0,79.0,64.0,120.0,78.0,97.87654,100.2227,0.0,0.0,29241.793,78.0,0.0,0.5,2.0,0,0,1
152.0,54.0,54.0,146.0,75.0,64.0,100.10368,0.0,0.0,36798.863,74.0,0.0,0.5,2.0,0,0,1
691.0229,54.0,54.0,79152.266,1222.7029,60.0,619.4173,692.992,623.3077,69559.48,242.76572,0.0,1.583499,8.0,0,0,1
294.11255,54.0,54.0,179.0,273.0,60.0,190.47868,42.21556,0.0,8707.66,153.23189,0.0,0.6,3.0,0,0,1
134.01518,89.0,89.0,91.0,269.0,66.0,125.15731,0.0,0.0,4517.2437,91.105484,0.0,0.5,2.0,0,0,1
344.73334,54.0,54.0,178.0,1292.0,60.0,389.35516,46.380177,292.65854,1035.0883,351.97028,0.0,0.6666667,3.0,0,0,1
355.97238,54.0,54.0,7651.8833,76.026886,60.0,157.7062,0.0,0.0,125098.195,74.0,0.0,1.2,2.0,0,0,1
493.79926,54.0,54.0,342.92084,1292.0,60.0,454.30737,85.48034,575.68195,740.88794,257.12347,322.0,1.2142857,2.0,3,2,1
268.58115,54.0,55.0,2479.9297,91.0,64.0,150.33333,0.0,0.0,32911.68,91.0,0.0,0.6666667,3.0,0,0,1
326.3205,54.0,54.0,131.89069,268.0,60.0,260.19608,0.0,0.0,4297.903,84.0,25.0,1.0769231,2.0,3,2,1
729.529,54.0,54.0,12931.573,1292.0,60.0,651.5381,1200.5978,659.9928,7243.33,609.3556,390.26196,1.5902004,6.0,3,2,1
361.27682,63.0,74.0,753.309,1514.0,60.0,416.08078,482.39978,494.30032,1262.325,658.1802,0.0,0.5,7.0,0,0,1
506.62198,54.0,74.0,10595.447,1292.0,62.0,496.4974,591.51953,548.8201,16429.79,571.3314,0.0,1.0714285,12.0,0,0,1
156.0,79.0,81.0,119.0,734.70703,64.0,178.681,0.0,0.0,1835.8235,156.7307,0.0,0.5,2.0,0,0,1
172.09943,54.0,54.0,238.0,75.0,60.0,103.859184,0.0,0.0,69039.72,75.0,0.0,0.5,2.0,0,0,1
197.84514,66.0,75.0,284.92264,102.0,64.0,126.802795,0.0,0.0,28848.043,91.0,0.0,0.5,3.0,0,0,1
182.67386,81.0,89.0,132.0,1267.0,63.0,199.82101,0.0,0.0,2825.3936,243.17775,0.0,0.5,4.0,0,0,1
549.3515,54.0,54.0,7655.152,373.59088,60.0,416.1913,381.4917,563.86646,19231.19,146.7455,288.76627,1.2666667,3.0,3,2,1
156.0,54.0,54.0,120.0,83.00253,63.0,120.333336,0.0,0.0,16537.934,74.0,0.0,0.5,2.0,0,0,1
339.31216,54.0,54.0,7235.0,81.0,63.0,152.23409,60.65301,0.0,98091.59,81.0,0.0,1.0096704,3.0,0,0,1
630.6302,54.0,54.0,8834.981,1768.0968,60.0,622.65356,596.696,632.859,2557.6426,701.875,12.0,1.2222222,7.0,3,0,1
305.52246,64.0,75.0,5142.36,288.69153,64.0,248.56186,139.46873,0.0,24550.22,157.97136,0.0,0.5,5.0,0,0,1
118.84323,91.0,64.0,119.92275,94.0,114.834496,96.333336,0.0,0.0,33897.68,76.0,0.0,0.5,2.0,0,0,1
97.10886,94.0,67.896286,60.0,91.0,97.0,96.333336,0.0,0.0,16334.704,81.0,0.0,0.5,2.0,0,0,1
128.47244,81.0,64.0,120.0,81.0,105.0,100.0,0.0,0.0,33725.22,78.0,0.0,0.5,2.0,0,0,1
641.7553,54.0,54.0,9421.0,1292.0,60.0,607.3523,468.1764,626.197,6524.31,298.05743,285.06058,1.375,3.0,3,2,1
83.69503,78.0,55.0,0.0,68.0,66.0,82.333336,0.0,0.0,16664.96,60.0,0.0,0.5,1.0,0,0,1
110.2042,84.333336,55.0,0.0,94.0,69.224556,96.0,0.0,0.0,19795.816,74.0,0.0,0.16242673,2.0,0,0,1
222.0,65.0,73.0,222.0,140.40697,66.0,160.03137,0.0,0.0,21476.02,91.0,0.0,0.5,2.0,0,0,1
110.605316,79.0,55.0,60.0,75.0,109.99068,96.333336,0.0,0.0,23996.004,73.0,0.0,0.5,2.0,0,0,1
546.5592,54.0,54.0,10713.706,1292.0,60.0,472.439,568.32495,551.6112,20688.393,364.63443,0.0,1.2,7.0,0,0,1
138.0,68.0,71.0,90.835945,96.0,60.0,108.0,0.0,0.0,4951.547,94.0,0.0,0.5,2.0,0,0,1
608.6478,54.0,54.0,34165.38,339.0,66.0,474.21683,565.085,533.958,129853.04,140.18176,0.0,1.3333334,6.0,0,0,1
344.73334,63.0,74.0,4135.595,1292.0,64.0,370.88406,100.8632,16.077131,9838.397,247.14783,0.0,0.6666667,5.0,0,0,1
550.7862,54.0,54.0,325.6477,1885.2542,60.0,646.278,394.2157,625.3347,133.6963,780.89465,22.656559,1.1666666,5.0,3,0,1
156.59315,54.0,54.0,121.0,81.0,66.0,125.444855,0.0,0.0,19977.664,64.0,0.0,0.6666667,2.0,0,0,1
95.0,94.333336,77.37445,60.0,97.0,68.0,96.0,0.0,0.0,14673.309,82.53456,0.0,0.17281924,2.0,0,0,1
735.4801,54.0,54.0,66406.72,1292.0,60.0,656.0842,1285.3385,643.52405,29800.361,505.64383,12.0,1.5915728,11.0,0,0,1
165.0,74.0,74.0,120.0,504.2755,68.0,178.07298,0.0,0.0,5309.8047,91.0,0.0,0.5,2.0,0,0,1
141.01154,84.0,79.0,120.0,96.0,89.0,120.81592,0.0,0.0,15673.095,85.0,0.0,0.5,2.0,0,0,1
307.91647,62.0,74.0,7235.0,121.246635,65.0,177.0,217.44298,0.0,57878.223,96.0,0.0,0.6666667,5.0,0,0,1
109.99181,95.0,85.0,60.0,96.0,66.0,99.00789,0.0,0.0,9454.079,91.0,0.0,0.5,2.0,0,0,1
120.8622,68.0,55.62195,83.227066,75.0,74.0,96.66934,0.0,0.0,22150.043,61.09351,0.0,0.5,2.0,0,0,1
768.12195,54.0,54.0,111514.74,414.269,60.0,640.2539,600.4297,643.43256,75068.445,145.3624,378.98508,4.687658,4.0,3,3,1
403.97424,54.0,54.0,7700.529,210.0,64.0,368.05136,0.4701183,83.40476,34057.824,95.0,0.0,1.2,2.0,0,0,1
121.0,94.0,94.55735,60.0,529.37646,64.0,117.90455,0.0,0.0,465.583,142.11035,0.0,0.5,2.0,0,0,1
149.14813,83.78344,85.0,91.0,696.3793,60.0,138.0,0.0,0.0,454.44562,244.69833,0.0,0.5,3.0,0,0,1
647.25055,54.0,54.0,16378.419,1292.0,64.0,637.6552,547.12897,596.0163,25023.639,268.40887,0.0,1.3447177,6.0,0,0,1
133.55737,63.0,55.0,146.63162,63.077,74.568596,94.333336,0.0,0.0,124028.22,55.0,0.0,0.5,2.0,0,0,1
256.28662,54.0,54.0,138.0,336.5516,60.0,217.54228,0.0,0.0,5467.5615,97.0,0.0,0.6666667,2.0,0,0,1
97.0,86.333336,55.0,0.0,75.0,88.50487,88.0,0.0,0.0,22927.498,70.94818,0.0,0.5,2.0,0,0,1
75.726814,95.861145,138.0,0.0,340.28314,63.0,138.0,0.0,0.0,265.34784,148.29555,0.0,0.0,2.0,0,0,1
331.8416,54.0,54.0,177.0,268.0,60.0,276.26077,0.0,0.0,9618.586,86.85374,5.0,1.0714285,2.0,3,0,1
132.0,89.0,75.0,121.0,91.0,91.49645,104.71095,0.0,0.0,25024.748,84.0,0.0,0.5,2.0,0,0,1
304.42267,62.0,74.0,5165.5713,266.0,64.50801,241.31586,93.07368,0.0,26188.186,142.04475,0.0,0.6,5.0,0,0,1
152.0,64.0,60.0,97.0,267.26456,60.0,133.45462,0.0,0.0,3692.329,95.0,0.0,0.5,2.0,0,0,1
121.0,89.0,67.973694,146.0,95.0,97.0,94.333336,0.0,0.0,97949.99,74.0,0.0,0.5,2.0,0,0,1
602.9167,54.0,54.0,10538.473,741.4273,64.0,541.1565,68.18172,530.14233,22622.605,117.458275,8.0,1.3636364,2.0,3,0,1
324.45758,66.0,81.0,233.98804,1292.0,60.0,355.1376,181.8945,46.949173,2730.3108,503.84116,0.0,0.5,6.0,0,0,1
407.05994,54.0,54.0,2546.9033,102.0,60.0,370.17422,0.0,57.22263,19262.227,75.0,266.717,1.3120071,2.0,3,3,1
361.57144,54.0,54.0,9280.333,75.0,66.0,160.16843,0.0,0.0,186058.14,66.0,0.0,1.2222222,2.0,0,0,1
691.0,54.0,54.0,16287.239,1292.0,60.0,642.66925,717.841,640.93964,18347.854,481.83145,60.0,1.4,7.0,3,0,1
266.99423,54.0,54.0,422.6567,75.0,66.0,131.33333,0.0,0.0,78005.95,59.062878,0.0,1.1,2.0,0,0,1
708.4559,54.0,54.0,139824.83,334.22736,60.0,594.8975,578.1163,618.6472,125348.42,118.791016,17.279913,2.7720158,5.0,0,0,1
576.3266,54.0,54.0,5180.8745,1514.0,60.0,537.4315,567.2498,627.02985,630.5513,637.5471,246.95677,1.2,5.0,3,0,1
222.0,76.0,84.0,136.95619,1292.0,60.0,251.62645,0.0,0.0,1362.7651,353.40576,0.0,0.5,5.0,0,0,1
121.0,95.0,91.18646,91.95818,97.0,66.0,104.11469,0.0,0.0,9371.957,96.0,0.0,0.5,2.0,0,0,1
144.0,78.0,71.2604,148.43109,81.0,95.0,104.18783,0.0,0.0,48051.875,78.0,0.0,0.5,2.0,0,0,1
303.90918,64.0,74.0,806.50073,614.0,64.0,283.8192,74.43318,0.0,13243.1455,216.0,0.0,0.5,5.0,0,0,1
602.9167,54.0,54.0,12158.205,528.0,60.0,450.97174,571.8104,595.6545,28391.428,216.0,13.009182,1.2857143,5.0,3,0,1
287.1451,54.0,54.0,206.81097,95.0,64.0,196.07127,0.0,0.0,20509.363,78.0,0.0,1.0,2.0,0,0,1
324.0291,54.0,54.0,6822.8906,66.07329,64.0,126.86892,0.0,0.0,170941.06,59.044056,0.0,1.2,2.0,0,0,1
623.9173,54.0,54.0,30642.69,88.48541,66.0,430.6715,208.34846,504.36026,267096.34,78.0,10.0,1.8332762,2.0,0,0,1
68.95992,94.07753,100.34335,0.0,251.37584,64.0,107.0,0.0,0.0,274.6017,107.0,0.0,0.0,2.0,0,0,1
602.9107,54.0,54.0,9517.09,373.85434,60.0,459.44498,82.95809,553.26215,24233.693,97.44318,267.49734,1.4,2.0,3,2,1
153.0,81.0,91.0,178.71536,91.0,66.0,116.56685,0.0,0.0,28387.07,91.0,0.0,0.5,3.0,0,0,1
672.2426,54.0,54.0,9213.294,1292.0,60.0,607.089,569.2416,642.62146,4357.8867,469.34116,376.21075,1.375,4.0,3,2,1
350.68948,54.0,73.0,7655.0,268.0,68.0,329.95294,2.8051686,0.0,48115.832,102.20398,0.0,1.0,4.0,0,0,1
650.4399,54.0,54.0,8231.453,1811.0,60.0,658.9998,591.5845,642.8535,769.6959,715.21606,221.12906,1.25,6.0,3,0,1
107.61242,94.180504,75.0,91.0,95.0,74.0,96.333336,0.0,0.0,19794.475,81.0,0.0,0.5,2.0,0,0,1
146.17122,81.0,78.0,210.31552,91.0,74.0,103.666664,0.0,0.0,70419.27,78.0,0.0,0.5,2.0,0,0,1
425.4973,54.0,54.0,179.0,1292.0,60.0,450.82944,0.0,516.2419,450.7074,211.33496,194.2438,1.2,2.0,3,2,1
123.0,89.0,60.0,121.0,91.0,120.974236,96.333336,0.0,0.0,60801.98,75.0,0.0,0.5,2.0,0,0,1
301.4988,54.0,54.0,132.0,1292.0,60.0,340.15796,0.0,0.0,780.08374,177.95749,0.0,0.6666667,2.0,3,0,1
228.53482,74.0,78.0,121.0,1292.0,60.0,266.16626,0.0,0.0,356.65997,477.47324,0.0,0.5,5.0,0,0,1
494.71964,54.0,54.0,15088.007,268.0,67.0,416.5386,368.39178,356.33548,106793.8,107.14887,0.0,1.2307693,5.0,0,0,1
129.0,86.303665,55.0,60.0,96.0,83.09638,96.0,0.0,0.0,33216.58,72.09377,0.0,0.5,2.0,0,0,1
238.0,54.0,54.0,222.0,91.0,66.0,145.2623,0.0,0.0,25877.602,79.0,0.0,0.6666667,2.0,0,0,1
138.0,80.56099,74.0,178.0,89.0,81.85474,98.96872,0.0,0.0,90438.39,75.0,0.0,0.5,2.0,0,0,1
119.0,86.0,64.0,120.0,89.0,91.0,94.91214,0.0,0.0,49966.242,74.0,0.0,0.5,2.0,0,0,1
97.0,87.207245,69.320366,0.0,106.0,68.0,107.0,0.0,0.0,6414.46,81.0,0.0,0.0,2.0,0,0,1
210.22473,54.0,65.940125,5258.0,74.0,91.0,114.77148,0.0,0.0,174075.77,68.0,0.0,0.6871248,2.0,0,0,1
602.9167,54.0,54.0,13161.888,272.84485,60.0,451.06763,432.22064,560.4595,53980.54,109.25,16.0,1.390822,3.0,3,0,1
602.9167,54.0,54.0,10323.106,1292.0,60.0,506.67786,561.2615,613.12604,15582.235,311.39166,49.70169,1.2690557,5.0,3,0,1
113.0,94.0,68.0,111.0,97.38014,103.92997,96.0,0.0,0.0,37200.348,75.0,0.0,0.5,2.0,0,0,1
132.0,78.0,74.0,60.0,142.0,62.0,111.65296,0.0,0.0,2969.3657,95.0,0.0,0.5,2.0,0,0,1
137.61644,74.0,71.0,60.0,273.0,60.0,116.0,0.0,0.0,876.99316,109.20149,0.0,0.5,2.0,0,0,1
144.0,54.0,54.0,91.0,79.0,66.0,108.0,0.0,0.0,15531.041,59.709446,0.0,0.5,2.0,0,0,1
399.1967,54.0,73.0,6791.694,1292.0,60.0,440.45065,415.45837,483.5698,8801.116,438.1388,0.0,0.9544532,6.0,0,0,1
567.0182,54.0,54.0,9496.277,966.326,60.0,447.9235,591.5271,608.16486,15950.586,377.7312,22.426819,1.2222222,6.0,3,0,1
287.89603,54.0,54.0,304.0,92.0,66.0,208.98238,0.0,0.0,27538.406,75.0,0.0,1.0,2.0,0,0,1
88.252846,89.0,58.969646,0.0,75.0,71.91516,91.0,0.0,0.0,10356.654,75.0,0.0,0.5,2.0,0,0,1
362.5,54.0,60.0,7474.751,374.0,66.0,348.92444,90.269936,0.0,27913.045,132.07153,0.0,1.0,4.0,0,0,1
490.13086,54.0,60.0,7235.0,1715.6991,60.0,524.42944,587.45966,595.1597,2598.185,732.10223,0.0,1.0,10.0,0,0,1
282.1939,54.0,54.0,171.0,89.0,60.0,142.0,0.0,0.0,19103.373,81.0,11.0,0.95611125,2.0,3,0,1
521.1345,54.0,54.0,7601.0,1514.0,60.0,523.9602,606.0738,609.3825,3379.5786,736.1736,0.0,1.0256584,11.0,0,0,1
104.96414,63.38256,54.0,0.0,75.0,63.0,92.333336,0.0,0.0,10340.194,58.99798,0.0,0.5,2.0,0,0,1
603.6118,54.0,54.0,12875.643,99.0,63.0,451.1039,0.0,507.69525,80474.24,79.0,47.64944,1.834869,2.0,3,2,1
89.93186,94.333336,107.0,0.0,143.7,63.0,107.0,0.0,0.0,2118.3909,138.0,0.0,0.0,3.0,0,0,1
691.0991,54.0,54.0,17772.928,1823.0,60.0,719.7125,1379.8007,652.4049,9428.797,980.2115,0.0,1.25,20.0,0,0,1
97.0,97.333336,91.0,0.0,102.0,66.0,98.846535,0.0,0.0,4132.9556,97.0,0.0,0.09744727,2.0,0,0,1
691.0,54.0,54.0,18634.95,1550.6927,60.0,692.4548,1294.8351,642.88403,15444.888,731.8419,2.0,1.2941177,15.0,0,0,1
227.37209,66.0,76.66724,286.6322,186.0,66.0,161.7893,0.0,0.0,23804.799,96.0,0.0,0.5,3.0,0,0,1
105.0,81.0,74.0,60.0,81.0,64.0,95.0,0.0,0.0,9400.892,75.0,0.0,0.5,2.0,0,0,1
132.0,86.301094,55.0,0.0,96.0,68.0,99.0,0.0,0.0,19596.02,74.0,0.0,0.17466626,2.0,0,0,1
735.7292,54.0,54.0,32139.055,341.7577,60.0,601.0939,551.1827,632.0471,65670.76,113.53,365.42358,3.6139605,3.0,3,3,1
133.49925,79.0,75.0,60.0,266.0,60.0,113.45398,0.0,0.0,2433.9717,119.34292,0.0,0.5,2.0,0,0,1
468.46347,54.0,55.0,7006.151,1514.0,62.0,538.1695,259.74576,521.6782,4296.0522,480.39627,0.0,1.0909091,5.0,0,0,1
561.4519,54.0,54.0,259.7981,1782.5543,60.0,572.9488,372.37076,629.66724,173.48901,632.1017,369.12314,1.2,3.0,5,2,1
221.36931,54.0,54.0,6500.0474,64.0,66.0,106.0,0.0,0.0,359414.1,64.0,0.0,0.8,2.0,0,0,1
146.0,95.0,96.0,60.0,1292.0,60.0,162.0,0.0,0.0,212.8221,377.89166,0.0,0.5,3.0,0,0,1
121.0,86.333336,55.0,0.0,96.67879,73.32874,97.0,0.0,0.0,21535.871,75.0,0.0,0.18631922,2.0,0,0,1
91.96947,91.0,64.0,0.0,95.0,72.73623,97.0,0.0,0.0,8214.936,79.0,0.0,0.09910522,2.0,0,0,1
105.0,94.333336,72.749,91.0,99.0,97.0,96.0,0.0,0.0,23956.855,78.0,0.0,0.5,2.0,0,0,1
160.89354,54.0,54.0,135.4776,78.0,66.0,116.0,0.0,0.0,26800.803,64.0,0.0,0.6666667,2.0,0,0,1
138.0,85.0,82.22165,68.10534,346.1956,66.0,132.08705,0.0,0.0,2857.35,91.36712,0.0,0.5,2.0,0,0,1
390.96124,54.0,54.0,7174.1963,95.0,61.684937,328.75745,0.0,6.397274,36799.555,82.702515,4.1530614,1.2222222,2.0,0,0,1
331.84528,54.0,55.0,8201.883,81.0,97.0,195.7009,0.0,0.0,143154.1,74.0,0.0,1.1,2.0,0,0,1
715.8919,54.0,54.0,13798.421,1815.4861,60.0,739.861,1256.6584,659.95544,4295.064,843.6817,211.35506,1.3636364,11.0,3,0,1
146.17917,81.0,81.0,152.0,89.0,73.035614,113.972885,0.0,0.0,27508.268,87.702484,0.0,0.5,2.0,0,0,1
461.37485,54.0,54.0,5507.35,513.4235,60.0,414.77853,2.2411294,500.5663,15923.09,117.07878,21.33159,1.2307693,2.0,3,0,1
66.60306,92.333336,121.35017,0.0,284.57657,64.0,142.0,0.0,0.0,211.10693,138.0,0.0,0.0,2.0,0,0,1
177.32584,54.0,54.0,121.0,76.57559,64.0,118.0,0.0,0.0,23963.281,59.026005,2.0,0.9236956,2.0,3,2,1
136.75748,95.0,101.69232,97.0,536.0,60.0,121.081696,0.0,0.0,2494.4856,253.7729,0.0,0.26958463,5.0,0,0,1
549.7039,54.0,54.0,235.9632,1810.5133,60.0,579.96747,288.74548,625.87714,168.61491,631.9743,329.8184,1.2,3.0,5,2,1
365.14508,55.0,73.0,5060.993,1292.0,60.0,408.1527,545.1045,496.63858,4350.9854,609.2922,0.0,0.6,8.0,0,0,1
215.52252,84.0,92.0,132.0,1292.0,60.0,262.2171,0.48414314,0.0,466.35724,485.1842,0.0,0.5,5.0,0,0,1
688.2945,54.0,54.0,9171.005,1743.835,60.0,652.9067,741.3048,657.1443,1127.3029,731.9535,369.9549,1.3129663,6.0,3,1,1
122.410034,91.0,74.0,125.0,95.0,105.0,99.48648,0.0,0.0,36799.8,78.0,0.0,0.5,2.0,0,0,1
251.0,54.0,55.0,7235.0,74.0,74.0,120.333336,0.0,0.0,267245.7,68.0,0.0,0.93021554,2.0,0,0,1
424.4582,54.0,54.0,6610.4214,827.3093,60.0,394.12555,565.13983,540.8103,10233.502,389.65393,5.0,1.0,6.0,0,0,1
149.89572,54.0,54.0,123.0,75.0,66.0,106.0,0.0,0.0,29800.64,60.0,0.0,0.5,2.0,0,0,1
150.62128,78.0,78.0,232.67737,88.11254,71.119804,103.97198,0.0,0.0,74172.305,78.0,0.0,0.5,2.0,0,0,1
401.6673,54.0,54.0,238.0,691.0099,60.0,422.28067,0.0,426.56384,3961.3618,106.51767,50.47798,1.2222222,2.0,3,2,1
409.27078,54.0,54.0,9151.773,86.0,62.0,318.3239,0.0,38.641953,82604.49,78.0,9.0,1.25,2.0,0,0,1
111.0,91.0,64.0,121.0,95.0,105.0,94.0,0.0,0.0,70787.195,74.0,0.0,0.5,2.0,0,0,1
188.76428,65.0,73.0,228.0026,89.0,75.3709,134.66667,0.0,0.0,34123.977,76.88975,0.0,0.5,2.0,0,0,1
106.23562,95.0,64.0,0.0,91.0,91.0,95.0,0.0,0.0,12014.137,81.0,0.0,0.5,2.0,0,0,1
259.32278,74.0,81.65089,153.0,1292.0,60.0,285.14905,162.0025,0.0,1267.0549,516.4051,0.0,0.5,6.0,0,0,1
251.13991,66.0,75.0,209.22849,533.4059,60.0,179.15305,228.29167,0.0,8187.334,297.50296,0.0,0.5,5.0,0,0,1
304.0,66.0,78.0,153.0,1408.0829,60.0,372.38632,86.756035,55.978966,451.0585,543.27203,0.0,0.5,5.0,0,0,1
403.36725,54.0,74.0,7760.9375,1292.0,64.0,437.13882,526.52545,487.7396,15617.64,456.17725,0.0,0.95547044,8.0,0,0,1
355.15765,54.0,54.0,138.52573,1292.0,60.0,387.90445,0.0,486.78766,312.6939,327.20294,13.0,0.8,2.0,3,0,1
408.54126,54.0,54.0,10690.941,94.0,66.0,348.9221,56.730385,0.0,108942.71,84.0,0.0,1.2222222,3.0,0,0,1
105.0,91.666664,65.83296,91.0,97.0,92.20188,96.0,0.0,0.0,29127.588,75.0,0.0,0.5,2.0,0,0,1
238.0,74.729675,84.0,165.0,1190.4385,60.0,248.91327,70.21966,0.0,4593.998,298.31436,0.0,0.5,5.0,0,0,1
146.0,65.0,60.0,108.46131,92.0,64.0,114.9317,0.0,0.0,9743.348,82.579414,0.0,0.5,2.0,0,0,1
91.19404,94.333336,79.0,60.0,99.0,67.419075,97.0,0.0,0.0,11364.924,84.0,0.0,0.1064408,2.0,0,0,1
602.36975,54.0,54.0,10782.582,582.2574,60.0,478.50156,359.84692,558.0553,25260.988,146.90137,11.0,1.3333334,3.0,3,0,1
204.0,74.0,79.0,150.15936,533.7776,60.0,161.43771,0.0,0.0,6064.8735,211.77802,0.0,0.5,4.0,0,0,1
688.8137,54.0,54.0,18543.062,1514.0,60.0,687.53394,1231.7468,637.04596,16719.729,694.4333,0.0,1.2860816,14.0,0,0,1
687.98895,54.0,54.0,15869.347,1638.3341,60.0,660.8848,1307.0782,643.197,10147.923,823.35815,6.0,1.25,15.0420065,0,0,1
178.70163,63.0,60.0,5508.8623,73.0,111.0,106.0,0.0,0.0,412763.8,66.0,0.0,0.6666667,2.0,0,0,1
131.61171,86.333336,55.0,60.0,95.279144,89.0,96.0,0.0,0.0,33621.008,74.0,0.0,0.5,2.0,0,0,1
150.0,54.0,54.0,120.0,74.0,60.0,100.0,0.0,0.0,26725.828,62.21427,0.0,0.5,2.0,0,0,1
165.0,81.24025,84.0,68.0,1476.435,60.0,254.47957,0.0,0.0,142.77235,520.6772,0.0,0.5,3.0,0,0,1
183.94157,54.0,54.0,135.26508,79.0,65.0,127.39908,0.0,0.0,23624.39,64.0,0.0,0.8,2.0,0,0,1
91.0,97.01649,99.0,0.0,186.05176,65.0,99.0,0.0,0.0,1265.229,99.176796,0.0,0.0,2.0,0,0,1
278.03445,64.0,73.0,332.8573,341.08862,66.45283,258.5935,0.0,0.0,19144.281,97.0,0.0,0.6666667,2.0,0,0,1
119.63772,82.333336,55.0,0.0,92.0,68.93688,96.0,0.0,0.0,21917.342,74.0,0.0,0.21824072,2.0,0,0,1
91.0,86.333336,74.0,0.0,107.0,65.54249,138.0,0.0,0.0,4405.5684,84.0,0.0,0.0,2.0,0,0,1
406.86526,54.0,54.0,1360.3712,1292.0,60.0,431.32233,466.93646,553.45013,1265.0331,543.89355,8.0,1.0,5.0,3,0,1
165.0,64.0,64.0,120.0,268.0,60.0,132.79526,0.0,0.0,4824.351,147.07118,0.0,0.5,3.0,0,0,1
284.07986,66.0,77.63421,166.71007,1292.0,60.0,325.67657,128.53076,0.0,1968.1632,472.23215,0.0,0.5,5.0,0,0,1
628.06665,54.0,54.0,12422.195,618.1971,60.0,547.605,246.24692,561.1586,27930.104,138.0,10.0,1.4,3.0,3,0,1
343.65167,54.0,54.0,135.0,1292.0,60.0,369.61102,0.0,424.18707,291.7607,353.29828,7.0,0.6666667,3.0,3,0,1
91.0,96.0,81.0,0.0,97.0,66.0,97.0,0.0,0.0,5757.7505,91.0,0.0,0.09825666,2.0,0,0,1
395.2258,54.0,60.0,5171.0,1292.0,60.0,437.88846,402.50055,494.9437,4824.628,473.34152,0.0,0.9285714,6.0,0,0,1
282.07477,54.0,54.0,148.0,414.74725,60.0,247.56422,0.0,0.0,4704.056,128.69337,0.0,0.6666667,2.0,0,0,1
355.82587,54.0,54.0,120.0,1514.0,60.0,416.02435,0.0,515.0766,120.16281,511.54968,51.62143,0.6666667,2.0,3,0,1
373.33096,54.0,54.0,132.0,1292.0,60.0,415.0836,0.0,533.28656,191.77654,372.90146,290.0999,1.0,2.0,4,2,1
302.0923,54.0,54.0,177.0,81.0,62.0,160.11511,0.0,0.0,24230.848,64.0,11.0,1.1666666,2.0,3,2,1
125.0,80.30771,68.0,120.0,79.0,91.0,100.0,0.0,0.0,26957.732,78.0,0.0,0.5,2.0,0,0,1
459.25415,54.0,54.0,11166.09,96.0,60.0,342.6862,416.5094,432.51953,98027.98,94.0,0.0,1.2222222,4.0,0,0,1
759.3854,54.0,54.0,33047.047,979.14886,60.0,643.29877,822.06305,655.334,29137.854,312.40866,371.27017,2.2208793,6.0,3,2,1
211.10059,60.0,71.0,1079.0594,81.0,66.0,129.501,0.0,0.0,61389.516,79.0,0.0,0.5,2.0,0,0,1
361.23508,54.0,54.0,7694.3623,76.0,60.0,156.00049,1.1112089,0.0,134326.5,75.0,5.0,1.2,2.0,0,0,1
170.393,74.0,73.21397,323.0903,81.0,121.0,130.78426,0.0,0.0,73046.31,80.18629,0.0,0.5,2.0,0,0,1
714.3754,54.0,54.0,72366.0,198.0,60.0,541.43243,599.88763,632.8261,114959.01,121.248955,345.46094,3.075266,5.0,3,2,1
129.9461,54.0,54.0,86.680046,75.0,66.0,98.18735,0.0,0.0,20629.6,55.0,0.0,0.5,2.0,0,0,1
119.80141,95.0,64.0,97.0,95.0,105.01493,96.0,0.0,0.0,26292.377,78.0,0.0,0.5,2.0,0,0,1
751.64716,54.0,54.0,54774.42,581.0,60.0,610.6581,782.6179,643.57465,53910.285,229.62343,329.68137,2.354021,6.0,3,2,1
153.0,66.0,62.0,68.0,617.7709,62.250122,160.0762,0.0,0.0,450.59958,112.56113,0.0,0.5,2.0,0,0,1
123.0,79.989365,55.0,120.0,78.0,122.73462,100.0,0.0,0.0,40713.84,75.0,0.0,0.5,2.0,0,0,1
146.0,91.0,95.41474,153.0,181.79054,60.0,107.666664,109.926445,0.0,20577.91,97.0,0.0,0.5,6.0,0,0,1
97.0,94.0,69.19673,60.0,96.0,96.73708,96.0,0.0,0.0,21740.7,78.0,0.0,0.5,2.0,0,0,1
152.75966,64.0,64.0,179.0,75.0,80.02881,107.666664,0.0,0.0,73280.1,68.0,0.0,0.5,2.0,0,0,1
372.44867,54.0,54.0,5056.126,1292.0,60.0,414.77274,84.07757,318.3195,8152.558,233.73276,0.0,1.0,4.0,0,0,1
367.28864,54.0,54.0,3939.9946,1292.0,60.0,380.7142,469.8061,500.88782,5448.37,425.02863,0.0,0.8,5.0,0,0,1
691.5988,54.0,54.0,12584.735,1267.0,60.0,606.6965,567.2164,637.83093,18194.658,226.22148,380.76706,1.8461539,3.0,3,3,1
350.05884,54.0,55.0,286.0,1292.0,60.0,387.8165,170.33226,403.49503,2851.8108,392.47495,0.0,0.6666667,5.0,0,0,1
156.0,74.0,74.0,120.0,536.0,60.0,142.22092,0.0,0.0,2496.7556,204.445,0.0,0.5,3.0,0,0,1
89.0,96.0,107.98386,0.0,198.0,64.18729,107.0,0.0,0.0,876.41797,112.0,0.0,0.0,2.0,0,0,1
121.0,66.0,54.0,55.616154,85.0,60.0,97.90285,0.0,0.0,4357.8677,78.0,0.0,0.5,2.0,0,0,1
361.57144,54.0,64.0,230.23508,1514.0,60.0,427.28433,334.9119,495.01108,448.9768,619.8004,0.0,0.5,6.0,0,0,1
155.0,79.0,84.4436,130.0,396.0394,60.697056,137.64507,0.0,0.0,6068.1367,176.07266,0.0,0.5,3.0,0,0,1
602.9167,54.0,60.0,10694.125,1803.2427,60.0,631.8938,763.67645,622.467,5293.9927,827.44635,0.0,1.1666666,14.0,0,0,1
602.76154,54.0,73.0,11195.418,1783.5067,60.0,605.359,1243.8033,624.23865,6246.964,905.03107,0.0,1.0909091,18.905373,0,0,1
89.0,91.6853,79.0,0.0,99.61938,66.0,98.097115,0.0,0.0,10067.837,81.0,0.0,0.08991976,2.0,0,0,1
106.58514,86.333336,66.0,0.0,107.0,65.95496,107.0,0.0,0.0,7208.391,79.0,0.0,0.0,2.0,0,0,1
341.0,54.0,68.0,232.10338,1292.0,60.0,354.89694,171.66039,259.2195,2837.3926,449.37512,0.0,0.5,5.0,0,0,1
602.9167,54.0,54.0,14970.049,95.0,64.0,439.44226,72.75605,494.94763,116987.32,79.0,12.0,1.6377293,2.0,0,2,1
130.0,90.76293,55.0,133.95193,95.0,105.89948,91.0,0.0,0.0,137060.38,64.0,0.0,0.5,2.0,0,0,1
145.0,83.0,84.0,130.86485,92.0,68.0,115.92798,0.0,0.0,19989.152,88.0,0.0,0.5,2.0,0,0,1
361.57144,54.0,54.0,215.5254,273.0,60.0,336.2243,0.0,14.317259,9331.406,89.0,21.0,1.2,2.0,3,2,1
97.7742,96.333336,99.0,60.0,128.91574,63.0,98.15029,0.0,0.0,4342.61,106.1972,0.0,0.0,3.0,0,0,1
555.3305,54.0,54.0,13802.572,536.0,66.0,472.7972,351.30548,504.201,55704.504,138.0,0.0,1.2666667,5.0,0,0,1
593.9147,54.0,54.0,5038.9434,1292.0,60.0,555.7074,278.25986,616.8805,652.3041,436.0617,322.0,1.25,3.0,3,2,1
97.81716,95.66749,91.0,60.0,95.31879,66.0,97.17295,0.0,0.0,4573.076,95.0,0.0,0.11676979,2.0,0,0,1
399.1019,55.0,73.0,269.6559,1864.0168,60.0,538.872,271.53702,533.0467,220.78746,738.88336,0.0,0.6666667,6.0,0,0,1
632.46826,54.0,54.0,9174.693,1875.0,60.0,688.03503,601.66187,632.7867,891.797,901.56793,0.0,1.2,11.0,0,0,1
688.20715,54.0,54.0,9871.052,1812.6096,60.0,706.91034,599.7997,650.5324,1789.1647,705.98737,221.56494,1.3125,6.0,3,0,1
105.0,80.333336,54.611256,60.0,75.0,89.0,85.0,0.0,0.0,43179.066,63.458614,0.0,0.5,2.0,0,0,1
121.0,86.333336,55.0,120.0,95.85752,96.70821,94.20124,0.0,0.0,100490.93,64.0,0.0,0.5,2.0,0,0,1
549.4938,54.0,54.0,12194.192,288.0,60.0,426.38452,503.89423,521.2179,56308.36,142.0,0.0,1.25,5.0,0,0,1
121.0,95.0,97.0,91.0,203.71939,60.0,100.22865,0.0,0.0,4585.8516,175.49364,0.0,0.12065281,3.0,0,0,1
671.46246,54.0,54.0,7027.863,1812.8209,60.0,674.07764,580.62775,653.26654,313.8564,704.29047,380.2509,1.2936836,5.0,5,2,1
133.83963,84.333336,55.0,90.886154,96.0,88.49845,96.0,0.0,0.0,66293.516,64.0,0.0,0.5,2.0,0,0,1
125.0,91.0,91.0,97.0,96.0,66.0,106.46815,0.0,0.0,9823.283,91.55106,0.0,0.5,2.0,0,0,1
703.02905,54.0,54.0,224198.77,91.0,63.27138,523.68976,491.82977,595.6545,402357.78,79.0,125.0124,4.8386197,3.0,3,2,1
688.2539,54.0,54.0,35828.68,294.2897,60.0,524.34064,591.51953,616.829,97441.984,143.68181,31.31306,1.7440932,5.0,0,0,1
280.74405,54.0,54.0,276.03497,89.0,65.0,161.63724,0.0,0.0,27237.742,75.0,0.0,1.0,2.0,0,0,1
224.159,79.0,91.0,144.0,1292.0,60.0,256.57828,68.11463,0.0,1276.6935,462.91565,0.0,0.5,5.0,0,0,1
601.19507,54.0,54.0,5508.9736,1543.4393,60.0,581.2834,540.68805,626.28156,643.22107,615.17267,100.04285,1.2142857,5.0,3,0,1
111.0,96.10044,96.0,91.0,116.639336,64.0,97.666664,0.0,0.0,8209.185,106.0,0.0,0.10336765,3.0,0,0,1
392.66867,54.0,54.0,206.55214,1514.0,60.0,452.46106,86.44662,517.01056,323.01535,506.77252,2.0,0.9544019,3.0,3,0,1
82.39391,95.0,89.0,0.0,103.30062,64.0,97.66926,0.0,0.0,449.00153,96.0,0.0,0.0,2.0,0,0,1
208.0,54.0,54.0,221.65634,78.0,64.0,119.75251,0.0,0.0,49175.082,74.0,0.0,0.6666667,2.0,0,0,1
138.0,81.0,82.601326,97.0,266.0,60.0,116.0,0.0,0.0,4345.973,130.0,0.0,0.5,2.0,0,0,1
227.57515,54.0,54.0,177.50174,89.0,60.0,132.13719,0.0,0.0,21405.803,89.0,0.0,0.5216582,2.0,0,0,1
383.8916,54.0,54.0,1196.89,1292.0,60.0,406.81952,403.01346,513.9043,2773.0269,471.43912,0.0,0.9166667,5.0,0,0,1
145.80258,64.0,62.0,152.0,74.0,66.0,100.0,0.0,0.0,69888.15,64.0,0.0,0.5,2.0,0,0,1
509.87955,54.0,54.0,5142.2466,1514.0,60.0,521.6121,467.23645,595.6545,1263.5712,546.6313,11.0,1.1666666,5.0,3,0,1
422.9795,54.0,54.0,2887.523,1292.0,60.0,415.59595,173.58272,526.3775,4353.1426,244.45593,12.0,1.1350858,3.0,3,0,1
261.94452,60.0,74.0,7613.9443,78.0,74.0,131.98605,0.0,0.0,161277.56,78.0,0.0,0.6674348,3.0,0,0,1
327.72043,64.0,74.0,230.93445,1292.0,60.0,363.55435,56.56323,0.0,3547.927,332.45044,0.0,0.5,5.0,0,0,1
330.2373,63.0,71.0,151.67253,1514.0,60.0,414.77274,0.0,46.00854,354.19754,411.5064,0.0,0.5,3.0,0,0,1
180.49095,54.0,54.0,172.0,79.0,65.0,120.85974,0.0,0.0,32658.06,74.0,0.0,0.6,2.0,0,0,1
204.0,54.0,54.0,92.87628,504.0,60.0,156.89377,0.0,0.0,497.25674,119.25984,4.0,0.5,2.0,3,0,1
325.3091,54.0,60.0,3746.7827,269.0,63.0,250.84592,60.975002,0.0,20898.87,138.0,0.0,0.6666667,3.0,0,0,1
691.17316,54.0,54.0,15483.118,1292.0,60.0,609.3809,1230.1874,651.02423,16685.268,547.3127,305.44443,1.388383,8.0,3,0,1
691.0,54.0,54.0,16562.068,1292.0,60.0,606.736,1313.582,652.5189,17072.424,658.44867,124.0,1.3333334,12.0,3,0,1
462.6404,54.0,54.0,7563.371,274.0,63.0,414.8976,0.0,356.87354,25553.473,89.0,9.0,1.2643267,2.0,3,0,1
88.46813,96.0,98.98421,0.0,142.0,65.0,107.0,0.0,0.0,810.5274,107.0,0.0,0.0,2.0,0,0,1
690.19226,54.0,54.0,14084.935,693.7274,60.0,579.96136,580.6462,634.31683,22224.941,225.38184,330.53894,1.6714783,4.0,3,2,1
155.04187,54.0,54.0,179.591,74.0,66.0,103.666664,0.0,0.0,98646.69,55.0,0.0,0.6666667,2.0,0,0,1
637.9167,54.0,54.0,7655.0,1514.0,60.0,600.5328,591.5096,640.00323,2064.6501,630.65967,322.0,1.25,5.0,3,0,1
361.14368,54.0,54.0,152.0,504.0,60.0,354.60522,0.0,16.341778,3963.0906,89.0,60.968468,1.2,2.0,3,2,1
129.75063,82.333336,55.0,90.0,95.0,88.862724,95.0,0.0,0.0,68546.27,64.0,0.0,0.5,2.0,0,0,1
431.2033,54.0,54.0,186.52625,1803.0591,60.0,525.4975,86.61647,560.80585,205.23991,569.2193,11.0,1.0,3.0,3,0,1
602.9167,54.0,55.0,13617.795,1292.0,60.0,581.6748,710.13855,607.9752,18006.822,609.3691,0.0,1.2,12.540086,0,0,1
303.7351,54.0,54.0,148.0,1292.0,60.0,345.89514,0.0,0.0,1617.2568,202.18948,0.0,0.6,2.0,0,0,1
419.45752,54.0,54.0,308.28384,1271.0,60.0,428.4586,0.0,504.78827,3345.409,157.40239,50.810036,1.2,2.0,3,2,1
103.82678,76.380264,55.0,90.0,73.0,97.0,91.666664,0.0,0.0,39440.324,66.37198,0.0,0.5,2.0,0,0,1
362.44705,54.0,73.0,8279.853,288.0,60.0,288.55087,536.8357,152.47203,33386.91,216.01506,0.0,0.8174213,7.0,0,0,1
509.51608,54.0,54.0,7042.428,1292.0,60.0,448.44907,510.35867,589.161,6386.9644,352.01022,15.254781,1.2,5.0,3,0,1
331.841,54.0,73.0,8511.737,87.0,70.52734,194.19313,46.972073,0.0,122064.41,85.0,0.0,1.0,3.0,0,0,1
648.11707,54.0,54.0,8393.451,1292.0,60.0,580.0944,580.77795,641.9008,4119.55,490.75272,377.36288,1.3333334,5.0,3,2,1
121.0,82.28068,64.0,121.0,84.0,95.0,96.333336,0.0,0.0,51474.668,75.0,0.0,0.5,2.0,0,0,1
121.0,96.0,102.0,90.745804,206.0,64.0,103.666664,0.0,0.0,5018.63,138.0,0.0,0.18287127,3.0,0,0,1
331.84006,54.0,68.58743,6409.57,107.0,97.0,273.3492,0.0,0.0,51814.29,81.0,0.0,1.0,2.0,0,0,1
119.0,86.54004,81.0,60.0,107.0,64.0,103.666664,0.0,0.0,2720.3772,89.0,0.0,0.5,2.0,0,0,1
342.18768,54.0,54.0,138.0,1514.0,60.0,399.16486,90.71099,469.08875,217.3625,598.3487,0.0,0.5,4.550872,3,0,1
97.0,86.333336,55.0,0.0,79.0,82.79499,91.0,0.0,0.0,19808.443,74.0,0.0,0.5,2.0,0,0,1
121.0,81.0,59.114304,120.0,79.0,107.49027,96.333336,0.0,0.0,41405.68,75.0,0.0,0.5,2.0,0,0,1
129.42354,92.0,81.0,138.0,99.0,66.0,97.51519,0.0,0.0,27824.838,96.0,0.0,0.5,4.0,0,0,1
305.4513,66.0,81.0,5084.0,514.0,64.0,256.13477,181.77914,0.0,21038.418,215.7396,0.0,0.5,6.0,0,0,1
474.12915,54.0,73.37368,7303.6846,1784.3745,60.0,547.7753,571.6717,562.74176,2810.0188,732.7713,0.0,0.9544572,11.0,0,0,1
650.7042,54.0,54.0,11522.3125,1292.0,60.0,607.2828,501.17926,618.4934,16847.164,237.00908,47.91452,1.4,4.0,3,0,1
294.47714,63.0,73.0,5056.396,206.0,66.0,229.47221,0.0,0.0,27632.062,108.612755,0.0,0.6666667,3.0,0,0,1
386.1448,54.0,54.0,9738.032,91.0,73.161835,332.53522,0.0,0.0,108268.91,78.0,0.0,1.2222222,2.0,0,0,1
267.4802,74.0,88.0,341.0,614.9176,60.0,247.22037,210.78796,0.0,11526.128,297.52078,0.0,0.5,6.0,0,0,1
172.0,65.0,73.0,171.31409,91.0,66.0,130.66667,0.0,0.0,24547.271,85.0,0.0,0.5,2.0,0,0,1
105.0,89.333336,68.0,90.0,106.0,91.0,97.0,0.0,0.0,28607.629,75.0,0.0,0.21490079,2.0,0,0,1
125.0,91.93097,55.0,95.0,96.0,95.0,95.0,0.0,0.0,43207.844,74.0,0.0,0.5,2.0,0,0,1
171.00085,75.0,81.0,2604.077,89.0,67.0,115.648224,0.0,0.0,80967.74,86.0,0.0,0.5,3.0,0,0,1
97.0,95.83015,91.0,0.0,400.0,63.0,100.321915,0.0,0.0,266.56976,107.0,0.0,0.09361407,2.0,0,0,1
546.74384,54.0,54.0,10014.854,1267.0,60.0,456.84204,530.54175,552.01886,19977.39,251.52707,0.0,1.2216403,5.0,0,0,1
179.0,65.0,70.0,5084.0,75.0,92.89711,112.333336,0.0,0.0,158097.86,74.23698,0.0,0.5,2.0,0,0,1
204.0,70.0,79.0,283.75436,95.0,74.0,142.0,0.0,0.0,29117.766,87.0,0.0,0.5,2.0,0,0,1
608.64246,54.0,54.0,13292.629,613.79877,60.0,474.24542,589.75244,603.1128,27769.379,241.53824,12.0,1.2923235,6.0,0,0,1
344.73334,54.0,60.0,270.0,1292.0,63.0,387.7883,0.0,5.6768427,4350.575,222.81549,0.0,0.71260357,3.0,0,0,1
669.562,54.0,54.0,10548.32,1806.7343,60.0,688.08435,602.7929,640.66095,3382.1345,706.0125,12.0,1.25,8.0,3,0,1
69.107796,94.333336,107.0,0.0,269.0,64.0,138.0,0.0,0.0,266.9237,110.96661,0.0,0.0,2.0,0,0,1
600.3323,54.0,54.0,5255.633,1876.1736,60.0,653.17267,526.01733,625.3154,276.2137,749.322,8.0,1.2,6.0,3,0,1
510.4958,54.0,54.0,8897.187,463.17468,60.0,443.5137,61.20527,494.93546,24921.72,105.70811,9.0,1.269487,2.0,3,0,1
380.78815,54.0,54.0,4211.9893,97.0,64.0,352.30835,0.0,0.0,24521.11,74.0,11.0,1.25,2.0,3,2,1
687.2424,54.0,54.0,10815.212,1783.844,60.0,660.982,1250.2871,655.04913,3069.0718,896.48816,61.260174,1.25,12.0,3,0,1
451.06635,54.0,54.0,9461.331,84.0,64.0,342.0478,0.0,26.43059,99532.53,74.0,11.0,1.3333334,2.0,3,2,1
106.50826,99.0,107.0,60.0,341.57193,60.0,100.0,0.0,0.0,781.45685,227.48979,0.0,0.0,3.0,0,0,1
602.9167,54.0,54.0,10438.336,339.2271,60.0,437.38425,535.78955,595.6545,24950.674,157.34642,290.42206,1.3333334,3.0,3,2,1
121.0,81.0,65.80085,108.0,78.0,91.0,99.787025,0.0,0.0,25022.422,78.0,0.0,0.5,2.0,0,0,1
176.36205,63.0,73.0,2154.443,78.0,66.0,107.74413,0.0,0.0,102928.21,75.0,0.0,0.5,3.0,0,0,1
376.77545,54.0,54.0,7268.797,95.0,60.0,284.6552,61.801147,39.560356,39371.504,91.0,0.0,1.2,2.0,0,0,1
764.0632,54.0,54.0,17747.354,1514.0,60.0,696.6124,1771.8531,674.2612,9210.999,828.9481,381.44223,1.5053867,13.0,3,0,1
549.78107,54.0,54.0,7521.2236,1292.0,60.0,477.19824,597.4053,618.5787,4336.713,611.5618,13.357157,1.1717808,7.0,3,0,1
362.47296,55.0,73.0,4775.1943,1292.0,64.0,414.81818,118.53642,245.21478,6484.022,325.4561,0.0,0.75,5.0,0,0,1
697.3848,54.0,54.0,16737.584,844.8499,60.0,603.35754,593.4913,637.25934,25024.525,239.58296,328.24597,1.8051851,5.0,3,2,1
764.928,54.0,54.0,67455.734,1292.0,60.0,686.7118,1378.2125,659.9449,25921.838,556.564,291.6786,1.8461539,11.0,3,0,1
144.99316,86.89077,78.0,154.43962,94.604866,95.0,110.20923,0.0,0.0,36419.4,84.0,0.0,0.5,2.0,0,0,1
602.83575,54.0,54.0,17308.748,114.00552,60.0,416.08267,567.0662,548.4574,113249.7,99.0,10.0,1.3333334,5.0,0,0,1
344.20764,54.0,67.818375,2878.5642,618.0,60.0,332.7428,137.68417,17.804804,12798.887,227.68042,0.0,0.6666667,5.0,0,0,1
549.392,54.0,54.0,7020.7563,1287.3179,60.0,467.5425,177.74088,566.28467,7830.771,213.95514,101.577736,1.25,3.0,3,0,1
492.06494,54.0,54.0,11829.896,84.0,60.0,336.52228,170.69756,424.18613,134879.94,81.0,11.0,1.3125,2.0,0,0,1
222.0,54.0,54.0,60.0,1292.0,60.0,256.36652,0.0,0.0,98.21971,373.33084,9.73496,0.5,2.0,3,0,1
132.71432,71.60818,73.0,97.0,84.0,66.0,103.666664,0.0,0.0,15915.716,75.0,0.0,0.5,2.0,0,0,1
649.3599,54.0,54.0,12091.899,557.7276,60.0,479.51703,591.82666,631.96185,21499.238,239.13748,363.27094,1.3927916,5.0,3,2,1
350.05884,64.0,75.0,5060.03,1292.0,64.0,387.8692,182.26053,73.67891,9437.24,332.67648,0.0,0.6666667,6.0,0,0,1
743.93176,54.0,54.0,76048.07,232.33507,60.0,581.4722,566.2309,629.15826,113611.94,99.0,333.98798,4.5299397,3.0,3,3,1
149.12437,55.0,54.0,145.0,75.0,66.0,102.36973,0.0,0.0,48378.2,64.0,0.0,0.5,2.0,0,0,1
144.0,89.19109,95.0,138.0,96.0,66.0,113.280174,0.0,0.0,20043.11,95.0,0.0,0.5,3.0,0,0,1
688.26697,54.0,54.0,9950.8545,1800.1322,60.0,686.2904,782.53796,656.5329,1504.9817,823.3289,287.43408,1.2852511,8.0,3,0,1
97.0,79.912865,55.0,97.0,74.0,96.851974,82.333336,0.0,0.0,90745.76,55.0,0.0,0.5,2.0,0,0,1
89.0,97.49498,105.33494,0.0,399.6699,64.0,106.034035,0.0,0.0,261.48013,126.68817,0.0,0.0,2.0,0,0,1
120.988495,95.0,84.0,120.0,99.0,66.0,97.26607,0.0,0.0,21597.295,89.0,0.0,0.5,2.0,0,0,1
481.1208,54.0,64.0,12138.602,616.0231,74.0,450.04178,228.205,348.4781,50134.21,146.7,0.0,1.2,5.0,0,0,1
650.37714,54.0,55.0,17609.586,1514.0,60.0,649.02,1215.9872,627.5147,17700.209,701.875,0.0,1.2307693,16.792393,0,0,1
226.26138,74.0,78.0,148.0,701.46173,65.57871,254.78915,0.0,0.0,4606.8936,156.25136,0.0,0.5,3.0,0,0,1
91.81366,84.0,74.0,0.0,88.00195,60.0,94.0,0.0,0.0,1877.0157,84.150826,0.0,0.106642894,2.0,0,0,1
90.0,86.333336,66.0,0.0,96.0,68.0,99.0,0.0,0.0,7771.9453,78.21804,0.0,0.07450013,2.0,0,0,1
820.48303,54.0,54.0,32865.973,1435.2559,60.0,736.97394,1807.4142,681.60223,14011.316,767.6446,396.58948,1.8889259,13.0,3,2,1
345.33334,54.0,54.0,146.0,1292.0,60.0,387.7918,127.99614,495.74142,269.50717,526.5172,8.0,0.59929067,3.0,3,0,1
712.5787,54.0,54.0,16384.02,1811.0,60.0,737.7703,1307.8589,659.7597,6122.6455,884.3998,21.806591,1.3333334,14.0,3,0,1
137.76265,74.0,74.0,146.0,75.0,66.0,97.07026,0.0,0.0,58096.195,75.0,0.0,0.5,2.0,0,0,1
88.753235,95.666664,113.48063,0.0,198.0,64.0,107.0,0.0,0.0,871.5119,119.25441,0.0,0.0,2.0,0,0,1
153.0,65.0,64.0,111.0,208.41795,60.0,130.57079,0.0,0.0,4707.256,106.915794,0.0,0.5,2.0,0,0,1
361.0093,54.0,54.0,4229.4277,138.0,60.0,262.66708,0.0,14.490645,21829.674,96.0,2.0,1.0909091,2.0,0,0,1
277.99298,74.0,81.0,145.2456,1502.4182,60.0,349.65683,162.0025,62.350357,323.9776,626.34033,0.0,0.5,6.0,0,0,1
690.83264,54.0,54.0,16802.078,536.0,60.0,572.8198,550.59985,626.496,32780.195,150.47346,309.8512,1.8647755,3.0,3,2,1
145.0,74.0,71.0,0.0,1218.3132,60.0,134.66667,0.0,0.0,186.642,225.8278,0.0,0.5,2.0,0,0,1
637.9167,54.0,54.0,32019.643,89.0,63.968067,439.3731,388.56326,531.83685,204664.08,80.28084,13.0,1.8653527,3.0,0,0,1
507.6205,54.0,54.0,5165.1045,1267.0,60.0,444.54495,210.34068,569.1158,5114.634,225.51523,267.53632,1.2222222,3.0,3,2,1
119.0,84.0,55.0,120.0,84.0,117.338524,95.666664,0.0,0.0,58679.297,74.0,0.0,0.5,2.0,0,0,1
655.94714,54.0,54.0,21288.512,614.0,60.0,553.12976,588.42755,612.33875,53757.59,212.68816,10.0,1.4,6.0,0,0,1
204.83057,66.0,74.0,188.0128,142.0,63.011703,141.81357,0.0,0.0,19208.482,119.71785,0.0,0.5,3.0,0,0,1
142.1829,75.0,62.319057,172.0,78.376205,110.68582,100.0,0.0,0.0,101230.82,74.0,0.0,0.5,2.0,0,0,1
545.7391,54.0,54.0,9214.706,969.22485,60.0,450.84558,500.07294,555.82513,17701.26,239.39322,8.0,1.2222222,5.0,0,0,1
563.80786,54.0,54.0,5431.729,1292.0,60.0,549.54834,346.53238,597.2661,2506.66,383.92563,53.10093,1.2222222,3.0,3,0,1
650.54846,54.0,54.0,10637.973,1514.0,60.0,632.5863,676.3382,637.2586,5372.867,633.1905,48.260807,1.2666667,7.0,3,0,1
304.0,54.0,54.0,132.0,616.6984,60.0,329.21872,0.0,0.0,2374.247,103.700226,0.0,0.91998786,2.0,3,0,1
88.64815,75.660225,55.0,0.0,74.0,65.0,86.1261,0.0,0.0,9688.706,60.0,0.0,0.5,2.0,0,0,1
691.0,54.0,54.0,10341.669,1823.0,60.0,711.1576,788.2165,658.6394,1261.6537,834.884,304.81894,1.312075,8.0,3,0,1
598.3611,54.0,54.0,9689.579,268.01132,60.0,445.74234,79.68501,537.0822,27460.197,94.471115,265.0084,1.4,2.0,3,2,1
152.0,87.86307,95.66827,154.47939,116.320335,66.0,120.333336,0.0,0.0,20946.285,97.0,0.0,0.5,4.0,0,0,1
112.44533,74.04273,55.0,97.0,74.0,74.0,94.0,0.0,0.0,34386.188,73.0,0.0,0.5,2.0,0,0,1
267.97772,64.0,73.0,1086.8574,198.0,74.0,231.45184,0.0,0.0,25469.625,89.0,0.0,0.6666667,2.0,0,0,1
691.0,54.0,54.0,32449.736,624.0,60.0,572.9386,795.4952,633.80536,47902.05,285.6738,25.906673,1.5320292,7.0,0,0,1
549.3939,54.0,54.0,10612.205,92.0,63.37167,414.73145,0.0,429.36972,78998.375,75.0,21.093723,1.4896362,2.0,3,2,1
484.96667,54.0,73.0,16317.734,340.0,73.490685,424.36987,503.2087,350.73273,108344.18,143.29344,0.0,1.2,6.0,0,0,1
114.94911,91.68117,75.0,97.0,94.0,80.0,97.40793,0.0,0.0,19977.979,81.0,0.0,0.5,2.0,0,0,1
698.9221,54.0,54.0,33071.527,1759.3994,60.0,717.92145,1367.0184,646.4622,18302.879,822.08014,0.0,1.2941177,20.0,0,0,1
637.9167,54.0,54.0,7697.255,1292.0,60.0,555.88635,526.4544,628.0706,5157.635,340.4999,355.57935,1.3333334,3.0,3,2,1
121.0,54.0,54.0,60.0,75.0,60.0,95.76328,0.0,0.0,13633.66,60.0,0.0,0.5,2.0,0,0,1
676.6552,54.0,54.0,18404.21,216.0,60.0,479.09943,558.34503,613.4233,72917.39,114.78272,289.7225,1.8461539,3.0,3,2,1
111.0,88.62104,84.0,60.0,89.256004,64.0,97.03465,0.0,0.0,6296.1675,87.03852,0.0,0.5,2.0,0,0,1
152.0,54.0,54.0,120.0,79.0,66.0,114.0,0.0,0.0,21818.252,64.0,0.0,0.5,2.0,0,0,1
105.67812,95.0,68.0,92.58775,96.0,98.84543,95.0,0.0,0.0,25877.053,78.0,0.0,0.5,2.0,0,0,1
129.0,91.08912,55.0,111.0,96.99804,97.0,95.68312,0.0,0.0,68715.8,74.0,0.0,0.5,2.0,0,0,1
435.12024,54.0,64.0,10657.263,581.0,64.0,414.76755,528.1316,459.04135,33414.98,222.67554,0.0,1.1,6.0,0,0,1
295.8377,54.0,54.0,121.0,1190.7195,60.0,262.52295,0.0,75.566956,452.78342,238.46477,9.0,0.5,2.0,3,0,1
123.0,66.0,55.0,112.83266,74.0,74.0,96.333336,0.0,0.0,33737.453,64.0,0.0,0.5,2.0,0,0,1
342.41458,55.0,73.0,5801.388,341.4809,60.0,256.95575,433.48654,0.29872325,23984.807,218.57138,0.0,0.6123794,6.0,0,0,1
256.79895,74.0,84.11365,222.0,692.6209,60.0,247.8153,170.51373,0.0,6562.001,332.54034,0.0,0.5,6.0,0,0,1
396.23688,54.0,54.0,11006.699,78.0,68.0,259.5308,0.0,0.0,216556.22,68.92592,0.0,1.25,2.0,0,0,1
693.58057,54.0,54.0,93568.83,216.0,60.0,549.5557,570.237,613.6418,136847.66,106.93398,41.552937,2.5169044,5.0,3,0,1
812.70734,54.0,54.0,106775.96,1181.0045,60.0,684.8955,1292.4465,661.5728,33467.324,335.51022,390.31415,3.6427116,6.0,3,2,1
121.0,82.333336,55.0,0.0,102.0,65.87304,107.0,0.0,0.0,15614.605,75.0,0.0,0.012049956,2.0,0,0,1
472.78632,54.0,60.0,9707.3955,1292.0,60.0,448.01428,571.9775,532.6715,18106.38,470.65405,0.0,1.0769231,8.0,0,0,1
138.16904,92.0,97.0,105.0,581.0,60.0,121.6582,0.0,0.0,1846.5997,348.39923,0.0,0.27540126,5.0,0,0,1
226.68747,74.0,85.0,275.1817,320.27637,60.0,153.39354,179.58765,0.0,16666.188,225.74777,0.0,0.5,6.0,0,0,1
121.0,95.0,96.0,60.0,268.0,64.0,106.0,0.0,0.0,2902.3474,138.1257,0.0,0.22719145,2.0,0,0,1
224.73668,54.0,54.0,132.0,404.77225,60.0,194.9856,0.0,0.0,4694.8867,112.0,0.0,0.5,2.0,0,0,1
138.0,62.0,55.0,145.0,68.0,72.08679,97.06545,0.0,0.0,89671.27,55.0,0.0,0.5,2.0,0,0,1
238.0,54.0,54.0,5293.3936,74.0,68.0,117.67955,0.0,0.0,168811.0,64.0,0.0,1.0,2.0,0,0,1
152.0,81.0,84.0,221.33546,91.0,68.66047,113.85504,0.0,0.0,46826.92,84.59737,0.0,0.5,3.0,0,0,1
152.0,75.0,60.0,5185.3613,89.0,121.97358,97.666664,0.0,0.0,553397.06,64.0,0.0,0.5,2.0,0,0,1
299.13654,55.0,74.0,9701.45,76.874695,119.01896,142.0,0.0,0.0,358288.16,74.0,0.0,1.0,3.0,0,0,1
734.86633,54.0,54.0,13349.081,1514.0,60.0,686.5828,1307.9747,664.6102,4962.6836,766.676,375.091,1.3926479,10.0,3,0,1
121.0,96.0,106.0,90.0,300.60312,62.583534,106.678856,0.0,0.0,3419.7502,203.57721,0.0,0.104340956,3.0,0,0,1
251.0,54.0,54.0,120.0,206.0,60.0,177.0,0.0,0.0,3810.317,84.0,11.0,0.8,2.0,3,2,1
327.5,54.0,54.0,2844.358,268.0,66.0,260.99048,0.0,0.0,22057.857,97.0,0.0,0.903348,2.0,0,0,1
408.7231,54.0,54.0,208.0,1784.1957,60.0,498.58728,137.64157,554.475,222.42697,609.31726,7.0,1.0,4.0,3,0,1
399.85617,54.0,54.0,12141.24,91.0,89.50231,335.80032,61.552425,0.0,156008.11,81.0,0.0,1.2222222,3.0,0,0,1
119.10056,92.333336,59.871803,91.0,95.0,97.0,95.0,0.0,0.0,32776.598,74.0,0.0,0.5,2.0,0,0,1
221.0,75.0,88.0,5180.0,97.0,66.0,131.33333,86.49116,0.0,76608.484,91.0,0.0,0.5,5.0,0,0,1
177.0,64.0,66.0,134.12758,206.0,64.0,142.0,0.0,0.0,10173.702,95.0,0.0,0.5,2.0,0,0,1
361.1439,54.0,54.0,6232.2544,142.0,60.0,256.35242,224.39459,60.719715,26996.152,135.30553,0.0,1.0,4.0,0,0,1
89.0,92.333336,85.0,0.0,91.0,63.0,95.0,0.0,0.0,2541.002,89.0,0.0,0.0,2.0,0,0,1
675.52576,54.0,54.0,76770.78,183.07738,65.0,516.6916,510.31647,561.15326,161765.62,92.71397,6.029797,1.8844632,4.0,0,0,1
205.95709,66.0,73.0,138.0,528.0,65.0,199.85065,0.0,0.0,5527.7217,115.75,0.0,0.5,2.0,0,0,1
97.150085,78.37124,73.0,0.0,79.04606,64.0,94.333336,0.0,0.0,6069.777,74.0,0.0,0.5,2.0,0,0,1
363.6124,54.0,54.0,6513.602,193.29605,60.0,287.17264,118.0036,77.67672,26644.217,115.28885,0.0,1.0769231,3.0,0,0,1
129.0,87.1929,85.42634,120.0,91.0,66.0,100.0,0.0,0.0,19668.076,88.0,0.0,0.5,2.0,0,0,1
350.05884,54.0,54.0,7303.713,107.0,63.0,251.40138,169.62288,0.0,44603.344,97.0,0.0,1.0,4.0,0,0,1
463.5382,54.0,54.0,16381.023,85.0,89.47322,355.78082,85.78762,0.0,288395.72,77.43109,0.0,1.2844998,3.0,0,0,1
365.60007,54.0,54.0,7601.0,273.34946,64.0,338.23694,161.732,19.918585,30795.768,130.0,0.0,1.0629656,4.0,0,0,1
179.0,81.0,89.0,120.0,1292.0,60.0,239.10838,0.0,0.0,451.64148,372.44064,0.0,0.5,4.0,0,0,1
602.9167,54.0,54.0,24645.63,78.0,64.0,387.77832,171.66039,486.79834,425609.56,74.0,14.0,1.8397726,2.0,0,2,1
91.0,94.0,75.0,0.0,106.0,81.34465,106.44666,0.0,0.0,4968.854,89.0,0.0,0.0676544,2.0,0,0,1
125.0,86.64573,55.0,123.0,89.0,111.0,93.89846,0.0,0.0,104341.85,66.0,0.0,0.5,2.0,0,0,1
121.0,89.0,55.0,97.0,86.0,99.0,93.74296,0.0,0.0,49569.465,74.0,0.0,0.5,2.0,0,0,1
68.0,91.0,84.0,0.0,112.85926,66.0,138.0,0.0,0.0,2643.8665,91.0,0.0,0.0,2.0,0,0,1
231.55154,66.0,74.0,132.13535,1292.0,60.0,245.74211,116.40523,0.0,677.4894,479.0161,0.0,0.5,5.0,0,0,1
255.54674,54.0,54.0,120.0,268.0,60.0,179.01775,0.0,0.0,3447.197,95.0,11.0,0.6666667,2.0,3,0,1
171.0,54.0,54.0,121.0,78.0,60.0,112.36673,0.0,0.0,22100.037,68.0,0.0,0.6666667,2.0,3,0,1
152.0,91.0,96.0,138.0,288.0,60.0,123.66645,75.554794,0.0,9593.673,233.49374,0.0,0.5,5.0,0,0,1
238.69077,76.0,86.0,148.0,1292.0,60.0,256.15598,238.09872,0.0,961.7411,557.1918,0.0,0.5,6.0,0,0,1
90.72517,55.0,54.0,0.0,55.0,64.16912,79.333336,0.0,0.0,24520.53,54.0,0.0,0.5,1.0,0,0,1
479.85635,54.0,54.0,7601.0,97.0,60.0,385.49457,0.0,460.2892,29661.879,84.0,61.282753,1.3114675,2.0,3,2,1
228.04445,54.0,54.0,2822.9033,75.0,66.0,125.5432,0.0,0.0,108044.3,66.0,0.0,0.9166667,2.0,0,0,1
75.329384,92.0,95.0,0.0,107.0,65.0,107.0,0.0,0.0,2526.2603,95.0,0.0,0.0,2.0,0,0,1
99.0,91.51199,62.0,60.0,94.0,91.0,95.0,0.0,0.0,25752.578,75.0,0.0,0.5,2.0,0,0,1
121.0,84.0,75.0,60.0,91.0,68.0,103.72335,0.0,0.0,7598.564,78.0,0.0,0.5,2.0,0,0,1
404.2504,54.0,54.0,133.42722,1771.5323,60.0,478.50342,0.0,559.035,126.34773,481.3068,260.1123,1.0714285,2.0,4,2,1
106.62844,74.0,60.0,0.0,81.0,60.0,95.0,0.0,0.0,4319.7393,79.0,0.0,0.5,2.0,0,0,1
450.32782,54.0,73.0,6112.7695,1782.3706,60.0,516.7662,568.2716,560.0286,1993.1213,736.91046,0.0,0.8,10.0,0,0,1
637.9167,54.0,54.0,17692.373,1267.0,60.0,550.1633,591.4312,595.6545,36786.59,263.21265,0.0,1.2941177,7.0,0,0,1
333.9851,54.0,54.0,182.0295,1292.0,60.0,355.0932,0.0,0.0,3684.1257,211.69826,0.0,0.6666667,3.0,0,0,1
119.0,96.0,95.64962,0.0,678.32983,63.0,118.05459,0.0,0.0,258.4843,174.67851,0.0,0.11104577,2.0,0,0,1
146.0,79.0,84.0,149.70888,86.0,66.0,106.65296,0.0,0.0,27542.602,85.0,0.0,0.5,2.0,0,0,1
732.5241,54.0,54.0,122926.98,407.1049,60.0,600.44745,682.33185,633.0326,99603.305,160.52315,168.82285,2.5789866,5.0,3,0,1
138.0,92.0,97.0,120.0,268.0,63.0,114.97024,0.0,0.0,7426.9053,198.55357,0.0,0.5,5.0,0,0,1
268.77206,54.0,54.0,5179.522,75.0,64.0,122.60504,0.0,0.0,120749.695,74.0,0.0,0.94272023,2.0,0,0,1
133.81895,91.0,55.0,14.490207,97.0,78.02939,98.56557,0.0,0.0,22121.47,75.0,0.0,0.38707584,2.0,0,0,1
221.04169,54.0,55.0,304.0,81.0,68.0,134.66667,0.0,0.0,53195.06,74.0,0.0,0.6666667,2.0,0,0,1
275.8093,54.0,54.0,151.0579,107.0,66.0,250.26707,0.0,0.0,14821.49,74.0,0.0,1.0714285,2.0,3,0,1
203.6334,54.0,54.0,3458.2156,74.0,90.0,113.666664,0.0,0.0,149876.55,59.078995,0.0,0.8,2.0,0,0,1
121.0,91.0,59.939674,138.0,96.0,111.0,92.01069,0.0,0.0,117647.66,67.05024,0.0,0.5,2.0,0,0,1
378.3463,54.0,54.0,159.6177,1292.0,60.0,428.71255,0.0,487.22443,453.2935,216.4641,13.042538,1.0837669,2.0,3,0,1
341.0,54.0,60.0,4199.2417,400.0,65.0,310.88208,0.0,0.0,19979.799,122.31186,0.0,0.830354,3.0,0,0,1
155.0,64.0,55.0,111.33331,268.70148,60.0,137.8499,0.0,0.0,4299.7773,97.0,0.0,0.5,2.0,0,0,1
344.73334,54.0,54.0,7184.2134,85.0,66.0,241.90338,0.0,0.0,86321.47,75.0,0.0,1.1666666,2.0,0,0,1
121.0,81.8383,75.0,60.0,165.11748,65.0,109.06594,0.0,0.0,2530.8044,86.0,0.0,0.5,2.0,0,0,1
363.093,54.0,54.0,9455.857,81.0,74.0,256.15115,0.0,0.0,142409.98,74.0,0.0,1.2222222,2.0,0,0,1
760.6676,54.0,54.0,32460.639,1779.2751,60.0,747.4026,1769.4429,663.88794,13466.55,901.1727,28.338034,1.4,18.0,3,0,1
449.76862,54.0,61.351864,7303.5845,1292.0,60.0,459.40332,550.40424,536.7111,6050.02,559.1342,0.0,1.0,8.0,0,0,1
647.32117,54.0,54.0,16282.367,628.9917,60.0,566.25946,534.5894,595.8392,32779.48,179.62021,11.0,1.4,5.0,0,0,1
146.0,74.0,73.0,97.0,138.0,66.0,130.66667,0.0,0.0,6161.571,79.0,0.0,0.5,2.0,0,0,1
222.0,74.0,83.0,212.87376,381.49796,63.0,160.125,52.209698,0.0,14818.088,198.3625,0.0,0.5,5.0,0,0,1
252.90967,54.0,54.0,119.0,1292.0,60.0,285.43515,0.0,0.0,267.03918,331.66547,0.0,0.5,3.0,3,0,1
152.0,54.0,54.0,120.0,85.0,60.0,106.70873,0.0,0.0,14654.131,84.0,0.0,0.5,2.0,0,0,1
192.01561,54.0,55.0,5042.272,70.93728,67.0,106.68943,0.0,0.0,165748.22,65.74477,0.0,0.6666667,2.0,0,0,1
210.89067,68.0,80.013885,222.0,258.8163,60.0,142.0,108.97413,0.0,17013.049,197.7439,0.0,0.5,5.0,0,0,1
688.24744,54.0,54.0,27965.338,614.0,60.0,564.67847,687.726,626.5388,50246.723,236.78935,16.0,1.5,6.0,0,0,1
138.0,86.333336,55.0,111.0,96.0,91.6355,95.0,0.0,0.0,96297.086,64.0,0.0,0.5,2.0,0,0,1
280.77908,55.0,71.0,3801.6575,101.0,66.0,186.90247,0.0,0.0,28405.707,95.0,0.0,0.6666667,3.0,0,0,1
681.7494,54.0,54.0,85082.81,528.0,66.0,572.92786,568.1733,594.83966,118030.63,143.40619,0.0,1.6207043,6.0,0,0,1
131.34943,88.19722,55.0,168.8827,95.0,115.91198,89.0,0.0,0.0,283334.06,55.0,0.0,0.5,2.0,0,0,1
121.0,91.0,64.0,145.0,95.0,121.0,96.333336,0.0,0.0,89724.9,74.0,0.0,0.5,2.0,0,0,1
454.20068,54.0,54.0,7687.469,512.7409,60.0,414.90405,84.32889,454.52356,23991.277,121.5649,0.0,1.2222222,3.0,0,0,1
152.0,55.0,55.0,156.0,75.0,64.0,100.0,0.0,0.0,57118.254,74.0,0.0,0.5,2.0,0,0,1
148.58676,81.2187,75.0,1337.5382,95.0,91.0,100.0,0.0,0.0,136931.12,75.0,0.0,0.5,3.0,0,0,1
146.0,64.0,62.0,180.0,68.0,67.534775,97.5189,0.0,0.0,116963.664,64.0,0.0,0.5,2.0,0,0,1
208.0,81.0,91.0,132.0,1292.0,62.0,256.18506,0.0,0.0,1001.5887,355.35452,0.0,0.5,5.0,0,0,1
690.59814,54.0,54.0,7655.0,1843.0,60.0,708.7217,673.4593,659.933,323.14014,830.4206,381.29337,1.3216583,6.0,4,2,1
134.04572,91.0,81.0,149.34528,96.0,66.0,100.0,0.0,0.0,33704.92,89.0,0.0,0.5,3.0,0,0,1
99.0,97.80475,97.0,0.0,705.8126,60.0,108.0,0.0,0.0,176.0566,205.88742,0.0,0.0,2.0,0,0,1
506.16473,54.0,54.0,7224.6504,700.7797,60.0,426.63922,533.59186,574.9513,9796.036,296.30096,39.332397,1.2,5.0,3,0,1
155.0,74.0,74.0,5084.0,86.0,97.0,103.666664,0.0,0.0,175583.36,74.0,0.0,0.5,3.0,0,0,1
146.0,64.0,54.0,60.0,397.75235,60.0,126.333336,0.0,0.0,432.94266,143.6,0.0,0.5,2.0,0,0,1
99.0,100.0,107.0,0.0,400.0,60.0,101.23622,0.0,0.0,453.99448,216.59091,0.0,0.0,3.0,0,0,1
602.9167,54.0,54.0,23083.266,97.0,66.0,449.13742,200.62997,494.3495,156381.98,84.74315,0.0,1.5120046,3.0,0,0,1
674.37335,54.0,54.0,11531.251,1292.0,60.0,572.90656,760.8111,642.7081,12430.161,519.15234,311.71335,1.3333334,6.0,3,0,1
97.910515,91.0,63.891983,115.37037,95.0,97.0,92.0,0.0,0.0,58976.633,74.0,0.0,0.5,2.0,0,0,1
154.0,74.0,69.66523,2594.0168,81.0,103.35114,106.59869,0.0,0.0,145090.17,74.68524,0.0,0.5,2.0,0,0,1
204.0,75.0,83.0,179.0,288.8687,66.0,158.51369,0.0,0.0,16379.882,123.1424,0.0,0.5,3.0,0,0,1
220.97469,54.037968,62.0,270.40695,96.0,60.0,127.48578,0.0,0.0,27844.346,89.0,0.0,0.5,3.0,0,0,1
462.0354,54.0,54.0,11382.2705,78.0,64.0,294.0371,0.0,54.942547,159207.9,74.0,10.0,1.3333334,2.0,0,0,1
690.909,54.0,54.0,15079.593,1277.8179,60.0,606.7972,574.3645,632.99396,21706.22,237.49985,291.9776,1.6570889,5.0,3,2,1
257.33792,65.0,73.0,155.60042,820.7411,60.0,254.4935,0.0,0.0,4314.6694,241.84364,0.0,0.5,4.0,0,0,1
602.9167,54.0,54.0,9379.528,533.79584,60.0,498.36902,0.0,543.2548,21112.16,96.0,126.45936,1.4481299,2.0,3,2,1
120.01702,86.333336,60.0,91.0,100.47148,89.88739,97.0,0.0,0.0,40319.82,74.0,0.0,0.37282348,2.0,0,0,1
409.02054,54.0,54.0,5171.0,94.0,60.0,352.14236,0.0,44.053383,25889.219,74.363625,124.0,1.3125,2.0,3,3,1
114.82663,83.0,64.0,90.35163,78.0,91.0,97.172195,0.0,0.0,21021.703,78.0,0.0,0.5,2.0,0,0,1
601.3151,54.0,54.0,13813.52,602.91656,66.0,515.0379,209.42374,512.068,47706.156,124.36206,0.0,1.3333334,4.0,0,0,1
177.0,54.0,54.0,202.66376,74.0,66.0,110.0,0.0,0.0,72952.29,62.043766,0.0,0.69406414,2.0,0,0,1
603.44586,54.0,54.0,10884.81,1292.0,60.0,553.1206,597.40155,616.8522,14689.918,521.15906,8.0,1.2307693,7.0,0,0,1
628.06665,54.0,54.0,9692.714,1862.668,60.0,676.5859,717.6829,632.7725,1617.5952,972.54736,0.0,1.2,13.0,0,0,1
323.56976,54.0,68.0,2456.0103,403.61807,60.0,238.06566,443.8872,26.886446,15618.639,258.08734,0.0,0.5,6.0,0,0,1
512.0772,54.0,54.0,7513.401,1292.0,60.0,451.26724,526.58356,574.0161,8791.773,353.05685,11.0,1.2,5.0,3,0,1
344.73334,54.0,54.0,350.50888,804.9515,64.0,363.20456,0.0,0.0,7992.2554,156.74126,0.0,0.84677815,3.0,0,0,1
489.0326,54.0,54.0,10688.537,287.24924,64.0,414.77405,246.80853,469.13364,49966.45,115.14652,0.0,1.2307693,4.0,0,0,1
406.93933,54.0,54.0,910.95764,1514.0,60.0,457.17902,367.6125,541.28955,546.077,564.49774,0.0,0.9777595,5.0,3,0,1
470.30582,54.0,54.0,222.0,1514.0,60.0,479.20145,221.97008,595.6545,256.96487,547.8212,227.13474,1.1116412,3.0,3,0,1
131.96764,86.32744,55.0,108.0,96.0,91.0,95.0,0.0,0.0,91200.234,64.0,0.0,0.5,2.0,0,0,1
144.0,75.0,74.0,92.5159,268.0,60.0,120.90084,0.0,0.0,3627.036,112.0,0.0,0.5,2.0,0,0,1
712.2633,54.0,54.0,13987.957,1292.0,60.0,637.8586,601.4018,651.73346,16443.893,348.52313,385.3444,1.844258,5.0,3,2,1
121.0,95.0,95.0,0.0,723.9354,60.0,120.333336,0.0,0.0,258.55658,217.21535,0.0,0.110150404,2.0,0,0,1
332.08133,54.0,54.0,146.0,1292.0,60.0,360.3247,0.0,270.11478,449.87164,322.18808,0.0,0.62103057,3.0,3,0,1
304.0,54.0,54.0,156.0,678.82434,60.0,319.72473,0.0,0.0,4154.197,156.40396,0.0,0.6666667,2.0,0,0,1
647.6597,54.0,54.0,17707.834,216.0,63.0,502.07047,228.11562,560.61505,96069.766,91.0,17.669298,1.8656253,2.0,3,2,1
361.17035,60.0,75.0,7551.0264,535.7789,66.0,355.49023,170.53218,0.0,25914.39,178.77267,0.0,0.9166667,5.0,0,0,1
690.2254,54.0,54.0,16342.174,1292.0,60.0,604.7623,770.486,640.499,20611.79,470.7951,128.49435,1.3957071,7.0,3,0,1
445.7121,54.0,54.0,12065.751,81.0,66.0,330.82956,0.0,0.0,164946.14,74.0,0.0,1.2941177,2.0,0,0,1
320.49283,54.0,54.0,283.67087,96.0,60.0,185.91405,0.0,0.0,19904.705,92.0,0.0,0.94481325,2.0,0,0,1
637.2565,54.0,54.0,9616.342,626.9802,60.0,507.5087,433.57825,614.23346,15922.071,195.74481,328.75702,1.3846154,3.0,3,2,1
369.15817,54.0,73.0,11526.724,96.0,97.0,331.4838,104.119064,0.0,137950.53,91.0,0.0,1.1428572,5.0,0,0,1
115.421165,99.0,107.0,60.0,606.83875,60.0,108.0,0.0,0.0,357.9395,264.9863,0.0,0.0,3.0,0,0,1
99.0,91.0,58.962765,60.0,89.32659,89.13506,94.0,0.0,0.0,20649.086,75.0,0.0,0.5,2.0,0,0,1
153.0,54.0,54.0,132.0,79.0,66.0,115.0,0.0,0.0,26301.828,64.0,0.0,0.5,2.0,0,0,1
84.32785,88.08758,75.0,55.754864,106.0,74.0,99.33663,0.0,0.0,15963.408,78.0,0.0,0.09112039,2.0,0,0,1
687.47644,54.0,54.0,39901.805,96.0,60.0,478.50946,531.144,595.5124,145529.25,91.0,100.66569,2.2221906,3.0,3,2,1
270.9975,60.060825,71.0,286.0,315.19592,64.0,241.25151,0.0,0.0,16855.055,122.35195,0.0,0.5,3.0,0,0,1
260.5758,54.0,54.0,110.0,536.0,60.0,216.0,0.0,0.0,429.74484,156.8864,16.0,0.5,2.0,3,0,1
691.13544,54.0,54.0,32557.48,1292.0,60.0,642.5126,723.9741,631.9877,32061.523,360.38004,9.0,1.4295946,8.0,0,0,1
395.0469,54.0,54.0,7655.0,612.549,60.0,368.08286,554.701,494.22925,20021.717,328.9172,0.0,1.0,7.0,0,0,1
608.6492,54.0,54.0,12186.876,400.0,60.0,464.52185,507.283,595.1597,32062.406,143.6,55.1808,1.375,3.0,3,0,1
460.67792,54.0,73.0,9748.068,1292.0,64.0,451.14816,546.8966,507.20395,19176.176,429.40845,0.0,1.0714285,8.0,0,0,1
723.90283,54.0,54.0,15940.01,1292.0,60.0,645.1092,680.22577,652.62164,17701.508,361.12982,376.13107,1.8461539,5.0,3,2,1
97.0,91.21342,84.0,0.0,96.0,64.0,97.0,0.0,0.0,1767.4253,85.0,0.0,0.17284375,2.0,0,0,1
150.0,75.0,75.0,120.0,182.15422,64.0,125.51192,0.0,0.0,8072.033,100.92175,0.0,0.5,2.0,0,0,1
436.52127,54.0,55.0,9915.621,614.42065,60.0,394.18182,582.56085,509.22058,25047.438,341.28204,0.0,1.0621393,8.0,0,0,1
242.80666,78.0,89.0,155.0,1292.0,60.0,260.17346,108.3095,0.0,2795.1062,456.10266,0.0,0.5,5.0,0,0,1
148.17842,89.0,91.0,178.44957,127.48623,65.0,108.0,46.755787,0.0,26920.988,97.0,0.0,0.5,5.0,0,0,1
365.42142,54.0,54.0,4569.9863,142.0,60.0,284.49103,60.399647,258.83,20082.61,106.13556,11.0,1.1404194,2.0,3,0,1
394.90692,54.0,54.0,9381.423,95.83537,68.0,350.44214,0.0,0.0,82858.125,79.0,0.0,1.2222222,2.0,0,0,1
208.0,54.0,54.0,291.34573,79.0,63.0,118.0,0.0,0.0,53470.766,78.0,0.0,0.5,2.0,0,0,1
737.98145,54.0,54.0,17526.293,1514.0,60.0,714.55054,1307.8801,659.94696,9963.691,733.86383,223.00479,1.3969507,12.0,3,0,1
372.51227,54.0,54.0,256.86282,1292.0,60.0,405.44446,60.40645,484.5787,2511.9082,244.44777,8.0,1.0,3.0,3,0,1
121.0,95.0,91.0,110.32913,99.0,66.0,100.0,0.0,0.0,16430.205,95.0,0.0,0.5,2.6832001,0,0,1
123.0,64.0,55.0,121.0,64.0,68.0,92.333336,0.0,0.0,82778.72,55.0,0.0,0.5,2.0,0,0,1
105.0,86.333336,57.0774,0.0,93.83069,80.46772,96.0,0.0,0.0,21545.502,74.0,0.0,0.24854483,2.0,0,0,1
96.941475,86.396996,70.85315,0.0,106.0,69.94048,106.85543,0.0,0.0,10194.068,79.0,0.0,0.0,2.0,0,0,1
177.0,74.0,75.0,120.0,616.6244,64.0,179.3768,0.0,0.0,2918.4136,147.38678,0.0,0.5,2.0,0,0,1
323.32797,54.0,54.0,132.205,288.0,60.0,248.95514,0.0,0.0,3494.7393,98.995094,32.517056,1.0,2.0,3,2,1
303.8787,54.0,54.0,152.0,268.0,60.0,241.80879,0.0,0.0,6433.2583,97.0,8.0,0.9166667,2.0,3,0,1
453.19427,54.0,71.0,5171.9365,1811.0,60.0,530.1561,538.8445,561.15967,782.22723,731.675,0.0,0.9166667,8.0,0,0,1
308.27103,54.0,54.0,8024.1846,68.0,66.0,125.40961,0.0,0.0,371916.9,64.0,0.0,1.1236093,2.0,0,0,1
238.0,54.0,54.0,119.0,102.0,60.0,160.125,0.0,0.0,4319.3423,78.0,12.0,0.9166667,2.0,3,2,1
314.861,54.0,73.0,5693.455,99.12861,66.0,210.14235,59.198322,0.0,44800.527,97.0,0.0,0.75,4.0,0,0,1
600.7219,54.0,54.0,9191.889,1561.3989,60.0,569.69037,767.51556,627.1053,3826.653,798.5854,3.0,1.1666666,12.0,0,0,1
121.0,92.0,55.0,97.0,92.0,97.0,92.00311,0.0,0.0,46498.68,74.0,0.0,0.5,2.0,0,0,1
362.8266,54.0,54.0,5171.0,339.0,60.0,318.38043,227.03314,356.81488,18292.205,176.34114,0.0,1.0,4.0,0,0,1
344.7497,54.0,54.0,326.3641,1292.0,60.0,351.5834,161.732,269.37418,4662.9404,323.66888,0.0,0.6666667,5.0,0,0,1
712.3864,54.0,54.0,17024.799,1514.0,60.0,690.4065,1313.2341,659.6269,10178.844,735.4238,177.92064,1.3636364,12.334802,3,0,1
602.9167,54.0,54.0,13487.121,1292.0,60.0,552.0823,588.3145,595.6545,22243.748,380.32846,0.0,1.25,7.907034,0,0,1
328.20657,54.0,54.0,174.64288,599.3962,60.0,325.0732,0.0,0.0,4712.3984,143.52444,0.0,0.8,2.0,0,0,1
179.0,78.0,82.97868,120.0,1271.0,63.0,216.0,0.0,0.0,1594.8134,224.07231,0.0,0.5,3.0,0,0,1
146.0,79.65176,68.0,222.0,89.0,121.0,107.39143,0.0,0.0,98202.83,76.0,0.0,0.5,2.0,0,0,1
331.86746,54.0,54.0,2413.6216,78.0,60.0,151.64462,0.0,0.0,59295.87,64.0,11.0,1.2,2.0,3,2,1
496.01538,54.0,54.0,5231.442,1292.0,60.0,479.41824,516.1962,595.1597,2508.5632,546.6631,10.0,1.1270862,5.0,3,0,1
362.5,54.0,54.0,8927.609,75.0,66.0,178.88489,0.0,0.0,165752.14,64.0,0.0,1.25,2.0,0,0,1
121.0,55.0,54.0,110.0,64.0,66.0,92.333336,0.0,0.0,45820.38,55.0,0.0,0.5,2.0,0,0,1
320.28485,54.0,54.0,285.56183,288.0,60.0,246.40186,0.0,0.0,14918.718,142.18471,0.0,0.6666667,3.0,0,0,1
272.56296,54.0,55.0,6437.3564,81.0,65.0,134.33333,2.5681293,0.0,107516.375,79.0,0.0,0.75,3.0,0,0,1
123.0,54.0,54.0,90.0,68.0,64.0,94.333336,0.0,0.0,26067.861,55.0,0.0,0.5,2.0,0,0,1
687.856,54.0,54.0,11497.563,1514.0,60.0,649.72845,802.89996,648.81226,5322.2886,698.8064,80.614494,1.2941177,8.0,3,0,1
575.58215,54.0,54.0,9126.648,1292.0,60.0,532.372,594.9492,613.7521,5813.919,626.2767,4.0,1.2,8.0,0,0,1
102.374535,97.0,97.0,60.0,106.51657,65.0,97.3044,0.0,0.0,4685.6987,102.0,0.0,0.09409349,2.0,0,0,1
89.0,94.81765,79.0,0.0,95.0,66.0,96.73579,0.0,0.0,2640.6675,92.0,0.0,0.09175014,2.0,0,0,1
190.5048,65.0,74.0,777.4913,84.0,66.0,120.92753,0.0,0.0,60802.59,81.0,0.0,0.5,3.0,0,0,1
138.90456,84.0,78.0,121.0,91.0,89.0,114.6521,0.0,0.0,20575.4,86.0,0.0,0.5,2.0,0,0,1
637.9167,54.0,54.0,38360.69,140.35063,65.0,459.47928,536.8357,536.8858,157737.14,97.0,0.0,1.5,5.0,0,0,1
178.53172,72.884895,79.0,222.0,96.0,66.0,131.33333,0.0,0.0,25877.078,94.7693,0.0,0.5,3.0,0,0,1
551.4179,54.0,54.0,11169.206,339.0,64.0,449.38568,112.43178,504.8456,43293.316,98.27954,4.0,1.3333334,3.0,0,0,1
155.0,75.0,75.88718,120.0,406.29962,60.0,138.0,0.0,0.0,4149.3696,157.40807,0.0,0.5,3.0,0,0,1
89.0,95.96931,85.0,0.0,96.0,65.97615,97.0,0.0,0.0,1135.543,95.0,0.0,0.0,2.0,0,0,1
764.83734,54.0,54.0,67365.984,525.76746,60.0,641.5442,595.5993,642.9562,61989.363,147.90672,376.86368,4.428367,4.0,3,3,1
755.79675,54.0,54.0,12651.537,1659.5541,60.0,722.91595,1295.0024,666.4573,3706.8298,755.7259,386.1822,1.5,8.0,3,2,1
148.0,81.0,81.0,91.26895,578.8785,63.0,138.0,0.0,0.0,1278.9678,146.7,0.0,0.5,2.0,0,0,1
155.9166,65.0,60.0,97.0,535.36975,60.0,154.4423,0.0,0.0,1133.7935,119.89788,0.0,0.5,2.0,0,0,1
97.0,94.0,71.28451,0.0,97.0,77.333336,99.0,0.0,0.0,6006.181,84.0,0.0,0.09645589,2.0,0,0,1
192.09547,54.0,54.0,278.87573,75.0,67.0,115.0,0.0,0.0,96313.68,62.27259,0.0,0.75,2.0,0,0,1
110.0,89.0,82.92619,0.0,95.0,65.0,100.0,0.0,0.0,3923.8333,83.0,0.0,0.5,2.0,0,0,1
502.18295,54.0,54.0,10692.204,79.0,60.0,341.90997,0.0,255.8909,136844.27,71.098724,50.32882,1.4,2.0,3,2,1
752.6804,54.0,54.0,18950.342,1514.0,60.0,722.8372,1286.3099,659.60004,14501.202,675.14404,227.11916,1.5612572,10.0,3,0,1
179.0,54.0,54.0,1384.1516,74.0,91.0,113.84505,0.0,0.0,137481.2,59.462,0.0,0.75,2.0,0,0,1
705.07117,54.0,54.0,16380.549,1292.0,60.0,644.86694,1303.221,656.9936,15350.58,626.54407,317.75876,1.4,9.0,3,0,1
460.24002,54.0,54.0,7303.234,977.05817,60.0,426.54684,434.27966,526.04767,14674.398,243.8,2.0,1.1666666,5.0,0,0,1
591.9647,54.0,54.0,5208.956,1292.0,60.0,535.06586,381.93942,613.6327,1882.2349,381.6838,281.1149,1.25,3.0,3,1,1
129.0357,90.75003,55.0,138.0,95.0,107.733505,91.0,0.0,0.0,142307.39,64.0,0.0,0.5,2.0,0,0,1
276.1317,54.0,54.0,180.0,320.68326,64.0,251.247,0.0,0.0,12865.388,98.932335,0.0,0.6666667,2.0,0,0,1
126.69728,89.0,55.0,206.63968,95.74131,121.0,91.666664,0.0,0.0,287015.12,60.0,0.0,0.5,2.0,0,0,1
759.95764,54.0,54.0,28858.234,1292.0,60.0,692.378,1764.7631,664.186,16410.336,731.94666,313.14807,1.5,14.0,3,0,1
130.92606,94.0,99.0,120.0,157.31775,60.0,102.666664,0.0,0.0,10235.3545,101.0,0.0,0.4310789,4.5064096,0,0,1
109.99675,75.0,62.016327,60.0,78.0,66.0,96.0,0.0,0.0,16425.316,71.0,0.0,0.5,2.0,0,0,1
113.99932,86.0,64.0,0.0,107.0,67.60388,107.0,0.0,0.0,14855.63,78.0,0.0,0.0,2.0,0,0,1
252.88498,54.0,54.0,222.14812,97.0,67.0,192.12589,0.0,0.0,23297.137,78.0,0.0,0.8,2.0,0,0,1
138.0,80.333336,55.0,0.0,100.62881,67.51889,102.0,0.0,0.0,28386.664,68.0,0.0,0.10858756,2.0,0,0,1
396.01056,54.0,54.0,300.45493,400.0,60.0,391.05573,0.0,263.70386,8198.6455,91.0,61.573982,1.2222222,2.0,3,2,1
222.0,54.0,54.0,153.0,142.0,66.0,162.02364,0.0,0.0,16427.729,83.47325,0.0,0.6,2.0,0,0,1
131.7637,54.0,54.0,105.0,66.0,66.0,95.86487,0.0,0.0,34337.06,55.0,0.0,0.5,2.0,0,0,1
484.4736,54.0,54.0,5062.271,1514.0,60.0,499.67816,500.07004,593.9542,944.6082,609.5221,5.0,1.0769231,5.0,3,0,1
523.62305,54.0,54.0,18877.92,96.0,68.092834,414.729,348.43637,296.10486,169278.97,89.0,0.0,1.2910513,5.0,0,0,1
638.1944,54.0,54.0,15407.392,1292.0,60.0,587.4141,763.1885,622.82666,20166.342,545.3336,0.0,1.25,10.408139,0,0,1
510.50375,54.0,60.0,10879.013,1292.0,64.0,478.56113,531.7433,516.4635,22249.36,321.63443,0.0,1.2,7.0,0,0,1
408.2998,54.0,54.0,7235.0,310.16605,60.0,377.491,108.97413,451.2264,22161.059,123.23916,5.0,1.2,3.0,0,0,1
493.54245,54.0,54.0,240.12628,1292.0,60.0,470.31992,110.19251,595.6545,351.87988,362.35165,328.00558,1.2,2.0,4,2,1
331.84647,54.0,54.0,152.0,409.7204,60.0,273.7681,0.0,0.0,4332.891,107.9665,11.0,1.0,2.0,3,0,1
204.0,66.0,78.33222,2291.0771,84.0,68.0,130.85504,0.0,0.0,64692.113,82.45035,0.0,0.5,3.0,0,0,1
506.34625,54.0,54.0,5951.0,1292.0,60.0,454.69278,95.10303,534.8101,7827.9966,202.30975,13.0,1.2222222,3.0,3,0,1
121.0,78.0,73.0,59.547394,97.0,65.0,107.666664,0.0,0.0,3018.1785,78.0,0.0,0.5,2.0,0,0,1
361.52,54.0,73.0,8438.53,288.0,80.0,347.72385,48.12018,0.0,51630.387,106.65146,0.0,1.0,4.0,0,0,1
121.0,64.0,54.0,60.0,81.0,60.0,97.333336,0.0,0.0,5908.487,77.0,0.0,0.5,2.0,0,0,1
144.0,66.0,55.0,60.0,414.6213,60.0,126.54136,0.0,0.0,349.00787,127.560974,0.0,0.5,2.0,0,0,1
691.0,54.0,54.0,18567.082,1292.0,60.0,629.6119,1267.3835,642.9314,20648.89,568.2652,22.565428,1.362334,11.0,3,0,1
80.64162,97.0,106.9855,0.0,581.30054,60.0,107.0,0.0,0.0,133.82397,212.34705,0.0,0.0,2.0,0,0,1
152.7395,64.0,62.0,150.0,79.0,66.0,112.333336,0.0,0.0,32729.43,74.0,0.0,0.5,2.0,0,0,1
658.9585,54.0,54.0,8542.249,1883.9387,60.0,738.33374,597.3824,643.15735,372.13928,901.7912,12.0,1.25,8.0,3,0,1
97.0,96.69441,107.0,58.795204,182.29723,63.0,99.195045,0.0,0.0,2612.2283,143.68796,0.0,0.0,3.0,0,0,1
350.05884,54.0,54.0,4094.0032,400.0,60.0,287.07022,170.91391,134.57742,16416.268,188.84969,0.0,0.90733355,4.0,0,0,1
113.0,86.333336,64.0,97.0,99.83709,91.0,96.0,0.0,0.0,50039.914,74.0,0.0,0.5,2.0,0,0,1
376.94037,54.0,54.0,3896.8862,288.0,60.0,343.07565,0.0,303.38016,16233.858,107.0,11.0,1.1666666,2.0,3,0,1
109.57562,82.333336,55.0,60.0,81.0,85.150925,91.0,0.0,0.0,32168.127,64.0,0.0,0.5,2.0,0,0,1
112.88885,55.0,54.0,0.0,79.0,60.0,95.88981,0.0,0.0,3552.106,74.0,0.0,0.5,2.0,3,0,1
391.91693,54.0,55.0,8105.5586,522.0,63.0,368.00708,412.15384,311.72107,25889.54,201.67499,0.0,1.0,5.0,0,0,1
121.0,66.0,60.0,60.0,84.0,64.0,100.0,0.0,0.0,8185.7856,74.0,0.0,0.5,2.0,0,0,1
97.0,86.333336,55.0,0.0,87.506004,85.839195,94.0,0.0,0.0,19114.629,75.0,0.0,0.5,2.0,0,0,1
361.15295,54.0,55.0,5165.2944,618.0,60.0,327.00833,563.7848,483.5698,12147.797,454.71048,0.0,0.6666667,7.0,0,0,1
547.8001,54.0,54.0,10532.156,400.0,60.0,445.5136,162.0025,506.96912,31088.271,111.91959,6.0,1.2857143,3.0,0,0,1
435.76102,54.0,54.0,7235.0,142.0,60.0,350.13715,135.73647,492.13812,25080.307,105.678246,19.059116,1.2222222,2.0,3,0,1
549.69165,54.0,54.0,10684.7,210.4866,60.0,394.18182,551.9846,561.31024,34286.523,147.1,40.97298,1.25,4.856113,3,0,1
138.0,79.0,55.0,270.0,86.0,121.0,96.333336,0.0,0.0,183182.66,65.1852,0.0,0.5,2.0,0,0,1
470.7421,54.0,54.0,9731.472,268.0,63.0,400.57358,124.65689,454.516,37569.344,105.41488,0.0,1.25,3.0,0,0,1
113.644684,79.0,55.0,114.13482,75.0,97.0,94.0,0.0,0.0,55946.367,72.51113,0.0,0.5,2.0,0,0,1
546.48596,54.0,54.0,208.0,1843.5095,60.0,600.60126,171.00203,618.6439,136.71133,649.22943,285.62558,1.2,3.0,4,0,1
258.6165,54.0,60.0,5576.5796,78.0,66.0,132.73381,0.0,0.0,116175.15,78.0,0.0,0.75,3.0,0,0,1
494.74734,54.0,54.0,5068.0693,1292.0,60.0,444.05524,372.67294,575.8308,4118.57,303.3048,208.70609,1.2,3.0,3,0,1
323.51807,64.0,77.55823,5790.969,268.0,64.0,238.0459,287.828,0.0,28482.504,173.44705,0.0,0.5,6.0,0,0,1
564.17975,54.0,54.0,9731.629,274.0,60.0,430.639,220.68837,545.67914,27078.102,109.147316,119.68348,1.3333334,2.0,3,2,1
607.6596,54.0,54.0,7837.731,1292.0,60.0,498.99515,553.31793,626.2987,6660.114,348.20264,330.23663,1.2862034,4.0,3,2,1
148.0,84.0,81.0,138.0,95.0,91.0,125.598694,0.0,0.0,20634.316,89.0,0.0,0.5,2.0,0,0,1
115.54517,54.0,54.0,60.0,67.380646,66.0,92.333336,0.0,0.0,24432.18,55.0,0.0,0.5,1.0,0,0,1
204.0,66.0,75.0,5672.339,81.0,90.0,115.43415,0.0,0.0,157763.62,75.223,0.0,0.5,3.0,0,0,1
150.0,54.0,54.0,97.0,81.0,64.0,112.6581,0.0,0.0,14895.204,64.0,0.0,0.5,2.0,0,0,1
677.3104,54.0,54.0,13175.083,614.0,60.0,528.6937,598.0308,634.35315,22217.678,243.71777,356.31958,1.4292276,5.0,3,2,1
139.0228,64.0,54.0,91.0,91.0,60.0,110.0,0.0,0.0,6547.6914,81.0,0.0,0.5,2.0,0,0,1
592.2951,54.0,54.0,9718.923,296.1442,60.0,445.7967,102.249916,537.0759,26296.496,98.96172,118.209785,1.37284,2.0,3,2,1
238.0,54.0,54.0,110.719246,697.8515,60.0,246.83311,0.0,0.0,426.3463,179.0,0.0,0.5,2.0,3,0,1
257.1257,54.0,54.0,135.14133,268.0,60.0,189.76813,0.0,0.0,5629.333,95.0,0.0,0.6666667,2.0,3,0,1
622.50464,54.0,54.0,8275.118,1514.0,60.0,590.5605,587.98895,631.95703,3418.8926,610.04517,50.461727,1.2417103,6.0,3,0,1
135.0,81.0,79.0,95.85381,102.0,63.0,110.0,0.0,0.0,5885.8135,98.9518,0.0,0.5,2.0,0,0,1
508.49225,54.0,54.0,5171.0,1292.0,60.0,462.7104,357.81906,575.7435,3706.1433,342.01465,32.57608,1.2,3.0,3,0,1
377.38065,54.0,54.0,5581.896,95.0,60.0,290.9275,0.0,22.78557,29611.121,85.0,10.0,1.2,2.0,3,0,1
689.65674,54.0,54.0,13797.928,581.38983,60.0,566.1891,553.7675,631.9833,24521.113,178.32825,370.20987,1.8461539,3.0,3,3,1
574.1626,54.0,54.0,5171.0,1292.0,60.0,510.7749,91.18061,595.6545,3513.4885,216.2905,322.0,1.2857143,2.0,3,2,1
135.0,74.0,70.031746,60.0,267.56662,60.0,116.0,0.0,0.0,1170.1394,96.0,0.0,0.5,2.0,0,0,1
157.5758,84.0,95.0,287.0036,143.63954,64.0,120.333336,117.99758,0.0,29034.754,96.0,0.0,0.5,6.0,0,0,1
636.7253,54.0,54.0,11726.976,1292.0,60.0,537.66144,821.2438,631.9635,15046.2295,607.0707,12.0,1.2417961,10.0,0,0,1
546.54004,54.0,55.0,9163.836,1514.0,60.0,524.22107,717.51483,604.5898,5370.369,732.8098,0.0,1.0669934,13.0,0,0,1
391.91196,54.0,54.0,7380.2837,95.0,60.0,299.0868,0.0,36.67379,41325.926,88.0,4.0,1.2,2.0,0,0,1
602.9167,54.0,54.0,16301.862,1263.054,60.0,496.30038,597.5667,570.5868,35960.926,330.80853,0.0,1.2390668,8.0,0,0,1
250.59142,54.0,54.0,105.0,513.16,60.0,206.7082,0.0,0.0,483.1386,108.71268,12.0,0.6037232,2.0,3,0,1
271.77448,54.0,60.0,5174.7207,84.0,91.0,159.01257,0.0,0.0,82939.41,75.0,0.0,0.97460836,2.0,0,0,1
691.0472,54.0,54.0,106060.46,85.0,60.0,467.4907,465.1726,595.1597,293202.62,78.0,320.79608,4.599009,2.0,3,3,1
364.90396,54.0,73.0,9952.979,198.0,66.0,328.72134,307.1446,0.0,73212.66,120.80838,0.0,1.0,5.0,0,0,1
732.0678,54.0,54.0,18873.86,1514.0,60.0,704.2664,1306.4305,656.9425,15131.104,693.78467,61.6938,1.4,12.0,3,0,1
105.0,92.333336,69.033554,119.0,96.0,95.0,95.0,0.0,0.0,43358.168,75.0,0.0,0.5,2.0,0,0,1
171.96349,85.0,95.0,134.09329,1267.0,60.0,159.69412,105.162964,0.0,2541.151,459.82834,0.0,0.5,6.0,0,0,1
172.0,78.0,87.11859,1309.7262,92.98208,66.0,123.324554,0.0,0.0,56815.426,91.0,0.0,0.5,4.0,0,0,1
632.79913,54.0,54.0,7166.5415,1292.0,60.0,589.63983,491.6011,630.40607,1994.8645,470.95422,329.40167,1.2875912,3.0,3,2,1
341.29718,54.0,54.0,286.0,268.0,65.0,319.48032,0.0,0.0,16891.77,84.0,0.0,1.089484,2.0,0,0,1
129.0,91.19673,55.0,0.0,96.0,78.28013,97.0,0.0,0.0,19785.582,75.0,0.0,0.3468393,2.0,0,0,1
362.5,54.0,54.0,6437.2583,81.0,63.0,245.99884,0.0,0.0,70160.125,74.0,8.0,1.2222222,2.0,0,0,1
690.80994,54.0,54.0,18778.137,704.86475,60.0,605.8616,570.5465,625.3351,33252.406,211.40253,39.444565,1.687931,5.0,3,0,1
105.75787,66.0,54.0,0.0,77.508156,64.0,94.44044,0.0,0.0,8169.283,64.0,0.0,0.5,2.0,0,0,1
748.45386,54.0,54.0,16522.746,1784.0046,60.0,745.4372,1307.7092,660.86127,6068.4697,833.6941,184.35895,1.3846154,12.0,3,0,1
478.37842,54.0,54.0,180.0,1815.2963,60.0,549.49335,161.732,596.07196,164.47607,621.85565,100.223564,1.0909091,3.0,3,0,1
121.0,85.0,64.0,137.89696,89.0,99.0,95.0,0.0,0.0,89283.1,74.0,0.0,0.5,2.0,0,0,1
198.51778,54.0,54.0,99.390175,92.418884,60.0,134.66667,0.0,0.0,5222.9126,75.0,11.0,0.6666667,2.0,3,2,1
153.0,81.0,91.0,148.91402,138.35721,64.0,126.333336,0.0,0.0,16753.812,127.52651,0.0,0.5,3.0,0,0,1
119.0,55.0,54.0,60.0,67.898,66.0,92.333336,0.0,0.0,26232.15,55.0,0.0,0.5,2.0,0,0,1
435.23367,54.0,54.0,9661.234,92.0,60.0,341.15005,91.35776,270.4471,71355.6,87.5818,5.0,1.25,2.0,0,0,1
602.7009,54.0,54.0,9218.0,1488.5243,60.0,572.82904,577.4086,615.9783,5360.6904,568.05566,8.0,1.2142857,6.0,3,0,1
121.0,91.0,89.0,0.0,624.0,60.0,115.52315,0.0,0.0,217.75789,216.01997,0.0,0.11522535,2.0,0,0,1
144.6771,94.0,99.0,112.66334,614.0,60.0,127.4909,0.0,0.0,2179.1394,352.50735,0.0,0.5,5.0,0,0,1
213.41049,78.0,85.0,155.28041,580.7685,67.0,245.65009,0.0,0.0,9439.144,124.9172,0.0,0.5,3.0,0,0,1
138.0,80.0,65.446335,204.0,88.0,110.0,99.71183,0.0,0.0,117235.29,74.0,0.0,0.5,2.0,0,0,1
375.8585,54.0,54.0,341.0,404.45346,60.0,387.82062,0.0,16.579044,10189.418,89.0,11.0,1.2,2.0,3,2,1
111.0,80.4027,66.0,91.0,75.0,66.0,95.0,0.0,0.0,23980.0,75.0,0.0,0.5,2.0,0,0,1
593.1965,54.0,54.0,17524.691,400.0,65.0,452.2228,540.60046,517.5762,89872.516,146.61386,0.0,1.2666667,6.0,0,0,1
346.87158,54.0,54.0,134.97945,1472.9103,60.0,404.9324,50.78918,494.91943,209.6691,509.39404,9.0,0.6666667,3.0,3,0,1
221.0797,78.0,79.0,99.0,1514.0,60.0,337.4522,0.0,0.0,159.56201,540.69165,0.0,0.5,3.0,0,0,1
691.0739,54.0,54.0,14031.349,847.4632,60.0,607.59973,536.94745,632.0967,22191.688,194.52939,333.69846,1.883143,3.0,3,2,1
100.80889,64.0,54.0,60.0,66.0,66.0,88.56166,0.0,0.0,23662.008,55.0,0.0,0.5,1.0,0,0,1
328.4332,54.0,54.0,984.3941,78.0,60.0,151.12651,0.0,0.0,43113.74,69.750755,11.0,1.1818181,2.0,3,2,1
344.0,54.0,54.0,5113.6064,95.0,60.0,216.0,0.0,0.0,29796.229,94.0,0.0,1.0,2.0,0,0,1
639.20905,54.0,54.0,7698.4414,1292.0,60.0,580.10693,83.33488,612.33875,8120.697,146.11797,370.45502,1.6075475,2.0,4,3,1
148.0,79.0,78.0,204.1439,89.0,66.0,100.0,0.0,0.0,56837.773,88.0,0.0,0.5,3.0,0,0,1
135.0,79.0,59.503082,223.05089,85.0,118.75174,96.0,0.0,0.0,163428.64,65.3231,0.0,0.5,2.0,0,0,1
281.9784,54.0,54.0,109.20599,1292.0,60.0,365.39856,0.0,0.0,191.94736,243.60449,0.0,0.5,2.0,3,0,1
191.60529,54.0,54.0,151.09312,85.0,60.0,121.83323,0.0,0.0,20649.037,84.71884,0.0,0.5,2.0,0,0,1
602.9167,54.0,54.0,12409.539,400.0,60.0,447.75717,569.1273,595.3283,32776.375,195.85909,17.705523,1.3110604,5.0,3,0,1
422.0949,54.0,68.0,12079.404,288.0,66.0,385.5238,491.06717,264.81464,74463.664,147.0,0.0,1.1527703,6.0,0,0,1
691.0,54.0,54.0,36740.42,1292.0,60.0,649.2834,681.2452,626.00824,33470.543,364.36813,0.0,1.4,8.0,0,0,1
152.0,74.0,74.0,127.10671,95.0,89.0,131.0531,0.0,0.0,19100.207,76.0,0.0,0.5,2.0,0,0,1
228.36046,75.0,91.0,232.0,538.78894,60.0,156.37599,526.5472,0.0,9347.426,476.17276,0.0,0.5,8.0,0,0,1
637.9167,54.0,71.0,15555.861,1780.1813,60.0,642.51013,1307.3153,631.0244,13503.698,898.7784,0.0,1.2,22.0,0,0,1
146.0,65.0,55.0,221.0,73.0,111.0,100.0,0.0,0.0,142445.77,67.7712,0.0,0.5,2.0,0,0,1
649.1757,54.0,54.0,8567.923,1514.0,60.0,628.4403,580.79443,639.3491,2851.331,568.6791,312.29422,1.2941177,5.0,3,0,1
608.59717,54.0,54.0,21470.104,96.0,64.21252,445.70715,362.77814,515.7393,146030.66,87.0,7.0,1.5903264,3.0,0,0,1
512.6027,54.0,54.0,7047.95,268.70667,62.28278,445.808,0.0,423.72025,21700.03,76.0,125.48424,1.4285715,2.0,3,3,1
172.0,66.0,73.0,153.0,96.0,67.0,138.39055,0.0,0.0,20576.451,84.0,0.0,0.5,2.0,0,0,1
221.0,54.0,54.0,117.53294,142.0,60.0,147.7078,0.0,0.0,3931.0134,89.0,9.0,0.6,2.0,3,0,1
129.0,88.0,75.0,120.0,89.0,91.0,103.666664,0.0,0.0,21629.734,84.001045,0.0,0.5,2.0,0,0,1
650.50696,54.0,54.0,10542.816,1676.5013,60.0,642.8639,814.64886,642.84064,3942.622,751.70215,21.4969,1.25,10.0,3,0,1
344.73334,54.0,54.0,1092.9398,96.89634,60.0,215.88705,0.0,16.019306,20516.1,95.77651,11.0,1.0,2.0,3,0,1
222.0,79.0,95.0,1365.7131,268.26355,60.0,142.0,465.94342,0.0,21125.977,257.60056,0.0,0.5,8.0,0,0,1
578.94604,54.0,54.0,7235.0,1779.0,60.0,600.73566,546.4448,613.4067,1726.4746,656.22534,5.0,1.2,6.0,3,0,1
269.2247,54.0,54.0,5186.936,79.0,74.0,142.0,0.0,0.0,106122.85,74.0,0.0,0.9778885,2.0,0,0,1
92.80671,84.0,55.0,0.0,74.0,91.0,91.666664,0.0,0.0,19755.027,74.0,0.0,0.5,2.0,0,0,1
138.0,79.61219,75.0,171.0,88.30602,68.0,99.39523,0.0,0.0,72905.49,75.0,0.0,0.5,2.0,0,0,1
154.0,78.0,74.0,4357.507,89.0,111.0,106.37825,0.0,0.0,160728.1,75.0,0.0,0.5,2.0,0,0,1
457.21536,54.0,54.0,756.74786,1292.0,60.0,430.92096,225.91046,563.85565,1644.1409,333.20367,224.54659,1.1666666,3.0,3,0,1
628.06665,54.0,54.0,8211.4,1292.0,60.0,506.9263,536.8357,625.3399,7837.492,277.85562,360.44202,1.3333334,3.0,3,2,1
400.83218,54.0,71.0,7441.5366,1292.0,63.0,431.10956,431.819,470.96777,14690.597,351.63617,0.0,1.0,6.0,0,0,1
365.3316,54.0,54.0,391.064,678.44507,60.0,351.639,202.345,494.2292,4697.5225,250.16272,10.0,1.0,3.0,3,0,1
152.0,68.0,64.0,204.0,75.0,111.80707,107.96363,0.0,0.0,91526.61,74.0,0.0,0.5,2.0,0,0,1
115.58267,91.666664,59.88279,60.0,95.0,89.0,96.0,0.0,0.0,20570.148,75.0,0.0,0.5,2.0,0,0,1
121.0,89.0,84.0,60.0,96.627846,66.0,107.666664,0.0,0.0,6067.7583,85.0,0.0,0.5,2.0,0,0,1
345.14392,54.0,62.0,5171.0,528.0,60.0,319.84317,209.12445,19.963524,19178.143,211.96863,0.0,0.75,5.0,0,0,1
251.3075,64.0,73.0,204.0,373.3122,62.213493,198.77048,0.0,0.0,13072.577,145.7355,0.0,0.5,3.0,0,0,1
344.73334,54.0,64.0,2175.6658,1254.9944,60.0,354.9535,91.35776,30.499363,8796.784,238.3104,0.0,0.6666667,5.0,0,0,1
350.05884,54.0,54.0,5155.4746,99.0,60.0,253.96483,49.003353,0.0,25877.078,99.0,0.0,1.024686,3.0,0,0,1
774.0214,54.0,54.0,20847.104,1292.0,60.0,694.7103,1376.7606,669.19464,15108.518,637.8638,394.71744,1.8657771,8.0,3,2,1
119.874725,75.0,59.006268,95.0,75.0,84.627655,96.333336,0.0,0.0,26126.455,73.0,0.0,0.5,2.0,0,0,1
249.74336,64.0,73.0,221.0,269.0,66.0,216.0,0.0,0.0,17868.701,94.99999,0.0,0.525316,2.0,0,0,1
630.9051,54.0,54.0,9960.054,522.0,60.0,479.4898,187.30806,595.6545,21038.918,119.81563,325.41513,1.5,2.0,3,2,1
144.0,79.0,75.0,0.0,1292.0,60.0,138.0,0.0,0.0,179.67056,243.3088,0.0,0.5,2.0,0,0,1
195.89757,54.0,54.0,286.7301,74.0,66.0,110.84548,0.0,0.0,107888.516,59.980682,0.0,0.8,2.0,0,0,1
344.73334,55.0,64.0,152.0,1751.9348,60.0,430.41266,72.746445,454.54355,235.23312,595.30096,0.0,0.5,5.0,0,0,1
331.95966,54.0,54.0,4142.0596,85.0,66.0,228.29457,0.0,0.0,51642.625,69.59981,0.0,1.2,2.0,0,0,1
691.1446,54.0,54.0,16469.521,626.6169,60.0,566.27936,765.97986,642.7829,24868.363,321.6031,362.5109,1.6083058,6.0,3,2,1
238.0,66.0,73.34992,169.17027,522.0,63.0,216.0,0.0,0.0,8794.189,154.28671,0.0,0.5,3.0,0,0,1
211.47357,64.0,65.42152,108.13176,1292.0,60.0,251.02365,0.0,0.0,274.18195,330.73996,0.0,0.5,3.0,0,0,1
362.5,54.0,54.0,5506.975,81.0,64.0,250.4279,0.0,0.0,64517.656,70.7506,10.0,1.2307693,2.0,3,2,1
121.0,79.0,68.0,121.0,79.75071,68.0,95.666664,0.0,0.0,49153.344,74.0,0.0,0.5,2.0,0,0,1
597.2947,54.0,54.0,7705.836,1514.0,60.0,580.2625,580.7016,617.44165,3267.7798,658.37775,6.6284013,1.2,7.0,3,0,1
671.65967,54.0,54.0,10646.67,1292.0,60.0,592.8498,764.1523,643.1364,6400.784,598.5493,322.0,1.3125,6.0,3,0,1
156.59999,54.0,54.0,138.0,84.0,64.0,116.58484,0.0,0.0,21535.06,78.0,0.0,0.5,2.0,0,0,1
121.0,92.0,84.0,120.0,96.0,67.0,100.0,0.0,0.0,23018.53,84.0,0.0,0.5,2.0,0,0,1
123.0,89.0,85.0,105.0,89.93148,66.0,100.0,0.0,0.0,15655.125,89.0,0.0,0.5,2.0,0,0,1
269.26144,54.0,54.0,123.0,266.0,60.0,199.8244,0.0,0.0,4341.8037,91.0,10.0,0.8,2.0,3,0,1
221.00928,54.0,54.0,341.0,78.0,66.0,130.66667,0.0,0.0,65788.7,70.86065,0.0,0.75,2.0,0,0,1
644.88086,54.0,54.0,10579.382,1292.0,60.0,643.3251,536.6204,625.3167,8088.328,408.7046,14.0,1.3333334,5.0,3,0,1
637.9167,54.0,54.0,12115.324,296.95853,60.0,472.45996,412.49603,595.6545,32157.035,110.96118,302.51706,1.6003841,3.0,3,2,1
190.63324,72.44262,75.0,151.55624,273.0,89.0,177.37614,0.0,0.0,15394.435,86.0,0.0,0.5,2.0,0,0,1
652.76215,54.0,54.0,12461.596,627.5716,60.0,524.4236,597.87537,632.09924,21025.875,271.3345,321.77185,1.3793492,5.0,3,2,1
293.69473,66.0,84.0,1307.935,628.8557,60.0,255.38966,435.68542,0.0,10202.664,377.15408,0.0,0.5,7.0,0,0,1
602.9167,54.0,54.0,14437.533,541.0121,63.0,490.3808,474.40024,546.0363,45258.066,147.0,0.0,1.3333334,5.0,0,0,1
751.2165,54.0,54.0,27094.744,618.0,60.0,611.92596,768.6416,652.7329,29144.54,243.65762,383.83347,2.2352557,5.0,3,2,1
323.55188,54.0,54.0,132.0,529.8947,60.0,284.15137,0.0,0.0,2369.5818,107.0,11.0,0.9405214,2.0,3,0,1
362.84103,54.0,54.0,7141.1147,95.311,66.0,316.85287,0.0,0.0,47542.035,79.47879,0.0,1.2,2.0,0,0,1
284.27277,62.0,60.0,120.0,1292.0,60.0,367.3951,0.0,0.0,258.28247,357.89468,0.0,0.5,3.0,0,0,1
549.52875,54.0,60.0,15100.907,739.7821,64.0,452.69662,592.9853,537.18066,40471.848,328.57077,0.0,1.2,10.0,0,0,1
152.0,75.85786,70.674225,2990.1404,88.0,97.0,100.0,0.0,0.0,165739.92,74.0,0.0,0.5,2.0,0,0,1
331.8469,54.0,54.0,177.0,1292.0,60.0,344.03442,0.0,30.26214,2734.19,233.6016,0.0,0.6666667,3.0,0,0,1
76.47812,89.87834,75.0,0.0,107.0,74.0,107.0,0.0,0.0,9784.364,81.0,0.0,0.0,2.0,0,0,1
211.26747,66.0,73.0,117.63511,1292.0,60.0,256.0873,0.0,0.0,322.34753,321.29565,0.0,0.5,3.0,0,0,1
195.47581,70.0,81.0,2823.84,84.931175,67.162384,126.333336,0.0,0.0,72132.91,84.0,0.0,0.5,3.0,0,0,1
362.5,54.0,54.0,144.73174,1292.0,60.0,408.90454,72.44376,513.91003,251.7732,471.4543,14.343734,0.8,3.0,3,0,1
129.0,66.0,55.0,113.10279,75.0,91.0,99.266624,0.0,0.0,31077.639,60.0,0.0,0.5,2.0,0,0,1
165.0,75.0,84.1356,284.50668,86.11064,68.0,125.24434,0.0,0.0,44686.28,85.0,0.0,0.5,3.0,0,0,1
361.57144,54.0,73.0,7685.0034,339.34995,64.0,329.34106,396.23373,18.520737,31523.834,179.54393,0.0,0.9272161,6.0,0,0,1
760.6465,54.0,54.0,31667.168,1292.0,60.0,653.17114,1293.4066,659.78516,23074.482,483.85205,366.75604,1.8847243,7.0,3,2,1
367.1133,54.0,54.0,5076.134,607.9151,60.0,334.43823,547.4417,506.70483,10150.418,371.00473,0.0,0.8,6.0,0,0,1
328.87677,65.0,78.0,1203.1367,1292.0,60.0,331.43942,443.56778,134.83264,5897.4683,479.08997,0.0,0.5,7.0,0,0,1
86.86972,96.0,95.0,0.0,142.0,66.0,107.0,0.0,0.0,706.8042,106.0,0.0,0.0,2.0,0,0,1
602.9167,54.0,54.0,10322.894,288.0,60.0,456.61444,95.26739,561.14935,26512.854,96.0,300.3411,1.5211766,2.0,3,3,1
549.5554,54.0,54.0,10160.889,91.0,60.0,392.6992,0.42628324,494.94803,65024.305,79.0,267.23364,1.4,2.0,3,3,1
132.0,95.0,96.0,60.0,617.0,64.0,127.48578,0.0,0.0,528.97406,188.8939,0.0,0.5,2.0,0,0,1
186.80696,66.0,68.0,7391.865,81.0,111.0,107.666664,0.0,0.0,455779.34,71.03895,0.0,0.5,3.0,0,0,1
768.1667,54.0,54.0,27513.762,1779.5996,60.0,757.13617,1769.2986,671.1782,9386.235,901.2169,291.55768,1.5006739,15.0,3,0,1
640.215,54.0,54.0,11516.139,601.85675,60.0,497.9877,569.3352,623.32874,21484.328,220.21477,309.97836,1.3839589,4.0,3,2,1
144.53984,86.0,91.0,121.0,107.0,66.0,120.333336,0.0,0.0,14447.492,96.83871,0.0,0.5,2.0,0,0,1
365.5925,54.0,71.0,7713.9463,506.0775,66.0,359.35645,177.75974,16.499159,28519.236,154.52966,0.0,1.0,5.0,0,0,1
700.5894,54.0,54.0,14248.867,1796.6775,60.0,732.2534,939.8376,654.3524,5674.7817,738.6041,17.0,1.3333334,11.0,3,0,1
462.4408,54.0,72.47013,7601.0,1514.0,60.0,494.1416,554.1605,541.6439,5548.888,609.56,0.0,1.0,8.0,0,0,1
129.0,95.0,95.0,60.0,1179.3147,65.0,134.33333,0.0,0.0,298.6926,149.03314,0.0,0.5,2.0,0,0,1
146.0,78.0,74.0,30.68851,1292.0,60.0,151.59198,0.0,0.0,171.04904,225.60387,0.0,0.5,2.0,0,0,1
330.781,54.0,54.0,7655.0,81.0,74.0,177.0,0.0,0.0,127974.055,75.0,0.0,1.0769231,2.0,0,0,1
119.0,66.0,55.0,91.0,74.0,66.0,94.0,0.0,0.0,26249.617,55.0,0.0,0.5,2.0,0,0,1
94.524185,85.96764,74.0,0.0,87.0,65.0,96.0,0.0,0.0,3192.3992,74.0,0.0,0.5,2.0,0,0,1
90.93527,96.0,84.0,0.0,96.0,66.0,96.333336,0.0,0.0,1274.793,92.0,0.0,0.09445584,2.0,0,0,1
602.04865,54.0,54.0,2503.241,1843.0,60.0,618.9525,533.98145,634.37427,196.64728,732.43115,294.63226,1.2,5.0,3,0,1
461.9505,54.0,54.0,9393.03,504.99265,63.0,416.05002,170.5638,460.06552,27832.842,132.77385,0.0,1.2142857,3.0,0,0,1
240.96382,54.0,54.0,238.0,95.0,92.77854,191.503,0.0,0.0,27481.04,74.0,0.0,0.90033776,2.0,0,0,1
399.27917,54.0,54.0,7507.1177,94.0,68.0,365.57382,0.0,0.0,61673.81,71.08712,0.0,1.2830956,2.0,0,0,1
97.22173,69.19945,55.0,60.0,64.0,68.01685,86.333336,0.0,0.0,35831.04,60.0,0.0,0.5,2.0,0,0,1
138.55966,91.0,95.0,120.0,256.51025,64.0,117.71198,0.0,0.0,7763.9946,131.18814,0.0,0.5,3.0,0,0,1
110.921906,74.0,64.0,60.0,77.0,66.0,96.0,0.0,0.0,16627.531,66.0,0.0,0.5,2.0,0,0,1
144.0,91.0,96.0,120.0,314.59848,64.0,125.152664,0.0,0.0,6345.272,167.31467,0.0,0.5,3.0,0,0,1
672.176,54.0,54.0,9697.474,1292.0,60.0,603.5967,546.3812,635.0218,6314.083,348.31143,368.80212,1.4,3.0,3,2,1
270.0,64.0,68.0,120.0,1514.0,60.0,365.93814,0.0,15.142994,178.95686,488.50815,0.0,0.5,3.0,0,0,1
344.73334,54.0,54.0,179.0,1292.0,60.0,369.7056,0.0,113.47895,2233.664,239.42387,0.0,0.6857048,3.0,0,0,1
602.9167,54.0,54.0,10667.335,97.0,60.0,427.4343,91.35776,538.65,50193.812,85.0,322.0,1.6040963,2.0,3,3,1
435.2276,54.0,54.0,4400.9175,398.2855,60.0,394.13635,0.0,493.6663,13453.239,106.87163,107.218796,1.2222222,2.0,3,2,1
359.88257,54.0,70.0,11254.897,82.97633,97.0,248.06546,56.044964,0.0,216276.75,78.0,0.0,1.1428572,3.0,0,0,1
552.00323,54.0,54.0,10044.285,102.0,60.0,430.85904,0.0,489.12,50237.36,79.0,53.34255,1.5,2.0,3,2,1
350.05884,54.0,54.0,206.32939,701.1172,60.0,341.878,83.10559,426.48898,3397.4026,236.95445,8.0,0.8,3.0,3,0,1
155.39966,66.0,66.91552,108.0,513.5172,60.0,142.0,0.0,0.0,1951.9208,148.6622,0.0,0.5,2.0,0,0,1
132.0,76.45327,78.0,121.0,78.0,65.0,97.333336,0.0,0.0,26791.592,78.0,0.0,0.5,2.0,0,0,1
97.0,96.0,91.0,0.0,196.52017,66.0,100.0,0.0,0.0,1029.5442,95.0,0.0,0.10156022,2.0,0,0,1
226.1033,54.0,54.0,155.0,85.83762,62.0,134.66667,0.0,0.0,22182.451,77.09091,0.0,0.6666667,2.0,0,0,1
467.90756,54.0,54.0,5250.807,617.5672,60.0,428.55542,81.472046,516.0465,10171.305,153.54176,17.0,1.2222222,2.0,3,0,1
129.33545,55.0,54.0,60.0,86.0,60.0,100.2265,0.0,0.0,4149.675,75.0,0.0,0.5,2.0,0,0,1
227.00146,77.0,92.0,5084.8716,150.45183,65.0,137.7874,311.298,0.0,41679.855,96.0,0.0,0.5,6.0,0,0,1
732.8209,54.0,54.0,15106.922,1292.0,60.0,647.56537,600.2803,652.6966,16612.52,348.64352,381.82452,1.8665471,5.0,3,2,1
172.0,54.0,54.0,148.0,107.0,60.0,114.0,0.0,0.0,18438.168,88.345406,0.0,0.5,3.0,0,0,1
361.1444,54.0,54.0,7235.0,101.0,66.0,286.99588,0.0,0.0,43239.688,91.0,0.0,1.0927997,3.0,0,0,1
148.0,62.0,54.0,98.56993,91.0,66.0,120.333336,0.0,0.0,10222.232,74.0,0.0,0.5,2.0,0,0,1
508.953,54.0,54.0,7655.0,274.0,60.0,415.3309,74.9136,507.67072,23236.303,99.0,53.83829,1.2857143,2.0,3,2,1
361.16202,54.0,54.0,12138.626,75.0,91.0,162.0413,0.0,0.0,585472.06,68.58098,0.0,1.2,2.0,0,0,1
329.76938,54.0,54.0,152.0,1292.0,60.0,384.2183,0.0,90.709854,452.6516,361.79306,0.0,0.5,3.0,0,0,1
159.08995,89.0,97.0,144.0,618.0,60.0,138.34026,348.1875,0.0,4298.6006,486.91742,0.0,0.5,7.0,0,0,1
376.15533,54.0,54.63698,10689.587,100.69757,66.0,269.6812,395.11496,0.0,113123.39,94.0,0.0,1.1,5.0,0,0,1
195.50648,54.0,54.0,138.0,84.0,60.0,126.333336,0.0,0.0,19806.79,77.64981,0.0,0.59351164,2.0,0,0,1
399.02795,54.0,54.0,10356.061,97.0,66.0,342.24774,118.60871,11.915932,82755.266,94.881256,0.0,1.2,3.0,0,0,1
603.9433,54.0,54.0,11009.31,617.92816,60.0,506.73657,408.7403,575.5548,24133.908,157.34068,13.473186,1.3571428,3.0,3,0,1
638.9282,54.0,54.0,9336.635,1555.4233,60.0,618.9654,716.90216,641.8178,2775.419,707.6454,60.0,1.2480774,8.0,3,0,1
602.9167,54.0,54.0,11739.616,1292.0,60.0,524.6746,764.1126,616.8763,16450.76,571.30615,0.0,1.2,11.0,0,0,1
406.8659,54.0,71.0,11608.897,286.72482,66.0,374.26187,491.76443,231.93755,74881.33,147.1,0.0,1.1,6.0,0,0,1
493.9649,54.0,64.0,13154.515,591.3949,65.0,433.04062,568.1793,501.7432,49547.79,237.07257,0.0,1.1818181,8.0,0,0,1
257.0,54.0,54.0,145.33119,529.0,60.0,218.70691,0.0,0.0,4301.0527,165.98586,0.0,0.5,2.0,0,0,1
344.73334,54.0,54.0,4367.637,206.0,66.0,291.3501,0.0,0.0,25028.586,89.0,0.0,1.0762434,2.0,0,0,1
240.89276,54.0,54.0,178.0,89.10313,64.0,149.20589,0.0,0.0,22927.473,76.0,0.0,0.8,2.0,0,0,1
344.73334,54.0,54.0,252.19518,266.0,60.0,265.06674,0.0,0.0,13411.762,96.0,9.0,1.0714285,2.0,3,0,1
91.0,95.0,78.0,0.0,91.0,66.0,95.666664,0.0,0.0,4332.157,89.0,0.0,0.123502545,2.0,0,0,1
361.57144,54.0,60.0,8230.717,142.0,64.0,283.9019,245.41267,0.0,52049.086,122.8,0.0,1.0,5.0,0,0,1
278.27957,54.0,54.0,2315.2463,84.0,68.0,160.125,0.0,0.0,54497.59,74.0,0.0,1.0,2.0,0,0,1
637.9167,54.0,54.0,10326.367,1292.0,60.0,539.0348,689.0277,634.20917,8220.716,545.55835,227.47559,1.25,6.0,3,0,1
121.0,92.0,59.033577,91.0,91.0,97.12342,94.0,0.0,0.0,29795.96,75.0,0.0,0.5,2.0,0,0,1
91.17834,66.0,54.0,30.977957,64.0,68.0,86.333336,0.0,0.0,25881.125,54.335583,0.0,0.5,1.0,0,0,1
128.69928,75.0,55.0,144.0,75.0,113.26343,96.333336,0.0,0.0,100960.21,68.0,0.0,0.5,2.0,0,0,1
754.2224,54.0,54.0,110550.195,536.0,60.0,637.0254,602.5754,636.85284,75127.375,176.56125,267.8764,2.851161,5.0,3,2,1
190.89839,64.0,60.0,121.0,340.70618,66.0,195.29803,0.0,0.0,6045.6484,85.0,0.0,0.5,2.0,0,0,1
276.34464,62.0,73.0,6368.2495,89.0,97.0,162.04724,0.0,0.0,96283.086,78.0,0.0,0.8333333,2.0,0,0,1
119.0,86.333336,55.11511,0.0,95.0,71.5,97.0,0.0,0.0,16849.871,75.0,0.0,0.18038042,2.0,0,0,1
345.33334,54.0,73.0,6917.8755,448.238,63.0,300.50333,369.18286,16.499159,23974.873,215.29576,0.0,0.6666667,6.0,0,0,1
757.13947,54.0,54.0,17699.602,1292.0,60.0,658.4796,1360.4275,663.60474,14713.087,660.10077,377.03076,1.6075034,10.0,3,2,1
203.59506,66.0,79.0,4962.7104,81.0,67.0,120.333336,0.0,0.0,101345.97,79.0,0.0,0.5,3.0,0,0,1
152.76122,74.0,76.94626,154.71368,84.0,74.0,116.0,0.0,0.0,30528.314,77.0,0.0,0.5,2.0,0,0,1
88.441185,100.0,107.0,0.0,618.0,60.0,107.0,0.0,0.0,135.06126,198.36008,0.0,0.0,2.0,0,0,1
698.26605,54.0,54.0,39317.457,102.0,60.0,551.06494,367.50662,596.2142,136831.98,84.0,291.7982,4.3822985,2.0,3,3,1
121.0,92.0,75.0,144.43462,97.0,89.0,96.0,0.0,0.0,65628.336,75.0,0.0,0.5,2.0,0,0,1
111.0,92.0,66.0,91.0,99.0,94.09124,96.0,0.0,0.0,29705.277,75.0,0.0,0.5,2.0,0,0,1
119.0,91.0,62.56009,60.0,97.0,88.8709,97.0,0.0,0.0,21114.045,75.0,0.0,0.24035266,2.0,0,0,1
121.0,95.0,94.0,60.0,532.5171,66.0,126.333336,0.0,0.0,646.4719,97.0,0.0,0.5,2.0,0,0,1
238.0,55.0,55.0,230.5339,96.0,95.0,195.36589,0.0,0.0,25889.264,75.0,0.0,0.8,2.0,0,0,1
811.4718,54.0,54.0,52038.637,1292.0,60.0,688.648,1319.4199,665.2463,24451.521,504.895,388.44516,2.753416,8.0,3,2,1
344.0402,54.0,54.0,6040.467,75.0,63.0,142.0,0.0,0.0,117335.01,66.0,5.0,1.2,2.0,0,0,1
550.7984,54.0,54.0,16564.504,301.75494,66.0,446.70547,465.3401,494.8423,99106.25,120.61204,0.0,1.2666667,5.0,0,0,1
105.960846,96.0,87.04191,60.0,96.0,66.0,100.0,0.0,0.0,5090.243,96.0,0.0,0.271828,2.0,0,0,1
78.94265,94.0,100.08532,0.0,107.0,64.0,107.0,0.0,0.0,850.07825,107.0,0.0,0.0,2.0,0,0,1
483.19684,54.0,54.0,2514.348,1288.7793,60.0,445.73993,5.4861603,542.6728,3728.4958,193.64154,267.29068,1.2222222,2.0,3,2,1
110.0,96.0,91.67861,68.0,99.0,66.0,98.99058,0.0,0.0,9584.989,94.0,0.0,0.22481118,2.0,0,0,1
690.5008,54.0,54.0,33028.504,1292.0,60.0,629.3186,711.9118,626.70685,36797.96,334.57574,5.0,1.4,8.0,0,0,1
310.954,54.0,54.0,418.54456,110.3342,60.0,178.97176,1.6010692,0.0,19851.63,101.47667,0.0,0.75,3.0,0,0,1
152.0,54.0,54.0,222.0,64.0,89.0,100.0,0.0,0.0,140583.58,55.0,0.0,0.5198732,2.0,0,0,1
93.1535,94.333336,76.0,60.0,97.0,68.48788,96.0,0.0,0.0,13785.821,83.82174,0.0,0.17152707,2.0,0,0,1
132.47957,80.0,59.039486,198.15686,86.0,120.9201,96.21393,0.0,0.0,146501.34,66.57328,0.0,0.5,2.0,0,0,1
273.09824,54.0,54.0,344.0,92.0,74.0,201.49405,0.0,0.0,29383.336,74.0,0.0,1.0,2.0,0,0,1
304.95224,54.0,54.0,152.0,301.13864,64.0,287.46002,0.0,0.0,7694.906,81.0,0.0,1.0216521,2.0,3,0,1
253.05975,64.0,74.0,5661.456,84.0,91.0,142.0,0.0,0.0,107306.73,78.0,0.0,0.6666667,3.0,0,0,1
209.70862,74.0,75.0,126.078674,1269.2736,63.0,248.30241,0.0,0.0,2156.8655,216.0,0.0,0.5,3.0,0,0,1
622.8514,54.0,54.0,7243.3516,1292.0,60.0,549.31714,596.2703,638.28864,1887.4769,623.9949,351.54633,1.25,5.0,3,0,1
691.02563,54.0,54.0,18833.238,309.1742,60.0,553.20245,535.0326,622.5274,60310.246,111.31452,326.6334,2.5206685,3.0,3,2,1
125.0,91.0,90.09932,120.0,97.34585,65.0,100.0,0.0,0.0,18121.088,96.0,0.0,0.5,3.0,0,0,1
504.28705,54.0,54.0,15276.455,84.0,64.0,349.55945,245.87546,321.70126,168256.52,81.0,0.0,1.3107889,3.0,0,0,1
573.11255,54.0,54.0,9881.401,1292.0,60.0,473.3,568.18506,595.6545,16420.66,352.71075,10.0,1.2222222,6.0,0,0,1
602.9167,54.0,54.0,30884.553,96.0,66.14413,445.71793,290.59766,492.18805,182264.22,84.91948,0.0,1.4331919,3.0,0,0,1
458.77353,54.0,54.0,7087.007,979.12036,60.0,433.88596,161.732,506.83243,14034.31,208.08624,2.0,1.2,3.0,0,0,1
92.40662,94.0,66.0,60.0,92.0,92.306114,95.0,0.0,0.0,18534.393,78.0,0.0,0.5,2.0,0,0,1
760.31836,54.0,54.0,35686.09,1292.0,60.0,712.729,1599.1438,660.2809,19194.408,696.16846,197.25842,1.5596639,14.0,3,0,1
138.0,91.0,95.0,96.95053,504.0,66.0,129.20592,0.0,0.0,3375.2253,134.22472,0.0,0.5,2.0,0,0,1
204.0,78.0,89.0,232.06831,243.04253,66.0,148.38525,0.0,0.0,20489.322,134.09106,0.0,0.5,4.0,0,0,1
252.81073,54.0,54.0,207.11853,84.0,64.0,142.0,0.0,0.0,26837.002,75.0,0.0,0.9285714,2.0,0,0,1
460.1995,54.0,54.0,7155.095,1292.0,60.0,414.81818,693.45465,595.6545,6047.9917,622.1071,9.0,1.0,8.670374,0,0,1
133.80638,78.0,75.0,110.0,87.71214,66.0,106.0,0.0,0.0,16566.074,78.0,0.0,0.5,2.0,0,0,1
344.2165,54.0,73.0,4658.33,601.8475,63.0,332.19266,117.964,0.0,16311.954,216.0,0.0,0.6666667,5.0,0,0,1
653.00073,54.0,54.0,9290.092,1514.0,60.0,645.9741,570.9904,637.2461,3243.3447,558.1747,269.57178,1.332622,5.0,3,0,1
688.2572,54.0,54.0,7601.0,1811.4595,60.0,687.40485,598.3195,658.38007,355.78964,734.4826,383.66516,1.3302461,5.0,5,2,1
638.5747,54.0,54.0,13166.863,1292.0,60.0,568.54553,591.51953,618.69,20026.635,373.11246,11.0,1.2949187,6.0,0,0,1
155.0,66.0,68.0,908.2334,75.0,97.0,108.23921,0.0,0.0,124804.46,75.0,0.0,0.5,2.0,0,0,1
601.1697,54.0,54.0,16724.73,81.0,60.0,387.94403,177.37468,500.5663,169535.12,76.0,26.0,1.6422514,2.0,0,2,1
171.0,54.0,54.0,91.0,519.5139,60.0,155.54285,0.0,0.0,677.3109,105.60937,0.0,0.5,2.0,3,0,1
138.46613,84.0,84.0,95.0,288.0,66.0,130.66667,0.0,0.0,4339.254,94.63188,0.0,0.5,2.0,0,0,1
294.59888,63.0,71.0,165.0,1292.0,60.0,328.66687,0.0,0.0,2813.4739,273.251,0.0,0.5,4.0,0,0,1
407.24277,54.0,54.0,8680.803,89.0,60.0,288.7479,69.981255,149.52957,72503.664,81.79685,10.0,1.25,2.0,0,0,1
97.0,106.671135,107.0,0.0,878.5632,60.0,107.0,0.0,0.0,181.35333,239.42421,0.0,0.0,2.0,0,0,1
104.11316,81.0,70.39429,60.0,76.0,66.0,94.0,0.0,0.0,16985.158,74.0,0.0,0.5,2.0,0,0,1
512.3878,54.0,54.0,5180.0,1292.0,60.0,475.96313,546.43976,608.13196,1897.6261,558.0427,23.0,1.1666666,5.0,3,0,1
156.0,54.0,54.0,161.76225,74.0,66.0,107.32309,0.0,0.0,66703.11,59.85751,0.0,0.6666667,2.0,0,0,1
179.0,74.33569,74.0,91.0,1292.0,60.0,259.0296,0.0,0.0,190.90233,334.50537,0.0,0.5,2.0,0,0,1
91.0,86.333336,74.0,0.0,107.0,65.83119,138.0,0.0,0.0,4565.588,84.0,0.0,0.0,2.0,0,0,1
121.0,91.52439,59.28817,91.0,91.0,98.80035,94.333336,0.0,0.0,29155.873,75.0,0.0,0.5,2.0,0,0,1
104.65109,79.0,55.0,60.0,74.0,99.0,94.05864,0.0,0.0,25965.523,73.0,0.0,0.5,2.0,0,0,1
125.0,54.0,54.0,60.0,75.0,60.0,96.0,0.0,0.0,15379.681,64.0,0.0,0.5,2.0,0,0,1
678.06793,54.0,54.0,21280.906,1292.0,60.0,647.0423,768.9058,626.65436,23221.207,549.381,0.0,1.2941177,12.0,0,0,1
678.736,54.0,54.0,14204.462,536.0,60.0,571.57104,376.00696,608.43176,29799.42,120.9473,264.84088,1.8587015,3.0,3,2,1
690.9546,54.0,54.0,10863.097,1889.6626,60.0,778.2482,770.21564,652.9676,923.6688,1050.7,10.0,1.25,12.0,3,0,1
549.59503,54.0,54.0,5171.0,1811.0,60.0,600.8221,457.6694,604.0499,451.62103,641.32367,8.0,1.1666666,5.0,3,0,1
215.4413,55.0,64.0,493.5439,82.93694,76.677414,134.66667,0.0,0.0,58683.74,74.0,0.0,0.6666667,2.0,0,0,1
97.0,95.0,73.06745,60.0,92.0,97.0,97.178085,0.0,0.0,9998.393,85.56625,0.0,0.5,2.0,0,0,1
750.9393,54.0,54.0,37678.895,1292.0,60.0,687.61475,1290.1115,653.5806,24374.084,545.0956,60.56382,1.6392591,10.0,3,0,1
361.57144,54.0,54.0,242.97559,1292.0,65.739426,420.74408,0.0,0.0,4719.8228,108.66965,0.0,1.0968965,2.0,0,0,1
130.05083,81.0,55.0,146.60048,83.109146,124.11753,97.896805,0.0,0.0,97602.555,74.0,0.0,0.5,2.0,0,0,1
490.84225,54.0,54.0,5117.6123,1292.0,60.0,460.81082,515.5361,595.1597,2505.7332,526.11896,12.0,1.12918,5.0,3,0,1
767.5708,54.0,54.0,17696.352,1514.0,60.0,715.64935,1707.666,675.02313,8174.58,767.4731,386.23962,1.6358411,11.0,3,2,1
407.5936,54.0,54.0,7175.4424,142.0,64.0,387.8002,0.0,16.651485,28983.453,79.0,5.0,1.25,2.0,3,0,1
77.48104,94.0,85.0,0.0,96.0,65.0,97.0,0.0,0.0,480.1644,95.0,0.0,0.0,2.0,0,0,1
137.94473,75.0,68.0,120.0,81.0,91.0,107.666664,0.0,0.0,25085.889,74.0,0.0,0.5,2.0,0,0,1
148.0,54.0,54.0,95.0,89.0,65.0,118.59092,0.0,0.0,9951.954,72.95481,0.0,0.5,2.0,0,0,1
509.65048,54.0,54.0,7485.385,617.0193,60.0,438.92673,279.9701,545.2697,15301.228,198.30986,15.6351185,1.2229208,3.0,3,0,1
