bwd_seg_size_avg,pkt_len_min,fwd_pkt_len_min,totlen_bwd_pkts,fwd_pkt_len_max,bwd_pkt_len_min,pkt_len_mean,fwd_pkt_len_std,bwd_pkt_len_std,flow_byts_s,fwd_pkt_len_mean,psh_flag_cnt,down_up_ratio,fwd_act_data_pkts,syn_flag_cnt,fin_flag_cnt,Label
60.0,54.0,54.0,120.0,348.0,0.0,86.0,123.317474,571.90295,7021.3374,175.88951,3.0,0.5,5.0,0,0,9
68.333336,54.0,54.0,1610.2142,209.41727,54.0,577.00903,0.0,0.0,197.81491,78.0,0.0,0.71428573,4.0,0,0,9
625.6365,75.0,79.0,0.0,571.0,60.0,131.99635,7.7516384,5.0,622.37427,119.38884,2.0,0.6666667,7.0,0,0,9
653.0909,54.0,54.0,6878.356,366.07715,60.0,67.5,0.0,0.0,5308.7817,70.0,0.0,0.8,1.0,0,0,9
60.0,54.0,86.0,205.0,160.30873,54.0,127.33309,0.0,0.0,160.5947,86.0,0.0,1.0,5.0,3,0,9
315.67215,54.0,54.0,9326.556,350.72177,60.0,67.5,167.61333,0.0,15009.345,69.50321,12.0,0.83065146,4.0,0,0,9
182.0,67.5,78.0,74.0,348.0,54.0,75.30195,0.0,0.0,14946.354,90.0,8.0,0.5,4.0,0,0,9
128.14702,54.0,54.0,145.0,285.0,60.0,66.0,0.0,0.0,11497.394,96.73731,0.0,1.0,4.0,3,0,9
692.7273,69.0,67.0,3384.2283,165.0,60.0,740.3804,171.38611,605.0814,4560.842,72.0,7.0,0.7521855,3.0,3,0,9
60.0,60.0,54.0,120.0,571.0,60.0,107.27371,83.109795,420.32663,11175.145,144.16667,2.0,0.5,3.0,0,0,9
66.14999,54.0,54.0,1939.7401,144.16667,60.0,74.333336,112.04493,0.0,9156.982,129.84158,0.0,0.6,4.0,0,0,9
60.0,54.0,66.0,180.0,349.0,54.0,63.42857,178.96375,0.0,16953.771,72.0,8.0,0.6666667,4.0,3,0,9
261.4727,54.0,90.0,0.0,641.0253,60.0,68.0156,170.99231,0.0,1824.4148,144.16667,5.0,0.75,4.0,0,0,9
592.53845,54.0,54.0,7721.466,577.0,60.0,71.0,0.0,0.0,14336.49,76.666664,0.0,0.71428573,2.0,0,0,9
745.56024,54.0,54.0,5295.0,253.83763,60.0,85.33894,107.84439,0.0,17469.254,177.0,3.0,1.2222222,2.0,0,0,9
226.46638,54.0,54.0,1252.4639,274.88226,0.0,513.3333,0.0,0.0,6707.4116,141.0,2.0,0.75,2.0,0,0,9
587.59656,54.0,54.0,114.31004,571.0,60.0,317.37482,131.89235,0.0,11014.822,69.50705,5.0,1.0,2.0,0,0,9
937.1011,60.0,54.0,120.0,571.0,60.0,498.1676,124.321495,586.2134,7874.4023,136.76971,0.0,0.75,2.0,0,0,9
168.47838,54.0,54.0,171.0,189.66342,60.0,82.34006,83.06463,551.3393,8848.351,78.0,5.0,1.1,3.0,0,0,9
470.8517,66.0,66.0,1404.6218,338.8269,0.0,513.3333,118.05727,259.5674,4398.973,144.16667,2.0,0.7187599,5.0,0,0,9
60.0,54.0,81.570816,0.0,571.0,54.0,510.59363,96.57288,0.0,15012.931,106.0,3.0,0.70895463,3.0,0,0,9
79.873856,54.0,54.0,193.0,151.0,60.0,86.0,166.1785,0.0,814.52167,125.18956,0.0,0.33333334,3.0,3,0,9
537.3914,54.0,54.0,180.0,86.0,60.0,833.58606,116.55887,582.21045,9219.946,79.4879,0.0,0.75,3.0,3,0,9
60.0,54.0,54.0,6536.5713,351.0,60.0,85.333336,0.0,11.785113,9989.611,339.9825,6.0,0.5,37.14937,0,0,9
60.0,75.0,86.0,0.0,1378.0607,60.0,811.8834,270.16577,32.10302,7094.419,182.1728,0.0,0.5,3.0,0,0,9
60.0,54.0,54.0,180.0,86.0,54.0,80.85714,190.96109,0.0,16219.512,82.0,2.0,0.75,4.0,3,0,9
882.5,54.0,54.0,180.0,571.0,54.0,74.0,190.96109,0.0,5369.9414,240.71414,1.0,0.5,2.0,3,0,9
104.18494,54.0,54.0,4812.2075,146.98265,60.0,132.80528,0.0,0.0,7249.2627,72.0,24.0,0.33333334,3.0,3,0,9
499.0782,54.0,54.0,396.4434,165.77626,60.0,67.5,12.0,0.0,15255.81,149.28572,0.0,0.75,2.0,0,0,9
887.4079,54.0,54.0,203.93129,149.28572,60.0,837.8486,74.13567,0.0,2579.6768,86.0,0.0,0.5,2.0,3,0,9
407.38086,54.0,60.0,96.0,571.0,60.0,76.0,0.0,0.0,10748.0625,91.0,8.0,0.5,9.0,3,0,9
60.0,54.0,54.0,7027.7705,133.90204,54.0,510.43256,0.0,0.0,513.09717,96.54398,0.0,0.71428573,3.0,3,0,9
77.65592,54.0,69.0,266.3235,89.0,60.0,501.98538,0.0,0.0,15658.178,86.0,0.0,1.0803822,3.0,3,0,9
653.6312,69.0,80.0,205.0,177.75198,60.0,118.56568,7.354562,0.0,731.9175,86.0,8.0,1.3464156,3.0,0,0,9
60.0,66.0,78.0,96.0,197.55556,54.0,69.0,0.0,0.0,13601.076,86.0,3.0509708,1.3050342,3.0,0,0,9
54.0,60.0,60.0,1429.0,149.28572,0.0,67.5,26.845732,0.0,487.9778,137.61066,2.0,0.75,7.0,0,0,9
676.875,71.0,66.0,3099.7595,206.83032,60.0,130.78053,25.172375,0.0,8950.298,165.0,0.0,1.0,3.0,3,0,9
213.5,54.0,86.0,0.0,225.6136,60.0,513.3333,0.0,0.0,6475.405,92.0,0.0,0.75,8.0,0,0,9
64.333336,76.0,72.0,54.0,170.0,0.0,499.57144,8.485281,11.785113,7801.626,116.935005,5.0,0.75,3.0,0,0,9
123.73317,69.0,72.0,131.66129,571.0,60.0,113.921646,0.0,0.0,3544.1401,86.0,8.0,0.5,4.0,4,1,9
128.93538,54.0,54.0,7703.0,121.0,60.0,159.14136,85.25651,429.47552,13122.338,69.0,1.0,1.0,3.0,0,0,9
141.66234,54.0,54.0,5949.0,347.0,60.0,162.47081,112.56379,92.47784,7532.0205,246.18448,2.0,1.0,2.0,0,1,9
622.1628,54.0,54.0,5415.0,155.1072,60.0,86.5,136.17834,0.0,14219.899,71.0,0.0,0.6666667,1.0,0,0,9
494.4478,78.0,72.0,180.0,86.0,60.0,106.2369,172.40018,498.57053,13883.994,86.0,11.0,1.0,4.0,0,0,9
833.9002,75.0,86.0,154.90506,571.0,60.0,458.67157,0.0,0.0,13601.693,149.28572,2.0,0.8904715,2.0,3,0,9
68.26886,69.0,69.0,54.0,825.8403,60.0,86.0,0.0,0.0,16529.744,75.0,0.0,0.86249137,3.0,0,0,9
69.0,54.0,54.0,180.0,490.2106,60.0,67.5,111.44548,0.0,12926.108,69.0,29.795057,0.5,6.0,0,0,9
692.7273,54.0,54.0,154.0,571.0,60.0,76.493866,82.49467,573.6333,14283.367,242.43152,2.0,0.5,3.0,0,0,9
60.0,54.0,66.0,182.0,285.0,54.0,513.3333,0.0,0.0,305.19803,157.53134,0.0,1.0,5.0,3,0,9
621.1417,66.0,76.0,180.0,154.36917,54.0,71.0,0.0,0.0,18652.828,86.0,2.0,0.5,5.0,0,0,9
60.0,54.0,54.0,1083.3228,245.35753,54.0,112.333336,182.63826,458.89706,8357.807,97.0,5.0,0.5,3.0,0,2,9
54.0,54.0,54.0,6597.0,571.0,0.0,814.8598,427.97205,575.59625,3373.6096,88.135025,7.0,0.5,19.0,0,0,9
537.0553,72.30112,101.0,0.0,347.12952,54.0,74.64816,0.0,0.0,14404.406,149.28572,8.0,0.8333333,2.0,0,0,9
692.7273,54.0,91.0,54.0,141.71861,0.0,508.64743,297.41403,591.2667,7547.1367,105.11347,8.0,0.5,3.0,3,0,9
882.5,54.0,54.0,180.0,125.957924,60.0,165.0,102.48947,22.029484,2723.5256,85.0,7.0,1.2307693,2.0,0,0,9
344.42023,54.0,54.0,7168.879,89.0,54.0,90.666664,126.128105,562.526,13152.361,77.15649,0.0,1.0,2.0,0,0,9
102.0,54.0,54.0,6887.4463,252.59286,60.0,499.57144,190.96109,590.2866,1005.2572,144.16667,0.0,0.6666667,2.0,0,0,9
882.5,54.0,60.0,2500.5154,165.0,60.0,205.0,145.2864,338.38266,9292.267,80.0,1.0,0.5,2.0,0,0,9
882.5,54.0,54.0,9389.769,571.0,60.0,67.875,8.485281,0.0,67.988945,199.43852,2.0,0.75,2.0,0,0,9
60.0,74.0,66.0,222.0,342.62042,54.0,513.3333,0.0,0.0,13930.546,189.5407,0.0,0.75,2.0,0,0,9
882.5,54.0,54.0,4047.6328,282.9028,54.0,475.58618,177.67699,0.0,14268.491,163.2224,5.0,1.0,2.0,0,0,9
141.27368,54.0,54.0,11223.719,264.4517,54.0,513.3333,271.23788,572.07886,8436.946,86.0,3.0,0.5,4.0,3,0,9
522.67053,54.0,54.0,5399.371,484.0,60.0,499.8906,171.20653,0.0,15381.316,144.16667,0.0,0.38486278,3.0,0,0,9
117.63362,54.0,54.0,180.0,138.10048,60.0,66.0,0.0,0.0,15543.448,79.0,0.0,0.8,4.0,3,0,9
882.5,54.0,54.0,5295.0,263.51135,60.0,892.0235,0.0,0.0,5819.5117,97.0,5.0,1.2222222,1.0,0,0,9
909.5269,54.0,54.0,7859.2876,144.16667,60.0,66.0,0.0,0.0,14267.297,85.412094,0.0,0.75,2.0,0,0,9
118.64786,67.5,71.0,139.0,86.0,60.0,69.0,0.0,0.0,10620.037,72.0,8.0,0.8333333,2.0,0,0,9
882.5,67.5,77.0,342.0,92.14599,60.0,71.0,190.96109,0.0,16840.145,86.0,0.0,0.33333334,2.0,0,0,9
231.3962,54.0,54.0,7260.3286,285.0,60.0,103.333336,104.028114,0.0,17247.29,75.0,2.0,0.5,3.0,0,0,9
72.62039,54.0,54.0,5295.0,345.0,60.0,67.875,171.38611,420.2766,7334.683,229.6742,0.0,0.75,39.0,0,0,9
638.49884,54.0,54.0,6905.257,571.0,54.0,696.4841,253.94261,0.0,7080.71,146.73354,0.0,0.5,4.0,3,0,9
849.8571,54.0,54.0,6244.463,153.50958,60.0,628.8893,190.96109,11.934949,80.20089,97.0,7.0,1.3574865,2.0,0,0,9
536.76764,54.0,54.0,102.36028,197.55556,60.0,513.3333,119.85387,595.5718,4200.2466,78.0,7.0,1.3351116,3.0,0,0,9
60.0,54.0,60.0,180.24435,155.19531,54.0,67.875,108.996155,0.0,6707.678,85.0,0.0,1.0,5.0,0,2,9
128.14659,54.0,54.0,6867.3037,101.0,54.0,67.5,0.0,0.0,18377.674,72.0,24.0,1.0,4.0,0,0,9
60.0,54.0,54.0,222.0,101.0,60.0,66.0,0.0,22.04833,208.55032,86.0,7.0,1.0,2.0,0,0,9
596.14246,54.0,54.0,6811.5093,89.0,60.0,829.54047,206.78067,597.8191,1181.853,82.07062,0.0,0.5,2.0,0,0,9
882.5,54.0,54.0,7238.0,89.0,60.0,71.0,177.3958,13.0,10801.643,76.0,0.0,0.5,2.0,0,0,9
91.0,54.0,54.0,624.1698,162.2318,60.0,502.00754,12.0,0.0,9261.776,136.48598,4.997398,0.75,3.0,3,0,9
882.5,54.0,54.0,6942.8867,571.0,60.0,67.5,11.785113,0.0,276.236,86.0,0.0,0.5,2.0,3,0,9
524.83466,54.0,69.0,193.0,351.0,60.0,367.7926,146.53632,620.6625,7031.401,72.0,6.0,0.5,5.0,5,0,9
115.47464,54.0,54.0,7848.0,238.0,54.0,86.0,101.70945,0.0,307.41946,139.3693,0.0,0.5,2.0,0,0,9
386.4719,54.0,54.0,6989.9395,280.4336,60.0,521.30566,190.96109,0.0,9287.959,165.0,2.0,1.0,2.0,0,0,9
511.59235,54.0,54.0,9220.505,571.0,54.0,86.0,171.66039,14.61354,8879.875,79.0,0.0,0.8333333,2.0,0,0,9
54.0,74.65248,69.5067,240.0,165.0,0.0,702.14246,352.54263,11.785113,13175.186,114.0,12.0,0.5,10.0,0,0,9
60.0,54.0,54.0,2106.3508,234.78197,54.0,71.110176,0.0,113.483925,10609.446,101.0,2.0,0.75,6.0,0,0,9
74.0,77.0,86.0,272.8105,163.08861,54.0,469.48907,124.467926,412.94415,7806.328,121.0,2.0,0.727796,2.0,0,0,9
225.66794,54.0,54.0,180.0,86.0,60.0,556.3589,123.269554,596.45886,6061.3926,82.0,5.0,1.0604625,2.0,0,0,9
60.0,54.0,54.0,120.0,82.0,54.0,67.5,0.0,0.0,3183.505,78.0,1.0,0.75,8.0,0,0,9
122.48194,54.0,54.0,5295.0,144.16667,60.0,80.85714,190.96109,0.0,193.93892,86.0,2.0,1.2222222,1.0,3,0,9
156.02075,54.0,54.0,5696.0,86.0,60.0,513.3333,149.12822,12.87538,920.80615,76.0,0.0,0.6666667,2.0,0,1,9
414.8395,54.0,54.0,711.9758,145.01761,74.0,121.10864,0.0,0.0,114.45876,141.0,0.0,1.0,9.0,0,0,9
209.13266,54.0,54.0,205.0,144.16667,54.0,63.42857,0.0,0.0,15055.866,86.0,0.0,0.75,10.0,0,0,9
54.0,75.0,76.666664,193.0,488.42105,54.0,132.88986,18.032122,0.0,9616.538,86.0,0.0,0.75,4.0,0,0,9
70.73042,54.0,54.0,180.0,167.0,54.0,92.201004,0.0,0.0,15281.524,72.0,7.0,0.8,4.0,0,0,9
74.0,66.0,60.0,54.0,285.0,60.0,479.07248,0.0,16.744751,11290.404,147.1129,0.0,0.6,2.0,0,0,9
171.0,54.0,54.0,2101.95,225.57143,60.0,832.16235,0.0,0.0,87.40475,101.0,5.0,1.0,2.0,0,0,9
653.3982,54.0,54.0,9786.099,181.76283,0.0,573.7284,225.61696,584.6211,129.77625,86.0,0.0,0.6,2.0,3,0,9
101.918045,54.0,54.0,180.0,190.16011,54.0,527.51514,225.03119,0.0,2675.0208,85.0,3.0,0.60216385,2.0,3,0,9
60.0,69.0,54.0,5295.0,344.96936,54.0,82.0,112.203865,528.7758,124.56963,147.0,0.0,0.6666667,3.0,0,0,9
323.4,75.0,86.0,171.89626,105.74652,60.0,451.85,0.0,0.0,1234.7773,86.72841,0.0,0.009313263,2.0,0,0,9
226.02951,54.0,54.0,5983.6235,165.0,60.0,67.5,68.00621,9.231191,7967.6123,86.0,0.0,0.6666667,2.0,0,0,9
622.6097,54.0,54.0,7238.0,571.0,54.0,224.04694,152.3407,0.0,1090.0345,72.0,24.0,0.33333334,41.0,0,0,9
443.0638,54.0,54.0,4798.271,345.17545,60.0,233.12509,120.27227,0.0,9295.961,153.55556,1.0,0.75,3.0,3,0,9
768.7736,54.0,54.0,5949.0,346.0,54.0,63.42857,0.0,0.0,7079.5474,72.0,0.0,0.75,3.0,0,0,9
60.0,69.0,86.0,233.76068,86.0,54.0,113.196106,0.0,0.0,17016.795,86.0,16.127264,0.5,5.0,3,0,9
547.20996,80.0,86.0,223.14575,90.30829,60.0,513.3333,8.485281,0.0,11093.829,86.0,0.0,0.9146439,1.0,3,0,9
828.90717,54.0,54.0,219.76927,298.4554,60.0,69.0,0.0,0.0,7799.936,72.0,16.0,1.2,2.0,3,0,9
849.8571,54.0,60.0,887.39655,167.0,60.0,577.82623,0.0,0.0,15097.216,144.16667,7.0,1.0,2.0,0,0,9
60.0,54.0,54.0,182.0,571.0,60.0,421.59308,172.97641,0.0,15370.08,72.0,8.404443,0.727223,3.0,0,0,9
617.97974,67.62163,77.832596,222.0,86.0,60.0,163.6831,0.0,0.0,16191.797,80.876114,0.0,0.33333334,2.0,4,0,9
60.0,78.0,80.0,120.0,146.87743,60.0,764.3589,190.96109,12.5,87.64251,91.0,0.0,1.0,15.658958,0,0,9
79.74436,54.0,54.0,7128.203,571.0,54.0,63.42857,165.182,471.38055,7143.3506,110.70178,0.0,0.8333333,4.0,0,0,9
60.0,60.0,54.0,135.0,318.15533,60.0,74.333336,116.82913,529.0807,13479.506,78.0,3.0,0.8185847,6.0,3,0,9
624.99133,54.0,54.0,5295.0,342.2445,60.0,205.0,0.5,0.0,2187.3464,189.25,5.0,0.5,3.0,0,0,9
165.59062,60.0,75.0,54.0,571.0,60.0,103.161766,0.0,566.06995,3418.885,91.0,4.0,1.0,2.0,0,0,9
60.0,74.0,66.0,0.0,226.46274,60.0,134.33333,0.0,0.0,1165.4828,86.0,3.0,0.5,8.0,3,0,9
60.0,54.0,54.0,6844.598,571.0,60.0,469.96936,120.2837,595.49817,2184.2412,81.92218,1.0,0.5,7.0,3,3,9
882.5,54.0,54.0,181.63817,128.49788,60.0,477.7493,173.29237,593.6384,4581.3477,86.0,0.0,0.5,3.0,0,0,9
128.3378,54.0,54.0,9213.654,238.0,60.0,76.0,163.48338,0.0,1644.2255,76.0,6.0,0.75,3.0,0,0,9
627.1925,55.0,86.0,54.0,348.0,60.0,483.6414,0.0,8.769348,12525.99,86.0,0.0,0.6666667,3.0,0,0,9
140.31181,54.0,54.0,180.0,354.0,60.0,523.8187,220.4579,11.697992,1754.332,66.0,6.0,0.82929397,3.0,0,0,9
73.0,54.0,66.0,54.0,169.12546,60.0,80.333336,155.0995,499.75403,221.34402,121.0,2.0,0.6,36.624874,0,0,9
102.0,66.0,54.0,5588.697,484.0,60.0,709.7311,190.96109,0.0,78.39654,144.16667,0.0,0.75,3.0,0,0,9
142.67334,54.0,54.0,150.0,79.0,60.0,67.5,8.485281,0.0,2147.495,72.0,24.50993,0.75,3.0,0,0,9
851.7746,54.0,54.0,160.0,571.0,60.0,86.22329,0.0,0.0,516.92065,72.0,0.0,0.5,2.0,0,0,9
85.0,54.0,86.0,220.88174,346.0,69.0,120.22473,16.499159,0.0,11054.844,230.89622,1.0,1.0,2.0,0,0,9
60.0,54.0,60.0,322.22366,170.0,60.0,67.5,26.252436,581.7383,3933.5762,138.78813,0.0,1.0,4.0,0,0,9
101.04998,54.0,54.0,5295.0,351.0,60.0,67.5,0.0,0.0,17803.652,234.02312,0.0,0.6,4.0,0,0,9
181.0,54.0,69.0,206.01355,86.0,60.0,67.5,0.0,0.0,13627.175,86.0,2.0,0.75,3.0,0,0,9
882.5,54.0,54.0,7698.4766,571.0,60.0,834.04767,0.0,0.0,3441.6992,144.16667,0.0,0.75,2.0,0,0,9
278.5259,54.0,54.0,180.59662,571.0,60.0,232.92166,0.0,505.7783,8643.962,86.0,0.0,0.75,2.0,0,0,9
882.5,74.0,86.0,180.0,571.0,60.0,80.85714,0.0,0.0,1771.5883,243.556,2.0,1.1799799,1.0,0,0,9
139.0,54.0,54.0,7684.3457,348.0,54.0,69.0,120.2019,0.0,11095.086,88.6807,2.0,1.1111112,3.0,0,0,9
882.5,54.0,54.0,6665.094,195.16246,54.0,110.90281,0.0,0.0,17442.295,86.0,3.0,0.75,2.0,3,0,9
577.3315,54.0,54.0,131.73169,82.48454,54.0,159.56107,8.485281,0.0,16326.389,78.0,2.0,1.0,3.0,0,0,9
193.95337,66.0,66.01337,1999.0608,165.0,54.0,892.0616,206.78067,415.08334,7463.361,74.0,0.0,0.71428573,1.0,3,0,9
60.0,75.0,76.0,0.0,1323.1958,60.0,882.4516,122.64197,0.0,8651.908,90.0,13.0,1.0,3.0,0,0,9
981.0,67.5,71.0,0.0,144.16667,54.0,75.0,173.29237,0.0,207.67836,86.0,0.0,0.6,2.0,0,0,9
171.0,54.0,54.0,6782.917,571.0,60.0,523.03455,144.55943,484.65338,15486.071,262.32,2.0,0.5,3.0,4,0,9
68.333336,54.0,54.0,180.0,348.0,0.0,637.50446,326.54355,468.7423,9396.069,82.0,0.0,0.75,3.0,3,0,9
421.86108,71.344055,86.0,0.0,122.7601,54.0,513.3333,106.90103,258.7299,7799.693,93.46784,2.0,0.8333333,6.0,0,0,9
64.333336,66.0,60.0,5295.0,345.26688,60.0,67.5,0.0,0.0,727.9298,72.0,2.0,1.0,2.0,0,0,9
102.0,54.0,54.0,120.0,349.0,60.0,67.5,0.0,0.0,21224.918,72.0,7.0,1.0,4.0,0,0,9
228.53632,60.0,86.0,0.0,1022.0,60.0,96.333336,18.102917,0.0,161.47313,168.60753,0.0,1.0,6.0,0,0,9
60.0,54.0,60.0,1617.0,170.0,60.0,343.7768,177.23972,11.785113,14262.72,86.0,1.0,0.5,3.0,0,0,9
882.5,54.0,54.0,296.7206,155.56314,60.0,425.57086,123.9765,12.399404,11978.388,86.0,7.0,1.2,2.0,0,0,9
60.0,54.0,54.0,6721.042,571.0,54.0,583.3734,190.96109,0.0,78.660484,157.3485,0.0,0.5,3.0,3,0,9
60.0,54.0,54.0,163.42001,86.0,54.0,589.5798,293.39743,0.0,5281.21,78.0,0.0,0.5,3.0,3,0,9
71.74989,54.0,60.0,3250.649,170.0,60.0,80.528786,123.38642,0.0,13629.069,158.56277,7.0,0.75,4.0,3,0,9
171.89677,71.0,69.26548,74.0,86.0,54.0,833.15375,8.485281,0.0,11750.183,85.0,26.0,0.6666667,3.0,3,0,9
223.0,54.0,69.0,54.0,571.0,60.0,67.5,172.28024,0.0,5116.796,70.09157,11.0,0.75,2.0,0,0,9
608.02234,54.0,54.0,7415.178,86.0,0.0,513.3333,0.25559932,0.0,2426.7944,72.0,4.0,1.0,2.0,3,0,9
278.2131,54.0,54.0,180.0,571.0,60.0,587.6446,190.96109,598.1321,1544.3716,144.16667,2.0,1.2,2.0,0,0,9
171.0,54.0,54.0,3183.4778,157.42291,60.0,69.0,34.776157,0.0,6498.7227,97.0,7.0,0.4011753,12.0,3,0,9
597.1719,54.0,60.0,5295.0,274.79828,60.0,167.54654,0.0,0.0,12907.603,94.7062,3.9105277,0.6,2.0,0,0,9
60.0,54.0,54.0,120.0,442.26816,60.0,69.34957,13.402404,0.0,15672.367,69.0,0.0,0.75,4.0,0,0,9
123.233055,54.0,69.50584,258.45737,89.0,74.0,103.333336,0.0,539.16724,10758.807,75.0,14.0,0.75,3.0,0,0,9
520.4755,54.0,54.0,5949.0,571.0,54.0,202.89044,0.0,0.0,992.62054,72.0,1.0,0.75,4.0,4,0,9
54.0,54.0,54.0,4204.391,216.45642,54.0,513.3333,0.0,0.0,2569.396,82.0,0.0,0.9957864,6.0,0,1,9
139.0,78.79429,66.0,0.0,133.88748,54.0,597.21765,120.037506,259.45032,4670.985,86.0,2.0,1.2307693,3.0,0,1,9
54.0,54.0,60.0,74.0,571.0,0.0,364.67908,99.79362,0.0,16900.799,72.0,8.0,0.6,11.0,0,0,9
60.0,54.0,54.0,6920.723,571.0,54.0,89.23219,0.0,0.0,10769.945,153.55556,0.0,0.33333334,3.0,0,0,9
882.5,71.0,54.0,5642.9746,138.2103,54.0,523.03754,190.96109,0.0,7943.0674,90.54414,8.0,1.3057809,2.0,0,0,9
71.77205,76.721725,94.0,230.0447,170.0,0.0,118.30078,84.11405,0.0,1646.5599,101.0,0.0,1.0,19.0,0,0,9
323.4,54.0,54.0,180.0,121.0,60.0,71.0,0.0,0.0,155.60677,86.0,8.0,0.41666666,3.0,0,0,9
60.0,77.0,106.0,223.0,238.0,59.406548,421.5,116.753265,562.54083,7769.354,165.0,0.0,0.6666667,3.0,3,0,9
619.03125,75.0,77.0,115.19004,165.0,54.0,572.3935,179.25604,621.6498,4555.055,86.0,6.0,0.75,3.0,3,0,9
597.3708,54.0,54.0,491.83005,166.1605,71.0,127.72586,122.53548,0.0,15550.688,165.0,2.0,0.5,3.0,0,0,9
343.4377,54.0,54.0,3748.1604,342.91504,60.0,67.5,12.0,0.0,17127.018,72.0,8.0,1.0969772,2.0,0,0,9
60.0,54.0,54.0,7471.052,571.0,54.0,247.15636,0.0,0.0,1891.2786,75.0,0.0,0.7401258,2.0,0,2,9
96.38392,60.0,54.0,139.0,571.0,60.0,782.33374,18.575752,11.433935,10005.281,72.0,2.0,1.0,4.0,3,0,9
60.0,54.0,54.0,102.0,571.0,0.0,506.65808,0.0,0.0,159.75464,144.16667,0.0,1.0,16.0,0,0,9
182.0,54.0,54.0,5295.0,170.0,54.0,86.0,5.656854,13.0,2185.5376,144.16667,0.0,1.0,2.0,0,0,9
60.0,54.0,54.0,6503.9956,488.4487,54.0,873.2614,0.0,0.0,4576.9414,254.37068,5.0,1.2142857,3.0,0,0,9
60.0,54.0,60.0,139.0,282.7043,60.0,589.6885,8.485281,0.0,7242.305,72.0,11.0,0.5,4.0,3,0,9
60.0,54.0,54.0,7168.156,571.0,60.0,67.875,0.0,0.0,113.80308,161.18842,0.0,0.5,3.0,0,0,9
117.82384,77.0,78.0,0.0,246.27089,54.0,415.68182,155.0446,0.0,561.71,90.37955,3.0,0.8,5.0,0,0,9
60.0,54.0,60.0,342.0,144.16667,54.0,414.94217,122.68394,410.25354,218.72038,121.0,0.0,0.5,4.0,0,0,9
60.0,54.0,54.0,1595.3304,147.36984,54.0,81.04137,0.0,0.0,824.3984,120.03433,2.0,0.75,4.0,3,0,9
265.6455,54.0,54.0,191.383,484.0,60.0,112.666664,12.0,0.0,236.41411,144.16667,3.0,0.5,4.0,0,0,9
882.5,54.0,54.0,180.0,176.47523,60.0,91.333336,25.634901,0.0,629.6631,78.0,0.0,0.33333334,2.8840537,0,0,9
552.5037,54.0,54.0,6942.6377,571.0,60.0,80.85714,17.698006,0.0,19649.691,101.0,2.0,0.75,6.0,0,0,9
74.0,71.0,66.0,230.55054,86.0,68.333336,155.48169,0.0,0.0,1236.8354,69.0,2.0,1.0,5.0,0,0,9
320.47333,74.0,60.0,85.0,144.16667,60.0,341.8929,0.0,0.0,192.52005,92.0,0.0,0.75,2.0,0,0,9
68.333336,54.0,60.0,2088.769,182.37973,54.0,63.42857,116.37453,0.0,161.18091,139.18214,2.0,0.5,3.0,3,0,9
60.0,54.0,60.0,358.28842,349.0,60.0,96.333336,0.0,0.0,16641.47,86.0,0.0,0.5,3.0,0,0,9
224.10693,54.0,54.0,5295.0,347.6635,60.0,642.0802,0.0,0.0,1442.8275,166.125,2.0,0.75,4.0,0,0,9
60.0,71.0,79.0,0.0,207.39268,54.0,154.38239,117.02938,0.0,16203.57,94.0,0.0,1.0,3.0,0,0,9
60.0,67.5,71.0,54.0,144.16667,54.0,71.0,0.0,0.0,5674.9126,74.0,0.0,0.5,4.0,0,0,9
141.03499,54.0,54.0,5295.0,349.0,60.0,132.21005,0.0,0.0,11305.046,101.44116,0.0,0.4,2.0,0,0,9
64.333336,54.0,54.0,5295.0,183.13599,60.0,67.5,0.0,0.0,23797.951,66.0,0.0,0.33333334,2.0,0,0,9
60.0,67.5,75.0,0.0,141.81416,60.0,76.0,161.68999,0.0,319.61334,119.0,0.0,0.5,3.0,0,0,9
139.0,54.0,54.0,6828.2104,571.0,60.0,111.59898,0.0,0.0,13951.595,225.87708,2.0,1.0,2.0,0,0,9
140.12617,79.0,71.0,160.0,86.0,69.0,86.0,0.0,58.775204,484.27808,79.0,2.0,0.75,4.0,0,0,9
74.0,54.0,54.0,180.0,200.91026,60.0,835.0087,190.96109,11.987622,50.812607,85.0,3.0,0.5,19.0,0,0,9
592.53845,54.0,54.0,7594.3447,101.0,60.0,727.0263,303.10233,606.97595,7565.1333,74.0,3.0,0.5094208,3.0,3,0,9
626.2243,54.0,54.0,9331.557,147.0,60.0,67.5,0.0,0.0,6836.249,141.0,0.0,0.8,4.0,0,0,9
841.6083,75.0,82.0,292.0,144.16667,60.0,507.4776,8.485281,0.0,10332.268,86.0,2.0,1.0,2.0,3,0,9
882.5,54.0,54.0,203.31917,151.0,54.0,131.95401,190.96109,0.0,1264.3286,90.05077,0.0,0.5,1.0,0,0,9
156.0,54.0,54.0,4864.0,190.48097,54.0,824.0911,118.63143,0.0,56.809303,165.0,2.0,1.0,2.0,5,0,9
98.25644,54.0,54.0,5390.4775,165.0,60.0,205.82713,0.0,0.0,16990.361,86.0,2.0,1.0,2.0,0,0,9
60.0,60.0,80.0,180.0,166.6939,54.0,523.0649,33.293774,0.0,10137.5,85.0,0.0,0.72727275,7.0,4,0,9
128.34247,63.42857,60.0,60.0,571.0,54.0,67.92835,0.0,0.0,6986.7773,174.67363,0.0,1.0,5.0,0,0,9
143.39893,54.0,54.0,5295.0,95.887314,60.0,583.4117,220.45078,509.7236,3772.5696,66.0,2.0,0.5,3.0,0,0,9
85.0,54.0,54.0,1920.0624,101.0,60.0,86.0,126.54862,0.0,15275.5,67.0,0.0,1.0,7.0,0,0,9
60.0,54.0,54.0,5295.0,351.2027,54.0,87.01579,0.0,0.0,14798.568,281.2585,5.0,1.0769231,3.0,0,0,9
676.875,54.0,54.0,180.0,177.98146,60.0,792.3981,8.32152,0.0,10003.729,86.0,0.0,0.33333334,2.0,0,0,9
150.0,54.0,60.0,102.70979,341.87885,54.0,67.5,0.0,0.0,13137.789,151.17226,0.0,1.0,3.0,0,0,9
639.364,54.0,54.0,264.71695,86.0,60.0,558.6788,253.93774,595.5795,2313.6023,70.02778,3.0,0.6666667,4.0,3,2,9
60.0,54.0,54.0,2131.1948,151.0,54.0,66.0,0.0,0.0,17521.967,78.0,11.0,0.5,21.185743,0,0,9
140.51482,54.0,54.0,5415.0,163.83743,60.0,479.28445,107.866585,475.9343,3601.287,66.0,24.0,0.75,3.0,0,0,9
639.5,54.0,60.0,181.0,86.0,54.0,67.5,0.0,0.0,15284.41,85.0,0.0,0.5,4.0,0,0,9
655.1281,54.0,54.0,6934.709,571.0,60.0,589.70044,209.29083,9.366806,78.69558,204.66263,2.0,0.8333333,2.0,3,0,9
206.52225,66.0,86.0,160.0,179.0,54.0,75.0,0.0,0.0,9425.769,161.20435,0.0,0.5,3.0,0,0,9
537.2958,54.0,54.0,7899.7285,85.0,60.0,769.4753,0.0,0.0,872.99866,72.0,16.0,0.91122806,2.0,0,0,9
130.19577,60.0,54.0,199.50229,144.16667,60.0,120.463646,167.3047,0.0,10969.725,88.22942,2.0,1.0,4.0,0,0,9
95.42294,54.0,54.0,5295.0,170.23148,54.0,67.5,18.339792,0.0,9928.3125,169.84167,0.0,0.8531481,2.0,0,0,9
171.0,54.0,54.0,180.0,101.0,54.0,67.5,0.0,0.0,6663.757,70.0,1.0,0.72863305,2.0,0,0,9
346.3558,54.0,54.0,143.43748,86.0,60.0,86.0,177.3519,0.0,11283.815,86.0,0.0,1.0,4.0,0,2,9
128.00403,54.0,54.0,5018.8916,165.0,54.0,66.0,190.96109,0.0,17380.389,72.0,0.0,1.0909091,3.0,3,0,9
101.145546,54.0,54.0,5415.0,268.17236,0.0,564.402,190.96109,593.6384,7048.172,80.0,9.111117,1.3037882,3.0,4,0,9
60.0,54.0,54.0,7238.0,571.0,60.0,461.18848,123.264694,612.40265,10262.318,86.0,2.0,1.0,3.0,0,0,9
68.333336,54.0,54.0,139.0,314.623,60.0,513.3333,254.07991,117.25849,8851.876,78.0,3.0,0.71428573,3.0,0,0,9
507.0255,54.0,54.0,205.0,86.0,60.0,69.0,0.0,0.0,1429.3436,72.0,13.609,0.8888889,3.0,0,0,9
54.0,54.0,54.0,180.0,101.15019,54.0,67.5,8.485281,0.0,418.19565,85.0,0.0,0.5,3.0,0,0,9
160.0,74.0,75.0,54.0,571.0,60.0,129.38216,155.7346,11.785113,872.54724,182.42604,2.0,1.0,3.0,3,0,9
625.3701,54.0,54.0,120.0,571.0,60.0,67.5,0.0,0.0,16650.662,155.69794,7.0,1.2222222,2.0,0,0,9
60.0,54.0,54.0,6690.3745,571.0,54.0,877.77216,0.0,0.0,10754.93,213.79886,2.0,1.2153506,3.0,0,0,9
85.0,54.0,54.0,205.40239,103.36795,60.0,461.39127,110.77669,0.0,16771.709,86.0,3.0,0.75,4.0,3,0,9
85.7244,54.0,54.0,3884.0913,161.67227,54.0,80.85714,116.83068,0.0,16142.774,69.0,0.0,0.33333334,2.0,3,0,9
60.0,54.0,54.0,2099.4058,190.07373,54.0,66.0,0.0,0.0,87.46876,151.0,6.0,0.5,3.0,0,0,9
692.7273,75.0,86.0,205.0,144.16667,60.0,167.14163,0.0,0.0,16993.156,86.0,0.0,0.75,2.0,3,0,9
60.0,59.792534,71.62366,54.0,75.0,60.0,786.534,190.96109,604.5097,11324.688,75.0,8.0,0.6,3.0,0,0,9
68.333336,54.0,54.0,180.0,88.92298,60.0,127.0,173.38873,0.0,14478.138,78.0,2.0,1.1428572,3.0,0,0,9
54.0,54.0,54.0,6942.921,141.0,0.0,469.4676,12.0,0.0,839.8849,70.40508,1.0,0.75,5.0,3,0,9
60.0,67.875,69.0,54.0,236.22849,60.0,75.0,0.0,0.0,14501.216,86.0,2.0,1.0,4.0,0,0,9
102.71856,54.0,54.0,5295.0,161.89249,54.0,454.17688,376.7198,17.984547,87.56383,160.42303,0.0,1.0,6.0,3,0,9
60.0,54.0,54.0,8606.704,484.0,54.0,146.16667,116.81216,219.24777,9988.547,72.0,11.0,0.5,12.0,0,0,9
849.8571,54.0,54.0,205.0,85.0,60.0,67.5,0.0,0.0,3785.4211,72.0,11.0,1.0,2.0,3,0,9
79.27185,54.0,54.0,5840.0864,406.0,60.0,284.18057,0.0,0.0,7752.1733,93.01498,0.0,1.0,4.0,3,0,9
60.0,67.5,60.0,1402.9117,285.0,60.0,71.0,0.0,0.0,15361.338,72.0,0.0,0.6,4.0,0,0,9
145.0,54.0,54.0,120.0,309.18237,60.0,179.01884,123.29774,0.0,13130.85,78.0,2.0,1.0,2.0,0,0,9
64.33443,60.0,60.0,1413.6165,345.0,54.0,63.42857,177.45222,0.0,2015.0745,69.0,2.0,0.5,3.0,0,0,9
940.22864,54.0,69.0,54.0,94.28303,54.0,513.3333,211.46617,0.0,6835.5703,75.0,2.0,1.0,2.0,0,0,9
659.3139,60.0,66.0,54.0,77.0,60.0,342.05103,8.485281,0.0,8358.733,71.0,0.0,0.5318036,2.0,0,0,9
882.5,54.0,86.0,0.0,626.2888,54.0,856.5814,173.29237,0.0,1852.0072,144.16667,2.0,0.5,2.0,0,0,9
137.92876,54.0,54.0,120.0,279.79156,0.0,415.63846,35.604267,0.0,13052.568,78.0,6.0,1.2222222,2.0,0,1,9
60.0,54.0,54.0,3803.7915,142.23476,60.0,71.97445,0.0,0.0,4280.2207,141.0,2.0,0.6666667,3.0,0,0,9
396.31583,54.0,54.0,180.0,79.0,60.0,732.3491,177.88068,65.60324,933.5972,76.0,12.0,0.8333333,3.0,3,0,9
54.0,54.0,54.0,5973.4927,86.0,0.0,387.54327,270.09647,615.6893,5233.171,66.0,2.0,0.8063871,3.0,0,0,9
68.333336,54.0,54.0,180.0,126.59156,54.0,832.135,8.485281,0.0,15200.325,78.0,2.0,1.2,3.0,0,0,9
72.24379,54.0,71.0,1184.1257,151.0,54.0,204.95998,91.84442,0.0,10926.733,82.0,0.0,0.33333334,2.0,0,0,9
659.64026,67.875,75.0,54.0,191.36105,60.0,69.0,177.67699,0.0,14709.62,79.61649,5.0,1.1428572,2.0,0,0,9
119.25034,54.0,66.0,285.07785,350.0,60.0,696.7013,190.96109,382.12637,10349.634,66.0,0.0,0.5,3.0,3,0,9
702.7401,54.0,60.0,3897.7407,144.16667,54.0,712.95996,171.11105,582.69165,9696.843,121.0,0.0,0.91801333,2.0,0,0,9
60.0,71.0,72.0,0.0,571.0,54.0,86.928635,97.33532,0.0,1008.6671,119.0,11.0,1.1592277,2.0,0,0,9
60.0,54.0,54.0,7848.0,244.80688,55.58418,860.7238,302.6765,535.1388,5919.6123,144.16667,0.0,1.0,3.0,3,0,9
639.5,54.0,60.0,288.19955,350.0,60.0,821.4684,0.0,0.0,16767.434,69.0,0.0,1.0,3.0,0,0,9
102.0,54.0,54.0,180.0,86.0,60.0,691.9497,115.29551,11.785113,835.90204,78.0,4.0,0.6,2.0,4,0,9
618.62994,54.0,54.0,7238.0,571.0,60.0,400.76382,131.8388,0.0,309.2943,165.0,3.0,1.2222222,3.0,0,0,9
70.46289,54.0,54.0,139.0,90.85023,60.0,341.50986,131.62369,450.57635,6662.8057,72.0,0.0,0.33333334,3.0,0,0,9
692.7273,66.0,75.0,54.0,262.46286,60.0,71.0,26.90129,0.0,13744.257,75.0,3.0,0.75,3.0,0,0,9
371.9599,54.0,74.0,180.33186,86.0,60.0,67.875,0.0,0.0,748.2049,78.0,8.0,0.5,6.0,0,1,9
550.11224,74.0,54.0,5640.8755,354.0,54.0,701.04803,8.485281,437.864,11980.582,144.16667,2.0,0.5,3.0,0,0,9
66.68809,54.0,92.0,0.0,345.0,60.0,66.0,0.0,0.0,18217.014,144.16667,3.0,0.72727275,3.0,0,0,9
139.0,54.0,54.0,2037.2913,101.0,0.0,513.3333,0.0,0.0,18446.697,101.0,0.0,0.8,3.0,0,0,9
622.1432,54.0,54.0,171.0,266.00208,54.0,683.76996,0.5,0.0,18412.893,165.0,2.0,0.6666667,5.0,0,0,9
521.64294,54.0,60.0,2560.0,151.0,54.0,67.5,182.21774,0.0,4646.7334,75.0,13.0,1.0,4.0,3,0,9
676.875,71.0,89.0,0.0,571.0,60.0,790.0638,0.0,0.0,399.19943,138.0,0.0,0.33333334,2.0,0,0,9
60.0,54.0,54.0,7146.7563,179.0,54.0,581.9783,0.0,330.90942,12938.862,71.041115,2.0,0.75,6.43907,3,0,9
60.0,70.00513,89.0,0.0,1293.6396,54.0,758.0121,8.485281,0.0,1398.4597,145.27396,0.0,0.54786646,3.0,0,0,9
60.0,78.90565,86.0,188.64209,571.0,54.0,88.029236,0.0,0.0,19717.506,86.0,10.0,0.5,6.0,0,0,9
175.62392,54.0,54.0,14121.248,562.2305,60.0,860.88074,177.23972,0.0,3528.3267,276.4482,3.0,0.75,3.0,0,0,9
128.09775,54.0,54.0,181.0,348.0,60.0,67.5,0.0,0.0,7800.9976,149.28572,0.0,0.33333334,2.416766,0,0,9
150.0,54.0,60.0,83.051796,168.91455,60.0,107.285545,0.0,11.785113,9643.427,78.0,7.0,0.5,5.483007,0,0,9
68.333336,54.0,54.0,6882.5054,571.0,54.0,166.76855,0.0,0.0,2305.2776,71.0,0.0,0.75,3.0,0,0,9
79.2797,54.0,54.0,139.0,80.0,60.0,113.459114,0.0,288.50504,6807.9946,78.0,0.0,1.0,7.0,0,0,9
101.193146,54.0,91.188934,581.9821,165.0,60.0,513.3333,111.73564,11.785113,13948.173,128.49152,0.0,0.75,2.0,3,0,9
162.29575,66.0,72.0,664.03156,101.0,54.0,74.0,0.0,0.0,1693.3711,80.0,2.0,1.0,2.0,0,1,9
60.0,63.711384,69.0,54.0,688.4039,0.0,499.67938,0.0,0.0,871.97107,72.0,7.0,1.2222222,2.0,3,2,9
60.0,54.0,54.0,6038.8296,196.01422,60.0,86.0,0.0,0.0,3201.3455,86.0,7.0,0.5,5.0,0,0,9
78.88553,54.0,60.0,54.0,170.0,54.0,431.54416,0.0,0.0,165.1585,123.32388,0.0,0.75,3.0,0,0,9
840.4522,54.0,54.0,180.0,144.16667,60.0,67.5,0.0,505.74515,11387.172,99.10902,4.0,0.90973914,3.0,3,0,9
139.0,66.0,60.0,415.23074,189.25,54.0,439.12515,190.96109,597.954,9668.031,101.0,1.0,1.0,2.0,0,0,9
154.0,54.0,54.0,160.0,170.0,54.0,894.9211,314.05646,647.11505,9196.366,86.0,6.0,1.1,2.0,0,0,9
165.55757,76.39093,86.0,219.23676,165.1234,60.0,468.69693,77.70414,0.0,4211.03,90.95418,0.0,0.884156,3.0,0,0,9
342.0,54.0,54.0,7046.3486,133.60762,85.0,103.333336,110.54789,590.269,1758.2026,71.0,0.0,1.0,4.0,0,0,9
60.0,54.0,54.0,180.0,571.0,60.0,117.771935,0.0,0.0,10276.328,143.7,1.0,0.5,3.0,0,0,9
659.7,54.0,54.0,3900.0,344.42203,60.0,839.4468,0.0,0.0,3181.079,122.874664,0.0,1.0,3.0,0,0,9
135.12764,54.0,54.0,7874.435,144.16667,60.0,590.4442,131.97083,58.682392,2955.9534,86.0,1.0,0.5,4.0,0,0,9
54.0,76.0,66.0,0.0,89.0,0.0,499.57144,432.84116,0.0,3411.6072,77.0,9.0,0.5,16.22648,0,0,9
60.0,54.0,54.0,4302.4043,342.91556,54.0,513.3333,8.485281,0.0,9666.16,78.0,2.0,0.75,4.0,0,0,9
676.875,54.0,60.0,342.0,95.73983,60.0,836.2852,167.66159,0.0,5355.1,75.0,5.0,0.5,3.0,0,0,9
167.14966,54.0,54.0,193.0,144.16667,60.0,197.75438,190.96109,0.0,7499.905,86.0,7.0,0.6093935,2.0,0,0,9
60.0,54.0,54.0,12701.931,151.0,0.0,513.3333,12.247449,0.0,14252.981,92.94612,3.0,0.6666667,15.775894,0,0,9
102.0,54.0,54.0,7184.0,571.0,54.0,67.5,190.96109,0.0,15824.513,80.0,0.0,0.6,2.0,3,0,9
128.0,54.0,54.0,5949.0,97.0,60.0,513.3333,0.0,0.0,13239.456,86.0,2.0,1.0,2.0,0,2,9
69.74126,66.0,86.0,0.0,144.16667,54.0,80.0,0.0,241.34224,87.30659,86.0,0.0,0.45421764,3.0,0,0,9
60.0,54.0,54.0,6865.261,571.0,0.0,471.14575,11.785113,0.0,15525.574,211.38095,0.0,1.0,2.0,0,0,9
60.0,54.0,54.0,96.0,571.0,60.0,865.55615,245.49184,17.361975,14239.475,129.13205,2.0,0.827724,4.0,0,0,9
569.6,54.0,54.0,85.620705,571.0,60.0,240.16989,160.11073,499.88666,6990.3115,231.94356,2.0,0.5,19.0,0,0,9
882.5,54.0,54.0,628.3952,101.0,54.0,63.42857,129.9484,0.0,2334.9192,72.0,0.0,0.5,2.0,0,0,9
323.4,66.0,74.549255,54.0,165.0,60.0,513.2587,190.96109,475.74835,160.67183,75.0,2.0,0.6666667,3.0,3,0,9
100.73524,54.0,54.0,11139.082,571.0,54.0,63.42857,0.0,0.0,643.1344,117.28647,3.0,1.0,4.0,3,0,9
70.39482,54.0,54.0,230.51851,238.0,60.0,74.179214,109.42923,550.9323,11020.744,79.0,2.0,0.5,7.0,0,2,9
517.7574,54.0,54.0,691.32117,144.16667,60.0,67.5,124.71615,0.0,87.31126,86.0,0.0,1.0,3.0,0,0,9
882.5,66.0,75.0,886.61316,170.0,0.0,513.3333,220.56679,644.05206,8451.467,79.0,0.0,0.5,3.0,0,0,9
60.0,54.0,54.0,210.00067,91.51671,60.0,66.665474,15.5,0.0,1145.8499,70.0,25.000963,1.0,3.0,0,0,9
182.0,80.0,86.0,0.0,571.0,60.0,184.7419,0.0,232.05334,217.4717,149.28572,1.0,0.5,3.0,0,0,9
96.0,54.0,54.0,205.0,144.16667,60.0,562.4459,220.3892,331.28647,8426.443,129.0,2.0,0.5,2.0,3,0,9
213.7441,54.0,54.0,7592.9307,571.0,60.0,860.734,271.2409,21.116034,7821.2847,79.0,0.0,0.33333334,2.0,0,0,9
648.977,54.0,71.0,180.0,86.0,60.0,461.45062,0.0,0.0,3981.9846,86.0,17.0,0.75,3.0,3,0,9
882.5,60.0,91.49005,342.0,238.0,60.0,696.13715,178.24268,0.0,216.15732,109.26716,0.0,0.6,2.0,3,0,9
538.50555,60.0,86.0,54.0,577.0,60.0,86.0,123.111115,0.0,1098.5946,114.0,2.0,1.0,3.0,3,0,9
214.67448,69.0,60.0,2101.2952,134.58524,60.0,451.8,30.210974,0.0,17323.074,121.0,0.0,0.71428573,2.0,0,0,9
114.0,54.0,54.0,10501.075,165.0,60.0,146.16667,0.0,0.0,16202.9,78.0,0.0,0.996088,5.0,0,0,9
60.0,54.0,54.0,6807.45,167.0,60.0,636.9272,179.01147,11.785113,15195.849,76.0,0.0,0.12733676,3.0,0,0,9
226.1862,54.0,60.0,292.0,167.0,60.0,694.06744,8.485281,0.0,3882.1455,71.40653,7.0,1.0,2.0,0,0,9
122.3845,54.0,54.0,160.0,78.0,60.0,162.22873,0.0,0.0,595.77673,72.0,8.0,1.0,3.0,0,0,9
182.0,54.0,54.0,6880.1733,571.0,54.0,531.50836,171.596,5.0,11453.53,76.0,0.0,0.5,2.0,0,0,9
140.50598,54.0,54.0,12744.77,144.16667,54.0,218.18289,190.96109,6.6644554,7982.6934,86.0,6.0,1.2307693,4.0,3,0,9
145.0,69.0,60.0,171.0,571.0,0.0,476.44293,12.0,425.18,619.8992,118.26674,2.0,0.75,3.0,0,0,9
795.5532,54.0,54.0,6942.289,191.50864,60.0,89.67815,0.0,0.0,20418.232,86.0,7.0,0.6666667,3.0,0,0,9
60.0,66.008965,69.50713,205.0,119.0,60.0,66.34413,171.66039,0.0,15458.585,86.0,0.0,0.123698466,3.0,0,0,9
624.776,54.0,54.0,120.0,228.93474,60.0,539.3674,190.96109,569.6126,3766.306,78.0,2.0,0.9089,2.0,0,0,9
60.0,54.0,54.0,180.0,144.16667,54.0,513.3333,65.59144,556.05365,3409.7288,79.0,0.0,0.90909094,6.0,0,0,9
54.0,75.0,86.0,293.6822,234.0781,54.0,792.75073,177.67699,606.1018,4660.8667,86.0,0.0,1.1810547,3.0,0,0,9
627.26025,78.0,86.0,0.0,354.0,60.0,80.85714,0.0,507.3883,8777.774,147.02225,0.0,1.0,3.0,4,0,9
60.0,54.0,54.0,180.0,571.0,60.0,769.3645,190.96109,548.1719,9044.605,217.10936,0.0,0.75,3.0,3,0,9
653.0909,54.0,60.0,57.563393,78.0,60.0,66.0,0.0,116.161285,7524.6553,76.0,0.0,0.72481257,2.0,0,0,9
323.4,60.0,66.0,220.84077,350.0,60.0,67.875,0.0,0.0,218.64078,245.12779,3.0,0.75,3.0,0,0,9
105.08409,54.0,54.0,180.0,406.0,60.0,67.875,172.2362,0.0,9133.018,231.73303,7.0,1.0,2.0,3,0,9
849.8571,54.0,54.0,145.0,571.0,54.0,67.5,0.0,0.0,1088.1337,237.62076,4.0,0.5,3.0,0,0,9
625.6959,54.0,54.0,6694.022,571.0,54.0,326.85318,0.0,0.0,12958.582,246.27019,0.0,0.5,2.0,4,0,9
160.99544,54.0,60.0,5295.0,168.9845,54.0,67.5,0.0,0.0,15269.676,69.0,6.0,0.9893745,3.0,0,0,9
622.37115,54.0,54.0,13890.906,577.0,60.0,107.333336,0.0,0.0,7313.219,174.26865,2.0,0.75,2.0,3,0,9
64.333336,74.0,101.0,160.0,348.1275,54.0,92.333336,1.0482653,0.0,7093.8086,137.10927,0.0,1.0,5.0,0,0,9
54.0,66.0,66.0,0.0,86.0,54.0,66.0,0.0,0.0,28987.334,81.0,21.0,1.1999912,4.0,0,0,9
493.21484,59.994553,88.16755,145.0,571.0,54.0,513.3333,174.33582,419.49423,919.32855,118.28895,3.0,0.75,2.0,0,0,9
54.0,54.0,60.0,300.2432,117.2928,54.0,66.0,0.0,0.0,17199.389,86.0,0.0,1.0,4.0,0,0,9
120.36618,66.0,60.0,54.0,153.55556,60.0,67.5,7.6241035,0.0,14240.956,76.0,0.0,0.5,3.0,0,0,9
60.0,66.0,60.0,5295.0,89.0,54.0,75.0,0.0,0.0,19037.98,72.0,23.202421,1.7691394,2.0,0,3,9
339.0823,54.0,54.0,221.5968,85.0,60.0,67.5,0.0,0.0,19882.203,72.0,2.0,1.0,2.0,0,0,9
882.5,66.0,86.0,213.99539,144.16667,54.0,76.0,0.0,0.0,22038.504,101.0,0.0,0.75,1.0,3,0,9
60.0,54.0,54.0,5295.0,101.0,54.0,66.0,15.173594,0.0,19984.695,86.0,0.0,0.5,2.0,0,0,9
676.7318,54.0,54.0,11917.867,581.0,60.0,883.1829,152.64835,11.785113,8046.6016,315.24484,4.0,1.1428572,2.0,0,0,9
882.5,72.32736,54.0,5854.372,348.0,60.0,74.0,0.0,0.0,163.4319,144.16667,0.0,0.6,2.0,0,0,9
799.2281,54.0,54.0,139.0,571.0,60.0,534.25323,131.94907,408.3044,7799.611,154.081,2.0,0.6666667,3.0,0,1,9
234.42273,54.0,54.0,8381.154,571.0,60.0,86.0,0.0,0.0,68.975,206.69815,2.0,0.5,3.0,0,0,9
529.00885,54.0,55.0,3883.157,339.4988,54.0,426.60358,0.0,0.0,9976.759,182.49345,3.0,1.2,2.0,3,0,9
426.6353,54.0,54.0,180.0,92.0,60.0,67.5,0.0,0.0,2514.6743,72.0,9.0,1.4518797,3.0,0,0,9
71.94388,54.0,54.0,12631.488,678.87415,60.0,74.0,35.225494,590.1817,2197.3113,119.23156,0.0,0.71428573,3.0,3,0,9
60.0,54.0,54.0,180.0,101.0,54.0,513.3333,165.39058,0.0,654.5653,77.09494,8.0,1.2857143,2.0,0,0,9
150.0,72.01403,72.0,285.72195,342.9972,54.0,439.69138,190.96109,13.5631695,151.33923,86.0,0.0,0.5,3.0,0,0,9
135.0,74.0,69.5,264.40204,89.0,60.0,729.33075,190.96109,25.728848,1102.7925,86.0,0.0,0.5,2.0,0,0,9
159.35568,54.0,75.0,216.75998,249.41667,60.0,66.0,0.0,0.0,87.25339,144.16667,0.0,1.0,4.0,0,0,9
676.75366,71.0,66.0,2566.753,223.41287,60.0,415.6808,172.27916,444.87,4579.6094,69.0,10.0,1.0,2.0,3,0,9
128.0,54.0,54.0,180.0,346.67633,60.0,74.333336,0.0,0.0,3414.9026,86.0,0.0,0.33333334,2.0,3,0,9
60.0,67.5,54.0,120.0,90.89963,60.0,69.0,0.0,0.0,16995.191,78.0,2.0,1.2222222,2.0,0,2,9
60.0,54.0,60.0,60.0,571.0,54.0,769.3508,220.4579,560.0711,7801.858,129.0,0.0,0.75,7.0,0,0,9
927.484,54.0,54.0,120.0,348.0,54.0,63.42857,0.0,0.0,1692.9258,149.28572,2.0,0.5,2.0,0,0,9
54.0,54.0,54.0,6896.4634,147.10765,54.0,85.38504,177.23972,0.0,133.42714,89.0,0.0,1.0,6.0,0,0,9
101.14185,54.14808,75.0,815.2118,165.0,60.0,481.09116,8.485281,0.0,4733.877,92.0,0.0,0.5,3.0,0,0,9
60.0,60.0,60.0,5295.0,173.10411,60.0,367.38882,0.0,11.785113,11828.175,71.53229,0.0,0.72835356,3.0,0,0,9
88.847885,54.0,54.0,193.0,174.24274,54.0,66.0,116.26697,0.0,10773.547,96.25027,3.0,1.0,2.0,3,0,9
60.0,54.0,54.0,154.0,571.0,54.0,124.937775,0.0,0.0,19923.361,86.0,3.0,0.75,3.0,0,0,9
60.0,54.0,54.0,5295.0,342.19785,60.0,513.3333,159.97662,0.0,2254.6836,128.34128,0.0,1.0,2.0,0,0,9
60.0,54.0,54.0,120.0,165.0,54.0,86.0,102.65791,25.012781,7248.747,80.0,1.0,1.0,7.0,3,0,9
91.662056,54.0,60.0,54.0,144.16667,54.0,63.42857,190.96109,0.0,14489.574,125.8319,2.0,1.0,1.0,0,0,9
383.87012,60.0,69.0,135.0,179.0,60.0,66.0,0.0,0.0,17544.53,165.0,2.0,0.5,3.0,0,0,9
169.48788,54.0,54.0,5696.0,348.0,60.0,831.7297,0.0,0.0,16626.28,251.77425,2.0,1.0,4.0,0,0,9
60.0,54.0,54.0,5939.105,190.67026,54.0,413.83456,0.0,0.0,9218.907,132.29463,0.0,0.8333333,7.0,0,0,9
579.03564,54.0,69.0,369.4352,141.0,60.0,103.333336,112.35156,590.26117,5754.0674,86.0,8.0,0.33333334,11.0,3,0,9
60.0,54.0,54.0,139.0,165.0,0.0,514.86005,0.0,0.0,11041.704,86.0,3.0,0.6,3.0,0,0,9
114.41362,54.0,54.0,180.0,571.0,60.0,520.9531,155.85764,0.0,15250.365,78.0,14.0,1.0,4.0,0,0,9
116.558784,54.0,54.0,180.0,101.0,74.0,101.93143,0.0,439.48367,7806.121,86.0,0.0,0.5,3.0,3,0,9
64.7389,55.0,54.0,2514.445,164.95862,60.0,132.84154,131.06984,6.8029885,9215.627,144.16667,0.0,0.5,3.0,0,0,9
79.782295,60.0,71.0,180.0,350.0,60.0,114.21136,0.0,0.0,13837.825,166.0443,0.0,0.43965694,2.0,0,0,9
142.1058,54.0,54.0,160.0,571.0,60.0,513.3333,177.60216,559.61884,9712.639,144.16667,0.0,0.9145938,12.218397,0,0,9
60.0,54.0,54.0,180.0,151.0,54.0,390.3147,8.485281,0.0,777.1176,72.0,14.465102,1.0,28.410097,3,0,9
692.7273,54.0,54.0,7700.131,165.0,60.0,689.3353,0.0,0.0,10179.56,85.0,3.0,0.75,3.0,0,0,9
939.60565,54.0,54.0,7008.471,243.29866,60.0,394.31818,190.96109,0.0,6799.204,165.0,0.0,1.0,2.0,0,0,9
188.99011,54.0,54.0,150.94247,86.0,0.0,453.14304,0.0,0.0,3378.2346,72.0,2.0,0.75,3.0,0,0,9
637.0464,54.0,54.0,342.0,97.65567,54.0,867.94525,352.2468,584.0075,12932.007,72.0,21.509106,2.0,2.0,0,1,9
203.00992,54.0,54.0,2586.6199,279.31354,60.0,67.5,0.0,0.0,7540.983,88.37825,4.0,0.9079211,2.0,0,0,9
497.91882,78.0,69.0,54.0,91.24835,60.0,513.3333,0.0,0.0,971.2751,76.0,5.0,0.5,3.0,0,0,9
216.028,54.0,54.0,7703.0,571.0,60.0,513.3333,13.666898,0.0,8914.31,225.8953,5.0,1.2222222,3.0,3,0,9
60.0,54.0,60.0,102.0,78.0,54.0,145.49947,110.004265,11.815343,2186.9421,69.0,32.40847,0.6,7.0,0,0,9
882.5,54.0,60.0,54.0,571.0,60.0,133.08087,0.0,0.0,15689.644,93.58691,0.0,0.6,2.0,0,0,9
576.63965,67.5,75.0,54.0,779.808,54.0,74.0,0.0,0.0,10027.107,92.7369,2.0,0.8,2.0,0,0,9
868.3679,69.0,71.32044,180.0,354.0,60.0,298.14282,11.785113,0.0,568.9244,79.170135,24.0,1.2222222,2.0,0,0,9
60.0,54.0,54.0,5295.0,86.0,60.0,813.2439,111.72906,559.0861,11083.481,86.0,2.0,0.6666667,3.0,3,0,9
230.0988,60.0,66.0,83.38305,571.0,54.0,884.9909,303.85843,14.61354,13352.99,86.0,2.0,1.2222222,2.0,3,0,9
849.8571,75.0,60.0,180.0,189.25,60.0,205.0,0.0,0.0,26568.54,78.0,2.0,0.5,3.0,0,0,9
208.21841,54.0,54.0,5973.114,285.0,0.0,564.76965,190.96109,529.45074,9253.19,92.847145,1.0,0.75,3.0,0,0,9
608.5645,60.0,54.0,5295.0,346.902,60.0,591.09784,133.04546,0.0,10980.271,252.68263,5.0,0.75,3.0,0,0,9
91.0,54.0,60.0,2062.6006,165.0,60.0,525.6527,0.0,0.0,87.62688,146.996,0.0,0.6666667,3.0,0,0,9
128.99252,66.0,79.0039,223.0,237.96367,54.0,69.0,109.76543,37.245518,13346.74,86.0,1.0,0.9789067,4.0,0,0,9
603.61224,69.0,60.0,392.87256,165.0,60.0,887.1335,0.0,0.0,18475.912,144.16667,2.0,0.75,4.0,0,0,9
139.0,54.0,60.0,214.73175,129.75499,54.0,146.16667,190.96109,0.0,11069.004,101.0,3.0,1.0,4.0,3,0,9
60.0,54.0,54.0,180.0,346.1391,54.0,701.02625,0.0,0.0,14941.06,86.0,2.0,1.0,3.0,0,0,9
60.0,54.0,78.0,0.0,151.37798,60.0,513.3333,122.650116,0.0,492.39667,86.0,5.0,0.8333333,3.0,0,0,9
596.9817,54.0,54.0,7820.773,246.25032,60.0,513.3333,160.22952,566.057,7084.9917,79.0,4.0,0.5,4.0,0,0,9
60.0,54.0,54.0,8260.793,240.18155,54.0,103.333336,177.9645,590.17114,7489.8926,144.16667,0.0,0.75,3.0,0,2,9
60.0,54.0,54.0,837.40845,86.0,0.0,80.85714,0.0,0.0,16206.661,73.0195,0.0,1.0,6.0,0,0,9
122.94767,54.0,66.0,2850.6987,231.10118,60.0,132.33,172.05717,14.61354,10891.062,165.0,8.0,0.71428573,4.0,3,0,9
882.5,54.0,54.0,180.0,571.0,54.0,575.3684,220.4579,476.40366,11120.271,75.0,0.0,0.5,2.0,0,0,9
60.0,54.0,54.0,6271.7925,571.0,60.0,180.89774,27.08333,0.0,13622.132,71.0,8.0,1.0,4.0,0,0,9
94.033195,75.0,60.0,54.0,78.0,60.0,631.3081,0.0,0.0,17137.352,69.0,9.0,0.8333333,3.0,3,0,9
757.61566,54.0,66.0,54.0,76.0,60.0,66.0,0.0,0.0,20266.115,75.0,7.0,0.5818248,2.0,0,0,9
64.333336,54.0,54.0,120.0,155.63084,60.0,878.2273,8.485281,421.58276,13926.257,101.0,2.0,0.75,4.0,0,0,9
118.61958,60.0,60.0,54.0,134.58005,60.0,415.6346,156.90433,468.74707,9671.295,86.0,1.0,1.0,4.0,0,1,9
225.38986,54.0,54.0,7004.766,92.231476,54.0,869.15344,333.69373,37.252686,14156.718,86.0,2.0,1.0,2.0,3,0,9
73.08075,54.0,54.0,3838.853,170.0,60.0,230.03319,177.9645,0.0,223.18875,144.16667,0.0,0.5,2.0,0,0,9
809.66486,71.0,66.0,643.30524,165.0,0.0,589.49084,177.9645,406.08197,7488.4746,150.97026,0.0,0.75,1.0,4,0,9
60.0,54.0,54.0,9369.921,581.86084,54.0,551.2493,0.0,0.0,19722.977,69.0,0.0,0.5,2.755213,3,0,9
117.32435,54.0,54.0,7664.2334,101.0,54.0,549.8082,254.10129,597.78394,7803.436,71.0,0.0,0.72234464,2.0,0,0,9
69.0,54.0,54.0,6878.9316,92.0,54.0,127.13184,112.275955,519.89575,14506.175,70.25919,0.0,0.75,4.0,3,1,9
60.0,66.0,60.0,5295.0,151.0,60.0,756.49005,0.0,497.9128,11551.892,75.0,12.0,1.0,4.0,0,0,9
607.87427,54.0,60.0,292.0,141.0,60.0,513.3741,0.0,0.0,16205.779,138.00218,8.0,0.5,2.0,4,0,9
213.33273,54.0,54.0,7210.5273,571.0,54.0,489.46472,144.3273,0.0,14913.295,77.0,13.284554,0.75,3.0,0,0,9
66.0,54.0,54.0,180.0,345.0,0.0,529.4519,0.0,0.0,13876.89,135.14604,0.0,1.0,4.0,0,0,9
60.0,54.0,54.0,180.0,151.0,60.0,206.12971,178.60422,529.4216,14128.309,126.15938,2.0,0.5,5.0,0,0,9
563.04596,76.0,70.0,0.0,86.0,60.0,791.0321,8.485281,0.0,18960.756,78.0,8.0,1.1428572,2.0,0,0,9
60.0,54.0,54.0,9211.389,571.0,60.0,615.1421,8.485281,0.0,16201.43,69.70149,11.0,0.50738215,3.0,0,0,9
577.11053,60.0,60.0,54.0,285.0,54.0,67.5,109.6053,571.9296,6487.5435,117.306274,2.0,0.5,3.491235,3,0,9
549.3241,54.0,54.0,7136.1772,366.68503,60.0,704.235,256.30615,0.0,8680.815,144.16667,1.0,0.8899333,4.0,0,2,9
68.333336,54.0,54.0,7674.0,571.0,54.0,121.28607,0.0,0.0,305.32526,101.0,0.0,0.75,4.0,0,0,9
569.6,54.0,77.28906,160.0,86.19442,54.0,513.3333,324.3144,5.0,14635.793,85.0,0.0,0.6,2.0,3,0,9
653.0909,54.0,54.0,180.0,164.37105,60.0,388.3939,123.397026,0.0,4803.025,118.882675,0.0,0.75,4.0,0,0,9
54.0,54.0,54.0,7002.149,213.81859,54.0,67.81996,0.0,0.0,15149.418,89.0,0.0,1.0,5.0,0,0,9
66.03968,60.0,71.0,0.0,86.0,60.0,79.360794,116.38925,0.0,14817.401,75.92771,0.0,0.75,3.0,3,0,9
64.333336,54.0,54.0,1622.3921,144.16667,60.0,690.2764,8.808633,0.0,15219.416,101.0,2.0,0.75,7.0,0,0,9
60.0,54.0,54.0,120.0,571.0,60.0,393.3684,171.66039,98.99747,7504.27,286.91385,6.0,0.75,4.0,0,0,9
882.5,54.0,60.0,706.63104,165.0,54.0,701.8203,341.67307,550.90045,7081.1543,165.0,2.0,0.6,2.0,4,0,9
592.53845,54.0,54.0,154.0,446.88412,60.0,115.79011,11.785113,408.02304,3107.7266,131.16847,0.0,0.6666667,3.0,0,0,9
191.89125,75.82777,94.35207,54.0,597.54675,60.0,86.0,110.66677,0.0,9273.946,101.0,7.0,1.2,2.0,0,0,9
60.0,54.0,54.0,292.0,86.0,60.0,107.25408,0.0,0.0,4391.2524,72.0,8.0,1.0,3.0,0,0,9
141.50972,54.0,89.092834,427.0,242.6766,60.0,86.0,171.66039,0.0,7480.1963,92.0,0.0,0.5,3.0,0,0,9
60.0,71.0,77.55352,180.0,234.88791,60.0,76.0,4.426012,529.965,2456.5051,86.43874,3.285576,0.65195286,3.0,0,0,9
882.5,54.0,54.0,7703.0,89.0,0.0,513.3333,190.96109,514.3063,1711.5267,69.5,2.027183,1.0,2.0,0,0,9
171.0,54.0,54.0,102.0,571.0,0.0,454.2281,393.1687,638.5646,9679.769,330.44012,3.0,0.5,3.0,0,0,9
60.0,54.0,60.0,2119.2659,165.0,54.0,96.333336,49.66003,610.4168,7250.911,66.0,15.551574,0.75,3.0,0,0,9
54.0,54.0,54.0,5415.0,238.0,54.0,732.47687,68.17543,0.0,9442.375,195.03058,0.0,0.75,4.0,3,0,9
414.77756,54.0,54.0,182.0,135.3018,60.0,71.0,174.0517,0.0,135.57045,85.0,7.0,1.0,3.0,0,0,9
139.0,54.0,54.0,180.0,571.0,60.0,67.5,0.0,0.0,292.41354,128.3721,2.0,0.75,4.0,0,0,9
310.8507,54.0,60.0,54.0,206.58243,60.0,631.5248,177.23972,0.0,15357.008,78.0,0.0,0.71428573,4.0,3,0,9
507.029,54.0,97.33671,180.0,101.0,54.0,565.1401,111.79381,0.0,13340.185,101.0,4.0,1.1428572,2.0,0,0,9
597.1063,67.0,60.0,704.4986,127.24066,60.0,69.45393,160.05807,0.0,13327.9375,72.0,8.0,0.75,4.0,0,0,9
882.5,54.0,60.0,205.0,348.0,60.0,520.9103,8.485281,503.09067,1628.7754,144.16667,0.0,1.0,2.0,5,0,9
882.5,54.0,54.0,180.0,354.0,60.0,694.6035,0.0,0.0,2272.2185,113.01694,3.0,0.8333333,2.0,0,0,9
69.0,66.0,71.0,54.0,144.16667,60.0,96.333336,161.83775,11.785113,11692.554,73.197464,2.0,0.6666667,3.0,3,0,9
68.333336,54.0,67.00377,219.19557,151.0,54.0,67.04191,0.0,0.0,18247.512,69.0,8.0,1.200784,2.0,3,2,9
60.0,54.0,54.0,180.0,571.0,54.0,87.04945,190.96109,0.0,14334.423,86.0,7.0,0.33333334,7.840096,0,0,9
882.5,54.0,54.0,7184.0,571.0,0.0,421.47906,8.485281,0.0,926.8833,144.16667,2.0,1.1111112,1.0,0,0,9
633.27423,54.0,54.0,5949.0,155.0787,60.0,67.5,0.0,0.0,11872.318,141.0,0.0,0.75,2.0,0,0,9
576.4919,74.0,80.0,0.0,571.0,60.0,513.3333,118.74292,509.97473,9207.079,101.16627,2.0,0.5,6.0,0,0,9
735.7732,69.0,60.0,120.0,571.0,60.0,504.57507,168.22095,14.61354,13095.371,76.666664,0.0,0.75,2.0,3,1,9
882.5,69.0,78.0,54.0,321.19998,60.0,832.92596,8.485281,0.0,16143.49,86.0,5.0,1.0909091,2.0,0,0,9
60.0,54.0,54.0,7620.0,165.0,54.0,178.78056,0.0,0.0,2274.4604,133.02367,2.0,1.0,3.0,0,0,9
372.70547,54.0,60.0,60.0,337.69836,60.0,236.92833,123.024864,0.0,12948.193,72.0,0.0,0.75,2.0,0,0,9
702.64197,54.0,54.0,5295.0,173.1274,60.0,72.13724,0.0,0.0,4762.6904,70.0,17.0,0.75,3.0,0,0,9
60.0,67.5,66.0,0.0,249.53546,60.0,69.0,8.485281,0.0,11577.074,86.0,0.0,0.83119357,3.0,3,0,9
603.1667,54.0,54.0,181.0,422.35062,0.0,499.57144,8.485281,11.785113,3043.0173,119.5185,1.0,0.5,2.0,0,0,9
228.95679,54.0,54.0,180.0,82.0,60.0,67.875,12.0,0.0,2534.447,72.0,12.0,1.4947143,2.0,3,0,9
653.0909,54.0,54.0,180.0,365.5548,54.0,131.98927,12.0,0.0,282.62436,86.0,9.0,0.75,2.0,3,0,9
207.27716,54.0,54.0,180.39978,571.0,60.0,67.5,118.75461,0.0,15775.43,181.64113,2.0,1.1111112,3.0,0,0,9
74.87648,54.0,54.0,102.0,94.0,60.0,67.5,0.0,11.785113,14258.125,70.0,8.0,1.0,3.0,0,0,9
69.0,77.0,69.50629,306.10162,170.0,60.0,327.6463,190.96109,424.66928,1497.3329,86.0,0.0,0.6666667,4.0,0,0,9
153.9706,54.0,54.0,885.4027,162.4024,54.0,696.6256,0.0,0.0,17104.885,80.0,0.0,1.0,6.0,3,0,9
159.39708,54.0,60.0,180.0,348.39368,54.0,67.5,8.485281,0.0,4895.821,144.16667,0.0,0.5,3.0,0,0,9
692.7273,74.34545,75.0,0.0,685.8408,0.0,451.8,190.96109,0.0,9249.848,85.0,0.0,0.37099925,2.0,0,0,9
882.5,54.0,60.0,54.0,577.0,60.0,67.5,167.5484,0.0,150.70125,125.92803,2.0,0.5,2.0,0,0,9
60.0,54.0,54.0,292.96988,121.0,60.0,451.85,112.267006,0.0,17033.273,69.0,12.0,0.5,6.0,0,0,9
60.0,54.0,60.0,2560.0,343.94025,0.0,121.62266,0.0,13.0,11825.261,99.40273,0.0,1.0,4.0,0,0,9
316.46408,54.0,54.0,5957.9756,86.0,60.0,161.04276,0.0,0.0,14159.942,69.0,2.0,1.0,1.0,0,0,9
60.0,54.0,54.0,180.0,144.16667,54.0,71.0,121.426346,11.895289,11082.247,86.0,0.0,0.5,3.0,3,0,9
60.0,54.0,54.0,135.0,78.0,60.0,67.5,0.0,0.0,16647.174,76.666664,2.0,0.8296857,4.0,0,0,9
71.0,54.0,54.0,180.0,166.4995,60.0,89.282776,117.997765,0.0,4617.841,151.0,2.0,0.6,4.0,3,0,9
111.89958,54.0,54.0,7674.0,350.0,60.0,453.23486,188.95238,11.785113,1189.242,72.0,11.0,0.75,3.0,0,0,9
605.23804,54.0,54.0,2484.4321,151.0,60.0,112.666664,167.35413,408.66312,260.16815,86.0,2.0,0.5,5.0,4,0,9
342.0,54.0,54.0,194.32738,118.68474,60.0,67.5,12.0,0.0,11089.183,89.0,2.0,1.0,1.0,0,0,9
76.8113,54.0,54.0,180.0,147.0,60.0,152.59135,0.0,0.0,217.08545,101.0,0.0,0.75,3.0,3,0,9
153.9014,67.5,78.0,54.0,147.09749,60.0,75.0,118.46314,0.0,5060.5176,86.0,0.0,0.7787376,4.0,3,0,9
676.875,54.0,54.0,6942.232,254.86589,60.0,569.25714,101.08268,0.0,17044.066,72.0,17.0,1.214654,2.0,3,0,9
60.0,60.0,66.0,0.0,1292.0,60.0,469.18698,177.23972,623.1936,6005.5586,86.0,6.0,1.0,4.0,0,0,9
111.41332,54.0,54.0,6666.462,349.0,60.0,415.63635,0.0,0.0,1692.0131,104.335754,2.0,1.1800448,3.0,0,0,9
69.0,54.0,60.0,342.0,177.0,60.0,112.333336,8.485281,0.0,15374.4375,128.45544,9.0,0.5,5.0,0,0,9
73.0,66.0,69.0,180.0,86.0,54.0,67.875,190.96109,0.0,17217.564,86.0,27.0,1.0,2.0,3,0,9
54.0,66.0,86.0,90.724236,571.0,0.0,478.79114,116.53983,0.0,11071.073,281.2095,3.0,0.75,3.0,0,0,9
622.52606,54.0,54.0,14415.629,252.85657,60.0,589.5819,0.0,0.0,4767.225,78.0,2.0,0.7736451,4.0,0,0,9
60.0,54.0,54.0,7844.6045,144.16667,60.0,860.80725,0.0,99.82922,96.27171,86.0,0.0,0.75,6.0,0,0,9
95.35545,71.0,80.0,54.0,1276.1588,54.0,513.3333,190.96109,112.661964,6513.3057,144.16667,2.0,1.0,3.0,0,0,9
882.5,54.0,60.0,91.0,407.1612,60.0,758.648,314.5901,0.0,8744.275,128.23735,0.0,0.40133518,2.0,0,0,9
64.35878,60.0,54.0,3455.665,342.07263,60.0,67.5,68.171265,501.72925,14771.461,86.0,3.0,0.75,11.2780285,0,0,9
487.8121,54.0,55.0,581.117,346.0,60.0,134.33333,21.350079,595.49817,7542.8315,69.0,12.0,0.75,7.0,0,0,9
639.5,54.0,60.0,1374.3099,345.0,60.0,67.5,0.0,0.0,16104.918,82.71636,2.0,0.6,3.0,0,0,9
935.0916,54.0,54.0,205.0,86.0,54.0,67.875,100.24362,0.0,15658.953,85.0,0.0,0.75,1.0,0,0,9
766.7417,54.0,54.0,146.0,78.0,60.0,69.0,160.01819,523.08923,11691.453,72.0,2.0,0.6666667,3.0,0,0,9
139.0,54.0,54.0,180.0,86.0,54.0,66.0,15.084945,0.0,629.5979,85.0,0.0,0.75,2.0,0,0,9
847.5581,54.0,54.0,2105.3435,121.0,60.0,468.86557,154.99374,0.0,2356.295,72.0,0.0,0.9608021,2.0,0,0,9
60.0,54.0,60.0,54.0,571.0,54.0,74.333336,24.65726,0.0,152.02605,102.686356,0.0,0.5,3.0,0,0,9
64.370346,54.0,54.0,120.0,571.0,54.0,86.0,12.0,0.0,2426.9985,69.0,16.63485,0.75,3.0,0,0,9
118.031654,54.0,54.0,6256.676,421.31882,54.0,67.5,0.0,0.0,7924.0156,242.33124,3.0,0.7205513,3.0,0,0,9
60.0,54.0,54.0,5295.0,346.0,60.0,181.33333,0.0,0.0,350.7172,71.03223,0.0,0.6,2.0,3,0,9
60.0,54.0,60.0,287.6098,350.0,60.0,67.5,12.0,0.0,18539.092,89.0,0.0,0.8,12.0,0,0,9
886.1641,67.5,72.0,0.0,571.0,54.0,75.0,12.13832,6.5959888,9690.619,86.26797,0.0,0.6666667,2.0,0,0,9
327.116,54.0,54.0,172.08139,129.0,54.0,479.0257,179.33047,0.0,2645.638,78.0,2.0,1.2,3.0,0,0,9
665.6438,54.0,54.0,5295.0,213.10039,60.0,69.0,96.91381,0.0,13823.731,75.0,0.0,1.0,4.0,0,2,9
683.0116,54.0,54.0,7238.0,167.0,60.0,800.4831,8.485281,291.18988,3856.6287,130.40857,0.0,0.6666667,2.0,3,0,9
171.0,54.0,54.0,320.24747,177.0,60.0,822.7328,172.4297,59.32569,9197.658,72.0,26.718567,1.0,3.0,0,0,9
739.7918,54.0,60.0,1459.4874,243.06325,60.0,67.86068,11.504228,416.09076,11100.802,121.0,0.0,0.75,2.0,0,0,9
540.8191,54.0,60.0,60.0,415.18332,54.0,513.3333,0.0,0.0,1824.4448,144.16667,0.0,1.0,4.0,0,0,9
624.865,54.0,54.0,180.0,121.0,60.0,124.95392,112.7457,603.4504,10213.8955,86.0,0.0,0.33333334,2.0,0,0,9
60.0,54.0,54.0,9763.142,571.0,0.0,69.0,0.0,0.0,15643.12,144.16667,0.0,0.75,6.0,0,1,9
882.5,54.0,54.0,180.0,571.0,60.0,220.53651,0.0,0.0,159.96178,136.67136,2.0,0.6,2.0,0,0,9
520.8182,54.0,54.0,145.0,571.0,54.0,63.42857,190.96109,0.0,11149.395,72.0,0.0,0.5,2.0,0,0,9
182.0,54.0,54.0,160.0,78.0,54.0,552.3109,171.78174,65.206024,9020.987,75.0,0.0,1.0,3.0,0,0,9
60.0,74.0,60.0,1617.0,121.0,60.0,86.0,123.39273,0.0,14370.612,77.333336,0.0,0.66817975,2.0,0,0,9
450.30075,60.0,71.0,54.0,129.69855,60.0,95.18593,83.48357,0.0,6712.681,74.0,2.0,0.8333333,2.0,0,0,9
315.05707,54.0,55.0,120.0,144.69185,85.0,129.0,123.240814,0.0,11005.143,78.0,0.0,0.5,3.0,0,0,9
64.333336,54.0,54.0,316.37796,140.28954,60.0,67.5,113.277954,0.0,15401.033,94.43994,10.0,1.679563,6.0,0,0,9
384.78653,67.5,76.666664,180.0,349.0,60.0,80.0,0.0,0.0,23784.5,86.0,5.0,1.0,4.0,0,0,9
136.32768,69.0,66.0,230.01865,155.71135,60.0,781.2955,0.0,14.61354,305.3633,89.0,4.0,0.77220505,4.0,0,0,9
638.3189,54.0,54.0,7174.307,284.56686,60.0,67.5,0.0,0.0,11826.004,80.01859,0.0,0.75,5.0,0,0,9
54.0,66.0,69.0,54.0,89.22356,54.0,66.0,0.0,0.0,16192.817,75.0,6.0,1.1725338,3.0,0,0,9
82.593956,54.0,54.0,6878.014,354.0,60.0,67.5,12.0,0.0,7246.9478,72.0,3.0,0.75,3.0,0,0,9
659.7,66.0,69.0,2315.3708,121.0,54.0,69.8104,123.391045,223.72397,6357.9346,102.698364,2.0,1.1111112,2.0,0,0,9
608.18976,54.0,54.0,626.7058,190.71974,60.0,513.1441,190.96109,0.0,2334.565,157.06969,1.0,0.5,3.0,0,0,9
207.7093,54.0,54.0,160.0,571.0,60.0,851.0525,177.23972,12.065895,120.32031,179.75337,2.0,0.75,3.0,3,0,9
837.9891,54.0,60.0,58.128105,205.0,60.0,513.3333,0.0,420.49863,1892.7235,125.9123,0.0,0.6666667,3.0,0,0,9
79.876595,54.0,92.0,139.0,143.7,54.0,485.7797,0.0,0.0,1572.7507,101.0,2.0,0.75,3.0,0,0,9
94.54192,54.0,54.0,7831.9253,613.4584,60.0,165.0,0.0,13.0,9395.201,81.45599,0.0,0.5,3.0,0,0,9
343.19708,54.0,60.0,269.2939,165.0,60.0,80.85714,174.45349,0.0,17048.918,69.0,0.0,1.0,3.0,0,0,9
414.87863,54.0,54.0,7620.0,354.0,54.0,513.3333,0.0,0.0,4299.3096,72.0,2.0,1.0,2.0,0,0,9
60.0,54.0,54.0,7654.9976,571.0,54.0,812.08307,292.93777,596.33685,7527.2036,77.05497,2.0,1.0884441,5.0,0,0,9
742.097,66.0,71.0,0.0,353.81534,54.0,67.5,0.0,0.0,14119.955,86.0,8.0,1.3066913,2.0,0,0,9
85.0,67.5,69.0,180.0,124.54501,60.0,69.0,0.0,0.0,23619.74,78.0,8.0,0.75,4.0,0,0,9
659.8506,54.0,60.0,596.6351,151.0,60.0,836.9385,170.17468,594.867,8056.393,144.16667,2.0,1.0,1.0,0,0,9
60.0,54.0,54.0,7184.0,571.0,60.0,223.85207,182.51416,14.61354,845.6388,130.41849,0.0,0.75,1.0,0,0,9
625.2936,71.0,72.0,181.0,348.0,54.0,526.82056,177.23972,0.0,1587.4163,77.9685,22.163183,0.6666667,3.0,5,0,9
73.0,54.0,54.0,13937.453,710.10693,54.0,67.5,0.0,0.0,15376.307,190.36667,2.0,1.0,2.0,0,0,9
68.333336,54.0,54.0,6880.2383,86.0,60.0,86.0,110.34694,2.007195,14252.212,86.0,0.0,0.5,3.0,0,0,9
578.54004,54.0,54.0,7184.0,571.0,60.0,394.05652,0.0,0.0,17529.697,75.0,2.0,0.5,3.0,3,0,9
60.0,54.0,54.0,6472.587,571.0,54.0,165.0,0.0,0.0,11950.092,118.6213,0.0,1.0,6.0,0,0,9
520.8182,69.0,60.0,180.0,490.21533,60.0,155.44322,165.5466,0.0,15143.053,86.0,2.0,1.0,3.0,0,0,9
60.0,54.0,54.0,6656.8823,236.2194,60.0,67.5,162.0025,0.0,82.136475,147.23994,0.0,0.5,4.0,0,0,9
60.0,54.0,54.0,6096.4683,571.0,54.0,523.12726,296.815,615.6893,9664.652,144.16667,2.0,0.5,4.0,0,0,9
208.37134,54.0,69.0,884.1967,165.0,54.0,63.46718,182.52191,0.0,9695.691,121.0,2.0,1.1111112,2.0,0,0,9
626.24,54.0,60.0,60.0,78.0,60.0,86.0,131.77768,0.0,5666.8896,72.0,4.0,0.5,4.0,0,0,9
73.0,54.0,54.0,1527.8905,159.44635,60.0,428.1221,67.39637,352.8319,11283.316,121.0,2.0,0.6666667,3.0,0,0,9
60.0,54.0,75.61958,1429.0,151.0,54.0,181.33333,170.9829,595.02,11649.279,144.16667,8.0,1.0,4.0,0,0,9
140.12306,75.0,78.0,0.0,159.91519,54.0,573.4058,269.3947,0.0,15587.219,86.0,0.0,0.5,2.0,0,0,9
252.36758,69.0,70.0,538.3726,201.23769,60.0,118.7817,173.42,566.07965,11828.479,86.0,0.0,0.5,3.0,0,0,9
60.0,54.0,54.0,145.0,143.87093,54.0,66.0,0.0,0.0,461.70282,85.0,2.0,1.0,3.0,0,0,9
60.0,54.0,60.0,205.0,327.67676,60.0,85.333336,167.74754,0.0,15221.809,88.68999,2.0,1.0,3.0,0,0,9
114.0,67.5,77.519295,54.0,352.89682,60.0,71.0,12.0,0.0,15054.241,88.9608,0.0,0.5,3.0,0,0,9
91.87847,54.0,60.0,54.0,120.98766,60.0,112.666664,12.0,0.0,5741.4727,78.0,0.0,0.5,4.0,3,0,9
549.8007,54.0,54.0,180.0,85.0,60.0,67.875,89.551025,0.0,10364.431,82.74118,0.0,0.33333334,2.0,0,0,9
160.0,67.5,71.0,180.0,337.57068,60.0,72.75506,0.0,476.4092,3525.5444,86.0,24.0,1.4543859,3.0,3,0,9
603.3147,60.0,71.0,1429.0,151.0,60.0,513.3333,8.485281,0.0,11864.029,122.90293,7.0,1.0,2.0,4,0,9
96.229164,54.0,54.0,5005.597,121.0,60.0,467.41196,186.22253,566.29535,1175.4219,118.8559,7.4538584,0.5,4.0,0,0,9
54.0,54.0,54.0,9586.995,571.0,54.0,132.58797,83.448784,11.785113,1791.2682,144.16667,0.0,0.91285676,4.0,0,0,9
72.5,54.0,76.0,0.0,254.10011,60.0,393.76172,8.485281,0.0,1204.3082,86.0,3.0,0.5,3.0,0,0,9
60.0,54.0,54.0,2540.1606,144.87189,60.0,86.0,116.006355,582.6963,10658.119,72.0,0.0,0.71428573,2.0,0,0,9
60.0,54.0,54.0,5708.23,344.78476,59.46087,127.123795,8.485281,0.0,14518.255,144.16667,8.0,1.6923077,9.645683,0,0,9
54.0,54.0,54.0,6832.1904,121.0,54.0,67.5,12.0,609.02423,8636.227,72.0,2.0,1.0,6.0,0,0,9
160.0,75.0,55.0,85.0,320.381,74.0,86.0,131.28683,0.0,14267.06,78.0,2.0,0.9109226,3.0,0,0,9
60.0,54.0,77.0,54.0,278.57507,60.0,417.12024,80.81259,0.0,14904.838,165.0,5.0,1.0,2.0,3,1,9
142.9577,54.0,54.0,180.0,86.0,54.0,66.0,0.0,0.0,3603.5112,79.0,0.0,1.0,4.0,0,0,9
214.5671,54.0,73.6945,54.0,86.0,60.0,71.0,0.0,362.71835,164.1776,75.0,1.0,0.6666667,3.0,0,0,9
60.0,54.0,54.0,6831.966,351.0,54.0,66.0,0.0,0.0,927.33563,100.67872,0.0,0.33333334,3.0,0,0,9
60.0,54.0,54.0,6863.4224,129.0,54.0,86.0,0.0,0.0,738.5449,86.0,0.0,0.6666667,3.0,0,0,9
60.0,54.0,54.0,182.0,144.16667,54.0,66.0,47.732388,0.0,139.1701,80.941574,0.0,0.75,3.0,0,0,9
60.0,54.0,54.0,5949.0,347.0,54.0,476.18118,0.0,0.0,10480.927,144.16667,0.0,0.75,2.0,0,0,9
124.94941,54.0,54.0,702.0053,134.96175,60.0,523.45233,162.0025,241.18524,9337.829,86.0,3.0,0.5,9.991563,0,0,9
223.0,60.0,69.0,54.0,78.0,60.0,67.5,0.0,0.0,17086.871,75.0,0.0,0.75,4.0,3,0,9
199.24161,66.0,79.0,0.0,571.0,54.0,205.0,0.0,0.0,14246.864,229.93002,6.0,1.0,3.0,0,0,9
54.0,54.0,54.0,6877.345,571.0,0.0,693.05084,210.52284,13.0,12188.3125,135.54546,2.0,1.1,2.0,0,0,9
882.5,69.0,54.0,5415.0,205.0,60.0,77.0,8.485281,0.0,9251.581,86.65739,3.0,0.95247763,2.0,0,0,9
140.65118,54.0,54.0,365.2355,169.13008,54.0,166.88322,190.96109,0.0,165.49493,144.16667,0.0,0.6,2.0,0,0,9
95.80065,54.0,54.0,6471.1206,92.0,54.0,461.0747,8.485281,0.0,8368.603,86.0,2.0,1.0,3.0,0,0,9
145.0,54.0,54.0,916.62726,165.0,54.0,63.42857,0.0,0.0,13608.687,70.0,0.0,0.5,2.0,0,0,9
226.39223,60.0,75.0,54.0,167.0,60.0,115.25007,28.21968,417.32822,11831.595,86.0,0.0,0.75,4.0,3,0,9
60.0,54.0,54.0,7184.0,571.0,54.0,80.333336,8.485281,0.0,15245.9,315.7755,4.0,0.5,5.0,4,0,9
515.10364,66.0,74.0,1850.7207,225.93408,60.0,125.63602,0.0,0.0,2543.1646,151.0,2.0,1.0,2.0,0,0,9
639.5,54.0,60.0,1992.9482,237.76265,60.0,261.47574,4.393724,0.0,15678.712,229.8743,2.0,0.5,3.0,0,0,9
60.0,54.0,54.0,5962.468,571.0,60.0,86.0,122.601555,0.0,15531.124,70.143166,16.550928,0.6666667,4.0,0,0,9
160.0,54.0,54.0,1482.5619,181.6124,60.0,66.0,0.0,0.0,15468.675,165.0,3.0,0.6666667,6.0,0,0,9
592.3525,54.0,54.0,5942.7847,350.0,60.0,134.01514,8.485281,0.0,16047.794,86.0,0.0,1.0,3.441799,0,0,9
60.0,54.0,54.0,140.65297,80.39247,54.0,127.61378,106.59187,0.0,13104.717,78.0,4.0,0.75,3.0,0,0,9
243.6735,54.0,54.0,1237.4738,170.0,54.0,538.96375,171.38611,561.38837,2592.3584,76.0,2.0,0.5,3.0,0,0,9
60.0,54.0,60.0,620.20667,111.28158,60.0,513.3333,177.23972,568.77747,8091.4517,88.007706,2.0,0.5,4.0,0,0,9
80.01596,54.0,60.0,69.0,571.0,60.0,513.3333,190.96109,0.0,8205.527,196.04123,0.0,0.33333334,2.0,0,0,9
592.53845,54.0,54.0,7810.413,144.16667,54.0,835.0991,245.18594,624.37585,2669.796,86.0,2.0,1.0,3.0,5,0,9
630.4406,66.0,60.0,342.0,348.0,54.0,483.1965,190.96109,0.0,10529.367,69.47701,0.0,0.33333334,2.0,3,0,9
60.0,54.0,79.0,54.0,571.0,54.0,798.8155,251.976,14.61354,1679.2594,86.0,7.0,1.3636006,3.0,3,0,9
849.8571,54.0,54.0,145.0,350.0,54.0,66.0,0.0,52.53983,2207.9329,93.46791,0.0,0.5,2.0,0,0,9
204.53596,54.0,85.280655,0.0,955.9302,60.0,699.67975,0.0,0.0,14506.623,86.0,2.0,0.71428573,3.0,3,0,9
60.0,54.0,54.0,12082.916,350.0,0.0,74.333336,0.0,0.0,22233.756,69.5,8.0,0.5,4.0,3,0,9
620.3903,54.0,54.0,6618.262,217.1903,60.0,87.954094,182.99513,0.0,8977.911,86.627785,3.0,0.5283054,4.0,3,0,9
500.12274,54.0,60.0,54.0,571.0,60.0,204.92473,0.0,0.0,842.0351,135.32877,2.0,1.0,2.0,0,0,9
702.05786,71.0,71.47719,0.0,1292.0,60.0,394.51505,100.213104,611.5999,3641.7756,79.0,2.0,0.5,3.0,0,0,9
85.0,54.0,66.0,1180.9899,238.0,60.0,135.48087,0.0,0.0,13835.357,101.0,0.0,0.75,6.0,3,0,9
91.69732,54.0,54.0,5949.0,349.1725,60.0,66.0,0.0,0.0,242.2113,71.0,0.0,0.8,8.0,0,0,9
71.68365,54.0,54.0,180.0,346.0,60.0,71.0,103.84417,566.17194,14341.669,85.54703,0.0,0.5,3.0,0,0,9
139.0,71.0,69.0,0.0,86.0,60.0,120.84805,118.75539,580.1741,9935.804,76.0,0.0,0.6666667,1.0,0,0,9
489.48636,54.0,60.0,69.0,83.24187,54.0,67.5,179.01147,0.0,10340.51,79.0,0.0,0.75,2.0,0,0,9
59.315292,54.0,54.0,201.41092,488.9288,54.0,76.633766,11.785113,5.0,14232.651,174.21655,2.0,1.0,3.0,0,0,9
153.68791,54.0,60.0,572.5196,129.0,60.0,513.3333,160.11974,579.71185,3294.5073,77.16222,8.0,0.5,4.0,3,1,9
100.916725,54.0,54.0,631.5373,346.0,60.0,150.22603,0.0,0.0,14910.706,75.0,0.0,0.33354965,3.0,0,0,9
738.4526,71.0,69.0,54.0,127.21444,60.0,118.406784,8.485281,0.0,587.1492,78.0,2.0,0.8333333,3.0,0,0,9
882.5,54.0,54.0,148.87445,571.0,60.0,451.85,8.485281,0.0,1861.5648,118.44181,0.0,0.5,2.0,0,0,9
71.33443,54.0,54.0,6506.733,346.0,60.0,220.27058,11.489857,0.0,16298.815,89.61775,0.0,1.0,12.0,0,0,9
181.07066,54.0,54.0,139.0,267.624,54.0,66.0,0.0,0.0,11517.607,78.0,3.0,0.75,4.0,0,0,9
627.647,74.0,60.0,139.0,78.0,60.0,233.86292,123.23304,0.0,14910.773,72.0,0.0,0.33333334,2.0,0,0,9
621.57465,65.27287,86.0,0.0,160.47446,54.0,74.0,0.0,13.797799,11093.115,86.0,2.0,0.75,3.0,0,0,9
572.63525,78.0,72.0,0.0,1292.0,60.0,86.0,0.0,0.0,17801.223,89.0,9.0,0.5,4.0,0,1,9
150.0,54.0,54.0,139.0,86.0,54.0,80.85714,0.0,0.0,21242.729,79.0,2.0,0.5,4.0,3,0,9
488.11642,54.0,54.0,7169.504,351.0,54.0,66.0,171.15678,449.20688,11311.281,72.0,38.18247,0.33559662,4.0,0,0,9
670.4519,54.0,66.0,492.44324,347.17242,60.0,769.29083,0.0,114.44897,964.6109,167.0,2.0,0.75,3.0,4,0,9
603.1667,54.0,54.0,181.0,173.96077,74.0,90.678085,109.99737,7.0159836,690.8509,87.4584,7.0,0.5,5.0,0,0,9
266.97476,54.0,54.0,143.65096,78.0,60.0,810.44165,84.405876,485.01047,4761.0884,72.0,10.0,0.5,5.0,3,0,9
172.85931,54.0,54.0,181.23392,490.43866,0.0,513.3333,0.5,12.5,980.3672,118.51263,2.0,0.5,3.0,3,0,9
54.0,54.0,77.0,54.0,356.52148,54.0,66.0,177.26187,0.0,10770.667,165.46487,7.0,1.1473744,4.0,3,0,9
392.9032,54.0,60.0,3900.0,170.0,54.0,876.62885,401.0517,604.4128,7824.7656,92.0924,0.0,0.75,6.0,0,2,9
631.57495,54.0,54.0,7184.0,92.94837,54.0,66.0,167.92896,438.79813,10072.439,79.0,7.0,0.8333333,2.0,3,0,9
60.0,66.0,78.69773,180.0,299.92755,54.0,513.49945,0.0,0.0,10264.333,178.19234,1.0,1.0,3.0,0,0,9
79.455536,66.0,72.0,205.0,97.0,60.0,67.5,8.485281,0.0,6498.851,75.0,1.5064287,0.5,3.0,3,0,9
128.65028,54.0,69.0,54.0,703.0,60.0,127.0,189.13568,0.0,10705.045,72.0,17.0,1.0,3.0,0,0,9
102.301765,77.0,54.0,4034.6807,282.98642,60.0,114.333336,0.0,0.0,78.698685,144.16667,0.0,0.33333334,2.0,0,0,9
60.0,67.5,66.0,0.0,165.0,0.0,74.60119,109.99737,0.0,297.5375,71.66857,7.0,1.0,4.0,0,0,9
139.0,54.0,60.0,60.0,85.0,60.0,146.16667,0.0,0.0,21262.066,79.0,0.0,0.5,3.0,0,0,9
60.0,54.0,54.0,7056.7803,406.0,54.0,129.0,146.71208,594.479,9935.494,69.0,16.0,1.0,5.0,0,0,9
68.333336,54.0,60.0,5295.0,344.78125,54.0,513.3333,5.224198,0.0,5343.1367,72.0,14.0,1.0,3.0,0,0,9
95.666664,60.0,75.0,55.404236,571.0,54.0,71.0,166.27225,0.0,9317.489,253.57254,2.0,0.5,3.0,0,0,9
95.666664,63.42857,60.0,5295.0,262.18118,54.0,74.0,0.0,0.0,16217.773,170.0,5.0,0.8,4.0,3,0,9
69.0,74.0,86.0,117.2011,119.0,60.0,454.20398,7.344243,0.0,216.04962,86.0,2.0,1.0,3.0,3,0,9
71.79625,54.0,54.0,120.0,78.0,54.0,513.3333,0.0,0.0,10235.417,78.0,0.0,0.33333334,2.0,3,0,9
116.49865,54.0,54.0,7619.913,577.0,60.0,67.5,6.9621096,0.0,19027.256,86.0,2.0,0.50204283,3.0,0,0,9
60.0,54.0,54.0,138.2483,344.16132,55.39225,233.86464,0.0,0.0,4501.677,125.96578,2.0,1.1111112,2.0,0,0,9
95.666664,54.0,54.0,9205.406,571.0,60.0,67.5,0.0,13.0,10982.246,86.0,0.0,1.0,3.0,0,0,9
60.0,54.0,60.0,180.0,349.0,60.0,380.11096,26.8186,0.0,11093.28,253.96126,3.0,0.86842793,2.0,3,0,9
473.32834,54.0,54.0,213.55852,86.0,60.0,589.4856,253.93217,0.0,728.05347,86.0,0.0,0.90909094,4.0,0,0,9
639.5,54.0,54.0,120.0,159.65166,60.0,421.45612,146.17369,593.3778,6836.7407,78.0,0.0,0.75,2.0,0,0,9
606.5157,60.0,60.0,54.0,78.0,54.0,187.5484,75.493675,0.0,6851.4043,70.0,3.0,1.0,3.0,0,0,9
388.433,54.0,54.0,6003.0,351.0,60.0,785.4955,0.0,0.0,17003.299,166.45537,2.0,1.0,4.0,0,0,9
80.93401,54.0,54.0,4580.8716,285.0,60.0,471.66934,8.946572,426.9667,12981.542,204.06032,0.0,1.0,3.0,0,0,9
475.52585,59.848278,60.0,342.0,170.0,60.0,129.0,0.0,0.0,9237.065,75.0,2.0,0.5,3.0,3,0,9
396.29123,63.930737,69.0,54.0,147.0,0.0,513.3333,109.22433,0.0,15042.587,121.0,1.0,0.75,1.0,0,0,9
74.0,54.0,54.0,7736.5684,571.0,60.0,67.5,0.0,0.0,18240.668,115.75071,2.0,1.1,2.0,3,2,9
85.05963,54.0,54.0,7655.6445,235.58572,60.0,499.57144,24.776226,481.83762,10680.583,79.0,12.0,0.83637065,2.0,0,0,9
577.1604,54.0,54.0,6610.4194,318.24478,54.0,67.5,0.0,0.0,17275.19,98.35028,2.0,0.6,3.0,4,0,9
60.0,54.0,54.0,308.30008,170.0,0.0,67.5,0.0,0.0,4326.0728,147.04843,0.0,1.0,5.0,0,0,9
182.0,67.5,60.0,460.73358,165.61438,54.0,69.0,12.0,0.0,7485.9985,111.571335,2.0,1.0,4.0,3,0,9
639.5,54.0,60.0,135.3356,203.93677,60.0,127.186195,171.38611,0.0,10242.382,78.0,2.0,0.5,3.0,0,0,9
61.906937,71.0,79.760086,54.0,165.05879,60.0,114.0521,0.0,0.0,14025.498,88.93272,0.0,0.5,3.0,0,0,9
651.50244,54.0,54.0,2487.5093,165.0,54.0,67.5,0.0,0.0,9249.949,72.0,0.0,0.90909094,5.0,0,0,9
578.56323,54.0,60.0,240.82388,205.0,60.0,669.7427,0.0,0.0,16189.037,86.0,0.0,0.6353834,3.0,0,0,9
653.0909,54.0,54.0,7480.428,86.0,54.0,832.24316,0.0,0.0,16804.81,85.0,8.0,0.81389993,2.0,0,0,9
60.0,69.0,80.0,0.0,89.0,60.0,284.15637,0.0,0.0,17671.053,86.0,2.0,1.0,3.0,0,0,9
68.333336,54.0,60.0,486.40894,165.0,60.0,67.5,102.74609,0.0,8201.661,111.73425,4.0,1.1015855,2.0,0,0,9
60.0,60.0,75.0,54.0,157.44444,60.0,501.39767,0.5,12.320226,2578.2698,86.0,1.0,1.2,3.0,0,0,9
551.8001,54.0,54.0,1913.1566,200.65085,60.0,391.12598,0.0,0.0,13877.676,143.11458,8.0,0.6,3.0,0,0,9
60.0,54.0,54.0,7188.242,91.72124,54.0,69.0,182.24811,0.0,9437.901,91.0,0.0,1.0,4.0,0,0,9
182.0,54.0,54.0,180.0,258.55737,60.0,824.2928,0.0,0.0,17917.346,66.0,7.0,1.1933925,3.0,0,0,9
60.0,54.0,54.0,5415.0,115.09213,60.0,67.5,154.915,0.0,18340.281,69.0,0.0,0.5,3.0,0,0,9
230.21335,74.0,60.0,2067.5276,264.6864,54.0,478.8825,175.33287,5.0,9582.809,178.08575,2.0,0.5,3.0,0,0,9
342.0,69.0,60.0,54.0,628.8142,60.0,112.666664,109.28461,0.0,288.69766,102.6561,2.0,1.0,3.0,4,0,9
156.05705,54.0,54.0,5295.0,190.00566,60.0,67.5,155.79367,0.0,2461.5874,71.520256,2.0,0.5,3.0,0,0,9
60.0,54.0,54.0,6871.4316,350.0,54.0,67.5,76.55448,0.0,13871.769,161.63327,0.0,0.33333334,3.0,3,0,9
750.375,54.0,66.0,0.0,86.0,54.0,513.3333,188.88353,14.61354,7799.4253,86.0,2.0,0.5,2.0,3,0,9
390.32022,77.73958,91.0,0.0,1289.5863,0.0,513.3333,11.785113,0.0,13838.2,102.57242,2.0,1.0751337,3.0,0,0,9
160.0,54.0,60.0,3664.2246,338.81573,54.0,77.702324,171.29918,32.235577,130.96422,144.16667,3.0,0.75,2.0,0,0,9
68.333336,54.0,54.0,171.0,123.08263,60.0,792.9783,171.10754,11.785113,178.19855,86.0,8.0,0.5,6.0,0,0,9
282.79962,54.0,54.0,6085.702,303.8103,60.0,509.35178,0.0,0.0,13199.725,85.46506,6.0,0.75,3.0,0,0,9
342.0,66.0,71.48212,357.07736,99.11118,54.0,66.0,0.0,0.0,18538.459,86.0,3.0,0.6,4.0,0,0,9
639.5,60.0,77.333336,206.45335,92.68546,60.0,86.0,0.0,0.0,12999.293,86.0,8.0,1.0,2.0,0,0,9
676.50824,54.0,54.0,8032.6167,562.22546,60.0,469.99622,167.8803,0.0,501.79456,160.45406,0.0,1.1111112,2.0,0,0,9
332.37332,54.0,54.0,6942.162,361.30017,54.0,395.15863,192.5722,0.0,13943.092,78.0,1.0,0.6,4.0,0,0,9
180.76926,63.42857,101.0,0.0,1292.0,0.0,76.0,0.0,0.0,19096.8,163.26778,0.0,0.5,2.0,3,0,9
84.64341,54.0,54.0,7238.0,571.0,54.0,659.7729,0.0,5.0,7473.02,72.0,0.0,1.0,5.0,3,0,9
172.01752,54.0,54.0,124.19571,571.0,54.0,66.0,0.0,124.8001,194.17845,129.0,0.0,0.6666667,6.0,0,0,9
60.0,54.0,54.0,180.0,282.25293,60.0,184.12802,0.0,0.0,14620.258,144.16667,0.0,1.0,6.0,3,0,9
60.0,54.0,60.0,342.0,133.59544,54.0,67.5,0.0,0.0,727.8013,121.0,2.0,0.75,4.0,0,0,9
60.0,54.0,54.0,7238.0,571.0,60.0,131.7492,29.687355,559.1739,2275.5667,86.0,0.0,0.6666667,36.74069,3,0,9
174.11427,76.0,72.0,145.0,86.04629,54.0,212.33505,7.8221245,0.0,1608.2721,86.0,13.0,1.0,3.0,0,0,9
60.0,54.0,69.0,1374.8794,177.44464,60.0,107.204796,141.94574,0.0,14269.319,78.0,7.0,0.5,6.0,3,0,9
828.49927,60.0,78.0,222.0,175.05685,54.0,67.5,0.0,0.0,18447.195,151.0,2.0,0.9952665,3.0,0,0,9
175.81947,71.0,85.0,0.0,1292.0,60.0,690.36237,0.0,143.02383,10000.947,154.3168,0.0,0.5,3.0,0,0,9
128.31583,54.0,54.0,7620.0,349.0,54.0,67.5,47.021603,0.0,138.89806,165.0,2.0,0.5,3.0,0,0,9
60.0,74.0,60.0,1183.9818,165.0,0.0,343.68616,112.50285,439.3269,11089.5,92.0,2.0,0.6,6.0,0,1,9
536.8681,54.0,60.0,320.17337,179.0,54.0,165.0,190.96109,420.17987,7213.073,86.0,3.0,0.5,3.0,0,0,9
64.333336,67.5,79.0,609.53314,144.16667,60.0,69.0,8.485281,0.0,942.8861,141.0,0.0,0.75,1.0,0,0,9
79.305374,66.0,60.0,205.0,144.16667,60.0,114.333336,0.0,0.0,2624.5586,85.0,0.0,1.0,5.0,0,0,9
603.6063,71.0,74.0,54.0,948.6667,60.0,776.8971,403.73166,12.5,160.9719,110.12375,0.0,0.33333334,2.0,0,0,9
226.09363,54.0,54.0,6808.6816,571.0,60.0,74.0,0.0,0.0,16706.346,79.0,2.0,0.91477025,2.0,0,0,9
54.0,54.0,54.0,7845.799,571.0,54.0,513.3333,220.38155,0.0,10114.46,86.0,0.0,1.0,4.0,3,0,9
86.07936,54.0,54.0,7702.8228,89.0,60.0,74.0,8.485281,612.2727,7802.101,72.0,0.0,1.0,3.0,0,0,9
576.8491,54.0,54.0,180.75629,487.66824,54.0,66.0,0.0,0.0,18268.107,144.16667,2.0,0.75,5.0,3,0,9
60.0,54.0,54.0,6814.3037,571.0,54.0,67.875,109.39508,571.49194,9988.303,86.0,0.0,0.6666667,2.0,0,0,9
60.0,54.0,54.0,6831.0664,86.0,54.0,266.33334,138.06747,0.0,11026.112,70.10881,0.0,0.8333333,2.0,3,2,9
73.0,54.0,54.0,2789.64,343.13812,54.0,795.3784,177.52097,11.785113,9171.072,72.0,0.0,1.0,24.594147,3,0,9
652.3727,54.0,54.0,7691.984,85.0,60.0,415.6431,161.98485,0.0,6674.2485,78.0,0.0,0.75,3.0,3,0,9
408.7791,67.5,66.0,0.0,86.0,60.0,78.0,118.65444,101.51522,2466.634,72.0,11.0,1.2222222,3.0,3,0,9
651.963,54.0,54.0,2817.7454,121.0,60.0,838.3982,179.01147,561.3212,7251.7246,66.0,9.0,0.75,3.0,0,0,9
69.0,71.02553,86.0,54.0,101.0,60.0,790.89484,190.96109,14.61354,163.7931,86.0,0.0,0.5,3.0,3,0,9
74.0,60.0,54.0,2493.4175,177.0,60.0,67.5,0.0,0.0,14796.909,144.16667,6.0,0.5,3.0,3,0,9
568.7057,54.0,61.434513,3831.3071,268.0196,60.0,513.3333,105.674774,6.6742864,7525.005,238.0,4.0,0.5,3.0,0,0,9
583.8971,66.0,60.0,2560.0,164.35493,54.0,69.0,83.04954,0.0,8852.598,144.16667,2.0,0.75,4.0,0,0,9
153.74239,54.0,54.0,135.0,144.16667,60.0,513.3333,167.7622,0.0,2192.9048,78.0,0.0,1.0,3.0,0,0,9
71.54978,54.0,54.0,151.44116,571.0,54.0,67.5,181.22685,0.0,11462.205,262.5834,1.6153697,0.75,7.0,3,0,9
54.0,54.0,54.0,160.0,86.0,54.0,419.25793,8.485281,0.0,16195.298,85.0,0.0,1.0,3.0,0,1,9
60.0,54.0,54.0,5729.0,571.0,60.0,394.30798,167.5484,14.680529,68.73819,138.21329,0.0,0.5,3.0,0,0,9
882.5,54.0,54.0,8357.698,179.3185,54.0,187.04024,0.0,0.0,14240.971,86.0,4.0,1.1111112,2.0,3,0,9
139.0,75.0,69.0,2407.4172,212.24985,60.0,469.86667,190.96109,569.61725,8260.032,165.0,0.0,0.6,3.0,0,0,9
54.0,54.0,54.0,6388.0806,158.86455,0.0,454.20358,206.76846,63.307373,8364.32,72.0,8.0,0.5,6.0,0,0,9
676.875,54.0,54.0,171.0,78.0,60.0,769.23303,8.485281,0.0,13633.604,69.0,4.0,1.0,2.0,0,0,9
505.43668,60.0,65.87624,287.26706,165.0,60.0,67.875,12.0,461.81375,9543.013,157.44444,0.0,0.75,2.0,3,0,9
882.5,71.0,86.0,0.0,1285.5422,54.0,513.3333,0.0,0.0,19497.865,147.0,0.0,1.0,2.0,0,0,9
849.8571,66.0,86.0,180.0,348.4315,60.0,75.0,0.0,0.0,18537.342,133.93015,5.0,1.2,1.0,0,0,9
578.53784,60.0,89.0,292.0,136.78229,60.0,513.3333,0.0,0.0,192.21574,91.0,2.0,0.75,4.0,0,0,9
619.94507,66.0,80.0,180.0,86.0,60.0,70.80353,8.485281,0.0,13153.788,86.0,2.0,0.5,3.0,0,0,9
60.0,54.0,54.0,133.53094,174.23854,60.0,66.0,12.0,0.0,17109.367,86.0,5.0,1.1999193,2.0,3,1,9
550.77814,60.0,73.55994,703.3914,166.12575,60.0,67.5,0.0,0.0,7581.0146,91.431404,0.0,0.6,5.0,0,0,9
182.0,71.0,86.0,342.0,86.0,60.0,387.849,0.0,0.0,9365.26,86.0,2.0,0.5,3.0,0,0,9
160.1021,54.0,66.0,54.0,165.0,54.0,571.33435,0.0,0.0,3878.5906,86.0,0.0,0.75,1.0,0,0,9
64.333336,75.0,86.0,225.28604,91.0,60.0,115.10374,8.485281,0.0,10986.787,86.0,0.0,1.0,4.0,0,0,9
240.97865,54.0,69.0,96.0,78.0,60.0,86.0,65.753975,0.0,13765.829,77.98073,0.0,0.4034865,3.0,0,0,9
421.99597,66.0,79.0,180.0,101.0,60.0,663.8864,159.47542,373.71707,11221.708,81.10109,0.0,1.0,6.0,0,0,9
213.5,54.0,54.0,5295.0,345.0,60.0,67.5,0.0,0.0,9988.371,189.25,4.0,0.71428573,3.0,0,0,9
60.0,54.0,54.0,193.0,350.22845,54.0,511.6481,190.96109,569.6832,12846.022,144.16667,0.0,0.75,4.0,0,0,9
414.76785,54.0,54.0,291.8127,221.404,60.0,701.4766,0.0,0.0,267.63986,165.0,2.0,1.1,2.0,0,0,9
96.4342,54.0,54.0,6003.0,351.0,60.0,610.24084,190.96109,15.135399,7801.575,76.666664,0.0,0.33333334,2.0,0,0,9
60.0,74.0,60.0,2101.8704,338.75067,0.0,469.45328,170.55843,575.72003,9818.522,70.0,11.665773,0.6,9.0,0,0,9
60.0,54.0,54.0,180.0,78.0,60.0,588.03937,0.0,0.0,13805.388,78.0,2.0,0.6,4.0,3,0,9
692.7273,54.0,54.0,120.0,571.0,60.0,360.36426,0.0,0.0,326.23126,234.08969,3.0,0.5,3.0,0,0,9
96.0,76.0,86.0,171.0,317.9416,60.0,76.0,170.99197,0.0,16649.633,86.0,2.0,1.0,4.0,3,0,9
60.0,54.0,54.0,6124.9175,86.0,54.0,63.42857,0.0,0.0,13186.986,86.0,8.0,0.71428573,3.0,3,0,9
577.8921,76.0,86.0,160.60501,571.0,60.0,103.0,0.0,475.69852,9243.128,190.49896,6.0,0.5,3.0,0,0,9
569.6,54.0,60.0,5295.0,348.0,54.0,126.13791,180.7957,0.0,17127.76,85.05509,0.0,0.5,2.0,4,0,9
60.0,74.0,60.0,290.22897,149.28572,54.0,96.27794,8.485281,4.987166,9683.671,94.0,0.0,1.0,6.0,0,0,9
639.6982,75.0,60.0,83.964226,86.0,60.0,86.98002,0.0,13.0,7049.1685,78.0,6.0,0.71428573,4.0,0,0,9
882.5,54.0,54.0,7176.207,571.0,60.0,469.69067,0.0,0.0,11997.552,255.87296,5.0,1.0,2.0,0,0,9
60.0,54.0,86.0,109.23149,571.0,60.0,174.42407,177.23972,612.99884,759.52826,189.25,2.0842247,1.0,2.0,3,0,9
537.6134,54.0,54.0,11855.907,571.0,60.0,73.965164,0.0,0.0,150.58817,165.0,0.0,1.0,3.0,4,0,9
54.0,54.0,54.0,180.0,86.0,54.0,162.50877,0.0,558.97296,6982.028,72.0,2.0,1.0,4.0,0,0,9
226.06842,54.0,54.0,6819.6953,571.0,54.0,67.5,165.35832,0.0,16994.273,70.0,3.0,1.0,2.0,0,0,9
849.8571,54.0,66.0,1878.3667,151.0,54.0,811.9364,284.8537,630.2252,6498.0356,66.0,0.0,0.5,3.0,0,0,9
60.0,67.5,86.0,0.0,1318.8904,54.0,80.0,109.59127,586.1204,2306.6904,144.16667,0.0,1.0,5.0,0,0,9
586.9897,54.0,54.0,156.5749,347.10892,60.0,263.8153,0.0,0.0,15056.3125,229.51332,0.0,0.5,3.0,0,0,9
60.0,66.0,70.0,0.0,119.0,54.0,66.0,159.85243,0.0,15263.567,78.0,2.0,0.5,2.0,0,0,9
882.5,54.0,54.0,201.17303,571.0,0.0,610.70776,167.8224,13.0,7826.3765,69.0,0.0,0.5,2.0,0,0,9
639.5,54.0,60.0,182.0,86.0,60.0,499.57144,8.485281,0.0,1225.9081,72.0,0.0,1.0769231,4.0,0,0,9
578.5437,54.0,86.0,0.0,1022.0,54.0,589.5913,304.15964,593.82117,7533.354,129.69112,0.0,0.7333044,4.0,0,0,9
140.50015,54.0,90.0,469.694,235.02638,60.0,513.3333,190.96109,578.7232,8414.17,154.44444,3.0,1.2232155,4.0,4,0,9
213.119,54.0,54.0,181.30309,350.0,60.0,107.64119,117.31682,0.0,11510.593,69.50394,9.0,0.8333333,4.0,0,0,9
68.333336,54.0,54.0,10669.977,617.0,54.0,86.0,0.0,0.0,11701.893,203.96956,0.0,0.5,3.0,0,0,9
85.0,60.0,76.0,297.60236,133.85156,60.0,67.5,0.0,0.0,22340.45,89.0,3.0,0.5,3.0,0,0,9
213.48924,54.0,76.0,217.09956,289.87836,60.0,69.0,8.485281,0.0,9656.376,86.0,4.0,0.5,4.0,3,0,9
123.75994,54.0,60.0,69.0,91.23722,60.0,513.3333,170.94421,13.0,16187.182,78.0,3.0,0.6666667,3.0,0,0,9
622.0954,67.5,77.0,181.0,86.0,60.0,79.0,0.0,0.0,14268.728,86.0,0.0,1.0,2.0,3,0,9
60.0,54.0,54.0,12601.921,86.0,54.0,509.713,0.0,0.0,15148.441,79.0,2.0,1.0,3.0,0,0,9
60.0,54.0,75.0,54.0,269.30338,60.0,167.06914,178.91986,0.0,6997.4175,75.0,2.0,0.6666667,3.0,3,0,9
488.7003,60.0,60.0,469.61407,86.0,60.0,97.26488,109.38055,168.65933,1645.0195,69.0,0.0,1.0,4.0,0,0,9
664.2609,54.0,54.0,5295.0,354.0,54.0,513.3333,253.9577,470.83112,15627.442,180.9915,0.0,1.0,4.0,0,0,9
69.0751,54.0,54.0,5211.838,348.0,60.0,69.0,8.485281,0.0,6006.7485,88.69923,0.0,0.33333334,2.0,0,0,9
60.0,75.0,77.333336,217.92174,279.8579,60.0,131.95238,167.5484,0.0,14509.067,86.0,0.0,0.75,4.0,0,0,9
744.44556,54.0,54.0,180.0,571.0,60.0,381.68405,98.30882,0.0,7093.3457,69.0,0.0,0.33333334,3.0,4,0,9
69.04378,54.0,54.0,301.95108,205.0,60.0,792.3493,0.0,0.0,17668.334,174.6603,0.0,0.5,2.0,0,0,9
607.987,54.0,54.0,145.0,571.0,60.0,499.57144,120.3875,203.79848,8416.579,78.0,2.0,0.5,2.0,0,0,9
60.0,54.0,60.0,5295.0,170.0,60.0,114.14544,0.0,0.0,1161.3965,74.0,13.0,1.0,3.0,0,0,9
592.53845,54.0,54.0,7871.215,135.54546,60.0,696.876,0.5,0.0,1493.4165,86.0,0.0,0.89823073,17.014217,0,0,9
692.7273,54.0,54.0,180.0,253.79747,54.0,67.5,179.01147,0.0,6666.1636,85.0,0.0,0.5,2.0,0,0,9
72.916725,54.0,54.0,6003.0,168.83165,60.0,635.2692,165.64926,21.368315,7518.724,144.16667,2.0,1.2311157,4.0,0,0,9
60.0,54.0,60.0,120.0,571.0,54.0,67.5,124.55486,0.0,87.61439,163.56573,0.0,1.0,4.0,0,2,9
284.81622,74.0,60.0,2612.451,238.0,60.0,114.72985,0.0,0.0,15822.038,70.0,0.0,1.1,4.0,3,0,9
68.333336,54.0,54.0,1363.8485,258.98737,60.0,66.0,0.0,0.0,10347.305,72.0,8.0,1.3302811,4.0,0,0,9
60.0,54.0,54.0,6806.0273,295.96967,0.0,834.8252,0.0,503.1094,11828.0205,170.0,3.0,0.75,4.0,3,0,9
117.32964,65.392296,72.0,54.0,571.0,60.0,513.3333,0.0,0.0,15305.012,79.0,10.0,0.49352705,10.0,0,0,9
628.0885,54.0,54.0,134.66225,156.98325,60.0,67.5,131.63185,0.0,2659.0127,78.0,2.0,0.75,3.0,0,0,9
650.1467,54.0,54.0,180.0,378.0649,54.0,86.19209,0.0,0.0,11547.724,190.66855,8.0,0.5,5.0,0,0,9
214.49883,54.0,54.0,7184.0,571.0,54.0,513.3333,0.0,0.0,11608.502,86.0,3.0,1.2222222,2.0,3,2,9
93.85147,54.0,54.0,180.0,92.09066,60.0,69.0,169.8048,0.0,17960.248,80.98994,0.0,0.33333334,3.0,0,0,9
658.85547,54.0,54.0,7168.6562,571.0,60.0,114.333336,139.51628,0.0,13728.961,114.89121,0.0,0.5,2.0,0,0,9
60.0,77.0,86.0,319.8869,120.08258,54.0,414.96234,8.485281,0.0,8430.505,106.0,0.0,0.75,4.0,0,0,9
882.5,54.0,54.0,2201.547,197.13248,60.0,67.009224,0.0,0.0,15498.674,165.0,0.0,0.5,2.0,0,0,9
60.0,67.5,76.666664,0.0,571.0,54.0,74.0,0.0,0.0,23745.443,86.36857,8.965525,1.0,3.0,0,0,9
142.22011,60.0,54.0,621.13794,153.55556,60.0,67.5,0.0,0.0,15188.46,101.0,3.0,0.75,3.0,0,0,9
54.0,54.0,54.0,7144.9346,132.8137,0.0,460.79297,160.17137,0.0,579.6624,79.666664,10.0,0.5,6.0,0,0,9
372.9334,54.0,54.0,1349.4056,180.77635,60.0,188.17148,0.0,0.0,916.3741,101.0,2.0,0.75,3.0,4,0,9
54.0,60.0,75.0,205.0,230.43198,54.0,66.0,0.0,0.0,3371.626,203.08318,1.0,0.5,3.0,0,0,9
60.0,54.0,54.0,6419.973,101.0,60.0,66.0,178.86789,0.0,523.6962,77.333336,2.0,1.0,3.0,0,0,9
60.0,54.0,86.0,181.0,136.63231,54.0,67.5,8.485281,0.0,162.57176,86.0,0.0,0.6666667,4.0,0,0,9
86.2177,74.0,86.0,60.0,571.0,60.0,404.3746,120.30064,0.0,12649.385,86.0,0.0,1.1428572,5.0,0,0,9
60.0,54.0,60.0,102.02689,78.0,54.0,99.343636,118.64868,0.0,15049.812,74.0,0.0,0.75,4.0,0,0,9
60.0,54.0,54.0,205.0,165.0,54.0,67.5,0.0,0.0,16282.757,86.0,3.0,1.0,3.0,0,0,9
64.35668,75.0,54.0,5295.0,165.0,60.0,480.7904,159.97203,0.0,5355.362,165.0,0.0,1.0,4.0,0,0,9
701.88745,54.0,54.0,182.0,99.48463,60.0,67.5,0.0,0.0,135.50829,86.0,1.0,0.7863352,3.0,3,0,9
54.0,54.0,54.0,6872.102,571.0,54.0,66.0,0.0,0.0,422.59274,72.0,7.0,1.3236582,2.0,0,0,9
60.0,54.0,54.0,223.13228,257.06113,60.0,67.5,136.21252,288.39603,11286.557,77.95535,10.0,1.0838268,2.0,0,0,9
60.0,54.0,54.0,193.0,377.5104,54.0,80.85714,8.485281,591.734,6365.411,66.0,11.0,0.5,3.0,0,0,9
54.0,54.0,54.0,139.53244,174.2476,54.0,513.3333,335.52588,659.75244,10261.999,82.696106,0.0,0.8333333,4.0,0,0,9
807.3942,54.0,54.0,6820.868,146.78035,54.0,468.9276,0.0,0.0,16174.432,86.0,2.0,1.0,3.0,0,0,9
60.0,54.0,54.0,13977.177,571.0,60.0,321.8918,0.0,0.0,18954.016,72.0,2.0,1.0,2.0,0,1,9
60.0,54.0,60.0,180.0,151.0,60.0,67.5,156.44275,0.0,5322.2046,79.0,2.0,0.5,3.0,0,1,9
493.79108,63.42857,86.0,54.0,593.0,54.0,71.0,12.0,0.0,675.88135,206.47876,3.0,0.5498469,2.0,3,0,9
160.0,54.0,60.0,1659.7184,205.0,54.0,549.75665,237.49696,0.0,9665.203,71.0,24.0,1.0,4.0,0,0,9
742.72815,54.57222,54.0,5295.0,349.0,60.0,67.5,0.0,0.0,25097.125,86.0,2.0,1.0,2.0,0,0,9
310.53082,54.0,54.0,180.0,560.09576,60.0,649.1259,0.0,0.0,21370.434,69.0,26.42718,1.1111112,2.0,0,1,9
60.0,54.0,54.0,576.4923,124.68263,0.0,109.24542,0.0,14.61354,10003.504,101.0,0.0,0.6666667,7.0,0,0,9
125.0,54.0,54.0,7006.969,165.0,60.0,329.8639,0.0,0.0,7524.5806,144.16667,7.0,0.5,7.0,0,0,9
98.62485,66.0,78.0,54.0,101.0,54.0,531.1056,210.67828,0.0,3846.143,78.0,2.0,0.5,3.0,0,0,9
72.937614,54.0,54.0,240.29425,267.7359,60.0,96.26349,0.0,0.0,18535.982,144.16667,2.0,1.0,2.0,3,0,9
871.6968,54.0,66.0,455.91736,165.0,60.0,71.0,0.0,0.0,7335.8994,147.1,8.0,1.3065225,2.0,0,0,9
80.029526,54.0,60.0,145.0,157.0919,60.0,469.6514,0.0,0.0,4447.639,86.0,2.0,1.0,5.0,0,0,9
597.27155,54.0,69.0,54.0,78.0,85.0,98.82923,102.0224,494.00565,11138.704,69.111084,0.0,0.75,2.0,3,0,9
68.333336,54.0,60.0,2518.163,165.0,60.0,69.0,150.1783,0.0,6743.2305,129.429,2.0,1.2,3.0,0,1,9
204.011,74.0,60.0,1642.483,170.0,54.0,469.86667,190.96109,0.0,1692.7561,72.0,0.0,0.75,3.0,3,0,9
60.0,54.0,60.0,66.24509,571.0,54.0,685.6321,190.96109,612.1976,7335.0103,154.43893,2.0,1.0,2.0,0,2,9
180.16142,54.0,54.0,193.0,81.0,60.0,685.52905,118.14276,590.1526,7526.0845,76.49652,2.0,0.5,2.0,0,0,9
72.30528,54.0,54.0,180.0,175.4929,60.0,110.10841,0.0,0.0,3844.1692,72.0,0.0,1.0,16.911543,3,0,9
653.0909,54.0,54.0,7532.573,571.0,54.0,403.24448,0.0,0.0,298.91208,118.42699,0.0,0.5,3.0,3,0,9
574.07697,54.0,54.0,180.0,530.428,0.0,510.54294,190.96109,20.067848,7508.5464,72.0,7.0,0.5,4.0,0,0,9
550.64264,54.0,54.0,205.0,147.70972,60.0,71.0,0.0,0.0,16198.86,67.0,3.0,0.5,2.0,0,0,9
472.77774,54.0,54.0,2200.4155,121.0,60.0,701.78345,172.7034,498.46646,7616.604,86.0,1.0,0.50876534,4.0,4,0,9
120.31651,54.0,54.0,130.42505,406.0,60.0,468.9297,171.66039,445.38095,13475.411,124.24836,7.0,1.0863397,2.0,0,0,9
882.5,54.0,54.0,7620.0,571.0,60.0,882.4394,190.96109,0.0,616.6288,153.54868,0.0,0.5,2.0,0,0,9
60.0,54.0,54.0,5295.0,225.8648,60.0,67.875,0.0,0.0,7652.2446,121.0,0.0,0.75,4.0,3,0,9
653.65955,75.0,60.0,102.53426,78.0,60.0,103.43502,174.3407,0.0,192.26477,72.0,5.0,0.5,4.0,0,0,9
181.0,54.0,54.0,5891.8193,346.0,60.0,823.9166,190.96109,609.73456,7731.374,86.0,0.0,0.75,3.4453855,0,0,9
569.6,54.0,54.0,5945.623,449.04184,60.0,885.4524,0.0,14.61354,15042.915,69.0,0.0,0.5,3.0,0,0,9
128.0,54.0,54.0,205.0,344.97922,60.0,67.5,173.66193,0.0,12349.986,78.0,5.0,0.75,4.0,3,0,9
60.0,54.0,54.0,6003.0,342.4376,60.0,224.30112,190.96109,407.57474,11718.739,116.24262,2.0,0.75,12.0,0,0,9
257.46133,54.0,54.0,147.22958,571.0,54.0,66.0,0.0,0.0,12710.007,174.37177,3.0,0.6666667,5.0,0,0,9
60.0,54.0,54.0,120.0,571.0,54.0,67.581894,177.23972,0.0,16580.172,144.16667,2.0,0.5,3.0,0,0,9
622.174,54.0,66.0,57.78579,617.49097,60.0,67.5,0.0,0.0,15856.919,77.0,0.0,0.0,2.0,0,0,9
60.0,75.0,123.0,287.5933,238.0,54.0,385.50476,0.0,0.0,2165.6714,174.21053,0.0,0.5,3.0,0,0,9
73.0,54.0,54.0,9380.715,571.0,60.0,852.3179,15.494602,563.4166,11404.077,101.0,0.0,0.728948,2.0,0,0,9
60.0,63.916107,92.0,0.0,165.0,54.0,66.0,12.247449,0.0,11472.272,117.88767,0.0,0.5,3.0,0,0,9
124.71998,54.0,54.0,159.42415,86.0,60.0,85.333336,0.0,0.0,13465.952,67.05063,11.0,1.75,3.0,0,0,9
207.24716,54.0,60.0,482.35336,157.33333,60.0,523.07245,0.0,0.0,7800.6006,121.0,0.0,0.5,3.0,0,0,9
60.0,54.0,67.0,180.0,86.0,60.0,112.333336,0.5,0.0,22393.592,77.0,0.0,0.71428573,5.0,0,0,9
882.5,60.0,54.0,5295.0,346.0,60.0,134.21039,172.26682,0.0,160.70116,86.0,0.0,0.75,2.0,0,0,9
60.0,54.0,60.0,3757.927,168.21495,54.0,513.3333,248.94455,11.785113,13609.387,76.97071,0.0,0.5,3.0,3,0,9
139.0,54.0,54.0,7705.9395,354.0,60.0,843.48944,18.054722,13.0,2213.5393,144.16667,5.972129,0.75,3.0,0,0,9
60.0,54.0,54.0,180.0,344.04706,54.0,86.0,0.0,0.0,15687.279,72.0,26.0,1.3049598,2.0,3,0,9
60.0,54.0,75.0,120.0,490.1055,54.0,66.0,67.73289,167.37726,11305.694,86.0,11.0,0.5,4.0,0,0,9
466.17007,54.0,54.0,193.0,153.28333,60.0,115.69043,8.485281,0.0,18380.01,85.48089,0.0,1.0,5.0,3,2,9
636.02094,54.0,54.0,10223.795,571.0,54.0,66.0,0.0,0.0,299.81784,135.54546,7.0,0.75,3.0,0,0,9
653.0909,54.0,54.0,2101.6924,129.0,60.0,67.5,0.5,0.0,22364.92,75.0,8.0,0.75,2.0,4,0,9
692.7273,54.0,54.0,180.0,165.0,60.0,428.3,0.0,0.0,3873.1726,143.7538,0.0,0.75,2.0,0,0,9
60.0,54.0,54.0,197.15321,86.0,60.0,568.53455,12.0,0.0,727.52344,85.0,6.0,1.1633861,3.0,3,0,9
849.8571,54.0,54.0,9181.441,386.4725,60.0,134.23076,0.0,0.0,16162.597,135.54546,0.0,0.75,2.0,0,0,9
653.3354,54.0,54.0,205.0,151.0,60.0,451.81296,0.0,0.0,17333.596,102.12997,0.0,1.0,2.0,0,0,9
149.8241,54.0,54.0,5949.0,571.0,60.0,240.0938,116.2741,0.0,9996.935,174.27217,2.0,0.5,3.0,0,0,9
68.333336,54.0,54.0,171.0,345.28687,60.0,96.333336,0.0,0.0,4593.2637,75.0,15.960373,0.5,3.0,0,0,9
323.4,54.0,54.0,180.0,571.0,60.0,248.2782,116.64326,5.0,13908.413,118.49898,0.0,0.75,12.0,0,0,9
118.19228,54.0,54.0,1666.2943,98.35797,54.0,67.5,8.485281,0.0,19054.44,74.0,6.0,1.2,3.0,0,1,9
652.5174,54.0,60.0,74.0,571.0,60.0,165.0,171.94528,484.45673,4452.0986,86.0,0.0,0.8888889,2.0,0,0,9
60.0,54.0,60.0,1523.1698,179.0,54.0,840.8149,0.0,0.0,682.58105,167.0,3.0,0.6666667,3.0,3,1,9
60.0,54.0,54.0,180.0,571.0,54.0,67.875,0.0,0.0,11109.349,144.16667,8.0,0.5,5.0,0,0,9
60.0,54.0,54.0,5949.0,129.0,60.0,165.0,173.29237,117.894005,13853.021,70.0,0.0,0.5,3.0,0,0,9
60.0,54.0,54.0,160.0,135.54546,60.0,425.89603,0.0,0.0,1215.6498,78.0,3.0,0.5,3.0,0,0,9
838.3267,54.0,54.0,5899.053,571.0,60.0,834.0349,146.18088,0.0,14960.948,153.55556,0.0,0.5,3.0,0,0,9
625.6349,54.0,54.0,131.26398,127.73201,85.0,114.333336,105.22703,0.0,14798.802,78.0,0.0,1.0,2.0,4,0,9
624.4039,54.0,54.0,5295.0,348.0,54.0,513.3333,0.0,0.0,1281.9806,69.0,7.0,1.0,2.0,0,0,9
230.94,54.0,54.0,1080.0215,151.0,60.0,67.5,190.96109,0.0,10003.369,69.0,5.0,1.0,3.0,4,0,9
60.0,54.0,54.0,5925.5293,89.0,0.0,69.0,0.0,0.0,10322.437,86.0,0.0,0.93565935,10.0,0,0,9
579.2259,54.0,54.0,7699.001,78.0,54.0,232.51526,0.0,0.0,16996.672,66.0,0.0,0.6,1.0,0,0,9
60.0,54.0,54.0,205.0,346.28323,60.0,67.5,0.0,0.0,17800.293,134.98834,8.0,0.6,3.0,0,0,9
631.5045,75.0,54.0,182.0,166.4272,60.0,376.1809,0.0,306.882,6498.4805,79.0,0.0,1.0,4.0,0,0,9
733.6092,54.0,54.0,7620.0,151.0,60.0,66.0,109.61239,0.0,6973.253,75.0,8.0,1.2,2.0,0,0,9
60.0,54.0,60.0,5249.307,345.0,60.0,206.17368,0.0,0.0,17414.111,66.0,0.0,1.0,4.0,0,0,9
86.08118,54.0,66.0,2515.33,165.0,60.0,638.6745,254.22726,612.054,3207.1123,144.16667,2.0,1.0,4.0,3,0,9
139.0,54.0,54.0,86.32479,572.3274,0.0,409.98734,211.23729,11.785113,8434.376,124.80902,0.0,0.77231544,1.0,3,0,9
96.40474,54.0,54.0,96.0,571.0,54.0,65.90838,0.0,58.19818,7811.1914,69.31268,0.0,0.95224583,4.0,3,0,9
849.8571,54.0,54.0,8796.904,577.0,60.0,67.5,0.0,0.0,17137.477,89.0,0.0,0.5,2.0,0,0,9
206.02405,54.0,54.0,13332.953,571.0,60.0,394.31818,61.68553,0.0,16238.301,76.489746,15.527159,1.0,2.0,0,0,9
138.30481,54.0,54.0,205.0,490.50186,60.0,513.3333,177.23972,0.0,16355.505,77.333336,0.0,0.75,2.0,0,0,9
54.0,54.0,70.016335,0.0,571.0,54.0,66.0,149.04295,0.0,701.4128,106.39459,0.0,0.8333333,5.0,0,2,9
181.61723,69.0,60.0,54.0,571.0,60.0,729.05975,190.96109,469.10178,11443.243,92.42627,2.0,0.6666667,3.0,0,0,9
60.0,54.0,85.0,0.0,125.10059,54.0,513.3333,0.0,0.0,17210.457,86.0,2.0,0.75,4.0,3,2,9
592.8025,66.0,75.0,219.8154,350.0,60.0,479.36176,86.13134,0.0,7425.098,232.91719,0.0,0.75,5.0,0,0,9
128.0,54.0,54.0,154.20703,246.14554,60.0,84.87946,115.71586,471.21533,11785.583,165.0,0.0,0.9963278,2.0,0,0,9
64.333336,54.0,60.0,60.0,127.09794,60.0,174.47665,0.0,0.0,15370.339,78.0,0.0,0.5,2.0,0,0,9
499.4622,54.0,54.0,180.0,199.7572,60.0,451.85,8.485281,419.64493,11479.736,69.0,12.0,1.0,2.0,0,0,9
601.7532,54.0,86.0,266.27994,89.07563,60.0,186.9694,116.241394,8.490504,9239.839,86.0,3.0,1.0,3.0,0,0,9
73.0,60.0,86.0,0.0,571.0,60.0,754.0513,258.55984,555.1638,6997.0547,101.0,0.0,1.0,6.0,3,0,9
60.0,54.0,54.0,6355.533,571.0,54.0,67.875,176.88696,0.0,2644.1743,153.5995,2.0,0.5,11.0,3,0,9
55.60716,75.0,56.556957,102.0,118.64893,54.0,392.22046,0.0,0.0,4901.668,78.0,7.0,1.2,2.0,0,0,9
692.7273,54.0,54.0,7125.368,571.0,60.0,155.51726,173.72777,5.0,9159.307,229.83028,0.0,0.5,3.0,0,0,9
60.0,54.0,86.0,204.65747,137.39005,54.0,66.0,0.0,0.0,237.41327,91.0,0.0,1.0,3.0,0,0,9
882.5,54.0,54.0,6297.6763,571.0,60.0,482.9146,164.6971,0.0,7793.5557,157.68735,0.0,0.6666667,2.0,0,0,9
60.0,54.0,54.0,7238.0,347.0574,54.0,577.72974,116.32286,0.0,15055.303,128.20717,2.0,0.5,4.0,0,0,9
156.02014,54.0,54.0,5295.0,174.33888,54.0,514.63495,107.79147,0.0,11123.929,72.0,15.0,1.0,3.0,0,0,9
625.6423,54.0,54.0,7628.087,351.29633,54.0,590.88464,0.0,0.0,19846.172,135.72565,6.0,1.0,3.0,0,0,9
625.3123,60.0,69.0,19.519133,94.0,60.0,91.49586,173.69688,0.0,10158.254,82.90565,0.0,0.5,2.0,0,0,9
704.1035,54.0,54.0,5295.0,334.06128,54.0,513.3333,0.0,0.0,15479.834,86.0,0.0,0.75,2.0,0,1,9
54.0,54.0,78.0,120.0,134.19203,0.0,112.666664,0.0,0.0,8841.775,114.0,0.0,0.6,7.0,0,2,9
60.0,54.0,86.0,180.0,165.0,54.0,67.5,12.0,0.0,1392.4127,122.99014,0.0,1.0,7.0,0,0,9
621.9218,54.0,54.0,5295.0,336.25607,74.0,86.0,109.02699,0.0,9690.52,123.880356,2.0,0.5,3.0,0,0,9
653.47864,54.0,54.0,120.0,78.0,54.0,103.333336,190.96109,0.0,15782.927,70.0,2.0,0.5,2.0,0,0,9
60.0,54.0,54.0,5949.0,157.83893,60.0,832.85834,190.96109,595.5795,8432.719,151.0,2.0,0.75,5.0,0,0,9
639.5,54.0,54.0,294.86002,151.0,60.0,76.0,156.18571,0.0,3842.768,144.16667,2.0,0.75,3.0,0,0,9
207.82211,77.0,69.46076,0.0,177.17552,60.0,85.60161,173.58559,0.0,11774.561,86.0,0.0,0.8333333,6.0,0,0,9
650.98773,69.0,54.0,96.0,577.0,60.0,468.7846,8.485281,0.0,17353.762,86.0,6.0,1.2,2.0,0,0,9
601.0347,60.0,66.0,1044.0885,165.0,60.0,858.7005,165.77353,15.147592,8031.338,133.80202,2.0,1.0,3.0,0,1,9
73.0,54.0,75.0,74.0,162.82672,60.0,699.5854,178.80855,0.0,9272.082,86.0,0.0,0.5905466,2.0,0,0,9
60.0,54.0,54.0,180.0,129.0,54.0,738.72,205.92928,35.16996,1786.7985,76.0,7.0,1.2222222,3.0,0,0,9
653.0909,54.0,54.0,145.0,165.0,60.0,248.72646,12.0,0.0,261.04468,76.0,0.0,0.6666667,2.0,0,1,9
596.7323,60.0,86.0,146.0,571.0,60.0,74.43499,0.0,0.0,22532.865,137.09012,0.0,0.6666667,4.0,3,0,9
849.8571,54.0,60.0,192.86505,144.16667,54.0,469.86667,122.424416,0.0,6530.1016,86.0,0.0,0.6666667,3.0,0,0,9
569.6,75.4,78.0,0.0,165.0,54.0,77.0,0.0,0.0,15663.363,92.0,0.0,1.0,7.0,0,0,9
60.0,54.0,54.0,203.2004,346.0,60.0,129.0,148.52162,0.0,4374.261,76.666664,2.0,0.5975611,4.0,3,0,9
850.91095,69.0,69.0,54.0,1022.0,60.0,405.3332,53.19575,590.13495,11636.44,130.75302,2.0,0.75,2.0,0,0,9
139.0,54.0,54.0,181.0,84.180336,60.0,578.1433,12.0,0.0,10343.587,76.147934,2.0,0.5,9.0,0,0,9
74.0,66.0,82.39373,0.0,167.14658,60.0,67.5,8.485281,98.37651,9922.892,116.56614,0.0,0.9588624,4.0,0,0,9
156.0,54.0,60.0,392.74265,165.0,60.0,421.5567,0.0,0.0,893.70325,72.0,0.0,0.82984465,6.4652147,3,0,9
60.0,54.0,54.0,709.55237,230.97617,54.0,71.0,12.247449,448.39536,119.02827,121.0,3.0,1.2,3.0,0,0,9
158.30466,54.0,54.0,160.0,122.96175,54.0,98.49357,78.94728,329.39676,4279.3403,78.0,2.0,1.1086937,2.0,0,0,9
60.0,54.0,54.0,6846.5,349.0,60.0,345.61893,0.0,0.0,8420.124,157.93636,0.0,0.75,3.0,0,0,9
155.7942,54.0,54.0,180.0,243.17982,54.0,576.9069,112.240524,0.0,10836.231,86.0,2.0,0.75,3.0,4,0,9
60.0,71.0,80.0,191.57771,349.0,0.0,513.3333,0.0,0.0,21943.547,321.99893,5.0,0.5,6.0,0,0,9
602.35913,54.0,54.0,7152.656,571.0,60.0,884.60895,132.3446,438.81818,9988.415,72.0,10.0,0.75,2.0,0,0,9
414.8292,54.0,54.0,7192.0483,571.0,60.0,123.605896,0.0,13.0,218.0377,190.71767,3.0,0.5,3.0,0,0,9
60.0,54.0,86.0,205.0,106.0,54.0,572.5762,0.0,0.0,1244.0862,101.0,0.0,1.0,5.0,0,2,9
213.5,54.0,54.0,5295.0,86.0,54.0,688.07166,178.49821,0.0,15335.777,86.0,5.0,0.83116883,2.0,0,0,9
85.0,66.0,72.0,0.0,81.98446,70.36131,156.36748,0.0,431.77722,761.05835,78.0,0.0,0.8636768,3.0,0,0,9
126.95305,54.0,54.0,6879.3135,337.64548,60.0,513.3333,190.96109,13.0,10349.291,144.16667,8.0,1.2887777,2.0,0,0,9
653.61615,54.0,54.0,135.0,144.16667,54.0,67.5,171.38611,287.69464,7488.892,86.0,0.0,1.0,3.0,0,0,9
376.72992,54.0,54.0,201.05603,121.0,54.0,63.42857,128.10756,0.0,2268.28,111.94134,2.0,0.5,3.0,0,0,9
692.7273,54.0,54.0,492.65225,167.0,60.0,630.6987,188.6541,11.785113,15057.609,144.16667,2.0,0.5,3.0,0,0,9
85.0,69.0,66.0,0.0,160.27116,69.0,86.0,127.44177,0.0,10257.787,86.0,0.0,0.6,2.0,3,0,9
54.0,66.0,86.029,0.0,1032.624,0.0,66.0,0.0,0.0,89.37553,141.17065,0.0,1.0,4.0,0,0,9
142.17131,54.0,54.0,5696.0,157.22328,54.0,662.489,0.0,64.75271,8401.649,86.0,0.0,1.0,3.0,3,0,9
60.0,54.0,106.0,0.0,205.0,60.0,822.2849,190.96109,609.2125,10034.875,205.0,0.0,0.5,3.0,0,0,9
71.4692,54.0,54.0,171.0,571.0,60.0,86.0,0.0,0.0,150.69978,82.15321,0.0,0.75,3.0,0,0,9
139.0,54.0,54.0,7848.0,571.0,54.0,134.44937,189.1526,128.5,3405.4753,155.74396,0.0,0.5,3.0,0,0,9
68.333336,54.0,54.0,5295.0,345.0,54.0,67.5,0.0,0.0,115.418976,143.64148,4.0,0.5,3.0,0,0,9
574.70905,54.0,60.0,205.0,135.59825,60.0,636.912,8.485281,0.0,217.70035,82.92557,0.0,0.75,15.968799,0,0,9
60.0,54.0,71.42757,0.0,86.0,54.0,769.2501,0.0,326.91223,12871.301,78.0,8.0,1.4454006,4.0,0,0,9
74.0,54.0,54.0,3885.59,101.0,60.0,651.4158,167.27458,11.842323,8627.027,72.0,24.0,0.40134835,3.0,0,0,9
882.5,54.0,54.0,6687.8047,235.82326,54.0,605.7765,15.319759,0.0,128.97675,141.0,3.0,1.0,2.0,0,0,9
390.1369,54.0,60.0,85.0,571.0,54.0,525.92365,122.369774,0.0,11363.682,72.0,31.023417,0.75,3.0,0,0,9
110.46094,66.0,76.0,54.0,571.0,60.0,71.0,143.54135,0.0,666.5377,100.655174,0.0,0.75,6.0,0,0,9
704.7405,60.0,86.0,222.10052,165.0,54.0,85.333336,116.82696,3.2194772,8433.799,86.0,1.0,0.5,2.0,0,0,9
110.493546,71.0,76.67043,54.0,350.0,60.0,454.26657,0.0,0.0,16690.613,81.22114,2.0,1.2222222,3.0,0,0,9
486.12012,54.0,71.0,54.0,78.0,60.0,500.16684,0.0,0.0,23398.332,72.0,12.0,1.2222222,2.0,4,0,9
60.0,54.0,60.0,605.7371,165.0,0.0,87.002785,0.0,0.0,4514.9814,72.0,3.0,0.5,5.0,0,0,9
182.0,54.0,54.0,2486.9756,238.0,60.0,419.5047,8.485281,0.0,8974.98,189.6755,0.0,0.71428573,4.0,0,0,9
342.0,54.0,60.0,193.0,346.0,60.0,86.0,0.0,0.0,1824.3153,83.464874,11.0,0.75,3.0,0,0,9
618.2711,71.0,71.0,54.0,618.0,54.0,467.49512,421.46497,0.0,4273.5786,200.70189,2.0,0.972522,4.0,0,0,9
60.0,54.0,54.0,102.94086,89.0,60.0,67.5,109.99737,493.8015,9888.15,87.56586,0.0,0.33333334,3.0,0,0,9
79.78855,54.0,54.0,6642.769,571.0,60.0,177.8562,0.22441006,0.0,200.75755,143.7,1.0,0.57659006,3.0,0,0,9
330.33508,54.0,60.0,85.0,86.0,60.0,445.9651,116.554726,0.0,9224.577,80.0,0.0,1.0,4.0,0,0,9
578.50934,54.0,54.0,6891.1973,144.16667,60.0,67.5,0.0,0.0,4854.196,86.0,0.0,0.75,5.0,0,0,9
882.5,54.0,54.0,181.0,571.0,60.0,108.55044,134.53645,0.0,7962.992,72.0,16.0,1.4943978,2.0,0,0,9
580.91656,54.0,54.0,4273.45,343.75867,54.0,67.5,171.10939,0.0,1193.7698,95.56423,3.0,0.75,2.0,0,0,9
169.4416,74.0,89.0,241.32637,346.0,60.0,513.3333,0.0,109.56114,11831.609,104.34286,2.0,0.75,3.0,0,0,9
102.0,54.0,54.0,7824.45,571.0,60.0,86.0,0.0,0.0,6661.491,129.5108,0.0,0.33333334,3.0,0,0,9
60.0,66.0,66.0,120.0,114.22214,60.0,67.5,93.05856,562.8929,1114.1388,86.0,0.0,0.6,2.0,3,0,9
60.0,54.0,60.0,60.0,86.0,0.0,460.32623,116.49494,576.9004,13132.572,78.0,2.0,0.75,5.0,0,2,9
500.31223,54.0,54.0,5696.0,144.16667,60.0,513.3333,177.23972,10.061084,7799.8174,86.0,0.0,0.75,3.0,0,0,9
60.0,67.84582,78.0,54.0,229.35672,60.0,114.126854,89.426155,0.0,15031.542,86.0,2.0,0.75,4.0,3,0,9
516.6467,54.0,54.0,7747.6157,242.47668,60.0,74.333336,125.295204,0.0,14646.16,121.90173,5.0,0.75,3.0,0,0,9
145.63908,69.0,79.0,180.0,235.99867,54.0,478.94946,0.0,0.0,11495.643,144.16667,0.0,0.8103383,8.0,0,0,9
258.42786,54.0,54.0,180.0,571.0,60.0,67.5,25.594355,0.0,2653.3489,101.0,2.0,0.75,3.0,0,0,9
68.333336,54.0,60.0,464.2334,165.20929,60.0,91.333336,22.116606,405.09302,11141.431,121.240204,0.0,0.75,4.0,0,0,9
592.53845,67.5,66.0,54.0,571.0,60.0,74.0,167.5484,0.0,15431.525,76.0,0.0,1.0909091,2.0,4,0,9
650.4049,54.0,54.0,5295.0,211.59448,60.0,66.0,0.0,0.0,14872.61,131.88055,7.0,0.5,3.0,4,0,9
729.5735,54.0,75.0,180.0,165.0,54.0,113.76021,13.038587,590.34357,1083.1217,146.98874,0.0,0.99684757,3.0,3,0,9
83.927505,60.0,89.0,305.54327,176.27466,54.0,66.0,161.8688,323.18576,9272.44,89.0,3.0,1.0,6.0,0,0,9
256.54398,54.0,54.0,5696.0,331.67313,60.0,381.65524,0.0,0.0,3792.362,72.0,11.0,1.0,3.0,0,0,9
60.0,54.0,54.0,7620.0,571.0,60.0,204.93983,118.2835,0.0,7528.0107,135.39058,0.0,0.75,4.0,0,0,9
568.5902,54.0,54.0,7674.0,571.0,54.0,65.027016,0.0,0.0,160.88777,116.07807,0.0,1.0,6.0,3,0,9
136.45322,54.0,60.0,60.0,78.0,60.0,67.5,0.0,0.0,20226.715,72.0,8.0,1.2222222,2.0,3,0,9
455.73468,75.0,80.0,180.0,221.93536,60.0,875.0919,8.485281,0.0,7912.7173,86.0,0.0,0.7724856,1.0,0,0,9
647.9744,54.0,54.0,120.0,165.0,60.0,84.503876,0.0,0.0,151.87509,78.0,5.0,0.5,4.0,3,0,9
105.74662,77.47684,54.0,2262.7588,181.0519,60.0,415.67618,42.17212,118.62059,9222.544,119.22873,2.0,0.5,3.0,0,0,9
737.9227,54.0,54.0,6083.6514,351.0,60.0,502.20572,99.76666,586.18384,6853.408,107.93088,0.0,0.75,3.0,3,0,9
692.7273,54.0,54.0,8432.526,238.0,54.0,67.5,0.0,0.0,1585.3204,181.27884,2.0,0.5,2.0,0,0,9
639.5,54.0,54.0,180.0,86.0,60.0,421.46747,0.0,0.0,5347.1084,72.0,10.0,0.5,4.0,0,0,9
60.0,54.0,54.0,5295.0,183.34451,60.0,791.88873,0.0,0.0,8896.102,165.0,0.0,0.75,5.0,0,0,9
702.17786,54.0,66.0,85.626366,351.0,60.0,67.5,171.38611,0.0,11416.836,81.024506,0.0,0.0,2.0,3,0,9
171.0,66.0,60.0,431.50275,167.0,60.0,513.3333,0.0,0.0,20160.91,86.0,0.0,1.0903049,4.0,0,1,9
74.0,54.0,66.0,2494.466,253.74619,0.0,107.333336,119.48567,0.0,9582.441,151.8076,6.0,1.0,4.0,0,0,9
54.0,54.0,60.0,54.0,616.02594,0.0,513.3333,27.16079,0.0,782.57056,71.0,2.0,0.9945495,4.0,0,0,9
60.0,54.0,60.0,203.85027,345.0,60.0,125.80513,114.93015,0.0,925.218,86.0,5.0,0.75,3.0,0,0,9
160.0,54.0,54.0,7715.5337,571.0,60.0,71.0,12.0,0.0,949.4957,70.0,0.0,1.0,3.0,0,0,9
605.38135,54.0,54.0,5295.0,348.0,60.0,66.0,0.0,450.01907,11140.979,92.0191,0.0,0.9760565,4.0,0,0,9
171.73067,54.0,54.0,160.0,571.0,0.0,480.2795,206.78067,24.052076,13598.39,75.0,2.0,1.2,3.0,0,0,9
882.5,54.0,54.0,6031.385,571.0,60.0,393.41986,8.485281,218.33469,9337.186,82.0,0.0,0.75,2.0,3,0,9
60.0,54.0,54.0,7620.0,571.0,54.0,549.759,0.0,408.25467,612.2624,143.61664,3.0,0.5,5.0,0,0,9
139.0,54.0,54.475792,1923.1566,121.0,60.0,86.0,97.41183,0.0,3395.7214,96.696785,3.0,1.0,3.0,3,0,9
73.03505,75.0,54.0,146.0,155.6998,60.0,857.1378,8.485281,0.0,6494.258,78.0,0.0,0.75,3.0,0,1,9
102.0,54.0,54.0,465.86972,155.32733,0.0,630.24396,393.73398,592.0405,8845.598,144.16667,0.0,0.4,2.0,3,0,9
506.0926,74.0,71.171,120.0,571.0,60.0,468.73438,118.683426,14.61354,11026.918,119.0,6.0,0.6666667,2.0,0,0,9
60.0,54.0,54.0,91.0,86.0,54.0,565.09393,136.1637,544.8254,9586.915,78.0,0.0,0.49625126,3.0,3,0,9
419.4641,60.0,69.0,0.0,86.0,54.0,67.5,0.0,0.0,10344.847,86.0,0.0,0.75,3.0,3,0,9
60.0,66.0,86.0,181.0,567.35504,54.0,69.0,146.23499,0.0,160.98796,89.0,9.0,1.0,3.0,0,0,9
54.0,54.0,54.0,180.0,143.7,54.0,806.8783,7.7516384,113.22624,675.453,121.0,0.0,1.0,4.0,0,0,9
60.0,54.0,60.0,2042.8936,163.25526,60.0,86.0,16.499159,10.178796,12285.407,96.50413,2.0,0.6666667,4.0,0,0,9
60.0,75.30709,86.0,111.5046,487.2648,54.0,421.60654,269.73767,46.19221,16193.868,114.38903,3.0,0.75,8.221283,0,0,9
692.7273,54.962826,54.0,5949.0,350.66,60.0,86.0,18.289423,0.0,13240.936,144.16667,0.0,0.71974707,2.0,0,0,9
153.81369,54.0,60.0,85.0,78.0,60.0,66.0,0.0,0.0,18537.736,70.506386,12.502261,0.86233056,3.0,0,0,9
223.0,54.0,54.0,5949.0,346.0,60.0,393.3684,0.0,0.0,3777.8804,66.0,0.0,0.5,2.0,3,0,9
882.5,54.0,60.0,5018.8657,229.11667,60.0,67.875,0.0,0.0,96.3083,167.0,4.0,1.2319926,1.0,0,0,9
60.0,54.0,54.0,5446.2354,170.0,54.0,67.5,26.935595,7.080182,3158.5654,135.52663,0.0,1.0,8.0,3,0,9
54.0,78.0,54.0,135.0,571.0,54.0,86.0,0.0,0.0,743.8719,86.0,7.0,1.3184106,2.0,0,2,9
60.0,54.0,54.0,160.0,571.0,60.0,86.930016,124.60365,445.44437,14987.108,69.0,0.0,1.0,3.0,0,1,9
73.0,54.0,60.0,60.0,571.0,54.0,727.0285,360.20923,625.37225,11295.391,268.62823,2.0,0.5,12.0,0,0,9
68.333336,54.0,54.0,5949.0,349.55942,60.0,183.76091,0.0,0.0,12247.726,70.0,3.0,0.75,3.0,0,0,9
74.0,54.0,54.0,1617.0,346.0,60.0,67.5,190.96109,0.0,595.70575,75.0,8.0,0.5,25.0,3,0,9
659.7,54.0,54.0,182.0,182.27304,60.0,67.5,171.20575,0.0,17638.506,86.0,1.0,0.5,3.0,0,0,9
145.55353,54.0,54.0,704.9781,101.0,60.0,130.5166,116.54161,0.0,218.72807,70.74215,0.0,1.0,4.0,3,0,9
751.3461,54.0,54.0,180.0,165.0,60.0,151.78394,0.0,0.0,10118.095,121.0,0.0,0.75,3.0,0,0,9
60.0,54.0,54.0,6882.127,133.9884,60.0,67.5,0.0,40.500923,10219.868,86.0,0.0,1.0,3.0,0,0,9
620.668,54.0,54.0,203.36127,143.18626,54.0,784.34143,260.35947,609.398,7250.352,85.0,8.0,1.3261055,3.0,0,0,9
838.1919,54.0,54.0,7676.4624,489.67664,60.0,71.0,12.0,0.0,16203.356,75.0,0.0,1.0,2.0,0,0,9
638.7625,54.0,54.0,6624.3687,571.0,60.0,67.5,0.0,0.0,7339.029,135.09935,0.0,0.75,7.0,0,0,9
71.31606,69.0,60.0,54.0,94.05904,54.0,115.17367,181.13123,0.0,1930.6061,76.0,0.0,0.75,4.0,3,0,9
85.0,54.0,54.0,12586.045,182.1535,69.023026,114.333336,116.578705,0.0,307.43433,85.0,0.0,1.0,4.0,3,0,9
60.0,54.0,66.0,705.2106,88.031204,54.0,66.0,0.0,0.0,11095.022,69.0,7.0,1.0,4.0,0,0,9
101.76648,54.0,54.819794,886.90204,121.0,60.0,67.5,171.1086,0.0,743.71484,82.0,4.0,1.1111112,2.0,0,0,9
54.0,71.371796,72.0,180.0,86.0,0.0,512.27655,12.0,0.0,1292.234,85.0,16.0,1.0,4.0,0,0,9
362.62357,73.511635,75.0,54.0,128.7082,60.0,179.061,0.0,0.0,216.17157,86.0,1.0,0.5,3.0,3,0,9
128.0,54.0,54.0,6858.313,86.0,60.0,127.0,118.6756,0.0,10982.081,77.260956,0.4055348,0.75,11.0,0,0,9
223.0,69.0,72.0,54.0,165.0,60.0,97.0,25.978712,0.0,2209.6018,77.0,11.0,1.0,3.0,0,0,9
882.5,70.9407,66.0,54.0,96.39464,54.0,482.83566,145.55489,0.0,13935.988,81.63464,3.0,1.0,2.0,0,0,9
603.1667,54.0,60.0,4413.8784,181.1146,60.0,469.3989,9.442173,0.0,13857.529,124.07675,3.0,0.75,4.0,3,0,9
549.9182,60.0,72.0,180.0,86.0,58.46715,67.5,190.96109,0.0,5077.7544,80.0,11.0,0.33333334,4.0,0,0,9
114.0,71.0,69.0,160.0,78.0,60.0,513.3333,0.0,0.0,4973.783,72.0,9.0,1.1,4.0,4,0,9
60.0,54.0,54.0,6881.1216,571.0,54.0,239.9948,0.0,0.0,19656.203,135.54546,0.0,0.5,4.0,0,0,9
63.142956,54.0,56.713173,5295.0,165.0,60.0,112.301025,8.102625,0.0,12897.012,146.99306,0.0,0.6666667,2.0,0,0,9
437.56564,54.0,54.0,180.0,171.05623,60.0,479.42,173.8906,0.0,3658.791,108.14683,2.0,0.75,4.0,0,0,9
60.0,54.0,54.0,135.0,144.16667,60.0,114.34648,79.78037,0.0,11054.471,78.0,0.0,0.75,2.0,0,0,9
536.94293,54.0,54.0,128.23601,144.16667,60.0,454.2219,0.0,0.0,12912.296,78.0,2.0,0.75,3.0,0,0,9
622.9578,54.0,54.0,7238.0,342.52725,54.0,67.5,156.12852,0.0,15710.952,143.73747,2.0,0.6,11.933877,0,0,9
181.0,54.0,54.0,7703.737,571.0,0.0,513.3333,12.0,0.0,16475.71,99.918,2.0,1.2160938,3.0,0,0,9
328.03204,54.0,54.0,316.9757,147.16945,60.0,164.6522,158.639,0.0,114.46438,86.0,2.0,1.0,2.0,0,0,9
226.15294,76.0,71.0,54.0,86.0,60.0,513.3333,92.87245,0.0,9988.386,75.0,9.0,0.75,2.0,0,0,9
368.4452,75.0,60.0,5295.0,348.8138,54.0,86.0,12.0,0.0,10071.666,75.0,0.0,1.0,4.0,0,0,9
134.75706,54.0,54.0,180.0,94.0,54.0,67.5,116.587555,552.3045,11427.434,86.0,9.0,1.4046437,3.0,4,0,9
68.333336,54.0,54.0,6143.206,351.0,60.0,458.95456,0.0,0.0,1222.237,72.0,0.0,0.15017168,2.0,0,0,9
882.5,71.0,78.0,54.0,144.16667,60.0,666.0257,292.29672,29.130308,11699.366,78.42834,0.0,0.5,2.0,0,0,9
626.9407,54.0,54.0,180.0,453.3228,60.0,140.79494,108.77991,509.96286,11730.268,71.0,0.0,0.75862515,2.0,0,0,9
60.0,54.0,54.0,6870.2505,263.09906,54.0,811.94867,139.36086,0.0,9153.759,179.0,5.0,0.5,19.0,0,0,9
65.170235,60.0,89.96548,222.0,153.52359,60.0,607.1739,0.0,0.0,15859.299,114.0,0.0,0.75,3.0,0,0,9
64.333336,54.0,54.0,2072.0833,86.0,54.0,66.0,0.0,0.0,23784.402,76.4277,0.0,1.0,4.0,0,0,9
536.88934,75.0,94.0,0.0,1444.1276,60.0,415.63635,190.96109,14.61354,7426.592,144.16667,0.0,0.1769804,3.0,0,0,9
60.0,56.203228,60.0,54.0,101.41942,60.0,246.561,8.485281,0.0,669.4112,78.0,0.0,1.0,1.0,0,0,9
69.66983,54.0,54.0,135.1908,571.0,60.0,415.68127,15.611898,504.97433,2083.5386,70.0,12.0,0.5,10.0,3,0,9
123.1066,54.0,54.0,6882.7456,94.0,60.0,67.5,0.0,0.0,16182.948,91.01615,0.0,1.0,8.0,0,0,9
160.0,74.0,66.0,0.0,160.07759,60.0,74.333336,177.52396,0.0,1792.298,119.0,0.0,0.4,2.0,3,0,9
64.13446,54.0,54.0,6882.1284,571.0,60.0,833.0406,12.247449,0.0,11190.707,80.04477,0.0,0.6666667,3.0,0,0,9
156.05786,54.0,54.0,180.0,123.579956,60.0,67.5,67.7864,0.0,216.17792,79.0,0.0,0.75,3.0,0,0,9
323.4,54.0,54.0,187.2661,571.0,60.0,531.6079,177.23972,599.1424,1323.1062,69.0,0.0,1.0,4.0,3,0,9
882.5,54.0,54.0,3900.0,165.0,60.0,134.11108,0.0,0.0,832.8293,128.79494,2.0,0.75,2.0,0,0,9
569.6,54.0,54.0,6728.397,352.96396,60.0,91.46522,170.68298,10.841824,7814.506,144.16667,1.0,0.75,4.0,0,0,9
145.0,63.854137,69.0,1404.9952,311.75082,54.0,66.0,11.785113,0.0,20675.111,165.0,7.0,0.71428573,3.0,3,0,9
595.92474,66.0,54.0,5415.0,213.00389,60.0,67.5,0.0,0.0,505.91586,72.0,2.0,1.0,4.0,4,0,9
54.0,54.0,86.0,0.0,975.2198,54.0,513.3333,12.0,0.0,15771.422,106.0,10.0,1.0,8.0,0,0,9
653.6045,54.0,54.0,6879.0913,269.49902,60.0,67.5,111.72947,546.97986,14609.06,86.0,0.0,1.0,2.0,3,0,9
569.99335,54.0,54.0,5949.0,165.0,60.0,823.07416,304.57446,528.937,1335.737,80.0,5.0,0.71428573,2.0,0,0,9
139.0,54.0,54.0,2232.8088,141.0,54.0,67.5,0.0,437.87103,10307.292,86.0,0.0,0.6711059,4.0,0,0,9
622.46136,54.0,80.0,120.0,91.82995,60.0,565.02704,110.46125,0.0,5084.2407,86.0,6.0,1.0,2.0,0,0,9
54.0,54.0,54.0,13892.7295,154.80629,54.0,452.14914,190.96109,552.7294,8839.768,78.0,3.0,0.80906594,4.0,0,2,9
499.7101,54.0,54.0,96.0,571.0,60.0,66.0,0.0,0.0,17405.203,80.0,0.0,0.90909094,4.0,0,0,9
0.0,54.0,54.0,7238.0,253.2635,0.0,65.31335,26.827473,11.844968,14715.41,165.0,2.0,0.75,4.0,3,1,9
60.0,54.0,54.0,9432.152,571.0,60.0,66.0,11.785113,541.1035,5741.9497,144.16667,1.0,0.5,4.0,0,0,9
712.242,54.0,54.0,122.0,143.7,60.0,722.7902,0.0,0.0,19583.459,78.0,2.0,0.5,3.0,3,0,9
213.43724,54.0,54.0,139.0,351.0,60.0,479.70438,190.96109,604.5465,9998.465,189.65599,0.0,0.5,4.0,0,0,9
68.333336,54.0,71.0,193.0,91.0,60.0,112.692215,135.72325,0.0,13765.358,86.0,10.127155,1.2222222,4.0,0,0,9
213.5,77.10672,75.0,0.0,571.0,60.0,513.3333,172.14282,593.6384,6866.136,86.0,8.0,1.2,3.0,0,0,9
774.08264,54.0,54.0,156.0,275.71304,54.0,728.7173,432.2332,30.344244,10992.005,78.0,5.0,1.0,2.0,0,0,9
54.0,54.0,54.0,180.0,348.0,0.0,451.85,0.0,0.0,216.12077,138.95952,2.0,1.1111112,2.0,0,0,9
100.56391,54.0,54.0,13965.148,581.1697,54.0,774.04126,0.0,153.05855,12297.945,223.46368,0.0,0.72727275,2.0,0,1,9
69.005516,54.0,60.0,3204.5874,166.60617,60.0,66.0,0.0,57.921696,162.76213,91.10469,2.0,0.6,4.0,0,0,9
60.0,77.0,72.0,0.0,86.0,54.0,136.75896,0.0,0.0,15049.397,85.0,0.0,0.89228696,4.0,0,2,9
639.5,54.0,54.0,180.0,571.0,60.0,96.333336,0.0,0.0,2654.9956,81.0,4.0,0.75,2.0,0,0,9
60.0,54.0,60.0,5295.0,257.47766,54.0,833.8917,25.338749,0.0,4297.1675,165.0,2.0,0.75,3.0,0,0,9
74.0,54.0,54.0,4821.415,133.78947,60.0,393.3684,0.0,0.0,14913.456,121.0,4.0,0.75,2.0,0,0,9
743.0238,79.0,77.0,0.0,86.0,54.0,415.68182,206.78067,0.0,15083.511,79.0,0.0,0.5,2.0,0,0,9
60.0,77.0,79.0,205.0,116.03686,60.0,415.68182,46.9534,499.47098,6973.3965,86.0,5.0,0.5,3.0,0,0,9
849.7444,54.0,54.752293,882.7825,158.49586,60.0,74.333336,0.0,0.0,7180.423,90.01057,8.0,0.85741025,3.0,0,0,9
206.25584,54.0,54.0,180.0,348.0,60.0,86.5,0.0,0.0,1106.3511,72.0,8.755637,1.0,3.0,0,0,9
60.0,54.0,54.0,145.0,571.0,60.0,757.41547,224.11095,0.0,11421.504,143.69235,0.0,0.5,4.0,0,0,9
182.0,60.0,76.797455,205.0,141.0,54.0,513.3333,8.485281,140.94461,9690.477,77.02407,8.0,0.6666667,3.0,0,0,9
128.21059,54.0,54.0,4667.935,238.4869,60.0,76.166435,116.67779,509.76328,218.73805,151.0,4.0,0.75,3.0,3,0,9
392.4123,54.0,54.0,6023.1743,225.73251,60.0,66.0,0.0,0.0,20564.072,165.0,4.0,1.2,2.0,0,0,9
208.60106,54.0,54.0,10910.783,206.27534,60.0,469.0125,130.5445,609.2125,4603.679,86.0,0.0,0.5,2.0,0,0,9
658.3362,54.0,54.0,9100.707,170.0,54.0,769.59546,0.0,0.0,18465.47,70.446365,14.0,1.0,3.0,0,0,9
85.28665,54.0,54.0,1191.549,213.7309,54.0,67.5,105.302986,0.0,4893.433,154.51021,3.0,0.75,4.0,0,0,9
60.0,78.0,78.8648,222.0,165.0,54.0,86.17878,0.0,0.0,4817.853,106.0,11.0,0.5,5.0,0,0,9
64.930855,54.0,54.0,7109.405,571.0,54.0,112.333336,101.68828,595.9859,1404.351,153.55556,3.0,0.5,37.34789,0,0,9
625.7004,75.0,72.0,427.0,285.0,60.0,831.178,11.954755,0.0,794.2333,86.0,0.0,1.0,3.0,0,0,9
490.3533,74.0,86.0,0.0,285.0,60.0,363.88254,0.0,0.0,20425.006,138.84297,0.0,0.83192027,3.0,0,0,9
60.0,54.0,54.0,193.0,165.0,54.0,66.0,0.0,0.0,1503.121,72.0,0.0,0.75,2.0,0,0,9
102.736496,54.0,54.0,11781.537,152.90785,60.0,67.4303,122.15592,493.18634,12874.052,71.0,5.0,0.6666667,3.0,3,0,9
60.0,54.0,54.0,205.0,351.7304,54.0,824.79285,190.96109,610.60394,8173.376,72.0,5.0,0.71428573,3.0,3,0,9
827.2345,54.0,54.0,1938.452,192.47748,60.0,123.11996,182.15459,118.74993,3140.695,86.0,6.0,1.228821,2.0,3,0,9
849.8571,70.287224,75.0,1404.1395,234.03447,71.0,83.95577,121.02822,0.0,15050.314,151.0,1.0,0.75,2.0,0,1,9
577.0312,78.0,76.0,56.66116,89.0,60.0,608.3027,112.16641,0.0,14993.645,86.0,0.0,0.5,2.0,0,0,9
60.0,54.0,54.0,181.0,85.0,60.0,86.993126,8.485281,0.0,2273.2625,66.30262,14.0,1.0,13.0,0,0,9
138.40126,54.0,54.0,12129.804,347.43695,60.0,834.8872,78.01545,324.69287,2659.9429,125.725136,2.0,0.75,3.0,5,0,9
492.14285,54.0,69.0,134.67107,571.0,54.0,626.37573,190.96109,575.079,12749.729,71.49308,0.0,1.0,3.0,0,0,9
675.56976,54.0,54.0,7047.642,346.0,60.0,240.21132,18.077961,0.0,3410.889,72.0,0.0,0.5,2.0,0,0,9
267.33704,60.0,54.0,305.39368,272.25543,60.0,74.333336,50.00505,0.0,13278.623,86.0,1.0,1.0,2.0,0,0,9
320.29773,60.0,54.0,5917.226,145.79968,60.0,478.86774,173.97191,11.785113,15218.695,72.0,0.0,0.75,2.0,0,0,9
648.40906,54.0,54.0,2518.3606,97.0,60.0,67.5,161.61713,0.0,13611.457,69.0,2.0,0.75,3.0,0,0,9
153.7095,54.0,54.0,181.0,406.0,60.0,86.0,0.0,0.0,1074.6024,70.0,23.857233,0.33333334,41.487415,0,0,9
139.0,71.0,86.0,181.0,198.6155,60.0,72.48839,165.37062,0.0,1273.9165,135.54546,0.0,0.5,2.0,0,0,9
850.1479,54.0,60.0,82.444466,577.0,54.0,87.222824,0.0,0.0,100.22855,144.16667,0.0,0.33333334,3.0,0,0,9
882.5,75.0,60.0,85.0,351.0,60.0,128.69705,121.12051,10.756741,15043.654,72.0,2.0,0.5,2.0,0,0,9
800.24744,54.0,54.0,4082.2734,151.0,0.0,410.03064,7.7516384,0.0,14995.322,72.0,0.0,0.75,3.0,0,0,9
60.0,54.0,54.0,615.78595,164.81969,60.0,917.5063,0.0,0.0,3592.3113,144.16667,0.0,0.5,3.0,0,0,9
734.2355,54.0,54.0,180.0,80.0,54.0,539.1867,190.96109,0.0,288.3237,77.0,0.0,1.0760622,3.0,3,0,9
117.77066,54.0,54.0,5949.0,267.07578,54.0,66.0,0.0,0.0,9224.453,238.0,2.0,0.5,3.0,0,0,9
577.72156,54.0,54.0,188.2345,571.0,60.0,77.0,12.0,0.0,218.73227,189.19426,2.0,1.0,1.0,0,0,9
100.7105,54.0,60.0,868.3717,129.0,60.0,133.2,12.0,46.71884,8940.73,126.40916,0.0,0.71428573,4.0,0,0,9
384.2539,54.0,54.0,203.07542,121.0,60.0,135.24147,161.83243,566.07684,12844.32,72.28615,5.0,0.65676105,3.0,0,0,9
653.4599,54.0,54.0,120.0,571.0,54.0,876.9449,306.64612,0.0,9270.765,175.83638,0.0,0.75,2.0,4,0,9
60.0,54.0,60.0,84.39537,86.0,54.0,146.74153,0.0,0.0,224.91412,75.0,8.0,0.5,3.0,0,0,9
569.0177,54.0,86.0,145.0,571.0,60.0,249.25247,177.23972,0.0,11088.227,118.3864,2.0,0.9134355,3.0,3,0,9
60.0,54.0,69.0,54.0,86.0,54.0,66.0,0.0,0.0,6498.3906,75.0,0.0,0.5,2.0,0,0,9
746.4033,54.0,54.0,8920.407,191.89557,60.0,76.95668,177.67699,0.0,674.6967,86.0,2.0,1.2,3.0,4,0,9
124.79199,54.0,54.0,8818.498,143.68396,0.0,404.3986,12.0,0.0,13946.4375,86.0,1.0,0.5,3.0,0,0,9
69.0,54.0,69.0,3857.9226,165.0,60.0,165.0,162.0025,4.9948196,11795.253,118.88661,2.0,0.75,4.0,3,0,9
188.19379,54.0,54.0,5295.0,350.68063,60.0,69.0,122.898094,0.0,506.85638,87.69051,10.0,0.5,7.0,0,0,9
91.0,54.0,60.0,54.0,78.0,60.0,80.85714,138.12927,0.0,12476.42,70.0,18.0,1.0,3.0,0,0,9
60.0,54.0,54.0,180.0,129.0,60.0,783.44586,0.0,0.0,1292.1057,75.0,19.010206,0.33333334,3.0,3,0,9
60.0,54.0,60.0,2533.2703,207.26485,60.0,90.0,173.29237,0.0,2588.2222,129.0,3.0,0.5,4.0,0,0,9
73.0,54.0,54.0,6493.261,490.54782,60.0,349.24374,104.02673,0.0,11605.784,72.0,0.0,1.0,4.0,0,0,9
82.68762,54.0,54.0,5295.0,346.0,54.0,131.69435,165.99146,0.0,11291.323,72.0,0.0,0.75,7.0,0,0,9
60.0,54.0,54.0,7652.7285,343.4341,54.0,486.0353,305.9342,5.0,13827.645,72.0,5.0,1.0,2.0,0,1,9
60.0,54.0,54.0,6743.5054,91.37473,58.649826,399.13135,173.52356,0.0,692.8849,86.0,2.0,1.2222222,2.0,0,1,9
154.48718,66.0,69.0,427.0,121.0,60.0,694.69806,190.96109,14.61354,14905.713,75.0,0.0,0.5,3.0,0,0,9
561.0487,75.0,75.0,625.54596,165.0,60.0,322.53015,125.03915,596.6934,11038.071,86.40725,0.0,0.34228522,3.0,0,0,9
60.0,66.0,85.0,120.0,571.0,60.0,115.396,0.0,0.0,15515.165,146.91425,0.0,0.5,3.0,0,0,9
182.0,66.0,78.0,69.0,124.83467,60.0,86.5,177.23972,0.0,14251.332,114.271614,7.0,1.0,3.0,0,0,9
96.0,54.0,54.0,180.0,151.0,60.0,67.5,8.485281,0.0,12518.778,86.0,1.0,0.5,3.0,0,0,9
60.0,54.0,54.0,180.0,101.0,54.0,480.26562,18.271029,0.0,4198.724,85.0,0.0,1.0,3.0,3,0,9
60.0,54.0,54.0,568.2147,165.0,0.0,165.0,171.66039,13.669084,129.07024,118.09937,0.0,1.0,6.0,0,0,9
68.333336,54.0,69.102104,204.10004,213.81966,60.0,535.1146,112.38334,585.597,11628.219,89.0,0.0,0.6,3.0,0,0,9
166.7103,54.0,72.15127,54.0,571.0,60.0,376.65594,8.485281,288.5408,10999.469,81.765076,1.0,1.0,3.0,0,0,9
