bwd_seg_size_avg,pkt_len_min,fwd_pkt_len_min,totlen_bwd_pkts,fwd_pkt_len_max,bwd_pkt_len_min,pkt_len_mean,fwd_pkt_len_std,bwd_pkt_len_std,flow_byts_s,fwd_pkt_len_mean,psh_flag_cnt,down_up_ratio,fwd_act_data_pkts,syn_flag_cnt,fin_flag_cnt,Label
347.57308980639516,61,55,30232,335,52,111.84573956865165,-57.809148484550526,695.7031940825796,9331.925358088876,46.79242094520232,1,1.0041921512989078,8,3,0,8
141.51157265390154,51,55,22312,92,50,46.05110367326597,-48.90585611772115,23.821235972829747,-8441.159490553153,80.10156607178789,-3,0.9739999919916686,16,3,5,8
-52.449783228836225,54,55,27377,81,264,68.40687512097321,21.9814788879647,-9.775768535407234,6451.71398181123,53.6722333524261,12,0.7665500551437989,15,3,0,8
151.2894488320935,52,51,19141,2400,668,68.73398918671697,109.20840631253677,40.5602018853095,-27433.026591841208,9.168014259419166,1,1.8872693303372508,9,3,3,8
-96.70444030722058,86,51,26501,1699,33,72.4878774961301,18.18747996326034,26.161010709780196,-19032.083468500885,66.90695081196796,3,0.5706681454886895,14,0,2,8
380.58610648238465,53,52,17917,159,72,28.86607274250639,424.17074712817663,29.25775968101638,9584.464633631651,137.2353718593085,-2,0.43818205210208566,0,0,0,8
-53.55262581568553,52,57,-1361,2685,61,260.0745179450703,-83.25746256560478,607.6272726325036,-24595.201134929215,-4.239157005190947,-1,0.21213498933363978,-10,0,3,8
460.2144613633992,83,69,11618,-179,26,197.56691627238507,220.66608762147996,57.31476049935049,16317.844581949794,42.83712276589888,5,0.6525312013293263,14,0,2,8
670.0062140104272,54,54,32609,-240,71,69.0401411252181,-110.93864016327527,21.0826672248806,-11362.032182183306,9.247713123844235,-2,1.0002673745196575,14,0,0,8
306.8873814952136,63,52,25042,371,40,224.21791049928095,159.28283453164437,8.042973368846038,5049.619910764062,17.479369112436174,2,2.9691022595623027,59,0,2,8
16.661252726151467,77,52,10917,-220,716,8.784942634227207,32.27309546782229,666.7452956993394,-25494.960895955624,64.4302332576745,-5,0.8690910647587908,0,0,9,8
-31.534950481594052,70,60,48478,-156,68,13.776244332117813,-0.3560550909854143,742.1627714188453,-2185.9162676883216,31.418558404049868,6,0.1681167011636856,12,0,0,8
45.06424133692672,53,52,5279,91,73,226.80936614975877,748.8456135030253,-2.3277989107297055,3443.0346796769054,47.395213874832585,0,0.7444173920324508,14,3,0,8
-41.498880443677734,59,54,12583,55,66,93.24671519120723,281.06773077977795,19.114374959441744,12370.86268541022,31.310065514154623,0,1.1608180641581405,10,0,0,8
81.6618921153447,69,53,-16281,309,54,57.0822888459208,-8.237878862891854,544.5425393099608,-6242.312655051587,80.2744424572869,421,1.445516270416154,35,0,0,8
331.08640061702226,54,52,27151,1285,58,149.8676243937566,79.24022056421828,31.12285455313768,7541.1382481701185,141.07045879781427,2,1.4671854024214668,28,3,0,8
72.41336322920235,54,52,35900,2249,137,488.07004542633064,35.985782419283254,-1.4245136749648752,7607.405217170548,107.31620687026057,2,2.636681801840551,15,3,0,8
-19.785944981253095,54,55,48910,530,63,198.32277143975716,69.48036924245613,25.638010516941744,58268.5858792124,69.83391268820307,-4,1.072214530102882,-12,0,0,8
351.2324702628356,64,70,1905,356,-13,7.327329369813498,73.40460647595799,56.20903213820174,-10616.771629827777,-6.455391297481114,1,1.374347186780985,14,3,2,8
218.33033388456755,51,52,28691,156,74,12.127299031368523,536.6807221187355,38.42246984483796,-15270.820613464042,676.6329017911921,-3,0.6940951810596553,-22,0,0,8
310.1454498237212,70,59,1942,120,49,-1.0090928593498347,237.28426563066674,-2.5558740623648477,-13691.552544329908,-13.299476627548827,1,-0.2096455975551078,7,0,9,8
-1.9463587823429265,55,53,38043,2181,83,85.79269182285393,79.25299183705712,-7.629295703980534,384.73674712699267,67.4996369449683,29,1.574235661869387,2,3,0,8
15.604689161894981,70,82,2118326,-480,548,45.422208165959695,-123.87270616867829,22.09462657730099,-5938.125697850342,63.02871451712684,3,0.7284341844130952,-19,3,8,8
348.7650387559097,119,50,34175,1846,60,108.96028588212462,89.01182620855465,675.4407229195754,-8504.164546269116,520.1885638544728,-5,2.125681187632075,11,3,2,8
-11.253106825612491,107,91,33187,72,-8,310.8628359352157,-27.053541912822205,-33.24982850154665,-8154.558838034244,118.24274958691439,8,2.015593757493663,27,0,0,8
323.791869481257,71,53,23657,165,81,52.446341183901986,455.7299779396789,47.47686756574118,1326.233537050969,95.8780496818356,8,0.4848292897490487,6,3,5,8
524.8293953231546,53,51,28427,576,70,69.34706849436918,36.227103847888415,-2.677978564494567,-11949.566385232763,101.24008932495488,-4,1.344751577902069,11,0,1,8
347.40683880279084,116,239,9795,463,60,44.58147210115814,15.205834300863039,664.1934458555858,501701.4600495879,23.253836032691083,3,1.1757592841715507,34,3,0,8
111.51635403467256,55,54,48816,339,59,76.52557048831699,80.6847882745759,643.4162708312175,-4188.748634534865,51.95814172421607,-6,0.13701713286902228,-17,0,0,8
589.8055953918403,55,56,29000,236,132,26.01860492882446,86.23787244448067,631.6219340224244,-11617.141723009918,-3.3729939938942834,-5,1.909025418342072,2,5,9,8
137.67676543998257,111,53,2041793,73,7,-1.072242627903293,-32.54294672780601,33.08092444067283,-344.24513124568057,17.00374459030546,-2,0.661055719786494,12,0,2,8
795.1346193994916,70,53,42472,193,49,35.681342430738596,-128.0112618867483,41.955099408172636,-3503.196750439228,120.53133955470155,-3,0.5839001374302895,-5,4,3,8
54.41420860607255,55,76,16851,204,-73,61.292450542491906,-26.195119997718088,425.3684176974729,-5902.622375220434,-20.849265421336426,2,1.4811936132507095,23,3,1,8
1266.3936737414956,102,53,26444,112,53,80.39995688800423,-65.5720426754396,-15.119959058510627,-19938.720155187188,77.57753414829638,-3,1.2493830202422003,20,0,0,8
45.37681362146449,57,76,5596843,35,82,17.914358558564942,65.03131613735151,396.7243766878986,-21770.77135612556,86.33433100126913,-1,1.130325564050254,-3,0,0,8
1035.752578471655,54,80,11714,694,53,402.44742829252266,66.80318537902866,-20.50224981988479,-13002.063142729701,901.2051128695166,-5,1.2414925211188597,6,3,3,8
-9.700505451922808,64,57,51113,-28,48,371.7462917449279,754.7105947993601,538.4679506735527,-12761.479390507546,62.01331912978975,2,1.2316116369031804,8,3,0,8
-79.45354771772128,101,56,37625,-132,82,107.60564028137259,-29.049308255778598,-18.024096006022276,1522.8861509777316,11.952680715045062,-3,1.5316408037334306,-2,2,3,8
401.42686950374525,54,54,24966,265,61,111.54458735672628,1.7590652865888252,25.37843533947305,-18853.892295803103,53.04326190668913,-4,0.4288783902699855,13,3,1,8
-15.063446863657475,55,70,23572,471,79,95.55782894236383,120.35127812394072,13.405625380594444,-5910.397121730371,102.80004156925897,-3,1.031662873876732,27,4,2,8
1328.5371439750122,53,56,31180,-52,63,20.844679509555817,-114.77462291811477,633.0162032335315,-9087.422161173825,120.85379368044482,5,1.3744008878683074,13,3,1,8
750.9462584844423,54,53,33843,386,54,180.33007277144733,-15.889760329168283,50.245904377031536,110619.37769537643,-1537.0628553084712,-1,0.9193479640406952,6,0,0,8
534.9660972413503,61,53,43395,-80,70,81.4502398377389,428.0996065652498,231.9086578055869,-3926.44525877021,37.836140039331134,15,1.0041936890202374,-20,0,0,8
65.33608848262534,54,55,25293,247,70,-14.87821099616896,756.3112866776755,17.92499471187045,17970.617889638062,52.94630848795575,14,10.046111376973563,-6,4,2,8
-6.380397429524365,53,58,38675,111,78,102.10880299159393,-83.12163741345319,215.7833748751523,-20705.941501047593,29.6206650750849,7,2.7398951816189157,12,3,2,8
630.4159546820224,54,53,5828,-58,76,136.1120361068192,66.89256690513525,540.4428079727525,-18825.98821480952,21.528021457289228,1,1.1742053803629346,9,0,9,8
830.4503237053266,54,61,42646,16,71,-13.925089446918236,33.535790604965314,14.716856716002713,-33465.54555422353,73.95494144719977,-1,1.0859719165281694,0,0,0,8
255.756821282059,56,56,24446,265,80,124.81861953135714,26.627556146091024,649.2736156848248,-15247.797239431853,78.5539379514547,-94,1.2290480345187076,-25,3,3,8
100.47669926772181,55,57,33656,-202,67,67.10690790907597,292.61264195196213,-12.500634606226814,-22354.58652732943,63.01066750251883,-4,0.45695320708744935,18,0,0,8
96.16690131046926,54,55,15713,-257,62,22.529576499164037,-139.18580997773577,2.5986810538814904,-11737.121914413045,7.977489049597892,-6,1.0287971565303577,-3,4,2,8
418.1714287946269,54,52,32696,241,-26,66.79378170741175,655.7654400464714,24.85151551969581,-1147.0402404675797,80.72203808802988,0,1.0460819797725052,23,3,2,8
368.54174859185014,56,115,35708,365,60,300.24198308906483,-50.98677393725038,50.1637775526958,18702.16398972706,110.89570362482515,35,0.47867104464618315,177,3,3,8
17.265249210444075,121,80,39658,29,73,22.996493118396458,1.0288037318270575,7.189493373029074,-10588.72905519243,150.24715665095533,-5,0.6209338883089299,-21,0,0,8
745.3935646712564,56,55,27857,-50,83,59.943551992208576,-99.86041857467654,-16.322577485681677,16188.42320582322,136.37469908252183,-3,0.5187530659817361,2,2,0,8
172.52650439531328,53,78,44149,345,77,-28.629479968478577,302.92932404755044,8.621760744689709,5579.4927039347585,23.203922745047137,-4,0.17312752459856334,11,2,3,8
82.6343033494543,55,52,33020,3351,69,102.87873630738106,50.87558575095909,578.3922187702499,-13737.522882109177,119.96233056108727,3,-0.027038241772676663,5,3,3,8
120.69084754996092,54,55,-8101,123,78,365.9475321791372,68.02196115769948,-3.466325831446839,-17433.96235542658,36.49348977818834,-2,2.9120834602125516,6,3,2,8
915.6889268180116,54,54,13215,200,18,48.280262782404435,56.48048540468477,38.626164596570696,-3888.736783068457,420.2021052313524,200,0.4976218234740471,12,0,1,8
-18.60640525048447,55,79,29591,334,76,20.79790289679694,99.27181714720808,467.26863676129506,-20913.693902797277,123.06513075660256,-2,3.212004005487379,10,0,9,8
259.9655373559423,66,51,13745,2260,32,47.5668322514476,184.7047144359145,-8.496505727651385,-3697.752857168286,380.535867062991,-2,1.6668584166396985,0,0,2,8
73.21499737908314,68,82,22680,3872,62,652.8765545186133,60.17731111904135,4.030923148467497,-16955.16118199927,59.92265466129116,15,1.6261790939921874,6,0,0,8
150.83227444838266,54,55,39362,139,54,97.78299801694102,-86.57700842367134,579.1763458882348,7180.640343336128,45.73376425224423,1,1.2780731893156327,2,3,2,8
372.2349130633485,79,55,29134,4950,69,102.87502417941863,-6.721878364004009,33.306061588227756,953.0373471991097,105.92865454541001,0,1.2821192897535107,2,3,2,8
-27.40043746292119,55,53,33738,48,58,51.01756889326481,-31.792489583814877,40.040822713854965,-16067.16621705838,57.906180872573046,-1,0.2961013028175822,-16,0,0,8
41.17211095530536,54,70,14081,206,76,56.128848131285935,6.40381178257125,31.128975394971462,-16505.037743702276,41.37622996670643,-2,0.10354189010540066,-1,0,0,8
125.41103669788481,77,64,30526,750,83,134.04196833919138,-35.1097386159214,45.2114032809006,-3900.116542951665,48.98234399404495,10,1.5124922125531313,-10,3,0,8
-32.393185556929154,52,74,7270,43,-8,20.357651897760846,14.744868274542434,592.715974361879,-17819.60506437643,31.24037975647183,9,1.7666654054624122,-3,3,2,8
18.544793500172545,84,77,32780,487,81,839.1104647289873,560.3034241510879,31.922385227365695,-9577.05091078336,4.017022311492596,2,0.13690189174135903,5,3,9,8
121.31509461874003,53,55,38161,160,74,267.75190502795516,-77.18479186580348,34.31130059953943,1388.1246740793122,-4.3669137501109105,-2,0.9047751000120683,9,0,0,8
121.4859049505528,52,53,30010,1,59,3.398040244908387,-10.76304749417151,0.8121889457111573,11078.14810932216,288.8868388079793,13,0.2025261408090796,7,3,0,8
131.1193861534237,52,57,3377,-103,77,22.963040373542512,91.35452035374942,447.38494428529503,-12389.530837342245,43.09024941984921,-3,1.130717232748404,5,0,2,8
295.0353803497908,55,52,26299,159,56,51.229308686008025,-70.79401564647716,513.7529900781776,-39528.35582662301,54.91467447123978,-2,8.419340856293886,30,0,0,8
-56.230809462553424,53,56,36084,-82,74,46.21358332416041,-7.015971109189572,-34.46586472928342,-12499.258394581524,47.4754046111678,7,0.36790029208345365,-15,0,9,8
372.2064488405414,53,105,31126,397,63,65.44795032940453,12.75716727431859,-15.811355623063559,604.4097503091807,26.630099476373417,10,1.0554560467759393,7,3,3,8
372.50650814985215,76,51,314039,100,128,11.02920957881895,446.0569757472943,33.57458234743446,-22799.53794445304,139.91334763708713,13,0.22448446865385785,15,3,0,8
148.2731314539803,51,53,9927,86,62,2.465539393234039,4479.119563661896,34.0901791818605,3744.398336538872,30.322421852287647,2,0.5192641832246143,-28,4,3,8
135.14031650381742,54,53,24631,50,54,22.37365147590336,-51.86363423265086,55.96720511388584,-23270.69808936936,23.887921384795447,9,1.2808158940459955,18,0,0,8
-3.345664170820484,52,55,32816,-11,77,57.43626831829608,3.366824541475321,325.744830958207,-4051.8769204656355,273.8749669872142,0,1.6791387499935782,-8,0,1,8
-39.447423208247145,53,188,3419,-6,49,30.843325797405896,66.22545912072383,20.563106144294924,-20934.374824026563,-6.348503808198927,1,0.2747448650414543,4,3,2,8
140.64534273786074,53,52,-18784,-181,61,386.2049522849571,758.3291627856763,-1.4923669249607476,-2216.6690196236605,29.64320029921521,15,-0.18507996753493072,-11,3,2,8
-22.09377789951793,52,224,-16107,619,24,22.75745935130459,225.01662591661702,29.279039617111398,-7404.110743666174,72.47232142172132,15,-0.09394695096700745,11,5,0,8
340.42858885631176,61,78,-16445,224,41,38.4166123145724,386.641709753246,-7.07003266950404,-14234.184959680937,43.343536127357595,-4,1.483456208878267,12,5,0,8
83.80890504958641,53,53,28259,69,52,64.55780864703601,84.54237904956787,25.88656589094446,49235.02376452855,213.5638668042671,0,0.343247582436363,-9,0,0,8
927.7480682324755,55,53,26721,517,353,189.95259848692797,186.79887300548455,21.519392149927373,-14243.661028945273,81.70130187260226,284,1.183154565531829,16,3,0,8
144.75212357351575,54,55,38520,-56,42,2.7205796861982776,-26.73623025190834,-32.0178666442162,3676.125896031983,136.99832520021397,-5,0.8716142668621483,-16,2,0,8
-37.16560080223407,54,79,33798,1936,36,30.174861085079925,-56.86097998427048,546.2557750416569,-1598.811275537255,100.82704853525856,29,0.23710497795197602,22,5,0,8
3.5845749088967978,77,54,33907,2835,66,144.70391301635382,-15.61586751915339,-26.3875685243979,-7683.42018351061,29.88000258783716,1,3.3824364204301274,18,3,2,8
3.495366887456882,84,53,24339,2786,63,63.507507812914874,-29.183609431180365,23.426114466931313,-7274.949901884172,151.37486279110925,-5,0.7540639031390608,-13,3,2,8
442.9712758263447,54,56,45857,437,71,96.65493889598682,-12.856846683719226,626.1278953942162,-12333.96026358534,-26.20914678126266,3,1.7211829903816842,25,0,0,8
-59.734927210154325,54,201,43820,404,60,19.614090646733075,377.67847744353344,0.5190652625391179,-6130.611563417205,18.93653574250085,9,0.5644710538485981,-10,0,9,8
255.2563747181153,52,52,11029,39299,77,87.20231394550339,120.65637479250239,38.47269507035254,431.3491103877868,24.735369841034625,3,0.8806873239399426,3,3,2,8
148.49639300911647,90,53,4484,54,70,44.311431279059306,-1.7584903490693797,27.832289983296743,-10966.62208975714,52.172117716365904,5,0.8553067436490316,12,3,2,8
-27.85836793276104,81,52,21207,-97,63,32.70631103618243,-98.65367236152909,694.388756359899,7729.145754683114,31.895452172584555,8,0.31220384245248944,9,3,0,8
389.00045255701775,51,55,35314,67,75,45.044543577303905,-17.680404037269128,-2.6603310906093194,-19784.7128377267,13.246834748094571,-1,1.559331259875869,2,0,0,8
1223.6914552671485,51,52,28862,1326,75,77.42020796396332,38.50147834717213,398.5378209729985,-9962.205310254925,68.47949068305195,-6,1.7464130896785164,-1,3,2,8
-36.02629558602656,51,76,-16134,343,23,248.4479357662497,82.04540978274835,304.52376021641203,12766.811231564268,35.35929951706015,0,0.5551622959026966,23,5,3,8
-38.88078258293248,53,65,2410282,225,82,84.90970836616184,66.17338766883461,598.9109916605836,175813.53614733092,15.445010314540767,2,0.6906753161266483,8,5,2,8
157.70014684548204,53,54,1450967,171,67,48.10189285414954,545.2781817606465,511.4904191487031,-7476.910642804666,29.83196309794615,10,1.6761073508237763,-14,3,2,8
155.73038798677806,70,53,39537,110,77,60.21807732420964,-94.72588014804239,-19.140917391922493,3012.3597482841255,106.31416825780875,-4,1.1919074115224975,10,0,2,8
386.9285566695988,54,57,32878,1773,48,118.22478074428076,-3.2995394049735722,571.9416623441691,101054.34810433898,1093.8763193389254,2,1.2650859808138017,-1,4,3,8
37.2159519018235,55,87,33861,48,75,121.53058062216498,20.7752084195791,484.85656867515456,86327.9470732334,288.53353285780184,179,1.9734736946254878,1,0,2,8
257.25495485556803,79,64,29682,326,64,423.7604446486939,688.2134458646398,44.27346149544812,4801.4862403415755,199.7921858928932,3,0.19291777334436355,-9,0,0,8
-41.167368406394715,62,52,10760,81,51,37.37955933971379,-5.0653996584774745,649.3703065446275,-14338.29516705393,-4.330223575983851,-4,7.1123559225987085,-5,0,3,8
77.94252257099359,89,53,40506,291,70,71.47831952988942,-19.37304387172066,32.2255739770859,5286.404793025961,26.958029698119255,311,0.4485859242860849,-24,0,3,8
148.53836774924793,53,54,11244,66,41,93.04519578720686,56.04544509119992,45.97219303060982,-11526.284447402046,16.77240864272369,-1,1.047298217524935,3,4,3,8
81.13946371512239,107,60,33671,-134,81,180.322834679669,-92.40165915067436,6.9633610434493,-29179.348466841693,17.044421616525526,-5,0.5013518972964075,-9,0,0,8
458.78360063687774,54,55,18796,478,55,57.489787344746446,36.34291014575691,-14.802725550967711,5424.966865458704,14.295825767643748,-3,0.817728715507002,174,3,5,8
88.63188992735039,55,55,35597,466,-3,37.40549170006569,131.72211483768237,11.412263977536558,-12194.15212613755,83.03471928809834,4,1.154608418791929,9,0,1,8
42.89444105539097,54,55,7764,185,31,69.80803631955882,45.44734281656231,676.628751432624,-9055.375210034439,5.953654749081522,7,1.2656500124581402,-9,0,0,8
-38.27282264442644,88,55,32423,2449,80,0.41640004700043676,13.00158011583642,-15.498760226323288,-13321.421123257383,-16.272834516895813,-5,0.8951524906881715,-17,0,3,8
451.38136848293345,55,54,3004,1164,51,601.8147391077925,190.09978116304893,603.3622164396807,5865.508452137425,-10.61522929894386,161,0.9699619806623245,22,3,3,8
-39.09848166894909,56,55,-7726,525,-13,68.17505099716882,-100.22329887878666,-4.389090217316711,1658.4251622226807,-13.874759817590416,1,1.5075362785636892,-9,0,11,8
65.75824358010325,55,57,10611,2061,75,166.75327046004998,40.83072180403791,355.2359149391948,17775.369314700194,32.40721703969969,4,1.1173080754068687,2,5,0,8
-51.463295231964906,52,52,38118,2551,61,-39.86152295857539,-0.19276938439498892,647.0001338640318,1473.7218035853361,94.76032470282234,13,0.7107876585523413,17,3,2,8
307.6556901844816,65,59,10443,38,48,83.44953651671167,-69.28829764470933,33.64893856284775,-376.40371303597203,24.448425041389044,10,0.9234045288237246,8,4,2,8
-14.376636003483313,53,53,-816,-66,71,30.51245123479883,47.61414802539151,40.68129158618566,-44813.7007486269,64.9171805931019,-3,3.47000250246208,-1,2,1,8
678.5384521104157,53,57,28735,-274,66,-2.6953132935553157,-36.90840420332383,582.7537714150029,5541.41014243044,331.3212300766304,-4,0.5754491031436868,-23,0,11,8
31.748804795441878,89,55,45006,275,62,115.10276893715937,18.49978111601503,20.125374426572684,-18919.84869878144,174.7129442767206,1,2.0464648661875113,0,0,1,8
841.7237173426695,53,58,44427,527,74,97.61072596900593,-2.2937205446783295,-4.218736320298006,-4634.459975822111,74.11244078635349,2,1.0016340468933398,-7,3,0,8
306.83381392408353,83,100,37129,-179,99,21.99726562087872,-14.088686361943168,-18.020286211011715,-2352.747380029522,48.803935025493125,2,0.7757946405156069,3,0,5,8
511.1990699190417,55,52,22038,147,64,-8.269724532604755,40.51268437092664,700.4581060047742,-28348.951903811187,-4.873282910209468,-5,0.2331383027698543,-2,3,9,8
219.6544089036072,53,52,23639,1254,62,41.537892247884656,118.0639976276378,652.5134449262807,-11094.73467794029,62.5152646547313,11,3.6115491448113346,12,3,2,8
103.16204053132401,77,75,18022,331,56,-35.54697832028012,1192.6306339512228,32.59189778021833,-6360.787996025246,23.28217722370431,-3,8.35575099734996,-19,0,0,8
-35.214914693196334,111,76,12332,7007,63,15.831462432907756,106.73266841762353,-0.8825520293914382,-19490.155964270718,64.33635208650688,0,0.8821935065865132,16,0,3,8
14.909708980192221,58,51,-12380,163,63,88.36191583368624,29.028913302193413,36.65034541180017,-6741.0915363030335,844.3267228366244,1,0.6958945481513518,14,3,1,8
-43.91496334608888,53,54,2861,-186,73,31.355708998089767,14.719364293059243,0.7833992515232548,-10866.740714100702,51.709559029816624,-2,1.468948892440409,-20,0,0,8
1641.6384926725823,52,52,49635,-287,17,296.9468448477694,-108.20906452880774,66.68130971295072,-2684.3268274873253,46.44353151484079,-5,7.709717447495769,5,0,0,8
-7.332668817085235,53,62,48078,149,69,1115.5673215135535,-67.3298542456526,619.7380012390724,-19434.71791460205,1384.984500001739,75,0.1677166203653082,15,3,5,8
374.53888676946576,108,51,10800,9,70,44.38941614617271,848.4651270033557,-45.27288713963284,28962.018917043308,144.05634141460934,4,0.8089385898425997,9,3,0,8
-12.42809525039597,55,63,12289,89,80,71.69664722588769,-29.575961011904937,264.23567167830936,-25132.212618681842,18.148377370160958,-7,0.40671243947553193,11,0,9,8
223.48458871255096,51,55,23162,-226,45,26.49659273728453,98.67295275176974,36.488059585176195,10239.707005141121,30.206675803590393,-2,1.0597723763844238,32,4,2,8
3.258395959852038,109,52,33100,306,75,21.927677473203403,-132.6260461768311,42.86992614906255,-5937.139527608143,-6.448981347667939,-4,1.1852297622589405,0,0,8,8
43.16514982643033,52,51,33249,-37,62,-5.544331823746404,673.3402544049947,688.4622584214185,-19410.97580632555,48.69773753784523,0,1.2364614741629634,14,0,2,8
482.24690148006613,85,76,23948,368,68,29.270832176633306,97.96845776162786,-12.017482809850161,-16499.049087606785,12.526164324823085,5,0.1318548593253765,-14,0,9,8
855.3082358206543,55,52,42073,3011,74,178.00979397926426,61.086426990783615,18.95378237504469,-15812.724743285115,83.55058654478245,1,1.5251632632798746,8,5,2,8
62.04415643805839,107,86,37808,203,58,62.648563207159334,322.3308552649878,603.9350783179951,-2608.620352737895,-8.766846941583225,-5,1.4469781068237508,8,4,3,8
103.89276197119793,53,112,41544,437,56,282.9135050421033,146.209188480805,445.86335194713484,-4119.347799173061,60.12936968714834,0,0.4598986687660858,-7,0,0,8
889.9402572661763,80,54,44336,-92,79,27.564744313766596,402.5057886367655,781.7581635256245,-23236.910416422314,20.926023935267978,-2,2.074751046696378,-6,0,3,8
-13.141474586520701,55,56,33725,180,58,229.5474974900866,678.7079669939744,11.039041070391386,-11556.81155021417,142.41172939561403,0,0.8012263043066143,-14,4,5,8
82.32050546891028,55,54,36387,185,67,51.262385858746526,-44.7431281120487,-33.20982222168802,9692.641002387662,52.714843716778475,10,2.061386959364999,4,3,0,8
389.8433442136183,57,53,27390,155,4,42.015086988422695,42.367443751052626,30.980597036259912,-8546.918488609535,25.414305323104685,2,0.40325128338706234,21,0,0,8
-16.933530616367037,56,56,54048,276,82,38.146312168870054,-1.2364703663707353,586.3306177265633,-2695.0851568486632,59.26586512641366,13,1.438724575044485,-4,3,8,8
29.27935847785102,41,75,24872,132,76,5.881001153249457,-24.112411650372508,52.82661146571582,7986.322627120013,160.71918036735426,-3,0.43295446502287405,-6,0,2,8
97.02109057430914,56,78,33788,61,72,524.6954091764802,663.0892654321667,34.41640975485778,-12045.094762459343,67.29125681853188,-3,1.6453401412847983,15,3,0,8
44.13824449943058,84,81,48355,229,62,63.02825543812885,-98.1804399158842,608.9456185546827,10131.515712501301,85.39994660804409,16,0.313497905856207,-14,0,2,8
316.50788965627163,83,57,31342,68,0,4.114336748793775,112.22226445402461,197.55719045862836,-13837.6716937635,70.57769133188816,1,2.024161724996902,-10,0,11,8
62.08190642747317,53,54,37546,388,67,348.1619985653681,59.575041881558256,629.78237057305,-6284.759762340861,106.27133804938549,-1,1.5246944795700028,5,0,2,8
-65.09075379735296,107,52,29253,294,72,104.33703989067945,-14.90773694614738,14.944888964540889,-25854.810358038045,11.783367473085619,2,4.25958371683098,6,5,3,8
120.23830318185213,53,55,39625,-106,62,62.22133427700683,-27.999218740089233,59.50926191772712,600513.1014389452,26.989513404113964,-2,1.28931809713417,9,3,5,8
143.96002665909492,52,53,-631,93,79,197.59990181103979,-27.952862032870264,-22.761131053526945,608.6979790832993,25.36699973733358,-4,1.0818482523093798,28,3,1,8
68.17925781784383,54,55,27563,5335,61,-15.352710595256,-58.332724314235215,31.3273455863501,-581.8059015631752,208.06151514583712,-24,0.5999067383653589,-7,0,0,8
-63.44829465914131,72,66,8782,220,75,85.55210434968924,72.66369881365395,681.2576710198001,-3753.605790806888,46.19456625340012,0,-0.3148794030952472,-4,0,3,8
427.52370967819,55,66,698936,84,60,29.428603762794893,-55.332929638799904,589.2711670714333,-40228.1555926548,120.47780969100361,0,3.8411023527287473,-22,0,0,8
87.05321541908722,124,55,29774,129,83,91.94599885468031,-65.82766514822183,555.6983194110713,11523.574702906299,1632.2137154245545,1,1.5185972499445,-19,2,0,8
98.33574375140066,112,72,-6382,370,31,320.8809970576342,124.77276926930946,28.50523478390664,-7106.447314556191,72.68221604814053,0,1.5290820808347818,-2,3,2,8
-35.56425621411225,67,52,22364,371,-17,47.53284744609679,11.370383199509432,41.522473731030615,-4852.377333312827,-10.51280364682917,-1,1.2276684977161862,17,3,2,8
479.99337573866103,54,92,-8802,656,323,289.2377477511749,93.21164537459066,-0.5372044084275069,-18500.702467632294,2.2182545435762506,3,7.633861532875017,1,5,8,8
336.40878861668386,73,70,6524,5251,74,728.8461367125803,27.178264820377137,42.8598193235,-870.0028126944599,-8.753315364308847,12,1.1384520675279786,4,3,8,8
-46.99813074252019,52,53,-1075,379,75,39.211980162047986,-35.52600083734687,8.467642094614465,-18247.803526489686,-8.741666588278065,3,0.13630777649828457,-6,0,8,8
126.48937089168714,54,53,12191,1844,100,43.83716864809272,15.27290448864984,524.9560223154323,-25530.67315295888,13.429670563837718,18,0.5537671367474367,0,0,0,8
76.72638537359839,52,91,18777,-169,57,38.199424325528696,77.04328929028517,18.67627599120948,-14453.076548306806,24.956013430188662,1,1.4488012930781589,6,4,2,8
261.5345660563137,54,61,504266,234,73,31.703587141113786,-56.31743020836283,8.65334457457267,-25798.73237223158,41.442580018235596,-1,0.4963654838284003,-23,5,3,8
-45.97394750832848,53,54,33258,-183,74,-19.660763896184676,-4.19496845890944,523.5574400554424,-25142.680827741904,-30.880224749000377,2,1.3527776434543812,28,3,2,8
18.83782542371705,53,53,45821,129,80,26.511767639187,371.62904829956597,550.895579143832,-9205.27666858097,191.0292638331972,0,0.7342313043262485,-25,3,3,8
152.31046350983118,85,55,442,225,65,51.59071189628454,-52.35798795302238,12.649494907215699,-78594.3141932717,47.992213646410015,-2,0.9335646446708461,-10,4,8,8
108.1281437456667,55,53,24520,264,66,4.191037651041597,41.34330819681749,-22.68295131411206,-16810.19176857444,-17.054832779122904,0,1.3965494088096648,-1,3,0,8
415.1063487388283,53,54,38811,-134,58,46.81567383226309,-111.8393625737167,554.0182375580097,-8921.922259268526,47.761935613809605,1,0.47048021803226725,3,4,0,8
65.56673506445537,54,53,14098,2213,81,94.94589174562128,257.05589942499654,6.730880968281667,-1692.2956776371466,29.58062435935176,6,0.22737465945968782,6,3,0,8
577.3639155268894,53,54,2727,-111,84,24.66962218172084,-81.38255395295664,22.274924840155062,-9126.178890474432,62.99114877592571,-4,0.3070894600987824,-14,0,8,8
76.78991228360974,118,54,51373,-251,76,-18.857755246997385,17.282775125182525,11.850397840287688,17512.784176009194,33.864469552161374,-5,0.46402804411158083,-17,3,0,8
17.549333124371884,55,51,4861,1939,-53,214.3525521757984,33.0457415394532,571.1442288089936,-8221.205321399975,54.93539164764572,222,4.540068613682678,-12,3,0,8
417.2367744811387,55,56,26237,415,72,456.50022052002953,-81.40530350702437,-10.683848931945619,-10524.199375506385,48.4683573666681,1,1.274513358763107,-29,0,3,8
192.6802167135492,54,59,14050,1654,64,31.061658387182376,-14.329718061128219,-12.594005474215333,5749.482941310683,45.001441149196644,9,1.520362238448187,4,3,2,8
51.66051091654211,53,72,17285,1463,625,280.3438353484049,7.924007563462407,-22.128080412682273,206.51244340715402,57.218909649948586,12,0.38008532515534654,1,3,0,8
-43.51593925997159,63,62,1517,17,69,5.658975437671145,633.1895033477916,37.498540782895795,4570.825714252429,32.12669780484856,9,0.9886473764990849,143,0,9,8
148.8913030443971,53,56,39408,-6,18,214.8796575303009,-80.4595571446965,-35.956041449888104,2687.006097435563,37.546333794367,-1,0.9187147045981916,7,3,0,8
100.37768412123468,54,58,43968,433,147,84.20210814518757,86.03651366911936,10.913319551166808,-8369.794672081884,69.56639682900828,-3,0.7358292642512105,19,3,5,8
251.7002454527159,53,54,21807,358,71,3.3474453156425312,96.39657714948174,8.032091999372936,-14785.6033639089,-21.32351582511498,-2,1.2951859509403658,-5,0,3,8
35.39109498087016,66,52,29507,155,61,200.11835064832718,119.34252597123447,671.6006583696751,-2356.612665936451,16.37621116218267,3,1.1137942519272928,28,3,0,8
31.615859390120725,105,53,15385,197,51,353.2813222157169,17.174027457068522,12.650317502594856,-3672.6365576705093,98.43358336614394,0,1.7175473859153692,274,3,0,8
-23.44444957302393,53,55,47796,312,72,-5.088002761292131,-127.78173550491812,38.00898009302526,-3355.4174681705545,-40.555898294955966,-3,-0.4285129805949649,8,0,0,8
11.558014530637209,82,59,26662,34,58,43.940585558014504,-118.8935438354653,10.732452679267613,-12265.409492645384,39.18678517088647,-6,1.070077799145891,-3,3,2,8
486.3078367662038,75,60,31423,199,74,120.98655270764445,3.932992044564532,442.1974528005356,-14620.382837108533,50.07348765554465,8,6.2304657949278175,2,3,0,8
30.088288256666345,53,76,29233,226,1,65.09358462519593,38.545608483797494,20.303021850075567,-6153.108422828555,44.83872523682569,-2,0.3295994906732574,14,3,5,8
116.32429805551047,51,53,21296,1458,61,14.862853004991706,82.91717084035473,475.6948030655047,151309.36903684307,20.74545324824561,2,1.6219512341697477,5,0,2,8
124.09582674746741,43,77,14745,332,67,13.84591073727654,-47.8934256320588,653.7444756590443,-2460.060849823607,67.70970638595497,-6,-0.11228014463931113,5,3,3,8
780.7699660014092,53,51,44708,1799,80,147.00772489439498,1867.9618941817948,654.1088080373374,-12506.41230752494,53.06948726773966,-6,1.246206072160168,-3,0,2,8
-75.51123247459657,54,55,27789,227,59,60.460214032350514,-31.393080194416214,32.55843794091538,-4676.565624649799,20.770437218284812,-1,1.432339481235508,-8,0,0,8
84.36307318701921,56,57,38036,193,21,54.01561114401704,61.286430106785666,23.983258660458993,129718.05152957236,10.745842957443244,2,1.7227239346845127,6,0,8,8
-37.97848465629508,62,51,-754,-365,67,-11.265743777218177,170.841705981999,15.35697950335122,-10000.477311809362,56.61097478016017,311,10.896881735882491,25,0,8,8
-47.25868692145667,66,54,21036,166,69,31.150713689508066,-1.718900272457276,49.5040995337503,-6393.411606035074,27.678337073076108,2,1.0258197993950942,19,0,1,8
23.421772333013806,52,57,30189,38,243,114.6888616393635,337.2241073752899,647.9773200246378,46978.92254861782,29.26114964996607,11,0.8908641356799676,-9,3,2,8
176.8613833149517,93,55,2992,1578,67,207.81670161035703,-28.049312956827734,52.73748743228562,21051.422083646128,17.023926953602754,-5,0.22823876010529265,-20,0,0,8
-67.26078740149913,52,53,41681,6604,68,51.7134749288829,-18.073766773669917,737.6118474684339,212384.52450515912,-10.439093127722884,-5,0.2565478564676995,0,0,0,8
209.1806798563676,76,89,37973,9,67,118.91503719212929,8.100541147787757,9.93496905480616,-11425.678367947767,-36.40650351925183,35,10.489756066798758,-2,3,2,8
-31.12273912274216,91,54,43003,-28,20,168.9297954443236,-77.08052404209118,767.2690930994053,-3229.9183505203046,35.01668730917097,-1,2.8366370117471704,0,4,5,8
375.22913549849625,54,75,10234,365,748,11.668442261493084,-20.47795309099066,26.554686095290236,-13199.132431492453,-6.413238655530591,-2,0.10068610160997643,1,0,0,8
26.866480689706037,54,68,9740,-34,68,1.1789664458861466,-28.197086550265013,18.26965759940681,-27480.8761450699,83.98570531751893,-7,1.8760016363425898,20,5,3,8
622.6879018345772,55,53,6939,299,77,415.1337227585297,72.24824420896914,-23.31174596773773,6238.906560887968,71.96439145520633,-4,6.457530920504659,6,3,0,8
20.909160533490237,54,54,26395,-242,75,56.60485896102797,-55.07213839316278,574.6451252759115,-19864.36100866817,30.340301005846953,-2,0.18381119809469393,-19,3,0,8
71.13724305426734,55,53,-25466,425,52,240.18419549813513,-8.107335478069025,29.316229165643904,-20452.507687909212,40.8431130796168,1,1.0469620970654239,20,0,11,8
419.797880971974,79,55,35797,287,-3,-18.548355361419638,28.55034973351769,4.904098275730144,61492.529785611434,8.104712109531903,0,0.073678115362864,-14,3,0,8
-44.20276830112837,52,55,3951,-178,72,118.50781527761622,69.34705604437698,-0.20587580342810607,13796.980068014593,33.16529725308948,11,1.2867486158604615,-7,3,0,8
197.82175735632708,52,54,32709,1171,61,-10.621673368009425,-38.24819416618976,606.3503496166009,401.5574565698453,44.98656787953268,-7,1.485138493019388,7,0,2,8
997.668307452918,52,54,42086,623,63,27.73761933071603,3355.7096027229945,279.9333483640734,-16483.42557212321,70.51973047326986,-1,0.823339824904914,-23,0,0,8
-98.06362632736034,66,86,18450,495,62,50.65919915696152,-30.18479262075371,-1.3653348591341876,-29609.829060088563,-16.630050636021977,2,4.458282651249635,27,0,9,8
971.7427174416914,53,54,27631,-148,76,106.34873175333433,-1.013865458305233,31.02747925245892,-26650.850320491943,-4.060576271845093,5,1.4386863376604864,-12,3,3,8
79.34874089852077,66,56,-4821,156,66,0.8674800420317581,103.91781962022671,628.7561134603793,-632.8067820972947,-26.491106498136347,0,0.5516837974656723,-11,0,3,8
126.62252596405921,73,53,10908,428,57,-19.3184302153589,-33.9556963532462,614.8174017001816,5701.879348414193,11.290191712002368,0,0.5982405204355357,5,0,1,8
429.7306473949743,53,54,38573,67,18,5.117454100364299,234.82216943874963,-10.427554672676205,-15047.16293330444,64.8524603994644,-4,0.7651109579471189,-6,0,0,8
145.35851752632493,52,53,28614,445,66,61.38834215153795,79.04520369153647,29.756904607859283,543636.2647298184,44.23249701131503,4,1.2046682203907801,-9,0,0,8
916.3538602737158,77,58,34244,57,68,48.3179809534266,1170.3922978724859,-2.3827434769105205,85570.74527716324,55.09828713230134,-3,1.3414619432783725,-17,0,3,8
179.97482882147727,56,90,37620,2065,69,866.2826735079348,31.87475590430741,24.09302423190136,20878.047146731682,36.45132932874718,0,0.17662455788558296,-19,3,0,8
118.72546514663026,63,55,31918,299,-21,147.37220677495318,-36.245653949391,2.007234118205809,-2278.9153450866943,20.53110640029051,3,1.371221461080126,-14,4,0,8
103.75407616785373,52,75,-2278,42,36,73.97871324392221,73.88617733431389,522.3737165744569,-4599.539281616165,135.79646512093944,1,1.0371277592864285,-8,0,1,8
335.4312093285646,55,53,9111,181,81,38.342530714801626,105.97319489407829,558.9294458939256,2867.0094773444557,36.884769978964826,1,1.8364169443118938,18,3,2,8
-2.4348454236569665,82,54,-13983,342,65,76.04083889026651,904.3134438077251,578.2123213410174,-25136.114318865268,245.90766087426036,1,1.8090382869990393,10,0,0,8
451.4601253202708,69,68,42652,186,271,131.9290189558056,-11.906794942208407,19.706505198441764,-15745.997073991453,68.93140190424468,-2,1.4931436154634976,-13,0,0,8
4.789992238276042,53,69,14201,260,68,-13.543078952355188,-49.9859847796884,57.17497648902312,-6502.983954882721,-6.199875551395792,3,0.3399410216578881,10,4,2,8
474.8745243293159,52,52,33980,475,20,68.1153104397823,-68.75166660735411,6.014206185017159,-15748.506674293032,-8.577030033210349,-3,0.8178246839609387,18,0,3,8
624.4981989637006,95,56,35910,70,37,51.627108484405284,-96.53438277759935,48.877220074373184,3346.36910250396,135.93524754720767,-4,1.540995142756699,-23,4,3,8
455.68804780309114,100,54,18929,353,271,76.43152331225761,-27.75239824709022,636.7676578776695,8399.673615707849,56.53574952208976,1,0.4798987895479795,-16,0,1,8
412.27478386616116,89,54,21161,-158,67,201.01637453570208,-45.1814887246881,480.4601208193903,20852.61923653994,215.960929494962,0,1.5418168299757715,10,4,2,8
544.1320447364807,65,51,634401,248,63,50.57602781777774,773.6716921042828,648.2063685741298,19154.923582860345,204.14228124721367,3,1.094700148548294,12,3,2,8
-48.77419916904813,54,55,13588,970,22,106.8088148602818,86.27770182219126,-0.28178568299285445,11395.340932786607,29.135987767560295,0,0.8827437924170993,20,0,0,8
4.430481487742185,53,53,26694,-114,62,16.467788902783838,48.92041629434972,32.97471238974181,-27209.493078394913,42.06411482914058,-3,0.7592470926398617,8,0,9,8
372.0758651645698,52,63,290431,647,64,61.78891216813904,-20.697964920746102,-26.24991021951486,-21118.244236036575,6.947298467503217,1,0.9467228863694302,1,0,0,8
170.7918735620188,55,53,31660,3782,71,1108.5816924853777,-29.751537040496792,14.031061579789633,-18565.27393419301,68.73536557370659,1,1.4896216527539545,-2,3,2,8
25.947262328567255,55,51,33403,386,68,143.9134089565938,-15.426691591581168,15.440144010592228,-5270.003716134704,233.04031445031123,-1,0.8232004398164058,-27,3,1,8
297.38222940937953,53,55,29534,2170,78,1141.1245171879236,333.4674076091132,571.9838192904797,-10285.40290760938,43.47382753111204,-3,0.9763676870814687,7,3,0,8
142.36576191774145,52,51,33458,-3,-5,-16.94195294393863,-87.55522765940609,727.2488255935859,-15847.111759405994,-142.6478921839577,1,0.9079028374687579,16,0,0,8
154.1363954457172,64,53,19983,-82,578,914.940355211748,607.2277021488406,542.9790711152234,10681.191902533224,28.905678504997333,-3,6.815493511276308,1,3,2,8
-31.769630605387476,54,54,2176067,200,56,51.113914153538715,-646.9953428166218,16.532236623442675,-13484.805415393701,-9.944996082744424,-3,0.5147919096216501,8,0,9,8
301.48248449278685,96,53,53638,771,3,9.60607741148003,-81.46889332015198,6.1548544067277415,21053.484998116946,55.705686481407575,0,0.5042703684364034,8,3,0,8
451.74943258748704,54,51,24413,-287,61,76.17302462606368,-91.77586678157186,49.492882948079576,-2508.909706312248,27.010277425463734,-4,1.0417826318125694,-1,3,2,8
331.8769733811563,53,54,31895,420,63,-10.729999096734531,101.61048405346321,31.49477978460996,-12726.353343660368,-4.771744979011046,80,0.9273010754245348,-3,4,2,8
494.7347747045195,55,55,31515,251,575,299.7406867633343,-31.682844382065205,550.4135388113551,51314.4095376385,27.860891819156315,115,1.459834029398687,6,5,2,8
172.8226857090918,54,89,21741,-110,76,194.15063305171503,-86.26640689612742,282.98678532032284,-10087.853666743278,17.82465538586861,1,-0.22955578828949985,-10,0,0,8
429.1295683271171,53,54,35696,283,61,250.0488299609587,-16.570436142323857,51.07800021798043,-18028.455863974566,-533.8334687783499,-3,0.8014974198975129,14,0,0,8
95.44855156063494,86,52,-11118,194,75,247.55195200779156,7798.134721070015,270.038024411054,-5701.586915096193,47.445334060978425,-4,2.961170402909054,7,3,2,8
216.58436268348152,100,56,36413,97,131,34.41672010306097,42.66835238084648,-35.854035046542315,1400.974141123952,25.24430111822386,16,1.7635088891411526,-1,3,0,8
752.8278354332826,54,51,17516,1863,75,43.111227988814406,16.64602238887378,66.53659886498804,4763.648561115732,67.4681732960604,-2,0.3849190386872291,27,3,0,8
31.834131442808257,53,73,6545,120,33,440.54322724409417,-30.936652055138218,24.974911691064843,2135.1680335948463,60.89190582708943,-2,0.27359776241348954,-16,3,0,8
-55.43649445208561,53,68,2748,-190,78,-31.723702379086646,-129.7498906341372,25.861390353644953,-24006.55062537073,-17.83697157618147,-6,0.8254150807173284,9,0,9,8
383.8236098832147,55,79,38634,379,71,114.06577073323426,488.3949625555678,11.09918463386251,16011.549815836755,514.4917204408983,31,0.6703471018263023,13,0,0,8
240.77185186842217,115,52,-6577,643,69,73.5811612175345,642.5720893151424,-2.236904981539344,-248.9579239814766,38.87092532966584,-2,0.9426396971854492,11,3,0,8
-42.43660704513428,54,51,24767,329,62,33.729280056711985,6.911506094092129,563.6069629397656,-3520.8994614152843,127.2469070525212,12,0.5546617338397416,-15,0,0,8
456.42018453485457,102,54,34730,-106,73,11.147979789230618,-79.77376760727583,-2.06566311190727,8146.631703758334,59.66233730846392,-4,1.0438118469580777,-21,0,0,8
831.8391224489185,55,75,38577,479,68,1235.3274388898187,64.69870386576119,654.2299662302069,-2788.6310453498545,76.53242247565758,209,1.4264968554760447,9,4,3,8
426.6076617490268,56,55,28871,584,68,182.41558895971937,66.78054881943481,594.8922382169882,7375.083625503579,-40.165730261983754,10,0.5326324500998957,14,3,0,8
156.79359614352734,53,56,13837,-52,93,-22.608674443647587,-58.343525427017234,551.4628452821462,-10114.922010243474,135.86343226492843,-6,1.516238832202787,1,0,5,8
24.834004400141588,53,55,41130,-268,684,138.0046389455775,855.6397166671056,695.5539529710559,21011.759176120544,148.61880975599553,-1,4.476232259093523,8,3,5,8
114.87850620106099,52,62,36811,49,79,-17.437243142273317,-75.9644051915568,4.936877242884245,-14813.698470615262,15.37050343138948,-1,-0.3189452705158059,-24,0,0,8
773.9145619396406,63,103,50360,-166,44,213.37181571779684,101.46539335445621,37.859807740999194,-7666.442773287746,22.709685165237218,13,12.934218166857235,3,4,3,8
455.5975660010567,55,83,35451,40,54,115.08952010014946,394.40027894173153,0.12838336911470183,-2077.643490642895,-29.52656006158361,14,2.0627853665467857,-10,4,3,8
-11.855951847671847,55,55,24048,1780,51,867.0364563870377,-13.074108981277739,-4.032599804008831,-21966.343480864438,31.033867725371216,0,1.503790729859424,17,0,5,8
801.6145622502637,50,52,34139,2838,58,-3.4513726654294032,63.77986757197394,11.01628755592592,61825.31089509525,39.551476962297805,9,1.3840839928467172,16,4,2,8
381.64448412016,86,51,22345,-94,695,15.416338996833318,140.93792094622847,34.1023453560774,-6210.0376669675725,113.49211374194716,1,0.18739494296291825,11,3,0,8
1324.6041584590955,99,114,25791,482,81,14.215769076666206,34.885185822431716,-42.1293646400433,-9568.438038958626,25.83700676995079,-4,0.9982875319464027,-10,0,0,8
22.326216621342624,53,54,8349,492,-26,68.21822390605811,57.2133327945211,562.4279541002139,-23061.1763119551,31.067763945972843,23,3.7124246932381126,-9,0,1,8
535.1261461278067,54,53,33403,172,60,24.943969433195775,-92.89521901243475,-5.896992209422479,41971.28903857369,-2.9137417796298877,0,-0.05212140441689572,-14,0,0,8
24.499789456774188,69,54,35890,266,9,169.48224695779234,18.038746278957145,20.395290966534006,-13123.561465608025,92.05507992939069,11,0.45061544806515474,-7,3,2,8
65.83499737223225,83,58,45752,1071,50,77.52401498771223,44.093419852583004,10.321340903109396,-931.0904478184439,68.15087730587535,7,1.0398122352333856,-12,4,2,8
118.66548911509628,78,55,2673777,25,156,24.955727653948017,25.25946618436057,25.205710903336666,-1688.0346103315624,41.41882572797176,2,0.7508612413756526,-16,3,3,8
55.36237412172272,100,53,46454,-44,61,14.98208820945105,-68.53968897441854,-9.868838509675701,-3406.15091270679,5.8234101902708915,8,1.4037773421308923,20,0,0,8
-4.274326179359036,53,72,27246,81,73,93.54438012483867,-59.29862425502652,44.52895344216826,-1473.7085362410126,146.94373547032558,229,0.8948871174367035,-12,0,0,8
-0.8416082886573122,55,85,17169,-158,61,9.28004504650417,-105.49604856571051,34.06859491979767,-3794.967633265459,-2.7896651384226914,-2,0.27646167215947426,3,0,11,8
46.965201311044694,89,52,49163,501,63,79.82030436657183,665.3523035375742,649.222292006485,2022.9440090717426,-4.524872125061165,-2,1.4791632123495382,-6,0,3,8
452.6696177956043,54,61,29812,185,61,69.77934058408329,-4.026908011475459,435.30464165535716,78189.24143731092,270.0267187115426,-3,1.6970310738888958,-5,0,8,8
-16.066164417690217,53,57,27150,155,75,3.968641594582266,-30.69877261204406,5.8182169725097985,-13745.339415493781,62.702945018414866,1,0.11530491095376355,-21,0,8,8
923.8839226039042,85,52,18577,492,672,-7.696512062509257,46.48032670728788,34.19210092309494,16918.412446353104,6.393232086940046,2,0.10029642545904982,-3,3,0,8
73.71041498366172,55,52,6400,-17,56,54.2074927262346,-27.595550328214827,288.3212426425243,-13068.197438403055,130.7637979904137,-2,1.2175336906868126,4,0,1,8
89.80907058522314,55,53,44375,564,78,295.03694614672247,790.5734575816043,23.015202333184313,8051.575741652268,60.84789908980224,2,0.535967346751126,12,3,2,8
793.3260810150728,73,53,33229,337,71,157.9882968465625,72.48716667797572,23.547966126809584,-16045.322426802577,72.56972767491168,-2,0.7352465518862268,-2,3,5,8
922.9107357779479,56,83,27769,348,60,1015.8917076490567,-287.1780921622621,50.648850263733934,44658.086677505766,12.66318578550684,-1,0.2758020984818299,3,0,2,8
305.92580965638905,53,69,22124,2703,69,85.9765936153925,918.1072278441964,420.4984012191577,-8833.403331790076,67.43569945226719,167,1.42527831028347,31,3,2,8
136.51617480390232,90,56,33010,123,59,24.82019977343309,53.11491313093816,693.145820650201,1429.4414464087763,52.78679364674606,5,1.974957872186113,-8,4,0,8
93.43037915915498,55,93,42801,569,30,112.75414659763432,-14.168718319662524,642.3916571665411,-2983.2205815786483,-9.067277985304628,-5,1.288253411835961,29,3,3,8
53.15663912801795,76,53,41028,331,68,105.31181289492423,-40.07337362116874,-34.63543149748312,20264.227675740767,40.66689059301527,4,1.6066015272256466,2,3,0,8
1155.5359268653003,55,61,3886,241,54,-16.196751204401608,-64.2147182880681,8.358432404298451,-14852.190151739393,44.94977507990463,-4,7.593781251812494,5,3,0,8
557.5073293980498,56,55,1122,-96,48,135.81978819868465,1179.2211167283235,638.081582523903,-2522.095256136531,61.19524245332792,2,0.5523272508102518,27,4,8,8
-6.158553672846438,55,56,35239,71,-12,103.74540082032497,496.401435391122,-24.433731742430037,-47142.54814809814,-0.969949873126609,4,1.7414758732012254,6,3,5,8
309.31424368586454,53,53,43755,259,72,140.1836269127095,70.03055671937872,-2.94857125726407,-4302.424454475057,63.756530746204064,-4,0.5175032405297503,2,3,2,8
611.3058050413553,53,54,28579,2465,70,159.3181408282065,45.68495425994286,471.7302132585515,-11334.366883330687,62.44787669745534,1,1.414666716682835,7,3,0,8
149.1193357516034,54,119,20622,275,675,26.330115926018607,-10.743357482780254,-27.50218869540312,-2326.3923981754715,78.51921426019669,-3,0.11479098527288711,3,2,0,8
46.63346012874061,68,54,53034,7,63,65.081962009552,291.23561312942115,42.77027426767824,11410.28929176659,-10.328941517512504,-1,0.6405449340601108,-8,3,8,8
-50.960942561231406,54,52,23854,-13,34,48.129480675052804,-4.4272532269011045,53.42273340885754,-14311.507392569372,40.30332269568383,1,0.7656388746430612,108,0,2,8
259.8990615904102,89,95,22773,513,64,475.44113967643494,-21.995222604738622,-24.15577687822121,-11570.09500071625,34.339340651445596,24,0.5197453204288989,-6,0,3,8
58.680058524506876,80,63,-12237,351,45,1.9134304991490296,-2.267543491570617,704.6598814329961,3353.0208267571534,79.11012211385324,-3,-0.07860100517563595,12,5,0,8
576.4409994310504,55,86,27504,-25,68,321.60801579948344,-234.16791777306884,513.9282056848311,-2191.847019114628,110.3927859833541,12,1.7662180336781599,-3,3,0,8
83.03994720710143,95,52,2446203,363,62,40.095312364275834,3.2784121602790393,-21.751370627836373,-11687.151975772555,83.75649007958151,2,1.4542054258071695,174,0,0,8
-41.6243413444827,55,51,49683,345,62,-13.138856049821769,30.07632789101153,56.539452341628056,6827.1875563325775,62.56997954911716,6,0.8311911840406232,1,0,0,8
227.03144822824532,53,52,-5094,129,47,31.09194559563474,-67.78186690856799,-10.561615981909636,-10900.534356601278,51.22802814101883,3,1.9246430190199075,20,0,2,8
-84.9651373912767,54,55,42613,1409,-11,59.297000124379956,18.251726737848085,-11.931635428945558,-6683.295512992302,-17.486532358928443,1,2.1135472839605183,2995,0,0,8
106.75060546231268,52,58,25372,-112,148,-17.161260232776613,-111.52038207134294,247.88157249333187,-23090.12148308331,22.107712022123863,-4,2.529014245743938,13,0,2,8
226.3563324785748,55,52,16571,349,36,-13.688560806449004,-8.596755106415927,51.81228157417775,-19891.820954879553,20.716823180078805,11,0.27570537150254526,-17,0,2,8
108.42377117031506,117,54,35614,284,66,62.828215707578465,196.3261436109383,25.816343245913494,-17524.54913624582,48.92366289441537,-3,0.3016898942047257,10,3,0,8
-35.24189108599319,52,51,1068823,199,70,313.88481529999217,95.49947056220338,602.6820213736978,-4818.402216385118,39.398070508951236,7,0.3036863707068984,17,0,2,8
1.5137367459821718,52,75,1448,187,-5,201.63424638050276,-7.162414844588504,-7.6405569088721075,1715.6964617786343,-10.962632219894402,10,1.552271962548514,-13,5,1,8
95.75477769464547,79,73,24928,2606,60,37.3516069306184,-33.73317256941833,-4.68311486552503,-10776.91923004327,-2.621405907699284,-3,0.11431617986238912,2,4,3,8
545.239826261409,58,66,45467,2131,73,333.7210428824648,68.79745671817724,402.48771636395236,-3163.335741377282,43.52402969590957,3,0.24068340388580145,0,3,0,8
45.834654513714156,55,55,42563,522,59,35.35802493192483,4362.3405677900355,603.6592075343038,9021.46768338812,182.84178314273947,15,0.3201652852030993,-4,3,0,8
20.599757236848603,54,79,5071,196,211,25.23934272536208,8.611499261226273,25.45885748075601,-13196.380467317791,-8.845334448959491,-5,0.4893022945050076,-1,0,3,8
-78.4457400363865,52,73,7705,233,80,17.313738266235447,175.12507182039514,42.22553993795823,10023.079668166987,62.84504720363082,5,1.1646729198399897,-1,0,8,8
21.89100025913571,53,55,13502,304,57,48.81874824511147,87.63023987954242,50.271733185487506,221359.34716532443,-6.314653471254019,-2,9.693744069150405,19,0,1,8
94.55486931364959,64,51,7911,3263,301,1155.7410219379974,95.01507773929555,46.499573915669124,-8546.179457883238,7.267381566338656,-1,1.1189041311142833,3,3,2,8
497.9683765242471,53,58,17989,304,37,20.341377106091727,21.23342437046012,-25.324102573966883,-8739.914154047365,19.89570938975909,-6,-0.18177900823093973,-11,0,0,8
596.37843047485,55,53,9829,82,78,191.94704509758634,96.13482979675823,456.6303814399048,16641.38695768703,383.1095517823304,-9,0.9383267797597105,-4,0,1,8
316.7581053922532,54,112,28689,419,155,64.7810549719895,28.88330833346572,7.903254642731218,-8991.106996792754,4.893186718295581,-2,1.00995095172416,5,3,3,8
284.6989237660494,86,53,39611,867,59,-2.5409495464004976,-50.315244881887956,697.0601289653473,4711.536224334824,50.02299661359355,-57,2.1247847282366177,2,0,0,8
298.45907541942796,54,52,44069,454,70,9.813360533740365,640.6989261660556,24.37509550525373,4880.177707203715,110.98956150681799,-2,0.8775473621588937,27,2,3,8
167.0370751717861,53,83,20033,-58,75,40.64174743675971,-40.45581066113686,410.46948778652614,-10832.150733159997,327.35739514400655,-4,0.43372554072843367,9,3,1,8
29.23074476145672,58,84,32436,334,66,23.195340669136115,-19.767411969209263,20.346524446316263,34080.67957466372,28.55017613006605,-4,1.3053880815215662,15,0,0,8
395.521603507446,52,82,2410,270,-32,4.173802333738621,-30.483069058765786,28.08318042985698,-9925.631049722771,23.755943563063354,1,0.47580271068988367,-16,0,8,8
70.06575066491828,79,55,-1080,-147,15,29.53742131214736,12.014135895365095,19.657158628353045,89861.51429986426,42.191220776715035,1,0.7454072755351018,-12,0,5,8
442.87460043841605,53,55,37138,-105,58,150.06255293780663,481.12702046786615,311.27210619259216,10360.689558594951,13.231145552201355,14,0.7633572845740025,3,4,2,8
-69.34796337993049,54,52,23197,527,67,64.09211487272707,19.095018258310063,682.402104068492,-16181.640511343721,32.040206423569096,6,7.189641835125149,26,0,1,8
543.0503419029782,57,53,24633,410,42,20.00221760146188,588.0832705933861,692.9098135013965,-3074.062262333372,94.66639154673196,4,0.6281817135512463,-14,0,3,8
19.411677195842742,94,54,31270,237,120,635.4768918494434,79.09693198220444,20.430643118433792,8964.396065397552,43.088063322470774,6,1.2752821172914897,19,0,0,8
52.06086502603364,52,66,36827,69,73,18.725853651521433,-53.130232749406424,-1.3133586152221097,8649.320344090465,41.37066522197587,-3,0.11815070161795305,10,3,5,8
-69.48993344050433,53,61,14618,159,82,27.28643401311723,-29.472516019745804,4.070336221505414,-21492.377645791737,13.211076440975958,-8,0.2710710156755261,-11,0,3,8
46.425363631716635,71,53,29657,79,183,17.066066340488433,-78.32542182527988,-15.963566658437383,23363.8492262315,47.73414485088631,-7,-0.31195377842077987,7,0,0,8
42.298473212042154,77,55,18344,54,74,507.1177381951787,39.36914987401354,10.009118763312728,-6615.748820955118,44.54665481957675,0,0.6890744205580122,9,3,0,8
1693.9138703299,53,94,7975,-61,70,144.86131260404204,-25.090442561984183,583.3773677354251,15270.419295316107,35.11703690462315,-6,3.339016758344119,6,4,3,8
55.268984474277815,64,59,28429,304,57,18.350111634408975,-77.04866539505494,4.390197972768453,9775.919263602125,1418.7216073481122,36,1.2627048618916101,5,0,1,8
215.73433770525548,55,63,44809,192,84,93.41590651700396,83.63239109227104,-27.934132499324036,11841.040931922156,74.24593931042241,-2,0.8429598724854285,-22,0,0,8
184.54416852513208,86,56,23093,-185,71,42.850285848321796,175.7002564207649,9.250925223011222,-5963.680162576796,-1.2389023105986325,-1,1.2501058135261185,4,4,1,8
312.12232876510956,51,51,-5467,-131,72,6.887722208689581,-8.229818590424152,54.89837112796247,-14988.090619450231,11.421435629614564,4,1.4627712700628792,-13,0,8,8
133.90011010676767,89,52,18941,662,71,10.661596015347826,166.61011591454363,6.8183476550760815,-5876.499608998475,22.37684403188055,1,1.866786344449971,0,0,1,8
146.67020124567836,53,54,33814,2340,60,616.8759060687505,56.376408802389776,45.271632364545006,18134.782999375348,25.15323064368563,-2,1.3329334348082083,-7,4,2,8
1046.1972762022885,73,63,22056,243,81,60.216123454990026,2.8386825761295746,15.388635696457726,-18783.00504161377,58.3952167117459,1,1.0659353124272206,-13,0,1,8
367.9433286211835,52,54,16860,-346,77,-40.89499417416624,-113.69081469251202,221.21691512021957,-22962.365874200907,98.22681037020419,-6,0.9054758778615791,13,0,0,8
-54.530960310539996,54,52,32659,-10,82,105.20318482474059,49.52245374829671,27.915329785535906,7699.6037774413235,51.207193852253326,19,1.7603881886761037,1,3,2,8
287.84967308540956,55,51,32649,570,72,108.32572101353371,827.0327572313151,538.5747407217009,7764.194346573317,91.12408815153985,10,0.7202384054415779,19,3,0,8
80.82527341965528,85,52,43150,-32,-6,-7.5642123137484845,-3.827916051149618,0.27547120266952163,33775.488467472824,76.11716937487941,-5,2.5415348366745514,-22,0,0,8
90.30611969104226,55,54,37435,20,272,27.424135142815743,487.0072920984487,201.39667357698562,67372.72156956789,177.18604104651413,13,1.6609118496590165,4,3,0,8
5.190746124327859,55,54,31045,131,55,19.2089824670704,10957.938757326761,-0.05411896884082612,8486.525545364662,113.50400579249107,14,0.39022482521879187,1,0,0,8
-20.49317914524876,53,78,40968,-115,72,77.74816737157911,-23.448890716182156,717.5603068428867,-10613.53971354977,49.746123476870025,122,0.5993474120279643,19,3,0,8
-67.10033416945816,61,67,-5043,91,70,140.87509979910038,576.6310404058192,31.66617250861653,-18234.63707923668,31.467605060233076,5,0.24647183348440962,-4,0,0,8
202.47840031174584,54,56,45397,245,86,147.5008715221681,-93.94697157499562,642.317974578659,-6350.157415109327,34.64980942038121,-6,1.117868716045406,7,3,0,8
-1.8000867167536825,57,67,14526,558,67,337.5353555509016,14.438674980125619,583.4764776705073,8366.994787327922,9.753693169572585,-1,0.5422563239407632,-1,3,0,8
482.40985354262165,55,57,17434,653,63,1.5882655269159898,619.186106421482,9.756167824015545,-13628.451975757562,-0.7459061218000329,-1,1.7845963937135074,-21,4,3,8
122.17250897051292,54,51,24324,37,80,1.985629767245996,9609.35389254898,679.2440624194171,-14234.815344533094,0.09603805353987127,18,2.160081132669322,9,3,2,8
107.10492040922827,52,55,45936,824,73,1.8130275536210831,232.36083196202063,15.370130160633163,-3245.89526357251,0.9973035427416193,4,2.3392344155551963,-17,4,3,8
406.2158689674192,66,80,37888,1,56,24.102937512679432,-111.97953366717005,10.0489528587422,20595.920077623818,466.57276025264696,2,0.4024537302639592,0,0,0,8
-6.181014992980295,53,53,28012,-32,62,27.172944809745786,22.73269596053565,13.916068122971662,-3096.4934566559577,-13.132341675477193,5,1.1980750472227568,-3,4,2,8
317.41340618515096,52,57,6661,292,65,-2.1818883273607526,-50.13251833120757,3.90410130781607,-4533.6354107088455,28.612991295988053,1,1.3802745294079215,106,3,5,8
508.30623424084695,55,51,37595,495,61,41.23067581144778,42.87196552542321,45.51540204109152,-67193.99287736254,60.75334238700481,4,1.9806108097187687,13,3,3,8
394.21372914146605,103,52,43318,518,65,76.10966471596942,437.84934364200484,25.946387681188344,-7178.738607734419,24.676317885599772,-1,0.9842800287507747,-9,0,0,8
21.0257975973919,59,63,36358,240,55,1096.5339572266005,-0.7266552354945865,743.1032565798512,-639.3792605274539,115.58884103260851,-5,0.7893100040239304,-6,0,0,8
436.0736537222077,51,72,22418,1649,77,219.11789655144824,-5.210641016782915,713.9869538604166,-4868.9428443425195,8.474131336524096,-4,0.32338385592621294,1,0,0,8
84.41415876536541,91,77,23471,214,46,20.222070364086576,99.73476157624128,-4.060971908052935,-11273.613543204061,90.02320488945426,-1,2.0789202962847804,19,3,8,8
90.37824039585587,52,54,50619,299,70,53.96409516884903,382.81218641030654,19.13122271959955,4673.545388751375,7.800547889285866,0,0.560399996636755,-15,0,0,8
75.18018451014458,52,52,20030,671,74,44.01274861206147,18.636933591072534,644.7642990275381,9206.44325366617,17.31140536388159,-1,-0.003575796008928489,-10,3,0,8
370.40156515256535,53,54,42076,697,11,-5.082869942381095,275.2879562083798,59.39848268911378,-10006.623564117894,34.12494695854667,-2,0.4152711618772299,4,0,3,8
1259.3627821042992,54,54,39451,422,59,254.84567937532364,123.62166269400157,544.8992957938411,787.429097897344,50.85146506009356,-2,1.3804068074877671,16,3,3,8
-44.71182369412496,54,54,17692,8529,80,205.21785570434855,69.28855967445504,664.8748755117692,12762.258850046703,64.51057233633182,6,0.8485645963913486,-14,3,0,8
559.8010505636424,53,54,50697,285,75,59.054241933809955,23.481689721968966,557.2282727909026,-762.7579927659035,20.4077402407313,109,0.49552765249230624,10,3,0,8
239.85758169559196,54,51,34434,3227,143,280.55563270876695,-29.653046980178544,-0.2506368905131282,5223.03847205637,62.4066546524765,6,0.803484529823608,21,3,0,8
325.17183469431427,79,52,-8258,581,60,59.70326184696862,627.2171590128719,-7.312229232495137,-21045.974433251034,39.641064013614944,-4,0.6726076982353281,9,3,0,8
41.64845589343572,54,53,35831,473,72,33.286350870805066,25.53410631519848,-20.989315522787305,-24097.782117970582,39.315995237187664,1,2.1905145148958036,10,3,0,8
112.19944082357125,53,52,14277,132,73,303.98026170459394,48.362797257801105,-36.955608099739614,3133.1691846857534,149.32930805164006,1,1.3350226930871714,13,2,2,8
38.3885117727251,56,112,35763,3554,72,374.88561825860563,128.683479036186,647.5164010051953,86762.1580263192,20.312824577054243,-2,1.2154984966470728,29,3,0,8
501.6563830928186,52,50,17184,62,72,-6.212160423084015,32.79680529736377,23.84041537329732,-12208.092227527293,116.02511004864913,-6,0.9026216022838167,11,0,2,8
-42.44448547094079,81,54,34193,2637,151,256.70768934438325,965.6750073760725,-19.599284927243968,-5802.43177669144,367.95529313566885,4,3.6188965889019085,-7,3,2,8
67.88602089506514,71,52,41261,452,75,13.227236442245314,650.5214222159124,42.772326751837085,-16534.505847719203,65.13821650866046,-3,1.859326203869256,14,4,3,8
39.29228841928311,56,56,47930,291,72,112.61761607370406,-35.98037769233043,614.4280889123747,-11016.373542738642,74.11348230395245,5,1.4564576530654485,-13,0,0,8
433.1970957875552,52,52,48336,64,69,64.06250258523923,-112.06995242460067,675.4858656300926,12323.868569201553,90.78495881642714,-2,0.4091114149746973,-9,3,2,8
47.51582260792376,54,54,240936,177,84,87.19788706835807,748.0569421462756,523.6154176939543,-14008.51434607297,52.508695393010015,-4,0.525030321050509,3122,2,9,8
55.25567986095288,54,73,34986,-34,79,316.6612598442323,-4.815032877376208,41.1120363915567,-18634.926684713537,52.88195134263288,4,2.112760568793964,-9,3,2,8
-1.0918344177307233,52,52,21731,89,44,107.6591922860409,12.532287990305155,696.2382927327121,-3029.6822509762933,24.143292692303987,11,1.6045250837659908,-4,3,11,8
72.65873907356904,56,53,18767,266,79,334.9454222545296,334.9352664128383,39.77398375604932,-31879.892669134,-11.072569495557545,9,0.823655677849209,12,0,9,8
409.7787132088476,75,53,34039,2937,72,296.0172909199587,79.35072336505152,20.024853042423207,7699.610493189039,5.56545850710674,1,1.1498795274562497,0,3,0,8
96.02000105585535,56,55,3216,-142,56,125.51048032517409,-12.186328784033009,704.8310244953515,162.76389883551747,56.77137186781186,-4,1.4093744356755398,21,0,8,8
74.25523554295435,55,51,25505,157,34,-15.207686105536354,-14.714916222470066,9.580061765776318,-14341.506786849957,-117.12174505901038,-3,0.7521109276461022,22,3,0,8
165.1202587732481,54,54,44363,157,58,73.75488567640912,48.44053455851312,616.6378690855438,566.8105174369202,292.9212340764412,3,1.32024087814333,16,0,0,8
-66.85693929465722,56,60,22220,4961,65,897.3183863196153,97.32651587464792,-8.133916210078855,2433.7635705243592,165.1427930684408,10,2.078353437629758,0,3,0,8
31.5350479524923,53,55,34074,1776,60,46.0395595842883,233.3850189781987,-12.962487017104493,-13321.486788346148,55.629442431589496,2,2.0205575188005183,-6,3,3,8
225.25848090157714,83,54,29683,-139,76,166.73465226185047,-110.18722111760934,-6.870400555033316,-11511.391605269837,14.263900938428023,-6,4.295209158937936,-11,4,2,8
26.19918945710282,53,52,28888,471,42,-9.513279575603448,-8.468462919187424,560.9042044860355,-10754.613396344692,82.99819768738644,6,1.3617560748663928,25,3,2,8
-20.41940677806207,108,52,16250,-23,54,40.27671816713054,53.51835845115909,394.1877119382268,158751.00101508273,18.357274589651254,-2,0.9930362440672947,4,0,0,8
498.62765008443847,55,50,16740,786,83,210.77129388585672,56.827161142327654,47.152529305340735,-23578.87009447829,4.510299569954128,13,1.54447109656865,17,3,2,8
-63.817442618504174,59,51,-18181,-267,74,40.61856032972782,-10.527265692079013,575.4140925882512,5972.806475711765,9.278505866917556,-3,0.8660948000743149,11,0,9,8
153.96358537810153,55,56,9048,332,67,99.7724610778019,-12.873436590315215,-46.54185778044726,21603.199854996248,51.49708597961447,-5,0.6012971685488805,-4,0,0,8
615.2269325968474,74,89,40085,1206,66,80.98341711153535,-77.96730467283652,489.9683172494244,16622.6676317458,30.319841476632035,335,0.9712232475746285,10,0,0,8
669.3333507172173,73,56,16570,398,61,10.108136850085884,6.347302956471321,-12.176211683715021,-730.9856410886287,439.1907071314048,36,0.8962793351608519,-9,4,2,8
1214.4711612697038,67,54,23053,54,224,166.45248081735858,49.44251160669759,7.170954131458957,30450.811269797945,12.713957897120892,1,1.9243908100248415,-21,4,3,8
34.156185067500594,55,53,45398,-43,68,127.975933702589,23.23908375081757,616.244527845946,-5787.845769610377,343.7849144795184,3,1.7768633009571193,12,3,0,8
-40.7436787871755,53,54,40142,-314,75,559.2060580752482,41.863321803281806,65.75503299354259,-6402.708588693685,39.778409485160154,-1,-0.02409182971074697,13,0,9,8
-42.748427054049046,54,52,37604,286,61,192.52986462581657,16.345838444792,45.26274055468853,-20464.54469563544,17.49244665925356,27,1.0010765633317116,-27,3,2,8
113.62341510501125,82,60,36198,-231,-33,-3.620570968717587,6.36550086134897,45.84393679641651,451.78289210117055,41.33225236804059,2,0.4630152044818393,0,0,0,8
82.37145444446836,73,53,17344,1366,44,132.78688339837885,69.922768683212,581.827453978231,-18233.05156582065,101.48752277250199,56,1.1054484779389255,-5,3,3,8
1250.7484347825086,56,65,24324,272,51,240.06267724723472,915.1208725385877,597.9633595050072,-18574.407351085058,37.06874568834102,4,1.36350881179833,-4,3,11,8
322.9904729568666,53,51,26901,448,65,54.330394229916116,73.30278976313991,6.346581983108331,1228.6743177154494,353.297813165765,409,0.8407021665505884,10,0,1,8
63.36300473212438,56,51,16344,65,75,45.49656250262383,-13.110570432950851,-13.027891930366852,-10529.281853376902,27.3247592445869,5,1.511530949471864,14,5,0,8
259.73423852284986,52,54,43260,2100,74,45.734679694910156,12.521946822977574,540.1842595317623,3783.0588067888993,95.06186192109891,0,0.9404492568434336,6,0,2,8
167.62181799547312,66,90,5624,294,42,271.79826476351667,684.5479809350497,22.447215668991447,65715.17059136396,39.485117195626486,1,2.0704491426841196,8,4,2,8
576.3614834724116,55,51,31949,2274,63,824.2561052319821,34.170011927222625,23.617945082249783,17338.62245194026,183.8119631923446,19,1.3503723416228468,9,3,0,8
32.90836665646344,52,51,28015,-99,74,82.13315321624444,-71.14865025129069,18.30226509718337,-664.1895939335809,57.422208191078454,-1,0.860013178989084,20,0,2,8
140.8004991194498,54,53,46137,299,60,824.3754350285835,0.18055856260460246,57.819117866454086,1410.5403475627345,37.29613494940565,2,0.4359670420604454,0,3,0,8
96.6796980106,80,51,34990,234,61,229.22975851504532,-4.5298580037418965,478.0236774621029,110410.84370233507,315.1722824864115,3,0.26048842292220964,9,4,2,8
-5.168640997534638,55,117,37746,497,17,385.27465752841835,324.74949539044076,710.2106791431546,7543.307136204303,248.0112615022166,-1,0.06925875036089524,3,0,0,8
521.083208921966,54,52,28280,-112,76,252.23542769778032,-14.587664163859785,16.131395276656768,-10423.520467499111,42.123248763227124,3,8.487327520019956,-4,0,3,8
-45.538779628741906,53,53,21530,227,-12,32.50595225478777,103.2272669311393,37.269564094183075,-19765.82994601891,64.01225534266393,1,0.8605868153170131,0,0,3,8
377.71468757481205,118,55,29051,-83,73,60.88366712141384,10.278314063815538,392.4148322005386,-2419.586083018734,55.59910252297314,9,0.2520390255242168,-15,3,2,8
134.7622017598532,54,77,24715,644,70,117.74874491021421,58.054785257488874,0.26119247995802475,7740.176594162833,188.6660090289375,3,0.2747225724954473,-16,2,3,8
26.16902471558015,68,53,20866,18,83,146.33876395767794,-17.49154890468691,36.73290241118814,-127844.9877235865,459.97304235010085,-5,0.3075101468907177,-14,0,3,8
32.00016294063493,79,54,34325,633,59,150.01751020764365,-12.799535307125566,20.315395103240494,11092.161039264898,56.64606554682929,-1,1.6092757332651202,10,0,0,8
623.0766654911678,54,94,27088,83,54,54.48636843523952,-34.01089560236719,6.7020484067493795,19393.36426536731,-21.118535175188157,0,0.5094011469274269,8,4,3,8
24.302077144686876,87,71,24922,140,80,100.4685996426103,-49.9554183258659,29.46047738622088,-55006.2692726182,119.53501615910233,-3,0.7331624523131659,4,3,8,8
702.759859234835,54,54,47098,2673,72,1118.183338594996,22.375755958354627,542.4840305078499,-8176.008637757449,-6.76174472023871,4,1.1184636987867875,-13,3,2,8
83.82484371102575,96,54,20942,345,62,217.70651227101024,58.90312458877287,608.8796481471446,-12159.386640323235,41.77338730028125,1,0.8866233755338887,-20,3,0,8
114.06272185861326,56,55,26420,634,67,1104.814370751622,-36.925747406412135,612.1073679827692,-1509.9234296510076,29.203267643122643,6,0.7751470010335676,-8,3,3,8
-8.812255364531168,45,57,35087,5119,78,32.08693002246733,19.53707292105598,123.42426725606805,-16937.486527924775,86.64821001342591,-4,3.595390545823271,-6,2,3,8
423.0793493364089,55,52,33661,1474,90,349.8249115246834,0.6022553876458865,619.7673668488442,-15917.416385171364,156.3117218193592,5,1.1784185204223507,-4,3,0,8
79.14490471706725,61,81,30680,236,34,38.575479319404025,34.92853368962276,42.40127788762549,-17070.545488158088,15.702876115307902,-2,0.1960604145436099,9,3,0,8
-25.51161517744721,237,65,33575,146,70,1353.2542396024342,29.552013251305546,50.253176165946584,2100.292707995685,-5.685627373082596,0,0.9261637337671661,2,0,0,8
130.1457645413408,86,55,23459,-71,77,189.70273747311833,-110.39641734811175,44.49698777472231,-22710.259689766313,339.3061814711767,-1,1.0177902602805586,12,4,1,8
30.17030158183139,62,52,34828,224,77,281.17779652289255,458.91715403647993,14.131169950125653,-5498.408385256759,77.8063292355518,2,1.5808636379978258,-3,3,3,8
-27.476070350663733,53,89,25656,156,72,54.63828735593548,-61.33758925452259,39.21992057692507,-7648.191460342815,25.974890958349967,-2,0.8498609459767746,6,4,2,8
620.3855484552604,51,108,20751,119,64,15.505081322396137,-41.66842679233593,20.588627194535327,7108.712894445201,5.959080955074413,-5,1.5020527302564548,-12,0,5,8
533.1333012770436,101,70,21217,368,48,45.2444150091678,-85.59793171700329,-4.371162443197952,84994.5029141602,2736.0839887528614,16,0.20953642863272853,-2,0,1,8
170.93721614555727,55,52,24885,419,71,264.4650352680071,-32.83552129083016,623.5309870165498,-18677.847774552632,21.22457552618181,9,1.589824513729217,-4,0,1,8
484.29278308603324,53,56,32856,812,50,204.14602112406237,161.96719756475875,21.74344356310842,256.27941722781816,66.07875172389492,2,0.7734003467198773,2,4,2,8
-65.8637606961779,70,56,-5449,363,60,180.32349794364194,-70.1375641101377,23.926405764525143,-10827.086163950054,4.79421896697778,1,0.649782341486783,28,3,2,8
29.28900921549979,97,55,43249,508,80,108.95996609413766,186.22551978660334,22.465678873760336,2165.5381371492836,78.44990997026763,8,0.23570570506629832,9,2,0,8
-93.02275496259594,81,76,14130,-195,84,61.618022384516685,-52.64601376415066,523.8731343899229,-23572.996279835545,-16.826822822552614,2,-0.0842626083298923,6,0,9,8
-15.369081302329874,83,51,14023,145,257,134.40005982058693,-78.46303171065941,48.81718777293352,-7126.817819002218,14.454044565407642,-2,0.21263561940881442,10,0,0,8
-25.923899260229632,100,70,22627,270,70,-96.60458467492981,-13.617554454594156,22.18522190093647,-28478.629708928387,36.022951836207795,-5,0.8951105466436357,15,0,9,8
100.11514180998287,55,54,44629,413,81,35.11179231132731,390.7734960702233,740.850321867397,-25466.550596823185,35.320324523798995,-5,2.09999957775453,-11,0,3,8
178.53095474181697,53,89,27335,16,61,-44.56412309652421,-0.28652437609825654,-24.80327957028912,-20884.192369280612,46.067702338035424,-7,0.9165197200639813,-26,0,3,8
247.1006659977987,52,52,7591,419,70,174.99398241700132,-21.697021496375783,37.29010724109287,-9433.661041221043,376.9505228230697,2,0.2918990358697974,-4,0,1,8
-89.18337989529019,70,62,-14972,117,82,17.70166849271331,88.48971296021534,53.51652072290727,-10465.062590474114,-13.581280194609775,-2,-0.5022625037966068,-1,0,2,8
356.5553048744926,51,54,-14839,210,77,844.9677098481532,32.71864209440418,26.217958564568665,-12663.36858442639,-6.299186832301629,-4,-0.24873621930596135,-10,0,0,8
91.7294120978242,84,54,32408,-128,76,8.591040116340864,471.6796493803577,31.13390410275089,9639.042769115156,65.95259054842376,-2,0.10566138225499744,-12,0,2,8
351.2104672439786,78,77,15187,2285,74,88.69860841076019,431.1556590177944,-1.7013278888357037,8636.041967708881,648.2234073266841,0,1.0836417232896571,16,3,3,8
164.24308714378952,55,70,26094,2739,67,91.41559601687433,-13.157464135445856,50.960026998067875,-23054.6432325782,34.89869174441708,4,1.1477676881780345,13,0,3,8
529.674626910258,55,53,38299,1235,810,128.0567966725128,47.74032368578605,646.8651546743711,-16984.82269955038,30.72103328677251,8,1.5181879526183537,12,3,0,8
29.069097644889688,55,55,3901,-58,63,56.67533685692916,-73.96458843130716,695.938439633533,-4558.173260470126,-44.34537289184175,14,4.3683606969619735,6,4,3,8
46.63670543414014,73,102,4667,-267,182,30.480393472087954,-56.795194022138354,598.0124204360476,-7028.459873405159,55.24783571171256,-2,0.35400936569720176,-2,3,5,8
-23.459860985966984,53,65,30327,-151,71,56.87653173339033,-84.08960022771575,68.0163351059362,-2801.106218304756,-2.548944587094951,-4,0.8469916872426622,19,0,0,8
98.80178078814035,46,54,23862,58,623,-16.190021800052463,-47.70929679098504,543.0903585991025,-17899.67587970741,-6.707112603116741,-6,0.5961925627990368,10,3,2,8
27.420627949789818,52,53,16736,103,21,6.984279121121858,61.846146784335936,640.3497812606556,-27156.863106704037,-23.366095910651396,4,1.1187796877135898,-20,3,2,8
335.7364575584221,52,55,34778,71,499,22.572570564188823,-27.989640285460112,31.611158153397984,-8810.870655057577,-15.973963775301826,0,1.0252804423869781,18,4,3,8
393.82750826249026,56,55,1159058,488,83,56.131217812490505,-8.970326426128416,29.202486763133457,8404.621480146394,56.12735343574425,-7,0.9484193731707458,13,3,0,8
300.59284667097245,64,52,28230,53,662,104.76626643317383,-52.72427547511308,27.42363512449143,1332.6084232594767,17.55579663828422,0,0.9952314859587904,9,0,2,8
12.486626399468364,97,53,52181,349,63,143.22465669668392,1815.1606663184032,685.2333561049198,14408.071920136652,31.809924487223363,6,1.2215320271594858,9,2,11,8
-11.408093642209252,95,55,24999,151,70,323.5527501831692,81.9568279098413,288.0550184468205,10817.32100414404,45.80749038633179,-2,2.206276759995661,-9,4,3,8
-45.4676798660019,88,64,44974,663,75,137.7724046604118,109.0120914520528,408.74905553141707,17925.196750783023,94.65666341339794,8,1.1187410078198683,-9,0,0,8
247.81679465594237,78,91,52030,281,60,8.974910587094655,41.70634028248014,601.6790210543517,122794.19248452217,41.757748896534835,0,1.548078755349062,1,3,0,8
171.5032628405085,53,55,25255,8394,66,1.1469682912725858,151.54904385340814,622.0150786034042,-21703.62820590661,58.16103493382686,-3,1.1228483891621122,4,3,2,8
216.9737340237405,68,62,15545,93,268,47.76068558727122,120.99831345412633,25.124238494239982,8190.721333699796,48.55122607229189,-2,0.9479465801213709,0,0,0,8
235.4027563457396,55,55,31928,67,70,293.2739747763111,709.2782240039023,580.982427091032,44912.90010835256,25.27133065081002,9,8.824619145266142,12,3,0,8
-58.154333183541326,100,53,23456,-75,72,30.76918575907638,165.50144988655777,59.211059079915636,-64814.268919475784,96.4029765554679,9,0.36712589358996955,15,0,8,8
152.09093397380303,73,55,19710,646,60,203.07352327980317,617.4810640930446,8.02730050999864,-9928.254071541312,84.50025749999881,11,1.349880472081823,13,3,0,8
178.54650109034986,52,134,6551,-51,70,67.45950377469566,79.97613908590787,564.0402323245944,-3430.398045211442,34.514029350708775,0,0.7878022004718473,-6,3,0,8
695.8327126717215,55,53,30617,152,59,36.45321965917132,4.299996646970033,18.34368317495282,268.9420341633804,-0.7866768379077627,341,10.209801200751336,-17,4,2,8
-0.017398947548542765,69,55,25679,2360,78,-0.6803331254404128,-43.66405406517067,23.160266284644933,-15513.748012399803,21.539225206353677,-2,1.159855375095973,-10,5,2,8
528.2547929339378,54,54,47228,534,79,66.75632552337416,128.42432061038647,559.7914423837684,-2386.0933060157804,89.40356943363486,12,0.09978291064412625,1,2,2,8
384.98455236134674,54,54,51418,411,80,42.58409911150285,-34.15246319162553,429.6032859285923,-46955.43913270801,30.029656568371998,1,1.0989431757329498,-13,0,3,8
441.794027003928,55,112,33868,436,498,799.986881738934,0.3133053396674299,68.70273431775455,-9100.219690019036,10.675250326940542,0,0.12056674527491507,9,0,1,8
132.5416665530322,53,76,38584,-68,637,-19.85754610268829,-99.96484864686408,45.56196162600134,4525.805804013638,12.654574123333958,-3,1.218522791630971,15,0,0,8
266.0907561466119,75,53,42795,341,69,82.71845074300666,629.9933502113726,25.000163881897596,-18703.239867423228,30.11454351032551,18,1.2449795229863976,-13,4,2,8
1364.547304583737,64,51,34552,289,70,65.82746371650956,-44.223660645541294,100.16264753339075,6628.3582939520475,82.03959800207355,-4,1.038526219816616,-15,0,2,8
-1.8473633319203202,54,65,33348,169,52,51.70481875292948,-61.75863563701571,-38.27927504081373,17409.335395166687,-16.167246013517627,-2,1.3323060814112733,-12,4,2,8
-20.08326465053584,53,55,44366,224,68,217.2274224905495,1060.2053630522537,667.6970044076237,40137.8068272402,44.4376154053369,136,0.6920109035759543,9,0,2,8
370.2969260793276,116,75,13623,-2,70,316.64301564347636,534.1850854829852,686.61342752872,-471.53571190854655,46.13729830957588,-2,1.6990289029684877,3,3,11,8
12.515730236180445,56,118,28828,0,74,91.48816079711935,95.16405198229091,-0.7285379198624664,-14551.337787136774,78.06885563035328,1,0.9190793437904744,-23,4,3,8
334.2861293188646,55,54,30110,3642,78,68.74647949971599,110.38719363664279,-2.093916395889278,26887.809195663096,29.426906579940237,-1,0.8196453077039589,-15,0,0,8
-55.15186510867889,78,88,26424,-49,79,26.98821216530044,-78.51818460307317,27.68510833496989,-9650.330762025198,92.23153116966523,5,0.634926520215738,-4,0,0,8
463.3246249861501,55,54,33630,282,77,359.0681760177054,414.71828087574113,591.6824780612137,-3279.1474675684376,357.6054077009264,3,1.8061875654016182,13,3,0,8
451.0972376628973,63,51,23739,43,55,18.306697286302608,142.03747886310887,7.902131296642332,-10257.209900225222,64.32056143669304,4,1.128525627940157,-15,0,0,8
31.209156869005852,54,52,34947,262,-13,900.8268303744834,97.14030098174933,418.6496970295983,-12164.09184241102,82.91583560410125,3,10.402645486408996,3,3,0,8
-49.13368108294401,56,53,14564,-92,76,70.83413063662044,50.542052139812796,22.24108287726847,-48735.4691892714,59.21593036817046,0,1.6782850186113296,27,3,0,8
201.47558350174475,55,51,38609,405,348,1147.4752435716737,61.908096728945694,27.57623057161407,75.41806323865785,127.86429115500448,7,1.5874644231276966,18,3,2,8
57.00835279989238,52,69,-6336,389,57,91.80223274903915,155.2964474402329,18.498326529903956,-7786.26484553647,50.297531406871215,-1,0.6241645788630286,1,5,11,8
24.75197473748719,56,56,34016,170,68,98.34568496672388,-61.28538580760563,20.610020394806334,-14634.44710521158,-10.55027960188798,-4,0.8997593303778592,14,5,3,8
389.01757848949546,87,54,20922,-44,66,83.84255708668275,451.04010754698123,46.68943213260975,9581.548208257396,24.43086599494586,47,1.511631088608494,0,3,2,8
54.08654336169775,53,55,40174,-210,82,112.60599010473769,-0.024649542429884264,603.512800368468,21995.29565130577,43.77712121615203,0,1.1158947256360479,9,0,0,8
377.08823767908905,53,72,1959378,1548,242,139.79967587311418,68.28504995763814,11.817880439014754,-9133.313700846571,80.60146408230982,0,1.6715342126188844,-1,3,0,8
91.75623640149908,65,50,36975,393,79,313.1055926179192,27.595609547366465,33.27949141425621,-15293.75563810407,51.598044641044766,-5,1.5294954838797903,21,2,2,8
67.71589350682032,66,53,24760,137,65,11.662298974747657,4.335414619932429,23.42379884377775,1728.821122156971,39.945642030864754,-2,0.22526346089288513,9,0,0,8
326.59151387977954,55,55,27834,538,62,102.50107283649942,-25.959077439147478,158.1374399891094,16955.47382245283,24.132725253726463,-27,0.8512044494623152,-4,0,0,8
113.07286431962777,53,56,22908,87,70,67.21738010711499,73.90602379959199,26.444341618059475,13915.641659058208,121.2968388813232,-3,0.5461664317873921,14,2,3,8
265.7035581899734,52,54,1673597,134,60,91.86057240614265,308.2631441451891,-0.6944854457800975,1749.2295332678764,120.76852163929598,-2,1.771930154749449,-2,3,0,8
529.7851627676026,52,180,45708,-23,80,87.86481819454599,-11.40859071784351,12.412455868521178,3472.45189325004,35.578490912955665,-5,1.8995995192168071,-5,0,2,8
-46.03198120488477,53,57,12535,-126,84,170.57055654140666,-47.2471378037771,524.8527576636523,-13788.105296941249,-19.38289375981043,3,1.4362157873210344,-4,3,2,8
25.5425415345591,54,61,18401,255,56,60.84121405907915,-86.8620210488304,36.40396493879297,451980.04141478287,17.984883717855382,1,0.6479932702097814,6,4,3,8
-10.200349147053302,55,82,4240,-80,63,-21.233803293142856,-92.88692116184257,-13.781084971706676,-12403.295433858377,26.540414831423313,-4,0.6984542050515,2,0,1,8
455.9721616107882,109,53,9165,109,146,145.430847683658,42.812721653597364,7.398509002600082,-34266.52425206076,29.47444248668514,20,1.839200957570966,-2,3,8,8
73.17058411108798,77,56,-7537,-220,50,77.9783327185403,-72.03982897463342,-8.391814162476834,-8488.221062716646,106.99877174800272,-1,1.4356473184144085,31,0,0,8
1158.6916906517285,52,54,26525,177,808,131.9148215579451,766.7617527547343,449.68619636878236,88330.33693533202,18.698622996016752,-1,0.6435654604891133,-12,3,1,8
413.1238036297466,52,95,31581,669,70,89.90774830535912,6.344841705047415,23.852168533700766,-7873.243628205672,1.2917396296536339,13,1.5391237302241942,1,0,8,8
43.34728823941134,53,72,22158,-216,54,-32.756901268665345,-42.23884607466538,57.89622445640354,-20610.325968339555,37.128738446397655,6,0.8280742704851068,14,0,11,8
303.21008331195316,53,52,8693,-197,71,153.5677135308519,-55.31697713692818,-22.537252396816346,3359.177525784351,113.6511869140862,-4,0.12681967846970366,13,3,8,8
22.84411403222513,82,64,35499,223,63,67.805132583394,7004.03094593945,29.898699915372408,-14023.9050489691,75.12606992246913,1,-0.03760254203051128,7,0,9,8
466.27761321226455,53,83,41840,44,63,84.3150044524247,-28.208107857406326,678.5937059555556,4784.16949831057,67.36838912361078,-2,0.9848257813083309,7,2,2,8
86.35340025944035,82,52,41473,370,70,69.50887101111414,-53.11352115645399,40.446699740142066,-10947.457435123008,11.864846214778396,7,0.679587485696985,27,3,2,8
8.841163632571082,49,56,29589,433,174,121.96507731986092,-53.43319700943602,183.30340651558532,1899.6655653325006,67.35779791401143,-7,1.9298089455959544,-21,0,1,8
-54.48544725068851,65,52,17701,343,47,-19.060675816658716,227.27454923515293,53.13798498225451,-22833.144142972957,7.23112417463922,1,2.7608778926002095,0,0,1,8
109.5640286070343,53,52,38128,36,58,294.7404295831281,53.688522334183126,641.8714457501912,4165.232085849891,208.8232431838611,0,1.201244229599402,13,3,2,8
206.40408530519065,54,115,35378,407,68,40.062722541068084,22.22658603887571,-6.394070923115511,-11389.803739088653,64.35822477152715,6,0.8776396306289769,-27,3,3,8
274.47258025276057,55,54,16352,518,73,48.990214800196824,-91.62798888554332,8.727238437610996,-5850.062844261142,4.017717178159316,4,2.0058644572011795,-5,3,0,8
-19.19855985475715,53,75,-441,545,70,14.7243384319397,18.47228470756045,5.2551198312677965,-21397.37100754317,26.951873491751776,-2,0.5879251315221764,6,0,0,8
1336.0966348846723,99,139,29854,543,76,266.23963059863183,3191.2966359574466,615.2542502191218,-10664.588947467433,24.340131242505052,3,0.7290791757802347,1,3,9,8
-2.96319689955196,52,55,11185,-18,39,74.16152967775814,18.411201416078626,10.959192114483889,3576.105131300754,32.900888576438405,-2,1.1081230572587466,-18,3,2,8
203.74746612618756,79,55,34711,-24,73,97.4272131587233,-68.75502167403909,456.5881969357773,-2328.2644501606646,83.36470824753158,4,1.1392269398868689,-15,3,0,8
-53.72242777165519,74,55,35924,-265,49,-2.0492130064845355,-37.98565295485511,645.3157279389607,2413.6912832401426,-14.761202831963828,2,1.8213407839405158,2,0,3,8
-20.494542718946036,52,56,40563,2113,353,14.533100687634331,13157.358214013495,25.789249082117678,-1766.6339307188273,36.883895540013455,1,1.0959505083534722,-1,0,2,8
-61.74639840445309,53,62,15752,634,50,102.16245126068075,-95.98392005772766,29.666643356338845,-23489.97889288501,56.790576188273945,0,2.114034602215914,9,0,9,8
507.1584911673567,54,55,23793,396,63,321.2384015870578,1.0582329976755993,617.1936831972245,-56831.97693224723,30.96665694222044,8,1.9152632593635874,-1,3,2,8
-46.3728503878949,53,53,19677,633,5,253.83191592466903,131.25680938897196,3.565608171644034,37764.06239455851,51.428469848148985,384,0.796011921730613,-7,0,1,8
116.85276255096412,90,77,18333,35754,17,36.95161726965162,-60.554363713116054,34.39623729070578,-20198.777784916034,30.82479093359626,12,0.41272020033346607,7,3,0,8
-22.11903352526997,51,52,2832,332,63,-31.52004392839204,348.45108418041275,33.60412713612896,-7592.220926499788,11.340799866313034,428,0.07443274708812075,-17,0,1,8
518.1702661766526,93,53,30884,4,59,105.89476270714914,165.94490583271505,39.24313858892035,-705.7499505203668,65.71194995813887,11,1.461842009742865,16,4,2,8
148.1982223339915,54,53,21694,-224,73,219.43405435255403,343.3533029940562,482.5268969665947,47840.79721590635,291.8847744100404,-1,0.9625072021416821,24,3,2,8
94.52899791310656,64,56,42630,74,49,56.64117092791139,-48.893044282763505,34.52475208756347,-3807.113286865825,3.1548489279115586,0,1.3769687122614687,-5,3,2,8
14.596074909162446,54,54,38257,-218,65,8.441079535961123,-33.90317999855551,55.509187667835604,5447.789774421606,33.95929933344143,-4,1.4557677948690717,-11,3,2,8
145.6174413814829,98,54,28450,2099,80,43.342911273075494,-38.32606763972923,3.754851730215469,6733.389603433826,63.495034462290604,-5,0.8587617763669961,-1,3,0,8
45.60353776436523,52,62,36407,313,70,20.78857618926348,376.76845090057407,651.8322557746818,106532.64743355096,874.4273636134599,4,1.5348719023763056,31,3,0,8
51.57370278480941,53,55,33359,507,600,4.575476711202981,-122.89554154803278,-20.819105780174404,-16692.796916788666,-21.56939712775393,-4,2.726726430613368,22,0,0,8
310.09450891795194,56,53,46354,29,66,877.2558654598777,21.784105609692883,600.4073410383919,-9398.463359731573,205.11917284274682,16,1.0300074318388055,-10,3,0,8
-61.03907333554426,96,79,31326,149,61,57.19167250701839,64.44605111953518,-14.09224340071924,12844.482883333869,829.0711343738404,434,1.2235725635512003,16,0,2,8
-66.2737418544938,53,63,14388,272,45,-18.84443137909244,1542.435770622521,37.9505701006922,-28455.83556575153,20.118816242209178,1,-0.056590833187439515,-16,0,9,8
70.6598506343324,50,54,16454,-2,65,-37.37299141380788,-15.694471110831557,3.110361121575202,-27015.265297109687,-29.55122122344447,-4,0.4902775346892567,-1,2,3,8
1.8000023778256207,54,52,9741,162,55,89.99313923968216,119.18095669349054,-25.099892133306412,19566.671149371577,142.19720182419294,1,1.212285805266167,-9,3,0,8
60.273308701133175,74,79,13734,258,63,445.3333820936848,177.3254766788941,57.55653718403262,-18713.390496235803,50.130349609855756,-4,0.4967827759662164,13,3,8,8
95.81239058610805,55,56,29590,614,65,54.65396749175515,103.5414842818463,20.963262757653258,6567.495337898832,31.580915171851508,-4,1.3215446759901974,-3,0,2,8
170.6810261792044,101,55,33491,16,75,215.92448186968872,3.0443832211782578,560.6919341376222,1347.832575612279,60.813315626334855,6,1.0644354710759498,11,3,0,8
117.9108692500382,53,54,19999,3082,-13,28.653588347098932,599.0249247032402,-13.306366208069612,-4638.6410511104705,0.9334929217633601,0,3.047158824563027,18,3,3,8
153.43134719677238,53,54,31240,264,56,144.26941589407437,-30.55628368322975,15.88670918995907,-26946.61304375982,8.405495686332017,42,2.019305915774607,-1,3,0,8
-45.40405854745052,52,52,4116,5,63,-0.5120857599159905,472.0932080237143,484.78076964692855,-2419.872621587896,75.10546361378434,-1,0.41981018400909,8,0,0,8
-14.030767050249821,56,75,39638,431,74,69.78564283217564,824.2416271923864,-5.770138620479297,-24212.61961302659,71.7568195572517,3,0.8070512238103233,4,4,9,8
29.0402141238175,83,52,29272,2890,70,909.9646488185108,119.58934769491287,655.8294018855617,-1277.2230698129279,23.24790233980677,-1,4.624350845984049,19,3,2,8
-15.940218690681775,54,113,12166,619,34,63.416290735377096,58.91632176385927,31.759799651104256,19258.103733794265,43.12450868876547,9,0.30166617185944117,-19,0,1,8
409.26063025200756,53,64,18077,386,79,167.40292624659554,27.7696047398098,10.982207909882138,-18673.01959966225,87.91061052166809,0,0.5259617937300207,-19,3,9,8
-32.15754005079005,53,53,8516,-20,65,-13.77333148570031,737.1926522984706,6.868178332985191,-25384.337905687713,-9.08997184000279,-2,0.3239679079417554,5,0,9,8
105.69178344209735,53,53,31694,93,67,15.91136092937127,4.791479148788181,618.103832713301,-14175.140105772938,36.738805037756094,-3,1.352889857391711,4,3,2,8
-30.260184824134853,52,77,34317,1901,64,51.816269778186644,129.0771749614199,10.09612824610381,-12067.850700493647,60.76957053525237,277,1.1115214175253796,6,0,5,8
-8.010497905411455,77,54,35695,228,55,93.14969015916995,-43.98491201418678,440.8367179453321,6855.065371290655,56.635000380723646,-1,1.338222661951419,0,0,0,8
9.096170094945293,84,52,42336,382,65,97.99776169356844,-92.21245425016014,50.76040289217525,8258.85182945781,30.693226908867942,1,0.28968495153557605,-3,0,1,8
59.868526121425816,52,85,37463,-182,65,24.29447034936122,-70.66326075917763,440.1269715664862,23602.633978157653,72.4102354724418,-3,0.09376547516204714,23,0,2,8
118.05932746638953,127,53,42722,639,45,276.2251096848833,285.5309936614135,424.15181673257564,-26897.734339503557,54.67983686410721,1,-0.12385628594097808,-15,3,0,8
517.7933085616427,102,66,18071,182,65,35.43448029603708,57.67145874820099,-19.543522342014338,-12647.148113590396,47.62378597072876,-3,0.972116725620276,-9,0,0,8
-28.548021086553092,56,54,46994,523,60,241.31722378823173,433.57876804111186,599.5548364628188,8718.848927897689,118.40790254017003,3,0.31284558439766863,-3,3,0,8
555.6230963878182,53,54,308553,3214,66,151.78468231157117,23.71166091000054,16.571046764957902,-4091.2347838061296,57.603513416527335,0,0.49622388129278405,-14,3,1,8
76.69073294012323,54,68,3441236,-49,61,88.55402432405687,16.52581075517238,28.995254508045573,-14393.490852849514,294.4445356748266,2,0.4002025174725965,-14,0,3,8
500.2629334054085,74,54,30271,-16,26,107.36401084722723,393.0149696586031,39.24228967964173,10813.041431222533,494.0589963016787,227,0.8616818327336717,39,4,3,8
340.6938973659991,109,53,-2072,154,46,998.9727380066915,372.23753788043473,18.72906281763356,-26111.08090301113,20.978733260996037,2,1.969041952377212,13,0,11,8
-32.37489975846421,110,70,20768,269,73,262.13910472086803,40.074490352703805,33.150711190238624,-5756.993923086536,54.47075616858694,7,0.608635392948684,10,0,0,8
207.5974856246439,54,53,37117,57,-2,57.27335624612829,-87.00732614760827,57.06821527845094,-9336.366870061996,-23.378798697918214,0,1.4726150016663866,5,3,1,8
95.72882049837413,53,52,21987,200,79,345.69730235043403,35.89743522720649,732.4406782281449,-2873.3372189923894,52.00444795118561,-5,1.2930554295266807,-7,0,8,8
263.4968545343313,53,58,32297,-124,72,782.9169145584513,-3.1727248377876727,687.1546430121193,-13590.796032126822,71.49824913045455,13,0.4790590140569051,19,3,2,8
467.62134267074106,44,57,32435,14,710,42.06215670626168,-35.116891306962636,19.114679285409554,-12029.748234259296,-3.4989678553263417,-2,1.077125498739885,-15,3,0,8
-0.9492263861815786,54,52,23235,253,79,146.25701691569637,-46.31875202830275,9.430921734083302,-20608.900438957975,55.94510708554421,4,0.9990205410862936,-6,3,3,8
-35.41831140621035,54,55,20924,239,72,27.389792649735924,9195.416829605363,515.800233244708,-4634.113741717706,-11.493424470867936,-3,0.7349100153287793,21,0,9,8
0.5242428266492851,53,63,16211,477,72,61.14253914417491,-34.81875393907222,42.66356797307018,-10880.967354059609,9.024036324577622,-4,1.027152138833263,11,5,0,8
35.13447647136937,55,55,37893,-171,79,97.24640788003234,920.4652948839945,608.976904192721,579630.5724440177,160.545459159343,19,7.667120392406363,-12,0,9,8
335.36652244886363,52,53,32119,531,80,1275.308213717533,71.2041289139226,4.264325434642554,-12120.157122383513,5.331577317577242,0,3.1286534088044755,23,3,0,8
493.5608936911116,72,54,46494,-72,58,4.342246427513999,-63.21223711069262,492.12612438187534,2074.6492969217197,51.897458003238036,-4,2.1076523466219506,1,3,2,8
166.84988129649574,75,60,38790,-251,66,113.38719389357726,-67.8458971104142,37.062784895799155,3371.4418242610104,23.494158401996316,-4,1.22147343696482,8,0,0,8
400.0587656974675,52,87,26874,566,61,94.65688676724098,62.44848265958565,28.10851728280108,7461.703638005978,-11.108889942002037,-1,1.056832730102922,11,5,2,8
278.1392648620667,52,62,15663,-15,99,63.78741634523726,-130.16480954173295,59.46473879981994,-2326.711172333664,11.898379617662968,-3,0.540561301703727,-17,0,3,8
398.3854510814323,72,52,-1165,146,63,199.69032034978397,30.095836097191665,26.88683843975138,-18314.879817709163,200.80890391865933,-1,2.988805221124897,14,0,2,8
564.2349644608131,90,54,-14959,465,63,261.7195221549803,14.236390969263683,-5.812886122213391,103949.65256373392,18.044194215097477,-4,2.1702691595812724,-4,4,8,8
-15.239572102725873,49,56,34451,296,37,21.193299854617493,-22.225212715722947,38.34712971840092,4851.266309870284,-2.985414543679852,-3,0.25095489403301674,2,0,0,8
20.014322870058848,76,77,13314,202,25,-0.10763930255194509,-118.97624420114394,33.15183925566818,-5622.675387059612,4.489601912274779,-1,1.505180346891352,3,0,3,8
468.519998847936,54,54,48948,236,41,210.12259211031343,35.653467120348544,22.109697577203118,10669.651561660214,38.99775801506798,1,0.7444496217642202,9,3,0,8
447.4449943291974,53,55,13568,33,79,131.98412079911878,-12.038332098942234,602.2957229100172,10080.150390724528,31.223000282313315,-3,1.53641563184365,-15,0,0,8
21.93045905177126,124,54,11258,87,37,271.29264203454943,-12.367528460669362,16.128438967255182,15932.386667348284,68.60020034392184,0,1.9421956029904284,6,0,2,8
-33.02390023509466,86,61,362056,869,103,17.707525629275537,33.19253657177403,-13.657816937587246,2218.698802148464,73.96061749289305,7,2.0537632207247225,7,0,1,8
-21.77242338476259,54,52,41675,73,82,129.83795413663756,104.59611675484311,15.489142779574884,-114154.98184099165,275.4245762077464,1,1.8258102759589128,3,0,9,8
-25.005214207914676,53,56,2168,145,72,48.35274820068459,83.89464836877397,544.3174049725823,-65598.87936504223,40.44274495973855,47,1.1152064823238925,158,0,9,8
330.6491949502421,54,81,38905,-334,73,15.943080355745394,-42.97114297860349,14.002251864156477,-21519.68954707572,46.953985252704285,1,1.444219026504634,2,0,3,8
587.3524645998348,54,52,43847,173,74,24.466357187528132,-12.943493164099884,-7.788228224545661,32372.78063081665,30.359925133563685,-4,0.8612061702562446,4,0,0,8
1050.0006603772094,85,51,-12939,581,73,33.32363981655243,-49.4594363261533,-25.520646809538654,-17311.335786932184,40.780961550398956,0,0.36223089429831884,-20,0,0,8
407.6622431497332,106,104,33956,152,70,112.80993917671209,28.63041076587972,769.464306711571,6780.225078757588,67.57120430789466,-4,0.8980118006807273,-9,3,1,8
465.3910298647628,53,53,36426,2713,73,29.649395455708188,-10.631017797423475,642.71344428383,-4360.241968178477,108.87927681434799,3,0.159564909635804,-7,3,2,8
-36.581542795559486,55,51,23236,340,78,106.10835386282336,314.2673414367133,442.1811145224262,7036.279675131935,1236.7795612782925,7,0.19993410336009904,-7,3,2,8
-8.105621172962316,53,92,32619,-55,-16,95.94282557057687,62.89030264150127,49.965215155442756,504.6743302364084,39.34305209599106,-1,1.2099258225652467,-1,0,8,8
339.30088579431674,52,54,21649,277,29,183.7794476563531,1174.643122577891,6.665077735516562,-5688.150644023893,13.82374584626234,-3,1.107043493488388,-8,0,1,8
49.509879399962415,48,51,8945,188,71,-13.23090698687777,-151.7625007370047,63.047497485731995,-11501.262466849952,-15.754624208492913,-2,0.19035095345543324,35,5,3,8
608.8303843430587,53,53,37576,72,721,91.60399423798495,-38.2717491680454,439.4788419625809,943.6212719476916,26.1355578869871,6,-0.2557405915437132,-5,3,0,8
-60.45042868643412,54,52,2998,494,69,12.985761456403068,39.22236425789886,43.39103517338675,-8758.756452791193,25.629296289037356,14,1.4130504691008587,7,0,1,8
457.77038905991935,103,53,18704,1407,73,215.75229380471126,61.68471824332847,-18.362032832036988,-6258.435225209782,117.12580216885857,19,1.5113218647650113,21,0,0,8
333.92225626552187,53,76,44781,2682,297,395.63704566227784,745.8138308020896,726.6396916155138,-15962.808870169487,8.954253770226273,0,1.486582892923864,-5,3,2,8
401.14554519121646,53,70,12948,-181,65,24.0211164446726,79.850865879237,-7.89599165146296,3311.266336915526,43.209044293640304,2,1.5089251530080814,3,0,0,8
18.879375029355096,67,63,30183,48,64,-31.838385191531643,-87.66923039163436,404.6828101573222,-16196.430929071703,22.993159535294538,-5,1.8421370515358708,36,4,1,8
470.5310922341796,53,55,24468,291,76,63.31465823828074,87.97297559192316,515.360923562186,-5338.639254734703,85.27898442364891,16,0.053896994691454814,16,3,0,8
60.57935557473664,66,54,42652,60,58,49.344643099757995,316.084727929265,324.0475581695749,28386.398748917476,63.67817867391393,9,0.815102049043758,14,4,2,8
360.97981412523933,62,51,23759,481,59,-9.398837386712586,4.55278411737639,525.3968712272953,-6484.262241120084,53.29476460258691,-5,0.3664147738394762,-10,3,1,8
2.2139389783459933,53,59,22666,21,59,596.6072240305886,-33.679126443389414,19.671417329619292,-18674.951347182683,39.47775863570087,-3,6.110685153092365,5,3,2,8
368.7739280053818,55,119,40347,478,58,69.13244467923269,700.2121269203665,24.822979811841943,-7726.3985810635395,-13.135378789335078,-2,0.920355964959974,14,5,2,8
65.24876370796956,55,54,23948,201,40,55.12961169157497,-44.66975703369787,745.0839561362503,-11481.43638568533,-120.15289094600115,0,-0.40900005299650366,9,0,0,8
473.6591756083171,96,63,17749,1807,64,904.5061266005825,5.606366321225284,16.9187260262316,-2202.776674662111,29.225996423371846,14,1.5299340351939252,10,5,11,8
200.2750368112998,52,58,33619,268,794,53.43318374380339,-9.681670098403544,-24.51790876275944,-2847.7624577839533,28.59576797164228,3,1.3552718387996667,-8,3,3,8
48.148084801008906,89,56,42618,2206,57,463.1665919601477,27.605641790699845,430.9806556842261,18335.00063066677,85.41105861909355,10,0.7417961097858272,-9,3,2,8
86.96810720923048,54,53,1021,140,61,62.601967673813256,7.873965498019528,45.38047580542326,-25901.888644951407,4.220235677798968,-3,1.0879704518198234,28,0,9,8
367.42976058979934,64,57,29181,-9,65,-17.58910625267532,225.46006878147793,-3.9894392884612797,-5914.458805948244,26.663460883866392,2,0.8110677564607328,-6,0,5,8
128.23711892447216,55,51,30458,70,50,324.7134617735763,-111.2084593776433,59.262780765452376,-22131.564007664805,64.30349231028735,-5,1.6380794455975785,-23,0,8,8
138.38602220383768,63,54,51597,1399,59,2.6018810133324166,344.18493986865724,20.298698361984005,-10998.038656044373,-30.23405220997347,5,1.7467293193853513,12,4,2,8
356.04231399361623,54,57,38929,115,5,4.172282160890404,-44.21500932505656,337.42469824651636,13715.068839332092,36.87646280892679,-3,0.40541702529466217,-16,0,5,8
136.16970377420404,54,54,10388,289,54,479.40092874690754,34.024096948015405,15.00862180110417,-10559.851936974399,290.0345009282348,-2,4.342362390863498,20,3,0,8
-1.3344640367351417,76,53,-1473,303,695,49.80573388010447,104.2816154693044,589.088048884973,21384.3870644769,90.0010884222257,3,3.2053668390760155,-13,0,2,8
-41.27750879916978,83,51,19226,-19,255,16.11091491337568,22.552454677131887,387.54454477581896,-10266.231089511013,106.49234540238294,13,0.18610994771350858,10,3,2,8
260.89720813693054,83,52,29851,228,84,30.263147358788288,-1.230110805599132,683.0934906144752,10216.478875423054,65.47508045156796,-1,1.0885693549126467,-6,2,2,8
45.71405995777553,53,54,41647,143,81,51.87347298824563,-34.98411410831069,133.80659156669805,306639.9750397244,28.603044552916195,-2,0.20238150374786812,-3,0,1,8
-21.02412444133236,56,55,44392,-185,61,17.66990582237885,-169.0735034446082,404.16460366120066,-19901.603859195035,98.69679632206126,-4,0.386676082083245,18,0,0,8
434.728089289555,56,96,21881,178,65,67.51834750448177,391.10175812075045,377.774868634008,-2023.0978892260973,39.58514286192563,0,2.098045237197544,18,3,0,8
111.41879099042384,96,53,23478,-54,69,4.44323061560155,-63.19633096552811,631.0906153026787,6830.341719175934,64.76507896425228,-3,1.1676934868426572,16,0,2,8
136.39316784173513,102,54,38874,190,67,38.34147106490449,52.19657806904773,589.4092367450053,-13026.109698235938,123.1447567546737,10,1.748401815464224,-19,0,0,8
-22.793437067649066,55,53,25148,43,367,103.85807999993287,-1.0124298490285462,3.256063185098028,-7406.677651681587,296.235022381234,-2,2.119012810854678,4,3,8,8
487.24825910149616,55,53,8165,504,70,326.1585353017046,105.74322506415339,-20.35791464903129,-35924.51645851182,9.459733339589434,-4,1.8571277241812152,-4,3,3,8
286.9927865641243,71,117,36274,283,50,55.77366868749388,455.843889868267,287.1792616076383,12085.65472972851,22.03596118316753,0,1.7295863253648813,-6,3,0,8
37.46586629636049,55,53,25291,211,75,11.106926180135602,23.430131375713984,11.73777806881451,-19489.513640311514,1.862076820704857,-4,-0.38266462152722924,-2,3,3,8
26.459590298437313,64,54,31364,-162,738,612.4356159670415,169.3056478397698,-12.585598755375216,18625.471941690783,83.26574391199094,1,1.8382294808424906,-22,2,2,8
2.331523405025848,51,54,12229,501,72,73.67134994285142,-14.322773246927973,19.617940621396,8693.24909456445,1.3463608341518523,0,-0.30188006205962126,-24,0,0,8
161.30520463965763,54,54,20963,-46,60,22.2932611588125,15.462446199614961,3.4627288332853174,-11362.989698568588,38.57875341503861,-3,0.44498831641972403,11,0,5,8
