bwd_seg_size_avg,pkt_len_min,fwd_pkt_len_min,totlen_bwd_pkts,fwd_pkt_len_max,bwd_pkt_len_min,pkt_len_mean,fwd_pkt_len_std,bwd_pkt_len_std,flow_byts_s,fwd_pkt_len_mean,psh_flag_cnt,down_up_ratio,fwd_act_data_pkts,syn_flag_cnt,fin_flag_cnt,Label
637.9167,54.0,67.05858,1849.3143,412.36914,60.0,394.02966,0.0,0.0,104224.5,244.9017,0.0,0.954936,10.0,0,0,1
602.0121,54.0,95.0,108.0,614.0,63.0,150.65909,46.381207,0.0,21052.68,110.95624,9.0,0.5,2.0,0,0,1
673.8852,54.0,54.0,155.3812,575.8134,63.0,178.2577,0.0,0.0,29199.258,142.0,0.0,0.58148247,7.0,0,0,1
60.92304,54.0,73.0,5183.4355,313.21222,60.0,646.868,1.2188714,0.0,28392.564,81.0,18.64682,0.5,3.0,0,0,1
362.3834,74.0,89.0,97.0,415.53214,91.0,212.30109,0.0,0.0,27520.033,97.0,0.0,0.5,6.0,0,0,1
350.05884,91.0,95.0,121.0,268.40042,60.0,387.81442,3.5969548,0.0,58456.47,266.8967,0.0,1.2154765,3.0,0,0,1
121.0,66.0,55.0,5240.0,268.0,63.0,283.8879,70.14955,0.0,28617.746,121.26113,11.0,0.5,7.0,0,0,1
95.0,54.0,54.0,309.29602,318.55075,66.0,260.12592,76.786095,347.5533,9319.546,173.82024,0.0,0.097236045,17.0,0,0,1
60.0,54.0,54.0,7730.432,483.24106,0.0,784.42883,217.1361,0.0,27764.39,226.15889,0.0,0.6666667,5.0,0,2,1
506.3392,54.0,54.0,5133.896,534.0,63.0,236.76244,179.78127,0.0,56248.703,68.0,17.0,0.9166667,2.0,0,0,1
130.0,54.0,54.0,150.0,368.63745,60.0,478.5003,0.0,0.0,49842.098,330.70865,0.0,1.0,5.0,0,0,1
60.0,64.0,54.0,9683.129,268.0,54.0,409.20477,82.34588,0.0,65786.914,95.0,0.0,1.1190792,8.0,0,0,1
750.6691,92.0,75.0,1015.3988,533.2865,60.0,182.76517,46.57603,19.457344,16682.271,142.0894,10.0,1.2222222,2.0,0,0,1
569.6815,54.0,54.0,17149.062,626.3984,54.0,604.78015,72.533646,0.0,56868.848,77.89762,12.0,0.78586584,2.0,0,0,1
485.61682,66.0,54.0,283.13477,412.24838,60.0,553.1322,0.0,0.0,55452.08,182.20633,0.0,1.1,3.0,0,0,1
153.0,74.0,96.0,119.0,658.00354,91.0,138.0,116.00107,474.2897,6310.5454,301.0,0.0,0.5,12.0,0,0,1
669.6098,66.0,79.0,6504.8203,321.86844,66.0,130.66667,0.0,611.05536,451.41684,108.46863,7.0,0.5,3.0,3,0,1
488.0719,54.0,54.0,121.0,522.0,60.0,405.66028,77.98816,15.240935,22809.918,216.0,11.0,1.0,2.0,3,0,1
71.46417,54.0,54.0,7691.667,612.05383,60.0,325.70026,177.82114,424.24695,10366.513,198.53528,0.0,1.1666666,3.0,0,0,1
362.5,54.0,54.0,10675.608,1267.0,62.0,375.8637,72.74973,0.0,21739.408,109.25,0.0,0.6,9.0,0,0,1
638.43585,54.0,54.0,111.0,206.21095,105.91092,160.0512,52.71473,73.32645,15396.036,94.281296,10.0,1.1904087,2.0,0,0,1
603.53156,68.0,54.0,7579.1353,513.176,66.0,134.1302,0.0,0.0,52394.004,101.33473,0.0,0.09313853,15.0,0,0,1
365.0731,60.0,54.0,32142.621,1288.4962,60.0,354.2622,462.08554,595.6545,456.6447,367.02695,0.0,1.0,3.0,0,0,1
362.33722,54.0,54.0,55237.832,582.0,91.56059,103.666664,91.49408,573.7388,1241.4529,211.66838,0.0,1.2222222,3.0,0,0,1
361.2798,54.0,54.0,7655.0,522.0,68.0,241.14839,0.0,0.0,32709.176,267.71683,0.0,0.5,10.0,0,0,1
107.3415,54.0,54.0,9943.162,681.28015,63.0,416.55286,0.0,0.0,22225.55,223.87804,11.0,1.0909091,2.0,0,0,1
156.0,64.0,54.0,8483.989,528.0,66.0,142.0,0.0,0.0,36341.133,207.82008,0.0,0.9,15.0,0,0,1
546.5417,54.0,96.0,16332.123,400.0,97.0,131.33333,0.0,0.0,146537.23,97.0,0.0,0.6666667,8.0,0,0,1
730.3478,54.0,54.0,41683.344,511.6749,60.0,394.13635,70.50142,0.0,29799.56,241.02808,0.0,1.1281407,5.0,3,0,1
179.0,65.0,91.0,68.0,219.6483,66.0,358.89737,161.732,493.6562,6122.6294,213.0514,0.0,0.5,6.0,0,0,1
66.7247,64.0,96.0,0.39001518,400.0,64.0,260.16098,177.04062,0.0,26878.297,212.17056,0.0,0.92985,5.0,0,0,1
712.3739,54.0,64.0,2541.7444,322.67178,60.0,195.19336,76.0,0.0,42881.48,107.0,61.485096,0.6,2.0,0,2,1
90.252426,88.0,98.09558,11007.823,526.2784,60.0,135.63344,74.04523,0.0,27762.938,288.0,0.0,0.9321954,3.0,0,0,1
702.9649,78.0,89.0,9420.821,131.21205,60.0,192.31029,0.0,0.0,107803.47,99.0,0.0,1.0,4.0,0,0,1
635.77374,66.0,54.0,13795.551,342.53674,63.0,358.65823,161.732,516.0542,4302.5967,105.6,0.0,0.9116337,3.0,0,0,1
129.0,54.0,54.0,496603.0,803.53815,66.0,149.18661,361.22824,612.33875,1177.5092,75.0,12.0,0.5,3.0,0,0,1
712.2628,54.0,54.0,61047.242,1292.0,66.0,177.0,0.0,0.0,37335.246,154.53812,0.0,0.8,5.0,0,0,1
267.29218,54.0,60.0,481.06107,527.7438,54.0,601.91125,0.0,0.0,29296.39,112.0,0.0,0.5,6.0,3,0,1
69.95725,64.0,96.0,169.13,288.0,66.0,194.01915,431.62524,560.00433,2527.645,257.5119,0.0,0.6666667,6.0,0,0,1
549.9728,55.0,54.0,21264.23,133.96367,54.0,195.00705,0.0,0.0,28671.441,96.0,11.0,0.5,3.0,0,0,1
129.28023,54.0,54.0,5171.0,536.0,60.0,459.84192,0.0,618.2085,353.8989,89.0,11.0,1.1818181,2.0,0,0,1
152.0,54.0,54.0,91.0,339.0,60.0,142.0,5.656854,0.0,21067.75,84.0,10.0,0.5,6.0,3,0,1
488.21423,54.0,95.0,9168.896,340.0,66.0,177.40112,0.0,0.0,58509.125,213.08598,0.0,1.0,18.0,0,0,1
399.7322,66.0,73.0,465.7571,342.57297,60.0,448.42386,242.71716,494.94864,5334.1045,150.31746,0.0,0.75,2.0,0,0,1
65.64437,54.0,71.0,3043.903,371.33386,60.0,260.1773,0.0,0.0,49717.69,105.69161,0.0,0.5,8.0,0,0,1
97.0,63.0,70.0,341.33533,522.0,54.0,646.11945,0.0,613.62524,465.15628,84.0,11.0,1.2222222,2.0,3,0,1
283.24725,54.0,54.0,17048.5,295.8653,60.0,391.1022,70.21966,0.0,78672.34,107.0,0.0,0.5,6.0,3,0,1
121.0,54.0,54.0,60.0,528.0,107.37897,102.42993,52.989887,0.0,26066.744,95.35128,0.0,0.5,5.0,0,0,1
66.96962,54.0,54.0,10698.289,297.87244,0.0,715.6012,0.0,595.10693,921.5122,267.27362,0.0,0.8,3.0,0,2,1
90.60886,54.0,54.0,132173.05,1292.0,66.021935,216.0,90.845276,595.1597,930.68823,149.12697,0.0,0.5,5.0,0,0,1
426.07526,54.0,54.0,332000.03,838.118,0.0,394.14197,0.0,0.0,142379.64,144.4442,0.0,1.0520645,7.0,0,0,1
757.23663,66.03744,54.0,7601.0,536.0,60.0,250.99359,161.59602,506.68686,5561.111,79.0,0.0,0.8,3.0,0,0,1
77.333336,66.0,81.56067,9421.0,340.0,64.0,251.76843,136.10583,506.92276,4207.375,84.81331,14.965728,0.5,3.0,3,0,1
65.801956,54.0,54.0,277566.62,320.04245,60.0,316.25192,70.126465,0.0,27056.084,138.0,0.0,1.2142857,3.0,0,0,1
89.09506,54.0,95.0,11483.952,532.25946,64.0,264.28217,83.97693,0.0,31077.965,221.24048,0.0,0.5,3.0,0,2,1
500.76254,55.0,71.0,294.032,340.0,60.0,142.0,171.25601,541.2254,2456.8079,203.11124,10.0,0.5,6.5359325,0,0,1
107.46515,54.0,54.0,18725.316,400.26184,60.0,549.31165,170.78262,432.52292,9439.094,194.78789,0.0,1.2,2.0,0,0,1
651.87476,54.0,54.0,12118.884,1292.0,65.0,155.11937,0.0,0.0,124701.59,106.87903,11.0,0.5,5.0,0,0,1
698.85614,76.0,54.0,2557.2922,319.23346,60.0,343.45593,60.337807,16.223858,19078.9,112.0,0.0,1.1,6.0,0,0,1
492.55518,54.0,54.0,179.0,298.80664,68.0,131.33333,72.77316,0.0,21594.463,72.155266,9.209024,0.6666667,5.0,0,0,1
107.59063,54.0,54.0,5061.616,420.49924,92.11311,216.0,0.0,0.0,118837.2,89.0,0.0,1.2,2.0,0,0,1
686.9847,76.82728,62.0,535.4047,322.1383,54.0,639.5897,161.732,0.0,39954.723,229.6254,0.0,1.1,5.0,0,0,1
93.27569,54.0,54.0,90.339584,1270.8767,60.0,552.55975,0.0,0.0,96059.914,84.76707,11.0,1.2543871,2.0,0,0,1
130.34863,56.312107,78.0,7787.5405,216.0,60.0,330.2985,49.100925,561.62646,1997.3422,81.0,9.0,0.5,5.0,0,0,1
593.2629,54.0,54.0,144.0,297.92578,60.0,575.0248,113.16986,286.7881,14313.002,238.95108,0.0,1.0,6.0,0,0,1
77.333336,54.0,54.0,126376.0,330.77933,66.0,160.07066,137.76859,461.49594,6876.992,91.0,3.0,1.0,2.0,0,0,1
155.0,54.0,96.0,72.9797,155.99547,60.0,195.7909,0.0,0.0,31399.586,132.66568,32.763233,0.5,8.0,0,0,1
94.5073,63.0,54.0,146.0,302.63773,0.0,733.4829,176.95813,514.32184,5113.184,196.16742,2.0,0.95533043,2.0,0,0,1
601.0987,55.0,54.0,60.0,198.0,66.0,177.0,0.0,0.0,99746.58,99.76485,0.0,1.25,2.0,0,0,1
365.40744,54.0,95.0,0.0,1249.8864,5.5603256,716.51215,177.78998,507.19843,5506.62,130.54527,0.0,0.58392227,4.0,0,0,1
676.75287,54.0,54.0,33339.504,698.22864,0.0,615.0216,32.47199,507.40298,4724.1494,122.8,0.0,1.0909091,6.0,0,0,1
678.19995,54.0,54.0,54639.387,94.0,0.0,262.6369,76.97071,0.0,31663.047,91.0,8.0,0.5,2.2091198,0,0,1
98.615776,54.0,54.0,232.0,398.58926,64.0,239.78282,171.38611,603.0536,452.0613,143.6431,0.0,0.6087518,5.0,0,0,1
602.9167,54.0,54.0,190068.95,373.69952,60.0,261.2745,394.96664,592.4045,537.0685,267.15604,0.0,0.8,7.0,0,0,1
68.0,74.0,75.0,5035.6914,251.64725,66.0,150.37047,57.673344,0.0,28382.31,79.0,5.0,1.0,2.0,0,0,1
103.873886,54.0,96.0,4235.299,198.0,66.0,160.1598,0.0,0.0,72889.69,145.89957,10.0,0.5,3.0,3,0,1
60.0,54.0,74.0,0.0,1292.0,60.0,480.78204,0.0,0.0,41128.812,95.0,12.0,0.5,5.0,0,0,1
638.4296,54.0,54.0,10597.736,528.1776,54.0,604.72186,0.70100296,0.0,34057.44,522.0,0.0,0.9,3.0,0,0,1
66.65508,54.0,54.0,32792.89,614.0,60.0,134.66667,213.06287,0.0,19713.78,75.0,10.0,1.2,2.0,0,0,1
399.2728,54.0,96.454636,7235.0,534.0916,66.0,261.65256,109.41011,0.0,25023.652,146.98422,0.0,1.2222222,2.0,0,0,1
62.922134,54.0,54.0,3826.5908,410.86618,60.0,142.0,366.5694,522.8047,3421.2988,145.68675,11.0,0.5,6.0,0,2,1
65.63307,54.0,54.0,343.24554,514.0,60.0,501.39526,0.0,0.0,136921.78,137.7819,0.0,0.6666667,5.0,0,0,1
764.605,54.0,54.0,5056.343,400.0,77.27826,107.666664,82.83463,0.0,28402.787,96.0,7.0,0.75,2.0,0,0,1
689.69183,65.0,94.0,60.0,106.84684,66.0,177.0,77.25995,0.0,27771.227,95.0,0.0,0.5,5.0,0,0,1
345.59915,54.0,107.0,14133.579,321.67773,60.0,134.66667,0.0,0.0,70523.26,127.948265,0.0,1.0926887,4.0,0,2,1
109.84059,54.0,54.0,14436.565,273.52628,69.169426,112.333336,279.6618,595.6545,2900.3025,109.25,0.0,0.5,11.0,0,0,1
95.83999,54.0,54.0,140256.95,92.0,60.0,355.24216,5.656854,0.0,24292.28,78.0,11.927014,0.5,3.0,0,0,1
840.90344,64.0,62.0,896.162,342.2511,66.0,148.52893,250.03035,507.67062,5582.251,216.0,2.0,0.9419012,2.0,0,0,1
416.3342,54.0,54.0,105.0,268.0,90.0,115.48373,0.0,0.0,33792.53,233.34177,0.0,1.0,2.0,0,0,1
143.9552,64.0,54.0,121.0,412.17923,60.0,100.0,51.813725,57.169647,11976.179,81.0,10.0,0.9956944,2.0,0,0,1
91.0,54.0,54.0,279838.97,571.818,64.0,226.6547,0.0,0.0,75306.016,91.0,0.0,0.75,5.0,0,0,1
60.059334,54.0,54.0,111.0,1292.0,54.0,690.55896,354.95926,625.5849,425.7055,194.1004,0.0,0.5,12.0,0,0,1
640.5995,54.0,54.0,67468.7,274.0,60.0,382.61572,75.97113,0.0,21045.553,111.09708,5.0,1.1934303,2.0,0,0,1
322.11774,95.0,75.0,7655.0,505.12143,0.0,688.9835,0.0,0.0,146093.05,86.521065,0.0,1.25,2.0,0,0,1
105.0,54.0,54.0,9047.68,617.2709,91.0,103.666664,0.0,543.60266,4046.1108,226.92126,0.0,1.0714285,13.0,0,2,1
119.0,54.0,54.0,15560.406,581.0,60.984722,151.26363,0.0,0.0,21099.117,85.0,0.0,1.2,8.485096,3,0,1
637.9167,54.0,54.0,7514.06,522.0,54.0,430.44653,171.38611,0.0,80916.766,81.0,0.0,0.70734334,5.0,0,0,1
549.6345,54.0,54.0,121.0,522.0,60.0,394.84442,113.81272,0.0,76679.28,91.46609,0.0,0.6666667,5.0,0,0,1
303.95148,54.0,94.0,5126.8804,595.08746,54.0,714.8194,116.36979,494.30167,5889.824,479.68262,0.0,0.5,5.0,0,0,1
68.0,64.0,54.0,138.0,414.77444,66.374214,162.0,0.0,0.0,25884.57,95.0,11.0,1.0,2.0,0,0,1
523.5142,54.0,54.0,9969.118,364.07867,64.0,268.2662,46.570934,0.0,101205.66,210.92964,0.0,0.5,7.0,0,0,1
523.3434,54.0,54.0,91.0,1267.0,65.0,162.0,199.56763,0.0,32066.078,158.84023,0.0,0.5,6.0,0,0,1
435.34793,54.0,54.0,6482.9136,426.0078,66.0,160.0279,434.85764,595.6545,465.16055,84.893326,11.0,1.25,2.0,0,0,1
60.309925,54.0,79.0,7103.265,269.0,60.0,472.61658,84.32917,0.0,75250.836,216.0,0.0,0.6666667,3.0,0,0,1
755.6008,81.0,95.0,124.10286,97.0,97.0,155.4071,0.0,0.0,135443.44,96.0,0.0,1.1428572,2.0,0,0,1
64.0,54.0,54.0,286.0,295.01212,60.0,237.94118,0.0,0.0,29173.656,188.83896,8.0,0.5,6.0,0,0,1
437.79382,71.0,54.0,153.0,522.0,54.0,647.70917,136.10583,507.72226,4947.9883,132.10135,0.0,0.5,12.0,0,0,1
408.43863,54.0,96.0,465.12183,613.22955,60.0,440.58823,0.0,0.0,22283.295,130.12254,17.08739,0.5,5.0,0,0,1
512.2709,54.0,54.0,7641.8115,241.16959,54.0,612.95087,139.64412,507.67136,3889.5261,97.0,0.0,0.8,5.0,0,0,1
511.07523,54.0,54.0,17196.205,216.0,54.0,443.9436,161.732,450.4067,9035.298,96.0,14.0,0.5,5.0,0,0,1
593.6749,54.0,54.0,21966.47,536.0,60.0,334.0032,108.1768,73.08228,17690.783,84.74292,8.0,1.2222222,2.0,0,0,1
121.0,74.0,54.0,199.79071,395.72397,68.71188,130.66667,87.74737,0.0,64400.203,115.75,0.0,0.33910337,18.0,0,0,1
146.0,66.0,70.0,1215.4641,340.0,89.0,120.333336,305.1542,555.7359,1402.1007,79.0,12.0,0.5,6.0,0,0,1
506.64798,54.0,54.0,177.39209,522.0,99.90626,103.666664,429.49594,552.8134,2570.319,198.39857,0.0,0.5,3.0,0,0,1
649.7283,54.0,54.0,155.0,403.2415,66.0,160.65802,77.90109,11.7676325,22225.246,239.62012,0.0,0.5,5.0,3,0,1
365.50497,74.0,54.0,137.83919,266.0,54.0,564.85785,68.019325,2.8030784,20577.209,99.26371,0.0,0.6,21.470589,0,0,1
397.15543,54.0,54.0,140259.98,589.786,60.0,368.09827,107.95526,286.73724,13410.081,89.0,15.0,0.5,3.0,0,0,1
89.0,54.0,54.0,119.0,1292.0,54.0,546.94275,62.004402,0.0,22283.592,144.52423,0.0,1.1666666,3.0,0,0,1
60.922997,54.0,54.0,135948.25,321.9351,60.0,444.8269,81.06217,0.0,24285.914,92.0,9.0,1.0714285,2.0,0,0,1
70.43726,54.0,54.0,60.0,1292.0,60.0,580.5023,0.0,0.0,65375.027,79.0,11.0,1.0,2.0,0,0,1
69.350204,54.0,54.0,182.19312,551.6249,60.0,250.87662,85.037094,504.57974,5829.1875,209.49191,8.0,1.2307693,2.0,0,0,1
68.0,54.0,54.0,121.9405,1292.0,54.0,621.62213,173.30568,0.0,115513.055,75.0,11.0,1.2330307,2.0,3,0,1
115.09399,54.0,54.0,37697.04,400.0,110.190834,102.666664,128.5983,461.61002,8794.021,81.0,14.0,0.6666667,2.0,0,2,1
91.0,54.0,54.0,206.63438,374.0,64.0,153.39925,299.266,515.56104,4149.7217,90.497025,8.0,0.5,6.0,0,0,1
71.5,81.0,96.0,7812.5454,535.21594,54.0,609.59204,346.8422,607.7573,450.99927,142.0,0.0,1.2142857,5.0,0,0,1
65.86765,85.0,91.0,132.0,340.0,60.0,342.0082,71.282524,134.32414,17928.986,160.6042,18.445803,1.0,2.0,0,0,1
222.0,54.0,89.0,0.0,340.5485,125.0,100.0,68.2016,618.67645,449.28177,106.0,0.0,1.173373,8.0,0,2,1
60.979614,54.0,54.0,10744.326,527.31067,60.0,549.11804,487.07324,596.2382,354.54767,217.9774,0.0,1.0,14.0,3,0,1
773.545,54.0,79.0,105.0,274.0,0.0,793.236,117.98484,468.39395,8793.128,95.0,0.0,1.2142857,2.0,0,0,1
365.20355,54.0,92.0,697.6227,580.5549,55.644985,547.7922,0.0,0.0,60116.246,123.64584,10.0,0.5,6.0,0,0,1
361.53748,54.0,54.0,9454.888,536.0,54.0,448.22992,108.218666,456.74332,7492.143,112.0,0.0,0.5,6.0,3,0,1
68.28446,54.0,54.0,758.55164,617.0,66.0,134.66667,85.26972,0.0,65583.586,256.47787,0.0,0.9166667,5.0,0,0,1
359.91644,54.0,54.0,123.0,300.5357,0.0,414.81818,85.23561,303.52985,14825.687,81.0,0.0,0.94158536,6.0,3,0,1
688.4918,92.0,86.64587,9690.586,158.18456,60.0,553.04736,116.03136,468.04602,8224.792,97.0,0.0,1.2142857,2.0,0,0,1
594.2504,54.0,88.0,122.78723,1292.0,60.0,497.00583,397.93628,553.62805,1859.427,171.02081,0.0,1.2,3.0,0,0,1
131.98384,54.0,54.0,7022.4736,536.0,54.0,568.9387,78.51798,81.447075,17223.385,205.40767,0.0,1.0,10.0,0,0,1
768.1667,54.0,79.0,91.0,159.7451,110.91736,100.0,152.3431,456.68683,7723.87,95.0,0.0,1.1339598,2.0,0,0,1
610.53217,54.0,54.0,125.0,268.0,0.0,770.98535,273.9244,0.0,65249.734,74.0,11.0,0.5,6.0,0,0,1
66.0,54.0,60.0,2160.1719,413.7743,60.0,162.05347,0.0,0.0,35848.098,115.636696,11.0,0.5,4.0,0,0,1
706.1873,54.0,74.0,156.09964,618.0,60.0,580.0089,0.45259988,0.0,43878.2,161.42802,0.0,0.866392,2.0,0,2,1
369.27106,84.0,95.0,9724.164,210.0,60.0,195.02576,96.209,420.63986,10079.675,105.70601,0.0,1.1347204,5.0,0,0,1
327.49954,74.0,95.0,13402.33,267.61023,68.0,120.51241,405.38162,558.24963,1851.8622,225.86143,0.0,1.0769231,6.0,0,0,1
549.68475,54.0,91.0,0.0,198.0,93.27421,134.33333,223.27321,483.649,5275.2656,99.0,5.0,1.1222155,2.0,0,2,1
65.63194,54.0,54.0,20691.611,1292.0,54.0,387.87436,415.12888,545.00854,2096.553,120.862,0.0,1.0804771,3.0,0,0,1
841.05554,54.0,54.0,7655.0,524.098,60.0,579.76514,86.48955,505.47803,4890.526,203.1641,10.0,1.2,2.0,0,2,1
386.0012,54.0,54.0,152.0,1292.0,0.0,647.2797,182.2889,494.21414,6110.514,223.95024,12.974252,0.5,6.0,3,0,1
326.6173,54.0,64.0,2676.875,529.0,0.0,631.7981,77.715904,395.02863,12510.732,321.71646,0.0,1.1666666,5.0,0,0,1
401.10318,54.0,75.0,97.0,107.0,67.0,157.25432,247.16539,506.8572,4671.2036,89.0,12.0,0.6117495,2.0,3,0,1
867.02966,54.0,54.0,462350.1,678.9661,60.0,142.0,0.0,0.0,52476.92,87.04836,12.0,1.266014,2.0,0,0,1
463.1358,54.0,54.0,112235.805,227.55124,0.0,687.54706,70.015656,0.0,24286.14,105.432556,0.0,0.5,4.0,0,2,1
390.484,54.0,54.0,14037.2295,580.0037,66.0,140.19666,0.0,0.0,75291.44,143.6333,0.0,1.0766684,3.0,0,0,1
546.55743,54.0,54.0,238.0,339.36484,67.0,177.0,398.05246,0.0,55521.387,99.67745,0.0,1.0,4.0,0,0,1
811.7838,74.0,74.0,179.0,516.2932,0.0,645.66986,53.85924,0.0,70752.62,91.0,0.0,1.0224472,5.0,0,0,1
325.3547,54.0,54.0,5970.8765,374.0,60.0,258.75357,0.0,0.0,22064.066,89.0,0.0,1.1816585,2.0,0,0,1
650.6737,54.0,54.0,729114.6,320.87018,74.0,256.10712,167.08078,0.0,75001.73,95.0,22.173285,1.1538461,2.0,0,0,1
646.9427,66.0,54.0,149.70848,533.2047,60.0,630.7526,209.01651,573.93805,2853.3176,111.3969,0.0,1.1566737,2.0,0,0,1
418.8172,57.854034,99.0,177.0,536.0,60.0,247.57414,365.2056,524.22253,3307.4143,163.92229,0.0,1.2222222,2.0,0,0,1
401.48175,55.0,54.0,92035.51,107.0,60.0,387.93167,210.44034,0.0,80433.25,95.0,0.0,0.5,6.0,3,0,1
581.58057,54.0,62.0,1385.0278,528.0,60.0,541.63654,232.931,607.98846,628.7319,374.6206,0.0,1.0,3.0,0,0,1
256.0524,54.0,77.22204,110.0,625.0,0.0,615.43427,5.656854,0.0,21459.205,86.60784,11.0,1.197893,2.0,3,0,1
78.689156,84.0,68.27565,5171.0,268.46878,60.0,277.11612,98.17737,527.2609,4145.879,95.0,12.0,0.5,5.0,2,0,1
67.47707,54.0,54.0,192437.1,138.0,60.0,342.06592,348.74603,595.85046,425.8329,102.0,11.0,0.5971068,2.0,0,0,1
637.9167,54.0,54.0,29239.732,522.0,54.0,138.0,91.35776,0.0,24922.465,88.0,0.0,1.1666666,6.0,0,0,1
687.3192,54.0,95.32176,6437.917,339.37225,123.0,113.9983,0.0,0.0,76534.49,142.0,11.0,1.1666666,2.0,0,0,1
94.18544,64.0,73.0,268.3027,294.3976,60.0,122.06168,161.79623,551.24335,2650.4783,179.0,25.0,0.8547769,2.0,0,0,1
457.14532,54.0,73.387215,204.0,340.27286,91.0,134.66667,245.80873,505.90158,4693.268,223.99467,0.0,1.0,7.0,0,0,1
60.0,85.85272,95.0,91.0,494.24753,60.0,339.72592,70.21966,570.46185,4305.8276,234.09836,0.0,1.1538461,3.0,0,0,1
155.0,64.0,54.0,91.0,618.0,60.0,600.49475,228.13728,560.98834,2841.0146,74.0,12.0,1.1367449,2.0,0,0,1
506.36914,77.0,95.0,11495.864,268.0,0.0,619.4424,314.3275,595.6545,463.3296,106.055435,0.0,1.2832786,2.0,0,0,1
91.0,54.0,81.0,9327.355,347.52655,0.0,659.395,0.0,0.0,107029.78,301.0,0.0,0.5,12.0,0,0,1
92.244415,68.0,81.0,8215.152,302.87564,60.0,562.7794,245.71065,555.8107,3737.8867,99.50719,0.0,0.9166667,5.0,0,2,1
138.0,54.0,92.88974,10685.938,528.0,66.0,215.99493,333.9507,612.33875,353.06174,105.72146,0.0,0.5,5.0,0,2,1
516.3821,54.0,54.0,110829.85,853.8282,64.0,336.32498,247.65999,507.53915,4871.6084,105.715416,13.0,0.5,6.0,0,0,1
608.63763,54.0,54.0,7419.2207,413.1079,113.0,116.0,368.71634,0.0,76425.945,81.0,0.0,1.2222222,2.0,3,0,1
691.0,54.0,54.0,63570.547,105.53148,60.0,387.81665,453.0342,570.5106,700.7712,94.0,0.0,1.1428572,5.0,3,0,1
145.0,54.0,75.33963,65893.99,142.0,60.0,424.4544,228.86298,531.1324,4133.5093,91.0,8.0,1.2747061,2.0,0,0,1
87.712074,54.0,54.0,13471.646,1292.0,64.0,240.6108,0.0,0.0,22962.629,225.0393,1.0,1.25,2.0,3,0,1
60.0,74.0,73.0,5258.0,373.99948,54.0,140.86046,357.80936,595.6545,646.3484,228.07118,7.0,0.6666667,2.6574936,0,0,1
641.7394,54.0,54.0,17586.375,95.0,60.0,664.10333,441.13367,0.0,44827.31,91.0,8.391993,1.0,4.0,0,0,1
688.45404,54.0,54.0,135.69226,581.0,68.0,216.0,0.0,0.0,116627.34,104.14214,0.0,0.75,9.0,0,0,1
60.0,54.0,66.0,384.21518,522.0,60.0,445.69473,1.104905,0.0,58582.832,291.30093,0.0,1.2160758,11.0,0,0,1
99.0,54.0,81.0,121.0,536.0,63.0,152.76776,136.02504,472.51154,7422.0835,147.0804,0.0,0.5,4.0,0,0,1
687.70447,54.0,54.0,443488.1,1271.0,64.0,416.00757,78.061066,445.9227,8675.663,211.46442,0.0,1.1,6.0,0,0,1
120.72132,54.0,97.0,0.0,274.0,69.26471,114.0,0.0,0.0,34487.754,102.36186,10.581619,0.5,3.0,3,0,1
667.4396,63.0,54.0,7235.0,522.0,60.0,329.1006,423.95203,608.52203,2301.665,110.97589,0.0,0.5,3.0,0,2,1
608.66034,79.0,54.0,7235.0,400.0,66.0,365.90222,0.0,0.0,24519.334,188.33661,0.0,1.2222222,2.0,0,0,1
67.75302,54.0,54.0,458579.88,615.2247,60.0,524.09656,149.85806,607.1521,1006.34454,295.58264,0.0,0.5,6.0,3,0,1
693.0548,54.0,54.0,60.0,550.61816,0.0,692.25354,0.0,0.0,27483.027,229.47932,0.0,1.0769231,6.0,0,0,1
69.607445,54.0,54.0,7235.0,200.34924,60.0,415.13843,226.31848,0.0,92695.516,96.0,0.0,0.15428075,20.0,0,0,1
332.07883,71.0,95.0,4248.441,181.29968,64.84602,150.38126,94.24343,258.02167,14674.027,115.15517,0.0,0.5,8.863301,3,0,1
445.07526,74.0,73.0,4213.468,215.6696,64.0,263.36478,0.0,0.0,28391.168,94.0,8.0,1.07814,2.0,0,0,1
691.0274,54.0,54.0,5075.0,617.0,60.0,469.22928,0.0,562.7495,1424.6552,102.0,0.0,0.51761496,5.0,0,0,1
602.9167,54.0,54.0,60.0,983.3404,60.0,506.44482,56.868164,14.446779,14933.169,160.82936,0.0,0.6666667,4.0,0,0,1
332.06546,84.0,73.0,270.0,216.0,66.0,216.0,52.741486,0.0,23363.975,83.178604,12.0,0.5,4.0,0,0,1
367.2691,54.0,54.0,10554.479,400.0,64.0,224.69356,116.14182,411.16293,10017.299,142.03995,0.0,0.5,6.0,0,0,1
431.99838,54.0,107.0,0.0,1292.0,54.0,398.6951,285.01947,603.1098,579.5926,157.39761,0.0,0.5,5.0,3,0,1
640.5779,54.0,54.0,6252.332,415.52832,91.0,199.23825,432.1066,570.4645,2596.2427,216.01219,8.0,1.2666667,2.0,0,0,1
68.0,54.0,54.0,13382.127,504.66568,66.11091,141.67511,91.37339,468.10434,9091.786,74.025696,11.0,1.25,2.0,3,0,1
72.97767,89.60968,96.0,0.0,243.56091,67.0,219.22647,452.63684,590.04785,1044.8383,139.60156,4.0,0.5,6.0,0,0,1
602.9167,54.0,54.0,7601.0,528.4279,60.0,160.01031,0.0,0.0,106918.914,138.0,0.0,1.0714285,2.0,0,0,1
99.0,68.0,55.0,223.87645,226.85661,83.96438,112.333336,171.05396,0.0,58194.605,74.0,10.0,1.0,2.0,0,0,1
682.42096,54.0,84.0,7435.77,305.54276,66.0,154.70665,0.0,612.33875,449.30365,122.10024,11.0,0.6666667,2.0,0,2,1
60.0,74.0,71.0,3877.876,273.8346,60.0,209.37274,311.0878,0.0,36368.383,81.0,2.0,1.1428572,5.0,0,0,1
652.1876,66.0,84.0,9052.893,614.7692,66.0,285.47745,84.64908,242.1435,15350.174,142.0,12.0,1.2222222,2.0,0,0,1
68.05762,54.0,73.0,229.49687,513.40076,60.0,316.28915,84.3055,560.1881,2210.9023,81.0,9.0,1.1,2.0,0,0,1
712.38464,136.27275,78.2169,0.0,102.0,60.0,138.0,355.1324,608.1569,356.14423,96.0,15.832643,0.5,3.0,0,2,1
345.34464,54.0,54.0,7130.3203,267.45947,0.0,600.7069,432.96396,608.0166,343.91733,188.26744,0.0,0.5,5.0,0,0,1
634.663,54.0,54.0,4895.1997,412.09525,65.0,256.9947,348.44818,591.6691,652.4153,117.399216,0.0,0.975163,10.909029,0,0,1
731.3933,54.0,54.0,66.482895,995.30133,54.0,163.06592,5.656854,0.0,51126.613,76.59145,15.0,0.5,2.0,0,0,1
690.6669,54.0,54.0,161.99725,399.5055,54.0,275.44193,0.0,0.0,24520.969,73.664375,11.0,1.1081402,3.0,0,0,1
238.0,54.0,54.0,324478.75,288.0,60.0,400.64783,59.190804,16.595549,19670.197,95.0,4.0,1.0151398,2.0,0,0,1
431.00745,54.0,73.0,5064.8223,400.0,111.0,100.0,0.0,0.0,25547.664,189.98845,0.0,1.2,4.0,0,0,1
341.74716,54.0,92.0,120.0,528.0,60.0,126.333336,0.0,0.0,164345.67,330.614,0.0,1.0,5.0,3,0,1
599.7409,94.37824,81.0,121.0,216.3499,66.0,137.70715,54.55765,0.0,20577.025,142.0,0.0,0.9342559,6.0,0,0,1
426.54236,54.0,54.0,795348.44,102.0,64.0,210.06168,276.30484,563.3506,1243.596,92.0,4.0,0.6666667,2.0,0,0,1
291.77634,54.0,78.359985,12776.167,152.9874,60.0,449.25766,0.0,0.0,22280.379,107.0,11.0,0.5,5.0,3,0,1
256.35086,54.0,54.0,424521.34,119.34568,60.0,428.91092,177.68834,0.0,33404.496,89.0,0.0,1.2,9.0,0,0,1
132.0,54.0,54.0,90.0,624.9463,77.333336,113.97344,0.0,0.0,110390.33,78.0,0.0,1.2,2.0,0,0,1
444.32822,54.0,91.0,90.0,173.38278,144.0,118.85462,72.757866,262.8815,16847.83,96.0,0.0,0.5,13.0,0,0,1
602.9167,54.0,99.0,0.0,628.70276,0.0,687.84015,228.33481,574.5067,1193.0312,119.34746,0.0,1.2,2.0,0,0,1
760.63074,94.0,75.0,71.55503,1228.0385,0.0,550.1892,357.92685,615.19324,355.55408,92.0,51.209904,1.0,2.0,3,0,1
155.6567,54.0,60.0,358.44873,288.0,121.0,100.0,212.07309,0.0,36567.242,229.4806,12.177682,0.6666667,2.0,0,0,1
132.0,54.0,54.0,341.28842,536.0,60.0,152.05615,222.84554,561.3065,1263.3401,212.1715,12.0,1.0909091,2.0,0,0,1
138.0,54.0,54.0,207.38052,527.88025,60.0,607.2415,46.37952,0.0,72130.01,253.83206,0.0,1.2,2.0,0,0,1
125.0,54.0,54.0,180.0,528.0,0.0,725.2453,80.14495,270.11478,12092.038,118.18236,5.0,0.5,6.0,0,0,1
153.0,54.0,74.0,179.0,339.0,97.0,163.77162,0.0,0.0,65762.984,85.0,0.05530089,1.1666666,2.0,3,0,1
376.33865,54.0,54.0,37680.246,107.9528,66.0,131.22064,408.28232,574.8609,748.67065,97.0,0.0,1.2,3.0,0,0,1
67.0,54.0,54.0,17804.857,616.0334,60.0,240.54459,0.0,0.0,53913.17,85.0,0.0,1.108333,4.0,0,0,1
653.3101,54.0,54.0,153.0,268.0,60.0,451.96387,386.06104,541.98785,2528.4622,157.40485,0.0,1.0,6.0,3,0,1
114.96361,54.0,54.0,112067.21,581.0,66.41513,120.333336,136.31317,0.0,127148.016,94.79832,2.0,0.5,5.0,0,0,1
459.2309,54.0,54.0,5149.096,627.2052,60.0,607.36346,0.0,0.0,101745.67,79.0,9.0,1.0,2.0,0,2,1
177.51767,54.0,54.0,5463.724,268.0,60.0,254.63364,179.02254,523.7493,3770.6418,76.0,15.0,0.5,6.0,0,0,1
154.65187,54.0,54.0,208.0,296.6935,66.0,133.99237,0.0,0.0,80479.56,123.98458,0.0,0.75,6.0,3,0,1
251.0,54.0,54.0,467431.75,332.2383,54.0,478.5073,161.732,540.9528,4581.9785,216.0,0.0,1.25,2.0,3,0,1
108.79754,54.0,78.0,60.0,94.0,60.0,342.0535,0.0,0.0,65322.387,84.0,7.0,0.5,6.0,3,0,1
344.73334,54.0,60.0,1333.1143,400.0,56.35503,162.00737,0.0,0.0,137846.16,198.36378,2.0,0.92744243,2.0,3,0,1
393.7537,54.0,71.0,880.8697,536.0,0.0,723.00476,352.52252,596.05835,454.44516,143.6135,0.0,0.9777981,2.0,0,2,1
115.65622,54.0,54.0,105.0,142.0,83.79818,100.0,0.0,0.0,39265.95,99.0,0.0,1.1538461,3.0,0,0,1
651.5282,54.0,54.0,222.0,798.29535,0.0,602.1677,0.0,0.0,108187.99,74.0,21.0,0.5,3.0,0,0,1
567.26196,54.0,73.0,315.15222,273.01044,63.0,252.539,71.9671,253.32452,15088.565,198.43721,0.0,0.6666667,3.0,0,0,1
546.77686,54.0,54.0,1048149.6,106.505104,60.0,370.27054,86.4852,0.0,114706.02,96.0,0.0,0.5,8.0,0,0,1
94.62142,54.0,54.0,120.0,1292.0,0.0,659.881,0.0,0.0,44049.242,142.04922,6.0,1.0609624,2.0,0,0,1
362.3431,54.0,54.0,173413.7,339.0,60.0,394.13635,0.0,0.0,38819.098,320.37985,0.0,0.95473635,5.0,0,0,1
464.984,54.0,54.0,8541.874,339.58688,66.0,230.66069,85.93955,422.39587,6064.951,201.56882,0.0,1.0,6.0,0,0,1
840.0688,54.0,85.0,154.0,617.0,97.0,130.66667,115.36208,595.7385,648.5836,211.86708,0.0,1.1538461,2.0,0,0,1
633.255,54.0,54.0,208.96407,213.3664,113.0,142.0,60.21372,0.0,28046.621,101.441864,9.0,1.2,2.0,0,0,1
66.72379,54.0,89.0,138.0,268.0,63.0,158.8659,0.0,0.0,25877.395,182.15633,0.0,1.2,8.0,0,2,1
764.5921,54.0,81.0,91.96703,268.0,0.0,262.39072,69.19996,0.0,29250.66,91.0,12.0,1.0949695,2.0,0,0,1
690.755,65.0,54.0,11423.88,303.377,54.0,619.2463,152.18044,0.0,21113.227,106.83802,8.0,1.0255382,2.0,0,0,1
105.83278,65.0,96.0,4076.5725,555.21265,54.0,254.61131,0.0,0.0,100493.64,230.54585,0.0,0.8333333,3.0,0,0,1
362.44876,54.0,54.0,12465.551,340.0,64.0,216.0,93.3464,248.52734,15336.12,210.97049,0.0,1.2,8.576006,3,0,1
386.0378,63.0,54.0,120.0,414.9991,60.0,224.87852,92.04637,411.3735,14104.192,89.0,3.0,0.5862306,5.0,0,0,1
268.84637,54.0,54.0,81542.18,96.0,0.0,653.3216,464.7576,603.10565,427.05115,92.0,0.0,1.2,2.0,3,0,1
60.0,64.0,96.0,383.75385,400.0,0.0,912.751,417.25195,595.9192,357.39365,98.288956,0.0,0.8,8.0,0,0,1
138.0,54.0,78.21093,9344.881,106.0,60.0,264.86218,0.0,0.0,136862.38,96.824615,11.0,0.5,5.0,0,0,1
751.42444,54.0,54.0,1090154.8,504.69824,60.0,391.05698,80.56387,0.0,31268.035,100.1814,0.0,1.0,6.0,0,0,1
87.81816,54.0,54.0,163237.88,1292.0,66.0,160.0551,116.41086,466.21695,7885.0522,97.0,12.0,0.5,6.0,0,0,1
408.13303,70.0,78.47859,7474.641,522.0,63.0,215.43843,161.732,0.0,96502.47,94.0,0.0,0.5,5.0,3,0,1
395.93872,54.0,54.0,426441.78,211.41313,64.0,247.77705,68.008156,0.0,20576.184,198.43762,12.0,0.5,7.0,0,0,1
60.875736,65.54978,84.0,108.0,691.2651,54.0,452.14255,0.0,0.0,56846.16,91.0,11.0,1.25,2.0,0,0,1
66.0,54.0,54.0,123.0,1254.0148,60.0,134.66667,85.24537,209.21057,11319.65,273.47824,0.0,1.173108,6.0,0,0,1
60.94842,54.0,95.0,60.0,528.0,60.0,473.08548,0.0,0.0,101445.18,186.91145,0.22149193,0.5,7.0,0,0,1
155.0,54.0,81.0,7303.037,219.1888,60.0,528.3354,79.30361,149.10614,16869.484,143.7,26.0,0.22056258,12.0,0,0,1
74.0,63.0,54.0,10076.621,322.53012,71.36426,138.0,108.46098,0.0,101424.09,79.0,0.0,1.1722624,2.0,3,0,1
446.11636,54.0,55.0,2423.0742,408.5353,0.0,689.497,83.018196,564.8379,1805.4031,107.0,0.0,1.2666667,2.0,0,0,1
458.41348,54.0,54.0,7680.311,534.0,60.0,329.00305,432.65622,570.4535,1119.3154,361.15378,0.0,0.6,8.0,3,0,1
60.0,63.0,91.0,10485.414,216.0,60.0,349.23148,0.0,0.0,61963.367,106.908165,0.0,0.5,18.0,0,0,1
377.0974,54.0,76.0,5031.166,528.95856,54.0,568.4609,161.44185,444.69247,6434.2583,170.1031,0.0,1.1,3.0,0,0,1
108.84928,74.0,91.0,11367.213,779.33453,60.0,529.91754,149.94623,494.2138,6477.3457,92.0,11.0,1.0714285,2.0,0,0,1
764.5119,101.805145,62.035305,60.0,582.2486,60.0,335.3059,0.0,0.0,92977.336,94.0,12.0,0.8,2.0,0,0,1
344.73334,54.0,54.0,368139.1,958.69824,0.0,757.36383,246.32452,514.6336,4048.2585,196.68788,0.0,1.0769231,9.0,0,0,1
378.49557,54.0,107.0,5066.1875,312.3395,74.0,256.21194,205.71123,494.24454,6219.86,146.7,0.0,0.5,6.0,3,0,1
603.3822,54.0,54.0,12092.948,274.0,60.0,426.75812,148.0845,434.47366,9894.385,126.58758,0.0,0.6,5.0,0,0,1
690.8922,54.0,89.0,9738.164,217.61945,60.0,256.10358,0.0,570.48865,1271.9541,216.0,10.0,1.1666666,2.0,0,2,1
650.45416,54.0,54.0,135.16756,1267.0,60.0,426.7601,0.49525833,0.0,126882.414,95.0,0.0,0.5,5.0,0,0,1
549.4292,81.0,91.0,12515.451,296.6191,66.0,134.66667,245.53807,0.0,27549.004,96.0,0.0,1.0715151,18.0,0,0,1
450.46265,89.54216,91.0,7639.121,97.0,60.0,565.97864,275.5724,562.7272,1260.3452,95.0,10.0,0.887257,5.0,0,0,1
637.7164,66.0,60.0,753.0,339.5253,60.0,256.6354,0.0,0.0,31164.682,85.0,0.0,1.2,6.0,3,0,1
99.834984,66.0,79.0,9277.112,300.92062,97.011925,134.45987,0.0,0.0,34097.426,167.23349,0.0,1.0,3.0,0,0,1
602.9167,54.0,54.0,120.06095,577.9338,60.0,329.44827,109.82483,0.0,93353.734,84.0,0.0,0.75,5.0,0,0,1
812.14355,55.0,89.0,10655.342,268.0,60.0,156.14441,0.0,0.0,25634.5,96.0,11.0,1.25,2.0,0,0,1
137.81017,78.21365,96.0,60.0,333.51184,60.0,437.38144,170.62558,512.05133,5555.566,173.61555,0.0,1.2,8.0,0,0,1
758.1203,77.616104,54.0,2968.0684,300.95615,60.41013,288.47995,0.0,0.0,24280.176,149.6242,10.0,1.0657387,2.0,0,0,1
385.55756,54.0,55.0,5578.4697,268.97958,60.0,438.51077,210.28606,563.86096,1617.3647,196.57205,0.0,0.96646374,5.0,0,0,1
91.0,75.0,71.0,2596.2046,268.0,60.0,391.10336,181.62196,541.41327,4343.7715,157.50893,11.0,1.2941177,2.0,0,0,1
74.31247,54.0,54.0,140259.83,450.44205,0.0,553.1396,85.271614,0.0,31709.055,99.0,0.0,1.0873489,3.0,3,0,1
348.88565,54.0,54.0,32341.812,522.8573,68.0,134.374,0.0,603.04926,676.9006,198.0,0.0,0.5,6.0,0,0,1
67.32663,54.0,74.0,179.0,320.17465,60.0,445.6693,0.0,0.0,41284.984,78.0,15.0,0.75,2.0,3,0,1
97.0,64.0,70.0,3943.8733,342.87222,66.0,226.46611,161.84268,492.58417,6018.9175,75.0,5.0,1.25,2.0,3,0,1
425.62552,54.0,54.0,12515.497,624.4154,95.83856,194.42448,76.904816,0.0,22255.045,94.0,0.0,0.5,6.0,3,0,1
89.0,54.0,54.0,97.0,522.0,74.0,113.320724,83.85892,510.7184,4350.7954,213.00423,0.0,1.25,2.0,3,0,1
462.85095,54.0,54.0,9218.0,617.0,60.0,496.28943,118.571175,595.1597,1138.1251,104.80234,0.0,0.97250926,7.0,3,0,1
100.79302,60.0,71.32391,11007.177,294.51016,54.0,348.7476,0.0,0.0,113722.33,89.0,22.009853,0.5,8.0,0,0,1
60.727108,54.0,54.0,133288.03,142.0,10.262955,723.8655,79.55664,259.5152,15818.124,138.26573,0.0,1.0769231,13.470932,0,0,1
295.1167,54.0,54.0,152.0,322.73694,66.0,164.0,70.39631,76.07659,16475.375,147.04456,0.0,0.5,10.0,0,0,1
68.036865,54.0,54.0,222.0,624.0,60.0,435.90244,72.741486,0.0,27682.846,98.97049,0.0,0.5,5.0,0,0,1
415.6434,54.0,54.0,593138.3,1267.0,60.0,262.73813,179.98256,618.5746,355.82904,77.96974,10.0,0.9404399,2.0,0,0,1
555.9555,84.0,91.0,8278.014,331.02075,0.0,572.84546,93.68126,267.9948,14552.926,267.111,0.0,0.5,8.0,0,0,1
91.0,54.0,54.0,110.996574,94.03498,89.0,114.643456,0.0,0.0,115366.49,89.0,0.0,0.8,5.0,0,0,1
561.7737,54.0,54.0,277038.5,142.0,66.0,116.0,218.0706,1.9295626,21894.68,91.0,8.0,0.9025343,5.0,0,0,1
67.7303,54.0,96.0,174.15872,451.71875,60.0,653.3659,360.89902,526.7296,2950.1401,269.0,0.0,0.5,6.0,0,0,1
690.0313,84.0,97.0,0.0,520.98126,60.0,437.45215,62.276398,449.63522,9780.814,143.89182,0.0,1.0,2.0,3,0,1
127.610504,54.0,75.0,177.81406,288.0,60.922756,134.56294,0.0,532.8894,3108.3264,123.33409,11.0,0.7993269,2.0,0,0,1
97.0,65.0,91.0,5171.0,504.64377,54.0,216.0,117.98875,480.87253,8093.368,142.0,0.0,1.0,3.0,0,0,1
251.0,54.0,54.0,20789.145,616.29535,66.0,264.85303,335.4924,521.6853,3190.301,97.52438,0.0,1.0742506,8.0,0,0,1
361.57144,66.0,54.0,5419.7573,302.96185,121.0,104.96609,116.228325,263.21625,14883.96,107.67985,0.0,1.1152413,12.0,0,0,1
340.87076,54.0,74.0,171.5175,302.00864,66.0,251.13358,0.0,506.92276,4979.1504,109.68325,0.0,1.0739962,20.0,0,0,1
221.0895,54.0,54.0,277570.0,618.0,66.0,241.71274,380.57965,612.33875,349.7234,491.92386,0.0,1.151768,3.0,0,0,1
561.6927,79.0,55.0,5409.997,522.0,0.0,645.8037,97.81138,20.226274,16232.776,89.0,0.0,1.0769231,2.0,3,0,1
155.45743,54.0,54.0,5294.857,426.28403,60.0,260.43073,97.46383,507.6717,5375.7812,266.0,0.0,0.8,6.0,0,0,1
846.50964,64.0,55.0,3882.2478,403.62704,125.0,127.15835,216.4954,493.04398,7207.9487,147.30682,11.0,1.2222222,2.0,0,0,1
834.2429,54.0,54.0,153.0,102.436295,54.0,645.217,345.88986,516.4437,3530.0771,101.92932,11.0,1.25,2.0,0,0,1
115.84438,54.0,54.0,5504.3945,582.0,60.0,387.3677,0.0,0.0,70308.266,99.0,0.0,0.5,8.0,0,0,1
506.10934,54.0,94.0,120.0,209.43,60.0,685.2193,0.0,0.0,61991.113,199.15445,14.0,0.6666667,3.0,3,0,1
121.0,55.0,54.0,7717.5366,529.0275,92.69491,149.05397,118.86958,403.00568,15060.665,88.75719,0.0,1.237082,2.0,0,0,1
737.92786,54.0,54.0,67101.58,1267.0,64.0,150.78238,177.71523,516.31885,4333.6113,84.0,5.0,1.0,2.0,0,2,1
60.0,79.0,94.79614,60.0,1291.362,0.0,366.36273,0.0,0.0,32974.094,143.6,0.0,1.2,2.0,0,0,1
111.0,54.0,54.0,6498.6616,513.8844,89.39626,107.88678,318.62946,608.11975,2096.415,109.25,0.0,0.5,7.0,0,0,1
109.7079,60.0,96.0,17603.035,173.38577,60.0,144.81203,71.00972,0.0,101259.83,96.86359,11.0,0.9166667,2.0,3,0,1
90.0,62.0,54.0,12138.252,706.95197,89.18867,231.15329,49.377758,0.0,25177.133,142.0,0.0,1.0,11.0,3,0,1
811.4334,54.0,54.0,10531.192,536.0,60.0,414.99872,83.018196,269.26172,12854.38,74.0,12.0,1.2656463,2.0,0,0,1
137.82109,66.0,96.0,0.0,1292.0,0.0,705.7982,137.74864,621.3398,354.4265,212.83392,0.0,0.9285714,5.0,0,0,1
637.9167,54.0,71.0,2155.361,528.0,54.0,545.1094,0.0,0.0,29118.236,121.79832,12.0,1.2,2.0,0,0,1
811.06683,54.0,54.0,2602.085,297.6538,91.0,120.98238,46.390312,0.0,32082.434,91.62823,2.0,0.75,2.0,0,0,1
363.85468,54.0,54.0,208.63942,268.0,60.0,428.78094,53.97232,2.040738,14618.18,84.0,12.0,0.5,3.0,3,0,1
706.9865,55.0,54.0,15504.957,213.92984,60.0,401.07773,171.66039,134.34813,16798.32,111.235306,0.0,1.1666666,4.0,0,0,1
676.73224,54.0,54.0,9951.868,400.0,60.0,127.402504,56.290215,2.2342174,10263.388,96.0,8.0,0.5,5.0,0,0,1
757.29596,66.0,89.0,155.0,587.2864,60.0,479.5037,52.85823,0.0,126884.65,91.0,5.0,0.9166667,3.0,0,0,1
67.83617,54.0,54.0,240.61852,509.92795,65.0,162.90547,100.506096,493.63705,7806.605,107.0,0.0,1.1,2.0,0,0,1
67.9464,54.0,74.0,15352.168,100.99951,54.0,553.15564,170.16508,570.6268,1297.1519,99.0,13.0,1.2260294,2.0,0,0,1
508.75848,96.0,107.0,35021.945,1271.0,91.0,130.66667,204.66434,611.7773,452.64948,142.0,12.0,0.5,5.0,0,0,1
809.63434,54.0,74.0,171.9083,99.0,60.0,444.03284,16.547432,0.0,20035.96,75.0,12.0,1.1541708,2.0,3,0,1
214.8675,54.0,54.0,4910.1997,522.64197,60.0,619.7919,326.82092,0.0,27481.502,196.31422,13.0,0.6770611,2.0,0,0,1
511.34967,54.0,54.0,204.02037,528.5998,60.0,324.63467,0.0,0.0,97171.36,142.0,0.0,1.2,5.0,0,0,1
594.69293,79.0,55.0,295.2276,473.42462,54.0,149.36418,88.71345,73.81889,17705.383,121.58519,0.0,1.0,5.0,0,0,1
97.035515,65.0,71.0,1364.4878,312.04218,0.0,644.5521,0.0,0.0,36799.76,138.0,9.0,1.0,2.0,0,0,1
588.12006,54.0,54.0,208.0,333.35297,60.0,414.81818,0.0,0.0,36798.72,89.0,0.0,1.0714285,2.0,0,0,1
331.8476,95.0,81.339424,153.0,168.69276,64.60227,145.12715,0.0,0.0,32173.014,106.492874,8.0,0.5,5.0,0,2,1
105.0,65.0,54.0,9440.9795,182.80269,0.0,430.8942,89.98332,458.30945,7794.1025,142.0,0.0,1.0,3.0,3,0,1
739.3787,54.0,54.0,372635.78,419.0494,60.0,644.9382,323.27142,595.2494,712.6303,143.66617,5.0,1.2,2.0,0,0,1
91.0,54.0,54.0,126.6867,208.7546,66.606804,107.666664,118.46051,479.74792,5545.8687,91.0,13.0,0.5,8.0,0,0,1
600.4659,54.0,54.0,747.91656,1180.7455,54.0,580.53796,0.0,0.0,27698.559,211.69827,8.0,1.2,3.0,0,0,1
147.73215,75.0,57.253857,226.41118,268.0,91.0,160.125,171.49547,504.89462,4606.5034,119.39427,16.0,0.5,2.0,0,2,1
571.7411,54.0,54.0,7151.757,211.49156,60.0,182.94095,0.0,0.0,100301.4,210.0,11.0,0.5,5.0,3,0,1
68.0,54.0,54.0,363537.9,102.0,60.0,380.49472,0.0,0.0,50663.2,89.177086,0.0,1.1538461,4.0,0,0,1
694.8179,54.0,54.0,11410.184,142.0,0.0,746.7423,0.0,0.0,134849.3,89.0,5.0,0.9333163,2.0,0,0,1
60.0,89.0,89.0,111.0,617.0,60.0,248.4188,80.63868,234.72687,16993.299,330.5133,0.0,1.1815165,3.0,0,0,1
129.27217,54.0,54.0,209.67665,535.3643,60.0,264.1719,0.0,0.0,29794.637,194.7078,12.0,0.73041177,3.0,0,0,1
68.0,91.0,81.0,97.0,97.0,64.0,131.33333,0.0,0.0,72205.12,96.0,0.0,0.5,5.0,0,0,1
430.89868,81.0,83.0,8894.395,216.0,91.259026,134.66667,72.77815,269.46326,12117.672,129.49239,11.0,1.2,2.0,0,0,1
743.5252,54.0,54.0,138.0,319.10083,66.0,251.99654,73.75911,0.0,42125.188,121.43932,8.0,1.1666666,2.0,0,0,1
602.4556,54.0,54.0,9218.0,216.0,54.0,329.27768,53.972153,2.0300767,14165.7295,210.0,8.547886,0.78403705,2.0,0,0,1
69.05658,75.0,99.0,0.0,1186.4857,54.0,518.9529,60.89053,0.0,114866.65,188.17448,0.0,1.2,5.0,0,0,1
764.6366,54.0,54.0,18779.525,118.10542,60.0,497.76126,70.47124,0.0,29753.121,79.0,4.0,1.0,3.0,0,0,1
637.9167,54.0,54.0,1277832.9,99.0,62.0,134.66667,0.0,0.0,72663.12,85.0,11.0,1.0769231,2.0,0,0,1
494.63278,54.0,60.0,464.01462,356.7374,60.0,426.4263,170.97906,326.0019,16471.062,313.56638,0.0,1.0909091,18.0,0,0,1
350.05884,54.0,84.0,9734.0205,574.54614,125.0,125.4606,81.37836,407.0525,9494.131,529.0,0.0,0.5,11.0,3,0,1
146.0,54.0,54.0,9218.0,215.34547,54.0,336.77423,0.0,0.0,138087.16,186.0,0.0,0.9471921,4.0,0,0,1
361.2316,66.0,72.08299,4213.1143,268.0,0.0,762.18384,0.0,0.0,29589.451,215.22081,0.0,1.0,4.0,0,0,1
406.85593,66.0,54.0,26853.84,528.0,60.0,284.78647,1.0781318,459.06378,7885.196,204.3274,0.0,1.2222636,2.0,0,0,1
652.84894,54.0,54.0,60411.32,296.90875,60.0,260.3768,0.0,0.0,61722.633,177.86807,0.0,0.6,5.0,0,0,1
60.0,54.0,54.0,109.930016,614.0,60.0,421.35178,50.123676,0.0,36081.535,74.0,10.0,1.0230668,3.0,0,0,1
292.042,74.0,91.0,60.0,105.593544,66.0,155.6958,62.121784,57.163376,15423.732,95.0,0.0,0.9166667,7.0,3,0,1
195.99597,54.0,54.0,60.0,614.0,54.0,623.4063,0.0,0.0,123458.85,216.0,0.0,0.6666667,6.0,0,0,1
546.5605,54.0,54.0,17358.875,1292.0,60.0,216.0,86.493195,111.77283,16387.945,166.32877,12.0,0.95624804,2.0,0,0,1
546.7565,54.0,95.0,68.0,268.0,80.0,238.79752,85.28843,239.78548,9389.541,102.0,0.0,0.5,5.688345,3,0,1
105.60264,54.0,54.0,105.0,586.59924,60.0,263.55856,102.091484,467.97348,9717.978,106.03133,0.0,0.5,14.0,0,0,1
647.5186,79.0,94.0,5272.967,142.82431,60.0,430.66345,62.172146,601.9387,458.0546,142.0,0.0,0.8,3.0,0,0,1
74.0,54.0,54.0,28438.568,471.4993,60.0,118.0,68.00863,0.0,28533.125,210.0,0.0,0.5,7.0,0,0,1
606.0247,66.0,54.0,11492.004,206.0,89.0,134.33333,124.049416,494.18936,7440.677,147.1,9.0,0.5,7.0,0,0,1
508.45047,54.0,91.0,5178.0347,158.15216,60.0,319.7945,253.62622,0.0,23989.838,142.0,12.0,0.6666667,3.0,0,2,1
689.6917,54.0,54.0,9250.729,618.0,92.67248,103.666664,91.466934,465.74347,7769.3784,69.81226,9.0,1.1666666,2.0,0,0,1
272.12323,54.0,54.0,55771.523,618.0,54.0,492.50928,0.0,0.0,57486.918,115.75,0.0,1.2350613,2.0,3,0,1
643.0621,68.0,54.0,17415.328,315.7394,60.0,168.70207,0.0,0.0,35422.727,92.0,0.0,1.1538461,14.0,0,0,1
68.95859,54.0,54.0,92.27772,1292.0,60.0,495.95477,340.80588,613.26855,355.1135,92.0,10.0,1.1,2.0,3,0,1
83.791824,54.0,54.0,108.0,187.33755,65.0,164.0,0.0,0.0,80439.69,97.0,8.0,1.1389655,2.0,0,0,1
105.0,54.0,54.0,84079.56,98.71283,60.0,394.13635,108.7285,529.27545,4345.672,85.0,0.0,1.2,8.0,0,0,1
690.62634,54.0,54.0,0.0,536.0,60.0,553.0691,116.32453,0.0,58394.727,517.737,0.0,0.6156146,3.0,0,0,1
876.76935,63.0,54.0,6610.32,414.34674,60.0,561.5342,51.899418,0.0,61823.727,78.0,11.0,1.2164716,2.0,0,0,1
599.77155,54.0,84.0,120.0,301.99472,138.0,100.0,83.018196,221.70706,15380.5,212.60156,0.0,1.0769231,10.0,3,0,1
490.3297,54.0,54.0,17479.53,1292.0,125.0,103.666664,397.41144,609.2791,2122.1304,75.0,12.0,0.6,2.0,0,0,1
71.5,54.0,54.0,68.0,522.91345,60.0,395.02957,211.90993,0.0,25165.375,107.0,0.0,1.0,2.0,0,0,1
150.67307,54.0,54.0,109347.25,421.77338,60.0,606.07635,115.313705,0.0,34311.832,117.47736,0.0,1.2,10.0,0,0,1
462.43414,54.0,54.0,9806.864,518.68097,60.0,364.10773,306.01685,610.16516,649.7294,91.0,11.0,1.0909091,2.0,0,0,1
602.9167,54.0,54.0,12093.575,1267.0,113.99373,102.618904,118.601974,492.58298,6486.2754,484.19244,0.0,0.5,11.0,3,0,1
604.5743,54.0,54.0,482210.44,620.0161,60.0,142.0,51.181087,616.24475,465.4118,91.0,0.0,0.6666667,5.0,0,2,1
119.0,54.0,54.0,120.0,1181.3196,0.0,746.3931,107.38159,489.59164,6952.201,102.0,0.0,0.6,6.0,0,0,1
698.073,54.0,54.0,179.27217,691.52686,60.0,342.4727,76.0,0.0,13559.019,322.18433,5.0,0.6666667,3.0,0,0,1
132.0,64.0,73.0,221.0,357.74252,60.0,414.74155,0.0,0.0,62963.297,211.58138,0.0,0.5,5.0,0,0,1
673.2885,94.0,99.0,0.0,106.0,89.6062,118.0,5.656854,66.33158,16832.945,102.0,0.0,0.8,2.0,0,0,1
688.0341,54.0,54.0,1056183.9,408.5606,75.66019,132.08295,0.0,0.0,36790.98,142.0,10.0,0.9166667,3.0,0,0,1
646.9823,54.0,54.0,96.61842,1263.0785,68.0,136.27853,81.10847,0.0,20578.645,78.0,11.0,0.8333333,5.0,0,0,1
60.0,54.0,54.0,812063.1,107.0,60.0,357.09946,0.0,0.0,22238.99,96.77569,0.0,0.20230874,22.24424,0,0,1
65.0,54.0,55.0,5390.9536,374.0,60.0,262.1209,60.196083,0.0,29263.115,236.52507,0.0,0.5,7.0,3,0,1
653.04065,96.0,88.0,91.0,268.0,0.0,692.4414,334.7125,625.9328,553.0276,198.29756,0.0,1.1583875,3.0,0,0,1
120.96638,64.0,54.0,120.028404,267.69165,60.0,472.3557,245.02457,0.0,65827.89,91.0,0.0,0.6,3.0,0,0,1
760.5081,54.0,73.0,1345.3914,266.10403,60.0,245.26642,106.964554,57.197052,17028.316,74.0,0.0,1.2,4.0,3,0,1
68.06646,54.0,54.0,10582.938,400.72507,60.0,125.9833,403.7033,616.77673,297.98578,293.27975,0.0,0.5,11.0,0,0,1
507.49774,66.0,54.0,6747.7773,342.33215,95.75993,114.0,322.68665,613.2685,917.0398,86.0,8.0,1.2222222,2.0,0,0,1
608.632,54.0,54.0,224835.22,1292.0,54.0,566.8744,70.21966,0.0,31058.162,91.0,12.0,1.2222222,2.0,0,0,1
351.06396,54.0,54.0,830351.44,206.0,0.0,653.07153,117.68609,400.73877,17459.467,109.25,0.0,0.5,9.347311,0,0,1
691.1027,54.0,54.0,5439.695,296.5608,60.0,582.80005,116.22743,595.6545,701.26605,267.8504,0.0,1.2,2.0,3,0,1
323.86163,54.0,54.0,3966.3687,340.0,60.0,260.7708,456.18362,595.5918,3420.8997,217.66437,0.0,1.0714285,4.0,0,0,1
112.53545,54.0,84.0,12524.605,617.0,83.48399,135.3208,0.0,0.0,27775.531,97.592705,0.0,1.14235,2.0,0,2,1
89.0,54.0,66.0,1798.4397,320.05496,68.0,142.0,161.23615,271.9504,15231.294,101.89498,0.0,0.5,10.0,0,0,1
251.0,54.0,54.0,204781.1,536.0,66.0,179.68803,0.0,0.0,56282.57,130.98026,0.0,1.0,3.0,0,0,1
376.6824,54.0,54.0,33449.234,1271.0,119.05629,106.0,96.219215,85.524254,15619.528,110.38643,0.0,0.5,14.0,3,0,1
602.9167,54.0,54.0,816384.4,268.15747,60.0,602.23315,0.0,0.0,36799.465,128.0,0.0,0.5,14.0,0,0,1
177.9846,54.0,54.0,6435.5723,522.0,105.66297,107.8704,0.0,0.0,111811.49,97.98022,0.0,0.5,11.421188,0,0,1
663.4797,66.0,54.0,6924.621,301.0,0.0,705.8891,170.66357,0.0,28399.246,214.32492,0.0,1.0,2.0,0,0,1
125.92778,54.0,54.0,2810.9375,399.06705,60.0,142.0,2.281888,0.0,21532.611,78.26593,0.0,0.75,3.0,3,0,1
365.46146,54.0,54.0,24332.088,205.95251,60.0,484.9104,91.24919,0.0,47717.43,96.0,0.0,0.95337254,3.0,0,0,1
510.65945,54.0,73.0,270.0,528.0,60.0,239.72916,0.0,0.0,65778.0,146.9446,0.0,1.2,2.0,0,0,1
153.0,54.0,54.0,374322.7,274.0,66.0,112.333336,212.09944,574.2027,712.8479,85.0,12.0,0.780023,3.0,0,0,1
113.32875,64.0,54.0,9218.0,268.0,111.0,126.64997,0.0,0.0,210797.73,117.40449,0.0,0.5,13.0,0,0,1
698.9504,54.0,62.0,1238.4908,400.0,60.0,541.05035,176.69753,0.0,27482.025,146.88293,0.0,1.2222222,3.0,3,0,1
67.16176,54.0,54.0,73759.81,398.3339,66.0,254.45067,13.639101,65.44037,15807.214,236.54884,10.0,1.2,2.0,0,0,1
627.31335,97.0,96.0,0.0,266.0,54.0,152.08551,171.53935,466.77527,8154.6587,166.87155,0.0,1.25,2.0,0,0,1
160.03957,54.0,71.0,1364.9885,401.83365,66.0,155.98416,208.68495,549.85266,2543.0122,350.26843,0.0,1.1450617,3.0,0,0,1
147.56125,89.23456,99.0,12172.661,528.74603,60.0,559.04895,42.48161,0.0,15050.133,319.3044,4.0,1.0806526,2.0,0,0,1
148.0,54.0,64.0,840.97235,288.75134,60.0,213.12439,0.0,0.0,21432.908,148.42938,0.0,1.0,4.0,0,0,1
114.99526,54.0,54.0,21359.076,529.0,60.0,387.85992,0.0,0.0,16440.547,470.26917,0.0,0.5,6.0,0,0,1
60.0,63.0,54.0,121.0,526.9325,60.0,231.13026,152.32019,506.84863,7546.4224,92.334496,9.0,0.6666667,2.0,0,2,1
703.7443,95.0,91.0,60.0,216.0,119.0,102.43732,0.0,0.0,77913.24,95.0,0.0,0.9745506,5.0,3,0,1
637.9167,54.0,54.0,60.0,617.93835,60.0,328.38544,0.0,0.0,136356.3,97.0,0.0,1.0980048,5.0,3,0,1
602.8791,54.0,75.0,144.02438,512.37085,60.0,130.66667,325.38202,612.33875,313.42554,89.25083,0.0,1.1293938,2.0,0,0,1
344.73334,54.0,54.0,8231.682,536.0,60.0,336.22992,161.8161,403.88083,8101.207,179.0,0.0,0.75,6.0,0,0,1
455.74655,54.0,54.0,10566.323,288.0,0.0,644.64557,108.90694,270.95746,18229.223,216.0,5.0,1.1,2.0,0,0,1
691.7289,54.0,54.0,423201.0,589.22723,60.0,449.19608,375.33636,0.0,73844.086,200.02391,5.0,1.0769231,3.0,0,0,1
152.0,54.0,54.0,5076.8066,534.0352,91.0,149.08704,177.83502,507.7158,4401.1997,123.39932,0.0,0.5,10.0,0,0,1
359.8005,54.0,54.0,3982.7673,617.1408,0.0,732.22345,137.7467,459.35535,6109.797,154.32623,0.0,0.5,23.0,0,0,1
95.49904,66.0,55.0,289.35843,319.33154,60.0,651.0449,0.0,0.0,36711.96,91.0,0.0,0.5,5.0,0,0,1
119.0,74.0,60.0,344.0,274.0,60.0,192.74052,0.0,0.0,25547.434,79.0,11.0,1.0769231,2.0,0,0,1
344.73334,84.0,84.0,166.53018,748.9641,60.0,256.1654,56.976463,0.0,36540.633,581.0,0.0,0.19564185,12.0,0,0,1
89.0,54.0,85.7062,111.0,274.0,60.0,565.5959,0.0,0.0,157724.4,91.0,0.0,1.0170318,2.0,0,0,1
688.98083,54.0,57.565258,3369.6792,373.68454,66.0,195.72668,0.60217273,11.4527445,20557.629,91.0,0.0,1.0,4.0,0,0,1
325.10797,65.3876,84.0,7912.3525,504.62933,60.0,241.96611,0.0,0.0,96281.38,109.06615,0.0,1.1571085,14.0,0,0,1
811.549,54.0,54.0,302103.5,1292.0,80.0,114.0,0.0,0.0,42635.484,147.47133,0.0,1.156369,2.0,0,0,1
693.75165,54.0,54.0,177.0,206.0,111.0,107.44135,103.12141,452.03363,9812.691,108.51778,0.0,0.8,3.0,0,0,1
400.0869,54.0,54.0,11310.575,414.03394,60.0,565.84985,341.73062,612.3921,358.10672,87.284424,13.0,0.5,2.0,0,0,1
153.0,54.0,55.0,308.15662,316.33118,65.0,198.2059,0.0,0.0,34646.074,224.71838,0.0,0.5,5.0,0,2,1
367.16153,95.0,89.0,123.49848,128.09006,66.0,156.49744,66.63042,0.0,21704.324,96.67983,0.0,0.8,3.0,0,0,1
152.0,54.0,54.0,572805.6,267.87106,60.0,363.3067,0.0,602.9974,454.5872,85.0,0.0,1.013103,6.0,0,0,1
691.0,55.0,54.0,292271.66,426.07596,63.0,130.66667,0.0,594.13336,864.5585,91.0,2.0,0.8139886,4.0,3,0,1
481.51648,54.0,54.0,20924.617,138.0,60.0,437.11975,115.61115,470.7276,7892.1865,96.0,25.0,0.8,2.0,0,0,1
376.39935,54.0,54.0,185047.55,115.75,54.0,581.53174,419.20233,603.62616,357.0792,95.0,0.0,1.1538461,5.0,0,0,1
268.59027,54.0,54.0,10662.765,374.0,60.0,645.13654,152.183,506.0653,5327.622,267.58008,0.0,1.2,5.0,0,0,1
119.0,54.0,54.0,685903.3,339.0,66.835144,246.89543,0.0,0.0,21224.3,96.0,11.0,1.0,2.0,0,0,1
406.88318,54.0,54.0,302.35056,617.0,60.0,342.16608,283.32355,595.66425,2130.2576,143.6,0.0,1.1666666,8.0,0,0,1
877.0859,54.0,54.0,5171.0,534.0307,54.0,353.88794,0.0,0.0,77981.07,95.0,0.0,1.1416365,2.0,0,0,1
150.42531,84.0,75.0,168.7326,412.6229,60.0,336.52145,78.214836,31.190458,14701.02,85.0,10.0,0.5,5.0,0,2,1
65.0,54.0,99.0,138.0,624.0,60.0,216.0,98.78526,245.97974,11726.674,322.61176,0.0,0.75,6.0,0,0,1
98.142006,62.0,54.0,7511.994,301.0,63.73954,177.0,243.27348,570.28345,1899.197,268.0335,0.0,0.8290895,6.0,3,0,1
602.9167,54.0,54.0,239.27171,513.7857,54.0,145.33849,0.0,27.608244,19235.568,91.0,0.0,1.2222222,2.0,0,0,1
179.0,54.0,54.0,37102.06,414.24954,60.0,394.11594,394.58383,0.0,30170.408,143.7,7.0,1.25,2.0,0,0,1
111.0,54.0,97.0,7191.7275,339.85294,66.0,164.0,0.0,0.0,27897.824,117.04124,0.0,0.5,14.0,0,0,1
142.51956,54.0,54.0,160.71156,631.377,60.0,538.2836,0.0,0.0,29417.844,504.0,0.0,0.5,11.0,0,0,1
691.0,84.36987,71.0,344.0,341.37778,60.0,479.46765,83.018196,0.0,65734.45,151.03563,11.0,1.2651553,2.0,0,2,1
676.6643,54.0,54.0,21426.13,198.76375,110.53967,107.82938,1.5478733,0.0,25097.293,95.0,0.0,1.25,3.0,0,0,1
549.9868,54.0,54.0,232.0,528.0,60.0,297.19644,0.0,0.0,25238.559,130.9972,0.0,1.0769231,3.0,0,0,1
186.2841,91.0,97.0,138.0,545.83136,89.0,164.0,72.52291,536.6981,2853.7087,264.4697,0.0,0.5,8.0,0,0,1
689.18713,54.0,54.0,201140.0,211.80745,54.0,614.0031,82.48734,12.842736,22928.219,141.415,0.0,1.2,2.0,3,0,1
512.4479,54.0,54.0,10685.151,529.39923,60.0,141.88791,0.0,561.7733,2136.2522,143.6,9.0,1.0,2.0,3,0,1
709.52356,54.0,54.0,685309.44,373.35614,93.26244,121.875,93.771225,433.78265,10200.715,224.60895,5.0,0.71477145,2.0,0,0,1
119.35969,54.0,54.0,138.0,614.0,95.0,122.58616,91.35776,504.1191,10042.635,78.0,8.0,0.6666667,6.0,3,0,1
749.96783,54.0,64.0,1107.31,522.0,54.0,394.1541,0.0,54.10176,18430.377,198.46973,0.0,1.1666666,2.0,0,0,1
96.39523,91.0,96.0,283.81924,216.0,60.0,332.06314,144.44441,494.22763,7398.061,101.93507,0.0,1.2,2.0,0,0,1
437.423,74.0,79.68975,138.13516,300.72104,54.0,485.70035,113.411896,271.1177,15415.269,91.0,10.0,0.5,3.0,0,0,1
110.31621,54.0,54.0,54645.53,627.65155,0.0,162.0,177.83336,518.9753,5761.6655,84.0,11.0,1.0876892,2.0,0,0,1
602.9167,54.0,84.546074,110.82101,625.38055,0.0,771.5106,170.7535,0.0,26880.092,89.0,13.016463,0.5,3.0,0,0,1
637.9167,54.0,73.0,292.0301,339.0,60.0,135.53598,0.0,0.0,49381.727,77.0,12.0,0.5,6.0,3,0,1
91.0,54.0,79.0,138.0,210.0,66.0,118.5675,170.23029,521.7556,4049.765,81.0,8.0,0.5,7.0,0,0,1
68.0,54.0,54.0,161647.47,534.0,54.0,472.62265,0.0,595.16327,701.07007,237.55653,0.0,1.0,6.0,0,0,1
676.66174,54.0,54.0,97.0,622.65674,60.0,431.13837,211.52347,521.7475,4352.822,212.50595,0.0,0.9779725,4.0,0,0,1
390.73206,54.0,54.0,17785.893,680.5767,54.0,631.7827,408.85696,602.9365,341.54013,471.47598,0.0,0.91260684,8.0,0,0,1
758.8151,101.752815,89.0,132.53543,106.9795,66.0,134.33333,59.338375,0.0,135473.11,94.0,0.0,1.0,5.0,0,0,1
90.0,54.0,54.0,8231.262,528.0,66.0,250.97977,395.87228,599.474,1899.9897,287.65744,12.0,0.5343724,2.0,3,0,1
361.7189,78.0,62.0,3802.3572,353.98428,66.0,175.88194,94.16706,230.47588,20649.164,318.6039,0.0,1.0769231,5.0,0,0,1
697.9458,54.0,102.0,12148.922,534.0,60.0,564.6105,256.15717,595.8627,454.43878,200.5479,10.0,1.2,3.0,0,0,1
68.0,54.0,54.0,286.2167,534.0,60.0,162.07437,214.6078,570.3987,6067.007,130.0,0.0,1.2,2.0,3,0,1
284.02072,54.0,54.0,59259.566,1271.0,60.0,572.82385,102.71634,0.6856274,20576.152,113.91008,0.0,1.2,12.0,0,0,1
473.6352,54.0,54.0,12416.546,618.0,74.0,136.0462,0.0,0.0,117711.62,125.06988,0.0,0.8333333,3.0,0,0,1
687.11005,54.0,54.0,198092.25,94.0,60.0,287.03342,0.0,0.0,31046.785,84.73776,0.0,1.1666666,2.0,0,2,1
157.86473,54.0,54.0,61927.785,704.44257,66.0,253.4188,161.48048,480.69174,7493.378,117.59815,0.0,1.0,4.374788,0,0,1
602.9167,54.0,54.0,7655.0,533.2738,66.0,138.5729,438.99237,595.1376,628.868,373.27243,0.0,0.5,9.0,0,0,1
343.91098,54.0,54.0,1022286.4,1292.0,119.0,107.666664,351.91666,616.91473,1270.4364,211.48468,0.0,0.5,8.0,0,0,1
65.692,54.0,54.0,4915.6206,216.0,60.0,382.81375,161.732,519.2758,4005.3167,95.0,0.0,1.0909091,3.0,0,0,1
698.42365,54.0,54.0,15632.498,536.0,68.56154,114.794754,2.7417207,0.0,26249.885,146.40636,9.0,1.1573179,2.0,0,0,1
759.02704,67.0,87.0,71.944595,1292.0,91.0,108.0,77.1044,354.44662,10258.599,92.0,0.0,1.1,2.0,0,0,1
561.2579,54.0,54.0,32076.582,514.0,65.0,340.71344,56.16414,0.0,18433.844,238.3691,0.0,0.9230166,3.0,3,0,1
97.303345,66.0,54.0,1090.6329,297.95367,60.0,158.45886,1.0681115,507.6716,4942.853,74.0,11.0,1.2,2.0,0,0,1
328.32098,64.0,54.0,91.0,616.30084,132.0,114.218216,433.927,570.27527,2838.7344,377.28598,0.0,0.5,11.0,0,2,1
691.0,54.0,54.0,91.0,374.0,67.0,252.29216,216.31314,513.4116,4150.6313,68.0,10.0,1.2222222,2.0,0,0,1
733.33026,54.0,73.0,286.0,342.4413,68.0,142.0,161.732,0.0,81742.95,106.953514,0.0,1.0909091,2.0,3,0,1
735.7471,66.0,74.0,113.76276,204.78105,91.0,155.63907,285.01752,601.70557,449.2605,85.46472,14.0,1.1,2.0,3,0,1
66.0,84.16856,74.0,1448.7163,534.0,65.68993,119.90412,127.39434,270.11478,14712.395,92.0,10.0,1.1,2.0,0,0,1
400.06073,54.0,54.0,7520.367,528.0,68.0,134.79874,93.691345,35.013847,22158.041,477.6276,0.0,1.0954013,5.0,3,0,1
450.38306,54.0,54.0,4446.63,534.0,66.8877,130.66667,117.64013,443.921,7921.499,108.52055,11.0,1.1538461,2.0,0,0,1
572.23926,54.0,54.0,410972.03,397.10153,0.0,785.73004,337.07745,533.17896,2791.8464,91.0,0.0,1.2,5.0,0,0,1
60.0,54.0,54.0,215.86136,514.94574,60.0,142.0,0.0,0.0,128890.2,143.41025,0.0,1.2222222,5.0,0,0,1
91.0,54.0,96.0,5184.9126,267.74292,60.0,172.86906,278.43738,596.1354,534.09106,211.43079,0.0,0.9,5.0,0,0,1
399.17767,54.0,54.0,11484.793,318.30096,111.0,107.666664,0.0,0.0,22198.334,95.0,0.0,1.0,5.0,0,0,1
121.0,54.0,54.0,70400.48,1292.0,66.0,162.05316,135.76717,483.79993,6082.3555,478.6565,0.0,0.5,14.0,0,2,1
463.1397,54.0,54.0,7948.318,190.06389,67.0,134.66667,0.0,0.0,66986.97,96.90916,0.0,1.0909091,10.0,0,0,1
391.95917,64.0,54.0,555.31494,324.1378,60.0,252.06668,118.00847,515.15906,4587.657,146.7,8.0,1.125,2.0,0,0,1
270.0,54.0,54.0,67395.16,266.0,60.0,250.48329,0.0,0.0,27919.166,239.36751,12.0,0.5,8.0,0,0,1
681.738,75.0,89.0,110.0,380.06998,60.0,637.3584,1.0735668,0.0,46454.363,107.0,0.0,0.6666667,14.0,0,0,1
432.92093,55.0,54.0,7655.0,201.56676,60.0,250.815,0.0,0.0,64938.062,142.0,4.0,1.0909091,2.0,0,0,1
78.36077,54.0,54.0,120.0,534.0,64.0,145.09924,0.0,0.0,28384.36,68.0,13.0,1.1142923,2.0,0,0,1
569.52673,54.0,54.0,11432.688,268.0,60.0,332.83994,0.0,0.0,74762.35,97.0,0.0,0.5,11.0,3,0,1
426.3038,64.0,54.0,20666.621,522.0,66.0,256.22702,170.94756,545.6964,2526.508,73.2385,10.0,1.1049519,2.0,3,0,1
472.21872,54.0,54.0,17217.857,705.02563,66.0,342.05316,343.11987,0.0,18284.023,251.15117,16.37356,1.0,2.0,0,0,1
362.5,81.0,74.0,257.0,339.99094,94.9462,205.22073,0.0,0.0,41802.742,154.52829,12.0,0.8,2.0,0,0,1
760.4867,54.0,54.0,246664.55,95.158394,60.0,225.88904,161.94981,618.1865,520.8754,92.0,11.0,0.6666667,2.4984555,0,2,1
450.61502,54.0,54.0,13180.683,776.0856,0.0,316.1718,98.86755,527.9222,6118.99,236.61292,0.0,1.0769231,2.0,3,0,1
69.11669,54.0,54.0,32856.855,268.0,64.0,225.5759,60.87428,0.0,16883.947,79.0,10.253209,0.5,5.0,0,0,1
425.63004,54.0,91.0,9043.55,274.0,60.0,339.64722,179.59384,494.81827,5934.7095,256.0477,0.0,0.5,5.0,0,0,1
237.14137,54.0,54.0,119.0,616.7471,60.0,394.16498,460.48462,595.6545,454.44357,266.46262,0.0,1.0,7.0,3,0,1
461.6054,54.0,60.0,4004.7893,339.01083,0.0,653.27576,0.0,0.0,61802.18,99.0,10.0,1.2011229,2.0,0,0,1
716.6343,64.0,81.0,5252.78,520.4336,0.0,179.89845,0.0,0.0,33579.13,117.58531,0.0,1.2169861,2.0,3,0,1
64.0,63.0,74.0,97.0,1251.922,60.0,148.4187,350.11465,563.93176,2846.4634,84.0,14.0,0.5,2.0,0,0,1
89.0,54.0,75.0,5075.0,411.3228,60.0,524.01886,0.0,0.0,61952.355,243.36435,0.0,0.8,15.0,0,0,1
282.22318,54.0,54.0,816400.94,142.0,68.0,123.73805,44.168022,0.0,16425.43,100.41539,0.0,1.0,2.0,0,0,1
90.56088,54.0,54.0,784581.0,801.07104,20.837912,647.37756,98.14804,616.54083,356.25864,107.0,0.0,1.0769231,5.0,0,0,1
109.738106,54.0,103.11967,6558.2896,216.0,66.0,339.75824,90.57253,465.918,15448.296,106.0,0.0,1.1428572,2.0,0,0,1
628.06665,79.0,96.0,97.0,521.0638,64.0,173.51694,0.0,0.0,36789.52,109.959114,0.0,0.5,12.0,0,2,1
60.0,62.0,71.0,287.63757,302.78503,54.0,330.31003,213.68997,19.880894,20649.26,154.4579,0.0,1.2,2.0,0,0,1
349.71045,54.0,54.0,120.0,274.0,60.0,402.17407,161.732,468.3494,7426.7207,102.0,0.0,0.5,7.0,0,0,1
450.9853,54.0,68.0,890.76013,405.6746,54.0,162.0,58.585323,0.0,17805.129,178.92801,0.0,1.1333587,2.0,0,0,1
60.0,54.0,54.0,177.0,531.38715,48.518486,262.4884,0.0,0.0,91869.41,146.7,0.0,0.6666667,5.4984703,0,0,1
628.06665,54.0,54.0,8559.029,1267.0,60.0,216.0,95.27656,504.44516,5085.794,74.0,16.519524,1.0,2.0,3,0,1
90.0,54.0,76.0,156.0,352.4027,66.0,149.03346,92.10785,449.89362,14393.168,266.0,0.0,0.5,15.0,0,0,1
65.49681,54.0,54.0,60.0,1292.0,60.0,134.33333,82.648254,500.5663,6122.648,235.5725,0.0,0.5,8.0,0,0,1
97.0,54.0,54.0,16916.635,333.24402,60.0,141.5164,182.2903,455.61884,6143.16,186.0,0.0,0.6666667,5.0,3,0,1
66.0,67.0,84.0,119.0,137.54471,60.0,192.73477,393.78506,0.0,38879.277,89.0,0.0,1.2,4.0,0,0,1
69.52096,54.0,54.0,5075.0757,339.0,0.0,523.9216,0.0,0.0,49669.492,212.70471,3.0,1.0244346,2.0,3,0,1
712.42914,54.0,54.0,910647.56,1292.0,67.00561,269.7738,69.92283,241.64719,16431.041,91.0,0.0,1.2,2.0,3,0,1
423.53323,62.0,54.0,5084.0,320.39877,54.0,284.42294,0.0,0.0,93106.95,273.2734,0.0,1.0909091,2.0,0,0,1
155.0,54.0,96.0,201.19861,266.0,106.09528,100.0,85.38105,0.0,68988.68,211.19388,12.0,1.0714285,2.0,0,0,1
459.15024,62.0,107.0,16285.78,897.71246,66.0,158.74161,0.47140452,0.0,21424.568,239.25774,0.0,0.5,10.0,0,0,1
82.64468,74.0,81.0,9697.567,348.46335,66.594376,160.1497,0.0,0.0,29237.977,269.0,0.0,0.8,5.0,0,2,1
550.6116,54.0,112.464584,21686.623,1292.0,60.0,443.12067,94.18098,478.3348,6963.5986,659.76764,0.0,0.5,5.0,0,0,1
344.73334,54.0,54.0,9608.637,978.4777,0.0,619.48285,0.0,0.0,103772.03,81.0,0.0,0.6666667,5.0,0,0,1
650.1879,54.0,70.0,928.84717,341.44092,66.0,250.12015,246.96266,512.10455,6122.6035,84.75082,0.0,1.1,5.0,0,0,1
68.0,65.0,75.0,5056.435,241.73978,66.0,345.29584,244.27315,562.76953,1370.3833,109.54875,11.0,1.0577265,2.0,0,2,1
72.893265,54.0,54.0,7570.1104,446.96173,60.0,455.8028,60.43292,0.0,15974.245,92.0,14.550489,1.0,2.0,3,0,1
355.81793,84.0,101.409294,17891.094,340.0,60.0,154.62181,162.0025,420.54822,6395.61,229.63206,11.0,1.2,2.0,0,2,1
71.39953,54.0,54.0,9689.3,513.18854,60.0,368.10822,343.56354,515.04596,3992.842,146.84694,0.0,1.1675342,3.0,0,0,1
68.03334,54.0,54.0,120.0,273.82507,66.0,216.0,332.65497,540.59515,3240.0513,111.343636,0.0,1.1,2.0,0,0,1
461.97748,54.0,106.0,29251.262,1267.0,60.0,524.2046,161.732,495.95786,7215.3228,107.0,0.0,1.0,4.0,0,0,1
707.26294,54.0,54.0,1265274.9,1292.0,97.0,131.10081,173.58272,508.93463,4342.621,92.0,0.0,1.2222222,6.0,0,0,1
121.0,54.0,54.0,120.0,624.901,68.55015,133.72424,238.33194,0.0,51665.72,143.45546,0.0,0.5,14.896903,3,0,1
362.5,54.0,54.0,7483.1836,273.24872,60.0,127.0,68.885735,16.08929,15195.527,138.0,0.0,1.2,2.0,0,2,1
363.337,54.0,54.0,12055.851,814.0717,54.0,643.2731,93.79576,537.1214,6485.5933,92.33706,17.0,1.0769231,2.0,0,0,1
222.0,54.0,54.0,5303.0444,216.0,0.0,645.9642,91.05172,385.367,12153.163,96.0,0.0,0.5,10.0,0,0,1
135.0,54.0,101.499435,0.0,413.91772,89.099,98.96196,0.0,0.0,31417.965,108.59073,0.0,0.6666667,7.0,0,0,1
91.0,54.0,75.0,147.54732,624.5909,0.0,571.2661,5.656854,0.0,24517.686,109.25,8.0,0.5,3.0,3,0,1
450.42612,54.0,95.0,97.0,1291.6064,54.0,162.02666,1.5755746,330.6332,14189.498,158.27747,8.0,0.8,6.0,0,0,1
66.06417,62.0,54.0,2266.138,321.38596,65.0,198.02628,67.83504,18.857916,21262.092,187.49794,0.0,1.2,7.0,0,0,1
105.0,63.0,54.0,232.62946,408.14844,60.0,286.67038,0.47140452,0.0,26216.006,121.25858,0.0,1.1666666,12.0,0,0,1
331.9083,54.0,81.0,120.0,530.59454,144.0,97.666664,136.10583,0.0,141430.48,84.0,10.0,1.0,2.0,0,0,1
65.62311,54.0,54.0,5071.344,697.39545,60.0,241.0064,179.39674,0.0,36798.297,78.0,11.0,1.2022598,2.0,0,0,1
642.3534,54.0,54.0,7655.0,616.7206,60.0,350.24185,0.0,0.0,26851.541,177.46687,0.0,1.2,3.0,0,0,1
608.6482,54.0,74.0,5251.575,378.5362,64.0,387.80774,0.0,0.0,58001.652,95.0,0.0,1.125,38.38443,3,0,1
68.0,54.0,73.0,185.54279,400.79208,60.0,284.22256,114.92559,270.11478,15417.238,92.0,0.0,1.0769231,3.0,0,0,1
425.8807,54.0,54.0,855.79877,522.0,66.0,130.66667,362.41052,608.65607,466.156,133.61105,3.0,0.74535465,3.0,3,0,1
145.15327,54.0,54.0,15105.469,687.30896,121.0,100.226585,0.0,0.0,97242.92,74.0,12.0,0.5,5.0,3,0,1
91.26393,54.0,54.0,6374.9316,273.0,60.0,149.08932,90.72629,533.12213,3113.2305,84.0,16.0,1.0245886,2.0,0,0,1
481.01306,54.0,54.0,95.97576,589.90515,54.0,162.0,0.0,0.0,23316.914,92.0,0.0,1.2,2.0,0,0,1
904.35486,54.0,54.0,8560.775,580.6215,60.0,130.66667,0.0,0.0,27708.291,77.0,11.0,1.178501,2.0,0,0,1
346.3196,90.064156,81.0,129.0,206.0,60.0,600.50555,306.86993,507.63144,4620.6826,192.75098,0.0,0.5,6.0,0,0,1
65.857574,54.0,54.0,5075.0,268.0,0.0,642.1783,79.26499,0.0,21458.58,86.64285,0.0,1.2,2.0,0,0,1
648.4761,54.0,54.0,32681.02,273.0,60.0,394.17883,2.8891358,0.0,82704.35,74.0,11.0,0.5,6.0,0,0,1
457.72598,54.0,54.0,511009.1,536.0,66.0,260.16364,349.0843,612.33875,426.32608,481.5611,0.0,0.8681481,14.0,3,0,1
495.04315,54.0,60.0,2635.1394,339.86072,60.0,150.15883,0.30253598,232.86539,15776.332,86.858574,12.0,1.2222222,2.0,0,0,1
328.625,54.0,54.0,119.99865,397.37735,60.0,462.31958,310.78497,513.8432,4090.32,188.87607,0.0,0.5,7.0,0,0,1
691.5951,54.0,54.0,558016.1,1292.0,113.93518,100.96759,85.34396,365.15637,18511.232,107.0,0.0,1.1666666,2.0,0,0,1
403.27972,54.0,91.0,199.33923,529.0,123.0,100.0,0.0,0.0,19798.197,138.0,0.0,0.579724,6.0,3,0,1
547.7788,54.0,54.0,9218.0,95.0,60.0,341.4188,46.587788,0.0,124764.24,82.227165,9.726096,1.2142857,2.0,3,0,1
435.05746,95.953865,91.0,91.0,127.92223,146.0,113.76033,156.09344,257.13235,15583.975,107.0,11.0,1.0,2.0,3,0,1
65.65501,66.0,89.0,98.58378,342.89227,60.0,134.33333,0.0,0.0,142907.45,195.73209,0.0,1.1840104,2.0,3,0,1
179.0,62.593746,78.0,145.72781,522.0,60.0,199.02638,80.024925,0.0,14921.148,459.11908,0.0,1.1508766,3.0,0,0,1
89.0,54.0,54.0,18628.238,198.0,60.0,369.237,325.8315,531.46246,2799.868,114.10335,10.0,1.0909091,2.0,0,0,1
646.60504,54.0,54.0,60.0,536.0,60.0,130.66667,0.0,0.0,22745.51,195.56447,9.0,0.5,5.0,0,0,1
65.55646,64.0,54.0,6910.8022,618.0,54.0,469.0044,116.32355,527.7039,3964.4287,212.3038,5.0,0.5,5.0,3,0,1
678.2375,54.0,54.0,111.0,172.8452,96.46184,110.0,233.72585,562.0155,4359.354,102.0,0.0,0.5,5.0,0,0,1
676.779,55.0,89.0,91.0,273.5042,54.0,690.3251,0.49176165,0.0,24834.799,153.4897,0.0,1.0765833,2.0,0,0,1
89.0,54.0,54.0,60.0,1267.0,60.0,264.27502,0.0,520.1047,4098.184,119.99497,10.0,0.9954002,2.0,0,0,1
426.40182,54.0,54.0,1070341.0,266.2556,60.0,349.07535,102.06729,470.26648,5810.453,122.8,0.0,1.2,5.0,0,0,1
123.0,54.0,54.0,277293.44,246.22813,63.0,255.42114,0.0,0.0,82607.29,105.6,11.102017,0.5,3.0,0,2,1
688.55334,54.0,75.0,153.0,581.0,60.0,452.59787,71.25166,0.0,21039.117,97.00342,0.0,0.5,11.0,0,0,1
153.0,64.0,55.0,2020.6356,340.55106,115.96632,108.0,83.66426,261.7795,13904.613,85.0,11.0,0.5,5.0,3,0,1
432.59167,54.0,54.0,10759.996,617.0,64.169235,157.42572,381.70297,540.6265,4072.3486,308.39032,0.0,0.6666667,6.0,0,0,1
691.0,54.0,54.0,91.30484,1292.0,60.0,265.55957,322.74985,595.9408,647.6309,91.0,13.0,0.5,4.0,0,0,1
763.5839,54.0,54.0,184661.06,216.0,60.0,367.9932,108.8759,0.0,25183.48,92.0,0.0,0.9166667,4.0,3,0,1
486.8433,64.0,79.0,123.0,208.40877,60.0,358.20038,83.018196,0.0,58614.47,89.0,0.0,1.0909091,2.0,0,0,1
473.07266,54.0,54.0,155.0,588.87933,0.0,681.44055,34.362385,0.0,19980.033,216.0,0.0,1.2,4.0,3,0,1
852.4251,54.0,54.0,3777.7466,618.0,60.0,354.9958,33.779354,0.0,16614.508,75.0,15.0,0.955628,2.0,0,0,1
684.75226,64.0,54.0,204.0,522.9304,60.0,639.39905,0.0,0.0,72122.48,96.0,0.0,1.2,2.0,0,0,1
344.0,54.0,95.0,8242.667,535.68207,66.0,142.0,80.148155,0.0,72150.23,96.0,0.0,1.2,10.0,0,0,1
91.0,54.0,54.0,15491.111,143.68234,0.0,331.24637,0.0,0.0,27618.752,101.30136,0.0,1.1666666,6.0,0,0,1
105.502365,54.0,54.0,119.0,464.77664,60.0,152.9978,170.86072,504.45508,5363.1816,322.33743,0.0,1.2,3.0,3,0,1
350.69754,54.0,101.36141,206.97076,489.06592,0.0,524.5093,0.0,0.0,99828.69,286.0954,0.0,1.0769231,5.0,3,0,1
89.0,66.0,54.0,2285.2095,299.1192,60.0,256.1275,116.180016,243.27353,14737.376,84.50317,5.0,1.0843462,2.0,0,0,1
129.3264,54.0,54.0,2171.6548,399.32617,89.0,115.63291,222.32463,537.29895,3330.5532,143.6,0.0,1.0808564,2.0,0,0,1
66.66745,74.24401,73.0,2825.2627,517.1118,60.0,195.04967,107.94136,596.04205,593.6854,95.0,4.2934723,1.1666666,2.0,0,0,1
399.46927,65.0,54.0,11426.203,168.2367,0.0,728.4676,98.35487,436.0754,15127.641,107.0,0.0,1.2,3.0,0,0,1
123.0,54.0,54.0,119.0,556.7757,65.91157,100.0,56.833626,606.30396,454.446,288.0,0.0,0.6666667,3.0,0,0,1
348.2115,54.0,54.0,60.0,529.0,65.0,156.00545,354.7475,615.5479,355.8078,85.0,0.0,1.1457145,5.0,0,0,1
549.50916,54.0,60.0,4200.864,400.0,54.0,593.9298,0.0,0.0,108188.484,117.39971,0.0,1.0866396,12.0,0,0,1
68.0,60.0,74.0,5079.5674,504.7453,66.02218,113.372925,326.28934,597.5017,600.9632,81.0,19.486418,0.8,2.0,0,0,1
63.0,54.0,73.85574,5240.0,340.86197,60.0,363.1766,0.0,0.0,70442.98,96.0,0.0,0.5,18.0,0,0,1
652.0748,66.0,54.0,34739.223,339.0,60.0,374.71243,346.28085,600.1545,594.61224,236.49036,13.0,0.5,4.0,0,0,1
225.37114,54.0,73.0,238.0,268.0,66.0,256.16388,177.70851,575.68353,1254.003,78.0,0.0,0.6666667,5.0,0,0,1
60.0,77.16244,78.0,114.058846,522.0,60.0,543.97955,0.0,0.0,21604.258,370.25626,0.0,1.2,7.0,0,0,1
762.95685,54.0,54.0,248070.89,534.0,60.0,213.2991,354.4083,0.0,27691.2,105.6,0.0,1.0,5.0,0,0,1
88.420906,66.0,81.0,5290.0586,528.7213,74.0,170.11227,3.7620046,0.0,36487.97,506.5755,0.0,0.2129301,18.0,0,0,1
811.5643,66.0,86.0,120.0,513.6556,60.0,434.1335,71.15643,614.1394,426.52246,102.0,0.0,1.2,2.0,0,0,1
77.04223,54.0,54.0,7090.6646,198.0,60.0,156.64383,0.0,0.0,146767.12,97.0,0.0,1.091556,3.0,3,0,1
402.1964,67.0,55.0,5240.0,536.0,97.0,112.333336,172.4598,516.311,3626.9153,85.0,0.0,0.5,3.0,3,0,1
498.46338,54.0,54.0,22856.656,342.65594,54.0,524.3897,5.352331,0.0,33164.383,154.42043,0.0,1.2,15.916726,0,0,1
280.1844,54.0,73.0,180.0,320.91534,65.0,326.44427,99.283615,422.15674,6952.9995,268.0,0.0,1.0714285,6.0,0,0,1
367.14685,54.0,97.0,0.0,624.0,54.0,415.44193,0.0,0.0,56894.71,384.83224,0.0,0.6666667,4.0,0,0,1
867.06573,54.0,54.0,8528.871,193.29591,66.0,148.57816,237.37195,516.1178,3968.3728,74.0,32.11134,1.0909091,2.0,0,0,1
105.0,54.0,54.0,91.0,340.0,91.74873,142.0,161.732,473.65872,6467.492,268.8825,0.0,1.2,6.0,0,0,1
60.0,54.0,60.0,290.0882,266.8788,0.0,653.0631,171.66039,562.634,1874.218,115.75,11.0,0.5,2.0,0,0,1
91.0,54.0,54.0,202627.48,617.0,64.0,150.4977,0.0,0.0,61732.414,78.44098,2.0,0.6666667,5.0,0,0,1
408.86755,78.649704,85.0,12138.131,142.0,54.0,600.9603,212.06909,575.56824,1174.5482,96.604614,4.0,0.6666667,3.0,0,0,1
904.3026,62.194725,54.0,10372.447,1292.0,121.0,97.660416,97.00474,425.09665,10195.681,91.0,11.0,1.2,2.0,0,0,1
548.0348,54.0,54.0,151219.38,1292.0,0.0,756.82574,379.2517,562.627,4348.6167,373.53903,0.0,0.5,7.0,0,0,1
456.42316,54.0,54.0,298841.2,139.31723,89.0,114.0,93.78022,415.54962,9370.07,121.9155,0.0,0.5,5.0,0,0,1
688.09534,86.0,95.0,1483.4446,366.60648,54.0,163.11412,210.55481,0.0,25877.174,186.0,0.0,0.5,6.0,3,0,1
602.9167,54.0,54.0,123.0,624.0,60.0,526.2518,76.005936,562.57416,1358.7058,128.0,0.0,1.0664431,3.0,0,0,1
392.50824,54.0,54.0,179.0,624.8977,65.0,179.53603,5.6525483,0.0,16732.4,120.62444,0.0,0.5,4.0,0,0,1
494.98013,54.0,54.0,26560.77,97.0,60.0,162.15323,107.013145,493.64166,8176.841,79.0,31.769672,0.5,6.0,0,0,1
511.15945,54.0,54.0,135.0,536.0,60.0,141.946,397.98254,562.67395,1120.2927,172.63664,11.0,1.2,2.0,0,0,1
155.0,54.0,54.0,148.0,412.87445,66.0,149.32553,71.63178,19.90854,19220.201,78.0,12.0,0.5,3.0,3,0,1
97.66621,54.0,54.0,109557.59,288.13196,64.0,122.79474,357.9343,595.6545,448.84534,123.50795,0.0,0.8333333,5.0,0,0,1
71.5,55.0,97.0,0.0,1292.0,54.0,653.08374,255.10774,595.66534,2489.3318,188.94652,0.0,1.0222498,2.0,0,0,1
89.0,54.0,54.0,5540.374,617.0,60.0,570.452,93.96782,0.0,110826.75,93.21975,0.0,1.1666666,7.0,0,2,1
91.0,54.0,54.0,714604.6,91.0,54.0,577.2001,228.10127,595.1597,795.8008,78.0,21.185076,0.5,5.0,3,0,1
89.0,54.0,54.0,369801.34,95.0,60.0,459.3879,0.47140452,0.0,33402.84,92.0,0.0,1.2,2.0,0,0,1
91.0,54.0,54.0,222.0,614.0,0.0,581.36896,91.33604,432.51068,6962.1646,79.0,11.0,1.2,2.0,0,0,1
91.0,54.0,54.0,635486.25,89.0,60.0,495.57718,109.83766,595.6545,848.0529,84.0,10.0,1.0,2.0,0,2,1
60.0,54.0,73.0,240.12929,522.0,60.0,445.78104,0.0,0.0,19666.828,75.0,12.0,0.5,3.0,3,0,1
254.8959,54.0,54.0,341.0,619.91095,54.0,177.19624,91.81978,57.16806,18163.23,474.17532,0.0,1.2032218,2.0,0,0,1
345.33334,54.0,95.0,2196.6853,200.24391,97.0,107.62715,216.62553,618.6737,425.44794,142.0,0.0,0.5,8.0,0,0,1
121.0,54.0,54.0,34988.254,268.0,54.0,653.7877,336.76596,623.79083,249.44781,91.0,5.0,0.5,5.0,0,0,1
251.29784,54.0,54.0,434934.22,529.0,0.0,685.6955,148.70404,0.0,100252.17,450.41626,0.0,0.5,10.0,0,0,1
144.0,54.0,54.0,24511.691,1292.0,123.0,106.63862,432.00873,566.9565,859.5482,95.0,0.0,1.0,3.0,0,0,1
68.0,54.0,91.05638,7265.6133,102.0,60.0,366.66513,0.0,0.0,36796.793,100.48486,0.0,1.1,2.0,0,0,1
361.57144,54.0,78.0,153.0,373.19656,54.0,142.0,327.39932,613.54144,352.0148,177.26035,10.0,1.0,4.0,0,0,1
653.0688,74.0,92.0,60.0,144.8102,63.0,155.11966,161.732,0.0,36659.03,96.0,0.0,0.5,9.0,0,0,1
121.0,54.0,54.0,284.77243,293.51245,95.0,156.1083,70.21966,0.0,124488.484,91.0,0.0,1.2,2.0,0,0,1
676.9983,78.0,84.0,91.0,1267.0,0.0,616.07684,164.98009,424.9398,9586.239,197.48979,0.0,1.1025525,3.0,3,0,1
865.48096,54.0,81.0,177.90771,206.0,60.0,451.0976,170.5638,533.5548,3532.0925,95.0,0.0,1.1,2.0,0,0,1
488.053,78.0,92.0,0.0,174.72792,67.0,326.61,84.790215,0.0,114798.9,102.0,26.0,1.0714285,2.0,3,0,1
65.62522,66.0,54.0,240.62924,407.93542,60.0,450.8899,48.453735,0.0,13975.947,323.06552,36.449524,0.5,4.0,0,2,1
515.9403,85.938515,97.0,179.0,235.05046,60.0,408.75757,0.0,0.0,114329.53,143.6,8.0,0.8,2.0,3,0,1
123.91747,54.0,54.0,120.0,269.0,66.0,134.33333,179.9465,526.33215,3696.3442,96.0,8.0,1.2,3.0,0,0,1
68.0,62.0,54.0,123.0,504.0,54.0,720.3649,232.24083,0.0,59004.53,118.12112,0.0,0.5,9.0,0,0,1
60.0,54.0,54.0,11010.501,274.0,4.306225,608.9696,361.94412,618.6804,425.92722,81.0,0.0,1.0909091,5.0,0,0,1
67.18094,54.0,54.0,121.0,625.7204,60.0,163.80888,0.0,0.0,26005.09,116.76823,0.0,0.93895304,5.0,0,0,1
582.26843,54.0,54.0,366.60657,372.90714,64.0,150.33333,2.5952137,0.0,25868.523,74.0,12.0,0.5,7.0,3,0,1
152.0,54.0,54.0,132.0,1291.764,60.0,507.22473,2.297255,0.0,22132.45,169.59265,11.0,0.5,5.0,3,0,1
361.78,74.0,96.0,10448.401,239.27556,54.0,262.626,450.48807,595.1597,1312.6588,99.0,21.0,0.5,5.0,0,0,1
512.50366,107.0,91.0,0.0,189.06953,68.0,247.5556,0.0,0.0,33488.047,99.0,0.0,0.5,5.0,0,0,1
637.9167,54.0,54.0,204.0,288.0,60.0,350.42004,0.0,0.0,29799.693,84.0,11.0,1.1666666,3.0,3,0,1
67.97393,54.0,54.0,34109.832,1292.0,60.0,564.0025,0.0,0.0,33888.664,189.0495,11.0,1.0751033,2.0,0,0,1
222.0,54.0,60.0,4373.487,371.79944,60.0,572.8429,82.2432,0.0,29587.994,127.89359,6.0,1.0875187,5.0,0,0,1
86.745415,54.0,54.0,134.48405,315.02435,75.385025,121.19901,5.4152446,16.167845,18535.564,101.55423,12.603549,1.2701731,2.0,0,0,1
686.6646,54.0,54.0,5116.48,400.0,66.0,247.12756,98.22292,241.26057,13076.978,209.61565,10.0,1.1818181,2.0,0,0,1
89.70133,65.0,81.0,108.88685,1292.0,60.0,334.26804,0.0,0.0,90281.42,121.24427,0.0,1.0690614,4.0,0,2,1
737.69696,54.0,54.0,17686.87,337.2536,73.92648,130.85909,407.26465,0.0,32765.78,189.14424,0.0,0.93458945,2.0,0,0,1
402.60443,67.0,81.0,8102.0225,400.0,54.0,451.95483,90.3355,402.29105,10164.836,267.3473,0.0,0.5,6.0,0,0,1
602.16504,54.0,96.0,7601.0,255.2891,60.0,253.5371,0.0,0.0,65831.0,101.12158,0.0,1.0,5.0,3,0,1
97.0,54.0,55.0,160.08247,301.0,54.0,568.9886,331.94482,603.10913,355.87933,81.0,10.0,0.5,6.0,0,0,1
344.9906,64.0,54.0,34688.902,258.97037,60.0,463.28424,267.52335,609.78906,2443.2778,142.0,0.0,0.5,7.0,3,0,1
109.96802,54.0,84.28499,121.0,534.18036,2.4950771,715.88293,0.0,0.0,115907.76,91.0,0.0,1.0,5.0,0,0,1
68.0,66.0,81.0,7673.0527,534.0,0.0,688.729,0.0,0.0,31992.504,86.0,12.0,1.0,2.0,0,0,1
138.0,54.0,78.0,60.0,110.05216,74.61262,97.333336,161.98512,0.0,138481.33,96.0,31.580864,0.5,10.0,0,0,1
637.9167,54.0,93.019775,60.0,361.87668,60.0,401.94913,91.52658,537.8339,2852.9067,268.0,0.0,1.2222222,4.0,0,0,1
430.40503,54.0,54.0,161445.34,216.0,60.0,290.03824,0.0,0.0,48462.34,118.81696,0.0,0.5,4.54256,0,0,1
637.9167,64.0,54.0,3982.9756,288.62158,60.0,233.38704,194.82455,541.8364,2587.8455,71.37735,11.0,1.2,2.0,0,2,1
138.0,54.0,54.0,10618.331,624.0,68.0,254.78593,79.7961,373.1421,11314.484,74.0,11.0,1.2,2.0,0,0,1
697.4402,54.0,54.0,32772.734,528.0,92.28324,102.91935,121.93935,344.83356,14001.894,68.00567,12.0,0.9388749,2.0,0,0,1
105.0,54.0,96.0,0.0,127.67693,66.0,409.20282,0.0,0.0,52382.06,97.0,0.0,0.5,3.0,0,0,1
809.7787,54.0,54.0,12059.853,536.0,65.0,256.91418,0.0,344.61298,13980.405,78.0,9.0,1.0714285,2.0,0,0,1
549.6479,54.0,88.0,10542.201,268.0,60.0,129.99304,136.56386,507.09857,4599.6855,240.57361,0.0,0.75,3.0,0,0,1
768.1667,54.0,54.0,249.29298,288.0,66.0,250.94481,78.03635,0.0,107508.914,80.5839,12.0,1.1666666,2.0,0,0,1
71.5,54.0,74.0,232.42336,373.08185,66.0,115.0,0.0,262.82828,14256.232,160.47235,9.0,1.2,2.0,3,0,1
114.83835,54.0,106.54172,17739.572,691.47614,110.191475,100.0,0.0,0.0,60802.812,165.24213,21.359026,0.5,5.0,0,0,1
107.08941,66.0,81.0,150.0,288.0,60.0,497.71567,176.85675,595.1597,649.24695,82.36438,11.0,0.7687599,2.0,0,0,1
697.9445,54.0,54.0,152.0,318.02713,54.0,380.2765,0.0,0.0,69015.586,70.96663,8.0,1.1666666,2.0,0,0,1
675.7795,54.0,86.0,167.2536,533.1408,60.0,250.5142,216.75375,550.1634,3532.036,89.0,0.0,0.97611743,5.0,0,0,1
88.92239,63.0,54.0,156.0,579.42206,0.0,667.8931,0.0,0.0,122744.6,314.22165,0.0,1.0,8.0,0,0,1
65.979195,54.0,54.0,10688.106,301.42654,64.0,198.47623,0.0,321.14423,19071.854,127.91654,0.0,0.5,6.0,3,0,1
628.06665,54.0,54.0,13468.841,557.5224,66.0,271.42862,0.0,0.0,43231.72,99.50472,10.0,0.5,6.0,0,2,1
110.51621,66.0,54.0,753.0,352.7867,0.0,608.24133,75.85959,595.1597,1263.754,340.20282,0.0,0.5,8.0,3,0,1
602.9167,54.0,75.0,7489.549,288.0,54.0,611.8044,0.0,0.0,22280.79,116.77423,6.0,1.0152744,2.0,3,0,1
88.41353,54.0,54.0,120.0,625.0,60.0,260.13754,267.6103,595.6545,454.44025,154.38094,0.0,1.2,5.0,0,0,1
328.17615,80.03053,81.0,171.0,592.92566,60.0,177.65947,0.0,0.0,33001.273,514.4249,0.0,0.5,7.0,0,2,1
121.0,54.0,54.0,7138.037,624.8763,121.0,100.0,76.86674,394.99463,11216.225,96.0,23.0,1.0769231,2.0,0,2,1
376.29724,54.0,54.0,10700.57,229.87828,54.0,394.13635,91.35776,144.95694,16679.553,95.0,0.0,0.5,7.0,0,0,1
65.06716,54.0,96.16758,9945.419,504.0,60.0,645.70337,127.76695,502.6066,5296.1733,99.0,0.0,1.2,5.0,0,0,1
450.5565,54.0,54.0,54979.277,1292.0,0.0,376.76544,0.0,0.0,117349.164,107.0,0.0,0.5,5.0,0,0,1
673.57245,54.0,96.0,10356.053,522.0,66.0,108.0,84.547676,491.56754,7251.4844,216.0,0.0,0.9196849,3.0,0,0,1
91.0,95.0,79.0,0.0,99.0,66.0,254.66226,445.59427,575.05505,1050.6979,86.0,12.0,0.6666667,2.0,0,0,1
754.8104,126.333336,95.0,9823.343,1292.0,66.0,142.0,182.60312,559.2837,1381.5277,173.95084,0.0,1.25,2.0,0,0,1
468.43958,54.0,54.0,91.0,319.75134,66.0,243.6438,70.68241,469.84396,6711.1147,142.2749,0.0,0.5,4.0,0,0,1
639.72015,54.0,60.0,338.90292,288.0,60.0,142.0,251.99226,595.1597,4304.6655,97.34069,12.0,1.2332616,2.0,0,0,1
367.18253,64.0,84.0,8231.533,540.7064,66.0,221.38515,84.77297,432.5037,14390.094,398.94055,0.0,1.125,6.0,0,0,1
403.13608,67.043594,54.0,2602.2913,405.4813,54.0,644.6951,0.0,0.0,101170.1,74.0,10.0,1.0251768,2.0,0,0,1
450.38123,54.0,103.13499,0.0,628.0966,0.0,700.3507,145.2479,507.21155,4345.097,237.818,0.0,1.1601444,2.0,3,0,1
96.347824,54.0,54.0,2051.2104,528.7947,54.0,564.20154,62.20766,482.98328,9273.278,208.08452,0.0,0.5,16.0,3,0,1
121.0,73.75398,54.12969,464.8293,326.72034,97.0,127.0,199.1216,480.38086,6526.26,113.91361,8.0,1.1666666,2.0,0,0,1
97.0,54.0,54.0,5953.7964,294.50473,60.0,442.7365,0.0,0.0,46248.176,268.50348,0.0,0.5,10.0,0,0,1
67.997475,84.0,96.0,0.0,408.6367,60.0,435.44345,166.30566,278.33652,15937.215,117.471275,11.0,1.1767333,2.0,0,0,1
650.8215,54.0,54.0,14171.848,522.0,54.0,635.2873,0.0,0.0,25804.873,464.18335,0.0,0.5,5.0,0,0,1
74.0,54.0,54.0,123.0,94.96684,68.193,216.0,0.0,0.0,56761.42,68.0,11.0,1.1548259,2.0,3,0,1
654.4867,54.0,54.0,138177.45,522.0,0.0,601.59186,111.76235,377.33896,14615.131,111.13302,0.0,0.5,5.0,3,0,1
120.45675,84.45762,96.0,13519.244,481.04102,54.0,330.31982,60.492805,0.0,23989.74,98.27159,0.0,0.9777937,5.0,0,0,1
121.0,64.0,54.0,240.32204,339.72488,60.0,134.66667,0.0,0.0,97623.59,111.241615,5.0,1.1666666,2.0,0,0,1
129.94319,54.0,97.0,121.0,625.0,60.0,132.9449,0.0,0.0,36798.543,182.41399,0.0,1.0,5.0,0,0,1
68.05498,54.0,54.0,60.0,1267.0,60.0,391.08524,0.0,0.0,24299.6,174.56787,0.0,1.2,5.0,0,0,1
471.88495,64.0,64.0,2833.6624,341.49164,89.0,150.1763,110.014084,483.5698,9454.282,99.027794,0.0,1.0909091,2.0,0,0,1
139.34102,54.0,54.0,48421.145,1231.0853,0.0,349.0914,169.91368,506.76685,4846.1406,91.0,0.0,1.1,2.0,0,2,1
811.56805,54.0,54.0,161321.9,145.40413,60.0,445.68253,75.8568,57.2827,17166.613,92.0,9.0,1.0,2.0,0,0,1
155.62582,54.0,54.0,57914.16,1292.0,91.0,195.22083,129.06766,224.97209,14133.456,84.0,11.0,0.5,8.0,0,0,1
189.2306,95.0,107.0,17181.828,1267.0,54.0,589.6664,72.11202,0.0,20584.709,241.94667,0.0,1.0,3.0,0,0,1
65.82446,54.0,54.0,60.0,1292.0,58.59814,607.3361,306.91684,612.6392,1854.4362,107.0,11.0,1.0878825,2.0,0,0,1
60.0,76.0,75.0,391.1278,339.0,60.0,416.29086,0.0,0.0,90155.13,116.31785,4.0,0.5,5.0,0,0,1
462.71426,54.0,54.0,9652.393,107.0,60.0,342.47708,0.0,0.0,28384.244,107.0,0.0,0.5,8.0,0,0,1
123.0,54.0,54.0,15474.779,107.0,60.0,358.55093,0.0,0.0,23949.387,97.0,13.0,0.9166667,2.0,0,0,1
60.0,64.0,60.0,4227.135,342.74362,60.0,337.8158,0.0,0.0,75291.35,242.28934,0.0,1.2,6.0,0,0,1
905.2264,54.0,54.0,212.24574,399.34396,0.0,738.01526,357.30713,0.0,71744.016,99.0,0.0,1.1699942,2.0,0,0,1
691.0,54.0,54.0,138.0,590.3456,60.0,261.9724,0.0,19.708275,20008.809,85.0,0.0,1.1666666,6.0,0,0,1
82.70858,54.0,54.0,32478.004,401.6395,64.0,313.12503,60.916443,52.839146,16421.154,74.0,17.0,0.5,2.0,0,0,1
129.0,54.0,54.0,60.0,624.6411,60.0,223.62909,362.7267,604.447,365.03006,89.0,14.159743,0.5,7.0,0,0,1
88.095985,74.0,78.0,7681.0854,322.54843,54.0,152.95319,0.0,0.0,24521.426,117.049866,0.0,0.5,5.0,3,0,1
578.7646,54.0,54.0,116.63929,616.42896,0.0,692.3256,342.96558,624.3812,306.20212,130.0,0.0,0.5,8.0,3,0,1
684.64453,54.0,95.0,13182.498,296.08075,67.874405,142.0,161.732,523.99207,4304.091,184.15474,0.0,1.0450733,3.0,3,0,1
60.0,54.0,54.0,5171.0,284.34772,54.0,606.5607,482.13467,627.67834,2023.31,216.04164,0.0,0.6666667,15.6541815,3,0,1
114.85428,54.0,54.0,222.0,400.0,60.0,158.72928,0.0,0.0,29797.469,77.04987,10.0,1.1666666,2.0,0,0,1
110.14667,54.0,74.0,226.46516,504.0,60.0,581.2567,267.63528,612.33875,358.52713,78.0,11.0,0.5,6.0,0,0,1
89.0,54.0,54.0,24360.182,142.0,63.0,241.78882,397.39917,614.10443,311.55786,74.0,9.041142,1.2747477,2.0,0,0,1
67.0,54.0,54.0,31267.479,531.5832,65.77574,240.77982,0.0,0.0,89729.88,234.94109,0.0,0.75,3.0,3,0,1
691.0,54.0,54.0,132.0,530.56177,60.0,141.90013,0.0,0.0,80802.31,86.56297,10.0,1.125,2.0,0,0,1
510.17453,54.0,54.0,12428.819,1267.0,87.25159,107.666664,0.0,0.0,42801.82,240.24774,0.0,0.89433175,20.0,0,0,1
407.55948,54.0,54.0,60.0,212.28531,60.0,483.09708,453.6018,595.27545,452.75992,198.0,0.0,0.8,3.0,0,0,1
688.31573,65.0,60.0,354.2814,340.0,91.0,100.22622,301.70956,602.91766,442.36676,143.6,7.6769385,1.076255,2.0,0,0,1
599.5658,100.88587,84.0,7154.633,623.25366,110.0,107.0,0.0,0.0,21038.209,92.00776,9.0,0.5,4.0,0,2,1
510.058,54.0,54.0,538125.44,102.0,0.0,648.3855,0.0,0.0,90231.06,91.0,0.0,0.5,5.0,0,0,1
285.827,54.0,54.0,4214.586,508.899,54.0,342.00327,310.74536,612.33875,890.57214,74.0,11.0,1.0,2.0,3,0,1
69.45757,54.0,54.0,862141.06,99.0,60.0,450.88406,209.66476,0.0,32084.82,86.0,0.0,1.0909091,3.0,0,0,1
121.0,79.0,91.0,90.0,380.34647,60.0,110.41574,0.0,0.0,121989.68,158.54901,12.542059,0.9166667,2.0,0,0,1
637.9167,54.0,64.0,2532.7327,400.0,60.0,216.0,0.0,0.0,56224.793,239.34555,0.0,0.5,8.0,0,0,1
148.90564,54.0,141.88025,47515.484,159.36505,60.0,612.8276,334.70654,612.33875,2539.428,157.4146,0.0,1.0769231,5.0,0,0,1
840.57465,54.0,54.0,166056.81,511.18164,60.0,367.98953,209.07816,0.0,68675.95,79.0,10.0,1.1,2.0,0,2,1
361.15915,54.0,95.0,152.03787,339.4959,60.0,343.5053,51.0602,0.0,16842.896,98.732834,0.0,1.2,3.0,0,0,1
639.2421,91.0,95.65885,150.0,225.94926,66.0,245.39905,2.7104669,0.0,24958.705,142.0,9.0,0.75,4.0,0,0,1
601.80743,54.0,71.0,2173.0837,395.08463,60.0,164.0,0.0,608.1441,448.82483,87.662186,12.0,1.1666666,3.0,0,0,1
691.0,54.0,54.0,4154.677,273.0,54.0,145.09215,281.23413,595.6545,451.46127,89.0,8.0,1.0,5.056569,0,2,1
399.9274,54.0,54.0,147.41536,533.34955,60.0,416.5579,363.83093,603.1319,349.09128,122.80897,0.0,0.5,9.0,0,2,1
270.48056,54.0,54.0,9759.342,528.0,60.0,163.73383,0.0,0.0,98051.56,143.54193,10.0,1.0178714,2.0,0,0,1
139.7281,54.0,54.0,8041.9663,268.0,60.0,239.86282,210.94885,503.61862,5271.7334,179.0,0.0,0.9244509,3.0,0,0,1
399.80405,66.0,54.0,171.0,514.0,60.0,393.9238,0.72426933,0.0,48914.523,112.0,0.0,1.0714285,4.0,0,2,1
89.793465,54.0,54.0,11900.639,614.0,67.49985,216.0,0.0,0.0,36755.355,106.892525,0.0,1.1666666,2.0,0,0,1
825.4117,54.0,54.0,403478.72,109.839775,60.0,147.25168,0.0,0.0,32792.574,97.0,0.0,1.1666666,2.0,0,2,1
67.18074,54.0,54.0,83770.125,332.5446,60.0,426.55518,47.462467,2.783274,19379.873,107.0,0.0,1.1659721,2.0,0,0,1
97.0,54.0,54.0,361479.75,99.252884,60.0,174.13,86.511765,263.87656,13916.656,94.0,0.0,1.1538461,2.0,0,0,1
712.26306,54.0,54.0,3249.478,590.07947,60.0,357.38895,297.9433,0.0,54924.258,92.0,8.0,1.0,2.0,3,0,1
66.0,66.0,91.0,11933.547,611.027,65.826126,247.50664,248.77316,603.10474,1362.676,314.92065,0.0,0.9166667,5.0,3,0,1
65.64257,54.0,54.0,9721.621,498.36496,60.0,241.64537,173.58272,516.31647,3966.1157,473.75696,0.0,0.75,3.0,3,0,1
91.0,75.0,79.0,13185.104,206.0,68.0,142.0,0.0,0.0,128378.46,92.0,13.0,1.25,2.0,0,0,1
551.3028,54.0,54.0,148.15762,373.3268,121.3147,103.666664,91.35776,270.11478,15611.083,198.3632,12.0,1.0,2.0,3,0,1
400.25772,54.0,54.0,8266.144,597.78564,63.0,157.16516,0.0,0.0,28888.512,541.1072,0.0,1.0769231,2.0,0,0,1
637.9167,54.0,54.0,92.72421,482.57077,105.44989,127.45396,0.0,0.0,71390.79,85.0,0.0,0.75,5.0,0,0,1
591.92096,54.0,54.0,60.0,269.0,60.0,383.26593,76.0,0.0,19052.713,142.0,0.0,1.0990548,7.0,0,0,1
105.0,54.0,54.0,507.14243,341.46512,54.0,160.125,94.937454,424.1853,6762.474,117.43821,4.0,0.6666667,3.0,3,0,1
878.0293,54.0,54.0,60.0,102.0,60.0,450.85022,227.98344,0.0,56897.19,91.19159,0.0,1.0,3.0,0,0,1
302.387,54.0,54.0,232.0,400.0,60.0,254.90277,357.85916,614.8323,1273.8188,128.81093,0.0,1.2,2.0,3,0,1
494.9734,54.0,94.0,90.0,410.65546,90.57958,127.90403,0.0,0.0,27905.95,206.0,0.0,1.1666666,2.0,0,0,1
592.9804,64.0,91.0,10746.036,367.2932,60.0,327.06836,77.71137,0.0,24982.791,107.0,0.0,1.2,14.514064,0,0,1
103.31858,54.0,54.0,0.0,627.93134,54.0,163.97446,0.0,0.0,136940.6,89.0,5.0,0.5,6.0,0,0,1
602.9167,54.0,54.0,5122.273,340.93393,60.0,252.09262,0.0,0.0,137954.48,78.0,8.0,1.0714285,3.0,0,0,1
622.66736,54.0,54.0,744645.2,536.0,63.848064,382.14636,93.795425,395.05295,14674.169,216.95268,0.0,0.8907433,11.416775,0,0,1
123.0,54.0,54.0,623762.94,118.046585,60.0,216.0,124.287224,0.0,65720.375,91.988914,0.0,0.18048309,14.0,0,0,1
60.0,85.04236,88.0,91.0,726.1579,54.0,523.8686,0.0,0.0,100967.43,212.09924,11.0,0.6666667,2.0,0,0,1
407.4799,54.0,54.0,153.0,143.6,60.0,497.0559,0.0,0.0,75037.97,97.0,10.0,0.9667281,5.0,0,2,1
71.33613,55.0,54.0,120.0,536.0,60.0,342.0578,0.0,0.0,111635.914,117.88837,8.0,0.5,5.0,0,0,1
603.2067,54.0,54.0,14759.108,373.4465,60.0,536.4344,152.30576,610.87164,449.46213,76.0,12.661508,0.76128757,3.0,0,0,1
751.18365,54.0,54.0,60.0,618.0,60.0,537.70825,1.080913,0.0,34332.164,189.09918,0.0,1.2,2.0,0,0,1
631.2666,54.0,54.0,114353.4,340.46152,60.0,293.64395,248.90834,494.80203,5493.684,234.22801,0.0,1.0769231,2.0,0,0,1
730.98047,54.0,54.0,7597.6885,285.1056,0.0,864.87225,209.49133,540.8316,2507.946,238.30434,0.0,1.2222222,2.0,0,0,1
562.406,91.0,92.76866,105.0,342.00238,60.0,450.97018,0.0,0.0,115322.06,96.0,0.0,1.0,2.0,0,0,1
637.78503,54.0,54.0,11392.983,268.92877,60.0,474.3305,0.0,0.0,25877.928,78.0,8.0,1.2,2.0,0,0,1
121.0,54.0,54.0,290625.53,405.5755,54.0,247.25128,250.11996,560.53595,2643.933,399.3022,0.0,0.6666667,14.776719,3,0,1
405.62918,55.0,73.0,257.0,369.79147,65.0,108.0,0.0,0.0,27921.846,74.91898,12.0,0.6,2.0,0,2,1
331.86487,64.0,54.0,139.55707,1292.0,60.0,498.7584,46.615643,488.36697,7131.2266,94.92725,0.0,1.2222222,12.0,0,0,1
271.17703,54.0,95.0,17.809402,1290.0743,60.0,527.91644,86.50631,30.391144,15935.756,258.04047,0.0,1.2,2.0,3,0,1
327.5,54.0,55.0,1025.666,406.66562,60.0,365.1873,249.93526,595.6545,652.9034,177.4916,0.0,1.2,2.0,0,0,1
636.6293,54.0,91.47005,68.0,139.39026,60.0,468.3778,51.661636,0.0,19260.9,105.6,0.0,0.5,5.0,0,2,1
637.9167,84.0,64.0,341.53473,268.0,60.0,287.03375,409.23132,609.87286,357.97495,204.73323,11.0,1.0723512,2.0,3,0,1
83.87709,54.0,73.0,180.0,529.0,74.0,126.071175,0.0,0.0,33975.637,107.0,0.0,1.0,5.0,3,0,1
362.09296,54.0,54.0,18142.06,109.25,60.0,426.8292,465.41843,595.6626,449.09564,99.0,0.0,1.0704246,5.0,0,0,1
345.7154,81.0,73.0,228.87991,284.37552,97.36271,107.25443,72.787254,18.22994,18295.863,143.6,0.0,0.5,14.0,0,0,1
765.7921,54.0,64.0,1382.0242,508.94043,60.0,260.91702,347.89612,595.1597,458.03317,86.0,0.0,0.79846114,2.0,0,0,1
68.0,62.0,54.0,543.06934,505.19272,63.0,130.84157,0.0,0.0,80467.586,95.306854,0.0,0.5,8.0,0,0,1
598.7404,64.0,74.0,11165.044,198.0,64.0,160.01364,60.67781,0.0,45603.62,96.0,11.0,0.5,6.0,0,2,1
594.3731,54.0,54.0,90.0,588.1502,60.0,430.7597,80.15543,26.268305,16852.94,95.0,0.0,0.849403,6.0,0,0,1
495.44858,54.0,54.0,120.0,400.0,60.0,199.84674,196.19894,509.00232,3715.115,87.65695,9.0,1.1347166,2.0,3,0,1
637.9167,54.0,85.0,8233.193,339.0,60.0,254.48381,0.0,0.0,138029.83,96.0,2.0,0.75,2.0,0,0,1
228.88107,54.0,84.0,119.0,106.948296,0.0,746.7575,171.03766,530.7298,2981.6355,95.0,0.0,1.1852962,2.0,0,2,1
367.27628,54.0,54.0,38214.508,288.0,111.0,100.22677,53.09913,35.413593,19298.023,106.96108,0.0,0.5,6.1928487,0,2,1
824.0815,54.0,54.0,83079.695,212.38547,60.0,368.02792,348.42703,595.6563,581.7421,81.0,5.0,1.07881,2.0,0,0,1
66.26609,54.0,91.0,91.0,624.0,60.0,618.95105,176.07655,501.25217,5764.751,172.32008,0.0,0.5,5.0,0,2,1
366.558,54.0,54.0,37086.125,1290.3352,54.0,160.20625,0.0,0.0,22270.45,84.0,11.0,1.1666666,2.0,0,2,1
633.27765,54.0,54.0,277117.6,622.31384,60.0,251.80817,116.38148,0.0,75307.18,212.4141,5.0,0.5,3.0,0,0,1
60.0,54.0,54.0,13832.967,147.8,60.0,498.46063,354.8109,625.33185,270.10718,94.0,0.0,0.6666667,4.0,0,0,1
97.0,54.0,54.0,105.0,1292.0,0.0,601.5625,0.0,0.0,35295.95,81.0,12.0,1.2222222,2.0,3,0,1
647.1449,54.0,54.0,140214.4,210.0,54.0,640.30347,459.5487,608.49426,354.50772,206.2471,0.0,0.9285714,2.0,0,0,1
121.0,66.0,54.0,152.0,216.0,90.0,100.0,395.8962,577.2386,1271.6854,99.0,0.0,1.0546588,2.0,0,0,1
409.08792,54.0,54.0,423196.53,1292.0,66.0,119.65588,213.36769,616.9054,450.83542,134.3382,9.0,0.5,3.0,0,0,1
509.6715,54.0,96.0,120.0,428.70615,54.0,195.97995,331.54922,595.1597,539.35284,105.588326,0.0,1.0979846,3.0,0,0,1
197.85127,54.0,54.0,12404.694,622.9187,60.0,134.66667,80.8492,526.33215,4083.1843,212.26324,0.0,1.2561179,2.0,3,0,1
512.10815,54.0,75.0,152.0,504.62778,60.0,163.51653,132.6152,504.73056,4614.3647,220.01581,0.0,1.0,2.9635808,3,0,1
77.47493,54.0,73.0,5059.025,506.03326,0.0,792.2461,60.212475,0.0,23862.346,108.55683,21.0,1.1818181,2.0,0,0,1
663.92633,54.0,54.0,74347.33,522.0,66.0,249.16774,105.03637,289.02164,13896.227,188.8789,0.0,1.2,4.0,0,0,1
408.30035,54.0,60.0,2454.0203,511.07224,60.0,195.08305,139.3695,0.0,96682.26,87.0,0.0,0.9314578,2.0,0,0,1
355.75607,54.0,54.0,171.077,329.72186,54.0,568.5593,0.0,0.0,55644.977,166.71141,0.0,1.2222222,2.0,3,0,1
67.01736,54.0,54.0,140269.53,535.70245,60.0,140.87404,97.52881,253.69333,15648.077,173.44035,4.0,1.094913,2.0,0,0,1
328.625,54.0,54.0,105.0,1267.0,54.0,688.0676,179.58977,0.0,74849.73,73.911964,17.456034,0.5,5.0,0,1,1
68.0,54.0,54.0,60.0,99.0,60.0,628.6748,457.6821,633.2476,219.16887,96.0,5.0,1.0909091,2.0,0,0,1
165.3093,75.0,60.0,286.0,288.0,63.0,142.0,70.41537,0.0,28384.932,267.31567,0.0,0.75,4.0,0,0,1
68.0,54.0,54.0,110127.44,96.0,0.0,704.6234,0.0,579.8143,1118.2264,91.0,2.0,1.0909091,2.0,3,0,1
393.6898,54.0,54.0,154.0,528.0,54.0,645.2452,0.0,0.0,27919.486,97.0,0.0,0.8,8.0,0,2,1
97.0,54.0,60.0,1331.8861,398.48077,91.0,216.0,110.417854,428.81833,9587.685,81.0,10.0,0.75,2.0,0,0,1
90.0,54.0,91.0,114.139145,618.0,66.0,134.66667,0.0,0.0,134678.92,102.0,11.0,1.3333334,2.0,0,0,1
89.0,54.0,54.0,60.0,828.4395,60.0,131.67838,307.8962,595.5412,454.8969,330.72284,0.0,0.07704622,20.0,0,0,1
850.1711,71.0,95.0,0.0,624.0,54.0,580.27277,0.0,0.0,23491.402,96.0,8.0,0.9553864,2.0,0,0,1
97.0,54.0,54.0,5293.8364,536.59607,60.0,566.2467,223.59367,537.08167,2535.0125,207.19154,0.0,1.1538461,3.0,0,0,1
68.0,73.9682,89.0,9726.423,527.42865,60.0,523.8608,222.11871,527.65356,3930.0461,96.0,0.0,1.2824693,2.0,0,0,1
491.45428,54.0,55.0,335.86703,509.67874,60.0,256.16635,246.53514,570.65247,2525.3066,217.29608,9.0,1.0769231,2.0,0,0,1
60.0,68.0,95.0,60.0,1292.0,54.0,581.6646,225.14207,622.3863,350.82495,177.07303,1.0,1.0769231,2.0,0,0,1
64.57563,54.0,54.0,204.0,369.31595,60.0,453.753,137.69713,507.34134,5303.4233,146.7,0.0,1.1666666,2.0,3,0,1
121.0,54.0,54.0,153.0,266.1953,91.0,134.66667,0.0,0.0,80494.89,75.4639,8.0,0.7654117,6.0,3,0,1
602.9167,54.0,71.0,3869.476,528.0,0.0,449.0057,0.0,0.0,134897.6,221.37505,0.0,0.5,12.0,3,0,1
92.47548,54.0,54.0,138.10823,522.0,54.0,640.09375,177.73975,545.6808,2857.495,194.75441,0.0,0.5800593,3.0,0,0,1
648.2483,54.0,85.18451,13794.265,102.0,60.0,405.63858,367.82175,595.1597,540.6567,99.46999,0.0,1.1,2.0,3,0,1
694.8736,54.0,54.0,153.0,351.1394,60.0,311.22928,0.0,0.0,33890.617,177.11984,0.0,1.0,2.0,0,0,1
426.53717,54.0,54.0,341.0,268.0,91.0,134.33333,72.057686,0.0,33056.195,89.0,7.0,0.5,3.0,3,0,1
442.92862,54.0,54.0,57910.613,617.0,60.0,132.10396,112.28263,460.28522,8139.233,157.40842,0.0,1.2223337,2.0,3,0,1
402.95648,54.0,95.0,146.0,301.0,60.0,653.2064,151.49004,513.87177,4343.297,97.0,0.0,0.5,8.0,0,0,1
134.90677,54.0,54.0,12137.102,301.0,66.0,138.22577,0.0,0.0,98664.34,236.58989,0.0,1.0,5.0,0,0,1
93.839745,54.0,73.0,223.39226,301.0,0.0,408.41025,68.62002,503.36594,5821.9976,211.50986,0.0,1.2,4.0,3,0,1
65.70736,79.0,84.0,111.0,115.59372,60.0,348.73972,0.0,0.0,135554.19,99.0,0.0,0.5,6.0,0,0,1
97.11167,54.0,54.0,4236.02,385.43436,60.0,450.87436,262.99124,575.40186,967.71497,173.23595,0.0,1.2,2.0,3,0,1
154.88277,65.0,54.0,152.0,528.54346,0.0,363.2812,2.70379,0.0,21095.576,211.66602,10.0,0.75,2.0,0,0,1
768.1667,63.0,95.0,10604.178,223.63965,54.0,601.85504,332.74435,595.6545,1892.2743,107.57112,13.0,1.0,2.0,0,0,1
811.3933,78.0,74.0,60.0,616.5375,54.0,681.2035,0.0,0.0,76589.74,95.14182,13.0,1.0714285,2.0,0,0,1
573.5476,54.0,54.0,116598.234,241.66423,60.0,580.11414,171.5016,553.74097,1932.7998,85.71159,0.0,1.1666666,12.0,0,0,1
108.90247,54.0,79.0,135.0,96.0,106.73201,160.125,0.0,0.0,72125.15,95.0,8.017244,0.8,2.0,0,0,1
341.0,54.0,54.0,7235.0,535.3662,0.0,652.51117,68.054436,0.0,65627.234,210.22322,0.0,1.2368476,2.0,0,0,1
691.0,54.0,54.0,0.0,515.2967,78.088066,103.666664,0.0,0.0,36206.367,142.66183,0.0,1.0,4.0,3,0,1
68.55742,62.82549,86.56893,155.0,242.80806,60.0,204.90828,319.93246,595.6651,2495.4617,184.48965,10.0,0.5,6.0,0,0,1
155.4181,54.0,54.0,67377.77,138.0,54.0,437.6701,0.0,0.0,55429.355,78.0,14.380069,0.6,3.0,0,0,1
462.58878,64.0,54.0,107878.85,268.0,54.0,645.2104,108.97413,348.07828,9642.611,156.3192,0.0,1.125,2.0,0,0,1
149.81459,55.0,54.0,2575.2837,321.7418,60.0,394.13635,75.44405,0.0,27118.736,79.0,9.0,1.1428572,2.0,0,2,1
652.8131,55.0,54.0,632221.56,198.32542,60.0,142.0,180.12248,542.0211,3226.4465,91.0,24.261942,0.5,4.0,0,0,1
131.71193,54.0,54.0,147.41183,703.9465,60.0,637.31946,220.69615,553.52356,1811.4221,252.79674,0.0,0.79555976,4.0,3,0,1
129.19919,54.0,89.0,7526.357,401.4195,66.0,160.09767,319.06512,612.33875,2059.097,100.38535,12.0,0.5,7.0,0,0,1
171.36551,54.0,55.0,5994.109,373.44046,67.29466,216.0,5.5885096,538.47943,3367.2998,101.128944,0.0,0.8,8.711122,0,0,1
843.78864,54.0,54.0,153.0,210.0,66.0,283.88608,0.0,0.0,128294.43,174.47842,11.0,0.9166667,2.0,0,0,1
111.0,54.0,54.0,420018.47,98.966644,60.0,479.41962,102.37497,240.07278,16446.904,84.0,12.0,1.0,4.0,0,0,1
491.80154,54.0,54.0,3938.603,589.1625,83.00767,136.32472,98.12105,308.51385,13493.577,96.0,0.0,1.0909091,5.0,0,0,1
111.0,62.0,95.0,60.0,1292.0,7.6226907,646.2347,246.35887,519.0075,3904.254,95.0,14.0,1.25,2.0,3,0,1
712.42566,99.0,91.0,0.0,138.0,89.015434,194.12035,0.0,0.0,101717.65,102.0,0.0,1.0769231,3.0,0,0,1
66.805984,66.0,97.0,10664.54,334.9111,60.0,328.74872,136.10583,555.3766,2554.7756,224.15157,0.0,0.8,3.0,3,0,1
138.0,54.0,54.0,171.46902,578.1441,54.0,687.82874,0.0,501.64102,6102.4033,212.35095,0.0,1.0,5.0,0,0,1
468.8051,54.0,54.0,1052673.4,107.0,68.0,134.66667,0.0,0.0,123637.91,77.85203,12.0,0.75,2.0,0,0,1
121.0,54.0,54.0,5053.861,572.8168,65.0,447.69757,242.21118,506.84607,4598.605,76.0,11.0,0.5,5.0,0,0,1
504.43964,54.0,73.0,222.0,515.35425,60.0,159.4157,249.33623,532.6575,2842.1372,84.0,11.0,1.2222222,2.0,0,0,1
119.0,54.0,54.0,277379.88,298.3544,54.0,608.0665,84.330246,344.61142,9467.821,107.0,8.0,0.5,6.0,0,0,1
83.46451,54.0,91.0,5293.398,342.84763,60.0,177.77899,397.44907,570.481,2097.3313,266.06735,0.0,1.0,5.0,0,2,1
592.5738,54.0,54.0,14226.012,286.86566,54.0,549.9,0.0,0.0,53191.8,174.48607,0.0,0.9004528,5.0,0,0,1
652.08185,54.0,54.0,270.0,536.0,60.0,152.76028,404.8894,574.1751,1803.3953,216.22769,11.0,0.6666667,6.0,3,0,1
457.0897,54.0,54.0,97.0,127.61919,67.0,204.20743,247.12984,595.6545,633.76575,94.0,8.0,1.0,2.0,0,0,1
686.78986,54.0,74.0,7066.6934,522.0,132.0,100.0,5.284957,0.0,105896.875,74.0,12.0,1.0,2.0,0,0,1
97.0,54.0,54.0,30732.994,223.60344,54.0,644.62384,11.901844,0.0,25195.396,102.0,0.0,1.2046492,2.0,0,0,1
67.751305,54.0,54.0,10303.81,157.52864,60.0,287.08075,0.0,0.0,25910.541,96.0,0.0,1.2,2.0,3,0,1
69.13621,54.0,54.0,208.0,514.0,60.0,161.18344,105.702225,432.50333,8053.285,202.76486,8.0,1.1208903,2.0,0,0,1
343.63547,54.0,54.0,17753.082,504.0,74.0,210.73048,169.71786,532.6698,7683.891,118.434814,0.0,1.2857143,2.0,0,0,1
494.70422,54.0,54.0,334466.22,195.5818,0.0,572.939,303.79425,631.0974,266.99872,97.0,0.0,1.0769231,3.0,0,0,1
154.96516,73.44447,98.57154,10525.412,139.23381,60.0,339.45978,135.52339,514.77075,5853.3496,115.73101,0.0,1.0232102,3.0,0,0,1
681.6171,54.0,54.0,60.0,206.0,66.0,256.55283,0.0,0.0,67263.69,89.0,0.0,0.932251,2.0,0,0,1
688.2489,54.0,54.0,16862.402,104.18683,60.0,445.76297,0.0,0.0,22175.484,85.0,6.0,0.6666667,6.0,0,0,1
126.22079,54.0,54.0,5202.5635,618.0,54.0,595.9424,0.0,575.6379,1049.293,450.06818,0.0,1.1,2.0,0,0,1
603.6218,89.0,96.0,60.0,204.65762,121.0,100.0,402.28827,568.9035,701.28156,99.0,0.0,0.5,4.0,0,0,1
68.293396,54.0,54.0,97.0,617.9457,66.0,138.0,137.7268,0.0,129342.86,96.370575,11.0,0.5,7.0,3,0,1
127.54888,54.0,55.0,5377.9736,408.87234,60.0,557.4727,0.0,0.0,63946.742,121.271706,11.0,1.2941177,2.0,0,0,1
123.0,54.0,54.0,5124.851,527.0675,60.0,308.3707,72.73321,78.71812,17701.617,166.97072,11.0,1.3069843,2.0,3,0,1
91.0,78.0,95.0,841.4994,504.9348,0.0,496.43344,0.0,0.0,117469.9,249.63074,0.0,0.10622451,16.0,3,0,1
105.385864,54.0,54.0,105.0,216.0,67.64215,142.0,205.61845,616.8643,1115.2599,161.18575,11.0,1.0769231,2.0,0,0,1
68.321434,57.50365,73.0,238.0,273.0,68.0,142.0,161.732,516.30475,3583.6846,74.0,13.0,1.1538461,2.0,3,0,1
846.89276,74.0,54.0,5035.9546,410.15567,66.0,120.333336,0.0,0.0,139785.19,142.98514,0.0,1.1666666,3.891902,0,0,1
754.78076,54.0,60.0,5178.4766,396.35947,64.0,127.14896,0.0,0.0,29503.215,222.48184,11.0,1.3636364,2.0,3,0,1
400.23367,54.0,54.0,5241.8286,281.38852,0.0,486.9676,91.1448,8.852301,19541.043,121.2368,0.0,0.5,7.0,0,0,1
97.0,54.0,54.0,441540.38,1271.0,60.0,549.9643,62.06202,0.0,26173.164,126.88867,0.0,0.5,10.0,0,2,1
68.0,55.0,96.0,7400.4565,528.0,66.0,293.41684,173.59882,506.93066,4711.1475,239.39226,13.0,1.0714285,2.0,3,0,1
144.63037,54.0,95.0,152.0,374.0,60.0,444.4143,0.0,0.0,26202.508,147.8,0.0,1.1428572,5.0,0,0,1
68.0,54.0,54.0,9421.0,206.0,60.0,430.5432,70.21966,616.8697,354.93283,122.85162,0.0,1.2,2.0,0,2,1
60.0,54.0,54.0,60.0,1292.0,60.0,529.8218,79.468216,0.0,27697.941,109.17744,0.0,0.5,8.0,3,0,1
109.97752,54.0,54.0,1295.0278,528.20044,60.0,524.8639,85.264885,485.76434,8087.611,101.3927,11.0,1.2,2.0,0,0,1
67.72463,54.0,71.0,5056.1025,512.1966,0.0,838.134,60.310455,57.021656,17690.305,119.65555,0.0,0.5,8.0,0,2,1
89.0,54.0,107.0,6943.1313,529.11664,68.0,116.0,92.642334,262.584,15172.509,196.68587,0.0,1.0714285,2.0,0,0,1
742.1374,54.0,54.0,60.0,1292.0,60.0,247.94696,161.90776,516.2455,4354.1475,96.515175,0.0,1.0,6.0,0,0,1
121.0,54.0,96.0,96.91822,536.0,60.0,553.06635,0.0,0.0,136939.34,112.63634,0.0,1.077473,3.0,3,0,1
362.5,54.0,54.0,125.0,604.7045,54.0,600.5606,388.77838,0.0,26569.053,103.33694,0.0,0.5,15.0,0,0,1
345.33334,54.0,54.0,132.0,988.45374,54.0,608.75867,161.732,0.0,53340.277,78.0,11.0,0.5,7.0,3,0,1
137.82619,54.0,54.0,5171.0,624.5741,60.0,507.10196,277.3083,595.1597,526.7437,511.61813,0.0,0.5,7.0,0,0,1
768.1667,54.0,54.0,140304.28,522.3078,66.0,258.1129,0.0,0.0,53382.258,115.75,13.0,0.9054376,2.0,0,0,1
105.55063,54.0,54.0,10523.376,979.7915,0.0,800.33527,0.0,0.0,44544.56,472.5599,0.0,0.75,5.0,0,0,1
89.142105,54.0,54.0,232.0,450.8703,0.0,337.77936,0.0,0.0,31478.875,275.16174,0.0,0.93570626,6.0,0,0,1
71.5,54.0,64.0,2626.2837,400.0,67.0,134.66667,239.10121,0.0,97065.195,96.0,0.0,1.1,3.0,0,0,1
120.49959,54.0,54.0,5159.2886,536.0,110.0,106.94732,208.42574,621.88196,323.14368,124.76436,0.0,1.0,3.0,0,0,1
512.22284,54.0,54.0,9125.8,536.0,110.06478,134.33333,431.38486,570.4436,671.07684,90.85081,0.0,1.1,5.0,0,2,1
406.9482,85.325386,78.0,145.84546,210.0,93.35409,160.125,116.13385,427.89432,11239.897,203.46236,0.0,0.5,5.0,3,0,1
406.89655,78.0,81.0,119.0,288.0,97.0,124.90641,170.54858,521.39655,3942.9375,108.80758,0.0,0.8,3.0,3,0,1
492.24628,54.0,54.0,10797.504,522.637,54.0,251.74632,137.65552,0.0,43699.152,90.90336,0.0,1.0884247,6.0,0,0,1
374.26318,78.0,94.0,60.0,528.0,54.0,142.0,86.7489,559.1408,2512.2383,122.8,0.0,1.2142857,3.0,0,0,1
640.15015,54.0,54.0,16368.553,533.7673,60.0,461.29022,0.0,0.0,40015.66,374.52216,0.0,0.5,10.0,0,0,1
361.21164,62.0,54.0,5056.8604,288.0,54.71779,167.06888,55.92187,0.0,22904.709,117.147606,0.0,1.1150029,6.0,3,0,1
488.94037,81.0,60.0,2866.9092,446.48502,54.0,609.6368,0.0,0.0,32776.9,424.05783,0.0,0.6,3.0,0,0,1
99.0,65.0,94.44647,135.0,206.0,60.0,100.16943,0.0,0.0,80500.9,200.33904,0.0,0.5,5.0,3,0,1
425.52173,54.0,54.0,9172.3,528.0,60.0,653.3146,0.0,0.0,25450.697,107.290924,0.0,0.5,6.0,0,0,1
60.0,65.0,54.0,3982.73,321.6436,54.0,580.5559,0.0,470.97592,13512.301,86.0,0.0,0.8,5.0,0,0,1
87.959526,66.0,76.0,90.45368,581.49615,60.0,649.1726,85.30482,353.81836,15322.934,91.0,12.0,1.0,2.0,0,0,1
419.15717,78.0,84.0,97.0,507.98895,80.0,168.56844,0.0,0.0,145087.03,182.22862,0.0,1.2079663,2.0,0,0,1
87.98782,54.0,96.0,16381.353,522.5954,60.0,506.99417,179.53404,539.63965,2527.0515,142.0,0.0,1.0,3.0,0,0,1
700.72736,54.0,54.0,254114.64,160.5304,60.0,445.5795,60.46472,0.0,96376.67,91.0,0.0,1.2,2.0,0,2,1
150.87825,64.0,54.0,11853.58,96.0,60.0,380.78177,0.0,0.0,31350.842,91.0,10.0,1.0,2.0,0,0,1
549.6826,54.0,54.0,133232.06,206.0,60.0,379.27353,0.0,0.0,102493.234,144.93657,12.0,0.5,8.0,3,0,1
66.631004,54.0,95.0,60.0,738.1245,60.0,258.2312,109.49825,252.43448,15279.231,105.49423,11.0,1.0769231,2.0,0,0,1
60.0,67.0,60.0,753.0,352.74625,60.0,142.0,91.19357,561.69415,1617.5695,312.55023,0.0,0.5,15.0,0,0,1
764.86725,54.0,54.0,7663.9634,271.8917,60.0,231.99937,152.28227,500.8408,5901.497,146.7,0.0,1.0702717,2.0,0,0,1
344.73334,54.0,54.0,139843.52,418.23978,60.0,134.07344,71.560394,261.7392,12928.776,332.78052,0.0,0.0,17.950222,0,0,1
712.2634,54.0,73.0,284.54413,522.0,60.0,560.6431,80.26336,0.0,18508.967,102.0,5.0,1.2,2.0,0,0,1
712.4058,54.0,54.0,9221.26,728.9823,60.0,515.3,70.23035,0.0,21203.549,223.04213,0.0,0.9,2.0,0,0,1
475.9613,54.0,86.29263,222.0,581.0,63.19735,239.6802,1.0304163,0.0,19322.398,91.332726,0.0,1.1666666,2.0,0,0,1
455.22064,96.0,79.0,285.1778,266.94098,66.0,165.93637,0.0,0.0,28402.803,206.0,0.0,0.6666667,3.0,0,2,1
618.64056,54.0,54.0,91.0,206.0,66.0,393.18912,426.8089,595.6545,449.07492,105.68329,0.0,0.9545303,4.0,0,0,1
744.75867,55.0,54.0,238.70827,513.868,60.0,416.0202,0.0,0.0,26821.203,205.50052,0.0,0.94183177,3.0,3,0,1
84.82016,54.0,54.0,140082.28,96.0,68.0,142.0,170.5638,456.83313,8199.176,85.0,11.0,0.5,5.0,0,0,1
669.714,54.0,54.0,2618.4907,374.0,54.0,605.2131,0.0,0.0,71809.91,236.472,0.0,0.5,4.0,0,0,1
764.5328,54.0,54.0,140219.4,609.56934,67.0,142.0,0.0,0.0,72812.43,200.37268,13.103549,0.98161954,2.0,0,0,1
603.1917,54.0,54.0,90.0,1292.0,0.0,689.03925,85.308014,356.61508,14559.639,450.034,0.0,0.5,14.0,3,0,1
599.72723,62.0,94.0,10532.609,517.69293,0.0,763.8318,0.0,396.69208,15105.837,95.0,0.0,0.6821441,17.0,0,0,1
879.56006,81.0,60.79945,4215.5215,404.68576,65.0,216.0,0.0,0.0,80434.0,71.2976,11.0,1.2,2.0,0,0,1
156.2743,54.0,54.0,9058.079,522.6274,60.0,287.08987,355.67746,541.33966,2526.6577,186.0,0.0,0.5,12.0,3,0,1
494.16922,54.0,54.0,9421.0,198.0,0.0,394.79773,0.0,0.0,42510.39,185.84326,0.0,1.2222222,2.0,0,0,1
519.9756,66.0,97.0,11394.653,216.0,60.0,263.8953,208.48955,497.97098,5308.855,205.17773,2.8312182,1.2348883,2.0,0,0,1
120.970825,54.0,54.0,254127.47,1292.0,80.69243,123.501045,91.706894,477.31943,6346.0044,456.22772,0.0,1.0714285,6.0,0,0,1
152.0,54.0,54.0,90.0,214.58806,66.0,263.16098,108.97413,0.0,108996.914,97.0,0.0,0.5,5.0,0,0,1
640.6963,64.0,54.0,120.0,216.0,65.0,142.0,0.0,0.0,23351.006,76.0,12.0,0.5,5.0,0,0,1
757.3006,54.0,54.0,5964.9185,624.0,60.0,416.26892,126.4817,0.0,25212.797,147.1,11.0,1.2,2.0,0,0,1
362.5,54.0,88.0,10328.632,274.0,66.0,230.7071,75.811905,31.140467,15137.01,211.84483,5.0,0.6,5.0,0,0,1
641.76324,54.0,54.0,423196.1,617.92053,64.0,233.7882,0.0,0.0,120901.35,143.7,21.0,0.5,9.0,0,0,1
272.2059,85.0,84.70199,0.0,404.5638,60.0,414.77274,0.17743649,57.77509,17107.123,96.00295,9.0,0.6666667,5.0,3,0,1
401.84323,54.0,54.0,20667.754,274.0,62.0,284.71948,86.92553,22.744825,16700.678,118.21472,0.0,0.9114919,17.914696,3,0,1
712.2651,54.0,54.0,120.0,1292.0,0.0,724.4316,179.8857,506.83762,4071.716,86.0,11.491696,1.2061691,2.0,0,0,1
439.7059,54.0,54.0,149.89375,296.78284,122.555374,97.540764,51.161358,0.0,20766.174,206.0,0.0,0.5,6.0,3,0,1
479.91742,54.0,54.0,132.0,1267.0399,66.0,134.33333,0.0,0.0,68287.13,81.0,0.0,1.1,2.0,0,0,1
154.0,54.0,54.0,2889.1292,691.84607,60.0,332.16205,45.25171,0.0,20547.457,458.0692,0.0,1.084142,15.0,0,0,1
66.0,66.0,64.0,1365.9025,277.53424,60.65148,199.83755,434.54617,566.71027,807.5987,96.0,0.0,0.5,6.0,0,0,1
208.0,54.0,54.0,15718.0625,206.0,0.0,894.0685,84.29995,0.0,56247.04,109.00213,0.0,0.5,5.0,0,0,1
549.7081,81.0,79.0,5180.0,457.014,0.0,272.18823,85.4982,0.0,41273.49,287.61813,0.0,1.0,22.323015,0,0,1
694.9512,54.0,54.0,17599.934,528.2704,66.0,138.0,0.0,0.0,24290.51,211.5778,0.0,0.75,5.0,0,0,1
97.923836,54.0,54.0,115.10573,274.0,90.0,107.666664,47.236855,0.0,21039.15,223.47475,0.0,1.0627342,6.0,0,0,1
177.55495,54.0,54.0,383526.22,212.32689,60.0,524.5451,0.0,0.0,49835.336,107.0,0.0,0.97654545,5.0,0,0,1
481.92477,54.0,96.0,16381.556,216.0,95.0,160.15562,0.0,0.0,113714.9,147.8,11.0,1.218139,2.0,0,0,1
60.932,54.0,54.0,121.0,330.80765,60.0,507.16476,0.0,0.0,98077.4,97.0,0.0,0.5,16.0,0,0,1
331.5476,54.0,54.0,103506.81,258.11255,60.0,572.8943,504.77316,616.47675,291.95367,197.64058,0.0,0.5,10.0,3,0,1
422.66708,54.0,54.0,179.0,274.0,60.0,478.51785,185.56392,618.6896,454.44324,181.27473,0.0,0.5,4.0,3,0,1
138.0,54.0,54.0,5084.0,452.61392,138.0,100.0,335.27783,0.0,105636.82,395.9314,0.0,0.5,11.0,0,0,1
144.0,64.0,62.202847,2204.791,511.57242,90.0,100.0,0.0,0.0,137192.61,179.0,9.0,0.5,5.1629987,0,0,1
102.01684,54.0,54.0,17736.402,1292.0,68.0,142.0,0.0,0.0,136945.83,105.96064,0.0,0.9285714,5.0,0,0,1
892.5184,78.0,54.0,152.0,361.78607,54.0,318.79672,68.08324,0.0,113244.85,66.0,10.0,1.0714285,2.0,0,0,1
120.97879,54.0,84.0,120.0,514.0,67.0,151.85213,0.0,0.0,59932.246,160.48198,0.0,1.1666666,2.0,0,0,1
119.0,54.0,102.0,20680.361,533.503,69.018845,110.0,60.93275,40.910545,20561.014,234.4277,0.0,1.2,5.0,0,0,1
91.0,64.0,54.0,341.25897,522.0,0.0,699.5886,363.41455,608.09064,323.1403,75.0,9.0,1.2940727,2.0,0,0,1
440.4337,54.0,96.0,0.0,373.10898,54.0,646.3829,106.334564,510.1584,4823.4907,96.0,0.0,1.2,2.0,0,0,1
900.5723,54.0,54.0,60.0,1292.0,60.0,394.18182,65.94472,54.302914,16290.019,117.14607,13.0,1.1666666,2.0,0,0,1
119.460014,54.0,54.0,5180.0,340.70987,97.060814,100.0,107.06171,622.5717,323.06955,147.1,0.0,0.5,13.0,0,2,1
372.1743,54.0,74.0,154.0,414.75653,0.0,293.37555,0.0,0.0,113722.38,92.0,0.0,1.1370622,4.0,0,0,1
91.0,54.0,91.0,4911.459,340.34,60.0,138.0,0.0,0.0,25103.426,129.415,0.0,0.5,11.0,3,0,1
60.0,54.0,54.0,5056.2783,342.7411,60.0,342.815,0.0,0.0,29125.941,267.5437,0.0,1.2222222,10.0,3,0,1
376.21536,87.53757,78.80505,180.0,280.62546,65.0,149.41846,0.0,576.0161,1452.8129,140.66837,0.0,1.1428572,2.0,0,0,1
109.88902,54.0,54.0,537949.5,618.0,0.0,286.6427,202.16582,514.61346,4296.786,119.43165,0.0,1.090966,3.0,0,0,1
111.0,66.0,87.82049,18738.746,268.0,89.0,131.33333,0.0,0.0,142376.33,106.0,0.0,1.0909091,2.0,0,0,1
154.53958,64.0,88.0,613.63605,268.32983,60.0,547.795,0.0,0.0,123229.92,91.0,0.0,1.2,2.0,0,0,1
302.4719,54.0,104.68753,7002.2266,567.0176,66.243454,136.30608,67.96217,0.0,20650.953,222.29268,0.0,1.0,4.0,0,0,1
106.30842,54.0,54.0,5184.468,318.26587,66.0,142.0,88.700584,461.37885,9301.155,130.0,0.0,1.1666666,5.0,0,0,1
602.9167,54.0,54.0,7096.65,528.7801,67.0,223.6933,208.61366,532.6547,3911.5776,342.08112,0.0,1.1538461,3.0,0,2,1
68.0,54.0,54.0,341.0,435.55203,60.0,445.6827,171.4849,570.02814,1462.4288,260.59448,0.0,1.2222222,2.0,3,0,1
382.75647,54.0,89.0,204.0,288.0,60.0,252.4554,0.0,603.1099,652.992,189.00404,0.0,0.5,3.0,3,0,1
731.01996,54.0,54.0,11165.53,91.0,60.0,418.30228,362.27875,608.06085,336.74823,74.0,5.0,1.1666666,2.0,3,0,1
97.54377,54.0,54.0,277272.12,138.34596,67.0,127.0,0.0,0.0,43607.242,75.0,11.0,1.0,4.0,0,0,1
82.36952,74.0,66.0,1008.0201,269.0,60.0,340.22443,170.5638,507.1454,8087.327,186.62029,4.0,0.5,6.0,3,0,1
125.0,54.0,54.0,161732.6,95.0,60.0,506.84457,70.78283,0.0,99396.7,89.0,20.584293,1.0,2.0,0,0,1
83.92441,62.0,79.0,2595.6077,301.0,60.0,260.61383,320.7207,595.1597,4574.823,143.6,0.0,1.0714285,3.0,0,0,1
134.73021,54.0,54.0,181687.36,368.24515,0.0,676.16895,249.48546,0.0,75323.01,210.0,0.0,0.5,5.0,0,0,1
77.1297,90.64588,92.0,10907.093,250.6609,54.0,619.9077,80.22809,74.19668,18444.5,95.0,0.0,0.6666667,4.0,0,0,1
90.0,68.0,55.0,5255.6665,318.11526,60.0,133.1995,68.00031,2.0236223,19258.553,182.08025,0.0,1.2,7.0,0,2,1
90.5135,54.0,54.0,20653.92,138.0,54.0,342.19803,281.0808,602.88965,449.00623,128.63264,11.0,1.0,2.0,0,0,1
129.0,54.0,54.0,423200.9,217.7083,60.0,470.25836,83.008995,243.7752,16879.094,102.07561,8.0,0.8,2.0,3,0,1
505.44128,64.0,81.0,91.0,624.0,60.0,619.4698,0.0,563.4328,1364.0826,89.0,10.420393,0.5,5.0,0,0,1
697.9173,54.0,54.0,12188.396,504.53345,74.0,121.93099,220.34885,0.0,72133.94,75.0,11.0,0.75,3.0,0,0,1
764.67395,54.0,54.0,1090610.5,340.0,60.0,314.70132,171.38611,505.23148,4847.291,97.0,12.0,0.95289207,2.0,0,0,1
60.0,54.0,54.0,26252.375,92.0,60.0,489.91904,81.636185,0.0,117073.05,89.0,0.0,1.2,5.0,0,2,1
450.64017,91.0,92.0,147.74652,237.63614,60.0,149.4723,97.935905,428.07938,9217.011,142.0,0.0,0.5,10.0,3,0,1
482.85455,85.0,81.0,121.0,206.0,66.0,394.13635,0.0,0.0,19704.334,124.18565,0.0,1.1428572,2.0,0,2,1
509.591,54.0,54.0,783161.75,206.0,67.0,150.55087,0.0,0.0,46279.23,95.0,0.0,0.5,7.0,0,0,1
83.76097,84.0,94.75311,5304.627,400.0,66.0,216.0,77.808815,20.647835,19057.44,99.0,7.0,1.0,2.0,0,2,1
95.0,54.0,93.63894,120.0,614.0,86.81468,114.0,90.33516,134.48293,13518.981,243.8,0.0,0.93087906,6.0,0,0,1
694.50275,54.0,89.0,6074.4023,521.8395,68.0,117.43576,76.0,0.0,20865.305,95.0,0.0,1.2142857,2.0,0,0,1
153.0,54.0,86.0,91.0,536.0,60.0,134.62782,0.0,608.0104,454.49442,112.502045,0.0,0.5,7.0,0,0,1
374.19543,66.0,91.0,4151.135,206.0,60.0,249.86963,435.3771,612.33875,448.80545,110.92398,11.0,1.0769231,2.0,0,0,1
92.62879,86.0,96.0,16288.571,617.0,60.730278,134.33333,0.0,0.0,27543.436,327.5511,0.0,1.25,2.0,0,0,1
71.20715,54.0,102.0,286.93805,143.7,65.420425,395.06195,0.0,0.0,16684.465,102.0,23.0,0.76266545,2.0,0,0,1
121.0,54.0,54.0,100935.52,977.835,95.45343,110.0,0.0,0.0,28268.703,563.2745,0.0,0.97595936,3.0,0,0,1
175.41507,54.0,54.0,4399.5913,395.58112,0.0,724.4774,70.31872,555.2953,2496.7024,138.14008,0.0,0.75,3.0,0,0,1
68.0,54.0,54.0,10589.982,1292.0,66.11775,116.0,91.026665,427.5639,8120.0684,143.6,10.0,0.5,3.0,0,0,1
356.1621,54.0,91.73251,135.34718,589.9468,60.0,250.26926,182.29749,0.0,109864.73,137.07945,0.0,0.9767021,5.0,0,0,1
392.68668,54.0,81.0,120.0,587.4951,64.0,222.17793,212.25246,523.05566,3337.3958,106.02386,11.0,1.0797317,2.0,3,0,1
550.0501,55.0,54.0,5240.0,522.0,60.0,130.66667,136.66852,494.9485,5363.5684,94.0,0.0,1.3307749,2.0,0,0,1
602.9167,54.0,54.0,138007.17,144.05325,54.0,598.94006,47.62412,0.0,21553.316,142.0,2.0,1.1659795,3.0,0,0,1
86.98088,66.0,91.0,110.38391,206.0,66.0,242.27997,108.97413,0.0,74357.42,122.8,0.0,0.5,5.0,0,0,1
88.47427,75.0,94.0,90.0,1291.4282,54.0,339.1355,95.75142,86.15355,16412.107,218.48737,0.0,1.0,7.0,3,0,1
145.5443,54.0,54.0,129.35756,142.15857,74.0,248.77785,349.00375,608.3032,426.5494,139.48639,12.0,1.2,2.0,3,0,1
97.0,54.0,54.0,277360.62,369.89264,60.0,394.1398,0.0,0.0,136959.97,94.0,0.0,0.6666667,5.0,3,0,1
71.85499,54.0,99.0,16578.295,342.77188,66.87799,141.95294,0.0,0.0,45571.332,160.59006,11.0,1.3620691,2.0,0,0,1
408.22095,64.0,55.0,1260.2109,288.0,60.0,333.12537,0.0,0.0,60802.176,74.0,11.0,0.5,5.0,0,2,1
688.8417,55.0,89.0,68.0,678.6374,0.0,462.81714,20.371038,0.0,25153.273,215.70204,0.0,1.0909091,2.0,0,0,1
191.38457,54.0,101.244095,9122.9,404.7627,66.0,156.18396,115.35388,0.0,29183.74,143.6,0.0,1.0,7.0,0,2,1
60.0,54.0,54.0,31.494291,1292.0,60.0,216.0,308.36746,594.9965,2110.9377,114.179474,0.0,0.91197103,8.0,0,0,1
138.0,54.0,71.0,270.07022,504.2966,77.333336,102.666664,151.38112,417.34283,9210.584,288.0,0.0,1.1148634,5.0,0,0,1
747.69727,102.0,96.54332,13802.135,177.93759,54.0,500.7692,0.0,0.0,36776.96,107.0,11.0,0.97505957,5.0,0,0,1
150.55243,54.0,54.0,103.923615,615.9107,60.0,238.10167,161.82405,514.3736,4710.7007,142.36565,0.0,0.8860424,3.0,0,0,1
637.9167,54.0,54.0,464.0661,564.9524,66.0,345.41415,0.0,0.0,142551.61,536.0,0.0,1.0282094,5.0,0,0,1
550.9659,79.0,60.0,2673.3833,514.0,54.0,636.75354,84.070946,446.03555,14105.024,287.96384,0.0,0.5,9.0,3,0,1
165.0,54.0,54.0,97.0,1292.0,63.0,230.96556,0.0,0.0,82515.61,91.0,0.0,0.5,5.0,0,0,1
65.5304,54.0,74.0,120.0,1259.9216,0.0,406.66492,75.63478,486.88705,6946.5596,94.0,12.0,1.1,2.0,0,2,1
77.88362,54.0,79.0,7235.0,339.0,0.0,633.04834,350.58923,595.714,386.91382,94.0,13.0,1.2,2.0,3,0,1
69.439026,54.0,93.58385,60.0,751.2792,0.0,425.91656,138.65051,467.07828,7879.048,210.24367,0.0,1.2162777,2.0,0,0,1
285.53134,54.0,74.0,136.60164,588.4247,60.0,189.03676,86.490814,0.0,93092.27,78.0,11.0,1.1477805,3.0,3,0,1
697.4152,54.0,73.0,283.91434,288.0,121.0,100.0,368.1791,572.65515,5183.4937,81.0,11.0,0.5,4.0,0,0,1
60.9518,54.0,54.0,84721.164,1292.0,60.0,581.0923,0.0,0.0,22828.256,211.07393,0.0,0.5,6.0,0,0,1
64.0,54.0,81.0,121.0,119.25764,60.0,329.7906,0.0,0.0,106018.555,107.0,0.0,0.5,13.666765,0,0,1
153.0,55.0,84.0,121.0,700.75916,54.0,607.374,46.475945,0.0,26438.135,116.97069,0.0,0.6,5.0,0,0,1
119.0,70.0,70.719055,898.65497,668.8956,60.0,154.3701,0.0,0.0,121491.83,400.0,0.0,1.0492982,3.0,0,2,1
400.56088,63.0,54.0,17319.06,522.0,68.0,121.17276,82.28611,483.5698,8174.433,79.0,10.0,0.6666667,2.0,0,0,1
509.49097,55.0,54.0,132240.38,1209.4297,87.73115,104.084496,0.0,0.0,65426.664,432.93613,0.0,0.75,9.0,0,0,1
60.0,54.0,91.0,16910.617,1283.9104,54.0,652.3448,0.0,0.0,138863.05,106.0,0.0,0.6666667,3.0,0,0,1
133.39622,65.0,60.0,753.0,342.5831,66.0,149.93484,0.0,0.0,25319.643,157.25488,12.0,0.6666667,2.0,3,0,1
344.95883,54.0,54.0,129.45801,731.2736,60.0,243.2631,0.0,0.0,25877.914,225.79114,9.0,0.5,4.0,3,0,1
140.22884,54.0,54.0,154.0,353.30844,6.688321,523.35657,0.0,0.0,63258.727,81.0,12.0,1.2222222,2.0,3,0,1
138.59473,54.0,54.0,5618.1772,360.27014,60.0,247.31897,0.0,0.0,72968.31,227.70058,0.0,0.5,18.0,0,0,1
599.1139,54.0,54.0,1090585.4,997.3297,66.0,285.16666,76.0,319.7405,11664.965,89.0,8.0,0.75,2.0,0,0,1
737.7931,54.0,54.0,11099.668,581.0,0.0,911.47156,0.0,161.33044,13357.115,124.769264,0.0,1.0769231,2.0,0,2,1
550.81604,90.48951,95.0,1320.7018,198.0,60.0,363.47583,0.0,0.0,61533.59,95.16308,0.0,1.0,3.0,0,0,1
105.0,54.0,54.0,235.10594,522.1335,54.0,614.6475,0.0,0.0,38490.973,94.0,11.0,0.5,5.0,0,0,1
757.1473,54.0,54.0,749851.5,1292.0,66.0,142.0,0.0,0.0,25068.334,107.0,0.0,0.9748237,3.0,3,0,1
546.7798,54.0,54.0,144.0,300.59937,66.0,256.46503,48.033386,84.29758,17194.44,142.0,0.0,1.2,5.0,0,0,1
666.03204,54.0,92.0,753.0,533.37,65.0,114.17056,71.00434,285.27216,16010.95,103.35311,0.0,0.57340723,14.0,0,0,1
630.75507,54.0,54.0,1089100.4,1292.0,0.0,560.91077,364.91022,0.0,22258.275,79.0,4.0,1.0877504,5.0,3,0,1
469.5294,54.0,55.0,224.78717,528.0,60.0,553.994,97.993996,456.8663,9439.197,138.0,0.0,0.6666667,3.0,0,0,1
691.1038,54.0,60.0,1313.3163,472.1008,60.0,430.5947,367.92038,601.14844,3736.3005,400.0,0.0,0.6666667,3.0,0,0,1
91.0,54.0,54.0,210.96454,374.0,65.0,330.27893,324.41852,609.45404,355.81857,330.8295,0.0,0.5,5.0,0,0,1
362.92725,54.0,54.0,125847.805,1292.0,60.0,216.0,53.84793,106.889084,16411.736,69.2859,25.995451,0.5,3.0,0,2,1
144.91321,54.0,54.0,157.20145,268.0,0.0,459.39957,333.70517,0.0,23057.232,143.6,4.0,1.1512196,5.722179,0,0,1
121.0,54.0,54.0,7513.334,320.0713,60.0,615.34247,116.29605,297.02054,13860.442,143.6,11.0,0.6,2.0,0,0,1
505.29523,54.0,84.0,91.0,137.49124,60.0,467.59644,16.978106,612.33875,1389.2322,84.0,0.0,0.6666667,8.0,0,0,1
67.0,54.0,95.31481,179.0,183.93823,60.94911,151.23685,62.213276,19.883299,21071.443,151.84009,0.0,1.1666666,3.0,3,0,1
68.82589,54.0,54.0,2826.2036,514.60223,60.0,397.64865,53.21411,0.0,25546.65,105.57941,0.0,1.0738398,4.0,0,0,1
359.83496,64.864426,75.0,171.0,280.26996,60.0,319.15912,0.0,0.0,56891.926,110.92415,0.0,1.2,12.0,0,0,1
345.25842,54.0,74.0,152.0,274.0,64.0,134.33333,0.0,0.0,19091.018,211.45586,0.0,1.0984101,8.0,0,0,1
549.4356,54.0,73.0,5075.0,421.13507,66.0,273.73685,76.0,506.863,4707.4165,223.64453,5.0,1.2228386,2.0,3,0,1
687.8964,54.0,60.0,955.5011,398.4031,65.0,184.20667,0.0,0.0,136567.5,94.3682,0.0,0.5,5.0,0,0,1
240.98283,54.0,54.0,4700.2812,376.09882,66.0,116.160995,91.368355,74.32714,17692.865,142.65993,0.0,0.5,5.0,0,0,1
691.0,54.0,54.0,17692.236,1267.0,60.0,604.57855,75.49871,0.0,28382.406,198.59785,0.0,1.0,7.0,0,0,1
637.9167,54.0,75.620804,144.0,300.36084,68.0,100.0,76.85739,246.21764,15105.197,109.05859,0.0,1.2222222,2.0,0,0,1
71.5,54.0,77.0,7655.407,504.90378,60.0,450.1871,243.33328,0.0,85090.2,85.0,0.0,1.0,3.0,0,0,1
836.4111,54.0,91.0,105.0,206.0,119.12035,115.77047,5.656854,0.0,23472.717,127.5917,2.0,0.75,3.0,0,0,1
546.7287,54.0,99.0,0.0,240.20515,54.0,713.0554,161.732,468.25085,7880.524,142.0,0.0,1.0274216,8.0,0,0,1
486.15637,54.0,54.0,304.0,535.17035,60.0,619.0429,158.40024,622.47766,426.12097,143.6,16.0,0.75,2.0,0,0,1
121.0,54.0,54.0,60.0,210.0,121.0,100.0,330.95932,553.1047,3930.8977,177.11917,21.0,0.5,6.0,0,0,1
701.69824,54.0,78.0,5171.0,396.69366,89.0,241.17836,0.0,0.0,75014.12,96.239815,0.0,0.5,5.0,3,0,1
356.77405,55.0,54.0,108.0,342.8454,108.278015,113.666664,0.0,0.0,44621.074,78.0,11.0,1.0,2.0,0,0,1
602.44507,54.0,54.0,60.0,624.18317,64.0,185.27327,0.0,0.0,49707.324,76.867935,8.0,0.9519096,2.0,0,0,1
68.0,54.0,54.0,9737.064,534.0,60.0,416.5244,472.1424,596.2316,427.87042,99.11214,0.0,1.1548098,2.0,3,0,1
60.0,54.0,54.0,97.0,322.7613,0.0,687.0569,350.338,612.80475,426.06555,243.8,0.0,0.5,17.0,0,0,1
756.8753,54.0,79.0,12678.232,532.83905,65.0,216.0,132.28749,427.2539,8197.864,97.0,0.0,1.2222222,2.0,0,0,1
122.494255,79.0,81.0,9374.627,691.0791,60.0,106.0,0.0,0.0,42827.32,178.5488,0.0,0.5,5.9904237,0,0,1
395.41907,54.0,54.0,192692.88,612.74426,66.0,122.38055,137.74075,513.7945,5373.614,556.84534,0.0,0.9,4.0,0,0,1
293.8698,54.0,54.0,90.0,207.3627,54.0,436.24902,465.02295,595.65485,1325.1018,204.23605,0.0,1.1666666,2.0,3,0,1
708.8859,72.09678,54.0,5171.0,268.0,60.0,631.8045,135.79982,561.149,4595.002,214.29115,0.0,1.2,11.759859,3,0,1
287.1154,67.0,60.0,2424.399,405.155,60.0,652.43463,0.0,569.2033,1783.4801,68.005196,14.696564,0.5,6.0,0,0,1
652.95734,54.0,74.0,153.85423,210.49686,66.806206,136.9206,50.752056,58.369972,16290.264,196.10078,0.0,0.5,13.35119,0,0,1
99.0,54.0,54.0,460333.53,143.57445,66.0,216.0,0.0,0.0,143538.73,92.0,0.0,1.0774769,8.0,3,0,1
549.7056,54.0,54.0,98.07406,268.0,66.0,393.35712,270.51218,595.1597,549.22394,170.73442,0.0,1.1583798,2.0,0,0,1
650.45496,55.0,54.0,174.47739,402.57568,66.0,178.10913,0.0,0.0,135511.27,87.68377,0.0,1.2222222,2.0,0,0,1
362.86615,54.0,54.0,60.0,522.0,120.357056,99.06346,86.034676,507.68246,4822.3354,106.35968,0.0,0.6666667,3.0,0,0,1
60.0,63.0,71.15538,0.0,99.0,54.0,445.68692,0.0,0.0,51694.484,91.0,12.0,0.55191845,5.0,0,0,1
69.9276,54.0,54.0,10992.95,522.96436,60.0,354.87302,0.0,0.0,155620.33,107.0,0.0,0.9,5.0,0,0,1
82.816284,54.0,54.0,155540.81,1434.3986,68.0,134.64117,0.0,0.0,72149.51,127.954956,8.0,1.0,2.0,0,0,1
688.62036,54.0,54.0,212.28906,536.0,60.0,328.95227,211.42645,542.7941,2773.9778,84.0,4.0,0.75,3.0,0,0,1
107.91658,54.0,73.0,171.68927,581.7294,71.333466,120.277794,0.0,0.0,56883.863,79.0,0.0,1.2222222,2.0,3,0,1
165.0,78.0,96.0,60.0,1261.183,60.0,355.53397,0.0,0.0,20742.357,211.4507,11.0,1.2666667,2.0,0,0,1
109.98621,54.0,54.0,138.0,342.53723,74.0,120.62137,0.0,0.0,45588.63,145.52562,0.0,0.5,6.0,0,0,1
68.0,88.10206,88.0,10563.17,1292.0,60.0,137.45804,170.83228,395.51614,8070.2397,182.64589,0.0,0.8,4.0,0,0,1
810.9262,54.0,54.0,138.0,400.0,60.0,248.16203,84.32555,362.87592,14772.468,91.88372,0.0,1.0769231,3.0,0,0,1
330.30432,54.0,96.86378,0.0,1292.0,60.0,646.7326,70.52449,16.499159,21256.168,101.40918,12.0,1.25,2.0,3,0,1
341.0,54.0,96.0,97.0,1291.3755,97.0,110.325195,318.04974,610.90234,3453.0745,203.57657,2.0,1.0714285,2.0,0,1,1
97.0,54.0,89.0,287.8715,268.0,88.0745,103.06572,0.0,542.2548,2854.9656,96.186005,8.0,1.0,2.0,0,0,1
97.01219,54.0,54.0,871.8592,268.0,0.0,647.3064,77.73012,0.0,54742.027,187.70184,13.0,1.2,2.0,0,0,1
697.214,54.0,54.0,5171.0,318.21942,60.0,266.1772,109.83246,424.35577,9824.532,92.0,0.0,1.2,2.0,0,0,1
702.14734,54.0,54.0,171.0,402.17865,65.0,154.82114,0.0,0.0,50437.81,143.7,0.0,0.8,5.0,0,2,1
683.47217,54.0,101.320625,239.34586,274.0,71.86121,250.23431,0.0,0.0,74738.28,198.29079,10.0,0.82461184,2.0,0,2,1
699.445,55.0,54.0,129.97191,341.07718,60.0,327.8503,53.99924,0.0,118553.984,91.0,0.0,1.0909091,2.0,0,0,1
436.37048,54.0,54.0,180.0,373.37256,60.0,589.2611,62.934925,0.0,48442.008,69.14331,16.0,0.5,7.0,0,0,1
130.0,54.0,54.0,32161.71,339.80606,60.0,414.79102,283.7831,507.67157,5263.16,138.0,5.0,0.5,5.0,0,0,1
475.62802,54.0,89.0,123.0,145.51343,85.05326,148.2798,432.24176,570.80225,1297.3588,102.0,0.0,1.1162134,10.0,3,0,1
71.33315,66.0,97.0,11497.891,268.0,60.0,342.9466,0.0,0.0,32778.715,122.13931,0.0,0.75,3.0,0,0,1
68.0,54.0,54.0,222.0,339.93777,66.0,110.0,0.0,0.0,56896.46,86.0,11.0,1.0715462,2.0,3,0,1
459.45337,54.0,54.0,15461.071,615.61127,66.0,189.70576,433.0705,590.6105,2049.2195,208.10439,0.0,1.1590798,2.0,0,0,1
95.0,54.0,54.0,112166.164,288.0,78.40622,112.11165,0.0,0.0,60801.434,87.03646,12.0,1.2142857,2.0,3,0,1
105.06384,91.0,78.0,0.0,518.8559,65.0,121.20794,107.70498,557.82947,1929.4071,101.07548,10.0,1.240822,2.0,0,0,1
349.8921,80.07525,74.82055,152.0,398.14264,60.0,155.30312,0.0,0.0,127768.58,96.0,0.0,0.5,8.0,0,0,1
764.75433,96.94853,107.0,155.0,271.69568,60.0,681.62714,394.3037,618.2977,291.23904,224.7064,0.0,0.75,3.0,0,0,1
640.7706,54.0,54.0,91.0,1292.0,60.0,448.08893,137.72604,493.5411,5297.148,267.20807,0.0,1.1,6.0,0,0,1
688.0904,54.0,54.0,9204.837,216.0,60.0,365.79172,250.04442,568.1608,1207.4441,198.0,0.0,1.25,2.0,0,0,1
712.261,66.0,87.55727,10551.772,572.61035,68.0,131.33333,0.0,0.0,63654.332,288.0,0.0,0.5,3.0,0,0,1
60.0,54.0,54.0,15104.841,1292.0,60.0,252.09966,69.97212,0.0,38754.633,105.705574,0.0,0.9348732,6.0,0,0,1
422.3263,95.0,99.0,120.0,216.0,80.0,134.33333,0.0,0.0,46474.43,216.0,0.0,0.5,4.0,0,0,1
72.46845,54.0,54.0,250378.05,816.7792,60.0,144.25525,132.38654,506.8501,4135.8857,97.0,0.0,1.25,2.0,0,2,1
148.0,55.0,91.0,138.0,375.89386,60.0,523.55914,51.634384,0.0,23325.137,96.0,0.0,1.2,2.0,0,2,1
60.0,78.0,91.0,0.0,1292.0,60.0,251.35316,108.11293,412.59064,8193.832,96.0,0.0,0.93041426,3.0,0,0,1
691.0,54.0,54.0,121.0,216.0,64.0,330.30304,127.344925,495.10873,5320.1216,94.078636,8.0,1.0927113,2.0,0,0,1
435.25522,54.0,54.0,121.0,580.06573,60.0,375.91855,0.0,0.0,29164.506,218.51552,0.0,1.1666666,2.0,0,0,1
691.2432,54.0,54.0,108.0,533.0724,121.0,103.666664,0.0,0.0,100342.95,74.0,10.0,1.125,2.0,0,0,1
813.5009,54.0,54.0,19852.14,624.0,66.0,286.44934,0.0,0.0,49881.508,144.19173,8.0,1.3001266,2.0,0,0,1
507.4172,96.0,97.0,17212.719,1292.0,89.0,111.53482,236.571,0.0,31682.252,107.0,0.0,0.8,6.0,3,0,1
362.5,61.358578,54.0,32626.887,1292.0,66.0,164.0,84.00389,613.73773,443.78558,705.2145,0.0,0.5,20.0,0,0,1
152.54977,54.0,54.0,156599.55,216.0,16.001234,518.6033,0.0,0.0,146704.06,143.36617,0.0,1.0,7.0,0,0,1
375.77576,54.0,60.0,465.21536,522.0,60.0,479.44968,60.70395,35.435215,15224.303,129.9518,0.0,0.5384947,10.0,3,0,1
604.0599,54.0,74.0,9287.33,386.23447,66.0,198.39313,76.0,0.0,25919.965,91.575554,10.0,1.1305774,2.0,0,0,1
89.60009,54.0,54.0,17097.973,815.5908,0.0,645.4251,245.19485,494.31064,5549.134,96.0,0.0,0.5,12.0,0,0,1
99.0,89.0,94.0,204.0,183.96255,89.10921,116.0,0.0,0.0,114524.42,106.970116,0.0,0.5,15.0,0,0,1
125.0,54.0,54.0,5246.237,400.0,74.0,213.6618,180.46194,621.813,323.06918,167.43175,0.0,0.5,6.0,0,0,1
365.0889,54.0,60.0,4691.5415,341.10278,60.0,331.93292,0.0,0.0,93589.75,98.96201,0.0,0.75,4.0,0,0,1
68.87425,54.0,54.0,60.0,529.066,54.0,222.02335,101.105194,291.2375,14676.419,299.99835,0.0,1.1818181,3.0,0,0,1
350.05884,54.0,54.0,19378.555,512.1051,0.0,645.0414,0.0,0.0,54534.145,351.23456,0.0,0.84047717,5.0,0,0,1
344.73334,54.0,79.0,2963.8855,299.44324,80.0,158.20695,56.41495,0.0,143699.61,96.0,0.0,1.0,5.0,3,0,1
60.0,54.0,54.0,489.0584,529.0,60.0,387.8271,164.0127,0.0,25979.938,154.76909,0.0,0.5,18.0,0,0,1
549.5947,97.0,95.0,13926.753,625.0,54.0,552.09686,0.0,0.0,119826.6,105.603134,12.0,0.5,3.0,3,0,1
60.0,54.0,54.0,109563.65,1131.0162,54.0,632.7624,98.00235,53.657608,19145.11,119.25983,0.0,1.2149175,7.0,0,0,1
469.27216,89.0,106.33037,39119.945,210.0,89.95988,160.0476,85.44919,492.07635,12096.994,138.0,0.0,0.8444413,6.0,0,0,1
94.3577,54.0,54.0,0.0,400.0,60.0,394.13635,137.73372,551.6214,5261.881,238.88728,0.0,0.0,21.75292,0,0,1
89.0,54.0,54.0,728738.25,342.76468,0.0,746.8185,0.0,0.0,117549.37,264.50488,0.0,0.5,14.030312,0,0,1
128.35406,54.0,91.0,60.0,268.0,66.0,185.75473,161.732,483.79993,7049.625,147.15862,0.0,0.5,16.04481,0,0,1
549.1556,54.0,54.0,204.0,145.80598,54.0,619.754,0.0,0.0,78448.375,142.0,12.0,1.0319657,2.0,0,0,1
60.0,54.0,54.0,150.96788,1214.7637,60.0,416.76678,85.43989,0.0,113552.56,204.33002,0.0,0.75,5.0,0,0,1
695.4679,54.0,85.0,117.98338,216.0,68.0,112.333336,0.47140452,0.0,191780.64,85.0,11.0,1.1413215,2.0,0,0,1
156.0,54.0,54.0,120.0,344.17657,60.0,465.41183,335.25366,553.5643,3709.5288,211.68237,0.0,0.8,3.0,3,0,1
146.0,54.0,54.0,263.2172,400.0,60.0,394.13635,0.0,0.0,54380.32,105.6,0.0,1.1417818,6.0,0,0,1
546.7562,54.0,54.0,120.0,616.8222,60.0,536.6415,468.31042,627.5232,218.1164,170.98157,0.0,1.2196769,2.0,3,0,1
760.31946,54.0,54.0,13183.016,1292.0,60.0,601.1239,84.81635,494.24564,12006.144,161.92538,11.0,1.0909091,2.0,0,0,1
367.27554,76.0,96.0,60.0,142.0,150.16832,96.333336,105.66486,0.0,29663.441,121.40815,54.68267,0.5,3.0,0,0,1
463.6705,64.0,54.0,138.0,401.4967,60.0,160.19911,141.41978,513.5942,4658.9424,160.75172,11.0,1.0,2.0,0,0,1
269.03806,54.0,73.0,3186.697,269.0,121.37618,104.87323,330.4857,512.05786,4298.7915,75.0,21.109941,1.0769231,2.0,0,0,1
89.0,54.0,54.0,5171.0,302.6295,60.0,445.69952,448.36105,575.7607,1112.0369,105.6,12.0,1.25,2.0,0,0,1
155.0,54.0,54.0,2831.7612,374.0,66.0,210.12387,160.7317,518.0286,3495.3938,243.01317,0.0,0.75,3.0,0,0,1
406.3989,54.0,54.0,120.0,1292.0,60.0,549.8184,360.23828,612.33875,425.95276,142.93108,0.0,0.5,12.010988,0,0,1
125.0,64.0,73.0,267.12775,333.5607,60.0,126.333336,171.38611,595.6198,1135.0415,198.284,8.0,0.5,6.0,0,0,1
688.32916,54.0,60.0,3492.966,360.95938,60.0,304.6739,84.080574,0.0,19321.73,318.6678,0.0,1.1750542,4.0,3,0,1
376.36646,62.0,54.0,3995.6438,321.9078,60.0,148.9386,0.0,0.0,27708.76,95.0,12.0,1.0634419,2.0,0,0,1
363.14285,66.0,60.0,226.19952,462.78015,60.0,368.11356,0.0,0.0,91350.37,184.1256,11.0,0.8,3.0,0,0,1
153.0,54.0,54.0,7155.115,322.93988,60.0,636.93787,197.32233,0.0,32553.873,78.0,11.0,0.95590174,3.0,0,0,1
702.48785,64.0,60.0,5082.493,522.0,123.0,100.0,357.81595,612.33875,657.18896,100.80314,0.0,1.1205021,9.0,0,0,1
78.684204,55.0,54.0,5029.126,294.98407,54.0,251.27863,0.0,0.0,76649.93,92.0,0.0,1.1451629,3.0,0,0,1
67.920815,54.0,54.0,7985.9824,535.5134,60.0,443.9055,278.48474,595.6545,701.2149,243.12262,0.0,0.5,15.0,0,2,1
307.4372,54.0,54.0,55173.207,243.70128,0.0,823.4487,0.4748115,0.0,25085.209,101.0,0.0,1.0,7.8466473,0,0,1
480.61963,54.0,54.0,705967.9,147.00056,60.0,450.86993,113.798134,243.157,14824.309,91.0,0.0,0.6666667,7.0,3,0,1
60.0,89.0,97.0,0.0,1292.0,60.0,474.09802,0.0,0.0,29796.611,107.0,0.0,0.5,8.0,0,0,1
704.0806,75.0,84.0,0.0,529.51746,60.0,511.17407,0.0,26.218224,18424.158,97.0,8.0,1.0909091,2.0,0,0,1
88.64402,74.0,73.0,232.0,374.0,65.0,159.37404,0.0,0.0,33403.043,243.86426,0.0,1.25,2.0,3,0,1
139.76831,54.0,54.0,253090.67,1269.6614,64.0,269.14853,308.7372,595.1597,454.4376,96.86299,0.0,1.1,5.0,0,0,1
132.0,54.0,54.0,61034.832,223.72125,60.0,285.32654,0.0,0.0,25579.02,92.0,2.0,0.5,5.0,3,0,1
229.15714,54.0,79.0,8043.345,529.18866,0.0,644.9743,475.28143,597.55536,370.23306,102.0,0.0,1.0,15.0,3,0,1
97.0,54.0,54.0,9053.959,184.80101,0.0,788.87787,0.0,0.0,33141.445,92.0,0.0,1.0,5.0,0,0,1
132.0,54.0,81.0,208.40854,253.40746,67.0,289.8398,111.05292,0.0,89736.016,91.0,0.0,1.2,2.0,0,0,1
811.821,66.0,54.0,7235.0,518.4405,68.0,255.22015,0.0,0.0,29201.498,110.96857,0.0,1.0,2.0,0,0,1
60.0,54.0,91.0,0.0,528.248,60.0,654.92786,0.0,0.0,61938.062,96.0,0.18751085,0.6666667,5.0,0,0,1
362.5606,54.0,54.0,37685.06,342.1211,60.0,449.29477,0.0,0.0,61018.88,160.59953,3.208269,0.941019,2.0,0,0,1
135.0,54.0,54.0,108628.22,1292.0,0.0,972.9547,0.0,0.0,36950.7,142.0,0.0,1.25,2.0,0,0,1
602.17737,54.0,54.0,100.59236,580.9171,60.0,495.47046,152.10065,0.0,26796.467,89.0,7.0,1.2,2.0,0,0,1
323.57883,67.0,102.0,0.0,214.14575,0.0,798.2877,136.10583,432.50964,10021.355,178.73926,0.0,1.1422753,13.0,0,0,1
546.7837,54.0,85.0,109.41271,288.0,60.0,380.3571,401.76556,550.1719,2457.893,146.7,0.0,1.0,3.0,0,0,1
90.0,83.0,96.54928,12131.43,348.55988,0.0,653.3659,0.0,0.0,55138.082,97.0,0.0,0.5,21.716328,0,0,1
656.18335,54.0,54.0,111.0,268.0,0.0,799.3697,516.5122,628.85364,220.74661,105.6,11.0,0.75,5.0,0,0,1
615.16534,54.0,54.0,8224.798,203.41533,54.0,263.6097,0.0,0.0,59309.504,162.41322,0.0,0.18131843,14.0,0,0,1
607.6066,54.0,54.0,12286.561,406.4057,60.0,451.00928,79.25417,0.0,44701.01,91.0,0.0,0.5,6.0,0,0,1
444.54504,54.0,54.0,277594.5,1267.0,68.0,114.8342,0.0,0.0,119473.88,160.51572,0.0,0.6666667,3.0,0,0,1
438.14816,54.0,73.0,2810.7898,274.0,0.0,288.46866,0.0,0.0,37181.363,95.0,0.0,0.8,3.0,0,0,1
119.96565,55.0,54.0,9950.526,413.03552,82.87915,122.287415,339.05838,506.9984,6224.9087,91.0,0.0,1.0723494,2.0,0,0,1
121.0,54.0,54.0,10071.416,510.4001,68.0,116.944435,46.378735,0.0,21471.678,236.8274,0.0,1.0241143,5.0,0,0,1
66.12442,54.0,54.0,91.0,216.0,60.0,455.94662,70.13008,0.0,14731.871,215.47498,0.0,0.8309568,12.213772,0,0,1
698.0982,54.0,54.0,15257.386,107.0,64.0,156.2832,91.35776,261.8486,10161.973,91.26521,11.0,1.2,2.0,0,0,1
114.07059,64.0,54.0,2597.5137,339.0,60.0,232.59906,0.0,0.0,36189.72,99.78283,0.0,0.5,5.0,0,0,1
676.7684,54.0,54.0,17664.096,504.76395,65.0,243.09787,0.0,0.0,72959.766,155.43745,0.0,1.2,2.0,0,0,1
699.61017,54.0,54.0,7550.4067,536.0,89.0,103.666664,0.0,0.0,28383.557,153.21901,0.0,1.099877,2.0,0,0,1
470.74072,55.0,81.0,105.0,1292.0,60.0,469.01648,0.0,0.0,29244.719,211.7142,11.0,1.2,2.0,0,0,1
774.08276,54.0,54.0,578154.9,617.06946,60.0,504.37845,0.0,0.0,129211.33,84.1653,0.0,1.25,2.0,0,0,1
705.38446,66.0,96.0,3005.8547,197.8363,64.0,301.5982,0.0,0.0,142333.81,106.96466,0.0,1.2,5.0,3,0,1
222.0,54.0,71.0,2419.234,369.94705,60.0,254.47072,46.58389,0.0,22453.775,143.6,0.0,0.5,8.0,0,0,1
68.075874,75.0,91.0,91.0,612.23676,60.0,284.7778,0.0,0.0,24518.668,238.54843,11.0,1.069006,2.0,3,0,1
67.58985,54.0,60.161827,465.0251,274.0,54.0,572.87665,80.08045,0.0,22280.248,78.0,0.0,1.2,2.0,0,0,1
135.0,64.0,64.0,3982.192,294.7239,65.0,254.61873,0.0,0.0,127905.91,79.0,10.0,0.5,6.0,0,0,1
87.00237,54.0,73.0,180.0,438.25818,60.0,553.06366,0.0,0.0,27774.275,74.0,10.0,0.68554217,2.0,0,2,1
89.0,84.0,92.0,113.893936,107.0,65.613785,258.7009,0.0,0.0,35825.21,95.0,0.0,0.5,5.0,0,0,1
476.59756,67.36333,54.0,7235.0,617.0,60.0,526.43945,52.94234,513.42,4294.1587,224.15462,4.0,1.1541514,2.0,0,0,1
121.0,60.0,73.0,545.10376,339.0,66.10388,118.03838,60.803852,0.0,26150.805,86.0,0.0,1.1384072,5.0,0,0,1
60.922028,54.0,86.0,110.0,919.164,54.0,448.85635,3.316206,0.0,25619.475,191.46544,12.0,1.158284,2.0,0,0,1
699.5161,54.0,73.0,181.67645,528.0,60.0,255.32758,67.97147,81.29696,16595.87,97.0,11.0,1.2,2.0,3,0,1
691.0,54.0,54.0,18653.576,143.94019,60.0,329.15768,211.82065,504.77847,5425.4565,91.0,0.0,1.2,3.0,0,0,1
67.38873,66.0,97.0,7426.5796,266.0,66.0,149.11028,82.22285,456.62817,10265.071,102.0,11.0,0.6666667,3.0,0,0,1
184.00671,54.0,73.0,3889.2688,268.0,60.0,467.93756,83.018196,0.0,45369.242,96.0,0.0,1.0236183,6.0,0,0,1
360.17468,54.0,54.0,8288.401,580.9094,0.0,746.89514,324.3818,609.91266,357.4229,105.01655,0.0,0.8,4.0,0,0,1
344.0,54.0,79.0,0.0,217.7224,89.0,130.66667,0.0,0.0,56897.46,99.0,1.0,0.5,5.0,0,0,1
546.76855,64.0,71.0,410.45,330.78998,64.0,284.18756,441.11493,595.6545,451.41565,274.0,0.0,0.5,23.089693,3,0,1
67.0,91.0,81.0,121.0,96.9305,65.861565,216.81458,249.71811,568.4875,5316.1147,96.0,8.0,1.214634,2.0,0,0,1
61.209538,54.0,54.0,9474.107,267.80997,0.0,740.2972,0.0,0.0,64424.195,231.9553,11.0,1.0,2.0,0,2,1
60.0,54.0,54.0,54572.81,536.0,60.0,260.91483,180.33952,536.91766,3475.6414,96.0,0.0,1.1061519,7.9413457,0,0,1
331.85022,54.0,54.0,17342.062,1292.0,63.0,156.5359,91.35776,128.47208,12424.621,156.48346,0.0,0.5,6.0,0,0,1
672.6141,62.0,54.0,6392.616,268.0,66.0,121.144806,51.08104,0.0,153512.77,88.0,0.0,1.065669,2.0,0,0,1
67.0,54.0,54.0,21758.219,414.1694,65.94298,134.33333,0.0,0.0,72510.75,128.0,5.0,0.6666667,2.0,0,0,1
84.079636,64.0,54.0,5293.3867,288.0,60.0,243.44012,0.0,0.0,77808.37,147.43776,4.0,0.9285714,3.0,0,0,1
66.0,55.0,96.0,60.0,530.4082,60.979702,135.15416,0.0,0.0,75370.31,123.151146,0.0,0.5,6.0,0,0,1
592.7141,54.0,54.0,37696.836,178.57465,56.65173,328.33856,0.0,0.0,21582.871,107.0,12.0,1.0,2.0,0,0,1
91.0,92.0,96.0,15112.69,1292.0,68.0,116.0,0.0,0.0,109651.49,142.79071,0.0,0.5,6.0,0,0,1
355.84482,54.0,54.0,256.5233,657.88055,60.0,408.3493,0.0,0.0,26619.965,339.0,0.0,0.5,6.0,3,0,1
91.0,54.0,54.0,12617.86,471.43756,66.0,133.44319,90.310776,22.402035,20550.314,342.48923,0.0,1.0909085,3.0,0,0,1
361.17303,54.0,73.0,184.3486,528.81775,60.0,487.3054,170.94426,0.0,75241.62,99.0,0.0,0.6208477,10.0,0,0,1
602.9167,54.0,54.0,139084.31,1292.0,93.86822,102.90391,161.732,506.60916,4678.5664,146.71141,0.0,0.5,12.0,0,0,1
507.51312,54.0,54.0,423197.75,393.57745,60.0,582.5589,0.0,0.0,80430.03,234.31557,0.0,1.25,2.0,0,0,1
60.0,54.0,54.0,155.26335,698.5567,60.0,350.35687,0.0,0.0,34314.1,239.7021,0.0,1.2222222,10.0,0,0,1
83.90901,64.0,54.0,137.58643,522.0,63.0,232.2673,212.58269,533.1269,3393.4202,201.68,13.0,1.1638255,2.0,0,0,1
105.0,54.0,54.0,372799.34,371.31622,105.0,150.33333,0.0,0.0,60941.777,201.26682,0.0,0.5,6.0,0,0,1
157.99815,64.0,70.0,2218.5337,295.95972,68.0,134.47379,0.0,0.0,89848.64,96.0,0.0,0.5,5.0,3,0,1
375.01758,74.0,71.0,857.15857,400.0,91.0,158.81644,270.37015,595.52515,458.22424,101.97431,0.0,1.0769231,4.0,3,0,1
392.68405,93.60671,85.0,108.0,698.53406,54.0,260.36612,0.0,0.0,36481.805,217.67926,0.0,1.2,2.0,0,0,1
67.720276,54.0,73.0,177.0,398.3013,60.0,360.7769,0.0,0.0,76625.77,128.0,0.0,1.2,2.0,0,0,1
741.09454,54.0,79.0,0.0,339.44717,0.0,680.5205,430.90018,620.78265,267.99496,96.64411,11.0,0.6666667,3.0,0,0,1
88.950264,66.0,97.0,341.0,525.9055,60.0,174.1744,442.16882,575.3313,775.1221,348.5337,0.0,1.2607682,2.0,0,0,1
457.62726,75.0,73.0,309.15912,340.0433,0.0,635.7033,161.05997,506.70163,5204.5576,142.0,0.0,0.9400123,5.0,0,0,1
111.0,54.0,54.0,30467.164,139.35735,54.0,162.60129,321.7115,612.33875,341.67606,102.0,11.0,1.0,2.0,0,0,1
602.9167,85.0,102.0,12175.493,1292.0,65.0,145.16815,108.97413,259.97733,15364.951,142.04044,0.0,1.1466281,7.0,0,0,1
395.55194,54.0,54.0,60.0,592.8665,80.0,151.64774,80.992584,19.721455,19461.604,146.7,0.0,1.2,3.0,0,0,1
494.30646,54.0,54.0,235747.31,511.40015,60.0,130.66667,228.13498,0.0,81737.41,301.0,0.0,0.5,6.0,0,0,1
446.48978,54.0,54.0,90.0,290.27695,66.0,126.333336,367.01443,549.22534,4039.229,138.0,0.0,1.0769231,3.0,0,0,1
637.9167,54.0,74.0,356.16522,532.73334,60.0,478.50598,0.0,0.0,108511.31,218.05032,0.0,1.1666666,2.0,0,0,1
811.56537,54.0,95.0,7235.0,107.0,66.0,148.33449,0.0,0.0,36784.4,96.0,8.0,0.9567644,2.0,0,0,1
