bwd_seg_size_avg,pkt_len_min,fwd_pkt_len_min,totlen_bwd_pkts,fwd_pkt_len_max,bwd_pkt_len_min,pkt_len_mean,fwd_pkt_len_std,bwd_pkt_len_std,flow_byts_s,fwd_pkt_len_mean,psh_flag_cnt,down_up_ratio,fwd_act_data_pkts,syn_flag_cnt,fin_flag_cnt,Label
167.28497553803476,90,53,29729,2018,40,175.8017029094296,17.04242244278334,3.4055673474152655,1139.8897493536579,317.71817395185064,14,0.6090702840817503,-427,0,2,2
916.0315963450489,63,59,-43676,302,80,95.33540648677537,205.46492912980708,8.662474257252581,25039.648244612225,185.6188134142701,12,0.34465395072317667,6,0,2,2
165.73127161990234,55,58,-45004,1805,-13,127.65924776122725,31.846015595645408,-38.051165605175626,-14573.081487472436,13.390911206117792,3,0.5977470830785098,-100,0,0,2
168.25989166244813,83,56,8382,845,30,346.08925532164415,4.918758312846125,6.0666054419346365,-6576.091300637585,118.78776708914305,9,1.2240934863025545,-60,0,3,2
175.4182893203605,80,55,-22456,792,67,110.90250150696932,253.03588576000817,-32.386279365699934,243.190056910802,79.13952791482458,9,0.9024378528503932,73,3,0,2
661.6690112731358,48,54,908774,2081,55,162.9748066765631,274.8895500375059,20.63598857920255,10475.076555579262,65.11116808005838,-2,10.942180568872786,20,0,3,2
759.9868392844891,51,55,16779,297,49,90.26876064257455,17.492552972720492,-36.554651743850464,123386.22589121672,98.60876795899586,2,1.5615149607506291,-24,0,0,2
569.0429403639208,68,58,-23121,1025,136,177.78236855984065,237.97584754134323,23.035751238163982,18650.206182070022,306.43112070248833,7,1.648732948368898,-47,3,3,2
171.83614678916376,54,94,-22268,2150,24,530.3578528733981,219.40835173836902,-2.203945487347486,-3676.8121343856965,193.7520640926448,15,3.3117643774133,-122,0,0,2
103.14448307867109,57,59,-39921,203,70,553.4729693603217,2.7782004139470997,-23.999705641024427,-5652.139611938348,541.9629724345908,-2,1.0771844689686398,-38,0,3,2
1309.4646817800804,56,57,-12566,6296,50,131.8521838133976,334.1435177067717,4.984565119467117,7524.288579420792,107.74985597308577,-2,0.6371674962904661,-108,0,0,2
158.16189161176248,82,56,-75730,1733,60,349.0264236441177,59.08437436461272,7.5327005727718515,13432.915879555814,40.20741369106293,13,0.9432372070572388,1,0,0,2
135.5671691767053,47,58,3564,286,443,131.7394204045738,47.63585473718979,480.9139217560185,17520.33509145159,32.803803483304314,15,6.062420424259128,-47,0,0,2
212.606814930075,86,51,-85186,2264,41,342.960293184221,14.370658000087696,278.3001013568319,-68955.60477959889,60.76584089721234,-6,0.9207376411255811,-25,0,0,2
186.22987047245417,78,54,-30236,1166,28,126.05791690816642,74.08560565564811,22.717963242875886,23059.324432937945,170.37078577745598,13,1.053456463340854,-96,3,0,2
220.27072785600458,80,54,402759,-25,77,618.2349987995831,25.030710364130933,479.71475096740403,-7226.062206458404,62.45082015859721,5,0.6396702746723084,-31,3,0,2
756.8752478506622,54,50,-24146,311,29,307.5140913969704,23.6376057945027,-23.150102076476887,392943.70740632777,75.35843801016411,13,2.853680048083401,-536,4,3,2
85.34761489932995,49,61,-27437,259,70,947.842129936492,307.4022194463623,4.943748021698918,-6033.128559448538,233.9964286561833,12,0.4112658121880498,-50,0,2,2
177.54007299095684,54,57,-5125,1739,36,1364.158790621585,-41.3989659538455,562.7124716830249,-6231.74092173027,97.81609052166426,8,3.1215532987202086,-99,3,0,2
705.89447915688,81,87,3970,145,64,338.00002040706556,16.47506972669129,657.0415516572641,17827.306027206614,182.28890788662855,9,1.5831398024339824,105,3,0,2
820.3112889087824,52,60,27746,18000,50,1000.1383167513941,67.29603267601226,-22.20347379783332,-1261.4586189855145,11.613570285269617,15,0.5495964287878222,29,0,0,2
190.98395247410798,56,53,-72198,462,20,177.02240180441885,33.21695621137195,-32.456781040031665,15763.829270342685,55.324713656865754,9,0.7567444714740552,-103,0,0,2
156.31426147559313,50,54,-54625,966,54,529.096916568606,47.28552661668999,34.23355346703062,84628.62665711675,72.85096839943921,6,1.64945200178361,-62,3,3,2
136.20075423270055,82,56,-8610,121,81,45.6499164076579,486.91992786218964,-9.518311018558741,-6894.745686070526,29.512453037832145,4,0.21209923969338934,-50,0,0,2
185.47910819171784,82,96,16870,253,209,152.12049037602233,7.942668329362229,-0.6059454599587499,7577.74245685668,38.58810887866042,11,1.0416708384624391,-59,3,0,2
116.84657224376122,77,79,11957,763,81,522.0657314973802,38.63137004227339,-7.141635807052569,8231.272599380918,296.5936821439189,14,0.20701642992182134,-84,0,2,2
114.97996805818431,89,76,-57243,185,26,254.89363559444874,833.2747655821752,371.763622937558,412131.246480731,44.21759616749025,14,0.697808517513421,32,4,0,2
747.5659392808718,68,57,-16645,289,71,48.114707605860865,677.7128357904919,-12.376193358882023,5686.137360693589,111.87350171186912,14,0.2072108423422236,661,0,0,2
163.85747972650398,52,61,-34793,123,51,152.70426830567519,208.08589918108737,-23.1504932436101,-6135.416032841969,109.90664701347299,10,0.4765506650427124,-233,3,0,2
99.85917010356835,68,88,1964768,7678,60,146.31548279898539,12.335391707041692,-17.13319403909359,-4497.784406166131,253.49162082707034,3,2.578986437104409,-28,0,3,2
176.58480845760283,53,56,-80517,277,50,70.38046723551936,258.1575403248283,-10.201640883570981,32664.277328667467,33.72542004048161,13,0.906331779191277,-22,3,0,2
145.59194283218466,53,92,31976,2268,28,1297.2070563024777,-5.706284624313028,-4.2370667153139685,-8217.445489721762,160.96287970964542,11,1.5698944723726,-27,3,3,2
231.59590287913028,53,94,22585,1131,75,95.41872369082645,13.88458466285838,31.423675920548344,-12668.419583068391,249.39161769625275,2,1.233136162141708,13,0,2,2
155.11957967088188,79,61,7242548,277,34,231.74367118981303,26.697459950759807,0.44793082891733293,18064.90434134173,32.10075959568523,12,-0.017268162938904097,8,0,0,2
616.5037241014611,71,73,-43614,1779,431,143.8705628182757,45.06631975948229,787.4249153994201,12018.342057211734,266.71069175266643,14,0.7530818925066903,-612,3,2,2
199.6338932075412,81,83,-29019,214,34,67.14473751551152,54.60901983872862,103.4156122181939,16641.87496232624,91.26985893702098,9,1.307851739692174,317,4,0,2
883.0981132353284,73,57,-12364,1102,67,252.35172594736252,11.153233774538931,249.0258324931538,14798.76447721446,49.01311867349585,10,7.514295800565749,-113,0,0,2
1372.8925267445052,53,95,-69332,-23,160,178.30935153237328,52.13594683500943,35.29279399299571,-8363.409327523152,93.68278336130724,11,1.0416790679291963,-491,3,2,2
1450.443286348508,49,59,4547,1680,27,155.51599294973013,781.3462502385507,-41.41484422193634,-19282.611253929237,142.26497495339174,-2,0.9842169870432603,-199,3,1,2
238.03326359430835,50,90,-67980,163,52,81.86972195607196,65.13149086466066,-35.83864034189125,20530.482097105945,97.20055461008428,13,0.7237976416040117,-94,0,2,2
201.43930240775495,59,92,74467,494,65,797.8993902348839,646.685801529273,31.11919524031897,-36055.26267518075,244.30651242763858,11,0.3481472421229512,-26,3,0,2
1638.239700485789,55,54,-7161,302,-68,52.92192236658509,878.431596570036,-28.693012863154543,263881.86503672536,156.6527726637055,2,0.9775324324178526,-89,0,0,2
96.182483121958,54,58,-12912,631,41,348.22592242565116,33.28288577966914,379.87184090814276,21668.499936776207,192.7013577887492,6,0.5610007650855247,59,0,0,2
54.84660973508021,52,49,-124994,334,58,413.75879640003217,41.92313958295371,-4.515708421229087,8079.45830021478,68.98386523062835,7,0.4593334882219082,254,0,0,2
174.86398528709867,56,83,10835,371,56,105.08716651083492,185.60929556195708,80.18282426246412,-5001.749205949991,168.3649345845783,-2,3.0360678264968977,30,3,0,2
186.15880644422182,80,51,-37257,174,80,97.15643963346287,73.08350286650764,-16.385074493960722,103583.53286804279,189.90217218796076,15,1.097873455676645,371,3,2,2
84.48864272969352,57,91,-25773,481,60,79.798389246248,62.86251704350997,6.232842648438606,9091.55290647591,53.24928748558584,4,-0.46061749993533585,9,0,0,2
1672.5398671711275,52,76,-12252,1954,60,613.6219927525694,-8.390252299653172,-44.85621435575052,2986.9238228655995,121.28016136610256,1,5.828027300035424,-77,3,0,2
228.7929678454234,53,77,23263,53,65,119.90212015953668,718.4966941156422,458.69591506210963,-12732.128615224176,206.68290815836644,-2,1.3325228121116077,-540,3,1,2
317.37532165232943,78,98,-17201,76,51,74.36020046501919,665.2738003240714,410.45026197432054,-22530.796408122667,51.42345128011198,10,0.4842278548134508,-81,0,0,2
567.8531135699204,49,81,49127,565,114,57.50357912077803,-24.147774886517947,22.007195388634102,92578.19848392671,88.93686421247338,15,1.0702399785778696,-20,3,0,2
209.764438322763,54,54,-44993,161,60,107.0000450719456,641.0620217578037,-15.56534655772898,42442.64971208159,55.03300517118702,1,1.2102672277524404,7,3,0,2
89.27574317405353,62,64,70989,187,43,130.55547478691187,-28.25342549407399,-45.24248140507177,18471.61494332604,208.63883060321987,10,8.244467672414512,-48,0,3,2
675.496722897685,58,58,3223,9499,55,203.35993873327328,5.651851341366582,453.1535280564707,15479.606200545764,118.44098649737586,4,0.9619021053404075,-8,0,0,2
175.7347906496056,49,56,-317548,1192,29,135.66651410837298,17.88560139461699,282.3094067738548,23339.660567201703,435.82434795719735,10,0.7811693297991532,-87,0,2,2
1.8332656145225883,57,56,-48420,245,60,68.10373525917848,353.0004739420624,7.02694007381611,26328.55814536604,330.7128019155546,103,0.9518561955479574,-92,0,1,2
199.97176448880103,49,55,-48974,802,47,99.60227383832446,-3.430949692429691,635.1856343236934,18300.888774907995,89.37017986940002,11,1.6500326803871748,-50,3,3,2
1535.7652100266057,54,57,-3009,173,69,256.3296954177187,612.9084472941684,542.6047446441227,10941.838695361486,80.22575464406698,10,1.384508148245616,0,3,0,2
137.77076528097263,50,92,69828,1828,422,764.5992322999484,39.69604462864982,29.93904781567583,-3596.777857548537,16.767907287895156,14,1.6297231535186545,-39,3,0,2
40.37002991565944,70,56,-33117,311,40,65.74268998381504,478.36358887030235,-6.177023380942923,40604.85660280807,53.54511759265003,7,0.4611823934922232,-114,3,0,2
44.830551860083915,60,55,-607233,404,51,797.6013276441016,7.154129773081259,324.7580149708378,478705.9066851221,254.53622763604872,11,0.8972917719805578,-20,0,0,2
107.86647267127533,51,85,18225,816,80,363.3057784092591,2191.741809922832,462.80341710791845,16542.924920066274,104.5521846125096,2,1.0022866297740467,-130,0,2,2
143.84764500581113,55,75,3449,1187,-3,102.6999946975019,115.69458016208088,519.5952837377038,20085.133023991584,1360.1708148487658,13,6.317235206573626,-6,0,3,2
157.99162971938856,54,54,-14104,1899,32,106.76825123799024,215.09315111203296,4.553113018895613,33392.66808769,62.428721464970494,14,0.2056414617055653,-98,3,2,2
144.44433719807458,53,54,-16466,959,27,97.39313207145594,532.0480005827189,-28.832039386696014,4142.160717682502,29.078249441425974,0,0.6485477859511446,-122,0,0,2
830.0824561474424,101,91,-70560,365,38,27.38749365717763,44.57650890327412,-33.648905811480596,-9198.342012550544,62.12894156331094,4,0.6551087284299425,-102,0,0,2
177.1824636239587,55,52,-29365,586,42,301.2551404848698,41.77851255963927,-52.14452433962498,-3507.885131108258,257.02196164783743,1,1.183739547000474,-51,0,2,2
145.8360481151415,51,57,31309,1570,-69,51.147516600949075,5.812058160344259,811.8687827826922,27771.586713920136,87.03372719326153,9,1.502826786590593,-39,3,0,2
513.8837231136147,89,81,1567,1517,46,31.445483207030613,57.408382912872504,641.4446100000114,10522.084867620895,28.453967051217944,13,0.4857550862620021,-82,0,0,2
1826.2179479875713,83,77,11048,326,58,1252.7310146681257,62.916646444934884,5.422325028578248,-8240.35035693692,806.7862715869046,14,0.3026251347922919,-79,3,2,2
498.84478299378236,54,98,-41251,1765,68,441.91278176466955,61.03811211086407,-31.171272271024144,483.92955060806435,116.45719791637791,13,4.6262591407857006,-30,3,0,2
811.5089248316643,52,60,4360739,1602,51,367.7766794993675,0.9987972751022682,-29.01834179751807,5583.852971768788,83.9640261423168,-2,0.7189447885257363,-77,0,2,2
59.07334809490359,95,60,15497,185,41,101.45124442753828,38.24321170759699,-39.04205873824021,23499.03415942935,178.37780103935492,10,1.0326115984499797,-108,3,3,2
140.57261624803655,54,50,-89450,1015,67,132.48398092803467,338.24135532043124,-3.8630689570491423,895236.8710527606,116.6809008428804,12,9.60222599404393,-515,4,0,2
621.0492481370163,56,56,-19678,1137,40,601.8321663248514,23.440549936469758,455.7837059689873,-8199.150225590629,336.3871560049482,12,7.68454766064513,-151,3,1,2
42.001065843092725,82,53,-41268,233,51,128.03019664748703,79.68952302459242,-22.20774801431332,-1804.1236514233415,44.99873857932018,8,0.2041439258457612,-77,0,1,2
262.84110231463023,50,58,-81417,1493,49,107.9940640333371,41.05502518364404,-25.13730743850034,-43446.079977568246,45.17419336681484,6,1.422256408462177,884,3,0,2
-20.39667992780673,56,90,14709,14455,84,69.54610368218785,34.12461769206926,525.8526417453522,242196.22136812346,49.33313550182787,1,0.49410544228689324,-104,0,1,2
760.063991098488,73,60,-41669,1500,49,96.6443474035662,5.795733163788459,37.448361505419356,18125.20667710359,66.38513839438214,9,2.4602108861605063,716,3,0,2
192.31872682717247,82,58,6077,905,27,1397.998695198144,-3.285682789445063,22.833077051717634,-4390.26394234448,62.80261991949025,2,5.930475970207832,-87,3,0,2
162.70368107338044,59,54,41055,2229,35,102.96118015568359,16.61432120940421,-21.715732269759172,95110.80667424128,43.75187855920723,13,1.0189564727956286,-62,0,3,2
744.6167184576609,53,49,-73865,1050,25,280.50357113817597,57.613425469215336,-11.74906467025091,38026.9932294484,132.1620469191418,10,-0.06998027447628552,-24,0,0,2
148.8070942068722,72,52,-4507,103,494,294.3628153061073,47.212745596489334,-17.781289286064997,122178.33068995876,1973.087979949065,16,10.002688943999443,-46,0,0,2
214.9284013090656,56,54,-50773,176,39,110.15851407924544,21.748215999782797,370.77539000094237,13370.903846281453,592.217166653272,8,7.344516697039854,-108,3,1,2
775.2248061431037,63,54,-52897,989,32,100.99198811584398,57.98123997509704,-18.368805146961815,96061.48640352122,112.20257500662069,11,0.664940336476417,-91,3,0,2
127.37388286714571,54,80,-23008,792,30,1065.1343909009609,225.30200716490296,103.00214435563464,245018.56084725267,38.23527180548834,47,0.8352604124954421,82,0,0,2
136.89156416829476,51,54,-97326,796,67,1229.6039472340553,849.0822659744065,7.9394743205353295,5229.2511302923795,100.75349623724395,14,5.3384910139451325,88,0,1,2
80.86807709973644,75,89,66196,9494,50,275.35955368416813,186.8673535443291,433.4407347273022,-710.9977814822187,113.26034376474445,7,0.35215381865135775,-104,0,0,2
732.6972361602054,56,59,-27127,1114,97,132.6089157987015,47.810868553500676,-40.43000368470862,-6476.896328285955,45.05177891209795,10,0.8450694200034127,56,0,0,2
506.7622314458691,58,56,-13928,965,43,192.5783288857433,733.8803946917639,-1.8316650482040888,97.23660889848452,49.47168357672129,-5,0.1647595125023572,-50,0,0,2
139.06943098872785,53,55,-43558,16337,50,234.11124680855735,265.0829068870845,-34.58908460275702,26095.66063357456,255.40420102037427,6,0.33491222671934656,-113,0,0,2
159.32067812470598,55,53,32613,1989,24,132.7517998719069,67.0161491335717,316.6146508996628,23327.682294825085,97.31520396411489,9,0.7965037514067015,-116,0,0,2
267.9446721643967,94,60,-21014,1174,44,287.5799835555227,44.543155044066054,4.04162848064326,-9952.580669134835,102.37658498482618,9,1.3102195890975175,-46,3,1,2
464.5818497745172,55,54,-3617,1253,40,989.0309097504876,81.66438274975741,560.8994563147523,-16581.448494267453,34.580272779118545,11,1.164955998847416,-37,0,0,2
112.4553930834578,54,51,67089,181,-35,24.383703969017233,54.48263973173891,317.24077005791906,22089.319872317472,158.30018749461507,13,0.3859101514062362,-71,0,0,2
100.84764138575252,87,73,81634,882,61,120.41502914832384,43.92061096482855,-35.80030596283624,-15818.401605393881,139.83616778668977,6,2.4707802591994095,-64,3,0,2
158.34925638532252,61,59,8082,135,51,1.2208896679188967,274.25816643781303,637.7195688031345,13917.264757575655,181.0035182820793,16,0.9517125438471346,-137,4,2,2
705.8602874795644,53,94,-88706,153,49,78.09464226200778,358.89991563791864,260.2302083306521,23725.744669947962,16.710576488120182,10,3.5751729346810626,-34,0,0,2
150.9652114089431,53,93,269,1604,60,544.4917470135142,84.00977136878038,274.9374065197288,7121.5501958215955,76.38229717795465,10,0.6177133115206254,272,3,0,2
38.585275644781014,69,49,36346,1351,54,1613.1478564926908,797.5935667110026,-9.958540050940016,-2460.7410043276086,140.5382998428085,69,0.9162416457129083,-22,0,0,2
1707.6609957972942,51,96,-34769,260,49,404.35704715267684,100.84086149577493,-9.900455547922391,-7934.718549550911,28.524881541523108,6,3.86104509055561,-35,3,0,2
486.3138905241584,57,87,-13378,991,35,132.35434043454762,-40.14863327676058,115.5842695338639,-16079.87796365371,110.4348583057092,5,0.5343068533864794,-1,0,0,2
444.1426054450742,76,54,-48367,889,58,81.11291540984308,50.57036209363914,7.99044101282772,105983.06680556049,251.05379570438697,7,1.3658629523893984,-105,3,3,2
211.8078924120945,51,51,-18810,153,32,152.5793802183338,-13.379229874854556,-7.4955790942438165,563333.6537240439,81.39450501946992,3,0.2395349733178303,51,0,0,2
761.2269120077744,76,93,-11687,292,-31,120.59657574141949,364.11686308807987,-43.02558270242483,38098.4690742917,150.11931567054168,11,0.5355066857643213,-29,0,0,2
319.09281033128,51,83,977789,449,48,419.76571875561,57.41561544514245,-24.825774301078958,-5947.872259182734,224.35053339873093,-5,0.7972550838696024,-123,3,3,2
178.32485651208356,51,87,-40226,83,37,132.69719203525239,691.8180755604618,17.207689152034813,20904.47165726956,86.25890715588548,-6,1.339680489954034,-89,3,0,2
165.0777697224989,48,73,12859,690,59,81.02722249004547,25.459336502339134,-31.877811703962493,440077.8220562567,121.5911883829163,8,0.3769903460337153,-144,4,2,2
74.99505434117111,72,99,41915,11286,56,216.43247567457976,364.75647679508165,385.2125404678369,17624.61624992544,106.7451996712235,10,1.0166453648657883,871,0,0,2
201.51512940964193,48,58,-23657,447,36,405.65865908361127,-9.060725895891855,34.30383761427363,165827.3255464975,67.70633672725776,0,8.359330264672213,75,3,0,2
219.56611913596052,56,52,-55827,296,39,166.58273673678704,27.47171132442019,-18.312627822235157,247202.87776099492,59.19744528098312,7,8.376269499488671,-93,0,0,2
127.97930525567203,54,58,-58155,1980,50,6.012422268084634,-4.739278537455256,320.31231309000253,15171.50277778212,68.60792496496279,-3,1.1494944577868274,-86,0,0,2
532.3883502814172,73,51,-43177,278,31,712.6540680428884,775.3034636955268,13.010343692173418,913484.5032072767,107.86040559656908,15,2.8328490061909988,-44,3,0,2
129.58986789259583,54,77,-12211,1936,61,1111.7375879505466,15.496460675388658,5.236989563828175,-11829.391012305432,285.8622896880607,-1,1.397967953010311,-25,3,2,2
138.01143960833076,52,57,-21499,1167,31,91.77884549256979,809.5904191616198,-30.374409484828043,-6477.488293759236,35.04208714063419,11,0.8696640295939495,-76,0,0,2
107.74691972601882,50,55,47301,1772,46,1040.4424293499403,-31.645456479703583,-35.26159058697336,65169.10125057436,79.25069741614227,14,-0.10358515783590905,-122,0,1,2
210.6794712977774,53,54,-58159,253,41,88.73922952362574,18.91825590306801,-42.67129976767401,-16495.559571289392,25.680329028435374,14,4.269274410912527,3,0,0,2
767.9898812340956,52,54,-84528,1145,41,115.34999343024126,30.85396746540491,-1.4423984148174016,6451.885504536203,78.80988527777058,12,1.5949702678447868,-351,3,0,2
138.54463317361476,71,56,52017,188,51,231.82091626937134,-2.799081136253139,1.8053449421218188,268456.83537469123,195.386196488315,8,0.8084636734326854,-10,3,0,2
228.18990387847668,57,99,-42167,342,41,64.95830223059025,7.007192978595652,378.87560829605957,16860.643515403634,228.15666080643484,16,0.6758124564710805,-74,0,0,2
781.0104800878407,52,92,-6467,245,48,646.8329517094697,-0.9032799308571229,58.66881375467844,53231.91052310132,303.8286127653215,14,1.3632873663479246,207,3,0,2
696.473168132768,54,55,-761307,276,54,96.35618745964076,4.280450031455745,10.481079429364286,86532.47815257467,101.08877780408505,14,0.22767986593205158,-291,0,0,2
187.58067517268563,50,60,-25276,1134,42,319.4613234914347,43.537404010018605,0.5633585255318319,4031.067032236552,210.6472250264535,13,1.0946443320096026,-77,0,2,2
132.39217439830227,57,84,-88653,217,29,98.71514307979987,54.82017567032099,-31.451283061905514,-202.6138580806155,66.50536730033143,10,0.5759351053504154,5778,0,0,2
235.7817263726503,49,58,-35708,566,81,160.72816222641495,5.31556124244411,582.0309750503516,66234.19762670096,203.02384635033275,8,0.23942970444299805,261,3,0,2
710.6757871945674,55,98,-1038978,1801,38,567.8752179083571,61.97723662641262,-17.751886874573774,85151.84183705442,91.1135714418728,7,3.788222778980345,116,3,3,2
787.9108431011249,83,58,-94109,934,61,118.56061220030324,58.46961978125769,444.5166108470103,-7016.9561572160455,178.66185157257576,12,0.584936038919982,-123,0,0,2
694.0128128332789,51,56,-6625,1081,81,40.936685449191856,23.232154938861047,398.8902217623735,1471.2423453980282,116.92282656066767,403,5.838079814386218,-110,3,2,2
701.3772664869081,83,49,-26969,1876,94,365.9107899808455,19.96899840443807,-26.708402561136808,27668.155209308003,327.37191091015643,12,0.4390128479436022,-53,0,2,2
869.583781034358,55,57,-111168,117,49,1299.964299553658,-19.953924160856335,-30.00560947910408,-987.5526097350303,66.7020288797179,4,1.2196073137136931,-271,3,0,2
578.6545242992,53,57,25003,51,49,698.8060105135658,14.31720148532386,376.194864316818,-9879.743630070616,272.53151887881506,-2,0.4558249231827972,-118,0,3,2
159.2221664516841,53,53,-49807,1009,10,118.19844298478995,4.187720170261568,-17.164493134147815,25106.752428951855,165.96574181404608,12,2.685623562278302,-96,0,0,2
840.5250641765103,75,58,-9299,191,35,177.69926414996524,38.15938202166633,3.5027582777283426,8045.227264189769,29.13940922132135,0,1.2354144137668541,-35,0,0,2
199.30008140988053,54,59,-89140,22,50,102.7819727288614,20.94298385828737,429.44274870764195,-19969.147736091873,65.57306987439743,9,1.4909039791877632,-96,3,0,2
128.00914880306868,49,50,3133165,781,29,88.56897915432579,-18.680656041994954,599.4308105814388,25846.589683464226,115.55754341764397,11,1.4863171179232262,-91,4,0,2
409.0129125908019,57,53,54615,1106,304,330.7578810784176,109.1305405048922,533.6278969582978,-9267.075084932141,85.93715701241824,12,0.6870608388801424,103,0,0,2
196.3912768891284,55,58,-691,246,58,163.34731890561568,424.93553847152987,-6.411426946290029,7374.117887164465,223.6998780281918,1,3.4942620269370597,43,3,3,2
915.7309391588797,50,57,-71691,1079,25,169.37623147835063,36.29288503036021,609.8374944374874,-1098.8734275142588,223.71679623166193,3,1.0943722908766673,-50,3,0,2
1058.491619374343,85,50,-47770,298,25,111.37424116934312,54.01473699925633,-14.374589917180124,80747.75145921423,91.4280692633143,12,0.959980276485999,-86,0,0,2
128.52574980577248,77,64,-43372,1354,61,1281.673969218979,11.862674170698124,22.487062054470318,1430.2425060965843,128.2669841618676,17,1.2125558889211243,-83,0,3,2
149.91379939045876,53,74,998,738,23,462.86782164615187,267.6977295520892,413.98223377299246,-12157.949620905749,95.52422681666422,10,0.5744358187946527,-17,0,0,2
781.6896158656208,97,54,-66088,802,86,1109.661609922864,62.45116876932985,-1.9781175458464721,21534.141493365925,186.69904496377708,3,5.1625329497647385,-81,3,2,2
769.9257870074841,53,51,-8871,674,48,286.94307219836566,-8.074180779335014,3.870222024325516,-13057.782700568941,104.63188152313258,9,6.745733146533119,-112,0,3,2
727.6350185696881,88,73,-5061,26,46,222.04949137369297,555.4978823093295,-33.16515609629759,-2675.328244514856,76.68072535528809,9,2.7349474228883714,402,0,0,2
554.5331657926615,51,50,607496,1031,77,406.0809955271624,203.99955012538564,5.634963720710141,130282.63652952027,72.46940674392852,12,-0.00275604795474238,-439,3,2,2
574.9210033136396,55,71,53222,952,38,242.61826630061802,196.5972614416807,-25.358805350649906,160684.55508269215,177.0137442724661,8,3.458810860484997,-122,0,2,2
714.1454187383521,63,56,5853910,262,70,63.44979241921916,110.27469338220538,-6.3734388932578385,-4476.298322369521,97.16935935904147,12,0.9435102209945736,8,3,0,2
681.4867418454701,91,82,-4928,185,37,70.96285482321841,44.828344397762876,496.4116187978979,3421.083093151645,73.05995304676081,12,6.667515312255405,18,0,0,2
149.26552177166445,51,94,-60688,12,45,81.6908658915171,294.34128269110215,797.3590972265066,-3848.6915693905066,91.90715815436744,4,1.1673434939003817,-63,3,0,2
215.2654422414074,90,52,6022751,184,-117,69.43640311920338,335.2090478650787,-40.95802970310678,96396.92543869044,63.531544915480005,14,-0.1939096377305748,37,0,0,2
147.27184825322954,53,60,-330,595,46,168.39252629092,136.30961610671903,432.85279997407457,2948.8256623175403,163.0268907752327,5,0.8535915808127861,-22,0,3,2
144.70774232706302,53,54,-6924,1140,32,86.83029635629634,287.42683361813323,-10.908106853413585,18830.903084732177,76.97456559559242,0,-0.3889610066127833,-83,0,0,2
569.4080199349244,60,92,-48978,602,31,154.24072692871505,-13.324885949167399,-48.26495160999282,11625.420141542018,54.49223183481922,1,6.0765807455535015,-79,0,0,2
832.2807567388508,53,57,1456,980,-65,266.979026098242,323.43107566438584,264.9789639459235,-7005.791751649906,242.039913149472,5,1.9105860801284553,1,0,0,2
209.1933658544071,56,60,-73878,284,-20,38.350553899162286,303.86285340009374,-42.07993520381283,9896.743377264376,90.84740748412361,13,3.274331274979705,-60,0,0,2
645.8942287036034,70,85,-28941,108,27,40.965940622052244,58.15642501797174,106.97699961420395,-10025.380766726807,233.9087506344241,6,4.429680509507181,-63,0,2,2
143.2068405272788,75,52,21980,230,46,348.46846853704227,13.484130490343533,-8.175869304411126,924.9391551542149,128.42773671744376,11,0.8140087426431071,130,0,0,2
1595.6336597445897,51,100,-26489,1807,37,138.9791751085053,239.96105859914698,295.23746069249387,19148.514658964617,235.16032866999953,-5,7.10976319282046,-375,0,0,2
1525.675856099362,54,79,23380,223,34,101.80370025510092,58.9731841743285,332.4619671181563,14625.993251981148,74.64044974708247,-1,3.064640180682518,-82,0,0,2
47.55059904294482,90,89,20545,190,26,-21.364922488498777,32.4009618806458,-35.989046966810726,16314.037866855784,102.04599775136242,9,0.24286417245856207,-80,0,0,2
229.39876504422523,53,65,-13673,1505,25,218.86105145453243,319.9592132941877,-9.756677774811635,16658.801083142163,36.43905610656386,9,0.18480575721300435,19,0,0,2
902.0748071995341,54,56,64545,182,87,113.04070610728915,238.33058196249493,-26.018313137249386,-18350.709513091206,107.7506447871593,10,-0.4300170757436117,26,4,2,2
170.9384012173172,74,80,-8789,1763,52,492.48567563715073,43.170839341143015,16.98451303747714,-5052.033476206421,152.857857158435,6,0.27460377917485185,-34,0,0,2
210.59974626902536,62,51,-470,1157,33,838.6442365293611,167.20116465957906,343.5040563787335,11007.870422584903,129.52628804138791,9,1.160444994765606,2,0,0,2
198.40924387972677,53,60,16091,293,26,96.61079986059397,-27.34879572152491,40.082969462368574,70299.85829866314,76.97715213871975,11,1.2135512684006604,-27,0,0,2
106.21204569949569,72,51,6608,235,561,355.25316355767893,59.280745343945085,-6.679460390365608,-7022.0679334384495,88.87924964770917,-5,0.5904977066207359,-112,3,2,2
240.15540477624444,80,48,-519227,303,36,12.242733158356245,54.929916156274025,-15.353513335968344,-11363.477083358668,24.204787093577266,-10,0.7651842927940439,10,0,0,2
245.76443478259614,52,56,1159613,101,60,118.07728196904432,6.930218741914977,3.409188922999988,-11649.45371866639,78.38208348144188,3,6.800271402557832,820,3,0,2
168.39898663883736,87,86,-21401,951,43,39.19609623064952,158.52244656215984,10.105090057951692,-5576.688963712539,48.28359179623875,10,1.3677157754333722,-66,0,0,2
215.5289280987629,77,95,33129,238,42,389.82883775937296,228.68500957037085,9.157035927404248,9643.174225697265,160.57336916655655,5,2.372755488922248,-39,3,3,2
95.12798036027888,91,59,-68664,16285,56,670.5131031085577,543.4298738577529,462.767294409473,79317.41673390548,55.76584606561316,4,0.34012704842941777,-84,0,0,2
101.80792981837604,52,91,-40123,2332,34,163.06448251426764,501.47567437142925,-21.570094067600202,13987.506081003903,266.31986280144486,16,1.6520876225016332,-100,3,3,2
571.0330896869332,79,58,-26477,102,55,303.0865843539794,-37.850185687405876,36.447744529862774,-2616.8885670490363,227.4797552535819,9,1.1223112029092872,-77,3,0,2
1558.4234170502234,61,83,-88099,78,70,119.95315297040321,35.13553063289891,4.3775225053517435,-13048.87172480997,73.59691854370612,12,1.5491206573479825,8,3,2,2
83.79058526079157,67,56,71096,1258,51,691.8690776006404,258.81814080546786,29.17939551857639,8297.021493457432,220.0182810879771,15,1.0774895632265142,-608,0,3,2
136.03728505578084,49,57,68636,1861,64,255.75709612784482,43.067425322252944,12.044464266178629,382032.5024882305,193.56023338077242,11,1.115108555838777,-92,3,0,2
131.27163583239428,60,54,5155664,1134,60,125.36275177918066,63.7727288312752,3.872967707529173,-6870.400101437672,87.39918682934746,2,1.243774602078778,-61,3,0,2
716.8505894233836,50,58,-76133,69,44,37.69495966630298,969.2881152216853,76.05907957112007,7018.553980080707,107.09497719141417,13,1.8145509204658379,25,0,0,2
1331.7976440069738,53,55,28693,2279,27,126.92575539285042,269.57174178246703,-20.169937074046068,-5277.811673642989,134.90929685922472,9,0.7440970748031646,-74,4,0,2
174.9112229144339,51,58,15164,281,41,416.18377167362087,31.879625285029565,-11.485765302553403,-8291.820217568331,80.37103581051647,5,1.4432366731248152,-22,4,0,2
953.6623742448005,75,83,3701058,434,33,187.5953538140825,24.790122070248408,34.53151405899563,1414.600428882055,13.416749880966165,0,-0.020226063124860527,-96,0,0,2
379.8485749414378,59,57,-66327,235,33,78.9461961289863,365.6775265797737,-21.111216857692565,27934.70700600282,152.4457655772806,2,2.548784842250088,-134,0,0,2
590.7562972205508,56,76,-29562,623,70,266.9907376458503,40.57771003259939,-10.836268532365672,3102.2900204613047,23.662753176501795,10,-0.05945702087007321,-64,0,0,2
538.0976323453004,51,67,22268,925,33,135.61604269741207,917.5994887993829,25.724313545643785,133324.82615481177,81.82872492594153,14,1.0349090036352355,-108,3,0,2
588.1010238853306,52,79,-68006,169,51,108.22924770908378,369.67791300444065,29.451384521028327,-7309.060459233011,19.252481829614602,5,0.7789929497523576,-509,3,0,2
153.87311638503405,55,76,-94791,32,32,176.48712578594996,20.24671272017719,15.940309548552506,8204.084974529562,250.4452756570251,8,0.18474909144327262,-41,0,0,2
120.90640758791022,48,87,40015,277,53,25.901167913952705,178.81249713267948,-27.557904994669418,88239.62952689569,82.98940330168993,8,1.1461992742127127,-119,0,2,2
183.56378155348358,86,62,-49246,1284,28,74.41177420808648,10.534517154576553,363.47540256229286,-18331.22519532207,-22.3646259609842,10,2.071566476914293,-41,0,0,2
1271.885363028206,54,59,14413,580,66,766.2032864179006,23.761115806704375,-3.410463301166346,-13068.667736251204,57.45336698530927,9,0.5866817761506151,-36,0,0,2
214.22917832436468,48,57,-38279,695,23,65.15095304091666,68.18671076387376,556.360996198743,-9848.685087277581,202.30899548122352,9,0.8221874074421728,36,0,0,2
469.65305122429254,54,76,267347,421,62,278.50102529881684,-32.50137364238851,604.8267878641768,-37889.54674807451,264.1637144120407,10,9.080249758261893,-47,0,2,2
179.79046848285265,71,56,-39352,29,62,122.38084889011915,-9.599253746361978,1.3255603259769613,-6410.898981189066,175.58754646166517,4,2.0605719543406593,-61,4,2,2
216.47935469640714,51,58,6014,216,41,372.4806789963781,23.61735923447288,437.9259002992454,480843.7836976955,599.9965909848369,8,1.1558721012158524,-50,3,3,2
181.76396567584248,56,49,-50586,1114,32,106.82839900010246,20.94991925446738,352.47277699282364,-1195.5377161788438,96.77019571411142,15,6.556632025159955,-115,4,2,2
173.95705974665862,77,52,31748,2063,24,76.39079354840099,22.282597269482086,585.3920108133204,28837.424380079596,128.34136091478558,6,0.08240336784796332,-117,0,0,2
529.2580101831486,79,89,-43643,205,44,176.8114196258214,29.317350161681773,-7.38467176318339,15851.464832305504,146.08347095851508,15,0.441998853897111,-165,0,3,2
209.27394429732487,88,50,-12612,238,46,415.9849039932318,24.850266145709163,9.549574530750347,27759.66385375189,101.55597719530542,-1,1.2338452391858392,-228,0,0,2
93.26495128809893,56,59,5560,1575,33,359.6916023878363,231.46516081449488,436.0711639281558,654.2753373040514,158.9070173820957,9,1.9457250277011697,-276,0,3,2
-33.770095079166296,52,55,53222,1163,76,140.27587633777011,38.50012489575013,-5.02255560156222,-2609.2918996074077,104.09593277310876,7,0.5380370659971765,-150,3,2,2
657.6217029977804,55,81,49471,235,61,147.96293421373844,-15.645915881357599,-0.2899589801323428,21124.171960876687,84.38150890265509,13,1.166550021712595,-71,0,3,2
180.2909382279307,75,71,-69730,90,49,105.01557242842445,250.19707820517075,-20.291807579564463,-8954.327426454238,276.0454879313751,-2,0.3838308545477635,-41,0,0,2
228.90418846994024,68,92,-21111,540,22,339.60527699762264,40.87670622111221,-29.14647288530025,286995.70201765286,146.82235722069018,-2,0.3809256834314371,-40,0,0,2
135.57328146735173,72,53,-46158,994,43,105.5321422124296,346.2612085818119,-23.329149768077084,13669.465979415882,64.26482201112765,11,0.3976978617292178,-90,0,0,2
102.12084306002237,52,77,2114,106,92,689.0681122567426,6.948678821170862,-9.774341356041713,-2339.8419554469156,128.5336507661787,11,1.218560492162637,-424,3,0,2
145.53705330891756,65,55,-26292,382,-68,642.317978282283,75.28484158485388,15.1614881537932,-6810.141633674111,300.17012223051745,10,0.9165112150376542,-128,3,0,2
107.57066663554902,54,97,3052156,233,35,143.63470468292013,36.40462152466629,517.3238284929193,-2280.612654011781,97.22124818446306,10,7.510708500837588,-121,3,0,2
1666.6089595087606,48,95,7607,320,70,325.3764014838988,48.796227790595424,-34.398164511630675,5658.243158034163,216.61254879687974,0,1.4715472247881807,-56,0,0,2
1375.8817873301618,64,53,22360,175,-51,596.2468489173835,639.9817918067159,20.4188221275037,160305.7837645439,7.644092272052291,7,-0.3473377420204993,23,3,3,2
571.3766101796498,54,52,-50387,1613,50,1366.1655201841895,20.813801611400145,523.9172618069268,6256.174526927905,229.2518377152154,16,0.8671113634747019,-639,3,2,2
231.62230105514843,83,58,31485,1429,27,365.21488633953675,204.14627698237314,-55.48911781654955,16124.762461684893,160.1280749624219,5,2.7040562577485145,-5,0,0,2
775.5675944479796,69,52,10516,584,76,1148.327992122529,256.8523376843895,-26.802086135475477,73901.4345148489,263.42351462397363,5,0.06536336145817401,-53,0,0,2
205.06327953200793,69,75,685,147,61,114.24012141123973,57.61086716745441,1.2514088714790998,35180.40215148008,18.033722569504,8,0.8824468922791537,36,0,0,2
182.76512428585193,53,96,-60914,42,38,574.3833310601261,-7.8305611643555615,418.34416526002565,21730.88336590626,93.61009881381563,-5,0.1166286600024452,11,4,0,2
1628.3918109903066,55,57,49453,158,34,1016.1735062041054,28.440774712277374,29.267366144637773,-19340.934912083772,177.5947291469615,13,0.8253060970822574,141,3,3,2
194.08860401327001,58,59,-58895,196,478,26.245395724148366,48.038341553511955,431.42598479652173,92211.33856400603,36.559418722653234,0,0.7197707522708741,-38,0,0,2
162.92656056212084,51,59,-47250,284,49,651.3436713068769,27.64044997983689,-44.570444821415286,-13467.987734943765,53.71219976261493,4,8.463291205808147,9,0,0,2
185.86654669033283,55,54,46677,162,84,52.028538236889396,31.811657070016647,4.875644154190477,27294.806220027232,157.21080126942712,9,23.620527348053795,-87,4,0,2
39.200852508617075,53,85,-63936,-9,40,238.11457855507376,-25.662228236339406,545.0709124772534,23821.81373646477,118.79224501967563,14,1.420741233157687,-120,3,0,2
218.3271578219344,81,50,-66368,-7,29,307.8169957755509,363.2529033742919,-8.362276662512826,2868.608079595043,649.9693830341323,9,0.23758638247330793,-9,0,0,2
122.85199294800013,50,75,-29978,249,64,1318.2769247502529,-1.5216797611092603,-17.927438867695685,-4881.250741158994,96.98468429491697,11,0.81967132613685,-119,0,0,2
165.43878697984803,50,62,-33061,1149,53,152.51359506550247,302.71707129745613,42.29432694865038,24860.088446642723,30.727125885185963,1,2.3901140939631134,104,0,3,2
148.55145630005424,75,81,-646882,313,31,54.61242808590687,265.23638999032715,-43.23753041212689,23256.896661891675,91.74224143113193,6,7.4390747300461975,-28,0,0,2
687.8044141195404,86,53,-2105,1794,-40,312.7281541534618,35.73115391589803,-26.202520418743298,-2993.980766447501,221.23370214088453,4,5.178647423148121,-110,0,0,2
170.7117101963907,73,57,-281397,1893,357,84.53196315407244,307.817302389067,355.5692775256513,-13670.169566981522,43.65843967709302,13,0.8038786669595424,-307,0,1,2
832.025164119613,54,61,-61523,1330,-46,0.04514672665600017,-24.58808260365221,306.1199361702801,18616.141526972755,31.486916938635048,4,0.45377221797645306,247,0,0,2
65.3775574597149,75,49,40461,1090,44,58.2640596200352,357.74914508248355,-47.53312179079288,3618.238287516319,178.90417964449125,17,0.1719273727710079,-362,0,0,2
620.6353529408873,52,52,35224,1252,74,639.0357076616262,73.92310019587599,298.1078588329966,22927.786240049645,127.53745529091667,9,0.6590182194042208,-174,0,0,2
109.19770362565846,53,88,3648425,858,27,55.8865583099378,0.7210741318896261,-35.715401705472786,13645.118663151516,44.89291840940466,15,0.016447212993763394,-38,0,0,2
736.4071447475325,89,53,-42537,147,72,381.6247145537527,183.97922623163612,788.5891342647956,79489.1550815032,130.1071487260508,8,0.9678518218978113,-61,3,0,2
1709.814108358934,50,59,72506,2242,-76,9.086297276409113,191.84737887985204,-32.93558869240967,3002.9275612963106,69.76774143183431,7,1.2584667832397025,38,0,0,2
130.71664849116868,86,58,-109130,982,27,114.98300163359414,13.725769420131519,-6.1891524242711045,10737.320315204004,131.72217540305803,1,1.1957391767034444,-88,0,0,2
228.31812359056482,61,53,-76358,832,19,48.9575189607238,21.016960085091963,360.28632512167064,12573.560263688049,152.9141328939712,10,0.2029289996297895,-54,0,0,2
718.8089796016055,54,56,-59155,846,31,130.28965193159297,5.5520071194584055,404.49174719368875,92180.59358476527,253.03659637727867,9,1.2608711606796423,15,3,0,2
648.4000843358835,56,52,1263,154,33,397.4877986048578,-33.70393269898582,-13.212489608370849,26067.65437992607,49.28087953492395,3,0.17905552536267227,-210,3,1,2
774.0317642473351,57,49,-48214,181,53,146.7032074060365,292.46790031587545,-14.828160611002545,-12600.957528216348,77.45034754131903,8,1.228540935389455,-119,0,0,2
739.3940008611926,55,56,-5390,1622,69,243.06368439126766,-6.0826874291530935,25.417254978599907,-8335.946806169319,77.64814286093385,15,0.7720178269139216,-132,3,2,2
135.77183288605704,54,68,26570,252,36,88.42970616905508,320.7864566516954,-7.5206939323285384,-3650.6864325588613,22.688176354140666,0,0.9060615474410334,-41,0,0,2
78.47985684185137,55,53,58434,150,70,125.98938713357421,56.680775243088654,-20.950050274411158,-2752.038943270647,99.73580746375215,10,3.357571928885165,1950,0,0,2
1420.8776094595448,50,60,52157,2158,36,126.6752072932974,216.92860780908916,321.40612553222627,-7519.537960632599,49.09974143099361,14,0.9770232354008644,-350,0,2,2
1490.503973984642,58,56,16817,2190,52,163.81220481080817,11.138498889110185,-6.420085096860567,5619.915208117374,-5.9850432210698585,6,0.9338425183085193,85,0,3,2
1687.0601605025784,51,79,-8232,194,29,119.59431706682965,191.70505890940572,602.7567487881553,24449.973457106506,-1.308259474126558,15,0.9469614389120122,4,3,0,2
812.6449557988904,69,58,-45118,883,539,128.24442529203372,30.710787843518457,4.96283184969407,-14415.650785800872,114.13160995377226,-1,5.258743533463029,-101,3,0,2
799.6197654609673,72,57,-43153,1854,53,772.7245335282171,239.20721436192485,-30.074359487931957,8716.837948537695,68.58468045674992,11,0.07710150342747246,1,0,0,2
253.11531468315943,53,89,26893,155,70,1267.50552447467,59.315666162981714,-35.36223693628325,-4435.86357215138,178.38265153938505,4,0.6596159330283613,-56,0,0,2
195.27543786744377,57,54,-56869,1836,47,88.14579960913692,-10.133874856851353,735.8919368423358,-4634.396279383576,65.26336249015029,-1,1.3227835674717838,-75,3,0,2
845.429619553381,68,86,2828,267,22,489.4609367995625,-0.9674533315913343,28.03473744764376,80993.4716802189,194.26594250275352,14,1.4609368338393347,-11,3,0,2
100.87488000173455,77,49,46227,4619,67,81.83299850755715,14.920449706774477,-23.141746364884956,89529.79299920736,233.25803139482827,8,0.6277007457022514,-101,3,0,2
71.60672548263975,56,53,-25980,84,56,446.99738579700943,49.51730113129824,-28.448787186499043,151047.04084143386,193.23755980963784,14,0.6872025033044717,-387,0,0,2
1884.2998063998346,50,103,-62287,22270,24,92.07904824419322,232.08970838628017,580.3447560647212,3356.357881903771,48.18942033549308,7,1.2248054612276609,-14,0,0,2
189.2069596590881,51,56,-20812,768,79,157.0237025713052,36.81609504903679,1.899196312849646,-7050.39087573134,277.1632248103032,10,1.1329856409405554,-672,4,2,2
223.67131805606732,64,82,2227,18297,32,317.56508903008694,-8.568039615100313,-11.348419843618576,30473.975468692166,8.883342905275626,14,2.1884432220927525,869,0,0,2
153.31851826986377,53,56,-46159,369,183,97.6423059108233,-29.877112999291626,318.5434716413824,1028.23616971894,68.19375339486194,2,0.5998564020068679,581,0,0,2
187.75296104054718,48,90,21554,339,67,162.78258958664992,73.69367382587434,17.05923836278141,36671.620870582505,203.89994884626697,6,0.3971034767932041,-8,0,3,2
1820.313187791748,76,55,-43310,545,32,99.2285043073999,60.7528774539069,-21.62245131134786,1488.455917044881,329.86151622784973,3,0.2408387781091728,-55,0,0,2
125.89810777159897,53,58,29393,1227,42,109.07473935863509,-2.212764342133814,418.37468537077547,-213.9075587996258,77.26904040580152,7,0.2214727876055056,-81,3,0,2
230.83612208653452,91,89,-40835,777,24,13.621437759948563,53.490194531745935,-17.646905248548457,-5803.251013013381,119.30592860431716,8,0.44935594074083784,7,3,0,2
134.59308340120992,54,57,111057,1008,53,140.80197042711882,1160.523097919822,-19.987370786379298,26592.791260992424,68.80561215486257,1,0.6808792946907338,-90,0,3,2
136.68691775787883,73,55,50096,159,23,38.78196243637075,54.60846021021842,-32.94449967051753,21333.790354521945,87.0125834175316,14,-0.303729648896772,-25,0,0,2
94.18068054527897,55,89,46550,188,74,331.53620615548635,85.5945877060053,-15.600958031910345,5671.588282921808,100.41891637843725,12,4.319633390252925,297,0,3,2
502.2970415284743,56,48,-47231,667,65,121.04780871279574,60.55191219099554,-44.501156719262696,3676.853725580572,74.9968962186019,-4,1.2561860488804548,-108,0,0,2
1365.5511687880407,74,51,58281,-13,44,433.1836344970289,8.828735144922101,-11.030448667624196,25358.47508411704,162.32814799270398,-6,1.1159340894206604,-123,3,2,2
164.08476467755935,81,54,-42131,120,58,61.05783798550945,25.859930581981533,-4.0591438677383085,-1417.6732575797869,96.31632514426333,9,0.45402770602775855,-334,0,0,2
808.939458012336,88,95,-65375,1395,-18,77.43470217497443,279.69628542479836,368.17466579737015,107984.92030451228,283.3981505140067,10,0.9726396062790725,-26,0,0,2
604.8411099750199,63,60,-28932,298,61,107.56011360211144,363.8972032036186,3.0409561617946754,-9005.510990675722,120.07838533230407,7,0.5197829661548985,-28,0,0,2
805.0007510919113,67,55,-63939,254,476,52.676077940547,594.4048297528985,-4.214212537039372,122181.24453580212,57.52861646744006,6,9.386526503956665,-101,0,0,2
222.9409108564459,50,62,-103194,129,24,33.16502382772203,50.63677667331183,-13.598241461955677,2697.122879364387,44.3494823220222,5,0.30951488991049575,21,0,0,2
186.38223949890755,68,73,26939,1035,65,135.9983404387087,68.17178733693504,12.880853060086771,-833.6273074535584,217.5458176468634,-1,1.292712629511061,-13,3,0,2
428.4498282168819,51,79,96952,131,72,180.54787127833154,57.61940016978616,9.21824118089198,-10993.20000837957,122.16809318996762,12,0.7135661627715558,-105,3,2,2
402.69720807513056,50,53,-47809,940,60,134.7330698069386,4865.203837655827,-6.930616403742255,-10886.259063903819,91.68162581432861,3,4.0097090542466,-68,3,0,2
194.70044430697507,51,54,-16687,964,75,341.5416560860096,64.61194774517475,6.354423356355259,15289.951568073822,89.06341678995173,0,0.34796304998165883,-30,0,0,2
1411.1265455170283,53,95,23722,839,42,1173.9520120948232,31.24888664546409,-32.58964429605957,-1618.9764557762355,88.56644928196323,8,2.6156367689703814,310,0,3,2
556.8103961673999,54,56,-55121,141,41,159.81395366896953,17.534930175431153,-21.611733331897785,-4816.074439902335,202.42388881770924,6,3.290179244668738,-353,0,3,2
1269.759439835434,51,51,-26284,980,31,56.55350139783396,846.9736419614956,-16.677159946398096,454535.4327558436,31.430676695172423,5,0.38373504889432924,-112,0,0,2
1193.689209161298,52,51,-43687,980,38,222.49627745183636,67.2818447608298,270.6236081714305,1194.6205607267657,66.47490232220837,10,0.3751859557568569,-91,3,2,2
145.87399621395656,52,102,-77378,1759,29,111.18378625135594,48.09513851750217,-21.970685466526536,16401.03849726433,95.40668758877763,13,0.8501513213057265,-75,3,3,2
435.17095432419586,51,60,-69482,1196,34,210.80263556586834,-10.79633510580347,-16.31894625899156,1684.5957981332222,198.95070370614883,7,0.8254067953618011,-62,0,0,2
155.241819717498,51,52,-8086,140,50,458.38275471735403,933.2840663370116,-13.343824450380673,553117.6726024265,106.2133123599447,10,-0.16303689994723514,258,0,0,2
125.5021466639506,54,97,-1710402,1164,57,288.3778011295416,63.85867711085162,517.747649117684,22140.187125182827,118.15905241812038,13,1.0875951480931008,2,3,3,2
35.2050145774295,55,58,-101166,479,51,429.66958040823795,26.087678606089185,428.84982245426556,-19187.551864065754,49.037955937679016,-2,1.1373650683920464,-146,0,2,2
105.9498399633888,69,59,-7207,622,46,130.91572198747045,48.767398927627,28.875414769024584,29008.57883869153,79.83435347823162,12,1.1978702184565218,-81,3,0,2
99.62423469815911,53,56,251,235,80,226.9724264054238,15.600933991101613,-37.64421058483822,30415.707001242554,78.6978966616964,-4,0.2155320421819873,-123,0,2,2
200.9549783360825,90,57,-19704,262,31,341.05427401375204,61.704874837100576,487.44860071572833,20004.986191106167,221.63280568323287,10,5.039166614625749,-50,3,0,2
135.74125413388924,89,76,-15913,87,47,103.7760326256627,371.25992438672563,-11.025946429327515,11812.690612835127,41.339047547113886,7,7.532707555794701,-70,0,1,2
208.00755840375695,88,53,-103769,249,24,127.64697883412282,55.32089928247811,-23.91981404736319,20610.351868949496,158.72584459729669,13,1.3910076401133629,-90,0,0,2
1733.9808757667263,54,58,55064,1727,41,969.6492951225279,55.46544333197039,-14.419511073252124,71496.97084701894,224.02693727455477,13,0.17047783437013492,-56,3,0,2
1139.1250770388306,55,56,-1941,31,39,471.74276309343804,255.0194340002128,125.51482311701902,-1708.737306814358,86.41242787084346,5,1.50392552324307,-66,3,0,2
161.48240503804539,48,56,3777,1924,38,112.5590990618517,880.8454763752824,-23.733517360938205,17630.90438115476,119.7931964245976,13,1.1508301347078387,326,0,2,2
179.44105304510785,53,55,-68429,792,61,267.18791710719194,35.972417761339294,-11.610435992305902,11711.666076024198,266.35619010159746,7,0.28979838168624344,-51,0,1,2
181.5129350522571,53,49,-13643,187,55,101.41488988503787,884.1611980865221,-40.04643855080508,41363.99884190808,112.89263186377624,15,0.17349777543557726,-81,0,0,2
121.46004849530003,66,50,-73,1995,28,131.6421110875968,765.2618972809782,-34.53793520679143,13825.810370919135,245.04424261217895,3,0.3781523773296551,-6,0,0,2
185.89807688396917,53,53,36998,1943,51,102.19671137793013,4.260053154541857,-21.71443283162396,14132.249118589576,76.47107564421394,16,0.9292542943401008,-94,0,3,2
217.89605680938115,77,57,8205,1961,47,292.5639851855905,252.59726303078628,434.8600683657304,4451.266322183517,90.76884834261219,7,1.0223638002922228,3,4,0,2
28.792232766855477,60,62,-44804,326,57,828.9935371679932,27.853615144270663,1.736382295794392,4982.979892900694,70.48965640386874,2,0.4463272178059381,-22,0,0,2
162.56852448803983,70,59,462858,1884,157,123.47694711838034,12.842022064879112,-29.770657325704292,6244.326848427791,60.79523415161726,4,1.0050037099018647,-60,3,3,2
971.0643695877413,51,54,-69229,192,60,99.63576875005555,64.26806935014369,440.6853774833517,2850.1396523127437,69.73847561420364,0,0.9243120701856228,-116,0,0,2
561.9544820317044,82,58,-30914,113,48,147.93034183032788,785.6443685634536,14.301314490053265,3489.445307784497,194.55946122494797,7,0.43124874794754375,-98,0,0,2
118.50567569451655,75,50,-5118,188,38,83.90791306573739,14.134308892169956,344.90581125576796,13591.88311558872,116.04371467743168,3,1.0811500129690645,-95,0,0,2
135.78947203425264,72,55,-7021,250,43,460.1989973742765,37.11888871672598,-16.563326494367992,4848.59256364435,98.51540830069925,5,0.02589351415198815,-98,0,0,2
107.63806617254949,65,51,34400,307,40,337.85237475009933,188.85973865230494,-18.258303294027282,23557.869226090326,82.0925305965029,8,1.9498477974027895,-20,0,2,2
581.6946129325479,89,57,-64767,724,70,159.75994231971475,41.26122697047229,363.63837447104214,45376.27011407334,248.9308592244796,11,-0.24363205265810228,-153,0,0,2
197.9092008417316,53,52,28569,2973,52,324.13403566849996,10.610799850312478,-39.32628650163086,21688.0529373507,215.5790871382998,6,0.8161556636816905,-67,0,2,2
136.72021820927787,81,55,136523,6173,32,114.51776875207108,10.758704335763642,232.92736500401418,-3359.0750683122133,101.77676898404565,11,0.923162989064139,-91,0,0,2
1641.0595734442943,83,54,32782,268,48,1172.7588890001011,-32.4721557043606,-7.937697177658664,22655.05658580608,91.89266619912469,11,0.3012756794209251,-116,3,0,2
188.3722629418904,82,54,717484,286,60,72.23737344631598,52.82103339760856,7.575784770296882,138445.66956052883,35.599339061968934,7,1.362435827833639,-9,0,0,2
206.91773698150308,76,57,-374,2094,59,50.46332216178595,11.93726332396627,-22.268894115697982,18702.89742012765,95.53051361141112,0,2.5868219934900845,-422,0,0,2
190.81767510327808,87,54,-55724,1977,22,500.2093076794197,-0.8994151630146416,524.3039117466586,27054.42796603796,310.6925919052676,13,2.1549053454464873,-125,3,2,2
102.52496494063048,74,55,57914,-14,78,75.58851397531029,-8.645310987870928,-11.679563961449219,-16664.49754156641,157.0913508313906,2,1.220089975857881,-56,0,2,2
166.18072103701869,51,80,-56385,281,32,242.99133776323686,15.976708546316534,318.4724712639794,-11513.197407119338,107.20827876775544,8,0.36862253036534465,-25,0,0,2
167.03664354843283,66,60,4039,255,66,126.59414738470022,25.368925851618265,7.515175808170757,9890.807633047676,14.574191625718875,9,0.38551356672388526,-74,3,0,2
1636.231369529291,50,86,-42791,346,60,406.64972705383457,32.90969351029415,505.5998026522272,-8621.03453730106,238.8965549433993,6,0.94187772067119,6,3,3,2
515.8492981649723,78,52,20223,103,67,179.97391784702734,64.44659084489827,-25.382563506628696,33033.79231593743,186.25814976864527,-1,0.8512079089012654,-461,4,0,2
843.6175775684405,87,94,17356,1322,39,227.40057848015218,2293.686357642442,-34.48852221127085,-7716.780025178108,105.29815038754245,12,0.27214353087577786,29,0,1,2
252.08960613285305,51,81,-18050,1285,107,1362.7984920606586,40.531359467466295,-5.307738385197628,70001.58373692156,277.0517378235094,16,1.083059388224113,-321,3,0,2
666.3238409272184,78,55,79639,211,163,882.7802515210313,22.451373233466132,-40.850834643547174,30334.897752202123,79.15162266505546,10,3.246065945657725,1,0,1,2
693.8379963245786,52,95,-41218,212,29,149.463275461552,300.19717200277057,-8.503581496088724,-243.43187607333493,79.91415312446618,13,1.0391520471399374,-14,3,3,2
823.3992958440195,53,50,-70976,1532,52,292.8276293040253,237.73646899161525,-4.748712848525318,31649.882560258433,61.0236951690256,-7,0.5295334814914074,397,4,2,2
648.8740647355517,57,95,-1007,851,75,85.74897581096792,289.80219375272316,-18.43576151137398,-13358.3081650725,149.83481450564287,-2,0.618256003609752,-30,0,0,2
161.1295990088854,56,95,-2554,253,75,53.5533393667027,-28.570668236917072,18.926061562525042,102535.98458507302,246.60078829705247,3,0.4147821181422645,-736,3,2,2
704.1852991716478,88,67,-37879,468,33,788.8437186932047,337.0166753484755,-3.445702689538071,6004.415345160524,37.67695745255619,3,0.4162181809158666,-68,0,0,2
535.867287020567,86,58,-36780,444,60,168.07117942548945,56.4786320954082,-7.9097096463102625,-5862.441641344756,118.40991901722964,0,1.8903870852199007,-127,3,3,2
184.75523998982567,48,60,-2067,1811,26,148.5459090296374,8.532610716758365,-20.26011922550938,4216.986102629979,251.41781384490793,12,1.2682257870858056,-32,3,0,2
701.1398484925412,67,79,-59216,161,70,36.03918081961632,14.888909310429234,-50.094056757432796,13713.885213742338,101.58977260115955,10,0.7883916319805071,32,4,0,2
151.75136154599736,54,59,73433,336,93,19.815674807672572,343.3547041953243,-34.79452558112122,12709.94413875646,250.8120368955406,3,0.2026357533251057,74,0,0,2
702.8872164468737,60,51,42502,1040,36,48.22792715210801,104.60635813842475,-43.529921165741406,18965.59053812967,89.38238106335497,12,0.12651155634309197,-123,3,2,2
1434.262057986146,59,59,-51876,1086,51,766.1017356017586,92.85698556063036,23.000569093762973,4053.196705744993,76.0774253420293,2,0.7089321510064027,-76,3,0,2
179.84026635268506,54,48,-4335,617,51,891.7809320638684,-3.7498486691732054,18.689227036554936,13224.84592316793,90.25442391802494,8,0.842898840911334,-115,3,2,2
652.3633163714485,55,57,35619,881,36,47.39152706213965,188.96764123777294,459.9177474898437,23582.51611460621,25.608770891621305,10,0.652479174819738,-43,0,0,2
718.1794520976467,49,52,44073,1738,26,125.42295412183924,43.03159577311165,26.52514524714274,11566.91033980744,56.53069323934548,3,0.38387281447144256,187,3,0,2
184.37361393363668,47,90,11626,1555,63,156.28067420175344,40.98581779121567,554.1900477221154,10019.005797355245,101.77946755850766,13,1.4091345542600506,252,0,2,2
160.47136873569892,53,61,-58655,12485,29,103.71669577452528,139.2687984213283,16.531567257001683,6179.2013056198175,53.769553457980294,9,1.1074984981606368,-119,0,3,2
98.2224831904431,76,55,-40869,222,37,81.41124292983727,962.8739959346381,-40.764094762856146,-2802.9985498166225,56.953817853125145,6,0.5988355144140532,-248,0,0,2
1534.8249574059892,57,50,12704,949,32,1384.6500006081017,466.2795444301519,20.025685801696724,11348.855796123356,175.4944590856295,6,1.2555176649232034,-31,0,1,2
190.48465905666382,55,57,-89492,124,395,51.64190719007113,36.11008637484909,-49.3078260847307,-1422.9176727636914,175.51122293887926,2,2.4156638993882233,-40,0,0,2
212.05041195927043,86,90,-74114,108,29,285.57664725370614,36.04513482399593,-16.346978631450355,6427.76167696381,70.53920604393147,0,0.21846121202777918,-94,0,0,2
160.26958818231248,55,57,77764,139,55,345.7494432915446,52.619284654782916,8.481649617394796,31320.893352622224,76.85536339742207,11,0.6645451807404972,-67,0,0,2
783.6180179634778,54,57,9517,1284,62,258.2594117351323,130.93395913746212,-19.10190959857632,13752.000154945366,69.70734785433083,11,6.386396165302374,23,3,0,2
634.0123939828891,53,75,-51188,182,89,383.1038566630892,225.25800548404067,-34.60462061640888,-7869.280194725487,100.66089954759921,4,1.048356468359227,-21,3,2,2
158.96211154992733,50,49,-86396,200,77,90.76358592676243,39.21564086120839,-29.878451538824038,82301.99191527451,22.258767900797068,6,0.9472906265315659,-106,0,1,2
219.52914554386172,57,57,-65824,402,67,370.7354085765847,308.4818247677813,426.5889241751849,-1892.6163709844295,203.5484809753924,-6,0.9328583243566757,-520,3,0,2
678.1684990380706,60,94,-62270,137,58,943.906307223182,-10.65671578720097,-8.671806260959205,-4019.5124003311903,245.08669862970407,10,0.6299168357918388,-56,0,0,2
627.8078917849136,77,91,-85705,2135,60,271.68026539469804,570.7837002368685,419.7725909673748,6597.487864259533,42.87550612353225,6,0.24155419764686797,-45,0,0,2
684.4927193715594,50,56,24420,156,40,560.221605460538,374.62978381470526,-13.993123728869438,806.8355367438353,64.50507047998752,9,0.2354105229036892,-3,0,0,2
680.862727748655,49,59,-89190,121,48,284.26849993896803,68.12645742760864,-30.390246983392338,13652.857324377099,97.90735719960986,7,0.511420620228496,-103,0,0,2
172.71816186206374,55,99,-29990,137,48,132.40442978168386,2.672907142533035,44.614295328700784,21978.00136338026,139.54467473422005,1,0.6212549008366104,-13,0,3,2
39.85785455736235,54,56,-75173,731,77,794.9816333714673,-5.699593732494025,-11.590590461725434,4812.065095629632,248.42551305455078,7,1.227402736972579,-81,0,0,2
129.851631938349,72,57,-12983,12687,67,1069.1462901057992,61.304537920083106,-30.825648440910037,182247.061373081,13.841805550030301,7,0.17790453267046602,-42,0,0,2
240.71099558021376,86,90,-43820,186,52,984.695735047873,45.18737007113674,-2.680246330841289,19080.597422186707,144.64845105708343,12,0.7170828046701301,-103,0,0,2
144.63069863335866,77,52,5203,335,53,65.10915603821994,41.52026301845899,-32.4373982315478,15693.410743289744,19.73697973687345,0,1.2737134334687834,252,0,0,2
102.54339839829453,54,53,-2510,2214,512,74.35983399563635,22.687425871518347,506.7817116454185,17019.16168166452,32.516141376585395,14,0.17000138009918414,-102,0,0,2
1264.72090010468,55,80,15497,53,41,521.019665472426,216.22514778492814,-38.59136550801236,-4012.014435885727,875.5334672587052,-3,0.9315842701935502,-56,0,0,2
104.60340180286678,71,74,-61663,208,52,105.68044925277903,7.540762453842941,540.8645116944783,81989.99044831433,123.3061728622826,11,9.974623656325528,-486,0,2,2
255.44486158851765,49,92,-248868,554,343,13.57458036088019,45.366275311155455,-5.128864333641931,27084.547194964194,39.18313118665266,7,1.406017520543064,-9,0,0,2
210.4071283852966,51,88,-77842,222,42,100.29989119328692,448.20430771156794,-0.710826670518772,78500.39997849645,938.5065460623586,7,1.048556672271125,-125,3,0,2
714.0515377667234,82,59,81407,262,28,43.71221539377508,566.4081633939431,-12.911947313326614,-198.23802525066458,-7.034415038025699,8,4.205887813479607,440,0,0,2
202.54300910913759,51,61,-111215,54,68,306.02870680493055,83.97251457723627,288.07565171008116,-1857.1883446769862,75.61676622212215,1,0.20638462740839963,-129,0,0,2
746.9886664298538,60,51,-23549,180,33,307.72404227448214,291.5684251696289,5.607578920670052,77052.37644922471,108.19789940137576,16,0.9248635678022603,-282,0,2,2
1408.82685299829,55,56,-28097,1634,460,214.4740717433932,58.91563304429835,-33.40088676769909,9383.529644971517,185.7288349610401,3,-1.5480410741081192,259,0,0,2
554.4044043902356,54,56,-93435,174,80,378.13554411593236,19.204364646460167,484.31630872817226,18913.818091541638,105.5907028222885,5,1.5191226240449107,-66,3,0,2
801.6046258087157,51,61,-88314,194,437,502.21461880414853,160.19184768947136,24.513378405418138,2680.4749740113407,139.29561909912806,10,0.18934738427925862,-135,3,0,2
678.7892049911559,50,60,57516,285,45,144.52906931314547,-27.607401001486988,-11.675901151280957,20712.13486036253,42.57251552077574,12,0.6605492195806939,-68,3,2,2
148.5970966589847,67,102,-17189,1651,66,129.68441604999137,279.796776714654,21.65132488776214,21311.34285655041,34.58486262824044,13,0.6305741807227166,-127,3,0,2
142.0887930081248,52,60,7504,286,42,131.48684483489845,60.25393399339176,-43.95291594667296,11230.138602947347,-5.034452881824166,10,0.1967288862341925,11,0,1,2
742.1709453718108,57,55,12341,1754,44,123.15356517829188,29.162157181109638,-15.226109246614236,-10196.493666182456,289.6214804356339,12,0.5894712357272964,-521,3,0,2
163.1638846622473,59,54,-23941,137,625,815.2013572165196,116.48543048895274,-37.93984516345988,2084.1492784746083,195.4188264797394,7,0.6347401456976798,-111,4,2,2
675.8276711253059,70,53,54925,960,61,130.86971058687098,-6.045987124698902,0.054061064735581255,14247.688910524526,16.10247441115723,-5,-0.031209380702562184,-33,0,0,2
171.63734741904543,51,92,-2426,133,60,260.06281291734643,58.62388537744149,5.3896306117378625,20251.024477229093,231.46277865872742,11,6.292484863477378,36,3,2,2
152.73146158483632,56,61,61873,1015,50,1315.1438606835736,362.49672447397603,5.338218132023535,13863.522996400952,259.65836276443946,12,0.8003685783417862,640,0,3,2
777.3335515361713,83,87,-70560,186,57,18.560528867256217,733.4727294865438,205.32864108274208,1871.378231137834,443.7129805203901,0,0.5068730786488679,-46,0,0,2
656.0030135132215,51,80,45885,261,525,147.066019892275,45.46502842402484,24.513017768402637,8235.278007370001,221.37950810082492,10,1.6444822964341919,40,3,2,2
86.38670232704892,88,62,19222,226,53,121.30364332812684,25.989673789827794,408.0886313386896,28644.71226356858,194.0349082103497,12,0.8278091287459188,-32,0,0,2
152.02476545987338,72,58,-67204,95,48,159.40880227318095,354.13538894382475,9.25573502764367,23499.944997604478,160.65965958870487,11,0.5698984832993024,-43,3,0,2
163.32672531116663,91,56,-17236,223,46,78.81794110419001,-24.964390138400656,5.2481378271247845,14214.986472216428,100.40533355904047,3,-0.19898540686542254,-124,3,1,2
212.94876876018165,83,93,49180,295,44,579.6832268645838,20.706959201660666,11.595730687881566,14833.459446181969,63.26829230441003,0,1.4491416475714485,407,0,3,2
515.305935653748,87,53,-48414,820,-91,335.8974937090832,512.8752207654818,550.2432781205298,4507.16281016922,19.83711760767965,2,1.158868989873969,-80,0,2,2
758.3081947947271,75,59,-39294,330,68,109.59975743149798,30.55629306613524,-47.326074164983964,-2549.1153957354,136.22985294880831,1,4.018013262820448,-40,0,3,2
148.42315585959906,52,97,-10720,155,498,48.08414639849778,18.4619561350303,219.42363234967536,-15005.779260762645,126.23266368624688,44,0.3116228414033619,15,0,2,2
697.4518982531577,73,57,-14097,2012,54,280.19942530261005,87.00306979510233,-43.93235009612767,-9396.137044758774,191.32021427504606,4,1.3918686418490465,-79,0,2,2
231.91167765307216,69,70,-43544,109,32,137.57720749832316,4.106299426905373,-12.604318214707952,3026.456104460916,48.739730839494456,-7,1.5396220056489835,5,3,0,2
1257.9690305014851,87,56,27654,948,54,131.85269453136732,66.88734396970445,-9.560727846791863,18076.587081940364,253.3433310704795,15,-0.5658272366583721,-108,0,2,2
178.69625889721965,55,80,-26241,1179,-73,259.8895001819194,28.195313653009592,-39.12185301715123,8427.223444029238,172.8558394063765,10,2.28690436716244,21,0,0,2
181.3008846973223,82,56,69860,13597,31,47.30505003431412,27.79297539784373,294.6344372168485,253.04361742262063,2.402143999700698,0,2.799364690858738,112,0,0,2
671.398605385958,74,85,511551,262,48,-2.3626272936307515,45.115100711288264,-39.1338399046188,10392.743249305131,96.88604610885942,12,4.253094062628775,-68,0,0,2
156.71511241575863,59,55,-28226,1575,17,325.974373270094,171.6586789578099,11.071781394264445,2503.178707032824,48.91769798452437,11,2.538526048251641,-114,0,3,2
146.08622532456118,57,61,71911,1018,46,240.03080123159725,672.6235100736308,-21.263056490012254,3437.756573466715,-0.07754700317997276,2,-0.08825171094016471,-27,0,0,2
118.33707449997863,54,58,-10866,694,54,1417.902655161975,28.577124201441695,-19.20181368439928,49944.855629461876,66.18946357395417,7,1.345056432471629,-3,0,3,2
715.3963640473297,54,56,-52578,1641,43,79.64151281645353,15.038228856541911,17.20303426314956,2753.3140333123233,95.5305847767154,1,3.5420884982359464,-69,3,0,2
108.92054295955965,56,105,47129,1192,66,373.6914607286343,-31.28741148867141,694.5724470989267,32129.281257786704,52.98645495347988,-2,7.97200464545506,-83,0,3,2
165.03321919652333,53,92,-88023,646,29,31.79842051298455,48.07926105719842,297.09457288058803,14031.539161503262,66.81488192925987,4,0.9353239666919466,-73,0,0,2
158.5682724450694,93,55,42711,2083,44,73.84215481329336,-19.78511355320261,582.2488191941464,21102.908680334578,631.8558822272626,8,0.5105717881955306,5,4,2,2
182.4414381319413,73,51,73078,642,74,1237.6110184976014,337.87834040355847,682.4068705279641,13313.746730555264,50.0911561718112,14,1.4379851908950476,-56,3,0,2
1498.0347868924723,61,57,-44220,871,56,132.91160781310097,4304.204042552308,-24.003250950944,-1187.9762585779526,106.97861821917141,5,1.1252041475435672,698,4,0,2
29.523989283468666,55,86,-25151,190,75,269.19836512705837,33.56813642601231,-20.99843097032653,-11412.085134311817,212.62505100948255,79,0.68327021306404,-161,3,2,2
742.5810860730653,57,51,-76576,1009,75,290.3463071222203,354.8555737217671,-21.678703053236447,15608.788220157205,109.1518810592987,-4,0.39597816728387225,-34,0,1,2
1385.6694177624631,53,89,50803,286,29,21.202932960604933,44.881306574009365,201.09804201838892,20055.174644418956,8.82693495412758,8,-0.05275577312211921,-17,0,0,2
188.33811484263757,50,57,-91867,613,46,41.20048882429463,78.38307826221786,211.97348142273876,15613.893069853562,244.04262677493807,2,2.3105720197305293,44,0,1,2
1194.532065323566,54,96,-67198,523,78,169.91781864565073,140.7873732318939,527.1807448674733,4190.05605796598,63.73740833723534,3,0.8461634630292452,-44,0,0,2
888.1805687111373,56,86,98545,1188,52,72.25985527083571,328.9020143037827,-9.848954101536911,4593.132398315201,83.81351680499455,6,0.5971989354422471,6,0,0,2
117.84402311519926,78,57,41227,1951,65,104.78950955183913,-8.0136876022798,-23.764684794859786,-8818.147306693698,254.02902216691302,67,1.357409040332748,-95,4,0,2
184.8890414918626,78,56,-50417,247,62,103.568022264793,48.3919681442112,-13.427896762036411,8095.628130967983,154.02057914298274,7,1.4744014837733852,-103,0,2,2
113.57495425949358,63,58,-60158,91,41,114.67286717183453,43.873380983465125,10.546236424963663,-78190.30929977092,207.61413319853492,12,0.45155663180340516,-99,3,2,2
145.86040501673622,68,95,6051,467,567,1199.2459049190966,307.8404978547683,346.90926463358005,9758.950242750729,81.06413648915624,13,0.986821833365297,-54,0,0,2
232.3083076529045,57,56,-13200,1242,37,108.24777390596978,-3.213899773420932,356.2271047031595,14427.211767021778,78.99531868130228,2,0.8297792011030148,290,0,0,2
1153.8086136282477,52,60,-1157,1742,46,84.61327013710726,196.60384972656217,29.579698789516794,3485.047685258024,131.3740766249257,10,0.6527124586049357,-100,0,0,2
653.7202646867768,56,99,-26282,579,33,61.086346574467555,-9.03941737414148,52.437305977958694,12811.908374267716,250.8372370227194,17,1.2495030685198945,-22,3,0,2
127.13279048217261,48,54,38874,324,29,664.8982405194004,44.477577242261006,-20.832833703711838,9059.924079705037,63.85593654818027,15,1.5190394234023787,-341,0,0,2
102.50785629313248,53,53,-51529,83,-21,355.7008610537379,44.050503406944195,-51.41928520958662,23021.100398949682,43.18051917440205,10,0.9275266886416664,-22,0,0,2
124.21046972625521,51,60,-53086,5185,46,115.92374803241222,25.118433465553995,-1.1297175357832012,29196.12145792976,66.23827651205198,6,1.147657570807688,5,0,1,2
875.975084496286,54,88,-10960,28,36,1326.7736190200449,186.0963016643764,627.8481919270052,19963.097602636815,46.51789624027769,13,0.5657121718068819,-93,0,0,2
187.61990915906122,56,59,-51374,506,40,287.3280194882198,6.9323286746433235,13.956472040139413,22157.266783992778,209.99739995365178,11,0.7289094466859434,-19,4,0,2
68.94950515141838,73,56,8758,1244,64,303.43342555680636,31.62033074196911,-35.67605601626849,4497.601173869742,53.91585617725079,5,3.036711217835572,-15,0,0,2
-55.64968527490612,67,55,3848903,403,70,506.8364372820622,398.4954321929668,14.768629461244192,20748.33634874518,67.29988470718042,15,10.316532395961067,-329,0,3,2
307.0297856630111,53,89,16876,172,62,164.1976526293531,57.91739968657129,-11.493790907247547,189753.2815235306,290.4085601113368,11,2.1892783586696516,-97,0,1,2
72.44244499941615,64,86,-6916,687,35,413.1710953772375,878.1922993826097,25.28112499997658,69320.97753604435,126.1887998374008,8,0.8244024826012651,-359,0,0,2
557.4528431180977,54,56,44125,254,86,408.0464157882283,45.20831083700898,-6.8021418521357875,1704.403642389786,286.99156557657034,3,0.9692840993828542,-10,3,0,2
140.87577433147433,54,73,-51226,286,63,376.55360246971355,27.35857042904327,37.42938703725992,8643.169726347882,98.19794029077394,-1,1.1321985658904339,-139,3,2,2
109.17567919723965,51,60,81355,1250,49,504.97067900898685,217.90270399461465,590.1349411080521,25489.970563428054,97.75527865742308,13,1.3824230598956477,-75,0,3,2
137.22799963788387,55,95,-1666816,210,-53,89.95580163753971,17.47554826070334,-5.5952920232867855,9567.789090863647,35.60625230385159,3,1.348682360382519,-180,0,0,2
388.58101912206405,55,81,-24836,1204,59,578.4062608841593,25.59126759117052,-37.639615802122215,48521.40699988066,42.749719933471056,0,1.3289574488176652,-251,3,3,2
178.795808506389,52,58,-92632,204,65,1622.3466829207875,33.57542225623561,-5.320520009791953,-768.1589376819338,126.42477709890188,8,0.6200139436643779,21,0,3,2
89.45846390414246,58,55,44408,61,41,264.75279943787166,42.20993853484178,-11.07523253404635,3838.8459775617116,46.11548570010338,-2,-0.017283985445081695,-95,0,0,2
1356.0405701928653,60,52,-84137,207,54,109.71942527943904,-35.6698596871689,7.501621867004878,256062.69487368537,63.49480723446595,14,0.6613860013841115,-38,3,2,2
159.49563956130334,96,48,-54829,12,73,38.7034756106744,12.486137639630968,-5.646864070569479,26671.067931845253,57.03264485572605,-6,0.5065039562350142,1,0,0,2
635.3066806982987,63,93,-79153,43,39,115.44957173850354,59.98633029940363,-13.293245585989872,-18390.84873153136,228.31656053822584,14,1.5619464262790057,-67,3,0,2
226.3772752557259,56,61,-93319,237,52,253.28461052123018,-8.905824721614325,20.813307502887174,-1154.538454087904,81.84451751747724,12,1.0974062753626643,-102,3,2,2
104.93352604404787,88,90,-16874,197,42,102.38860098456504,35.201795978302215,-19.217826731140427,157184.75489270472,14.981229521997278,10,4.999811256570658,-119,0,0,2
136.0374465125149,48,51,-18497,149,80,607.0627947364667,56.735869337469246,379.9801690257891,11572.778261789932,284.41080150493724,-1,0.21684901977751592,-78,3,3,2
151.164875725851,76,80,17511,83,28,346.6101413532392,-25.586441211569657,-45.48616898840256,376630.9566280842,148.80439549795966,12,0.8101585931644107,-103,0,0,2
78.74073164108577,91,50,-39294,57,31,130.40160832805245,-0.15561857301214665,6.134485342407657,20027.215722031782,168.68894497055294,8,5.702287056988653,-59,0,3,2
151.60151239785762,52,82,51007,852,70,74.37021867557486,23.563064609392573,324.56006829445533,82222.86521513897,551.7703172383074,-2,3.4382032341190967,-26,0,0,2
227.76022137865831,52,53,-90791,1761,52,160.49959449261178,199.20136285639185,-7.395098752449001,-13571.25184850977,242.68593884993055,13,2.765683267185839,12,0,3,2
120.1793217839608,55,53,39466,227,26,115.39955256635551,82.03756891936591,-20.35489234342398,5827.660700050762,64.81389009866537,7,0.9395121424389825,-64,3,0,2
1577.9490091465,53,83,-50133,235,503,254.49032078241797,-14.367083456166203,562.8874954375282,14177.315405890888,258.0096753203979,6,0.8234059864616041,-92,3,0,2
244.30799124779665,55,50,-20446,1145,32,1375.6192136021073,16.012992460510155,-19.271038818184085,154438.12302466002,68.75352818501227,15,0.044252920721983946,-81,0,0,2
637.6309441941854,84,53,-73069,492,51,393.82415462841493,55.1145296070968,-11.992628224978482,-366.4648721868907,124.67723365569081,7,0.8992351012739828,-582,0,0,2
121.92894479940222,63,86,-20214,227,53,924.5162525260619,47.45086219778513,363.6026344162008,717914.0259919183,57.248545183641625,10,0.897143369742593,92,0,0,2
196.50081375056146,57,56,-100777,247,53,65.45602905560986,54.9949076805922,-2.7954197688191984,831.1828530082012,65.5254244664439,13,0.7288272869977652,-110,0,0,2
517.0771251492289,54,58,-15058,876,34,155.43263286096402,272.90962976297214,-3.322896245098499,114989.45377321329,68.06286623183756,12,1.2021411595379052,-241,0,3,2
819.2286764588672,53,55,-83862,209,49,230.2088410458416,939.698303970838,-18.790838229185372,1654.0469322151175,140.82868583162832,14,0.613433815687098,-56,0,0,2
211.64076162709887,53,78,-1024,270,194,95.33598348112282,105.30796218940695,3.2472892516649803,-9400.018208186895,128.87387272350793,4,1.5409923558131975,-63,3,0,2
198.23116863468692,54,53,-50852,663,33,103.89761274203232,14.076789740911819,1.7212163405615437,-26700.10957991347,66.13429774310426,5,1.1467087503774303,29,3,0,2
210.37497542997176,54,53,-73770,1126,142,1333.752846751854,57.759888245028314,-30.928233452694784,1667.8033015489527,81.02409453715943,12,-1.776245737545631,64,0,0,2
167.37026505779983,50,78,7265,1166,34,76.15546087263596,39.876714030924504,367.3921653381126,24272.544720317346,117.03971338593708,12,1.1889986376602455,-55,0,3,2
155.87829369577048,91,56,7440,113,38,7.130621719019786,313.90444091997864,488.7098854123733,18275.008964755812,104.04820810947538,5,0.5602269006924748,-105,0,2,2
257.9004455241509,55,52,55904,336,30,75.65887244186943,10.660306320508468,15.413206112149027,-13209.074191321188,59.300521515027114,4,1.0582247156331497,-74,0,0,2
153.84782534090658,51,79,28622,1035,557,99.38061054363853,674.0996888988036,-31.09579418750498,549.1087379172432,85.84258458075665,2,0.9069371036112269,-74,0,2,2
326.9145547260341,53,49,-6996,138,76,68.3208079400527,-23.59448350296915,343.9311323296821,-34129.26750398421,182.26590083308398,8,0.6481597619354509,6,0,2,2
814.9228421160493,49,58,-61827,2030,48,1208.6969824705461,47.08994977686258,-1.1023463311861565,2691.0260934171033,139.792839728264,16,3.947863939804778,-39,4,0,2
799.6721211347183,70,83,270573,553,21,158.00155984305212,64.02622988680622,9.910358949475043,-2040.3834143999538,205.6522354485968,4,0.13599268215606164,-80,0,0,2
201.460141859072,51,82,-66349,12843,24,518.8769673179131,652.8038171749051,-40.15125226118297,14840.01944355862,159.52713375207358,-2,0.779783232834533,-60,0,2,2
230.7159636785253,84,90,-22681,223,30,51.23991951666743,-30.37889191092512,-12.978943748518276,-1340.3402064464153,33.198364724316704,13,1.6288799157101566,27,3,0,2
184.42802485301354,56,91,16924,449,66,125.15079602452968,31.00254350506832,-1.8429802730819498,-4604.510628334436,195.36459455401837,6,0.5920721926653385,-56,3,0,2
161.49535617464147,50,98,8379,133,61,58.8879951866881,-32.80769296969197,12.440491412506674,-8827.33418907353,28.03657566896078,-2,1.5014348033710943,-26,3,0,2
91.14313374041997,57,83,-24029,159,57,1067.8088143798368,128.79435588548083,-29.335900816923306,123432.63005077557,62.83696002088612,3,0.391384076118187,-12,0,0,2
20.945435491735907,71,95,7520,1786,59,140.79483207137423,62.71808491971973,-27.702839095988605,8852.703777178871,112.46037486627083,5,1.1020041139640233,-84,0,3,2
153.89712154160105,51,57,17097,66,588,126.48657302639307,-42.28894050872274,655.4079033339563,10918.554600845277,208.53419889518125,2,2.2584830808129266,-124,3,0,2
1472.4661613165972,50,57,643582,177,37,149.21600999200277,54.60717039974728,10.184323822982805,-882.2676821949253,69.792176133948,12,0.46863102753975505,-38,0,0,2
1104.1433813479985,53,57,53081,844,171,292.6914207532696,37.83688676552035,15.999217410682238,20545.442374579812,50.80834385162437,5,0.7650291811321078,-30,3,0,2
229.72945150081955,54,52,-42548,604,49,406.7942204489674,25.104381460152577,-22.371158561246727,26926.0841501456,252.20228198584698,12,0.8143192498636209,-97,0,0,2
138.90348229767798,55,96,-99734,2207,34,933.8221029909093,182.84476682509978,24.113048420624732,23953.428340181315,17.327229844413125,12,1.1222907244981817,-486,0,2,2
571.3195568539638,76,89,37031,985,32,175.38885364382634,413.24892100742466,-34.9760538447857,-479.5184074134231,73.48116237929774,7,4.18801703449982,7,0,0,2
142.82423419806165,80,94,-10645,495,56,42.07045205167705,88.44638707309467,324.3132574587212,43372.631043512374,129.93432615511585,2,0.3404295686910717,-121,3,2,2
1580.40258921124,54,96,16399,236,56,192.19227630438894,-3.8634978937802296,478.91841251631513,7177.776703912895,43.513105501049964,-2,0.44586520441084077,4,3,0,2
622.6749712874287,53,58,-95215,1634,37,87.55823417942625,59.99703785823217,-41.129727268867256,-4626.796725889428,100.3410324753225,6,1.3392960560479583,-69,0,0,2
159.8337472613523,57,59,-39428,265,36,111.41937928120048,30.201565872699266,-26.986915468117818,-152.91407003217319,189.44472426229447,13,1.1201728555492905,-347,3,2,2
188.55506656271334,49,65,-25584,204,52,346.6654088617383,53.17896646293869,-41.120259116111114,170697.5955678949,173.68374915073107,11,1.238630887014292,-57,0,0,2
616.8290258429327,65,76,34337,807,47,140.28870276616973,43.43863757266088,-13.921635550109059,-11634.239604204993,242.60628265482023,12,0.4673611389339033,-23,3,1,2
145.59713251292217,75,52,-45684,1889,30,354.5614442155128,-4.9958315670401365,-25.27448116552302,-720.7110798415924,123.5371872404555,15,0.6467825766638566,201,0,0,2
209.98905923770644,48,58,65987,215,44,165.0486569140889,169.13538894289377,36.19073818267913,-6409.982370908898,56.349565294056376,6,1.1816959454131148,-34,0,2,2
199.27849233801248,64,90,96431,1265,53,72.71104779412849,29.620961952954925,311.33531138298815,20407.636694406152,133.6594640506121,13,0.9492344668389465,-20,0,3,2
203.42602752031348,74,88,-5727,304,49,60.23994557402743,41.9251249317161,-19.901520095366703,-205.7048203289187,34.26754289163723,11,1.075557097711254,-382,0,0,2
577.9018012190094,88,55,-10594,901,26,137.48651022467925,456.8923025641356,-53.1342267980987,-8640.99332210439,35.351844937810846,3,0.907389963770588,599,0,0,2
771.9678070818735,52,54,89345,297,48,509.5729532141026,-11.511868124255283,387.58703249744394,2654.6557709620683,21.289241283960088,14,1.3000201290746618,-364,3,0,2
65.72503253349507,51,56,73855,965,92,322.3800985520666,16.93635152091864,-10.714606967340387,9537.150468712189,211.73235320364273,8,0.22172980869867753,-2,3,0,2
1226.3446545286042,54,94,5518,298,73,105.70665376295776,11.125869939063282,-1.5594809392186324,-43355.290130704416,168.42232004497512,9,0.4922765611930566,-70,3,0,2
775.0518602390684,72,77,-37197,466,44,160.3598215105501,304.9066829489249,36.63554291645283,-17517.718564198884,107.20552525272333,5,0.6058644285687212,-81,4,2,2
670.9002699261192,62,59,-15173,200,51,633.5263496475077,-9.11827169612667,255.99021150074037,177744.75872249226,87.12890822050568,9,6.716788995301119,337,0,3,2
482.3103183935058,52,55,-67013,750,55,7.056758645324038,331.26832132033275,-8.743520553403904,25487.269218269874,176.0878682657983,9,1.2049062749775399,-19,0,1,2
164.0910960880591,52,84,-36872,921,138,131.27369239952284,62.12915852455937,-30.4111791953502,14601.039864687702,302.00872786301056,4,1.1858211907378533,-75,0,0,2
17.55899005483886,98,61,-95762,20,28,17.814124301049752,31.322896183489526,394.78928747991847,4148.099059346469,156.08638696932553,9,0.09402053199490867,-95,0,0,2
36.83328555829208,51,56,-3831,993,49,303.66941516071984,48.94958732157223,-45.47291128478513,18097.265071031532,70.56021933913797,15,1.4873068951756947,63,0,0,2
201.0243931991027,57,56,-39682,229,331,370.64664983479554,57.90243362126987,-39.958481281670196,-3532.1400936920036,10.836470275029889,1,0.018683258651474022,14,0,0,2
781.4939888800216,60,58,-48151,1630,25,5.457057411433723,32.45427582338442,16.26960644415271,54538.19654254055,92.19120513930733,11,0.3002478978713219,-29,3,0,2
323.8011716526878,53,58,14259,845,35,38.73637988292143,210.6442700284078,-3.920094923641642,178896.8161835159,154.17363734560723,14,0.9333562222873145,-83,0,3,2
1002.0098213109388,58,55,56883,269,67,314.50174426122743,142.88462712302618,-6.819746281262794,184129.28755725408,101.28576484341352,8,2.5414402899709314,-63,0,2,2
1396.9737725259167,54,58,-24972,1196,54,298.37794339876484,131.61050335149554,12.696115317797574,-16664.705337347805,32.43873084058904,9,0.9601269374912265,64,0,0,2
-16.002035214033043,70,92,63217,1742,34,526.7790980985058,-6.055462168356161,353.66567699521,14633.378660378354,229.69635215689496,7,1.136579772427548,-60,0,0,2
158.71648972693276,52,53,-39804,245,75,564.5187646464236,-26.80981578384883,14.26379202131622,52508.09931179837,61.7291959455917,4,1.3416689020341996,-436,3,0,2
669.9963799349862,50,53,-365,1992,70,111.49408835336514,51.09692988337694,-22.674294008164317,2882.8443994628583,65.6671665033824,14,0.2410442879635788,20,0,0,2
123.58528330358685,87,94,-51645,1997,38,1556.1127519600182,320.3969374300606,-10.359502581609814,10168.126976612883,86.47421490626917,10,1.5183603435518844,24,3,3,2
200.83901780315875,57,58,12253,194,65,183.75553880027846,274.7212695372446,29.228434520154973,85287.67596249067,60.76532593981863,8,1.0534696361450402,-310,3,0,2
105.99635391857674,53,54,-75014,134,83,108.85165307113277,37.025630622847245,654.2553922206461,3107.275964793862,115.00441294108094,-3,0.9526522795848499,-116,3,0,2
155.04955357879703,51,68,-36961,1105,71,149.9217910372597,191.73240931958767,-12.91998627494726,15654.279334389375,326.378690305594,9,1.1893732298160673,-106,0,0,2
25.36436791136115,50,57,30198,1732,135,144.9815654343094,219.26053046271267,-18.958206242627494,5853.2467089291,172.47332585151239,5,3.077679909707338,-99,4,3,2
224.2240305872363,48,49,-71113,967,34,217.27337841973514,766.2189282349784,296.82420947435764,8312.982229705603,76.08343079765206,1,4.146442192552616,-102,0,0,2
94.82291074443611,54,94,26528,1306,24,302.80986175707204,376.75177421714204,2.409369964172642,6529.8310008624285,51.778586644780844,12,2.800673365434816,243,0,0,2
1543.2945385804398,54,57,1955816,270,49,158.6075832439658,28.57528275715336,-14.64355452984599,1444.86959747553,159.26650115224055,5,0.37532230185076054,-95,0,0,2
191.00651028638038,51,61,-66128,53,32,128.87718146484292,45.5579960440578,737.5434037931772,15341.228640396934,112.45095604684,0,1.1062656296768942,-71,0,2,2
1334.490119429251,50,88,23577,950,109,140.28263262969006,13.420045031232354,-28.760860325377493,14459.50611750363,127.34173490829913,14,1.0969860920056784,270,0,0,2
411.6954835594361,49,54,30153,273,56,154.3662537402075,26.078795962526364,13.7890057578809,376693.8560272818,143.7040264118585,9,0.12490171097173541,-117,0,0,2
53.77939802190611,83,57,-18405,529,-49,278.5485376923459,30.04348414305542,-25.88349976995249,172137.23438732343,53.05267854322871,29,3.304674570607041,-140,0,0,2
180.46842530915364,71,76,-74258,674,58,1096.1466998176143,824.4474371216302,0.18957090034283608,21076.988465447124,107.24754044720534,12,7.482158355067401,458,0,0,2
1677.4781416439832,52,58,-82089,55,30,197.0536511418525,51.20002944434223,-32.97909411015254,6197.308507353654,53.97024427324652,4,0.9294004443313728,79,0,0,2
187.80010640689153,55,50,50640,920,39,147.8662642688762,59.89632604557708,713.7590312281955,-14306.008496166944,122.41951068230324,3,6.602701413786834,-76,3,0,2
188.98318062568657,52,89,423219,117,34,1008.2349574426954,50.697552329519816,-14.967927489898585,34157.012545776306,112.29564023996323,-3,0.5151857615893732,-60,0,0,2
603.0186601644195,87,58,-81137,862,31,624.9285555855507,32.925171235947744,70.83769886064528,2733.8958061458816,68.86320225452864,-5,0.2862742401847112,-78,0,0,2
-5.744942617182957,53,55,37412,106,599,153.4658774526593,361.8297498592064,-11.389733771349267,-710.4119128207758,108.4045780857046,2,0.4101410326191163,146,0,0,2
137.75681657241256,47,52,67147,310,65,153.7954036028261,72.69773228014144,-34.81592337737423,7189.44703448569,82.28744921017214,14,0.43971407264920026,-59,0,2,2
228.38001918282757,51,61,43670,308,22,105.28080464425928,41.77683670100079,-7.232539232546881,-2006.0728676280314,5.553527394587064,6,1.2536095009604935,22,0,0,2
496.79339966831424,83,55,39880,1904,42,91.56307007432474,52.56465425259649,-40.33052892866602,21266.60673365732,75.37668545188868,5,6.481881988953836,-85,0,0,2
145.34881782225605,49,71,-21288,336,424,1047.5124744458012,67.21884125017168,-20.062341306691465,3175.305706176476,79.33142556772037,9,1.6663043423564754,-102,0,0,2
154.24921254808163,85,54,75236,202,44,89.80986202838956,113.06330148149276,-9.958403619476481,-7973.045327008864,276.2075237282854,3,0.5873945507179296,-31,3,0,2
139.86192983521767,55,48,-3553,1015,60,117.22654278981949,21.06128133065116,-37.63097196254436,-18918.289836929223,1.1353204595016564,6,0.811279776709213,223,0,0,2
217.77729384885913,54,56,-47155,381,47,266.0390065776695,15.607661525263547,-21.410358583586653,24366.76487763918,213.75597684862424,4,4.66701845580284,-31,0,0,2
867.7847883573792,52,58,237226,181,49,374.7708429847901,41.48249075891799,-22.155388862433306,353.9336641861464,91.63653293161484,-7,0.716286540832031,-7,0,0,2
133.3937078185872,59,89,20978,507,40,504.1653564053647,52.639095504044086,723.8157161195752,-4784.997426373175,210.86864130471307,10,0.9412439119548319,-40,3,0,2
876.3484189250678,74,53,-72359,1088,23,297.3284910646983,20.273385680932506,192.88800329227797,-5034.735631826001,63.663852907613304,8,0.2123897227374249,-298,0,2,2
711.7557531640189,71,53,-26220,1129,45,101.02068383810396,217.01924816438014,365.6146887084569,-17831.130014756258,33.0158521266906,7,2.4371214669157992,-70,0,0,2
792.5898418177551,53,74,-45805,696,-78,78.8123310037441,48.155226630111905,298.08624803601356,-15378.202404395184,1349.2929086520126,14,1.318132507713282,-75,0,0,2
746.1514645578744,62,56,-76302,321,33,219.69418180707885,124.530414970866,-90.40110011965527,3752.3264521081546,70.79800545111416,8,1.6043779969125929,269,0,0,2
748.0982751061854,62,54,2339408,1215,34,85.74924871369981,-21.490325607868396,420.9140339716594,16559.933004773746,100.91117601888655,13,1.454215296944703,-89,0,2,2
136.40997909478935,57,56,13506,1522,41,36.028522018630134,64.01264956829198,-18.93566929135727,649701.9394808332,65.70130479837295,1,1.476675760845544,934,0,3,2
681.0668893680386,71,56,-36628,-120,44,103.60564385569155,20.286840749256374,-54.014776453214395,-19196.897802944353,107.52049493661235,3,4.464062329867687,162,3,0,2
503.5889141983391,52,79,-30845,507,33,840.0283418750242,184.14680339364526,-30.858983513189337,-7912.402437049715,74.94052297955605,8,2.875794750353814,-101,0,0,2
84.90739896938967,54,82,6846,176,84,551.5503550209253,795.9293348537722,-44.985303325975984,6137.176809447009,166.19731637707068,10,3.4694064791672945,-107,3,0,2
113.62495395024355,55,81,143392,251,63,354.93485171840524,27.11908673524398,-25.28583836931274,10980.592608592313,116.34552734657962,3,1.3653732117556046,-113,3,3,2
198.1773920096224,78,58,-57831,686,115,364.1453396636348,671.6356497836639,509.1256692865294,9522.928001896466,69.3341527990315,12,1.0843547896748542,-103,3,0,2
165.51975176566518,53,83,-71339,177,396,483.8051977588547,-9.340189716949771,4.2363117665527055,15911.760241541313,117.52867024627879,11,1.0633909910174486,60,0,0,2
682.5478024419531,54,53,78742,260,47,314.87155359982273,31.078317205349727,456.60820013601864,-13612.270735757842,14.84134456652641,0,6.338060995266591,-1,0,0,2
124.08452482422366,70,58,34486,962,22,9.539175461397718,20.744131859226446,14.308749527782876,3523.8720181703256,-22.93328765581265,12,0.3903728552060305,4,0,0,2
137.0475083081451,54,51,21228,1724,36,991.2461706682054,12.714548683621253,-28.993307100992347,9798.635485129575,76.16797124168274,5,0.4214221388477728,-35,0,2,2
1050.2420605628172,51,55,54702,240,55,382.81596002334425,81.9396133808703,12.461775674884432,-11992.795842692203,124.14343190337085,12,2.5763672638505373,4,3,3,2
131.31802004556377,69,52,-27537,202,60,801.8950684617892,35.255469682225964,-49.51882354451891,13463.184221169031,242.3291832039396,15,0.38933735166776645,62,3,0,2
63.80303283077917,97,54,17549,239,42,166.7559286076759,41.961975136664094,-5.338073873411493,-7889.383282154788,29.700293631018212,2,0.8421514924646417,-63,0,0,2
845.220111830892,48,84,350635,506,82,158.1143856296432,61.31453128633672,-33.57016863789543,-12117.036940390391,229.70977885193085,-7,0.7171372607776654,74,3,1,2
675.9614193588591,52,57,714,1147,22,1231.1783388661866,47.50766661681905,-12.956492663204127,-14227.286218805113,162.2081741832304,13,0.96878474411612,36,3,0,2
125.19741437735576,48,83,282412,183,51,1195.8994917432356,330.66058668204994,407.09959471080265,5124.037993308695,29.45602614237786,3,2.702258297832601,-14,0,0,2
57.08753982594198,54,54,-51872,155,51,1153.2953065563474,9.492565484387589,456.42513658250556,23477.11401333382,70.43838166764401,1,10.328127556696462,-36,0,3,2
172.9697979484019,52,97,-28974,166,50,534.1701143713999,51.53095110691326,-15.9204843357758,23246.614233975473,129.39762162119413,17,0.7872814068460838,-50,0,3,2
207.222463501786,52,52,-80923,138,45,36.18619352129442,-12.631720749288842,589.1236568956917,-3861.1119850131,46.3869742465788,12,1.45087992778362,18,3,2,2
256.85695065194716,57,50,-52481,2239,50,127.54169296015323,-36.85799365269133,310.84666978947155,11897.432041331467,175.34119463917602,7,0.8656084525051437,428,3,0,2
680.1382298077467,54,55,-2725,293,54,90.05828051198111,-4.568226750863051,-31.792544901451187,-14658.651790252357,104.58419385728223,11,0.8225442844475372,-29,4,0,2
719.7506749888294,54,81,-31837,299,52,61.08689627854183,45.43464859061385,-36.12009368083462,14813.793884314613,200.08084182692423,9,1.5200957756345637,5,0,0,2
83.32887990806131,75,54,-67708,1084,65,379.91939375137656,58.23570572358375,-23.936149568472693,17469.078798706618,1325.0804001052015,7,0.5958629320400977,-135,0,3,2
1710.5684456415595,80,84,1597193,217,20,127.40285174599052,753.9303509737747,7.044001173101918,75997.01693741107,36.959448019634074,13,0.02940329287132437,-67,3,0,2
177.77389117342955,54,56,13251,312,22,270.2040032427797,-7.889134282641248,18.305380453128713,359697.9533273694,41.61589756318606,12,1.508974416829147,28,0,3,2
1372.0933162987717,83,55,-71957,9162,57,182.78756060742654,376.71897725238847,-10.578843350129631,-888.9685189345246,86.71356505707385,10,2.4705026320799757,17,3,3,2
678.0872977901092,52,60,-24219,792,80,88.68668600120758,37.06979597189289,20.90933998815749,11103.942493272501,568.8900514296517,14,0.9333011084858921,90,3,3,2
679.6717371409567,87,61,8915,2311,37,68.56511485159228,200.98127584280172,349.5302788201344,5389.930841663342,78.93031417468033,9,1.0070703455682,-26,0,0,2
1283.260138970659,66,51,-13016,851,43,118.9538650369807,98.75173693512738,702.3377250226731,16487.107509919602,59.71665842114272,14,0.9797309658659412,-59,3,0,2
132.61265510127956,49,53,20373,275,69,8.383697497284118,9.702019778819183,-0.29908939346127417,4258.120431978827,583.8666801713797,13,1.1082058550337006,-112,3,2,2
47.58729008575903,52,84,-16114,1742,49,152.82766712382244,93.3788415485652,-47.31311031374953,149259.1843859064,104.12985405365501,0,0.7406844952186944,-59,0,2,2
488.53574492813016,53,86,48081,2261,57,421.231749998277,96.30430877413806,22.48946630124032,6849.51874983379,193.16702353304737,7,1.2422155174270006,-123,0,3,2
51.567112085559444,86,49,17871,1033,119,143.5706583103521,-1.0272416432134608,22.529586692181617,13092.31781426547,53.64655323199314,8,0.7441967225244864,-30,3,0,2
130.2701081784213,52,55,23296,148,56,95.259083389882,16.963464189789114,-27.369404415371935,18564.5458344515,449.08908992492275,6,0.33612408685158524,-36,3,0,2
105.71422557474975,49,83,-7631,122,64,125.23571165886764,185.3735659730717,-4.85702416551385,-32742.546012175626,70.69563273066076,4,1.4690992786769241,-439,0,2,2
147.3046066713071,55,68,-51223,985,73,160.76174485688128,66.04321098450578,-25.83072273708626,27294.362922360247,146.463072084636,1,1.5137715130202642,-91,0,1,2
162.21002710900436,69,56,-46618,71,72,177.51122020263915,434.25357212732666,90.17493105489461,16295.170009904796,248.19834501290507,15,1.023281657062066,-113,0,2,2
748.4335172217875,51,51,66031,2129,25,39.51296749127677,308.76986172745603,515.5135701574808,23682.509753457205,16.032946084963143,9,1.4069574076923217,-30,0,0,2
160.12578212907601,78,81,72971,830,33,234.88076690025105,20.70525633205105,-28.40559851872746,-10275.764293522976,23.203681178514813,10,0.750070316928964,-28,0,0,2
168.45547919682116,50,55,8071,153,-56,1443.9405100092667,31.695403574163933,-5.955308895770821,7070.560862934669,251.83169242904523,59,9.310405448745094,-68,0,3,2
40.04124345884623,52,61,72408,1415,472,84.66769766302819,40.37854357561368,13.663245524552469,9763.147428929728,57.923562447919394,-3,0.01376836428039363,-71,0,0,2
875.4565443803773,100,55,-52926,812,44,97.62064133252036,44.01526280018745,268.7459588728842,18670.551697910952,261.8795156604656,3,0.3414529214530606,49,0,0,2
925.9153021809128,92,55,-53105,274,87,1223.165411901556,0.031747050876874905,-20.243195999633876,25887.213758727637,62.310345817854426,6,0.8918190017816174,-522,0,3,2
1784.2953951709612,58,88,-16028,256,63,296.31507199963517,-9.095350911287378,-25.333936661639253,22019.230355251744,211.02537596991525,7,0.705940202149856,-86,0,0,2
138.4356325791912,54,55,-18718,214,44,109.90297185969854,70.04117574221054,-35.907478124807554,12758.260121194644,109.997901945942,17,3.0826061797322724,-35,0,0,2
1470.1619015547944,61,78,-54641,532,29,20.56657447173459,50.88646692517815,-27.34064886074978,2469.7536011738616,153.85306923566898,302,1.1485955274597806,-17,0,0,2
170.48259155814142,54,59,2436320,228,30,847.6449290715856,58.149810741960685,-17.707253750607833,-2141.9297495063965,93.64385864879237,8,2.637859401890417,-69,0,0,2
673.4840266771079,52,58,64469,213,43,105.75099265967167,29.198802188937226,-39.57784322280251,109956.7839018745,147.22146277461724,12,0.5663320080768458,-53,0,2,2
143.09442627619237,74,78,-55487,241,41,103.69168618845126,240.13398323138978,-10.688713611253949,33413.239870048455,47.04680535720819,-2,1.1923758721127937,-74,0,0,2
535.6793901712997,52,59,-81194,114,63,1362.6293006973592,-34.9541774344477,31.656765736767557,90866.43050127126,102.60158975109663,1,0.4952844082615522,-92,3,3,2
477.50076435458874,50,59,41441,2019,29,106.53048278351136,-16.24178033759563,448.6620117429194,17074.020922374737,186.9719432500376,6,1.6277452645406838,-130,0,2,2
441.2197497922193,58,67,-87740,2028,37,57.40795400351794,-6.3141064763857155,431.5674372858651,19518.183014023813,9.55790921177885,10,1.5260590896239354,-110,0,0,2
796.4100416812728,52,53,19879,638,38,49.61911510437983,7.725773307530401,-24.91996543862463,18805.43193961675,184.28583958832058,-4,0.7433172769702983,-40,0,0,2
702.2714687996614,57,52,-66443,1556,59,311.1745745899577,149.54208689623974,-22.86283084197659,6650.187327566844,49.91321787512895,2,1.185896631538839,-14,3,0,2
1442.4387646990913,70,59,3836,1893,-33,243.96914562314683,85.74917095624535,-4.249315493947561,-1125.7939482049433,110.06434025610376,9,3.505893613913135,87,0,1,2
989.4925388114476,78,64,13507,1358,51,141.41285539527092,20.683602706052717,12.49957673094562,165672.2489051077,218.42406685275975,-7,0.6955289457688899,2079,0,0,2
151.1912450703095,55,56,22302,279,45,161.5717435568429,24.234716090400347,24.171446811415105,6198.514624777177,220.22499683834724,2,1.5016880391757068,45,0,3,2
153.4656860829558,50,56,-33029,225,75,152.7091961492913,303.791889719726,-20.824607745120193,8566.789769210818,76.844784095891,9,0.9805338634222402,-508,3,1,2
99.11733839843447,63,83,810826,279,15,270.7520809593776,33.67500148738196,5.163319912750492,16067.112985398893,342.50500558351695,11,1.0662775385140637,-262,3,2,2
182.4186727324394,52,57,7657,137,52,90.80394921546403,-34.2863354246558,-14.56188646496025,83976.21760790098,53.163613523710225,7,-0.07012774931855326,57,3,2,2
724.9107592143243,54,59,-42849,583,55,96.94239422360758,24.883294887401778,-29.724808721426854,-7384.245590627033,47.38690572263455,3,8.091130046805027,-85,0,0,2
565.397895790488,53,79,-54767,95,74,397.52675396985364,1.663185244404707,-26.98774359756082,18741.272683267933,138.57974956914825,7,0.9547295469128722,176,0,0,2
23.38259606075094,52,92,7409,247,-83,321.99555001288905,65.61245692550997,8.250627739617638,103214.15244558975,39.4750917532641,12,1.6149734652921817,-47,3,0,2
125.56624210421484,52,57,-33465,1871,60,313.27757184674147,3.949868184976364,-9.846052786287878,8636.468601003031,69.95668167797298,6,1.1256316201805614,-24,3,2,2
120.5975639209089,55,56,-11051,1376,68,93.20843183387348,-10.834381849804231,-11.601868478022329,-17468.163888019364,77.2253226088551,-2,0.3916824893417542,-70,3,0,2
612.2921186817994,68,58,-14753,1844,37,1049.8954208036912,0.7628843776214995,298.2965306853039,2373.3100955270124,158.85714463037988,9,5.811335568649928,-98,0,0,2
130.18630348397838,62,55,4155,667,51,80.76977921057505,-12.620849299253745,4.327182157505586,-20375.351547253762,58.82607102207905,-1,0.9205529190438905,-123,3,0,2
103.51340162494307,79,57,-50794,153,55,42.4649056603749,52.00094311916726,-24.99775999482537,7924.439039725821,26.890420230136634,2,1.0412445925083675,-67,0,0,2
742.8528657997174,81,53,-74978,869,46,256.5969655011524,28.439831338503033,-16.191752064196738,9870.478856311356,179.8965965634233,5,0.3407276601651114,-362,0,0,2
184.1250051610621,52,58,56862,1714,66,153.43360475530613,8.39826822864998,-2.928686594840631,5051.775422998468,126.10637496704742,12,0.5855914947552883,-83,0,2,2
655.6746214243617,49,77,33500,121,76,177.02661512576117,12.691569937257691,365.1531976775348,-896.6361832681305,93.06236923062207,9,0.023411046209071418,-216,0,2,2
117.74158746690867,50,51,30629,188,36,736.7251160518165,249.81811037320062,20.373725327374974,-1917.5922694875262,254.531756802078,15,1.2718331292298697,-114,4,0,2
560.4484871658794,59,92,-82250,98,59,829.2690191054844,-29.15187175863663,-33.442602357290966,-10893.23638447478,197.16416554800998,2,0.5474769321648505,-24,0,0,2
202.06915665993108,50,80,9479,1766,29,538.1602193177375,392.12435495989746,-46.50556580261815,127499.35478755808,84.53952674747204,10,0.0872174978375968,25,0,0,2
673.7608241206979,91,93,-58305,11265,57,48.632610714641906,46.683166472387114,791.0136783622567,-16742.300899806054,57.20253893726377,11,1.1600695698463013,-353,3,0,2
196.92906620502106,71,54,53520,985,25,50.6800478663296,20.480770682325186,405.33085606195675,108065.76788163348,253.44816605587104,10,0.6078614663751911,-123,3,0,2
157.3941302434548,53,58,-676,248,33,59.67415973162814,27.872455970780813,-26.897710280421364,135319.21648199426,72.12394492389984,14,0.5756100910114982,-243,0,0,2
136.05875880141028,92,99,23129,179,61,1165.2226497020258,507.36070465785593,-12.4297565422794,112027.52171007647,125.67017857719236,13,0.8816333580620032,-119,3,0,2
187.0761459440085,48,52,50646,260,55,72.17470474521777,-6.984866549123668,489.432579247422,-5288.1587491356295,63.65465252599003,2,8.847302529081595,16,3,0,2
1590.4058791519885,53,97,18890,1012,35,682.2568316272003,53.11039864595055,48.299272904286745,63642.900414767246,8.039347432212054,12,3.4186439629829546,467,3,0,2
162.40819218481033,51,59,-8847,1851,43,538.9112021955551,72.60414640384958,-40.67664887319298,4935.86953358163,140.10134226229394,16,0.2542777259339062,-128,3,3,2
652.4666619649763,50,100,-25543,1035,30,1105.0761639958284,18.929315228388678,172.79229347555858,-5883.116167172902,162.11786666353518,1,0.24552413258202122,25,0,0,2
119.22425907152436,56,59,-114742,952,703,354.010828024239,48.198411296815856,-3.041295979963629,852.7861105370994,210.97259883937517,2,2.2359111837820573,-46,0,3,2
178.0668774826218,54,96,26318,155,74,1466.4063871950732,600.2435469997541,462.1577659925581,9886.098749756984,62.72376668406996,12,6.08471748334726,-228,3,3,2
183.36497065074138,59,74,30439,724,37,734.30578268773,30.082594181225566,-32.03762160513797,-7273.196061784631,45.88431582283046,9,0.49316624595279757,27,0,0,2
73.15036574487534,53,90,6219155,273,72,294.72043312804556,-5.771777815617135,-54.563578216717126,21145.58300730779,59.83594134329708,10,7.250654145890653,-3,3,0,2
158.15931407032951,50,58,327047,189,42,90.74734431560353,-23.718928894252166,-14.255988042389514,6205.065206407484,-3.8311314668851253,7,6.554291242711367,-235,0,0,2
715.4347648890654,50,57,-57496,1995,37,161.5791197278253,0.5500143506044193,16.37923055620296,45639.01309468497,231.87340701753362,4,3.089709403199163,-406,3,3,2
173.9400779580231,56,52,-23437,102,64,235.43696674405064,320.88898027417224,-41.14317960198512,5867.23713148544,114.96098158986963,14,0.42452509129131916,-77,0,0,2
669.6142664184013,55,51,-28178,806,511,103.25096776947433,218.69149259562494,1.8523330591912928,9640.282689678055,28.683892817598064,3,3.124447009741678,-61,0,0,2
142.8022703159181,58,59,-113765,136,61,389.09735887273723,-18.378206146104887,561.4822168126769,27933.651261516883,266.04770965417947,13,7.560028684527906,-94,3,0,2
623.6815502675945,64,60,2193,218,31,222.52457594243734,57.61579189834419,8.377363982646745,18388.25651119701,49.501784543838625,15,0.42649334670990674,-669,3,0,2
188.93763829405893,52,94,28568,1760,41,1480.2027069352234,34.63745326412576,16.74056690221196,14918.909689177079,16.38513081052242,12,1.5118285244028096,-52,3,2,2
95.28917040240805,50,58,-46193,164,67,332.3627643367063,31.39881112334732,-7.040512424653396,-9068.947579473672,219.32987910491372,11,2.5468940402545703,-90,4,2,2
604.4071978268156,81,57,-49334,2091,58,292.16219204199496,289.8598632903663,303.95385354963287,-22026.238235940815,132.11583410832063,4,-0.24241318974202897,-27,0,0,2
175.09110301510802,87,49,39576,120,83,93.11492561139613,80.69280902829732,22.907843401867588,9814.269808837798,263.82989214222675,11,0.38410805122895614,442,3,0,2
189.72405944777393,50,56,83243,947,24,22.5483200372419,703.56170535264,-32.236323060016744,2378.184349627068,6.041536414112983,14,0.8951306371834343,983,0,0,2
187.46931615668245,75,54,3600,217,55,116.27317658895593,36.925998093747545,8.52424390193713,18160.197177849088,112.35266615963876,8,1.1229541720239586,-99,3,0,2
1388.395804964494,50,100,-53015,135,63,110.40600956681158,45.12908875914566,302.6216370087678,-17493.200970835875,69.39517468473734,18,0.444183324998202,-76,0,2,2
191.83072384848833,55,55,578577,136,51,336.1243771596679,9.901524677808679,503.7510400902401,61342.05602285492,-16.11862962078169,8,1.0660955796930214,-14,0,0,2
751.0988419017656,70,92,6781,808,18,48.0159402085734,57.00602600342297,-32.287014504216614,-7545.178805636171,64.74435798557785,10,0.22958042146475727,27,0,0,2
110.01804222614906,48,53,-9245,229,56,160.49015985530872,40.095307591907236,-21.043850244823616,181887.11554517405,88.04195168060437,11,1.1405842291943613,-305,0,3,2
240.75941441834777,54,58,-24895,242,2,63.75295226687332,58.08871529803258,307.6241253112383,9258.408012649654,128.12723990211634,9,5.314926187282848,5,0,0,2
10.73656656156119,91,82,-13292,74,90,612.3064699552715,52.865515869476646,346.305441604135,99970.05607586043,80.92357263844902,7,1.0838156131724768,-525,0,3,2
137.35557928934773,51,56,-23990,840,39,58.80344212312252,9.273245072566008,-20.871131828252064,11005.197360741411,96.41288591974714,4,0.4476557783844579,-343,0,0,2
169.44799987155858,80,97,44046,128,86,165.95700975862968,153.27425842771927,-6.590237075411761,13536.451282058646,363.5823164958116,14,1.2068591810510199,-571,0,2,2
1179.9189713221,76,58,-47919,-29,42,290.4383776192132,12.061713378820201,120.29941478338962,11590.274089373186,52.945085489787864,6,1.9429570390176585,-89,4,0,2
72.2280261318559,49,84,-2661,1289,44,138.2667664254735,363.7987106541094,-32.25697668465047,12924.318388267775,118.6870384901265,5,1.0224317083689756,-24,0,2,2
1477.5443646988388,57,51,-82316,1404,33,50.56938190993101,8.422386551878663,531.8501940263614,-8793.451932495489,80.19991038081393,4,0.7206277226742418,-89,0,0,2
126.24653717000366,54,55,88329,1816,27,156.3404961286791,53.3076163929929,738.7904564321896,21291.98321625011,50.79677408430175,-1,0.7472581692789807,-318,3,0,2
674.8159290839518,78,84,77538,298,40,319.0317524744895,232.34892317423635,1.9067582413810054,31525.618374140096,159.87424251131506,5,2.4255402601279936,-114,0,3,2
146.878476219638,71,56,-27280,111,78,248.0062751822911,21.75079428827623,-38.32714642051871,7307.882693238429,24.411144976948655,-6,2.3504717730759466,-50,0,0,2
175.68747806021528,71,56,-34674,1886,49,115.71525814245646,206.2048491035694,5.051656245727003,2762.717658236363,84.72261019738819,6,0.926658192034636,-114,3,2,2
143.3762432391751,83,55,10758,161,29,336.6544325684208,-17.452575260434745,-8.817551318530175,12470.561666953832,283.146094829924,11,0.853336244173023,-173,4,0,2
695.2789039669059,54,82,-57086,79,43,79.48166247787076,6.336434571418742,-12.749886770035886,9887.595167988306,114.66644233822225,13,0.8775627344511744,199,3,0,2
645.3383296365711,56,56,-71239,234,53,86.9798002700557,337.33716885765375,562.0387890681159,116454.84910279278,14.405017085351602,11,0.5456334682468394,493,0,0,2
130.8063521227166,52,53,-47725,1343,23,596.513504561324,207.96986306610032,-20.85132350625256,9870.41709478744,141.3626027595986,12,1.718244094826388,-75,3,0,2
1089.9632548527213,71,57,69328,138,62,770.2386027137975,39.55367513565432,4.65672400959714,3920.9169416618283,249.11834329221375,12,0.36744134999687855,-80,3,3,2
722.9610471030953,53,53,-98892,235,39,125.15640222636513,358.2468650210247,-46.75540520466837,21538.809971921346,105.1452690044673,14,1.0705804274308872,-35,0,0,2
155.2387405069271,52,55,-38850,769,63,109.62695803664816,-17.009707909090725,21.547844961901895,-11287.029015382142,87.5198234869325,3,11.00263990697721,17,3,3,2
136.79787313204685,59,52,-59729,219,28,91.1943170804042,62.818530242608055,563.3420517670136,11546.101323931887,87.8600736927968,5,-0.05707978394910318,-107,0,0,2
171.10968374690282,54,55,-52786,586,56,332.08871866496656,-1.2862320548275972,25.166797341665976,7858.6778799261,190.43084475671776,12,0.8647484349444857,-101,3,2,2
76.66236109143668,51,52,60488,1512,44,369.82655008744035,349.83033738349155,19.220310837055415,200686.4622399524,131.4247907570669,16,0.5452259630069951,316,0,0,2
1105.4967054222043,77,58,-3973,175,84,70.51217204324273,46.92046761499662,-0.562996739831076,41596.81703648594,86.58559183551185,4,1.03087502161766,-104,0,0,2
737.6346440315066,79,56,-70156,1177,30,129.64873206848935,34.20367987607253,-9.820839679386761,23418.893098648972,100.39160850548716,10,0.5582087551706766,-51,0,0,2
190.2182785107192,53,56,-18349,188,47,457.7559470632972,193.0830316193486,-11.30940139911353,7983.730535592749,38.46401300447104,11,0.5779299855424065,-99,3,0,2
65.30942704267723,85,82,-5323,1219,127,120.61352689968135,42.054031361694726,-0.09262446357091791,144387.86555532325,74.06660013500051,6,0.7912127413011543,-138,3,2,2
178.41729625864252,67,78,-74529,1202,21,100.7967145153334,700.0171206950016,-13.525915613090511,-154.63265773468538,-49.977035902867584,-4,5.48844184260588,-228,0,0,2
158.56097806047723,57,57,1720287,1583,35,68.35206310007692,59.36560634527311,-24.998675898356797,-56501.4399343463,43.77364211742349,15,1.350562740327204,-20,0,0,2
154.56837214712675,51,57,-764,26,65,49.87049360795994,21.16857810544297,24.26452169153185,-19190.389177302546,21.409585843100608,6,3.8893385738221213,-2,3,0,2
361.31124386224053,50,80,-51343,266,81,75.2484804608072,69.47889299393115,-14.205350025895644,135549.26021209362,188.53775704469808,13,0.26880539845404633,-303,0,0,2
58.04389419225087,56,56,57143,423,82,142.80280358941778,156.44025263891243,-30.36246839253704,3378.1946210814904,301.07948986016237,0,0.09009749678500434,-95,0,2,2
143.36727662412306,50,54,-12172,1110,37,293.39756575308155,53.78973435938295,24.198196918929902,1580.1639877178595,-5.97104621946464,-2,0.663800148417242,-84,3,0,2
695.1472176498585,55,56,-34809,90,36,63.34612251928351,-18.939645454272465,2.6955718097450356,-10003.010396438245,133.26883735140345,1,0.9386314004234627,-146,0,1,2
75.59134072923244,52,88,48774,1927,31,35.109350530074494,19.02698372790734,-17.78660343467964,437503.1050145314,127.82188194191599,15,1.1145636635506755,-33,4,0,2
1139.9398946104732,54,56,580044,833,13,974.5345157469836,681.7217934850229,-7.581568124852306,33820.42955675098,106.71222194826804,12,-0.11582685674224236,-293,0,0,2
700.1478434560909,57,59,-61826,1051,57,104.76820949361382,224.95825321855372,-25.340550248389114,20603.603123738074,37.65955609547579,-2,0.6126523780349111,-49,0,0,2
-29.887810245671474,52,76,3184,676,9,96.83451577368488,691.4369397582329,-21.64060719072608,36296.12927591131,145.42890165694047,15,0.5007773445852918,-68,0,3,2
95.55087735253294,83,57,-67879,1570,64,164.91018606791948,249.90834420579534,-18.935115932973698,-3846.0306289675973,106.63902486412394,14,3.5629214924284325,-131,0,3,2
679.4897995804065,100,55,-58982,175,452,379.1077247701198,59.259111704679256,-7.499121541964853,-8777.257714598496,20.62003633390821,13,0.38025322691888924,-111,0,0,2
95.2964330722846,54,57,44130,238,24,1256.6303836172888,24.577035520295833,-21.724908478264677,-11301.379622929728,60.971704611368224,4,0.05498315390661512,-32,0,1,2
831.4777146588804,51,48,-52658,88,-17,239.36918282416588,389.6560344571255,75.40657426580995,3136.6300049689253,62.72592183680653,9,1.0461494180118802,13,3,0,2
74.31577198391511,55,67,19675,306,48,349.6295373069358,315.95434230084425,-30.979894228132082,88738.04208206804,204.24413209639403,-2,0.35985758114778205,-12,4,0,2
193.76772028695768,67,55,43910,1671,51,126.49058859516256,278.81369484830805,-31.382704784989777,-9259.655621115206,188.04885715687587,16,0.3359094988431623,-21,0,2,2
480.52871624811524,53,59,-38563,132,75,179.3979215438443,68.3723155566289,-28.56739478568672,-15789.51568293747,109.41879083185802,5,0.2992786747357301,-417,0,0,2
191.6650115762276,57,53,-78049,784,221,156.45342942827125,43.64970546263022,31.582291330868248,31152.70113831623,193.63515178431038,3,0.8595432278673549,-289,0,3,2
197.19398210773528,51,54,-37303,494,58,323.29095790168697,42.01115315822255,12.96133140444783,55385.587423692494,1008.8788094089488,1,0.44672845839321684,0,3,0,2
158.0260776668618,51,55,42191,277,41,342.4281240947362,693.2683956143918,-11.16661871702702,637.2158808617351,115.89185535022614,11,2.051638771463517,-226,0,3,2
236.8237566016236,53,56,-16287,317,53,24.600154821523752,16.217356800396576,358.1429955177201,20204.78876144691,40.50004591953829,6,0.9756481536259516,-51,0,0,2
885.4131140495922,104,54,-109364,-47,26,144.25703986998093,-12.571035699601559,-36.64502470854949,10488.180099833204,176.17945471900092,2,0.925137793031934,414,0,0,2
127.26390199969394,95,78,13332,317,29,65.493356301419,310.7274179450881,-43.27388414979519,142481.57895423603,95.36325981547091,12,0.5372685010081096,10,0,0,2
175.28727871329795,72,56,-4011,149,69,65.28104284925871,13.411371455548633,511.9673034790921,-6386.4368000344275,49.33827317243826,17,0.27660320644472475,-73,0,0,2
619.5704208935878,54,60,37588,148,61,38.57115677180424,224.34823010655492,-36.722300252749086,-15756.979481254488,135.503537584017,8,3.5634576579313038,-68,3,0,2
180.5147057287084,71,59,4897,181,49,46.39375373887921,16.61939258967716,16.35752078030956,-4304.444284626883,237.7239545447448,10,3.7300895732343617,-111,3,0,2
734.6115768377674,91,61,-11700,92,34,447.76316981013247,21.34004428362249,262.1406850237698,-6229.5763823407015,51.3752565195001,14,1.7318821431140972,23,4,0,2
195.7227883470174,62,53,39340,307,33,232.22123013927418,56.08345442027527,-5.764013856636299,386118.60580635595,46.158803113686375,3,0.8642970960631255,-25,0,0,2
202.94231467770572,69,54,-265640,270,49,178.01504542906423,372.869464638152,-4.900852057625078,45926.426723029916,82.37894518221107,8,3.0684173304216404,-13,0,3,2
146.9840516247748,54,75,-342245,47,128,122.87359426562887,69.04111426468347,-0.5309017150673792,-6719.809344237143,47.485273294357654,-4,0.7843013154059488,-50,0,0,2
158.16521877374643,65,52,-78218,1684,52,215.57888176044537,884.2403326328422,440.35491047578694,-7474.89419142013,127.39623016165578,14,3.861377444029541,10,3,0,2
231.5521250389534,66,55,-7768,2063,38,242.78539659560923,17.54251847153973,-19.1264787108069,-10666.194096034707,100.54306008330522,11,2.503125641601753,-4,0,2,2
682.616015741615,51,74,-12978,233,64,114.47854093366473,356.61421328458385,481.35587511873797,130656.39030852332,177.3618164384915,11,3.9749928203149114,-66,0,2,2
170.97297025734096,54,54,-17905,1480,466,60.70119602496988,6.446841614900887,526.1337320224688,-1103.274657606381,32.52767742035054,1,1.0319813100519817,-43,0,0,2
176.62247977344526,89,52,36755,109,34,72.70034757040621,56.89744208305769,-38.08526393039778,-21911.738142706192,78.85685056632333,5,1.0039507739298439,-19,0,0,2
755.9646991446275,57,56,-72877,1077,43,95.04660132281948,-11.347978250144836,7.810556128155827,-8648.27079213737,70.20967303378778,9,0.3093746449693761,-442,0,1,2
164.4659755592893,49,56,384736,1112,55,46.02284188941877,67.78907605309128,16.785551122531615,-5716.354280495536,55.5215435264728,16,1.4895052393593553,-106,0,0,2
201.2544805777563,55,89,-45342,1226,25,1318.5476789290815,353.6562623293468,810.7822120134533,307114.88735506404,96.02503775481932,12,0.8577135140100354,-47,4,0,2
140.19306606414258,52,62,1249,124,233,141.17020977911181,315.63968346344575,-40.16853994033868,7642.549776298732,210.38835309470588,11,3.0527981705247376,-94,0,2,2
96.37002520960986,51,56,-56316,85,32,103.3912300271482,44.936632514487044,-31.811588062375478,12359.671448210502,186.4140062343175,16,0.8990718417784229,153,0,0,2
148.63132548660457,49,87,-95860,674,43,628.7085502283959,43.47113333481997,-28.143903890342308,124422.9287674995,73.94785572301782,11,0.9670295815169745,51,0,0,2
199.2587138880906,66,51,3676,267,34,753.6615746338585,236.22418677360167,-22.998571561599057,97229.4520831423,246.12969723121364,16,3.3604882559839657,-93,3,0,2
129.33991556934143,73,59,-53514,946,73,63.06866815966972,57.006713547021214,28.79581051389937,12690.265301047515,27.421754714377037,15,0.42916676353419403,25,0,0,2
199.58210019378083,56,53,27833,1246,49,172.81890723857373,-9.06044474918792,48.509774249662094,7948.817092449519,111.89974750451847,8,3.3269642266366843,1,3,0,2
226.25418756125595,48,55,-3879,150,47,141.87476666068562,42.71069412577091,-20.44975895982408,-7517.50848850094,127.53843816473403,8,1.1511319736175518,121,0,3,2
124.9060138039444,56,60,-35562,113,40,92.07913596292848,656.9981059255736,21.3271274758864,-604.7079304548506,124.52264775462596,10,0.7425580521807513,-443,3,0,2
173.16610050545427,54,57,8414,1059,39,59.49395036191882,27.6143846157498,-19.50637832245237,-3068.914234061829,98.8099483911165,3,2.1792137591711938,-60,0,0,2
369.3514258544071,56,59,-6613,944,64,116.29913743598118,31.352697734106638,-12.178510846681966,-13214.98829014399,119.05388191692904,10,0.8782780782830983,0,0,0,2
208.64156440052312,55,50,42874,271,31,97.49568696880122,-0.20433390171305899,-36.06027754770289,357229.6399855026,42.62480855601018,11,2.917156156852719,56,0,0,2
568.8950948391025,51,71,-15638,710,555,122.00372850350784,711.1957037901632,-4.768192971759395,5289.7908799496145,265.7727249787326,15,2.197110033078148,-307,3,0,2
143.58830512673376,57,51,58752,287,116,262.74536214994987,50.88628038234141,-33.37808076976651,23121.37802536859,111.97077428526069,7,0.8017323989556928,-101,0,0,2
164.00537409489925,50,57,-26099,87,29,506.7459331628053,-3.9313355288074336,509.1193564046685,-12220.193692802672,212.36807031147015,14,1.0126944699320881,-110,3,0,2
852.1853083013182,76,83,-10118,1764,57,237.11532084809468,321.8217082983916,-26.23552347599245,-6365.21392422759,111.22165505154058,4,2.259807716419674,-10,3,0,2
800.6689621093653,53,79,-65171,946,20,83.86805172313197,85.112627086788,-46.89003539125898,-9075.935289833702,128.91693137284653,11,0.2874674388443529,-32,0,0,2
230.65598250182353,73,88,29638,1256,68,591.0071681484936,248.92530827615724,-7.438254027904336,10835.54307222908,-23.255088349838672,-1,0.40121778263400654,275,0,0,2
135.41176707017647,49,55,-30800,1174,8,146.02816300561318,-8.203033911360288,4.853063315876042,47826.823525591826,143.80451195363145,5,1.5157552313426161,-61,0,0,2
197.56409860531085,60,60,67552,1797,55,623.2281130691806,40.30251671005385,-32.598936900638854,215294.9096633063,63.29036471611845,6,1.8808662905222728,-44,3,0,2
197.55723669411347,73,51,1471,272,51,125.25663939979444,68.29923873278713,-11.261049325183514,-1113.3238924790157,114.80767500093361,17,1.1726506577248554,29,0,0,2
772.8270948430235,49,61,21713,198,73,1259.9289192371523,196.03944912268145,589.5725892208618,-20119.527742497587,82.73000653836088,8,1.1850473263448036,-127,3,0,2
752.4334651881225,65,82,-16290,2100,43,542.8224949258628,-30.218257209315688,428.06928661291556,41832.13172548786,85.53118539790447,9,0.9060951229505538,159,0,2,2
1496.0800354061735,66,81,29947,925,46,27.877061665165847,41.965548764436384,211.6866217704159,91350.08233114115,77.17214097428906,13,2.024077818613096,-8,0,0,2
1354.8829453476521,89,92,-100852,-4,52,136.1105424476269,-7.2837548092809445,542.226025635584,-11581.267841842475,255.62322930556854,16,1.6149838455151677,-66,0,0,2
684.7308831135865,103,89,-62729,602,44,406.2382968881657,304.503961963321,-1.037280925939923,431756.32515202294,225.27673407310374,14,0.8103820576745051,-366,3,0,2
166.83344448231148,57,57,-95502,254,61,141.97782252947448,38.59521004582131,13.518610045947174,9627.293433103881,79.25717621895096,14,0.632460462168846,-4,0,0,2
1059.7508759707102,79,82,-16821,1396,70,118.46474147058444,-6.165595726715164,391.26164469396144,-9555.39865814866,95.80522107208878,10,0.739015391154943,-88,3,0,2
205.4476157548043,55,55,-48079,191,86,656.8798491989955,66.64476366481536,-41.31665936336717,-5755.793919804979,81.17171693936471,4,0.6399358392800488,-35,0,0,2
166.8742296065964,90,53,-91054,766,434,126.50197253769352,52.67123949971104,-12.928632022657478,-7768.720889580687,80.07983738506572,9,0.987123819063815,-71,0,0,2
207.1638201094521,74,57,57878,1637,26,215.21401140934825,0.23818834538300449,-31.061058546075536,-1462.297859391234,112.70455523312691,6,1.8567829759803867,-97,0,0,2
716.0302655071323,53,57,39124,1062,39,69.56283603093787,329.870916283828,2.379330176844997,6522.3986219604685,105.20598024212698,7,9.51513278673329,7,3,3,2
610.9562239688343,62,77,60450,89,431,74.63290899739249,57.80406691856229,-24.073472129819233,3025.914681008272,257.9190380323438,10,1.26954760985069,-1,0,2,2
176.1734974275953,49,56,5757,1046,45,197.72448132118416,722.4975647802652,321.29384533437053,-2548.809581923073,45.70612687527648,3,1.4625587542811953,-556,0,0,2
487.4191499698604,56,78,76963,1971,29,115.83720667751417,76.178437953186,699.8859618294349,-1513.29613904097,63.062018165552516,14,1.296574358754616,-507,3,0,2
135.25729910618037,52,97,61123,1102,38,127.44357663081189,69.61617253238148,-49.83354326297672,5574.450194622676,191.655789395639,3,0.42987792462226004,-121,3,2,2
51.7400553129811,52,55,4195,1344,41,63.93558559763354,162.78936577310105,603.7349343287622,18717.341535776868,50.72030656663388,14,0.4291090000307801,1782,4,0,2
376.99143607072205,86,58,7095,984,598,321.8688119014459,23.336762831906217,-22.465851537602326,25556.522934525972,151.66190153116975,0,0.4527273647754478,-66,0,0,2
143.9370343733588,48,54,-77892,151,40,131.68237983499483,63.37672503786529,-32.23409817768832,-10808.73276670604,269.8957462153765,-1,0.15095248321812393,-325,0,0,2
178.57965830367158,56,92,20503,109,38,290.0113674593094,-5.36037224613716,-47.753747686455235,-21318.280317558005,98.20533912954619,-6,0.47139854663762487,-129,3,0,2
-15.09630906647456,90,57,-14706,184,464,-0.7785516904473297,360.2080156120529,-23.632966418246173,32218.633466998326,166.41365417825043,15,-0.05873637763416628,-218,0,0,2
1406.0550217277682,51,48,-47910,156,439,620.346649184303,72.45876557648967,-8.744454584192727,-14449.468394802478,195.6312478658436,3,0.3323344452105083,-37,0,0,2
186.2889405718709,53,76,29475,1165,38,152.59633917381655,65.02487896856944,-46.78039410601752,6265.624869827103,628.4160901925801,8,2.462896151636795,-79,0,0,2
10.460700432490782,49,92,327414,1175,75,72.59693449143434,50.84756474902608,-7.903054080648546,-10541.941454126441,40.70022973169099,13,1.5292333569039376,40,3,0,2
513.1225969416498,47,96,32898,968,61,566.3928230751662,296.43356912460865,9.952674646693236,20153.834927005973,177.6318423913399,3,4.708953529091138,-481,3,2,2
1347.3821335177013,57,55,-29196,9614,28,1428.0576407810745,46.681066533025025,372.0303426629017,-6569.290161139095,110.34155980695826,12,0.6218422072830183,-107,3,1,2
101.07827368088357,62,85,82422,853,68,36.59577373856081,51.19316999774575,287.50611811644114,13059.539761381362,106.4101142133988,5,0.7682630004643682,-30,0,0,2
793.197979645747,70,85,-341740,188,379,820.6156248347473,214.72474463506603,-35.173106673307906,530162.1798138834,70.77570461925268,13,0.2557827188121719,62,0,0,2
134.3341644629035,52,78,614226,19246,52,580.9385475953072,-2.04945774750037,1.5039059441280012,17204.016825441206,68.22841969756641,13,0.16689146272468885,427,0,0,2
218.1244027618317,51,76,-44634,1973,16,347.01055916307,23.06811183313471,-30.591936573542398,44764.504815138134,36.98612535574438,5,1.3072898514584415,-101,0,0,2
1149.994601717283,71,53,-57336,-18,57,1347.280020231096,157.44714433240193,-7.581840987779379,13472.275673678305,237.7870571727887,15,0.646674734679981,-112,0,2,2
173.40350533394775,59,90,-30887,397,39,93.08002914920618,198.87986910670594,25.820002567089812,17335.34027937751,191.1788117317387,2,1.6416715682674186,18,3,0,2
153.6086617872743,67,86,-25770,1574,96,72.03187768919028,252.97047320303966,17.944607006165068,-3445.4246052723774,197.37818011225133,12,2.227606261917941,-69,3,2,2
192.97091977176765,54,62,13379,881,35,92.47882248151063,2.6215190880275934,-32.21069302619559,17303.496730299194,93.25843578748994,13,0.2106796050721343,-64,0,0,2
209.87304104166336,54,60,32838,319,-54,29.15475326984815,25.63731835531601,316.183303046985,26779.323136764026,58.85887204639163,4,0.9304558584874584,-77,0,0,2
572.3880039853991,68,57,-94359,-10,47,20.396634041965875,49.78317264180241,35.016979185167706,110205.17250132977,110.18153845534955,6,0.9490005738588715,-192,4,0,2
227.36601322983685,51,59,52963,811,58,50.83133929298296,6.271535652294519,-0.5617640863283615,12111.106711712073,-2.2936721108659697,-3,0.18690382910273085,-315,0,0,2
173.65308284692668,49,56,22571,270,44,1278.670258549205,44.69496893439563,-12.831532891399519,56117.460878978585,190.14157470225015,8,1.4941306348614254,-61,0,0,2
205.26104096597876,57,60,-19245,305,64,1517.9132779261217,42.878260226213854,-34.51066799540785,-5956.603145264495,61.07717142537031,-6,0.5009496319940653,-51,0,0,2
176.46342759146435,64,54,57279,171,42,410.1412611416736,75.77390893461278,25.8132935737221,-23773.552536917698,100.85069829627278,5,1.3479695905468154,-102,0,0,2
195.63933828075818,63,55,-40570,1325,38,97.63653596734869,2797.3965505387887,-10.344806146195097,-8931.968600375756,224.01680338422113,9,1.247697750847339,-47,3,0,2
117.20731560129363,54,53,56186,933,83,371.4755844418192,20.25925372860106,-6.0054746495063,6078.63209770731,79.53662657840927,0,0.8901565598257304,-72,0,3,2
154.32630813859336,83,73,-73437,150,58,568.4981964671626,4292.393818233719,-14.303054035110815,19351.65778365304,319.2511732444784,1,0.9140121486044053,-47,3,1,2
79.08442761818446,50,90,1415276,201,203,1540.6654604969158,31.593601818362774,-5.463971492269638,-4217.374388957871,263.1586993216697,7,1.0849416608130777,-425,3,2,2
87.63528365134772,83,95,717,16740,62,47.129805545020275,9.572357184127366,-12.649535227175178,38982.73725385754,75.26195933960541,3,0.13120777459410538,-55,0,0,2
1590.6973834405744,66,51,-64209,211,49,193.3456616117279,55.88902881624028,100.96167006097241,-1268.1733087772072,201.56252588075466,13,0.3241977214086789,16,3,0,2
147.10603218735406,49,88,32657,1270,29,262.0481041998488,298.4280432521693,0.455359426700237,90152.2924300771,26.295476490719942,-4,1.4495887658560653,41,0,3,2
1340.2788145607,93,56,68226,489,57,95.23021417945672,-1.267735333228782,15.30723607356271,18084.25359185296,124.66925655096242,6,9.448477862743902,-35,0,3,2
125.20300193361649,51,105,37426,186,69,154.3617001631951,4.679570505965995,19.01739527186589,-13579.420531560749,201.05160181320525,9,1.1204210947730049,-31,0,3,2
333.3363339622107,53,59,-39851,229,30,124.55888949207647,27.64804493818964,3.360860387671473,20655.216132574446,89.24241104730271,7,0.4755071556191456,-102,0,1,2
65.10285180092052,57,57,14110,791,63,391.23814801424015,79.42268682113257,-23.508796613237422,-14906.351288205462,256.23390264659804,6,1.0679706525030128,107,3,0,2
1612.0289205350578,49,54,-20088,1864,25,157.30120566354967,-45.72577375394054,18.99642585132706,198553.42155615322,70.87398014532774,8,1.609619940215191,-5,0,3,2
148.79862926095814,55,89,-3847,109,52,915.5551054651618,22.756438726416977,408.58571393589034,4947.163595057205,83.35215620828113,13,0.5191371675370291,-55,0,2,2
216.57012797881816,76,79,-32773,1510,47,180.18276640914502,12.270982462863895,448.7410247916139,16979.920602768412,35.864203402290265,8,0.5407806715345733,-86,3,0,2
473.7275484242583,48,89,-43772,1139,86,535.6896783391885,72.1885716019686,519.1926213053606,2627.6970778710747,193.18360110154833,6,1.2471739426165123,-80,0,0,2
50.97583157704284,76,58,-75982,835,6,79.23179224921074,54.8997122061091,10.323765842345043,32926.03033677136,60.067345586148896,-1,0.5409303418442054,-74,3,2,2
135.60946507471604,68,79,38324,221,27,24.543391053287174,553.7934914450434,-22.74603215226348,-8869.962339206431,30.62339090358588,6,0.2856207101149595,424,0,0,2
1448.1328608085685,50,96,37617,86,67,93.77465042203336,257.2609121238652,7.162182293860276,-4568.073638066202,51.07090625038003,10,0.6714061345443759,-44,0,2,2
653.0161680279971,70,58,8132,105,544,94.98399938542534,109.30218443166089,54.64956791897778,-8947.185023679167,125.57156572493327,9,1.604533875095462,-67,3,0,2
62.43889785894223,80,60,-6604,840,80,156.48375282039655,1.6857081267109997,-33.84148216149294,15110.188592006953,254.1826698277069,4,-0.36304117620434573,-137,0,0,2
151.2896529497166,87,50,14031,2112,649,554.747834363843,-20.219670421170125,15.367931855711085,207579.66920049922,262.33787549433066,17,1.13996075431577,-42,0,3,2
750.0910111247113,80,52,-67692,34,25,548.6163655635099,276.3713808584765,321.2629597133124,4128.096839452723,78.9125585769109,11,2.052436950372017,-596,0,2,2
861.994015174507,51,66,-19156,277,44,354.6329284752934,49.45664273058763,-0.5459761992053567,31305.999012779976,188.9239271030597,11,6.878367235144326,-12,0,2,2
1196.3412787550901,81,94,-14521,922,50,1314.938359173796,47.18881481543401,-32.47276737291982,-6985.275381499823,87.36581984158282,6,-0.3910325353288995,8223,0,0,2
755.086195171918,76,58,-50361,211,57,319.10076226309036,442.75959154805724,-25.913495610606784,115626.88731097653,91.45741875853102,10,1.0890628180261723,1,0,0,2
805.2741994829521,78,72,-24148,1093,27,476.2807694526016,-23.909205252618655,-13.088148071449954,15561.110632536318,28.215301672332956,11,0.10184911438157362,-209,0,0,2
195.29105304015178,57,60,-40398,278,34,57.239114931203,8.304575756451426,-12.33558353199112,6369.015789325679,56.54517509471394,4,1.9236909893433423,-49,0,0,2
141.28388505836043,58,57,-24608,732,36,104.05934659679156,36.698525093736265,333.67674062805975,9849.799135588673,197.22150221954402,3,2.1027304089175223,-102,0,0,2
197.794139853469,55,56,-58539,170,39,35.891025825074664,10.27793880846383,7.054602030081075,-2531.690565044124,59.6273919503121,14,-0.02343523076537901,-442,0,0,2
887.756237704446,48,60,-92940,226,29,51.65503186217061,45.10613866043202,1.524915912479418,9760.563257503836,76.35465962758525,14,1.238390104809039,-27,0,0,2
222.9998771622479,48,54,5538701,218,58,177.30443790406304,315.4233492141828,-41.228049512966145,10255.27652733143,132.39969971166948,3,1.323971618138985,-108,3,0,2
1620.0718355714848,73,79,-91431,518,39,360.4901860954156,34.48377927522417,25.923970974833487,16245.032351116353,84.29676263816643,0,0.9147695469922223,-33,3,0,2
181.73136294818707,50,102,-41706,291,41,22.259885241279328,25.97273303535467,501.0928720836396,26088.65560689941,35.81151206840808,10,0.9400917647496152,85,0,0,2
116.85138423106727,57,59,-39498,1174,52,280.26223008538847,67.01194925484751,-18.57910423030731,-12730.347343609186,62.69390962656746,9,1.5541518357836026,-100,0,0,2
96.99556337730598,53,58,32638,342,57,93.83382548083686,-3.519555541205157,-5.189632624819878,21674.595279697227,37.93922330466766,5,0.15900269424993208,-59,0,3,2
225.10021015246255,55,52,-21427,1064,349,657.5651880599477,-29.206952528528888,-49.795758426040564,-17590.534823684968,3.1715570711430985,-1,0.06989026375193297,-113,0,0,2
198.13622054243814,81,60,-37924,778,22,352.37914524017145,0.6053246348083006,342.2970470894852,4279.3125713263325,40.080548071216924,2,0.6808942844334284,-57,0,0,2
704.794850581574,52,80,60976,247,49,134.12392361904983,56.44486784195932,-33.135831918233016,15256.925314673043,234.14739381659467,11,-0.25621866650096425,23,0,0,2
703.1930390527431,54,59,-9334,20,35,148.29628100215194,-2.4668137003599555,-17.138235324781164,7284.435248149619,94.09907257493859,3,0.754128893858953,-30,0,3,2
140.5767564600027,53,80,-49490,640,58,63.67235921687822,634.1432126311026,-6.482535406711336,4640.144534376422,247.30753489251953,7,15.502940995911597,-112,3,0,2
199.7485159560971,59,85,-9360,308,19,96.95677034966337,-2.9595332923723423,-0.21344024892890046,26362.48888762641,28.425084044454707,3,0.6833926009063815,-64,0,0,2
208.7820317591518,53,61,-42762,978,47,286.93757299462766,65.89221255286249,-21.743919200938898,24516.50446545495,93.33107607584509,15,0.49863977320944963,15,0,0,2
224.59602690250125,54,59,-20848,68,40,76.09657626031141,516.0041123613817,-4.271247567260568,2748.8868287475266,36.566363580909695,2,0.3732446137399255,79,3,0,2
521.7556231097476,87,48,-8559,131,412,249.14716622435736,15.04258329933082,574.3349841744375,3860.5343736399323,59.52959828072814,8,0.6618669341245889,1,0,0,2
727.2177036744056,53,50,34844,311,27,218.68898429385968,18.462275922750415,-0.6449598496825382,13014.733796017303,92.23674037396569,15,0.4234385242103911,-87,0,0,2
143.36584880964605,50,81,79131,282,86,356.0432804295471,24.139370049199027,-11.136535102284299,-8899.779879416114,91.86917025874001,-1,0.7731380452101413,-87,0,2,2
1277.4254859558744,52,61,-1421,217,436,80.3353828757785,579.9101304572334,18.775567163517138,3661.195447636436,68.87378563357608,5,2.971487908952515,-38,0,0,2
571.7965700725025,69,56,9456,239,47,446.08543213104866,765.949689312429,-34.40579704105925,72431.64318560119,62.76677328565198,9,2.7817098070335273,-113,0,0,2
1646.4764949903001,73,62,-64803,201,50,1128.6952903118006,44.015984987455376,448.9503651096404,13017.502097593933,33.98303307574592,9,0.8158945734033173,-82,0,0,2
194.58719394065866,94,88,22832,326,62,94.36896044783258,51.473943616007304,-28.639798867978527,91710.57630010741,77.31300063061427,1,-0.11996084608355273,54,0,0,2
705.4857839228669,52,56,382771,162,73,68.97108105696613,77.79200928933274,10.99976275470878,-11449.046231717579,128.82121268623848,8,0.5827822901671599,115,0,0,2
1750.6393810293193,57,99,-15220,204,38,502.5357310765281,23.223872436910053,239.93115931123504,564887.5676945556,39.36875902306102,1,0.486656940724461,-44,0,0,2
216.22321512045121,54,56,-62486,-50,43,52.630542170423155,33.40353369177577,-39.70755424417641,-4191.001641035375,93.69071598403903,8,1.4809561991342122,-91,0,0,2
667.0890776617701,52,55,-63134,93,46,430.5248822695209,374.7581734887244,-0.2770018073611604,27477.51412408492,307.2515542189252,11,0.677591492412008,-64,0,1,2
167.8774756215247,53,51,-48888,1086,48,358.0966815336211,25.980645116529864,-24.2837368667823,23020.677880860843,249.1709288155837,16,0.6240439854331438,-68,0,0,2
1537.4512078038329,53,60,-33700,54,41,73.50851782206406,66.5457200781002,39.09798390708171,-14111.084509005033,180.09397323838792,9,1.1410409527066028,-89,4,2,2
888.5120078312677,97,56,66074,670,46,43.894424750648234,165.3230599453563,-44.52971764438442,196899.95300864955,85.26725072955288,-3,1.304908224281014,-29,0,0,2
716.6438025804075,84,55,2867,1152,27,0.08225370097439111,-5.0683980629785506,347.75078358544397,24307.173887287412,50.587575762274795,9,0.9495879749374934,-416,0,0,2
112.38749764363132,92,61,-46834,1823,59,565.1313420726585,43.053013555666396,361.0590139135876,457448.11201216857,296.38965599049305,7,1.2156468419999378,-79,0,3,2
34.24750406557854,86,64,-13631,1552,193,1533.4463410108456,769.9658661604876,223.20399124728624,47958.56636303665,82.0121301289666,11,0.7569667625446962,-89,0,0,2
143.39624080895032,70,60,-79824,252,83,536.1720600423855,5.861895410963244,-41.27716865610373,9494.902700301347,28.651764954167767,2,8.492449610010183,-62,0,0,2
205.60129950037785,56,57,-95874,2072,21,280.10000200683874,51.46002752038694,-33.30910178505578,3983.156395874722,169.94721949931187,3,0.2796624766582975,-72,0,0,2
224.8498138231895,55,55,2041,203,46,1435.3966101491756,23.029721317334825,-5.666176278156127,19628.580294996827,146.65549003700212,16,0.9025313494778063,-27,3,0,2
159.81950447088377,57,50,17706,173,54,118.1539832311519,26.141844776444838,6.677549828945551,14730.567056180465,275.31020606067585,11,0.5638928201769933,4023,0,0,2
240.10768277870704,59,58,-17061,842,26,472.6722054467697,24.41497376598538,512.5627797379793,-21805.267784218253,73.63478900394131,9,2.167918889728988,-15,0,0,2
549.594881438901,54,94,5506511,315,51,127.90935921640923,-25.57685823955686,-14.62455716409827,-3317.103783732733,94.49640059614117,-2,1.5029792768090326,-103,3,3,2
225.0543795052384,56,69,28636,1098,54,142.90503295279,-10.26605378116583,-48.86998985032528,187075.06538997652,282.24423536272514,-1,1.178721919897896,-77,0,0,2
463.70815407222926,58,58,2121683,671,58,91.76526175908913,63.692259581303425,277.94208400977294,-18036.22675983863,30.826333487320454,1,0.8468372822456744,-42,0,0,2
86.60915546910095,53,53,13468,249,55,1613.4647843144967,2.5652679283909343,36.22953814602928,-3014.624700118942,218.16183469897226,14,2.1457357550697798,-119,3,3,2
201.58352940176235,57,93,-71062,872,-48,1369.9169606846467,65.5419490630198,-30.069451771509385,16282.989713851819,179.1916294308422,16,2.047820022734237,422,0,0,2
148.5313030398569,57,53,-79657,754,47,99.47617133382609,36.73159380889389,-25.825876080899114,4225.269939176482,167.36940848448208,11,1.0400017308628287,-340,0,0,2
106.11206217535354,87,86,3979,202,71,118.13445509137875,74.33940517971791,-37.206309473932656,-13297.547862935646,30.28856008764393,-4,0.5918640207210234,-39,0,0,2
512.1869039989818,83,79,-34901,2103,53,1048.759102809243,305.6334854049892,-38.08442816842535,24535.720386300614,67.2989105514543,17,0.36004743229547037,28,0,0,2
228.50932296155867,49,54,-86854,725,510,160.6197652613016,57.03013799751969,508.49379048536684,13773.638756746761,96.83070012592316,2,0.39551638100608855,-19,3,2,2
156.65275551854145,52,56,-8734,207,68,709.465511367313,17.673694061882344,-18.68201171646041,21905.44484862093,81.38702463037052,10,1.645007088840044,-160,0,3,2
691.1434009329662,52,88,-83809,176,521,333.2279496580835,-1.493117054795388,-16.72304671332268,25664.31584170546,100.80387061569056,0,1.3757738220124978,-39,0,3,2
162.00336248941272,55,58,-29572,308,52,70.21161500539412,13.275418369912373,633.8492715252677,23435.157736227433,22.09618028836711,12,1.0781455808331901,-60,3,0,2
1666.5981693970207,56,59,-97343,1359,36,79.84840914938547,-12.768685829814384,-14.661025389707994,5351.415677127184,2.6872973218098792,-5,0.49228353558722704,-95,0,0,2
1395.7143837961746,50,57,60522,1043,82,94.80220133195527,219.3872767850101,20.746635450196226,213747.73711476885,208.77913672772013,9,0.058210718049531485,-113,3,0,2
698.7611514637442,75,54,415217,195,33,117.63172927310217,-1.449945379467564,389.9628152353275,218018.67454968588,86.43815329222595,8,1.5113543791578798,-126,0,0,2
200.67023785295095,68,57,-26542,52,36,89.67798080854307,3689.1011852741126,532.9267289676409,90027.99076822962,283.1120313330042,11,1.5329670141272236,-263,3,0,2
1184.0559800898432,85,92,-51665,685,56,282.30398813666943,45.19695837294488,613.2650045322438,9868.336250920936,308.7489713503955,-1,1.5207742812594642,-60,3,0,2
174.0018351587995,70,51,-32075,219,32,210.5178852216541,294.81436269612857,553.4606897489247,19440.267676946416,30.275299652147993,7,0.9821265235835379,-69,0,0,2
61.922987372092116,58,79,1932,294,28,1230.3434934824854,18.05345930135454,-42.87742767368678,151813.97981586258,54.252291269257924,2,0.722251157231526,-63,0,0,2
189.57580756803895,93,52,-37253,263,56,41.0686261228478,305.231352284193,-30.599366840941116,28304.52055447297,115.19022313739032,14,2.232082723318046,-23,0,3,2
1419.6988040246206,76,91,-59004,1608,67,309.0562183236149,170.5852861076989,12.458283792670859,128152.97233234122,202.3624396885783,-2,1.4566066151391137,-65,3,0,2
108.50486683142066,54,90,-38517,224,40,174.79061388215734,403.50011005910744,-1.6619786539480383,2618.6392785459147,94.7294313973363,8,1.1195985515690836,-91,0,3,2
194.15472054586593,53,51,23448,664,51,112.90015730174679,7098.769208249383,-35.969698504709285,-20401.83165632998,62.672494510658105,7,0.21954615143462675,-27,3,0,2
127.67975976665875,51,79,-17595,810,62,142.34470126641838,832.9161748413728,-33.57378645684457,498648.4682330213,102.14999962494227,6,0.21597287688759564,-93,3,0,2
122.60832302159407,78,61,-7431,234,57,177.25814580351073,385.5350119217682,-0.9045727056660446,30215.57679683905,70.66772528200208,6,1.5536066718091512,-402,0,0,2
144.07990051775062,51,57,-2895,178,388,271.4458996878154,-41.61882001142502,-37.71911622865024,957.9688718180159,34.88473059483375,8,3.7934909522949223,-121,3,0,2
594.0119282028364,53,72,7152,273,35,135.4371627538682,-18.467139111069056,132.67308336621937,-5479.387434651666,92.28324754660935,10,1.7247791684065914,-515,3,0,2
124.88400379130543,47,58,-64019,174,54,95.57159015610397,113.71025090148879,1.5371563430339485,15295.8321886874,97.19962490954632,4,3.744511213952185,-81,0,0,2
1734.371260867657,58,54,-50379,154,19,496.3864505139487,57.71779352147042,-46.041500380831444,4643.067167611529,287.2482907983558,12,0.11778775321216817,-37,3,0,2
1422.38885309902,54,56,-45499,139,72,4.868764890873052,705.2543996102543,-199.58369440683708,14743.692245828302,-8.425076592725247,9,1.2642921152150497,47,0,0,2
941.8890920723431,50,56,84021,317,63,747.4900807585117,300.62417180493577,35.70531312728655,-497.32236780627863,60.85943056914902,1,1.5366136854194181,46,0,3,2
792.2834452763634,65,54,-34074,168,30,59.57434360812806,55.374911428405646,25.614090280033395,567803.4456986774,72.65349734038496,15,1.3603706501014923,-57,3,1,2
664.873043525568,95,60,-1984,302,32,17.96655607126143,679.1695071215693,-39.26946613629985,23703.55023074481,49.14177691780591,17,2.1682335669408035,-37,0,0,2
199.59922614021463,50,56,-21124,324,53,858.5106504098045,-34.33164401480086,-21.659652259782728,150819.37545343812,64.56105477957539,15,0.5449846697877867,166,0,2,2
176.00958424465693,57,56,-45791,755,37,333.8206780401797,170.70948304592824,-6.920596800734896,12954.927284078283,41.94780442921641,14,3.7296385919150414,-92,3,2,2
197.19337087867063,57,58,-676,684,45,101.85594943242968,0.5892363144766062,-19.276891060123443,-17075.704613375972,71.45644941207097,14,1.1029876454903689,-24,0,2,2
141.43852024540251,63,58,-51111,173,36,68.06932612329551,-9.776918476516407,-20.238215774181732,379.5860533997957,35.1441140135638,8,0.7901062446759619,4704,0,0,2
823.187216040116,53,56,10574,224,425,123.7189611596456,108.81447919002372,-214.36127670294394,244208.69139469048,101.22821184103753,1,1.0276930702018825,71,0,0,2
505.6497542221371,71,90,-76805,245,58,324.3943636128536,365.49362567176286,-18.032866996692572,9347.95702743285,78.66802440617839,10,0.7088586643606358,-74,0,0,2
486.27180508523327,78,56,25195,1175,28,255.29772865282348,40.5320097024972,-37.86503874253042,-268.0204663283248,64.09808119370527,15,2.722986030512244,67,0,0,2
153.37532220869184,67,50,-48506,61,55,81.25761331156305,239.23527230939334,-3.3350109774340027,26095.164232541218,133.43280341313923,9,1.3192419000842222,-455,3,0,2
100.79968441100395,76,86,-68738,61,50,144.0037315542252,57.9106308464955,1.798647993839607,1595.5327945942963,218.42929701884933,6,0.6499406733685693,10,3,0,2
206.32930791423615,64,57,-173089,1057,58,460.3867883962497,-5.70323598138126,-31.60682637913041,-4916.256249377593,239.76415930650825,8,1.3033584507608214,-30,3,0,2
91.54311468827294,55,65,-65148,140,53,83.87354583991682,34.52849625808702,-5.394828408176189,6951.451455221271,101.65237359774564,-3,1.38792982198585,-43,3,0,2
111.52650077771827,67,70,30981,2194,41,99.48285355214735,60.49375346429717,557.2601429907119,36520.567190557864,749.3322045458348,13,1.1719950078935104,-68,0,0,2
956.6632313460506,85,56,36790,228,35,71.4610407096192,79.2513765394666,-16.566755408213776,-5480.033910416016,23.054553802090325,10,2.6935893495710754,13,0,0,2
121.01811258262921,60,59,-79408,376,52,1064.5874828189426,303.27121063923397,18.808000643257685,-2702.1979465053955,41.47918119653113,7,0.5207535236047075,-148,3,2,2
150.4591598739163,87,94,13153,245,39,23.83888875225974,49.447917855623814,-30.140083198841403,-2136.9605442784514,17.140415239876774,4,1.1553372399424326,-16,0,0,2
94.58790037697179,50,72,-8476,45,32,390.05004141281546,62.67402883147846,-16.717906204752538,-5218.201990485795,266.8840962416738,6,1.165290164121425,-34,3,0,2
102.4193866523377,62,68,71038,1090,381,550.3067193531023,78.61358393872707,92.17436038544423,117892.28082830174,42.66193026492844,5,1.1643707932361584,-135,3,3,2
726.0194007030166,52,58,5606,239,53,148.0698808957622,-28.45337809587165,245.78994688866464,1521.0238653055749,108.02475471223926,11,1.1926775596109649,-194,0,0,2
813.3720683349554,81,56,-52756,113,26,116.82479098234836,22.994685907698486,-48.75182302971211,7161.697350906175,53.13009056195828,9,0.9815055469953955,-80,0,0,2
1249.0580252848592,53,57,25897,1212,33,72.47754100820411,173.89053814354497,-15.053543480631255,-9892.3706870536,127.67492633895452,3,0.3554711509124563,-52,0,0,2
203.94468421322054,54,51,90101,1505,55,126.76302739242496,4036.762686847505,-33.2804721671692,41593.70098439527,144.58783045154945,-3,-0.1301581690147362,-362,0,0,2
679.2128544340542,59,51,25960,241,58,115.77877430400251,48.85119929968331,399.73119244877483,7709.649631559587,124.83052454699957,11,1.1039134135133009,-109,3,0,2
631.6417675930717,99,81,-4235,883,45,605.2135644499242,244.9429105146084,342.35260752975694,-12918.670351448667,178.27266192714345,11,7.2181601954503325,-86,0,0,2
69.31832278723158,82,54,56337,160,89,55.91579398974591,36.12637955918898,-33.67616157407003,-183.48394756086418,19.280071219522284,6,0.6992165786149062,-24,0,0,2
195.03239935219412,55,85,-92770,105,28,381.4768554620129,3.647712520854172,-29.052779770299793,131689.48581259858,100.62962573850415,13,1.4134291155420438,-34,0,0,2
127.90977218325725,53,60,-43579,216,44,118.02017122447717,-31.113204463240727,615.0353765552803,2210.883636944325,66.37158695410979,14,3.796762790312866,244,3,0,2
916.6466426561788,76,92,-115290,225,28,138.163483811979,-14.612715068884714,282.8395566317668,17113.266618954876,100.49045936385761,-2,0.8101431113342035,-61,0,0,2
129.74541415692295,53,52,-31878,173,38,702.8218592672952,557.8051119421051,-30.302037840786312,-9703.981877216678,91.03805287346631,16,0.4621338068451438,614,3,0,2
143.72979888888608,50,58,-9966,121,66,133.8855859674444,46.61484116108674,-7.357475152697027,35145.30578954155,147.8033207735605,7,0.5462952975617572,-476,3,2,2
162.1521794677169,53,104,-16506,337,37,62.89300164579403,51.47406620130002,2.4241579303113676,-7348.518569278578,72.05071207365874,15,0.9586939633854856,-18,0,3,2
616.11677717405,49,53,-9162,68,43,680.5946130259038,66.53465009318887,469.1089496597664,-1170.1317958503532,120.84984253073513,13,2.306229236655595,-537,3,0,2
217.52306868846415,78,61,-71959,938,29,29.18863219470913,-7.8064012021008224,-8.097706478665462,12177.0062577301,55.88856151517389,11,4.353189355605749,-33,0,0,2
160.2239824212536,82,83,27542,1768,27,95.69305526346514,33.77790384591985,30.062059384343794,28155.738774991616,34.676507403157366,7,1.2957697799630405,-9,3,2,2
164.92785714492794,52,45,-54481,1238,31,35.86328721168158,53.41631823860388,278.2964690981423,19828.49830743834,233.4700482769065,11,1.2328186899902454,-138,0,1,2
183.04016583231623,52,58,-4590,1070,39,1417.5924469971512,784.8387031399768,34.91540357539989,15860.019091973078,109.57574852714465,11,1.2774927034192083,-83,3,3,2
554.0935545746028,73,52,68153,1071,194,354.5659690077526,6.497727169639875,5.817026499951169,26617.532812030942,32.561103778775745,11,-0.04298117388715217,61,0,3,2
52.45983231655852,52,93,32799,1249,48,51.80847532179557,332.78467660165734,-18.466652266103775,41093.445926345055,101.089341242709,12,0.6998192769909181,-66,0,3,2
169.4132405432411,52,59,39923,114,32,1153.3566714238589,39.62699446518385,-21.6621690863618,86315.62695010359,92.23829082723708,8,0.8470306347852801,-65,3,0,2
756.6470234530867,56,51,67675,259,31,42.13659587667031,51.58926972747169,316.97901898832987,22525.39663589742,233.51574303871206,14,0.1581986611070652,-51,0,0,2
165.6111420434528,52,58,51605,198,59,108.25049513606794,35.985033386897854,-43.48244683269568,46596.22956872543,1335.623458969592,12,1.0383915069626162,-59,0,0,2
719.8839024290384,54,56,47005,-11,-8,569.1207859561714,-24.45191432752929,13.014018755093275,4452.7458570076,195.10428556849445,6,1.4040578374829402,-607,3,0,2
112.26800236149411,52,90,20892,312,65,127.65109576676414,-16.590546154949113,19.233379635569488,121173.28159907213,141.82260722167433,13,0.762990150280684,-97,0,2,2
153.39962721347916,88,57,-37851,33,41,1042.057546903138,47.66670824927253,-16.981819991069045,13752.894831226386,95.14188329739198,14,2.3021822270433323,-27,0,2,2
164.12798895179088,58,51,886,1028,18,108.38675766204432,24.712304393455927,-27.772041332185125,6067.964490006732,75.28657141368066,-4,2.055295126356235,-7,0,0,2
151.1190393123149,78,71,1289604,1151,59,152.52164959470417,5.02502876892369,-8.322877545602527,12369.016486268396,186.10305618337281,4,0.43980113428606266,-561,3,3,2
772.3981736960691,86,91,-59430,197,53,144.71898622288975,-12.129945835001847,-5.950327716252498,25117.755594175593,112.37689402046814,3,1.1809524011814245,-135,3,0,2
136.01824469378607,66,55,-12734,15179,59,138.69903265698224,727.3106815945077,22.687511358588235,81393.30676001424,621.8045035460218,8,1.3979157160281934,56,3,0,2
42.00656402151852,57,53,-33057,240,-60,311.5329736864358,2.4898925470327855,13.479936973398772,2535.720680820843,76.22057287076876,12,2.5277848185748195,-120,0,0,2
78.97126230496904,52,82,56387,984,69,90.38007669226666,346.6337805008454,2.6507420288880357,338187.0309626927,328.2598849993547,1,3.378253210595017,-280,4,3,2
795.7182580651322,80,56,5985,298,47,169.8165492570431,52.16903953424606,-18.84318974853596,8400.254726261479,118.30318298359047,6,0.30977334941332024,485,0,0,2
106.66717493386363,52,60,-98375,14392,63,185.583183990299,39.88141491041021,38.19518161241701,-3658.2022905299455,280.5137103673338,12,1.0594094730993042,-103,3,0,2
201.5752028473346,68,60,-13454,278,37,69.36572910886046,26.21996358667376,-35.87705486250526,19260.621297401332,25.207577333752432,11,0.8279396124073726,55,0,0,2
162.86565100919825,53,99,-67727,818,80,1278.7697094725402,248.22095385768154,-1.5769756507351023,6799.531454381608,90.19217462944572,9,0.4402096994067035,-137,0,3,2
113.38088038200235,72,61,43183,1003,58,64.96906531940613,-13.929334040792867,-10.546831567640016,-17544.974444192325,37.80699429734055,14,2.0748212910184622,-1604,3,3,2
182.11975865458254,80,49,3509467,1186,42,249.1531013936725,376.70281347672267,-45.14557117891717,505555.0668098936,18.801873272852475,4,0.5834069574116475,83,0,0,2
646.0615574794256,51,84,-47108,787,34,189.27558134465852,19.22750262045937,333.51548204888104,74628.71271102631,145.62157583647553,14,1.1394495132429596,-8,3,3,2
711.4406519338733,51,59,-66187,306,345,106.15525944004006,16.30593533397095,1.8415595053863163,-14394.326320945353,140.09101419372328,14,0.9972588202452445,9,3,0,2
189.27236116900465,91,59,-84780,948,28,119.37686037282552,284.0274885710091,9.526847243277501,431.7762727400541,178.4829862792185,10,1.0542478536199331,-12,0,2,2
177.76598555977273,86,56,-55768,196,40,130.4013744114251,74.57158705390789,716.9429458357117,-15069.404020184864,136.15137207121748,5,0.20670868596195563,-387,3,0,2
96.59977525901553,52,78,-32337,224,89,616.7861806898653,15.080414186620503,-37.393596481051,-701.7418514216333,206.48806850426615,14,0.6656462880611034,-28,0,0,2
50.94737194450951,56,53,-53515,544,156,61.62450296456653,52.59202275164306,-33.839161872546654,22305.24739529474,141.50276872700215,8,0.9723136172283513,-131,3,0,2
204.19968205941422,50,51,2305,2220,84,354.11742051960067,232.37831641462532,-42.866765030075065,90947.65848277874,259.5551645618962,12,1.6765291550228347,31,3,3,2
236.6323381107764,54,56,-13071,616,69,128.2399730788932,-11.399717238361884,431.12792256223435,-2425.849783788779,68.6026345026384,13,0.6098599071042332,-34,3,0,2
810.0266618425753,56,56,37156,286,80,220.06751293749534,7.359433156283311,-36.186924108511214,418903.8247170653,39.09826103610715,2,1.1580503455172635,-116,0,0,2
406.18761436724117,48,68,2977,857,71,59.37940138950624,45.64592700749894,-0.5889981439122356,440.30571235596017,67.37670696535882,10,3.869445620893267,32,0,1,2
156.5388881568485,70,98,-45629,1495,53,142.39932079890428,352.66922052094714,-39.821126282073585,-3397.512092976409,112.7759821282306,15,0.30933289323656776,-191,0,2,2
119.44859167087125,91,60,-33416,1571,58,261.6805887196409,127.71113939452837,-26.92200652972487,-11768.847402552952,154.40433060435603,7,0.3179285264968759,-29,0,0,2
481.0644365735783,50,89,120793,933,40,64.10244027722648,-26.20775943788006,483.5835348041502,24830.17505370196,41.518419715778144,13,0.6849044451569395,-94,3,2,2
175.17818009157156,57,61,-44285,144,35,494.55253111925344,-55.20264553100105,20.385714122974903,6011.044752100267,188.24640060104414,12,0.8476947258101121,-70,0,3,2
77.49968796766373,51,52,-29397,917,35,443.8996639500183,304.9726077880831,-31.903529511872073,9839.241089656865,266.19682261194583,9,0.42718401046042453,-61,0,0,2
172.4336923955929,55,60,-7985,196,38,109.45454198924,323.5007292460391,-24.204116227915772,11981.951243783811,17.793158000813513,10,0.27903536790268924,-124,0,0,2
101.33300339357245,68,56,55913,2030,62,222.41698080133955,-27.15533575584314,-30.278697565793735,1827.9968212973617,88.52937057230838,0,3.183186002366111,-312,0,1,2
214.35845903784806,54,56,4917,1063,32,109.29942992433996,2.904591658072121,-15.386997242571496,29159.27233936175,145.77209759789898,15,-0.018446598973164696,-37,4,2,2
139.37264096897303,49,93,73435,172,59,163.2731751319671,41.0363815595613,-13.73168097395543,-16662.44728985661,49.019914039847194,3,4.092162712901139,-96,3,0,2
225.4334683841779,48,84,-65001,1129,61,693.7026857394981,46.257097303491,31.648583665220126,-9245.5843834515,102.17432238069779,14,1.5804116695171175,-49,4,0,2
118.99756228428592,71,55,-49543,10,50,136.10419550980484,54.29884173960242,-20.660891897009645,-1162.3307958903497,120.34318072729039,-4,1.5380036433783688,-38,3,0,2
1574.6076712111158,59,53,13333,97,42,71.04415205972708,13.18037879194283,419.67038514739386,67607.90951492924,172.3995118504136,-8,2.9621427598343146,-49,0,0,2
473.7598269831666,69,54,-41563,109,64,174.3771896349815,516.0133828590812,-36.37191372427155,71101.62717825462,256.40015686036134,12,0.6960132734400439,-26,0,0,2
121.58188201692508,53,93,2673137,308,33,577.1168187322473,-27.280575286631105,10.238520983355837,16897.566516916137,71.4538278071392,10,1.4329699106713765,-126,0,3,2
685.1004338192957,53,47,61371,1048,39,97.04960990975277,50.03404077843781,-18.22750412965063,15869.33411508477,103.34397351653243,15,3.2051681912214995,29,0,0,2
-30.812576755224697,53,53,-41250,291,67,112.57671298389104,43.80040542573473,-40.68228167991127,88874.18027223484,-10.79244704927953,12,0.36043635176848887,-114,0,0,2
557.6139962402392,51,96,79618,752,42,80.90750201086327,10.745942807057776,507.7335633105263,305825.34308728424,257.5314025339585,9,2.0024387686464724,-108,4,2,2
530.6561141413717,50,79,15073,327,32,264.62960485853785,21.835955090591867,-26.005328296559025,61331.416021597615,77.69761888305092,11,1.0805915314950352,-137,0,0,2
814.5352230698251,68,61,-27264,199,68,168.80740082118535,554.6854020838205,12.008181129407546,4489.41113403012,141.58875498923163,9,1.1465482919954044,-92,3,0,2
124.8076722371245,56,56,77147,16326,57,44.7603958009239,34.76546428848806,17.625302999719224,67441.52497090098,88.66714910866015,15,0.7808219727945152,-59,3,0,2
442.57360767514393,51,54,-21953,216,60,1349.2875657520483,35.79293956832204,405.21141414649617,-5943.015592714692,61.41174498709844,-1,7.266300362782932,79,0,0,2
152.44766101054947,92,59,-86211,1096,22,118.21998670616875,25.14519836527884,-17.76620549978178,12188.942393739933,161.75252068976027,17,3.249274071725103,-136,0,3,2
154.92266011845288,64,95,-19219,179,40,22.429665828019353,2110.3109639638787,276.0478725253782,-2877.3247919808655,43.5524450100643,14,0.8483210018022374,-75,0,0,2
1657.228413159844,56,79,-22513,1658,24,6.188857782872731,234.98847815151115,-15.611662654433921,22226.589765509343,12.868324847880658,16,-0.2586869780216581,38,0,1,2
515.8399729440381,49,51,67442,293,54,1034.9547314801018,35.10681103073486,356.0155427677899,-1383.7995397049126,223.50352325813475,12,0.5165729089715687,-202,0,2,2
693.050758728341,51,98,-46600,141,41,89.0064899915502,53.359262779539904,38.89405798580908,-14082.77348821049,37.7749601875243,15,1.050251421664865,-87,3,0,2
173.00961433228247,55,60,-88582,130,33,136.42334745754874,916.2962146185378,-39.71978155632098,1559.1347660350748,62.07248204772579,17,1.5848918554932054,-22,0,0,2
69.48703354169619,79,55,-4364,1562,29,75.1920248046282,144.08633721381392,242.64683236932132,-4538.512379320244,110.79442623220548,9,1.1665025163411766,-561,0,0,2
856.0793970491065,76,60,54367,282,22,16.63242038439992,-24.948829800919363,433.9041675317376,3036.523810069675,169.88104849533448,3,1.2454679509157511,-129,0,0,2
694.3086447096871,56,58,24114,161,43,151.01667338392411,26.391532363413482,480.4962919621021,15783.15427801275,94.00035812802446,88,0.7831295982588808,30,0,0,2
145.39291280958912,90,60,-77377,194,59,59.871482051933235,-9.02327209162214,-40.84475915012203,-805.1188806666869,168.11485972832426,9,8.049657471900478,-30,0,0,2
1520.5819528190864,56,53,-7002,307,48,447.2202579456703,20.484245708883776,-4.4663092596680904,-10079.557744621436,49.288641643335325,12,4.068593714957528,-97,0,0,2
699.3136069176431,67,59,-578716,299,19,350.591328660254,15.65537252065597,330.6483278123652,74743.04557833551,106.76938973437126,9,0.9330855741553292,-113,3,3,2
128.1649949156162,75,52,1083237,1916,47,140.20222768764944,19.429647100588653,696.7699064951089,11008.306216515335,105.0085402432359,5,0.5428133525644391,-122,0,3,2
174.53724298786483,54,50,4584,101,41,81.28805561130723,67.1986200066697,-37.72607327922439,6955.385289107871,66.02321137019499,-1,0.3928014963456349,-52,0,0,2
807.2453278919091,53,57,-11876,315,48,95.0555018504901,-10.304233770049974,18.54878658693682,84468.7235439459,97.32094362441296,16,1.1435074182842295,-448,0,3,2
214.69145201921464,51,94,1317183,179,31,288.10309228290174,158.17271791482221,497.4156699039213,9963.937317837364,43.5108217230874,14,1.0218319672496505,876,0,0,2
61.274750117481304,55,53,61367,1844,27,123.5273600501844,33.580536194859796,5.048814678872399,28.306130524557375,53.63258143685267,12,1.1415630291100078,-80,0,1,2
144.09486409721046,52,58,-81702,528,46,160.72820121251948,53.7850121607159,325.9148779412572,9690.910400184297,56.94133027393879,15,7.8164204887035265,8,0,0,2
102.78552151152522,55,52,-49594,25,50,234.7703957222396,23.27237090956326,-2.3874634560273806,191.89855432509285,119.59341591588097,3,3.343117978520422,-15,0,0,2
213.3425386692964,72,72,20279,194,40,90.4441591269814,227.16558479494273,354.72826115046144,10013.840840655459,141.08985704941801,1,1.0228660702311476,-616,0,2,2
227.62500136388647,49,53,-58270,1557,50,53.97135617699546,50.70460364874836,1.2929798007866435,15546.023013856051,113.86436053075091,9,10.147538553320679,160,0,0,2
530.7340767944793,77,55,52089,503,76,87.53513296317035,38.85611685197068,554.9585831175984,-10660.344644788338,95.14614615540205,16,0.9802567424468187,-117,3,0,2
94.3672538925265,51,91,89918,1078,72,95.75458508298395,62.389860133588336,-17.41740081302832,-9831.648969869806,20.21588477442309,14,0.36407081550508,-69,3,0,2
118.84440615625402,70,54,-13576,203,43,100.58785425738435,13.85041134761752,-38.446683280164315,-8043.565443110489,26.697418777705934,14,1.2108166623868133,-73,0,0,2
1412.472312231226,77,49,27705,313,31,180.26752220045432,81.68439613124131,-5.511615649095153,37046.54449011788,728.8843369249666,-4,0.6931684208969089,-90,3,3,2
105.65654371493028,51,50,2709574,1731,58,92.40128399280766,0.7899215965767579,503.96072307418075,-4446.231427222161,146.5380002459465,11,0.7478277511117101,-100,3,2,2
578.5928282233908,73,56,2659345,908,23,434.9444865838652,69.19895615353724,-20.229715044530657,24648.98063137289,99.833976264841,11,1.0652976030118493,-134,0,0,2
124.21706062079184,55,58,-51190,133,33,336.0634680275172,40.38679676369034,1.1654312193381884,17659.006349306554,60.87668209687696,3,-0.012090493836041771,-93,0,0,2
1702.503950381653,54,86,3736386,235,60,907.3816506949838,150.33419063486247,606.2728722882997,20895.063258832703,52.55176381374814,16,0.9558837804278678,-61,3,2,2
1471.3013716088267,72,51,184150,212,44,132.37880421515783,41.78603326285179,230.00565835397254,-7975.897901319062,173.10370989310331,2,1.477894093821219,-31,0,0,2
135.84926292266073,76,72,-15968,502,47,1089.6851976575012,58.29959931006286,-52.13445703330869,-412.8252654379121,83.18780560987773,11,1.4733520503732231,-64,0,2,2
119.39498803516467,53,60,-22939,794,38,95.85394311975548,39.16082125128756,568.7913921270007,-8108.07333460365,150.88376529754873,9,0.9974868460280527,-46,3,0,2
598.2015877660835,55,99,-32907,1023,46,28.82209653548533,25.039254026053353,17.165681618192302,-11896.986979994375,199.8655889126386,3,0.7281222202242795,-119,0,2,2
607.4493738405519,54,57,-27759,132,110,53.63112834112746,64.06810608875537,-13.586010333546387,27862.10717398137,27.48248153617191,9,0.9026955363690631,88,0,0,2
203.66040503504345,58,51,-31750,171,29,105.02752946669241,14.1442876014864,-19.928295008602138,-5866.356282982102,61.18970791136961,7,-0.6337408150566803,-51,0,0,2
384.00549583855843,86,60,-12620,-43,31,59.205433695136676,-15.220138518756091,519.1470967108969,18155.46982382227,225.26662147245568,9,1.0962232591292471,-100,3,0,2
196.54335759998523,53,99,-53271,222,58,86.08521634299224,14.973602423204202,-25.14900238171727,28802.410790913942,122.85918526879544,7,0.8347950680464128,-114,0,0,2
616.9396891143691,53,78,34240,278,64,15.285255541395102,41.58257632062119,-23.919810231098474,20452.763011599865,79.49854479973048,13,6.590421243555646,24,0,2,2
1067.263513570447,52,53,61690,2109,59,75.79248787329509,19.703288120242796,-36.86574219456499,-13482.33949691236,120.27955961024833,2,3.06131052427274,-64,3,2,2
56.74994244449887,55,56,-40668,136,426,169.30147952147095,28.39368064069501,612.8249529653476,-4134.169494822874,70.9394687648615,15,1.0942741383443262,-94,0,3,2
754.368945824087,55,83,5105,224,23,252.80229386364923,-3.644188141549321,-27.531341884125624,16934.311737593445,64.96687367256739,14,1.349494077661161,-463,0,0,2
69.12536180794295,71,50,774720,994,49,152.39128006106193,6.697063513851893,-21.615988467054216,35478.853153919015,89.4891141315277,11,1.2043339014944983,-32,0,0,2
97.38763366597922,52,86,-15557,132,43,71.571616510651,272.0406899944554,-28.481402892879693,2791.8890112869467,149.92835340042674,11,0.7682498276601821,389,3,0,2
115.57033460625993,53,91,-23256,232,54,563.280109072001,119.68932728362748,-21.34484476723649,23627.409168538987,181.44134953662882,12,-0.021409268622705868,-66,0,0,2
142.37479054725722,77,53,-14881,1745,36,98.69815293543347,382.92428751428065,-10.119138010778993,-1978.2449720252398,4.51441016058692,15,1.198754083335103,-79,3,0,2
166.32503452570506,66,60,14618,831,65,584.2290016506922,215.7796764306956,21.50942662502317,21394.475022161918,46.38503779699232,13,0.37530731210806595,-104,3,0,2
699.426395876199,77,55,-95117,116,61,366.1345522818576,34.413255423348,494.35505505894855,-15189.246773843448,112.4046270626317,14,1.1052063923793638,-55,3,0,2
611.0627434789424,63,53,-76698,954,215,332.12709801968856,1.1004384708189492,15.142533721023518,-3308.852559579698,191.3647771352352,13,1.158499507857702,-51,0,2,2
1743.3662177208603,82,85,-40131,1116,33,130.43708178458985,56.43693710650046,-7.2292725099514525,29073.90290583718,284.2726889685408,5,3.5380359930290033,4,0,0,2
181.8853811398526,78,56,48004,-69,445,142.07538525613109,79.60039818699619,-17.138361261516735,665.8639925905472,88.52027548673142,7,0.5181103323095657,-465,3,0,2
132.91780256233338,56,60,-11646,294,26,181.63444104861293,100.92345230223364,-17.65626272962789,7803.401893232073,85.12664877499854,1,1.52905968786484,-118,0,3,2
82.25771343967607,50,50,-2976,970,51,111.85667082158676,68.68466821225188,-6.645363019209634,-27982.41912492975,92.75236085153108,10,1.2204386009341863,-115,0,0,2
428.3676896854404,58,71,-56818,59,59,607.1687643801506,22.248891643781892,615.9489752821765,140235.5679461176,230.54015465153117,7,0.8424450983717386,-101,3,0,2
1313.916316504423,71,56,47803,1184,39,48.13531371142504,42.86894640886548,-9.411685536507747,568343.7182091605,72.58445609205393,8,5.927211049948585,24,3,0,2
90.84601226478449,51,62,-55378,1691,30,102.84794111638416,7.279014872479431,526.0993683423825,13843.825687955883,63.65978206355534,12,0.5560505255825224,-15,3,0,2
801.8901268457236,69,76,-63480,404,65,176.45809635743234,290.9694161247073,-31.215582920621728,3193.3729721585755,118.49068349577166,6,1.2516649603747296,-92,3,0,2
854.8308534626503,54,60,17720,266,51,131.04096874697376,43.04898156549527,-37.29375536359583,-12105.109462538114,198.01328691575895,14,0.1358338135952306,-19,0,0,2
833.1934630173116,60,52,-63096,126,43,74.34701463346819,37.29624032140446,20.147960831274833,52703.792784593265,189.7564230005152,12,1.5651657384928628,-68,3,0,2
747.3811532995815,53,52,-57014,241,61,44.79526107423021,122.2119895429096,-23.030689245434495,19488.699101485377,13.354569805963848,9,0.6717047015452908,-66,0,0,2
158.76074617099988,52,88,-60854,745,38,98.33717669471964,-25.084377155885726,33.78252058924319,-10583.240865679401,84.96549227810293,3,0.9318442076987714,-191,3,0,2
106.07395694453837,53,50,-48805,-41,67,495.06893697618995,98.51801448465716,469.7382784554181,-10850.74676486281,141.71446704263178,17,1.0835157047599289,-133,3,0,2
57.81241136611007,67,50,19062,192,62,353.30501612597504,290.67863299657336,-6.6320871883348085,-7259.2991416931,102.17905526513889,-3,3.4497352681628652,-104,0,2,2
758.6201925216785,56,55,-1010589,2009,34,1164.026574757987,28.78727003681804,-22.117810103791722,10584.68103792519,23.027864888751083,4,0.3799224305516978,75,0,0,2
593.0275224978379,83,89,-6503,175,51,146.89336602962905,31.041320431030012,15.472862916228937,895.1348907861211,1640.8158394498478,12,0.5848385913976353,-105,3,0,2
452.36227682408554,53,77,246,167,82,66.69519849037832,144.1413403646504,-40.92219116117491,113215.07174612969,185.0916417683461,1,1.9472200828360513,-86,0,2,2
227.7801151548188,50,78,-89268,204,88,171.77035256482117,20.534459043186104,-2.7596794957037236,89957.30542257105,76.86398400836835,0,5.653785259643037,-51,3,0,2
218.18080882513655,55,60,-60169,833,121,118.13553500647501,691.6970265298621,-6.269074548050058,930.0325231431052,117.59141094966793,8,1.4978237137913561,-44,0,0,2
216.58679262029753,54,92,-87360,251,-83,119.80284594288996,40.73059521179136,649.8787260993062,-16425.12372792134,62.89608683583374,2,1.4647216681639414,-10,0,0,2
204.00437707432582,55,53,987970,251,43,140.7684657688616,256.6980735607594,12.881724122507805,30841.18986473765,61.93683271627922,-3,2.8271785304425325,-64,0,0,2
236.97642547629738,55,62,9872,902,27,67.57170943402127,127.96228573799776,-28.437767722136538,-1577.0507708265613,126.14305185138133,6,-1.6697432611782173,48,0,0,2
179.84483327173407,71,99,-16564,1067,16,136.8828805705854,-4.710344411028956,-14.19666229927357,-3871.15313893868,100.0599793762068,4,0.6123424578503371,-52,0,0,2
134.3691371447624,50,84,44822,101,37,139.44126960861144,58.93968108085105,-6.752477937210238,92921.95983546562,70.4853346391834,5,4.474402598207408,-434,3,0,2
823.5295154369545,54,79,-77807,681,54,224.1663698804409,34.84900616547061,-21.72186500715503,12004.426666384079,172.74261553606797,12,4.598892011414822,-102,0,2,2
720.1672671504912,53,61,-33674,283,86,240.48446055736412,10.768956863315434,-2.0556163415318522,26780.62017664058,37.114043418126,6,0.4679961210897148,-114,0,0,2
90.2612678708412,53,53,-28912,10046,60,80.15332044778692,686.3363908218164,353.6134318655058,483828.29972891754,198.05247058205953,13,1.1299784184446722,-361,0,2,2
188.2491637147966,66,93,-49232,763,52,113.05189122068687,37.84258131211105,-14.785948906997817,13468.456103105651,78.14122819764383,12,0.041231654805545914,-116,0,0,2
222.1784660277382,92,54,-19707,7344,-22,9.57972101013813,49.364629143919686,-24.634386717525118,447177.9391839285,78.97039555605596,9,0.007931260057627232,-59,0,0,2
169.41643508005063,53,58,-20783,58,85,1323.1093180713806,-21.86064245266001,-15.88332345812043,60006.38052984277,45.97556915617707,3,0.6460036781327487,-60,0,0,2
174.5254970104623,86,80,-20329,818,54,94.27787136383783,252.60688721749653,339.1545065533967,4870.514759372541,27.485584413159444,7,3.2744328205973487,-54,0,0,2
216.64534375164052,81,53,301070,1826,17,238.69990383817938,7.15224868844012,-32.15944059108272,-6646.724104656254,113.72805246080512,13,1.2935736312467443,61,0,0,2
121.70106015190609,62,59,-11530,223,29,164.97137865763386,19.943839105557974,-21.743352485628826,14522.07342728273,76.97861226025901,15,1.3893693672249268,-71,0,3,2
118.4674594621967,69,54,181132,2254,54,132.77877825626112,561.5186267647381,465.89737620188305,3518.69833612138,67.24972235958441,8,0.9579115595090493,-623,0,2,2
81.8280096878448,67,51,21678,263,40,345.87885239132027,11.226551771619617,325.73762828608676,168634.9135961241,73.03654997682008,14,0.19256105641316257,-66,0,0,2
147.92489461199045,78,64,-17736,77,33,0.3108058403357461,64.50541579601355,-42.904069017657214,-7512.979694887459,59.48417623123932,27,4.666086380382147,-88,4,0,2
517.3696267922985,51,55,-39246,204,70,280.5818955282254,58.75083577253208,-9.416615196452426,7547.239623476261,200.0150212156886,14,0.6728980681771124,-82,3,0,2
192.36033653406346,58,62,3738070,593,36,65.95867690167732,39.61772861599349,-26.205420779926158,17225.770718267067,109.05953042444895,15,0.6978928679373528,-60,0,0,2
637.751491910727,52,79,-25124,913,33,157.47737607282676,57.17877000003411,-4.714952262730379,-16130.998034719765,169.27187075471656,10,0.529233658247852,-73,0,1,2
74.67576355852958,78,85,34060,1764,61,561.0754580368275,343.68916567867626,514.5743542979558,-2157.865377097649,142.60828887469114,2,0.9987532521684299,-113,3,0,2
84.20669206035289,68,52,54443,2047,49,135.23780340959993,53.46349758691161,2.1690789160667068,24236.381327827956,89.62771261935063,4,0.6280513366096365,-97,0,0,2
170.60238092218708,51,60,30731,122,40,100.10115172808115,36.76953395698795,16.239292899460953,-73667.87834771909,77.56130973532106,16,2.654848262987665,197,3,0,2
171.70413861013722,56,60,215612,19,91,120.72278935631584,603.0590760489474,612.813182391198,252943.2906721831,63.975532327044235,12,0.2842243550183437,91,3,1,2
1443.5335043163614,54,54,-36336,666,32,53.88526511160505,58.46631530814983,-7.919258688720021,10528.125375544048,145.2865588191869,8,0.5601205624736246,-10,3,1,2
105.11940887544172,81,86,-23662,1514,577,126.46160242642361,52.47557205336294,396.5101442783665,7005.407072887661,392.7585168086834,1,3.2130467379361396,-493,0,0,2
1336.299918038793,59,56,83657,1330,60,296.05222762449614,587.6620614601723,-40.04771331680797,949.501193726026,22.066593005674576,-4,0.4628031783475159,-24,3,2,2
859.7173192421349,57,84,-14406,78,47,866.0972211386145,-22.865804544322916,-27.742476729443545,-33865.468707116735,126.56728786755082,5,0.6103646942600498,-8,3,2,2
96.18251195351765,52,69,-30672,1115,-5,275.36313603990715,45.38455927124751,-42.68918278412515,143677.47718450835,48.497787328908544,6,1.2104242036689918,-118,0,3,2
142.2325990613613,56,80,109362,298,35,69.27770287070506,377.137959368364,-32.26900173476518,-7948.255290288018,72.35230518793774,4,0.7563446503699861,-52,3,0,2
144.281104439944,52,54,22038,907,35,83.61274293288609,1.817871228195575,-40.72255853770585,29858.950750276832,197.7454129952941,12,0.7607574451401269,-55,0,3,2
208.7822970095006,54,48,-68296,-48,73,278.6772693278663,61.19800064112657,-16.548049986716702,27160.094988526573,78.8478547394079,9,0.3841339993820297,-49,0,1,2
408.54917729027864,78,80,-1605,1317,50,318.40638483251064,49.11305747430002,568.5867006432088,5543.688752898687,199.59752693328448,1,0.5943380190807889,-102,3,0,2
489.4181909833867,50,57,4302,231,58,131.40197227796077,568.878435439451,592.920666501179,-458.4176090059482,94.25683390690834,15,1.0715022587537173,-578,3,2,2
177.144152247492,51,59,11832,2133,54,596.7389490530734,52.891439993987355,16.10480963906184,-28826.295794132056,155.53216544727331,6,1.4619060191220408,-49,3,0,2
123.96077112072574,51,56,-37770,1685,60,160.20596674752204,17.508274536510676,12.487038393226833,27597.901764459173,106.78967737267035,13,1.1153302223368058,-110,0,3,2
133.5118883816042,86,54,22314,1592,66,125.95062714842254,591.2173565013231,553.1867533366524,11632.125314167859,-4.500880645352382,10,0.6907369739121599,-26,3,1,2
667.8620359547831,53,78,150516,180,42,813.6947381248078,77.42608686079505,-38.79123855615842,-11575.816665843786,82.15677668559755,8,10.798358075164748,-16,0,0,2
170.02783713404895,56,78,39468,316,46,-2.4929110578429885,56.5629441278167,-31.874793038573493,6058.495694409238,8.090756758446844,0,1.067528160001149,-8,0,0,2
492.81339159268526,84,53,62228,1020,-12,543.8878069367705,109.36790351813633,3.840013009509447,15656.274173890803,195.5852656932828,15,2.5544356670165422,6296,0,3,2
159.56675548634303,65,54,-19611,678,38,977.0145251501025,52.75476272240992,220.0822851819778,-94637.79247961409,89.66933294086108,8,1.3525248825047687,-9,3,0,2
119.09173192442407,82,70,70113,65,57,306.50361876650913,724.2514245982329,5.2529353489037325,23269.004229421167,220.15073841506208,2,0.7543370184871611,123,3,1,2
118.3613852710779,97,58,27998,930,40,137.5029662594132,355.5412088451494,-39.99859785634678,-13484.43477104146,55.327925257022216,9,0.5892631678784167,-102,0,3,2
798.898009656443,54,55,-79529,69,36,262.005859353072,121.4664551946489,-41.43666943983735,21855.91556970358,180.93290039502747,12,0.5163876569494799,14,0,0,2
243.0282044453021,50,58,-23159,249,69,85.49771718965931,196.39143737537395,22.869335382768075,20166.2599603126,122.69201697356999,0,7.749121055779775,-33,3,0,2
153.8466720785205,80,82,-43024,803,26,220.06088724488592,-6.810028609170178,-29.028069456274785,26904.060106159377,18.85152111202084,1,-0.059036626722684726,-568,0,0,2
149.40987562453432,81,55,-70367,-28,50,87.23819042454059,58.356772024624206,544.6788880368249,41607.83546574204,224.81247699633442,9,1.2468911058553664,-129,3,0,2
678.8908022070281,84,99,-46638,758,538,234.5257174942504,5.957079393075152,-36.99672784835345,-1522.4414622645209,296.40675870457153,1,0.9211175516118286,-67,0,1,2
164.38345386925093,49,101,-3796,139,47,400.2162591709781,-21.123502443919048,-0.9251151815899608,-80805.1030770457,76.31850035702593,5,-0.24055052494780116,-27,3,0,2
208.07963730288907,55,54,662,117,21,165.53497737956747,33.358217106937715,676.3659560171866,-14086.733152267143,18.87533380754838,8,1.1652277447130834,-315,3,0,2
886.6801086002449,77,61,-78419,167,46,155.21395980049772,47.91205471794061,-41.712543399768435,29150.542607700998,118.84447216667172,1,-0.13329467644499615,385,0,0,2
857.8969233068151,52,61,-33972,237,30,431.53534354468576,32.22151300150289,3.4799047255596762,-6904.539793900443,33.61193460522094,9,1.0382953606332117,590,3,0,2
168.73912408068588,72,49,21078,81,73,63.876976811998745,951.4411842334148,-21.37215777379664,30977.316881131832,142.99344412470703,-1,6.626565898101857,-27,0,0,2
140.97412454776213,52,54,-21400,1799,46,65.6294772601362,2859.4179031745252,-25.366960708344337,-6085.734370351594,64.50993725771296,2,1.3385726874042887,-91,0,0,2
1338.2847847840476,87,86,-35705,136,71,70.83636197034814,-38.1981493705614,-35.331012258390956,-10417.326324021738,47.66303521474401,2,4.306278517623908,-403,4,1,2
75.88227134822145,56,55,-11057,138,69,171.8141885407863,57.070473888616945,-24.25275452169936,10487.6966860362,277.61155010570064,-2,0.7223345187488217,-297,0,0,2
839.5657203226497,79,55,-59964,253,210,366.46825744666376,57.676114521948676,-30.96860953337194,98695.27698502195,-2.5694842136835234,13,1.3749509002797202,-1,0,0,2
126.63483773225227,57,51,44812,211,55,150.63347457874673,2.481422586186482,-6.952251762473726,-8144.349860351804,166.4049604464389,10,0.8834621634500686,-60,0,0,2
94.12837144660081,57,57,-953,1589,24,650.0967804217532,-37.437984645972115,16.606347918144312,1109.1593507320813,51.211276604401924,13,0.3088381181689903,-77,0,3,2
129.85897878723955,76,96,-80494,850,62,123.28493275621082,46.365534654484556,535.7374554086384,-5488.290329463585,47.741726832243224,-3,3.2845452915692883,-56,3,2,2
91.5052220902102,55,98,13507,1553,59,58.29971241265358,-2.859179908453544,511.0986739423238,27347.486847231317,116.45147602524715,-3,0.4486987578676265,-81,0,2,2
60.08950776540038,51,58,-48088,-47,531,78.53585787564941,42.32215204583037,572.1292294075845,485.5197655462671,249.5562437382414,11,3.509352501660343,-75,0,1,2
150.85857500241107,54,55,-42997,2128,68,732.3167736869684,42.73693537310407,106.99606281467109,17254.690118932704,186.4123828957924,8,0.7835969773005108,-124,0,0,2
158.39821237361303,56,59,39669,999,146,82.82741756384668,11.961459262339522,601.8399975348492,-6565.950421163618,194.78385096262616,14,-0.5438478084723286,-14,0,3,2
701.524948599529,63,53,35607,936,51,154.60849779948964,175.89142629606195,-13.38279614564297,14960.152534100658,84.29342417020152,14,7.474204494808744,46,0,3,2
682.1901343272413,70,55,50358,322,35,106.65234554913904,245.7300782883629,-13.005296964502786,7957.773379233047,398.79192679386216,17,1.468194897534352,49,0,0,2
511.6160227747681,55,51,-28377,67,53,95.70149965371243,26.580033899933333,443.5498475035404,-11468.031839611356,243.72430339622264,9,1.4181679236457498,-117,3,0,2
1351.513461776883,83,54,-34605,1729,49,156.32241272529333,-12.952466500116024,50.82846418103321,-786.9898531606723,544.915131224541,3,8.689716844584318,43,0,3,2
530.716252907983,55,53,-46704,-8,79,146.8408439495684,7.2592726443332065,19.638411258490894,-28040.26129392701,46.61951426307782,9,1.344731730419018,2,3,0,2
117.53609917495088,55,53,-17224,204,36,72.39863313257854,68.77064847060032,4.791114010027296,-523.3345252486788,171.59604443923945,7,0.8011948595181599,-122,3,0,2
620.0690246261233,52,83,5197,14196,495,989.4808537822234,9.451834522211106,-9.802743906177792,15928.799495615993,150.23998649545027,12,0.11024764766660244,-85,0,2,2
1917.8625346018857,53,56,-51489,1675,31,133.70204328579536,48.752587426390306,-32.21629530279617,14005.584313985575,126.5247475274913,8,0.8761582788370419,-35,3,3,2
161.77313095296086,70,53,-61922,133,26,1290.5111341087888,567.6877879434231,273.4371923033743,-7745.242275124669,133.87289006155237,2,0.29674457545686544,-18,0,0,2
54.922024445664164,53,79,39576,308,607,233.4997647263946,-12.589157003741448,-16.950370153558605,-8679.763397229326,153.27274788970735,4,0.43605691610769653,-105,0,2,2
204.59956425917537,50,52,-34615,208,451,543.8665766948527,38.628491952792345,-45.33103019523737,6138.442559930715,123.49185368584895,72,0.46769920305512847,4,0,0,2
191.69393539687135,51,99,-9907,1169,56,189.2672539127249,250.94830224496388,20.885415824663625,572183.9660086094,261.6703232100069,12,1.166268964037072,-306,3,3,2
1106.8003500236086,54,57,10525,70,30,119.17354783755508,-17.243828496333908,7.843400333386247,-6259.945735792098,1482.5673176542773,4,0.9354871504817353,10,0,3,2
188.30665384474437,79,88,-51050,755,38,38.84713550736051,68.69890409559237,359.5495819841436,223403.93317414698,76.74909776089723,9,0.2878887793138812,-9,0,0,2
193.83300647063558,53,95,-67878,979,61,120.68379545453685,228.6878607146886,2.2214898260369096,31231.340585600723,82.6660011093789,15,1.0521815403012185,253,3,3,2
433.46553898382086,79,57,-49222,102,41,248.57807689741443,38.887072303277876,-11.827661596107827,-19448.05448162277,99.96965821641844,11,5.641957845688083,-81,0,0,2
728.9804190897403,88,80,-34299,219,32,287.2150510727876,51.95618882773707,455.4662431328629,24973.771209803846,46.09707321269633,-4,0.31726765296731924,-70,0,0,2
844.8526230416885,80,97,7786,229,48,101.45144130736631,20.724225073649244,-18.885588449511683,41818.82015975227,93.00562206479206,12,0.1750975519393662,-14,0,0,2
657.9742694634057,49,56,78879,32,35,166.85708195456232,412.58435206582277,24.895665090642396,-50582.466264574054,132.73466139892534,11,0.9814824188822986,-506,3,0,2
1888.4241410680738,54,59,-100673,288,19,368.2151159898047,636.8231557203248,-24.73007192270643,12625.306608150819,82.61485895915959,5,1.1652088561231728,-59,0,0,2
1425.749915815389,52,84,680969,193,536,742.0973209535753,324.2065533265343,-4.431309341907188,-9351.612180910106,95.53727486900807,2,0.8156405426881072,-320,0,0,2
249.21031359656158,52,61,-30993,196,64,48.35504719393535,101.43093079658391,38.055865052757255,273.30139726696234,62.631212252322015,14,1.3972241438084216,-104,3,0,2
104.63544519826496,72,57,79861,1566,34,80.17558492477373,19.800700789585367,454.57558588891607,10980.373268600837,72.50288037309842,11,0.0712434665589734,-115,3,0,2
78.07981498732863,59,79,23506,219,53,102.45882080678986,271.14578339757225,-20.216440167722013,4683.166197770348,261.59385065942195,12,0.112347385083295,-92,0,3,2
73.44440512678392,47,56,-28052,199,35,289.39347317234757,48.346798128744865,-1.9227173080222588,15853.924903473062,57.04090767158749,8,0.4360749719341241,-371,3,0,2
139.46897874239704,54,55,27693,1107,141,95.2208867539412,33.04174451952058,470.0795508614744,-11521.16175765194,34.30755889580267,10,3.611023098546879,-89,4,0,2
183.52278307565723,56,80,-10529,218,71,135.59948919741672,345.84699903825026,-40.06545118161166,82012.94668852437,200.53198800566037,1,0.34972430689538475,-85,0,0,2
680.6680254369527,59,52,16872,861,-41,93.48034626802956,91.70506027075147,-26.212366381706158,157685.48830565452,112.44345143267486,9,1.1650950703490823,-48,0,3,2
368.2990785146752,56,56,-67221,199,56,70.19147868238987,212.9514000539861,352.5038339468389,15378.52913757898,198.6546990144777,15,3.9793897615902507,-7,3,1,2
110.87152847077255,54,50,28157,845,-18,195.88906150971695,281.22664868468553,296.24807385077247,16152.694832388888,96.00047627901523,6,0.5935628440315754,-127,0,0,2
103.20512882282287,55,67,42232,1100,-6,360.03183836536056,21.28634792806857,483.06407041165977,12963.989488989275,135.30569668943102,14,-0.043281422975670614,-95,3,0,2
97.80165197943818,51,48,-55241,716,33,111.50062632309954,68.83953607530857,-6.310609819134178,24089.83681625966,105.34237169698699,14,1.2594800671341237,-31,4,1,2
166.33269218794885,48,57,47548,982,-75,144.77585135499817,58.9071000419666,-29.910206677511624,-4232.944065089661,74.28911217188187,13,4.726433654433108,-36,0,3,2
17.40010509590394,78,54,-2765,1260,30,339.1188631739655,186.22405728420998,626.5104698871202,-6178.246206651231,162.82555155754045,13,0.9232046650911762,33,3,3,2
766.4781244400785,55,94,56292,1096,44,126.93296002497276,23.094603580848627,-5.192632208885308,-11140.209751614,235.96841416880298,7,1.1821967769423871,-50,3,3,2
81.60880050169753,48,58,-47146,120,46,1345.9021545669161,67.70604850135858,-7.958090342225634,187585.8423815961,125.29909196853315,12,1.4929321367978008,-72,0,1,2
638.3531750841753,95,84,-26292,118,37,113.62992649713831,46.32309082933221,-48.797595308695264,19031.598022511924,96.74887973748972,16,4.4577867428737274,96,0,0,2
99.694505858501,88,86,31934,1097,38,79.63331793727542,-3.882733791369604,-44.55446612105657,14846.138452110303,83.87472300789209,2,1.2305250322406631,-85,0,0,2
701.8380304269112,52,99,-26279,193,64,229.05811600859283,-58.98080952907964,-18.46322144412563,3580.430710906611,35.545258590076955,-8,0.7374717788701517,-14,3,0,2
1401.8409978238515,65,79,63977,1262,46,101.65382597334826,180.7502821971156,348.84080385821824,19069.17442631483,67.48606225064528,7,5.787718366261597,-34,0,0,2
577.2729113705143,58,57,-4348,167,41,328.9127830250978,26.67384629252693,283.3503801321232,342962.9098584759,31.525797169153293,41,1.3672518385058066,13,0,0,2
590.7514749298466,50,51,-18621,803,90,116.09730247407347,74.07394939324989,-12.33175486441651,9376.624475713543,113.88926114751344,8,0.41639088470638164,-73,3,2,2
216.85046299963477,52,60,-51604,1634,25,122.81732172230971,-17.67089966675305,765.3355968895542,-2663.941035694217,38.77976697479299,6,2.9033251953713117,214,3,0,2
9.249284790556999,51,60,-39255,96,39,422.14857915844584,395.75984530030684,-37.34873628933456,13265.347052594017,56.52363542921404,2,1.450235974493923,-7,0,0,2
180.22084294010267,51,49,-39624,266,30,73.28522515187075,40.818057153243,-4.93119708650073,17522.78361840907,120.31910410524952,10,1.6301620955799834,-117,3,0,2
228.2648659335741,56,56,-46564,183,-33,277.88145944772316,4407.787884961923,-14.624705998422126,17027.94913437566,300.60000356164517,14,1.516409783440279,-86,3,0,2
183.18916733260215,76,54,-23813,106,46,1053.0073539490393,43.741913586827906,620.6854463244273,307285.3405216618,61.648096369341765,-3,1.1777536052315585,-126,0,1,2
574.503575491229,85,50,11864,263,21,105.67703407001974,36.50544259812576,-32.394079810775935,3999.512928420525,62.22878807703923,8,0.9865114775563255,-3,0,0,2
152.83302363686946,50,55,-73326,938,73,1599.7476125340859,60.18164064946428,7.5265582947142065,-3275.3195153565102,278.8744613505637,8,0.7612195910203238,-74,0,2,2
92.29983140686659,50,53,119531,2174,31,179.5126186634542,-17.316151154135735,-12.119597260155164,24837.443324154316,127.89112908317,11,1.031652027800214,-115,0,3,2
764.8253920763021,81,60,-74952,1747,31,79.58291986892372,839.4356622107833,-33.616333992144156,3211.2592826477066,64.46767743088984,11,5.964138311844721,24,4,0,2
824.7447282493785,53,92,-103709,153,55,359.7271897459468,60.67605378394444,180.64348824853548,21194.557009720404,11.805056855178613,9,0.8810864595709651,-29,0,0,2
155.99421963082264,71,84,33150,1795,26,136.52619885765705,32.76828071556133,-19.48902576679651,-3168.7427907087113,301.77872829318335,12,0.4394091108764256,-81,0,0,2
296.9836896070277,70,73,-3903,184,40,92.90818522288242,45.769692849876705,-33.31400568521364,23672.151133754487,62.980002260172064,16,0.27346192608104447,-109,0,3,2
132.36854981832272,75,53,59048,266,66,178.7758665222932,140.9741903692548,14.532208999995586,1374.3728583993125,42.50820345005275,-3,1.0189259255169556,-17,3,0,2
210.89604244126576,80,88,-90637,134,562,290.3645822844222,236.88281370810083,13.14160507108749,52911.91668235141,92.9961894405787,3,0.2798490535313821,-52,0,0,2
142.5119538091497,85,54,1756715,305,66,79.12932433961124,31.991151252419908,-29.35914568529803,2680.64727134675,22.164629184776388,3,-0.1842447622558141,-32,0,1,2
1450.63656636594,56,56,-76522,-63,-75,67.51474098873575,53.0454550897904,-50.52568774541278,19374.754345200992,297.23252883552584,7,0.8656951545395929,38,0,0,2
635.4980031674811,52,59,61770,1568,34,73.788169535996,-36.52560896130077,-33.892830003223665,48342.54577423334,34.98623851113605,11,0.4440544548492029,-78,3,0,2
128.57472020984284,58,55,-6669,1838,-85,198.92088215115416,141.16970790577088,8.448457178009196,4398.387346409498,49.52282601097631,9,1.0522821154182374,-80,0,3,2
634.8952752132082,50,52,-36583,1011,36,475.4832736363939,330.28734291752187,26.947109636601436,9650.715769535773,33.12417183078723,12,1.4522517920632576,-11,0,0,2
107.74363581137436,54,83,-16927,198,40,282.0875841737141,338.8946074909735,613.5863052266062,32090.998371537302,87.26272644282905,15,0.8844204092488387,384,0,0,2
142.29404791416098,56,56,35217,87,46,1484.7787933400336,222.89274822607592,-35.006133643263716,6287.20139529454,82.47695661458387,5,1.250728025750548,-505,0,0,2
572.6144773482099,58,50,-58581,283,50,99.97679385176176,49.13236199300434,273.7725293326145,25396.587139267547,332.52361741181073,15,9.270658897767175,-110,0,0,2
194.28505072812067,85,56,-65867,172,89,1341.2973176297323,34.677957043776075,-36.992068189137306,-18323.90847497483,69.72100901686153,1,0.8675040114569512,-20,0,0,2
701.3310009067541,77,54,68483,927,36,94.67749842861053,530.8272436936309,-1.6197588403807934,-48826.198732076205,65.33459322845552,14,1.1500522957618016,-142,0,0,2
193.4072219976823,50,56,-14560,272,22,-1.1162961114549859,57.90355820808561,562.9474619724969,137858.44940175733,11.53853259325674,10,1.219063178483303,26,0,0,2
60.1553576060695,57,60,-23728,0,32,716.3717337042692,293.0660947481348,-9.404316329344457,70531.2302093834,215.91234877972693,12,-0.26978461131384857,-71,0,3,2
197.8062145106516,78,96,-28786,279,37,623.2096970987938,2.2712059644658407,-13.374837325581325,2962.6576046770297,170.03767316382786,4,0.9358145968685517,416,0,3,2
135.51541652712845,51,99,4596,330,377,130.22834238356492,603.3027915161285,17.941217209032605,10522.40954852933,56.8604471767391,13,1.7142736299508363,-78,0,0,2
244.77290591351078,57,52,-84696,1136,83,362.6079003842294,267.14087881195405,1.530798207503402,316.1529278648686,158.06273221036932,3,1.574993256061888,-73,3,2,2
160.7822421444998,56,60,-46018,173,25,35.086641124169404,820.6963570588509,-39.869173054826454,1782.0932901601645,22.806142609194872,7,0.6811987351922475,536,0,0,2
790.342395340146,97,79,8138,1045,32,225.11732029246951,629.6770616042804,573.5556133971954,136257.57835495588,48.91647412215807,9,5.610213155634222,-75,0,0,2
142.6042666968462,51,50,13005,186,42,127.03331805532619,224.80756247314804,6.1378930282809705,61087.40439880702,196.08770936941158,-10,0.3900684423000969,-66,3,0,2
1226.647419925871,55,81,61336,234,39,484.07500469401566,713.9888258491721,-11.301659152074418,22521.223403954333,95.27362516870289,4,7.598271714663594,38,0,0,2
190.36634586847237,60,68,91309,308,664,160.3000870011462,-5.671845485529822,-36.8106391483554,92860.96056884054,235.77367031828777,10,0.44610201206310646,-56,3,0,2
198.2680614984187,87,58,15835,1942,37,88.40772970191568,210.95572500260386,3.5290338267630013,21713.711681124496,87.13331200457633,9,1.1615207359212545,-97,0,0,2
210.41295236034648,51,58,87342,122,75,47.44847211576243,-43.000692037384184,456.2023866050403,-47490.96380945024,247.55565198477092,16,1.0907718001048954,-13,0,2,2
206.38774371934056,53,59,-52817,580,41,134.37639373355756,18.957543156933056,-4.251488379669259,6849.857933156136,75.94340851525376,3,0.22771809734649984,769,0,0,2
159.27545294023452,51,86,23572,237,49,969.3081825352803,116.71088923983932,-32.841487237084785,-5709.195715826356,146.83721701892875,10,0.886154506717152,-13,3,0,2
717.409018058088,52,53,6374,45,57,22.05844014041722,-43.88186177036758,564.7539181440635,28158.47937046406,106.58239389735155,10,1.3053078743688267,-91,0,2,2
141.59329382393094,54,96,15813,317,26,1321.072134063382,35.956399061459166,693.0439857890525,9807.002439988637,88.37520783386573,13,3.7935616689423965,-120,0,3,2
538.019688156175,59,57,-101439,-123,40,52.49734029628475,58.98502697956345,279.8263353382643,-19769.088884287405,216.33509418909438,1,0.3880566371366353,-242,0,0,2
731.896776790085,69,52,-24357,291,64,141.9538322040525,6.742335461654019,3.1513119307992565,143488.537830409,264.8218069794073,16,1.8959928776513726,-92,3,0,2
736.7466807511157,77,57,-118187,2288,625,368.99111929225995,61.86845158573507,-27.994245253306836,20252.938507259976,120.42336492483702,5,-0.25932046197205905,-57,0,3,2
97.57195815157382,50,58,88455,1750,31,73.82535667549189,843.9696851154439,484.12172588884664,818.0588177813725,661.231782526314,5,1.8757161940792466,-2352,0,1,2
99.51261187338513,78,48,29252,124,39,53.001637254575016,-1.4519397222595765,-30.055350673390095,276160.43439376465,123.73399619047146,11,1.412107875725026,-69,3,0,2
768.1092385658505,53,97,-104828,125,53,107.12642047917588,667.2320055806922,240.77231275279058,-6117.893076365033,59.6125573399361,5,0.8906886956913874,27,0,0,2
198.13865392607283,52,58,-78608,-5,36,142.87506591150054,63.36838390816561,230.07962850263112,34527.22888313567,41.86088067687481,9,0.5449042607955672,-20,3,0,2
1227.7055930533566,54,65,-9342,203,60,139.892353522827,62.45255451611702,-29.22888130554056,3291.2797064327724,84.41281755598084,4,0.9619238707496232,-75,3,1,2
135.55147327563031,55,90,12067,306,36,158.9960422332938,40.127411614109185,8.510701409565392,15860.150695967963,105.11505909159858,11,1.3337346343909608,-82,0,0,2
1494.3349774670698,56,95,-81436,115,513,174.72889032949277,18.295029610027587,-121.61571702437868,276730.41671119555,35.53454745220276,-5,0.2447915278342671,-66,0,0,2
753.218566468805,58,54,-12372,600,62,82.42959116977825,43.20800400401579,-34.258077066498636,-8870.681543494273,172.19021472566754,2,0.18014500711579096,-46,0,3,2
65.38537657869276,52,72,32318,1064,36,164.20122375653062,58.1873591500976,-40.27586475289858,31542.25259510082,251.55880833590842,6,0.4038746577472899,-133,0,0,2
127.39881063362155,69,59,-36614,1335,23,103.51666002134294,14.041778981578906,726.5584140960873,82335.88025296706,309.7956924415523,12,0.3113034766076193,-114,3,0,2
132.71004234347495,53,68,45522,962,47,236.6204614031334,-38.41768897021615,-27.069842900359273,-6298.333697563463,23.60872830886536,3,0.8561188476458013,-63,3,0,2
308.88216341874005,64,88,-14881,171,434,522.3605750739721,869.8834876104149,254.93670985162325,-14964.698034780156,80.87159245992419,15,1.0926388936867373,-62,0,3,2
37.16830539830224,49,95,21632,263,53,105.6578977405974,46.15179387215458,4.062108226715935,44673.93234220934,850.2152079128699,10,0.908766306454591,-63,4,0,2
80.86909773694815,50,62,43863,1010,53,661.3467335992847,14.414091168499157,-14.133251244780979,153054.12959706396,169.5654501963726,-1,0.9975627410636654,-106,3,3,2
857.7442564578992,53,54,71940,943,85,122.26302118631324,204.5337848665586,350.9715005121353,-13661.492938687124,616.8799295533047,14,3.2981348549516554,-37,3,2,2
230.27369908607446,67,89,26660,142,401,90.62581780512767,31.570555783333106,-13.043058903850653,2514.7604357932732,124.37584143934643,138,1.6024141892080623,-34,0,1,2
171.36394927148132,86,80,-7457,1695,205,140.02418594535357,112.98139091859733,-22.017112234908193,24112.456541485895,267.4107391937393,14,0.7486656288489779,-99,0,2,2
806.9838683762218,87,60,-98867,981,381,625.060839307356,227.12194843006813,217.0447905541456,13354.851044957912,55.28701664745779,13,6.616444604298824,-78,0,0,2
616.5434610225891,50,93,-33236,319,53,46.02749488099778,359.3258488853611,-23.04365118853657,38607.52655193282,167.95003498260363,3,0.436026974475193,-85,0,0,2
119.90390542722099,67,96,-48565,76,32,4.278218973468924,-20.231705099037146,-18.799920939205375,28309.50765322653,50.00423128096152,15,0.5306255656304106,41,0,0,2
145.4993704604513,69,59,4244,290,43,180.84876603331088,477.29598257565647,-8.097390682760352,-11900.55183206637,282.3877988091183,5,6.48012021453162,-410,3,3,2
727.8070291713907,59,53,48602,1012,67,95.98142378304998,236.8262695116611,356.97228884437084,7368.34102013896,45.329417742243635,10,0.9718358381064048,79,4,0,2
143.6308720414052,50,60,-45320,1150,108,783.5426652957378,41.79844369128994,620.0980883921551,20258.684060615647,111.69342814229773,14,3.6445729726708285,-122,0,0,2
146.36113424585113,79,94,-77389,92,23,354.4047599713017,279.13044875117293,18.981355421970342,21746.33908206709,230.40331874577964,6,0.17016880341215906,-88,4,0,2
187.61580354496664,55,55,-34282,2200,47,122.30184354923219,42.59175441306922,41.29397329535908,11717.881478730029,71.53865275060664,5,4.5624067556459,-876,3,1,2
92.93954533165503,54,55,64923,241,58,136.7910254096361,6000.600677819271,5.513986936684525,-11426.764751846616,71.34467856280291,2,3.6648528151729503,-88,0,1,2
174.59168273880135,72,58,22140,184,53,1529.8910664967161,50.05470972474796,1.4742030017905279,23510.824261181697,174.8055097802328,13,4.3394538399062075,13,0,3,2
1405.6874157516215,51,54,61520,173,39,115.39458183802435,2.7380673049067394,541.493213942461,82926.66896717195,64.87258576179529,7,0.154216840365836,-52,0,0,2
622.1159312190805,91,60,70711,929,42,874.7154932022327,-11.084521136927542,-22.948868529960183,82973.15722974137,116.96570423994945,13,2.7231223661347514,-70,0,3,2
839.4139462623239,71,55,1708,1937,49,75.843768124094,2.3646730862553778,-8.082107496645815,8730.456653166355,117.18789477856663,14,0.9640828100793821,-137,0,0,2
112.37272723562116,51,82,-19137,217,75,166.37464450509776,-8.64674337036728,322.7133503057558,27572.15586714389,239.11402198498473,15,1.2908804741426207,-112,3,2,2
1239.3421576592077,56,56,-22380,860,52,1482.555978807905,68.80733345189292,-6.33428783355397,6128.35784464992,53.832572493686655,14,0.5272437794854827,-101,0,2,2
620.4333621794743,51,60,-97166,1061,23,27.78573671523852,70.47664134028273,-46.5350426312713,93299.52542168647,7.919720515950445,2,1.0107319113727822,-59,0,0,2
842.7215366769959,74,56,2490892,1788,21,97.77820172478665,5.357079681881378,-30.20931024075857,77449.40735377045,46.74864094909998,12,1.0534229635371049,-78,0,0,2
547.8177857502036,54,61,20347,291,49,1187.901588011715,21.187770698445245,641.1143485919952,23073.212117661416,168.97547930042415,9,1.3494487299042217,-55,0,3,2
113.10772441953932,83,50,32334,589,61,258.50236994785547,33.10500652525246,377.13603051650415,307381.1787608632,86.1315262862452,-2,1.4599790058883264,-117,0,2,2
660.8192997324587,54,91,-25432,198,74,16.63355098143211,52.7745149439224,478.9334555499444,5867.057619018732,120.50681220008164,4,9.498996063041465,-22,0,2,2
159.22534368955786,50,57,-37284,268,65,138.30515604263184,216.21944549629265,643.1750271774631,32138.061807182057,241.23130250509104,16,1.2889988829055967,-136,3,2,2
1349.6074941555662,53,56,-13021,333,50,135.13565201843682,37.04094578974312,-29.195359236290265,5900.366365102405,17.586304854633234,6,0.4515657732752757,1,0,0,2
136.90231834004527,92,48,-83056,1271,66,397.2814822154698,-29.219157759846638,-33.55590344039342,-21950.95613318214,418.59851539687446,0,1.2256894396648987,-61,3,0,2
126.21087541386905,53,56,-46553,1082,60,150.74854596496039,4867.665122786275,-19.67552471525135,-16383.490867732915,240.15988488541205,7,0.5786431622966304,-4,3,1,2
179.89071004945367,85,99,-54192,-10,77,275.30799259273283,18.716984176924875,-1.742036255124348,9611.186085387724,45.763152794952006,6,0.720315578316426,-13,0,2,2
68.76225570409697,56,60,-44744,18,42,353.32613464134363,36.19370020406866,611.6706085893969,-4223.1326409446265,119.07157092425429,2,0.5920535217295201,-95,4,3,2
1398.3666960247544,91,53,32725,168,60,229.6267339779191,305.94149297199107,502.81969412454237,15709.966294962169,32.665618678050016,-2,4.450265794866222,-21,4,0,2
139.23193719155518,49,46,-46139,259,53,651.1855792794008,80.50474187009729,-31.98302230587067,63428.68470952185,232.97639724092016,8,1.444347579611179,-113,0,0,2
150.89851247884218,77,60,-48987,222,73,29.91080299832229,6.8398703831770895,-18.448336103607556,365658.68302039965,62.38059845922693,10,0.667320599262429,-58,0,0,2
131.3765942421545,53,55,32016,2160,45,3.7055130975105612,24.601503278231185,-13.258628248766577,15653.021015490907,110.5336223550498,-7,1.2356440293708575,-78,0,0,2
1371.1125579412278,66,82,4195094,1307,36,332.17379885671886,300.5707348939086,-43.2453346734676,512.8246594137745,131.2826974670423,14,1.5155490845276804,44,3,3,2
745.5276604158125,101,85,-120864,213,48,615.5252832920529,28.820557273584413,-34.16881845109618,5950.420341896158,63.8773790946542,13,0.2641237914168716,252,0,0,2
48.41332291928107,54,55,19923,711,60,173.19815626649392,19.468650542852092,26.254829676768015,97464.90687155294,69.01947677576115,-1,0.6240940683494904,-57,3,0,2
793.114865279378,52,56,-42576,593,39,123.25304991990322,321.5177100841614,-32.19532492819116,-11149.797218083526,53.35317222324123,7,0.5216222851819372,122,0,0,2
136.68326191611484,77,79,-36203,249,63,143.18694927207048,203.70849825905384,572.9373755549636,149378.24837103367,62.763728860614776,11,-0.14484631724698116,-367,3,2,2
358.96899660759345,51,75,14542,1419,135,31.59167330190254,244.0661941344916,-38.903696244759026,-8750.2165569125,51.24772960063757,10,0.6432878376869339,10,0,0,2
195.11444243834228,50,52,24805,970,38,233.1226574357021,53.05768697008482,-44.06576289427442,6852.9571206541195,97.24929647244622,13,1.1265502340081164,46,0,0,2
527.409163032508,91,87,-22084,309,34,19.58457687568358,52.594202637935176,255.9876616480937,70060.72626785158,75.9444503206831,2,0.10889853297120589,-102,0,0,2
690.7003333382321,60,57,4318,952,33,243.18983903208488,45.3518395604899,307.9596180855433,9337.155687273653,30.73749612133289,12,3.356053606343985,569,0,0,2
2.9986430220027103,55,53,-45432,1821,43,73.26273358082489,36.11384654545812,427.42007177204846,-3855.344497658283,76.29624063920562,2,1.431636277806187,-120,3,0,2
127.07827865233696,55,58,16928,1057,432,95.30995635771984,114.23140565068863,-0.66362543891666,-7607.739188889223,145.30650193214913,8,0.5713783040086493,-20,0,3,2
181.4819468919422,82,47,-37678,275,425,31.38156548860762,305.58907641779575,344.03320108329746,3110.770974394885,130.79891802771596,10,0.6269021562774938,-330,0,0,2
57.39059411576501,57,53,13048,155,56,142.03773637495937,15.154097274681655,-1.3084365515848795,13362.0107640481,217.8424042566069,8,0.33267512118083936,-124,3,0,2
643.8092378640952,50,94,-41901,8672,38,87.80736026081553,71.34670377978743,-22.35879767983715,13531.395495255118,159.2547937101986,10,0.01886782932162223,778,0,0,2
174.88054036865134,55,59,11996,199,62,309.5763351934537,-0.32984258716545645,-40.56106948005609,7201.9019682586,37.02421513812378,1,0.4923226943973723,-274,0,0,2
105.15271797630867,51,55,-45851,1225,600,100.1134849822581,-2.427974815527491,-43.08165126360713,33279.02919252717,90.51689883552056,11,1.0850124078562497,-41,0,0,2
725.0677199512214,52,82,21416,2208,125,121.31335476677226,76.22167570031874,16.651915072899076,5365.739877294216,16.51337537226386,14,0.8611110943885896,48,3,0,2
144.53102793163876,51,57,-12430,60,85,106.07527128016496,875.1972185449938,15.810243614560182,2225.2804213322206,94.66404434502817,14,0.8334566278647533,-530,3,2,2
403.9892921115971,71,57,-60495,43,59,33.75671593660017,61.88015581629131,-19.96391793157765,31144.285409169584,81.34596997158384,-1,0.5136126240538199,72,0,0,2
203.2339862677778,51,57,-23339,892,59,56.086311413862084,264.6192495151199,746.9900862464609,46741.069185755754,178.50924888051557,4,0.9173470256779759,2,3,0,2
1641.5534066006335,55,72,-68726,265,556,116.13008199078592,51.65700609638752,-22.135828597640227,707470.5148954233,120.88230549187335,14,0.8258162310988106,-33,3,0,2
1464.8247069455317,53,58,-55477,180,39,86.30688256163602,38.67668396221378,18.03230572336556,-15864.645162667824,108.17537075281751,11,7.3899058262367845,-126,3,2,2
795.8947963803992,53,51,453629,231,66,573.1527681374791,51.35024439607123,8.855309159199319,360231.51398109354,112.48439217898286,8,4.546455597026433,-52,0,0,2
219.25730115989253,92,59,-29261,750,58,63.61470364149988,5.969556777067207,-1.4386465495701684,-477.13286488622543,199.2638714326742,317,3.2573251017353275,-21,3,0,2
216.79203872715422,56,58,-22062,292,54,219.2579913863579,323.7679999792453,429.99418954101714,17346.383470737834,73.50028051694397,-3,1.088013233214468,13,0,0,2
10.359524723357012,83,76,-5420,851,39,66.23927256666587,-20.190020769720068,-18.41266738545547,64694.01599971208,91.33565783479565,8,1.4423402410882173,-105,3,0,2
145.1327714131534,76,76,-5136,109,69,75.43423048696368,-27.066775876552438,-47.31691894593439,-20223.743745145388,91.47353162044246,12,0.8627369893834373,-284,0,2,2
314.1345432310759,59,56,-27349,540,59,153.218705549761,348.19239839647446,320.1127444616267,292200.91947170097,127.08593654268299,8,0.6810472692363552,-710,0,2,2
177.67118739163416,70,55,-82294,1406,-2,92.19581065269209,13.803433199083694,7.67093951468291,84946.78575834363,66.09519361986966,8,0.324228079422924,-77,3,2,2
658.2037692732528,59,57,-48664,1156,47,142.94143817722636,33.8479027129555,-20.164897696490854,-4683.571151051541,146.20048155447464,8,0.5046777343063904,936,3,0,2
226.93964059306666,54,53,-21652,749,60,155.1163074058006,3.530921907589715,-11.005992135202685,-2328.7173774055427,338.40710717916807,1,1.000716189256592,-359,3,2,2
219.44908606901768,49,51,-3534,167,29,183.8117078378183,142.21078498759138,-40.56015739278937,-11194.581826658943,89.07323843156361,5,0.7871902287079133,98,0,0,2
621.9812343976502,77,53,-16325,808,32,148.58756958096816,55.51335286223905,8.848969389442708,5494.007811921441,78.85225845707394,8,4.198988702217178,7,0,2,2
195.04999813620623,54,51,27489,160,66,582.6173318929829,16.434676540294184,-16.064096101371486,20215.790393650954,62.17796591315992,7,0.20105444902948577,239,3,0,2
167.66601343040682,55,92,-15544,615,45,76.35321210100697,54.545030315933474,454.3020128452902,41216.03188677677,211.05469186695186,15,0.2486900826867533,-549,0,0,2
185.87895579360742,71,85,-31006,876,41,160.94742007844962,53.38693507692058,-12.832381056232268,279923.09658481646,292.44471300261824,12,0.6481322434790766,-46,0,0,2
809.5302502334334,83,58,32512,274,44,89.60601928209714,-35.3994631804251,479.7166756076216,-4551.574653023157,147.88054201142148,5,0.8305937194951908,-105,3,2,2
1638.8719211069797,51,56,23219,1925,45,52.12910484290222,169.44077316319095,-29.200789780978695,20648.286143264806,48.80379084556991,-7,1.3878822787615461,-315,0,2,2
116.36474498515472,54,55,5179,826,59,181.71426429229848,14.004978743462178,-38.77577886780084,9787.825198207567,43.45724136610151,11,0.3276155720074679,-222,0,0,2
270.30506759032136,55,99,6675706,347,81,93.35334123521068,-11.46395459664012,-0.9913440705409631,9920.39948395034,65.50713495216418,10,0.8018106881138617,-74,3,2,2
1758.1677390440022,55,77,-63246,156,46,46.427954299102794,44.93667515284973,-10.33630732467638,-6042.258875198988,79.5391140233793,5,0.7285307343734222,619,0,0,2
1775.542388019095,48,47,43789,1284,127,151.94766497451633,-7.782102665167367,-42.90703425534022,16294.845617601613,74.53146199770573,5,1.1674492548627264,-93,3,2,2
75.07163456755404,51,60,1796287,857,680,94.16840812876485,23.559081919828298,647.7648314973775,-12353.069859638976,109.63026417475459,7,1.1941313753879097,-88,3,2,2
119.9928363729702,51,73,41401,112,58,119.03755650763554,308.2322005742607,-10.067430486098942,-16818.003211811556,52.23078466056177,10,1.2937931779831797,9,3,2,2
155.7113243675089,54,54,-38809,1761,31,29.980642706027652,6.39742708367443,-45.7613903670675,25539.77921222928,219.30470760000236,0,0.9097800609400128,-53,0,0,2
160.9318606401623,54,58,-28314,322,57,715.7078250028292,-10.140311917167516,-6.326133429925718,10288.436982174362,199.3163434110544,6,0.8749726507545186,-85,3,1,2
1569.5841605645705,50,52,-88579,1171,74,104.8673901436096,26.811200448111947,-39.98198565604549,1646.841613495123,60.10447470873327,6,7.161025653435171,22,0,2,2
174.68404175699328,55,50,67337,307,29,151.40058076647352,7.615858603892352,-26.890690261479435,-3985.843711639589,114.55405348349993,12,1.1462640546774916,-226,0,3,2
241.48150659616533,55,60,-64349,576,30,1136.588259399913,-33.13450269516185,356.11061373090075,11359.8279905917,154.76478006133252,17,0.9884313759135689,-86,3,3,2
201.74488234220354,64,51,2124198,1831,81,707.4354229810178,59.16285560092444,-5.563344163231133,127089.35131710401,146.88714310574227,4,2.6282431309062337,-97,0,2,2
1367.7251764867,50,58,-936,72,194,411.6390815305689,237.21107741676508,-33.397971141457376,83588.04469120767,39.83883290154702,14,1.3474743233917252,10,3,0,2
1222.5133513208505,55,58,-86043,1574,28,93.80723500822302,70.55232443404343,467.8298063578979,27759.04739293374,6.233184174293854,-1,0.8923431885413001,-92,0,0,2
172.6524316723672,83,57,47006,854,87,621.9965774720415,266.3596064824147,0.8462241209360322,-3008.689821717997,156.68711314830531,13,1.2511975150905499,46,0,3,2
198.76508298896223,68,55,-82596,1727,40,120.72607198631965,57.73436918496308,-22.918876505570605,314842.21007564635,105.38556668117802,16,3.6500793587057907,-116,0,0,2
111.13113360019874,53,57,-13824,294,38,58.44079922643884,198.6263943986943,-38.87191439221844,-1504.1900661316831,199.99282317019586,2,0.6607630670920425,-51,0,0,2
132.408642985176,51,53,-67959,18799,52,101.48625394943144,703.2549702255654,-11.374234966278369,15357.004957889114,244.95289379020795,4,0.9680802262094754,-16,0,1,2
90.16600479380322,68,53,59307,234,81,445.88755771683896,3.927523267867438,18.006952368736194,18308.101597364537,91.34944315991918,11,8.490272579831577,-92,0,0,2
173.87160300384755,87,94,8267,1286,42,389.87278512314003,28.245514995272416,-44.29542570478021,-3642.9975128812875,-31.353102824446466,7,0.7247423549961824,-71,0,0,2
143.62196885578442,51,56,-62699,421,45,237.09764829687506,23.275083775388907,-10.54913182119655,6689.74450136514,94.93713711511859,10,1.5462236246020584,-296,3,0,2
229.72528822360567,74,57,-5722,2041,78,147.77652605340438,40.766600644178716,9.908717478614811,13250.158912605297,107.47381256388577,15,1.5429761498413206,248,3,0,2
110.98277792684902,70,52,45790,667,530,275.54698689703474,57.11738141736258,390.69404145163753,-22375.57988594401,64.71945813502977,13,0.043718551536076844,-99,0,0,2
157.58808591155147,86,49,-40939,908,62,1436.9762575130176,315.01678191312226,759.0989401864416,1097.123357305075,315.67829563193277,12,0.7845229251246492,-59,3,0,2
182.57710791904375,52,185,-5721,266,34,965.4260672053728,635.3702912106432,14.33959353326992,25389.81992332,55.94216973477526,10,1.3086654253208672,-119,0,3,2
207.87781638531914,49,51,29436,1876,39,129.73908626441317,748.2552284246207,5.572668446613391,7110.092711622107,29.612715458228898,7,1.4711647592321557,317,0,2,2
85.01703620068983,51,49,14575,576,381,133.00653507908947,928.119294548447,-23.83917446581795,-10647.509792023955,184.0317117081752,14,0.9807566655068367,360,0,0,2
127.48091138288902,74,52,-9670,88,45,104.58631592418759,18.760391362584077,-49.39063902903073,9580.795733088293,137.7300781933151,-1,1.6040931160956249,-88,0,0,2
120.20742102199846,90,56,-40113,146,40,58.11370191058601,-3.963546813140502,-13.132744940901109,33252.568830404474,66.81006749449163,10,1.1388774047301171,162,0,3,2
148.29737529745756,54,93,19047,1074,30,133.3501040241181,30.610779563847615,-1.1883081709085577,1281.0396515526463,201.41240521120443,9,1.1519201842542413,-468,3,0,2
210.00833025217838,52,53,10491,174,48,128.56697292948462,7.002257255002992,-78.38741139030702,13339.40431466345,121.65244305773783,1,0.7833505550153047,429,0,0,2
122.01853887102345,53,55,-49657,44,78,336.8099183146378,29.541086975163033,503.22583889923766,35026.22627770464,110.31345742199943,7,1.9940375674903246,-110,3,0,2
193.17054949080398,57,101,-58282,1964,39,274.15629701870097,94.08238135437873,-14.269944122449662,123092.439842455,99.11890741080049,11,0.5250269440500973,-109,0,2,2
24.304992616100705,51,58,263773,-25,39,356.9048384988747,764.7816855001438,-3.5316134867199187,9872.662732252804,291.6945827726865,-1,0.24489740235526886,-81,0,0,2
156.2921707345871,48,101,-49068,2086,82,63.37482506411179,50.575180228622216,475.1970321336206,-4968.907082699952,136.03733564457616,13,1.1093499585007291,-73,0,2,2
1521.0241475835287,54,74,-34232,751,97,123.24373224091383,23.990580817722208,347.6223524008367,4103.73004233385,74.17556186704279,8,3.401316097779192,-37,3,0,2
211.4843561822941,54,53,-22253,736,-106,69.24059589638667,26.54198715593257,-48.07160437450819,3196.658165741436,93.04901276976827,6,1.2452600250151926,-55,0,2,2
1405.7053421806495,78,59,-33470,2229,30,653.7298882472732,-29.22225970073176,-9.55665589234172,-548.0928153918112,136.5454099354193,3,9.822031041043587,42,3,3,2
576.313045394755,54,92,-82525,118,-86,250.0621956089407,21.9051651479179,-32.675800288249306,21119.25297296258,54.58756542243293,11,0.5064858057763727,-80,0,0,2
89.52264655987466,69,50,680721,246,-96,71.78120288479745,30.6013378314112,-31.853330365820348,-19014.513136768845,94.13830273049697,12,1.0475762068285124,-585,0,0,2
579.18120452319,75,60,-29440,252,42,67.07462003181118,63.76584806549738,-46.04186674224401,18629.21880814877,112.80579478459728,-3,0.7529542336500302,-72,0,0,2
178.14501677559295,77,55,-34296,262,34,152.23842324169732,-4.042878818032614,-35.33707248675724,-10689.240957033819,25.381742143344916,10,4.924307846716923,-64,4,0,2
756.6761028528803,97,55,-1343,174,26,53.91117137808391,4580.157846558074,408.084656414086,13159.218820507736,54.23959907288709,2,0.40908205608559944,-166,3,0,2
126.74485031441965,94,55,-6164,242,40,119.58219628692254,10.129581290409169,-6.366357814080479,266.24557606747385,1005.7486267281924,10,0.8635539492867339,-8,0,0,2
178.90657359226333,70,59,-90650,260,33,749.3942920965146,5.486953469713354,22.11871045985028,30762.601500212717,111.42800703389219,12,3.8081869996356126,-94,0,3,2
123.33830928044458,56,56,20918,318,-71,106.5626326746352,13.259074552516795,300.4659714319094,14658.030166578268,102.04049384564647,17,-0.8312686380061214,-56,0,0,2
896.479760046305,51,76,-48139,50,13,260.95362033078476,-17.247828507733022,-13.173508372446765,70335.2941317503,49.62699395067689,11,0.7507291937188055,-138,4,0,2
740.4422303219512,55,99,-23967,297,66,95.43993603031652,-44.41497987857241,6.689715603821608,6153.922191223898,188.07531491362403,8,3.8702072348481167,-102,3,0,2
750.369550536403,79,62,-25296,886,23,58.16896081518665,-0.2592970829957313,362.5384168867588,5762.235273838734,34.86179271190654,12,0.8720814852058614,-105,3,0,2
189.81364486992726,56,93,-49389,1095,41,392.6415516990956,48.24169989452885,7.570546946976523,-18613.317203938648,71.7025967094242,16,8.869428835802708,29,0,0,2
469.87915132110174,51,53,-6315,137,74,142.5351717788474,374.862897405196,-35.54845920554631,3285.021012939149,67.16237528690824,16,7.173611827908277,26,3,2,2
111.56767801121447,50,54,14408,1196,59,179.72486681388932,28.93920651244033,-20.103864174915262,19373.57677532756,92.17003813729062,12,1.267491743928399,-359,0,3,2
695.0129518143181,68,53,-72299,520,70,1597.9923901328111,66.47760529371557,-25.949961928084154,-11256.223290789812,76.97389197905031,6,1.0041062558373561,-116,3,0,2
185.24340442524385,57,55,-30772,1090,34,713.4629960266285,32.51746321198161,2.9239565442536333,5050.319409502418,78.43392900253065,12,1.2122629454395253,-53,0,3,2
839.9286813982887,56,57,95,246,29,334.44918787459795,340.50693590120255,10.08575256761131,5413.479226439018,26.69406228973324,1,-0.10249030097303624,-27,0,0,2
410.722320411432,52,85,-9601,278,56,110.96268435657564,46.24162224273507,452.4822055530452,12834.140791245849,78.30085999757173,-1,5.5056227057718585,1984,0,0,2
672.8415973255389,63,48,-65376,88,39,392.40259637770515,58.57873135136116,693.1488415587693,17815.306975251857,439.74950505502284,-2,1.2121208835598973,-263,3,0,2
209.60407718797387,53,86,-41716,1351,68,135.36483183408157,883.6585793155032,16.0207506843326,-434.22014997490714,25.993099739516886,4,0.635040599428361,-208,3,0,2
52.09909184218207,78,56,41526,1932,-62,115.39726798062841,-8.027974118675967,-7.707171891327451,20661.240575111748,-3.393836437036711,7,0.5079918963883207,-121,0,0,2
1536.6893916606891,57,59,-14515,44,46,210.0954256511836,36.71722734556769,0.27827305664663937,-3415.3848390186995,-9.838494865115962,-1,0.32071888981120067,-49,0,0,2
665.0599286228887,76,55,-60200,438,40,619.6181938035562,351.0890231214976,257.0710123932449,543323.984171459,69.19922222251375,11,0.5463814034132584,-139,0,0,2
727.2507474806769,74,92,50503,102,31,103.13518488685249,160.7245471259083,697.2762981829762,-10904.056772580605,51.17551456184722,2,1.5150378871577623,-83,3,1,2
658.1274092777057,51,96,8815,242,47,140.05166996698,36.629477595167955,-18.346642189633595,11793.048139387927,31.976473931643582,0,0.8486020973306461,101,0,0,2
658.8242360865371,50,89,48750,285,76,141.7539838101542,-10.79551831466834,2.9062241659077115,9910.379398208152,27.61127767467152,11,0.9823755577178499,125,3,3,2
160.2406182311733,54,60,-50478,482,75,100.03218725842312,-26.938842134222497,469.55090302248584,1876.9474466845668,101.11214567964632,2,0.641564235818328,-70,3,2,2
53.69434203777424,80,86,-15116,96,78,128.33778921522946,42.93822042373554,5.409632609171618,39799.05401344008,121.16654526888453,7,0.2346998728295786,-139,3,0,2
104.97332801214863,97,50,23577,2118,21,480.40650448597046,204.07800908205255,-31.175825074828282,154649.9544632308,96.43079764187746,12,1.0201486115744736,241,0,0,2
782.8462234841627,51,52,-47198,578,57,71.93168437512861,171.69155214790925,-3.9784241446340696,30626.615323181482,76.70369053874062,14,0.8233682092817829,-57,0,0,2
1443.667981079339,91,78,-74366,1888,57,98.38792490702292,73.69774578951048,193.76020522044752,62586.59571450397,52.74265681953873,11,7.453360955869718,-273,0,0,2
205.2222798171815,52,49,-64579,725,25,17.234151415201772,197.8696612258454,548.5678945166583,-6650.570635454142,943.0875942584827,7,3.470398737631422,-108,0,2,2
51.8230902047813,82,92,18648,971,61,184.85059609954794,55.33362150394338,6.854294881823765,8293.962277786843,265.28768207228035,7,1.5727112570010684,-281,0,3,2
133.29316640376575,49,59,-148857,1107,21,-8.65934321579617,-42.460410684248764,-3.0119136038621557,-16202.666799724122,119.98148871631874,13,1.5854056764190858,428,0,3,2
555.2012721355991,58,55,-38193,16149,32,104.29117941685148,16.640972930989633,-3.7760624148612054,15852.638878470405,256.7759593310198,-1,1.4324685870545915,107,4,0,2
141.77871535037036,86,90,-6948,935,39,97.33324941485472,30.282434857321185,241.55738320640393,-6253.172747739514,35.815679474903334,10,0.635577670354287,-39,0,0,2
1474.3960213281948,77,78,-13661,252,30,265.9561287800402,143.76877474416844,-32.0248065882274,-6045.2753772922915,61.18846954212093,-4,-0.2530446268952642,76,0,0,2
131.84323303513588,54,101,30436,760,58,132.51816004590074,20.681465458123277,-11.50060198569637,-1364.628647239385,79.50267198765084,9,1.3591186280576402,-61,3,3,2
164.93793089187068,49,56,-59761,317,42,139.1034706070574,21.637533472504263,-27.447628301353028,-4576.862245198352,210.97711580099795,11,1.4979132737186678,21,0,2,2
198.5315358231503,53,57,-19626,764,69,921.8752068433516,6.540432820988071,-2.881366820515831,77290.26364149639,171.35744383644,3,1.0610145868599616,11,3,0,2
154.85773144611468,54,78,-52650,275,51,167.41968263221924,43.465678289294324,334.8642836199889,-17847.171849080223,105.60146746547218,11,1.606479441472742,-402,3,1,2
762.8813980634244,76,85,-53532,289,53,58.84692917345184,9.46632223838118,31.741513527277725,-13028.256898150088,30.41192942255507,9,0.2576028748158795,-252,3,3,2
83.77293692253633,54,89,71151,822,51,129.9512213551451,-24.4168336146326,502.68479226525704,625691.6492647729,91.40959468122435,5,1.251747366106664,-55,0,3,2
232.0393668644627,56,60,-39267,190,33,50.46569251694308,43.864445581585564,-28.781244903348856,-20534.197569080854,110.08683331906471,7,0.7292497252009758,-37,0,0,2
755.8986965595699,55,56,-76605,67,58,679.9082939041618,39.718120640928475,327.7884708970578,-248.24806725209055,460.0876638316304,0,2.4999527743519385,-64,3,1,2
98.41328901064767,55,57,-14672,130,56,438.18986501773315,291.24247932792105,-23.920636452409116,-1475.7693753414014,207.65493133265824,-1,0.6786981570093802,27,3,3,2
82.94308733110799,50,82,-76198,46,53,130.04152876774347,252.03350907819413,12.298443361377668,50882.41917076926,48.38204813915211,-2,1.3767242322639501,-106,3,0,2
180.41297645362926,49,60,43687,168,55,627.6763739951912,303.6297230134656,-41.09307204628654,-4213.077633966954,22.867266803492946,7,0.8561577225593047,-108,3,0,2
179.434894623966,52,98,-17937,708,471,288.28062935159664,846.8647629246843,176.45788781392807,11365.324189009694,154.48448405286985,6,4.865246578697079,-25,0,0,2
178.9616303385764,71,57,-74614,289,24,-13.846771910528403,-46.89409154040646,-35.16934765256433,-419.4476015489827,-1.8678607844900625,0,0.5263680339337482,-21,3,0,2
192.0490364181797,73,56,60871,976,43,159.2991109693963,10.565842360435134,-28.86030645943474,134245.44617421913,214.18873228730462,9,0.4525431158548271,-346,0,0,2
711.6859455990175,56,98,-32200,1715,87,166.6431963877357,291.2319565478618,538.3925972468851,-2648.632258710182,226.5955591288483,11,0.8014281752417297,-41,0,2,2
161.41507181363212,50,84,-18089,185,35,171.6112424748987,225.0245265775622,-7.39682370409986,42676.97105068815,242.6806901059044,8,0.7407127145449035,-118,3,0,2
220.85665434389367,77,75,-22500,1140,54,98.07100881237542,45.66745138596039,-35.81700593722596,-7315.630269188228,7.403426877502781,0,0.8600358642468965,2,0,0,2
65.39857566670182,56,62,-96355,196,47,1032.587102340315,12.564361713317762,-19.486182649584364,103631.1274086744,37.81786752147049,8,1.8334723519847973,-139,0,0,2
769.0335936097256,78,53,-48926,262,35,28.913487761790407,-0.06246174524478443,-38.22754191147582,10968.218947020534,69.72318529854648,15,1.2594641310692893,-67,3,2,2
1698.2763389296197,54,52,9547,2050,65,262.8752180550147,-25.071209896509963,26.085509643924535,16377.454830496603,101.57926298808987,11,0.5857025456583949,-677,3,0,2
219.73872791729022,58,61,-77627,190,18,900.5953941125888,572.3498226141896,-32.05070757684326,164145.23442844284,93.69431371338796,13,-0.11543250538014138,-23,0,0,2
729.0794335957623,48,56,21500,1122,46,189.84629660931483,30.32667482350152,-21.228036536861598,26042.952079201816,71.18860038076066,15,1.0802298471732004,571,0,0,2
148.03240749793594,52,60,-22232,256,40,153.6300947222789,0.5619311067496464,-51.53445244613437,14437.716998192482,164.34515985970916,10,0.9405832655425889,-38,0,0,2
97.35197190984461,53,56,12379,2128,72,160.07285259211892,324.05145530863933,9.55603832911017,6472.44718571084,85.38555653051468,16,2.835370618671247,-141,0,3,2
197.38299028019551,54,59,-87588,1117,-111,238.68034472287383,308.71898902565493,-47.07128506759932,9601.599484733953,157.62133271581044,6,1.3948322199678418,-110,0,1,2
141.56602493481128,53,58,-39692,166,70,668.7693034327079,383.96611832276545,-8.596079166167431,16085.356300584675,151.7688005907221,16,0.0038509461080866725,-91,0,0,2
181.9280518481388,56,60,-31693,237,39,86.27858742160036,56.677454780594786,2.549072682118175,2769.9437565344974,65.31941368264064,13,0.2871304724568099,17,0,2,2
182.36378897548425,54,51,38264,20982,29,162.43389786748236,48.29024900023774,-22.172890252413023,347405.61987132195,10.820836335948798,3,1.0828530142918638,-75,0,0,2
141.25286230017394,55,76,-32686,9252,86,297.0395406127833,29.624255766472118,497.8093245060474,14754.405272780406,279.76300766771647,11,3.009277788233394,8,0,2,2
808.4271674165583,57,60,-8661,1480,26,456.3934051810432,44.705020928397936,-32.39482779865993,-4788.897060537422,116.47925551664142,15,2.204408693410626,-9,0,0,2
1314.0954380683554,51,53,-13049,143,53,592.8006631912904,71.4489239245224,5.787814424662571,29072.509464353665,99.35556942565358,1,0.6924193974600291,-74,4,0,2
237.39871556422074,90,56,-51539,156,53,120.694898697115,312.4714448683972,24.35921466788745,-6465.156768554241,228.34448550913822,11,1.1034823069992896,-227,3,0,2
129.7141405641675,56,96,-5774,1597,72,120.99455369396938,65.08921492806138,3.975822541155045,16373.780308428872,28.648473286417385,1,5.57437890888977,10,0,3,2
775.1668599122286,54,60,-40852,1249,40,188.44346669365427,781.3557968787348,579.8125073780852,-4920.273634484633,98.30897921622014,-1,0.5521896826636463,10,0,0,2
130.99323252607442,49,90,-76324,20833,47,51.4188403956211,47.19226585791359,-30.493152561413083,313431.4190074557,52.83845176474094,6,1.0444248026914078,-44,0,0,2
199.50235209978104,83,58,410381,845,67,224.56403407893916,179.70531261046074,2.2519354492652646,1417.1349213691155,19.7833477701572,9,5.472967128091016,38,0,0,2
684.6921318373996,71,55,475103,1159,29,42.67388677524809,258.0287559415811,5.415666362201451,-11619.404139834145,113.93235234037903,14,1.0387991068346745,38,3,0,2
132.16964665458966,51,93,37295,2156,50,528.327881208042,71.79161377519368,-14.984041667654662,213518.64846418466,104.64605645272431,14,0.5109170822179039,-90,0,0,2
135.17352983457909,65,60,11652,971,67,65.08170592200058,528.6923762824449,29.737877237526913,3391.162520867019,207.56623850255332,14,0.6877986483996654,-500,0,2,2
610.5158546681874,58,95,-66386,218,38,175.4862195541246,367.78280482553214,-1.5227298329869612,-9617.602325310312,75.95482203956324,14,0.6423196272638945,-99,4,0,2
210.60408253559714,50,58,-9505,234,64,623.6018146091087,-14.653879743156605,677.0147025479711,12666.74859069824,69.78705885091941,6,1.110958668285518,-125,3,0,2
213.29857630713772,51,81,7131,780,35,131.9384756572265,58.14725776999509,-46.35649868661339,-6472.371899852802,188.4736360600275,9,0.5502728943498285,44,3,0,2
146.86115421859856,50,54,-97266,1111,-21,112.47575066891696,50.98282962483967,-29.920918932564625,119567.95438660259,128.7323743766155,16,1.2476289721542178,99,0,0,2
200.20877144177132,79,53,-116560,676,473,475.57524973638243,42.64837549381337,2.6404671535487716,32450.80600239693,79.76019791233841,9,0.5439523269654697,-36,0,0,2
168.80553469519026,49,59,743601,256,36,166.62976674727804,270.6504988989491,11.096787945837898,-2582.3719561272283,18.91223014101707,15,1.3999581971142558,-78,0,2,2
99.98811925411572,49,77,109511,359,44,360.3454746701786,17.484226755819435,-20.52314954654453,16982.804346445817,141.34234252071792,4,1.6319232389350526,95,0,3,2
138.07405022327288,57,57,-103282,234,37,27.0373165674264,-34.60512114324845,72.07000165589153,-9937.61937287414,73.02367542254125,8,1.0492426801730161,54,0,0,2
755.2444738348293,85,76,2507,328,-29,58.852198145482866,11.329526748618948,-6.20877470336579,107734.62198168109,22.696372903385758,16,1.6341163641483751,-241,0,2,2
757.6589993200239,72,53,-7563,1391,34,106.76321618258658,493.56407383896374,406.0315050565313,30632.253515383432,80.2784302244724,14,0.13089738093224823,-9,0,0,2
199.46622038922408,52,90,70629,1855,539,1299.656491266328,67.29458830147641,-27.41589796838609,23347.792308780437,59.19348934874977,8,3.0957574492540028,-91,0,2,2
430.92910844931157,65,52,12807,2234,53,316.2648992059528,43.331761851700556,214.5957601251998,30205.895822267892,100.14007117333946,4,1.2679959822173745,-59,0,1,2
222.03399684862973,60,85,113154,302,38,121.56418746488856,110.61550380548138,698.6326269819973,4505.371870278292,75.52958934982678,8,3.9922857391860602,-55,0,1,2
143.9381242063137,50,94,-76296,559,38,18.79802441900319,-4.237314415433859,-17.62114736985938,94062.91162808944,258.8582792540275,1,1.2435529734336348,-301,0,0,2
226.74656140438344,56,61,-53846,172,27,45.85476109683747,26.65902679659724,-23.186322244880184,105572.06550028521,106.0996502769414,12,0.48045772633489675,-9,0,0,2
122.28523079781232,54,55,74448,55,59,722.8205396499966,17.4380225041966,-25.305043721487387,389702.02734023775,81.36781137329419,2,1.7418073517535262,-96,0,0,2
751.7865229417657,75,60,-37806,647,46,95.90049252859784,277.31747368398,-38.853474201119006,23612.35097113101,248.07473709845738,3,0.9857712265256817,-28,0,0,2
116.68905101759788,58,52,10529,485,75,344.33986049904723,9.932470801974038,-20.555345463806614,-3977.9151481582267,328.2127115591266,3,3.20147178725503,-82,3,2,2
203.81540349973716,53,60,-100118,127,40,82.8222704233924,663.8595563133167,-21.263308363483397,-14369.04680971721,136.13620849266678,10,1.0343575627979265,-34,3,0,2
786.6375246570369,50,60,556827,305,381,308.9016773745159,109.02376326062767,602.0757916614448,5815.981424969885,101.27731326405443,13,1.2609350942034077,-37,0,3,2
587.8163600140905,54,61,-56835,174,87,86.65573314917965,873.885305049271,25.907259551649627,-7477.282230709236,47.93346203050328,17,0.6242060738550554,-88,0,2,2
207.4375584694201,75,79,22762,130,74,1339.1862653924807,337.9135115152011,15.018670171258087,-12824.66700320699,69.21002245129473,5,8.358422752092018,304,3,3,2
376.591843595927,54,55,4679,186,50,308.94750003473786,12.444570565811267,305.9962109308932,23401.893094888554,89.89364675345058,13,1.0622937872756693,-130,0,3,2
179.0857675018177,52,74,50712,153,54,335.9638403827048,31.942500880599642,-8.98350158963094,-12346.905251457485,207.69794714236224,-2,0.9024363765878551,-51,0,0,2
126.99499869227971,48,76,76791,2198,56,125.37968734300068,237.5515519172938,-17.444410426543683,12466.244709595278,215.36474613221293,8,1.1847392417089675,-109,0,2,2
570.6158469812212,57,55,-8268,94,34,248.15241277541827,112.63850197332238,-15.523758813005038,16697.137095968177,74.39246993688347,10,3.190700296926912,-464,3,0,2
1351.3860927859243,83,52,4551,930,37,526.7861921378027,814.6629199113794,1.5166356913738666,-1817.1818846527285,251.47846106254886,-3,0.9265321229991705,-89,0,0,2
1292.5456010280282,52,52,2673010,315,29,75.8821621271891,41.33188406723185,364.6587421856756,2891.627523095222,7.084989160051009,10,0.38859500676243286,327,0,0,2
212.88324039140264,55,99,-16837,8288,22,21.072567325573132,26.787839955157498,17.991719748129118,6244.007494563637,145.02206729751774,11,0.31632765225940473,-80,3,0,2
75.40921320848338,73,57,-41641,1544,541,232.09038330892395,72.0351534432431,207.3947500438839,139891.89975483657,58.75967867664714,3,2.0189893730756268,-7,0,0,2
212.57408534355707,57,92,17211,2000,32,112.44725572509545,125.26634822710537,-5.93647276720728,13715.850038297562,64.21943949804388,5,0.7600485173723108,-319,0,3,2
169.64747966648468,81,51,11375,115,76,311.54661873712047,5.791382884902156,13.595533539726876,29555.739763744117,92.25003604275744,-2,4.809606932404584,-133,3,0,2
162.33706472714675,48,99,15759,271,-55,1379.863012969153,-1.3783046023564425,-7.516342436488073,-4647.096064890051,162.1312239453254,16,1.0794272145871004,-94,3,0,2
555.7558041578659,51,61,54088,321,45,258.61906071946447,39.685827410992125,10.186442803965413,21010.785883914556,79.12617266136874,17,1.066756453222578,-110,3,3,2
803.3667141463501,55,57,13507,254,-4,364.63669840873644,32.23123721309208,446.3264694055491,424.3175586088546,136.21417664366334,-5,0.9019386476540865,14,0,0,2
158.98859045431252,55,56,1847,799,54,45.48002276121465,-44.359128953254206,-31.031322211421816,-4384.061238269733,19.647440443130193,6,0.9365386468641619,43,0,0,2
746.8250522922729,52,84,2063713,133,416,356.3669290925508,19.577536929102646,-28.37995321984745,7862.6840094283125,73.91636747363069,3,0.983168802788323,6,0,0,2
215.9858967866367,82,83,381065,757,412,285.84693493434514,46.51471296102085,7.576232704367722,-2456.072525772188,93.3247815443031,9,1.1907532324661072,-35,4,3,2
792.5332985403788,55,82,-83143,1733,50,235.72646197979876,901.9999631470316,-13.561738889963522,10811.093589705524,66.69114042831028,6,2.4816615367678647,-28,0,0,2
173.03023466374617,80,74,-29831,250,172,1024.7500024002534,142.45361724306503,240.57729015887514,58777.73614545617,150.67770597915052,14,-0.6527506633395248,-29,0,2,2
228.78765130582343,83,55,-75338,1466,27,444.8951930506027,115.89955602345069,-3.661202387622957,15723.802030740288,94.81100030116099,-2,5.186222403154633,13,0,0,2
748.7338236695821,67,87,13831,1728,26,206.59436082079486,8.465632511228971,-48.16990753728351,15560.981337383448,84.17135445095849,12,1.0466111853632212,59,0,0,2
177.71724292502364,75,57,4831,1265,42,134.8739967776952,69.04309161875285,-32.92869651833566,14864.213221828952,88.1742743616029,10,6.978576124268256,55,0,0,2
133.8373966900849,49,89,120234,1631,52,179.25555988443995,-13.562466906032,35.91542902992576,-19087.040791002975,99.86158179194757,5,0.8069439936348098,-84,3,0,2
182.42540778477434,92,50,-23331,15555,29,121.02436746772862,54.19753298986978,-36.39712396897413,34448.046699519065,35.25641029678132,8,-0.19960967665461138,-111,0,0,2
552.7045158950766,77,72,-14710,298,490,92.8304751953194,789.3121324937163,624.8357758984009,15975.252242547636,27.9196527157836,11,1.2639124507725585,-275,0,0,2
1534.0562618529798,49,93,39523,849,59,92.27222536693118,-33.674592175665204,306.67375282065973,17888.85340775043,95.00342264955628,3,4.188742591432695,-1,0,0,2
575.7488893618182,51,57,-50175,141,14,121.64977366022494,46.870095719283064,-32.32516188630063,19766.251926699406,24.527379399600868,5,0.7312663092912434,-66,0,0,2
874.0919940303498,81,59,-66543,770,50,519.5158523469155,42.2295308624942,6.550903983686862,39729.51126585519,320.31975933597596,15,1.4132430307564718,-59,3,3,2
525.2555095853661,80,74,80151,180,73,130.5899852866667,159.13110826849328,550.513899240083,50.91835201424601,201.95771212095724,8,1.3660868143547913,7,0,2,2
210.69337964215396,51,59,-44863,264,36,76.17659396068534,-25.037355036540383,503.85317737703826,11165.065622370883,132.43022029228834,14,0.7977136337256681,-45,3,0,2
790.236599892213,55,58,-95156,404,70,217.67427185303063,-11.87227154972331,1.706864919328651,2780.1569191902354,74.2023252480153,53,0.6918525694247266,4,0,2,2
26.57271010903594,55,51,-54617,229,48,132.04907143863687,166.5863404766903,477.15058193214156,329646.75711934455,61.95766511803276,4,3.289979311546694,-112,0,2,2
95.20092997251251,89,70,-36856,122,27,333.98867538726176,335.00895548064784,-43.139753893882144,1805.4732016200196,70.23394166978073,10,0.26924119872587093,-317,0,0,2
537.7262956561678,53,57,63360,1933,50,116.60774754105256,71.78574567052956,-12.726589428021345,5466.94006647661,34.575322722697216,4,2.1511191305870634,-217,0,0,2
184.086474664742,55,60,-4510,2202,102,433.87256200753416,28.568756422765336,-10.55316084266866,14042.457675394748,121.04153028153212,15,1.3634195353813379,-42,0,0,2
122.08467270255515,51,51,27266,106,32,76.95815741429806,69.84995867496738,275.69661711902427,9631.92006389777,96.65432307836511,16,0.3179516924628584,-43,0,1,2
193.72054032274173,53,59,44476,14833,37,458.07686155853,359.5693760810183,-41.17503396355527,-11000.88152576527,2.873718404206258,11,0.1667371743630145,48,0,0,2
922.9080009851516,54,74,77862,200,152,52.17244374603422,354.37436438625593,556.1633764827536,13941.443528372885,41.6204495541742,9,0.12853066700298843,-117,0,0,2
160.89044698787694,51,78,-71697,64,61,311.58252102760366,258.89623444614705,-5.574833028153493,12842.392592609385,114.46489970039411,12,0.24634523737629022,-91,0,0,2
172.40957191278736,80,58,-21742,-12,24,1055.9030941303756,201.1581769605657,331.92494109756785,20027.12975321253,185.28126367534009,13,1.096726891772053,78,0,0,2
24.208649076364743,77,50,-45417,892,30,49.84068483241482,58.82867743340357,-35.857775093168684,104562.5022622958,98.0559700676067,4,6.700100263957211,-127,0,2,2
103.65505107751753,56,55,-10979,352,34,284.00142517416936,407.2324296393915,-51.128077498033534,-3904.0899247113557,7.874462807755378,8,0.6020263849159985,-494,0,0,2
849.221271438885,57,58,-56115,1196,57,64.8119074586694,44.27961798391873,-39.66621646479125,36367.47711187551,100.0451174754961,4,0.8403634924872448,-66,0,0,2
592.6943705305238,65,55,61075,570,41,121.29825154986645,295.1262501708618,10.814989711970973,6400.6988378082615,185.391338446324,15,1.2260779238297328,-56,0,0,2
107.51990579162421,67,84,-9616,850,139,1194.4326386215928,43.159073817940424,-30.621081387165404,15009.990043427082,63.39577918947559,7,0.6106290730078588,-60,0,0,2
693.8343082574264,55,83,-34949,653,31,104.68247125246967,71.97127584615001,-29.397369392676325,-1658.8928709618876,61.43937275520333,4,4.262618162391729,-81,0,0,2
92.29907818237066,72,79,-555,138,30,121.7985641282709,140.00071564081182,-11.06103125897831,-7356.949305898319,18.771548413018785,9,0.07044742037496654,-43,0,0,2
774.1242954076431,92,58,-63508,567,47,339.8077111188484,355.5793192808309,350.1408554919458,6540.036515478991,250.5750190620556,14,0.6572087804987465,-77,0,0,2
48.63172198365141,49,64,-76765,419,56,110.78729756800016,40.951795042693035,-3.6271689389009474,2355.420697537469,280.0875050552486,7,1.072853947445334,805,3,2,2
1398.8523081435778,81,47,126697,868,80,1213.179809635955,39.1524534726112,-51.23819963262899,13413.32304621195,71.48142239908829,12,3.8123497956444288,3,0,0,2
451.7341892244116,54,61,-32943,217,84,121.51735735609338,36.2443119405723,-8.162168914086838,-10571.364182351468,50.78999651074905,6,-0.8304291263685739,-75,3,0,2
803.7998016400586,73,50,-24762,680,53,1572.7214401373767,354.7570643761206,-17.311716994295573,18720.422571774187,176.19986443090536,1,0.7466106578180383,-463,0,2,2
49.651113671985286,72,53,-39823,1810,43,531.7356787141738,60.26980612390017,17.702681583066102,14967.609516600345,90.82976147606178,5,6.5670116690455105,-38,3,0,2
238.7136653368679,57,52,-49286,273,64,138.97202505692934,36.00637718694209,-52.13881902387712,5165.723919445319,180.8895421762138,1,3.8866419138744006,-52,0,0,2
117.04177343523487,86,60,-25976,15,49,112.65377291816057,40.81146952620861,-3.9763390330008015,7213.3839540817935,260.46365221787073,11,6.262809702111907,-343,0,0,2
292.3638321788061,58,80,-23860,295,21,91.10197556780052,188.08329731177523,-18.172133944911042,-6694.031123133645,40.02635120652686,9,0.49493797865261113,570,0,0,2
88.93570087635186,51,56,71995,15,94,130.75976197479628,6.365916001203532,-20.63233288002028,25657.774892275433,277.59862016999483,-3,0.697503797052792,-95,0,2,2
101.46675444038002,50,56,-46359,83,46,40.33252168546558,74.84292693442603,-7.823919061466914,-1076.6173449054677,210.00041599244156,2,7.78862585340644,-39,0,1,2
88.02301803384364,54,58,55995,252,59,107.28645843838684,52.72346616420127,-9.872396461610599,17179.347986281628,494.83546673047294,7,0.24123672549540504,78,0,0,2
596.4643540689488,57,91,-96675,102,22,70.22224700343341,352.3528988659495,14.202184151901129,28105.567637993947,97.68956741319228,8,0.7781593535058431,-81,3,0,2
201.69510753761887,78,80,45316,231,50,391.1968804249631,-3.5036027975423036,-23.335160385002087,-1576.4747147436838,15.867656916430924,-4,0.3838178710080053,-356,0,0,2
788.856433759323,48,56,-72804,1238,70,153.38480194962028,27.473744641340595,41.27878837806093,16923.979669573906,222.44265112937717,7,3.785235759852381,-12,3,3,2
632.6058517292086,91,92,-45148,1224,70,104.41086870715004,-0.10694921379600064,369.3641505628125,-16943.214023156266,277.5612354821253,10,3.6392869903489315,-121,3,2,2
58.8412497149642,66,94,-6029,11889,34,389.9595104684595,9.959476874937806,3.945333090511612,19435.024296729127,261.11208636454825,16,0.9112060384896741,-109,0,3,2
176.58490648490567,50,57,-34452,127,42,283.60757498839575,33.07228691168929,-19.48176341504522,4518.870082214264,73.9245102274611,8,0.1357810397429875,-133,0,0,2
638.5096394787356,55,80,-42956,642,62,88.82534105672103,213.6485699247039,-31.25692833253631,131421.09628524608,179.15750738728707,16,1.346613018832957,-102,3,2,2
37.59496635066896,58,63,-49084,2198,75,130.0090260523734,30.095001944766054,697.7405305412112,1395.327619927095,126.42996584731199,14,1.8070973066028064,-142,0,0,2
226.8962433294772,54,54,-102806,1021,51,333.8483487896749,1016.2834913454651,-21.116046340688495,5191.7722750646335,34.38526004751033,1,0.6701429198754152,487,0,0,2
629.9214197791358,55,83,-18744,49,526,76.12915633873273,189.3447775071354,-5.41498687246323,50119.15329636605,162.3186394868841,-5,0.46750286593136936,-83,3,0,2
688.5880380476751,75,64,36574,1602,53,31.134904303679036,378.4311528077327,-21.146988614991933,91957.41993004261,80.4860870120584,8,2.270732570765473,65,0,0,2
879.7906928756257,68,91,52234,137,20,38.60143338060406,283.94741298612075,-4.732729377835706,147318.65103891233,177.84492908011828,16,1.2157939883163236,351,0,1,2
191.08418250808518,51,61,227247,1290,41,227.94784918254516,259.6252959826869,272.67128829655667,-210.0362079500701,101.25876608811839,-1,0.6895992770460181,548,0,0,2
739.345928446987,57,76,105298,2183,59,401.98699581042587,248.00372101506952,-26.35761150859956,381298.8000130019,93.76465692429849,10,0.8914596832651323,7404,0,0,2
43.84068080567859,52,56,38805,644,51,393.14517254574486,12.845513080823707,7.465665020866867,18044.556516658784,108.40367311777123,2,1.2959801663011628,-112,3,3,2
123.10743480021245,53,60,8178,1183,65,111.56868436582658,48.52741423306619,-40.08121235488166,-8074.42427106918,82.73289330145514,-1,1.6155922810711774,-59,0,0,2
764.2361197214951,68,77,7819,221,23,165.2356264743286,223.28590381145037,-17.377102965777805,15861.038445722937,66.86285201776192,8,2.610976067047068,-9,3,3,2
1504.3188566247948,82,87,20362,1748,37,89.517125115789,38.373218740312346,-6.771511557472743,48739.93249920844,80.90455880899091,6,9.61396015670621,357,0,3,2
199.757326880727,73,52,-7024,254,77,141.1114031389964,162.7461508862984,2.0830671667573393,186858.0041415836,170.88301776807157,4,0.6962952916325389,-43,0,0,2
51.479723628251655,55,89,22919,810,30,12.946011295700558,39.73004872288879,-33.830170752879795,33525.87256135959,71.54947824147129,8,0.3001483447822141,-72,0,0,2
198.51115767678766,83,52,-47425,125,32,221.89350035859601,146.47977944003594,-22.935200577885965,15202.453959421431,253.06726062106833,7,0.7841327186535205,-54,0,2,2
119.91841923435022,68,58,-28588,583,46,135.90737026233285,50.54256721096576,320.05474829200807,12567.301570194424,105.90062965105236,12,7.881847145666328,-51,3,2,2
215.2558009678595,56,54,-40438,118,47,91.2890494158699,26.398346506749615,4.612620869393394,151301.06574232285,216.13118900603195,6,1.0302129367957644,-47,3,0,2
133.3548140446155,51,59,-74209,297,66,636.9652078924257,41.48385785142148,-8.092472471609817,12456.469072501484,83.4071848863081,4,0.4815593399378478,-97,0,2,2
559.6148869259769,81,59,59844,1173,373,300.00656997493763,34.14153446246338,1.4628040576054977,24411.20915408661,89.83101461946687,15,0.868215570000316,-133,3,0,2
699.2102772667686,98,94,3915,975,32,97.39445564970569,32.95554840446107,-4.158285654684588,150075.2113135756,253.22965124607157,13,-0.10632124011229438,-221,0,2,2
709.8649969850467,82,50,-202891,117,56,153.83312655759653,36.96899888251243,408.13313221873494,-2381.3451223077464,103.92777303306089,8,4.693234881722343,-65,0,0,2
218.44220727757315,74,52,-60616,207,63,131.95932152733369,320.63322549051327,-25.469478935496582,-7748.923723718446,290.97583088004103,9,0.8091191907789308,-102,0,0,2
192.7835492318957,50,94,-52843,297,40,164.5201378890367,399.6098894994184,-46.93484597153414,145330.56455584572,133.93141494586453,8,0.021076280225736044,-55,0,0,2
830.2980008213506,57,59,-63158,979,50,521.5476850628002,-21.638331359430932,392.4930146563048,-6347.845660165696,23.46089387580949,13,0.13470928007005345,10,0,2,2
114.58955414261315,66,55,-129525,156,67,350.608880083638,291.0949672515117,-27.621384741926867,645.5000060134907,150.2614402890181,2,0.014387713194455531,-82,0,0,2
749.9871819373637,93,98,30292,624,47,92.5650860604137,40.067989725916355,607.4769260661901,-8005.942862467275,129.06089196644035,6,0.481645316426488,-129,3,2,2
213.89654285433784,73,51,-7374,1541,54,358.3988897875545,38.30351834181547,-15.153304456527426,-12708.415653303577,219.87790399785828,4,1.267599813916765,-83,3,3,2
813.5459070275807,52,84,76264,1837,28,75.25763817493632,289.1643184459386,335.544292704337,116647.95479064685,38.50504616362602,16,0.8203433284147708,15,0,0,2
792.0536584987553,54,61,405388,219,58,99.87368145312129,5.125448775284179,8.840990056958224,-6106.511639649432,110.65167246360366,8,0.2931089950601493,-87,0,0,2
195.59305786120342,79,76,-56645,1831,47,245.12774150930295,295.7114191985945,-30.539272120485236,582.6481314559751,52.19426793779162,-7,0.28044591783140216,-293,0,0,2
51.6639457618095,77,52,10164,1164,43,209.0349655810695,-7.394204158013562,-23.887849014116323,15148.441486520409,162.8249361525668,13,0.6764415887882316,19,0,0,2
1390.5174320942583,83,52,2173,700,18,276.7462524003176,51.636950076540934,-7.461840451970985,-5403.045573407857,104.29482660735928,14,1.156213458538124,13,0,0,2
1436.0428546022288,49,58,-95502,1229,71,167.15414047685317,7.903056291093943,-10.995522212959042,-14486.81160556181,68.55426786075226,2,0.9897158378803737,-109,3,0,2
853.7200969152741,50,50,2387,200,56,368.5135122363384,23.52331233088453,-24.963268594337645,-5949.097099871977,92.57374339407625,13,0.9996574440465742,37,0,0,2
1303.2194621590743,91,57,-5138,9571,23,480.6487717640071,28.955800830216663,-35.651120542625335,-126.7066363462327,53.73573963522982,6,0.24022181392690328,435,0,3,2
89.90705269920316,53,56,14784,242,46,10.530241225368925,58.59376670400193,-35.727400041734505,2526.9081194527816,51.14944069815782,6,0.1933871577883297,-42,0,0,2
67.61448140536291,92,58,1060,88,64,-3.9172605906519067,-18.44987323908048,435.22413947727193,-8027.011045859072,203.89762117397746,1,0.09541895799912403,-83,3,1,2
379.0763327451557,71,60,-12250,1707,37,83.62394997596763,39.24417658543338,519.6401429891844,10055.409886624757,98.89076814650107,5,5.260866562893063,-508,0,1,2
772.675235755213,72,86,-50112,1685,66,217.6807343591824,52.01752944225059,-40.148867095736534,-11526.052915572342,57.79722171563358,0,3.3664126190488766,48,0,0,2
44.48557071621371,51,87,-7055,853,45,135.5154156629372,20.196731231971945,517.9529374112763,119.38186709052934,167.09532906420728,-3,3.192986223402619,-124,0,3,2
224.40216349539548,50,77,16075,1157,49,1276.6842639281451,544.1142042459137,-2.6072831657688385,-11245.526676847388,82.0235204855695,1,1.497627395808613,-235,3,1,2
58.47069786083787,70,77,-49564,245,29,170.37616268249838,37.59096467895606,-24.147606888158972,3778.5043914855914,221.25906525296605,13,1.2954301638735062,-214,3,0,2
190.76322958602964,50,55,-736,950,37,282.55268503753973,50.815340806429084,21.959354694175804,-4736.598325622432,12.334101999325952,9,0.9284592891104477,-299,4,0,2
1419.0388374018132,86,57,87464,324,35,-11.681343313395644,318.9562270461685,-37.4541796833903,2926.5360599491687,13.95653834429099,14,0.5946284548087175,49,0,0,2
674.4189304433131,58,49,18291,136,31,159.54873119966084,9.878799762947958,-42.09429580793269,33110.79080138086,70.11159764489183,89,1.3405119664389553,-47,0,0,2
180.97819034906374,78,50,-75407,170,62,126.86159206196871,50.60419030463204,42.81359827488251,127104.37082090054,61.48017312524263,15,3.684645556622191,10,0,0,2
0.08107947342801936,50,49,111677,1098,42,19.374878416486524,571.8570463503029,-23.503932783859064,1765.3706360468655,65.89550547773473,8,6.806089233206244,-529,0,2,2
758.5111979146308,66,86,-33982,158,22,169.8435002004726,752.1792525806536,522.3456317307484,6566.963529787844,85.44540335014295,17,3.4367078950881056,-34,0,0,2
226.7126554902317,55,60,11116,887,122,140.78694518242213,437.51646186391076,-48.338994777979416,-5827.929070896473,51.35020277626667,6,6.333840936766949,-7,0,0,2
77.71947022610841,51,75,18588,291,66,348.0535066990961,64.69422379576517,-32.89421275037737,156602.85224667212,156.13250575070208,13,6.882138537423183,-71,0,2,2
177.51924507226363,72,96,1125438,1448,531,111.37353941946107,49.05878416840106,-46.70028307713521,1220.5150897467947,58.713042268650405,0,3.2242771468375673,-31,4,3,2
729.5234258643933,68,59,9363,153,36,181.0259493098925,62.17413133759831,-36.46315298106072,7832.729958934461,47.92184629845081,13,0.6314006925651119,-232,0,0,2
840.5647720119009,56,97,-38241,73,34,581.2023109796229,66.46444602903281,-1.7577373222251031,328869.22738848877,32.62041310761144,6,0.3779594745370931,-42,0,0,2
201.30310211995487,80,56,-53701,474,40,685.3699778991663,262.76282284056333,-19.984682227888083,8994.995690359796,148.5444759362677,5,0.8322757124664864,3,3,0,2
800.422828797809,55,61,-15706,152,64,699.6084799386772,8.88511438620291,-8.18580685772713,37286.907779640984,117.0053376989439,7,3.2374490762082466,816,0,2,2
155.40682273339127,56,52,29,404,64,131.7294672520801,50.5052852925956,-30.537703635687663,-6418.864486142678,104.86738198618241,6,1.1808700711552613,31,0,2,2
501.35648561184894,53,60,12524,1781,45,113.75445981092821,222.98397644617467,-36.91401794320071,-6946.888574149467,97.28616753234269,1,0.6562670894229098,46,0,0,2
1417.4756413724804,53,95,-36214,336,54,669.6570569573012,281.1837849421297,3.6512826195211985,14424.033645987389,229.33089341431676,9,1.3357611264740321,9,0,0,2
612.3428081498671,54,56,-47003,12,426,735.0702636633187,668.3396722600778,458.5608989808529,331043.760814433,176.66376135716035,12,1.263512762153589,-12,0,0,2
187.43119783535892,67,51,4833116,1927,28,135.06106770180673,22.331430795948165,12.858234059125191,16985.556486128342,20.535686606438077,12,0.8750992118774966,-67,0,0,2
167.9615657484082,75,72,-28008,345,50,129.82034110353314,7.748685764564481,-16.0730357014647,78703.09340955627,222.00677320347916,15,2.365246075111656,-649,3,2,2
196.7582911108853,54,52,-47119,1753,35,70.19644453745795,23.2475953559473,219.96724396362472,-32866.29388804577,30.969451940942875,-8,1.357497237556178,-93,0,1,2
198.12258898103426,95,73,-8262,1763,-67,77.08125847607177,51.82841231436952,531.8543174395278,19331.824830739555,67.44013603524822,-1,-0.09086855662693427,-109,0,0,2
91.72391884043394,59,64,-44410,125,452,40.698998865532545,339.8342338035914,90.93448356282792,10136.460053948755,64.66423299485102,11,0.16845387843039822,-104,0,1,2
154.5635688092886,50,97,13798,1210,58,108.78558526904341,-14.583275944350401,-27.53757766066877,-1043.1991655725515,51.31379129656121,11,0.4904203503158224,-168,0,2,2
218.83142180026275,76,57,2202,103,63,778.1171364112079,0.39850259304790825,11.219926882340705,-9998.134122101426,127.54598437494352,7,1.4209547234324278,-491,3,0,2
1392.7454759874236,54,53,13364,1889,42,65.30350469339986,572.9184394390437,-33.70760377905104,27301.8735854368,103.12335170966294,8,1.7348886847916272,-649,3,2,2
187.06570891941413,49,59,90021,280,51,114.58750709590458,11.013809659690583,5.984294574961085,-4306.673471592885,109.31716726236448,13,9.808310350843506,753,3,3,2
657.3906047972755,57,52,46077,1374,30,284.4764703763671,74.12903815783515,-6.311706041173356,20829.886957576044,69.8006347562899,10,0.08986447442129786,-65,3,0,2
172.38365810697138,96,89,-22959,1714,39,220.80940276160413,245.12864220159207,-26.125265863999633,-389.8418975942259,14.448123716345705,14,-0.03844882077786804,-67,0,0,2
681.5277170786553,55,59,-71377,1924,54,1061.811796509224,-3.3317002423697084,17.747693471304938,12567.027395205081,297.259864791804,5,0.4286139789194463,-95,0,1,2
185.98865411177457,54,60,-27583,156,33,1240.0396465235822,29.06882979989155,-17.88986583345117,-9314.877350021867,-10.135272815676927,6,0.684386527781433,-205,0,0,2
43.589364749652596,52,52,63921,1352,34,830.9848595170888,15.48653926137207,15.411222608563776,20642.448080871494,56.94892928169587,13,1.463214971905824,-278,0,0,2
634.0854654768713,50,55,-9881,211,56,151.80213764342187,259.10789936922254,638.5412359763745,-15576.588469765084,248.56046127484802,11,0.824429982722648,-96,3,3,2
98.23456793867159,72,91,-286644,131,75,448.93336468392965,24.078329235673113,731.5649572785414,6847.754578079979,715.0967976819509,71,0.6231049558883252,-97,0,0,2
57.67791502348549,81,91,-11855,1161,559,177.56645571557704,49.52614326175944,-11.147111879939942,1925.6368843187638,978.6154897779526,13,0.6970395739954982,-65,0,3,2
49.96063199748249,89,61,-37729,227,48,-4.129532132749802,123.40687095409984,-10.909785055821693,7614.620291647256,21.722098558601687,-1,0.9480867779213225,-80,0,0,2
179.95604236362703,90,75,-57717,451,69,405.7178421631354,67.11715408497024,-39.949280267444045,38535.27042081516,143.38280880811567,6,1.2372082620150753,-87,0,0,2
1495.2167122859234,53,47,55917,171,40,582.8930786270432,1.6255389012785069,12.53582265913574,33167.04111940545,114.80782030878925,14,0.8233603358815798,-66,0,3,2
155.02633840696456,85,86,1374339,833,44,72.45998020473222,606.7671538943493,-31.95264102248023,-5554.19853363917,85.39184331937126,-2,0.5019050388264159,10,3,0,2
600.0592164398543,86,52,789,979,40,111.40191350635845,81.24269467262688,460.5062190863367,48554.331387682745,49.23980189377234,6,1.1903423393930024,-78,3,0,2
490.4667499256489,77,56,-68638,160,78,9.779688537637483,40.11625635247248,0.8046373302782697,17242.60679424438,91.92101773967667,10,1.4916873825079824,-34,0,0,2
186.04524469706118,70,59,55378,155,80,121.32659834649064,130.181259137098,335.40704358354003,16155.446972071411,108.91154779699067,11,0.9822713487238142,-35,0,2,2
250.20757417970592,51,61,38224,212,22,63.38772459145745,39.30250053578714,-44.57395960121715,104596.9223897937,137.8134542757666,7,0.3476755005362567,-128,0,0,2
239.10637424458744,57,56,-17427,224,85,159.93307181283632,19.64511606905609,28.121584183746787,61148.460273227676,289.2366054998114,0,0.9344115883519812,-107,0,1,2
209.0614616520637,76,77,-51892,121,24,61.99498791618206,65.9445724622361,-39.611540840229665,109834.60687337384,63.76432291066098,4,2.2402485652330544,-1108,0,0,2
291.6615084208383,50,72,60542,220,69,129.895342571482,73.70596433391745,-32.96838567136425,8800.236496796748,85.11918499011455,5,-0.052739042146687454,-5,0,0,2
67.05945369995379,54,58,-30410,444,23,110.00770413098338,-46.78357290433448,-18.626214110072823,13963.523561777993,120.30396243359777,7,1.2182193998105644,-55,0,0,2
