bwd_seg_size_avg,pkt_len_min,fwd_pkt_len_min,totlen_bwd_pkts,fwd_pkt_len_max,bwd_pkt_len_min,pkt_len_mean,fwd_pkt_len_std,bwd_pkt_len_std,flow_byts_s,fwd_pkt_len_mean,psh_flag_cnt,down_up_ratio,fwd_act_data_pkts,syn_flag_cnt,fin_flag_cnt,Label
378.6312,54.0,54.0,224.37296,75.0,100.36057,161.70406,0.0,362.7699,121969.875,72.0,0.0,1.2,0.048150137,0,0,7
95.188896,95.0,77.0,161.64618,96.0,74.0,108.333336,0.0,0.0,18804.115,81.0,0.0,0.2380969,2.0,0,0,7
345.5515,54.0,54.0,14680.64,488.0,60.0,566.8038,75.00966,11.785113,76235.805,102.0,17.0,0.6666667,6.0,0,0,7
937.00757,54.0,54.0,40467.043,1858.9285,60.0,991.23785,3671.544,3527.314,5191.3506,331.14062,759.783,6.3430963,6.0,5,3,7
226.0,54.0,74.0,11010.808,1514.0,60.0,583.3826,359.01114,0.0,16870.742,260.62155,11.0,0.5,19.558002,0,0,7
326.43814,54.0,54.0,7165.7056,89.0,74.0,286.6314,0.0,0.0,42158.062,83.0,0.0,0.9671921,3.0,0,0,7
581.865,54.0,54.0,175479.05,1877.0,60.0,1272.543,3609.5679,595.62933,14672.039,720.1536,718.05255,1.0,154.57498,0,0,7
162.25859,54.0,73.576904,141.0,1292.0,60.0,92.05049,0.0,0.0,89.050156,210.48138,0.0,0.5,3.0,0,0,7
185.10732,54.0,79.0,7685.766,529.0,60.0,415.26758,0.0,0.0,23327.803,161.59512,0.0,0.5,13.7631445,0,0,7
226.0,54.0,54.0,136.2676,83.0,74.0,86.78886,0.0,0.0,3234.898,80.89557,0.0,1.0,2.0,0,2,7
177.98569,78.0,87.334946,5848.022,95.0,60.0,338.38602,0.0,0.0,34886.95,94.0,0.0,0.5,5.0,0,0,7
135.04527,94.0,74.0,159.0,94.569466,93.99439,115.05064,0.0,0.0,31637.271,77.0,0.0,0.5,2.0,0,0,7
626.9271,54.0,54.0,16052.0,91.0,63.0,627.6843,0.0,620.2985,226830.78,82.0,162.46603,1.3333334,2.0,0,0,7
510.2045,54.0,54.0,224.32451,82.0,74.0,134.33333,0.0,557.27075,19063.64,77.0,0.0,1.4093802,2.0,0,2,7
172.51143,54.0,54.0,108.0,76.0,124.32093,67.38228,0.0,0.0,4673.537,76.0,0.0,0.535917,2.0,0,0,7
226.0,54.0,60.0,7182.0,281.08752,60.0,374.09088,0.0,0.0,27466.475,100.79675,0.0,0.5,5.0,0,0,7
78.67841,61.166668,81.0,74.0,95.93857,74.0,95.0,0.0,0.0,212.20775,86.1148,0.0,0.28899592,2.0,0,0,7
74.996185,66.0,82.0,94.0,96.0,66.0,95.0,0.0,0.0,1032.8094,89.0,0.0,0.31811067,2.0,0,0,7
267.09393,54.0,54.0,5179.457,82.0,64.0,338.0008,0.0,0.0,121675.03,82.0,0.0,0.5,2.0,0,0,7
96.498436,61.166668,78.0,74.0,95.0,74.0,95.0,0.0,0.0,614.41974,81.0,0.0,0.5,2.0,0,0,7
182.996,54.0,74.0,1106.287,99.057205,60.0,169.0,0.0,0.0,14016.747,96.0,0.0,0.5,5.0,0,0,7
179.78606,78.0,84.052505,5075.0405,91.3584,60.0,297.35928,0.0,0.0,32562.477,89.0,0.0,0.5,4.0,0,0,7
142.7252,91.74772,74.0,173.44553,93.46247,96.88545,121.55329,0.0,0.0,40744.445,76.93125,0.0,0.5,2.0,0,0,7
160.9057,66.0,82.0,6023.5044,530.0,60.0,312.76947,0.0,0.0,15017.565,163.58333,0.0,0.5,12.0,0,0,7
358.83673,54.0,54.0,59393.887,1917.1763,54.0,1237.7216,3560.2295,307.9102,4852.7173,1396.2843,492.58615,0.5,1192.784,0,0,7
179.0,54.0,74.0,205.0,833.91504,60.0,114.7678,0.0,0.0,983.2141,204.06696,0.0,0.5,4.0,0,0,7
132.82887,94.0,72.0,127.8518,93.37514,106.208176,100.16847,0.0,0.0,24752.957,75.0,0.0,0.5,2.0,0,0,7
246.25949,54.0,54.0,134.20668,62.0,182.0,80.333336,0.0,0.0,17666.688,62.0,0.0,1.1756687,0.0,0,2,7
118.96228,69.5828,79.28468,108.0,95.0,60.0,78.0,0.0,0.0,462.13922,94.0,0.0,0.5,2.0,0,0,7
227.18724,54.0,54.0,5962.3413,95.0,60.0,271.63098,0.0,0.0,24229.086,91.0,0.0,0.5,5.0,0,0,7
232.4051,54.0,62.0,5111.0,84.0,60.0,338.01068,0.0,0.0,75884.3,84.0,0.0,0.5,2.0,0,0,7
137.42032,90.07361,73.12066,120.0,89.0,113.1509,94.0,0.0,0.0,19476.006,74.0,0.0,0.5,2.0,0,0,7
1030.6206,54.0,54.0,75606.06,1514.0,60.0,1265.2925,1241.7917,1925.5377,72949.15,160.46086,774.99945,3.6512287,3.0,3,0,7
351.10736,54.0,54.0,7823.845,1784.481,60.0,456.20007,679.30286,318.13373,3717.74,353.53793,36.85921,1.0,10.0,0,0,7
206.0,54.0,54.0,120.0,74.98347,150.0,67.3838,0.0,0.0,5997.5366,74.0,0.0,1.0,2.0,0,1,7
326.6625,54.0,54.0,8464.051,91.0,60.0,476.193,0.0,0.0,171819.34,89.0,5.0,0.5,4.0,0,0,7
887.3187,54.0,54.0,16052.0,1808.7617,60.0,813.8606,2079.4182,2167.8354,6477.402,249.66142,631.3845,6.1827564,3.0,5,3,7
734.1891,54.0,54.0,32928.348,400.0,60.0,1219.6682,304.39734,683.035,251070.34,89.0,511.29272,1.8333334,2.0,3,0,7
192.0,56.93622,78.0,311.48682,1048.202,60.0,192.41617,0.0,0.0,3709.279,216.87904,0.0,0.5,5.0,0,0,7
113.0,94.0,81.0,171.0,95.0,60.0,113.333336,0.0,0.0,14478.231,86.0,0.0,0.5,2.0,0,0,7
251.0,54.0,54.0,5309.9604,1514.0,60.0,288.9511,455.33356,0.0,1947.3046,277.41376,0.0,0.5,8.0,0,0,7
95.1145,61.166668,78.0,90.0,96.0,74.0,95.0,0.0,0.0,907.8574,82.0,0.0,0.19226654,2.0,0,0,7
729.63635,54.0,54.0,76739.445,1514.0,60.0,1246.483,1246.2374,684.77637,28700.479,218.69525,684.0501,1.7077653,5.0,3,0,7
179.9067,54.0,73.0,147.68192,1514.0,60.0,97.0,242.89024,0.0,41.718086,351.6814,0.0,0.5,5.0,0,2,7
770.77515,54.0,54.0,1371308.1,2051.986,54.0,1309.4816,6783.722,694.4456,21768.988,820.9625,2247.3232,1.3333334,49.395702,3,0,7
195.93758,70.21632,78.0,5908.0,87.0,64.0,333.14813,0.0,0.0,116246.56,83.0,0.0,0.5,4.238357,0,0,7
603.0,54.0,54.0,328615.53,1514.0,60.0,1272.3453,679.61755,595.1297,134600.83,223.62668,665.4999,1.121331,13.830926,0,0,7
192.8472,84.88385,74.32673,205.0,84.45054,93.0,138.0,0.0,0.0,114691.29,76.0,0.0,0.5,2.0,0,0,7
74.0,65.040146,82.0,93.0,95.0,74.0,94.41769,0.0,0.0,572.6058,88.30951,0.0,0.29628202,2.0,0,0,7
603.9554,54.0,54.0,829.2628,530.0,60.0,182.08395,126.068596,642.4773,5518.946,92.84577,1.0,1.8708903,2.0,3,3,7
727.12555,54.0,54.0,423003.9,1514.0,60.0,1282.2811,1173.7317,674.9876,159142.11,208.73854,791.59784,1.3333334,6.0,3,0,7
601.0945,54.0,54.0,29946.676,1514.0,60.0,1234.9889,553.0925,597.798,43622.18,204.40358,488.06223,1.1875,6.0,0,0,7
209.0,74.0,66.0,182.0,74.9899,102.97014,123.253204,0.0,0.0,38889.312,74.0,0.0,0.5,2.0,0,0,7
290.05457,54.0,54.0,210.03113,76.0,103.0,134.3432,0.0,0.0,42079.473,75.0,0.0,0.8654282,2.0,0,0,7
294.49805,54.0,54.0,196.0,89.0,63.0,107.26918,0.0,8.860322,5635.131,82.57836,0.0,1.0909091,2.0,0,0,7
625.68427,54.0,54.0,17671.13,1878.2201,60.0,861.67755,3509.804,651.9618,3249.7505,506.9435,522.1941,1.3207066,14.0,3,2,7
351.15985,54.0,54.0,20764.7,1514.0,60.0,1210.3022,620.63544,113.15987,20864.828,310.05676,241.59645,0.5,19.264557,0,0,7
146.72949,86.0,81.0,1214.957,91.0,64.0,236.98871,0.0,0.0,46399.4,86.477394,0.0,0.5,3.0,0,0,7
226.0,54.0,54.0,148.0,96.0,60.0,96.47948,0.0,0.0,2156.7085,89.0,0.0,0.8333333,2.0,0,0,7
347.52942,54.0,54.0,238.37723,288.05792,60.0,115.08903,0.0,307.6026,4302.4873,89.0,0.0,1.2142857,2.0,0,3,7
147.67278,80.0,76.0,161.37138,79.0,100.0,101.507355,0.0,0.0,18151.361,78.0,0.0,0.5,2.0,0,0,7
206.80898,54.0,78.0,7413.1724,1194.0668,60.0,416.42358,124.18001,0.0,14095.559,225.73064,0.0,0.5,12.0,0,0,7
347.52942,54.0,54.0,10429.03,1514.0,60.0,663.3484,504.51266,104.87901,17182.002,244.75243,71.194565,0.6,8.0,0,0,7
555.0963,54.0,54.0,19868.047,1845.1202,60.0,858.92175,1558.7764,597.1958,5564.3203,436.40366,486.89914,1.2,17.607925,3,0,7
148.76839,54.93887,60.0,94.0,82.0,74.0,66.0,0.0,0.0,619.0538,81.48222,0.0,0.5,2.0,0,1,7
728.01227,54.0,54.0,16327.541,1877.0,60.0,513.746,3505.7747,1226.9176,1761.7776,383.9262,527.2339,4.6751328,6.0,5,3,7
93.0,89.0,88.25443,137.0,94.0,60.0,89.156006,0.0,0.0,2956.543,89.95798,0.0,0.5,2.0,0,0,7
99.0,66.0,77.0,98.80246,95.0,81.73011,94.0,0.0,0.0,3368.7805,79.0,0.0,0.5,2.0,0,0,7
534.02014,54.0,54.0,208.0,411.68762,60.0,131.41656,0.0,602.8904,4024.542,89.0,0.0,1.5809312,2.0,3,3,7
241.0,54.0,60.0,1316.4564,78.0,74.0,279.3091,0.0,0.0,158801.02,78.0,0.0,0.5,2.0,0,0,7
95.77046,66.0,78.0,90.0,83.124344,93.0,84.57998,0.0,0.0,1082.8167,80.0,0.0,0.5,2.0,0,0,7
212.55457,54.0,71.0,7301.5176,89.0,60.0,387.5316,0.0,0.0,121954.55,89.0,0.0,0.5,5.0,0,0,7
653.13855,54.0,54.0,98445.81,1811.0596,60.0,1265.761,2105.2239,654.3999,20820.432,339.1101,721.0575,1.2307693,9.0,3,0,7
146.81065,89.0,84.0,226.0,94.0,60.0,154.12718,0.0,0.0,22548.799,89.0,0.0,0.5,3.0,0,0,7
124.26259,89.0,82.0,172.81541,92.0,60.0,112.333336,0.0,0.0,12437.988,86.26565,0.0,0.5,2.0,0,0,7
319.0,54.0,54.0,5826.85,1846.6062,60.0,287.97748,770.4762,119.96181,237.63423,505.16666,6.7247133,0.8333333,13.0,0,0,7
1014.3632,54.0,54.0,78043.29,1844.4929,60.0,1237.496,3572.0986,3631.1465,11359.363,280.64987,804.3457,6.1438303,6.0,5,3,7
134.79051,89.0,77.0,161.09796,89.0,92.19007,108.275635,0.0,0.0,20320.107,78.38887,0.0,0.5,2.0,0,0,7
93.0,67.86193,89.0,108.0,392.51218,60.0,84.0,0.0,0.0,131.01897,127.39671,0.0,0.5,3.0,0,0,7
625.3916,54.0,54.0,5908.126,1782.1796,60.0,286.8279,770.49243,662.4596,994.34607,244.64359,66.09598,2.1324422,3.0,4,3,7
251.0,54.0,54.0,4435.1577,79.0,90.0,262.40576,0.0,0.0,117822.85,78.0,0.0,0.5,2.0,0,0,7
169.40465,78.0,75.0,121.0,76.0,101.58957,91.84379,0.0,0.0,13668.726,76.0,0.0,0.5,2.0,0,0,7
729.63635,54.0,54.0,16460.127,1311.1829,60.0,703.1273,558.3985,692.2847,23084.453,129.65247,491.52313,3.1559014,3.0,3,2,7
936.4483,54.0,54.0,92067.51,1514.0,60.0,1252.4785,808.2931,1594.7683,73127.66,146.95103,751.6767,3.3331535,3.0,3,0,7
147.0,61.166668,74.0,74.0,74.0,103.17208,78.0,0.0,0.0,1698.8455,74.0,0.0,0.5,2.0,0,0,7
89.88275,89.333336,78.0,128.04765,96.0,74.0,95.0,0.0,0.0,7310.5444,82.0,0.0,0.33333334,2.0,0,0,7
111.34148,66.0,76.0,90.61534,89.0,89.90028,91.0,0.0,0.0,2044.1403,78.0,0.0,0.5,2.0,0,0,7
1156.8494,54.0,54.0,276232.66,1849.4983,60.0,1278.3086,5988.1934,4133.2715,18480.49,330.0869,1678.533,6.1941924,6.0,4,3,7
179.0,54.0,54.0,134.49608,89.0,63.0,85.50752,0.0,0.0,2002.9783,86.81591,0.0,0.5,2.0,0,0,7
229.07591,54.0,54.0,110.736565,79.0,93.3109,79.333336,0.0,0.0,2851.6697,77.349174,0.0,1.123557,1.0,0,2,7
306.7714,54.0,60.0,7597.4966,1514.0,60.0,510.19788,546.0092,0.0,6096.7393,336.3338,11.0,0.5,9.0,0,0,7
170.68266,82.78788,79.0,179.0,85.17762,64.94234,118.99081,0.0,0.0,18097.057,81.0,0.0,0.5,2.0,0,0,7
120.84703,84.0,82.0,226.0,89.0,74.0,130.66667,0.0,0.0,18780.387,86.9292,0.0,0.5,3.0,0,0,7
100.0,66.0,82.0,93.0,85.611336,66.0,82.0,0.0,0.0,599.5058,84.0,0.0,0.5,2.0,0,0,7
241.0,54.0,54.0,5101.838,79.0,74.40184,297.46768,0.0,0.0,147931.92,78.7316,0.0,0.5,2.0,0,0,7
671.0324,54.0,54.0,11123.443,1815.5441,60.0,467.7726,1320.9364,690.95337,2747.3489,274.41437,475.05258,2.994603,5.0,4,3,7
94.39456,94.63568,75.0,120.0,96.802124,91.0,96.0,0.0,0.0,15226.814,78.0,0.0,0.33333334,2.0,0,0,7
728.4975,54.0,54.0,243142.83,1514.0,60.0,1272.9834,771.51605,680.2242,151615.53,177.03174,760.24164,1.3907679,6.0,3,0,7
645.04834,54.0,54.0,95893.234,1849.1178,60.0,1263.323,3210.5122,650.2685,15263.799,458.97098,723.91693,1.2142857,14.0,3,0,7
93.0,79.9743,77.0,108.0,96.0,79.0489,95.0,0.0,0.0,5014.444,80.91471,0.0,0.26218864,2.0,0,0,7
630.94653,54.0,54.0,7815.264,1514.0,60.0,508.12213,540.95734,644.7168,12550.75,174.55162,163.72668,1.3333334,3.0,3,0,7
673.4845,54.0,54.0,373793.97,1847.278,60.0,1289.1633,3646.8872,667.0006,24829.404,447.89316,868.99524,1.2234446,14.0,3,0,7
148.12123,63.0,76.0,170.32596,489.71967,60.0,97.945045,0.0,0.0,1106.7045,121.74459,0.0,0.5,3.0,0,0,7
99.0,61.166668,77.0,74.0,98.614365,69.0,96.0,0.0,0.0,982.56976,81.0,0.0,0.12461951,2.0,0,0,7
366.0716,54.0,54.0,6886.971,1514.0,60.0,306.0478,542.7473,521.58234,1993.0435,246.88199,10.385167,1.2,6.0,3,2,7
603.3038,54.0,54.0,7206.0664,1813.2682,60.0,387.81818,1248.6455,650.20734,1130.3469,310.88535,133.0,1.4478565,5.0,3,3,7
100.0,89.0,84.0,147.0,92.0,60.0,95.7747,0.0,0.0,4922.6304,89.0,0.0,0.5,2.0,0,0,7
1116.833,54.0,54.0,419486.56,1867.1328,60.0,1286.5878,6112.115,4061.9558,20051.053,362.86157,1894.7854,4.6062264,6.0,4,2,7
226.0,54.0,54.0,208.0,78.0,99.0,115.29476,0.0,0.0,19455.848,78.0,0.0,0.6666667,2.0,0,0,7
226.0,54.0,54.0,274.74454,1753.3629,60.0,130.66667,449.727,0.0,92.88179,345.8076,0.0,0.6666667,9.0,0,2,7
345.30756,54.0,54.0,294.3071,74.0,132.32256,236.19383,0.0,0.0,231730.16,69.72,0.0,1.0,2.0,0,0,7
258.69974,54.0,60.0,7194.3755,1292.0,60.0,434.5362,209.48033,0.0,13333.28,217.66338,1.0,0.5,6.0,0,0,7
228.22864,54.0,54.0,212.59634,95.0,60.0,117.333336,0.0,0.0,5788.598,89.0,0.0,0.7495727,2.0,0,0,7
255.65231,54.0,54.0,208.0,74.0,129.25937,135.66667,0.0,0.0,132657.69,73.285385,0.0,0.6666667,2.0,0,0,7
603.0,54.0,54.0,11505.43,1877.8048,60.0,465.261,2205.145,646.6655,1089.498,486.59348,418.25253,1.3878932,13.0,3,3,7
345.6076,54.0,54.0,226.0,71.58915,140.57188,138.0,0.0,11.785113,184125.6,66.0,0.0,1.0625,1.0,0,0,7
289.90234,54.0,62.0,11337.484,1514.0,60.0,699.8347,529.65796,0.0,13975.669,317.40396,39.0,0.5,16.0,0,0,7
206.0,62.0,56.347176,149.00415,72.0,145.5519,100.0,0.0,0.0,25344.307,72.0,0.0,0.5,2.0,0,0,7
94.0,61.166668,78.0,74.0,82.0,93.2206,84.0,0.0,0.0,512.2882,80.0,0.0,0.5,2.0,0,0,7
542.33624,54.0,54.0,1151.3373,81.0,91.0,203.15979,0.0,557.272,37209.113,77.0,0.0,1.3333334,2.0,0,0,7
93.0,89.333336,82.0,135.27893,94.0,66.0,91.0,0.0,0.0,4289.4463,88.70091,0.0,0.5,2.0,0,0,7
416.25418,54.0,54.0,16404.752,1514.0,60.0,1020.7077,544.2533,503.76,23206.764,238.8925,220.14485,1.0,7.0,0,0,7
434.78525,54.0,54.0,7588.988,1514.0,60.0,383.8863,525.68115,556.40234,4874.929,224.41219,20.799198,1.2015116,5.0,3,2,7
319.0,54.0,54.0,7656.0,1888.7205,54.0,468.14377,1946.227,100.86449,571.5338,1391.7638,43.045547,0.5,77.69081,0,0,7
100.0,95.26726,75.0,146.3774,96.10787,90.0,108.0,0.0,0.0,22459.596,78.0,0.0,0.33333334,2.0,0,0,7
673.3821,54.0,54.0,7420.9575,1514.0,60.0,375.39905,545.57465,685.6536,5600.6934,143.84201,150.01733,4.301183,2.0,4,3,7
347.52942,54.0,54.0,11076.586,1514.0,60.0,631.5421,541.13806,110.90093,12304.291,263.81808,83.374664,0.6666667,12.0,0,0,7
229.26685,66.0,60.0,172.57014,62.047,148.65016,121.568275,0.0,0.0,154729.36,62.0,0.0,0.6666667,0.0,0,0,7
1358.507,54.0,54.0,1233579.2,1808.0,60.0,1297.8374,4272.785,4483.3623,72937.41,251.44028,2349.3542,6.133793,5.4441767,4,0,7
934.2649,54.0,54.0,328186.47,1854.6422,60.0,1287.8107,5594.3604,1626.3698,21043.244,392.0476,1423.2112,1.8913438,8.0,3,0,7
226.0,54.0,54.0,5175.1436,92.0,60.0,268.90778,0.0,0.0,24747.033,90.51544,0.0,0.5,3.0,0,0,7
1117.6132,54.0,54.0,133589.08,1514.0,60.0,1279.0844,1326.8895,3882.3022,60618.902,207.63393,873.0951,4.3038273,3.0,3,0,7
100.0,61.166668,77.0,74.0,96.65949,74.0,96.0,0.0,0.0,1091.9895,80.0,0.0,0.14733312,2.0,0,0,7
345.46573,54.0,54.0,5126.6064,1815.1697,60.0,232.28,679.22577,445.14764,186.66286,409.12158,4.0,1.0949408,7.0,3,3,7
181.7746,66.0,80.11712,120.50199,1514.0,60.0,100.02737,108.97413,0.0,75.50684,260.00125,0.0,0.5,2.0,0,0,7
105.513794,89.0,89.0,205.0,94.0,60.0,115.80462,0.0,0.0,9594.1,93.21144,0.0,0.5,3.0,0,0,7
100.0,66.0,81.0,99.0,88.76183,65.5227,79.0,0.0,0.0,583.7943,87.0,0.0,0.5,2.0,0,0,7
108.35762,90.821915,79.0,149.64487,92.51606,74.0,101.62388,0.0,0.0,11121.765,82.0,0.0,0.5,2.0,0,0,7
497.63373,54.0,54.0,65794.33,1876.1996,60.0,1250.3562,2231.5283,546.5723,10291.949,702.8371,533.2021,1.0,90.821106,0,0,7
638.0,54.0,54.0,13278.537,1292.0,60.0,869.3702,523.00214,642.3061,27696.336,145.53761,380.0,1.3076086,3.0,0,0,7
239.27107,54.0,54.0,5854.0,1514.0,60.0,316.31116,374.26236,0.0,3192.7212,260.6726,0.0,0.5,8.0,0,0,7
203.44206,54.0,62.0,1576.3262,89.0,63.0,162.35753,0.0,0.0,20997.182,89.0,0.0,0.5,3.0,0,0,7
711.126,54.0,54.0,7793.9424,1514.0,60.0,476.54944,687.9587,692.297,7717.451,199.78984,321.56555,2.934657,2.0,3,3,7
97.7869,66.0,78.0,104.155624,82.0,93.0085,78.0,0.0,0.0,1110.839,81.0,0.0,0.5,2.0,0,0,7
100.0,61.166668,77.0,74.0,96.51404,69.648254,96.0,0.0,0.0,966.4112,81.0,0.0,0.13297878,2.0,0,0,7
671.32007,54.0,54.0,8462.0,1514.0,60.0,457.23718,682.2266,684.32263,6215.0,201.2718,241.18208,2.442728,3.0,3,3,7
229.1676,54.0,54.0,7415.244,1883.0632,60.0,299.93155,1286.1062,0.0,96.64932,1374.38,10.0,0.5,842.11224,0,0,7
867.41296,54.0,54.0,448825.47,1808.9921,60.0,1288.4242,3333.61,1233.6644,37353.77,279.59872,1222.8059,1.7644157,7.0,3,0,7
80.946434,66.8,91.0,99.0,95.0,60.0,93.72541,0.0,0.0,468.54187,95.0,0.0,0.5,2.0,0,0,7
137.5768,62.0,62.0,146.0,84.0,74.0,82.94602,0.0,0.0,3071.0557,84.0,0.0,0.5,2.0,0,0,7
118.22395,91.0,78.0,162.06558,94.0,74.0,108.333336,0.0,0.0,15984.631,81.97719,0.0,0.5,2.0,0,0,7
98.27751,89.0,94.0,141.0,304.0,60.0,94.22151,0.0,0.0,1098.4554,122.8,0.0,0.5,3.0,0,0,7
254.55855,54.0,54.0,182.0,803.71185,60.0,100.87696,0.0,11.785113,276.92505,145.37975,0.0,1.0675172,2.0,0,3,7
366.8355,54.0,54.0,10223.535,1845.0,60.0,941.45276,1286.1062,496.78375,5347.022,505.16666,206.91988,0.6666667,10.14091,0,0,7
194.96982,79.0,62.0,141.0,74.0,148.21889,101.74114,0.0,0.0,42999.477,66.0,0.0,0.5,1.0,0,0,7
344.73334,54.0,54.0,204.0,617.0,60.0,112.333336,0.0,293.3792,996.151,117.5905,0.0,1.2,2.0,0,3,7
486.88498,54.0,54.0,10007.371,307.36914,60.0,450.76248,44.460983,519.9949,43034.78,91.0,19.0,1.2,3.0,0,0,7
1021.1986,54.0,54.0,1257547.1,1818.8213,60.0,1296.5306,4247.032,1664.492,46675.387,310.71613,2057.5232,1.9021765,9.0,3,0,7
103.0,95.0,75.0,140.54703,95.0,94.0,100.55624,0.0,0.0,19064.154,78.0,0.0,0.5,2.0,0,0,7
603.4908,54.0,54.0,7421.0864,1788.0,60.0,341.04086,958.63794,650.45905,1242.854,260.03955,128.66643,1.7156256,5.0,4,3,7
612.823,54.0,54.0,5908.128,1514.0,60.0,334.43933,511.47617,650.1613,4387.387,161.47542,22.0,1.7219487,2.0,3,3,7
355.1386,54.0,54.0,7041.2085,91.0,60.0,401.24762,0.0,109.914116,75541.805,86.424614,0.0,1.0,2.0,0,0,7
359.0,54.0,54.0,428.42807,74.0,141.0,210.28381,0.0,101.10511,222849.84,66.8439,0.0,1.1,2.0,0,0,7
395.09344,54.0,54.0,7594.8765,692.0,60.0,468.56113,274.18335,501.50348,19030.793,144.282,13.0,1.0769231,3.0,0,0,7
119.12946,91.4135,79.0,205.0,95.0,66.0,130.98416,0.0,0.0,22234.463,82.08023,0.0,0.5,2.0,0,0,7
325.8721,54.0,54.0,18380.914,825.6175,60.0,976.37555,281.4862,0.0,56534.582,201.35394,117.92588,0.5,14.0,0,0,7
148.31972,62.0,74.0,148.0,288.2975,60.0,92.307175,0.0,0.0,1094.0251,99.95304,0.0,0.5,2.0,0,0,7
95.44187,66.0,77.0,92.02537,97.0,74.0,96.0,0.0,0.0,2170.0415,81.0,0.0,0.13631114,2.0,0,0,7
100.0,92.333336,77.0,120.10461,94.0,90.65787,93.85974,0.0,0.0,11112.018,79.0,0.0,0.5,2.0,0,0,7
195.90282,54.0,62.0,212.55275,82.0,74.0,130.66667,0.0,0.0,18576.24,81.78773,0.0,0.5,2.0,0,0,7
226.0,64.0,79.0,5083.911,521.18896,60.0,382.9391,0.0,0.0,19532.592,134.26163,0.0,0.5,3.0,0,0,7
347.52942,54.0,54.0,5908.0,1847.0,60.0,393.55817,1189.7129,335.83887,767.5787,508.12796,11.0,0.875,9.0,0,0,7
361.89383,54.0,54.0,205.0,79.0,74.0,134.66667,0.0,286.1226,23463.229,77.0,0.0,1.1875,2.0,0,0,7
500.29736,54.0,54.0,80705.555,2249.4116,54.0,1257.068,5893.292,556.11945,5513.7046,1398.8424,646.8797,0.9230025,532.8095,0,0,7
226.0,54.0,72.56171,4986.1416,89.0,60.0,291.34894,0.0,0.0,30130.998,89.0,0.0,0.5,3.0,0,0,7
103.0,90.49298,74.0,120.0,95.0,99.86997,95.0,0.0,0.0,15996.029,76.204155,0.0,0.5,2.0,0,0,7
686.02515,54.0,54.0,16698.66,1514.0,60.0,769.8267,1104.5394,684.32263,14137.357,217.65056,503.90665,2.032508,5.0,3,2,7
295.69232,54.0,54.0,171.41183,82.0,66.0,108.0,0.0,0.0,9130.054,80.0,0.0,1.0666667,2.0,0,0,7
386.35828,54.0,54.0,10892.739,1847.1492,60.0,549.21124,1286.1971,527.13513,2661.12,481.1318,182.34108,1.0769231,14.0,0,0,7
152.5986,54.0,74.0,204.0,97.0,60.0,103.49103,0.0,0.0,3611.8108,95.0,0.0,0.5,3.0,0,0,7
136.04248,61.166668,75.0,74.0,91.0,77.70775,92.0,0.0,0.0,1739.0286,77.0,0.0,0.5,2.0,0,0,7
209.22232,54.0,60.0,8151.16,1514.0,60.0,402.3332,274.6771,0.0,9562.88,245.97751,1.0,0.5,21.755033,0,0,7
599.6179,54.0,54.0,16058.767,277.46008,60.0,602.2413,109.60959,595.62933,130319.37,89.0,157.62958,1.25,3.0,0,0,7
780.5635,54.0,54.0,16620.006,1788.0,60.0,788.57294,1454.8575,1594.5017,8567.574,244.48503,618.08905,4.5666347,5.0,4,3,7
113.0,95.0,76.08413,180.0,96.0,74.0,126.52544,0.0,0.0,29163.781,79.25064,0.0,0.33333334,2.0,0,0,7
364.81213,54.0,54.0,7736.093,1889.884,60.0,341.71295,2110.3987,536.2078,136.62518,876.57367,90.03066,1.1851236,49.0,3,3,7
182.0,54.0,60.0,160.8855,82.0,74.0,96.0,0.0,0.0,6193.9487,82.0,0.0,0.5,2.0,0,0,7
1062.1829,54.0,54.0,306131.44,1847.0,60.0,1287.4998,5548.688,3896.4885,22335.387,335.39728,1646.1072,3.3395424,6.0,3,1,7
596.27924,54.0,54.0,12994.636,1514.0,60.0,1174.651,790.81726,602.0061,16869.47,260.4123,414.00165,1.1616774,5.0,0,0,7
779.0998,54.0,54.0,940556.06,1514.0,60.0,1287.6484,1241.7871,689.576,196764.48,193.97769,871.10425,1.5595368,6.0,3,0,7
132.21346,78.0,86.0,177.28477,482.3307,60.0,103.63961,0.0,0.0,1768.9739,135.55295,0.0,0.5,3.0,0,0,7
150.7996,62.0,59.72713,93.86241,76.0,127.51135,66.0,0.0,0.0,2659.9607,76.0,0.0,0.5,2.0,0,0,7
906.6255,54.0,54.0,1360330.0,1849.7421,60.0,1308.7437,6110.454,1525.3917,42012.36,419.87482,2144.6216,1.4696423,12.0,3,0,7
83.01891,66.0,81.0,99.0,91.0,74.0,91.0,0.0,0.0,1198.6531,84.0,0.0,0.5,2.0,0,0,7
128.14407,66.0,75.0,92.91513,78.0,108.53436,82.0,0.0,0.0,2783.525,76.07756,0.0,0.5,2.0,0,0,7
157.64838,76.0,76.0,152.00307,81.696785,74.0,97.74632,0.0,0.0,8671.263,81.0,0.0,0.5,2.0,0,0,7
603.2021,54.0,54.0,5997.6953,82.0,74.0,390.10767,0.0,602.14,170443.17,78.0,8.0,1.3333334,2.0,0,0,7
99.0,92.0,77.07175,130.94289,94.0,90.0,92.03615,0.0,0.0,10242.612,80.0,0.0,0.5,2.0,0,0,7
206.0,66.0,81.0,5854.0,289.50183,60.0,370.02155,0.0,0.0,24898.588,111.02813,0.0,0.5,5.0,0,0,7
727.20734,54.0,54.0,16028.164,530.0,60.0,955.48303,414.6147,681.6175,110075.195,95.0,472.79318,1.8333334,2.0,3,0,7
206.0,54.0,73.0,7181.5815,81.57105,90.0,341.69934,0.0,0.0,193581.27,79.0,0.0,0.5,4.0,0,0,7
734.46655,54.0,54.0,254949.52,1770.0161,60.0,1272.5197,1874.8684,686.1981,32866.08,253.96338,813.4523,1.4826502,7.0,3,0,7
294.63925,54.0,54.0,162.88179,77.0,128.13577,95.968056,0.0,0.0,13336.062,74.6426,0.0,1.1582799,2.0,0,0,7
728.5403,54.0,54.0,141957.38,530.0,60.0,1256.7821,483.47006,674.83264,275286.53,96.0,665.06396,1.4672412,3.0,0,0,7
137.0,82.0,79.0,205.0,86.40779,74.0,115.19416,0.0,0.0,18200.447,82.0,0.0,0.5,2.0,0,0,7
651.9796,54.0,54.0,20979.207,1309.9779,60.0,1206.985,547.42926,648.5879,41844.363,152.88556,494.75058,1.3333334,5.0,3,0,7
251.0,54.0,54.0,133.74507,84.0,74.0,89.333336,0.0,0.0,3425.6277,80.0,0.0,1.1,2.0,0,2,7
1022.4785,54.0,54.0,327792.53,1681.1903,60.0,1288.4166,2164.0332,1669.3562,58872.71,241.6029,1156.126,2.244917,5.0,3,0,7
205.81538,66.0,84.0,5908.0,696.60535,60.0,394.83923,85.644646,0.0,13882.663,217.62213,0.0,0.5,6.0,0,0,7
563.4884,54.0,54.0,16079.243,1514.0,60.0,539.96606,575.66534,595.62933,12103.43,224.72864,221.06697,1.2284608,7.0,3,0,7
261.93878,54.0,54.0,3656.5364,95.0,60.0,253.6077,0.0,0.0,19524.877,90.47183,0.0,0.6,2.0,0,0,7
737.8963,54.0,54.0,16070.571,1870.5566,60.0,551.08264,3166.9895,1594.5796,2250.9612,349.87695,557.34204,6.0714045,6.0,5,3,7
680.1352,54.0,54.0,8462.0,91.0,60.0,663.3334,0.0,662.2353,224974.9,81.0,159.38303,1.7854782,2.0,0,0,7
99.0,61.166668,77.0,74.0,101.379974,68.379776,97.0,0.0,0.0,1181.4575,80.92663,0.0,0.11215227,2.0,0,0,7
840.7086,54.0,54.0,91263.93,1818.9363,60.0,1255.2429,3211.3298,1595.6412,17260.406,291.62433,800.97546,2.3026392,6.0,3,2,7
434.67905,54.0,54.0,4414.3706,530.0,60.0,201.68678,104.158066,556.14215,6209.132,95.03385,0.0,1.2681037,2.0,3,2,7
117.60177,89.0,82.99404,205.0,94.0,60.0,129.74739,0.0,0.0,16872.752,89.0,0.0,0.5,3.0,0,0,7
324.4365,54.0,54.0,319.0,501.17017,60.0,205.56747,0.0,11.785113,8747.486,99.553185,0.0,0.88441235,2.0,0,0,7
326.5703,54.0,54.0,208.0,521.56824,60.0,130.66667,0.0,101.922874,3606.5198,95.88034,0.0,1.0782399,2.0,0,0,7
652.4312,54.0,54.0,9513.2705,1861.0563,60.0,400.17258,2096.7463,684.32263,907.2564,362.86313,380.0,3.062511,6.0,5,3,7
224.11174,54.0,60.0,287.33362,1292.0,60.0,143.33333,83.78437,0.0,2552.6626,208.74117,0.0,0.5,5.0,0,0,7
669.25385,54.0,54.0,20146.148,1819.9862,60.0,988.2191,2082.3965,683.4435,7938.117,320.5967,613.4811,1.6248794,6.0,3,2,7
363.1017,54.0,54.0,148.95236,530.0,60.0,100.66159,0.0,523.66113,600.8902,95.01316,0.0,1.2860583,2.0,3,3,7
651.96454,54.0,54.0,170861.22,562.9188,60.0,1251.8242,476.025,636.0506,227980.84,106.10861,612.7324,1.25,5.0,0,0,7
286.11316,54.0,54.0,241.0,96.0,64.07325,112.666664,0.0,0.0,5156.9097,89.0,0.0,1.0903795,2.0,0,2,7
345.45795,54.0,54.0,20351.824,268.0,60.0,811.94904,0.0,0.0,219326.34,95.0,73.72142,0.52723294,7.0,0,0,7
226.0,54.0,54.0,148.0,66.0,152.18849,96.0,0.0,0.0,25165.375,66.0,0.0,0.6666667,2.0,0,0,7
596.7929,54.0,54.0,6022.2866,1812.181,60.0,344.8115,1206.872,638.2882,1014.2732,312.0018,74.68179,1.3349422,5.0,3,3,7
1235.2355,54.0,54.0,853324.0,1514.0,60.0,1293.5044,1977.3588,4040.3943,175790.25,204.85986,1865.8948,4.377133,5.0,3,0,7
326.66068,54.0,54.0,3411.7942,81.9524,93.0,144.30612,0.0,0.0,28511.34,79.0,0.0,1.0,2.0,0,0,7
261.91797,54.0,54.0,3783.955,1785.3678,60.0,154.8294,527.2445,11.785113,204.94194,361.02985,0.0,0.8,8.0,0,2,7
346.95026,54.0,54.0,146.7792,77.0,100.0,100.0,0.0,161.18309,14386.162,74.0,0.0,1.2,0.0,0,0,7
256.33755,54.0,54.0,108.0,55.0,204.0,82.02389,0.0,0.0,38836.11,54.0,0.0,1.1199114,0.0,0,0,7
405.8403,54.0,54.0,5159.4224,522.0,60.0,231.49956,39.390278,529.25977,9564.137,94.92159,0.0,1.25,2.0,3,2,7
204.0,76.0,89.0,5228.582,530.0,60.0,387.81818,0.0,0.0,17983.691,163.58333,0.0,0.5,6.0,0,0,7
146.0,89.0,78.0,268.0,91.51711,74.0,189.96939,0.0,0.0,55737.402,82.0,0.0,0.5,3.0,0,0,7
379.55536,54.0,54.0,7182.0,489.61578,60.0,479.1945,83.83226,399.51978,35841.234,97.005005,10.0,1.0,2.0,0,0,7
171.5519,77.0,84.0,748.727,144.20108,60.0,214.73683,0.0,0.0,14737.484,106.166794,0.0,0.5,5.0,0,0,7
344.11508,54.0,54.0,10178.216,89.0,64.0,475.0494,0.0,0.0,225415.73,84.0,7.2169456,0.6666667,3.0,0,0,7
113.0,89.43153,82.0,188.0,94.0,60.0,115.333336,0.0,0.0,13545.991,89.0,0.0,0.5,2.0,0,0,7
93.82488,67.5429,79.0,120.0,89.0,90.25955,87.0,0.0,0.0,2729.9167,82.0,0.0,0.5,2.0,0,0,7
96.61124,95.0,78.0,162.27199,97.03911,74.0,112.666664,0.0,0.0,19105.682,82.0,0.0,0.15926105,2.0,0,0,7
603.0,54.0,54.0,7236.0,1514.0,60.0,394.4086,543.9876,638.16284,5164.1494,201.52122,78.32202,1.402121,3.0,3,2,7
154.02147,62.0,62.0,108.0,95.0,60.0,79.333336,0.0,0.0,479.59634,91.0,0.0,0.5,2.0,0,0,7
151.54146,77.0,75.0,136.90265,79.0,91.0,91.0,0.0,0.0,8014.404,78.0,0.0,0.5,2.0,0,0,7
93.28907,95.82961,76.431694,120.0,97.0,74.0,96.0,0.0,0.0,13478.233,79.88083,0.0,0.33333334,2.0,0,0,7
1048.2361,54.0,54.0,132309.3,1854.3246,60.0,1252.6195,5157.3447,4058.168,12328.379,332.69806,888.3481,6.1936426,6.0,5,3,7
634.0373,54.0,54.0,16425.379,631.5529,60.0,663.8271,431.2095,637.4187,36388.02,109.66458,363.49573,1.3333334,4.0,3,0,7
602.59406,54.0,54.0,33763.48,532.0,60.0,1211.807,365.6418,595.1297,162143.84,110.98183,463.59244,1.2,5.0,0,0,7
156.09052,78.0,77.0,146.0,80.0,74.51782,96.0,0.0,0.0,9634.544,78.10092,0.0,0.5,2.0,0,0,7
91.03189,69.58914,77.0,99.0,101.0,75.53173,96.73487,0.0,0.0,4707.5845,80.83621,0.0,0.12097129,2.0,0,0,7
121.14287,92.49457,79.0,267.8614,95.0,65.575226,199.26988,0.0,0.0,46501.94,84.0,0.0,0.28967458,3.0,0,0,7
118.75478,92.333336,72.0,120.0,94.0,113.0,94.0,0.0,0.0,19252.504,75.0,0.0,0.5,2.0,0,0,7
943.41705,54.0,54.0,278821.53,1842.6361,60.0,1279.0326,3661.7175,1648.6749,21590.7,315.01385,1023.9853,2.3562684,6.0,3,0,7
627.618,54.0,54.0,8046.1514,1412.1183,60.0,414.81818,497.61203,649.3751,10122.45,143.6,133.85356,1.6963902,3.0,3,3,7
225.93283,54.0,75.0,7601.9976,297.95316,60.0,447.41293,0.0,0.0,41858.703,110.744736,0.0,0.5,6.0,0,0,7
149.83292,78.0,80.44066,226.1795,82.0,74.0,133.74292,0.0,0.0,22832.389,82.0,0.0,0.5,3.0,0,0,7
169.02914,74.0,84.0,7161.179,400.0,60.0,341.8198,0.0,0.0,21460.604,139.86142,0.0,0.5,10.0,0,0,7
226.0,54.0,60.0,7162.0693,82.0,74.0,341.724,0.0,0.0,134506.12,82.0,0.0,0.5,3.0,0,0,7
365.875,54.0,54.0,7413.0967,1813.9802,60.0,328.97632,788.46136,523.39526,904.1712,370.9801,17.0,1.1949884,10.0,3,3,7
339.87357,54.0,54.0,319.0,1514.0,60.0,136.8649,257.85788,219.7618,1097.7522,215.81488,0.0,1.0755206,3.0,0,2,7
126.00506,78.0,83.0,127.51831,304.0,60.0,89.333336,0.0,0.0,625.7324,109.57762,0.0,0.5,2.0,0,0,7
678.6444,54.0,54.0,16747.604,1514.0,60.0,870.68646,804.3786,684.3128,17258.596,209.96483,502.6827,1.8440906,5.0,3,2,7
655.1613,54.0,54.0,48820.008,1877.0,60.0,1209.8694,3632.5317,677.15216,5456.3022,474.84268,673.15125,1.4086534,14.0,3,2,7
137.9991,75.0,82.0,146.9646,530.0,60.0,95.83652,0.0,0.0,554.8883,147.0,0.0,0.5,3.0,0,0,7
347.52942,54.0,54.0,227.59299,96.0,60.0,132.0,0.0,278.97577,7693.7153,89.0,0.0,1.2,2.0,0,2,7
319.59827,54.0,54.0,227.0,1514.0,60.0,134.66667,272.6791,112.72355,620.29016,227.4453,0.0,1.0,3.0,0,2,7
99.0,94.0,77.0,138.77113,95.0,93.0,95.93089,0.0,0.0,13635.204,79.0,0.0,0.5,2.0,0,0,7
90.0,70.970245,81.0,108.0,94.0,74.0,91.0,0.0,0.0,2288.9094,84.0,0.0,0.5,2.0,0,0,7
152.70575,77.0,66.0,119.24833,73.97301,141.0,79.333336,0.0,0.0,11819.089,70.7742,0.0,0.5,2.0,0,0,7
345.14758,54.0,54.0,11284.907,1231.0046,60.0,645.18176,294.28406,11.785113,24967.812,200.50781,25.385416,0.5,7.0,0,0,7
603.0,54.0,54.0,11383.578,1877.7974,60.0,649.93005,2493.8542,640.31256,2032.53,508.97098,466.8656,1.25,10.0,3,2,7
208.0,54.0,78.0,9950.804,531.2546,60.0,481.7602,74.75058,0.0,28322.309,187.52196,1.0,0.5,14.0,0,0,7
1112.6954,54.0,54.0,1228125.5,1845.0,60.0,1296.7668,5677.594,3732.9807,38552.91,327.55386,2203.5605,2.9277132,7.0,3,0,7
523.2321,54.0,54.0,5760.317,91.0,60.0,341.69482,0.0,547.3883,36346.434,82.0,3.0,1.2307693,2.0,0,0,7
137.0,79.0,84.0,100.0,529.2404,60.0,82.1,0.0,0.0,89.31428,143.6,0.0,0.5,2.0,0,0,7
386.25854,54.0,54.0,5171.0,530.0,60.0,279.4386,112.18219,512.3734,9673.873,102.0,1.0,1.2,2.0,0,0,7
597.417,54.0,54.0,14710.546,374.0,60.0,533.87775,118.89083,594.66187,77026.23,89.86821,137.41963,1.25,3.0,0,0,7
342.54013,54.0,54.0,5908.0,1783.0122,60.0,329.86203,568.4399,179.37938,1239.3187,352.22003,7.7851105,0.8829327,7.0,0,0,7
274.77554,54.0,54.0,269.82187,617.0,60.0,134.66667,0.0,0.0,2819.5493,143.51166,0.0,1.0,3.0,0,0,7
651.963,54.0,54.0,17008.37,1514.0,60.0,885.4585,770.6056,655.6178,17149.672,224.40305,489.8647,1.4265703,5.0,3,0,7
1310.4547,54.0,54.0,293228.5,1791.6365,60.0,1280.4934,3565.8892,4524.106,28668.586,244.4747,1678.533,6.3618803,5.0,4,2,7
177.39175,62.0,75.0,5076.818,89.0,64.0,210.69046,0.0,0.0,26003.443,89.0,0.0,0.5,5.0,0,0,7
107.000595,61.166668,77.0,73.99647,96.0,69.0,96.0,0.0,0.0,863.739,80.0,0.0,0.13804154,2.0,0,0,7
603.0,54.0,54.0,26974.385,96.0,60.0,941.2669,91.51027,594.03357,287729.12,87.969666,262.27515,1.2222222,3.0,0,0,7
345.01004,54.0,54.0,10079.617,1788.8795,60.0,579.5504,694.7748,109.937325,4941.666,423.70197,80.4461,0.6,15.0,0,0,7
191.56224,66.0,77.04493,226.0,94.77643,60.0,135.71231,0.0,0.0,12071.286,94.0,0.0,0.5,3.0,0,0,7
652.65826,54.0,54.0,100298.05,1326.4685,60.0,1246.2592,578.1084,647.4532,83922.78,157.64836,615.66656,1.3016021,6.0,3,0,7
126.304855,89.0,83.1873,890.5605,94.0,60.0,199.63521,0.0,0.0,29437.656,89.0,0.0,0.33333334,5.0,0,0,7
303.27054,54.0,54.0,145.24956,62.0,158.7909,97.84103,0.0,0.0,35144.305,62.0,0.0,1.0913697,0.0,0,0,7
344.85117,54.0,54.0,205.0,598.46454,60.0,109.52977,0.0,300.53067,983.00073,115.666664,0.0,1.2,2.0,0,3,7
347.6915,54.0,54.0,205.0,74.0,113.0,135.66667,0.0,100.51343,83917.02,71.94882,0.0,1.1055899,1.0,0,0,7
437.19125,54.0,54.0,297.85205,1292.0,60.0,138.0,234.37704,589.97076,1977.1403,137.57332,0.0,1.3333334,2.0,3,3,7
620.4908,54.0,54.0,20426.428,1813.234,60.0,1219.3827,1616.7262,638.21783,12051.268,361.378,522.7336,1.2217801,9.0,3,0,7
445.6622,54.0,54.0,5026.814,83.0,63.32683,328.68878,0.0,508.0601,71049.8,79.0,0.0,1.2,2.0,0,0,7
598.415,54.0,54.0,171795.62,2448.3347,54.0,1279.0671,6115.042,618.647,8423.547,1393.602,765.5198,1.0666667,320.05786,0,0,7
319.62134,54.0,54.0,6295.937,530.0,60.0,345.3512,5.282581,0.0,17155.176,121.3514,0.0,0.6666667,5.0,0,0,7
403.79355,54.0,54.0,5129.667,580.4756,60.0,240.41426,127.27093,536.2923,6205.1646,106.32698,0.0,1.2307693,2.0,3,2,7
267.6596,54.0,54.0,7490.8223,1832.3555,60.0,383.9168,694.5951,0.0,1096.0198,505.16666,10.0,0.5,31.216219,0,0,7
94.0,67.581696,86.0,113.0,91.475174,60.0,82.0,0.0,0.0,623.65,91.0,0.0,0.5,2.0,0,0,7
745.8903,54.0,54.0,98266.76,1292.0,60.0,1222.7401,577.5901,689.18866,78995.26,121.04773,662.2332,2.1485906,5.0,3,0,7
92.64746,61.166668,79.0,74.0,95.0,74.0,95.0,0.0,0.0,371.8275,83.92851,0.0,0.33333334,2.0,0,0,7
128.81493,95.0,75.0,152.52458,95.0,91.0,115.333336,0.0,0.0,29815.656,78.0,0.0,0.5,2.0,0,0,7
651.9966,54.0,54.0,7823.164,1788.0,60.0,370.25122,1221.7214,684.0287,1770.2167,244.72998,206.81438,3.1377842,5.0,4,3,7
345.05716,54.0,54.0,38245.88,1514.0,60.0,1210.7919,503.93286,0.0,37358.94,243.28746,209.0,0.5,29.935375,0,0,7
519.6992,54.0,54.0,16032.904,84.0,74.0,612.36456,0.0,506.87997,352504.7,80.3638,61.80257,1.1875,3.0,0,0,7
1369.3201,54.0,54.0,1284743.5,1825.538,60.0,1299.2224,6110.517,5051.1113,49478.566,266.13266,2480.7026,6.2773438,6.0,4,0,7
436.7371,54.0,54.0,5908.0,97.303246,60.0,293.61185,0.0,529.0191,21670.416,87.85948,1.1426007,1.2307693,2.0,0,0,7
120.592896,65.84273,75.0,90.0,80.758514,90.0,78.0,0.0,0.0,618.98083,79.73622,0.0,0.5,2.0,0,0,7
146.0,75.0,84.0,224.17355,634.5572,60.0,132.0,0.0,0.0,1974.67,213.0183,0.0,0.5,6.0,0,0,7
182.0,74.0,83.94956,214.54556,1292.0,60.0,141.35728,0.0,0.0,2243.6118,224.86543,0.0,0.5,5.0,0,0,7
657.25903,54.0,54.0,174338.77,489.31015,60.0,1251.7959,326.1592,642.3099,354975.3,91.028435,607.7155,1.3333334,5.0,0,0,7
196.0,54.0,81.0,7589.116,741.7509,60.0,420.91232,105.37126,0.0,16869.129,219.30453,0.0,0.5,14.0,0,0,7
251.0,54.0,54.0,227.93335,1310.1327,60.0,133.33333,127.19331,0.0,1089.6995,205.33252,0.0,0.8333333,3.0,0,0,7
112.92986,82.0,75.0,108.609535,89.0,100.0,90.91531,0.0,0.0,8658.956,77.0,0.0,0.5,2.0,0,0,7
731.2274,54.0,54.0,17611.414,1788.0,60.0,965.55096,1368.6737,695.6016,10757.055,250.92493,617.845,2.2773192,5.0,3,3,7
290.04758,54.0,54.0,8912.875,1514.0,60.0,475.15317,354.19913,0.0,13962.804,241.35635,11.0,0.5,12.0,0,0,7
652.6813,54.0,54.0,12901.449,1514.0,60.0,653.355,1043.9523,670.30365,10105.666,239.9564,472.5552,1.5679625,5.0,3,2,7
227.15518,54.0,60.0,250.7783,80.758354,74.0,169.0,0.0,0.0,32598.646,80.6498,0.0,0.5,2.0,0,0,7
74.0,66.0,89.0,94.74961,95.0,63.0,94.0,0.0,0.0,228.44705,92.13013,0.0,0.240735,3.0,0,0,7
128.22058,92.0,78.0,178.88182,95.0,73.69214,118.666664,0.0,0.0,20852.555,81.0,0.0,0.5,2.0,0,0,7
226.0,54.0,54.0,138.0,84.0,63.0,95.62118,0.0,0.0,4357.0625,81.62208,0.0,0.8333333,2.0,0,0,7
652.14966,54.0,54.0,424957.97,1813.9307,60.0,1287.8687,2212.2893,649.80145,30199.773,370.99124,822.73956,1.2,15.930077,0,0,7
148.66205,75.0,78.0,182.0,89.0,60.0,103.94522,0.0,0.0,6499.2925,89.0,0.0,0.5,2.0,0,0,7
74.0,61.166668,89.0,74.0,95.0,62.849678,94.0,0.0,0.0,123.067955,91.0,0.0,0.45776844,2.0,0,0,7
208.0,54.0,54.0,227.12534,89.0,66.0,121.926476,0.0,0.0,10940.752,87.67854,0.0,0.5,2.0,0,0,7
424.22342,54.0,54.0,7593.7075,1881.0,60.0,355.6598,2123.4993,595.62933,163.96246,708.9352,126.0827,1.2222222,14.0,3,3,7
226.0,62.0,60.0,223.5366,75.0,110.69593,135.66667,0.0,0.0,82615.52,75.0,0.0,0.5,2.0,0,0,7
733.84766,54.0,54.0,78973.695,1514.0,60.0,1254.6515,1239.4015,684.3947,38492.36,216.16643,704.4972,1.5754743,5.0,3,0,7
190.7663,54.0,74.0,205.0,1808.0,60.0,118.666664,463.2892,0.0,54.407555,473.68167,0.0,0.5,6.0,0,0,7
229.98866,54.0,54.0,208.0,1514.0,60.0,131.81667,268.4639,0.0,237.98874,244.94852,0.0,0.6666667,4.0,0,0,7
602.6803,54.0,54.0,7823.7603,1514.0,60.0,481.63498,548.51074,627.3484,9934.975,215.97102,150.03595,1.25,3.0,3,0,7
266.3128,54.0,60.0,7656.0,532.0,60.0,467.62866,111.02047,0.0,22872.896,161.56967,5.0,0.5,6.0,0,0,7
345.33334,54.0,54.0,11123.391,367.91144,60.0,462.58835,0.0,11.785113,50713.43,95.01616,11.0,0.75,6.0,0,0,7
182.0,80.21988,78.0,205.0,81.0,74.0,134.66667,0.0,0.0,29416.055,79.0,0.0,0.5,2.0,0,0,7
675.2221,54.0,54.0,80650.36,1881.0,60.0,1222.1069,5852.173,691.6637,4899.7124,508.96817,753.0513,1.6955113,14.0,4,2,7
90.0,61.166668,81.0,90.0,89.0,81.214836,89.0,0.0,0.0,466.93384,83.03607,0.0,0.5,2.0,0,0,7
322.7177,54.0,54.0,33399.81,1292.0,60.0,1051.451,327.08435,0.0,55286.64,215.9008,146.15155,0.5,25.095901,0,0,7
121.0,76.0,82.0,147.0,530.0,60.0,92.16107,0.0,0.0,251.28741,163.074,0.0,0.5,3.0,0,0,7
632.4154,54.0,54.0,46433.074,1514.0,60.0,1255.2625,694.2672,627.73047,47264.32,226.43456,548.41077,1.2,6.0,0,0,7
635.30853,54.0,54.0,10318.429,268.0,60.0,540.6561,109.63159,634.3139,109322.7,88.761154,134.84529,1.4100107,2.0,0,0,7
147.0,91.0,77.853294,188.0,92.73813,74.0,132.0,0.0,0.0,27700.674,80.0,0.0,0.5,2.0,0,0,7
396.10825,54.0,54.0,11398.563,1896.3977,60.0,584.22064,2951.717,549.5359,1089.9551,1297.8839,243.97865,1.0833334,49.0,3,0,7
922.9455,54.0,54.0,56590.91,1808.0,60.0,1219.8975,2176.864,1716.6766,13803.704,251.00398,757.56116,4.9366555,5.0,4,3,7
209.0,54.0,54.0,5083.005,555.70233,60.0,165.55356,0.0,0.0,5029.4463,153.48534,0.0,0.5,6.0,0,0,7
659.3,54.0,54.0,123467.05,1514.0,60.0,1260.0547,871.0191,654.4424,58657.094,217.65747,676.0438,1.25,6.0,0,0,7
180.37912,89.0,73.636734,185.59013,86.0,106.14163,132.0,0.0,0.0,107291.195,74.0,0.0,0.5,2.0,0,0,7
328.64243,54.0,54.0,7304.0,1788.8025,60.0,467.70663,664.4459,59.43093,3403.455,428.13867,12.0,0.5,10.0,0,0,7
102.74517,78.0,79.0,146.31465,82.0,93.24924,82.56933,0.0,0.0,4547.8833,80.97513,0.0,0.5,2.0,0,0,7
728.38776,54.0,54.0,119432.33,1809.4958,60.0,1238.7366,2132.9014,691.63116,16847.252,277.2024,747.1733,1.8193533,8.054126,3,2,7
359.0,54.0,54.0,5371.619,1791.4845,60.0,256.63614,624.7525,505.47098,506.5252,333.41287,8.0,1.1666666,6.0,3,3,7
767.5526,54.0,54.0,77056.055,1514.0,60.0,1252.3103,1286.1062,694.21643,27696.54,236.20029,733.5747,1.8333334,5.0,3,0,7
115.628296,77.0,83.0,182.0,243.53369,60.0,100.46059,0.0,0.0,2491.0166,107.67031,0.0,0.5,4.0,0,0,7
193.1358,77.0,79.0,366.65662,81.2132,74.0,231.21135,0.0,0.0,53214.863,79.0,0.0,0.5,2.0,0,0,7
563.95447,54.0,54.0,894.81586,82.0,63.0,288.77625,0.0,563.86115,45846.848,78.0,0.0,1.25,2.0,0,0,7
423.79575,54.0,54.0,182.0,582.15204,60.0,120.75441,83.703445,582.0198,1140.7808,100.76831,0.0,1.3333334,2.0,3,3,7
603.0,54.0,54.0,138746.42,3299.7195,54.0,1253.2418,6119.565,635.8497,3562.6975,1409.4552,756.044,1.2,842.4824,3,0,7
251.78716,54.0,54.0,6072.754,84.0,66.0,330.55264,0.0,0.0,76501.3,84.0,0.0,0.5,3.0,0,0,7
366.5879,54.0,54.0,1207.0892,523.7686,60.0,268.3091,3.5031078,496.7904,10804.909,96.0,0.0,1.1666666,2.0,0,0,7
78.36815,66.0,84.0,93.0,96.0,60.0,95.0,0.0,0.0,879.89215,89.0,0.0,0.33333334,2.0,0,0,7
628.6155,54.0,54.0,31829.725,652.4622,60.0,1233.2216,474.8987,624.56415,132439.1,122.65638,487.61703,1.2142857,5.0,0,0,7
598.4772,54.0,54.0,17707.762,1876.8402,60.0,1211.3855,2724.96,626.16113,5507.3237,522.3531,518.4001,1.2,14.0,3,0,7
369.35098,54.0,54.0,147269.55,1878.4377,55.400513,1272.1514,3235.8604,480.6741,13530.904,1353.97,619.77985,0.5,963.6031,0,0,7
326.8972,54.0,54.0,469.82272,1193.3802,60.0,133.33333,113.09688,125.81007,1762.5511,148.57576,0.0,1.1111112,3.0,0,2,7
90.0,91.90582,76.95736,120.0,97.0,85.52165,96.0,0.0,0.0,11151.68,80.0,0.0,0.25003228,2.0,0,0,7
319.0,54.0,54.0,10180.23,1880.4077,60.0,546.1576,1660.5281,58.329693,1148.2555,1368.2443,117.8068,0.5,275.54736,0,0,7
319.0,54.0,54.0,10321.182,1292.0,60.0,510.69525,273.29446,0.0,20138.316,208.00835,12.0,0.5,9.0,0,0,7
423.0137,54.0,54.0,16879.53,79.0,100.0,617.4966,0.0,314.44864,446355.56,78.0,31.546444,1.1,3.0,0,0,7
224.84962,54.0,54.0,108.0,74.0,154.45856,66.8,0.0,0.0,7459.854,68.95434,0.0,1.0625,0.0,0,2,7
1114.1075,54.0,54.0,711995.4,1514.0,60.0,1285.7628,1545.1514,3247.9856,120159.52,204.07788,1376.1573,4.462366,5.0,3,0,7
363.91788,54.0,54.0,7922.4097,531.8478,60.0,363.83432,140.14311,408.64655,16984.828,115.666664,10.0,1.1428572,5.0,0,0,7
147.42395,87.56458,76.0,130.16127,84.0,93.56557,96.0,0.0,0.0,15053.821,77.0,0.0,0.5,2.0,0,0,7
208.0,54.0,54.0,120.0,81.0,74.0,82.333336,0.0,0.0,3255.8801,79.0,0.0,0.8,2.0,0,0,7
187.36815,54.0,60.0,166.41501,89.0,64.0,96.569,0.0,0.0,4770.3887,86.0,0.0,0.5,2.0,0,0,7
208.0,76.0,66.0,171.57143,69.79115,141.0,112.666664,0.0,0.0,59239.64,66.0,0.0,0.5,2.0,0,0,7
171.0,84.0,79.0,205.0,89.0,66.0,134.66667,0.0,0.0,24489.285,81.0,0.0,0.5,2.0,0,0,7
152.5574,66.8,66.0,94.0,82.0,73.74914,74.0,0.0,0.0,1098.772,81.0,0.0,0.5,2.0,0,0,7
148.88507,84.0,82.0,205.0,89.0,63.0,131.3666,0.0,0.0,18228.564,84.0,0.0,0.5,2.0,0,0,7
212.38417,54.0,79.0,7304.0,590.4646,60.0,446.65314,81.86922,0.0,19395.887,199.36269,0.0,0.5,7.0,0,0,7
162.5619,84.0,68.115974,120.0,79.0,132.0,93.06858,0.0,0.0,20434.54,74.0,0.0,0.5,2.0,0,0,7
345.72702,54.0,54.0,7304.0,1752.399,60.0,385.06366,573.19684,282.17508,2549.2666,318.2379,11.0,1.0,9.0,0,0,7
504.5687,54.0,54.0,5908.0,1514.0,60.0,316.0422,569.6411,595.79706,1803.1567,244.26213,12.0,1.25,4.0,3,3,7
943.31165,54.0,54.0,17675.713,1786.8125,60.0,1185.8436,1915.5669,2191.6123,12576.786,242.83475,679.10645,5.7471633,3.0,4,3,7
1131.1741,54.0,54.0,396895.5,1813.0414,60.0,1284.382,3675.0173,4074.6377,27691.094,262.7772,1723.941,5.7033663,6.0,4,2,7
729.63635,54.0,54.0,16519.887,1514.0,60.0,663.33984,644.4936,692.4915,18690.938,147.0,493.64404,3.3230636,3.0,3,3,7
597.6457,54.0,54.0,10015.332,1885.2917,60.0,395.36798,3139.783,646.5458,236.94148,630.9316,253.09105,1.4533831,14.0,4,3,7
365.73505,54.0,54.0,205.0,532.0,60.0,120.334724,6.982587,521.26196,1545.1714,101.422844,0.0,1.25,2.0,3,3,7
356.67984,54.0,54.0,306.4054,78.0,103.66509,135.66667,0.0,222.7643,35581.906,75.89287,0.0,1.2,2.0,0,0,7
182.10435,75.0,82.0,5185.8374,94.0,60.0,315.87863,0.0,0.0,32921.703,91.0,0.0,0.5,5.0,0,0,7
729.29144,54.0,54.0,168171.67,1292.0,60.0,1265.5498,620.0678,681.278,175697.4,143.5871,715.793,1.4615384,5.0,3,0,7
1379.9679,54.0,54.0,1547766.5,1853.616,60.0,1321.861,6118.361,5385.4683,74768.76,333.5994,2722.3105,6.2023163,6.0,4,0,7
347.59634,54.0,54.0,17188.79,532.0,60.0,663.34106,201.55023,86.67757,48520.95,143.57513,112.01597,0.6666667,9.991828,0,0,7
492.54,54.0,54.0,16274.572,1847.0,60.0,862.69214,1469.0305,557.2782,4898.634,475.199,428.5464,1.0909091,15.0,0,0,7
299.3923,54.0,54.0,205.97202,530.0,60.0,108.333336,0.0,93.64225,1242.9458,102.08855,0.0,1.1428572,2.0,0,3,7
229.07755,54.0,54.0,206.0,1514.0,60.0,128.24051,283.10614,0.0,173.89453,255.07172,0.0,0.681474,4.0,0,2,7
436.54517,54.0,54.0,5908.0,1514.0,60.0,267.12823,548.465,592.8001,1243.1125,243.41182,11.0,1.25,5.0,3,3,7
568.874,54.0,54.0,2398.7656,96.0,60.0,230.87854,0.0,600.74585,15706.11,84.0,0.0,1.439702,2.0,3,2,7
190.60677,54.0,54.0,294.00168,381.11755,60.0,115.333336,0.0,0.0,4132.0635,101.722084,0.0,0.5,5.0,0,0,7
113.0,61.166668,76.0,74.0,95.0,74.0,95.0,0.0,0.0,1028.781,79.0,0.0,0.5,2.0,0,0,7
238.79628,54.0,54.0,265.1563,75.0,109.69652,164.69104,0.0,0.0,129751.12,75.0,0.0,0.5,2.0,0,0,7
301.54077,54.0,54.0,10697.83,446.9319,60.0,471.1982,0.0,0.0,46464.58,106.46143,9.0,0.5,6.0,0,0,7
621.3695,54.0,54.0,5172.351,102.0,60.0,387.21234,0.0,634.3099,26554.854,86.38859,10.0,1.4369124,2.0,0,0,7
134.19977,91.0,77.0,205.0,94.0,90.0,132.0,0.0,0.0,34566.74,79.0,0.0,0.5,2.0,0,0,7
343.46466,54.0,54.0,5908.0,78.0,74.97077,374.90982,0.0,0.0,218900.31,78.0,0.0,0.6666667,2.0,0,0,7
668.9492,54.0,54.0,16255.576,1808.0,60.0,663.2497,1296.1196,684.2544,5771.9365,264.14627,498.0076,1.8333334,6.0,3,3,7
821.44104,54.0,54.0,275075.75,1514.0,60.0,1278.6301,1303.681,705.3643,55061.812,233.11002,851.06,1.83474,6.0,3,0,7
241.0,54.0,54.0,3844.0,689.96985,60.0,166.44255,70.19646,0.0,4030.693,159.71338,0.0,0.6666667,5.0,0,0,7
94.84146,82.0,87.365036,135.37622,91.534996,60.0,82.333336,0.0,0.0,1446.5726,91.0,0.0,0.5,3.0,0,0,7
268.0,54.0,54.0,183.4848,801.2464,60.0,112.40311,0.0,11.785113,620.4379,148.44733,0.0,1.0,2.0,0,2,7
554.5062,54.0,54.0,109089.32,1891.987,54.0,1265.8232,5075.2485,591.6849,8469.744,1367.264,674.24384,1.0,179.17632,0,0,7
608.5958,54.0,54.0,11392.564,299.812,60.0,859.5612,125.326065,601.93774,184758.77,89.68655,164.27394,1.2168691,2.0,0,0,7
525.6083,54.0,54.0,11443.572,93.19439,60.0,689.00134,0.0,513.882,232911.58,86.49194,80.16396,1.128285,2.0,0,0,7
365.07144,54.0,54.0,2237.8887,102.0,60.0,288.01834,0.0,378.36407,18668.1,89.0,0.0,1.1043133,2.0,0,0,7
859.7643,54.0,54.0,19305.635,1783.4863,60.0,907.6075,1555.5009,1669.6469,10886.075,241.0919,665.5283,6.1036444,5.0,4,3,7
241.0,54.0,54.0,100.10896,79.0,93.40253,69.71128,0.0,0.0,2668.8862,77.0,0.0,1.1538461,0.0,0,2,7
363.11743,54.0,54.0,286.93076,609.71,60.0,156.67155,109.362656,497.31174,3954.136,116.28941,0.0,1.2,2.0,0,2,7
373.78543,54.0,54.0,18074.586,1819.904,60.0,800.4418,1269.9757,505.02698,6192.519,450.12302,376.58444,1.0,52.0,0,0,7
659.03094,54.0,54.0,7656.0,1292.0,60.0,453.77216,511.2658,680.0283,13219.365,122.8,164.74524,2.1026778,2.0,3,3,7
90.0,61.166668,81.21415,89.90091,89.0,80.4501,89.0,0.0,0.0,222.19174,84.0,0.0,0.5,2.0,0,0,7
91.0,91.0,76.0,120.0,96.038475,90.4119,95.26735,0.0,0.0,10989.238,79.0,0.0,0.33333334,2.0,0,0,7
366.00055,54.0,54.0,16459.738,1514.0,60.0,868.8161,570.3058,462.53564,17653.51,255.47899,206.92569,0.9067097,12.90312,0,0,7
364.33032,54.0,54.0,8462.224,1292.0,60.0,551.30023,362.77686,310.7605,18643.09,199.57121,25.711634,0.9927532,5.0,0,0,7
264.49698,62.0,60.0,205.0,74.0,104.6217,142.11497,0.0,0.0,158713.34,74.0,0.0,0.66140175,2.0,0,0,7
93.0,66.0,82.0,93.0,89.0,74.0,87.40464,0.0,0.0,598.7221,84.0,0.0,0.5,2.0,0,0,7
321.53537,54.0,54.0,1063.1836,102.0,60.0,137.78784,0.0,11.785113,10853.968,90.06495,0.0,1.0,2.0,0,0,7
169.0,82.0,89.059296,229.0,101.34708,60.0,199.1336,0.0,0.0,14115.7705,97.0,0.0,0.5,3.0,0,0,7
253.13396,54.0,54.0,205.0,86.96863,74.0,103.0,0.0,0.0,7302.5835,81.135956,0.0,1.0625,2.0,0,0,7
180.95149,78.0,89.0,5861.1797,95.0696,60.0,363.81992,0.0,0.0,40950.73,94.0,0.0,0.5,5.0,0,0,7
547.42645,54.0,54.0,13302.651,1292.0,60.0,584.96136,449.94113,564.95166,22303.576,151.0552,168.26443,1.2,5.0,0,0,7
628.74884,54.0,54.0,7461.8975,1514.0,60.0,332.45514,528.8002,654.39954,4681.389,161.42561,93.0,2.0318618,3.0,3,3,7
568.7569,54.0,54.0,9378.132,1514.0,60.0,498.81473,522.97034,596.23694,13500.536,199.49797,143.99117,1.2222222,5.0,0,0,7
651.9829,54.0,54.0,5908.0,1514.0,60.0,273.9652,679.3603,684.28015,1202.7238,217.65652,75.297745,4.1140785,3.0,5,3,7
1027.6444,54.0,54.0,104188.06,1514.0,60.0,1251.0862,1286.7935,2834.8538,29576.445,201.54556,790.4131,6.0715957,4.0,4,2,7
94.91646,94.0,83.0,152.78865,95.0,60.0,102.79502,0.0,0.0,7934.1836,89.0,0.0,0.33333334,2.0,0,0,7
326.61002,54.0,60.0,5174.0244,133.43092,60.0,399.99207,0.0,0.0,29857.924,95.0,0.0,0.5,2.0,0,0,7
608.60095,54.0,54.0,8128.4907,1819.3774,60.0,435.02536,1286.1062,650.294,1793.886,330.7694,209.0,1.4486462,6.0,3,3,7
295.69232,54.0,54.0,319.0,77.0,103.0,157.71031,0.0,0.0,83920.15,75.123024,0.0,0.8333333,2.0,0,0,7
657.04956,54.0,54.0,10416.411,291.97644,60.0,551.68713,133.5238,654.2632,83822.58,87.73216,177.0,1.7912023,2.0,3,0,7
206.0,75.0,79.0,4490.333,89.0,60.0,297.88156,0.0,0.0,45608.273,86.23793,0.0,0.5,3.0,0,0,7
873.34186,54.0,54.0,685730.8,1883.3717,60.0,1288.4203,6118.3765,1597.1505,15678.95,537.3638,1810.6127,1.8333334,14.0,3,0,7
646.80316,54.0,54.0,74591.695,488.0,60.0,1220.3064,276.73718,632.9599,243008.22,91.554924,488.81638,1.2594446,4.0,0,0,7
638.0,54.0,54.0,12576.32,754.1527,60.0,477.5317,439.85812,650.247,21163.154,108.17085,211.70216,1.6947141,3.0,3,2,7
93.0,61.166668,79.0,54.0,97.0,68.333336,96.0,0.0,0.0,165.8415,83.159904,0.0,0.12496952,2.0,0,0,7
564.0818,54.0,54.0,16461.363,1514.0,60.0,816.0139,698.17523,594.1965,13855.871,251.99522,383.22546,1.2,8.0,0,0,7
728.63605,54.0,54.0,848701.8,1882.4955,54.0,1293.4379,6116.809,684.32263,18723.123,709.082,1583.6938,1.2517105,20.405304,3,0,7
331.89468,54.0,54.0,15986.275,339.75974,60.0,602.20233,0.0,0.0,128462.58,97.049614,12.0,0.5,6.0,0,0,7
324.83377,54.0,54.0,7656.0,457.4453,60.0,441.45444,0.0,0.0,30205.152,102.0,4.392744,0.5631649,5.0,0,0,7
353.66302,54.0,54.0,11101.423,1845.0,60.0,476.81198,1248.3171,443.2286,2652.3823,477.33966,134.05472,1.0,25.025883,0,0,7
216.80612,54.0,54.0,120.0,82.0,74.0,83.333336,0.0,0.0,2877.5815,80.74919,0.0,0.92900187,2.0,0,0,7
227.76598,64.185356,74.0,226.0,89.0,60.0,205.26015,0.0,0.0,19027.336,89.0,0.0,0.5,2.0,0,0,7
534.1079,54.0,54.0,6395.9653,1812.3843,60.0,328.7808,1074.3864,619.2938,765.8828,329.07764,28.919119,1.2977196,5.0,3,3,7
241.0,54.0,54.0,5337.3813,94.7935,66.0,169.0,0.0,0.0,17728.463,89.0,0.0,0.6666667,4.0,0,0,7
241.0,54.0,60.0,229.0,1514.0,60.0,179.77057,399.60562,0.0,602.52924,281.3633,0.0,0.5,5.0,0,0,7
81.93123,66.13682,94.0,98.97373,268.0,60.0,89.0,0.0,0.0,118.548996,114.81132,0.0,0.5,2.0,0,0,7
670.4707,54.0,54.0,13048.65,688.74493,60.0,851.9822,476.18124,663.0034,37542.582,107.34029,422.87903,1.561034,2.0,3,0,7
653.4102,54.0,54.0,11118.742,1810.6088,60.0,451.19363,1286.1062,684.22864,2667.87,263.3149,426.9181,2.3573172,6.0,4,3,7
81.80614,79.333336,85.82314,102.8766,96.0,60.0,95.0,0.0,0.0,1335.7848,89.5938,0.0,0.33333334,2.0,0,0,7
112.02978,82.333336,89.0,112.16371,374.0,60.0,84.0,0.0,0.0,270.81418,118.043015,0.0,0.5,2.0,0,0,7
229.0,54.0,54.0,5873.948,1778.6709,60.0,263.3956,525.2883,0.0,995.4282,370.85367,0.0,0.5,14.0,0,0,7
817.47235,54.0,54.0,246882.03,1788.0,60.0,1272.1561,2173.1052,987.28906,27611.176,258.67938,856.0806,1.8670427,6.0,3,0,7
393.8836,54.0,54.0,5854.0,95.0,63.0,240.61021,0.0,506.93054,19378.832,85.72417,0.0,1.2307693,2.0,0,0,7
652.7968,54.0,54.0,197254.2,694.9286,60.0,1253.9878,526.46606,642.49274,209026.61,121.06371,645.047,1.2534158,6.0,0,0,7
590.7511,54.0,54.0,10223.6045,1453.9597,60.0,559.2847,517.5134,601.84357,17218.752,175.67403,161.62769,1.2222222,5.0,0,0,7
217.34862,54.0,60.0,205.0,531.2389,60.0,127.31469,0.0,0.0,2010.4867,145.4587,0.0,0.5,2.0,0,0,7
734.4701,54.0,54.0,24010.809,1877.0,60.0,908.0968,3788.6038,1217.149,4012.0928,422.9594,685.2086,3.2169032,9.0,5,3,7
365.5522,54.0,54.0,16605.906,1292.0,60.0,896.32526,397.82318,285.6026,36987.836,187.39264,157.65036,0.79910564,8.0,0,0,7
206.0,54.0,60.0,132.30272,96.0,60.0,95.917404,0.0,0.0,1766.9406,91.0,0.0,0.54229283,2.0,0,0,7
74.0,61.20192,84.0,83.61824,96.0,63.001583,95.0,0.0,0.0,226.79453,89.0,0.0,0.2899035,2.0,0,0,7
520.18896,54.0,54.0,7180.4194,89.0,64.0,342.28116,0.0,544.8461,46506.78,81.57433,7.0,1.25,2.0,0,0,7
779.7541,54.0,54.0,10755.415,1812.1156,60.0,488.79935,1782.8601,1652.1769,3253.6606,256.4695,493.92435,6.228661,3.0,5,3,7
171.0,79.180244,89.0,642.5106,95.99359,60.0,240.86523,0.0,0.0,19196.271,95.0,0.0,0.5,4.0,0,0,7
619.0442,54.0,54.0,11715.258,599.8934,60.0,664.77484,359.52524,626.1635,37273.855,108.3309,209.13295,1.25,3.0,0,0,7
138.98659,63.0,80.0,5059.7827,521.77,60.0,153.46124,0.0,0.0,8632.114,146.55893,0.0,0.5,10.0,0,0,7
146.0,54.0,74.0,132.0,532.0,60.0,85.67327,0.0,0.0,123.07625,157.4007,0.0,0.5,3.0,0,0,7
332.27957,54.0,54.0,4619.3335,360.46335,60.0,257.56516,0.0,11.785113,14629.036,95.0,0.0,0.9829791,2.0,0,0,7
168.49539,82.0,84.85352,251.0,89.0,60.0,178.12344,0.0,0.0,23954.309,89.0,0.0,0.5,3.0,0,0,7
116.71023,60.292984,76.0,54.0,95.0,72.22348,95.0,0.0,0.0,445.3118,79.0,0.0,0.33333334,2.0,0,0,7
263.70938,54.0,60.0,7217.607,1514.0,60.0,414.81818,409.8989,0.0,6112.798,257.3159,5.0,0.5,8.0,0,0,7
340.26016,54.0,54.0,446.287,1514.0,60.0,179.20093,453.70175,243.58185,795.33514,252.24593,0.0,1.0,5.0,0,2,7
1088.001,54.0,54.0,257007.64,1514.0,60.0,1279.0745,1292.4319,2904.5193,82720.05,199.64484,891.3778,4.2703843,5.0,3,0,7
659.81964,54.0,54.0,43599.74,1789.408,60.0,1058.7043,1310.1528,679.11163,12074.841,263.96085,626.2191,1.606129,8.0,3,2,7
118.90725,83.0,89.0,148.0,92.23475,60.0,96.0,0.0,0.0,3555.3137,91.0,0.0,0.5,2.0,0,0,7
345.01038,54.0,54.0,179.987,86.76048,90.0,95.15039,0.0,257.95627,4511.4175,79.0,0.0,1.2307693,2.0,0,3,7
500.9572,54.0,54.0,16101.202,1514.0,60.0,966.2797,544.8532,529.7749,23095.402,225.04198,236.34238,1.0654342,6.0,0,0,7
204.06583,62.0,75.0,5930.949,84.0,73.651855,329.20294,0.0,0.0,123085.61,82.0,0.0,0.5,4.0,0,0,7
151.05269,82.0,80.0,205.0,87.0,66.0,132.0,0.0,0.0,20951.44,82.0,0.0,0.5,2.0,0,0,7
1017.7737,54.0,54.0,1282994.8,1783.8503,60.0,1297.8766,2972.8281,1601.0894,121395.85,256.24014,1942.2048,1.8333334,6.0,3,0,7
656.2832,54.0,54.0,8910.576,522.0,60.0,476.26877,220.61078,656.7178,34590.363,90.41659,156.75237,1.8333334,2.0,3,1,7
115.20625,61.166668,76.0,58.640343,95.0,74.0,95.0,0.0,0.0,548.2574,79.0,0.0,0.5,2.0,0,0,7
963.57544,54.0,54.0,1366821.9,1843.0132,60.0,1306.4073,5055.9697,1594.4127,58518.242,348.5762,2166.137,1.6376256,10.948342,3,0,7
99.64029,83.440605,79.0,137.0,86.351166,93.0,84.0,0.0,0.0,5050.4873,81.493004,0.0,0.5,2.0,0,0,7
171.89209,54.0,66.0,145.90192,1514.0,60.0,94.0,0.0,0.0,78.37052,241.24565,0.0,0.5,3.0,0,0,7
106.08345,82.0,74.0,105.13,94.0,96.08723,94.0,0.0,0.0,9160.239,77.0,0.0,0.5,2.0,0,0,7
564.1184,54.0,54.0,8462.0,1514.0,60.0,420.85837,608.10803,609.7406,4713.677,241.28557,130.56609,1.25,6.0,3,2,7
209.0,54.0,54.0,4668.0786,1192.6249,60.0,134.66667,54.865612,0.0,2280.1143,195.44617,0.0,0.5,6.046847,0,0,7
650.7921,54.0,54.0,11334.251,529.0,60.0,499.0041,263.48395,650.21155,34878.945,92.0,193.3528,1.6976792,2.0,3,0,7
229.0,54.0,54.0,148.7355,89.0,66.0,94.13304,0.0,0.0,3996.2544,82.0,0.0,1.0,2.0,0,0,7
93.0,82.0,89.0,148.0,94.0,60.0,86.333336,0.0,0.0,1957.0377,91.0,0.0,0.5,3.0,0,0,7
654.8834,54.0,54.0,7912.313,1514.0,60.0,466.56952,549.4244,674.94293,9982.814,163.12608,206.65262,1.8333334,3.0,3,3,7
674.0,54.0,54.0,33484.355,1457.1044,60.0,1255.541,658.59534,662.92816,93807.17,163.46295,622.4068,1.3333334,3.0,0,0,7
596.4913,54.0,54.0,17698.586,138.0,60.0,900.197,108.97413,560.98474,227449.69,89.0,208.23409,1.2,3.0,0,0,7
150.73936,54.0,66.0,295.27283,532.0,60.0,124.68911,0.0,0.0,2473.1348,163.58472,0.0,0.5,6.0,0,0,7
100.0,66.0,76.0,91.0,97.0,74.0,96.0,0.0,0.0,2950.8508,79.0,0.0,0.14185022,2.0,0,0,7
607.95795,54.0,54.0,9502.385,1812.7567,60.0,457.19662,1275.1323,646.41016,2643.7087,313.4799,232.28294,1.3991362,6.0,3,3,7
729.63635,54.0,54.0,59354.027,617.0,60.0,1246.2073,522.417,682.8637,183084.92,101.0,615.24207,1.6685236,3.0,3,0,7
632.9646,54.0,54.0,7992.2803,1514.0,60.0,452.5634,709.62335,654.5613,4738.3145,239.94804,199.77005,1.5662919,4.0,3,3,7
226.0,54.0,54.0,120.0,78.0,93.81549,83.50437,0.0,0.0,4894.4985,78.0,0.0,1.0,2.0,0,0,7
619.6519,54.0,54.0,59866.85,91.0,63.0,1199.7423,0.0,596.2334,437884.03,82.0,388.4228,1.2307693,3.0,0,0,7
618.8991,54.0,54.0,18167.227,1514.0,60.0,945.8468,771.6302,634.45184,17302.246,241.40611,487.37445,1.25,6.0,3,0,7
149.98073,91.0,75.0,209.0,92.0,91.0,143.33333,0.0,0.0,112475.086,78.0,0.0,0.5,2.0,0,0,7
94.55885,89.333336,75.0,119.26545,96.0,93.0,95.0,0.0,0.0,12440.785,78.0,0.0,0.4572626,2.0,0,0,7
118.59403,83.32575,87.0,128.40607,89.0,60.0,89.333336,0.0,0.0,3131.7756,89.0,0.0,0.5,2.0,0,0,7
244.3679,54.0,54.0,7413.4263,1877.0,60.0,377.06302,1247.1719,0.0,450.7182,944.1688,10.0,0.5,114.3389,0,0,7
250.96848,54.0,54.0,1483.8528,1292.0,60.0,134.66667,123.76554,0.0,1704.0847,193.78586,0.0,1.0,5.0,0,2,7
204.52736,54.0,76.0,7950.4795,581.0,60.0,422.52072,49.341637,0.0,19800.342,199.39662,0.0,0.5,14.0,0,0,7
661.6286,54.0,54.0,175634.08,1514.0,60.0,1272.2803,1246.419,654.41156,59781.96,239.85866,740.7376,1.25,6.0,0,0,7
242.99255,54.0,60.0,7325.913,615.13715,60.0,425.73492,111.367455,0.0,18180.438,167.84042,0.0,0.5,6.0,0,0,7
99.0,65.500786,76.86484,85.2407,100.869934,74.0,96.42635,0.0,0.0,1773.193,80.25528,0.0,0.120017715,2.0,0,0,7
333.29956,54.0,54.0,8917.328,1883.8259,54.0,510.66592,2045.7502,125.41691,978.60443,1380.5394,115.830666,0.5335768,113.74273,0,0,7
348.31146,54.0,54.0,8934.749,1882.2755,54.0,584.54767,2141.9856,403.6379,1096.0557,1367.519,150.0,0.6666667,27.631445,0,0,7
525.84174,54.0,54.0,5542.198,613.17487,60.0,363.42783,209.96243,569.3267,12193.7705,114.97651,9.830034,1.2222222,2.0,0,0,7
229.0,54.0,54.0,120.0,84.91357,74.0,80.333336,0.0,0.0,1675.0494,80.99001,0.0,1.1,2.0,0,3,7
385.83276,54.0,54.0,12415.589,509.52762,60.0,712.28845,120.0588,310.92447,122041.11,99.93785,76.98419,1.0,5.0,0,0,7
485.12213,54.0,54.0,7773.302,1514.0,60.0,379.20096,636.79,581.295,2823.3347,257.24762,71.4594,1.222934,6.0,3,2,7
638.0,54.0,54.0,120550.14,529.0,60.0,1237.9799,358.73804,630.8093,229606.25,95.03256,507.8037,1.25,5.0,0,0,7
99.0,95.0,76.83386,149.73204,96.459,74.0,109.96249,0.0,0.0,20845.121,80.0,0.0,0.33333334,2.0,0,0,7
738.42786,54.0,54.0,95355.47,1848.0161,60.0,1254.5212,3601.0908,694.44684,13694.267,375.9747,779.35516,1.7074327,8.0,3,0,7
399.9705,54.0,54.0,11238.842,2761.4192,60.0,466.1716,3693.6082,565.87994,229.2839,1391.5059,241.0,1.1712754,147.39049,3,2,7
1384.3424,54.0,54.0,1362233.8,1811.6511,60.0,1300.3823,5694.241,5473.0557,74907.11,250.90123,2538.9714,6.770085,5.0,4,2,7
125.38456,66.0,75.0,93.0,83.64113,66.25441,77.0,0.0,0.0,599.00134,83.55239,0.0,0.5,2.0,0,0,7
239.66275,54.0,54.0,839.86816,1787.1497,60.0,149.13602,522.8113,0.0,183.97543,370.9445,0.0,0.6666667,7.0,0,0,7
638.0,54.0,54.0,20477.697,1292.0,60.0,1050.6245,519.83673,638.378,45980.11,137.50854,486.4475,1.3333334,5.0,3,0,7
608.6667,54.0,54.0,4989.8286,1514.0,60.0,230.91408,537.0066,654.83295,1178.8241,199.26503,11.0,2.1581519,2.0,4,3,7
113.0,89.0,79.0,182.0,91.0,74.0,109.819885,0.0,0.0,16563.67,82.0,0.0,0.5,2.0,0,0,7
368.91806,54.0,54.0,206.0,89.0,60.0,134.50656,0.0,502.65198,12223.22,81.471245,0.0,1.2222222,2.0,0,0,7
121.0,66.0,77.0,97.9692,91.0,60.0,76.0,0.0,0.0,248.31271,89.0,0.0,0.5,2.0,0,0,7
179.0,54.0,64.40943,157.417,94.0,60.0,98.52645,0.0,0.0,3154.6357,91.0,0.0,0.5,2.0,0,0,7
326.71738,54.0,54.0,241.0,1606.8778,60.0,134.33333,486.47818,282.08832,129.30804,279.41998,0.0,1.0835252,5.0,3,3,7
1026.6887,54.0,54.0,138764.52,1820.0758,60.0,1255.7388,3570.9868,3790.3916,17435.094,266.94678,873.1055,5.4803624,6.0,4,3,7
651.0934,54.0,54.0,4985.4995,692.0,60.0,343.33038,325.67587,660.93677,8726.982,101.83247,12.0,1.8379295,2.0,3,3,7
673.98975,54.0,54.0,16052.0,1813.5089,60.0,809.24243,1866.5864,685.6414,5780.8433,288.60767,520.915,1.8333334,5.0,3,3,7
179.53705,54.0,54.0,93.367546,62.0,178.38531,66.0,0.0,0.0,8346.97,62.0,0.0,0.67407584,0.0,0,0,7
121.0,92.68036,78.0,205.0,95.0,74.0,132.0,0.0,0.0,27167.105,81.0,0.0,0.5,2.0,0,0,7
175.73657,54.0,74.0,205.0,1292.0,60.0,115.31114,0.0,0.0,864.2098,217.22122,0.0,0.5,5.0,0,0,7
656.26495,54.0,54.0,37816.418,1854.1538,60.0,1214.5079,3056.38,675.14716,7887.146,424.74142,665.93024,1.3856705,12.0,3,2,7
137.0,62.0,78.0,224.98737,828.59595,60.0,114.46954,0.0,0.0,1087.4595,217.46915,0.0,0.5,6.0,0,0,7
292.43857,54.0,54.0,7157.8716,1849.8915,60.0,264.44907,821.91736,100.088234,186.71632,525.6495,8.0,0.8454516,27.976126,0,2,7
170.33372,61.166668,62.0,72.56965,66.26003,121.0,78.0,0.0,0.0,3246.017,66.0,0.0,0.5,0.0,0,0,7
226.0,54.0,54.0,164.85547,75.0,147.0,91.68843,0.0,0.0,15224.325,74.0,0.0,1.0,2.0,0,0,7
264.8411,54.0,66.0,5854.0,530.0,60.0,416.7995,59.81733,0.0,18538.111,148.14655,0.0,0.5,4.0,0,0,7
608.6667,54.0,54.0,7657.912,690.046,60.0,468.07474,350.518,633.83655,19030.404,113.6348,118.320435,1.3333334,2.0,3,0,7
229.0,54.0,54.0,205.0,89.0,60.0,131.56522,0.0,0.0,12124.388,84.28744,0.0,0.6666667,2.0,0,0,7
182.0,54.0,60.0,120.0,374.0,60.0,89.0,0.0,0.0,519.3504,97.17338,0.0,0.5,2.0,0,0,7
303.8245,54.0,54.0,5081.1753,1860.1885,60.0,249.65134,823.8988,115.06425,104.059425,582.3563,1.0,0.86317515,12.0,0,2,7
869.75354,54.0,54.0,89593.8,1874.8596,60.0,1234.7559,4775.961,1697.6991,7892.5396,375.88226,799.068,4.249202,7.0,5,3,7
179.0,62.0,74.0,341.4588,89.0,61.61449,136.08948,0.0,0.0,18538.744,89.0,0.0,0.5,3.0,0,0,7
135.62349,66.0,74.0,94.0,89.0,93.0,91.0,0.0,0.0,4783.27,76.0,0.0,0.5,2.0,0,0,7
959.16125,54.0,54.0,89809.95,1514.0,60.0,1247.8569,1244.664,1615.7549,38663.84,170.7592,759.66,3.6220093,3.0,3,2,7
298.6837,54.0,54.0,129.75815,81.0,90.0,88.88215,0.0,26.631426,4201.4287,78.0,0.0,1.2,2.0,0,2,7
673.6253,54.0,54.0,16574.967,1514.0,60.0,740.7817,771.7345,683.08984,15074.133,215.2222,493.38953,1.8333334,5.0,3,2,7
229.34583,54.0,54.0,205.0,83.0,74.0,112.398056,0.0,0.0,10970.322,81.0,0.0,0.8348274,2.0,0,0,7
597.41986,54.0,54.0,11518.782,1874.0,60.0,468.159,2047.22,637.10114,1612.9679,451.74857,380.0,1.3333334,13.0,3,3,7
345.29306,54.0,54.0,16052.0,1816.8716,60.0,1047.7733,1241.9846,99.82217,8409.758,506.16647,199.0,0.5,49.0,0,0,7
345.33334,54.0,54.0,8933.82,82.0,74.0,456.3745,0.0,0.0,235800.67,81.0,4.0,0.6666667,3.0,0,0,7
321.42313,54.0,54.0,11443.921,210.5649,60.0,542.2034,0.0,0.0,126948.586,95.0,10.0,0.5,6.0,0,0,7
121.0,94.0,77.0,205.0,95.0,74.0,133.33333,0.0,0.0,32363.172,80.88031,0.0,0.38608685,2.0,0,0,7
746.3689,54.0,54.0,78429.055,1623.0692,60.0,1238.6638,1298.5853,693.7854,20699.014,242.82701,721.6125,1.8718289,6.0,3,2,7
255.98401,54.0,54.0,4950.0586,76.0,111.83305,248.6143,0.0,0.0,185277.42,76.0,0.0,0.6,2.0,0,0,7
359.0,54.0,54.0,16068.543,2154.4053,54.0,1040.8519,3533.3862,444.73526,2264.0322,1400.0092,383.3946,0.6666667,212.50185,0,0,7
870.22253,54.0,54.0,123688.375,1790.9805,60.0,1264.123,2193.3845,1594.3748,22274.299,260.08398,815.9609,2.1694129,5.14758,3,0,7
416.44867,54.0,54.0,13096.824,96.99457,60.0,645.8685,0.0,483.09778,190778.9,89.0,67.7487,1.0706493,3.0,0,0,7
345.01843,54.0,54.0,241.0,346.11398,60.0,141.00003,0.0,112.26035,7946.8145,94.0,0.0,1.0666667,2.0,0,0,7
145.4207,54.0,62.0,149.54422,96.15892,60.0,89.333336,0.0,0.0,1226.8087,95.0,0.0,0.5,3.0,0,0,7
649.1538,54.0,54.0,8821.8,977.2237,60.0,475.45718,449.82156,653.06934,19013.188,112.568115,175.37639,1.6098549,2.0,3,2,7
365.07144,54.0,54.0,5908.0,89.0,60.0,352.88968,0.0,278.33777,59818.66,82.0,0.0,1.0769231,2.0,0,0,7
815.2725,54.0,54.0,32609.271,1873.0021,60.0,1003.76184,3659.4873,1662.6356,4934.2485,357.39685,737.29266,4.894923,6.0,5,3,7
424.14404,54.0,54.0,390835.9,1878.4266,60.0,1287.3667,3601.3845,506.90942,18287.719,1044.3204,721.54065,0.6666667,1098.2888,0,0,7
172.59767,89.0,75.0,205.0,91.0,74.47216,136.0,0.0,0.0,60329.047,78.0,0.0,0.5,2.0,0,0,7
124.02145,95.0,77.0,196.0,95.27744,74.0,133.22922,0.0,0.0,32515.22,80.0,0.0,0.5,2.0,0,0,7
93.0,82.03765,94.0,108.90092,97.71778,60.0,89.0,0.0,0.0,610.074,95.0,0.0,0.5,2.0,0,0,7
500.1069,54.0,54.0,10383.951,81.96309,92.39724,468.26328,0.0,501.5037,302574.22,78.0,12.0,1.2,2.0,0,0,7
322.04916,54.0,54.0,12845.09,289.88327,60.0,633.05676,0.0,0.0,134678.56,97.0,11.0,0.5,6.0,0,0,7
886.0449,54.0,54.0,399895.44,1788.0,60.0,1289.7322,2249.5916,1296.704,48043.848,260.37485,1137.597,1.742356,6.0,3,0,7
629.8093,54.0,54.0,5935.231,1194.415,60.0,311.3201,357.93375,652.6769,6476.5596,111.03931,17.0,1.9926299,2.0,3,3,7
197.70706,81.0,66.0,145.29468,76.0,137.0418,103.70501,0.0,0.0,38639.58,69.51658,0.0,0.5,1.0,0,0,7
607.5911,54.0,54.0,5084.867,530.0,60.0,329.94394,175.14444,634.86456,12070.724,95.0,10.0,1.4718864,2.0,3,2,7
152.93607,62.0,54.0,93.0,74.0,150.0,66.0,0.0,0.0,4034.9604,72.21157,0.0,0.6,1.0,0,0,7
934.62354,54.0,54.0,18397.037,1788.3945,60.0,921.3266,2007.0021,2626.7227,9970.869,242.97006,676.0525,6.2227063,4.132945,5,3,7
821.9687,54.0,54.0,117297.984,1877.0,60.0,1239.629,5675.6025,1651.5339,7933.0195,424.39035,827.1313,3.3632514,9.0,4,3,7
460.61386,54.0,54.0,5075.6514,77.0,137.43912,207.81819,0.0,508.34033,132795.72,74.0,0.0,1.2640429,2.0,0,0,7
653.8753,54.0,54.0,11372.506,1849.6598,60.0,476.38568,2132.6614,684.2698,1893.1029,363.3961,482.04654,2.0,6.0,4,3,7
365.88666,54.0,54.0,13796.347,1192.2218,60.0,918.7788,362.90707,297.14508,38469.13,176.99823,134.96065,0.74149525,6.0,0,0,7
132.0,94.0,74.0,147.8278,95.0,93.0,111.666664,0.0,0.0,25905.625,77.0,0.0,0.5,2.0,0,0,7
631.4136,54.0,54.0,7873.4917,1789.7687,60.0,421.92606,1243.4628,657.4076,2508.8557,262.86728,206.76012,1.6948932,5.0,3,3,7
413.5802,54.0,54.0,4364.93,100.24161,60.0,232.28,0.0,521.38336,15915.29,88.504524,0.0,1.2307693,2.0,0,0,7
128.75874,82.0,88.89177,182.0,89.0,60.0,108.16526,0.0,0.0,7601.76,89.0,0.0,0.5,3.0,0,0,7
386.2557,54.0,54.0,1777.7173,1846.4655,60.0,272.40726,1150.7488,559.14215,163.1818,438.95627,8.0,1.2,5.0,3,3,7
99.0,89.0,82.0,168.44254,91.0,66.0,100.0,0.0,0.0,7638.823,89.0,0.0,0.5,3.0,0,0,7
151.48476,66.0,62.0,108.0,82.0,74.0,70.77565,0.0,0.0,1860.2466,81.0,0.0,0.5,2.0,0,0,7
206.0,54.0,74.0,359.0,826.5888,60.0,200.2739,1.2638326,0.0,4022.8606,204.50153,0.0,0.5,5.0,0,0,7
783.68256,54.0,54.0,268171.84,1797.4529,60.0,1279.053,2215.4653,698.81525,27723.59,268.45602,867.3101,1.7153031,6.366999,3,0,7
742.78094,54.0,54.0,171355.25,1808.4686,60.0,1279.034,2207.9062,692.12537,25204.215,292.80817,823.0384,1.447854,6.0,3,0,7
651.41907,54.0,54.0,16074.443,1514.0,60.0,571.17444,548.45734,655.54254,17305.865,157.29051,408.7462,1.6996937,5.0,3,2,7
638.0,54.0,54.0,125397.63,1837.6517,60.0,1265.726,2190.307,644.841,18692.617,407.85513,723.16614,1.2,14.0,3,0,7
113.0,78.0,84.819626,139.86136,522.0,60.0,91.0,0.0,0.0,519.16254,143.05186,0.0,0.5,3.0,0,0,7
292.43524,54.0,60.0,4754.8545,529.0,60.0,362.40173,0.0,0.0,16550.545,129.35225,0.0,0.5,3.0,0,0,7
87.44277,76.570786,89.0,132.70525,101.0,60.0,81.0,0.0,0.0,511.79208,96.0,0.0,0.5,4.0,0,0,7
182.0,62.0,78.0,5908.783,270.98972,60.0,318.4396,0.0,0.0,22363.355,110.515335,0.0,0.5,6.0,0,0,7
535.6681,54.0,54.0,7304.0,360.93536,60.0,360.38272,5.815082,559.3336,23091.266,89.0,10.0,1.25,2.0,0,0,7
650.59125,54.0,54.0,4957.4946,1292.0,60.0,280.48184,376.61838,674.6751,4824.575,110.99782,11.0,2.8714633,2.0,3,3,7
343.59863,54.0,54.0,4998.514,89.0,60.0,269.79218,0.0,9.0,30333.824,83.61062,0.0,1.0,2.0,0,0,7
226.0,54.0,60.0,226.0,80.76242,74.0,136.0,0.0,0.0,25083.768,80.488335,0.0,0.5,2.0,0,0,7
592.0428,54.0,54.0,16052.0,1883.7407,60.0,611.8318,3554.7134,634.24725,1268.5156,717.8404,485.56177,1.25,18.0,3,2,7
563.9849,54.0,54.0,7194.376,529.0,60.0,421.44537,151.50157,584.9284,20910.373,95.3311,12.0,1.2222222,2.0,0,0,7
206.0,54.0,60.0,205.0,79.990875,90.0,117.333336,0.0,0.0,18360.756,79.0,0.0,0.5,2.0,0,0,7
209.0,54.0,75.0,11139.11,602.89716,60.0,535.67255,109.20492,0.0,28318.006,201.3774,7.0,0.5,16.0,0,0,7
655.91986,54.0,54.0,8135.742,615.91644,60.0,461.6293,365.48294,662.0494,20146.465,96.522415,159.58682,1.8501809,2.0,3,2,7
143.71732,62.0,54.0,94.41302,75.882484,137.47513,66.0,0.0,0.0,2539.6917,75.0,0.0,0.5,2.0,0,0,7
536.02783,54.0,54.0,5908.0,95.0,60.0,344.79953,0.0,556.08844,30348.967,84.0,6.0,1.2307693,2.0,0,0,7
727.3385,54.0,54.0,12938.333,1514.0,60.0,596.3939,872.94354,692.4933,10218.446,212.51439,486.8997,3.1641805,3.0,4,3,7
778.798,54.0,54.0,9978.68,1514.0,60.0,531.5551,1245.6588,1596.61,5781.526,217.65643,486.34372,6.1353655,3.0,4,3,7
670.0068,54.0,54.0,79085.4,522.0,60.0,1237.2443,340.72565,651.35406,235911.02,92.13967,515.0181,1.3937292,3.0,0,0,7
632.51416,54.0,54.0,11534.513,1788.0,60.0,627.70184,1253.103,651.461,5734.196,264.86157,442.95166,1.3333334,6.0,3,2,7
399.9584,54.0,54.0,11399.552,78.0,109.125084,506.5468,0.0,285.45908,444716.12,76.074,11.0,1.0902171,2.0,0,0,7
400.0967,54.0,54.0,226.0,1514.0,60.0,138.0,375.41745,563.2652,889.67584,204.07144,0.0,1.25,2.0,3,3,7
366.84543,54.0,54.0,5854.0,1514.0,60.0,283.45035,539.9577,525.36884,1547.3562,246.67145,9.0,1.2,5.0,3,2,7
437.47952,54.0,54.0,20422.906,245.22787,60.0,959.5954,84.0047,492.00958,239030.89,91.0,177.0,1.0625,5.0,0,0,7
205.6397,54.0,54.0,241.0,529.0,60.0,121.59411,0.0,0.0,2952.156,122.8,0.0,0.5,5.0,0,0,7
139.35889,66.0,60.0,94.0,75.0,135.26932,66.0,0.0,0.0,2579.3796,75.0,0.0,0.5,2.0,0,0,7
274.8868,54.0,54.0,4621.8755,77.0,99.69486,261.72623,0.0,0.0,172916.08,77.0,0.0,0.6666667,2.0,0,0,7
672.4638,54.0,54.0,5172.922,1392.753,60.0,316.45398,483.7858,687.4296,4723.2803,122.62575,36.103188,4.3569517,2.0,3,3,7
346.34113,54.0,54.0,120.0,89.0,64.0,86.333336,0.0,368.3124,1799.5527,80.743095,0.0,1.25,1.0,0,3,7
181.99863,76.0,74.0,196.0,76.0,112.22755,113.40111,0.0,0.0,29393.771,75.0,0.0,0.5,2.0,0,0,7
631.3065,54.0,54.0,7656.0,1514.0,60.0,394.18378,621.1855,654.5007,4297.3364,217.49849,149.20248,1.7931238,3.0,3,3,7
207.0138,54.0,62.0,7221.838,95.0,60.0,337.99396,0.0,0.0,33228.082,95.0,0.0,0.5,6.0,0,0,7
531.71423,54.0,54.0,29368.736,100.665184,60.0,1041.3932,81.86709,518.10046,296902.0,89.0,209.0,1.1205584,5.0,0,0,7
134.72165,92.0,68.18241,126.09706,91.0,113.0,97.0,0.0,0.0,24638.621,74.0,0.0,0.5,2.0,0,0,7
573.3467,54.0,54.0,49758.043,1886.5066,54.0,1238.1774,4401.7627,605.0451,4922.307,945.7331,621.5536,1.1147808,90.3987,3,0,7
773.0244,54.0,54.0,125419.555,1514.0,60.0,1247.0703,1244.756,694.545,36961.402,203.67087,746.278,2.0258174,5.0,3,0,7
81.04974,66.0,94.0,92.95932,283.74896,60.0,89.0,0.0,0.0,81.501625,116.019226,0.0,0.5,2.0,0,0,7
229.0,54.0,54.0,226.0,1466.5391,60.0,130.66667,146.10846,0.0,616.51746,219.56694,0.0,0.67474025,4.0,0,0,7
234.68796,54.0,66.0,8462.0,531.8104,60.0,508.11923,108.97413,0.0,27694.316,163.13464,7.0,0.5,7.0,0,0,7
147.0,54.0,66.0,148.0,95.0,60.0,89.333336,0.0,0.0,1692.525,92.0,0.0,0.5,2.0,0,0,7
347.57114,54.0,54.0,7413.426,1845.0,60.0,362.25113,1085.4158,470.45752,904.65753,469.688,13.0,1.0,13.882808,0,2,7
238.57632,54.0,54.0,205.0,374.0,60.0,134.33333,0.0,0.0,4883.3433,96.43152,0.0,0.6666667,2.0,0,0,7
347.52087,54.0,54.0,149.08295,91.0,60.0,96.0,0.0,315.8431,2785.7893,82.0,0.0,1.2307693,2.0,0,3,7
193.17545,54.0,54.0,99.45106,86.0,66.0,66.8,0.0,0.0,704.5141,82.0,0.0,0.8,2.0,0,2,7
100.0,95.0,78.0,177.99413,96.481735,71.41641,117.607445,0.0,0.0,20903.436,82.0,0.0,0.28637746,2.0,0,0,7
583.3084,54.0,54.0,269.2353,1514.0,60.0,138.0,522.54333,638.3501,487.0943,214.94759,1.0,1.790212,2.0,3,3,7
435.89304,54.0,54.0,11055.578,79.0,93.0,537.87024,0.0,468.1461,428776.8,78.0,12.0,1.1328875,2.0,0,0,7
266.55466,54.0,54.0,145.42955,77.0,141.63548,82.333336,0.0,0.0,7934.9927,74.0,0.0,1.2,2.0,0,2,7
226.0,54.0,60.0,7881.1313,1292.0,60.0,414.81818,177.81888,0.0,13344.925,223.32365,1.0,0.5,14.0,0,0,7
202.11705,66.0,78.0,5912.645,90.15482,60.0,342.08514,0.0,0.0,58000.33,89.0,0.0,0.5,5.0,0,0,7
109.66447,95.0,75.0,137.0,95.0,93.0,101.77648,0.0,0.0,19745.678,78.0,0.0,0.5,2.0,0,0,7
343.54593,54.0,54.0,169.0,89.0,74.0,91.0,0.0,255.81934,2941.7495,81.0,0.0,1.2357851,2.0,0,3,7
1386.9551,54.0,54.0,1212909.8,1797.2682,60.0,1298.5496,4804.133,5482.119,77745.68,244.47925,2465.2822,6.775129,5.0,4,2,7
566.6816,54.0,54.0,8975.834,87.134125,65.57941,489.82947,0.0,547.0344,227319.23,80.76185,17.0,1.2,2.0,0,0,7
327.6624,54.0,54.0,224.86232,80.0,90.62324,130.66667,0.0,11.785113,19802.924,78.0,0.0,1.0769231,2.0,0,0,7
229.0,54.0,54.0,5854.0,1514.0,60.0,246.49156,475.56586,0.0,1093.8304,310.82715,0.0,0.61693096,13.0,0,0,7
400.69043,54.0,54.0,6524.607,530.0,60.0,265.43365,120.059906,525.3685,10234.37,99.893326,5.0,1.2307693,3.0,3,2,7
161.59149,62.891598,60.229427,171.0,78.0,102.71035,96.0,0.0,0.0,12873.257,78.0,0.0,0.5,2.0,0,0,7
658.13654,54.0,54.0,11588.861,1194.7644,60.0,786.97485,516.16113,659.2774,28958.291,121.79554,394.40692,1.4850801,2.1820357,3,0,7
897.38745,54.0,54.0,32285.96,1788.0,60.0,1168.7664,2014.3322,1698.0333,12853.119,243.20966,716.8599,6.0162897,5.0,4,3,7
376.781,54.0,54.0,10175.215,530.0,60.0,457.9948,139.23619,476.2003,27298.273,106.45212,19.0,1.0909091,5.0,0,0,7
490.61844,54.0,54.0,17357.74,1514.0,60.0,873.86084,528.51086,525.32623,23814.959,216.08269,241.0,1.0905354,7.0,0,0,7
100.0,67.55614,75.0,99.31115,95.0,81.853096,95.0,0.0,0.0,4935.422,78.0,0.0,0.5,2.0,0,0,7
188.0,64.0,78.0,936.8333,315.1548,60.0,230.3582,0.0,0.0,13100.457,110.98871,0.0,0.5,5.0,0,0,7
687.4891,54.0,54.0,20107.928,1861.6954,60.0,753.8896,3163.3098,693.0736,4070.7578,370.79776,632.7901,2.3214395,9.0,4,3,7
204.0,75.0,81.0,5651.071,89.0,60.0,343.7981,0.0,0.0,74121.95,89.0,0.0,0.5,4.0,0,0,7
872.27435,54.0,54.0,109425.2,1811.8645,60.0,1246.8397,2428.5144,1609.0452,17048.781,264.2669,791.9453,3.3134367,6.0,4,2,7
383.01242,54.0,54.0,14958.24,1820.8748,60.0,650.9396,1256.408,507.06348,4851.416,446.2809,213.66682,1.0,16.0,0,0,7
347.57382,54.0,54.0,7414.0,1459.7609,60.0,461.50607,399.58102,192.22035,11767.474,223.65788,11.0,0.75,5.0,0,0,7
498.78687,54.0,54.0,11207.037,699.00214,60.0,435.9057,304.45993,547.28,18333.086,128.066,87.66552,1.2142857,5.0,0,0,7
206.0,77.0,76.0,196.0,78.0,74.0,131.7648,0.0,0.0,25333.277,78.0,0.0,0.5,2.0,0,0,7
362.8696,54.0,54.0,7303.2065,1863.4822,60.0,463.3197,1286.1062,501.50366,1113.4164,580.6666,61.500645,1.0,9.0,0,0,7
226.0,54.0,54.0,241.0,84.0,74.0,130.84964,0.0,0.0,17257.992,82.0,0.0,0.6666667,2.0,0,0,7
151.29587,74.0,79.0,148.52475,529.0,60.0,100.432106,0.0,0.0,909.12225,143.6,0.0,0.5,3.0,0,0,7
152.29977,54.0,54.0,103.0,79.0,99.0,66.0,0.0,0.0,1402.2101,79.0,0.0,0.5,2.0,0,0,7
743.73737,54.0,54.0,10171.674,1514.0,60.0,475.1289,1147.1174,1350.991,5770.9463,214.78473,470.5755,6.0688515,3.0,4,3,7
351.9232,54.0,54.0,7238.8423,487.83685,60.0,321.46863,0.0,258.5709,18458.785,95.0,1.0,1.0833334,3.0,0,0,7
398.73056,54.0,54.0,9064.131,488.02792,60.0,358.021,80.70936,505.85663,22347.795,94.0,11.0,1.2,5.0,0,0,7
649.62555,54.0,54.0,15860.572,1845.0,60.0,583.9929,1932.7872,674.52246,3543.8232,347.94754,487.99622,1.6697476,6.3702083,3,3,7
574.41754,54.0,54.0,4885.3555,1514.0,60.0,264.0999,581.0847,634.2351,1033.2728,242.52632,11.0,1.4121815,3.0,3,3,7
600.05255,54.0,54.0,75416.54,1746.3811,60.0,1251.83,1251.9095,603.07983,23157.309,282.35196,579.6715,1.1538461,12.0,0,0,7
372.9029,54.0,54.0,182.0,1458.2609,60.0,121.7372,240.43794,552.56323,312.96774,163.4751,0.0,1.25,2.0,3,3,7
76.5033,66.0,81.0,96.3455,95.0,74.37873,92.42013,0.0,0.0,1085.3853,84.0,0.0,0.49210757,2.0,0,0,7
517.52997,54.0,54.0,7316.7583,1859.0402,60.0,328.59286,1286.1062,618.56824,298.87424,436.44843,89.893745,1.307172,8.0,3,3,7
99.85086,61.166668,78.0,90.0,82.0,74.0,79.0,0.0,0.0,430.04813,82.0,0.0,0.5,2.0,0,0,7
637.4607,54.0,54.0,11330.77,1514.0,60.0,476.93222,679.5362,654.25415,8356.483,217.65645,326.81598,1.5911767,5.0,3,3,7
363.33752,54.0,54.0,16403.025,2726.514,54.0,854.1161,4210.3237,504.14685,1154.2778,1408.8047,440.10754,0.8333333,829.0424,0,0,7
251.0,54.0,60.0,6521.304,1311.7063,60.0,414.81818,256.77277,0.0,9701.289,237.54955,0.0,0.5,6.0,0,0,7
596.125,54.0,54.0,54004.2,1886.9359,60.0,1215.3794,4443.522,625.1208,4234.066,879.14453,621.1635,1.2,98.12211,3,0,7
320.6742,54.0,54.0,7236.0,91.0,60.0,374.5041,0.0,0.0,55607.05,89.0,0.0,0.6666667,3.0,0,0,7
608.618,54.0,54.0,12798.694,88.93238,66.0,650.41174,0.0,595.62933,317463.38,80.0,128.74988,1.25,2.0,0,0,7
179.0,79.0,74.0,138.0,77.0,113.0,97.0,0.0,0.0,20811.588,74.0,0.0,0.5,2.0,0,0,7
150.0,54.0,62.0,154.31845,89.0,64.0,92.010735,0.0,0.0,3208.3757,89.0,0.0,0.5,2.0,0,0,7
229.0,54.0,54.0,178.3676,396.92105,60.0,109.52684,0.0,0.0,2258.957,95.21884,0.0,0.79349506,2.0,0,0,7
344.19434,54.0,54.0,266.7217,75.0,123.87882,141.49466,0.0,0.0,116246.33,74.0,0.0,1.0,2.0,0,0,7
747.5729,54.0,54.0,20368.803,1514.0,60.0,908.9415,934.0745,695.8461,18763.666,198.70125,608.8396,3.2239335,5.0,3,2,7
227.0,54.0,54.0,229.0,82.0,74.0,134.66667,0.0,0.0,20741.328,81.0,0.0,0.6,2.0,0,0,7
424.15836,54.0,54.0,8141.7646,1292.0,60.0,337.98825,316.80267,545.9064,9424.687,143.58537,13.0,1.2307693,5.0,3,2,7
504.85217,54.0,54.0,5973.746,1292.0,60.0,320.02686,313.79572,576.1829,6475.0303,143.5625,10.0,1.25,3.0,3,2,7
351.61176,54.0,54.0,825.9733,78.0,109.2802,137.38281,0.0,148.9806,38330.848,76.0,0.0,1.1947443,2.0,0,0,7
146.0,74.0,75.0,170.43806,85.334625,74.0,96.0,0.0,0.0,5497.59,84.0,0.0,0.5,2.0,0,0,7
632.5259,54.0,54.0,32422.797,1514.0,60.0,1201.9648,575.5206,634.36163,34604.363,178.58127,493.60248,1.25,6.0,0,0,7
519.3073,54.0,54.0,260356.95,1849.4031,60.0,1270.1245,2197.9697,547.93744,18087.533,524.5266,674.8176,1.0,498.65585,0,0,7
651.92487,54.0,54.0,14718.959,528.5528,60.0,1172.0255,304.4896,638.32214,159053.02,95.0,379.47296,1.25,2.0,0,0,7
519.9469,54.0,54.0,318901.84,1889.6871,54.0,1277.3931,5295.7837,556.1302,11423.135,1368.0737,741.8148,0.9965392,1109.6444,0,0,7
182.0,75.0,74.0,205.0,78.0,96.39714,121.664986,0.0,0.0,25903.566,77.0,0.0,0.5,2.0,0,0,7
179.0,62.0,74.0,226.0,86.743484,66.0,130.66667,0.0,0.0,15625.941,84.0,0.0,0.5,3.0,0,0,7
91.0,61.166668,78.0,74.0,97.0,74.0,96.0,0.0,0.0,616.96747,82.0,0.0,0.13863847,2.0,0,0,7
626.1573,54.0,54.0,190766.25,1292.0,60.0,1253.087,548.4553,620.98535,149714.86,162.16571,620.46484,1.2,8.0,0,0,7
619.0735,54.0,54.0,5166.68,1192.0,60.0,284.882,326.67413,650.165,5341.042,111.16354,11.0,1.8333334,2.0,3,3,7
254.87082,54.0,54.0,226.0,1514.0,60.0,131.85342,346.2701,11.785113,165.53993,260.20773,0.0,0.93451184,5.0,0,2,7
290.2039,54.0,54.0,6081.2256,89.0,60.0,341.84906,0.0,0.0,55767.914,87.0,0.0,0.5,3.0,0,0,7
391.78055,54.0,54.0,14647.974,1878.5997,60.0,640.01965,2145.7588,536.9563,2097.5732,727.50183,337.09192,1.0666927,49.0,3,0,7
190.56673,54.0,54.0,153.11867,330.59006,60.0,89.333336,0.0,0.0,920.51117,95.0,0.0,0.6666667,2.0,0,1,7
146.21005,81.0,84.0,4370.3213,89.0,60.0,236.51439,0.0,0.0,32485.291,89.0,0.0,0.5,5.0,0,0,7
172.0736,78.0,81.0,268.0,83.58293,66.0,154.42912,0.0,0.0,29430.89,82.0,0.0,0.5,2.0,0,0,7
226.0,78.0,62.0,174.45242,73.0,147.0,128.47577,0.0,0.0,189499.55,63.106213,0.0,0.5,0.0,0,0,7
367.05988,54.0,54.0,205.0,530.0,60.0,115.333336,0.0,536.039,1604.0931,96.0,0.0,1.2825398,2.0,3,3,7
638.0,54.0,54.0,58045.44,1849.8242,60.0,1235.0394,2640.8877,654.2079,9561.89,442.16156,661.62537,1.25,13.735584,3,0,7
530.2421,54.0,54.0,11019.642,1997.1024,60.0,452.46106,3487.977,620.9466,466.8018,824.1602,287.228,1.2437986,19.0,3,3,7
1023.1351,54.0,54.0,434816.16,1842.2732,60.0,1285.7648,4055.4514,2268.0713,24970.55,310.3919,1569.4924,3.0470352,6.0,3,0,7
1263.249,54.0,54.0,1093741.1,1812.655,60.0,1296.0187,4648.691,4126.372,48421.824,263.26315,2245.3118,4.6662517,6.0,3,0,7
99.78649,79.7464,75.0,100.0,96.0,81.94726,95.98574,0.0,0.0,7729.8296,78.0,0.0,0.33333334,2.0,0,0,7
161.57777,75.376434,84.0,5908.0,110.460976,60.0,320.87405,0.0,0.0,24354.605,102.0,0.0,0.5,6.0,0,0,7
597.99,54.0,54.0,10348.842,79.377266,97.01412,473.34875,0.0,564.27203,352645.5,77.0,19.0,1.25,2.0,0,0,7
229.0,54.0,60.0,209.0,80.0,66.0,143.33333,0.0,0.0,28625.422,79.0,0.0,0.5,2.0,0,0,7
212.30466,54.0,54.0,209.0,76.0,113.0,127.0,0.0,0.0,34858.188,76.0,0.0,0.5,2.0,0,0,7
241.0,54.0,54.0,140.52483,1297.4443,60.0,96.0,46.285835,9.0,87.88255,188.81804,0.0,1.0,2.0,0,3,7
549.79596,54.0,54.0,5178.189,82.0,90.0,263.51483,0.0,558.8809,46633.527,78.0,0.0,1.3333334,2.0,0,0,7
330.75598,54.0,54.0,120.0,522.0,60.0,91.0,0.0,282.23392,279.46832,95.0,0.0,1.2,2.0,0,3,7
208.0,54.0,62.0,148.0,96.0,60.0,103.0,0.0,0.0,2938.1516,91.33627,0.0,0.5,2.0,0,0,7
741.87054,54.0,54.0,13125.037,1847.0,60.0,465.22427,2189.9993,1597.1383,1811.2358,305.22842,503.77264,6.3060055,6.0,5,3,7
1053.492,54.0,54.0,154119.44,1514.0,60.0,1261.3254,1249.6217,2782.971,71661.19,161.41812,826.8568,5.448111,3.0,3,2,7
100.0,89.0,85.92758,205.0,94.0,60.0,113.428345,0.0,0.0,10947.297,89.83449,0.0,0.5,3.0,0,0,7
345.34622,54.0,54.0,7800.115,1453.2545,60.0,476.70087,376.30365,99.39999,14121.466,224.93436,12.0,0.6666667,6.0,0,0,7
117.97221,94.0,77.0,180.0,95.0,74.0,121.39532,0.0,0.0,24970.775,80.0,0.0,0.5,2.0,0,0,7
438.26306,54.0,54.0,16164.408,1514.0,60.0,1197.6448,622.0351,519.2364,20805.422,253.80743,332.41663,1.0,6.0,0,0,7
376.77026,54.0,54.0,7614.321,95.0,60.0,479.22653,0.0,304.67545,122874.945,89.0,10.0,1.0,2.0,0,0,7
669.03754,54.0,54.0,13620.132,1847.0,60.0,577.13824,2151.057,684.32263,2945.7263,349.05032,493.59103,2.0342975,6.0,4,3,7
180.42331,54.0,72.0,5132.2236,1514.0,60.0,204.84816,312.58234,0.0,1094.0596,333.9641,0.0,0.5,18.0,0,0,7
208.5383,54.0,60.0,7415.598,95.48715,60.0,343.0047,0.0,0.0,34611.73,95.0,0.0,0.5,6.0,0,0,7
561.5656,54.0,54.0,33641.92,91.87756,63.42862,908.765,0.0,525.33154,352904.44,84.0,208.74466,1.1938043,5.0,0,0,7
180.21344,75.22141,80.45723,5076.994,87.18556,64.0,264.09213,0.0,0.0,47342.258,83.0,0.0,0.5,3.0,0,0,7
1394.7076,54.0,54.0,1563740.6,1813.9053,60.0,1321.9552,6113.208,5660.909,134725.75,259.69278,2731.3313,6.7168255,5.0,4,0,7
1394.8647,54.0,54.0,1482631.9,1822.8287,60.0,1317.4937,6114.3066,5686.1084,114472.21,261.398,2706.951,6.8225837,5.0,4,1,7
139.5503,91.0,79.0,205.0,94.0,63.13644,134.66667,0.0,0.0,24207.473,82.058075,0.0,0.5,2.0,0,0,7
650.93274,54.0,54.0,10165.712,611.3204,60.0,632.0887,397.77536,650.18195,29228.062,102.0,208.37183,1.4282938,2.0,3,0,7
100.46914,58.933132,77.54876,0.0,100.81473,68.333336,96.646774,0.0,0.0,183.10481,81.008354,0.0,0.11219659,2.0,0,0,7
334.73575,54.0,54.0,5840.0225,84.0,66.0,313.63345,0.0,0.0,72075.84,81.64637,0.0,0.8,2.0,0,0,7
656.901,54.0,54.0,20376.18,1514.0,60.0,1243.935,1246.795,657.1141,22384.135,244.44894,606.33673,1.2688069,5.0,3,0,7
265.26086,54.0,54.0,3921.994,1514.0,60.0,203.37593,299.1352,0.0,1715.2665,242.27748,0.0,0.6666667,6.0,0,0,7
344.91583,54.0,54.0,196.0,92.0,60.0,111.666664,0.0,176.7217,4937.3315,84.0,0.0,1.2,2.0,0,2,7
134.46721,84.0,79.0,205.0,89.0,74.0,117.49169,0.0,0.0,19804.246,81.49615,0.0,0.5,2.0,0,0,7
93.0,79.18463,82.0,111.895615,89.0,74.0,89.0,0.0,0.0,2047.2665,86.11192,0.0,0.5,2.0,0,0,7
94.871376,66.0,77.0,93.37572,96.0,74.441246,95.55075,0.0,0.0,2755.7705,80.743286,0.0,0.1974364,2.0,0,0,7
370.80383,54.0,54.0,7078.2583,374.0,60.0,259.54425,0.0,497.357,16126.393,91.0,1.0,1.2123723,3.0,0,0,7
657.3552,54.0,54.0,31098.852,1879.777,60.0,946.64825,4248.1704,684.23224,3554.5566,505.16666,661.45844,1.6359621,14.0,4,3,7
347.52942,54.0,54.0,247.3014,1458.6102,60.0,134.33333,239.38542,466.97797,989.42566,196.70236,0.0,1.2,3.0,3,3,7
498.6791,54.0,54.0,353.35767,361.94614,60.0,134.99141,0.0,575.4185,6194.9243,89.0,0.0,1.4324559,2.0,3,3,7
208.31119,54.0,74.0,7909.829,400.0,60.0,431.0975,0.0,0.0,34586.844,122.004906,0.0,0.5,9.0,0,0,7
78.39563,66.0,82.0,98.14312,95.0,66.0,94.0,0.0,0.0,1016.7217,89.0,0.0,0.5,2.0,0,0,7
196.0,54.0,54.0,128.33936,75.0,133.88159,83.11025,0.0,0.0,9674.807,75.0,0.0,0.6666667,2.0,0,0,7
365.07144,54.0,54.0,10736.105,1514.0,60.0,655.42706,543.2569,366.64392,14033.838,247.04118,127.42637,0.8333333,6.0,0,0,7
99.0,73.51354,84.0,113.0,294.05237,60.0,79.0,0.0,0.0,186.7878,110.93222,0.0,0.5,3.0,0,0,7
295.69232,54.0,54.0,188.0,483.21545,60.0,106.15172,0.0,56.147804,1804.1521,95.0,0.0,1.1,2.0,0,2,7
195.70084,54.0,60.0,5220.1113,338.83243,60.0,236.43517,0.0,0.0,15028.021,108.24411,0.0,0.5,6.0,0,0,7
559.1766,54.0,54.0,8091.199,1842.652,60.0,506.10764,1286.1062,613.9449,2628.565,408.28683,190.71515,1.2,6.0,3,2,7
603.0,54.0,54.0,206.0,530.2562,60.0,133.33333,112.77238,645.11633,2458.4187,94.0,0.0,2.2161918,2.0,3,3,7
602.0036,54.0,54.0,8890.358,94.0,60.0,486.76477,0.0,595.62933,136384.19,83.85284,51.667698,1.25,2.0,0,0,7
154.61922,81.25875,78.0,148.0,81.0,74.81221,102.586845,0.0,0.0,14663.337,79.0,0.0,0.5,2.0,0,0,7
204.0,66.0,74.0,205.0,82.0,64.0,123.309105,0.0,0.0,15924.524,82.0,0.0,0.5,2.0,0,0,7
305.1944,54.0,54.0,10169.471,91.0,60.0,458.2567,0.0,0.0,168458.31,89.0,5.0,0.5,5.0,0,0,7
514.90826,54.0,54.0,20101.773,1846.4525,60.0,1159.9685,1741.0802,564.5649,7698.601,474.649,487.96524,1.0833334,18.0,0,0,7
339.66852,54.0,54.0,179.0,82.0,74.0,105.88096,0.0,98.447975,9179.54,79.0,0.0,1.1666666,2.0,0,0,7
229.13193,54.0,54.0,120.0,63.746147,167.29126,83.333336,0.0,0.0,18737.719,62.0,0.0,1.0634612,0.0,0,0,7
365.07144,54.0,54.0,11120.801,522.0,60.0,479.4771,111.901024,284.85022,38648.03,101.00581,19.91462,1.0,5.0,0,0,7
1257.0217,54.0,54.0,130628.85,1788.0,60.0,1267.627,2970.5608,4440.0483,24004.756,241.37282,955.8426,6.421958,4.0,4,2,7
345.33334,54.0,54.0,4980.8735,87.08071,74.0,168.3139,0.0,90.28552,23091.521,81.0,0.0,1.1,2.0,0,0,7
148.04942,89.0,83.74568,195.53174,91.0,60.0,132.0,0.0,0.0,15975.387,88.83815,0.0,0.5,2.0,0,0,7
226.0,54.0,73.0,5097.4775,617.0,60.0,311.49335,20.279541,0.0,9598.269,177.35806,0.0,0.5,5.0,0,0,7
148.2858,89.0,77.805244,205.04237,89.0,74.0,134.66667,0.0,0.0,34785.703,79.99549,0.0,0.5,2.0,0,0,7
90.0,66.0,78.0,95.732445,95.80627,76.92848,95.0,0.0,0.0,2094.6597,82.0,0.0,0.33333334,2.0,0,0,7
603.0,54.0,54.0,11117.03,1516.1963,60.0,895.5717,962.3928,625.25903,11369.474,261.30417,380.0,1.2,5.0,0,0,7
129.31238,65.714134,75.0,90.0,89.0,90.8756,89.0,0.0,0.0,2649.9753,77.0,0.0,0.5,2.0,0,0,7
136.12404,54.0,76.0,4506.4946,488.0,60.0,134.66667,0.0,0.0,6159.4033,138.77242,0.0,0.5,11.0,0,0,7
651.94617,54.0,54.0,287488.0,1192.0,60.0,1265.3375,544.6249,635.41754,218896.92,138.9736,669.1271,1.235292,6.0,0,0,7
602.7593,54.0,54.0,16029.257,1192.0,60.0,919.8908,471.20203,602.47284,37958.797,143.6,301.33643,1.2,4.0,0,0,7
1114.225,54.0,54.0,393239.44,1788.0,60.0,1282.6078,3086.5967,3997.9714,34554.434,244.7467,1478.1276,4.6603794,6.0,4,2,7
267.52002,54.0,60.0,7236.0,1578.2175,60.0,431.637,543.63513,0.0,3674.5947,369.26004,8.0,0.5,12.0,0,0,7
346.74658,54.0,54.0,20527.445,1514.0,60.0,1151.385,525.27155,49.122837,27142.744,246.42491,199.0,0.5,17.544147,0,0,7
209.0,62.0,75.0,1135.3967,94.0,60.0,261.87253,0.0,0.0,20915.186,92.62038,0.0,0.5,3.0,0,0,7
363.1372,54.0,54.0,7823.4644,522.0,60.0,426.64108,83.97442,292.2294,25904.24,97.17793,10.0,1.0596325,4.0,0,0,7
103.0,95.33592,77.46013,187.9407,99.63056,67.64608,132.0,0.0,0.0,28632.35,81.0,0.0,0.15076113,2.0,0,0,7
637.5091,54.0,54.0,16601.76,1292.0,60.0,546.7442,489.27856,645.1477,20996.34,123.175735,377.0307,1.6051095,5.0,3,2,7
345.6737,54.0,54.0,7649.837,1770.6465,60.0,342.66577,577.187,289.37775,2024.0801,316.36093,11.0,1.0,13.0,0,0,7
367.86017,54.0,54.0,7416.095,1514.0,60.0,384.36597,577.483,518.7524,2871.87,263.23474,17.0,1.1538461,6.0,0,0,7
526.50354,54.0,54.0,5522.776,1397.4235,60.0,342.10562,413.63486,594.0446,5666.778,162.51215,10.135888,1.2307693,2.0,3,2,7
137.0,89.0,82.0,205.0,92.0,60.0,132.0,0.0,0.0,18195.227,86.5058,0.0,0.5,2.0,0,0,7
807.48083,54.0,54.0,16599.334,1845.0,60.0,872.6986,2385.6978,1633.9877,5193.7036,291.0913,657.36426,4.6610913,5.0,4,3,7
436.16354,54.0,54.0,5162.5903,89.0,74.0,238.04185,0.0,524.51624,27708.643,80.0,0.0,1.25,2.0,0,0,7
146.0,79.0,89.0,219.55247,103.00465,60.0,133.90634,0.0,0.0,7715.7046,102.0,0.0,0.5,3.0,0,0,7
674.0,54.0,54.0,298313.66,1808.0,60.0,1289.2075,2199.4792,672.14594,38100.043,332.69907,843.6559,1.2307693,10.0,0,0,7
228.78897,54.0,77.0,5908.0,1514.0,60.0,420.77084,348.21957,0.0,5895.123,263.6824,0.0,0.5,6.0,0,0,7
362.65442,54.0,54.0,241.0,91.0,60.0,152.53629,0.0,347.49738,16269.119,83.77333,0.0,1.1872048,2.0,0,0,7
488.03564,54.0,54.0,7599.3125,1853.2988,60.0,426.4976,1286.8779,595.1297,1051.8208,471.94843,129.00272,1.2,7.4804816,3,2,7
305.13828,54.0,54.0,229.0,77.29928,99.77919,135.66667,0.0,0.0,39092.133,76.0,0.0,1.0,2.0,0,0,7
1037.7938,54.0,54.0,138087.89,1842.9628,60.0,1252.9564,3647.2183,4020.0508,15524.136,279.2788,876.7155,6.168148,6.0,4,3,7
172.20363,77.25634,71.91233,103.611496,74.0,133.7475,82.0,0.0,0.0,10864.549,74.0,0.0,0.5,1.0,0,0,7
314.18652,54.0,54.0,2011.2646,75.0,111.16763,263.3114,0.0,0.0,218920.81,74.0,0.0,0.6666667,2.0,0,0,7
638.0,54.0,54.0,7413.8193,1514.0,60.0,331.4865,686.40717,674.7395,2128.0906,224.85632,130.35648,2.3674393,3.0,4,3,7
90.162285,79.333336,78.0,108.0,95.0,90.0,94.0,0.0,0.0,4132.853,81.0,0.0,0.5,2.0,0,0,7
325.92563,54.0,60.0,8470.466,1292.0,60.0,604.2797,278.9252,0.0,21451.076,215.79355,11.0,0.5,6.0,0,0,7
550.234,54.0,54.0,5908.0,96.0,60.0,328.8304,0.0,569.65765,24326.244,86.38215,7.0,1.2694674,2.0,0,0,7
294.08673,54.0,54.0,3913.8286,80.0,74.0,264.13608,0.0,0.0,75479.04,79.07454,0.0,0.6666667,2.0,0,0,7
319.0,54.0,54.0,7316.2373,610.0319,60.0,344.56442,118.86771,0.0,13591.12,147.0,1.0,0.6666667,6.0,0,0,7
337.27823,54.0,54.0,7812.2036,84.0,66.693016,421.50256,0.0,0.0,189120.05,82.0,0.0,0.6666667,3.0,0,0,7
268.0,54.0,54.0,194.37915,1229.5795,60.0,131.39977,81.527794,2.7784798,1075.2102,165.13766,0.0,0.8333333,2.0,0,0,7
603.32574,54.0,54.0,9741.179,1877.9211,60.0,414.81818,2181.9075,653.7408,590.2299,474.65848,270.58768,1.5523233,10.0,4,3,7
329.0626,54.0,54.0,206.0,66.0,169.2256,113.95005,0.0,0.0,74319.766,66.0,0.0,1.1300566,2.0,0,0,7
483.38046,54.0,54.0,7181.1685,488.0,60.0,424.67065,85.817955,524.1773,25064.03,95.0,10.0,1.1875,2.0,0,0,7
229.0,54.0,58.434433,20418.709,529.0,60.0,694.93823,82.0748,0.0,122822.26,145.40341,16.190039,0.5,24.752047,0,0,7
566.0922,54.0,54.0,238.31018,588.0602,60.0,135.35214,130.31004,625.172,2733.5374,96.0,0.0,1.706895,2.0,3,3,7
82.4085,83.333336,81.0,131.45715,95.0,74.0,92.0,0.0,0.0,4339.863,85.927185,0.0,0.33333334,2.0,0,0,7
342.34177,54.0,54.0,251.0,488.0,60.0,132.58821,0.0,112.39381,4738.6455,95.0,0.0,1.1203908,2.0,0,2,7
171.76978,89.0,74.0,205.0,89.0,98.52988,134.66667,0.0,0.0,99705.25,76.0,0.0,0.5,2.0,0,0,7
98.08502,82.0,78.0,120.0,89.0,93.0,89.0,0.0,0.0,4937.326,80.78545,0.0,0.5,2.0,0,0,7
208.0,54.0,54.0,228.40729,499.08688,60.0,132.0,0.0,0.0,4346.8066,111.069756,0.0,0.5,3.0,0,0,7
263.7033,54.0,54.0,205.0,74.0,119.92534,135.63756,0.0,0.0,128014.72,72.73952,0.0,0.6666667,2.0,0,0,7
619.35815,54.0,54.0,11225.54,1310.6704,60.0,741.0817,524.7593,633.1479,22533.125,159.52716,241.0,1.25,3.0,0,0,7
936.5986,54.0,54.0,323129.5,1877.0,60.0,1279.8376,6112.1504,1681.9692,16896.754,430.87662,1400.111,2.29791,10.0,3,2,7
118.87454,75.0,82.0,120.0,1292.0,60.0,82.333336,0.0,0.0,52.267445,237.6885,0.0,0.5,3.0,0,0,7
594.97656,54.0,54.0,20918.611,84.0,74.0,905.4868,0.0,547.22546,444326.5,80.0,178.73824,1.2,3.0,0,0,7
363.65598,54.0,54.0,266192.16,1835.5924,60.0,1274.9618,1414.792,276.90872,22817.93,524.7893,610.35754,0.5,1009.0547,0,0,7
226.0,54.0,54.0,229.0,1292.0,60.0,127.38018,76.07709,0.0,1095.8793,199.47377,0.0,0.6666667,5.0,0,0,7
585.41235,54.0,54.0,5229.999,95.0,62.945374,250.97343,0.0,602.3845,19391.402,82.0,3.0,1.5232346,2.0,3,2,7
182.0,62.0,62.0,169.0,81.0,74.0,102.333336,0.0,0.0,10308.162,80.666046,0.0,0.5,2.0,0,0,7
421.92334,54.0,54.0,17639.93,1817.0708,60.0,706.5239,1277.121,540.2539,5747.222,422.15378,387.1032,1.0909091,20.468493,0,0,7
947.83185,54.0,54.0,1218682.2,1310.806,60.0,1288.8633,821.1785,813.14874,286849.25,141.01492,902.4509,1.9886203,5.0,3,0,7
660.52814,54.0,54.0,270167.66,1845.7909,60.0,1279.9672,3503.4946,660.96344,21071.77,422.34204,814.7656,1.25,14.0,3,0,7
242.29842,54.0,60.0,15058.243,530.0,60.0,651.0143,107.63327,0.0,59174.105,151.73201,11.0,0.5,13.0,0,0,7
680.81396,54.0,54.0,37963.94,1514.0,60.0,1134.2758,681.7546,683.24,27459.238,163.16582,584.2348,1.8333334,5.0,3,1,7
727.2497,54.0,54.0,7656.0,1514.0,60.0,392.49356,962.9784,705.20154,2953.8662,217.65926,236.95554,6.147223,3.0,5,3,7
149.83228,62.0,76.0,161.1013,530.0,60.0,97.0,0.0,0.0,710.6787,145.3645,0.0,0.5,3.0,0,0,7
141.74658,84.5516,75.0,133.56206,83.0,100.107056,94.0,0.0,0.0,16247.024,76.87224,0.0,0.5,2.0,0,0,7
958.16376,54.0,54.0,289449.44,1877.535,60.0,1279.0339,6113.6104,1720.956,15016.992,447.95078,1392.2483,2.6445124,10.0,4,2,7
303.1893,54.0,54.0,10351.297,1192.0,60.0,512.02057,239.67906,0.0,20965.441,201.41765,11.0,0.5,9.219817,0,0,7
216.3194,54.0,54.0,227.0,532.0,60.0,109.70907,0.0,0.0,1247.2739,137.04149,0.0,0.6666667,5.0,0,2,7
226.0,54.0,62.0,7421.363,89.0,60.0,397.71033,0.0,0.0,115162.836,89.0,0.0,0.5,5.0,0,0,7
608.63525,54.0,54.0,8138.143,724.43536,60.0,617.0905,412.11295,625.57434,24115.441,122.8,148.39488,1.25,2.0,0,0,7
363.03918,54.0,54.0,4367.7866,78.0,74.0,332.4401,0.0,125.91457,196632.66,76.91543,0.0,1.0,2.0,0,0,7
99.22243,95.0,79.0,159.0,97.0,60.0,113.333336,0.0,0.0,16578.527,84.0,0.0,0.28612024,2.0,0,0,7
673.9339,54.0,54.0,10103.767,1845.0,60.0,417.78873,1811.9583,694.91656,1267.6432,288.25528,445.53998,4.6579957,5.0,5,3,7
134.79768,86.99271,78.0,150.55754,89.0,90.0,102.333336,0.0,0.0,15069.072,79.2559,0.0,0.5,2.0,0,0,7
180.7438,54.0,72.0,195.5435,1514.0,60.0,111.666664,257.85495,0.0,80.74526,334.07455,0.0,0.5,6.0,0,0,7
730.30963,54.0,54.0,14353.944,1792.1222,60.0,709.5913,1430.1482,703.1732,6157.33,258.63986,520.9012,2.9830089,5.0,4,3,7
177.84927,54.0,54.0,205.0,91.0,64.0,100.63259,0.0,0.0,4693.3975,89.0,0.0,0.5,3.0,0,0,7
729.63635,54.0,54.0,51413.38,1877.0,60.0,1219.7885,4404.7505,698.0425,5745.541,449.3875,742.7904,1.8685719,9.0,4,3,7
201.37892,54.0,54.0,134.61049,75.0,142.07773,82.30178,0.0,0.0,8345.353,75.0,0.0,0.6666667,2.0,0,0,7
815.0837,54.0,54.0,284072.12,1821.462,60.0,1290.514,3606.7256,701.6342,30338.635,335.66904,1015.9398,1.4615384,6.0,3,0,7
91.0,66.8,89.0,100.0,91.42605,60.0,89.0,0.0,0.0,475.33298,91.0,0.0,0.5,2.0,0,0,7
226.0,54.0,54.252472,205.0,82.0,66.0,132.0,0.0,0.0,18422.873,81.0,0.0,0.5,2.0,0,0,7
83.47228,87.39111,81.0,120.0,96.0,66.0,95.0,0.0,0.0,4499.1963,86.50299,0.0,0.31117332,2.0,0,0,7
134.70383,91.0,78.0,205.0,95.0,74.0,134.33333,0.0,0.0,28208.309,81.0,0.0,0.5,2.0,0,0,7
520.29346,54.0,54.0,5406.7524,91.0,60.0,297.79825,0.0,549.89307,29429.46,82.0,1.0,1.25,2.0,0,0,7
362.66342,54.0,54.0,205.0,84.0,74.0,117.333336,0.0,467.63422,11945.924,79.0,0.0,1.2222222,2.0,0,2,7
389.80917,54.0,54.0,223.02127,101.0,60.0,112.666664,0.0,544.52734,4346.777,84.0,0.0,1.4153411,2.0,3,3,7
209.0,54.0,54.0,110.09221,72.0,163.1558,66.8,0.0,0.0,8658.713,66.03595,0.0,1.0,1.0,0,0,7
229.28177,54.0,60.0,1790.2471,832.6605,60.0,261.70773,107.89247,0.0,5097.7144,191.91745,0.0,0.5,4.0,0,0,7
767.72656,54.0,54.0,21330.996,1514.0,60.0,1054.2561,963.1068,702.25055,20914.225,182.60481,625.2651,3.2560868,4.0,3,2,7
321.51236,54.0,54.0,138.0,74.0,116.06628,100.633316,0.0,0.0,20454.363,71.76092,0.0,1.1046352,0.0,0,0,7
171.54071,79.0,89.0,6866.2207,101.2341,60.0,387.8108,0.0,0.0,41708.305,95.0,0.0,0.5,6.0,0,0,7
141.0,54.0,60.0,148.0,273.99646,60.0,82.333336,0.0,0.0,598.4399,96.0,0.0,0.5,3.0,0,0,7
147.26648,75.0,84.0,5077.3604,304.40042,60.0,236.60394,0.0,0.0,15048.86,122.70355,0.0,0.5,6.0,0,0,7
209.0,54.0,60.0,3869.5305,1514.0,60.0,198.79305,261.92175,0.0,1438.7782,260.0362,0.0,0.5,8.0,0,0,7
671.5035,54.0,54.0,16487.402,1785.958,60.0,935.6667,1286.4982,683.3406,10788.436,259.82184,521.07556,1.6123344,5.0,3,2,7
603.0,54.0,54.0,13041.003,1514.0,60.0,602.43353,577.35803,627.24133,14013.336,215.4836,243.2537,1.264592,5.0,3,0,7
90.0,82.0,89.0,125.5572,530.0,60.0,82.0,0.0,0.0,109.6653,165.22285,0.0,0.5,5.0,0,0,7
221.65039,54.0,54.0,137.0,91.0,61.010937,85.33063,0.0,0.0,1499.1476,86.389366,0.0,1.0,2.0,0,2,7
590.3975,54.0,54.0,16072.783,1881.0,60.0,535.22894,3300.4568,634.3131,1105.6321,633.4223,473.95123,1.25,19.0,3,3,7
386.26367,54.0,54.0,226.0,72.83258,119.41141,212.01897,0.0,314.64282,211289.33,66.0,0.0,1.1955253,0.0,0,0,7
1121.73,54.0,54.0,125290.734,1847.0,60.0,1246.5405,4515.0894,4169.6606,12190.666,284.27014,887.337,6.7741737,6.0,5,3,7
218.76425,54.0,54.0,134.39124,66.0,156.29422,87.64721,0.0,0.0,18195.826,66.0,0.0,0.8731585,1.0,0,0,7
630.3667,54.0,54.0,11343.314,1842.7526,60.0,604.5298,1484.0753,654.2353,3638.4438,354.98633,453.19022,1.3450662,6.0,3,2,7
128.17015,91.313736,78.0,167.82271,94.0,74.0,113.333336,0.0,0.0,20120.443,80.72525,0.0,0.5,2.0,0,0,7
259.22403,54.0,54.0,149.14696,1514.0,60.0,104.176216,230.5738,55.857647,81.00187,243.00188,0.0,1.0,2.0,0,3,7
135.04329,79.0,89.0,5184.728,103.42015,60.0,261.65378,0.0,0.0,21382.727,95.0,0.0,0.5,7.9436765,0,0,7
227.54044,74.0,74.0,205.0,79.0,63.0,144.16566,0.0,0.0,30072.383,79.0,0.0,0.5,2.0,0,0,7
745.0687,54.0,54.0,166742.4,1810.2195,60.0,1260.983,2200.6929,692.9129,20844.94,280.80576,796.8652,1.7016996,7.0,3,0,7
1160.2241,54.0,54.0,620048.0,1845.0,60.0,1288.1797,5372.473,4096.813,25167.197,300.66788,1970.6078,5.4413185,6.0,4,2,7
362.5473,54.0,54.0,16388.549,1780.5264,60.0,1048.0059,771.36755,292.43286,13009.889,370.72794,213.81676,0.6666667,15.0,0,0,7
206.37119,75.0,78.0,246.24414,82.0,61.501602,200.01103,0.0,0.0,32149.074,82.0,0.0,0.5,2.0,0,0,7
373.35345,54.0,54.0,5540.5244,76.0,100.0,362.62778,0.0,263.84628,317058.53,74.0,0.0,1.095295,2.0,0,0,7
545.54504,54.0,54.0,4059.3389,1292.0,60.0,236.97057,299.57376,605.41315,3639.7805,138.0,4.0,1.3333334,2.0,3,3,7
111.77203,95.0,78.0,154.70042,95.0,74.0,112.333336,0.0,0.0,19050.586,81.0,0.0,0.5,2.0,0,0,7
268.94116,54.0,54.0,7666.2256,1782.4274,60.0,376.94998,553.20734,0.0,2265.696,385.54224,10.0,0.5821704,19.0,0,0,7
81.11019,61.166668,91.0,74.0,91.89984,60.0,89.0,0.0,0.0,87.67157,91.763855,0.0,0.5,2.0,0,0,7
727.85834,54.0,54.0,16052.0,1842.7397,60.0,663.32184,2138.102,698.04016,4346.643,310.1265,522.62646,2.9434202,5.0,4,3,7
76.48135,66.8,80.93283,99.35093,96.0,74.0,95.0,0.0,0.0,1760.489,86.0,0.0,0.29282895,2.0,0,0,7
1015.27966,54.0,54.0,90550.7,1688.0184,60.0,1250.762,1909.4756,2189.1482,22793.639,238.05615,791.4484,4.620353,5.0,4,2,7
292.53177,54.0,54.0,113.0,89.0,65.56197,82.0,0.0,68.28892,1235.9501,81.0,0.0,1.2,2.0,0,3,7
159.0,84.0,91.0,212.36049,100.48352,60.0,146.7497,0.0,0.0,11485.811,96.0,0.0,0.5,3.0,0,0,7
345.56818,54.0,54.0,7433.0146,84.0,74.0,388.52026,0.0,9.0,134321.62,82.0,0.0,0.8553322,3.0,0,0,7
98.0342,66.0,76.0,93.50594,99.38552,74.35057,96.0,0.0,0.0,3958.8318,79.0,0.0,0.1369324,2.0,0,0,7
347.52942,54.0,54.0,17554.912,1861.4312,60.0,1018.014,1305.2537,227.18404,5214.2397,722.7742,322.3001,0.5,210.7752,0,0,7
221.58307,54.0,54.0,182.0,77.0,99.36111,109.8428,0.0,0.0,20326.344,77.0,0.0,0.6,2.0,0,0,7
566.75867,54.0,54.0,7625.853,1814.2979,60.0,334.70148,1235.984,632.6361,973.1346,317.17065,119.10465,1.4031368,6.0,3,3,7
182.0,79.0,89.990395,5180.0,499.26074,60.0,380.73383,0.0,0.0,20810.361,146.61055,0.0,0.5,6.0,0,0,7
226.0,54.0,54.0,226.0,74.0,128.0597,134.66667,0.0,0.0,109817.37,74.0,0.0,0.5,2.0,0,0,7
226.0,54.0,54.0,182.0,89.0,64.0,100.0,0.0,0.0,4347.6255,86.0,0.0,0.75,2.0,0,0,7
228.70029,54.0,54.0,206.0,95.0,60.0,115.15091,0.0,0.0,5718.6206,89.0,0.0,0.75,2.0,0,0,7
650.6054,54.0,54.0,13522.2,1445.7979,60.0,545.5219,539.8889,654.58295,17386.227,147.0,353.82898,1.6955299,4.0,3,2,7
100.0,61.794704,77.0,89.68608,96.0,74.0,96.0,0.0,0.0,1741.0753,80.0,0.0,0.181755,2.0,0,0,7
226.0,54.0,54.0,206.0,75.0,128.18745,118.666664,0.0,0.0,31444.754,75.0,0.0,0.6666667,2.0,0,0,7
179.2926,54.0,54.0,90.0,66.0,171.0,61.563755,0.0,0.0,4870.768,66.0,0.0,0.8333333,0.0,0,0,7
362.56223,54.0,54.0,4369.8013,1514.0,60.0,140.35156,474.44394,517.9856,607.6185,239.67429,0.0,1.212557,5.0,3,3,7
113.0,79.0,89.0,198.71767,416.084,60.0,106.63513,0.0,0.0,2264.0208,138.0,0.0,0.5,5.0,0,0,7
635.0166,54.0,54.0,7167.868,1514.0,60.0,412.25378,694.0509,658.0016,3206.2695,240.38206,131.45782,1.6732554,3.0,3,3,7
229.0,54.0,54.0,182.0,77.0,99.0,112.333336,0.0,0.0,20766.373,76.0,0.0,0.7428439,2.0,0,0,7
352.64743,54.0,54.0,7363.5674,1876.7457,60.0,341.9032,1286.1062,500.25458,270.83472,617.68164,20.0,1.0833334,15.0,3,2,7
347.83746,54.0,54.0,824.8023,793.18774,60.0,141.10649,124.85942,396.1186,2954.678,138.93562,0.0,1.1818181,3.0,0,2,7
136.3956,91.0,89.0,225.10936,95.0,60.0,146.33472,0.0,0.0,18418.965,92.0,0.0,0.5,3.0,0,0,7
99.0,64.9087,78.0,93.0,95.0,74.0,95.0,0.0,0.0,1099.3552,82.0,0.0,0.33333334,2.0,0,0,7
204.0,74.0,76.0,4011.4358,79.616135,90.0,252.16458,0.0,0.0,125727.97,78.0,0.0,0.5,2.0,0,0,7
146.0,81.0,79.0,148.1167,82.0,74.0,100.54832,0.0,0.0,10606.892,81.0,0.0,0.5,2.0,0,0,7
113.0,95.0,78.0,205.0,96.0,64.0,134.33333,0.0,0.0,25906.951,82.0,0.0,0.33333334,2.0,0,0,7
344.77945,54.0,60.0,17015.78,1781.2843,60.0,1219.2126,748.5885,11.785113,16869.814,428.9548,209.00545,0.5,39.406685,0,0,7
226.0,54.0,54.0,162.8014,1459.0619,60.0,99.180626,91.19698,0.0,89.33856,216.96555,0.0,0.83716387,3.0,0,2,7
652.3184,54.0,54.0,902817.4,1880.8187,58.212936,1291.247,6112.7534,653.77795,19042.957,735.4633,931.2186,1.2,111.77104,3,0,7
149.9031,66.0,77.0,267.50317,92.39896,60.0,132.0,0.0,0.0,12071.504,91.0,0.0,0.5,5.0,0,0,7
206.0,54.0,66.0,208.0,213.7047,60.0,132.40459,0.0,0.0,6105.0107,96.0,0.0,0.5,2.0,0,0,7
204.0,54.0,62.0,5076.4507,1292.0,60.0,233.18608,82.06667,0.0,4347.468,217.65567,0.0,0.5,7.7904754,0,0,7
92.59152,66.0,79.0,93.0,86.52713,91.0,87.0,0.0,0.0,1033.972,81.48925,0.0,0.5,2.0,0,0,7
1297.7766,54.0,54.0,955675.4,1514.0,60.0,1288.8079,2189.5635,4131.665,112324.08,217.65475,1955.3092,6.2121015,5.0,4,1,7
367.44516,54.0,54.0,4294.5845,82.0,74.0,263.86786,0.0,368.4711,46152.766,79.0,0.0,1.1818181,2.0,0,0,7
597.41833,54.0,54.0,43381.414,1514.0,60.0,1222.9266,900.84045,598.4383,21695.205,257.37296,499.26407,1.1818181,10.0,0,0,7
141.16475,77.0,81.0,149.72481,96.0,60.0,97.0,0.0,0.0,2312.702,95.0875,0.0,0.5,2.0,0,0,7
208.42125,54.0,78.0,9506.147,617.0,60.0,480.2707,109.46142,0.0,24201.701,208.73956,3.0,0.5,14.0,0,0,7
111.24004,94.0,78.0,203.36943,95.0,74.0,125.45458,0.0,0.0,22815.852,82.0,0.0,0.33333334,2.0,0,0,7
386.24426,54.0,54.0,5075.434,1514.0,60.0,207.25996,418.20148,545.13776,1805.0653,203.29231,1.0,1.2307693,3.0,3,3,7
815.44495,54.0,54.0,571370.8,1788.9176,60.0,1288.4236,2364.178,699.3826,43726.35,264.80588,1070.5515,1.5951121,8.0,3,0,7
179.47444,66.0,75.0,150.0,96.0,60.0,103.0,0.0,0.0,2951.2314,94.21637,0.0,0.5,2.0,0,0,7
206.0,74.0,60.917553,148.0,74.0,129.83513,102.333336,0.0,0.0,24767.486,74.0,0.0,0.5,2.0,0,0,7
358.4317,54.0,54.0,12823.041,464.8187,60.0,663.4475,86.27238,101.99751,123030.88,100.88424,28.471443,0.6666667,5.0,0,0,7
352.26273,54.0,54.0,5863.3306,1514.0,60.0,263.4915,364.93478,455.3843,3142.512,215.96027,4.0,1.1428572,5.0,0,2,7
603.0,54.0,54.0,144200.34,1514.0,60.0,1254.8855,676.9233,601.7552,74323.375,219.4974,612.1238,1.1818181,10.0,0,0,7
94.0,66.160645,77.0,95.472664,96.0,76.565544,95.13087,0.0,0.0,3238.2544,80.746284,0.0,0.2868427,2.0,0,0,7
414.94788,54.0,54.0,5216.586,91.356735,60.0,383.5524,0.0,497.14938,41281.664,84.74276,0.001032412,1.1538461,2.0,0,0,7
598.341,54.0,54.0,241.0,1514.0,60.0,140.86884,522.5941,648.0599,525.49023,207.28197,1.0,1.8333334,2.0,3,3,7
229.0,54.0,54.0,5411.5737,91.0,60.0,275.61987,0.0,0.0,27552.055,89.0,0.0,0.5,3.0,0,0,7
297.65265,54.0,54.0,180.68097,62.0,171.0,112.593094,0.0,0.0,126695.94,62.0,0.0,1.0,0.0,0,0,7
103.59831,80.82965,77.0,120.0,89.0,96.950485,89.0,0.0,0.0,5798.3438,78.74306,0.0,0.5,2.0,0,0,7
172.84026,76.0,80.1718,822.101,87.2514,63.911396,177.11612,0.0,0.0,27696.934,83.07198,0.0,0.5,3.0,0,0,7
584.43317,54.0,54.0,7413.412,273.45084,60.0,419.1003,3.5786884,594.0358,33318.68,89.0,12.0,1.25,2.0,0,0,7
565.44165,54.0,54.0,16518.49,95.0,60.0,689.84406,0.0,544.7659,227749.47,87.407684,148.61736,1.2,3.0,0,0,7
628.9151,54.0,54.0,18139.902,621.19885,60.0,929.427,445.1878,628.492,60005.1,112.92018,437.81265,1.25,4.0,0,0,7
397.61835,54.0,54.0,500.95883,530.0,60.0,256.99905,84.255615,522.83966,8167.251,99.42754,0.0,1.2,2.0,0,0,7
179.0,54.0,54.0,133.09328,80.0,99.0,80.34602,0.0,0.0,3505.518,79.0,0.0,0.65914476,2.0,0,0,7
351.02628,54.0,54.0,226.0,1311.8851,60.0,123.75827,191.3512,496.82114,620.6809,162.50183,0.0,1.2142857,2.0,3,3,7
624.963,54.0,54.0,7929.5386,1514.0,60.0,451.2455,767.62366,651.45575,4286.89,242.95367,196.1976,1.4802481,5.0,3,3,7
319.0,54.0,60.0,16577.775,1514.0,60.0,1134.9885,511.17953,0.0,24754.773,260.85086,131.21022,0.5,16.721403,0,0,7
162.41277,86.8262,91.0,225.71347,94.0,60.0,168.89342,0.0,0.0,17256.715,91.0,0.0,0.5,2.0,0,0,7
209.0,54.0,66.0,15071.609,273.64893,60.0,529.41,0.0,0.0,126384.87,110.34592,5.0,0.5,14.0,0,0,7
234.26282,54.70137,60.0,226.0,72.0,134.3842,151.23366,0.0,0.0,204404.48,71.601616,0.0,0.5,2.0,0,0,7
226.0,54.0,54.0,5994.6943,82.0,74.0,297.94226,0.0,0.0,120877.76,82.0,0.0,0.5,3.0,0,0,7
386.2568,54.0,54.0,1592.5436,522.0,60.0,284.81537,8.022924,506.91544,11553.824,95.39682,0.0,1.1875,2.0,0,0,7
326.40985,54.0,54.0,120.0,1192.0,60.0,92.333336,0.0,291.46005,87.61865,143.5629,0.0,1.2,2.0,0,3,7
362.89066,54.0,54.0,7413.9,94.0,60.0,442.83145,0.0,190.80005,82737.99,89.0,5.0228095,1.0,2.0,0,0,7
820.8483,54.0,54.0,137420.78,1877.0,60.0,1252.8425,5602.1143,1604.0938,10369.954,423.62427,851.8487,2.767996,9.0,4,2,7
252.95158,54.0,54.0,179.99106,78.0,91.13248,115.16879,0.0,0.0,20632.506,77.0,0.0,0.8333333,2.0,0,0,7
428.02658,54.0,54.0,9851.468,102.0,60.0,443.20078,0.0,506.9057,56737.293,89.0,13.0,1.2,3.0,0,0,7
973.2904,54.0,54.0,67574.82,1806.1572,60.0,1223.5137,2186.4858,2420.057,14406.46,248.98062,768.34283,6.024082,5.0,4,3,7
268.0,54.0,54.0,188.0,581.0,60.0,113.333336,0.0,8.652354,1093.3363,134.99812,0.0,1.0,2.0,0,2,7
178.77238,75.0,82.0,7450.973,89.0,63.0,387.33087,0.0,0.0,134388.31,85.964035,0.0,0.5,6.0,0,0,7
161.01111,54.0,60.0,103.83573,82.0,74.0,67.141884,0.0,0.0,1401.1685,81.0,0.0,0.5,2.0,0,0,7
319.1811,54.0,54.0,5854.0,85.173004,74.0,261.81497,0.0,0.0,38442.094,82.0,0.0,0.875,2.0,0,0,7
442.60806,54.0,54.0,14606.718,1755.2664,60.0,1166.34,903.9687,528.49286,13925.272,331.75433,339.67657,1.0,7.8884087,0,0,7
730.49475,54.0,54.0,125485.94,1788.0586,60.0,1254.4789,2069.8733,692.0888,20908.35,263.04535,765.65326,1.6930078,6.0,3,0,7
598.80457,54.0,54.0,11327.15,1883.681,60.0,471.62885,3505.531,644.60645,721.0582,634.8844,433.2038,1.3333334,14.0,3,3,7
266.5012,54.0,54.0,5215.929,78.0,100.0,275.62766,0.0,0.0,182999.06,78.0,0.0,0.6,2.0,0,0,7
400.15765,54.0,54.0,7556.238,78.0,100.0,395.78616,0.0,353.99167,299974.38,76.0,1.0,1.1666666,2.0,0,0,7
626.6789,54.0,54.0,5020.7983,1514.0,60.0,235.55386,517.80023,659.3164,1768.743,161.93176,11.0,2.3660026,2.0,4,3,7
208.0,54.0,63.65577,206.0,1791.4347,60.0,134.33333,480.37625,0.0,86.916336,451.56152,0.0,0.5,6.0,0,0,7
206.0,74.0,77.0,229.0,83.44077,60.0,165.33124,0.0,0.0,25260.916,82.0,0.0,0.5,2.0,0,0,7
119.24259,78.0,87.71042,103.17616,1292.0,60.0,81.03436,0.0,0.0,46.828938,237.56316,0.0,0.5,3.0,0,0,7
121.0,66.0,71.62271,99.24496,82.0,74.85927,74.0,0.0,0.0,905.4665,82.0,0.0,0.5,2.0,0,0,7
93.92151,89.0,95.0,132.0,99.5115,60.0,91.0,0.0,0.0,1588.328,95.0,0.0,0.5,3.0,0,0,7
100.0,91.0,84.0,169.0,95.0,60.0,104.680405,0.0,0.0,8669.368,89.0,0.0,0.5,2.0,0,0,7
632.6997,54.0,54.0,14544.987,528.09937,60.0,900.925,276.19418,627.07874,121688.07,95.0,240.67075,1.25,2.9884818,0,0,7
149.25648,63.0,62.0,93.60521,93.39543,60.0,66.0,0.0,0.0,186.57245,89.0,0.0,0.5,2.0,0,1,7
178.66023,80.99145,79.0,1213.1964,84.0,74.0,250.42459,0.0,0.0,75397.61,82.0,0.0,0.5,3.0,0,0,7
147.0,54.0,60.0,108.0,77.49277,118.279755,66.0,0.0,0.0,3046.6052,77.234825,0.0,0.5,2.0,0,0,7
328.302,54.0,54.0,295.7913,1514.0,60.0,136.41287,414.09543,225.12938,518.8304,244.78745,0.0,1.0625,5.0,0,2,7
291.513,54.0,54.0,7414.0,1292.2799,60.0,423.45035,268.339,0.0,12074.727,218.47897,5.454174,0.5,6.0,0,0,7
172.63547,54.0,62.0,226.0,627.2962,60.0,117.39683,0.0,0.0,1380.5386,183.87366,0.0,0.5,5.0,0,0,7
426.04077,54.0,54.0,13283.016,1885.4418,60.0,663.1543,3215.7156,562.9767,1593.6681,944.0759,393.8152,1.1,34.31611,3,0,7
1369.5626,54.0,54.0,1495913.2,1842.668,60.0,1321.335,6113.381,4853.3643,116322.97,286.2937,2647.768,5.391238,6.0,3,0,7
290.2359,54.0,54.0,9472.851,688.0223,60.0,525.9247,174.90945,0.0,23322.27,186.60643,10.0,0.5,7.0,0,0,7
1044.9817,54.0,54.0,358648.62,1514.0,60.0,1281.522,1233.7433,1705.1534,184913.73,147.0,883.6714,3.5920131,4.0,3,0,7
344.84216,54.0,54.0,4471.7036,1429.0619,60.0,250.57738,260.4965,180.15578,3246.7556,204.17165,0.0,1.0,3.7570753,0,0,7
206.0,54.635708,54.0,108.0,62.0,179.17073,79.624275,0.0,0.0,21254.863,62.0,0.0,0.6666667,0.0,0,0,7
191.4199,80.0,62.0,137.0,74.0,149.69691,98.96684,0.0,0.0,38940.094,66.0,0.0,0.5,1.0,0,0,7
95.099266,69.81869,91.0,100.0,94.99049,60.0,89.0,0.0,0.0,541.85614,92.74312,0.0,0.5,2.0,0,0,7
1006.67065,54.0,54.0,235567.75,1789.9769,60.0,1272.1328,2424.872,1697.5138,25084.664,255.35864,887.7921,3.2805314,6.0,3,2,7
270.15833,54.0,54.0,300.68533,89.0,66.0,134.66667,0.0,0.0,15358.8955,84.0,0.0,1.0,2.0,0,0,7
312.34033,54.0,54.0,226.0,1514.0,60.0,132.0,244.45197,111.29545,560.13696,221.29703,0.0,1.0625,3.0,0,2,7
344.80334,54.0,54.0,227.0,91.0,60.0,136.0,0.0,97.801155,14653.497,84.0,0.0,1.0674706,2.0,0,0,7
90.0,66.8,78.0,100.0,95.0,79.16268,95.0,0.0,0.0,2732.0098,82.0,0.0,0.38398075,2.0,0,0,7
412.30557,54.0,54.0,175277.28,1514.0,60.0,1252.4926,548.4614,473.7444,97873.734,238.01886,494.02258,0.7984291,19.441343,0,0,7
94.56043,96.0,76.0,146.29974,99.96279,74.136284,104.333336,0.0,0.0,19743.842,79.0,0.0,0.16203853,2.0,0,0,7
603.0,54.0,54.0,12765.54,1854.2518,60.0,473.06076,1963.7617,644.9742,1825.1292,422.19858,416.1649,1.3765075,11.959474,3,3,7
177.0,54.0,62.0,267.11734,1514.0,60.0,131.92398,112.20867,0.0,664.2936,245.03136,0.0,0.5,8.0,0,0,7
191.20926,54.0,60.0,353.99652,1514.0,60.0,134.66667,184.90509,0.0,620.3621,260.17688,0.0,0.5,9.0,0,0,7
250.32072,54.0,54.0,432.2228,80.0,88.473335,154.46928,0.0,0.0,33191.668,79.0,0.0,0.6666667,2.0,0,0,7
179.33801,54.0,74.0,7175.8164,530.0,60.0,297.6868,0.0,0.0,13309.659,163.58333,0.0,0.5,13.0,0,0,7
89.88266,66.0,80.0,100.0,91.0,74.82228,89.0,0.0,0.0,1750.6597,83.0,0.0,0.5,2.0,0,0,7
356.08084,54.0,54.0,7823.453,1292.0,60.0,455.59366,326.23495,278.42422,14813.508,199.24947,12.0,1.0,6.0,0,0,7
321.29544,54.0,54.0,4937.0195,81.0,74.0,252.95975,0.0,0.0,54982.22,79.0,0.0,0.83197844,2.0,0,0,7
729.63635,54.0,54.0,16086.397,1743.6428,60.0,663.3502,1273.613,698.32367,8811.005,239.8652,513.52246,3.3129432,5.0,4,3,7
304.1211,54.0,54.0,478.66745,1514.0,60.0,213.2091,308.0165,55.56551,1640.506,240.60565,0.0,0.8127501,4.0,0,0,7
776.0482,54.0,54.0,25222.633,1846.8276,60.0,1128.5828,3287.9314,1594.2445,6483.864,330.6198,702.89325,3.3709285,6.0,4,3,7
501.93674,54.0,54.0,7597.994,89.0,60.0,472.982,0.0,506.98328,181412.1,82.0,11.0,1.1666666,2.0,0,0,7
347.52942,54.0,54.0,226.0,1292.0,60.0,132.0,126.25024,420.76453,1227.1211,147.0,0.0,1.2,2.0,0,2,7
137.90614,61.166668,75.0,61.23933,82.0,89.91806,88.64677,0.0,0.0,1014.9034,76.96233,0.0,0.5,2.0,0,0,7
208.22179,54.0,54.0,182.0,1514.0,60.0,102.55969,136.09691,0.0,87.50228,243.12991,0.0,0.6666667,4.0,0,2,7
1016.905,54.0,54.0,32267.068,1753.8694,60.0,1237.3966,1855.3464,2890.6663,18239.344,238.78383,752.35944,5.789471,3.0,4,3,7
196.0,54.0,60.0,197.49777,1514.0,60.0,110.52515,261.20386,0.0,81.88198,310.84332,0.0,0.5,5.0,0,0,7
436.8317,54.0,54.0,5076.412,78.0,93.0,338.41934,0.0,496.7904,209318.17,75.0,0.0,1.2,2.0,0,0,7
209.0,54.0,74.80464,7081.2437,343.36642,60.0,383.4292,0.0,0.0,25087.316,111.52485,0.0,0.5,6.0,0,0,7
74.0,66.0,83.0,93.34603,95.0,70.88618,94.0,0.0,0.0,557.37604,89.0,0.0,0.33333334,2.0,0,0,7
540.89197,54.0,54.0,7356.338,84.37268,74.0,342.89627,0.0,547.505,109074.99,79.0,8.0,1.25,2.0,0,0,7
226.0,54.0,60.0,8112.304,1784.8834,60.0,414.81818,547.17523,0.0,2952.1978,445.93823,8.552393,0.5,114.61123,0,0,7
76.10531,70.14819,85.07427,120.0,95.0,66.0,91.0,0.0,0.0,1521.2931,90.60637,0.0,0.24025893,3.0,0,0,7
385.68823,54.0,54.0,11120.841,1514.0,60.0,708.43384,523.1093,492.00342,18455.656,238.22234,134.2608,1.0,6.0,0,0,7
166.56601,77.62891,89.0,7027.8687,291.02664,60.0,361.39136,0.0,0.0,25457.27,122.8,0.0,0.5,8.0,0,0,7
208.0,54.0,54.0,136.6354,89.38753,60.0,89.289825,0.0,0.0,1939.4396,86.47171,0.0,0.6666667,2.0,0,0,7
319.39853,54.0,54.0,11049.156,1514.0,60.0,455.18393,449.5517,0.0,10893.056,242.92717,13.0,0.6666667,14.421474,0,0,7
293.66983,54.0,54.0,7182.0,1514.0,60.0,328.3308,321.43234,0.0,4882.884,238.01912,1.0,0.6666667,7.6564727,0,0,7
243.8812,54.0,54.0,7656.0,1876.8829,60.0,419.93533,1246.6588,0.0,774.40375,936.77985,11.0,0.5,153.32312,0,0,7
1174.1262,54.0,54.0,138968.72,1785.3665,60.0,1270.4891,2396.4019,4111.4653,25302.012,241.25067,898.81665,6.217303,4.0,4,2,7
723.1547,54.0,54.0,251481.95,1845.0001,60.0,1281.7871,3555.6504,684.231,21714.195,396.0396,844.69824,1.3333334,12.0,3,0,7
672.3613,54.0,54.0,11123.319,1456.9664,60.0,551.5428,547.0133,682.60156,16825.445,143.72153,380.0,2.04159,3.0,3,2,7
179.04657,79.0,80.0,1192.8185,84.0,66.0,249.80292,0.0,0.0,60453.98,82.0,0.0,0.5,3.0,0,0,7
191.98534,54.0,54.0,92.07491,60.640118,182.0,66.0,0.0,0.0,11265.036,60.0,0.0,0.8660618,0.0,0,0,7
226.0,54.0,54.0,175.81682,95.0,60.0,100.32317,0.0,0.0,3126.5027,89.0,0.0,0.788652,2.0,0,0,7
419.882,54.0,54.0,118276.64,1514.0,60.0,1246.8136,598.617,495.79196,43733.07,244.5326,489.26587,0.85499746,16.0,0,0,7
556.3757,54.0,54.0,8477.574,530.0,60.0,583.8414,207.56703,557.24316,36597.312,101.0,87.05363,1.2,3.0,0,0,7
196.0,54.0,54.0,93.0,78.0,113.0,66.0,0.0,0.0,1732.8478,76.0,0.0,1.0,1.0,0,2,7
460.43585,54.0,54.0,16042.265,1815.5972,60.0,824.16473,1279.6824,549.94745,6090.7344,422.5225,371.62784,1.0820192,13.983773,0,0,7
186.00008,54.0,74.0,7178.2983,95.0,60.0,313.9005,0.0,0.0,29357.568,95.0,0.0,0.5,6.0,0,0,7
659.34894,54.0,54.0,296790.9,1882.6854,60.0,1282.0665,6113.3267,674.57874,13296.039,724.9492,865.2949,1.25,46.581024,3,0,7
151.8907,89.0,77.48955,208.0,91.0,74.0,138.0,0.0,0.0,44471.45,80.0,0.0,0.5,2.0,0,0,7
192.134,54.0,75.0,5222.7554,1514.0,60.0,281.56622,242.77315,0.0,3127.1177,265.50705,0.0,0.5,14.0,0,0,7
204.0,54.0,60.0,206.0,1846.9066,60.0,123.30529,545.98126,0.0,44.536335,633.54663,0.0,0.5,9.0,0,1,7
169.0,91.0,74.0,179.89783,91.0,95.99104,132.0,0.0,0.0,71111.89,75.051125,0.0,0.5,2.0,0,0,7
226.0,76.0,74.0,182.0,74.0,95.87364,134.33333,0.0,0.0,58838.84,74.0,0.0,0.5,2.0,0,0,7
345.64325,54.0,54.0,209.03458,66.0,156.0,134.33333,0.0,11.785113,179272.89,62.119495,0.0,1.1,1.0,0,0,7
178.71948,77.0,86.63157,1829.5028,446.5126,60.0,261.7517,0.0,0.0,13628.49,137.0901,0.0,0.5,5.0,0,0,7
267.0302,54.0,54.0,7637.4683,96.09048,60.0,446.00488,0.0,0.0,61711.746,95.0,0.0,0.5,5.0,0,0,7
499.43164,54.0,54.0,5075.3228,86.0,74.0,229.23764,0.0,543.953,27432.01,79.0,0.0,1.3137063,2.0,0,0,7
179.0,77.0,89.0,675.0142,531.0,60.0,257.01196,0.0,0.0,7906.312,182.6567,0.0,0.5,5.0,0,0,7
367.18503,54.0,54.0,5866.352,461.78195,60.0,308.2304,0.0,494.30823,17291.064,94.0072,1.0,1.1818181,2.0,0,0,7
347.52942,54.0,54.0,10477.295,91.0,61.73869,468.00125,0.0,11.785113,183296.8,88.1018,9.066504,0.75993925,4.0,0,0,7
99.24327,82.0,89.0,157.73909,94.0,60.0,94.0,0.0,0.0,3127.8882,91.0,0.0,0.5,3.0,0,0,7
344.8896,54.0,54.0,8462.0,1845.0,60.0,457.12796,1191.3282,205.4091,1888.7126,505.41446,50.834072,0.6666667,18.724497,0,0,7
363.5689,54.0,54.0,337326.78,1845.0,60.0,1272.1484,1735.8392,282.9804,20907.277,580.2425,617.97314,0.5,1198.5908,0,0,7
94.757095,66.0,82.06018,91.05011,87.0,66.0,82.0,0.0,0.0,292.77197,84.0,0.0,0.5,2.0,0,0,7
326.76984,54.0,54.0,4985.3657,1535.7482,60.0,210.82458,522.7843,163.99814,601.7011,285.35236,0.0,1.0,6.0,0,2,7
589.4278,54.0,54.0,16389.814,1292.0,60.0,656.7168,474.39584,595.60004,24959.232,147.0,228.99533,1.2205236,5.0,0,0,7
494.83588,54.0,54.0,227.63524,78.0,94.0,146.74959,0.0,527.3346,40435.684,74.23763,0.0,1.2629662,1.0,0,0,7
750.0531,54.0,54.0,17653.41,1514.0,60.0,1251.9062,768.60223,690.9161,43052.57,178.9942,625.1718,1.554334,3.0,3,0,7
195.89862,54.0,54.0,175.67802,94.0,60.0,97.01638,0.0,0.0,3228.9712,89.0,0.0,0.5,2.0,0,0,7
94.0,82.333336,82.0,120.0,89.0,74.0,88.828674,0.0,0.0,2677.385,87.60526,0.0,0.5,2.0,0,0,7
147.15108,89.0,77.0,157.14664,89.0,74.0,112.333336,0.0,0.0,19400.168,79.0,0.0,0.5,2.0,0,0,7
727.8896,54.0,54.0,18737.809,1850.4417,60.0,789.83954,2988.587,698.1285,4346.277,357.00363,639.30383,2.9209113,6.0,4,3,7
330.05878,54.0,54.0,268.67838,1194.2378,60.0,135.66667,119.579414,112.89857,2049.8896,156.88872,0.0,1.0660071,3.0,0,2,7
339.02832,54.0,54.0,1042.2915,1789.2424,60.0,168.8334,548.4533,286.373,170.85852,352.91354,0.0,1.0625,6.0,0,2,7
141.0,86.0,91.0,182.0,94.0,60.0,118.666664,0.0,0.0,7994.8804,91.0,0.0,0.5,2.0,0,0,7
242.02864,54.0,54.0,5173.292,1444.1104,60.0,195.11479,196.2206,0.0,2675.043,217.66261,0.0,0.6666667,6.0,0,0,7
208.0,54.0,54.0,180.0,90.19934,60.0,102.14841,0.0,0.0,4698.45,87.97801,0.0,0.6666667,2.0,0,0,7
555.6241,54.0,54.0,7664.7373,79.0,93.0,453.3967,0.0,528.912,308191.47,77.0,10.0,1.2136477,2.0,0,0,7
170.24986,62.0,74.0,108.0,692.0,60.0,82.333336,0.0,0.0,79.446365,175.35783,0.0,0.5,2.0,0,0,7
766.2103,54.0,54.0,12577.597,1808.0,60.0,610.46375,1548.4268,1594.1943,4870.2715,250.78368,509.80606,4.801421,4.0,4,3,7
386.94586,54.0,54.0,9616.396,1845.426,60.0,394.18182,1252.0558,549.6575,1106.686,430.74677,129.0,1.2,15.0,3,2,7
102.500206,66.0,78.0,93.0,81.0,96.0,82.0,0.0,0.0,1555.992,78.62928,0.0,0.5,2.0,0,0,7
103.0,89.0,84.94572,205.0,94.0,60.0,117.333336,0.0,0.0,12478.617,89.0,0.0,0.5,3.0,0,0,7
567.4928,54.0,54.0,16137.654,698.41266,60.0,902.65607,414.83353,561.7109,43727.406,140.62909,215.48029,1.1818181,5.0,0,0,7
499.09497,54.0,54.0,8622.847,79.0,93.0,473.2871,0.0,495.70868,363574.5,77.0,10.0,1.1728629,2.0,0,0,7
90.19296,66.8,91.0,106.27145,93.52586,60.0,89.0,0.0,0.0,583.99866,91.0,0.0,0.5,2.0,0,0,7
580.4841,54.0,54.0,20356.938,1846.3531,60.0,1211.2858,2031.081,602.8643,8634.916,461.42468,500.66232,1.1666666,14.0,0,0,7
99.0,95.0,78.0,162.9203,96.0,74.0,109.80358,0.0,0.0,17589.105,82.0,0.0,0.33333334,2.0,0,0,7
349.8949,54.0,54.0,3811.987,1577.3728,60.0,253.6424,540.148,492.00244,711.8691,278.46,0.0,1.0909091,5.0,0,2,7
386.25464,54.0,54.0,5908.0,86.5925,74.0,314.85742,0.0,481.95795,52991.293,80.92644,0.0,1.2,2.0,0,0,7
674.3627,54.0,54.0,175266.6,1514.0,60.0,1271.1399,756.90216,663.5233,129326.96,196.64671,731.1032,1.3333334,6.0,3,0,7
229.04355,54.0,54.0,120.0,463.18436,60.0,84.35464,0.0,0.0,233.27776,95.0,0.0,1.0738249,2.0,0,3,7
208.0,54.0,76.0,11380.019,530.0,60.0,543.7768,9.093031,0.0,37583.87,163.58333,5.0,0.5,15.0,0,0,7
530.4397,54.0,54.0,272889.0,1783.2458,60.0,1273.9221,1286.1062,538.5976,33454.43,357.111,661.93207,1.0,76.12341,0,0,7
345.62952,54.0,54.0,7028.9194,78.0,93.0,363.40457,0.0,0.0,227210.94,78.0,0.0,0.85163766,2.0,0,0,7
626.19586,54.0,54.0,53428.195,407.55032,60.0,1201.6339,225.8098,615.9019,228766.61,91.0,467.08493,1.25,4.0,0,0,7
76.50864,61.166668,82.0,90.0,91.0,74.0,89.54013,0.0,0.0,187.3228,87.65953,0.0,0.5,2.0,0,0,7
597.42017,54.0,54.0,9026.737,1815.9711,60.0,475.06497,1279.7142,633.91046,2823.3542,346.8735,211.71889,1.25,6.0,3,2,7
105.05265,95.0,78.0,205.0,97.0,74.0,134.66667,0.0,0.0,32893.637,81.577675,0.0,0.14478815,2.0,0,0,7
204.5087,75.0,74.0,205.0,76.866234,99.0,128.15723,0.0,0.0,36157.01,75.10148,0.0,0.5,2.0,0,0,7
349.18817,54.0,54.0,16151.1875,1514.0,60.0,663.36273,517.2299,133.22372,18452.217,241.8915,133.0,0.6666667,14.0,0,0,7
436.62555,54.0,54.0,1692.4379,89.0,60.0,371.25565,0.0,506.91,55552.703,81.0,0.0,1.1659721,2.0,0,0,7
142.45036,84.0,75.0,141.0,82.0,106.72958,96.0,0.0,0.0,17587.81,76.55607,0.0,0.5,2.0,0,0,7
628.27606,54.0,54.0,32069.898,2625.2227,60.0,920.8713,6112.6436,656.1198,1762.6089,1230.699,643.37854,1.3333334,52.761547,3,3,7
102.18981,75.0,78.0,141.0,89.0,74.0,82.23401,0.0,0.0,1893.8085,89.0,0.0,0.5,3.0,0,0,7
229.0,66.0,60.0,205.0,68.07925,139.75992,135.19397,0.0,0.0,189049.3,66.0,0.0,0.5,2.0,0,0,7
774.15656,54.0,54.0,17611.01,1514.0,60.0,945.03235,1280.1199,1252.2897,14036.812,228.67192,618.807,3.3641303,4.0,4,3,7
213.90823,54.0,60.0,430.6635,400.64276,60.0,161.11989,0.0,0.0,8696.715,107.3648,0.0,0.5,3.0,0,0,7
430.29074,54.0,54.0,4460.7812,1514.0,60.0,215.0723,518.5044,593.6857,1080.9283,232.2088,5.0,1.2611558,3.0,3,3,7
150.0,54.0,77.0,179.35442,1292.0,60.0,103.0,0.0,0.0,196.72754,237.46254,0.0,0.5,5.0,0,0,7
630.16785,54.0,54.0,7646.9346,532.0,60.0,446.5594,283.32806,640.4846,19760.229,96.0,94.79749,1.4660792,2.0,3,2,7
132.8336,58.249294,75.0,0.0,95.0,68.333336,95.0,0.0,0.0,311.34714,78.0,0.0,0.33333334,2.0,0,0,7
547.6739,54.0,54.0,11126.53,499.11057,60.0,516.97314,129.65321,553.0684,46566.42,94.236115,102.019554,1.2,3.0,0,0,7
108.18662,79.333336,74.34609,100.09927,94.0,93.0,94.0,0.0,0.0,7363.793,77.0,0.0,0.5,2.0,0,0,7
347.52942,54.0,54.0,115595.35,1813.6317,60.0,1254.2299,1274.5492,93.09066,18713.098,507.6018,487.5145,0.5,854.9915,0,0,7
153.57268,54.0,60.0,134.66553,89.0,66.0,82.333336,0.0,0.0,1934.43,86.48639,0.0,0.5,2.0,0,0,7
597.1153,54.0,54.0,17667.52,89.0,66.0,872.5645,0.0,552.3875,426969.47,81.0,162.08084,1.2,3.0,0,0,7
603.0,54.0,54.0,64684.97,1874.0,60.0,1238.0586,2868.2395,626.50366,8893.729,505.16666,630.28314,1.2,18.0,3,0,7
597.4193,54.0,54.0,7663.9014,1514.0,60.0,430.15356,682.52106,631.25446,4115.4873,244.10995,133.9805,1.3333334,5.0,3,2,7
93.0,66.0,78.0,90.32747,96.0,74.0,95.0,0.0,0.0,1137.9788,82.0,0.0,0.15972243,2.0,0,0,7
93.0,91.23488,84.0,122.54636,95.0,60.0,94.0,0.0,0.0,3953.697,89.0,0.0,0.3809018,2.0,0,0,7
603.0,54.0,54.0,8120.9004,530.0,60.0,577.8519,242.00722,615.5915,34783.25,96.0,126.67254,1.25,2.0,0,0,7
656.8368,54.0,54.0,12492.949,135.10362,60.0,703.09375,124.058815,650.2161,187379.1,86.47125,211.30266,1.4805325,2.0,0,0,7
208.0,54.0,54.0,196.16861,88.09854,66.0,103.56973,0.0,0.0,7146.542,84.0,0.0,0.6594519,2.0,0,0,7
99.36557,95.0,78.0,182.85133,97.27001,74.0,126.46577,0.0,0.0,24920.316,81.48838,0.0,0.14067961,2.0,0,0,7
147.40862,66.0,62.0,113.0,80.27496,90.51774,79.333336,0.0,0.0,2868.27,79.01957,0.0,0.5,2.0,0,0,7
1007.89056,54.0,54.0,96278.29,1514.0,60.0,1250.9569,1287.2993,1699.8787,28602.639,215.23286,779.7736,4.38745,5.0,3,2,7
544.4581,54.0,54.0,5175.696,522.0,60.0,338.3918,91.97931,581.2967,16935.17,94.0,7.0,1.25,2.0,0,0,7
229.0,54.0,54.0,3864.5972,96.0,60.0,203.82301,0.0,0.0,16871.959,91.34499,0.0,0.5,3.0,0,0,7
652.76495,54.0,54.0,103539.96,374.0,60.0,1238.5482,263.08783,637.62775,349809.97,89.338684,502.88623,1.3151656,3.0,0,0,7
206.0,74.0,77.0,226.0,87.767006,60.0,143.33333,0.0,0.0,19475.688,87.0,0.0,0.5,2.0,0,0,7
91.0,81.06249,79.0,112.546,94.0,74.0,91.0,0.0,0.0,3551.7158,83.0,0.0,0.5,2.0,0,0,7
453.0286,54.0,54.0,5076.6006,529.0008,60.0,328.75064,109.59011,545.93066,13426.055,96.0,3.0,1.2,2.0,0,0,7
629.54877,54.0,54.0,11117.248,1877.0,60.0,480.56665,2279.288,659.3004,1239.665,473.30972,458.33392,1.482286,9.0,4,3,7
618.84424,54.0,54.0,7303.2334,1514.0,60.0,363.02658,569.78345,650.724,3926.1458,210.8326,108.18351,1.7104946,3.0,3,3,7
359.0,54.0,54.0,5223.58,1577.7014,60.0,291.17847,547.5196,496.35846,1122.869,275.57053,8.0,1.1105088,5.0,0,2,7
94.45611,82.333336,78.0,120.0,91.0,90.0,89.07755,0.0,0.0,4934.375,81.04149,0.0,0.5,2.0,0,0,7
733.1978,54.0,54.0,33502.46,1514.0,60.0,1144.0719,1255.5143,693.2117,18067.88,224.58122,651.36676,2.312958,5.0,3,2,7
137.89104,62.0,79.0,137.61482,1514.0,60.0,91.0,85.68597,0.0,44.83246,286.80988,0.0,0.5,5.0,0,0,7
121.72886,61.166668,75.0,73.32632,92.86621,76.35913,94.0,0.0,0.0,1090.9393,78.0,0.0,0.5,2.0,0,0,7
319.0,54.0,54.0,5179.754,482.2638,60.0,302.1427,0.0,0.0,17020.723,100.41235,0.0,0.6666667,3.0,0,0,7
206.0,62.0,60.0,182.0,71.98261,147.1516,109.80716,0.0,0.0,45718.05,66.0,0.0,0.5,2.0,0,0,7
97.95529,88.97261,75.0,113.0,96.0,93.0,95.0,0.0,0.0,12156.238,78.0,0.0,0.42605865,2.0,0,0,7
179.0,54.0,62.0,205.0,1458.0618,60.0,112.333336,66.922325,0.0,239.19707,241.13408,0.0,0.5,5.0,0,0,7
425.98068,54.0,54.0,9789.215,1880.1971,60.0,435.71683,2154.3533,591.8187,596.26575,680.9181,185.6483,1.2,16.0,3,3,7
344.119,54.0,54.0,4401.622,1874.0,60.0,171.7346,992.4832,401.5648,82.16381,508.82254,1.0,1.0833334,9.0,3,3,7
1015.0231,54.0,54.0,619248.25,1514.0,60.0,1287.502,1229.8301,1595.0421,208679.27,153.49918,893.8412,2.3382347,5.0,3,0,7
636.82104,54.0,54.0,17700.191,1514.0,60.0,1140.1141,634.69214,639.0106,24191.248,208.74057,487.89685,1.25,5.0,3,0,7
155.11235,77.0,84.0,295.80725,102.57748,60.0,146.68733,0.0,0.0,11510.09,102.0,0.0,0.5,5.0,0,0,7
567.79596,54.0,54.0,91323.64,1446.6581,60.0,1238.0612,546.72424,556.34863,72280.0,202.20023,492.71454,1.1111112,10.0,0,0,7
204.0,54.0,54.0,3789.6633,1298.2362,60.0,135.46387,107.86779,0.0,1765.7024,224.34691,0.0,0.5,8.0,0,0,7
544.62964,54.0,54.0,8467.536,1514.0,60.0,381.47318,576.5503,602.8189,4022.5786,238.60164,113.84095,1.3071331,6.0,3,3,7
113.0,83.56959,75.0,113.0,89.0,99.0,89.0,0.0,0.0,9345.822,78.0,0.0,0.5,2.0,0,0,7
83.82725,89.0,92.0,148.0,96.0,60.0,89.05818,0.0,0.0,1865.2268,92.268234,0.0,0.36825272,5.0,0,0,7
99.14111,94.0,79.883194,148.0,95.0,65.72321,102.6611,0.0,0.0,10924.9375,84.0,0.0,0.5,2.0,0,0,7
347.58163,54.0,54.0,5083.2886,1808.0,60.0,236.38292,618.6723,494.99078,262.40128,354.28006,4.0,1.1411309,6.0,3,3,7
105.622665,78.0,87.0,206.0,102.7139,60.0,109.08642,0.0,0.0,4333.062,98.36361,0.0,0.5,5.0,0,0,7
428.3326,54.0,54.0,134539.9,2162.1492,54.0,1264.0178,5600.336,536.05896,6562.5513,1398.2948,663.5546,0.76763535,1007.8891,0,0,7
729.5116,54.0,54.0,9563.571,1600.2767,60.0,468.25638,1245.1687,706.3022,4720.8403,237.22147,451.44995,4.6577454,3.0,4,3,7
93.0,79.10573,82.0,119.34247,89.0,74.0,89.0,0.0,0.0,2315.0293,84.0,0.0,0.5,2.0,0,0,7
596.8176,54.0,54.0,17002.78,1514.0,60.0,937.43085,560.3616,597.5044,22822.549,215.9822,410.1711,1.2,6.0,0,0,7
504.75073,54.0,54.0,9852.343,530.0,60.0,495.84662,196.2454,536.28674,29368.273,102.0,65.9587,1.1992769,3.0,0,0,7
671.4992,54.0,54.0,16052.0,605.908,60.0,650.41174,445.5517,673.0981,36251.77,96.0,412.1236,1.8351047,3.0,3,1,7
351.62354,54.0,54.0,359.0,1514.0,60.0,146.67947,314.6118,494.30145,1143.2631,211.27571,0.0,1.1818181,3.0,0,2,7
182.0,89.0,66.0,155.1186,83.0,121.5852,117.333336,0.0,0.0,75075.93,73.10453,0.0,0.5,2.0,0,0,7
345.50156,54.0,54.0,241.0,529.0,60.0,153.51155,0.0,220.2495,5196.3257,101.0,0.0,1.0762371,2.0,0,0,7
204.0,54.0,60.0,204.59459,1514.0,60.0,114.32272,112.08443,0.0,216.08978,242.7278,0.0,0.5,5.0,0,0,7
208.0,54.0,77.0,13060.052,525.4013,60.0,584.988,0.0,0.0,59707.09,153.50388,7.0,0.5,15.003423,0,0,7
90.731766,89.0,84.0,148.0,91.0,74.0,89.333336,0.0,0.0,4131.303,89.0,0.0,0.5,3.0,0,0,7
652.15796,54.0,54.0,117546.1,1862.3909,60.0,1264.1768,3567.3198,655.95935,14268.143,473.03647,748.7137,1.2307693,14.0,3,0,7
231.59268,54.0,54.0,169.0,304.44635,60.0,108.374916,0.0,0.0,2539.4438,94.97943,0.0,0.8333333,2.0,0,0,7
345.10065,54.0,54.0,5908.0,528.0,60.0,297.91672,0.0,98.28495,14619.654,103.05659,0.0,1.0,3.0,0,0,7
548.1491,54.0,54.0,5179.7305,529.6043,60.0,184.96017,109.19838,601.99536,7312.2627,94.0,3.7744572,1.5280488,2.0,3,3,7
657.15576,54.0,54.0,10179.091,1839.9991,60.0,454.4448,1462.0312,684.32263,2003.3759,307.2767,439.21936,2.3611434,5.0,4,3,7
182.0,81.0,74.0,154.07399,78.0,113.0,110.1032,0.0,0.0,32487.354,74.0,0.0,0.5,2.0,0,0,7
347.52942,54.0,54.0,251.0,1514.0,60.0,134.66667,413.73776,483.1774,429.08633,240.17126,0.0,1.1818181,3.0,3,3,7
184.01021,54.0,60.0,120.0,528.16943,60.0,86.333336,0.0,0.0,186.43758,116.21534,0.0,0.5,2.0,0,0,7
113.0,95.0,76.0,169.0,95.0,90.0,115.21226,0.0,0.0,25725.875,79.0,0.0,0.5,2.0,0,0,7
213.8161,54.0,66.0,8122.2812,374.0,60.0,434.11008,0.0,0.0,37355.418,115.77419,0.0,0.5,8.0,0,0,7
149.33324,66.0,81.0,205.0,1310.908,60.0,114.864876,0.0,0.0,481.54193,241.44107,0.0,0.5,5.0,0,0,7
347.52942,54.0,54.0,269.88815,530.0,60.0,169.62927,0.0,267.61166,5190.0776,108.089775,0.0,1.0833334,2.0,0,0,7
1033.8501,54.0,54.0,96258.23,1793.2373,60.0,1247.057,2319.0571,3995.152,18234.852,245.83713,833.61816,6.1771917,5.0,4,3,7
669.33203,54.0,54.0,13243.158,1815.4348,60.0,458.07733,1313.3942,688.7881,2679.8083,267.24835,486.03473,3.313016,6.0,5,3,7
608.6667,54.0,54.0,7156.9604,1514.0,60.0,374.86475,548.45483,648.0767,4100.753,208.32755,74.00895,1.5578979,3.0,3,3,7
575.53253,54.0,54.0,9785.316,992.25616,60.0,662.3702,413.76093,591.0526,25416.441,143.589,146.2308,1.2,3.0,0,0,7
134.30986,66.0,74.0,95.311905,89.0,93.0,91.0,0.0,0.0,5189.7017,76.0,0.0,0.5,2.0,0,0,7
359.66843,54.0,54.0,240.31956,78.0,99.542694,135.66667,0.0,256.8541,36274.87,75.0,0.0,1.2,2.0,0,0,7
146.87778,54.0,62.0,205.0,1292.0,60.0,103.0,0.0,0.0,340.35904,219.41031,0.0,0.5,6.0,0,0,7
651.9485,54.0,54.0,14715.876,1866.4562,60.0,542.65814,2189.1865,681.09454,2215.181,407.03577,488.9919,1.8333334,8.0,4,3,7
347.52942,54.0,54.0,2951.9363,74.0,132.95732,275.60815,0.0,0.0,299622.53,71.915184,0.0,1.0,2.0,0,0,7
672.14124,54.0,54.0,16527.55,623.5018,60.0,584.40625,457.37094,675.0488,29160.746,96.655624,440.45544,2.1960225,3.0,3,2,7
673.8264,54.0,54.0,11318.963,1749.2489,60.0,476.65118,1244.1707,687.8271,4934.8994,240.60403,461.4661,2.9525623,5.0,4,3,7
344.73334,54.0,54.0,6005.517,1845.0,60.0,269.41675,770.9815,300.91925,237.15662,471.0083,8.0,1.0,13.304043,3,2,7
729.40674,54.0,54.0,19187.59,1843.3925,60.0,1123.8749,2204.519,694.9484,7695.122,322.53085,659.36847,2.0228662,6.0,3,3,7
226.0,54.0,60.0,7823.5137,292.01334,60.0,414.46603,0.0,0.0,36390.83,102.0,0.0,0.5,6.0,0,0,7
719.8587,54.0,54.0,138651.67,1514.0,60.0,1273.0566,1286.1062,679.6251,45323.688,242.67587,756.30835,1.3333334,6.0,3,0,7
671.83936,54.0,54.0,1400497.6,2877.362,54.0,1314.991,8068.9663,669.50635,18608.297,1400.2758,2149.01,1.2,792.70715,3,0,7
209.40157,54.0,74.0,10241.528,581.0,60.0,476.35593,99.53987,0.0,25445.848,199.20244,4.0,0.5,14.0,0,0,7
148.09795,89.0,66.0,113.0,83.98316,141.0,90.80346,0.0,0.0,20916.494,71.93977,0.0,0.5,1.695097,0,0,7
347.9427,54.0,54.0,5218.8604,1851.6511,60.0,250.28244,1158.2319,501.77585,135.96385,475.30637,8.0,1.1437849,9.0,3,3,7
105.54458,96.0,75.0,150.0,101.0,74.0,121.33599,0.0,0.0,30180.213,78.57712,0.0,0.2731337,2.0,0,0,7
1014.40125,54.0,54.0,230219.62,1815.4673,60.0,1280.3683,3589.328,1718.2351,24026.904,280.54822,999.1784,2.9166934,6.0,3,0,7
603.0,54.0,54.0,8970.419,1514.0,60.0,509.13553,546.7634,626.17377,12070.24,203.10545,164.98822,1.25,4.0,3,0,7
209.0,54.0,73.0,235.45956,91.0,60.0,155.75995,0.0,0.0,16287.723,90.61647,0.0,0.5,2.0,0,0,7
673.97955,54.0,54.0,11421.338,612.7956,60.0,740.563,454.37466,675.7621,37377.434,98.63337,380.55753,1.7935008,2.0,3,0,7
365.875,54.0,54.0,7424.032,74.0,148.49248,392.0,0.0,112.677734,447440.38,69.44123,0.0,1.0836346,2.0,0,0,7
242.56926,54.0,54.0,349.26236,77.1772,94.12089,180.04192,0.0,0.0,82803.734,77.0,0.0,0.5,2.0,0,0,7
351.79977,54.0,54.0,251.0,1514.0,60.0,135.66667,435.72208,500.9442,467.02502,240.12747,0.0,1.2,3.0,3,3,7
97.9258,91.0,83.32995,142.34085,95.0,60.0,96.0,0.0,0.0,5207.725,89.0,0.0,0.5,2.0,0,0,7
224.32756,54.0,79.0,8815.514,612.8466,60.0,545.50214,110.989395,0.0,26974.64,203.44154,4.0,0.5,12.0,0,0,7
241.0,54.0,54.0,4389.0317,1514.0,60.0,254.82669,425.40472,0.0,1245.0413,276.87885,0.0,0.5,6.0,0,0,7
658.7373,54.0,54.0,7602.246,1514.0,60.0,383.2401,696.6945,684.32263,3227.4333,216.85422,181.72498,3.432973,3.0,4,3,7
77.56752,66.0,89.0,100.0,92.0,64.0,89.0,0.0,0.0,432.04782,91.0,0.0,0.5,2.0,0,0,7
325.87756,54.0,54.0,905.645,95.0,63.0,134.41809,0.0,11.785113,10843.333,89.0,0.0,1.0886396,2.0,0,0,7
208.0,54.0,60.0,359.63715,1875.9412,60.0,160.98532,686.1957,0.0,75.51509,903.8232,0.0,0.5,14.06967,0,0,7
652.4511,54.0,54.0,11342.742,1300.606,60.0,510.63754,524.50836,659.57776,17518.732,137.38252,243.74641,1.8333334,3.0,3,2,7
321.65778,54.0,54.0,7303.4595,78.0,93.95459,388.02478,0.0,0.0,255753.89,78.0,0.0,0.6666667,2.0,0,0,7
597.4182,54.0,54.0,5119.488,1769.3829,60.0,286.84952,680.6398,639.9305,993.6049,248.01636,12.19913,1.4615384,3.0,3,3,7
99.158905,66.0,77.0,93.0,95.531815,74.0,95.0,0.0,0.0,2030.3866,80.795906,0.0,0.31763658,2.0,0,0,7
293.2225,54.0,54.0,179.0,528.20026,60.0,103.0,0.0,59.052193,1091.4335,97.11448,0.0,1.1,2.0,0,2,7
573.7452,54.0,54.0,16286.705,1874.0,60.0,770.62067,2144.779,618.05,3840.6995,499.74243,481.08618,1.2,14.0,3,0,7
362.51135,54.0,54.0,205.0,91.0,60.0,130.63426,0.0,448.53998,9589.164,82.0,0.0,1.2,2.0,0,2,7
650.7724,54.0,54.0,175719.25,1789.5061,60.0,1276.3151,1886.9125,644.72186,27748.332,323.67938,751.6287,1.2,13.0,0,0,7
344.82745,54.0,54.0,164.4562,78.0,99.0,98.68744,0.0,112.278694,10930.002,76.0,0.0,1.2,2.0,0,2,7
608.6667,54.0,54.0,4372.967,530.0,60.0,245.67818,158.59644,644.5884,7476.0234,94.0,7.0,1.8546863,2.0,3,3,7
638.0,54.0,54.0,5977.0723,84.11418,62.885864,417.37128,0.0,635.20685,132246.38,78.0,11.0,1.5375425,2.0,0,0,7
326.0734,54.0,54.0,5354.618,1820.0483,60.0,341.84836,688.0268,112.05416,703.1102,474.2795,7.531533,0.6666667,9.0,0,0,7
227.63022,66.0,55.0,149.78075,62.0,156.0,110.47806,0.0,0.0,119896.62,62.0,0.0,0.6666667,0.0,0,0,7
208.9475,54.0,54.0,155.27162,97.15626,60.0,96.0,0.0,0.0,1913.0934,91.0,0.0,0.6666667,2.0,0,0,7
226.92209,54.0,66.0,7437.1143,1040.986,60.0,430.15784,140.66563,0.0,15695.994,215.25296,0.0,0.5,8.0,0,0,7
392.98093,54.0,54.0,229.0,1514.0,60.0,134.66667,483.06818,574.9623,197.70863,238.75893,0.0,1.2834878,2.0,3,3,7
365.875,54.0,54.0,4365.005,74.0,149.8278,236.97339,0.0,219.67853,264727.47,66.0,0.0,1.1818181,2.0,0,0,7
347.84283,54.0,54.0,8984.93,2927.723,60.0,387.81818,3581.4941,503.44595,87.67573,1407.1262,133.0,1.0666667,809.9124,3,3,7
595.5498,54.0,54.0,11347.869,304.0,60.0,662.59155,111.101204,577.86237,132709.19,90.16582,133.0,1.2,2.427148,0,0,7
362.09073,54.0,54.0,5908.0,1514.0,60.0,394.18182,481.6117,447.1418,4882.2427,242.13387,10.0,1.0,5.0,0,0,7
659.0739,54.0,54.0,9636.102,1808.0,60.0,552.09033,1286.4653,684.291,4096.72,264.7113,446.7187,1.8333334,4.0,3,3,7
959.1123,54.0,54.0,89830.766,1514.0,60.0,1256.6552,1436.8611,1640.454,27703.576,231.77222,782.4762,3.2001004,5.0,3,0,7
591.74164,54.0,54.0,5514.4663,530.0,60.0,315.98337,137.23058,615.6539,12964.22,95.0,9.0,1.3374772,2.0,3,2,7
619.30853,54.0,54.0,17903.873,1877.0,60.0,907.45044,2883.7754,648.0127,4049.7996,485.8385,521.6241,1.25,14.0,3,2,7
204.0,76.0,75.0,209.0,76.0,103.0,134.66667,0.0,0.0,72692.12,75.0,0.0,0.5,2.0,0,0,7
204.0,54.0,54.0,149.09633,75.0,141.0,91.80514,0.0,0.0,15143.633,74.0,0.0,0.6666667,2.0,0,0,7
160.57346,79.0,82.0,306.38824,84.04739,66.0,153.21964,0.0,0.0,27702.455,82.52135,0.0,0.5,3.0,0,0,7
351.34842,54.0,54.0,7857.794,1514.0,60.0,394.13806,515.5744,311.3368,5038.508,243.11649,12.0,1.0,8.699436,0,0,7
602.5397,54.0,54.0,33508.996,1194.9435,60.0,909.4762,480.56543,602.83185,43744.902,143.51756,462.051,1.2307693,6.0,0,0,7
608.6399,54.0,54.0,429.2911,530.0,60.0,148.04837,131.56422,648.25446,4687.819,93.611374,1.2388197e-14,2.2892122,2.0,3,3,7
640.9092,54.0,54.0,16072.127,1874.1796,60.0,559.8285,2210.8523,674.73773,2260.1758,427.60037,491.58682,1.6937293,10.0,4,3,7
517.57446,54.0,54.0,7420.2285,1427.918,60.0,447.7399,456.27377,564.98914,10988.434,175.01755,27.0,1.2,3.0,0,0,7
674.0,54.0,54.0,16111.552,294.11334,60.0,748.82367,179.16621,662.8531,172989.28,87.65553,380.0,1.8333334,2.0,3,0,7
147.0,74.0,73.79791,160.37386,78.19907,103.0,94.0,0.0,0.0,11312.804,78.0,0.0,0.5,2.0,0,0,7
853.55,54.0,54.0,18953.82,1833.5068,60.0,786.2612,2214.409,1853.1414,5492.6665,264.78412,673.14874,6.216038,5.0,5,3,7
427.71646,54.0,54.0,18553.383,1877.0,60.0,1201.6365,2196.8408,546.2641,4973.4434,720.3322,487.6657,1.0,50.20078,0,0,7
652.8141,54.0,54.0,172665.61,1772.0809,60.0,1265.6533,1298.0725,652.5552,28025.87,264.54233,734.2644,1.25,10.507231,3,0,7
181.09967,74.0,79.0,199.41267,470.6302,60.0,125.89334,0.0,0.0,3629.6675,118.84901,0.0,0.5,2.8186007,0,0,7
365.875,54.0,54.0,16389.096,617.0,60.0,1023.4463,291.93802,282.11945,75140.4,150.2201,150.0,0.66755825,6.0,0,0,7
1205.995,54.0,54.0,163416.95,1788.0,60.0,1277.7942,2985.3162,4116.5522,27700.477,243.15105,1105.4152,6.181456,4.0,4,2,7
608.63165,54.0,54.0,4986.1465,1514.0,60.0,204.14836,548.4801,655.94324,907.28754,215.99919,11.0,2.2528372,2.0,4,3,7
889.8369,54.0,54.0,75838.35,1845.0,60.0,1232.9802,3528.8948,1696.8854,10892.554,309.99518,777.4312,4.382869,6.0,4,3,7
727.20074,54.0,54.0,424735.5,1874.1416,60.0,1287.8429,5189.073,684.29364,20469.588,472.80585,898.7263,1.3333334,15.0,3,0,7
626.9687,54.0,54.0,12841.445,1817.7471,60.0,569.2341,1293.9923,653.0095,3989.46,332.53622,455.54654,1.3996001,6.0,3,3,7
514.28455,54.0,54.0,812.55194,362.2248,60.0,204.71114,0.0,571.9892,10882.876,89.0,0.0,1.3333334,2.0,0,2,7
1061.4331,54.0,54.0,120043.77,1849.773,60.0,1246.1427,4740.533,4084.5435,10883.567,316.28906,870.5553,6.3557253,6.0,5,3,7
213.42188,54.0,66.0,16052.0,1292.0,60.0,583.7387,256.44916,0.0,22240.7,241.32018,11.0,0.5,112.56356,0,0,7
891.4423,54.0,54.0,32077.668,1843.4447,60.0,892.4888,2846.534,2538.6084,5791.797,269.1531,719.22003,6.3293676,6.0,5,3,7
1050.699,54.0,54.0,175029.22,1765.8771,60.0,1266.8402,2163.5925,3609.301,28063.197,239.99606,883.0148,4.9797454,5.0,4,2,7
132.0,95.0,74.0,171.78102,96.0,90.0,131.3505,0.0,0.0,46315.914,77.61855,0.0,0.5,2.0,0,0,7
196.0,66.0,74.0,226.0,81.0,74.0,134.66667,0.0,0.0,24772.982,79.0,0.0,0.5,2.0,0,0,7
172.91092,78.0,72.0,108.0,73.69171,137.62718,82.333336,0.0,0.0,12493.699,72.0,0.0,0.5,1.0,0,0,7
255.44353,54.0,54.0,7237.863,82.0,66.0,394.71198,0.0,0.0,187650.27,82.0,0.0,0.5,3.0,0,0,7
344.82727,54.0,54.0,226.0,784.3538,60.0,161.1552,109.905304,193.41908,2875.8574,148.13196,0.0,1.0,2.0,0,0,7
226.0,54.0,54.0,204.0,74.0,136.86122,117.333336,0.0,0.0,45797.887,74.0,0.0,0.5,2.0,0,0,7
188.0,66.0,74.0,206.0,80.0,74.953545,129.85152,0.0,0.0,22334.648,79.0,0.0,0.5,2.0,0,0,7
915.1403,54.0,54.0,311302.88,1812.7804,60.0,1287.9866,3545.0994,1595.0352,29471.777,290.04413,1127.845,1.8333334,6.0,3,0,7
213.12263,54.0,60.0,177.0,691.34406,60.0,111.666664,0.0,0.0,619.7243,162.52531,0.0,0.51752573,2.0,0,0,7
181.97595,54.0,60.0,159.86685,530.5178,60.0,97.712135,0.0,0.0,584.2585,145.5476,0.0,0.5,3.0,0,0,7
226.0939,54.0,60.0,5184.7935,431.18005,60.0,288.47217,0.0,0.0,16829.959,110.07292,0.0,0.5,5.0,0,0,7
598.16736,54.0,54.0,10395.163,1880.7678,60.0,431.79608,2586.289,644.65234,552.9526,525.6663,341.78336,1.3910965,14.0,4,3,7
519.7803,54.0,54.0,11123.53,94.0,63.0,459.58554,0.0,526.8591,129570.02,84.0,23.662193,1.2,3.0,0,0,7
877.0189,54.0,54.0,75332.734,1783.9065,60.0,1238.8834,2035.8599,1602.0376,18434.37,244.41379,760.3868,3.368868,5.0,3,2,7
119.53412,89.0,84.0,1155.2976,94.0,60.0,180.45874,0.0,0.0,27285.62,90.12008,0.0,0.33333334,5.0,0,0,7
226.0,54.0,54.0,144.74493,75.0,113.0,94.32486,0.0,0.0,14712.449,74.613335,0.0,0.8333333,2.0,0,0,7
674.0,54.0,54.0,7320.069,1763.6476,60.0,422.73532,1206.9095,693.28375,2872.3716,240.80577,211.75893,3.3584592,3.0,4,3,7
121.24125,94.0,78.0,205.0,95.0,67.365295,134.33333,0.0,0.0,27694.252,82.0,0.0,0.47363,2.0,0,0,7
365.7333,54.0,54.0,338.1837,522.0,60.0,320.13092,0.0,467.54233,13841.229,96.43962,0.0,1.0654846,2.0,0,0,7
259.50208,54.0,54.0,5013.7383,1815.9929,60.0,182.07729,582.64417,11.785113,159.66061,454.97253,0.0,0.75,12.0,0,2,7
660.97235,54.0,54.0,39832.94,1786.714,60.0,1173.2439,1288.5385,676.9076,13918.616,260.22824,626.23285,1.525326,6.7602916,3,2,7
674.0,54.0,54.0,12840.281,1787.1094,60.0,664.9926,1286.1062,687.78186,7039.732,250.86871,491.93204,1.9654753,5.0,3,3,7
99.0,66.32169,75.0,94.0,97.0,76.4634,96.0,0.0,0.0,4205.6147,79.0,0.0,0.17391956,2.0,0,0,7
326.13672,54.0,54.0,7662.568,1514.0,60.0,476.2929,548.328,11.785113,5395.1763,334.32605,12.0,0.5,10.625658,0,0,7
78.443,79.34469,79.0,108.661575,96.0,74.0,95.0,0.0,0.0,3668.2795,83.69531,0.0,0.23010755,2.0,0,0,7
259.41592,54.0,54.0,248.87123,77.0,97.66102,158.93353,0.0,0.0,76562.414,76.38152,0.0,0.6666667,2.0,0,0,7
137.0,66.0,62.0,93.0,76.0,126.4237,75.0,0.0,0.0,2829.9268,75.14697,0.0,0.5,2.0,0,0,7
619.27545,54.0,54.0,19780.021,1835.3921,60.0,1053.589,1860.5135,642.0721,8101.693,370.86325,516.23926,1.25,11.0,3,0,7
611.32684,54.0,54.0,10173.195,1849.2128,60.0,411.39883,1627.3622,655.8468,1081.768,370.64276,244.51268,1.7448492,8.0,4,3,7
111.607025,66.8,81.0,100.0,82.0,74.0,81.0,0.0,0.0,1466.7103,81.0,0.0,0.5,2.0,0,0,7
735.9963,54.0,54.0,16317.644,1845.4705,60.0,616.61926,2191.4497,1524.8447,3630.7144,310.13882,565.16034,4.597489,6.0,5,3,7
145.08702,82.0,89.0,430.9462,96.0,60.0,179.11523,0.0,0.0,17587.04,94.0,0.0,0.5,5.0,0,0,7
319.0,54.0,54.0,182.0,76.0,100.26782,113.797485,0.0,0.0,23951.332,74.0,0.0,1.0625,2.0,0,0,7
767.5152,54.0,54.0,1371975.8,1879.3245,54.661068,1309.8955,6117.1045,692.4688,28040.344,613.0072,2165.1619,1.3022835,20.177874,3,0,7
768.77356,54.0,54.0,206173.14,1881.0,60.0,1271.9822,6114.5024,1053.142,10892.511,508.70264,890.52655,1.7950355,14.0,3,2,7
673.6888,54.0,54.0,242765.77,1836.5804,60.0,1281.5609,3008.3599,674.4837,23207.123,372.5562,812.80255,1.25,13.0,3,0,7
113.0,61.166668,76.0,74.0,89.0,81.313705,91.0,0.0,0.0,1098.8002,78.0,0.0,0.5,2.0,0,0,7
195.92313,74.0,81.0,5173.705,95.0,60.0,320.34503,0.0,0.0,27696.57,95.0,0.0,0.5,5.0,0,0,7
552.8472,54.0,54.0,9744.351,96.0,60.0,615.14746,0.0,543.6447,165192.83,89.0,54.71224,1.1904019,2.0,0,0,7
652.7446,54.0,54.0,5171.0,530.0,60.0,337.99942,213.80988,672.60474,12565.018,92.25852,12.0,2.317811,2.0,3,3,7
104.131096,96.0,77.0,179.70897,101.0,73.97127,132.0,0.0,0.0,30179.037,80.91322,0.0,0.14570393,2.0,0,0,7
716.8511,54.0,54.0,90556.516,1845.0,60.0,1253.4111,2980.9304,684.32263,15076.05,362.88684,756.00385,1.444115,8.818953,3,0,7
257.00598,54.0,54.0,205.0,82.0,64.59984,131.79257,0.0,0.0,17342.57,80.94225,0.0,0.75,2.0,0,0,7
569.27716,54.0,54.0,16392.092,1514.0,60.0,907.2545,687.307,595.1297,16287.38,245.0581,392.88803,1.1966994,6.0,0,0,7
204.0,54.0,54.0,180.0,95.0,60.0,102.56968,0.0,0.0,3549.2195,91.0,0.0,0.5,2.0,0,0,7
350.23877,54.0,54.0,6663.0933,1577.7542,60.0,344.274,548.70807,440.50278,2029.3109,287.778,10.0,1.0,6.0,0,0,7
135.6235,87.0,91.020615,204.0,101.13055,60.0,127.0,0.0,0.0,6026.9585,96.0,0.0,0.5,3.0,0,0,7
575.4216,54.0,54.0,5081.8667,1310.4576,60.0,297.93893,397.76794,622.8333,4712.092,147.0,10.0,1.3333334,2.0,3,2,7
603.0,54.0,54.0,91160.48,1778.7451,60.0,1242.3279,1270.802,617.16046,20477.518,285.38235,611.0675,1.2,14.0,0,0,7
657.1894,54.0,54.0,16405.65,89.0,64.0,816.3964,0.0,644.50995,350020.38,80.57861,233.50932,1.4909133,2.0,0,0,7
100.0,91.0,83.0,209.0,95.0,60.0,132.0,0.0,0.0,18276.904,89.0,0.0,0.32058164,3.0,0,0,7
289.83734,54.0,54.0,71948.99,530.0,60.0,971.3791,125.66132,0.0,171767.31,145.4151,115.239975,0.5,28.937553,0,0,7
94.01817,70.74589,81.0,126.93887,83.40229,93.0,79.0,0.0,0.0,2636.7947,81.0,0.0,0.5,2.0,0,0,7
350.89545,54.0,54.0,12702.506,1514.0,60.0,717.04584,533.0926,158.40015,17134.414,251.97914,128.63693,0.6666667,10.594917,0,0,7
90.46928,92.488914,82.93632,148.0,95.0,63.0,96.0,0.0,0.0,5741.32,89.0,0.0,0.33333334,3.0,0,0,7
598.09155,54.0,54.0,11365.848,1847.0,60.0,476.83255,1535.3622,635.5773,2238.9834,416.2362,370.97736,1.3076794,10.0,3,3,7
244.66824,54.0,54.0,205.0,77.01208,99.0,122.69784,0.0,0.0,24670.258,77.0,0.0,0.7551205,2.0,0,0,7
150.0718,79.0,84.0,255.9977,89.0,63.0,137.78664,0.0,0.0,21286.818,84.0,0.0,0.5,3.0,0,0,7
192.0,54.0,73.0,319.7997,1514.0,60.0,139.88896,236.32333,0.0,835.2561,278.84317,0.0,0.5,8.0,0,0,7
492.81366,54.0,54.0,12921.438,400.0,60.0,508.6045,109.189835,518.7322,60336.27,94.0,84.14847,1.2,4.0085998,0,0,7
94.0,66.90518,78.0,112.11237,94.0,78.443474,91.0,0.0,0.0,2950.1084,82.0,0.0,0.40989974,2.0,0,0,7
344.80664,54.0,54.0,182.0,84.0,74.26481,100.0,0.0,177.97707,5692.0444,79.0,0.0,1.211166,2.0,0,2,7
718.233,54.0,54.0,16931.072,1544.6615,60.0,1003.2941,1267.2745,685.63776,13849.6,241.42174,525.85376,1.8333334,5.0,3,2,7
268.0,54.0,54.0,108.0,82.0,74.0,82.333336,0.0,0.0,2664.5513,78.0,0.0,1.1666666,1.0,0,2,7
384.12927,54.0,54.0,7823.3813,1875.9995,60.0,463.51935,1307.499,536.0531,1095.6638,583.2775,133.0,1.0833334,13.0,3,0,7
1249.4794,54.0,54.0,1226130.8,1810.6245,60.0,1296.1415,4252.3677,4114.5195,56427.89,260.24252,2260.3057,4.659132,6.0,3,0,7
447.26974,54.0,54.0,7160.703,1292.0,60.0,410.6381,345.6155,547.1308,10796.934,157.51837,12.0,1.2,3.0,0,0,7
103.710686,91.0,81.0,169.55737,94.0,66.0,105.64238,0.0,0.0,12245.381,84.0,0.0,0.5,2.0,0,0,7
171.2193,81.0,79.0,196.0,82.0,66.0,124.108734,0.0,0.0,19230.877,81.0,0.0,0.5,2.0,0,0,7
365.3648,54.0,54.0,172.51506,89.0,74.0,96.0,0.0,509.0864,4082.986,79.09442,0.0,1.378453,2.0,3,3,7
208.0,54.0,71.0,11552.512,530.0,60.0,474.09488,49.475677,0.0,29438.273,167.98851,5.0,0.5,19.0,0,0,7
180.56546,54.0,54.0,147.77156,78.0,112.93075,86.56317,0.0,0.0,7376.373,78.0,0.0,0.5,2.0,0,0,7
351.24298,54.0,54.0,8929.262,1877.2059,60.0,457.93484,1313.071,483.14108,1036.1339,733.9945,127.8464,1.0,30.597527,0,0,7
90.0,66.8,78.0,99.0,97.0,74.0,95.97414,0.0,0.0,2774.3691,82.0,0.0,0.13642631,2.0,0,0,7
145.81868,54.0,71.60737,184.4961,617.0,60.0,96.05709,0.0,0.0,457.86456,178.22614,0.0,0.5,5.0,0,0,7
152.49329,81.0,82.0,362.67496,89.0,64.0,179.13983,0.0,0.0,32325.611,86.0,0.0,0.5,3.0,0,0,7
589.93744,54.0,54.0,94699.734,1845.9574,60.0,1254.2832,2152.6467,596.4265,15081.459,474.4498,639.55084,1.0914744,22.587317,0,0,7
365.875,54.0,54.0,343.90167,82.0,74.0,170.38068,0.0,447.77603,27507.566,78.07053,0.0,1.2,2.0,0,0,7
90.0,82.0,89.0,115.03767,94.0,60.0,91.0,0.0,0.0,1329.7435,91.0,0.0,0.5,2.0,0,0,7
619.0244,54.0,54.0,17469.596,1876.7148,60.0,846.42236,2632.5251,649.4147,3766.7131,475.19635,506.35785,1.2769465,13.698867,3,2,7
300.5635,54.0,54.0,226.0,95.0,60.0,133.33333,0.0,0.0,9549.629,89.0,0.0,1.0,2.0,0,0,7
814.79095,54.0,54.0,20340.352,1514.0,60.0,1043.093,686.4939,1221.5254,25571.771,144.62189,615.86115,4.0197334,3.0,3,2,7
137.11752,74.0,80.0,131.4183,797.41156,60.0,89.333336,0.0,0.0,90.11955,206.79242,0.0,0.5,3.0,0,0,7
81.82242,91.76819,81.0,141.88858,96.0,74.0,95.0,0.0,0.0,5676.9834,87.99994,0.0,0.1429763,3.0,0,0,7
547.84674,54.0,54.0,11208.913,1258.9406,60.0,469.80206,405.77307,578.9348,18674.693,143.56544,133.0,1.2222222,5.0,0,0,7
182.60751,78.0,77.0,150.45831,78.0,90.0,108.10921,0.0,0.0,18595.889,77.0,0.0,0.5,2.0,0,0,7
652.1839,54.0,54.0,171278.33,1811.6089,60.0,1276.4153,2152.4421,651.0585,24197.879,353.47473,758.7103,1.2142857,12.760814,0,0,7
94.632706,94.0,79.49014,171.0,95.44422,66.0,106.09218,0.0,0.0,13384.15,84.132195,0.0,0.33333334,2.0,0,0,7
90.0,82.333336,77.0,108.0,100.99125,79.237564,96.0,0.0,0.0,7301.216,80.29906,0.0,0.13470887,2.0,0,0,7
223.80954,54.0,54.0,125.38994,78.0,105.57194,81.75124,0.0,0.0,4287.078,77.0,0.0,1.0,2.0,0,2,7
142.2495,84.0,89.0,293.7318,94.0,60.0,173.66667,0.0,0.0,19712.35,91.0,0.0,0.5,4.0,0,0,7
171.0,54.0,74.0,182.0,531.0,60.0,106.19572,0.0,0.0,1046.6385,155.82993,0.0,0.5,3.0,0,0,7
193.87923,79.0,75.0,205.0,78.0,99.0,134.66667,0.0,0.0,54470.89,77.0,0.0,0.5,2.0,0,0,7
764.4355,54.0,54.0,17009.957,1847.0,60.0,638.7425,2588.705,1596.38,3632.322,314.04532,623.3677,6.0706487,6.0,5,3,7
250.32394,54.0,54.0,7304.0,1788.0,60.0,259.5684,546.99786,0.0,862.4953,382.7172,4.0,0.6666667,49.0,0,0,7
673.9962,54.0,54.0,384185.72,1790.319,60.0,1282.7609,2144.286,674.60547,33754.92,304.8213,829.4036,1.2683077,13.0,3,0,7
416.18307,54.0,54.0,34630.18,1514.0,60.0,1208.6512,548.45074,497.00055,29424.861,239.87181,412.5426,1.0,13.244712,0,0,7
1010.391,54.0,54.0,121099.63,1847.3977,60.0,1254.7592,4168.9204,2992.3008,13808.685,332.68945,862.0741,4.302738,6.0,4,3,7
137.0,74.0,79.0,205.0,329.8692,60.0,108.0,0.0,0.0,2838.0488,113.02401,0.0,0.5,4.0,0,0,7
581.8201,54.0,54.0,7531.826,83.0,91.79557,350.62457,0.0,573.31195,128677.984,78.0,9.0,1.3333334,2.0,0,0,7
658.71136,54.0,54.0,75382.36,400.0,60.0,1237.3068,276.75067,645.2852,300906.53,89.92236,497.76663,1.3333334,3.0,0,0,7
544.15466,54.0,54.0,9918.053,1816.2749,60.0,467.8055,1256.3821,603.12537,2684.6746,363.21686,199.0,1.2222222,8.0,3,2,7
76.52808,61.166668,83.38856,61.909492,95.0,66.0,94.0,0.0,0.0,142.07426,89.0,0.0,0.5,2.0,0,0,7
638.0,54.0,54.0,5113.4263,1791.6136,60.0,263.4577,1058.941,683.2664,467.19174,252.38455,37.843685,3.0746017,3.0,4,3,7
275.35895,54.0,54.0,141.0,81.0,74.0,94.17652,0.0,0.0,5752.4717,78.0,0.0,1.1,2.0,0,0,7
128.33899,82.0,90.62111,4949.1,95.0,60.0,229.29585,0.0,0.0,23068.215,90.8881,0.0,0.5,6.0,0,0,7
1053.181,54.0,54.0,118702.01,1815.0215,60.0,1247.0552,3517.4377,4040.8977,16274.802,260.69315,857.16815,6.2185054,5.0,5,3,7
673.9937,54.0,54.0,75697.01,1292.0,60.0,1234.0962,555.88464,670.6907,76128.0,139.05478,612.2858,1.4911497,5.0,3,0,7
208.0,54.0,60.0,170.42116,1514.0,60.0,105.25055,266.8174,0.0,74.701454,287.51303,0.0,0.5,3.0,0,2,7
169.0,54.0,66.0,148.8162,1473.9374,60.0,94.89092,0.0,0.0,86.694244,240.7859,0.0,0.5,4.0,0,0,7
774.82324,54.0,54.0,877280.4,2154.8848,54.0,1290.9132,6542.0244,705.1152,15018.063,776.2913,1860.8969,1.4467039,19.61442,3,0,7
111.04565,66.0,75.0,90.0,95.0,75.28,95.0,0.0,0.0,2655.0352,78.0,0.0,0.33333334,2.0,0,0,7
229.0,54.0,54.0,6031.6987,1514.0,60.0,337.91827,420.30496,0.0,3405.8835,266.51413,0.0,0.5,10.0,0,0,7
657.206,54.0,54.0,12480.972,522.63104,60.0,793.60266,283.77747,653.64417,107665.76,92.26127,322.638,1.4615384,2.0,0,0,7
351.1578,54.0,54.0,1475.225,95.87756,60.0,138.0,0.0,290.54996,12428.768,88.7619,0.0,1.2,2.0,0,0,7
100.0,66.0,76.20086,91.09161,95.0,78.415215,95.0,0.0,0.0,2492.9192,79.0,0.0,0.5,2.0,0,0,7
137.0,92.0,76.0,188.0,95.0,74.0,131.82858,0.0,0.0,32591.615,79.0,0.0,0.5,2.0,0,0,7
800.0533,54.0,54.0,16111.413,1843.0905,60.0,569.56635,2182.777,1693.1,3565.0356,265.95248,607.5817,6.339906,5.0,5,3,7
206.0,62.0,74.0,3900.35,86.46246,62.003258,250.87296,0.0,0.0,34892.438,84.0,0.0,0.5,3.0,0,0,7
603.0,54.0,54.0,6182.469,608.37915,60.0,261.807,230.40332,637.11914,7692.3965,96.0,11.0,1.8333334,2.0,3,3,7
347.52942,54.0,54.0,4612.31,82.49032,66.0,264.37756,0.0,56.09993,43729.867,80.794624,0.0,1.0,2.0,0,0,7
159.0,62.0,75.0,204.0,96.0,60.0,108.70284,0.0,0.0,4203.8955,95.0,0.0,0.5,3.0,0,0,7
179.15129,54.0,54.0,93.0,62.0,179.0,66.0,0.0,0.0,9586.163,62.0,0.0,0.6666667,0.0,0,0,7
229.0,54.0,60.0,9986.816,617.0,60.0,478.71964,123.89797,0.0,24216.367,191.68793,8.0,0.5,12.0,0,0,7
251.0,54.0,54.0,503.0383,89.0,60.0,233.15958,0.0,0.0,24216.46,86.0,0.0,0.5,2.0,0,0,7
319.69064,54.0,60.0,16102.319,1784.4316,60.0,965.8608,688.84235,0.0,11974.242,442.49902,148.90192,0.5,52.571953,0,0,7
603.0,54.0,54.0,5145.442,1514.0,60.0,213.9573,522.366,650.2889,1429.2522,177.21686,11.0,2.0363111,2.0,4,3,7
177.0,54.0,62.0,120.0,831.69885,60.0,83.37202,0.0,0.0,81.100655,178.36893,0.0,0.5,2.0,0,2,7
212.72107,54.0,74.0,4377.6304,532.0,60.0,269.56128,0.0,0.0,8482.621,162.52188,0.0,0.5,5.0,0,0,7
182.0,54.0,77.0,5908.0,1302.0626,60.0,297.85654,123.90003,0.0,5561.192,241.93997,0.0,0.5,13.958303,0,0,7
77.85658,66.0,82.0,100.959335,94.0,74.0,91.0,0.0,0.0,1118.1708,87.21521,0.0,0.5,2.0,0,0,7
209.0,74.0,82.0,5224.859,475.88458,60.0,388.63678,0.0,0.0,22308.396,134.69295,0.0,0.5,5.0,0,0,7
346.52548,54.0,54.0,127935.86,993.1376,60.0,1219.584,355.7802,2.1202593,129524.73,199.27162,241.90395,0.5,50.387165,0,0,7
74.104866,66.0,78.0,93.036354,99.648315,74.0,96.0,0.0,0.0,1860.1644,82.0,0.0,0.12637,2.0,0,0,7
188.34483,66.0,75.0,847.835,84.0,66.0,173.66667,0.0,0.0,28664.525,82.0,0.0,0.5,3.0,0,0,7
304.11163,54.0,54.0,140.48541,82.0,90.0,89.333336,0.0,42.978767,4295.4473,78.0,0.0,1.2,2.0,0,2,7
654.7614,54.0,54.0,554231.2,1880.8274,54.0,1290.4917,6112.5986,655.57367,18264.576,729.23016,893.4312,1.2,54.79751,3,0,7
500.75574,54.0,54.0,5076.969,1514.0,60.0,204.40358,525.76184,601.9698,1040.8315,225.13887,8.0,1.3333334,3.0,3,3,7
226.0,54.0,60.0,6433.6724,86.27549,66.0,331.83865,0.0,0.0,81063.91,84.119865,0.0,0.5,3.0,0,0,7
97.57381,66.0,77.334946,93.0,92.0,81.92731,91.93714,0.0,0.0,1905.3401,79.89846,0.0,0.5,2.0,0,0,7
753.2744,54.0,54.0,20696.936,1514.0,60.0,1237.5338,1227.3475,693.1402,24905.04,215.42876,654.09735,1.8333334,3.0,3,0,7
322.23862,54.0,54.0,229.0,528.9457,60.0,134.66667,0.0,59.23695,4068.7446,101.19117,0.0,1.055779,2.0,0,0,7
135.62274,79.0,82.0,182.0,89.0,60.0,104.333336,0.0,0.0,7305.6123,88.59582,0.0,0.5,2.0,0,0,7
290.21036,54.0,54.0,319.8169,75.0,116.31732,173.66667,0.0,0.0,141087.53,74.0,0.0,0.6666667,2.0,0,0,7
101.91854,82.0,91.0,119.656425,826.4987,60.0,83.51758,0.0,0.0,83.185265,218.19675,0.0,0.5,3.0,0,0,7
607.76886,54.0,54.0,6148.7114,1514.0,60.0,338.2561,546.7979,645.2793,3370.6638,204.5888,38.06452,1.6271502,3.0,3,3,7
113.0,84.0,91.0,192.0,95.0,60.0,110.64325,0.0,0.0,5682.555,91.0,0.0,0.5,3.0,0,0,7
170.29132,79.0,89.0,229.0,95.0,60.0,155.45615,0.0,0.0,15172.172,94.0,0.0,0.5,3.0,0,0,7
112.976654,82.333336,74.0,106.00574,91.0,101.25555,92.08034,0.0,0.0,10942.603,76.0,0.0,0.5,2.0,0,0,7
