pkt_len_mean,fwd_pkt_len_mean,bwd_pkt_len_mean,fwd_pkt_len_max,bwd_pkt_len_max,pkt_len_min,fwd_pkt_len_min,pkt_len_var,pkt_len_std,fwd_byts_b_avg,flow_byts_s,flow_pkts_s,init_bwd_win_byts,init_fwd_win_byts,fwd_psh_flags,psh_flag_cnt,Label
102.611755,61.74142,114.98428,184.73428,701.36145,83.98035,93.947235,14453.611,11.595745,11.1219425,5367.1763,0.4910695,248.8924,14.2125435,1.132588,0.14323953,9
217.86996,109.71489,25.591965,195.93639,50.139904,61.147606,137.1801,1795.1,11.058801,0.73369646,399.3458,6.931402,33183.01,2824.3816,22.637974,4.1879144,9
180.97223,104.184,5.45994,198.7947,30.051083,67.91208,129.74353,2178.7114,10.514571,0.057117503,167.96234,0.16998091,0.80974257,491.64276,7.206162,0.91410863,9
247.51683,208.70448,42.688644,187.06485,66.78465,72.503624,253.9115,15938.577,96.20538,0.07221505,313.48053,95.150635,13654.365,491.70267,1.0886207,9.523003,9
75.74761,265.99252,9.202259,184.60484,24.376434,62.546112,77.58307,139.99498,43.91797,6.43307,783.692,50.653793,48695.555,218.01038,14.039646,0.7740847,9
234.70784,111.43099,21.953148,186.04219,26.322834,55.106316,102.73341,3195.165,129.71555,6.1188393,2051.6284,0.041495062,52624.617,2178.5337,36.369198,13.117584,9
194.7977,177.7456,5.489018,244.69731,27.892027,84.61533,173.88753,12109.185,10.100641,0.045236528,207.30505,4.143769,2.056055,1898.2844,10.136747,7.969231,9
252.25264,83.49366,21.155138,191.08289,39.39863,54.14988,155.99005,913.18567,10.476965,0.29708365,296.1172,128.0593,48082.07,2237.5122,14.057675,13.419184,9
165.79611,63.592693,27.810665,141.59645,70.84882,54.366707,139.87898,4139.4507,19.219479,0.0771475,390.07272,161.83629,40.719276,986.1007,10.4936905,1.5863118,9
100.08416,200.77249,71.81836,207.27078,93.950455,57.81829,73.46257,12638.836,21.407042,11.8521385,372.74847,168.70001,0.10985931,526.9021,24.857628,2.4301686,9
76.51541,265.6574,62.88158,197.73402,6.648494,54.296448,74.94468,10351.375,18.405746,0.073925614,919.08075,3.206464,11501.82,306.031,16.504837,0.3193434,9
75.652306,161.15303,226.48242,244.98334,149.6161,55.29804,78.667595,74.49502,17.700754,0.013389834,175.63225,49.98596,1.7834669,15.729222,2.1736798,0.34788197,9
209.37431,161.73763,68.44117,192.87512,42.085876,97.11396,128.16469,3526.4824,11.772743,7.6803493,762.54126,166.08507,57.17427,281.14774,5.1074424,6.1854177,9
76.78069,279.18762,249.57037,186.11882,419.66156,54.45575,70.87124,1820.6279,102.63848,0.09859786,880.14136,156.40358,27.598656,4.720157,0.92376506,0.41990274,9
184.067,168.86743,69.40887,192.49176,664.18445,88.70772,113.80775,30.514013,89.46577,0.06116977,2385.9119,156.75757,10.029385,62.178776,1.915868,5.1647496,9
76.99377,56.32053,61.19077,196.28067,13.197964,97.64509,70.27399,30881.883,98.76406,0.108651206,330.41693,0.41919285,508.79288,2.7634456,1.2481372,0.5498001,9
217.13834,246.10759,3.5282786,201.05171,53.769806,54.48347,161.74158,11902.619,53.370537,0.014946451,291.38794,0.040708657,53617.5,107.63727,1.2182875,0.5196748,9
105.48428,281.7217,152.92892,191.8594,224.25777,55.19274,75.285736,858.931,21.849443,27.936098,5573.7476,1.3326418,0.8302489,21.166323,2.8033,0.4110354,9
206.43567,138.62564,54.246742,192.10814,35.532856,88.96899,118.018196,7903.981,31.32105,0.03767524,454.8304,52.76117,0.026404617,1896.2642,20.218637,10.404338,9
145.16658,296.38293,19.014477,201.00845,26.569044,76.12471,146.83842,1028.7823,10.40457,0.05479124,605.19824,59.55672,6268.74,237.0928,3.2049298,0.6267967,9
124.45808,253.94676,22.726755,184.12746,47.114967,54.31037,81.17097,116.08514,117.32128,1.053624,194.57515,159.55724,7868.966,20.662521,2.8083866,0.28042686,9
106.75793,77.35408,55.044975,197.44757,38.036865,54.68801,95.85906,211.44115,13.472383,49.237144,200.97263,168.05598,743.8895,920.83777,22.303364,0.13799702,9
165.74577,70.20904,26.61254,203.237,53.151054,76.05542,91.775696,66.90337,36.061897,0.08588863,315.41504,0.062940724,27805.062,235.20334,12.390699,6.7662787,9
134.00954,58.94521,12.025936,184.27493,7.5714674,54.110397,122.0603,3382.852,128.62602,63.230087,1550.5122,75.26679,40460.863,1557.497,18.989628,0.24278067,9
203.72755,117.34001,4.6274996,164.76703,84.98239,56.609863,132.68578,135.40598,16.041197,0.10776715,7345.7812,172.94531,2686.6394,2047.0869,17.620525,3.648559,9
75.378296,89.039536,8.211393,187.30507,11.288796,71.86348,65.85806,28.229706,61.504745,0.08762558,9243.574,10.440864,324.42902,582.7573,32.496918,0.30601892,9
75.69764,59.39417,266.21146,197.98427,345.3903,96.02348,64.23482,422.37622,64.75621,7.082166,941.91003,171.36739,53809.543,37.31878,5.719594,0.3461614,9
78.17916,90.02057,94.86346,188.91612,125.60881,54.038963,74.97134,112.687965,118.387314,0.5283196,7679.6597,27.489944,41.728,134.54286,10.471329,0.3517697,9
105.23035,90.92861,551.09503,184.45401,179.49275,96.14793,106.15127,172.94482,17.035032,54.34802,349.37283,17.626661,20541.38,296.41995,7.504117,1.6257219,9
235.39207,64.71803,448.8194,170.4964,137.94792,80.25812,216.73004,6489.342,19.873035,0.095678546,201.39412,0.15638924,1.351987,167.16965,0.63948274,1.1991981,9
75.236465,209.6801,74.04132,186.62541,391.667,63.42895,64.33179,15320.137,20.232367,66.31329,3064.0894,0.5280396,106.057655,185.81631,16.516531,0.8220663,9
106.58942,232.46318,71.69544,220.26532,428.1421,54.22156,107.72858,112.40631,19.275215,0.0038239583,204.5255,1.4861856,11288.43,854.3087,16.60356,0.5648526,9
87.07624,57.87051,4.535428,176.56378,25.201115,91.67166,80.76012,546.8211,10.450273,59.640984,4226.3594,69.39983,44956.434,373.88116,15.759754,0.25114518,9
125.06074,205.2343,65.97721,191.21042,29.795406,54.386986,100.32207,243.67432,69.57047,17.26183,639.85693,147.31631,0.1891061,258.3266,8.679407,2.3375707,9
124.11767,74.76679,485.76123,185.50845,167.77617,59.430927,82.670746,1027.9106,58.46842,0.015502628,6683.946,66.12614,0.5563741,113.98761,9.0041685,3.6481154,9
254.7811,185.55666,39.890194,202.19508,27.06542,96.62428,261.42963,62.950306,127.10478,32.56177,153.10855,133.25143,150.66544,699.76337,1.3677833,0.6086931,9
76.50321,255.25146,28.75027,184.91681,25.037453,55.04233,69.0265,1439.2776,21.329243,4.1005216,202.04883,0.28144088,3.7199783,4.7427397,1.775578,0.2891139,9
76.86133,212.6045,89.46762,225.9247,337.92795,54.58285,80.663994,9496.672,34.885685,0.040331844,351.23996,92.77192,55.647484,300.2746,15.981435,0.78252745,9
229.13867,83.71312,5.137451,198.11658,18.91511,54.51496,184.04477,140.87833,10.212362,3.971125,1019.16394,161.88528,4.7585835,2350.1504,9.592402,1.33131,9
255.01624,181.33078,89.26049,194.94312,644.6277,54.35306,254.00208,389.28137,9.916441,1.4219162,156.26877,40.604954,1.3722694,1879.5095,3.7073789,1.2063534,9
75.58771,261.6793,3.335882,187.6741,55.73023,55.364437,64.75395,11523.715,116.43347,37.3812,5934.986,72.12331,44.79287,403.3488,26.20657,0.3138907,9
103.79496,142.59668,18.463097,177.39496,11.12025,57.64891,81.870544,29450.938,82.99622,19.491776,256.03677,4.670724,67.54101,402.32184,18.184322,2.2943547,9
243.19713,191.00192,4.1901155,200.33885,35.905155,68.57365,113.803696,9514.732,21.856907,68.64418,3675.3118,136.24744,272.3938,249.55652,5.697421,6.012962,9
242.59273,142.972,115.73226,163.72087,85.66912,65.68536,249.16267,10660.09,17.392803,37.484108,198.6806,17.406551,52258.176,209.7219,0.27712804,1.6398618,9
203.50587,267.4815,237.03423,197.48827,130.75055,54.858776,145.77084,2290.772,42.72676,0.6883234,768.2359,4.1526604,8.307728,1414.3771,12.02335,1.2980403,9
161.08362,180.61586,135.92484,169.26268,170.83438,54.73769,117.053925,190.62756,12.615005,6.5754995,305.9047,1.8853405,3102.794,1400.4592,19.375875,4.1287937,9
93.976715,249.66621,89.19174,187.66988,96.555176,54.323666,74.69258,11322.416,40.68238,42.84941,8398.174,173.18452,195.70758,15.5006075,2.6960826,1.6214343,9
76.28684,90.86266,114.51762,290.1746,75.77569,75.16474,68.111,1597.4308,105.82624,0.11199491,3059.3052,152.31163,495.10193,2.2987642,0.7408159,0.37192157,9
95.88678,92.06525,384.7348,232.0921,233.89014,55.683205,95.62799,315.1104,29.173046,9.807119,2329.67,10.5895405,39482.426,317.64563,10.4416685,2.12211,9
186.68045,76.82299,18.495861,180.84325,47.1763,58.927177,112.663956,36799.6,98.46083,24.714287,4950.79,8.251936,20.452301,70.118675,2.5902743,5.362837,9
79.38066,296.7675,15.551924,204.04164,28.29247,83.19291,66.90678,9959.16,20.882591,0.0058070687,915.2669,140.45978,27158.008,55.73009,6.6570854,1.1484578,9
89.48052,72.83315,293.12064,216.01588,289.0535,54.32364,74.643585,6776.667,11.47448,0.022070935,7231.6113,3.417654,13519.301,401.6606,21.998816,0.60351443,9
221.9446,55.978855,112.80306,176.53577,85.769936,54.031933,129.2735,1365.1364,62.483055,69.23115,6657.382,5.159523,18.954147,124.23609,2.482987,10.220362,9
243.98871,228.31908,231.10997,189.80295,118.02325,55.20968,243.60374,89.986115,15.861733,17.229351,975.4607,0.3721792,0.10746686,3121.3374,7.864819,13.870373,9
219.45494,60.701412,147.59422,169.32147,333.96448,70.34785,176.91492,86.59839,35.533848,2.6300552,508.99515,2.417932,133.68925,142.48889,1.1950018,0.80675346,9
101.3959,63.0512,412.1087,198.3808,342.5467,58.488274,74.25044,2183.9114,72.63363,20.159758,281.91644,171.42682,5519.256,277.53143,15.922777,2.5567513,9
229.49901,162.5894,11.213685,221.41104,18.452026,56.22432,106.527466,33.486076,121.857735,0.015343552,1926.2979,0.908071,219.21024,606.8313,12.178319,9.552561,9
153.32549,103.68708,107.97726,151.23116,163.74947,88.89235,88.67585,23.682617,116.76691,0.06567969,4951.1777,160.88974,5888.595,38.900154,4.1045904,5.660957,9
75.10487,58.22923,113.152145,199.56415,158.3143,64.138054,68.90146,41.957993,20.336685,2.355751,252.87375,10.522341,25.856594,396.43396,24.666512,0.8554234,9
111.27959,57.06807,446.4077,190.94087,314.4518,54.56454,84.05242,4251.368,18.753464,59.372086,200.2256,64.64759,0.41328323,478.93365,17.05159,1.0997176,9
200.25352,60.21515,95.752754,214.6972,149.0893,83.60352,206.83556,67.58544,10.650829,0.003317682,191.65352,0.04205692,3.8602846,120.48738,0.37331048,3.5996435,9
137.7163,73.74392,10.346289,175.90045,44.722885,55.10289,135.86961,1605.4614,74.67032,43.72991,351.91345,0.05935756,10169.71,182.1441,3.3977835,0.19834594,9
253.97386,251.04468,68.62857,196.72472,89.76382,54.16603,115.72107,569.25745,11.511053,3.7735891,1127.9042,51.784584,1.252665,717.6397,12.644114,11.426451,9
182.23459,64.53187,72.73274,188.11438,123.56803,57.765194,188.09085,26379.965,32.58231,4.331214,4868.8154,0.06340205,1.0590208,636.847,3.4117537,8.560839,9
219.56439,166.47058,96.02617,188.37427,114.91318,68.91692,127.69015,3644.4072,116.74236,9.430216,708.80176,26.624397,44162.96,2380.338,22.163399,5.9352455,9
187.13937,261.47946,94.06448,185.3161,515.26965,97.48425,118.598305,8899.176,83.90112,3.7144117,179.6871,2.1489272,4019.4363,551.2731,9.467177,8.752104,9
125.26582,86.24585,11.269741,177.74902,51.192142,69.7642,92.17781,263.83698,70.405396,2.5934095,516.598,79.18164,8385.424,150.96123,6.6410007,0.97684425,9
74.999344,243.85265,481.73837,188.52495,288.55286,62.093998,68.07713,693.39355,13.458418,50.938465,4018.976,2.291143,27476.158,606.7562,33.76089,0.5853993,9
250.66806,273.08875,11.844691,180.10425,21.352003,54.58815,244.35568,35018.9,50.44182,73.86862,167.9095,0.04338544,52727.805,178.22313,0.29896986,15.108367,9
101.846375,78.70491,132.76944,192.5618,112.184654,56.65749,76.77528,191.80167,131.39084,1.3028833,889.2671,5.8724065,1390.9973,81.056244,8.54396,0.31180888,9
123.70829,99.38752,31.556015,185.801,75.16485,54.786827,81.8911,37014.73,46.774376,43.453274,612.6297,5.978635,10515.655,234.51865,11.588954,0.18389177,9
167.61441,142.62271,205.8602,196.24794,474.08292,55.115974,170.59038,20330.635,13.812872,36.14822,240.08403,46.467995,95.00865,85.04248,0.5831863,0.31389415,9
76.61105,91.21442,25.27345,178.60074,42.44524,90.25032,68.29672,47.07943,46.93622,62.79309,6292.169,8.410107,208.55145,26.007458,5.211357,0.62776875,9
161.49648,271.52188,12.414729,232.10645,38.310272,81.08098,126.7402,12174.822,114.09436,0.104856946,192.73059,29.517866,27671.574,1871.2521,20.074741,5.6673584,9
188.36072,93.61348,111.37691,218.30142,92.26654,54.04164,108.506966,75.78652,116.3776,0.56611,3449.0825,142.9639,19280.758,94.13028,3.648619,7.7216706,9
187.35742,66.421776,483.43945,185.09491,59.37338,54.483734,101.40835,95.14788,18.762724,2.2278645,2878.2024,115.40614,5.624296,431.34375,12.244219,7.3463855,9
253.78633,69.51228,260.74927,199.83565,420.3819,94.18504,116.95596,3538.722,10.748072,8.09865,1886.191,0.25746846,5287.3633,270.52493,6.61048,13.231366,9
121.850296,86.08807,412.6486,195.88156,392.1605,54.052402,109.54676,301.14267,43.462082,9.607935,237.7448,162.67055,167.41417,1191.7892,19.055582,3.2826097,9
93.03489,132.6453,10.753579,187.60683,23.594961,54.064297,70.956726,1826.9764,120.78557,63.78789,476.76904,34.72792,8.972284,190.48737,14.076689,0.1637617,9
77.59746,257.6485,262.47284,203.90979,254.95045,73.34648,73.31918,775.7462,33.774418,25.074348,973.04016,24.169498,19433.357,12.375645,1.7044827,0.3598202,9
125.477394,142.21465,211.11896,197.76814,167.16565,54.330894,127.89951,523.88055,22.861488,0.100574225,630.4065,21.424522,49297.82,321.9396,6.048573,3.3027732,9
255.68292,217.13168,11.635556,190.5626,9.080996,92.857086,106.08211,230.24089,105.429306,15.612764,204.69531,82.43123,10718.537,357.41156,11.564022,4.9831505,9
186.97762,56.323425,86.13958,198.77051,217.80902,77.79995,131.4711,1978.4009,102.358505,0.024487909,825.8799,0.567628,14996.914,210.13326,3.7224288,3.4383254,9
114.66434,295.62003,23.876183,193.84789,7.2782097,54.329575,112.58047,83.840866,26.564667,0.020390155,7221.699,41.091175,24142.078,471.68564,9.080575,0.49478832,9
255.494,69.38292,33.736725,187.71927,62.255646,71.37089,188.62918,16382.344,11.250962,39.814255,269.3449,124.5567,19855.885,191.25433,1.2886822,8.943574,9
76.17297,223.75554,35.902813,184.82951,68.770355,55.258644,67.901535,83.347496,95.63048,50.775253,365.96844,81.926994,37.567844,38.590202,6.1762323,0.3665744,9
111.92444,63.356365,11.145523,191.4963,11.715466,62.092525,87.41523,10578.809,122.68442,3.3606217,811.9013,0.96173096,36600.41,14.6095085,1.3015282,3.0171466,9
91.396286,308.32562,42.10659,187.57419,67.90097,64.49944,71.35491,103.74765,50.407413,0.0040280386,4731.355,173.15994,36.660446,180.84698,12.753263,1.7239166,9
80.65328,56.24184,8.745805,172.5834,30.968254,86.23869,83.88533,1629.6924,125.8746,0.04746651,184.46922,3.7135277,1543.2554,10.210363,1.1496494,1.2322588,9
105.841576,80.01437,251.99905,193.48216,302.94998,69.95439,82.13042,5749.7876,119.08587,0.08053068,8111.8887,75.05492,12.106474,15.166413,1.8000715,0.24979128,9
77.6087,181.55435,209.13751,184.75882,117.99572,59.15111,73.276,83.6582,11.182616,0.019624487,511.9445,6.6773124,9.6203785,3.2948046,0.36595276,0.4596935,9
109.65704,76.86928,51.59606,225.6176,7.8462353,54.40355,79.33633,50.56119,96.98506,0.019929258,3838.5115,0.8040442,5327.143,178.4008,10.053766,1.8394746,9
183.28125,72.4227,108.39815,187.93375,141.2963,54.028076,142.76811,5716.959,72.00064,17.3662,817.2755,6.7795143,2.3502095,111.75011,1.8559526,6.329834,9
76.55275,66.80408,355.23422,163.05835,116.68623,54.651405,68.87913,39.02012,105.44362,0.036181346,7120.0234,162.19548,25012.371,22.541803,4.970792,0.95118153,9
80.67599,65.73667,16.67373,158.47733,38.522133,54.31103,79.99433,369.2369,24.439821,8.904474,1511.2961,7.9698324,37833.746,3.0276194,0.10814391,1.0065558,9
237.30383,224.89832,145.00601,173.84276,200.09036,73.39705,109.86471,38121.543,41.41078,1.130063,2175.9268,14.393989,0.05883344,671.3826,13.760819,8.760414,9
96.44322,203.17586,18.792885,191.32327,8.885564,62.90845,97.02408,39993.97,9.659027,10.0159445,1399.8633,28.333796,4300.3,342.26538,12.015602,0.17937541,9
169.4665,90.89719,79.14078,188.41093,108.74732,93.973274,112.4247,4490.897,20.942577,0.047259457,7937.206,2.1172733,50880.1,47.13334,1.7895093,5.9822555,9
238.74391,110.737854,12.969423,190.28513,15.668845,55.25577,115.56717,503.2533,89.38785,3.315235,179.71631,172.85435,5.9094796,747.2569,11.326535,0.6306484,9
74.73952,64.155106,101.08705,232.02586,537.8621,54.125984,64.54034,26280.248,10.305304,30.643442,824.7258,144.58014,4.956382,3.776958,1.0290935,0.55376244,9
207.51741,226.93716,24.920378,188.73834,36.17784,54.728123,98.89749,39233.566,62.63896,59.058712,177.78967,7.759135,0.33547345,187.84628,8.536594,2.424509,9
178.25961,83.24471,60.129826,189.99765,17.57232,95.769966,183.62857,69.39624,119.9909,3.2015822,188.30954,0.33788922,16.076397,986.7651,5.6576123,2.1051536,9
171.89429,91.05077,10.907867,185.22122,14.4760895,56.083775,143.01505,50.3258,40.01568,0.026397461,832.08826,137.20349,85.159615,534.60284,6.2352276,0.6112244,9
96.99356,62.4688,6.4769187,173.92998,19.964504,54.026237,89.38617,1661.166,13.015384,8.1039295,6471.2188,10.195635,504.11966,368.65564,13.779427,0.17022116,9
80.24409,57.67425,178.6224,201.77715,158.0487,55.06775,70.08938,1321.6975,17.950573,9.757152,208.38684,126.39706,344.1458,40.390102,6.030436,0.21792324,9
255.02002,216.6222,452.7544,193.87112,241.16475,54.918686,106.48045,53.84337,21.591995,0.053022772,691.9405,0.043154605,0.09392855,3686.6748,47.048904,1.9908592,9
251.76042,295.78485,44.26663,176.68999,87.93099,89.73543,234.1128,55.78376,59.74094,54.789356,2957.4456,19.033226,3899.1238,2018.9556,4.511141,8.452326,9
76.575165,57.500877,33.174423,205.43362,65.95968,96.21011,78.73619,35493.797,36.9917,68.49672,182.86984,21.370214,8330.824,2.4573832,0.112307556,0.781641,9
75.477646,57.543766,130.83496,193.68536,278.4063,61.716385,70.41902,24092.258,86.132805,0.054932386,179.18834,9.273536,4.433297,516.4398,26.76273,0.69212335,9
75.8404,165.62592,76.204735,197.47057,89.606155,57.59563,69.56108,60.140583,16.347599,0.008785554,3522.878,171.86008,77.0932,21.393326,5.0253234,0.30352357,9
174.0948,202.9681,54.770416,190.59029,10.970457,94.150696,120.93321,1199.8582,55.97223,0.6331018,5366.4697,0.64636195,26018.168,460.4634,8.166851,2.0524619,9
75.66002,59.31761,115.513435,192.8879,642.8617,58.856724,66.05684,19347.145,22.239193,10.698445,560.93494,18.353863,0.029578067,107.42974,10.837921,0.38416594,9
239.03549,228.66444,47.536304,186.21243,96.34449,72.60474,152.39088,43.271564,18.166206,28.42313,1319.7229,9.252817,131.7894,1813.0001,13.119651,13.698411,9
94.889244,61.535927,135.5683,202.03151,444.9262,88.641815,71.677284,1403.4677,9.535539,4.263329,1931.2338,0.09730572,52779.625,11.917741,2.1406093,0.38226113,9
86.71103,99.19627,124.64277,236.99121,699.85364,54.921753,89.811874,832.6351,14.191561,0.09095519,7552.4736,73.757355,3945.5298,420.73065,15.068812,1.3952194,9
252.90039,163.98917,569.3034,191.82556,133.60059,98.03235,206.1577,83.53618,18.887741,17.733969,199.43097,146.29535,4213.9966,218.02051,1.0998521,0.6259969,9
75.54587,90.51906,195.2603,191.50163,639.5963,55.167347,74.25241,8789.464,87.13934,0.044746872,9143.97,82.07625,4.0479918,377.90063,21.49075,0.32852978,9
221.33788,96.69464,175.30904,185.78212,199.56883,55.372017,101.11154,5850.966,20.117785,22.73957,203.3922,1.0197046,904.5636,834.3736,20.410877,7.4503813,9
165.47884,203.77217,211.22762,186.08643,193.24286,61.302937,114.91987,80.2181,18.271576,15.041937,263.2959,162.23845,54141.72,65.517426,2.1163893,0.8135742,9
240.97995,241.29654,330.30646,198.96272,121.98428,67.08491,241.77048,171.49854,15.3435135,0.0575242,648.8861,1.9997773,12297.992,866.397,2.5923157,0.644842,9
76.783066,149.39198,299.9514,191.87927,126.314766,55.97459,70.74065,75.217384,10.496329,0.061068844,276.16653,86.906944,0.4655553,190.85202,14.278857,0.2746952,9
85.42535,90.91686,14.178738,185.27524,8.922492,55.372795,81.820656,456.3065,10.179746,4.344327,161.3593,2.2306223,3071.0542,41.499046,3.939673,0.27428132,9
74.965866,71.60561,177.29385,182.42867,208.11136,72.66808,77.92676,525.5011,13.4092045,36.85138,1459.9551,0.039843276,2.5785038,42.84158,4.372793,0.3538412,9
244.40857,234.25398,33.101894,183.25806,72.019646,82.09403,104.57599,9492.941,29.491531,0.33817318,681.9441,78.09425,42.235943,162.39848,7.2171416,0.57652736,9
78.86618,71.80954,45.1939,179.42598,5.941406,97.193436,73.71719,28.530817,90.43609,0.020096187,558.9265,0.40938264,171.75543,223.17168,13.88866,0.23986134,9
75.37714,103.928665,265.206,219.54453,196.35999,75.30542,68.78876,62.552326,69.57942,7.913719,1725.9515,7.2265134,5176.7305,469.8417,27.070038,0.60931325,9
82.62133,235.31938,36.407356,179.20226,75.31459,55.24861,72.3814,92.11044,19.566656,0.051442068,7825.465,25.360477,39913.08,735.68085,39.033012,1.0264046,9
233.81287,57.12996,134.65842,182.53864,121.194435,54.970734,158.693,84.41178,26.397963,70.87178,1298.1804,161.59149,1493.361,168.83261,1.837374,12.118726,9
111.57626,60.191887,112.2685,175.14871,106.96551,54.52145,94.73427,6032.111,10.078629,0.0941241,237.08736,15.374404,48924.53,15.568045,0.89069664,2.9617567,9
74.963806,75.89293,175.17836,172.17375,208.19214,55.12419,70.088394,33849.64,129.01509,0.074618824,996.62396,21.995087,7130.877,3.0183117,0.5033627,0.33184478,9
81.57117,57.82208,30.3217,191.79468,17.544632,88.148415,70.826385,1133.6002,106.760086,0.13432749,554.762,44.162613,47158.85,28.235008,4.477254,1.1731791,9
100.65715,67.07137,5.7557216,189.92645,16.917843,87.012634,100.82627,98.33845,122.95867,0.03950807,179.75845,0.3929379,80.693085,31.407728,1.5816382,1.0274838,9
254.85002,111.085625,107.4027,188.50488,79.40761,54.529682,109.47668,3135.2231,91.73625,0.107624605,7926.72,1.3012015,4605.0254,212.57579,6.8134375,7.1542606,9
88.370674,209.49393,109.94789,196.93478,142.88004,54.554127,73.406525,11110.828,76.68521,66.50596,1873.1985,43.594913,5.012397,655.015,34.659893,1.1675055,9
254.71684,105.8986,5.9333754,196.84128,15.542081,54.686314,260.767,15335.369,13.491621,0.07439589,952.38586,16.542192,24090.719,240.68683,0.25110984,5.5080404,9
222.15742,59.050808,33.68705,190.36751,50.183743,54.76329,130.59773,5466.4487,59.213615,1.517604,6286.86,80.662315,173.25905,2620.7676,22.30572,3.8958492,9
114.59845,89.95332,19.236874,192.68654,24.076012,55.67064,77.171776,21884.234,28.173882,49.25374,179.06981,87.45137,10.693914,19.351454,2.397477,0.14596589,9
75.5574,59.795734,20.396185,190.38165,7.8379416,60.730164,68.85128,1510.3389,11.545206,1.2461381,483.43597,5.8926306,0.1623783,14.961922,3.0618854,0.29873937,9
194.71602,297.98038,23.36529,215.33006,41.86537,85.8165,133.41562,61.619656,100.50447,67.73647,673.247,25.22103,20044.479,559.2518,7.049887,6.454312,9
167.8995,56.413345,101.83627,216.04123,128.66176,66.25974,140.7998,920.3333,34.30684,19.771646,6849.618,59.297195,18.136654,2108.829,18.778746,6.8016806,9
129.6442,84.48589,4.042284,174.68843,27.085896,72.16889,92.397026,1857.8589,20.486412,14.419293,2652.7612,131.72806,0.76477087,47.605682,3.170324,0.49178624,9
75.76895,301.50494,40.173256,194.38658,59.364166,54.097076,77.72803,23403.582,120.88276,0.0903333,8236.639,93.97486,0.02960699,8.463885,1.3789022,0.63466,9
77.35064,56.41545,234.0313,181.0921,132.92644,96.21919,79.109024,961.37836,65.41325,0.043258846,194.99527,17.3267,0.023393488,10.3444,1.2365916,0.2585382,9
94.69374,160.45279,94.8258,180.37122,155.36427,97.11714,98.42569,11434.465,27.166359,60.13942,2387.0254,0.32196867,53.03354,452.56427,13.604546,0.82742786,9
216.90942,208.97034,75.70466,184.07106,17.029654,83.95648,213.44513,108.68753,124.27658,0.12077633,2652.4893,6.531712,10.56543,2421.8303,8.375327,0.63732797,9
75.87918,72.602066,31.37022,189.53146,9.28762,54.77999,68.649826,3002.8623,19.94941,50.9775,488.10693,0.27948484,0.48611483,651.323,35.29554,0.78570205,9
79.07385,64.19644,20.749277,189.73773,16.97848,97.53734,73.0017,26834.328,120.48935,0.09438481,3941.2717,10.47819,28361.574,3.5241811,0.45760155,0.9334855,9
77.24218,101.94893,4.292104,197.41408,45.267563,98.86653,65.27538,35884.945,61.84874,57.497696,6885.4023,161.13309,3.652268,3.4909744,0.8891901,1.0473516,9
80.13503,68.668,18.71931,188.45781,7.958646,88.12423,71.26364,179.12048,99.21276,0.011092381,226.15486,0.26641622,31131.107,2.942018,0.55309093,1.0905867,9
103.07939,174.17673,336.63397,199.63281,178.80545,55.280163,89.49092,120.46954,116.48366,64.32506,1938.9656,34.238945,19002.725,986.92334,26.87557,1.970588,9
75.80275,241.53479,235.71513,196.89534,244.80887,81.34787,69.654076,13904.53,59.739376,0.027020246,8894.109,150.10844,52606.605,5.0135417,1.970726,0.37327713,9
192.31589,89.94318,351.95386,173.03741,197.12506,77.59334,130.03369,23.224554,24.798962,0.029268945,176.25957,0.03982698,0.16704358,626.8422,8.072995,9.27874,9
255.89769,62.28871,503.19464,207.20078,150.53583,54.314117,211.971,80.86353,10.466423,6.4217706,302.14044,2.943339,41163.67,1496.6045,4.9616246,7.1326957,9
130.26007,184.6391,76.282234,181.08401,65.13966,54.45792,131.70705,10373.939,34.341747,0.048871037,908.15125,61.786194,3.082956,1522.3915,16.956217,4.005618,9
212.86653,88.106255,86.63678,184.13116,518.23376,54.773743,134.2544,2071.3616,62.63593,4.803492,506.2328,158.19174,0.22421566,2180.629,17.377758,0.83442146,9
98.00969,204.63422,34.219837,177.9514,7.570237,54.730408,99.35335,192.77597,31.577662,0.004787618,238.9682,67.61779,1.4469419,10.7665615,0.68019503,1.5154358,9
195.9317,66.327324,374.41815,173.58649,107.31125,54.770603,147.48119,5407.3965,10.557108,1.1061655,6217.0483,30.738712,0.2637644,88.07299,1.3687576,0.9925777,9
125.30876,227.49063,116.80487,204.87714,706.6926,67.32704,125.61527,66.63803,18.69917,67.90722,1136.403,0.14321645,0.07202529,147.62512,3.4933226,1.6172097,9
77.956345,56.343876,14.061826,188.14252,44.345493,61.701885,76.695404,70.92523,109.210495,37.01032,167.4544,171.74258,26797.193,3.2949934,0.24513663,0.24841152,9
249.80467,160.04413,23.358349,190.79596,23.305153,75.500694,194.47362,28335.7,17.732924,5.272241,2700.3306,173.99289,106.49399,3558.196,13.318285,2.160705,9
132.50154,235.75137,60.691853,191.03783,114.973274,54.460854,93.891525,7975.3086,10.226154,0.10142482,1437.0637,0.04954926,49989.617,366.36008,12.443689,4.3405304,9
77.51306,311.08798,5.31772,185.19948,18.665266,57.240494,64.66469,231.90656,120.96049,0.25676113,260.66666,0.15012057,847.6539,480.17334,29.550262,0.3722559,9
107.842545,55.881863,140.15865,172.96191,296.05542,71.19421,109.01276,1286.136,87.47891,68.72688,7237.352,1.753278,4015.8682,176.44647,5.577708,2.067943,9
226.56976,70.891426,305.05722,196.81685,132.10764,54.17687,115.07817,5371.3857,16.877562,14.230064,647.1274,24.76763,3540.3933,525.2943,9.135432,0.56573975,9
135.76674,230.14917,70.499405,198.14668,98.02423,56.505184,116.64354,26776.32,12.61727,0.063698545,1269.7999,0.35803944,44018.523,140.94836,3.480837,4.812909,9
84.703964,61.914192,5.056348,181.77368,20.82711,55.05059,76.87121,175.32341,10.924521,0.096274875,7021.4995,17.568102,1.7348167,5.7926474,0.67905295,0.7435353,9
75.38165,98.827065,243.77269,191.47989,502.5229,54.745796,74.30066,201.81717,104.865,2.781413,717.0879,2.8660047,8091.99,41.457695,4.43592,0.342472,9
254.70038,58.21336,241.17572,184.28616,210.14655,54.775204,182.55177,7000.4814,52.340927,8.073508,350.63867,2.8979363,469.70566,196.3853,1.4412496,0.6017193,9
75.98879,89.40617,30.870008,191.99106,52.965626,54.87924,65.02991,45.158607,110.10555,0.100779496,799.0935,61.029034,13169.628,16.699318,3.028681,0.57017475,9
117.10629,312.60376,32.382397,181.02074,66.33483,57.75536,119.74682,77.4921,115.954506,0.85666674,338.08524,0.5424968,1145.309,1123.5813,16.667011,0.36507475,9
154.67744,199.84924,55.01687,194.58998,46.849907,61.251087,106.42471,1561.3535,12.696137,3.044783,1028.5565,127.20158,2.5943203,1787.0461,28.220556,5.1573515,9
161.42877,89.96993,581.081,205.99498,112.72023,55.446793,154.42104,16761.973,74.05539,0.019524183,2839.1848,3.716898,45445.793,1440.6311,11.127719,0.6002187,9
167.79099,58.00653,76.21195,198.27701,69.38067,54.976524,93.22749,138.43489,50.66898,61.04294,1033.4865,1.8338819,0.32149866,860.9812,19.998705,1.8159785,9
79.758156,88.688934,39.53682,210.14383,70.292145,55.118813,69.63653,1792.6351,23.051325,1.0509123,174.39755,2.4406,18496.623,18.283909,4.1724806,0.34915197,9
80.37448,104.028275,25.663628,188.22092,13.244592,54.8859,67.27532,135.32417,13.788542,11.007355,200.02545,79.07878,2602.1465,6.5824885,1.2663921,0.74019414,9
199.26884,176.93849,6.1675196,194.94078,21.885633,54.442635,190.63333,8386.76,10.004463,22.793715,4768.103,119.09165,0.13169703,2583.9377,11.528913,7.379108,9
154.75423,245.59555,18.829594,188.80695,7.992774,96.436905,122.863716,42.21148,97.30845,2.3192377,1129.7844,33.953156,127.88285,33.497707,0.7644947,2.1800983,9
78.1826,136.21799,194.18628,159.98186,224.65091,57.649216,65.95952,34663.89,15.372499,0.02055573,234.01517,26.01635,2879.2117,17.32473,3.0409684,0.24892217,9
173.29678,55.930897,245.83531,191.49411,447.2587,67.34363,128.94574,149.64383,64.23609,0.06340251,1371.8959,22.684948,79.41984,380.68488,5.816689,5.7099924,9
178.95822,84.39219,108.38866,174.58307,162.01823,54.104404,113.21813,95.69801,22.497717,9.604013,616.0053,10.664359,19.264307,62.361965,2.2687244,6.5374207,9
76.604355,82.158005,17.48701,186.21646,26.354832,54.478046,73.586624,469.16193,12.589981,0.010474543,7672.3677,0.6430463,3161.9016,2.3932095,0.18463449,0.92427564,9
82.16348,92.08176,29.914425,133.06854,77.610725,85.433014,68.859344,493.148,109.0328,0.46619874,303.36725,155.13614,2148.1162,225.75888,16.206465,1.210779,9
182.15056,72.69173,212.29123,197.95808,482.13513,95.4086,186.65717,1198.9365,16.89731,0.45959777,7264.6567,17.934591,0.22146244,86.23769,0.33216342,5.2891493,9
75.40183,91.1462,40.823975,177.33594,5.77238,97.63747,78.70844,33.216423,34.628025,0.7764543,1492.0454,35.7689,4.2437015,147.08777,10.424387,0.31047735,9
140.54999,90.869804,27.865849,176.64551,48.252884,54.34195,137.70834,88.044075,11.184603,12.166018,7262.516,0.035770297,0.30384463,923.20526,9.891251,0.99672765,9
238.16309,104.61269,26.435707,198.54001,63.686024,55.38742,124.59006,7300.3525,27.638271,0.9204364,7176.182,170.2826,17511.596,2093.147,22.026089,0.57451963,9
75.12262,291.69122,23.494946,184.1868,8.18042,83.617035,74.2112,65.876236,38.13239,0.9399594,237.73831,37.61391,506.4239,2.025782,0.08554873,0.4285896,9
129.5189,89.858826,101.576904,191.75836,176.54372,55.16215,87.41093,447.15314,102.0908,9.870304,7406.4824,28.15829,0.0057981713,1276.2704,30.581692,2.616249,9
218.51569,101.52165,156.0787,187.94835,354.37692,95.994064,106.17309,89.45727,26.308514,0.08305914,2049.6472,0.29370928,51.388,1715.7018,23.422787,0.95811874,9
75.84169,161.07959,66.05838,174.60844,6.718438,54.031143,75.71421,286.4704,79.58544,3.1375415,4640.934,0.9724341,29.209982,76.80306,6.585738,0.35759896,9
254.64551,119.05736,467.8757,186.07083,236.44746,54.787174,150.22456,4475.963,45.27885,53.64261,211.01944,0.487523,5.716354,297.81848,3.4662793,4.080613,9
251.447,237.28271,25.464314,198.82565,48.513306,79.16703,161.30118,197.24385,11.464075,1.7665524,678.53394,23.64607,67.18738,412.43268,3.77169,4.1220875,9
128.11894,108.66964,10.516962,204.44446,40.110146,55.10273,94.15787,62.406094,27.081478,0.09613023,896.755,2.5257568,0.19241011,325.2542,11.603768,3.6718357,9
80.53827,235.08028,84.59378,229.22253,576.7195,55.21051,69.73056,37.210735,91.866875,0.10377827,9035.265,163.99301,1613.4995,12.704859,2.0975125,1.252356,9
139.94415,75.212296,6.9848223,188.17734,42.2721,56.457905,135.11165,9681.448,70.96379,0.03680717,1238.6884,1.4127034,10471.078,33.5165,0.7062565,0.7495737,9
94.317856,209.57434,11.448804,194.98825,9.500058,94.3992,84.40933,78.06288,55.659588,61.53867,200.04797,160.02914,26809.514,307.35956,12.679281,1.8031709,9
120.24299,87.18996,9.522934,194.1995,10.311462,54.866394,81.166855,4697.4033,114.50704,31.99411,1777.0763,3.7694225,6788.6484,365.79208,18.993374,2.2565818,9
76.32215,82.387634,11.756087,190.2729,15.6201935,56.970383,79.23962,83.73199,47.27287,0.09063326,1689.2488,23.236893,196.15964,378.0902,18.15509,0.2904855,9
164.56235,107.382645,27.096706,214.07114,5.303355,96.6133,91.58659,543.31445,20.474255,0.48409727,266.4436,168.82637,1.1293494,49.600487,3.028464,0.54058146,9
124.815125,288.72162,24.304676,186.9353,18.925829,69.90058,85.70508,22391.053,19.829113,0.10489816,159.73212,57.6573,1.0845675,181.43234,10.224707,4.047853,9
251.98071,136.51129,10.260471,189.18909,8.498548,95.14,117.75091,723.4436,114.008064,51.513412,889.91516,167.14888,118.09818,563.35547,9.116073,0.98418015,9
88.44806,84.47526,295.55484,191.6957,238.6647,80.28082,69.044334,63.82887,103.99148,0.075842544,346.03986,8.948435,2.3304656,177.8776,13.9291935,1.7650378,9
253.57466,92.23146,9.861841,177.09001,10.365544,54.10908,106.31464,1831.1198,118.997086,0.032608625,1329.5376,77.85453,0.39076322,3695.777,47.41689,0.78421223,9
81.50009,88.62537,35.186764,252.55545,79.06839,85.9839,79.37901,99.26108,10.309725,18.03017,9279.385,173.7539,0.0502391,768.204,27.209385,1.0335095,9
168.35023,192.08282,10.122435,185.68942,11.437834,55.577892,159.11105,1570.7805,66.86133,40.825897,4676.4,149.84308,5.4737225,60.29828,0.7224778,6.9218454,9
115.182556,90.609604,488.71136,185.83057,136.16591,54.023903,79.90705,5167.7563,32.99639,50.707577,278.92322,19.978348,4118.269,364.02478,16.188982,2.6326249,9
76.367256,92.248,314.62317,186.2336,288.7842,89.88603,78.325714,95.67058,34.089867,28.258501,7774.9043,0.16714936,0.06807832,89.82005,7.0697894,0.9141464,9
234.90529,72.02689,50.76261,186.70667,53.34436,55.393284,160.86574,1459.4752,22.922306,72.337746,406.2581,132.25333,7.555626,159.01642,1.5634458,7.565057,9
76.5634,273.46423,31.382162,188.35973,55.004185,54.039753,69.57569,135.42986,106.851746,14.274567,4027.8303,169.90446,25.237139,332.92725,26.07816,0.593109,9
252.71243,264.25,29.998543,182.67505,57.53026,55.95099,224.487,89.502525,11.339123,0.18150619,179.0268,1.7802777,674.8523,1362.5994,4.0302067,0.59216595,9
75.39094,220.91875,18.363546,195.01031,32.056698,54.115494,64.587425,4192.246,36.49918,0.7174363,6091.409,0.270346,27184.363,227.7898,19.591827,0.80940497,9
85.97548,144.53725,37.52034,186.56583,5.9046564,54.034634,77.64218,92.92277,10.332117,0.11094707,194.49097,42.13318,46061.695,5.061387,0.5410748,1.4023458,9
103.05736,110.428505,30.29541,170.6204,60.9357,54.668526,83.87971,143.59883,19.984076,4.1288586,194.08383,0.103084125,10173.125,77.88213,5.4685636,1.5994486,9
137.68051,121.5436,383.78745,190.61185,101.83392,55.14413,137.2783,2313.506,21.095093,55.56462,1417.1172,68.32028,3975.0457,1308.924,13.663605,1.0611976,9
74.6187,56.89944,54.63907,173.41092,82.43915,65.82329,69.839485,29.583698,41.129246,0.030872544,8377.861,6.8159847,0.017217148,23.739105,3.4536197,0.81935257,9
139.40097,216.53827,4.3924346,195.40308,22.803291,55.378468,132.646,11488.763,19.858683,0.5479252,4600.222,33.10577,644.0402,117.21864,2.0694191,0.24185725,9
135.33452,89.44657,159.26581,180.94827,620.7461,55.06045,85.08771,361.84552,10.230151,9.769477,5477.122,92.11333,35424.336,22.59239,2.9941416,0.61440134,9
110.19539,70.461365,11.8509245,154.61629,34.230595,91.37439,89.139244,9708.356,120.75148,0.07236553,1247.3674,140.59846,4.0764456,197.3631,8.70977,0.7652178,9
96.71523,94.84307,31.80976,190.25749,54.695396,54.411556,93.91302,1340.4976,14.492883,3.710257,180.78317,0.7664548,48320.42,95.74182,5.375307,0.14273465,9
84.05823,219.99075,16.292141,184.95308,12.273615,54.661545,71.22706,430.29507,10.714734,8.305895,2743.8086,169.89029,0.038720272,5.5862455,1.3985581,0.18121956,9
79.98108,150.76137,132.14255,193.32227,329.12515,95.41246,82.5321,74.8525,65.41528,25.505135,195.8471,20.031713,5879.161,16.989382,2.0513287,1.0764201,9
76.67199,73.99736,63.662804,190.71878,119.59077,82.82857,78.24058,62.781746,24.049994,57.205433,1139.099,0.28440607,11160.416,429.78967,19.667986,0.46594578,9
75.452156,69.61972,38.692883,197.59941,51.896683,54.457497,78.76384,2766.1702,73.12167,53.369682,3199.9175,36.48388,50787.22,13.002838,1.9017024,0.36473805,9
247.54858,58.831413,63.134846,198.10214,71.87912,54.416286,104.81564,3153.0098,129.6384,55.7578,820.4088,91.757164,27304.77,169.992,7.198758,1.1611948,9
233.73517,70.10786,38.583466,196.94745,30.82892,96.72623,103.51864,2183.0022,123.92541,0.15596649,966.2029,168.28307,3184.2046,507.8804,14.456744,2.4199605,9
132.2067,133.7652,11.819296,185.9483,14.45788,54.542263,88.8624,11878.69,28.107643,0.03100665,803.6242,0.45547408,35702.758,75.59465,4.317253,4.3617277,9
254.52278,89.89046,534.7775,170.26112,90.15226,55.078606,245.96399,2067.4146,10.572941,3.1706507,1122.6239,6.97774,3064.5776,199.08443,0.3462041,13.146671,9
232.85057,165.77869,166.14954,189.66943,305.03168,55.003944,103.309875,4294.278,26.17242,0.021002153,424.27084,0.1349414,3.0793073,579.5492,14.678988,3.9341567,9
186.21735,137.65453,33.431633,193.34912,45.208664,54.77624,152.51009,13383.633,10.131337,61.32424,2154.2532,0.600768,4295.917,67.52761,0.6792635,8.5205965,9
113.08042,183.20078,56.60816,187.43594,14.513046,93.25337,108.39173,1443.1086,27.788591,6.7016788,5997.8594,42.411465,16751.377,57.70691,2.0851889,0.58520174,9
74.66346,178.85167,32.58196,189.4065,34.778725,96.79457,63.854843,2817.0889,68.2731,0.10888229,1051.6533,15.499195,0.65062773,12.588853,2.5919418,0.33809087,9
103.37471,91.09828,12.852165,189.04521,24.794724,87.18327,74.81269,75.8813,58.15195,0.36278176,2716.248,0.6842882,84.94657,157.54245,10.641796,2.2575138,9
254.41547,76.32271,225.38971,196.55197,305.66083,54.028625,108.409836,1471.377,59.74349,0.021980874,1263.2186,0.24369794,18774.68,847.4402,17.178524,1.3362064,9
91.97942,114.803024,84.64093,192.65671,73.21727,54.66555,74.10068,404.04504,10.143993,0.04252754,149.03871,158.87395,44644.367,722.22455,34.49866,1.6217096,9
253.58098,57.678055,249.8836,189.63298,270.61105,80.90758,123.267365,1641.3157,58.982582,52.60373,847.37994,1.3123679,21096.445,305.72943,5.462451,12.258066,9
246.89842,56.33816,116.07425,189.61072,202.14355,78.13462,213.34975,2758.4727,77.65906,56.864113,654.994,1.5693878,17.959496,200.90195,0.89241546,3.3603613,9
105.75887,57.414883,3.8722968,186.22511,38.88722,84.79204,77.66052,760.2393,127.49749,0.38930482,8328.426,15.530313,0.8718653,562.28546,27.472527,0.5981275,9
87.84309,85.742836,9.878539,189.36937,33.408302,54.072067,68.964554,58.11132,14.379388,0.10814993,2466.3093,173.72232,50505.72,4.1768646,0.8663051,0.26626715,9
232.50705,76.86753,25.346392,255.27884,64.33786,88.04543,155.77176,9882.828,107.175606,44.418915,1031.4817,123.49713,0.09774462,1969.1276,12.774561,13.134427,9
173.40985,70.13583,71.42415,181.17505,232.51395,83.66781,92.84626,56.754234,98.82164,1.9450841,1422.2128,58.621315,50.142197,1048.8477,28.03378,0.6527238,9
196.52701,56.034855,4.8468637,204.73503,40.52916,77.62377,197.23676,4546.5513,10.56361,6.321273,204.74307,25.768639,8483.455,1820.6158,6.630518,3.2549698,9
81.616455,249.1251,11.624776,212.4704,17.5783,54.449062,77.662476,1562.5668,10.8105135,0.09141461,6305.23,0.18683864,64.144516,3.1697114,0.4341563,0.88326335,9
79.81772,85.06505,8.805365,208.70699,12.298304,91.403206,72.85636,24898.914,20.902239,0.0506242,191.32254,105.60382,97.29654,748.56604,32.871315,0.8134138,9
77.52321,227.8844,84.63603,175.84969,85.99618,54.05629,74.51827,167.88365,12.837411,18.425327,189.90005,161.01291,54072.727,133.60617,9.695873,0.25933933,9
96.72418,114.8887,8.066269,219.60278,55.518085,54.885685,74.49261,10765.174,9.911913,1.4739201,202.6506,11.073161,3341.618,36.603893,3.8340075,1.0988067,9
93.62624,89.19179,103.75903,199.27582,124.26673,54.20308,96.71924,248.98738,10.4708395,0.40327665,6729.2095,2.1913853,0.015426395,965.05975,23.449354,0.44224593,9
181.3419,56.407486,26.1786,173.91664,48.24667,96.47687,163.04982,3733.8677,14.702003,53.257164,170.54555,0.1837509,0.044741224,83.66559,0.9516947,8.049105,9
131.93398,164.04543,253.69183,194.47604,268.9543,54.339706,86.23657,31558.64,93.6884,0.1169036,865.4797,3.41335,458.2783,159.4634,10.001934,3.1695864,9
103.93322,59.245148,97.374146,189.80276,137.76796,55.324165,97.03741,2857.4355,63.5206,0.37653187,308.92935,160.0495,14613.61,145.80025,6.3906913,0.13980144,9
89.39841,89.81248,82.77422,185.37625,143.99501,54.464188,76.59506,129.99557,11.904615,0.020709911,1713.8013,58.25553,1.2448386,649.0398,27.42906,0.4592921,9
75.7617,87.97252,85.92021,179.77423,215.30397,94.30126,67.315575,57.156242,11.389753,0.115018,299.66006,48.704086,7555.37,392.1496,24.278893,0.29539007,9
222.29388,57.44837,16.246962,185.87744,6.668667,59.006985,211.07982,2270.5325,9.794522,0.026304625,5667.2314,59.8314,0.09325589,166.36743,0.4735664,7.051486,9
78.24265,86.72759,7.3976336,186.78894,40.688957,54.455486,77.18796,63.931488,22.02911,0.0519025,375.4701,105.72548,48.150497,2.949334,0.43023056,1.0769833,9
76.86252,275.64154,24.408646,189.27362,13.43606,96.19032,79.45824,22879.758,11.344693,2.7171013,8514.754,119.032684,13329.964,6.222907,0.91830593,0.385983,9
127.09134,90.478,19.712076,222.08975,37.757122,82.45478,108.852036,299.96716,18.433231,25.296005,238.36491,0.4105339,10.59456,459.26462,9.822064,3.2644577,9
151.02325,209.14432,101.57402,203.61755,170.57336,54.597694,96.15464,111.17272,32.392254,48.27398,1190.3108,0.68601215,25.377144,179.11772,7.615135,0.9719178,9
75.541306,91.17714,119.62919,169.95972,143.76468,98.099625,70.05112,38.147102,10.1899805,0.5984129,715.3867,21.346287,15.542877,13.333159,3.8675694,0.57548994,9
98.70504,93.03565,491.59576,186.87967,247.29686,79.94144,75.75761,615.0807,21.652176,0.39880013,238.44847,1.6708641,53323.72,13.920671,2.5978098,1.6188235,9
243.3164,124.3153,5.664941,186.01624,43.298447,84.3171,106.13441,618.3027,22.9454,1.2197125,257.28824,8.734648,20776.334,337.45715,8.935993,6.443578,9
123.624176,55.857403,207.48053,209.88805,504.39792,54.836807,82.52772,11259.226,132.53917,48.163776,8598.388,113.811905,10583.945,635.89813,24.4356,0.21497609,9
171.85753,104.947815,38.665344,176.03758,4.867687,54.038414,105.51526,1088.3145,15.5659275,0.8001836,551.1014,173.52698,122.40412,112.912674,3.7288265,4.6372957,9
120.754265,287.87213,7.865185,175.76765,43.273895,54.406982,124.712585,283.45502,14.016493,3.277458,432.8232,46.082733,3684.2207,51.320007,1.3672495,1.0820055,9
226.75203,61.756325,63.1472,174.58508,12.047485,96.8351,204.13034,215.54288,36.52372,3.5766826,6925.0454,5.462191,27369.219,312.3882,1.6170402,10.735922,9
102.68692,91.22049,354.34964,184.04247,344.42108,54.964966,79.870834,33240.562,130.3615,0.30713168,8882.987,11.064627,3232.239,99.99002,7.944703,1.9299259,9
225.58087,77.725136,293.89355,208.05482,171.09062,69.31714,184.58353,3938.0283,86.27573,1.5090814,758.1007,71.17906,5755.999,2903.809,11.5155525,0.50226456,9
75.61163,242.40894,55.46222,197.8656,43.201355,91.71202,76.20463,456.9371,108.13946,25.853552,1631.7068,0.3099338,400.0864,701.3879,30.766588,0.5633824,9
160.09389,90.13579,202.61574,184.08818,106.010445,90.16034,136.96211,60.09471,13.275381,0.6909609,3461.004,93.28394,181.1561,41.78477,0.82395697,3.4266787,9
201.41931,155.86462,109.01218,188.63614,139.3096,55.366478,169.22446,30504.219,98.513916,31.737051,647.5713,135.25769,1.7433504,512.73755,3.578099,4.112142,9
125.865776,184.79373,14.084697,204.32283,65.34887,54.0355,119.05684,392.25574,79.28023,63.085506,8113.1577,10.982892,42854.01,883.4922,12.353808,0.50183845,9
220.11577,90.68569,9.388393,180.60349,16.60413,70.050674,117.1055,716.7551,54.932285,27.5105,3209.165,0.039388336,2453.6768,1808.5621,19.940796,1.1584218,9
76.96469,81.02804,51.046272,189.2484,9.525418,55.16609,77.97935,5441.348,18.14962,0.018390162,337.3034,85.34609,0.06893085,98.09811,7.333789,0.25774646,9
80.52043,62.50961,210.986,207.16733,440.6891,95.89838,69.862724,31823.613,120.088036,0.021885581,192.93237,4.681386,6.7906413,75.8148,9.993352,0.90464985,9
249.0148,89.53844,73.212456,182.79683,28.425888,92.895996,208.30368,95.082985,10.124357,0.17042378,5981.6167,16.202978,5687.002,376.7531,1.7975829,7.7048793,9
89.80343,90.33948,20.771944,295.89667,76.86578,91.63685,77.93255,57.767128,14.845436,42.872833,7970.3125,39.5813,14338.553,15.619916,1.9782082,1.43883,9
140.68613,225.10274,46.104706,193.11536,23.370628,86.84212,92.712555,60.47159,40.207077,53.825825,236.90068,68.79012,0.055074517,24.392065,1.520772,4.3543444,9
135.78688,82.83081,76.45866,192.55838,32.414,69.04053,138.07571,403.0572,14.260614,65.85739,1156.6653,121.5207,1.0056041,1043.4541,10.759912,2.9575584,9
92.620544,98.90087,570.78687,209.84802,113.322044,55.190277,92.82094,3133.2678,52.0806,0.02404378,4201.8706,126.97559,351.30817,10.844405,0.65248966,1.9746468,9
222.10358,289.2,12.612089,188.76033,9.966135,55.134094,141.3263,202.21475,119.015396,3.1527843,250.74283,6.327606,0.00695338,122.48288,1.9766709,1.8175513,9
90.49423,65.574005,86.11033,194.89117,125.30394,54.0302,77.56482,387.80447,12.724,1.5612519,6633.315,164.35248,4.7517014,9.558107,1.2701159,0.8094639,9
179.74321,95.57391,84.382706,198.79947,90.65732,92.63023,108.80475,3037.4478,122.48382,24.031223,181.45123,15.242647,10.037668,86.83182,3.3813891,4.5858855,9
226.00294,75.91027,174.0999,201.78758,503.617,76.46405,154.64012,31394.766,25.67199,52.092003,6138.543,24.164345,22230.383,3135.325,19.297777,1.0822442,9
177.10037,303.96768,119.181015,199.34555,718.33636,54.041485,157.20587,198.70174,10.115921,2.6422238,312.57117,31.109646,1828.8767,1128.7722,8.418845,7.950324,9
98.61641,57.4598,6.3281846,172.80338,23.210604,55.647297,92.44505,11815.1,12.005502,0.116564125,241.06442,4.9219017,52733.59,44.996666,3.1364827,2.2433734,9
90.83069,58.084496,53.356606,188.91269,50.157585,57.242775,82.732056,390.84082,16.031494,0.0972884,2328.3467,48.928516,52698.95,738.8583,24.091759,1.7334931,9
76.81546,60.8043,257.96814,199.51709,512.21655,81.7077,68.76972,24224.463,12.807682,0.7608123,2563.4387,12.706894,8.637493,711.22253,34.624245,0.5145564,9
92.07622,278.83954,77.990234,194.05751,89.80144,81.22023,73.32635,10064.397,19.848713,0.0220595,6849.6836,0.25315946,7235.9233,9.354734,2.241311,1.9673636,9
75.732834,90.811646,109.95853,241.50888,141.26624,59.018288,68.25847,241.38068,110.781555,54.247425,1581.2511,8.693296,36829.9,543.12787,31.749058,0.2929387,9
77.518196,99.997246,6.587339,185.30649,13.310859,71.67358,80.01306,42.78492,77.23319,0.3046828,171.8821,1.9627694,11011.607,63.253307,5.1868258,0.8411028,9
201.22589,85.01266,5.331403,197.00766,21.893433,92.84259,101.275856,46.744656,17.476984,0.17593466,1118.8818,12.021073,9897.477,996.4741,21.91891,0.4022627,9
93.34803,92.00554,40.145554,190.97437,47.44742,60.712063,94.4017,17000.8,123.77795,35.734097,4257.5894,71.16289,39929.523,83.74851,4.8570766,2.0449166,9
75.038895,91.04414,453.86746,195.0808,323.6731,54.620235,78.33063,20418.523,105.26384,0.1600877,4733.165,154.21426,56.250736,64.22318,5.8351846,0.64617664,9
75.15777,228.22462,22.912224,184.99344,10.824102,54.70307,64.76612,314.59595,50.66425,5.3927994,996.81335,4.1405463,38545.656,44.60475,6.339528,0.58651376,9
75.35609,89.37854,18.561474,173.05841,72.529,54.926178,77.58846,10821.597,28.767157,0.07867883,175.68288,95.40989,0.2376189,5.20055,0.72328115,0.57005477,9
255.42467,255.58319,287.4574,179.54492,108.21395,54.361217,112.60988,121.65497,66.43396,1.7367145,349.0058,32.56915,3898.8076,1151.383,19.270342,8.505119,9
199.18654,89.3367,4.842244,189.50894,18.41254,80.37549,101.373634,138.0612,16.413528,0.38273916,3121.3313,150.77866,45091.09,86.53521,3.5330293,1.4192277,9
74.990105,56.159523,3.5972254,178.71109,43.617493,55.297016,67.808876,88.64964,114.94569,3.630406,515.37134,115.117645,32366.145,192.29478,16.818386,0.8149373,9
254.91225,278.67798,91.29607,181.60068,390.3408,70.37966,136.82724,657.5003,89.537575,0.08294452,444.3531,71.271774,0.05058177,496.1031,6.093569,3.4960613,9
197.37993,57.205875,17.578455,204.17426,39.014576,68.36221,97.5044,777.33124,11.00688,0.072782606,401.51953,77.076035,43872.59,2443.776,42.476254,9.264244,9
75.09675,199.84378,7.2732453,223.11139,18.654514,68.69577,69.48398,131.66086,88.914856,0.08699239,713.4944,0.09248213,34556.715,253.48825,17.561972,0.33530468,9
159.18192,71.079285,289.95932,185.06378,182.06866,54.584625,89.722534,47.862324,105.659294,0.022319715,1513.2458,67.450966,35854.055,1581.8405,33.67918,3.7842205,9
98.60245,56.742973,21.28196,217.18318,44.806683,58.15923,76.36279,29150.176,33.143204,70.69612,177.83435,52.490017,2385.4282,197.20822,14.744606,0.90883195,9
83.730896,278.73572,41.572178,186.1239,17.168095,87.909836,80.306755,356.5398,9.811756,0.07255155,818.7748,1.6084801,18.570835,22.457666,2.7203841,1.2886708,9
75.17854,135.33763,80.49097,178.4115,10.350218,72.108734,67.739784,36889.203,59.70761,0.20914996,1711.1769,29.236895,20.891594,2.0214431,0.6522323,0.319908,9
74.97438,290.54276,249.84306,185.87228,499.7607,87.80526,67.980064,1682.2152,16.585077,64.51094,3364.193,0.29736045,53954.918,3.796815,1.2213571,0.8328045,9
75.297745,75.97473,112.37285,188.0289,146.0092,54.44134,75.40118,285.19556,10.428457,3.9383128,185.2056,2.6236966,48088.582,4.66341,0.58112335,0.63687146,9
185.17072,79.16814,77.681114,166.97603,101.515495,65.612206,97.82366,502.0477,15.526844,0.26082602,1280.5911,29.06046,380.72946,65.47817,3.1686034,1.817646,9
74.72229,90.018875,4.2564607,189.47006,58.83284,89.587234,66.09644,129.89618,62.784542,56.555058,645.4252,167.34865,134.43123,3.6462429,1.2150098,0.6378268,9
133.97304,74.696625,23.126297,187.52275,33.492508,58.36679,95.926796,211.15396,10.472298,0.6161543,162.75307,0.10978339,65.12093,45.963154,2.7445388,2.9041214,9
251.48746,91.085144,80.905464,176.89404,110.056244,61.611656,137.7452,36.807953,16.282434,10.591199,165.98058,0.57516754,24.8953,439.87286,6.087424,4.0335083,9
175.87279,167.4802,15.509543,201.66559,52.00836,62.5366,93.445206,12698.053,43.406006,0.22407718,4576.7056,44.04663,4.6431026,55.3657,4.526371,0.82746315,9
165.18784,71.88332,4.46576,188.29861,71.244484,58.463997,100.486664,232.54659,17.755085,7.9137425,208.74669,142.38478,3589.479,50.090206,2.1897411,0.275083,9
143.34436,64.18634,24.90066,195.4469,70.61258,54.44745,85.68198,582.6098,17.235355,0.055088323,8319.112,169.34853,2.7276607,386.1502,14.837456,0.46078098,9
255.95026,60.567455,14.227381,214.2673,11.9647045,93.45102,131.32526,52.600956,10.695871,0.17366208,1745.5103,0.8358046,433.00488,3602.0847,26.909199,0.90348905,9
75.06188,90.62482,98.749405,179.76709,233.6583,85.99398,76.54225,12314.213,14.155464,1.6935883,989.0053,61.621002,11327.439,492.9374,23.979233,0.5453254,9
93.098854,216.4298,104.89029,188.03,210.59384,55.165443,84.29167,9166.727,19.557602,0.20872436,8259.697,12.694214,39.95616,12.504843,1.0956343,1.3317466,9
83.112816,58.205738,68.95588,194.0871,91.95056,82.7926,85.77639,780.9098,18.51201,3.523713,8223.051,0.09442503,140.97375,6.3533916,0.7161781,0.6919604,9
74.93722,59.063236,17.109268,197.16106,23.42825,54.310635,78.10267,277.59174,35.93457,2.737007,310.6686,145.91692,30941.139,37.957676,4.117258,0.8012148,9
250.4387,91.69924,10.708005,190.38,12.871503,99.23666,258.56277,8222.259,74.947975,0.7397022,1182.4036,0.67358434,0.12174429,476.6932,0.98770845,7.648419,9
77.83964,282.2489,44.13521,171.41818,9.246593,54.06057,72.72607,233.81488,10.816735,0.08318034,8915.182,15.556802,0.53545445,3.0819993,0.5072285,1.0010898,9
247.92078,261.3861,28.706568,180.69174,59.155987,96.81411,240.59799,2529.4841,11.1786785,0.25645298,3196.5278,8.896718,5145.99,347.67035,0.86740327,14.6945505,9
76.72301,267.4139,120.34988,177.79147,210.78716,61.802902,78.43431,276.9608,119.26242,0.12428659,4952.873,9.548767,4164.0444,594.41174,25.04632,0.83823985,9
169.19824,56.03608,36.945568,198.82166,37.75547,93.27693,138.82458,60.75145,16.97223,3.23648,7442.946,6.563727,21.150543,1532.2289,13.830654,1.5934503,9
113.17996,92.17137,39.290337,184.50867,5.608795,94.64557,116.996635,70.83409,17.666832,0.06999274,227.35263,3.5968146,33651.59,1161.3348,17.346474,0.39845717,9
75.64145,102.588776,12.992339,217.22626,7.7650614,87.2957,66.390144,102.55164,12.2706785,0.020333067,178.94955,1.0455147,2.811965,430.714,26.68245,0.78649104,9
76.42727,105.82135,56.348415,185.99387,86.2466,54.09789,66.13254,1196.4742,10.013891,31.456001,1673.0088,174.00565,235.1959,38.85387,6.4169292,0.94586676,9
93.25567,114.798164,130.02863,254.67087,142.47198,54.37735,95.11868,294.6127,43.085552,0.7002428,3589.852,1.0587921,48845.324,92.36345,5.245363,0.4900599,9
76.705185,58.54847,76.13306,192.71056,6.488954,73.4237,71.017586,69.09956,16.138268,22.790672,8123.3555,6.17321,1.2751915,598.8622,36.531265,0.32809496,9
231.25777,194.72266,127.92115,172.2171,183.58026,54.71704,233.61096,1430.5061,121.30257,0.11470612,8326.495,4.7802534,3923.7158,389.0938,1.2139363,10.188887,9
249.76903,126.303535,27.948677,188.72931,38.421143,68.15422,114.28534,28.027168,16.07157,0.07263506,308.12436,2.2573123,25771.873,2945.2217,31.422798,0.5845262,9
75.27643,69.99896,72.88253,204.42918,126.011955,57.974438,78.3671,139.7835,21.290207,5.6786613,716.25635,48.653996,13375.287,16.6695,2.2323952,0.41892618,9
251.9513,56.8376,20.822495,189.37164,29.356056,54.971504,196.80072,154.2677,121.45487,0.16996875,8186.0913,108.05664,53662.055,2520.3171,9.732225,12.533758,9
166.68776,90.85145,20.989334,138.48915,79.46276,96.82792,90.198044,918.21075,19.73903,30.737268,162.18552,33.95969,3112.1853,339.4187,12.913448,6.404423,9
102.1409,90.496414,109.48526,175.07892,239.39137,57.898083,99.35995,148.22162,83.36817,0.07234754,2266.4895,1.0665667,4879.0107,610.1581,14.128731,2.3573055,9
117.485016,89.92444,63.237164,159.88455,117.10815,56.886135,80.283264,66.87826,29.54188,0.8250849,1638.5778,0.094197355,46450.29,269.2432,12.809116,0.35822937,9
204.40999,100.7215,87.34106,187.1383,138.79665,54.6604,175.17894,7667.9854,11.41349,6.4917064,1318.5099,1.74924,7150.1104,135.00499,1.1509371,9.309693,9
248.81364,195.79427,197.22353,196.71095,249.76855,81.42039,104.83169,72.00127,91.95747,1.2493209,4369.1396,0.9578355,41501.727,1522.9495,27.804478,3.3824131,9
79.77895,307.4294,95.74011,185.00415,550.79315,58.65186,82.14116,550.97845,27.422485,43.4999,3946.0342,161.31123,11602.967,45.769936,4.2554946,0.5778637,9
106.509674,93.64253,103.36286,187.13759,135.37593,56.51182,76.26248,116.84347,20.180248,8.656141,4763.757,67.91215,6799.7236,87.139595,6.780182,2.1793194,9
155.10435,295.17087,12.218837,182.47574,56.236435,74.29875,114.97897,15827.436,39.020702,0.10825638,1187.1005,173.82074,102.33096,389.37405,7.7964907,6.1729364,9
76.974205,219.59795,11.89616,184.32512,35.938034,55.21941,71.0853,14958.06,46.270493,57.16825,4587.974,29.888742,0.14864393,20.76184,3.0414338,0.33228642,9
140.72403,57.60826,28.187065,197.63068,7.514433,64.76982,85.78839,20774.473,35.965504,1.3767369,420.92776,23.4844,0.0077124876,148.08173,7.8145795,1.0696728,9
82.51044,78.60506,67.98355,163.57892,269.30725,62.438694,70.89948,4923.4995,62.948112,2.6846328,184.04335,5.2291245,0.67088175,3.2230122,0.7738538,0.8938607,9
232.95386,256.7556,66.017426,188.89638,87.41595,73.2743,107.10625,43.754547,117.22197,2.1433945,169.54245,71.94114,3.9842935,780.01733,14.870481,7.9461255,9
132.33112,147.60052,34.5342,205.9857,58.23101,54.328625,129.22511,1516.581,92.07142,75.194275,4432.4385,39.357914,1929.7289,619.00146,7.9943523,1.1776181,9
128.46844,58.07734,24.287235,208.43068,14.828955,54.48294,117.943985,84.72175,20.535873,5.7668467,261.18686,142.05501,3.1772597,1347.4021,18.201185,1.1444192,9
250.89052,190.55978,110.234314,181.0447,210.90463,62.85895,127.28364,353.7735,13.949884,15.393994,390.63126,6.0180864,3.8785577,3047.1416,26.134094,3.8777115,9
112.021515,294.2228,17.34027,200.19174,7.561974,93.71436,89.9813,813.4529,44.49385,60.53018,7542.345,0.8051761,24.876211,615.97705,18.13239,3.205805,9
82.21346,222.86148,358.87817,201.79774,328.80182,96.499695,70.77274,979.21606,22.28843,38.764263,159.4748,1.8358371,0.8089298,4.1034975,1.1369135,0.245653,9
230.90276,146.02477,22.710258,206.8104,34.689236,55.293045,233.67105,384.58145,97.89277,0.07803527,7360.1587,1.8685318,4331.3984,548.97986,1.7120904,12.466488,9
87.21814,222.85497,40.7417,183.76666,7.963265,97.49013,81.02232,31.255224,15.227331,0.27430707,7418.6074,173.55362,47749.4,136.30136,8.35582,1.0200125,9
86.66144,63.33903,20.405823,198.59921,13.258299,66.16638,72.18065,17132.922,66.60682,16.710833,7926.932,0.116471216,11.694374,5.093763,1.4436969,0.39207965,9
200.4368,84.24211,191.18036,194.44101,384.46783,75.93712,178.23244,8167.117,11.463742,0.0900395,4698.062,5.5785246,47582.02,2520.952,11.858887,7.723925,9
251.46759,79.99282,252.7342,162.64722,201.35475,62.745564,111.20091,119.40162,91.613525,6.599481,175.99234,0.6738837,73.462105,244.8499,6.108386,0.78199285,9
75.56982,155.0542,14.051257,187.6392,49.211796,55.342995,76.94406,6100.4277,29.854855,0.41080055,424.35034,0.06479706,1898.5154,4.78795,0.86579406,0.78013027,9
105.927864,143.8135,337.81467,201.52011,85.074936,94.84284,77.15802,212.18771,11.1854515,11.429331,1756.1423,0.17539842,35653.49,8.784988,1.8400342,2.206067,9
251.20842,96.33228,152.80338,168.4049,517.04913,92.96712,258.39896,490.01562,69.77719,2.3630188,216.6496,115.30916,23.006227,178.35829,0.12036869,0.7724874,9
81.934235,72.57263,296.57812,231.43149,75.35878,54.38889,75.561745,1670.3329,28.807226,55.296078,1149.1909,54.05104,3.4513252,18.320576,2.194063,0.55906034,9
239.9598,91.019745,40.320854,174.49686,16.795368,55.15942,192.55304,25593.803,104.76227,2.7749653,1272.0209,66.79419,17622.256,1725.3925,6.8805113,0.9163757,9
75.566895,63.485508,17.195478,229.95273,43.43668,54.403786,64.918015,367.50766,59.087673,0.028277012,219.71338,70.44174,5.8788075,518.8513,32.730118,0.6620319,9
89.319176,303.00143,69.89247,189.07013,20.501955,54.72265,69.51779,8329.609,10.714192,16.836218,756.16266,0.87892973,6.809964,32.42538,4.6900573,0.1958017,9
103.67131,72.72926,90.70026,169.32684,708.9514,96.59895,91.468925,10121.192,13.090417,1.032576,457.68692,116.51397,2.2871504,696.9645,18.556517,0.19888383,9
156.84079,62.47903,571.0811,190.67416,136.64217,62.63095,156.6362,32786.055,60.722336,10.791651,4712.5454,3.5675166,22862.418,79.70207,0.8207102,4.229623,9
110.4664,101.93886,105.810455,191.5906,568.5721,84.61844,104.44388,42.042027,17.029612,33.262287,8288.628,0.0718572,254.5368,1218.823,22.43153,2.5182474,9
161.38168,150.13531,97.980896,160.91475,136.89937,54.686207,109.40811,16064.221,10.883579,33.134098,2090.5962,170.44235,45.300327,579.76215,11.952059,1.4878769,9
129.89186,161.62375,3.4003143,177.59328,63.80408,72.226974,128.98248,36.245266,40.36306,0.105493315,7994.9355,157.98192,3003.7505,21.108255,0.19414064,0.341987,9
215.77728,56.19273,317.21228,186.05717,181.64055,54.335747,208.57863,437.50644,24.792437,0.11574034,8362.557,0.73044187,7733.0225,2610.5051,8.826067,0.52346337,9
125.1083,136.36246,4.0926046,194.381,52.26042,55.003704,123.20403,17590.855,24.333265,0.021120694,4116.0225,0.7063054,39930.63,99.62254,2.833041,1.0404811,9
106.20595,313.91992,27.79713,192.64545,31.8611,81.53609,106.50383,529.7216,107.49946,54.770287,182.89502,1.9284301,7.520247,806.3317,15.526518,1.4881666,9
104.39748,104.94261,45.312374,189.47397,74.55195,56.821884,101.3039,832.22375,10.345785,1.569306,208.52957,0.08184538,2.4691472,1159.2478,24.603405,1.832105,9
180.44473,89.27771,82.28476,199.15228,90.22275,69.36698,128.67203,2287.9062,12.404192,10.781793,274.78387,1.81633,12.253952,196.34569,3.729975,1.596489,9
82.84672,96.27809,15.13102,182.79744,25.067411,55.829323,84.91736,2700.7996,13.325846,2.7692883,1795.5377,48.64956,2.2206016,147.13869,8.654857,1.3825926,9
233.99544,57.786552,55.154438,192.5762,76.40515,82.65088,239.06766,45.21283,18.357517,0.51192147,529.83856,173.97913,44.953423,1133.9006,2.9240324,5.4612656,9
249.24237,81.934746,16.079973,199.08862,8.229849,79.057396,116.79257,389.3534,23.966984,0.06671467,1514.2007,0.04775815,10694.725,210.81694,4.837694,2.992634,9
79.71562,182.20175,30.374712,187.7722,22.376328,96.319984,81.40231,4723.8286,10.250223,0.5420953,201.22491,134.77075,53046.22,825.2497,28.944178,0.8708162,9
134.36215,93.58844,66.42345,182.00713,6.916821,77.72551,124.35164,166.72815,123.58228,0.024737278,649.6991,173.74432,28404.75,60.25947,1.4165169,4.5172243,9
77.12825,90.4958,5.1864405,184.87375,29.887424,54.3509,79.32648,1517.116,19.5663,1.3535719,897.1575,77.666336,40170.27,2.5957959,0.2893132,0.41934386,9
170.3522,61.611835,91.13491,170.85757,391.48523,59.152344,161.74004,8793.405,103.46762,3.554092,229.2927,126.604675,51929.04,758.57324,5.2969213,0.51584136,9
85.247,60.22732,24.25697,188.71881,21.689304,92.58105,71.722626,2308.0352,13.775938,0.08927184,181.95016,21.346264,0.00927245,18.229727,3.4066315,0.8204295,9
138.80525,115.5958,25.464754,195.22765,49.63431,58.858665,86.087036,127.48848,15.306496,8.523337,163.09613,25.066492,13.506914,149.10089,10.649569,5.062412,9
76.97599,71.96382,5.118896,201.8903,24.148,55.265995,70.54841,207.10797,11.175348,15.131616,1142.3818,142.23459,47698.97,751.4104,41.729836,0.27122006,9
251.59511,310.4651,8.72211,197.38684,15.610321,76.48773,116.7331,23.949001,89.34433,0.08298339,464.51004,61.39391,52032.45,3457.0244,32.90721,1.3796588,9
176.8078,90.16056,25.810026,183.48407,52.04467,97.74787,98.2652,27.697433,40.07793,0.059059724,3596.4504,33.986446,22737.668,53.798042,2.5378017,0.4298396,9
103.7443,62.65007,15.223246,212.65707,9.218484,78.42257,107.01572,14127.458,104.79178,1.0056422,1472.2408,24.813581,26940.41,71.68574,2.9710536,0.36840498,9
102.45525,248.52792,77.69598,187.75069,67.39145,54.29811,105.83933,6218.5073,66.825874,53.554077,225.1765,160.93808,1.3746619,524.7891,12.233845,1.4314799,9
246.75957,91.94977,23.552923,240.36412,61.015343,92.125626,105.00796,52.315357,114.377846,65.487114,347.78094,119.77117,5.351076,170.5485,6.44952,0.8856356,9
76.47336,248.01682,16.437433,213.85188,43.21631,96.00581,77.138306,197.6786,48.758556,4.108802,175.67764,0.11328562,354.04257,3.345464,0.53869957,0.39624274,9
75.386566,82.37643,10.117453,234.14374,30.441824,55.65097,67.65219,428.70355,10.691463,7.4386535,4675.5522,81.99812,53096.125,2.1455235,0.91770434,0.8069842,9
93.387085,65.48385,91.07434,167.63733,266.97757,54.5425,74.43402,15764.869,121.91077,0.07061103,602.938,143.37498,7590.72,57.810356,8.035115,0.1910888,9
240.60213,84.91686,34.777523,189.35202,60.86766,55.18323,234.44577,14359.684,111.55104,39.627457,1688.0846,63.57794,556.07294,3440.5713,9.60217,12.922341,9
75.92318,64.863815,114.82859,192.41742,281.3169,68.81116,67.832306,52.89113,18.087215,4.0268884,634.7063,76.61409,0.1272956,29.93372,5.7025394,0.66400063,9
244.4672,276.95682,12.158279,174.08495,33.993034,96.384094,230.7932,2563.204,12.465878,0.50201327,4180.1743,162.37689,1125.3834,705.2131,2.5000331,11.611632,9
242.86607,75.4081,320.672,251.9513,100.510864,91.94586,120.47261,5434.092,132.2802,64.07475,184.13885,2.282045,33.040157,192.6895,5.005331,3.499805,9
76.83965,285.3442,36.29196,187.71136,70.08077,55.693344,69.19871,372.39148,64.574036,2.1146502,7263.6104,2.3574977,1.1154318,58.948414,8.86567,0.26008978,9
89.23532,207.96811,95.20489,191.11632,212.94794,70.62979,88.9695,33140.758,23.214338,60.487125,3404.218,0.6092387,20.04894,689.84515,22.545244,0.260808,9
254.84868,80.73817,165.4213,155.91498,171.1878,64.66377,146.69687,350.95288,10.05447,0.7744063,327.7588,0.37412536,2772.4792,205.44308,2.6437051,3.5688927,9
152.65216,212.49179,31.48782,208.04515,53.735447,61.49342,113.23992,1099.0641,18.811981,22.078594,876.24963,84.954025,277.86606,306.83023,7.2823496,5.53016,9
145.44403,58.028034,224.59077,198.05914,491.99054,57.55446,113.90748,4917.581,116.67939,0.04180355,183.00105,3.9137964,125.70019,330.35638,7.2059546,0.2969,9
84.14657,282.66278,47.84292,186.38132,15.781678,98.46253,73.55729,6292.8115,12.770342,32.251587,831.1307,9.318465,50.726936,315.00418,18.297268,0.78036404,9
242.76831,289.7592,16.077074,201.60782,21.394709,63.732185,230.97034,503.78375,26.61074,0.008722532,3268.4082,34.427696,0.1292034,268.09915,0.7160872,12.493423,9
109.4228,90.54983,40.769016,183.89606,22.795502,54.68825,112.122925,1896.759,48.338783,0.046092637,457.4851,171.03836,263.2659,27.738077,0.99520886,0.55536115,9
100.442245,89.415054,15.788077,167.66852,32.719505,56.156223,89.54837,422.61935,14.421253,43.91478,6601.667,0.037848003,969.5625,6.9045296,0.3453617,2.4638464,9
92.54701,128.20953,32.54767,193.08936,55.07093,71.97711,93.15635,63.48357,15.974396,17.762344,1054.3483,0.050811123,3.150488,366.01166,13.482893,0.89608276,9
154.84158,104.680405,33.77165,185.60568,64.77232,54.52391,88.45412,480.5711,107.58511,0.021587368,277.31503,0.12166576,6.571698,37.881187,2.9647043,0.26073602,9
192.7112,258.09103,26.387468,189.24178,48.909798,68.38097,149.64377,216.65053,24.929272,0.08727219,1587.0016,145.18178,4136.916,88.98031,1.0851128,7.0099645,9
79.16294,69.51047,126.53916,158.16069,101.37393,55.701183,77.00515,6838.1553,14.637158,1.8312976,8422.544,5.617316,1.2062829,9.024327,1.0138849,0.4660905,9
96.58304,56.137066,52.0908,186.53632,29.950636,56.006794,94.44762,219.3696,13.245896,56.132,199.49844,1.2969129,6.73383,420.3429,12.736531,1.0459744,9
75.23974,56.04258,28.091436,217.06305,76.46416,88.12381,68.370346,226.49142,124.0616,0.06534436,586.7234,84.75682,2.720262,2.2321324,0.92126834,0.3166007,9
92.800446,97.32172,50.569836,168.01375,99.03291,79.5024,76.00403,488.61005,21.385405,47.597363,193.68054,0.14588007,59.3857,8.201294,1.4837002,0.40444797,9
117.39493,84.96128,12.07819,189.37546,9.549804,72.818474,85.69826,57.546894,25.759092,0.004114176,983.0004,103.72557,10.593737,12.809199,1.4403667,3.5696466,9
194.65695,219.79663,13.690909,184.87134,38.336704,61.763683,132.50632,4144.9507,29.492062,0.10195953,176.75558,167.9903,68.98477,762.2034,9.363082,1.1954306,9
194.788,280.5843,101.60039,186.93639,176.04552,55.38554,185.1417,3158.54,39.461014,0.09493296,3200.0884,0.6921127,10899.034,92.85302,0.3732906,5.4825983,9
163.18106,63.658054,8.930094,181.91046,36.952934,97.881546,91.00084,70.10084,18.60656,0.021473536,6848.181,23.524654,48049.297,996.3933,29.088308,0.30450282,9
77.14438,57.608932,34.262295,186.6782,56.77302,54.409073,68.39698,113.71992,130.06187,25.380465,5558.611,36.27427,0.015982665,4.4313827,1.4724553,0.9095299,9
171.55118,61.26501,5.821779,189.44281,14.382252,71.115486,153.81909,2096.772,17.874218,37.712322,7800.181,147.00404,0.018442692,1292.8618,10.694683,5.254872,9
254.6905,148.63574,149.09525,180.28354,521.5952,77.64128,262.6572,176.13858,47.069115,47.807495,473.27103,0.33290154,4700.59,700.6725,1.5106735,2.558959,9
118.09387,162.9741,8.450748,146.2872,72.34485,71.33328,120.58306,72.11937,10.267935,6.243002,173.94975,110.31539,1.6758969,1030.2256,15.201105,1.2206781,9
81.557976,138.3928,80.12106,186.29681,68.4423,55.116615,71.165504,1365.2281,20.626007,36.05519,218.72954,64.75593,0.056771718,177.37549,16.978287,0.4507262,9
122.23165,289.96014,4.793313,207.5538,23.416843,58.753803,81.43214,76.28743,25.28535,17.223877,978.50446,3.0487404,9831.055,28.806564,2.5886214,0.36664087,9
188.876,91.97681,150.54732,188.46062,600.4042,84.40221,110.495316,67.04139,12.0514145,16.772379,708.1989,2.2586837,50.49874,99.03539,2.996665,4.1447873,9
94.17424,106.63072,5.8959594,200.20766,14.974507,61.687294,88.91027,271.31677,51.3176,29.359112,1069.1881,54.787334,39.784283,112.77517,5.605217,1.3188777,9
138.41907,90.05873,449.4831,190.55997,270.66168,54.90205,90.421135,121.91674,131.62474,0.3751347,843.9519,4.147608,245.06146,559.49524,19.153,0.5484598,9
109.48658,56.164238,20.966385,190.47832,9.227442,54.70833,113.60155,104.09366,13.572067,61.1506,2885.0752,166.62996,109.51956,55.513046,2.0018063,3.1124241,9
109.98165,279.49118,44.891937,195.08417,71.652405,94.82347,113.90655,316.59122,12.5366335,0.003860933,5402.452,132.64429,0.18246186,30.052889,1.0945284,3.1458592,9
210.49721,56.6438,189.86237,218.093,223.94016,84.37419,174.20764,717.3013,17.067352,62.940365,7813.42,7.106743,22501.191,2074.5222,10.525824,3.297466,9
88.006294,178.55948,101.1151,193.60675,423.8981,74.280014,90.80258,12849.607,104.26789,1.5947832,2122.5476,12.862579,0.016302062,656.4583,20.266945,0.5857006,9
95.94593,276.32306,103.75514,186.47284,423.08783,54.865623,79.244095,10313.287,106.99944,3.206616,184.65079,23.377476,10.267674,692.15955,26.00187,2.0774512,9
255.52899,69.57357,17.53337,188.74686,27.026249,55.209652,150.13518,280.6564,15.731105,23.37761,2947.289,0.04166535,10882.851,459.11584,4.7335796,1.8510216,9
137.82852,56.271736,5.425271,214.02837,51.775387,54.77284,87.14628,1264.1461,31.043854,3.2071004,5502.8496,68.22641,34719.043,36.857048,2.6225407,0.7074226,9
101.0198,85.74176,29.116793,187.91321,25.27332,61.698116,103.71259,200.57997,18.466581,0.036680523,4988.9805,55.29224,3.7423594,29.55303,1.56248,0.16927594,9
223.0396,257.6792,97.101,197.44843,114.67686,69.81611,111.20718,66.31939,37.240974,7.4001026,503.83792,116.065094,4.281673,134.36118,4.5622587,10.540722,9
230.73209,227.59448,513.5032,218.19833,121.20242,54.33633,217.90002,497.29874,18.740536,59.496086,330.751,5.724127,47752.492,2037.6727,6.1825857,2.4645376,9
100.084305,247.41647,11.676291,216.6715,46.111286,54.068996,96.73042,1778.1619,26.61589,1.662586,545.99493,35.86695,1.8021622,81.02612,3.804637,0.22771773,9
201.81079,73.22427,469.57684,206.75787,92.067825,84.71828,169.05887,248.5065,11.78714,7.1332965,4634.055,143.3374,32902.42,1986.8446,10.7115555,0.5784904,9
80.79025,91.41854,5.86908,213.41537,15.132019,69.86492,73.09792,8914.501,18.334991,0.5146972,2969.6094,1.3155606,38000.523,5.9369354,0.91811854,1.2173967,9
203.05847,82.13612,7.9679184,189.30157,11.681545,54.02621,108.79846,61.03572,21.219425,0.40618396,5736.0713,94.5513,288.4848,1417.642,21.54385,2.7351193,9
76.31287,83.39054,420.57605,199.7827,149.01997,96.27651,75.35416,132.96681,127.55994,1.8962181,703.0034,2.0735533,930.64087,697.46686,28.262457,0.30848223,9
85.14955,66.38594,64.19797,192.9961,5.4692097,72.55695,71.39743,1577.0549,9.778786,0.032521963,182.73697,155.19757,60.412964,201.91516,16.854977,0.19637117,9
239.52301,140.28915,18.11192,199.87808,24.205061,77.338875,228.0687,132.60101,96.48031,9.546615,5373.1743,0.54771227,29975.453,276.45334,0.98264533,8.098559,9
76.98083,180.36801,19.83329,175.26465,41.94853,70.61678,68.00053,431.12488,125.92658,0.1073783,1184.0717,12.795638,30177.389,789.5863,40.969063,0.441887,9
98.59433,89.20447,84.34599,246.53001,119.03188,77.3931,91.676254,14611.004,10.228266,4.837635,692.9844,0.6718012,1277.0789,67.86744,4.446904,0.17110592,9
119.192535,87.80763,289.65036,187.73125,434.2253,76.35121,85.89916,174.25267,11.492815,3.9089036,513.23413,2.278572,1118.3875,16.981823,1.8778653,1.1637108,9
82.26967,78.98555,35.879295,160.56361,60.828674,65.922585,81.600464,75.850815,10.386516,42.034454,8464.769,16.496155,1.7507029,4.8111362,0.3372965,1.2743964,9
164.43362,276.79767,176.59926,246.71574,115.546,58.14115,169.05286,18272.96,125.65259,2.9741292,8359.949,4.186262,35.727615,78.827156,0.6552787,4.572842,9
78.24791,90.3235,6.593358,153.109,41.979595,54.572144,71.01752,419.98886,53.26617,0.019674405,546.67035,152.10576,1.696033,11.868082,2.019485,0.23984465,9
98.37967,208.26157,6.851293,181.92921,19.900682,82.619095,79.79151,1553.653,10.622341,0.06659333,290.60892,0.1296982,2.8229823,25.35349,3.0363917,1.036562,9
123.443,57.212036,9.192116,223.82928,30.366306,67.50007,102.148964,54.93874,10.976346,2.2380152,291.06342,0.30357248,169.79538,103.924614,4.2979965,2.4024634,9
176.77896,209.59833,30.859972,247.55037,62.137787,97.32739,94.0609,61.57939,92.19475,0.0571382,1041.8536,7.248915,4.802212,1169.633,29.294643,8.032719,9
93.879486,240.57425,360.00342,188.57358,207.32074,95.64601,73.00354,1838.522,95.28855,71.24652,6434.487,116.561775,12507.862,33.364048,3.8143144,0.9448843,9
129.09875,206.26846,39.67698,208.53926,54.427807,68.10837,100.0432,77.24591,10.02097,13.573227,194.21393,129.04895,1.3428357,1538.2231,28.692675,0.204232,9
249.33821,61.058147,95.243614,148.70761,105.655685,58.700462,105.07404,323.8896,107.4769,4.4367666,1539.9181,0.106668256,187.0661,3467.8616,46.457447,13.376937,9
222.0202,221.12308,50.08247,154.84575,101.73928,58.480698,220.3374,12726.945,112.9757,0.08072315,689.4865,1.067639,55.42053,133.2887,0.384519,0.8883904,9
163.48956,285.20605,147.73941,213.7125,184.58707,54.76502,103.4213,893.26263,117.11795,66.17049,190.2171,57.368996,3835.4587,45.201492,1.88367,2.2316985,9
194.959,78.033295,539.94714,193.72696,81.2507,96.63089,98.420525,481.49536,14.09553,0.09490233,822.75714,0.49561864,5299.901,2173.9077,35.407608,0.9885278,9
235.31735,82.52553,4.938465,191.63405,50.33149,65.82743,108.93147,33152.645,25.169474,0.052065335,3710.7695,4.733766,53547.797,202.68546,6.8598356,0.611575,9
75.56313,91.56386,3.4568899,218.34503,44.9687,54.417343,68.62237,614.79816,12.588681,17.644993,1346.429,0.6073961,5.0728498,17.904387,4.3832436,0.3719061,9
77.952126,92.21501,75.01656,205.12418,90.0543,95.81511,71.8143,53.422245,26.448425,46.69363,334.51437,133.88959,35954.008,182.38756,13.998095,0.5573858,9
145.98523,91.07834,52.78282,192.51447,77.25845,54.127926,123.638916,208.27295,18.25256,11.769217,218.34482,4.002342,863.15295,67.48335,2.0239139,3.2719417,9
226.8448,57.504,174.97433,178.82286,601.65576,92.1048,127.01788,581.0768,14.542144,8.459983,5804.6777,0.26078027,239.53987,3133.8777,27.447557,3.5423086,9
134.37518,91.55707,3.8974333,181.84427,30.994751,54.365494,137.24706,866.749,109.28956,0.25566646,273.6306,1.9857023,45075.914,1258.7656,13.497935,4.1343927,9
252.10355,61.611805,11.312422,198.75641,23.680965,95.73753,203.74805,640.1005,65.80914,0.38333818,5481.6377,0.262525,164.25774,335.2434,1.4242406,0.6050734,9
82.10846,59.21304,17.515896,165.3226,47.658054,56.48287,79.27792,21238.324,17.885254,0.033220243,263.39673,117.48902,333.0365,201.73218,10.770282,0.21758415,9
211.66554,137.75525,20.514929,193.40744,43.494053,62.46553,154.6105,880.151,10.736828,0.0538774,294.57507,18.877289,5608.214,1700.8737,11.889277,0.52695096,9
178.62961,266.61975,43.059113,199.26263,50.263626,55.16365,179.29173,103.48575,48.811234,0.46357065,669.59656,0.055976298,3.0952287,64.56606,0.34866938,1.6551852,9
190.07545,76.40069,355.3263,202.14336,151.37408,98.13213,146.82849,433.03693,17.375034,0.025679884,8030.8403,111.04256,17248.887,431.3454,4.59581,0.35554814,9
238.74495,56.272335,31.75304,162.5313,61.57742,62.10203,111.01376,297.67844,11.952562,42.670033,172.5997,0.09426226,17.732304,3231.7395,35.75848,13.145529,9
150.69812,64.84309,8.273229,185.01445,17.57655,55.037415,155.69336,34998.53,12.042114,0.26990086,654.28656,124.436424,10.631459,532.88245,4.7271323,5.8953,9
77.884575,298.51932,6.527283,193.60193,48.71805,54.56025,69.84688,35786.824,9.897681,0.010160351,6925.8315,0.70093757,161.33794,23.464981,3.972495,0.94777775,9
77.847946,228.37244,129.76971,202.25294,687.1236,56.776493,73.147545,545.89557,12.842409,11.292752,443.2936,0.042917095,3.733698,41.8341,4.574336,0.2687677,9
119.899315,95.06755,9.333887,174.56657,45.869408,76.36076,81.9111,10438.751,79.846695,19.465044,1001.54584,0.7899623,40.445797,15.461372,2.807797,0.41854078,9
245.4499,56.049026,10.416943,222.0339,27.59427,73.346016,197.63606,143.26627,15.226062,0.061060432,157.60915,54.84802,516.15393,1035.814,4.8258467,3.3883624,9
222.22266,64.543274,187.19287,201.72774,585.4508,55.465504,139.38342,44.720238,95.42349,0.007262336,7463.5547,6.5673633,38523.277,254.91884,3.6912043,0.64265877,9
134.6432,98.00133,205.10178,267.3978,117.70912,54.589558,87.86796,6899.7676,19.90017,0.11376115,1919.8756,37.83404,7.7797103,21.750238,1.5817947,4.1864824,9
128.46172,255.41759,43.59739,196.44179,67.08302,74.55519,94.83512,8800.193,34.161797,27.88153,1929.9987,27.39104,0.45917428,1521.1934,31.968782,0.17201939,9
181.22464,90.53673,140.05443,146.37994,182.93396,66.751495,140.69498,247.2243,11.83514,4.3106523,197.55206,2.7197149,47073.61,991.59045,10.7448225,8.154732,9
76.06317,113.52665,49.202972,186.70872,73.332085,67.76591,68.782234,7194.968,13.557219,2.1580403,211.7537,0.3968198,1574.5197,420.7972,28.821478,0.29375264,9
206.5344,124.913315,4.4657187,201.89166,31.533768,93.84497,101.07965,1734.0281,34.710423,0.07821222,404.2533,35.207672,22.255444,1159.6711,22.406002,7.7531996,9
187.40305,115.62538,40.191597,189.0491,30.439402,55.084114,100.33362,2380.9956,23.431221,5.672657,1911.2502,34.44445,19383.861,951.59924,21.572517,3.0974853,9
75.69328,119.67608,16.984755,194.6981,42.738564,55.29111,70.283134,14293.741,10.020245,5.8165307,1020.4427,75.14436,53776.2,3.6651278,0.6104125,0.40566212,9
202.4299,267.71576,13.723228,185.68204,13.776037,54.120277,130.88324,40060.812,15.495522,3.929314,5111.808,168.32068,320.63748,630.15875,8.141851,6.557063,9
254.37808,91.19323,355.79163,198.45268,299.78625,54.418083,234.80385,106.30757,24.655504,3.6610348,191.06392,100.32183,90.97618,3469.943,8.882962,0.9051106,9
226.3832,90.05946,30.264662,178.35443,52.15338,96.5642,223.07164,3051.2693,11.363647,0.09958585,187.07776,1.7488271,1.14935,128.83846,0.19614144,11.971469,9
195.34839,224.96101,84.899864,222.85913,114.57503,59.614964,185.5322,254.99695,126.92385,27.1443,1540.7611,1.4013169,17.776356,731.0104,3.668518,1.3922758,9
80.850296,59.03924,144.5011,190.25421,631.03094,54.743195,77.594124,103.87119,10.420481,12.777304,196.88893,5.852038,15.541012,446.3559,19.081907,1.2072871,9
80.34096,274.053,33.03977,186.58087,61.21349,66.467186,66.032326,157.08943,63.771706,0.17813802,5778.3496,0.23916343,226.58127,223.95186,18.282505,1.1898745,9
102.114,300.5737,22.12978,188.16173,19.074913,81.49749,79.843765,165.41446,47.732056,0.98966336,391.01184,3.8640451,18.125538,42.85615,4.4166594,0.5559883,9
252.19698,267.79395,7.8077035,214.05667,63.349983,54.454086,168.52063,3354.323,112.456345,0.13363276,184.39362,1.9117446,55.950256,450.33218,3.5741026,3.1915348,9
75.85261,62.851128,76.327644,181.56793,69.57922,55.498497,71.57236,285.5898,17.842995,0.093729846,9654.661,3.7604651,283.18063,8.308855,1.2840891,0.28991792,9
133.66306,56.56159,95.130325,184.20816,412.45474,75.025696,86.531876,19382.992,106.84856,1.4897473,7412.871,86.79732,1021.4056,21.065727,1.6625488,0.83296156,9
81.80304,106.84038,54.793663,208.95612,26.890461,60.231,71.341354,66.3252,10.694528,4.526041,4722.666,43.19165,625.89417,594.77954,29.179602,1.3010261,9
183.15878,210.92737,5.2952833,190.29816,31.556232,54.09526,135.19106,186.96417,20.555378,62.599403,196.86618,165.1322,0.8327489,439.96875,6.0394254,8.563303,9
76.262886,66.25481,8.244567,182.63379,46.509308,72.04657,73.749016,5192.9717,116.379395,0.011317741,205.51407,1.3252221,3.5139542,9.395428,1.6600708,0.4993828,9
155.12244,202.76901,105.0791,178.77185,450.70184,55.257328,93.063,1986.2305,12.455355,0.017031195,231.09691,39.199997,0.6820252,66.90234,4.672284,2.1037908,9
88.23556,118.67144,14.672679,185.64127,28.38404,57.520992,90.19774,21298.264,42.187508,41.614697,171.50075,11.478823,42.60165,42.95869,2.7998924,0.9533393,9
108.40399,126.53898,452.0712,188.09724,157.73157,97.22251,75.855286,276.61545,9.586235,0.11622007,206.3786,168.19608,1095.3754,741.64844,29.73795,2.754317,9
75.6727,118.11716,73.26371,189.4421,18.556475,55.20952,77.77531,70.63878,13.4671,0.0048124474,1320.0857,10.457766,638.35187,558.895,25.0513,0.67371976,9
254.45103,86.529495,59.73054,276.797,94.11662,55.419937,258.4936,4231.5713,89.2982,9.352547,175.56076,18.053268,1265.6812,186.65897,0.23537421,0.60689324,9
170.11966,158.4051,123.96926,188.48997,283.94254,65.497986,127.166794,225.37276,115.211754,21.102322,941.45337,0.5502308,1.351655,1798.143,18.34943,7.476322,9
77.652794,127.28615,336.09973,192.0634,245.6393,79.90281,69.659,1073.7498,29.355333,51.58661,1067.3405,0.34552237,53487.67,2.4778886,1.0786482,0.8283037,9
121.21926,61.720333,21.79433,177.88997,39.45806,75.05289,105.77466,5029.4316,17.386488,0.09627129,803.7393,35.17503,59.562553,1297.2565,23.067352,3.421934,9
81.14139,202.77785,27.435398,171.57388,73.61789,55.497257,84.161026,242.04614,12.662571,59.274456,7649.0225,0.7506725,6.770603,3.7519073,0.297845,0.45194358,9
190.29297,108.11297,36.567055,184.35234,68.84492,80.12938,145.17516,143.77657,47.69545,0.031559605,2494.384,3.1633596,26152.758,70.43745,1.1501151,1.8862091,9
158.26129,87.04118,104.17527,215.48836,176.15724,54.904957,100.152916,21115.89,10.980458,0.59484404,2671.437,135.50456,0.0059620757,46.40587,2.6588576,0.6079675,9
89.13289,79.62445,30.595324,228.13599,26.019772,54.312588,73.69703,72.85738,63.811157,3.018559,7066.103,0.08911797,41354.0,168.75949,15.718098,0.9578515,9
130.90482,252.54651,574.8243,186.80873,133.33853,96.59943,85.11714,12116.59,16.87104,18.81802,1174.9744,0.70397246,7.17117,21.855104,3.2707908,4.2120113,9
255.30634,89.86415,7.5016174,189.58554,16.810661,59.30269,246.65704,336.37323,50.659103,3.0832453,1485.5638,158.04666,3016.7798,216.55124,0.45840394,14.185981,9
125.260284,58.142025,69.59686,196.42314,21.04247,87.72746,86.174194,5002.113,43.72873,2.418001,3763.1392,3.9520242,36550.914,26.297356,2.057215,0.8302459,9
253.26895,233.99948,30.682396,145.56433,79.28114,96.18439,160.42346,40159.85,15.227725,0.018249627,1407.2236,0.6154268,5759.5527,3577.7021,19.250542,15.432587,9
88.46158,94.804184,297.8149,181.1126,353.56836,54.28532,74.09097,11436.461,18.454403,2.532987,333.63,149.28188,1330.4757,841.04395,33.70656,0.15514222,9
142.15353,93.675354,58.468163,188.72125,29.273958,55.02272,97.721504,143.1337,120.84836,12.545603,6023.774,0.34905076,33859.266,433.3038,11.537988,4.172396,9
233.63568,290.94073,3.7971883,193.07335,39.237953,54.39774,105.78616,1048.688,18.718233,20.096947,8275.152,2.5298367,0.59517014,605.3127,14.348702,9.737669,9
78.13892,91.93753,4.5595593,189.09723,54.26943,85.88213,67.75122,544.26685,11.171708,56.67176,190.95222,132.61197,2.9671907,724.0508,35.427963,0.57540345,9
75.28865,164.27634,119.94931,144.53648,113.40586,61.820515,69.17853,125.86378,92.692184,8.296696,1314.7263,76.09684,31.521748,2.0745885,0.3547312,0.4536687,9
77.21827,276.73874,92.23123,186.14844,335.62665,55.242924,68.0107,739.3517,89.55765,0.8318872,311.84296,145.67389,66.44515,18.171621,4.1623116,0.2618536,9
187.99394,66.28037,29.458204,176.75981,50.772526,67.641975,184.24039,757.9219,24.415924,5.5692735,160.73558,0.42333996,49131.766,72.58877,0.24189298,4.01245,9
171.84616,159.08998,6.942569,183.98248,12.412641,55.14461,128.72379,672.43475,61.58136,0.11051673,7739.265,3.012758,1.4705961,356.8743,5.790446,0.5951863,9
92.5013,173.4086,12.949305,185.87424,32.9791,55.251614,89.93329,160.75856,117.66249,0.24158409,492.57788,0.39984888,45656.008,5.121975,0.1441077,0.321464,9
86.79953,95.14197,71.99886,188.10815,77.51973,91.75314,74.899826,33937.887,127.67855,1.9979934,8998.585,156.77028,96.9624,65.16752,6.473032,1.0781671,9
91.72542,56.053596,25.394884,185.48488,38.56849,96.82358,91.08659,35.155647,20.101498,0.68473774,6984.1953,1.0976619,3751.6372,13.663171,1.2921901,0.7217566,9
218.63097,67.46438,11.372261,181.57281,32.84587,54.45308,222.34766,330.84833,14.161709,14.886395,2363.0076,3.1424184,22.035198,691.33014,2.40898,1.5686083,9
237.8778,75.1064,431.8824,198.16548,355.63464,54.30565,217.21262,125.60169,10.059422,0.035275426,259.41644,45.914024,3493.3616,2297.0137,6.854995,13.702017,9
161.28523,237.00381,6.0484085,213.9768,55.904434,68.17777,153.51074,149.78534,21.05197,0.039911877,7299.475,0.5672595,2.234025,554.9669,5.4354715,1.1863414,9
214.85391,183.75945,33.27637,200.92024,55.788822,64.935524,222.15796,30556.223,12.297051,0.04100288,318.3135,157.65923,0.8743548,2195.3296,7.1522408,3.8508272,9
256.02292,87.802635,198.11449,174.2719,236.05954,54.393856,215.49661,745.9796,10.180183,15.005952,362.75293,51.72689,0.5379279,2931.6328,7.4116764,5.3120584,9
129.18196,55.94067,80.41348,177.2686,644.5196,56.36291,100.306755,34.897552,10.115035,25.74149,2594.9397,2.4261358,47491.35,1272.4288,23.855303,1.6810296,9
101.328835,57.835796,3.6175008,218.3761,40.69352,55.1202,73.74132,181.84628,18.589443,0.040477853,801.6503,0.40374228,10338.292,319.6602,19.41483,0.41587254,9
120.01231,104.72622,222.17987,183.11067,552.48627,80.85619,118.315094,14852.111,67.79103,0.4380871,921.84186,15.635662,2844.3127,473.13602,9.110366,1.3337846,9
202.11488,279.5111,79.61565,179.62569,17.075092,54.593796,154.122,32.62786,45.67477,5.3071556,1302.8772,0.36731243,1.1649206,179.33696,1.9757502,0.4483122,9
81.26651,68.9274,11.133463,189.31482,10.958849,54.99788,83.75979,9644.123,11.81118,64.837845,204.75662,2.6121225,10395.036,348.06528,14.984451,1.287501,9
118.890305,91.83836,182.41843,217.75238,239.22981,57.697617,79.68814,23.93554,66.30174,0.039614707,8318.177,0.051390927,46.17226,1298.4419,42.359745,2.6062672,9
131.85019,65.7885,13.226729,161.42117,30.98383,98.64026,103.90705,191.96216,20.90076,0.781341,7125.125,14.931133,51.658875,273.4204,7.7841783,1.0477761,9
194.3387,104.29922,203.86847,209.68532,613.31506,96.89105,173.83809,96.00503,14.471979,4.5994916,8238.886,73.00054,2342.7236,298.70093,2.515081,8.084703,9
78.22176,264.3946,287.47488,188.98868,321.6681,54.96366,81.409935,12367.684,23.809057,0.06758489,324.40698,48.509224,37540.176,388.81378,18.275137,0.37991813,9
98.77943,83.99712,80.44117,277.9488,80.29536,54.512978,77.43172,63.699074,11.626928,0.021548312,6795.2236,27.540981,1845.594,10.054784,1.7266213,0.71521175,9
83.57194,244.75917,81.93906,210.76746,346.8208,59.30059,71.230156,181.58142,10.728481,2.8278956,2791.7952,2.0885062,1034.4463,7.490535,1.9364325,0.20535186,9
252.42877,128.7499,15.866518,183.98874,9.572473,54.617237,159.58948,57.792942,10.1365795,0.0992501,3172.4463,1.555984,2.1138935,3446.2837,19.621885,4.664354,9
111.71899,88.5788,22.822515,195.30363,7.5851192,93.09253,110.52642,8207.85,16.210129,0.028596839,5504.9287,46.28324,4.643008,747.2648,13.167011,2.9768424,9
113.489685,84.697556,90.02478,208.37177,252.17271,67.27454,116.336136,104.15607,19.968853,36.513927,2874.6353,31.017736,0.5732584,236.28006,5.6983185,1.6320255,9
255.98653,294.98608,14.866432,186.41788,10.053688,84.401276,142.25043,61.811947,29.559921,2.0121455,152.72038,156.77141,20.82848,197.73318,2.7840846,11.759037,9
146.1981,62.54857,7.9248195,186.38838,10.2116785,55.172997,138.64055,207.35233,52.794426,2.8583832,7727.9644,93.30584,4.4750075,114.261215,2.2366152,0.6495743,9
95.33521,67.976906,14.193702,187.81622,42.535534,54.30921,75.43339,142.25883,24.323658,17.29655,7194.844,75.74205,3451.663,6.2652464,1.3414854,0.68579805,9
142.63058,135.52206,38.757904,190.73514,80.854904,64.289055,138.15294,19347.79,32.45543,3.1141384,2159.2031,93.20687,14744.776,223.76721,3.3799715,0.40979502,9
99.875046,59.36106,169.66846,196.38728,290.65982,54.02571,103.55702,106.55977,18.218708,31.899292,1435.7546,56.70317,14239.084,299.3871,8.844692,2.192487,9
142.01666,271.68423,199.09454,185.13672,465.9914,73.72439,85.906906,49.940903,20.961655,0.3327847,474.75574,163.39201,39049.2,27.262182,2.246972,0.22811224,9
78.43135,257.23947,166.34213,187.5064,286.35995,92.85011,72.4191,6863.0117,10.542098,45.964752,2749.7139,1.4265338,23119.574,73.29782,7.174898,0.90724844,9
144.3477,57.1563,5.1183696,196.1086,52.879013,81.53774,146.94019,10616.105,11.865732,0.11052501,2733.2407,2.793895,46.923866,91.1942,1.2673023,3.953498,9
101.73786,79.93225,174.80667,161.46338,159.74629,97.83563,76.9017,111.90398,87.28371,0.41218978,4297.1055,5.1336155,130.65535,9.052918,2.1375792,2.1411152,9
87.5388,83.82759,4.6919866,188.59618,42.25311,96.94493,83.09332,324.54822,48.639153,0.10196518,4093.0513,133.61998,4826.851,17.105848,1.9332778,1.6709592,9
119.69334,223.48831,84.2635,154.90187,124.68447,67.591324,105.365074,33.983543,121.922134,0.08972241,7476.251,172.18185,52100.973,31.384787,1.5765791,0.7141241,9
181.01015,55.90202,133.34666,183.44116,400.57132,56.80325,186.35425,332.66302,93.59552,0.980325,246.43347,129.79971,146.20132,492.4461,2.9625776,4.0021105,9
235.69188,263.59827,26.762896,200.85179,7.4542403,73.62369,190.69354,63.791042,10.41117,4.0155334,425.13458,50.53839,0.0071264594,3149.9312,12.433007,6.3367133,9
76.215195,175.00932,35.49858,195.92531,10.553282,54.702484,70.23434,613.0037,93.73356,34.592316,6717.8267,3.2631605,3.0395057,65.62577,7.319285,0.551507,9
105.286285,134.48903,73.14655,188.94763,35.74634,77.39216,92.55812,19665.482,10.2898,0.2078123,3067.2012,10.959677,54298.5,1034.076,24.977982,0.20684296,9
120.79596,212.64372,3.2532218,189.69244,60.857574,72.68013,84.07506,672.23083,74.089035,60.78529,7667.0054,1.8750442,330.26572,42.50986,4.070132,0.15542026,9
97.34108,249.73233,55.55092,231.76567,86.26228,95.78648,98.532845,4351.82,93.63432,0.064386636,552.4047,0.24872518,3146.4233,16.645664,0.87585324,1.0070072,9
75.49785,181.68436,79.861084,200.94951,186.18057,54.310265,70.55732,25568.04,79.70288,66.68895,8751.52,3.7213464,39137.633,2.2946458,0.27974305,0.7316272,9
124.32671,73.3569,27.513803,162.28197,7.0195093,55.360165,83.91902,7630.4414,17.615398,57.491726,201.00258,120.8379,3410.0034,1246.3119,32.549603,1.3621124,9
216.97188,222.14615,21.955473,182.25871,69.99839,88.11934,162.4256,209.86995,20.207865,0.31358936,198.29164,36.936604,18966.639,142.48532,1.5467036,7.631118,9
81.0102,63.799477,42.567318,193.50183,67.237114,54.342583,66.51675,6685.1636,10.911113,5.688817,2616.463,8.469233,7.578261,94.258606,9.737541,0.44179282,9
104.16855,255.12161,65.7886,184.50336,34.927864,90.872955,102.60384,946.3379,117.30074,59.5839,8872.995,140.484,46703.4,10.361584,0.5261289,2.1351173,9
254.46309,90.97789,75.782936,207.35312,92.694595,54.773956,105.50372,1170.3137,10.028412,0.044177603,1074.6193,18.551891,2767.3027,1169.1426,22.614567,3.9958546,9
221.9666,90.644165,224.57755,187.84549,479.78644,84.06184,186.86685,311.98932,78.59932,12.810408,8543.494,138.42079,330.90894,2495.722,10.004526,10.881176,9
159.84682,156.96872,11.850679,156.4704,70.501724,55.190975,89.89843,4290.9243,34.21873,2.1025074,328.02524,3.0755115,53170.258,67.576614,4.123255,0.58015835,9
88.257,55.98448,81.706406,186.72171,77.669525,79.98286,73.20474,147.84157,18.02376,68.08043,8696.743,0.38608366,26329.043,6.05618,1.8477068,0.2657838,9
78.90408,59.631355,381.40118,207.96243,318.80188,54.637318,65.77713,95.390396,103.86399,0.078902155,2120.2615,99.90482,53515.43,660.5499,36.649223,0.31209353,9
208.35399,91.14972,13.944211,204.8627,8.623879,54.298477,117.017395,15264.044,13.154506,37.177452,8302.016,91.876175,1.8998897,96.38544,2.5345972,7.1689343,9
254.51547,87.72196,286.1586,216.6386,525.5915,61.178165,162.36957,2730.724,128.89041,70.04011,776.6627,116.65083,11.162727,1571.6921,9.648897,15.158333,9
84.8741,56.044426,238.34756,181.63742,519.77405,61.091385,79.95549,26737.176,121.66263,20.527618,2457.8062,92.2967,44.790672,3.5518198,0.44378558,0.43474787,9
254.12515,246.15248,311.948,186.13382,140.86758,54.041668,243.2557,140.45438,52.59978,62.41471,195.6739,2.6831677,38583.355,2119.881,5.5953937,0.7326873,9
161.08911,83.842804,476.89575,205.6365,142.82077,67.7565,126.334015,838.29126,42.750633,47.88515,1038.0138,17.754719,0.4302382,1866.0616,19.08685,4.345981,9
128.32893,88.961006,254.87894,182.98465,138.22734,54.354355,101.38623,3835.177,65.08235,0.8293779,2976.3257,168.26126,2057.3994,969.2983,18.830143,0.78294355,9
177.18372,83.90181,72.50888,196.33401,13.751486,92.987236,94.63878,35654.1,56.438316,25.305481,5718.6553,2.2980843,27049.547,60.548904,3.3944407,4.9571066,9
75.38365,90.12045,178.23407,189.10231,295.3708,58.98353,77.92536,24.157969,10.345399,0.054235168,327.38544,24.310276,1.1786941,9.5296,1.4318552,0.5418792,9
237.06897,62.620636,21.24602,190.46718,48.838795,55.07946,133.22424,95.05151,13.824047,30.533276,790.3474,25.17255,1220.6602,2163.8713,18.452055,2.9596424,9
155.52533,299.39124,44.115227,212.53535,69.78664,91.74103,160.81271,7313.72,17.250357,1.0368061,5381.874,6.4278035,45388.227,250.1976,2.488091,1.1057214,9
230.78104,91.720726,58.09078,186.26556,38.38539,67.23637,134.12881,135.17859,124.86536,39.845657,1751.1023,0.89434993,17.339525,1256.7356,12.696846,12.300434,9
75.664696,233.1351,13.7978525,178.60297,15.505537,54.086987,75.14426,54.393486,54.386963,0.08871333,3502.8687,173.47081,240.08025,11.315413,1.5422387,0.8310667,9
111.09626,131.72014,272.1173,222.9187,413.5638,54.22338,92.87227,247.88185,16.628012,0.036830854,1671.2736,26.342136,47.698654,1317.261,30.464725,3.2245357,9
237.85138,91.09503,7.3226414,194.34103,26.646431,55.193413,246.4212,368.55237,31.300335,0.029583322,1977.6383,6.336813,8.0722475,2843.454,5.7814875,0.53838325,9
86.71898,110.49893,84.84638,173.50676,92.22986,87.07931,75.786125,38.896004,18.232561,0.45453796,200.10867,57.92412,71.5121,31.614187,3.6705399,0.5161258,9
87.90936,229.83228,102.07772,187.97339,130.80183,55.109337,91.88721,171.01178,57.236553,0.004446626,179.53372,0.617788,1485.5497,629.60645,19.853027,0.22183624,9
117.59659,291.29092,417.847,198.17203,60.542652,72.633736,121.51655,13779.971,22.251513,0.12080351,8403.118,4.5952044,0.10943057,1255.6224,17.17575,3.218572,9
230.08261,86.15575,32.076912,186.86597,56.41433,56.903526,103.31669,35160.957,39.896835,0.04713984,4231.967,4.782772,18.133501,251.32738,9.142408,0.65103424,9
153.90712,253.18082,3.1856523,181.6895,75.8393,60.38846,87.523094,26153.98,97.81721,8.517201,5547.694,2.2250178,51982.156,1131.0516,31.046474,4.60902,9
76.58419,107.82947,4.803438,199.67453,23.32727,67.95192,79.33226,212.64545,17.862566,0.051638186,1877.639,118.841896,714.142,26.177856,3.260253,0.29021466,9
187.60718,96.06592,35.789536,187.66322,62.421577,58.980152,194.00693,4346.7583,40.267937,2.6307693,8660.95,0.043918155,0.51890045,274.8628,1.5871096,5.4383307,9
154.2187,63.181595,36.640026,201.26282,78.096825,88.414154,100.053894,549.90063,10.753313,0.020362563,1319.5498,0.06339126,6574.1826,847.4058,18.59654,0.31670952,9
108.54755,57.25255,37.50563,226.20264,80.6316,67.362366,87.03975,63.699287,69.86986,63.381844,4549.2456,140.5797,41531.9,37.17874,2.7811027,0.45481926,9
149.41557,247.02092,80.16622,182.30905,141.38936,54.034134,152.56082,1875.1709,40.640114,22.208628,1592.0983,0.04795619,219.17833,402.19745,4.4233456,1.5857284,9
165.3487,237.37317,42.0123,200.59256,37.341496,90.756325,131.39734,110.70749,32.068436,22.153591,751.1744,51.6037,5.2152843,779.53894,9.508638,6.885302,9
147.98601,218.1626,190.84946,153.70398,122.02815,54.978897,151.26376,335.12878,53.683064,14.180887,7293.977,16.07858,1346.1444,121.052986,1.5738726,4.6913257,9
163.17526,81.43033,57.43349,206.26826,6.489956,96.967636,135.57526,635.90454,12.072651,0.7590613,2724.553,3.0826695,10.632965,572.6554,6.638445,0.30398464,9
75.939064,59.710854,115.77914,176.37718,550.0706,93.704384,69.53875,5280.8916,88.40137,45.365196,6722.551,0.19863917,244.1695,5.565984,1.1485598,0.31232592,9
141.71672,91.610214,15.37294,195.63649,11.619119,85.33654,104.70948,1539.0725,77.806564,56.20945,8101.4194,1.6243756,53763.43,443.0456,10.879429,0.84273225,9
96.99674,56.69778,14.214915,172.2509,34.2573,70.04726,75.67504,2385.92,101.32464,68.87976,250.33897,0.039535277,2583.3325,24.775974,4.0201387,2.0775404,9
188.75754,91.23984,93.53555,194.00627,156.0662,55.932823,148.63638,633.5243,15.955992,2.2370687,1121.9415,33.737312,97.44186,115.546936,1.6755676,0.72306174,9
216.9249,99.20985,41.103462,188.5122,67.562485,69.37691,200.72565,91.409424,10.401078,0.06704645,2367.294,0.8837387,44204.72,2710.7754,10.012415,11.744636,9
188.09724,71.01645,35.06151,189.71463,55.826775,55.117928,94.81424,22116.59,12.520365,0.22233373,190.91809,10.614982,0.7611134,67.88668,4.13457,1.8346789,9
78.46026,58.206924,341.6111,184.47815,284.69366,69.60531,71.79142,1949.0005,10.870239,0.02336936,572.5219,171.0596,3.8926094,693.577,31.708786,0.92376727,9
96.3237,185.97086,36.860596,179.57962,82.83041,55.277424,78.52951,79.16344,33.60521,2.603523,178.64528,34.16732,6122.8594,264.97763,15.240959,0.96298146,9
80.65515,57.103245,79.39154,186.70389,104.36964,70.95456,69.77162,7232.591,86.363785,0.098718755,248.03735,163.91113,35.983276,500.18542,26.607069,0.21070015,9
156.24365,195.18759,26.298027,194.71407,45.087494,92.03149,161.8543,4107.8013,120.978165,0.041947335,398.104,1.8787882,1.3567874,36.658497,0.116574,3.1904557,9
239.17448,116.55645,40.75929,194.85297,15.058977,86.321884,216.86339,6226.0566,31.459227,25.238716,3479.5493,168.09018,33316.703,754.60315,2.49409,1.9648404,9
76.322556,89.52726,40.454937,197.4541,75.18806,55.34396,71.84069,1497.5396,15.954192,65.18888,1172.029,43.335743,1025.4845,12.678532,2.1179218,0.32298702,9
75.644554,56.73642,322.3757,188.01683,360.89618,61.627243,75.467285,48.056396,52.28534,0.08787916,9042.955,20.2146,749.56287,12.327851,2.0969484,0.31732333,9
77.57149,59.49943,103.7021,207.57877,646.4772,55.40552,66.08857,2573.9092,10.038926,0.02619888,245.2272,20.619343,5199.113,71.32735,9.381805,1.0022638,9
103.21536,70.17207,32.597446,183.62637,75.85147,90.7348,87.92289,1026.2091,17.491037,0.022023283,6408.0522,5.0802565,53842.297,12.607845,1.0577219,2.5767636,9
107.6839,57.430397,341.48438,183.89023,350.48428,56.48284,111.34562,5539.757,129.35062,0.027042272,4630.763,2.0451972,0.4134089,1186.8868,19.96526,2.9269636,9
111.40065,72.44025,14.932129,184.10593,7.1521125,54.050907,104.94838,198.15855,16.906244,11.162469,8675.519,2.5118747,1.3429201,11.174782,0.24749091,1.9401923,9
142.4841,120.809204,16.347239,194.85765,30.203196,54.485744,111.34085,249.52664,13.784822,0.072136566,1293.6838,1.579689,33445.156,74.34731,2.5833707,3.727605,9
158.98575,67.558105,4.993461,218.56227,57.8331,82.53202,88.91336,46.3879,10.522002,0.106595345,199.76709,10.4527025,15663.631,755.6177,22.129238,0.36661124,9
75.56642,239.59459,121.52835,184.64972,526.96936,54.07588,69.12132,10066.846,50.632504,0.51637965,9039.359,17.495764,19491.643,149.96454,12.99357,0.2860542,9
76.705666,60.129097,50.920834,189.69879,73.25974,98.42863,68.53889,138.15704,93.33845,0.37447512,376.01944,171.35974,0.04136132,18.43071,4.1134653,0.59043217,9
188.21063,87.51233,194.41519,189.21692,310.79407,68.38854,137.28879,168.53688,112.818634,0.033594616,288.68652,39.780674,38520.85,78.563194,1.3334554,3.829455,9
240.87036,66.17148,62.905193,203.63795,103.314896,94.81716,107.77603,801.503,57.67344,0.32780915,2944.9126,76.32481,4.3224177,2567.2434,32.141327,8.9456415,9
75.70225,169.71078,29.84978,198.29202,31.065046,57.69921,76.95424,53.920597,84.00661,17.33531,1013.7844,40.576805,0.122150704,330.1621,17.209536,0.8359258,9
229.15646,221.38824,7.3423843,204.80096,15.6991,66.291504,232.85838,78.3497,105.3982,36.583153,3584.9346,70.25024,2131.8738,894.5945,2.84072,10.301203,9
231.08186,67.339584,50.239784,170.36005,8.092949,55.403046,185.37376,2735.373,9.898232,0.04445757,658.99634,17.75073,3.6707137,1972.6263,8.176306,12.22255,9
76.8581,262.16898,116.69454,167.92618,642.8307,85.79422,77.373245,5904.67,14.265021,11.323503,7374.4727,0.7036667,44850.617,28.72725,3.0438719,0.98618793,9
193.74673,57.325203,36.049957,196.48755,28.377428,75.23854,185.42166,1496.2346,16.588276,0.2865363,1574.1276,137.69531,1.5296433,213.04324,1.2515545,0.6517365,9
76.74069,156.81453,64.95936,171.11533,43.67607,57.75749,78.77129,4126.767,117.18866,14.194574,876.30066,13.338758,1617.8936,411.4867,18.763435,0.6248223,9
190.77318,306.70874,20.314701,185.59242,9.2263365,83.22078,97.92375,281.40253,109.878716,60.953007,265.13113,145.31058,7625.472,2378.8953,41.27488,3.2157757,9
129.75214,250.70393,35.648403,220.43262,77.57921,56.296974,128.68716,20854.473,10.889051,0.12062846,435.18536,1.4247739,5478.5015,540.0741,8.024422,1.3501047,9
110.87535,84.22106,76.421394,200.86383,137.74426,57.390766,113.616844,30.528555,114.9123,0.05389214,168.37486,12.409597,1.4382681,14.686437,0.50167215,0.35894367,9
208.24161,310.65732,21.966022,193.76744,37.633316,95.51715,180.36757,29653.014,23.393997,0.054206666,1509.2646,57.37239,84.8026,1497.1102,6.8470263,10.23044,9
254.97534,120.34322,278.21585,190.28375,313.9701,79.766556,106.30942,8617.731,120.35867,44.65612,7404.194,49.825024,22.060888,626.201,14.498384,8.808697,9
184.95007,92.004654,100.57269,181.15054,242.09366,95.612976,95.175446,593.0049,127.85969,18.392178,384.64764,136.91489,0.05994796,63.153534,4.7506313,8.619025,9
247.2417,91.03405,37.63452,191.01099,59.166172,93.802155,148.42534,286.5369,10.548035,0.018844664,7622.1636,173.26096,53243.33,2946.5469,17.526146,12.524349,9
77.97102,264.9065,50.11226,191.27486,15.354128,57.24977,65.6009,25370.246,23.471142,20.8947,287.6283,23.607677,161.60266,744.1848,39.50597,0.27517274,9
154.26534,72.07357,5.976999,186.50798,45.62773,54.87111,92.54014,67.13752,13.0021305,0.0038328508,9069.836,29.581095,1651.1724,291.385,12.130047,1.2509255,9
214.76407,82.7793,8.61695,203.98572,21.160172,89.583046,160.85092,1096.0673,12.073305,0.019551754,180.98395,7.211055,9.330187,2961.2654,17.557816,3.2160797,9
75.57511,127.603775,31.110779,195.65327,52.683422,94.01631,73.427956,9980.27,120.79247,3.1690447,176.01901,0.049040105,0.4778174,640.6513,28.090597,0.77275556,9
226.0509,117.37873,107.61427,193.20369,133.4925,54.830845,152.93494,164.20242,14.4377,23.48862,3866.6733,0.18250418,2032.0103,241.26732,2.7737284,11.496416,9
173.58292,103.176216,57.084023,189.81032,14.870632,95.56917,179.02258,67.70445,29.34027,45.360397,221.67824,1.3690019,13.314074,393.0392,2.958664,7.6944857,9
94.596375,66.85577,28.675938,166.065,55.816017,54.4553,72.87404,737.33435,31.167368,0.033658713,3627.1975,87.24852,6.9256086,5.8859153,0.8310758,2.133703,9
247.70828,90.5497,282.41727,185.52063,519.55554,54.590805,202.29907,72.56403,26.841808,0.044138167,553.3862,168.47295,5987.6045,187.02899,0.9892712,4.392768,9
118.2295,120.39253,279.1534,203.59746,446.83972,54.309395,103.30719,70.15178,74.55981,0.041363567,192.51474,164.43869,0.007459388,13.29599,0.42057794,2.6739252,9
151.61076,270.01813,114.425224,221.36565,686.66534,55.068874,90.79217,12829.879,30.12112,3.714192,6855.1216,20.458061,390.07272,1849.8572,41.832054,0.75230515,9
237.69334,151.49191,20.721636,198.74869,11.736398,56.143524,172.45168,124.62389,78.681915,62.40425,1926.5442,1.2079773,41701.293,335.38275,2.5152397,13.776594,9
75.54069,176.28705,6.333338,238.98743,29.852177,55.273613,67.860146,116.80976,28.555555,0.056007147,267.81366,2.2165258,1.7275877,3.9302459,1.1718603,0.64658713,9
80.62802,60.549374,12.548851,192.17464,8.957571,95.85352,82.91492,129.69803,17.190838,0.0093665905,817.6697,97.48599,0.52890456,4.572976,0.51019377,0.6590545,9
76.33336,74.99322,6.8040414,266.7957,65.0896,55.389626,75.190674,572.304,83.69648,0.49413806,2011.424,3.965152,9028.339,529.80334,25.498104,0.8679576,9
181.0454,55.84908,13.365753,175.49695,69.71013,63.302563,94.26928,57.085045,10.454385,0.25598675,1664.275,0.3624859,0.10041245,1187.2551,29.563908,3.3608847,9
201.44489,194.1015,143.4287,178.25783,85.8934,55.254242,109.34943,69.49883,29.342062,0.7989486,266.29327,0.21355172,8088.2017,879.9296,15.086879,3.957541,9
74.96941,243.29474,119.45818,188.50082,340.69144,57.792072,65.68365,100.549255,10.146807,0.060499087,348.3527,158.18141,135.02885,629.3146,34.457645,0.69177777,9
218.55547,91.07794,31.180815,205.41867,57.98352,96.98464,209.34251,55.29135,14.287202,63.108948,733.1238,0.08651716,1.4288855,235.92596,0.96329916,0.9678257,9
88.111015,56.668182,26.231178,189.26962,41.727417,54.338703,85.50265,116.60602,25.626762,10.10872,8275.878,2.0130472,0.035800364,894.22174,26.292671,0.9605426,9
75.417534,65.28806,28.745625,197.5214,58.31252,93.605804,64.26201,1061.3303,109.665955,0.47141576,1264.9873,14.364259,93.0083,200.45612,17.247723,0.85960364,9
212.09248,83.34653,19.041906,192.59872,11.411381,55.302574,124.218414,153.72212,62.737602,0.4002141,578.6151,150.74683,2479.7864,140.82124,3.2507913,10.930696,9
252.55823,83.417145,256.17715,202.35211,488.12842,73.0101,126.41996,2148.2998,11.073144,10.174901,8345.489,6.3294063,0.10010443,254.40231,5.2467914,0.5967143,9
75.16107,80.231926,357.85208,192.26373,88.6393,54.732296,64.08999,80.63031,81.75694,0.043729804,255.30817,9.591883,12823.664,339.77063,24.310976,0.8606317,9
85.096085,145.80928,18.42128,187.20049,7.5444098,56.625027,71.53406,39.79784,11.65315,0.101444334,6111.3535,22.212656,33703.812,6.0171394,0.9683922,1.0733197,9
81.92755,136.70427,24.659187,177.30219,10.229219,96.349594,72.44371,6847.417,61.156853,4.753495,187.90492,6.884163,47484.918,47.51585,8.015495,1.3073587,9
156.91049,89.22771,10.594355,233.14648,69.81857,82.20271,160.73813,5179.9463,28.585306,55.879288,2535.4978,56.69247,3385.3154,2014.0704,14.5555525,5.225795,9
84.96452,283.88016,15.737955,234.02379,45.752098,54.670677,87.36292,3272.9106,16.88197,0.083022274,500.74185,1.4486897,378.5708,7.3671823,0.7198229,1.4416635,9
94.55982,95.27005,65.03501,207.81123,25.201944,83.910965,78.752625,105.958,11.273099,47.54914,5197.6006,26.629444,12383.524,18.099379,2.0808172,0.5245171,9
162.5458,252.49501,21.49201,239.14162,47.34797,96.83048,90.979385,768.4696,39.81605,0.03187131,8751.462,169.04573,520.1541,1904.9373,43.631493,6.904341,9
242.97902,297.40866,120.05403,180.0514,220.88892,61.434834,114.70858,1819.6892,103.17308,46.04538,338.70215,110.16952,19.233105,177.77817,5.119476,10.651776,9
183.7273,72.50825,31.744701,189.373,56.81444,57.473236,184.2395,27433.95,66.414795,0.0038267665,345.76855,102.59767,2837.3787,668.92957,3.9813447,4.0409856,9
80.32219,64.18074,395.9436,205.93399,239.17162,96.89343,72.29457,155.47266,130.51436,18.154644,175.84395,0.079197936,5.333588,60.726425,6.448641,1.1938896,9
177.32182,272.76233,479.98178,192.83742,89.8554,55.23622,175.85466,154.98709,38.756065,0.06590181,190.59906,152.73512,253.361,619.2333,4.349406,0.44703758,9
197.06168,66.18448,51.363285,198.50995,86.13875,54.72435,183.50827,3160.1436,32.620285,0.09953766,1203.513,67.94784,22.457264,803.666,4.051063,0.5780924,9
78.58786,62.95616,70.10636,186.12079,54.60679,94.49036,70.03103,22581.875,30.673998,58.938236,164.37827,1.5762365,342.46643,37.211517,5.4825306,0.9583042,9
210.41563,90.77913,23.496319,128.58945,71.571625,54.350475,103.1272,464.31738,20.862968,0.09498502,198.61272,42.65398,3.2851686,267.099,9.280965,9.277586,9
223.60126,56.001358,90.960526,175.23187,105.46651,88.19574,149.9372,92.89174,10.871925,10.342672,406.90875,37.27296,0.677618,334.20575,3.7422283,8.349614,9
173.58366,88.49524,32.73133,179.8057,55.514473,61.497116,175.11552,14337.855,100.86847,32.94366,2454.2222,5.1973357,0.9446613,63.827232,0.45328093,6.425969,9
91.98958,242.28036,274.74008,206.30612,293.06314,66.29147,70.607185,1930.6571,11.165439,0.022380253,723.74524,168.2963,1.266214,954.8904,39.50116,1.4107716,9
75.14019,71.375824,8.538667,192.73827,17.050186,63.33311,70.808235,747.08386,21.785234,54.14444,177.31775,8.714311,0.019541994,589.43884,30.177095,0.7030108,9
149.3841,296.7675,23.79869,193.65863,24.698338,92.66113,109.78016,20883.67,12.611362,0.05922219,4424.121,16.005651,0.49867627,50.381668,1.9335991,0.22343384,9
96.03616,90.68587,430.40057,188.61154,305.33682,54.339336,94.14838,14241.678,25.030247,55.294064,8869.78,19.552113,32187.943,101.2134,4.583989,1.6869314,9
88.1425,59.752583,562.71857,180.10347,111.93144,66.23089,84.14949,117.30966,30.38788,0.036766563,179.221,33.438965,4.8338776,22.309587,1.8267791,1.7460055,9
74.78464,294.96152,9.079106,209.0091,30.498892,54.591385,69.49513,39.288464,16.441824,66.90662,1124.352,66.48318,1282.0004,2.0613747,0.33820346,0.3127946,9
248.37068,55.95096,14.871154,183.01965,7.1684766,86.8836,149.65648,78.531906,110.28636,0.03435438,8594.06,9.141277,4.8640604,2292.183,14.052248,2.2655134,9
224.32663,62.849514,23.095617,187.87718,31.919786,96.6004,112.90116,9250.621,20.636173,0.6154921,1233.7058,0.06314849,3296.7417,967.27527,14.74377,1.2120159,9
76.10313,65.86855,500.99265,194.28598,110.63155,54.42157,67.68683,1404.0605,73.81081,0.004510319,5112.871,13.322662,7165.7104,99.97321,9.93922,0.55208737,9
85.047935,81.404236,404.11108,185.60052,360.84583,54.396233,77.84043,2377.8083,56.501347,0.10783377,9454.386,7.442666,5.8242855,209.39087,12.719099,1.5250995,9
252.01897,160.02177,110.37283,203.43431,109.29819,54.087513,106.0719,27750.012,52.41414,0.09713033,266.11237,0.06690511,444.73212,214.13719,7.812726,2.9284499,9
80.955124,166.23077,86.934784,193.73317,295.18896,91.42586,81.90458,95.42483,11.139524,0.03327227,1002.17847,169.93079,10320.293,338.01508,16.689564,0.5537609,9
78.79351,295.65625,241.66006,193.61444,426.03183,55.167454,66.3497,139.9734,112.64531,47.803528,8075.852,77.23203,14206.067,130.54811,11.945971,0.53000814,9
74.90844,237.42717,22.547642,187.55331,12.424558,62.662334,72.25372,1117.0662,120.6396,0.095537044,208.58922,172.81639,0.33862433,2.2909822,0.37519282,0.7784207,9
237.17548,62.27103,12.888142,187.00656,24.15888,68.42853,242.27711,619.186,11.766279,33.907158,309.60605,4.705768,8.068627,156.04477,0.1761964,13.374514,9
106.1057,89.9012,349.96277,203.54565,81.169044,54.61042,75.031715,94.49715,89.02391,57.235664,2239.378,33.123917,0.007638217,44.769806,4.9260597,1.9612263,9
91.37453,272.18594,18.186798,171.1054,68.753525,95.68731,79.98313,1089.096,17.900835,63.583824,8632.91,0.46308413,31.52374,840.0147,29.822071,1.9383017,9
76.228966,264.75336,238.07495,183.61282,394.19873,86.33438,69.10184,69.203094,10.077379,0.013106855,3364.1707,0.44623682,5.219651,362.6806,27.405212,0.46447223,9
126.86628,279.94818,380.79755,200.68526,172.29501,59.431587,83.24861,279.32245,17.761162,1.8428639,455.78125,0.22820471,50269.055,18.70113,2.5645144,1.4988651,9
124.51139,295.03857,52.98456,183.08505,81.79601,56.008343,88.3945,672.3628,89.44243,0.31325626,693.36304,6.7025676,2997.2957,40.348705,3.3097239,0.51293755,9
254.85503,295.65228,4.469942,194.64622,24.020603,54.36647,183.92744,9309.099,19.681551,0.10131082,266.39297,4.502526,265.61786,235.04672,1.5160319,2.1875105,9
76.37393,66.37845,103.27506,192.13254,131.68362,55.251213,78.80721,4545.9614,48.073112,0.09001409,703.1206,0.1363548,4.943471,73.150444,6.3378496,0.32499418,9
123.49362,57.603844,28.354002,186.2928,48.664406,92.12193,80.89035,31143.58,14.127721,27.108276,161.40732,68.96692,0.369412,20.838879,2.912895,1.5277424,9
240.22766,109.34669,7.170247,190.53293,24.05012,88.935486,151.962,74.00573,122.05432,19.184828,184.86728,167.36021,8892.142,2645.7412,16.925846,11.488216,9
242.84236,63.9878,279.43436,173.42697,166.347,85.68036,187.84341,1828.3219,19.311846,55.105484,7863.8936,16.719065,53260.543,397.87094,2.635436,6.5460424,9
209.30472,178.63345,11.31759,187.04216,22.237192,66.519066,212.52202,94.5108,21.114407,0.045051355,160.30511,0.038523093,47583.473,1446.4219,5.3577805,0.5172159,9
137.75327,100.29536,19.068985,194.23645,9.866866,54.356625,85.47473,7993.2046,72.47871,0.019746197,7616.3936,40.269413,29.105782,633.46106,20.508877,1.7750216,9
206.59923,100.94797,78.393524,186.38062,99.77562,59.407562,100.35072,65.611,12.293333,0.5112442,226.34233,1.4650081,21338.36,856.0401,21.008926,3.0382452,9
85.454605,208.21738,3.8742647,195.8472,51.284184,55.31643,72.862625,140.46483,61.8854,0.22548993,1283.1143,81.63356,0.8185123,10.850216,3.0110526,0.302002,9
78.842384,283.52774,10.405209,193.42662,10.93265,54.06939,79.47592,27662.34,78.06398,6.8279366,8210.2295,75.206375,512.66754,8.564523,1.0145876,1.0863619,9
145.7269,89.813736,176.94638,187.24814,287.55124,55.343315,136.61513,1463.152,15.157081,44.043476,1831.63,3.228311,0.2812966,56.45204,0.91260475,5.2806516,9
148.90692,89.24603,10.592398,189.17593,11.052158,55.370056,122.965706,743.26184,10.363388,42.892,406.90198,133.69324,4.0127378,150.59647,3.2480817,1.2824562,9
204.75269,145.27765,15.471364,170.07373,14.091157,54.346436,124.57125,215.16467,101.10691,1.8981186,6403.5186,0.63612384,12334.076,2330.9272,23.787542,10.3839445,9
208.76479,118.41926,48.016575,198.68689,14.086157,68.63495,99.20153,63.88045,17.065489,2.9625862,373.12933,52.10522,22.134544,2854.8047,47.686195,5.0073595,9
252.25096,107.57528,30.405067,187.56618,55.043053,55.141,257.59448,17904.648,25.064484,0.22148828,1900.7703,0.04826958,729.004,1107.2122,2.8241541,14.598827,9
136.77638,82.79748,53.96081,186.90117,13.6995535,84.39366,84.591125,696.26855,13.116591,0.14407232,4185.2573,167.85071,3654.6497,1396.1309,39.229626,0.5870373,9
218.9437,175.57027,28.684456,204.3477,63.31084,67.20299,152.318,27280.535,112.02674,0.2550402,1115.6722,0.6534075,47690.87,259.35364,2.9355042,8.195629,9
77.12605,69.22844,256.83627,200.06102,260.10556,54.50795,65.23387,291.4772,117.34131,11.570502,7960.603,0.041546594,8546.192,135.87093,12.8260565,0.3073144,9
239.15353,63.286007,79.31656,189.50568,67.66885,54.451202,134.15924,5982.25,30.136995,0.40508425,8337.637,0.13492116,56.270588,2259.7104,18.770882,11.858979,9
228.50099,262.71405,283.99457,180.08992,130.75816,54.6044,118.45297,101.93002,59.595802,9.10994,222.51321,1.4959176,183.7494,146.81079,3.4569669,0.6414514,9
134.92856,135.97192,33.77241,189.01703,51.461105,54.95896,96.4923,338.65244,11.773111,0.021850323,952.1454,2.5061657,119.87932,77.13701,4.022289,0.8372367,9
131.7478,104.385315,40.70737,255.41049,68.54847,55.03498,122.322,56.812702,16.737257,33.34177,672.22864,60.143703,44004.043,62.60259,1.8933218,4.1886587,9
251.4936,269.94785,67.5617,194.17334,9.173883,54.98771,150.80957,14850.95,9.591854,0.067494795,154.15485,53.53929,10932.308,560.95746,5.47165,2.4757967,9
184.56953,91.6187,142.96396,195.40775,308.01913,55.068043,181.52066,114.75289,11.949564,58.401478,248.26202,1.0109357,2.6695974,61.76189,0.13713285,8.518613,9
242.78098,77.476456,13.5895,197.09096,11.358066,75.79282,106.18131,469.78735,21.864555,3.9044385,2047.8489,169.24628,54240.38,2460.2097,35.51779,0.55647707,9
253.1973,176.55608,177.88263,167.87149,233.61398,55.00389,256.21515,2121.4766,95.893524,53.5148,182.77213,13.141367,0.0070332596,227.03445,0.35183167,0.665824,9
157.64575,261.2311,64.13771,188.09644,92.02089,87.90419,162.12204,497.44345,43.960182,3.7978256,5183.841,0.39798874,107.95715,1857.4609,13.016162,3.4801416,9
84.416176,93.59972,3.9664829,185.22025,37.181957,55.83683,71.53243,18143.898,22.582756,2.7409658,5796.55,46.73423,58.57457,15.061757,3.5610282,0.949198,9
83.96175,249.00229,7.611353,211.45978,39.546146,59.516106,81.102936,5010.866,116.653465,31.764616,6306.7637,7.013481,4656.192,558.05835,20.55606,0.42880195,9
253.72414,55.963753,20.24846,192.51807,27.793306,55.13388,257.2609,192.55267,10.968025,6.479989,997.22925,0.734245,6569.619,193.31818,0.25294814,12.326879,9
104.812515,90.61105,9.991286,246.99692,29.513699,79.302734,107.1031,843.0077,80.85307,57.13836,1533.9612,173.24043,51368.547,51.674194,2.0273383,2.4214292,9
180.96251,109.92647,52.46783,226.58789,81.347946,66.15748,106.95259,6521.6455,17.584133,0.54284763,235.97511,121.47344,0.15011182,170.24054,5.655506,5.2410035,9
174.99237,188.88805,42.267487,204.41939,55.032497,54.029675,114.88726,33231.117,16.522083,5.1568437,4462.8105,167.5751,1.2908187,2286.9895,29.074358,6.824673,9
250.93773,252.85039,9.14398,201.4501,11.110795,95.50413,107.7404,49.853386,122.70924,0.120039254,8845.28,0.10708903,240.24548,1148.0015,19.491077,2.0220962,9
229.12552,68.025505,3.9201791,206.46603,29.476501,59.531662,145.57153,3261.4285,11.836086,0.50982225,468.09778,173.65128,2488.3787,327.80707,4.044175,2.1555398,9
149.13733,160.3132,398.22754,198.16074,360.11603,54.338863,122.417534,160.06555,106.90148,1.8277344,280.20096,0.47581297,42157.23,29.860167,0.61300313,5.893453,9
165.66087,276.9356,569.4261,192.10686,139.18394,54.055187,91.19543,2901.3877,15.556399,17.519089,7963.109,160.57756,51766.508,692.7998,21.561405,1.5563993,9
180.78049,68.95531,146.09427,177.07379,149.68529,85.74077,184.4992,15910.161,10.396105,62.71809,192.18588,166.53543,896.20807,220.28464,1.4146321,1.4148462,9
77.105865,57.230415,59.41148,189.5214,4.866333,75.89847,69.10886,37.953133,12.408535,0.9250306,165.01738,54.24911,550.34106,61.361458,8.173541,0.38204104,9
253.33563,80.341034,4.26949,184.52036,23.906757,54.377243,218.74274,113.60286,16.940897,41.11322,167.23085,12.201366,13408.394,274.55527,0.96114725,2.1747713,9
186.64026,204.23962,40.180405,192.56448,64.13386,55.092808,132.41042,7002.612,108.57534,0.028126484,184.67796,18.253445,29709.033,674.706,7.982752,0.45171416,9
93.0392,95.097786,13.098751,183.87006,56.243805,55.02069,96.13912,29852.635,66.196075,5.1570606,255.90186,64.85941,11.032072,511.68893,14.448205,0.15237176,9
126.50827,186.5485,27.24869,217.64925,47.792664,87.70784,91.36884,32238.42,26.396133,35.555447,5568.2373,173.16858,50717.47,188.57565,8.6126795,3.0598714,9
76.63463,228.18079,103.78337,219.24417,110.24657,72.57186,69.40961,3297.5596,50.113487,4.5212674,1761.3508,148.15347,0.9814978,189.19061,18.320724,0.78364635,9
84.51158,64.513466,78.411514,191.83403,124.56473,73.16339,76.2086,6322.6953,100.66971,73.27359,1077.8616,9.358583,1.330592,12.207657,1.8135163,0.26809904,9
180.73862,63.308174,76.09875,197.97108,15.008655,65.03133,123.259895,72.76914,115.58507,0.049417913,439.77176,1.2238615,21878.621,67.1331,1.7493279,0.3247976,9
75.942184,67.56984,73.86726,198.16872,22.680046,55.299675,68.34217,73.96751,43.322693,0.031213373,176.8892,0.05660701,4.0617905,2.9667933,1.0978822,0.85575765,9
94.5627,276.6013,100.08377,251.03085,101.99602,55.136368,81.49407,26021.344,17.061258,39.08215,311.42197,122.60482,19436.953,30.338596,2.9156852,0.38766044,9
109.59063,172.02477,38.413326,143.19412,87.30357,54.696854,79.34096,496.49106,15.754801,36.95382,6395.8154,1.1751952,2020.4404,89.341965,9.238876,0.28347135,9
182.0279,64.35658,469.8774,198.33289,132.33315,91.033875,93.98021,110.510414,52.212646,58.152714,182.10419,44.620083,52527.695,61.401974,3.7113879,0.80018854,9
187.87808,79.74299,9.569958,261.1595,51.779034,69.241196,96.268486,9708.968,63.733017,1.892333,185.93297,172.29005,121.35017,2334.544,43.021976,0.35954708,9
110.21867,76.52543,25.397541,148.51357,53.57946,64.21469,112.44239,50.634277,17.389277,0.03883219,6632.41,38.751637,256.55917,161.32138,4.459946,1.1899066,9
82.05129,63.817463,134.81543,194.62906,329.28357,96.736206,68.770424,508.32416,15.851156,0.02371248,620.3644,140.15831,13308.089,778.67145,36.124756,0.4752391,9
251.06607,61.4429,108.12322,187.14064,185.62134,88.53306,194.02998,23513.072,14.641502,40.62587,4068.4187,1.2226487,7981.0386,3359.8247,12.653944,1.6912827,9
255.59114,80.39885,164.97568,214.79227,443.254,54.968758,203.99648,210.19518,61.705112,1.3711629,2567.546,16.600088,4315.1294,3265.2576,10.35923,4.36863,9
183.20789,75.21571,15.527372,183.3985,30.11123,94.48216,109.815445,24963.516,10.589013,1.2066295,692.16516,0.3766153,22477.75,69.44167,2.3885844,2.5008452,9
240.17867,83.918976,12.399153,211.06808,16.677523,98.75369,233.08609,22288.443,10.160757,0.8367372,2675.5537,170.60184,2121.9785,3096.5518,8.074921,3.716514,9
108.61877,187.02647,55.537277,217.35294,83.279434,54.44401,104.40763,2292.3047,10.105878,11.388283,842.4054,66.89395,5323.5264,201.17314,5.821555,1.267432,9
84.13431,63.009766,37.480267,200.48436,10.496546,63.18196,72.028564,487.3945,13.111399,0.0034954578,841.6621,165.1944,1432.0879,3.7793865,1.3171221,0.1831284,9
98.79242,58.928062,26.39974,181.65605,70.2143,69.46838,76.27505,178.33844,46.952507,5.6238246,8555.416,11.501983,1257.2576,31.749643,4.5541644,0.34865645,9
244.56543,103.184265,27.106052,194.18088,21.022284,82.66269,224.97221,33.174625,11.35302,0.09015233,6125.6807,9.987042,29689.32,2981.286,8.091839,9.269473,9
233.29301,227.63547,33.494827,190.86401,56.40672,54.94701,146.31502,6719.121,10.863264,0.111348055,298.77365,0.060458157,29833.082,1294.6621,9.974269,3.7996435,9
144.46288,56.20372,70.88268,184.63812,98.55368,55.24649,142.71924,368.2966,37.849915,7.3099856,6429.5723,15.804552,724.14966,30.643148,0.4236138,5.001089,9
247.47772,121.57493,49.16274,190.36002,46.47425,54.20571,106.8104,6203.3887,24.231535,25.085938,5328.6475,106.35947,4.990823,2313.8306,32.507603,0.6232177,9
146.00626,91.79782,51.384315,155.5172,5.7297406,55.227024,88.429504,241.65173,32.63837,21.77567,7661.194,14.882551,52851.504,59.321754,5.092596,5.5299053,9
75.52379,56.06747,46.54251,177.09247,10.079093,54.325882,71.003235,560.72516,98.91326,0.071467444,280.3772,40.60457,32955.684,283.16708,17.828482,0.34075457,9
254.40207,58.53856,22.580017,197.65274,26.025196,69.17184,105.9061,2667.9656,11.563599,0.27516887,304.6149,128.62102,38.835575,2926.8237,40.67552,1.4658835,9
78.3169,87.817924,17.878916,208.2537,36.813236,55.099335,65.06868,102.99283,28.712723,64.679436,1266.8372,36.217678,2804.6665,2.8600218,0.7245476,0.2913908,9
251.53935,302.5268,82.21806,174.99414,143.54982,54.422867,233.91019,9166.132,54.77276,27.152803,8074.4272,21.383387,22.691425,450.92807,1.2242999,1.4867218,9
256.14734,89.58171,93.893555,184.738,271.38196,65.454056,232.83452,8212.729,47.302055,39.088955,267.11856,12.6879635,113.069435,807.85535,2.4860027,1.3065851,9
139.4777,71.196,133.20728,184.21194,413.44147,73.945274,86.843796,3612.315,34.087982,66.004395,224.00099,31.526285,31462.596,1187.9879,29.77829,3.1984198,9
254.50146,147.29501,10.225052,190.98178,72.57414,57.86116,105.784225,28.728249,114.12433,0.023092182,2500.2046,5.975404,35269.707,309.78235,10.070546,1.0671049,9
247.123,172.64516,381.56494,194.8555,399.11258,54.806595,254.21483,101.67219,10.441237,12.172919,3682.1267,172.58795,125.51407,332.90494,0.6675956,0.945399,9
155.2843,67.3509,375.6624,240.06093,90.86845,93.33759,88.101326,38.819668,36.32408,0.088979855,191.15305,15.579587,9835.426,37.473038,2.9974022,0.5765169,9
252.69186,90.15573,85.31633,235.40561,114.61923,62.526054,109.33675,73.688446,9.838887,47.189743,164.9987,23.34232,16935.293,467.90677,10.340298,3.5227904,9
88.32377,277.57526,187.6831,206.18349,595.6324,54.333717,91.60527,36585.93,18.028786,0.041718062,174.71567,173.68642,0.5046794,37.66211,2.7400544,0.79589343,9
144.47008,207.04922,33.47018,172.50032,22.524628,54.025032,134.1149,5595.5933,15.366762,0.07886694,182.24158,0.07066909,83.81805,1787.6523,18.036837,1.6305473,9
75.43776,115.88303,66.20598,187.49759,32.841713,55.202522,69.160995,98.8283,16.088905,0.025734404,352.9015,0.8342313,35396.0,632.5188,32.448578,0.819402,9
196.7004,86.24776,16.934528,214.84064,27.89304,96.86455,103.16539,645.6832,10.664707,0.072203554,6566.7183,159.40189,302.4239,2075.3457,29.97386,6.6680818,9
255.12222,108.452415,6.6652884,196.10728,16.40694,55.0797,105.494125,846.1385,20.568604,70.29602,376.24728,72.27647,46325.758,531.074,14.768363,2.454966,9
129.68002,221.17499,352.0254,167.09558,78.25203,54.13066,134.51869,89.0116,25.465424,0.09502587,5362.7803,22.099098,0.07635072,26.649826,0.37364915,2.9846425,9
159.90059,137.9792,15.30562,195.95695,22.429216,55.3416,132.14534,658.9519,11.073446,36.221157,592.48254,101.37534,2.358791,39.05946,0.7936669,6.186364,9
165.59477,210.31555,23.824879,192.19241,17.005215,57.60432,169.72559,2691.546,14.17094,10.44474,224.42216,170.85281,47694.875,265.58875,2.357851,0.32748306,9
79.95151,83.29599,66.42608,186.95737,25.669865,59.87638,77.33533,138.2756,116.82695,50.086174,178.40302,2.2343643,1234.0714,2.8635993,0.15411176,0.2584213,9
240.0284,102.6036,156.83176,178.39087,252.97377,54.79936,108.3946,76.63159,28.890839,0.09085906,1008.6951,0.05484438,5.509534,191.63414,6.520958,12.957285,9
77.45857,59.48495,23.60285,206.9095,20.643866,82.78265,79.15606,48.80208,120.89892,12.0418,1340.403,6.0556574,3.6275883,36.740517,3.582082,0.65847486,9
82.18629,118.60925,240.88835,168.15315,264.4927,57.551025,83.83746,50.216385,100.91876,0.51208645,924.8527,0.041560356,39124.05,3.7960322,0.39685777,1.0348723,9
234.41838,232.78546,112.582466,206.77512,140.14223,83.72322,218.17639,64.34054,51.962936,0.026586985,3104.6,0.5475196,12.188431,2299.464,7.7793355,13.130656,9
142.93143,55.89849,48.3278,159.36885,82.368195,86.32027,131.1051,13068.38,17.694054,5.354895,1564.5542,41.36342,978.53394,109.59854,2.0933874,4.8373117,9
109.696724,56.912334,162.02336,185.31708,291.1722,54.044373,100.05563,208.4135,18.021238,41.144073,7694.03,29.668428,0.031995285,937.4434,18.93702,2.1595802,9
255.72124,90.47896,80.200676,186.20619,96.87042,58.20746,106.42292,12217.908,121.70241,0.10183058,3806.3984,115.24739,328.12958,612.23303,14.268009,2.5491543,9
251.099,67.02322,27.723274,208.94812,61.744682,54.44184,118.16766,291.30542,43.925095,3.5492659,177.69916,36.2971,6685.935,517.3953,9.860886,1.3909881,9
138.39168,90.86696,5.6883163,187.86089,14.936687,93.88515,117.08185,27763.01,11.61504,0.010596572,7828.4585,15.861931,6.3778086,66.12659,2.0947175,1.9221956,9
254.73451,89.82612,275.0973,157.91415,369.21396,60.502728,112.57175,2096.985,32.480774,3.5627842,1372.2042,154.01152,156.90613,3224.5488,35.743988,0.6148354,9
175.12158,71.82614,3.6167862,197.7744,62.238453,73.42998,152.56616,1924.1119,27.715263,0.12678346,932.34033,83.554276,2.0417182,2064.8567,13.887007,0.3174966,9
88.36411,60.90777,72.18027,179.71942,90.37215,97.25685,85.4321,95.0195,15.078531,0.23844418,945.8547,0.05225266,18380.121,6.2060676,0.34821975,0.65011406,9
117.491,77.09655,61.813953,178.81969,88.00646,54.28316,81.20455,29439.086,106.13369,14.382975,172.61444,88.84149,33017.5,14.667718,2.1291342,1.7108032,9
83.2802,61.767784,25.684998,227.86595,64.678055,55.166035,79.251366,5015.591,72.55881,5.581361,5445.206,10.003515,8134.838,168.87222,9.941802,0.9420462,9
85.90443,91.64812,17.722569,193.60332,9.262722,58.772354,87.50001,12882.985,16.040901,0.096229896,395.5435,50.622963,7076.726,7.8239827,0.76960874,0.32066905,9
74.992676,72.1285,411.3097,186.94633,255.96814,55.64962,73.11803,354.6044,10.837828,0.024056673,1672.897,0.070097074,0.033141997,65.385895,6.194683,0.46230584,9
229.54166,65.08938,33.345985,209.42297,74.13055,54.73724,112.00481,49.59835,119.228935,0.103557006,1754.8282,0.32935816,225.14404,222.27248,6.5719943,10.653044,9
103.58465,97.209496,3.619022,227.55513,44.54107,76.9157,80.13681,159.70613,24.207802,0.09926651,7985.9956,60.069927,0.008081928,56.462643,4.443524,0.31879675,9
79.37464,150.463,45.89451,189.0145,16.667124,76.893265,70.96853,97.31862,22.738995,0.098570205,980.27673,133.84521,4.453067,329.08502,25.173649,0.3365198,9
255.57108,92.164536,18.430845,217.34647,10.496461,54.952854,262.79578,125.26143,92.72752,0.09680504,989.9083,66.75082,15433.338,3490.1106,6.822394,5.6316905,9
85.13008,269.70364,68.242516,198.29773,75.096565,79.96039,72.93779,3127.9607,65.92469,0.11597236,7110.1626,4.1606913,0.029478366,7.911932,1.2745483,1.0918064,9
118.266914,98.05054,470.8961,216.31245,127.67088,54.3424,103.05547,61.462257,11.367306,0.028503805,206.32184,4.7937226,31245.295,80.30025,3.1815557,3.201372,9
123.70674,292.84152,382.4646,212.44781,305.02103,54.98728,84.460464,6665.4893,133.22987,1.5938929,1154.9255,2.2150087,3.5528927,17.906013,2.1198602,0.5252428,9
107.80498,57.606583,9.300873,231.79608,55.948326,54.86509,111.19567,19415.332,94.65561,0.023101246,7568.9663,1.6108156,36.418186,302.6743,7.9363747,0.34116623,9
81.71382,79.27345,257.76038,216.38065,305.9594,54.68982,71.7569,6268.7285,123.32734,29.058437,7179.215,27.40645,0.04285583,541.60724,32.986927,0.5102676,9
152.62608,91.334496,26.884796,196.80751,69.143196,54.44409,92.45285,429.5038,52.774178,65.19081,5045.235,13.767275,598.2947,96.06097,4.690181,0.32211217,9
209.07228,55.989235,409.5012,203.86505,85.05984,80.766815,123.6209,73.55039,101.74604,7.638031,5970.9683,114.50104,1.8157341,233.49487,4.5800314,9.669571,9
167.00854,85.89175,21.11029,178.86128,42.8279,54.93098,130.36363,34394.617,126.87329,0.10147104,5348.5938,0.31648958,14.452607,102.78427,1.9829082,3.7659397,9
200.56354,56.31717,76.36408,187.76823,48.427208,71.66952,139.1405,192.80563,63.504295,61.485554,6261.7666,0.1973488,75.79582,137.32605,2.396697,1.1029944,9
252.16547,145.16818,425.80505,197.92346,377.3646,54.673595,118.858986,3498.2605,28.691442,17.368397,8456.489,30.26569,33.09729,183.30066,4.044446,1.6108824,9
139.60115,69.95371,218.91193,182.3504,468.1776,63.855988,116.23262,734.56494,103.3248,8.714792,9018.562,0.46110272,10325.777,1245.6649,17.467937,5.1161165,9
110.29559,219.75221,538.8718,191.9295,208.88596,54.930473,98.420616,71.8059,80.2926,0.060474858,7614.9844,26.969963,762.32025,17.662014,0.83554155,2.2319908,9
219.38441,57.57912,17.203115,186.50485,13.546002,55.17763,134.55547,4063.0356,93.51711,0.08421411,722.38074,5.4889383,37896.727,1347.1945,13.475758,1.2525725,9
213.52429,91.948166,50.71278,193.17062,62.253445,94.362724,112.957825,3262.1816,17.995575,0.09980479,2844.188,97.38334,1337.3126,2676.7256,33.020416,9.015469,9
208.17926,64.98078,28.897644,217.78711,58.43746,58.40978,101.06865,36.19541,105.587555,0.021341147,316.79132,67.53591,0.8513063,2298.0122,32.664238,4.2461333,9
253.90178,69.86208,306.1161,194.63783,446.27527,54.40717,246.55315,347.68515,94.96668,0.052662466,249.69765,1.7459656,0.019414961,3602.9165,7.7657423,11.660337,9
110.10571,64.28305,23.821245,182.82487,38.037144,95.440094,77.263115,168.64581,33.000267,56.046303,3253.6719,93.151634,63.0319,213.28261,12.149222,2.9728882,9
79.12423,60.33383,33.735077,188.3945,62.313553,86.41942,66.592926,52.512123,10.101968,0.16355236,683.7169,13.916104,0.52644604,706.07263,38.34912,1.1787696,9
75.79004,124.472496,246.60143,194.82982,256.9901,84.41227,70.131355,23.078503,58.487366,0.06506574,203.23213,158.96004,13203.043,4.7576966,1.86811,0.5510707,9
203.31326,63.90895,3.8521204,202.3272,40.755486,97.06391,105.841576,24.27418,123.57172,0.10208747,4224.3804,1.1111364,32012.525,91.9472,3.2573678,9.253683,9
136.83902,139.86804,17.951427,227.75238,102.89499,54.460987,100.670334,234.882,88.497246,29.043743,917.88556,34.579197,998.8771,273.26773,8.663002,0.4205366,9
85.14064,187.40431,5.2683625,191.29256,89.99106,95.11905,69.31143,76.37545,41.467182,36.221706,928.68384,82.88723,1.7405175,8.909971,1.4911172,0.8875847,9
75.671936,98.10312,296.6187,182.93219,517.90234,56.515415,67.92782,260.92044,59.61817,0.9461025,182.71973,0.058293235,52396.31,2.2656407,0.5953721,0.37587282,9
94.42017,83.12955,42.8755,167.25098,6.5486484,54.4493,90.98377,180.6111,114.95061,11.950502,2210.4773,5.7055936,29440.098,598.0464,16.744156,0.73653054,9
207.50488,95.322075,17.271572,181.52414,69.673454,55.226997,126.78918,3526.2605,20.272873,0.024880622,8524.383,0.8781336,40821.867,1621.0076,17.63577,0.4696101,9
85.20983,110.39621,84.69543,206.0315,137.50519,55.040512,83.26159,258.17825,10.20891,14.429182,315.09338,59.781532,18188.217,507.9207,20.591135,0.6040568,9
93.91791,73.41128,70.49538,187.31396,55.16507,82.22311,88.48973,5902.1924,33.26268,2.7222247,982.24207,60.642834,91.92557,23.871326,2.1708481,0.14403212,9
76.32603,112.1499,30.108088,198.96674,35.13462,66.99011,65.297165,726.3439,114.71051,0.06791694,255.61964,173.35188,49485.25,2.319471,0.45955375,0.45157462,9
78.15587,88.543175,464.10666,241.18404,73.62956,90.41333,81.68669,7045.9463,103.40691,0.9225667,174.08737,5.0225916,1.0385247,96.74893,7.127904,0.55060637,9
76.02298,92.620636,80.301834,225.1145,72.461395,54.91189,70.2143,216.60446,22.277943,0.8555029,818.52893,0.06378511,46561.484,517.5142,27.433949,0.39489365,9
126.219734,103.12546,49.941063,175.17146,53.919235,96.23056,129.32314,71.799995,32.419594,0.07321985,1303.5732,4.534214,39.1734,329.64267,5.5999365,4.030529,9
212.64943,60.529682,38.12388,183.04309,65.44623,70.418,217.06575,18263.291,34.364082,0.43012366,1068.9392,11.617837,7384.1714,1701.4597,4.9055653,0.96346927,9
82.007065,61.845142,49.56503,183.15976,46.817566,55.093555,70.94108,124.32522,14.962405,7.413907,3270.6353,62.385597,125.87951,6.3580627,1.4728284,1.015199,9
108.71431,201.6312,19.185192,187.0549,33.23353,55.024723,75.79561,376.63513,28.441452,0.039270617,6683.0024,84.33687,451.2553,419.85678,21.075878,0.5667856,9
109.37421,90.07653,10.475983,175.14124,20.555244,91.25264,75.76343,9955.371,83.60545,0.118251584,422.16833,60.459072,1737.275,172.54822,11.4564905,2.8106718,9
228.75864,146.05148,181.7349,187.52762,141.8907,55.25722,171.26878,141.29413,81.7107,0.17139773,1791.398,139.36488,48929.71,306.73206,2.6461923,0.7004714,9
114.11478,81.686295,24.347347,159.90971,41.209267,89.00305,80.34371,75.71984,12.382625,56.74633,1388.6522,42.050987,1.1309792,743.05035,30.206656,1.9663278,9
181.1316,69.49235,4.551696,206.4133,21.14211,75.0332,135.18015,26661.957,38.93227,0.07112579,3558.5288,0.55219674,460.12027,305.3199,4.761419,4.3095756,9
221.92525,89.55808,136.03745,241.59053,87.45356,54.464054,201.46864,82.96659,37.12605,43.29854,1336.0267,123.529366,2783.8481,121.11615,0.32587212,0.8105812,9
75.386604,118.998344,148.39243,196.36743,314.55786,54.256306,74.78421,782.422,10.454515,60.283344,2582.6216,58.070213,1049.2643,404.72256,19.644978,0.41976458,9
77.13749,166.48582,45.339996,183.60349,13.577279,63.832302,66.10652,571.5093,20.844494,0.67240673,280.32758,7.2888584,1855.5956,3.08127,0.62532747,0.43046474,9
212.6151,213.4983,238.67659,198.60863,322.83292,63.067265,158.28703,304.20917,13.212592,0.10782964,284.27533,0.6543929,447.44193,115.7606,1.1949362,1.822139,9
110.425476,279.31912,102.48312,197.44218,70.69482,54.96059,107.74429,17525.947,44.527596,0.065500334,164.01796,50.078186,15835.105,155.0027,4.6203923,3.080903,9
88.99902,56.00769,18.941734,189.81078,19.255749,59.840683,91.86484,105.30032,86.64589,68.64322,1398.8369,1.2456907,0.33126387,102.59688,5.62869,0.83770144,9
249.7945,158.61336,51.806183,182.61472,12.880865,95.026924,229.81467,151.05045,24.32521,60.632545,8945.7,102.76096,40623.953,993.41907,3.0921133,13.557138,9
81.44161,160.21193,5.6358566,168.13686,18.80605,54.4249,72.53721,5879.032,35.91187,9.456343,330.2507,1.5752841,0.010620024,174.1419,13.271539,0.4834501,9
156.10065,57.10017,42.877846,194.22565,11.545286,57.623158,109.93292,62.557537,12.943608,18.8917,5747.1943,92.81982,0.099827394,1635.4753,23.71762,2.1921685,9
186.95251,114.04915,78.45848,184.29808,138.93431,54.058334,128.02324,160.32767,10.585844,0.04052588,2383.4866,86.92832,3891.8665,1722.1882,17.005709,1.0092916,9
75.562225,58.7262,8.050093,194.0589,10.902137,55.174526,67.57364,173.1254,39.49339,8.633247,9442.076,1.45053,55.622234,105.111275,11.816955,0.46139792,9
254.00548,86.00037,10.305444,169.35721,21.912271,54.026684,136.7444,17256.588,113.992874,0.09023976,5590.3276,0.09887655,28049.832,186.63345,2.9118857,15.196,9
82.693054,90.02022,279.36096,197.60406,462.75333,57.154053,69.45589,91.83287,10.359671,0.530513,7747.1377,113.2634,32095.277,3.9079866,1.1749179,0.50923216,9
92.707375,56.142353,64.478836,201.45416,36.556343,54.318047,90.43373,48.561447,10.580702,0.014350853,160.47304,30.908016,12546.478,5.446397,0.1403756,0.1613217,9
91.20598,56.17975,76.94614,198.89227,31.525082,63.74614,73.43545,552.0837,38.232365,0.5534655,193.44832,153.2706,8059.7236,4.950165,1.428586,1.8906612,9
89.87806,67.67848,40.092106,194.09073,83.16598,62.899677,72.72209,8065.3833,10.879902,58.915436,176.74956,9.286504,19707.277,570.4696,26.333696,0.562472,9
254.5251,92.78721,493.27078,184.13965,116.44098,54.45464,114.77437,2837.7998,10.553797,0.06367672,674.45667,0.31512368,49.08869,1482.0464,19.729313,2.491554,9
162.24957,56.368736,16.481874,191.3706,36.323242,54.3825,108.2761,334.0362,55.06088,64.56703,199.40622,20.299927,0.10579315,212.3667,5.830778,2.6994703,9
91.808395,113.90211,269.03723,182.8375,319.23782,55.163998,92.60783,25637.996,70.93847,1.313914,332.751,48.755795,26.804031,5.6209383,0.1962857,1.1937146,9
94.533035,271.65317,31.990736,199.35481,54.301193,54.483047,89.42967,12389.124,15.1305,2.046086,1994.5087,1.9704254,0.03152571,6.363818,0.26880294,0.2656494,9
250.8127,209.62244,118.49137,182.46786,408.4098,54.816444,106.164505,2006.983,107.470535,0.035535626,808.8487,0.31261873,10778.324,1481.1621,25.341291,0.6571333,9
87.09056,183.51593,523.23724,183.87622,122.12546,67.929794,73.7178,914.6891,60.588448,0.22287126,864.4102,4.7076783,0.061013505,895.59564,35.47659,0.7178598,9
252.68437,185.61581,33.801174,192.58987,17.223473,96.21929,227.42766,1149.6133,45.050587,12.95092,1998.1411,144.60715,0.12638499,228.31482,0.57870567,0.84472024,9
185.4454,58.349354,11.757106,212.89091,32.14609,96.033806,137.75412,29.038572,43.187508,0.09339283,3492.3054,1.8867731,5920.037,67.12592,1.2413512,1.0549835,9
231.1383,91.76477,114.21352,234.0396,102.27072,54.379463,111.44241,1242.997,15.474957,5.5307236,177.78891,9.68818,0.33655885,506.01202,9.684848,9.220126,9
247.9051,141.81543,4.0781407,179.90573,30.25071,54.045105,234.25499,141.93193,64.27931,0.31551695,1028.0255,147.82022,0.4079979,217.65154,0.42999098,1.817378,9
77.10523,91.87485,79.41202,164.52058,530.51306,73.3967,78.2789,52.56337,80.65944,0.10969222,1270.6261,2.7469845,1678.4937,136.75523,9.069713,0.63271713,9
206.6112,250.73454,464.17853,194.25964,266.5126,94.21737,201.37039,24194.148,50.11466,0.077560395,507.9078,0.25173157,8895.399,1744.3439,7.14294,0.5617149,9
211.62335,94.28718,89.86203,214.4009,431.2174,55.17549,209.74902,3185.207,120.62742,20.050274,469.5636,5.8295746,7936.608,1931.924,6.12638,3.4732423,9
75.930405,115.05128,7.27349,169.88132,44.3667,95.333145,68.1024,309.70425,12.497677,0.6352901,481.53723,115.28759,41426.04,347.53604,22.00496,0.29086307,9
215.4925,178.35915,75.55076,194.20853,115.79679,90.21844,196.63008,4000.3262,101.96508,59.72675,199.46681,13.279551,53717.816,2388.186,9.246572,0.98570275,9
200.45236,115.11748,8.322912,203.37631,18.061848,67.91415,99.730606,13601.452,34.536175,17.998564,209.08551,1.2621012,0.09024141,2225.674,33.993412,0.53177273,9
197.30493,99.80652,169.33633,193.33226,244.02632,96.67186,98.59903,22168.982,111.43512,72.247505,2123.2434,0.18910645,122.93869,78.153496,3.6949785,2.112793,9
75.20801,58.651657,9.129004,183.71735,50.896072,91.283,72.947876,33.73694,54.629597,0.00352587,309.45444,118.94709,983.0131,201.66289,14.784274,0.42294407,9
75.77349,179.03125,16.142555,186.57101,15.798767,54.945625,68.6138,61.222775,10.293369,0.122116454,202.20023,21.654419,34538.56,6.5845013,2.1673188,0.7022372,9
189.43265,89.3371,10.43544,185.45795,10.989751,54.644005,95.457245,602.23773,36.570675,0.46746266,163.7698,29.981865,1926.3796,226.90662,10.647329,0.8604413,9
75.350624,151.79855,30.605465,189.83961,15.17861,62.74806,75.845604,208.68839,66.659775,0.087514535,7829.9893,12.056656,198.0208,34.036095,4.3261375,0.45044386,9
75.32384,90.03029,81.06031,211.7619,109.421326,56.335266,76.09746,38076.633,16.703362,1.0405587,441.83694,0.18742672,67.19665,122.46327,8.890012,0.7807299,9
233.86124,76.70763,79.66753,223.44667,75.273224,90.805954,200.0521,17361.844,10.516054,44.516632,1989.5564,1.8609822,31028.254,2748.6306,10.097294,1.7079172,9
75.145744,170.08858,30.224503,186.68536,78.916084,54.397606,77.56347,203.1739,10.455985,66.82827,8315.551,89.577515,17.04878,4.981656,0.68780386,0.8251296,9
221.34445,81.828354,14.566294,187.13821,20.942904,54.34989,148.84067,543.4087,14.470379,0.04501579,223.64893,7.25198,38055.832,929.84607,7.6907797,4.4327574,9
206.07405,80.0381,4.080269,184.64203,28.986929,74.89914,106.80922,55.484787,22.319855,31.325651,295.6585,54.3519,14.896501,143.07515,5.361623,9.443947,9
83.88833,91.06613,371.03387,184.88269,178.03862,55.007202,70.47442,24941.957,19.33766,10.283191,3303.5764,1.0418564,0.073905915,446.80728,27.17677,0.64850175,9
177.47435,209.04675,129.55907,198.50433,615.08984,54.757442,99.66549,27612.602,53.736855,40.536835,8416.393,57.53369,0.06743143,63.341423,2.8095794,7.768594,9
99.04403,58.36846,16.917423,186.9234,17.764585,54.159348,72.53619,19932.879,91.34999,0.05545536,200.11472,0.37878802,4308.24,6.808275,1.0928804,0.3033084,9
248.41753,56.191555,463.05374,204.03891,212.7125,96.570435,105.02792,41.2686,10.213723,0.3723562,633.8472,123.0036,51596.07,733.6228,17.865517,8.1771965,9
78.55386,62.88344,80.97162,196.1947,15.170511,55.21099,69.01558,1956.346,13.0754385,21.17073,708.4137,0.06536132,454.82303,11.041746,2.9494662,0.65298367,9
153.001,131.96472,171.04361,173.44594,613.22485,56.16462,121.607605,61.442482,20.024796,7.36876,6791.796,170.26978,3851.1025,1763.9065,21.129107,0.956676,9
136.07477,168.81422,134.16058,195.20883,595.16486,54.455036,116.244026,68.613266,10.444929,3.0411203,226.38731,1.7055035,296.22784,32.555397,0.89517546,4.9019694,9
158.94958,88.49328,189.77338,186.54929,624.48486,76.99567,90.346146,162.99124,10.701985,0.038633622,291.8283,0.036040567,12.181242,1580.9297,39.18239,5.9585996,9
142.33351,165.2066,27.118975,185.61636,55.35382,54.998734,89.20534,6372.2134,123.7206,25.774479,175.35107,52.1209,0.027542736,34.58969,3.0097842,0.68208086,9
243.82907,129.41359,49.81665,206.7555,39.47798,71.89782,234.65233,518.2543,20.467476,0.07603819,1330.94,16.231071,20608.785,3418.3577,9.971449,3.176457,9
243.01997,114.30101,236.21014,184.09348,455.98083,54.776535,106.64299,1394.6161,86.49611,25.305223,176.27792,22.591225,2501.4656,278.62476,9.111335,0.9782747,9
77.34018,56.724857,114.7705,189.98865,149.56491,63.167427,69.232124,230.00703,10.114081,25.908054,2654.731,65.88488,2.2779999,139.68256,11.92095,0.56616986,9
75.60583,160.56314,56.464863,184.62936,6.858318,55.094463,77.70761,3180.3643,9.900786,69.15564,4315.529,0.046504777,254.38039,286.06305,15.465674,0.32887226,9
78.405716,55.866486,65.70098,199.6776,26.4284,54.214188,68.73703,6632.404,88.16249,0.05390688,7470.6626,17.394505,15110.652,313.96497,24.252707,0.52603513,9
144.04417,73.683495,49.206768,185.86783,34.224842,61.2975,146.32036,3170.3557,91.355896,0.13088605,8203.099,1.1897604,906.17737,1224.449,11.677303,5.3323584,9
162.06425,75.79765,58.153954,188.21179,90.559784,57.056385,163.93544,205.39574,125.6602,0.26471478,839.1549,5.2163305,13467.605,1532.5403,10.180353,4.078977,9
146.58318,118.93937,99.71115,226.62328,130.25475,74.37167,134.26505,6712.7217,65.013794,0.062648654,4988.9663,27.796574,33.08877,110.23474,2.3857229,2.1379855,9
149.27213,228.10147,522.23975,196.48557,138.96454,93.293564,132.88022,875.92505,89.78901,0.0053888517,278.4463,80.61977,15919.662,367.27246,5.026518,5.7559915,9
75.82868,269.707,16.955591,186.67838,53.726364,54.405506,64.49182,380.43927,60.43382,24.594776,1267.6608,118.4908,36982.27,5.742768,1.3199066,0.39066884,9
75.19507,105.990036,18.900604,185.34026,7.869396,74.49113,68.37081,69.746414,37.00622,43.012466,278.13345,107.1657,3419.421,3.2677069,0.826347,0.8232517,9
81.126,84.40938,112.14224,214.32654,362.6102,80.078026,84.365974,2152.0232,10.404942,0.053129315,6396.4375,163.3446,3760.3867,3.3491223,0.21987958,0.39462814,9
228.22516,90.31431,34.807076,187.40369,52.179695,68.96889,202.23947,112.01876,10.761131,0.15484062,4220.6587,97.326546,50585.402,557.04816,2.9931324,2.8417206,9
76.397255,273.81848,571.31525,191.95433,133.18303,55.153397,64.76076,74.04483,11.7933,0.10846617,185.13202,0.7600392,34.320435,4.26888,1.0560626,0.90889454,9
219.49521,112.92359,29.021338,187.03194,47.474964,59.942833,111.904785,99.56853,11.406322,0.025929067,1219.8629,65.95479,137.29532,159.54536,4.2736797,2.3246903,9
77.40446,78.946846,9.8070345,276.1331,65.96852,54.765976,68.812386,339.9974,93.2039,48.495735,5266.158,162.80797,1997.6921,22.506413,4.30602,0.55053216,9
84.26578,81.898254,73.79215,207.21695,126.948685,82.70007,67.97497,2009.6908,9.889845,2.96302,694.1078,17.768164,618.6964,103.586945,10.897277,0.6723864,9
88.86818,310.06613,26.61308,198.16492,43.348217,98.25038,74.8004,20549.316,22.025755,8.970642,2818.5688,20.910595,12781.575,974.52435,36.402943,1.0806376,9
79.41719,273.06955,30.774412,192.07712,13.749769,54.99345,70.46014,3001.6165,23.503876,55.246357,2135.8643,1.6458218,0.28844047,429.72784,26.445454,1.204234,9
231.87102,58.300304,13.898742,203.584,13.518433,97.16361,120.14654,152.47415,43.400917,9.723241,4198.381,151.19916,444.18726,219.7499,5.2319727,10.976134,9
108.73518,311.52014,8.402195,209.45438,43.828915,78.2795,111.017715,603.6292,30.017815,0.06988,4524.077,54.015114,2810.8904,219.22589,5.5861473,0.5275746,9
225.60182,63.807823,83.694786,201.43321,6.4203286,68.53292,104.20482,1079.0212,18.550606,0.6574205,242.83061,0.3243486,3.428055,321.83707,8.980101,10.60134,9
124.10019,90.73424,107.72423,160.79388,136.77145,69.42435,97.61889,2221.6104,11.6673155,29.536804,606.6684,27.458519,0.095183164,130.90991,5.484621,0.26848993,9
192.77347,158.13557,33.04549,177.99406,62.925854,56.93095,192.17409,305.77872,14.074464,0.08320963,1239.7014,1.1420012,0.114000075,1672.6743,8.323286,8.3202915,9
101.54845,89.750275,202.047,183.04826,192.58295,54.53249,82.07295,6869.6,123.88217,0.45509756,5630.3774,1.0423056,33292.754,8.219809,0.9819938,2.1044307,9
228.98828,83.28658,109.42517,195.93677,455.24512,55.01596,220.90594,111.22906,80.76666,42.116676,164.82434,18.86874,0.024409419,247.4256,1.0592488,12.727062,9
89.5428,87.55092,77.26158,190.06306,55.426773,73.13217,73.672424,8544.529,53.281853,42.20999,496.12753,83.29659,5.777585,12.689219,2.9897835,1.8143022,9
79.5617,90.42493,279.2797,172.64839,271.8804,55.913822,66.203705,877.01337,123.93518,39.165375,1015.114,155.0391,497.15356,392.63095,24.543056,1.0198013,9
237.22363,182.49297,36.984924,204.82373,30.171967,83.25014,107.91373,164.05109,15.652455,0.11698952,180.82495,143.32248,0.11580976,228.13916,7.5901704,1.931508,9
218.51338,63.067265,238.05693,221.38358,289.31183,78.202805,154.34117,3646.087,89.7955,30.413343,1110.4604,16.15693,43908.965,148.6685,1.818111,9.848497,9
256.051,210.93192,5.8662596,150.53018,78.59534,54.384876,106.562386,1176.1318,121.24001,0.5128015,7195.448,173.62122,3.419638,684.7125,16.053976,1.0849065,9
77.24905,62.02463,69.79005,174.25534,10.789602,54.211555,76.2434,3440.1545,10.185371,0.026285965,430.25333,0.04990346,0.15311955,63.499622,5.369396,1.0070719,9
241.38876,286.5166,10.76627,191.13895,9.523201,76.9088,134.18031,16911.889,62.45918,0.23088586,356.7663,170.4152,0.12297736,159.40013,2.6335444,4.9700975,9
221.2923,118.13851,35.27004,199.27667,33.147495,54.92367,101.160484,72.9348,53.19378,2.5507226,170.74992,3.1244166,40.933815,331.5854,12.14352,8.946886,9
83.58775,78.36465,10.024323,196.24559,10.026019,60.49296,84.766556,23877.875,16.113104,65.60388,181.2442,104.1143,3095.2373,71.9642,4.9210076,1.2875446,9
80.49066,126.84683,327.9614,185.82817,454.51212,54.46747,81.3739,21.013885,28.757812,0.007163249,6227.452,5.254069,44439.656,2.8696506,0.0651518,0.60491073,9
86.03385,57.208096,82.90499,188.95297,441.64758,61.30457,71.24917,261.76572,56.89146,17.699154,1061.719,1.271439,3215.024,799.3076,34.35673,1.6120249,9
86.97189,177.03305,6.493321,180.12187,13.502131,62.098,86.91436,35.804176,14.807974,0.098124675,1131.3335,0.8647142,15982.432,6.867134,0.45896584,0.5111132,9
78.10199,91.12634,16.39078,198.98209,9.744602,55.15848,68.74694,19469.236,131.70331,15.295201,745.8613,2.6901321,20252.355,40.271606,6.9649663,0.35752502,9
171.74918,56.422325,40.470993,205.29684,69.06007,54.53482,111.30497,3388.1133,43.733402,0.087114036,172.39412,0.08525645,1.1062045,299.6886,6.939748,1.0694361,9
182.90422,70.93796,60.60102,214.70831,111.70995,86.45477,125.69336,1537.1079,108.85267,58.478798,9166.141,113.66714,1379.3068,141.07025,3.03691,8.495745,9
80.16587,89.68772,184.80843,191.48787,368.76355,60.553658,67.2919,17627.08,103.220184,0.09433379,175.9213,1.3620335,3.333307,681.3441,34.491333,1.1169,9
214.28578,114.74075,34.82483,195.81961,70.11833,54.860214,137.66028,116.498116,13.884927,44.6734,179.8558,0.22026397,9.29762,2964.308,23.914644,2.6487377,9
83.388245,311.0237,130.84615,174.65257,102.70186,70.93014,80.69971,10969.898,10.310148,0.075128496,184.01035,35.398983,0.8821582,602.12585,22.062286,0.41697583,9
192.36182,73.61996,25.771446,177.97444,5.8629913,55.212036,99.07862,241.93457,11.518698,4.4610415,1899.8356,14.92339,1679.7169,1093.1991,23.267435,3.7051415,9
116.51173,103.57153,18.688189,187.71594,23.127125,60.345062,115.75163,27890.262,111.1647,0.57695335,182.9979,12.202436,0.10207511,156.93701,4.046184,3.3393571,9
75.06562,258.38672,7.4597244,197.67917,12.824949,91.13684,67.47698,73.81316,23.358036,66.66813,3880.567,78.863594,36849.504,618.79987,37.656513,0.34417382,9
82.470665,90.24893,5.458475,187.1723,24.752956,78.8575,82.22711,51.19788,15.171475,0.19251338,241.36714,2.0752418,667.46747,108.85649,6.676461,0.2012762,9
76.14921,216.54584,137.59251,186.97018,421.95993,73.67189,73.86156,497.68167,11.457825,0.01738737,4998.083,35.222397,32.54818,352.37433,18.398983,0.31285322,9
179.39957,64.20185,32.867035,163.61227,6.086395,55.17364,105.29455,115.05122,18.08665,27.691652,7030.379,74.22142,3874.996,76.0656,2.859383,4.1278696,9
86.11586,69.94109,57.377262,203.78848,64.5154,55.326286,87.499504,57.465683,79.02034,0.088455,193.9687,173.85802,5445.393,377.58655,14.474418,0.83867097,9
112.211426,75.10023,76.42239,186.2769,105.64688,94.02133,76.89884,103.666115,35.61079,0.06276807,867.2999,0.044841513,0.0074637174,24.929186,2.8529396,1.9770694,9
223.85469,130.8447,432.70035,186.36256,347.2445,54.325405,129.1374,50.634636,44.924957,0.05647253,369.5389,3.2908604,8041.8706,3143.3901,28.180698,0.5538012,9
132.21762,61.04634,31.428503,188.18869,39.24321,54.711998,90.055466,593.3724,25.45367,0.025350926,2310.3352,114.084045,1.397139,547.22327,18.069143,4.598875,9
83.16405,81.752396,4.569562,162.73994,39.190845,58.81361,86.37154,52.00557,102.06474,27.492315,358.64282,8.04208,0.014717819,300.60074,12.988644,1.0389508,9
252.46188,197.65283,158.39902,187.35312,440.28888,59.485844,115.302505,40.392807,25.317806,0.008953009,168.0563,0.74031144,25.14102,313.6514,7.518076,10.516089,9
85.03743,56.418957,31.924433,229.64546,10.084461,74.90026,69.63915,39.46335,24.851347,0.08873365,528.7479,18.814716,3.4839025,12.779369,2.7888806,0.56827974,9
200.78954,137.24106,9.768925,162.7326,29.945183,61.360863,123.06038,641.9073,23.335484,0.5158057,7714.105,0.066755295,20.973125,381.8838,6.7377734,0.48739532,9
75.841576,72.42974,238.94452,188.35287,300.2661,63.949265,69.72345,18385.258,13.32881,22.376427,261.18036,0.35898507,0.007515997,72.49679,7.923211,0.33260652,9
114.25226,83.636284,219.28891,203.57297,169.68645,69.65421,101.18216,55.4434,25.665638,0.006432843,8956.73,6.0764313,44759.047,52.09079,2.3339515,2.6452348,9
