bwd_seg_size_avg,pkt_len_min,fwd_pkt_len_min,totlen_bwd_pkts,fwd_pkt_len_max,bwd_pkt_len_min,pkt_len_mean,fwd_pkt_len_std,bwd_pkt_len_std,flow_byts_s,fwd_pkt_len_mean,psh_flag_cnt,down_up_ratio,fwd_act_data_pkts,syn_flag_cnt,fin_flag_cnt,Label
629.0,55.0,55.0,757.0,95.0,93.28645,313.79343,0.0,0.0,4044.6836,87.65753,0.0,0.5,2.0,0,0,4
80.0,54.0,54.0,617.0,970.9894,60.0,258.57144,459.6044,494.12585,1220.1494,214.3701,9.0,1.0,5.0,0,0,4
484.0,83.0,91.0,498.0,93.0,148.52654,187.07845,0.0,0.0,2304.5928,93.0,0.0,0.6666667,4.0,0,0,4
610.0,81.0,90.0,612.00476,91.0,529.85803,258.4,0.0,0.0,4390.2466,90.00439,0.0,0.5,2.0,0,0,4
617.0,54.0,50.626915,7530.2905,848.0,60.0,471.08713,433.97168,376.82626,4100.451,91.456635,16.707361,0.5,2.0,3,0,4
379.1578,60.0,74.0,612.0,100.0,85.0,258.4,0.0,0.0,2655.3813,92.02557,0.0,0.6666667,3.0,0,0,4
114.859406,54.0,54.0,611.9348,256.0,60.0,254.62753,8.782077,13.386918,1495.3834,149.18852,0.0,0.9233221,4.0,0,0,4
706.965,95.0,80.0,524.0,256.0,610.0,243.17854,0.0,0.0,4975.29,84.90797,0.0,0.5,2.0,0,0,4
309.3017,78.0,82.0,589.0,95.0,262.0,245.66667,0.0,0.0,3296.151,92.0,0.0,0.6666667,3.0,0,0,4
262.0,82.0,91.0,480.63864,97.0,80.0,92.0,0.0,0.0,1530.1809,95.0,0.0,0.6666667,4.0,0,0,4
617.0,54.0,54.0,1771.6434,102.0,60.0,338.70493,0.0,0.0,4421.595,91.0,0.0,0.5,2.0,0,0,4
771.74646,79.0,80.0,1829.8435,86.0,614.0,402.69086,0.0,0.0,5402.006,80.0,0.0,0.5,2.0,0,0,4
683.0,93.40789,81.0,524.0,256.0,567.0,236.43114,0.0,0.0,4694.339,86.0,0.0,0.5,2.0,0,0,4
631.51227,91.0,86.0,493.1314,248.796,380.06537,208.33333,0.0,0.0,3903.643,91.0,0.0,0.5,3.0,0,0,4
641.42804,54.0,54.0,1784.0,100.0,60.0,364.32532,0.0,0.0,4459.867,89.0,0.0,0.5,2.0,0,0,4
616.0,90.0,90.0,524.0,102.0,477.3731,225.33333,0.0,0.0,3909.1562,91.0,0.0,0.5,2.0,0,0,4
662.0,95.0,86.0,486.0,256.0,477.93173,208.33333,0.0,0.0,3907.6045,89.852455,0.0,0.5,2.0,0,0,4
262.0,54.0,54.0,662.38605,848.0,60.0,266.66666,327.75555,358.82965,1731.53,147.7914,7.0,0.85714287,4.0,0,0,4
60.0,54.0,54.0,612.0,1827.0,0.0,243.3078,1782.4381,648.4358,182.45366,325.97107,34.180466,1.3716682,7.0,3,0,4
75.09424,54.0,54.0,612.0,1049.583,60.0,247.00223,506.9853,527.9665,740.58875,256.0,9.0,1.0927397,5.0,0,0,4
629.0,89.0,86.0,612.0,93.0,610.0,259.66666,0.0,0.0,4482.5195,86.0,0.0,0.5,2.0,0,0,4
60.0,54.0,54.0,610.0,1774.9352,0.0,225.33333,1636.6459,607.0775,285.5052,300.58636,17.0,1.3613151,7.0,1,0,4
617.0,91.0,90.0,482.2988,248.0,262.0,132.4759,0.0,0.0,3371.7358,91.0,0.0,0.5,3.0,0,0,4
60.0,54.0,54.0,611.0,1433.2302,54.0,245.66667,925.35394,581.7481,325.79404,256.0,15.0,1.1880159,6.0,0,0,4
73.45422,54.0,54.0,641.0,1818.504,0.0,261.54788,1677.5673,616.7494,276.27377,256.0,29.642279,1.2266469,5.0,3,0,4
92.0,78.0,82.0,524.0,100.0,89.0,212.25659,0.0,0.0,1716.472,95.0,0.0,0.75,4.0,0,0,4
114.835304,55.0,74.0,581.0,118.0,60.0,229.33333,0.5,0.0,1894.113,102.0,0.0,0.75,4.0,0,0,4
616.0,80.0,86.0,662.0,91.0,610.0,274.0,0.0,0.0,4780.7393,86.0,0.0,0.5,2.0,0,0,4
479.09332,54.0,54.0,663.0,256.0,60.0,272.0,0.5,0.0,2533.2893,93.0,0.0,0.6666667,3.0,0,0,4
60.0,54.0,54.0,615.13873,1783.8303,0.0,257.83154,1509.4434,605.37384,309.35062,256.0,18.185198,1.3265331,6.0,3,0,4
753.4803,104.33685,78.0,589.0,256.0,630.4418,258.4,0.0,0.0,5465.3843,80.0,0.0,0.5,2.0,0,0,4
483.11368,81.0,91.0,524.0,94.607704,262.0,218.21126,0.0,0.0,2562.7817,92.0,0.0,0.6666667,3.0,0,0,4
644.0,54.0,54.0,1781.7736,97.0,60.0,357.81253,0.0,0.0,4429.5303,88.0,0.0,0.5,2.0,0,0,4
262.0,60.0,74.0,610.0,110.0,60.0,253.30777,0.0,0.0,2503.9185,95.0,0.0,0.6666667,3.0,0,0,4
90.0,80.0,86.0,483.0,149.12473,73.36921,87.2,0.0,0.0,1658.1555,100.0,0.0,0.93957835,5.0,0,0,4
496.41153,55.0,60.0,641.0,100.0,60.0,265.0,0.0,0.0,3435.2266,91.27859,0.0,0.5,2.0,0,0,4
60.0,54.0,54.0,524.0,287.73965,60.0,133.3135,309.59494,289.4152,735.3756,256.0,0.0,1.263228,7.0,0,0,4
567.0,74.0,74.0,632.9909,95.0,166.0,266.82144,0.0,0.0,3769.6392,91.0,0.0,0.5,2.0,0,0,4
629.0,54.0,54.0,803.2386,97.0,85.0,323.66666,0.0,0.0,4163.4526,88.43076,0.0,0.5,2.0,0,0,4
663.0,87.2,86.0,459.0,256.0,367.1449,95.0,0.0,0.0,3902.0623,90.0,0.0,0.5,3.0,0,0,4
695.62555,54.0,54.0,4939.7695,97.0,85.0,415.27274,0.0,0.0,4877.469,86.0,0.0,0.5,2.0,0,0,4
79.7295,54.0,54.0,629.0,1262.0,54.0,259.0,515.1593,542.3365,582.4087,254.54478,13.0,1.0,5.0,0,0,4
314.4998,60.0,74.0,612.0,100.27274,67.74193,258.4,0.0,0.0,2712.6494,93.0,0.0,0.6666667,3.0,0,0,4
446.0,54.0,54.0,749.9486,848.0,60.0,283.33334,332.46988,360.82874,1845.6543,98.56081,10.0,0.72448325,3.0,0,0,4
698.0,95.0,81.0,524.0,256.0,597.0,243.0,0.0,0.0,4688.6455,85.95112,0.0,0.5,2.0,0,0,4
60.0,77.61539,86.0,459.0,246.14592,60.0,78.0,5.753507,0.0,1238.0686,111.0,0.0,1.1411523,7.0,0,0,4
774.55194,80.0,79.8267,2407.5742,86.0,617.0,415.27274,0.0,0.0,5602.168,80.0,0.0,0.5,2.0,0,0,4
60.0,54.0,54.0,616.79065,1824.4894,0.0,258.4,1724.4264,639.39465,225.1824,256.57764,31.165394,1.2958809,6.0,3,0,4
60.0,54.0,54.0,613.0,1784.3163,0.0,257.33334,1651.3441,607.6746,308.99658,256.0,20.0,1.25,6.0,3,0,4
89.36078,80.0,89.0,477.0,150.33017,60.0,86.00806,0.0,0.0,1403.4384,102.0,0.0,0.98946655,5.5058694,0,0,4
772.6923,80.0,80.0,2204.3962,86.0,617.0,403.31107,0.0,0.0,5714.7314,80.0,0.0,0.5,2.0,0,0,4
663.0,91.0,85.0,581.0,249.05492,597.3119,257.33334,0.0,0.0,4630.0396,86.0,0.0,0.5,2.0,0,0,4
80.0,54.0,60.0,567.0,248.75375,60.0,224.84901,18.834808,3.4132595,1661.3422,148.62877,0.0,0.85714287,5.0,0,0,4
612.0,54.0,54.0,936.93176,118.0,60.0,323.66666,0.0,0.0,3930.1523,91.0,0.0,0.5,2.0,0,0,4
597.0,77.01785,80.0,641.0,91.27424,496.31656,267.66666,0.0,0.0,4405.727,90.0,0.0,0.5,2.0,0,0,4
262.0,54.0,54.0,663.0,970.0,60.0,267.66666,423.95248,417.74045,1522.6981,148.0879,10.0,0.8,3.0,0,0,4
613.0,81.0,86.0,629.0,91.0,610.0,267.66666,0.0,0.0,4494.4175,86.0,0.0,0.5,2.0,0,0,4
614.0,54.0,54.0,811.0,97.0,60.0,315.7493,0.0,0.0,4404.47,90.0,0.0,0.5,2.0,0,0,4
612.3636,86.0,91.0,548.2829,94.24446,446.0,229.33333,0.0,0.0,3967.948,91.0,0.0,0.5,3.0,0,0,4
76.5,55.0,73.0,524.0,171.78572,60.0,211.33333,18.834808,1.6637427,1700.4437,150.0,0.0,1.0,5.0,0,0,4
662.0,54.0,54.0,6826.468,200.06918,60.0,415.7868,0.0,0.0,4432.684,90.59335,0.0,0.5,2.0,0,0,4
707.0,95.0,80.0,581.0,256.0,613.0,257.83035,0.0,0.0,5339.914,82.0,0.0,0.5,2.0,0,0,4
617.0,76.0,80.0,692.07104,91.0,567.0,281.47882,0.0,0.0,4897.9424,86.0,0.0,0.5,2.0,0,0,4
523.0,60.0,60.0,629.0,97.0,85.0,265.0,0.0,0.0,2679.6526,91.0,0.0,0.5,2.0,0,0,4
663.0,81.84518,81.0,700.7277,86.0,617.0,308.25378,0.0,0.0,5262.247,86.0,0.0,0.5,2.0,0,0,4
172.85207,54.0,54.0,698.0,1262.0,54.0,270.7233,552.9676,558.6047,1234.479,206.33673,15.0,0.9939396,4.0,2,0,4
446.0,54.0,49.0,1842.5187,1779.3247,0.0,338.7193,1197.1168,591.5149,1347.1758,154.70975,35.572514,0.8,3.0,3,0,4
71.32353,54.0,54.0,552.0,317.08728,60.0,215.59596,149.82806,96.29541,739.8084,241.90672,0.0,1.0,5.0,0,0,4
486.0,81.0,86.0,610.0,93.0,480.0,258.3939,0.0,0.0,3021.6394,91.0,0.0,0.5,2.0,0,0,4
148.7638,54.0,54.0,662.0,1262.0,54.0,265.0,427.24258,506.51813,724.57306,216.95506,12.620048,1.0,4.0,0,0,4
612.0,80.0,85.44139,641.0,91.0,589.0,267.66666,0.0,0.0,4493.927,86.57386,0.0,0.5,2.0,0,0,4
501.88577,55.0,60.0,644.0,100.0,60.0,267.2952,0.0,0.0,3758.1577,91.0,0.0,0.5,2.0,0,0,4
617.0,54.0,54.0,811.0,95.0,90.0,317.53198,0.0,0.0,4496.757,90.0,0.0,0.5,2.0,0,0,4
683.0,81.0,81.0,734.0,86.0,613.0,310.08652,0.0,0.0,4968.485,83.0,0.0,0.5,2.0,0,0,4
588.0839,74.0,78.0,644.0,93.0,477.0,267.66666,0.0,0.0,4183.0938,91.0,0.0,0.5,2.0,0,0,4
566.1564,54.0,54.0,685.6809,98.40158,60.0,274.94653,0.0,0.0,4178.011,91.0,0.0,0.5,2.0,0,0,4
709.8964,93.0,80.0,643.48804,248.0,698.0,278.37637,0.0,0.0,5754.8003,80.0,0.0,0.5,2.0,0,0,4
613.0,77.61539,91.0,286.83813,256.0,80.0,91.5175,0.0,0.0,2282.041,93.0,0.0,0.6666667,4.0,0,0,4
612.7077,54.0,54.0,1773.4418,150.0,60.0,338.61966,0.0,0.0,3817.8584,91.0,0.0,0.5,2.0,0,0,4
567.0,77.0,80.0,627.0288,93.0,483.16812,265.0,0.0,0.0,4101.8945,91.0,0.0,0.5,2.0,0,0,4
617.4299,54.0,54.0,786.0,97.0,90.0,315.8195,0.0,0.0,4366.0103,89.0,0.0,0.5,2.0,0,0,4
76.5,54.0,54.0,610.0,848.0,60.0,245.66667,311.81332,358.016,778.3455,238.94946,1.0,1.0,5.0,0,0,4
309.0,54.0,49.0,1747.6517,1784.0,0.0,318.15103,1394.5917,600.2709,1080.2688,182.53442,40.07107,0.85714287,3.0,3,0,4
752.2531,95.0,78.0,629.0,256.0,696.1735,267.66666,0.0,0.0,5857.0767,79.8,0.0,0.5,2.0,0,0,4
757.0,95.0,77.0,662.0,256.0,722.66016,281.26773,0.0,0.0,5982.2876,78.57143,0.0,0.5,2.0,0,0,4
73.360306,54.0,52.124165,662.0,1824.6571,0.0,264.0,1680.2836,638.9568,252.90666,256.0,35.60988,1.313237,5.0,3,0,4
698.0,95.0,80.0,581.0,256.0,612.0,257.33334,0.0,0.0,5103.346,83.72135,0.0,0.5,2.0,0,0,4
757.0,54.0,54.0,5608.2505,92.0,477.0,463.29535,0.0,0.0,5280.5386,81.0,0.0,0.5,2.0,0,0,4
629.0,88.252884,86.0,610.0,95.0,571.7692,258.4,0.0,0.0,4502.887,86.882744,0.0,0.5,2.0,0,0,4
77.00329,76.0,81.0,498.0,127.93282,60.0,136.58488,0.0,0.0,1486.1525,111.0,0.0,0.8,5.0,0,0,4
611.0,86.0,90.0,593.65155,91.0,523.0,258.4,0.0,0.0,3919.7488,91.0,0.0,0.5,2.0,0,0,4
611.0,54.0,54.0,4855.3584,690.44037,60.0,384.95197,152.66907,69.29823,3505.5667,92.0,10.0,0.5,2.0,0,0,4
663.0,92.0,81.0,610.0,248.0,613.0,258.4,0.0,0.0,4806.521,85.1993,0.0,0.5,2.0,0,0,4
567.0,54.0,54.0,2449.6675,856.0147,60.0,360.73523,389.95886,361.0,2680.4,93.497696,13.0,0.6666667,2.0,3,0,4
262.0,74.0,74.0,597.0,105.2423,60.0,253.35406,0.0,0.0,1759.0197,93.461525,0.0,0.6666667,3.0,0,0,4
262.0,54.0,54.0,616.30585,256.0,60.0,259.0,1.6620091,0.0,1690.2455,95.0,0.0,0.6666667,3.0,0,0,4
480.0,77.0,80.0,613.0,95.0,262.0,258.4,0.0,0.0,3688.154,91.0,0.0,0.5,2.0,0,0,4
60.0,54.0,54.0,524.0,812.25616,60.0,135.15869,322.93344,359.5915,578.15295,256.0,0.0,1.1834975,7.0,0,0,4
698.0,94.89509,81.0,581.0,256.0,612.3534,258.12253,0.0,0.0,4896.079,83.35211,0.0,0.5,2.0,0,0,4
644.0,78.50794,80.0,698.0,91.0,588.7493,298.0,0.0,0.0,4558.37,86.0,0.0,0.5,2.0,0,0,4
262.0,78.0,86.0,524.0,95.0,149.95757,219.33333,0.0,0.0,2634.1367,94.40499,0.0,0.6666667,4.0,0,0,4
698.0,91.0,80.0,662.0,143.56145,698.0,283.33334,0.0,0.0,5764.4067,80.0,0.0,0.5,2.0,0,0,4
262.0,77.0,81.0,572.4294,97.0,114.0,243.0,0.0,0.0,2304.6646,92.59164,0.0,0.6443233,3.0,0,0,4
262.0,54.0,54.0,785.0674,1342.0,54.0,283.33334,881.5362,574.95715,1421.7667,171.78572,19.33751,0.85714287,3.9558794,3,0,4
486.0,60.0,74.0,627.64996,97.0,114.0,264.0,0.0,0.0,3935.451,91.0,0.0,0.5,2.0,0,0,4
663.0,78.0,80.0,757.0,90.0,611.0,313.72086,0.0,0.0,5260.025,83.0,0.0,0.5,2.0,0,0,4
74.0,60.0,74.0,524.0,171.79678,60.0,147.75943,14.352481,1.6148497,1699.8597,150.0,0.0,1.0,5.0,0,0,4
91.95987,54.0,54.0,663.0,1383.0449,53.053978,266.66666,696.3734,574.97736,741.18835,246.1757,17.0,1.0,4.0,3,0,4
62.54016,54.0,54.0,600.90063,974.0385,60.0,229.33333,479.89474,512.16974,720.52734,256.0,7.0,1.1076316,6.0,0,0,4
60.0,55.0,74.0,486.0,256.0,60.0,87.2,26.870058,20.0,896.2043,256.0,0.0,1.2946857,7.0,0,0,4
60.0,54.0,54.0,613.0,1785.3188,0.0,252.66667,1632.6129,607.66284,227.04657,258.21625,19.315456,1.3157895,6.0,3,0,4
757.0,95.0,76.0,644.0,256.0,728.1246,281.0,0.0,0.0,6183.26,78.0,0.0,0.5,2.0,0,0,4
731.7999,91.0,79.0,698.0,95.0,698.0,309.66666,0.0,0.0,5852.3916,80.0,0.0,0.5,2.0,0,0,4
60.0,54.0,54.0,552.605,970.0,60.0,215.33333,487.9237,507.01324,704.0228,256.0,4.0,1.0909091,6.0,0,0,4
617.0,91.0,90.0,482.89725,213.66864,262.0,131.8592,0.0,0.0,3482.8784,91.0,0.0,0.5062169,3.0,0,0,4
480.7026,80.0,86.0,597.0,93.0,446.0,256.33334,0.0,0.0,3294.472,91.0,0.0,0.5,3.0,0,0,4
262.0,55.013363,60.0,610.0,111.0,60.0,251.11296,0.0,0.0,1759.422,95.0,0.0,0.75,3.7002048,0,0,4
610.0,54.0,54.0,4812.8066,848.0,60.0,380.21695,320.72446,282.74976,3632.4065,92.0,13.0,0.55476314,2.0,3,0,4
663.0,54.0,54.0,2252.106,95.0,146.0,380.3641,0.0,0.0,5040.244,86.0,0.0,0.5,2.0,0,0,4
768.388,86.0,78.68447,1453.233,90.0,663.0,364.65787,0.0,0.0,5884.806,81.0,0.0,0.5,2.0,0,0,4
616.0,54.0,54.0,2173.3567,228.7799,60.0,364.4028,0.0,0.0,4015.3416,91.0,0.0,0.5,2.0,0,0,4
651.101,86.0,82.0,663.0,91.0,641.0,281.0,0.0,0.0,5385.8755,86.0,0.0,0.5,2.0,0,0,4
262.0,77.61539,92.0,311.96033,148.7834,60.0,82.51841,0.0,0.0,1318.1908,97.0,0.0,0.85714287,5.0,0,0,4
567.0,83.01413,91.0,524.0,92.0,262.0,219.33333,0.0,0.0,3456.6062,91.88106,0.0,0.5735853,3.0,0,0,4
120.98817,54.0,54.0,698.0,1775.2637,0.0,274.0,1201.384,592.3206,720.279,243.95085,21.72203,1.0,4.0,3,0,4
612.0,54.0,54.0,5625.6436,817.8308,60.0,401.61496,283.15753,168.82607,3773.2715,92.0,11.616633,0.5714286,2.0,0,0,4
73.528,54.0,54.0,581.0,848.0,60.0,225.12912,309.52713,353.40323,716.4769,248.0,0.0,1.0289195,5.0,0,0,4
366.8583,54.0,54.0,669.92053,256.0,60.0,267.66666,247.0865,75.17644,2551.1667,102.0,2.91075,0.8,3.0,0,0,4
613.0,54.0,54.0,5591.944,834.662,60.0,402.7284,244.36617,84.45252,3678.9697,91.96161,11.0,0.5,2.0,3,0,4
60.0,54.0,54.0,495.16074,1052.6666,60.0,87.2,593.8242,558.47253,356.96573,256.0,5.0,1.3450239,8.0,0,0,4
617.0,54.0,54.0,1784.0,111.0,60.0,352.19412,0.0,0.0,4183.3486,91.0,0.0,0.5,2.0,0,0,4
312.50198,54.0,54.0,908.297,1348.7389,1.30075665e-14,299.5775,559.7125,567.35986,1231.2485,171.78572,18.08098,0.85714287,3.0,3,0,4
632.21765,90.0,86.0,610.0,95.0,610.0,258.57144,0.0,0.0,4457.513,86.0,0.0,0.5,2.0,0,0,4
114.0,80.0,86.0,494.0,100.0,80.0,133.51718,0.0,0.0,1731.8397,95.0,0.0,0.75,4.0,0,0,4
610.0,86.0,89.0,613.0,91.0,581.0,259.66666,0.0,0.0,3998.7893,91.0,0.0,0.5,2.0,0,0,4
153.7502,54.0,54.0,629.0,256.0,60.0,259.6585,288.62387,116.58714,1944.5282,148.97542,0.0,0.9199263,4.0,0,0,4
73.81345,54.0,60.0,524.0,256.0,60.0,213.33333,247.0865,60.354725,1144.8345,182.39804,0.0,0.9285714,5.0,0,0,4
698.0,95.0,80.0,524.0,256.0,603.8851,244.5338,0.0,0.0,4950.612,85.0,0.0,0.5,2.0,0,0,4
262.0,60.0,73.53853,610.0,111.0,60.0,253.37039,0.0,0.0,1759.5593,95.0,0.0,0.6666667,3.0,0,0,4
76.5,54.0,54.0,642.9078,1778.3151,0.0,263.7846,843.16754,590.0889,320.56342,256.0,18.0,1.2389593,5.0,3,0,4
663.0,91.0,81.0,617.0,102.0,641.0221,267.30496,0.0,0.0,5175.991,83.0,0.0,0.5,2.0,0,0,4
79.57316,54.0,54.0,620.03033,1262.0,54.0,258.4088,471.73898,527.45685,651.4251,254.69153,10.0,1.0405169,5.0,0,0,4
698.0,93.0,81.0,590.7002,256.0,613.0,258.4,0.0,0.0,5084.823,82.08571,0.0,0.5,2.0,0,0,4
367.58762,55.0,60.0,614.0,111.0,60.0,259.0,0.0,0.0,2644.116,93.0,0.0,0.6666667,3.0,0,0,4
114.87164,60.0,74.0,567.0,111.0,60.0,225.33333,0.0,0.0,1731.2653,108.113884,0.0,0.7819067,4.0,0,0,4
480.54773,54.0,54.0,698.0,256.0,60.0,281.0,21.279482,16.5,2615.6907,93.0,0.0,0.6666667,3.0,0,0,4
76.5,54.0,49.0,663.0,1857.576,0.0,267.66666,1732.4236,642.30817,225.26291,256.0,83.11503,1.1617118,5.0,3,0,4
593.5555,79.0,80.0,629.0,93.0,478.41638,266.66666,0.0,0.0,3677.6177,90.0,0.0,0.5,2.0,0,0,4
60.0,54.0,55.0,459.0,973.9866,54.0,67.2417,851.15576,567.78723,326.10806,322.0738,3.0,1.4414785,14.0,0,0,4
313.83115,54.0,54.0,734.17303,997.4121,60.0,281.0,457.06055,493.9449,1736.8226,142.25816,13.0,0.8,3.0,0,0,4
644.0,89.11711,81.60838,629.0,95.0,641.0,267.66666,0.0,0.0,4955.9385,86.0,0.0,0.5,2.0,0,0,4
60.0,54.0,54.0,610.0,1519.2672,6.8686986e-14,226.30635,1346.1805,599.85614,265.29694,262.57144,16.0,1.3376832,7.0,0,0,4
153.89607,55.0,60.0,597.0,118.0,60.0,245.66667,0.0,0.0,1905.5392,95.0,0.0,0.73546064,4.0,0,0,4
60.0,54.0,54.0,524.0,1287.5005,54.0,133.04654,1208.775,586.4837,308.9033,293.03555,11.0,1.3609501,8.0,0,0,4
612.67065,54.0,54.0,4931.582,689.49805,60.0,387.85904,82.29836,43.097298,3503.7446,91.80019,10.0,0.5,2.0,0,0,4
772.1217,86.0,78.837296,1380.421,90.0,663.0,364.39703,0.0,0.0,5793.9087,81.0,0.0,0.5,2.0,0,0,4
262.0,80.0,89.0,523.0,95.0,92.0,184.1018,0.0,0.0,2289.7197,95.0,0.0,0.75,4.0,0,0,4
692.6605,60.0,60.0,1580.8055,91.0,523.0,362.37424,0.0,0.0,5077.597,83.0,0.0,0.5,2.0,0,0,4
720.2474,74.0,74.0,1784.0,91.0,589.0,379.47238,0.0,0.0,5262.5864,81.0,0.0,0.5,2.0,0,0,4
239.5467,54.0,54.0,629.7381,318.0,60.0,263.22543,157.76758,88.709984,1699.5282,149.07545,0.0,0.85714287,4.0,0,0,4
610.0,86.0,91.0,567.0,91.0,480.0,243.39496,0.0,0.0,3854.7336,91.0,0.0,0.5,2.0,0,0,4
663.0,86.0,81.0,663.0,91.0,662.0,283.33334,0.0,0.0,5338.0044,85.0,0.0,0.5,2.0,0,0,4
617.0,73.05047,60.0,712.93176,93.0,263.75134,298.0,0.0,0.0,4407.639,88.0,0.0,0.5,2.0,0,0,4
630.66534,91.0,86.0,523.0,191.00613,477.0,216.39528,0.0,0.0,3912.3374,90.23332,0.0,0.5,2.0,0,0,4
617.0,91.0,90.0,495.38458,146.0,309.84634,208.33333,0.0,0.0,3803.2825,91.0,0.0,0.5,3.0,0,0,4
484.0,54.0,54.0,683.0,198.59555,60.0,274.0,0.0,0.0,2652.1345,93.0,0.0,0.6666667,3.0,0,0,4
401.03275,77.0,80.0,610.0,95.0,262.0,257.7543,0.0,0.0,2702.3354,92.0,0.0,0.5714286,3.0,0,0,4
60.0,54.0,52.248634,630.2314,1874.5952,0.0,259.0,1788.576,656.3634,224.9701,278.43454,84.61798,1.3115001,6.0,3,0,4
811.0,90.0,76.0,1784.0,91.0,698.0,402.75278,0.0,0.0,6037.8457,80.0,0.0,0.38700905,2.0,0,0,4
683.0,80.0,81.0,741.69226,90.0,613.0,319.98846,0.0,0.0,4922.867,82.0,0.0,0.5,2.0,0,0,4
89.0,54.0,54.0,663.0,1450.369,1.509791e-14,266.66666,628.13855,570.8025,609.5607,255.71272,17.0,1.0,4.0,2,0,4
589.0,81.0,89.226585,612.19855,91.0,541.0867,258.57556,0.0,0.0,4099.127,90.56232,0.0,0.5,2.0,0,0,4
774.349,60.0,55.0,5735.103,90.0,581.0,470.97937,0.0,0.0,5490.37,80.0,0.0,0.5,2.0,0,0,4
757.8013,95.0,76.0,663.0,256.0,757.0,299.3464,0.0,0.0,6446.8955,76.0,0.0,0.5,2.0,0,0,4
641.0,91.0,86.0,581.0,114.0,564.0443,253.61086,0.0,0.0,4495.886,86.5509,0.0,0.5,2.0,0,0,4
495.86728,86.6,93.79116,459.0,95.0,79.5,89.0,0.0,0.0,1498.9979,95.0,0.0,0.6666667,4.0,0,0,4
244.9176,54.0,54.0,644.0,848.0,60.0,264.33334,315.9314,358.848,1357.9707,150.05313,7.0,0.85714287,4.0,0,0,4
581.0,86.0,91.0,524.0,91.0,385.76013,225.33333,0.0,0.0,2654.6206,91.0,0.0,0.5,3.0,0,0,4
60.0,55.0,74.0,490.53152,256.0,60.0,87.2,247.83414,51.145332,1020.6544,247.75304,0.0,1.08785,7.0,0,0,4
597.0,54.0,54.0,2573.7202,673.84937,60.0,364.37036,120.8639,68.42642,3132.2502,92.0,10.0,0.6,2.0,0,0,4
629.0,80.0,81.0,663.0,91.0,589.0,283.29138,0.0,0.0,4543.0483,86.0,0.0,0.5,2.0,0,0,4
571.7692,54.0,54.0,1368.4697,256.0,60.0,321.97827,6.7691007,1.6629589,3457.3591,92.0,0.0,0.6666667,2.0,0,0,4
262.0,81.69345,91.0,459.0,129.34366,71.55232,83.0,0.0,0.0,1316.8969,97.0,0.0,0.8,5.0,0,0,4
565.13306,80.0,82.0,614.0,93.0,490.4507,264.0,0.0,0.0,3860.996,90.72599,0.0,0.5,2.0,0,0,4
503.0,81.0,88.97215,589.0,92.0,477.62497,256.33334,0.0,0.0,3488.7979,91.0,0.0,0.5,2.0,0,0,4
371.25613,80.0,86.0,581.0,95.0,280.7584,245.66667,0.0,0.0,2697.321,91.952774,0.0,0.5,3.0,0,0,4
523.0,60.0,74.87522,629.0,95.0,242.8838,265.0,0.0,0.0,3912.4788,91.0,0.0,0.5,2.0,0,0,4
662.0,60.0,60.0,914.8059,92.0,480.0,334.2587,0.0,0.0,4787.061,86.0,0.0,0.5,2.0,0,0,4
610.0,77.61539,91.0,292.09134,176.50563,76.5,91.0,0.0,0.0,1758.2355,95.0,0.0,0.6666667,4.0,0,0,4
659.4373,82.40612,85.0,663.0,88.0,615.5956,282.3679,0.0,0.0,4883.9097,86.0,0.0,0.5,2.0,0,0,4
757.0,95.0,77.0,644.0,256.0,721.5714,281.0,0.0,0.0,5931.0825,78.57143,0.0,0.5,2.0,0,0,4
698.0,95.0,80.0,524.0,256.0,581.0,226.62706,0.0,0.0,4648.29,86.0,0.0,0.5,2.0,0,0,4
377.67746,54.0,54.0,717.723,848.0,60.0,277.32147,389.95886,361.0,2280.164,114.925766,9.0,0.75,3.0,0,0,4
617.0,91.0,90.0,486.71182,146.0,262.0,136.52605,0.0,0.0,3806.917,91.0,0.0,0.5,3.0,0,0,4
698.0,91.0,80.0,663.0,95.0,684.3012,285.33643,0.0,0.0,5569.406,80.0,0.0,0.5,2.0,0,0,4
240.72006,54.0,54.0,755.0225,1695.6514,0.0,281.0,655.2634,577.1687,712.9377,241.19699,20.0,1.0,4.0,3,0,4
60.0,54.0,60.0,477.0,349.53278,60.0,77.61539,446.89157,448.5827,575.3395,256.0,0.0,1.3873857,10.0,0,0,4
549.0098,54.0,54.0,1598.9554,621.8993,60.0,324.29196,263.77042,108.95905,2716.8633,93.0,9.0,0.6666667,2.0,0,0,4
757.0,99.038704,76.0,617.0,256.0,696.49365,266.95148,0.0,0.0,5970.0933,78.778755,0.0,0.5,2.0,0,0,4
69.03089,54.0,54.0,612.0,975.5113,60.0,243.0,521.97174,533.5718,892.988,256.0,8.095744,1.25,6.0,0,0,4
610.0,54.0,54.0,2601.3672,788.80414,60.0,366.5172,79.66991,52.19207,2960.9343,92.0,10.0,0.5,2.0,0,0,4
581.71906,81.0,88.53273,613.0,91.0,556.0936,259.00125,0.0,0.0,4078.3503,90.0,0.0,0.5,2.0,0,0,4
571.7337,78.0,80.0,617.0,93.0,480.0,264.81216,0.0,0.0,3806.4685,91.0,0.0,0.5,2.0,0,0,4
641.0,91.15427,86.0,484.0,256.0,309.0,133.52364,0.0,0.0,3922.0374,91.0,0.0,0.5,3.0,0,0,4
629.0,84.413956,89.5418,308.816,256.0,125.9079,93.0,0.0,0.0,2597.6272,91.62604,0.0,0.5714286,3.0,0,0,4
614.82996,86.0,90.0,597.0,93.0,523.17096,257.59296,0.0,0.0,4416.79,90.0,0.0,0.5,2.0,0,0,4
262.0,78.0,82.0,552.0,97.0,146.0,225.33333,0.0,0.0,2421.2078,93.0,0.0,0.6666667,3.0,0,0,4
629.0,54.0,54.0,6938.8223,310.03363,60.0,415.39847,26.870058,20.0,3956.5789,91.0,10.0,0.5,2.0,0,0,4
610.0,60.0,60.0,663.0,95.0,94.0,278.42435,0.0,0.0,3909.7715,91.0,0.0,0.5,2.0,0,0,4
531.5729,81.0,86.0,613.0,91.0,523.0,259.0,0.0,0.0,3862.316,91.0,0.0,0.5,2.0,0,0,4
707.0,94.32803,80.0,611.14136,256.0,636.0587,261.88788,0.0,0.0,5393.988,81.0,0.0,0.5,2.0,0,0,4
591.01117,88.0,91.0,494.0,95.0,262.0,208.33333,0.0,0.0,2617.7295,91.7781,0.0,0.5,3.0,0,0,4
54.0,54.0,54.0,481.50974,1338.4017,54.0,78.333336,1638.198,602.00055,225.21626,329.0973,11.0,1.4285715,12.0,0,0,4
663.0,55.0,54.0,1782.6803,93.0,262.0,364.36667,0.0,0.0,4587.986,86.0,0.0,0.5,2.0,0,0,4
663.0,86.0,81.0,663.0,90.0,623.1374,291.0,0.0,0.0,4882.778,86.0,0.0,0.5,2.0,0,0,4
721.5714,85.61566,80.0,786.0,88.87417,641.0,332.61765,0.0,0.0,5405.9336,86.0,0.0,0.5,2.0,0,0,4
663.0,74.0,60.0,816.89996,91.0,494.0,338.48117,0.0,0.0,4600.5933,86.0,0.0,0.5,2.0,0,0,4
778.949,91.0,77.0,757.0,133.22227,734.0,335.97455,0.0,0.0,6392.89,78.0,0.0,0.5,2.0,0,0,4
698.0,88.0,80.0,694.68744,93.0,663.0,299.33817,0.0,0.0,5477.671,81.09559,0.0,0.5,2.0,0,0,4
60.0,54.0,60.0,486.3263,301.19284,60.0,87.2,322.79797,344.32584,612.731,256.0,0.0,1.2665613,7.0,0,0,4
148.42561,55.0,60.0,589.0,132.72034,60.0,243.0,0.0,0.0,1775.8119,96.277405,0.0,0.75,4.0,0,0,4
613.0,54.0,54.0,1784.0,150.0,60.0,346.3958,0.0,0.0,4098.958,91.0,0.0,0.5,2.0,0,0,4
663.0,74.0,74.0,868.6359,91.0,581.0,331.40683,0.0,0.0,5125.884,85.65737,0.0,0.5,2.0,0,0,4
60.0,54.0,54.0,567.0,1471.3439,54.0,215.33333,1209.2922,592.5296,256.16245,256.0,15.0,1.3171374,7.0,0,0,4
262.0,54.0,50.110523,792.80634,1784.0,0.0,289.9064,1210.3813,595.5616,735.76654,232.72556,29.119003,0.9750387,4.0,3,0,4
791.84717,102.0,74.0,662.0,256.0,757.0,289.9612,0.0,0.0,6615.2935,76.0,0.0,0.5,2.0,0,0,4
597.0,81.0,86.0,616.0114,91.0,585.6946,264.0,0.0,0.0,4346.3657,90.0,0.0,0.5,2.0,0,0,4
79.42596,74.0,80.0,524.0,132.35847,60.0,208.33333,0.0,0.0,1501.6244,111.0,0.0,0.8101694,5.0,0,0,4
633.8934,54.0,54.0,1781.9867,97.0,60.0,352.60498,0.0,0.0,4537.0386,89.0,0.0,0.5,2.0,0,0,4
697.24036,93.0,80.649994,613.0,248.0,629.0,263.64053,0.0,0.0,5295.877,81.0,0.0,0.5,2.0,0,0,4
60.0,54.0,54.0,597.0,1262.0,54.0,229.33333,614.6086,567.37445,359.34854,256.0,11.0,1.2050656,6.0,0,0,4
727.8743,86.0,80.0,795.0,89.0,644.0,338.25113,0.0,0.0,5596.44,83.540665,0.0,0.5,2.0,0,0,4
149.37097,79.01311,86.0,524.0,97.0,146.0,217.93964,0.0,0.0,1938.5348,93.0,0.0,0.6666667,3.9169655,0,0,4
540.8005,54.0,54.0,786.82825,256.0,60.0,301.31427,26.870058,16.5,3690.5408,92.0,2.0,0.5,2.0,0,0,4
118.105675,54.0,54.0,698.0,1514.0,0.0,272.0,660.4638,576.86566,617.8204,247.9481,18.662107,1.0,4.0,3,0,4
430.76776,54.0,54.0,796.9079,1262.0,54.0,298.67584,465.43192,505.71786,1710.7643,119.864174,15.0,0.75,3.0,3,0,4
589.0,89.0,91.0,486.0,95.0,194.10614,133.47833,0.0,0.0,2585.111,92.0,0.0,0.6666667,3.0,0,0,4
641.0,60.0,55.0,792.59,93.0,262.0,319.7568,0.0,0.0,4496.4424,86.0,0.0,0.5,2.0,0,0,4
488.64435,54.0,54.0,644.0,111.0,60.0,266.98508,0.0,0.0,2710.6145,92.0,0.0,0.6,2.0,0,0,4
552.0,54.0,49.0,5737.1753,1506.74,0.0,401.65222,861.4144,574.68835,2276.997,95.0,35.600677,0.6666667,2.0,3,0,4
707.0,93.0,80.0,613.0,256.0,641.0,264.0,0.0,0.0,5414.431,80.060356,0.0,0.5,2.0,0,0,4
60.0,54.0,54.0,613.0,1783.1969,0.0,249.78915,1634.4393,607.62335,305.47797,262.57144,18.0,1.3333334,7.0,3,0,4
663.0,54.0,54.0,5004.7026,110.0,60.0,406.42474,0.0,0.0,4463.9995,88.0,0.0,0.5,2.0,0,0,4
745.02057,54.0,54.0,6424.776,91.0,283.54788,468.41016,0.0,0.0,5385.943,81.0,0.0,0.5,2.0,0,0,4
446.0,54.0,54.0,683.0,305.24112,60.0,274.0,32.705334,33.924374,2175.4333,95.0,3.0,0.6666667,3.0,0,0,4
60.0,54.0,55.0,480.0,931.5296,60.0,78.03051,555.1587,533.5699,359.80798,256.0,0.0,1.347144,9.61707,0,0,4
785.3529,95.0,74.0,663.0,256.0,772.4489,299.26514,0.0,0.0,6665.9595,76.0,0.0,0.5,2.0,0,0,4
80.0,64.39043,75.38165,524.0,137.07687,60.0,215.54219,0.0,0.0,1308.7025,129.80615,0.0,0.8,4.0,0,0,4
565.3749,60.0,74.0,646.3254,95.0,236.41324,267.66666,0.0,0.0,4119.915,91.0,0.0,0.5,2.0,0,0,4
641.25464,90.0,86.0,610.0,95.0,589.0,258.4,0.0,0.0,4725.8022,86.0,0.0,0.5,2.0,0,0,4
453.38373,54.0,54.0,757.0,863.13135,60.0,286.92148,247.28232,278.83823,1698.1466,102.0,9.0,0.73764855,3.0,0,0,4
483.24292,86.0,91.0,484.0,95.0,80.0,112.73097,0.0,0.0,1865.9034,94.58235,0.0,0.70582783,4.0,0,0,4
367.19284,57.90533,60.0,613.0,111.0,60.0,258.4,0.0,0.0,1891.9996,93.0,0.0,0.6666667,3.0,0,0,4
697.823,54.263794,54.0,2318.703,93.0,262.0,387.82162,0.0,0.0,4956.378,86.0,0.0,0.5,2.0,0,0,4
60.0,54.0,54.0,612.0,1368.8165,54.0,243.36292,1209.2147,590.02344,385.34796,256.0,15.0,1.3036404,6.5312715,0,0,4
114.83591,54.0,54.0,617.0,848.0,60.0,258.57144,389.95886,361.0,1320.6643,150.30614,5.4674125,0.85714287,4.0,0,0,4
734.0,90.0,79.94984,734.0,93.0,663.0,322.01218,0.0,0.0,5698.4478,81.0,0.0,0.5,2.0,0,0,4
695.187,54.0,54.0,3571.7283,95.0,80.73935,408.47247,0.0,0.0,4601.8374,86.0,0.0,0.5,2.0,0,0,4
567.0,54.0,54.0,1959.9957,970.0,60.0,357.95615,321.71738,358.72443,2559.6643,93.0,13.0,0.6666667,2.0,3,0,4
515.1079,54.0,54.0,811.0,256.0,60.0,308.24542,241.78397,38.160454,3370.0857,93.0,5.4566174,0.6666667,2.0,0,0,4
60.0,60.0,80.0,308.14285,256.0,60.0,64.0,292.7817,120.8923,579.3603,256.0,0.0,1.355547,10.0,0,0,4
639.83374,86.0,85.87629,641.0,91.0,617.0,274.0,0.0,0.0,4643.121,86.0,0.0,0.5,2.0,0,0,4
92.0,54.0,54.0,644.0,1262.0,54.0,264.0,541.8963,539.84937,1019.1793,218.71579,13.0,1.0,4.0,0,0,4
460.92,54.0,54.0,798.0059,975.49084,55.784176,298.7746,386.47623,375.7124,1726.0231,115.0691,11.649988,0.75,3.0,0,0,4
571.7692,54.0,54.0,1838.6716,581.3587,60.0,349.8789,194.8773,82.63528,2940.5042,93.0,9.0,0.6666667,2.0,0,0,4
76.5,54.0,54.0,613.0,1262.0,54.0,256.33334,519.2386,542.42175,514.1988,256.0,11.0,1.0909091,5.0,0,0,4
149.06248,60.0,74.0,597.0,110.0,60.0,243.0,0.0,0.0,2654.831,95.0,0.0,0.75,4.0,0,0,4
614.7716,54.0,54.0,2276.603,201.6304,60.0,364.38177,0.0,0.0,3969.281,91.0,0.0,0.5,2.0,0,0,4
698.9269,95.0,80.0,524.0,256.0,579.49066,228.89096,0.0,0.0,4914.9736,86.0,0.0,0.5,2.0,0,0,4
698.0,95.0,81.0,524.0,256.0,571.4575,225.33333,0.0,0.0,4712.9854,86.0,0.0,0.5,2.0,0,0,4
662.0,60.0,60.0,811.0,92.0,486.0,328.81476,0.0,0.0,4701.532,86.0,0.0,0.5,2.0,0,0,4
60.0,54.0,49.0,655.40466,2182.1646,0.0,264.0,2706.8743,659.89545,119.98025,325.231,128.64632,1.326677,6.0,3,0,4
610.0,85.53463,88.4538,612.0,91.0,581.0,259.66666,0.0,0.0,4043.1375,91.0,0.0,0.5,2.0,0,0,4
650.34174,76.66194,76.0,734.5956,91.0,523.0,309.452,0.0,0.0,4553.865,86.0,0.0,0.5,2.0,0,0,4
629.0,54.0,54.0,6940.0405,256.0,60.0,415.3349,26.870058,20.0,4091.628,91.0,10.0,0.5,2.0,0,0,4
387.83008,54.0,54.0,617.2804,150.0,60.0,264.0,0.0,0.0,1954.3011,93.0,0.0,0.6666667,3.0,0,0,4
623.0446,86.0,86.0,634.2999,91.0,617.0,267.66666,0.0,0.0,4945.587,86.0,0.0,0.5,2.0,0,0,4
629.0,54.0,54.0,6709.47,315.80603,60.0,415.34674,27.49384,20.0,3969.919,91.0,10.0,0.5,2.0,3,0,4
80.0,60.0,77.0,524.0,119.86767,60.0,215.62859,0.0,0.0,1753.4294,111.0,0.0,0.8,5.0,0,0,4
523.0,81.0,91.0,567.0,93.0,377.8669,243.0,0.0,0.0,3770.4053,91.0,0.0,0.5,3.0,0,0,4
76.5,54.0,54.0,589.0,848.0,60.0,230.14328,349.822,361.0,717.5456,244.23738,2.0,1.0,5.0,0,0,4
480.0,54.0,54.0,786.0,309.33746,60.0,289.74826,155.94188,77.48147,2619.299,95.0,5.0028663,0.75,3.0,0,0,4
60.0,54.0,55.0,480.0,848.0,60.0,78.333336,512.2598,525.50726,359.81787,262.57144,0.0,1.4285715,10.0,0,0,4
613.0,91.0,91.0,524.0,102.0,446.131,223.66667,0.0,0.0,3457.576,91.0,0.0,0.5,2.0,0,0,4
262.0,60.0,95.0,180.0,205.95332,60.0,86.0,0.0,0.0,894.0509,97.0,0.0,1.0,7.0,0,0,4
571.7692,54.0,54.0,958.3699,256.0,60.0,318.58014,6.924193,1.6629589,2962.8086,92.0,1.0,0.51146525,2.0,0,0,4
662.0,93.46455,86.0,484.0,256.0,391.806,135.69373,0.0,0.0,3911.8489,91.0,0.0,0.5,3.0,0,0,4
68.56703,54.0,55.0,524.0,256.0,60.0,209.42865,22.896395,20.0,881.759,238.10016,0.0,1.001189,5.0,0,0,4
540.2842,54.0,54.0,682.0102,111.0,60.0,274.55707,0.0,0.0,3885.6812,91.0,0.0,0.5,2.0,0,0,4
707.0,78.0,80.0,1381.092,88.93245,612.2294,361.44272,0.0,0.0,5331.34,81.0,0.0,0.5,2.0,0,0,4
709.8954,74.0,60.0,1784.0,91.0,572.563,378.24832,0.0,0.0,5235.138,81.0,0.0,0.5,2.0,0,0,4
610.8559,55.0,60.0,698.0,95.0,262.0,283.33334,0.0,0.0,4497.0605,90.0,0.0,0.5,2.0,0,0,4
80.0,54.0,55.0,589.0,150.38873,60.0,227.54756,21.23355,4.7934737,1901.937,149.15842,0.0,0.9782609,5.0,0,0,4
487.16727,77.61539,95.0,312.73636,102.0,73.73543,86.0,0.0,0.0,1701.5571,95.0,0.0,0.7780432,5.0,0,0,4
567.0,54.0,54.0,811.0,256.0,60.0,309.66666,9.32009,1.6629589,3306.0154,92.0,0.0,0.5714286,2.0,0,0,4
60.0,54.0,54.0,613.0,1784.0,0.0,253.42422,1662.2638,607.8192,309.01077,261.3669,19.386318,1.3333334,7.0,3,0,4
60.0,54.0,54.0,495.293,970.837,60.0,88.860634,509.7955,527.7241,359.45923,256.0,3.0,1.3157895,7.0,0,0,4
60.0,54.0,54.0,613.0,1887.3627,0.0,254.78612,2526.8496,659.56866,127.83346,333.57108,90.604904,1.3636006,7.0,3,0,4
779.6029,89.0,78.50093,977.34894,91.0,663.0,364.39554,0.0,0.0,5798.7104,80.0,0.0,0.5,2.0,0,0,4
76.99188,54.0,54.0,644.0,1727.1396,0.0,264.0,1208.2994,595.0436,471.59464,256.0,18.380344,1.0909091,5.0,3,0,4
567.0,86.0,92.0,523.0,93.0,247.3236,208.33333,0.0,0.0,2841.8423,92.0,0.0,0.6666667,3.8325865,0,0,4
610.0,54.0,54.0,1409.4788,111.0,60.0,323.66666,0.0,0.0,4131.575,91.0,0.0,0.5,2.0,0,0,4
683.0,93.0,81.0,612.0,248.0,629.0,263.93073,0.0,0.0,4969.0874,81.0,0.0,0.5,2.0,0,0,4
477.0,76.016235,80.0,612.0,95.0,262.0,258.4,0.0,0.0,3505.4866,91.0,0.0,0.5,2.0,0,0,4
604.3691,54.0,54.0,5422.9346,970.0,60.0,395.7019,389.95886,361.0,3035.4683,93.0,15.0,0.6,2.0,3,0,4
589.0,80.0,82.0,629.0,91.0,510.7224,265.0,0.0,0.0,4102.8438,90.0,0.0,0.5,2.0,0,0,4
492.9413,76.0,80.0,614.0,93.0,477.0,259.48038,0.0,0.0,3997.8896,91.0,0.0,0.5,2.0,0,0,4
477.0,74.0,79.0,613.0,95.0,195.42743,258.4766,0.0,0.0,3580.2668,91.48416,0.0,0.5714286,3.0,0,0,4
614.0,80.0,81.0,662.0,91.0,589.0,274.0,0.0,0.0,4614.707,86.0,0.0,0.5,2.0,0,0,4
617.0,54.0,54.0,840.8422,103.74912,60.0,327.66666,0.0,0.0,3901.5217,90.43504,0.0,0.5,2.0,0,0,4
644.0,91.0,86.0,581.0,137.3485,566.30536,254.22725,0.0,0.0,4536.5146,86.0,0.0,0.5,2.0,0,0,4
642.7154,81.0,86.0,663.0,89.0,613.0,281.0,0.0,0.0,4701.9995,86.0,0.0,0.5,2.0,0,0,4
60.0,60.0,78.0,484.60144,256.0,60.0,87.2,80.099396,20.0,1023.2235,242.63814,0.0,1.0,7.0,0,0,4
476.88452,86.0,93.0,459.0,98.52428,76.5,86.6,0.0,0.0,1495.214,95.0,0.0,0.75,5.0,0,0,4
794.2597,80.0,78.57143,2760.523,86.0,639.429,415.60458,0.0,0.0,5893.8545,80.0,0.0,0.5,2.0,0,0,4
85.0,78.0,85.0,494.85587,117.83506,78.24444,133.47531,0.0,0.0,1688.6514,104.0,0.0,0.8,5.0,0,0,4
262.0,54.0,54.0,642.27783,256.0,60.0,264.11462,26.870058,20.0,2188.3027,105.62575,0.0,0.77367294,3.0,0,0,4
615.62616,91.0,90.0,494.0,146.0,376.5737,209.6302,0.0,0.0,3027.8252,91.0,0.0,0.5,3.0,0,0,4
714.20905,54.0,54.0,7640.7764,107.49922,60.0,595.7343,0.0,0.0,4939.3613,86.0,0.0,0.5,2.0,0,0,4
696.28015,54.0,54.0,6216.0093,100.0,60.0,416.01508,0.0,0.0,4655.9434,86.0,0.0,0.5,2.0,0,0,4
86.30443,54.0,54.0,629.0,1262.0,54.0,263.05734,448.17258,511.80606,596.7936,231.89081,11.0,0.9990058,4.0,0,0,4
734.0,74.0,75.8354,1832.3563,89.0,611.0,387.77322,0.0,0.0,5492.953,80.0,0.0,0.5,2.0,0,0,4
60.0,54.0,54.0,574.08,975.49866,60.0,221.22806,439.21738,498.98132,434.82217,256.0,5.0,1.2017919,6.0,0,0,4
607.2266,54.0,54.0,909.6919,125.28649,60.0,314.99445,0.0,0.0,3902.7236,91.0,0.0,0.5,2.0,0,0,4
613.0,54.0,54.0,1377.1277,110.0,60.0,323.66666,0.0,0.0,4141.5293,91.0,0.0,0.5,2.0,0,0,4
632.49915,80.0,80.0,663.0,91.0,589.0,283.33334,0.0,0.0,4501.666,86.0,0.0,0.5,2.0,0,0,4
613.0,87.2,91.0,477.0,146.0,152.05063,91.0,0.0,0.0,2517.4175,92.0,0.0,0.6666667,3.0,0,0,4
62.296715,78.0,86.0,483.0638,154.86449,61.399082,87.2,0.0,0.0,1529.4207,107.80882,0.0,1.0,6.0,0,0,4
309.0,54.0,54.0,662.2413,305.4048,60.0,267.66666,74.32866,42.20764,1809.9135,102.0,2.0,0.75,3.0,0,0,4
617.0,90.0,89.0,571.0091,95.0,501.49084,246.49133,0.0,0.0,4174.3203,90.0,0.0,0.5,2.0,0,0,4
698.38,95.0,80.0,610.0,256.0,629.0,258.5358,0.0,0.0,5189.2524,81.0,0.0,0.5,2.0,0,0,4
544.34296,54.0,54.0,663.0,104.0,60.0,274.0,0.0,0.0,3795.7695,91.04788,0.0,0.5014701,2.0,0,0,4
662.0,93.0,86.0,489.0656,256.0,446.0,208.33333,0.0,0.0,4024.7893,90.0,0.0,0.5,2.0,0,0,4
480.0,54.0,54.0,719.8414,318.0,60.0,283.33334,81.114716,37.57874,2417.1433,94.08828,4.672038,0.6666667,2.1955464,0,0,4
371.5486,55.0,60.0,613.0,111.0,60.0,258.5234,0.0,0.0,2565.3308,93.0,0.0,0.6666667,3.0,0,0,4
757.0,114.0,76.0,610.0,256.0,662.0,259.66666,0.0,0.0,5897.195,80.0,0.0,0.5,2.0,0,0,4
756.7438,74.0,60.0,2258.647,90.53107,589.0,404.33572,0.0,0.0,5295.1895,80.0,0.0,0.5,2.0,0,0,4
757.0,88.0,79.2286,789.8277,91.0,663.0,344.36932,0.0,0.0,5779.301,81.0,0.0,0.5,2.0,0,0,4
613.0,54.0,54.0,795.0,111.0,60.0,322.61703,0.0,0.0,3906.78,90.312485,0.0,0.5,2.0,0,0,4
60.0,54.0,55.0,524.0,256.0,60.0,180.96716,26.870058,20.0,999.01294,240.127,0.0,1.0803576,6.0,0,0,4
128.60316,55.0,60.0,610.0,150.0,60.0,243.50685,1.3840666e-14,0.0,1892.7032,115.07806,0.0,0.80624646,4.0,0,0,4
599.8478,87.914635,91.0,480.0,102.0,114.83675,89.847824,0.0,0.0,2565.6685,92.464615,0.0,0.6666667,4.0,0,0,4
709.26984,54.0,54.0,5628.967,95.0,90.0,416.14325,0.0,0.0,4904.0576,85.43085,0.0,0.5,2.0,0,0,4
610.0,85.72195,91.0,459.0,146.0,80.0,91.0,0.0,0.0,2304.585,93.0,0.0,0.6666667,4.0,0,0,4
262.0,66.628944,93.20873,183.354,162.38315,60.0,86.0,0.0,0.0,746.6024,100.0,0.0,0.8931245,6.0,0,0,4
483.5239,54.0,54.0,734.0,318.0,60.0,283.33334,26.977785,29.661934,2304.7346,93.0,3.8793633,0.6666667,2.0,0,0,4
662.0,90.0,85.0,620.11774,95.0,629.0,265.0,0.0,0.0,5115.932,85.57557,0.0,0.5,2.0,0,0,4
262.0,54.0,54.0,639.08826,256.0,60.0,264.0,11.059649,16.5,1695.0757,121.377556,0.0,0.8,3.0,0,0,4
262.0,54.0,54.0,662.0,809.13025,60.0,265.0,321.49823,339.203,1758.474,129.56015,5.0,0.7989364,4.0,0,0,4
76.5,54.0,54.0,641.0,1705.8102,0.0,261.88416,1241.391,595.55597,461.0626,256.0,18.162245,1.0909091,5.0,3,0,4
694.4718,86.0,80.0,698.0,91.0,662.0,298.84927,0.0,0.0,5405.9565,85.0,0.0,0.5,2.0,0,0,4
581.0,86.0,91.0,524.0,91.0,429.92578,229.50363,0.0,0.0,2969.4448,91.0,0.0,0.5,3.0,0,0,4
262.0,54.0,54.0,629.0,256.0,60.0,264.0,6.354304,16.5,1302.0508,114.93903,0.0,0.75,3.0,0,0,4
662.0,80.0,83.0,698.0,90.0,612.87756,298.33945,0.0,0.0,4961.489,84.811584,0.0,0.5,2.0,0,0,4
74.0,54.0,54.0,612.0,1262.0,54.24814,252.49715,517.8481,535.98303,589.15784,256.0,10.0,1.0909091,5.0,0,0,4
60.0,54.0,51.38339,629.0,1881.2483,0.0,258.50208,1815.0231,657.96875,158.02023,317.93866,87.48745,1.3245227,6.0,3,0,4
76.5,54.0,54.0,662.0,1804.112,0.0,265.0,1637.6096,608.3596,316.7991,256.0,29.547012,1.1543576,5.0,3,0,4
480.0,77.94567,93.55584,437.1105,115.08312,73.5017,86.0,0.0,0.0,1701.2365,95.0,0.0,0.8010195,5.0,0,0,4
76.5,54.0,49.0,698.0,1880.0441,0.0,269.58148,1767.5107,650.7922,225.24265,256.0,100.17103,1.199791,5.0,3,0,4
60.0,77.61539,86.0,459.0,214.32225,60.0,80.0,0.0,0.0,901.19354,111.0,0.0,1.0,7.0,0,0,4
117.38112,76.0,81.0,524.0,100.0,89.0,219.22667,0.0,0.0,1916.3986,95.0,0.0,0.6666667,4.0,0,0,4
613.0,86.0,90.31022,580.0195,93.0,494.0,250.22029,0.0,0.0,4033.4658,90.31938,0.0,0.5,2.0,0,0,4
641.0,91.0,86.0,567.0,114.0,552.0,248.38293,0.0,0.0,4282.918,86.70394,0.0,0.5,2.0,0,0,4
614.70514,89.0,90.0,524.0,95.0,480.0,234.28314,0.0,0.0,4051.0105,90.47798,0.0,0.5,2.0,0,0,4
714.09216,91.0,79.8,663.0,114.0,698.0,291.43307,0.0,0.0,5729.0703,80.0,0.0,0.5,2.0,0,0,4
479.82605,54.0,54.0,662.0,256.0,60.0,270.2883,0.5,0.0,2288.7642,93.0,0.0,0.6,2.0,0,0,4
496.46222,77.0,80.0,613.0,95.0,262.0,261.01932,0.0,0.0,2708.1987,91.0,0.0,0.5,2.0,0,0,4
313.7828,54.0,54.0,694.4435,848.0,60.0,274.0,246.45049,264.49893,1490.7595,142.45563,7.0,0.8,3.0,0,0,4
262.0,54.0,54.0,619.66986,256.0,60.0,263.02298,20.135227,16.5,1761.6965,95.0,0.0,0.6666667,3.0,0,0,4
629.0,90.0,87.78845,581.0,95.0,524.90625,253.07579,0.0,0.0,4438.2983,88.41234,0.0,0.5,2.0,0,0,4
73.52313,54.0,54.0,581.0,955.6724,60.0,226.13019,389.95886,385.93753,606.37537,246.84811,3.0,1.0,5.0,0,0,4
484.0,60.0,74.0,617.0,97.0,89.14085,264.0,0.0,0.0,3299.1667,91.697754,0.0,0.5714286,2.0,0,0,4
793.1362,74.0,74.0,5444.814,86.0,613.0,469.74036,0.0,0.0,5692.7837,79.8,0.0,0.5,2.0,0,0,4
613.0,54.0,54.0,5005.0767,402.4126,60.0,391.36096,26.870058,20.0,3462.3206,91.666695,9.433102,0.5,2.0,0,0,4
641.0,91.0,86.0,523.0,248.0,460.97525,215.33333,0.0,0.0,4157.7866,90.0,0.0,0.5,2.0,0,0,4
498.5902,54.0,54.0,663.0,111.0,60.0,272.0,0.0,0.0,2763.6587,92.0,0.0,0.6666667,2.0,0,0,4
641.0,54.0,54.0,1688.2366,97.0,60.0,349.71112,0.0,0.0,4408.2275,89.0,0.0,0.5,2.0,0,0,4
60.0,54.0,54.0,610.0,1820.7336,0.0,225.33333,1746.1498,642.0563,224.99973,331.5777,22.0,1.4285715,8.0,3,0,4
730.2544,95.0,80.0,567.0,256.0,613.0,256.33334,0.0,0.0,5330.503,81.0,0.0,0.5,2.0,0,0,4
377.63943,54.0,54.0,785.5151,1262.0,54.0,290.30795,462.5013,508.5698,1483.6211,147.8224,15.0,0.7994948,3.0,0,0,4
663.0,81.0,81.0,717.3602,86.0,624.9257,307.0473,0.0,0.0,5340.9497,86.0,0.0,0.5,2.0,0,0,4
582.7426,54.0,54.0,1784.0,314.30127,60.0,346.20505,21.279482,20.0,2671.506,92.0,7.0,0.5793468,2.0,0,0,4
92.24415,80.0,89.194984,483.0,122.6649,76.5,87.2,0.0,0.0,1668.1572,100.0,0.0,0.8,5.0,0,0,4
745.0444,95.0,79.0,612.8606,256.0,662.0,264.0,0.0,0.0,5595.7515,80.0,0.0,0.5,2.0,0,0,4
629.0,92.08133,88.86801,480.0,256.0,262.0,129.66322,0.0,0.0,3321.511,91.0,0.0,0.5,3.0,0,0,4
617.0,80.0,86.0,662.0,89.41531,613.0,274.0,0.0,0.0,4969.5757,86.0,0.0,0.5,2.0,0,0,4
662.0,91.0,86.0,610.0,132.11653,597.30176,258.4,0.0,0.0,4758.429,86.0,0.0,0.5,2.0,0,0,4
80.56155,60.0,60.0,567.0,133.61568,60.0,224.24286,0.0,0.0,1745.9003,117.640465,0.0,0.85714287,4.0,0,0,4
60.0,60.0,74.0,523.0,248.0,60.0,133.05977,6.363241,1.6637803,963.35846,225.83557,0.0,1.0,6.0,0,0,4
494.0,78.0,81.0,613.0,93.594185,477.0,259.34723,0.0,0.0,3847.2402,91.0,0.0,0.5,2.0,0,0,4
616.0,54.0,54.0,820.9134,111.0,60.0,327.66666,0.0,0.0,3907.8574,90.079834,0.0,0.5,2.0,0,0,4
499.6763,55.0,55.0,643.7543,102.0,60.0,267.21936,0.0,0.0,2851.0227,91.46522,0.0,0.5,2.0,0,0,4
662.7797,80.0,81.0,734.0,90.0,611.0,309.66666,0.0,0.0,5007.843,83.0,0.0,0.5,2.0,0,0,4
610.0,87.2,91.0,459.0,146.0,114.83343,91.0,0.0,0.0,2099.1013,92.423645,0.0,0.6666667,4.0,0,0,4
663.0,77.61539,86.0,200.95319,256.0,153.2979,114.0,0.0,0.0,2713.0017,91.0,0.0,0.5,3.0,0,0,4
498.70984,54.0,54.0,1784.0,1151.8792,54.0,338.27313,433.37094,483.15366,2002.3849,95.0,15.0,0.6666667,2.0,3,0,4
60.0,54.0,54.0,613.0,1332.4358,54.0,255.66736,671.70416,575.94995,412.75284,256.0,15.0,1.3119339,6.0,0,0,4
663.0,91.08509,83.0,471.5166,256.0,386.87637,95.756355,0.0,0.0,3960.4453,90.0,0.0,0.5,3.0,0,0,4
76.5,54.0,54.0,610.298,732.5585,60.0,244.95192,389.95886,361.0,1323.7982,216.11404,1.0,1.0,5.0,0,0,4
114.80153,74.0,80.0,524.0,110.17356,60.0,219.96124,0.0,0.0,1948.9231,95.0,0.0,0.75,4.0,0,0,4
613.0,60.0,60.0,698.0,95.0,123.61861,288.90665,0.0,0.0,4097.722,90.0,0.0,0.5,2.0,0,0,4
644.0,55.0,55.0,811.0,93.0,262.0,323.66666,0.0,0.0,4647.641,86.0,0.0,0.5,2.0,0,0,4
709.26526,91.0,80.0,665.7004,96.357666,698.0,298.0614,0.0,0.0,5772.3955,80.0,0.0,0.5,2.0,0,0,4
597.0,74.0,74.0,641.0,95.0,262.0,269.28363,0.0,0.0,3516.3254,90.24245,0.0,0.5,2.0,0,0,4
683.2786,54.0,54.0,6647.738,110.88773,60.0,427.79703,0.0,0.0,4636.6606,86.0,0.0,0.5,2.0,0,0,4
523.0,76.0,80.0,617.0,93.0,479.19238,264.0,0.0,0.0,4133.179,91.0,0.0,0.5,2.0,0,0,4
262.0,74.0,80.0,589.0,97.0,114.0,246.73708,0.0,0.0,2644.7607,92.0,0.0,0.6666667,3.0,0,0,4
76.5,54.0,54.0,610.0,848.0,60.0,243.0,315.04788,361.0,731.1651,249.014,1.0,1.0909091,5.0,0,0,4
707.42126,93.0,80.0,613.0,256.0,647.996,264.0,0.0,0.0,5490.876,80.0,0.0,0.5,2.0,0,0,4
610.0,54.0,54.0,757.0,123.652985,60.0,309.66666,0.0,0.0,3448.4614,91.0,0.0,0.5,2.0,0,0,4
494.0,80.0,85.51878,612.0,93.0,483.0,258.4,0.0,0.0,3505.2302,91.0,0.0,0.5,2.0,0,0,4
611.0,80.0,86.0,623.7178,91.0,610.0,266.66666,0.0,0.0,4404.3726,88.0,0.0,0.5,2.0,0,0,4
262.0,78.0,81.6193,571.0821,95.0,262.0,239.33333,0.0,0.0,2586.2214,93.0,0.0,0.6666667,3.0,0,0,4
200.91591,54.0,54.0,631.6854,816.3737,60.0,264.0,306.11646,289.48468,1516.3784,149.09096,3.0,0.85714287,4.0,0,0,4
613.0,54.0,54.0,795.0,110.57121,60.0,316.06305,0.0,0.0,3923.0571,90.865776,0.0,0.5,2.0,0,0,4
734.0,93.0,79.0,644.0,256.0,698.0768,280.4094,0.0,0.0,5890.235,79.0,0.0,0.5,2.0,0,0,4
860.42706,86.0,74.0,5432.0034,86.0,663.0,479.8134,0.0,0.0,6357.44,80.0,0.0,0.33333334,2.0,0,0,4
486.0,54.0,54.0,711.7033,256.0,60.0,283.15933,18.834808,16.5,2304.7825,93.0,0.0,0.6666667,2.0,0,0,4
480.0,82.0,90.0,524.0,93.34405,254.91873,213.33333,0.0,0.0,2450.3955,93.0,0.0,0.6666667,3.0,0,0,4
575.3694,55.0,54.0,663.0,100.145874,60.0,275.66666,0.0,0.0,3428.9211,91.0,0.0,0.5,2.0,0,0,4
347.71655,54.0,54.0,617.0,132.97205,60.0,259.5565,0.0,0.0,2278.163,95.0,0.0,0.6666667,3.0,0,0,4
614.0,54.0,54.0,1581.1151,111.0,60.0,335.74323,0.0,0.0,3970.6282,91.0,0.0,0.5,2.0,0,0,4
772.4334,74.0,76.0,2677.2754,88.0,613.0,415.27274,0.0,0.0,5692.681,80.0,0.0,0.5,2.0,0,0,4
80.0,76.0,81.0,524.0,110.0,60.0,208.33333,0.0,0.0,1699.416,107.895676,0.0,0.75,4.0,0,0,4
630.03174,91.0,86.0,555.39014,114.0,527.4383,244.26022,0.0,0.0,4201.467,88.82622,0.0,0.5,2.0,0,0,4
73.92562,54.0,49.0,663.0,1887.4823,0.0,266.66666,1831.9049,658.33405,225.13324,261.78253,109.516396,1.288216,5.0,3,0,4
734.0,95.0,80.0,610.0,256.0,631.8446,258.54578,0.0,0.0,5437.416,80.0,0.0,0.5,2.0,0,0,4
262.0,54.0,54.0,683.0,1262.0,54.0,269.62082,486.3948,529.54254,977.8681,171.85551,15.0,0.85748756,4.0,0,0,4
731.565,74.0,74.0,1785.712,90.0,610.0,387.51944,0.0,0.0,5351.348,80.0,0.0,0.5,2.0,0,0,4
480.0,55.0,60.0,629.0,101.9408,60.0,264.0,0.0,0.0,2951.011,92.0,0.0,0.5714286,2.0,0,0,4
602.74194,54.0,54.0,734.0,104.0,60.0,292.05072,0.0,0.0,3892.603,91.0,0.0,0.5,2.0,0,0,4
523.0,54.0,54.0,2175.2102,971.8694,54.0,349.72864,389.95886,406.61295,2559.2087,95.0,14.435259,0.72081715,2.0,0,0,4
262.0,54.0,54.0,663.0,1262.0,54.0,267.66666,430.2787,505.70914,755.9435,182.4983,13.0,0.9025179,4.0,0,0,4
79.798645,54.0,54.0,611.0,848.0,60.0,253.03226,247.0865,249.73143,740.03394,213.367,0.0,1.0,5.0,0,0,4
620.63416,64.0,90.0,180.0,256.0,76.5,95.0,0.0,0.0,1779.9438,93.0,0.0,0.6666667,4.0,0,0,4
663.0,77.0,77.394905,757.0,91.0,567.0,318.9103,0.0,0.0,4623.242,85.96117,0.0,0.5,2.0,0,0,4
597.0951,60.0,60.0,663.0,95.0,114.0,275.66666,0.0,0.0,4051.9614,91.0,0.0,0.5,2.0,0,0,4
795.0,125.612785,74.0,613.0,256.0,696.73175,264.0,0.0,0.0,6377.2554,78.57143,0.0,0.5,2.0,0,0,4
572.1591,54.0,54.0,707.0,102.0,60.0,283.33334,0.0,0.0,4018.513,91.0,0.0,0.5,2.0,0,0,4
60.0,54.0,54.0,610.0,1338.3081,54.0,233.33333,646.13324,572.6925,312.60056,256.0,13.0,1.3157895,6.8535867,0,0,4
613.0,89.0,91.0,477.0,146.0,177.09232,91.0,0.0,0.0,2563.5144,92.0,0.0,0.5714286,3.0,0,0,4
480.0,54.0,54.0,662.0,111.0,60.0,267.66666,0.0,0.0,3179.8794,92.49529,0.0,0.6666667,3.0,0,0,4
60.0,54.0,54.0,523.0,848.0,60.0,128.45815,463.81113,493.75323,579.8224,256.0,0.0,1.3153483,7.0,0,0,4
629.0039,54.0,54.0,1841.7455,110.366516,60.0,364.37036,0.0,0.0,4405.4067,90.0,0.0,0.5,2.0,0,0,4
60.0,54.0,54.0,581.0,848.0,60.0,219.4556,423.1061,449.99734,739.06366,256.0,2.0,1.1954975,6.0,0,0,4
663.0,54.0,54.0,2685.0798,97.0,60.0,401.49893,0.0,0.0,4644.333,86.0,0.0,0.5,2.0,0,0,4
60.0,54.0,54.0,581.0,974.88116,60.0,222.16739,478.72025,519.33673,589.2079,256.0,7.0,1.2890762,6.0,0,0,4
617.0,90.85946,90.0,524.0,102.0,446.0,221.65242,0.0,0.0,3949.2107,91.0,0.0,0.5,3.0,0,0,4
79.99235,80.0,84.88666,494.0,129.24039,78.4771,133.03557,0.0,0.0,1386.4275,103.81251,0.0,0.8331426,5.0,0,0,4
611.0,83.18002,89.0,613.0,91.0,581.0,259.66666,0.0,0.0,4404.3325,91.0,0.0,0.5,2.0,0,0,4
416.9943,77.0,80.0,610.0,95.0,262.0,258.04633,0.0,0.0,3202.2336,92.0,0.0,0.6666667,3.0,0,0,4
137.62822,54.0,54.0,629.0,317.99762,60.0,259.0,305.5591,227.06465,1746.0076,149.91492,1.0,0.9285714,4.0,0,0,4
638.28455,91.2087,86.0,486.0,256.0,377.8355,166.74063,0.0,0.0,3789.0122,91.0,0.0,0.5,3.0,0,0,4
114.84098,54.0,54.0,614.0,256.0,60.0,258.4,280.61758,73.42232,2283.9631,149.10724,0.0,0.9357929,5.0,0,0,4
734.0,93.745705,79.0,632.3803,256.0,698.0,274.0,0.0,0.0,5835.808,79.621864,0.0,0.5,2.0,0,0,4
532.98517,78.0,81.0,614.45966,93.0,483.0235,264.0,0.0,0.0,3911.9333,91.0,0.0,0.5,2.0,0,0,4
76.5,55.0,60.0,524.0,201.38802,60.0,213.33333,1.5162556,0.0,1307.7036,170.72249,0.0,0.99717695,5.0,0,0,4
629.0,80.0,82.0,663.0,91.0,610.0,283.33334,0.0,0.0,4876.806,86.0,0.0,0.5,2.0,0,0,4
494.0,74.0,80.0,617.0,93.0,335.91696,262.9356,0.0,0.0,4101.9873,91.0,0.0,0.5,2.0,0,0,4
617.0,86.740074,86.97712,610.0,93.03785,572.6111,258.4,0.0,0.0,4455.457,88.033424,0.0,0.5,2.0,0,0,4
60.0,54.0,54.0,581.0,1262.0,54.0,215.54091,742.9555,573.6992,421.0277,256.0,11.0,1.356793,7.0,0,0,4
486.8564,54.0,54.0,663.0,150.0,60.0,272.0,0.0,0.0,3160.7695,92.0,0.0,0.6,2.0,0,0,4
244.14029,54.0,54.0,641.0,848.0,60.0,264.12122,247.27583,329.6011,970.9728,164.05429,6.1731253,0.85714287,4.0,0,0,4
79.63071,73.38504,78.64152,524.0,129.26784,60.0,212.49373,0.0,0.0,1483.0964,118.0,0.0,0.8,4.0,0,0,4
643.2115,74.0,74.0,757.0,91.0,493.08643,309.66666,0.0,0.0,4658.5693,86.0,0.0,0.5,2.0,0,0,4
482.7157,54.0,54.0,734.3591,256.0,60.0,282.18607,26.398653,19.70194,2654.138,95.0,0.0,0.6666667,3.0,0,0,4
629.5927,91.0,87.11792,496.04953,248.0,446.0,212.85002,0.0,0.0,3895.2366,91.0,0.0,0.5,2.0,0,0,4
270.76904,54.0,54.0,663.0,431.02097,60.0,267.66666,81.26555,81.788475,1740.4535,129.4882,3.0,0.8,3.0,0,0,4
641.0,89.659164,86.0,614.0,95.0,613.0,264.0,0.0,0.0,4787.6304,86.0,0.0,0.5,2.0,0,0,4
60.0,54.0,54.0,617.0,1860.5774,0.0,258.4,1788.576,652.31866,183.1533,318.1247,62.327095,1.3333334,6.5181465,3,0,4
486.0,82.0,91.0,524.0,93.0,262.0,220.04572,0.0,0.0,2601.0405,92.0,0.0,0.6666667,3.0,0,0,4
750.3589,93.0,78.0,663.0142,250.41716,742.6098,298.5875,0.0,0.0,5987.5522,78.08519,0.0,0.5,2.0,0,0,4
262.0,78.333336,91.0,459.0,135.75662,70.61188,86.0,0.0,0.0,1314.4875,97.0,0.0,0.85714287,5.0,0,0,4
698.0,54.0,54.0,7160.5664,97.0,60.0,469.78445,0.0,0.0,4969.5605,86.0,0.0,0.5,2.0,0,0,4
60.0,54.0,54.0,524.0,848.0,60.0,155.78973,448.17038,459.01266,735.2025,256.0,0.0,1.25,7.0,0,0,4
149.44826,54.0,54.0,615.9736,256.0,60.0,258.4,27.072126,35.87043,1499.967,147.68204,0.0,0.8,4.0,0,0,4
734.0,88.0,80.0,757.0,91.0,663.0,327.66666,0.0,0.0,5562.991,81.0,0.0,0.5,2.0,0,0,4
232.11395,76.0,80.0,552.0,100.0,89.55189,225.33333,0.0,0.0,1957.8844,95.0,0.0,0.6666667,3.0,0,0,4
377.13516,54.0,54.0,641.0,150.0,60.0,264.0,1.7061292,0.0,2631.26,95.0,0.0,0.6842255,3.0,0,0,4
477.9773,74.0,79.0,613.0,95.0,189.20486,258.57144,0.0,0.0,3392.3257,91.333336,0.0,0.5192912,2.0,0,0,4
76.5,54.0,54.0,610.0,848.0,60.0,243.0,312.64795,359.1378,735.6107,244.06816,1.0,1.0,5.0,0,0,4
60.0,54.0,54.0,611.0,1262.0,54.0,243.0,518.60046,542.8393,518.47046,256.0,10.0,1.2888101,6.0,0,0,4
506.45068,54.0,50.722115,2677.2903,1262.0,54.0,364.36768,559.04175,553.20966,2279.2488,95.0,19.929823,0.6666667,2.0,3,0,4
663.0,54.0,54.0,3558.5786,100.0,60.0,403.32114,0.0,0.0,4514.0674,86.0,0.0,0.5,2.0,0,0,4
629.0,54.0,54.0,2444.9504,150.0,60.0,375.77646,0.0,0.0,4267.2583,90.78941,0.0,0.5,2.0,0,0,4
521.6436,54.0,54.0,734.0,248.52386,60.0,283.33334,1.4474213,0.0,2822.6897,92.0,0.0,0.6666667,2.0,0,0,4
697.9479,91.0,80.0,663.0,95.0,683.0,283.33334,0.0,0.0,5518.8022,80.50016,0.0,0.5,2.0,0,0,4
114.0,77.61539,91.0,409.45837,160.23177,60.0,81.0,0.0,0.0,1376.1532,100.0,0.0,0.9938468,6.0,0,0,4
262.0,76.25672,80.0,567.0,100.0,85.0,233.33333,0.0,0.0,1759.3527,94.47864,0.0,0.6666667,3.0,0,0,4
480.0,54.0,54.0,698.24146,256.0,60.0,278.3757,21.06561,16.5,2617.0098,95.0,0.0,0.6666667,3.0,0,0,4
483.19186,82.0,91.0,524.0,93.0,262.0,214.33333,0.0,0.0,2543.6096,93.0,0.0,0.6666667,3.0,0,0,4
713.0745,55.0,54.0,3162.1519,91.0,477.0,412.19302,0.0,0.0,5183.3364,82.21343,0.0,0.5,2.0,0,0,4
101.5939,66.596146,91.0,265.17987,209.57565,60.0,82.545654,0.0,0.0,913.6884,98.99124,0.0,1.0,7.0,0,0,4
663.0,91.0,82.86605,586.3069,256.0,597.0,257.39838,0.0,0.0,4950.494,86.0,0.0,0.5,2.0,0,0,4
757.0,95.0,76.0,630.2522,256.0,711.3265,274.0,0.0,0.0,5972.056,78.57143,0.0,0.5,2.0,0,0,4
478.64948,54.0,54.0,734.0,323.83282,60.0,283.33334,26.398653,21.128155,1934.122,95.0,3.0,0.6666667,3.0,0,0,4
60.0,60.0,77.0,486.0,256.0,60.0,87.2,22.896395,19.161331,760.1846,237.37961,0.0,1.0,6.0,0,0,4
80.0,54.0,54.0,662.18524,1720.7657,0.0,265.32495,672.845,578.69556,449.47015,254.24313,18.145084,1.0,4.0,3,0,4
486.0,85.69662,94.84737,459.0,95.0,76.5,86.0,0.0,0.0,1733.8949,95.0,0.0,0.75,5.0,0,0,4
698.0,93.0,80.47818,610.80817,256.0,629.0,259.66666,0.0,0.0,5114.48,81.0,0.0,0.5,2.0,0,0,4
581.0,82.0,91.0,581.0,91.0,483.0,254.95746,0.0,0.0,3651.1987,91.0,0.0,0.5,2.0,0,0,4
610.0,82.515434,88.0,613.8032,91.0,600.7249,264.0,0.0,0.0,4071.1904,90.0,0.0,0.5,2.0,0,0,4
698.0,95.0,80.0,524.0,256.0,610.0,244.22865,0.0,0.0,4877.8926,85.09213,0.0,0.5,2.0,0,0,4
79.5,54.0,54.0,589.0,256.0,60.0,234.49371,21.279482,20.0,895.7882,192.27429,0.0,1.0,5.0,0,0,4
734.0,54.0,54.0,7455.498,97.0,60.0,562.0532,0.0,0.0,5214.0874,85.0,0.0,0.5,2.0,0,0,4
484.0,81.0,89.91693,552.0,93.0,366.8149,233.86197,0.0,0.0,2654.0105,91.97653,0.0,0.52377504,3.0,0,0,4
679.49084,74.0,60.0,952.6733,91.0,500.8738,348.9853,0.0,0.0,4788.751,85.0,0.0,0.5,2.0,0,0,4
60.0,54.0,54.0,610.0,1262.0,54.0,234.82039,560.69385,559.47797,461.6254,256.0,10.0,1.1635232,6.0,0,0,4
477.0,80.0,86.0,581.0,93.0,386.0087,245.66667,0.0,0.0,2692.615,92.0,0.0,0.5714286,3.0,0,0,4
76.5,55.0,60.0,524.0,256.0,60.0,208.33333,1.6912115,0.0,885.3706,179.86296,0.0,1.0,5.0,0,0,4
567.0,54.0,54.0,1784.0,848.0,60.0,349.90637,290.99734,273.82062,2560.3115,93.0,11.0,0.5994065,2.0,3,0,4
69.992966,74.0,80.0,492.6619,171.78572,60.0,120.122665,0.0,0.0,1088.6476,150.0,0.0,0.9782609,5.0,0,0,4
559.8074,54.0,54.0,786.0,256.0,60.0,307.8402,2.8710454,0.0,2630.4773,92.0,0.0,0.50283843,2.0,0,0,4
486.0,54.0,54.0,795.0,826.10095,60.0,299.41644,295.1843,190.2491,2560.0977,95.0,9.0,0.6666667,2.0,0,0,4
465.33432,54.0,54.0,795.0,970.938,60.0,298.57504,389.95886,379.22858,1761.8488,102.0,11.0,0.75,3.0,0,0,4
482.36417,85.0,93.0,460.6322,114.920074,76.5,86.0,0.0,0.0,1806.8234,95.0,0.0,0.85714287,5.0,0,0,4
734.0,95.0,80.0,610.0,256.0,631.02844,259.0,0.0,0.0,5457.944,80.48692,0.0,0.5,2.0,0,0,4
262.0,54.0,54.0,782.3367,1480.1854,1.7160801e-14,283.33334,671.8846,575.10596,1121.4087,205.95639,19.675718,0.9285714,4.0,3,0,4
737.06354,114.0,80.0,494.0,256.0,571.8335,215.45615,0.0,0.0,4892.6846,85.0,0.0,0.5,2.0,0,0,4
116.53415,54.0,54.0,615.4022,811.291,60.0,258.4,256.36145,170.1226,1305.3652,149.70657,2.0,0.85714287,4.0,0,0,4
114.833755,54.0,49.0,736.8139,1822.0,0.0,278.83575,1632.6874,608.3297,346.4529,256.0,49.928986,1.0,4.0,3,0,4
663.0,91.0,82.0,611.0,152.73965,614.45374,259.66666,0.0,0.0,4956.7334,83.0,0.0,0.5,2.0,0,0,4
734.0,74.0,60.0,2545.038,90.0,610.0,401.2113,0.0,0.0,5505.267,81.0,0.0,0.5,2.0,0,0,4
610.0,81.0,86.0,616.0,91.0,610.0,264.5787,0.0,0.0,4364.694,90.0,0.0,0.5,2.0,0,0,4
486.0,77.61539,95.0,306.2733,115.298,67.407585,86.0,0.0,0.0,1565.9259,95.0,0.0,0.8,5.0,0,0,4
89.77608,54.0,54.0,698.0,1789.0094,0.0,272.0,1457.6503,604.53827,448.634,256.0,29.451168,1.0,4.0,3,0,4
367.4854,54.0,54.0,698.0,814.91266,60.0,274.0,300.94708,303.14783,1908.3654,118.870735,7.0,0.8,3.0,0,0,4
80.0,54.0,54.0,616.0,848.0,60.0,258.4,414.84506,445.97263,1196.2108,216.04724,7.0,1.0,5.0,0,0,4
285.81018,60.0,74.0,611.0,103.01222,60.0,258.15057,0.0,0.0,2322.556,93.0,0.0,0.6666667,3.0,0,0,4
60.0,78.39159,86.0,477.0,170.84775,60.0,86.6,0.0,0.0,1020.49866,111.0,0.0,0.9464356,5.0,0,0,4
695.8985,74.0,60.0,1678.6288,91.0,552.0,362.34787,0.0,0.0,5087.077,83.0,0.0,0.5,2.0,0,0,4
60.0,60.0,86.0,180.0,256.0,60.0,78.0,26.870058,19.568779,596.3626,200.57185,0.0,1.3333334,10.0,0,0,4
698.0,91.0,80.0,662.3808,114.0,698.0,283.33334,0.0,0.0,5788.9604,80.0,0.0,0.5,2.0,0,0,4
757.0,114.0,77.74713,611.0,256.0,662.0,262.70068,0.0,0.0,5745.026,80.0,0.0,0.5,2.0,0,0,4
487.39218,80.0,82.0,611.5677,94.69961,477.0,258.4,0.0,0.0,3295.173,91.0,0.0,0.5,2.0,0,0,4
72.82448,54.0,54.0,524.0,307.7237,60.0,215.41841,257.82278,114.1235,851.3511,216.70732,0.0,1.0,5.0,0,0,4
617.0,74.0,78.0,695.5229,92.0,494.0,287.49966,0.0,0.0,4549.2314,86.0,0.0,0.5,2.0,0,0,4
707.0,94.122505,80.0,611.50726,256.0,632.0498,260.31195,0.0,0.0,5391.263,81.0,0.0,0.5,2.0,0,0,4
262.0,54.0,54.0,785.5161,1416.592,5.6833275e-14,286.38083,622.04065,567.78723,962.99396,177.8926,18.303139,0.85714287,3.0,3,0,4
611.5474,81.0,86.43208,629.0,90.0,611.0,265.0,0.0,0.0,4495.461,86.45337,0.0,0.5,2.0,0,0,4
597.3496,54.0,54.0,757.0,105.92241,60.0,298.41064,0.0,0.0,3977.5747,91.0,0.0,0.5,2.0,0,0,4
70.769585,54.0,49.0,663.0,1960.2782,0.0,265.0,2153.7507,659.1677,224.13103,262.57144,114.58565,1.294168,5.0,3,0,4
77.77628,54.0,54.0,610.0,848.0,60.0,245.66667,257.61865,288.38254,747.3993,230.56166,0.0,1.0,5.0,0,0,4
60.0,54.0,54.0,610.0,1262.0,54.0,239.33333,547.9365,551.28845,512.2689,256.0,10.0,1.2001668,6.0,0,0,4
262.0,54.0,54.0,734.0,1262.0,54.0,278.22226,461.44922,520.12354,1264.4297,175.59511,14.212478,0.9613057,3.0,0,0,4
65.28584,54.0,54.0,610.0,1209.1262,60.0,243.0,523.1911,533.9541,687.06866,256.0,9.0,1.0943586,5.8748264,0,0,4
523.0,54.0,54.0,916.4381,848.0,60.0,313.966,39.48148,66.60589,2215.8699,93.40579,8.0,0.6666667,2.0,0,0,4
262.0,54.0,54.0,684.64514,1204.9158,60.0,274.0,435.32587,489.6379,1340.4448,147.70367,13.0,0.75,3.0,0,0,4
757.0,93.36222,78.0,662.0,256.0,731.0662,283.33334,0.0,0.0,5986.314,78.57143,0.0,0.5,2.0,0,0,4
76.5,54.0,54.0,610.7959,881.3063,60.0,251.67961,418.38885,408.53165,805.4139,216.59161,5.0,1.0,5.0,0,0,4
446.0,54.0,54.0,663.0,217.55003,60.0,267.66666,21.279482,1.6729767,3396.793,93.0,0.0,0.6666667,3.0,0,0,4
617.0,77.847855,90.0,306.0,256.0,89.0,93.0,0.0,0.0,2298.823,92.0,0.0,0.6666667,4.0,0,0,4
811.0,86.0,76.0,2569.019,89.0,663.0,415.27274,0.0,0.0,5972.9634,80.0,0.0,0.49323002,2.0,0,0,4
264.2878,54.0,54.0,757.0,1262.0,54.0,281.6418,517.05756,533.6354,1519.1357,149.85382,15.0,0.85714287,3.0,3,0,4
663.0,83.0,81.0,683.0,90.0,629.0,295.75153,0.0,0.0,5289.126,86.0,0.0,0.5,2.0,0,0,4
610.0,74.0,76.59373,662.0,93.0,477.0,274.0,0.0,0.0,4203.8105,90.0,0.0,0.5,2.0,0,0,4
60.0,54.0,54.0,567.0,1262.0,54.0,216.88853,642.13727,567.78723,332.2333,256.0,10.0,1.3100543,7.0,0,0,4
613.0,80.49612,86.0,629.49347,91.0,610.0,267.66666,0.0,0.0,4431.97,86.0,0.0,0.5,2.0,0,0,4
774.8823,80.0,79.70585,2249.1738,86.0,629.0,414.44232,0.0,0.0,5692.8467,80.0,0.0,0.5,2.0,0,0,4
613.0,91.0,91.0,482.47302,146.0,262.0,133.47035,0.0,0.0,2592.165,91.0,0.0,0.5,3.0,0,0,4
89.146355,80.0,86.0,486.0,114.91474,78.95561,131.88701,0.0,0.0,1336.2451,103.525185,0.0,0.75,4.0,0,0,4
663.0,54.0,54.0,3902.461,98.80392,60.0,401.42688,0.0,0.0,4704.3965,86.0,0.0,0.5,2.0,0,0,4
680.9689,95.0,82.0,481.72122,256.0,478.0752,136.64081,0.0,0.0,4100.974,88.0,0.0,0.5,2.0,0,0,4
610.0,76.00837,80.0,642.1319,93.0,494.0,268.34073,0.0,0.0,4373.652,89.0,0.0,0.5,2.0,0,0,4
76.5,54.0,54.0,662.0,1785.6088,0.0,264.0,1251.6024,604.0808,315.3898,256.0,22.0,1.1727647,5.0,3,0,4
285.24078,54.0,54.0,811.0,1342.0,36.030117,298.0,647.3919,567.78864,1382.7344,165.5523,18.661255,0.85714287,3.0,3,0,4
707.0,93.0,80.0,617.0,256.0,663.0,267.01636,0.0,0.0,5458.5996,80.0,0.0,0.5,2.0,0,0,4
262.0,54.0,54.0,734.0,1300.9741,54.0,278.38776,619.9417,567.3664,1235.141,171.8173,17.0,0.85714287,4.0,3,0,4
611.0,82.0,87.88619,615.92065,91.0,597.1949,264.0,0.0,0.0,4411.9233,90.0,0.0,0.5,2.0,0,0,4
571.7692,54.0,51.83637,5264.9595,1138.7314,54.0,383.7192,463.3253,501.06146,2642.3313,95.0,17.0,0.6666667,2.0,3,0,4
567.0,80.0,82.50506,616.512,93.0,494.79272,264.0,0.0,0.0,3947.2769,90.0,0.0,0.5,2.0,0,0,4
92.0,54.0,54.0,641.0,1249.3235,54.0,264.0,471.85287,512.46954,887.0957,217.37741,10.991119,1.0,4.0,0,0,4
683.0,95.0,81.0,495.216,256.0,506.18878,215.13002,0.0,0.0,4407.3555,86.0,0.0,0.5,2.0,0,0,4
663.0,87.2,85.0,459.0,256.0,309.05496,100.45721,0.0,0.0,3847.429,90.54912,0.0,0.5,3.0,0,0,4
60.0,54.0,54.0,597.0,1262.0,54.0,225.33333,645.573,567.77325,453.91995,256.0,11.0,1.2960676,7.0,0,0,4
149.70601,54.0,55.0,610.0,239.91808,60.0,253.51839,1.6653423,0.0,1718.7332,99.51782,0.0,0.75,4.0,0,0,4
655.2129,82.0,83.0,663.0,90.0,617.0184,283.11478,0.0,0.0,5226.597,86.0,0.0,0.5,2.0,0,0,4
60.0,55.0,74.0,318.1418,369.35016,60.0,66.022415,476.4589,486.11316,450.0392,258.00266,0.0,1.4285715,12.0,0,0,4
589.0,80.0,81.0,629.0,91.0,523.0,265.0,0.0,0.0,4234.811,90.0,0.0,0.5,2.0,0,0,4
566.6548,81.0,86.0,610.94806,91.0,494.0,258.4,0.0,0.0,3912.297,91.0,0.0,0.5,2.0,0,0,4
617.0,90.0,88.66801,581.0,95.0,523.0,253.19833,0.0,0.0,4404.2944,89.7699,0.0,0.5,2.0,0,0,4
92.0,54.0,54.0,614.0,399.30438,60.0,258.4,247.0865,122.11401,1349.0057,171.78772,0.0,0.9788923,4.0,0,0,4
603.9398,80.0,80.0,629.0,92.0,486.0,266.66666,0.0,0.0,3784.1597,90.0,0.0,0.5,2.0,0,0,4
635.2582,55.0,54.0,814.98785,95.0,93.71453,326.1376,0.0,0.0,4409.863,88.0,0.0,0.5,2.0,0,0,4
552.0,82.0,90.0,599.7303,91.0,488.1707,258.4,0.0,0.0,3483.0469,91.0,0.0,0.5,2.0,0,0,4
630.7258,91.0,86.41264,484.0,256.0,304.3474,133.65306,0.0,0.0,3772.2375,91.0,0.0,0.5,3.0,0,0,4
320.0332,54.0,54.0,631.5169,256.0,60.0,264.0,21.06561,1.8084542,2578.8938,95.0,0.0,0.6666667,3.0,0,0,4
114.86436,54.0,54.0,613.0,578.2224,60.0,258.4,79.09956,81.65189,1225.9064,152.54721,0.0,0.85714287,4.0,0,0,4
317.38992,54.0,54.0,629.42017,198.69205,60.0,264.0,4.082937,0.0,2596.0117,95.0,0.0,0.6666667,3.0,0,0,4
262.0,54.0,54.0,662.0,848.0,60.0,265.0,408.44437,369.08313,1745.1864,147.67354,7.0,0.8,4.0,0,0,4
60.0,54.0,54.0,524.0,1253.8016,60.0,133.47055,559.36926,552.7032,327.20084,256.0,7.0,1.3116769,7.0,0,0,4
662.0,91.0,81.98606,617.0,95.0,641.0,266.9272,0.0,0.0,5077.695,85.0,0.0,0.5,2.0,0,0,4
663.0,93.441734,84.19192,524.0,256.0,523.0,223.87994,0.0,0.0,4420.713,86.0,0.0,0.5,2.0,0,0,4
262.0,54.0,54.0,629.0,650.45013,60.0,264.0,26.04067,36.216614,1228.5931,149.13759,0.0,0.85714287,3.0,0,0,4
366.77966,54.0,54.0,662.0,256.0,60.0,265.0,26.002054,19.5,2423.146,95.0,0.0,0.72431016,3.0,0,0,4
480.0,54.0,54.0,662.0,118.0,60.0,267.66666,0.0,0.0,2738.4133,93.0,0.0,0.6666667,3.0,0,0,4
92.0,77.58757,80.0,524.0,110.0,60.0,214.29153,0.0,0.0,1320.8062,102.0,0.0,0.75,4.0,0,0,4
734.99677,93.0,78.0,662.0,256.0,721.5714,283.33334,0.0,0.0,5902.6953,78.57143,0.0,0.5,2.0,0,0,4
610.0,85.0,90.69864,610.0,91.0,507.63458,258.4,0.0,0.0,3912.3333,91.0,0.0,0.5,2.0,0,0,4
795.0,76.0,74.0,5478.9023,86.0,613.0,469.79584,0.0,0.0,5692.7866,79.8,0.0,0.5,2.0,0,0,4
76.5,54.0,54.0,641.0,1773.3314,0.0,263.1294,1062.6562,591.3945,359.59967,256.0,18.0,1.1,5.0,3,0,4
644.0,60.0,74.0,785.8212,91.0,503.0,312.5007,0.0,0.0,4961.791,86.0,0.0,0.5,2.0,0,0,4
662.0,74.0,74.0,757.0,91.0,494.0,313.5181,0.0,0.0,4511.947,86.0,0.0,0.5,2.0,0,0,4
614.0,54.0,54.0,5024.02,256.0,60.0,400.22015,22.896395,18.890894,3912.2764,91.0,7.0,0.5,2.0,0,0,4
662.0,91.0,85.0,613.0,112.859375,614.5814,263.94092,0.0,0.0,4917.6235,85.20712,0.0,0.5,2.0,0,0,4
77.982956,54.0,49.0,694.4469,1866.7117,0.0,267.67355,1732.3884,643.04816,225.25566,256.0,88.870155,1.1078855,5.0,3,0,4
446.0,54.0,54.0,736.29047,848.0,60.0,283.33334,247.0865,193.37796,1725.7872,102.0,7.3807354,0.75,3.0,0,0,4
483.5691,60.0,74.0,617.0,95.0,114.0,263.8431,0.0,0.0,3908.8918,91.0,0.0,0.51283467,2.0355997,0,0,4
90.0,67.661095,91.0,306.0801,206.5634,60.0,81.0,0.0,0.0,1231.2384,102.0,0.0,1.0,7.0,0,0,4
632.06476,91.0,86.0,523.0,248.0,477.0,216.50668,0.0,0.0,3911.227,90.0,0.0,0.5,2.0,0,0,4
60.0,54.0,54.0,524.0,1262.0,59.176098,133.87706,652.8023,567.78894,323.3335,260.70584,9.0,1.3575944,8.0,0,0,4
582.2496,54.0,54.0,801.4423,150.0,60.0,309.66666,0.0,0.0,3888.1462,91.06013,0.0,0.5,2.0,0,0,4
90.0,80.0,86.0,498.0,101.04308,80.0,136.52756,0.0,0.0,1737.2811,100.0,0.0,0.76582056,4.0,0,0,4
159.17497,54.0,54.0,616.0,256.0,60.0,258.4,26.870058,20.0,1691.7834,135.48305,0.0,0.8,4.0,0,0,4
644.0,93.0,86.0,479.2622,256.0,276.5126,128.29428,0.0,0.0,3680.5852,91.0,0.0,0.5,3.0,0,0,4
484.70575,54.0,54.0,811.0,848.0,60.0,301.32446,168.54999,122.84688,1934.6862,95.0,9.0,0.6666667,2.0,0,0,4
429.8574,54.0,54.0,638.462,248.0,60.0,265.0,0.0,0.0,2284.6736,93.0,0.0,0.6666667,3.0,0,0,4
662.0,80.0,81.0,701.62,90.0,611.0,299.0,0.0,0.0,4901.035,85.80269,0.0,0.5,2.0,0,0,4
60.0,54.0,54.0,611.0,1514.0,51.643703,243.0,1252.4131,595.5511,315.54498,256.0,16.410236,1.2857143,6.0,3,0,4
114.89392,54.0,54.0,613.0,256.0,60.0,258.4,26.870058,29.87943,1483.8003,149.0646,0.0,0.85679406,4.0,0,0,4
698.0,60.0,55.0,1784.0,91.0,484.0,380.00507,0.0,0.0,4901.7026,82.88179,0.0,0.5,2.0,0,0,4
262.0,54.0,54.0,698.0,1055.6989,54.810677,272.71667,489.44974,517.9485,1699.712,167.32129,13.0,0.9285714,4.0,0,0,4
73.262665,54.0,54.0,614.0,1262.0,54.0,257.57095,672.96326,570.2964,729.3169,256.0,14.0,1.2216191,6.0,0,0,4
486.0,80.0,82.0,612.0,93.0,480.0,258.4,0.0,0.0,3677.5774,91.0,0.0,0.5,2.0,0,0,4
494.0,80.0,86.0,610.0,93.0,478.56876,258.4,0.0,0.0,3901.5632,91.0,0.0,0.5,2.0,0,0,4
76.94359,54.0,54.0,641.0,1779.7607,0.0,264.0,1198.5963,594.72894,344.2842,256.0,19.256382,1.0,5.0,3,0,4
74.0,54.0,54.0,617.0,1342.0,54.0,258.4,669.0918,575.57587,565.914,256.0,15.0,1.2744658,5.0,0,0,4
721.5714,81.0,80.0,811.0,86.0,641.0,348.00998,0.0,0.0,5598.8706,86.0,0.0,0.5,2.0,0,0,4
751.9658,95.0,79.0,610.0,256.0,644.0,259.66666,0.0,0.0,5692.475,80.0,0.0,0.5,2.0,0,0,4
114.82244,76.0,81.23985,524.0,100.0,90.0,215.58577,0.0,0.0,2469.4583,95.0,0.0,0.75,4.0,0,0,4
629.0,91.0,88.88884,509.60117,178.60905,446.0,214.33333,0.0,0.0,3903.129,91.0,0.0,0.5,2.0,0,0,4
783.9173,54.0,54.0,7411.9272,91.0,494.0,575.81323,0.0,0.0,5507.0796,80.0,0.0,0.5,2.0,0,0,4
71.81623,60.0,79.75529,523.0,169.86067,60.0,133.34306,18.834808,0.0,1740.3325,118.0,0.0,1.0,6.0,0,0,4
125.69365,54.0,54.0,613.0,318.0,60.0,258.4,26.870058,35.7986,1307.9406,149.1493,0.0,0.8442808,4.0,0,0,4
448.8228,54.0,55.0,629.0,111.0,60.0,264.0,0.0,0.0,2647.11,92.0,0.0,0.6,3.0,0,0,4
581.0,79.0,81.0,629.0,91.0,523.0,265.0,0.0,0.0,4404.3667,90.0,0.0,0.5,2.0,0,0,4
243.34871,54.0,60.0,610.0,150.0,60.0,256.33334,1.7166452,0.0,2020.1093,95.0,0.0,0.6666667,4.0,0,0,4
734.0,95.0,80.0,612.0,256.0,644.0,263.9961,0.0,0.0,5454.0723,80.0,0.0,0.5,2.0,0,0,4
60.0,54.0,54.0,524.0,286.46252,60.0,210.27301,151.95886,92.868195,732.6718,247.92079,0.0,1.008841,6.0,0,0,4
566.1194,74.0,79.0,629.0,95.0,262.0,265.0,0.0,0.0,3911.4395,91.0,0.0,0.5,2.0,0,0,4
715.8603,74.0,60.0,1784.0,91.0,567.0,382.46213,0.0,0.0,4987.2656,81.0,0.0,0.5,2.0,0,0,4
612.0,78.333336,91.0,307.7885,248.0,80.0,91.0,0.0,0.0,1915.3527,93.0,0.0,0.6666667,4.0,0,0,4
262.0,54.0,54.0,662.0,848.0,60.0,265.0,279.76303,271.42197,1532.5636,147.72232,5.0,0.8,3.0,0,0,4
629.20337,91.0,88.0,480.0,256.0,262.0,113.62151,0.0,0.0,3708.594,91.0,0.0,0.5,3.0,0,0,4
641.0,54.0,54.0,5683.654,206.45033,60.0,415.27274,0.0,0.0,4404.3696,91.0,0.0,0.5,2.0,0,0,4
643.03467,81.0,86.0,663.0,88.59256,613.0,281.0,0.0,0.0,4898.778,86.0,0.0,0.5,2.0,0,0,4
65.94975,54.0,54.0,612.69995,1262.0,54.0,245.66667,577.82,561.34985,729.4016,256.0,10.003345,1.2458235,6.0,0,0,4
480.0,82.0,91.0,491.08948,95.0,80.0,132.6679,0.0,0.0,2366.9104,95.0,0.0,0.75,4.0,0,0,4
613.0,54.0,54.0,785.3051,95.0,90.0,302.5792,0.0,0.0,4455.0996,90.54525,0.0,0.5,2.0,0,0,4
581.0,54.0,54.0,1784.0,307.90085,60.0,346.44058,26.398653,20.0,2755.4607,92.211395,7.0,0.6666667,2.0,0,0,4
80.0,54.0,54.0,632.9427,1085.7214,56.132187,259.66666,485.18808,526.91833,1021.2437,241.94254,10.0,1.0,5.0,0,0,4
629.6382,54.0,54.0,1784.0,104.0,60.0,362.23843,0.0,0.0,4404.2085,90.0,0.0,0.5,2.0,0,0,4
76.5,54.0,54.0,573.62225,646.3807,60.0,224.2084,248.57938,179.50142,732.53973,237.2408,0.0,1.0,5.0,0,0,4
262.0,54.0,54.0,629.0,305.0138,60.0,263.524,26.870058,36.091206,1594.0875,125.58795,0.0,0.75646627,3.0,0,0,4
76.5,54.0,54.0,597.0,848.0,60.0,233.98792,389.95886,362.7886,736.3396,245.80437,3.0,1.0,5.0,0,0,4
698.0,95.0,80.750175,524.0,256.0,572.178,227.49838,0.0,0.0,4711.676,86.0,0.0,0.5,2.0,0,0,4
734.0,95.0,80.0,613.0,256.0,662.0,264.0,0.0,0.0,5470.7725,80.0,0.0,0.5,2.0,0,0,4
641.0,86.0,84.96591,648.6763,91.0,624.3766,274.0,0.0,0.0,4939.1777,86.0,0.0,0.5,2.0,0,0,4
662.0,93.0,86.0,523.0,256.0,483.38058,215.33333,0.0,0.0,4067.8433,90.0,0.0,0.5,2.0,0,0,4
630.74347,74.0,74.0,757.0,91.0,495.26993,307.86826,0.0,0.0,4891.261,86.0,0.0,0.5,2.0,0,0,4
80.0,55.0,60.0,567.0,150.0,60.0,223.66667,1.5744146,0.0,1661.5658,147.70207,0.0,0.85714287,4.837491,0,0,4
614.0,54.0,54.0,2510.127,256.0,60.0,373.15222,0.5362458,0.0,3901.55,91.0,1.0,0.5,2.0,0,0,4
76.5,54.0,54.0,611.0,1087.9639,60.0,251.58421,432.16537,497.76663,571.1942,254.82996,7.0,1.0,5.0,0,0,4
696.4554,60.0,55.0,1784.0,91.0,484.0,364.51123,0.0,0.0,4901.182,85.0,0.0,0.5,2.0,0,0,4
80.0,54.0,54.0,663.0,1458.3917,25.537733,265.0,836.53253,576.9243,729.35455,248.0,17.0,1.0,4.0,3,0,4
611.0,54.0,54.0,4122.143,256.0,60.0,377.9963,219.68617,37.132694,3979.5837,91.333336,9.0,0.5,2.0,0,0,4
698.0,95.0,81.0,523.0,256.0,536.87305,218.9498,0.0,0.0,4538.07,86.0,0.0,0.5,2.0,0,0,4
702.4379,60.0,60.0,1784.0,91.0,523.0,384.2569,0.0,0.0,5170.44,81.0,0.0,0.5,2.0,0,0,4
589.0,74.0,75.06762,644.0,95.0,262.0,269.5314,0.0,0.0,3980.803,90.242424,0.0,0.5,2.0,0,0,4
92.0,54.0,54.0,617.0,848.0,60.0,258.4,389.95886,364.7191,1328.9515,169.43452,6.498255,0.85714287,4.0,0,0,4
115.51606,55.0,60.0,588.91595,150.0,60.0,240.30289,0.0,0.0,1518.7496,115.43807,0.0,0.7823783,4.0,0,0,4
465.33417,54.0,49.0,1882.9783,1514.0,0.0,345.93088,718.731,576.32764,1484.1256,149.15671,27.797123,0.79216635,3.0,3,0,4
493.25717,55.0,60.0,630.6502,102.0,60.0,265.0,0.0,0.0,3240.0818,91.333336,0.0,0.5,2.0,0,0,4
312.90952,54.0,54.0,698.0,903.23193,60.0,274.0,320.7263,361.0,1591.5911,129.5099,9.0,0.75,3.0,0,0,4
117.384575,54.0,54.0,655.82654,1199.4512,54.0,264.1066,389.95886,492.9828,756.8111,227.13206,10.0,1.0,4.0,0,0,4
89.0,80.0,86.0,496.66864,101.42175,80.0,136.77881,0.0,0.0,1498.6571,101.01019,0.0,0.75,4.0,0,0,4
475.2708,54.0,50.551807,1784.0,1410.2485,4.0063374e-14,334.34903,655.7337,568.0068,1697.985,133.54033,22.0,0.75,3.0,3,0,4
76.5,76.0,81.0,488.10373,149.37808,60.0,129.08853,0.0,0.0,1086.2367,111.0,0.0,0.85714287,5.0,0,0,4
60.0,54.0,60.0,524.0,256.0,60.0,136.51729,309.6998,91.64403,1688.0897,239.80518,0.0,1.1,7.0,0,0,4
446.0,54.0,54.0,858.8851,1065.4432,54.0,303.94998,448.16577,493.89178,1760.8602,115.11933,14.0,0.75,3.0,0,0,4
644.0,87.2,86.0,459.0,256.0,262.0,94.47532,0.0,0.0,3494.502,91.0,0.0,0.5,3.0,0,0,4
60.0,54.0,54.0,613.0,1826.3535,0.0,254.15079,1749.0701,642.7034,225.14973,317.78766,32.122326,1.3333334,7.0,3,0,4
610.0,90.0,91.0,494.0,95.0,262.0,208.33333,0.0,0.0,2639.952,91.333336,0.0,0.51096916,3.0,0,0,4
698.0,91.0,80.0,659.5322,146.0,697.026,281.0,0.0,0.0,5773.171,80.0,0.0,0.5,2.0,0,0,4
663.0,91.0,81.0,611.0,146.0,613.0,259.0,0.0,0.0,5222.05,85.76158,0.0,0.5,2.0,0,0,4
632.8913,87.81601,86.0,616.0,93.0,613.0,264.33334,0.0,0.0,4830.034,86.0,0.0,0.5,2.0,0,0,4
262.0,54.0,54.0,662.0,931.9476,60.0,265.0,389.95886,375.14847,1486.0776,149.54657,8.633367,0.85714287,4.0,0,0,4
698.0,93.041725,80.0,612.0,256.0,638.27496,263.22122,0.0,0.0,5328.922,81.0,0.0,0.5,2.0,0,0,4
262.0,81.0,86.0,524.0,95.0,262.0,218.11456,0.0,0.0,1759.1089,93.0,0.0,0.6666667,3.0,0,0,4
446.0,54.0,54.0,632.0908,150.0,60.0,264.33334,0.0,0.0,2302.0198,93.0,0.0,0.6666667,3.0,0,0,4
541.25165,60.0,74.0,641.0,95.0,146.0,266.66666,0.0,0.0,3914.706,91.0,0.0,0.5,2.0,0,0,4
482.7004,54.0,54.0,663.0,248.0,60.0,272.0,1.6824207,0.0,2654.3118,93.0,0.0,0.6666667,2.0,0,0,4
611.0,77.9072,91.0,309.0,248.0,80.0,91.0,0.0,0.0,2122.9788,93.0,0.0,0.6666667,4.0,0,0,4
149.09135,54.0,54.0,610.0,256.0,60.0,253.83333,0.0,0.0,1251.2101,120.42985,0.0,0.75,4.0,0,0,4
557.7454,54.0,54.0,757.0,118.0,60.0,289.47464,0.0,0.0,3906.4216,92.0,0.0,0.6,2.0,0,0,4
381.94666,54.0,54.0,1003.97003,1313.9934,54.0,309.66666,609.38324,567.30237,1490.4287,149.07529,18.241896,0.7710952,3.0,3,0,4
614.0,81.0,86.0,639.1252,90.08011,611.0,267.66666,0.0,0.0,4494.4214,86.0,0.0,0.5,2.0,0,0,4
589.0,74.0,77.60852,644.0,95.0,262.0,269.40247,0.0,0.0,4096.449,90.0,0.0,0.5,2.0,0,0,4
611.9869,55.0,55.0,707.0,95.0,94.20697,288.6715,0.0,0.0,4365.3936,90.093506,0.0,0.5,2.0,0,0,4
690.5123,102.49417,81.0,479.61942,256.0,465.34122,132.81552,0.0,0.0,4186.727,88.420494,0.0,0.5,2.0,0,0,4
753.7293,91.0,78.57143,704.8858,102.0,698.8133,313.14124,0.0,0.0,5881.6553,80.0,0.0,0.5,2.0,0,0,4
498.0,54.0,54.0,663.0,228.16705,60.0,274.0,0.0,0.0,2304.548,92.0,0.0,0.5,2.0,0,0,4
611.1869,80.0,82.0,641.0,91.0,567.0,267.66666,0.0,0.0,4378.6934,87.86777,0.0,0.5,2.0,0,0,4
69.62166,54.0,55.0,524.0,256.0,60.0,210.66483,26.398653,20.0,733.7836,228.44041,0.0,1.0,5.0,0,0,4
644.0,90.0,86.0,612.0,95.0,610.0,259.0,0.0,0.0,4779.549,86.0,0.0,0.5,2.0,0,0,4
632.8339,54.0,54.0,5147.5464,256.0,60.0,402.75745,4.5154204,0.0,4365.832,90.78147,3.0,0.5,2.0,0,0,4
617.0,90.0,90.0,524.0,95.0,480.0,229.01942,0.0,0.0,4020.81,90.917564,0.0,0.5,2.0,0,0,4
610.1582,71.7966,91.0,234.35016,248.0,76.5,91.0,0.0,0.0,1759.0514,95.0,0.0,0.6666667,5.0,0,0,4
615.9161,88.190926,89.0,589.0,95.0,552.0,258.24762,0.0,0.0,4186.371,90.0,0.0,0.5,2.0,0,0,4
117.17068,54.0,49.430725,737.4368,1801.1825,0.0,280.80844,1537.474,606.47723,454.4654,255.77696,35.717213,1.0,4.0,3,0,4
613.0,72.70873,60.0,664.07904,93.33852,262.0,281.0,0.0,0.0,4127.307,90.0,0.0,0.5,2.0,0,0,4
663.0,84.54476,81.0,698.0,90.0,629.0,298.2796,0.0,0.0,5333.247,86.0,0.0,0.5,2.0,0,0,4
641.0,54.0,54.0,1464.1199,97.0,60.0,344.91287,0.0,0.0,4404.074,89.0,0.0,0.5,2.0,0,0,4
480.0,54.0,54.0,663.0,150.0,60.0,267.66666,0.0,0.0,3038.7708,93.0,0.0,0.6666667,3.0,0,0,4
172.91295,54.0,54.0,613.0,256.0,60.0,258.4,21.279482,16.5,1715.3458,117.07479,0.0,0.75959826,4.0,0,0,4
663.0,91.0,83.0,611.0,146.0,613.0,259.0,0.0,0.0,4877.6196,86.0,0.0,0.5,2.0,0,0,4
76.5,74.0,80.0,523.0,131.96481,60.0,197.92485,0.0,0.0,1403.7762,118.0,0.0,0.8,5.0,0,0,4
76.5,54.0,54.0,610.0,848.0,60.0,243.1966,318.166,359.15372,735.35895,231.58235,2.0,1.0,5.0,0,0,4
678.5052,74.0,60.0,1378.9845,91.0,523.0,349.39893,0.0,0.0,4940.403,86.0,0.0,0.5,2.0,0,0,4
521.5056,54.0,54.0,786.0,256.0,60.0,299.0,21.06561,16.5,2519.5774,93.0,3.0,0.6666667,2.0,0,0,4
79.5,60.0,74.0,524.0,150.0,60.0,213.9765,0.0,0.0,1298.2736,149.21971,0.0,0.8892242,5.0,0,0,4
663.0,90.0,81.0,662.0,95.0,662.7509,280.30103,0.0,0.0,5330.009,83.0,0.0,0.5,2.0,0,0,4
663.0,91.0,81.0,629.0,95.0,653.73206,267.66666,0.0,0.0,5009.823,84.705154,0.0,0.5,2.0,0,0,4
60.0,54.0,54.0,524.0,1514.0,54.0,126.39768,1677.5228,607.6296,225.23074,326.13535,15.0,1.4285715,9.782229,0,0,4
641.0,55.0,54.0,811.0,95.0,114.0,323.66666,0.0,0.0,4411.1587,86.49953,0.0,0.5,2.0,0,0,4
811.0,81.0,78.0,4317.116,82.0,654.9863,427.51935,0.0,0.0,5900.6475,81.380516,0.0,0.5,2.0,0,0,4
465.35577,54.0,54.0,661.0677,150.0,60.0,266.38892,0.0,0.0,2626.7207,93.0,0.0,0.6666667,3.0,0,0,4
589.0,86.0,91.0,523.0,93.0,262.0,208.33333,0.0,0.0,3198.1946,92.0,0.0,0.6666667,3.0,0,0,4
262.0,54.0,54.0,757.0,1436.0906,3.2427301,281.0,874.1799,576.31244,1253.9845,197.71483,19.750385,0.9009881,4.0,3,0,4
629.925,90.0,86.0,589.0,95.0,552.0,256.33334,0.0,0.0,4495.405,88.0,0.0,0.5,2.0,0,0,4
262.0,74.0,76.628,589.0,100.0,60.0,243.0,0.0,0.0,2261.944,95.0,0.0,0.75,4.0,0,0,4
644.0,89.0,86.0,613.0,95.0,613.0,264.0,0.0,0.0,4969.9663,86.0,0.0,0.5,2.0,0,0,4
711.7574,93.0,80.0,617.0,256.0,664.8669,267.66666,0.0,0.0,5511.7153,80.0,0.0,0.5,2.0,0,0,4
480.0,54.0,54.0,734.0,298.66678,60.0,283.33334,28.53923,32.741104,2465.994,95.0,3.0,0.6666667,2.9804702,0,0,4
494.0,54.0,54.0,713.55615,256.0,60.0,283.33334,9.715743,1.6647496,2686.63,93.0,0.0,0.6666667,2.0,0,0,4
481.41165,55.0,55.0,632.14734,104.0,60.0,265.0,0.0,0.0,3133.3308,92.0,0.0,0.6666667,2.0,0,0,4
262.0,54.0,54.0,662.0,327.66238,60.0,266.66666,278.13663,115.07393,1908.1431,110.47073,3.0,0.75,3.0,0,0,4
698.0,95.0,81.0,510.038,256.0,523.961,215.62035,0.0,0.0,4627.4854,86.0,0.0,0.5,2.0,0,0,4
60.0,76.0,86.0,459.0,220.3885,60.0,77.98217,6.4243755,0.0,1026.9352,129.65189,0.0,1.0,7.0,0,0,4
262.0,54.0,55.0,613.0,150.86732,60.0,258.4,0.36491635,0.0,1898.7,95.0,0.0,0.6666667,3.0,0,0,4
494.0,54.0,54.0,1780.8229,1123.7479,54.0,327.74026,442.38177,486.94754,1957.7999,95.0,15.0,0.6666667,2.0,3,0,4
309.0,80.0,86.0,567.0,95.0,262.0,229.33333,0.0,0.0,2710.032,92.0,0.0,0.6666667,3.0,0,0,4
614.0,54.0,54.0,1182.8462,104.0,60.0,327.66666,0.0,0.0,4312.157,91.0,0.0,0.5,2.0,0,0,4
610.0,86.0,91.0,567.0,92.0,446.0,234.11064,0.0,0.0,3970.016,91.0,0.0,0.5,3.0,0,0,4
80.0,54.0,54.0,613.0,970.403,60.0,258.4,389.95886,402.8216,736.9965,207.73079,7.0,0.9451622,4.0,0,0,4
581.0,77.0,80.0,630.8003,93.0,494.0,266.66666,0.0,0.0,4404.118,90.0,0.0,0.5,2.0,0,0,4
567.0,86.0,91.29878,524.0,93.0,262.0,214.33333,0.0,0.0,2763.3335,92.0,0.0,0.6,3.0,0,0,4
617.0,90.0,88.567795,567.0,95.0,540.97986,253.05905,0.0,0.0,4058.5078,89.0,0.0,0.5,2.0,0,0,4
73.96537,54.0,51.971355,662.0,1826.5267,0.0,264.0,1697.8553,639.45703,247.36276,256.0,39.54007,1.2957345,5.0,3,0,4
480.43463,54.0,54.0,663.0,248.0,60.0,272.0,9.0,0.0,2858.2214,92.0,0.0,0.5880325,2.0,0,0,4
663.0,88.0,81.0,662.0,92.0,654.0247,281.0,0.0,0.0,5258.3022,85.89523,0.0,0.5,2.0,0,0,4
610.0,86.0,91.0,524.0,93.0,398.9246,224.30779,0.0,0.0,3194.9575,91.0,0.0,0.5,3.0,0,0,4
613.0,54.0,54.0,757.0,102.0,60.0,309.66666,0.0,0.0,3953.0854,91.0,0.0,0.5,2.0,0,0,4
683.0,95.0,81.0,486.0,256.0,486.0,208.33333,0.0,0.0,4270.137,86.503204,0.0,0.5,2.0,0,0,4
662.0,78.0,80.0,756.049,90.978485,610.0,309.7456,0.0,0.0,5010.1177,85.0,0.0,0.5,2.0,0,0,4
589.0,74.0,77.0,644.0,93.0,309.0,267.66666,0.0,0.0,4175.75,90.24475,0.0,0.5,2.0,0,0,4
612.0,88.0,90.0146,573.24304,93.0,497.3173,252.66667,0.0,0.0,3859.549,91.0,0.0,0.5,2.0,0,0,4
734.0,91.0,78.85385,698.0,96.921196,698.0,309.66666,0.0,0.0,5785.631,80.0,0.0,0.5,2.0,0,0,4
617.0,54.0,54.0,3313.6462,244.26399,60.0,380.74884,0.0,0.0,4098.968,91.0,0.0,0.5,2.0,0,0,4
485.94403,78.0,80.0,611.41364,95.0,262.0,258.56226,0.0,0.0,2568.3967,91.0,0.0,0.5,2.0,0,0,4
523.0,54.0,54.0,813.9699,256.0,60.0,309.66666,21.342737,20.0,2595.522,93.0,3.0,0.6666667,2.0,0,0,4
262.0,85.01518,91.0,477.0,102.0,76.5,87.2,0.0,0.0,1628.3137,95.0,0.0,0.7781722,5.0,0,0,4
60.0,54.0,54.0,524.0,1262.0,60.0,133.10686,664.6955,567.78723,343.1454,256.0,9.0,1.3265561,7.1032257,0,0,4
477.0,54.0,54.0,662.0,256.0,60.0,267.66666,0.0,0.0,1727.3566,93.0,0.0,0.6666667,2.0,0,0,4
663.0,91.0,83.652725,593.72516,240.09096,595.3253,258.4,0.0,0.0,4947.049,86.0,0.0,0.5,2.0,0,0,4
816.0286,77.0,74.0,7075.5317,86.0,619.1281,581.1993,0.0,0.0,5906.846,78.0,0.0,0.5,2.0,0,0,4
682.1075,91.0,80.0,641.0,102.0,663.0,274.0,0.0,0.0,5490.3076,81.0,0.0,0.5,2.0,0,0,4
696.2419,80.0,81.0,786.0,90.0,612.0,328.24374,0.0,0.0,5087.0566,81.0,0.0,0.5,2.0,0,0,4
262.0,54.0,54.0,616.5322,201.0051,60.0,259.0,0.0,0.0,1899.5251,95.0,0.0,0.6666667,3.0,0,0,4
591.1813,55.0,55.0,663.0,97.0,85.0,281.0,0.0,0.0,3904.506,91.0,0.0,0.5,2.0,0,0,4
613.0,54.0,54.0,757.0,95.0,90.0,300.56415,0.0,0.0,4402.981,90.0,0.0,0.5,2.0,0,0,4
493.9663,54.0,54.0,663.0,256.0,60.0,274.0,0.0,0.0,2288.392,92.0,0.0,0.5542164,2.0,0,0,4
663.0,54.0,54.0,6251.626,150.0,60.0,416.47253,0.0,0.0,4395.2207,88.81083,0.0,0.5,2.0,0,0,4
641.0,74.0,74.0,734.0,93.0,483.0383,309.37344,0.0,0.0,4501.7485,86.0,0.0,0.5,2.0,0,0,4
398.88916,54.0,49.0,1780.9229,1774.2542,0.0,324.25497,876.3663,581.8074,1290.2555,149.80197,29.531557,0.75718963,3.0,3,0,4
523.0,60.0,60.0,629.0,97.0,89.56521,265.0,0.0,0.0,3199.4717,91.0,0.0,0.5,2.0,0,0,4
262.0,79.84089,86.0,524.0,97.0,115.210045,213.33333,0.0,0.0,2470.583,95.0,0.0,0.6871773,4.0,0,0,4
563.5688,86.0,93.0,493.4191,93.0,125.9031,133.4741,0.0,0.0,2640.7427,93.0,0.0,0.6666667,4.0,0,0,4
60.0,62.192944,86.0,262.0,256.0,60.0,77.0,21.279482,16.5,609.82306,200.85822,0.0,1.2899524,8.0,0,0,4
663.0,78.0,79.0,785.32184,90.0,610.0,323.00067,0.0,0.0,4911.2812,83.54506,0.0,0.5,2.0,0,0,4
392.43393,54.0,54.0,629.0,185.48169,60.0,264.0,0.0,0.0,1762.9847,95.0,0.0,0.6666667,3.0,0,0,4
698.0,93.58837,80.0,610.0,256.0,629.0,259.0,0.0,0.0,5266.171,81.0,0.0,0.5,2.0,0,0,4
60.0,54.0,54.0,524.0,848.0,60.0,133.00226,416.98343,457.34045,609.18854,256.0,0.0,1.3515735,7.0,0,0,4
610.0,54.0,54.0,1681.14,216.5361,60.0,330.34857,1.9743727,0.0,3966.327,91.0,0.0,0.5,2.0,0,0,4
60.0,54.0,54.0,613.66455,1822.0,0.0,257.33334,1730.453,639.5883,225.18816,271.33044,26.892666,1.3212129,6.9392805,3,0,4
73.3974,54.0,54.0,589.0,402.45206,60.0,224.85934,389.95886,361.0,1320.2004,243.2406,0.0,1.0287277,6.0,0,0,4
262.0,82.0,91.0,480.13586,95.0,79.5,87.2,0.0,0.0,1684.8445,95.0,0.0,0.75,4.0,0,0,4
662.0,74.0,74.0,769.9701,91.0,498.0,316.48605,0.0,0.0,4642.19,86.0,0.0,0.5,2.0,0,0,4
60.0,54.0,54.0,597.0,1876.2302,0.0,225.04584,2500.4246,659.41925,126.29677,348.8254,58.454678,1.4285715,8.0,3,0,4
126.10941,55.0,60.0,597.0,152.15738,60.0,243.34074,0.0,0.0,1707.9417,114.925804,0.0,0.75,4.0,0,0,4
494.0,54.0,54.0,1634.0645,942.145,60.0,322.70718,332.43695,361.0,2304.5586,95.0,11.0,0.6666667,2.0,0,0,4
641.0,54.0,54.0,1784.0,104.0,60.0,364.37036,0.0,0.0,4185.425,89.55832,0.0,0.5,2.0,0,0,4
683.0,54.0,54.0,7419.4243,111.0,60.0,472.08383,0.0,0.0,4686.344,86.31963,0.0,0.5,2.0,0,0,4
149.34653,54.0,54.0,610.0,248.04143,60.0,254.56245,0.0,0.0,1516.7607,115.09133,0.0,0.75457925,4.0,0,0,4
774.63226,114.0,74.0,617.0,256.0,698.0,267.66666,0.0,0.0,5988.13,78.57143,0.0,0.5,2.0,0,0,4
714.6327,54.0,54.0,5118.3457,93.0,262.0,415.27274,0.0,0.0,5291.3394,82.0,0.0,0.5,2.0,0,0,4
149.10979,54.0,54.0,617.0,848.0,60.0,259.66666,256.62955,211.70923,1234.0269,149.17,3.0,0.8,4.0,0,0,4
486.0,81.0,91.0,524.0,93.0,262.0,214.11127,0.0,0.0,2632.2988,93.0,0.0,0.6666667,3.0,0,0,4
696.0248,81.0,81.0,757.0,86.0,617.0,321.1396,0.0,0.0,5295.397,86.0,0.0,0.5,2.0,0,0,4
629.0,54.0,54.0,1784.0,104.0,60.0,357.76862,0.0,0.0,4409.109,90.0,0.0,0.5,2.0,0,0,4
60.0,70.41497,86.0,313.268,247.01947,60.0,78.0,5.690285,0.0,901.50934,118.0,0.0,1.0940797,7.0,0,0,4
493.32175,78.0,81.0,613.0,95.0,262.0,259.0,0.0,0.0,3205.274,91.0,0.0,0.5,2.0,0,0,4
60.0,54.0,54.0,524.0,414.8843,60.0,171.0,371.1157,361.0,736.62775,256.0,0.0,1.2984502,7.0,0,0,4
795.0,78.0,76.0,5430.705,86.0,617.0,470.4977,0.0,0.0,5810.5903,78.57143,0.0,0.5,2.0,0,0,4
567.0,85.0,93.0,459.0,95.0,78.2407,88.0,0.0,0.0,1911.7644,95.0,0.0,0.7060908,5.0,0,0,4
698.0,86.0,80.0,698.0,91.0,662.0,306.68106,0.0,0.0,5476.5244,83.0,0.0,0.5,2.0,0,0,4
476.9106,80.0,88.0,524.0,95.0,262.0,218.91745,0.0,0.0,2654.5007,93.0,0.0,0.6666667,4.0,0,0,4
497.46472,77.5028,93.77909,290.8465,102.0,70.935814,90.0,0.0,0.0,1495.2393,102.0,0.0,0.76634467,5.0,0,0,4
527.50775,54.0,54.0,1708.6633,848.0,60.0,327.66666,316.0833,287.75876,2651.0632,93.0,10.0,0.6666667,2.0,0,0,4
489.76373,79.0,82.23658,612.84894,93.0,483.0,258.45206,0.0,0.0,3842.5417,91.0,0.0,0.5,2.0,0,0,4
597.0,54.0,54.0,786.0,150.0,60.0,309.66666,0.0,0.0,3294.7708,91.0,0.0,0.5,2.0,0,0,4
262.0,74.0,77.0,610.0,97.0,89.0,253.54945,0.0,0.0,2654.2947,93.0,0.0,0.6666667,3.0,0,0,4
610.0,54.0,54.0,1326.2765,111.0,60.0,322.01028,0.0,0.0,4110.578,91.0,0.0,0.5,2.0,0,0,4
641.0,88.69,86.0,614.0,95.0,613.0,264.0,0.0,0.0,4957.6987,86.0,0.0,0.5,2.0,0,0,4
93.197876,78.0,86.0,506.24493,110.373985,79.5,133.84373,0.0,0.0,1948.7628,99.101135,0.0,0.8,5.0,0,0,4
734.7362,95.0,80.0,610.0,256.0,629.0,258.57144,0.0,0.0,5593.629,80.0,0.0,0.5,2.0,0,0,4
60.0,54.0,54.0,582.4316,1312.6729,54.0,223.66667,1186.7346,581.48364,330.273,256.0,13.0,1.3079299,7.0,0,0,4
690.19147,93.0,81.0,593.74915,256.0,613.0,258.4,0.0,0.0,4964.8857,83.82007,0.0,0.5,2.0,0,0,4
76.5,54.0,49.0,664.7646,1856.8092,0.0,267.66666,1734.5009,642.4117,251.01959,256.0,83.6434,1.1010748,5.0,3,0,4
640.53,79.0,82.0,693.956,90.0,611.0,286.2717,0.0,0.0,5106.7964,86.0,0.0,0.5,2.0,0,0,4
611.0,54.0,54.0,698.0,102.0,60.0,291.00262,0.0,0.0,3233.7993,91.0,0.0,0.5,2.0,0,0,4
480.0,81.0,91.0,494.81332,95.0,92.0,136.50713,0.0,0.0,2481.6968,95.0,0.0,0.6666667,4.0,0,0,4
258.40536,54.0,54.0,692.8188,1262.0,54.0,268.53522,498.01917,529.4509,1333.3792,187.58481,13.0,0.99913216,4.0,0,0,4
527.10974,54.0,54.0,808.30817,256.0,60.0,309.66666,26.150055,20.0,2612.2102,93.0,3.8099546,0.6642824,2.0,0,0,4
381.9372,60.95845,77.0,613.0,97.0,91.92469,258.4,0.0,0.0,3505.377,92.0,0.0,0.6666667,3.0,0,0,4
713.5488,88.22709,80.0,707.0,93.0,663.0,310.24503,0.0,0.0,5693.0186,81.0,0.0,0.5,2.0,0,0,4
60.0,54.0,54.0,486.0,848.0,60.0,87.2,485.69098,507.79965,391.1682,256.0,0.0,1.3376147,8.0,0,0,4
80.0,74.0,79.0,524.0,115.73451,60.0,214.80151,0.0,0.0,1731.551,111.0,0.0,0.8,4.0,0,0,4
698.0,54.0,54.0,2169.378,93.0,262.0,390.45602,0.0,0.0,4833.796,85.0,0.0,0.5,2.0,0,0,4
262.0,54.0,54.0,629.0,256.0,60.0,264.0,21.279482,19.565895,1734.6625,102.0,0.0,0.75,3.0,0,0,4
757.0,102.0,76.0,617.0,256.0,698.0,267.66666,0.0,0.0,5922.311,78.57143,0.0,0.5,2.0,0,0,4
60.0,77.0,86.0,459.0,234.342,60.0,77.61539,10.121076,0.0,1258.8994,117.773674,0.0,1.0149426,7.0,0,0,4
682.89777,95.0,81.11344,524.0,256.0,523.0,223.66667,0.0,0.0,4546.8955,86.0,0.0,0.5,2.0,0,0,4
617.0,74.0,74.0,698.0,91.0,486.0,288.25742,0.0,0.0,4573.013,87.88167,0.0,0.5,2.0,0,0,4
76.5,54.0,54.0,643.4254,1808.7379,0.0,264.0,1653.3314,609.4248,311.28848,256.0,27.53928,1.1242937,5.0,3,0,4
60.0,54.0,54.0,524.0,848.0,60.0,212.55795,356.7902,361.0,576.8536,249.95103,0.0,1.0,5.75324,0,0,4
610.0,54.0,54.0,5291.295,826.4413,60.0,387.9701,293.07816,185.32811,3734.2524,92.0,11.0,0.6,2.0,0,0,4
662.0,86.0,81.0,663.0,91.0,641.0,282.12024,0.0,0.0,5338.91,86.0,0.0,0.5,2.0,0,0,4
613.0,76.0,80.0,663.0,91.0,563.08124,278.3391,0.0,0.0,4757.3496,87.3544,0.0,0.5,2.0,0,0,4
589.1771,54.0,54.0,3456.9849,969.2699,60.0,378.30722,389.95886,361.0,2748.6365,92.63176,15.0,0.5714286,2.0,3,0,4
571.71674,54.0,54.0,2549.6099,848.0,60.0,363.97586,388.37125,361.0,2715.0872,93.0,13.0,0.6666667,2.0,3,0,4
60.0,54.0,54.0,483.44168,1217.159,60.0,78.333336,878.87006,571.9553,316.77966,325.00613,6.609968,1.5391905,12.5016775,0,0,4
757.0,82.0,80.0,1438.139,86.0,641.8337,364.37576,0.0,0.0,5679.6797,85.0,0.0,0.5,2.0,0,0,4
79.953285,74.530556,80.0,524.0,129.85896,60.0,208.33333,0.0,0.0,1660.4941,110.0,0.0,0.85714287,5.0,0,0,4
60.0,54.0,55.0,523.0,256.0,60.0,125.52398,325.3131,343.70724,897.89465,256.0,0.0,1.3119137,7.0,0,0,4
60.0,54.0,54.0,614.0,1784.6823,0.0,258.0183,1627.0966,607.4211,253.43344,256.0,19.76411,1.3134165,6.0,3,0,4
76.5,54.0,54.0,617.0,1301.008,54.0,258.4,619.9237,567.78723,552.2934,256.0,15.0,1.0954937,5.0,0,0,4
698.0,94.58304,80.0,612.0,256.0,641.0,263.4607,0.0,0.0,5270.247,81.0,0.0,0.5,2.0,0,0,4
629.0,74.0,74.0,715.59216,91.0,486.0,298.0,0.0,0.0,4543.8804,86.09845,0.0,0.5,2.0,0,0,4
66.68362,77.31588,83.0,483.7873,150.25803,60.0,87.2,0.0,0.0,1310.2277,111.0,0.0,0.9285714,5.0,0,0,4
707.0,95.0,80.0,524.0,256.0,590.64734,239.33333,0.0,0.0,4950.049,85.155685,0.0,0.5,2.0,0,0,4
589.0,86.0,91.0,523.0,93.0,262.0,211.66461,0.0,0.0,2743.2925,92.0,0.0,0.5714286,3.0,0,0,4
698.0,86.0,80.0,707.0,91.0,662.0,309.66666,0.0,0.0,5493.4272,85.0,0.0,0.5,2.0,0,0,4
483.0,54.0,54.0,1769.6173,1268.1685,54.0,328.26923,483.29022,529.9152,1486.587,113.221436,17.0,0.6666667,2.0,3,0,4
794.1482,91.0,76.0,848.32623,95.0,721.34326,364.32443,0.0,0.0,6280.323,79.0,0.0,0.5,2.0,0,0,4
79.16353,54.0,54.0,611.0,813.8111,60.0,247.5841,333.76294,358.87668,1229.4984,206.416,1.0,1.0,5.0,0,0,4
651.6216,54.0,54.0,2319.4204,100.0,60.0,375.30127,0.0,0.0,4495.086,89.0,0.0,0.5,2.0,0,0,4
662.0,80.0,81.0,730.68866,90.0,611.4517,308.3298,0.0,0.0,4969.844,84.1165,0.0,0.5,2.0,0,0,4
262.0,60.0,95.0,180.0,171.78572,60.0,86.0,0.0,0.0,802.5018,97.0,0.0,0.9782609,6.4114847,0,0,4
757.0,91.0,78.34962,734.0,99.443016,698.04724,323.66666,0.0,0.0,5911.501,80.0,0.0,0.5,2.0,0,0,4
587.8168,54.0,54.0,702.6767,110.0,60.0,283.33334,0.0,0.0,3901.0518,91.0,0.0,0.5,2.0,0,0,4
690.2502,80.0,81.0,786.0,86.0,616.0,323.66666,0.0,0.0,5408.515,82.0,0.0,0.5,2.0,0,0,4
629.0,82.0,86.0,662.0,89.92864,613.0,274.0,0.0,0.0,4649.3174,88.0,0.0,0.5,2.0,0,0,4
613.0,74.0,74.01639,663.0,93.0,480.0,277.7677,0.0,0.0,4304.5996,89.28174,0.0,0.5,2.0,0,0,4
76.5,74.0,78.0,523.0,150.55367,60.0,136.7309,0.0,0.0,1027.8889,150.0,0.0,0.9285714,5.0,0,0,4
623.81775,91.0,89.0,524.0,146.0,446.0,217.75798,0.0,0.0,3951.935,91.0,0.0,0.5,3.0,0,0,4
254.32933,60.0,60.0,590.411,150.0,60.0,245.66667,0.0,0.0,1485.1664,95.0,0.0,0.6666667,3.0,0,0,4
613.0,86.0,86.50095,614.0,91.0,610.0,264.0,0.0,0.0,4411.5723,90.0,0.0,0.5,2.0,0,0,4
60.0,54.0,60.0,487.1665,256.0,60.0,87.2,320.85483,265.60123,734.14465,256.0,0.0,1.1103511,7.0,0,0,4
698.0,95.0,81.0,523.0,256.0,566.9426,223.66667,0.0,0.0,4506.478,86.0,0.0,0.5,2.0,0,0,4
71.84553,54.0,54.0,581.0,604.6688,60.0,223.66667,389.95886,361.0,1026.188,244.723,0.0,1.0,5.3025107,0,0,4
567.0,82.0,91.0,571.4725,91.0,446.0,243.0,0.0,0.0,3726.975,91.0,0.0,0.5,3.0,0,0,4
143.8455,54.0,54.0,610.0,256.0,60.0,255.277,9.0,1.6272712,1730.6632,114.966484,0.0,0.75,4.0,0,0,4
60.0,54.0,54.0,612.61945,1852.1351,0.0,245.66667,1788.576,650.04156,154.87447,324.28012,36.48624,1.3448762,7.0,3,0,4
256.2476,54.0,54.0,613.0,150.0,60.0,258.4,9.463839,0.0,2628.5132,100.247055,0.0,0.8,4.0,0,0,4
663.0,91.0,86.0,589.0,164.37207,610.0,258.4,0.0,0.0,4629.411,86.0,0.0,0.5,2.0,0,0,4
60.0,55.0,74.0,483.0,256.0,60.0,87.2,247.15001,83.39692,610.5897,256.0,0.0,1.1265718,7.0,0,0,4
663.0,91.0,81.0,629.3737,95.0,662.0,268.84845,0.0,0.0,5337.6006,81.0,0.0,0.5,2.0,0,0,4
262.0,82.0,91.0,495.94504,95.0,147.1445,208.33333,0.0,0.0,1758.1614,93.0,0.0,0.6666667,3.0,0,0,4
124.32304,54.0,54.0,641.0,975.1281,60.0,264.0,441.63367,487.1181,1249.1145,171.78572,10.0,0.86685586,4.0,0,0,4
644.0,79.88448,80.0,694.5307,91.0,567.0,298.0,0.0,0.0,4405.1987,86.0,0.0,0.5,2.0,0,0,4
262.0,54.0,54.0,786.0,1506.2279,0.0,288.9399,650.9319,572.82263,990.4371,186.5308,19.95183,0.87261033,3.0,3,0,4
641.0,88.0,83.0,629.0,93.0,632.3365,267.66666,0.0,0.0,4926.0273,86.0,0.0,0.5,2.0,0,0,4
698.0,81.0,80.0,787.7352,86.0,629.0,327.66666,0.0,0.0,5509.342,86.0,0.0,0.5,2.0,0,0,4
116.712296,54.0,49.0,757.0,1822.0,0.0,281.0,1675.8588,612.32074,456.7927,256.0,62.327095,1.0,4.0,3,0,4
721.72205,95.0,80.0,536.2635,256.0,610.2767,245.66667,0.0,0.0,5143.433,82.794945,0.0,0.5,2.0,0,0,4
158.0393,77.575584,91.0,312.7881,169.81104,60.0,81.0,0.0,0.0,1466.5525,97.0,0.0,1.0,6.0,0,0,4
76.5,54.0,54.0,597.0,546.03955,60.0,232.50124,326.63385,350.71997,1141.0409,234.68196,0.0,1.0,5.0,0,0,4
619.4413,86.0,86.0,634.3066,91.0,614.0,269.02423,0.0,0.0,4571.319,89.0,0.0,0.5,2.0,0,0,4
757.0,90.0,78.57143,786.1637,93.0,695.6717,346.6358,0.0,0.0,5906.6763,80.0,0.0,0.5,2.0,0,0,4
60.0,54.0,55.0,486.0,637.5509,60.0,87.2,323.723,359.783,394.8822,256.0,0.0,1.3019063,7.0,0,0,4
567.0,80.0,86.0,614.0,91.0,564.1247,263.09576,0.0,0.0,4179.593,90.70215,0.0,0.5,2.0,0,0,4
60.0,54.0,53.577106,629.0,1857.905,0.0,259.0,1788.576,650.9294,225.13112,274.24857,71.51288,1.3142791,6.0,3,0,4
76.5,54.0,49.17265,663.0,1849.5597,0.0,265.0,1744.2327,643.7147,254.51234,256.0,80.05634,1.1699257,5.0,3,0,4
60.0,74.0,80.077545,467.50375,256.0,60.0,84.80568,5.5340395,0.43705282,578.43585,239.25893,0.0,1.0,6.0,0,0,4
639.50543,87.2,88.0,459.0,256.0,172.64673,93.0,0.0,0.0,3198.5664,91.0,0.0,0.50945073,3.0,0,0,4
613.0,88.0,89.0,610.0,93.0,567.0,258.4,0.0,0.0,3968.9028,90.0,0.0,0.5,2.0,0,0,4
811.0,80.0,78.0,5034.189,83.609886,641.0,469.3592,0.0,0.0,5838.226,80.0,0.0,0.5,2.0,0,0,4
60.0,54.0,54.0,524.0,1262.0,60.0,133.33209,648.5804,567.78723,310.44666,256.0,9.0,1.3157895,7.0,0,0,4
567.0,54.0,54.0,683.0,111.0,60.0,281.0,0.0,0.0,2762.883,91.0,0.0,0.5,2.0,0,0,4
610.04956,81.0,86.577866,619.6895,91.0,609.68097,265.0,0.0,0.0,4539.684,89.0,0.0,0.5,2.0,0,0,4
799.6258,54.0,54.0,7560.824,91.0,490.36935,685.8558,0.0,0.0,5530.349,80.0,0.0,0.5,2.0,0,0,4
613.0,78.0,80.0,662.0,91.0,508.99377,274.0,0.0,0.0,4476.0317,89.0,0.0,0.5,2.0,0,0,4
60.0,54.0,54.0,524.0,545.4415,60.0,136.64024,247.0865,171.548,505.73755,256.0,0.0,1.0959041,6.0,0,0,4
683.0,100.64354,81.0,480.94907,256.0,480.0,136.53397,0.0,0.0,4103.877,88.0,0.0,0.5,2.0,0,0,4
262.0,54.0,54.0,616.0,256.0,60.0,258.49246,23.88472,18.276237,1840.632,103.90805,0.0,0.75,4.0,0,0,4
479.26382,74.0,78.0,613.0,95.0,146.0,258.57144,0.0,0.0,2953.958,91.49935,0.0,0.5714286,2.0,0,0,4
663.0,54.0,54.0,2766.4976,97.0,60.0,401.6462,0.0,0.0,4538.3213,86.0,0.0,0.5,2.0,0,0,4
484.0,74.0,76.03239,614.0,97.0,94.0,259.66666,0.0,0.0,2796.9844,91.0,0.0,0.5,2.0,0,0,4
563.9868,55.0,60.0,662.0,97.0,114.0,268.9985,0.0,0.0,4363.347,91.0,0.0,0.5,2.0,0,0,4
60.0,54.0,54.0,552.0,1262.0,54.0,214.13646,620.8955,567.63306,307.62897,256.0,10.0,1.2839652,7.0,0,0,4
683.0,78.0,79.0,794.659,91.0,610.0,327.7822,0.0,0.0,4959.253,82.0,0.0,0.5,2.0,0,0,4
644.0,87.2,86.0,459.0,256.0,262.0,93.0,0.0,0.0,3495.608,91.0,0.0,0.5,3.0,0,0,4
663.0,90.0,81.0,644.0,95.0,662.1732,275.66666,0.0,0.0,5269.9946,82.9202,0.0,0.5,2.0,0,0,4
787.05835,54.0,54.0,7433.0,91.0,493.2132,629.0221,0.0,0.0,5530.687,80.0,0.0,0.5,2.0,0,0,4
415.1256,54.0,54.0,641.0,150.0,60.0,265.0,0.0,0.0,2559.7466,95.0,0.0,0.6666667,3.0,0,0,4
610.0,86.0,91.0,524.0,93.0,378.44534,224.11415,0.0,0.0,3767.904,91.0,0.0,0.5,3.0,0,0,4
629.0,54.0,54.0,7311.3325,256.0,60.0,415.9134,26.870058,20.0,4103.4893,91.0,10.0,0.5,2.0,0,0,4
641.0,74.0,76.0,698.0,93.0,484.7862,299.0,0.0,0.0,4360.9487,86.0,0.0,0.5,2.0,0,0,4
730.604,81.0,80.0,813.13837,86.0,629.0,351.6369,0.0,0.0,5340.62,85.08575,0.0,0.5,2.0,0,0,4
613.0,90.0,91.0,524.0,95.0,446.0,221.53116,0.0,0.0,3299.7378,91.0,0.0,0.5,2.0,0,0,4
523.0,54.0,54.0,663.0,109.45318,60.0,274.0,0.0,0.0,3824.223,91.815636,0.0,0.5714286,2.0,0,0,4
477.0,54.0,54.0,896.4602,892.17365,60.0,301.4699,330.93137,361.0,1933.9897,109.533295,10.0,0.75,3.0,0,0,4
641.0,77.61539,86.0,260.92578,256.0,113.59108,95.0,0.0,0.0,2619.33,91.98566,0.0,0.6,4.0,0,0,4
124.9456,60.0,74.0,581.0,111.0,60.0,232.51028,0.0,0.0,1725.7692,102.0,0.0,0.75223154,4.0,0,0,4
172.68956,54.0,54.0,631.6437,848.0,60.0,264.0,389.95886,361.0,1484.8035,148.08774,7.0,0.7911494,4.0,0,0,4
535.0591,54.0,54.0,1784.0,969.5049,60.0,341.9151,388.60663,361.0,2568.085,95.0,13.0,0.6666667,2.0,3,0,4
629.271,86.0,86.0,617.0,93.0,615.8064,265.0,0.0,0.0,4877.483,86.0,0.0,0.5,2.0,0,0,4
565.4904,74.0,76.0,640.19293,95.0,262.0,265.92596,0.0,0.0,3969.4343,91.0,0.0,0.5,2.0,0,0,4
75.81767,54.0,54.0,570.3973,843.2931,60.0,225.33333,389.95886,361.0,897.74243,211.59122,0.0,0.97645605,5.0,0,0,4
60.0,54.0,54.0,629.0,1824.3698,0.0,258.4,1730.3097,639.6029,227.22476,256.0,33.83678,1.2945279,6.0,3,0,4
90.0,80.0,90.0,480.0,145.44661,74.0,87.2,0.0,0.0,1322.5537,103.16451,0.0,0.8290643,5.0,0,0,4
90.0,67.14286,91.0,282.93665,218.71826,60.0,81.0,0.0,0.0,907.965,104.0,0.0,1.0,7.0,0,0,4
60.0,74.0,80.0,486.0,182.39815,60.0,87.2,10.290053,0.0,1413.7235,150.0,0.0,1.0,6.0,0,0,4
64.36671,54.0,52.691883,644.0,1826.6284,0.0,263.13263,1730.0161,640.6845,237.38216,257.95462,38.40425,1.3157895,6.0,3,0,4
734.0,90.0,79.8,734.0,93.0,663.0,321.9767,0.0,0.0,5747.252,81.0,0.0,0.5,2.0,0,0,4
662.0,93.0,86.0,494.46274,256.0,459.78232,211.7108,0.0,0.0,4100.3354,90.0,0.0,0.5,2.0,0,0,4
613.0,87.2,91.0,459.0,248.0,149.10313,91.0,0.0,0.0,2282.9214,92.0,0.0,0.5714286,3.0,0,0,4
60.0,54.0,54.0,597.1913,1262.0,54.0,225.33333,647.3431,567.78796,457.4124,256.0,11.0,1.3333334,7.0,0,0,4
616.0,91.0,90.0,494.0,146.0,319.67258,208.33333,0.0,0.0,3420.8794,91.0,0.0,0.5,3.0,0,0,4
60.0,54.0,54.0,552.0,1776.1815,8.9119264e-14,208.33333,1678.4009,607.84576,225.26357,324.60965,16.226068,1.4285715,8.0,0,0,4
589.0,82.80228,91.0,581.0,91.0,446.0,243.0,0.0,0.0,3951.7915,91.0,0.0,0.5,3.0,0,0,4
684.68054,60.0,55.0,1687.4773,92.92107,480.0,364.37036,0.0,0.0,4788.0664,84.89051,0.0,0.5,2.0,0,0,4
132.71187,78.0,81.0,524.0,97.0,90.0,218.20398,0.0,0.0,1907.921,95.0,0.0,0.74579966,4.0,0,0,4
114.834045,60.0,74.0,557.3558,111.0,60.0,223.96298,0.0,0.0,1710.4274,108.643776,0.0,0.7805567,4.0,0,0,4
80.0,54.0,49.343433,698.0,1822.0,0.0,273.528,1679.1469,624.92993,359.80966,256.0,52.607063,1.0,4.0,3,0,4
494.0,81.0,86.0,610.0,93.0,481.68875,258.15097,0.0,0.0,3408.9556,91.0,0.0,0.5,2.0,0,0,4
72.34234,54.0,54.0,611.68604,1262.0,54.0,247.56265,517.2419,537.8345,499.7763,256.0,10.0,1.09182,5.0,0,0,4
142.25722,54.0,54.0,630.375,848.0,60.0,262.18945,389.95886,361.0,1702.1105,150.33209,5.773212,0.91722023,4.0,0,0,4
465.3362,54.0,54.0,644.0,249.34016,60.0,266.66666,0.0,0.0,1769.759,93.0,0.0,0.6666667,2.0,0,0,4
483.0,55.0,55.0,629.74603,107.93463,60.0,265.0,0.0,0.0,2911.7483,92.0,0.0,0.5714286,2.0,0,0,4
89.0,54.0,51.666203,702.31006,1790.3258,0.0,273.94012,1609.5898,606.8985,505.09018,256.0,31.904345,1.0,4.0,3,0,4
663.0,93.0,83.0,552.0,256.0,567.0,243.0,0.0,0.0,4614.421,86.0,0.0,0.5,2.0,0,0,4
734.0,55.0,54.0,5140.249,91.0,477.0,415.87585,0.0,0.0,5050.943,81.0,0.0,0.5,2.0,0,0,4
60.0,54.0,54.0,617.0,1773.9088,0.0,258.4,1532.4236,603.8445,359.67252,256.0,18.0,1.2857143,6.0,3,0,4
60.0,54.0,54.0,611.0,1759.9312,0.0,239.33333,1212.4027,596.5436,252.51105,271.05087,16.472794,1.3563141,7.0,0,0,4
295.0534,54.0,54.0,644.0,256.0,60.0,265.0,23.210878,20.0,1759.444,95.55895,0.0,0.7101437,3.0,0,0,4
60.0,54.0,54.0,493.4266,848.0,60.0,87.2,476.1897,502.69998,452.8545,256.0,0.0,1.3333334,8.0,0,0,4
581.0,54.0,54.0,698.0,111.0,60.0,283.33334,0.0,0.0,2758.7322,91.0,0.0,0.5,2.0,0,0,4
477.0,83.00532,91.0,483.0,95.0,80.0,92.0,0.0,0.0,1759.16,95.0,0.0,0.6666667,4.0,0,0,4
262.0,74.0,80.0,589.0,97.0,90.0,245.66667,0.0,0.0,2572.038,93.0,0.0,0.6666667,3.0,0,0,4
817.6908,82.0,76.0,5340.3,83.0,663.0,475.29712,0.0,0.0,5960.4336,81.0,0.0,0.33333334,2.0,0,0,4
477.0,79.0,82.72433,610.0,95.0,446.0,258.37653,0.0,0.0,3503.9514,91.0,0.0,0.5,3.0,0,0,4
78.28447,54.0,54.0,630.50275,1507.1307,44.52858,261.00873,752.44916,576.71295,496.4867,256.0,17.0,1.0,5.0,3,0,4
734.0,93.0,79.97402,644.0,248.0,698.0,278.20096,0.0,0.0,5848.486,80.0,0.0,0.5,2.0,0,0,4
250.52899,54.0,54.0,757.0,1571.8408,0.0,281.0,1024.3604,586.4624,809.50073,229.86455,21.876303,0.9985048,4.0,3,0,4
388.45804,54.0,54.0,629.0,130.97464,60.0,264.0,0.0,0.0,2502.681,93.95677,0.0,0.6666667,3.0,0,0,4
558.11365,73.87411,93.0,262.0,121.08718,73.59554,90.06883,0.0,0.0,1497.6034,95.0,0.0,0.75,5.0,0,0,4
262.0,54.0,54.0,615.3669,245.6621,60.0,259.0,1.9664084,0.0,1952.6205,95.0,0.0,0.6666667,3.0,0,0,4
663.0,89.81762,86.0,474.46,256.0,370.25946,95.0,0.0,0.0,3909.0933,90.0,0.0,0.5,3.0,0,0,4
60.0,54.0,54.0,589.0,1776.4076,8.2742644e-14,223.66667,1661.0254,607.5963,260.20618,264.44553,17.0,1.3333334,7.0,3,0,4
613.0,90.0,91.0,524.0,95.0,477.0,227.47932,0.0,0.0,3770.2905,91.0,0.0,0.5,2.0,0,0,4
696.95166,60.0,55.0,1784.0,91.4495,480.0,369.1363,0.0,0.0,4786.4272,84.92662,0.0,0.5,2.0,0,0,4
262.0,54.0,54.0,707.0,1262.0,54.0,275.66666,458.1909,514.6815,984.135,170.90971,15.0,0.85714287,3.0,0,0,4
60.0,74.0,82.0,459.0,247.95883,60.0,77.61539,11.779252,1.6478367,909.5582,150.0,0.0,1.1224059,7.0,0,0,4
641.0,87.2,88.0,459.0,256.0,262.0,93.0,0.0,0.0,3357.857,91.0,0.0,0.5,3.0,0,0,4
730.73285,91.0,78.90278,665.5032,114.0,701.6782,299.0,0.0,0.0,5809.198,80.0,0.0,0.5,2.0,0,0,4
60.0,74.0,80.0,459.0,256.0,60.0,77.61539,21.279482,16.5,673.31476,248.25543,0.0,1.2857143,7.0,0,0,4
60.0,54.0,49.0,629.7046,1890.4535,0.0,259.0,2298.4302,659.36707,149.03482,319.69507,101.5915,1.3195373,6.0,3,0,4
60.0,54.0,54.0,613.0,1788.0375,0.0,252.9199,1642.6166,608.4785,229.20897,267.32578,20.0,1.3333334,7.0,3,0,4
693.9745,95.0,81.0,494.0,256.0,495.86658,212.93495,0.0,0.0,4448.09,86.0,0.0,0.5,2.0,0,0,4
79.95762,54.0,54.0,662.0,1781.6016,0.0,265.0,1207.7161,595.55304,386.76837,256.0,20.0,1.0,5.0,3,0,4
567.0,77.61539,93.0,306.0,114.0,76.5,90.0,0.0,0.0,1704.1406,95.0,0.0,0.75,5.0,0,0,4
581.0,81.0,91.0,595.12994,91.0,480.0,256.2998,0.0,0.0,3912.441,91.0,0.0,0.5,2.0,0,0,4
599.2004,88.0,91.0,496.51663,95.0,262.0,208.33333,0.0,0.0,2645.3472,91.333336,0.0,0.5,3.0,0,0,4
614.0,54.0,54.0,1784.0,150.0,60.0,357.68106,0.0,0.0,4330.2544,91.0,0.0,0.5,2.0,0,0,4
72.53001,54.0,54.0,568.3762,848.0,60.0,223.66667,386.6554,361.0,744.66284,241.29832,0.0,1.0,5.0,0,0,4
79.5,55.0,60.0,552.0,256.0,60.0,220.19629,5.7040935,1.6245595,1229.2028,149.5374,0.0,0.85714287,5.0,0,0,4
62.89341,54.0,54.0,629.38416,1810.7712,0.0,259.0,1677.3616,617.6773,257.2852,256.0,24.967216,1.2986922,5.676058,3,0,4
80.0,54.0,54.0,629.0,1262.0,54.0,259.0,480.79315,527.9519,724.27594,241.59692,11.0,1.0,5.0,0,0,4
494.0,54.0,54.0,644.0,111.0,60.0,267.66666,0.0,0.0,2637.5532,92.0,0.0,0.5714286,2.0,0,0,4
567.0,80.0,86.0,613.5338,91.0,552.0,259.66666,0.0,0.0,4191.088,91.0,0.0,0.5,2.0,0,0,4
612.0,86.0,90.0,610.0,91.0,524.2397,258.4,0.0,0.0,4315.8594,91.0,0.0,0.5,2.0,0,0,4
593.5209,90.0,91.0,484.0,95.0,172.89044,132.98698,0.0,0.0,2451.9905,92.0,0.0,0.6666667,3.0,0,0,4
662.0,91.0,86.0,611.73346,102.0,611.0,259.0,0.0,0.0,4843.6616,86.0,0.0,0.5,2.0,0,0,4
486.0,54.0,54.0,785.15656,256.0,60.0,287.60104,26.870058,20.0,3492.926,94.11402,1.0,0.6666667,3.0,0,0,4
567.0,86.0,91.0,524.0,91.0,384.6752,227.03691,0.0,0.0,2692.802,91.0,0.0,0.5,3.0,0,0,4
523.0,54.0,54.0,1222.2468,469.00305,60.0,315.8697,294.20898,120.17502,2833.186,93.0,9.0,0.6666667,2.0,0,0,4
60.0,74.0,80.0,479.93704,248.0,60.0,86.6,18.834808,2.9840665,755.8378,227.2219,0.0,1.0,6.0,0,0,4
613.0,88.0,91.0,524.0,95.0,446.0,225.1244,0.0,0.0,3894.9048,91.0,0.0,0.5,3.0,0,0,4
60.0,54.0,54.832794,483.50266,848.0,60.0,84.37181,504.35873,509.94,458.32285,256.0,0.0,1.4285715,9.499821,0,0,4
734.0,114.0,80.0,483.54376,256.0,524.9625,200.77747,0.0,0.0,4599.16,86.0,0.0,0.5,2.0,0,0,4
76.5,74.0,80.0,498.0,150.0,60.0,135.4696,5.816079e-15,0.0,1321.729,149.11421,0.0,0.85714287,5.0,0,0,4
698.0,80.0,81.0,795.0,86.0,614.0,335.4306,0.0,0.0,5287.888,82.0,0.0,0.5,2.0,0,0,4
76.5,54.0,54.0,617.0,1274.1862,54.0,258.4,548.1542,561.6765,458.52673,255.98027,14.0,1.0,5.0,0,0,4
663.0,90.0,81.0,662.0,93.0,662.0,281.0,0.0,0.0,5222.6523,85.0,0.0,0.5,2.0,0,0,4
698.0,91.0,80.0,629.0,248.0,663.0,268.6176,0.0,0.0,5600.4385,80.0,0.0,0.5,2.0,0,0,4
597.0,88.776085,91.0,484.0,95.0,118.54314,126.146385,0.0,0.0,2644.0273,93.0,0.0,0.6666667,4.0,0,0,4
713.27936,81.0,80.0,803.8867,86.0,629.0,346.23486,0.0,0.0,5454.948,86.0,0.0,0.5,2.0,0,0,4
613.0,74.0,76.04921,679.7636,93.0,485.7685,281.0,0.0,0.0,4544.0176,88.0,0.0,0.5,2.0,0,0,4
262.0,54.0,51.527954,785.6485,1781.0358,0.0,283.33334,1189.5876,594.2111,731.83215,234.01395,22.986616,0.97752184,4.0,3,0,4
80.0,54.0,54.0,589.0,252.6141,60.0,232.01988,5.871049,1.6535733,1497.1343,150.28612,0.0,0.9833072,5.0,0,0,4
611.0,60.284157,60.0,663.0,95.0,213.42522,281.0,0.0,0.0,3980.0813,90.50367,0.0,0.5,2.0,0,0,4
79.82715,54.0,54.0,663.0,1782.5756,0.0,265.0,1598.6848,604.37335,579.0452,256.0,22.0,1.0,5.0,3,0,4
262.0,54.0,54.0,698.0,1262.0,54.0,272.802,484.90787,532.4428,952.0225,187.13803,15.0,0.9285714,4.0,0,0,4
613.0,87.39638,90.0,573.5151,95.0,494.0,246.90916,0.0,0.0,4165.3066,90.0,0.0,0.5,2.0,0,0,4
378.4137,60.0,66.85712,613.0,104.0,60.0,258.4,0.0,0.0,2421.112,93.0,0.0,0.6666667,3.0,0,0,4
76.5,54.0,54.0,629.0,1342.0,54.0,259.0,638.91956,570.24615,464.95047,256.0,15.0,1.1009403,5.0,0,0,4
577.96936,74.0,78.0,643.14185,93.0,477.0,267.66666,0.0,0.0,4309.048,91.0,0.0,0.5,2.0,0,0,4
683.0,95.0,81.0,498.0,256.0,494.0,214.33333,0.0,0.0,4505.818,86.059364,0.0,0.5,2.0,0,0,4
610.6782,80.0,82.0,632.29926,91.0,567.0,267.66666,0.0,0.0,4256.41,88.521515,0.0,0.5,2.0,0,0,4
60.0,54.0,54.0,496.6797,1196.9573,60.0,87.2,555.5771,554.439,313.50854,261.67023,5.6663885,1.356497,8.0,0,0,4
485.2613,60.0,95.0,180.0,162.18004,60.0,90.0,0.0,0.0,1229.9814,114.0,0.0,1.0,7.0,0,0,4
494.0,54.0,54.0,785.316,318.0,60.0,298.09692,26.870058,20.0,2304.7634,93.38464,4.8006825,0.6666667,2.0,0,0,4
60.0,55.0,74.0,493.3927,256.0,60.0,89.9321,26.870058,20.0,734.5702,245.83844,0.0,1.0,6.0,0,0,4
80.0,54.0,54.0,662.0,1262.0,54.0,264.0,550.50635,562.9853,733.02203,249.33365,15.0,1.0,5.0,0,0,4
707.0,102.0,80.0,523.0,256.0,567.0,223.66667,0.0,0.0,4764.3306,86.0,0.0,0.5,2.0,0,0,4
617.0,65.8608,91.0,180.0,256.0,76.5,93.0,0.0,0.0,1867.0562,93.0,0.0,0.6666667,5.0,0,0,4
60.0,54.0,54.0,524.0,1120.6497,60.0,133.00795,648.068,567.2518,455.0409,256.0,7.0,1.3316462,7.5648193,0,0,4
662.0,93.0,86.0,486.0,256.0,400.6423,149.04153,0.0,0.0,3967.6807,90.0,0.0,0.5,3.0,0,0,4
698.0,93.0,80.0,613.0,248.0,662.0,265.0,0.0,0.0,5213.5737,81.0,0.0,0.5,2.0,0,0,4
90.0,80.0,86.0,485.32364,129.53893,76.5,89.0,0.0,0.0,1629.4368,100.0,0.0,0.85714287,5.0,0,0,4
76.5,54.0,53.201054,662.0,1825.4971,0.0,264.33334,1656.8561,619.67267,238.28679,256.0,35.514107,1.177956,5.0,3,0,4
662.14923,91.0,85.0,613.0,113.34434,611.0,259.0,0.0,0.0,5246.6724,86.0,0.0,0.5,2.0,0,0,4
662.2166,91.0,86.0,589.0,146.0,610.0,258.4,0.0,0.0,4640.5728,86.0,0.0,0.5,2.0,0,0,4
114.836464,54.0,54.0,663.0,1342.0,38.605976,267.66666,645.7294,568.27893,737.4162,246.84734,17.0,1.0,4.0,3,0,4
811.0,91.0,74.17839,1279.5675,95.0,734.0,374.36682,0.0,0.0,6437.645,78.0,0.0,0.37428653,2.0,0,0,4
76.5,54.0,54.0,552.0,256.0,60.0,220.19371,23.126375,20.0,736.19775,200.41426,0.0,0.9736718,5.0,0,0,4
60.0,54.0,60.0,481.16504,318.0,60.0,84.61145,389.95886,361.0,598.7737,256.0,0.0,1.3333334,8.0,0,0,4
662.0,77.0,78.0,757.0,91.0,582.4472,309.66666,0.0,0.0,4901.1133,86.0,0.0,0.5,2.0,0,0,4
663.0,91.0,85.0,589.69324,146.0,599.8761,258.4,0.0,0.0,4712.989,86.0,0.0,0.5,2.0,0,0,4
75.01177,54.0,54.0,616.0,1369.3088,54.0,258.4,660.3085,574.4651,385.72015,256.0,15.0,1.0909091,5.0,0,0,4
663.0,89.0,86.0,461.3447,256.0,373.54068,95.0,0.0,0.0,3873.9358,90.0,0.0,0.5,3.0,0,0,4
616.35046,90.0,90.0,524.0,112.59004,431.1336,219.33333,0.0,0.0,3914.9065,91.0,0.0,0.5,3.0,0,0,4
76.5,54.0,60.0,524.0,256.0,60.0,214.90935,26.870058,20.0,1406.4253,175.23813,0.0,1.0,5.0,0,0,4
610.0,86.0,91.0,552.0,92.0,462.62033,239.33333,0.0,0.0,3529.2075,91.0,0.0,0.5,2.0,0,0,4
629.0767,54.0,54.0,1784.0,111.0,60.0,364.31638,0.0,0.0,4235.6245,90.0,0.0,0.5,2.0,0,0,4
60.0,54.0,54.0,610.0,1262.0,54.0,233.33333,553.9923,567.2706,329.67554,256.0,11.0,1.3259953,6.264825,0,0,4
662.0,91.0,86.0,589.0,146.0,589.9906,258.31537,0.0,0.0,4510.2637,86.0,0.0,0.5,2.0,0,0,4
662.0,93.0,86.0,486.0,256.0,392.61087,145.06099,0.0,0.0,4100.834,90.24556,0.0,0.5,3.0,0,0,4
611.0,90.0,91.0,493.3067,95.0,262.0,136.56294,0.0,0.0,3174.4155,91.92604,0.0,0.6,3.0,0,0,4
80.0,54.0,54.0,630.1353,1262.0,54.0,259.66666,476.03967,524.42035,754.2771,245.63808,10.463117,1.0,5.0,0,0,4
76.5,54.0,54.0,617.0,1262.0,54.0,258.4,664.45416,569.2702,728.1744,256.0,15.0,1.0909091,5.0,0,0,4
613.0,85.0,90.0,610.0,91.0,502.08588,258.4,0.0,0.0,4517.681,90.0,0.0,0.5,2.0,0,0,4
663.0,93.0,85.0,524.0,256.0,538.7804,226.32849,0.0,0.0,4496.8447,86.0,0.0,0.5,2.0,0,0,4
718.8227,74.0,76.0,1784.0,90.0,610.0,378.25546,0.0,0.0,5385.96,80.0,0.0,0.5,2.0,0,0,4
774.8248,74.0,74.0,4946.7134,88.0,612.4352,415.91376,0.0,0.0,5583.991,80.0,0.0,0.5,2.0,0,0,4
611.0,55.0,55.0,698.0,95.0,114.0,283.33334,0.0,0.0,4365.324,90.41811,0.0,0.5,2.0,0,0,4
412.9763,76.0,80.0,610.0,97.0,114.0,258.4,0.0,0.0,2552.6348,92.0,0.0,0.5,3.0,0,0,4
617.0,54.0,54.0,2679.9255,256.0,60.0,387.50485,3.3970404,0.0,4057.7656,91.0,3.0,0.5,2.0,0,0,4
597.0,86.0,91.0,552.0,91.92929,391.69687,229.32893,0.0,0.0,3884.1873,91.0,0.0,0.5,3.0,0,0,4
782.418,54.0,54.0,7366.7075,91.0,485.8068,572.43933,0.0,0.0,5402.331,80.0,0.0,0.5,2.0,0,0,4
70.235435,54.0,60.0,524.0,256.0,60.0,208.33333,26.870058,20.0,1305.8651,214.11151,0.0,1.0,5.393372,0,0,4
76.5,54.0,55.0,552.0,256.0,60.0,219.33333,26.870058,20.0,1319.2029,171.78572,0.0,0.93661594,5.0,0,0,4
644.0,76.903404,80.0,707.0,91.0,578.0669,300.40735,0.0,0.0,4686.086,86.0,0.0,0.5,2.0,0,0,4
616.0,91.0,90.10132,524.0,114.0,463.09433,221.84615,0.0,0.0,3540.1045,91.0,0.0,0.5,2.0,0,0,4
613.0,91.0,91.0,486.0,114.0,262.0,133.4798,0.0,0.0,2853.1594,91.46997,0.0,0.5820364,3.0,0,0,4
80.0,54.0,54.0,610.0,256.0,60.0,245.66667,279.70358,77.933525,1730.4996,149.19725,0.0,0.85714287,5.0,0,0,4
734.0,82.0,80.0,843.04205,86.0,632.15027,357.79947,0.0,0.0,5442.6934,86.0,0.0,0.5,2.0,0,0,4
60.0,54.0,54.0,613.0,1700.5493,0.0,254.51808,1280.8218,597.77423,316.15417,256.0,17.0,1.3140534,6.0,3,0,4
477.0,54.0,54.0,663.0,256.0,60.0,269.57153,0.0,0.0,2018.8274,95.0,0.0,0.6666667,3.0,0,0,4
625.12506,76.0,77.0,693.6166,91.0,493.61032,288.3184,0.0,0.0,4455.3496,86.0,0.0,0.5,2.0,0,0,4
643.5645,81.818695,84.80006,663.0,90.0,617.0,281.0,0.0,0.0,5087.1514,86.0,0.0,0.5,2.0,0,0,4
734.0,74.0,60.0,2124.6516,90.0,597.0,400.49838,0.0,0.0,5340.9424,81.0,0.0,0.5,2.0,0,0,4
611.0,54.0,54.0,757.0,110.68225,60.0,308.41934,0.0,0.0,3777.4373,91.0,0.0,0.5,2.0,0,0,4
163.66643,77.0,81.0,546.0304,97.0,90.0,223.68279,0.0,0.0,2089.254,95.0,0.0,0.6666667,4.0,0,0,4
610.0,81.0,90.0,613.0,91.0,552.0,259.0,0.0,0.0,4434.9404,90.0,0.0,0.5,2.0,0,0,4
266.15988,54.0,54.0,616.0,209.77551,60.0,259.0,0.0,0.0,1874.5237,95.0,0.0,0.6666667,3.0,0,0,4
262.0,78.0,86.0,524.0,95.0,137.50873,215.91774,0.0,0.0,2642.737,95.0,0.0,0.75,4.0,0,0,4
697.84625,89.0,80.0,665.2319,93.0,663.0,298.0,0.0,0.0,5405.2837,82.0,0.0,0.5,2.0,0,0,4
581.0,88.0,91.261246,480.24344,95.0,114.83494,89.25185,0.0,0.0,2458.385,93.0,0.0,0.6666667,4.0,0,0,4
60.0,54.0,54.0,597.0,971.89,60.0,227.07289,478.6799,513.2723,722.08057,256.0,7.0,1.25,6.0,0,0,4
698.0,77.0,78.0,1304.725,89.0,611.0,349.26797,0.0,0.0,5391.474,81.0,0.0,0.5,2.0,0,0,4
552.0,54.0,54.0,721.8274,150.0,60.0,283.33334,0.0,0.0,3374.1345,92.0,0.0,0.5714286,2.0,0,0,4
528.7584,54.0,54.0,663.0,111.0,60.0,274.0,0.0,0.0,2949.2292,91.333336,0.0,0.5,2.0,0,0,4
612.0,90.0,91.0,524.0,95.0,380.03003,215.44289,0.0,0.0,3040.5598,91.0,0.0,0.5,3.0,0,0,4
613.0,54.0,54.0,1080.8602,104.78128,60.0,323.66666,0.0,0.0,4274.9634,91.0,0.0,0.5,2.0,0,0,4
610.0,81.0,86.0,619.41144,91.0,610.0,265.0,0.0,0.0,4408.0977,87.864624,0.0,0.5,2.0,0,0,4
617.0,76.0,80.0,688.36646,91.0,567.0,283.33334,0.0,0.0,4727.2197,86.0,0.0,0.5,2.0,0,0,4
495.28946,86.0,93.0,486.0,93.0,114.8978,132.77393,0.0,0.0,1967.0168,93.0,0.0,0.6666667,4.0,0,0,4
674.7514,54.0,54.0,2497.0317,93.0,211.6437,385.65234,0.0,0.0,4969.181,86.0,0.0,0.5,2.0,0,0,4
76.5,54.0,54.0,610.0,1026.0454,60.0,245.44719,467.63898,506.37308,661.008,253.97664,7.0,1.0,5.0,0,0,4
113.33509,60.0,77.26452,567.0,111.0,60.0,223.66667,0.0,0.0,1935.1631,101.15441,0.0,0.7987575,4.0,0,0,4
523.0,54.0,54.0,724.06006,256.0,60.0,283.33334,1.3862252,0.0,2661.5813,92.0,0.0,0.52762425,2.0,0,0,4
377.78864,79.0,83.0,581.0,97.0,262.0,249.3234,0.0,0.0,2300.486,92.0,0.0,0.5,3.0,0,0,4
567.0,81.0,88.0,611.0,91.0,523.0,258.4,0.0,0.0,3908.3296,91.0,0.0,0.5,2.0,0,0,4
60.0,74.0,80.0,483.5903,206.2577,60.0,87.2,6.2558985,0.0,1238.3171,150.0,0.0,1.0,6.0,0,0,4
522.65515,54.0,54.0,746.7234,207.47734,60.0,283.33334,2.8672273,0.0,3582.3147,92.0,0.0,0.6666667,2.0,0,0,4
76.5,54.0,54.0,616.64996,1262.0,54.0,258.4,580.7138,567.1426,610.7336,255.19609,13.157231,1.0,5.0,0,0,4
134.1421,54.0,54.0,613.0,256.0,60.0,258.4,18.834808,19.720867,1028.1123,149.90666,0.0,0.85714287,4.0,0,0,4
60.0,54.0,54.0,613.0,1822.0,0.0,256.33334,1679.987,636.7773,225.16997,277.58624,22.373934,1.3288326,7.0,3,0,4
262.0,77.0,81.0,567.0,97.0,95.63228,229.33333,0.0,0.0,2472.666,93.0,0.0,0.6666667,3.0,0,0,4
80.0,54.0,54.0,662.089,1436.6857,16.57232,265.0,676.8976,575.73456,717.544,253.69504,17.0,1.0,5.0,3,0,4
60.0,54.0,50.532608,629.0,1881.5715,0.0,259.0,1788.576,657.82135,154.68071,317.7874,89.11725,1.3157895,6.0,3,0,4
612.0,90.0,91.0,494.0,100.83246,262.0,208.33333,0.0,0.0,2849.5012,91.0,0.0,0.5,3.0,0,0,4
60.0,60.0,78.0,495.85742,201.72174,60.0,131.88211,10.468716,1.6629589,1269.2855,186.971,0.0,1.0,5.4941053,0,0,4
581.0,54.0,54.0,1641.1249,256.0,60.0,327.46405,21.279482,15.263576,3809.7244,92.0,2.0,0.5714286,2.0,0,0,4
698.0,93.0,80.0,613.0,256.0,654.12256,265.0,0.0,0.0,5338.746,80.0,0.0,0.5,2.0,0,0,4
698.0,92.0,80.0,641.0,146.0,691.46466,274.0,0.0,0.0,5496.675,80.0,0.0,0.5,2.0,0,0,4
663.0,91.0,81.0,629.0,96.960754,662.0,267.66666,0.0,0.0,5340.4463,81.0,0.0,0.5,2.0,0,0,4
80.518326,54.0,54.0,613.0,256.0,60.0,257.33334,150.84978,81.26136,1447.7432,171.78572,0.0,0.9782609,4.951096,0,0,4
663.0,91.0,82.0,612.0,146.0,617.0,263.61456,0.0,0.0,4937.8794,82.17348,0.0,0.5,2.0,0,0,4
663.0,91.0,81.0,612.0,146.0,616.0,260.1995,0.0,0.0,5117.68,83.0,0.0,0.5,2.0,0,0,4
610.0,54.0,54.0,5472.5312,848.0,60.0,390.20465,321.66327,345.11316,3675.7158,92.51166,13.0,0.6666667,2.0,3,0,4
494.0,78.0,80.0,613.0,95.0,262.0,259.0,0.0,0.0,2821.7634,91.0,0.0,0.5,2.0,0,0,4
118.46191,74.0,78.0,567.0,109.40073,60.0,225.33333,0.0,0.0,2095.697,95.0,0.0,0.75,4.0,0,0,4
785.6217,80.0,79.0,2604.8816,86.0,617.0,415.27274,0.0,0.0,5595.556,80.0,0.0,0.5,2.0,0,0,4
483.5014,81.0,91.0,523.0,95.0,149.02562,208.33333,0.0,0.0,2541.24,93.0,0.0,0.6666667,4.0,0,0,4
816.0817,80.0,78.0,6405.988,85.0,631.3872,500.0096,0.0,0.0,5913.1514,78.0,0.0,0.5,2.0,0,0,4
430.40652,54.0,54.0,795.0,1262.0,54.0,298.13153,426.9033,493.87326,1454.2227,129.7653,15.0,0.75,3.0,0,0,4
60.0,55.0,74.0,483.0,256.0,60.0,87.18621,26.870058,26.604616,660.7973,256.0,0.0,1.2238435,7.0,0,0,4
477.0,54.0,54.0,641.0,118.0,60.0,265.0,0.0,0.0,2631.536,93.0,0.0,0.6666667,3.0,0,0,4
66.01868,54.0,60.0,524.0,256.0,60.0,208.33333,27.165491,20.568876,900.0132,203.03035,0.0,0.97814786,5.0,0,0,4
60.0,74.0,82.0,459.0,247.78282,60.0,77.61539,18.834808,1.819082,898.16626,150.0,0.0,1.0949594,7.0,0,0,4
60.0,54.0,54.0,524.0,320.34207,60.0,133.18314,346.2732,359.4476,735.0029,256.0,0.0,1.2930322,7.0,0,0,4
662.0,93.0,86.0,494.0,256.0,477.0,211.33333,0.0,0.0,4098.5693,90.0,0.0,0.5,2.0,0,0,4
377.55573,54.0,54.0,683.0,848.0,60.0,274.0,155.76591,134.08643,1520.5593,114.94199,7.0,0.75,3.0,0,0,4
264.0053,54.0,54.0,663.0,848.0,60.0,267.66666,34.813763,85.387184,1405.5758,133.95723,3.239208,0.8,3.0,0,0,4
314.39417,54.0,54.0,617.0,203.76291,60.0,262.9431,0.5,0.0,2285.6785,95.0,0.0,0.6666667,3.0,0,0,4
79.5,78.0,82.0,498.0,117.808876,60.0,136.59093,0.0,0.0,1495.5646,107.44898,0.0,0.8,5.0,0,0,4
614.0,86.0,90.0,597.0,93.0,522.8257,257.33334,0.0,0.0,4416.767,90.0,0.0,0.5,2.0,0,0,4
60.0,54.0,54.0,597.0,1262.0,54.0,229.33333,521.6276,553.11444,327.88095,256.0,10.0,1.2419662,6.0,0,0,4
90.0,80.0,89.42404,480.0,129.6992,76.5,87.2,0.0,0.0,1407.9542,101.932686,0.0,0.8,5.0,0,0,4
663.0,55.0,54.0,1784.0,93.0,262.0,363.51724,0.0,0.0,4787.9746,86.0,0.0,0.5,2.0,0,0,4
698.0,95.0,81.0,553.3207,256.0,610.0,249.23975,0.0,0.0,4927.92,85.748604,0.0,0.5,2.0,0,0,4
698.0,86.0,80.0,702.39124,91.0,662.0,309.66666,0.0,0.0,5391.208,85.0,0.0,0.5,2.0,0,0,4
541.25525,54.0,54.0,734.0,202.66302,60.0,285.9238,0.0,0.0,2706.5408,92.0,0.0,0.62414736,2.0,0,0,4
60.0,55.0,68.91383,494.0,256.0,60.0,92.0,21.268328,19.481474,620.1547,247.79118,0.0,1.0004082,6.0,0,0,4
262.0,81.0,90.0,486.19766,98.41628,79.665955,127.95492,0.0,0.0,1821.2906,95.0,0.0,0.8,5.0,0,0,4
663.0,89.0,80.67396,662.7017,93.0,663.0,281.0,0.0,0.0,5453.0464,81.91849,0.0,0.5,2.0,0,0,4
615.31146,91.0,90.0,480.73108,146.0,262.0,128.41385,0.0,0.0,3163.0913,91.122955,0.0,0.5714286,3.0,0,0,4
662.0,76.0,78.0,757.0,91.0,567.0,316.95865,0.0,0.0,4711.2617,85.81154,0.0,0.5,2.0,0,0,4
76.5,54.0,49.562374,663.0,1826.9291,0.0,265.0,1679.6877,639.06,246.52585,256.0,46.220734,1.2857143,5.0,3,0,4
76.5,54.0,51.669083,663.0,1823.3933,0.0,265.0,1646.1768,614.2345,254.94235,256.0,35.31716,1.2189887,5.0,3,0,4
734.0,93.0,78.0,671.4103,248.0,734.0,299.0,0.0,0.0,5970.23,78.57143,0.0,0.5,2.0,0,0,4
746.4649,95.0,78.0,641.0,256.0,698.0,274.0,0.0,0.0,5907.1787,79.0,0.0,0.5,2.0,0,0,4
633.1751,92.64585,86.0,480.0,256.0,262.0,93.0,0.0,0.0,3557.262,91.0,0.0,0.5,3.0,0,0,4
60.0,54.0,54.0,612.85895,1342.0,54.0,247.00668,667.34735,575.6295,355.57,256.0,15.0,1.3016204,6.0,0,0,4
60.0,54.0,54.0,552.0,970.2277,60.0,214.33333,466.20956,505.20108,576.53394,256.0,3.0,1.1781793,6.0,0,0,4
639.4184,54.0,54.0,1468.6833,110.69471,60.0,354.28717,0.0,0.0,3903.6602,89.0249,0.0,0.5,2.0,0,0,4
662.0,54.0,54.0,2657.0647,104.0,60.0,389.22324,0.0,0.0,4478.492,88.0,0.0,0.5,2.0,0,0,4
768.8994,78.0,76.0,2406.3042,86.0,613.0,408.53952,0.0,0.0,5462.894,80.0,0.0,0.5,2.0,0,0,4
262.0,74.0,74.0,610.0,102.0,60.0,253.14722,0.0,0.0,1907.277,94.933685,0.0,0.6666667,3.0,0,0,4
60.0,74.0,81.0,459.0,256.0,60.0,77.61539,26.398653,19.5,732.7361,248.25848,0.0,1.2517325,7.0,0,0,4
76.5,54.0,54.0,613.0,975.62994,60.0,256.33334,476.8473,508.02252,775.34814,245.89224,7.9377112,1.0,5.0,0,0,4
262.0,54.0,54.0,617.0,256.0,60.0,259.66666,6.6100626,11.802573,1507.6079,115.06741,0.0,0.75,3.0,0,0,4
792.0171,74.0,60.0,5748.4067,88.677246,611.0,475.16266,0.0,0.0,5692.8843,79.873314,0.0,0.5,2.0,0,0,4
77.25344,54.0,53.104427,663.0,1808.0088,0.0,265.82706,1677.6725,614.4479,359.4667,256.0,34.20579,1.1838778,5.0,3,0,4
581.0,80.0,86.0,617.0,91.0,581.0,264.0,0.0,0.0,4405.0645,90.0,0.0,0.5,2.0,0,0,4
486.0,74.0,80.0,614.0,95.0,262.0,259.41797,0.0,0.0,3914.8337,91.0,0.0,0.5,2.0,0,0,4
662.0,55.0,54.0,917.69946,95.0,147.30946,347.1974,0.0,0.0,4407.7866,86.0,0.0,0.5,2.0,0,0,4
708.6419,54.0,54.0,6829.903,97.0,72.98845,470.98474,0.0,0.0,5131.4604,85.0,0.0,0.5,2.0,0,0,4
641.0,54.0,54.0,1426.1141,95.0,90.0,334.7116,0.0,0.0,4548.4873,88.0,0.0,0.5,2.0,0,0,4
567.0,54.0,54.0,786.0,256.0,60.0,306.86557,9.0,0.0,3699.3477,91.94341,0.0,0.5,2.0,0,0,4
291.09033,60.0,95.0,180.0,206.01839,60.0,87.57676,0.0,0.0,1022.3881,95.0,0.0,1.0,7.0,0,0,4
262.0,54.0,54.0,613.0,151.81006,60.0,258.4,1.7185643,0.0,2165.6738,95.0,0.0,0.75,4.0,0,0,4
618.8821,86.0,86.0,611.0,94.224625,589.0,259.0,0.0,0.0,4503.7686,88.24801,0.0,0.5,2.0,0,0,4
446.0,54.0,54.0,629.0,111.0,60.0,264.0,0.0,0.0,2567.1265,92.99511,0.0,0.6666667,3.0,0,0,4
73.80142,54.0,54.0,567.0,256.0,60.0,218.68956,322.6023,208.91985,1438.8801,212.74773,0.0,1.0,5.0,0,0,4
611.3294,86.0,91.0,573.5572,93.0,465.70645,243.0,0.0,0.0,4253.4556,91.0,0.0,0.5,3.0,0,0,4
641.0,54.0,54.0,7357.0005,256.0,60.0,427.31912,26.398653,16.5,4376.501,91.0,9.0,0.5,2.0,0,0,4
611.0,54.0,54.0,795.0,111.0,60.0,313.22562,0.0,0.0,3901.0374,91.0,0.0,0.5,2.0,0,0,4
71.13556,54.0,54.0,610.0,1072.5919,60.0,243.0,469.36456,511.61588,579.28046,256.0,7.0,1.1,5.0,0,0,4
80.0,74.0,81.0,524.0,114.92574,60.0,208.58748,0.0,0.0,1758.9215,110.0,0.0,0.8,4.7330437,0,0,4
149.61285,78.0,81.0,524.0,99.122314,89.0,222.70105,0.0,0.0,1761.6637,95.0,0.0,0.7050653,4.0,0,0,4
76.5,54.0,54.0,610.0,848.0,60.0,244.45087,403.75134,410.4236,796.6454,241.05504,3.0,1.0,5.0,0,0,4
367.1103,54.0,54.0,734.0,1086.975,54.0,281.0,389.95886,441.4598,1371.2448,147.69783,11.192892,0.7675205,3.0,0,0,4
403.44623,54.0,54.0,644.0,150.0,60.0,265.0,2.8467562,0.0,2699.532,93.0,0.0,0.6666667,3.0,0,0,4
60.0,54.0,55.0,495.33157,371.03183,60.0,91.62503,255.70468,225.22452,436.3119,256.0,0.0,1.2871605,7.0,0,0,4
725.88934,86.0,80.0,757.0,91.0,662.0,331.70682,0.0,0.0,5493.4233,85.46941,0.0,0.5,2.0,0,0,4
262.0,54.0,54.0,795.0,1380.7946,1.2270543e-14,293.91263,562.18866,567.4894,1000.6104,179.4924,18.0,0.8656104,3.0,3,0,4
612.8198,81.0,86.0,629.0,90.0,611.7791,266.66666,0.0,0.0,4516.241,90.0,0.0,0.5,2.0,0,0,4
60.0,54.0,54.0,592.9983,1784.0,0.0,224.898,1671.1636,607.7823,228.57149,288.36285,17.208332,1.3333334,7.0,3,0,4
795.0,89.0,77.03086,1732.1589,91.0,694.616,386.67877,0.0,0.0,5970.3223,80.0,0.0,0.5,2.0,0,0,4
663.0,93.0,85.0,567.0,248.0,581.421,251.91376,0.0,0.0,4495.0137,86.0,0.0,0.5,2.0,0,0,4
262.0,77.61539,93.0,311.4688,139.65372,64.465675,86.0,0.0,0.0,1224.3197,97.0,0.0,0.84966475,5.0,0,0,4
525.2237,86.86482,93.0,459.0,95.0,79.65038,88.0,0.0,0.0,1759.6334,95.0,0.0,0.6666667,4.0,0,0,4
706.39606,86.0,80.0,734.0,91.0,662.0,314.60294,0.0,0.0,5451.5273,83.0,0.0,0.5,2.0,0,0,4
795.0,95.0,74.0,757.0,256.0,757.0,338.34595,0.0,0.0,6743.2,74.0,0.0,0.37327573,2.0,0,0,4
76.5,54.0,54.0,617.0,1376.3649,54.0,258.4,648.669,573.4303,376.60852,256.0,15.0,1.1095948,5.0,0,0,4
523.0,82.0,91.0,524.0,93.0,262.0,216.08347,0.0,0.0,3318.1453,92.0,0.0,0.6666667,3.0,0,0,4
734.0,95.0,80.0,567.0698,256.0,613.0,256.9576,0.0,0.0,5309.7314,81.0,0.0,0.5,2.0,0,0,4
313.49384,55.0,60.0,613.0,104.0,60.0,258.4,0.0,0.0,2654.4282,93.0,0.0,0.6666667,3.0,0,0,4
79.79437,54.0,54.0,613.0,944.0467,60.0,258.36942,319.73444,361.0,730.09094,240.67175,3.0,1.0,5.0,0,0,4
60.0,54.0,54.0,610.0,1303.4907,54.0,228.50464,1200.9243,586.379,417.4276,256.0,14.226849,1.3157895,7.0,0,0,4
60.0,54.0,54.0,494.0,848.0,60.0,87.2,485.7798,505.70288,447.14856,256.0,0.0,1.2857143,7.0,0,0,4
80.59487,54.0,54.0,606.2195,256.0,60.0,243.0,18.834808,16.5,1495.832,149.14145,0.0,0.85809255,4.0,0,0,4
262.0,77.68524,91.0,459.0,148.27377,60.0,82.0,0.0,0.0,1497.2349,97.0,0.0,0.89118433,5.0,0,0,4
615.6008,91.0,90.0,486.0,146.0,262.0,135.14935,0.0,0.0,3141.853,91.0,0.0,0.5,3.0,0,0,4
79.5,54.0,54.0,662.0,1511.0583,3.3518666e-14,264.0,1027.7444,586.4475,607.5332,256.0,17.0,1.1,5.0,3,0,4
641.0,54.0,54.0,6231.304,256.0,60.0,415.27274,4.5135317,0.0,4404.4023,91.0,3.0,0.5,2.0,0,0,4
60.0,54.0,54.0,523.0,1158.8163,60.0,90.94086,610.4318,563.94336,330.4677,257.7912,7.0,1.3584449,8.0,0,0,4
60.0,60.0,78.0,459.0,256.0,60.0,77.61539,292.64474,148.47324,571.4319,256.0,0.0,1.3039359,8.0,0,0,4
615.2735,74.0,74.0,683.0,93.442085,262.0,284.52872,0.0,0.0,4171.971,87.972466,0.0,0.5,2.0,0,0,4
166.0,78.06729,86.0,524.0,97.0,118.457535,214.53105,0.0,0.0,2304.6904,95.0,0.0,0.6666667,4.0,0,0,4
629.0,87.2,89.60762,459.0,256.0,211.25626,93.0,0.0,0.0,2635.1936,91.062546,0.0,0.5077761,3.0,0,0,4
663.0,86.0,81.0,663.0,91.0,629.1555,292.85678,0.0,0.0,4969.479,86.0,0.0,0.5,2.0,0,0,4
613.0,90.0,90.97715,524.0,95.0,477.3154,229.33333,0.0,0.0,3783.2346,91.0,0.0,0.5,2.0,0,0,4
613.0,54.0,54.0,1462.2286,248.0,60.0,346.83884,0.0,0.0,3500.0396,91.0,0.0,0.5,2.0,0,0,4
262.0,71.323296,93.46724,282.5468,149.06943,60.0,86.0,0.0,0.0,961.09985,95.0,0.0,0.86216795,5.0,0,0,4
480.0,74.0,79.0,613.0,97.0,159.26163,259.0,0.0,0.0,3672.8862,91.0,0.0,0.5,2.0,0,0,4
613.0,90.0,91.0,524.0,95.0,480.58322,231.34969,0.0,0.0,3503.08,91.0,0.0,0.5,2.0,0,0,4
79.49513,54.0,54.0,644.0,1779.0225,0.0,264.0,873.303,587.60284,329.1483,256.0,18.456604,1.0,5.0,3,0,4
76.5,54.0,54.0,612.0,875.4602,60.0,250.80458,389.95886,407.902,755.9377,246.90068,4.0,1.0,5.0,0,0,4
734.0,54.0,54.0,5219.7964,93.0,271.34473,415.98767,0.0,0.0,5097.704,81.0,0.0,0.5,2.0,0,0,4
262.0,54.0,54.0,757.0,1399.4795,0.0,281.0,558.26636,567.74066,762.1204,227.24658,17.329966,1.0,4.0,3,0,4
617.0,55.0,54.150448,757.0,95.70043,90.0,309.66666,0.0,0.0,4099.6055,89.0,0.0,0.5,2.0,0,0,4
663.0,93.0,83.0,524.0,256.0,540.1742,225.33333,0.0,0.0,4471.004,86.0,0.0,0.5,2.0,0,0,4
683.0,95.0,81.271126,484.0,256.0,472.85223,136.60533,0.0,0.0,4405.7476,89.0,0.0,0.5,2.0,0,0,4
734.0,95.0,80.0,567.0,256.0,613.0,256.33334,0.0,0.0,5366.008,81.0,0.0,0.5,2.0,0,0,4
60.0,54.0,54.0,589.384,1262.0,59.532856,225.33333,543.79144,547.282,473.48648,256.0,9.0,1.2948574,6.0,0,0,4
571.7692,54.0,54.0,2678.9072,994.301,60.0,372.97586,461.7789,480.51544,2707.767,93.0,15.693636,0.6,2.0,3,0,4
480.0,55.0,55.0,629.0,111.0,60.0,264.1909,0.0,0.0,2616.7512,92.0,0.0,0.5,2.0,0,0,4
610.0,54.0,54.0,908.7726,200.99182,60.0,322.59506,0.0,0.0,3198.795,91.0,0.0,0.5,2.0,0,0,4
114.82986,54.0,49.60792,724.46063,1808.5043,0.0,274.0,1484.6296,606.6024,366.618,256.0,35.182148,1.0,4.0,3,0,4
535.5802,80.0,86.0,613.2793,91.0,523.0,259.66666,0.0,0.0,4103.394,91.0,0.0,0.5,2.0,0,0,4
617.0,81.0,86.0,644.0,90.0,612.0,274.0,0.0,0.0,4671.507,86.0,0.0,0.5,2.0,0,0,4
629.0,55.0,55.0,807.7568,93.0,262.0,314.3624,0.0,0.0,4736.493,88.0,0.0,0.5,2.0,0,0,4
662.0,54.0,54.0,1784.0,95.70043,87.18189,364.32605,0.0,0.0,4556.333,86.0,0.0,0.5,2.0,0,0,4
495.56625,86.0,91.0,523.9384,93.0,262.0,213.33333,0.0,0.0,2549.4778,92.0,0.0,0.6368019,3.0,0,0,4
496.04138,54.115875,54.0,641.0,111.0,60.0,267.66666,0.0,0.0,2632.178,91.81895,0.0,0.5,2.0,0,0,4
563.4809,77.61539,93.0,306.0,114.0,76.5,91.0,0.0,0.0,1464.0724,95.0,0.0,0.6666667,4.0,0,0,4
639.6481,91.0,86.0,589.0,102.0,564.8865,256.33334,0.0,0.0,4498.528,87.86988,0.0,0.5,2.0,0,0,4
76.5,54.0,54.0,567.0,256.0,60.0,219.33333,35.666016,36.005367,1224.7202,206.60411,0.0,1.0,5.0,0,0,4
79.5,54.0,60.0,567.0,253.73648,60.0,223.66667,21.204636,16.5,1562.1254,149.71959,0.0,0.9264819,5.0,0,0,4
619.7348,74.0,74.0,719.5522,91.0,493.25024,298.0,0.0,0.0,4707.1836,86.0,0.0,0.5,2.0,0,0,4
501.7657,60.0,73.84708,629.0,97.0,90.0,265.0,0.0,0.0,3504.7693,91.0,0.0,0.5,2.0,0,0,4
79.5,54.0,54.0,612.0,1038.1759,60.0,257.559,387.44617,403.8118,578.3135,224.81558,7.0,0.9491219,4.0,0,0,4
483.0,82.56538,91.0,485.81973,95.0,80.0,127.31078,0.0,0.0,2278.944,95.0,0.0,0.6666667,4.0,0,0,4
60.0,54.0,54.0,523.0,633.5522,60.0,92.0,389.95886,361.70078,603.08417,256.0,0.0,1.3309966,7.0,0,0,4
613.0,54.0,54.0,2332.655,256.0,60.0,364.6207,6.650675,0.0,4037.401,91.0,2.0891957,0.5,2.0,0,0,4
755.2013,82.0,80.0,1288.947,86.0,644.0,363.79614,0.0,0.0,5713.3813,85.0,0.0,0.5,2.0,0,0,4
131.68196,54.0,54.0,613.0,256.0,60.0,258.4,18.834808,16.5,1699.0972,148.64906,0.0,0.8865392,4.0,0,0,4
80.0,60.0,74.0,567.0,129.19673,60.0,223.66667,2.998295e-15,0.0,1762.3934,114.88161,0.0,0.85714287,4.8817334,0,0,4
60.0,74.0,81.0,459.0,256.0,60.0,75.12529,21.232964,16.5,730.6195,200.83067,0.0,1.3088166,7.378853,0,0,4
523.0,81.0,86.0,611.87274,91.0,521.8208,258.4,0.0,0.0,3777.9927,91.0,0.0,0.5,2.0,0,0,4
114.83496,74.0,78.0,524.0,111.0,60.0,219.87444,0.0,0.0,1499.7517,98.52359,0.0,0.75,4.0,0,0,4
540.21515,55.0,55.0,661.8188,100.0,60.0,267.66666,0.0,0.0,3244.9436,91.0,0.0,0.5,2.0,0,0,4
480.0,81.0,90.0,524.0,94.93,262.0,219.33333,0.0,0.0,2445.7834,92.25042,0.0,0.6666667,3.0,0,0,4
503.79138,54.0,54.0,757.0,256.0,60.0,288.83286,4.541898,0.0,2767.1572,93.0,0.0,0.6666667,2.0,0,0,4
641.0,54.0,54.0,5569.883,250.61496,60.0,413.53085,1.6572634,0.0,4367.1416,91.0,2.2284741,0.5,2.0,0,0,4
757.0,83.03383,79.8,1162.6821,87.283806,644.4235,364.37823,0.0,0.0,5598.923,85.0,0.0,0.5,2.0,0,0,4
262.0,54.0,54.0,751.70386,1328.8202,54.0,283.33334,518.08704,547.43195,901.1943,150.17368,17.0,0.77841836,3.0,3,0,4
662.0712,91.0,86.0,589.0,146.0,595.122,258.4,0.0,0.0,4717.516,86.0,0.0,0.5,2.0,0,0,4
60.0,54.0,54.0,524.0,1775.994,26.029596,145.98175,1674.6594,607.7054,225.18011,324.4292,15.706207,1.4285715,8.0,0,0,4
60.0,54.0,54.0,613.0,1443.3313,54.0,252.55017,721.3326,578.1652,318.8501,256.0,15.0,1.2927948,6.0,0,0,4
617.0,90.0,90.0,529.112,95.0,482.6631,234.24663,0.0,0.0,4103.051,90.187645,0.0,0.5,2.0,0,0,4
166.0,80.05577,90.0,484.0,98.59241,78.33073,92.0,0.0,0.0,1696.3934,97.0,0.0,0.75,5.0,0,0,4
663.0,93.0,86.0,524.0,256.0,493.00876,219.33333,0.0,0.0,4412.3965,88.0,0.0,0.5,2.0,0,0,4
663.0,94.5268,86.0,521.17676,256.0,494.0,217.4172,0.0,0.0,4338.9233,86.64075,0.0,0.5,2.0,0,0,4
613.0,86.0,91.0,552.0,95.0,462.0355,232.79175,0.0,0.0,4103.0977,91.0,0.0,0.5,3.0,0,0,4
262.0,78.333336,91.0,459.0,148.56448,63.973667,82.0,0.0,0.0,1498.9095,97.0,0.0,0.9285714,5.0,0,0,4
60.0,54.0,54.0,524.0,816.5656,60.0,208.33333,346.52838,361.0,613.4988,256.0,0.0,1.0909091,6.0,0,0,4
480.0,79.0,86.0,609.46844,95.0,477.0,258.4,0.0,0.0,3311.1094,91.0,0.0,0.5,2.0,0,0,4
663.0,93.0,85.74946,524.0,256.0,541.1969,228.0982,0.0,0.0,4408.8037,86.0,0.0,0.5,2.0,0,0,4
60.0,54.0,54.0,488.17026,1281.7333,54.0,87.2,1630.0585,595.5703,256.59885,323.59918,11.0,1.4285715,11.0,0,0,4
85.0,78.0,82.0,523.0,116.78444,79.5,136.80215,0.0,0.0,1759.7769,101.37691,0.0,0.85714287,5.0,0,0,4
632.2827,91.0,86.0,555.22144,114.0,523.0,243.49707,0.0,0.0,4376.181,88.24364,0.0,0.5,2.0,0,0,4
60.0,60.0,78.0,459.0,256.0,60.0,77.61539,197.83177,67.22889,579.24084,256.0,0.0,1.2772495,7.0,0,0,4
653.0664,77.61539,86.0,262.0,256.0,148.92728,95.0,0.0,0.0,2591.9778,91.0,0.0,0.5,3.0,0,0,4
663.0,95.0,84.80331,488.1718,256.0,480.0,208.33333,0.0,0.0,4281.4536,88.0,0.0,0.5,2.0,0,0,4
65.12214,74.0,80.0,493.9799,171.78572,60.0,128.43993,1.677474,0.0,1175.9519,150.0,0.0,0.9761192,5.0,0,0,4
134.51259,54.0,54.0,613.0,256.0,60.0,258.4,26.870058,20.0,1703.632,147.80539,0.0,0.85714287,4.0,0,0,4
527.98737,54.0,54.0,2336.9023,1244.9515,54.0,358.7897,476.6042,505.95184,2487.005,95.0,16.761269,0.6666667,2.0,3,0,4
313.41895,54.0,54.0,734.0,1078.969,60.0,281.0,463.77008,498.71777,1695.0839,129.64755,13.0,0.75,3.0,3,0,4
70.83636,54.0,54.0,568.174,328.212,60.0,219.33333,318.89966,340.346,940.6401,247.41403,0.0,1.0909091,6.0,0,0,4
610.10645,82.80896,91.0,312.79846,179.60431,80.0,91.0,0.0,0.0,1852.6013,93.0,0.0,0.6666667,4.0,0,0,4
630.39056,91.0,86.0,552.0,114.0,494.0,242.74641,0.0,0.0,4406.576,90.0,0.0,0.5,2.0,0,0,4
610.0,86.0,91.0,524.0,93.0,460.83133,231.77454,0.0,0.0,3673.8745,91.0,0.0,0.5,2.0,0,0,4
60.0,60.0,78.0,477.0,256.0,60.0,77.870834,247.0865,53.773834,782.9333,256.0,0.0,1.3045958,7.609108,0,0,4
617.0,84.64448,90.0,366.77686,256.0,92.0,91.0,0.0,0.0,2654.216,92.0,0.0,0.6666667,4.0,0,0,4
610.0,54.0,54.0,1447.387,249.20921,60.0,327.90097,0.0,0.0,3757.5605,91.0,0.0,0.5,2.0,0,0,4
486.0,80.0,86.0,610.0,93.0,484.0,258.4,0.0,0.0,3394.657,91.0,0.0,0.5,2.0,0,0,4
486.0,54.951996,55.0,641.0,110.0,60.0,265.0,0.0,0.0,2839.7646,92.0,0.0,0.5714286,2.0,0,0,4
757.0,95.0,76.0,683.0,256.0,757.0,309.38464,0.0,0.0,6368.9834,77.0,0.0,0.5,2.0,0,0,4
757.0,95.0,76.0,663.0,256.0,757.0,298.76465,0.0,0.0,6272.93,77.269966,0.0,0.5,2.0,0,0,4
262.0,54.0,54.0,641.0,354.13986,60.0,264.31622,26.870058,38.471706,1504.9784,126.818825,0.09768051,0.7701225,3.0,0,0,4
378.2565,54.0,54.0,738.47595,1180.5524,54.0,283.33334,400.49866,470.7201,1456.7565,129.6998,13.0,0.75,3.0,0,0,4
721.5714,90.0,79.82906,707.59766,95.0,693.4305,309.66666,0.0,0.0,5888.629,80.0,0.0,0.5,2.0,0,0,4
494.0,60.0,74.0,617.0,100.0,89.0,264.33334,0.0,0.0,2832.357,91.0,0.0,0.5,2.0,0,0,4
610.0,74.0,78.0,662.0,93.12893,477.0,274.0,0.0,0.0,4187.527,89.0,0.0,0.5,2.0,0,0,4
60.0,54.0,54.0,612.0,1262.0,54.0,245.66667,622.45905,567.45245,569.94684,256.0,13.0,1.207651,6.0,0,0,4
572.7167,80.0,82.0,617.0,91.0,498.0,264.2873,0.0,0.0,3970.1047,90.0,0.0,0.5,2.0,0,0,4
734.0,81.0,80.0,908.38586,86.0,629.0,357.32336,0.0,0.0,5412.968,86.0,0.0,0.5,2.0,0,0,4
696.3909,81.0,81.0,746.22766,86.50835,614.0,321.98615,0.0,0.0,4969.722,86.0,0.0,0.5,2.0,0,0,4
496.25195,80.0,86.0,610.0,93.0,483.0,258.4,0.0,0.0,2708.3652,91.0,0.0,0.5,2.0,0,0,4
60.0,65.10389,80.0,477.0,255.50133,60.0,78.333336,26.870058,19.629318,756.07,254.56311,0.0,1.1047871,7.0,0,0,4
240.8842,54.0,55.0,611.0,150.0,60.0,256.33334,0.0,0.0,1823.7224,97.19493,0.0,0.75,4.0,0,0,4
60.0,54.0,54.0,544.9001,1262.0,60.0,209.18748,647.16943,567.7199,368.77444,256.0,9.10156,1.3320866,7.0,0,0,4
612.6226,90.0,91.0,524.0,95.0,381.9218,216.58542,0.0,0.0,3185.333,91.0,0.0,0.5,3.0,0,0,4
666.82,81.0,81.0,713.6477,88.0,614.0,309.66666,0.0,0.0,5026.8506,86.0,0.0,0.5,2.0,0,0,4
479.88013,54.0,54.0,650.979,111.0,60.0,265.71307,0.0,0.0,2784.2305,93.0,0.0,0.6666667,3.0,0,0,4
76.703285,55.0,60.0,552.0,248.0,60.0,218.80133,21.279482,16.5,1700.1873,149.89357,0.0,0.9285714,5.0,0,0,4
92.0,54.0,54.0,662.0,1262.0,54.0,264.33334,577.88727,564.00134,1003.7037,230.05132,15.0,1.0,4.0,0,0,4
80.0,54.0,54.0,612.3,930.97876,60.0,257.75818,159.33682,287.15723,578.7197,215.99014,3.0,0.9782609,4.0,0,0,4
644.0,93.0,86.0,479.0496,256.0,313.59198,131.88434,0.0,0.0,3478.0474,91.0,0.0,0.5,3.0,0,0,4
391.77902,54.0,49.0,1784.0,1779.2944,0.0,327.66666,1206.4044,594.1888,1320.6729,167.12717,35.022087,0.8,3.0,3,0,4
134.49062,55.0,60.0,610.0,141.50795,60.0,243.1779,1.6693794,0.0,2068.6787,102.0,0.0,0.7904895,4.0,0,0,4
750.8976,95.0,78.0,613.0,256.0,663.0,265.0,0.0,0.0,5753.45,80.0,0.0,0.5,2.0,0,0,4
483.69284,54.0,54.0,1784.0,1249.2478,54.0,327.66666,462.3593,506.3485,1910.3726,114.98504,15.0,0.75,3.0,3,0,4
76.5,54.0,55.0,552.0,256.0,60.0,219.33333,292.99496,111.67613,1288.5198,178.1376,0.0,0.9285714,5.0,0,0,4
60.0,54.0,54.0,613.0,1342.0,54.0,254.43536,670.92523,576.1979,362.62354,256.0,15.0,1.3052214,6.0,0,0,4
691.78046,93.0,81.0,613.0,248.0,631.42975,264.0,0.0,0.0,5203.751,81.0,0.0,0.5,2.0,0,0,4
80.0,54.0,54.0,638.55164,1262.0,54.0,262.68164,518.7276,549.6695,670.5347,252.95465,13.0,1.0,5.0,0,0,4
499.42325,86.0,93.0,493.25403,93.0,148.36105,136.5312,0.0,0.0,2304.6755,93.0,0.0,0.6666667,4.0,0,0,4
262.0,60.0,64.8888,597.0,111.0,60.0,254.55406,0.0,0.0,1490.087,95.0,0.0,0.6666667,3.0,0,0,4
693.3881,78.0,78.0,798.97656,91.0,597.0,336.14713,0.0,0.0,4902.2695,82.0,0.0,0.5,2.0,0,0,4
617.0,86.0,86.0,611.8784,93.0,589.0,259.0,0.0,0.0,4458.491,89.0,0.0,0.5,2.0,0,0,4
499.69644,55.0,55.0,644.0,110.0,60.0,267.66666,0.0,0.0,2754.1357,91.333336,0.0,0.5,2.0,0,0,4
610.5671,60.0,60.0,683.0,95.0,262.0,281.0,0.0,0.0,4380.406,90.0,0.0,0.5,2.0,0,0,4
114.83712,54.0,54.0,663.0,1262.0,54.0,266.3171,639.02216,567.6405,1119.725,235.8618,15.0,1.0,4.0,3,0,4
712.5835,95.0,80.0,612.0,256.0,642.7178,263.88486,0.0,0.0,5412.969,80.0,0.0,0.5,2.0,0,0,4
79.5,54.0,54.0,612.0,810.7251,60.0,252.66667,304.14212,346.11496,1024.8009,231.20183,0.0,1.0,5.0,0,0,4
663.0,91.0,82.0,613.0,146.0,617.0,263.51257,0.0,0.0,4967.509,83.0,0.0,0.5,2.0,0,0,4
262.0,60.0,66.0,597.0,111.0,60.0,245.66667,0.0,0.0,1759.4718,95.0,0.0,0.7360273,3.0,0,0,4
74.0,54.0,54.0,627.7756,1777.8336,0.0,258.4,1196.6084,595.0631,316.49216,256.0,17.677238,1.2070553,5.0,3,0,4
707.0,95.0,80.0,568.09296,256.0,613.0,257.33334,0.0,0.0,5117.57,81.0,0.0,0.5,2.0,0,0,4
476.7741,86.0,93.0,459.0,101.838646,76.5,86.6,0.0,0.0,1490.0784,95.0,0.0,0.75,5.0,0,0,4
610.0,54.0,54.0,1440.1571,248.57909,60.0,327.66666,0.0,0.0,3707.3655,91.0,0.0,0.5,2.0,0,0,4
60.0,54.0,54.0,524.0,1262.0,54.0,141.95273,651.21094,567.7931,317.11987,262.57144,9.435524,1.3614393,7.5549927,0,0,4
480.0,82.0,91.0,486.0,95.0,89.0,132.98643,0.0,0.0,1918.3352,95.0,0.0,0.6666667,4.0,0,0,4
702.92426,95.0,80.0,578.48267,256.0,613.0,257.68533,0.0,0.0,5089.4653,82.0,0.0,0.5,2.0,0,0,4
683.0,76.0,78.0,806.3115,91.0,589.0,336.94446,0.0,0.0,4942.6006,82.0,0.0,0.5,2.0,0,0,4
616.0,87.2,90.0,477.0,248.0,218.52257,91.0,0.0,0.0,2733.962,91.595604,0.0,0.6,3.0,0,0,4
262.0,78.0,86.0,524.0,96.65937,163.02444,219.94745,0.0,0.0,2634.713,93.0,0.0,0.6666667,4.0,0,0,4
683.0,54.0,54.0,2116.344,93.0,262.0,379.60425,0.0,0.0,4952.405,86.0,0.0,0.5,2.0,0,0,4
60.0,67.14286,82.0,319.75516,256.0,60.0,74.0,26.398653,18.966263,736.61163,201.67354,0.0,1.3011942,8.0,0,0,4
262.0,54.0,54.0,616.37714,256.0,60.0,258.4,26.644663,16.5,2296.283,102.0,0.0,0.75,4.0,0,0,4
616.0,91.0,90.0,494.0,146.0,366.7118,208.33333,0.0,0.0,3303.8445,91.0,0.0,0.5,3.0,0,0,4
114.83575,54.0,54.0,663.0,1304.3036,54.0,266.7749,640.39844,567.78723,839.6752,243.90671,16.28655,1.0,4.0,3,0,4
60.0,54.0,54.0,624.02277,1823.4899,0.0,258.4,1679.2015,638.6951,225.17686,272.634,29.096745,1.3333334,6.0,3,0,4
481.3137,77.61539,95.0,306.0,114.65722,66.74116,86.0,0.0,0.0,1487.4886,95.0,0.0,0.75,5.0,0,0,4
60.0,54.0,54.0,616.0,1790.5703,0.0,257.57968,1679.4517,621.07404,264.89136,262.57144,22.0,1.3333334,7.0,3,0,4
238.88385,60.0,76.0,589.0,111.0,60.0,243.0,0.0,0.0,2160.3506,95.0,0.0,0.6666667,3.0270638,0,0,4
495.3627,81.0,86.5787,597.0,92.88474,485.77292,258.39465,0.0,0.0,2980.117,91.0,0.0,0.5,2.0,0,0,4
60.0,54.0,54.0,612.55115,1784.0,0.0,252.15894,1333.4103,603.918,234.78163,256.0,17.742588,1.2967238,6.0,3,0,4
494.0,54.0,54.0,662.0,100.0,60.0,267.66666,0.0,0.0,3904.7551,92.0,0.0,0.6666667,2.6229317,0,0,4
60.0,74.0,81.0,459.0,248.68484,60.0,77.61539,21.30311,16.5,733.72986,248.0,0.0,1.0909091,7.0,0,0,4
76.5,54.0,54.0,589.7181,815.36835,60.0,229.33333,389.95886,361.0,1025.1357,233.44559,0.0,1.0,5.0,0,0,4
630.0435,90.0,86.0,613.0,95.0,611.0,259.66666,0.0,0.0,4576.87,86.0,0.0,0.5,2.0,0,0,4
757.0,91.0,78.57143,748.69885,95.0,698.0,323.66666,0.0,0.0,5904.4126,80.0,0.0,0.5,2.0,0,0,4
478.3466,54.0,54.0,662.50616,225.76427,60.0,267.66666,0.0,0.0,2507.2534,93.0,0.0,0.6666667,3.0,0,0,4
567.0,54.0,54.0,1783.2764,264.8153,60.0,329.7284,26.870058,20.0,2802.892,93.0,7.0,0.6666667,2.0,0,0,4
589.0,54.0,54.0,1678.345,256.0,60.0,328.04715,5.8690214,1.6388631,3180.791,92.0,1.9167454,0.5714286,2.0,0,0,4
769.92114,80.0,80.0,1842.7562,86.0,617.2006,401.37964,0.0,0.0,5630.062,80.0,0.0,0.5,2.0,0,0,4
641.0,54.0,54.0,908.33276,95.0,133.49423,328.4658,0.0,0.0,4542.36,86.0,0.0,0.5,2.0,0,0,4
641.0,89.0,85.0,616.5894,95.0,617.0,265.0,0.0,0.0,4789.622,86.0,0.0,0.5,2.0,0,0,4
477.8022,76.0,81.0,613.0,95.0,476.8806,258.4,0.0,0.0,3911.653,91.0,0.0,0.5,3.0,0,0,4
637.1827,90.0,86.0,613.0,95.0,613.0,264.0,0.0,0.0,4623.484,86.0,0.0,0.5,2.0,0,0,4
644.0,91.0,86.0,524.0,146.0,494.0,230.60126,0.0,0.0,4495.137,89.0,0.0,0.5,2.0,0,0,4
60.0,54.0,54.0,611.0,1262.0,54.0,243.044,634.8054,567.59534,579.2299,256.0,11.0,1.25,6.0,0,0,4
378.48663,60.0,74.0,613.0,104.0,62.281292,258.4,0.0,0.0,2679.667,92.0,0.0,0.6,3.0,0,0,4
76.5,54.0,55.0,524.0,256.0,60.0,214.33333,75.82491,28.492117,1407.0884,182.52223,0.0,1.0,5.0,0,0,4
643.49207,91.0,86.0,610.0,102.0,610.0,258.4,0.0,0.0,4536.061,86.0,0.0,0.5,2.0,0,0,4
527.18646,60.0,74.0,630.8544,95.0,262.0,265.0,0.0,0.0,4059.1775,91.0,0.0,0.5,2.0,0,0,4
145.86824,54.0,54.0,665.9027,1287.2485,54.0,267.66666,645.57776,567.78723,1020.10583,210.13264,17.0,0.9457698,4.0,3,0,4
613.0,55.0,54.0,707.0,97.0,87.285095,292.7546,0.0,0.0,3947.7795,90.05759,0.0,0.5,2.0,0,0,4
480.0,83.0216,91.0,494.0,95.0,149.05492,184.72185,0.0,0.0,1762.6461,93.0,0.0,0.6666667,3.0,0,0,4
60.0,54.0,54.0,581.0,1262.0,54.0,219.33333,652.92334,569.57745,324.98114,256.0,11.0,1.3178626,7.0,0,0,4
629.0,54.0,54.0,5593.343,256.0,60.0,403.56857,1.9495963,0.0,4326.1675,91.0,3.0,0.5,2.0,0,0,4
650.31146,54.0,54.0,2610.7915,111.0,60.0,387.53705,0.0,0.0,4363.548,90.0,0.0,0.5,2.0,0,0,4
662.0,91.0,86.0,611.0,102.0,610.0,258.78363,0.0,0.0,4890.2363,86.0,0.0,0.5,2.0,0,0,4
617.0,82.0,86.0,641.0,90.0,611.45953,268.26132,0.0,0.0,4466.1685,86.0,0.0,0.5,2.0,0,0,4
610.0,90.0,91.0,483.0,104.98292,162.92445,131.88564,0.0,0.0,2634.2976,92.0,0.0,0.5848057,3.0,0,0,4
60.0,54.0,54.0,524.0,1286.4237,54.0,136.83485,1189.6692,582.34467,310.1282,262.57144,11.0,1.3370966,7.471029,0,0,4
687.9756,55.0,54.0,1784.0,93.0,262.0,373.9382,0.0,0.0,4715.4688,86.0,0.0,0.5,2.0,0,0,4
721.5714,60.18423,60.0,1953.8583,91.0,589.0,388.8154,0.0,0.0,5371.0195,81.0,0.0,0.5,2.0,0,0,4
632.1365,86.0,86.0,618.923,93.0,617.0,265.0,0.0,0.0,4902.458,86.0,0.0,0.5,2.0,0,0,4
781.7733,74.0,60.0,5547.9688,89.0,611.0,468.34766,0.0,0.0,5744.4355,80.0,0.0,0.5,2.0,0,0,4
644.0,54.0,54.0,1810.6586,97.0,60.0,364.38354,0.0,0.0,4548.404,87.9879,0.0,0.5,2.0,0,0,4
480.0,80.0,86.0,597.0,93.0,477.0,257.315,0.0,0.0,2669.2166,91.0,0.0,0.5,2.0,0,0,4
60.0,55.0,60.0,498.0,256.0,60.0,129.26073,26.870058,29.276693,755.23145,248.0,0.0,1.0909091,6.0,0,0,4
734.0,93.0,78.89506,662.0,248.0,710.69385,283.33334,0.0,0.0,5880.174,80.0,0.0,0.5,2.0,0,0,4
80.0,54.0,54.0,597.0,322.5799,60.0,243.0,27.382982,42.062565,894.50806,171.78572,0.0,0.85979867,4.0,0,0,4
310.85657,54.0,54.0,734.0,970.0,60.0,277.62137,389.95886,390.14343,1720.5547,147.85353,10.0,0.85714287,3.0,0,0,4
430.24606,54.0,49.0,1784.0,1750.5044,0.0,328.4549,854.1777,581.1568,1327.7128,150.1802,29.432486,0.8,3.0,3,0,4
714.1808,114.0,80.0,524.0,256.0,597.0,229.25566,0.0,0.0,4829.886,84.90516,0.0,0.5,2.0,0,0,4
644.0,54.0,54.0,2603.669,111.0,60.0,387.73532,0.0,0.0,4405.5903,89.0,0.0,0.5,2.0,0,0,4
496.01422,55.0,60.0,641.0,100.0,60.65358,265.71707,0.0,0.0,3736.322,91.0,0.0,0.5,2.0,0,0,4
641.0,90.0,86.0,591.5872,102.0,567.0,257.88248,0.0,0.0,4589.675,86.117165,0.0,0.5,2.0,0,0,4
262.0,81.0,90.0,493.5753,97.0,80.0,133.34467,0.0,0.0,1724.2778,95.0,0.0,0.75,4.0,0,0,4
610.0,54.0,54.0,738.0497,104.0,60.0,298.63986,0.0,0.0,3913.4922,91.0,0.0,0.5,2.0,0,0,4
76.5,54.0,54.0,617.0,1505.7828,47.470417,258.4,706.78345,576.91644,376.07556,256.0,16.363825,1.0597334,5.0,3,0,4
60.0,55.0,74.0,481.6356,256.0,60.0,85.0,294.56107,118.631485,791.274,256.0,0.0,1.3096174,7.0,0,0,4
422.5566,73.54154,74.0,613.0,97.0,85.0,258.4,0.0,0.0,2644.6213,92.0,0.0,0.6666667,3.0,0,0,4
60.0,54.0,54.0,617.0,1847.7509,0.0,258.4,1774.2938,648.3295,224.76178,317.7867,48.448547,1.3333334,6.404057,3,0,4
612.0,54.0,54.0,1784.0,248.0,60.0,348.044,0.0,0.0,3876.2898,91.0,0.0,0.5,2.0,0,0,4
698.0,95.0,80.0,524.0,256.0,588.13153,229.33333,0.0,0.0,4793.4116,86.0,0.0,0.5,2.0,0,0,4
65.134384,54.0,54.0,616.0,1677.3988,0.0,258.4,886.13635,587.50006,312.62784,256.0,17.0,1.25,5.0,3,0,4
262.0,54.0,55.0,613.0,150.0,60.0,258.4,0.0,0.0,1926.4132,95.0,0.0,0.6666667,3.0,0,0,4
552.0,54.0,54.0,1830.3055,899.46466,60.0,349.46503,420.92685,372.42892,2707.4578,93.0,13.45212,0.6666667,2.0,3,0,4
446.0,74.0,80.0,613.0,95.0,262.0,258.4,0.0,0.0,3506.2659,92.0,0.0,0.6,3.0,0,0,4
617.0,86.0,87.46537,612.0,93.0,587.8004,258.84467,0.0,0.0,4495.8774,88.0,0.0,0.5,2.0,0,0,4
480.0,80.0,86.0,600.1237,93.0,462.83942,257.33334,0.0,0.0,3184.5657,91.0,0.0,0.5,2.0,0,0,4
77.757324,54.0,54.0,581.0,256.0,60.0,225.4436,26.50852,20.0,1019.59735,180.87486,0.0,0.9782609,5.0,0,0,4
724.37805,78.0,78.49871,1689.215,89.0,612.0,368.8402,0.0,0.0,5338.76,80.0,0.0,0.5,2.0,0,0,4
60.0,74.0,80.0,483.79407,217.12402,60.0,87.2,3.0960033,0.0,821.7341,190.99567,0.0,1.0,6.0,0,0,4
76.5,54.0,54.0,612.0,848.0,60.0,245.66667,434.15738,459.21402,1166.0902,248.0,3.0,1.0953637,5.0,0,0,4
60.0,54.0,54.0,589.0,912.5713,60.0,223.66667,461.44052,495.75415,734.34344,256.0,3.0,1.2118921,6.0,0,0,4
82.51903,74.0,76.0,524.0,118.0,60.0,219.17297,0.0,0.0,1311.8607,116.510414,0.0,0.75,4.0,0,0,4
60.0,54.0,54.0,616.0,1856.5145,0.0,258.4,1788.576,652.691,224.87532,306.1385,57.695473,1.3157895,6.998171,3,0,4
699.2758,91.0,80.0,662.2299,140.17928,698.0,283.33334,0.0,0.0,5746.564,80.0,0.0,0.5,2.0,0,0,4
610.0,54.0,54.0,698.0,97.0,60.0,288.73236,0.0,0.0,3909.8389,91.0,0.0,0.5,2.0,0,0,4
610.0,54.0,54.0,707.7241,100.0,60.0,291.0,0.0,0.0,3878.8489,91.0,0.0,0.5,2.0,0,0,4
617.0,86.0,86.0,617.0,91.0,613.2322,265.0,0.0,0.0,4493.7827,88.0,0.0,0.5,2.0,0,0,4
262.0,77.61539,91.0,402.9816,147.76378,62.1597,85.0,0.0,0.0,1311.4425,97.0,0.0,0.85714287,5.0,0,0,4
683.0,91.0,81.0,611.0,248.0,615.3925,259.0,0.0,0.0,5295.0386,82.49427,0.0,0.5,2.0,0,0,4
262.0,54.0,54.0,613.0,256.0,60.0,258.4,21.06561,16.5,1761.6162,104.426636,0.0,0.75,4.0,0,0,4
613.0,67.14286,91.0,183.7212,256.0,76.5,92.83622,0.0,0.0,1882.3179,93.75646,0.0,0.6666667,5.0,0,0,4
641.0,90.0,85.75994,617.0,93.0,629.0,265.0,0.0,0.0,4790.8936,86.0,0.0,0.5,2.0,0,0,4
262.0,83.0,91.0,459.0,119.99623,73.927895,84.903305,0.0,0.0,1685.8701,95.0,0.0,0.85714287,5.0,0,0,4
262.0,54.0,54.0,617.0,201.58247,60.0,259.0,0.0,0.0,1902.0535,95.0,0.0,0.6666667,3.0,0,0,4
811.0,86.0,77.0,2616.946,86.0,663.0,415.78748,0.0,0.0,5912.4487,81.0,0.0,0.5,2.0,0,0,4
544.2119,54.0,54.0,793.8728,256.0,60.0,299.0,1.9734163,0.0,2837.8542,92.79036,0.0,0.6666667,2.0,0,0,4
617.0,82.0,86.0,644.0,90.0,613.85956,272.0,0.0,0.0,4886.7803,89.0,0.0,0.5,2.0,0,0,4
496.02792,54.0,54.0,663.0,111.0,60.0,272.0,0.0,0.0,3739.3015,92.0,0.0,0.5714286,2.0,0,0,4
262.0,82.68477,91.0,480.0,97.70632,79.5,87.2,0.0,0.0,1501.9147,95.0,0.0,0.75,4.0,0,0,4
381.90918,80.0,86.0,581.0,95.0,262.0,245.9761,0.0,0.0,2612.44,92.0,0.0,0.5,3.0,0,0,4
613.83,54.0,54.0,786.0,95.0,88.26752,309.66666,0.0,0.0,4404.11,90.0,0.0,0.5,2.0,0,0,4
60.0,54.0,54.0,612.0,1304.5051,54.0,245.66667,668.2256,574.5291,400.08575,256.0,14.156701,1.2919371,6.0,0,0,4
476.43198,60.0,60.0,616.0,101.96844,60.0,259.66666,0.0,0.0,2652.7454,92.0,0.0,0.5714286,2.0,0,0,4
80.75363,55.0,60.0,581.0,150.0,60.0,225.33333,0.0,0.0,1713.4152,147.72266,0.0,0.89538664,4.0,0,0,4
715.7273,80.0,80.0,909.83527,86.0,629.0,350.36996,0.0,0.0,5499.5063,83.0,0.0,0.5,2.0,0,0,4
78.16888,54.0,54.0,593.1965,339.63327,60.0,239.33333,72.54817,70.890236,801.3489,205.33005,0.0,1.0,5.0,0,0,4
486.0,78.333336,95.0,445.7339,100.15294,76.5,86.0,0.0,0.0,1700.884,95.0,0.0,0.79808474,5.0,0,0,4
610.0,78.0,80.0,643.3053,91.0,494.54578,267.66666,0.0,0.0,4372.871,90.0,0.0,0.5,2.0,0,0,4
613.0,74.0,78.0,663.0,92.0,492.4504,274.67798,0.0,0.0,4459.447,88.315216,0.0,0.5,2.0,0,0,4
617.0,80.69572,86.0,662.0,90.74794,610.0,274.0,0.0,0.0,4543.825,86.0,0.0,0.5,2.0,0,0,4
625.48505,54.0,54.0,5007.135,248.47379,60.0,391.76947,0.5,0.0,4180.2617,91.0,0.0,0.5,2.0,0,0,4
611.0,84.31405,89.036026,612.0,91.0,567.0,259.0,0.0,0.0,4293.1255,91.0,0.0,0.5,2.0,0,0,4
80.12452,54.0,54.0,644.0,1262.0,54.0,264.0,622.8459,566.31274,1231.2437,228.18336,14.892631,1.0,5.0,3,0,4
306.12302,80.0,82.92631,567.0,95.0,262.0,243.0,0.0,0.0,2276.1064,92.0,0.0,0.5990124,3.0,0,0,4
90.0,80.0,86.0,482.43445,147.72104,76.5,87.2,0.0,0.0,1486.0367,100.0,0.0,0.85714287,5.0,0,0,4
493.60208,55.0,55.0,631.2232,102.0,60.0,265.0,0.0,0.0,2948.0713,91.83219,0.0,0.50496215,2.0,0,0,4
663.0,86.611404,86.0,317.72217,256.0,262.0,95.0,0.0,0.0,3504.5864,91.0,0.0,0.5,3.0,0,0,4
723.71173,83.0,80.0,794.812,87.178116,641.0,338.66046,0.0,0.0,5445.0825,86.0,0.0,0.5,2.0,0,0,4
446.0,54.0,54.0,795.0,1225.4723,54.0,299.0,426.43195,481.382,1690.408,114.90784,14.0,0.6666667,3.0,3,0,4
734.0,95.763466,80.0,567.0,256.0,613.0,254.38745,0.0,0.0,5385.827,81.0,0.0,0.5,2.0,0,0,4
711.56665,92.9232,79.887665,631.334,256.0,695.96204,274.0,0.0,0.0,5744.619,80.0,0.0,0.5,2.0,0,0,4
309.0,54.0,54.0,696.4126,968.0357,60.0,274.0,286.71878,346.93503,1434.1567,147.67578,8.667413,0.8,3.0,0,0,4
567.0,86.0,91.46023,524.0,92.0,262.0,211.33333,0.0,0.0,2923.469,92.0,0.0,0.6666667,3.42896,0,0,4
737.83734,74.0,65.954704,2062.7554,90.0,597.0,401.369,0.0,0.0,5295.74,80.0,0.0,0.5,2.0,0,0,4
114.0,61.918034,93.0,211.84145,211.66966,60.0,82.0,0.0,0.0,1226.3092,100.0,0.0,1.0,7.0,0,0,4
71.17707,54.0,54.0,610.0,1181.012,60.0,243.0,507.01425,529.3244,610.9079,256.0,9.0,1.0909091,5.0,0,0,4
617.0,86.0,86.0,617.0,91.0,613.0,265.0,0.0,0.0,4587.8096,86.0,0.0,0.5,2.0,0,0,4
612.0,74.0,78.0,663.0,93.0,486.0,278.25784,0.0,0.0,4540.511,88.58192,0.0,0.5,2.0,0,0,4
142.88795,54.0,54.0,617.0,256.0,60.0,258.41797,129.37247,69.91757,1700.5845,149.55493,0.0,0.9285714,4.0,0,0,4
477.46777,80.0,86.0,552.0,95.0,262.0,225.83078,0.0,0.0,2657.509,92.0,0.0,0.6666667,3.0,0,0,4
589.0,54.0,54.0,786.0,118.0,60.0,306.53214,0.0,0.0,3790.053,91.0,0.0,0.5,2.0,0,0,4
589.0,81.0,88.41972,613.0,91.0,588.68207,264.0,0.0,0.0,3967.7317,89.0,0.0,0.5,2.0,0,0,4
704.3619,54.0,54.0,7476.6885,110.86873,60.0,554.835,0.0,0.0,4903.0356,86.0,0.0,0.5,2.0,0,0,4
73.76508,74.0,80.0,494.0,149.7563,60.0,132.38928,1.7888061,0.0,1447.4172,118.0,0.0,0.89404285,5.0,0,0,4
610.0,86.0,91.0,524.0,93.0,266.50174,215.62074,0.0,0.0,3816.3782,91.06221,0.0,0.5714286,3.0,0,0,4
60.0,54.0,54.0,611.16486,1792.4418,0.0,239.33333,1691.7319,638.364,225.21843,323.86487,20.0,1.4285715,7.0,3,0,4
669.13043,78.0,79.0,767.3769,91.0,589.0,327.66666,0.0,0.0,4713.0073,82.0,0.0,0.5,2.0,0,0,4
262.0,74.0,81.0,581.0,97.0,114.0,235.98311,0.0,0.0,2788.298,93.0,0.0,0.6666667,4.0,0,0,4
282.79495,54.0,54.0,786.0,1290.1979,54.0,290.0857,551.2047,559.1445,1301.1975,159.62338,17.0,0.83568174,3.0,3,0,4
614.0,55.0,55.0,757.0,95.0,98.68248,308.2247,0.0,0.0,4412.963,90.0,0.0,0.5,2.0,0,0,4
492.43527,54.0,54.0,1726.1187,1262.0,54.0,327.66666,389.95886,469.89764,1746.9631,95.0,15.0,0.6666667,2.0,3,0,4
558.22406,82.0,88.0,610.0,91.0,523.0,258.4,0.0,0.0,3616.5264,91.0,0.0,0.5,2.0,0,0,4
78.99567,74.0,78.0,524.0,148.08382,60.0,208.53416,0.0,0.0,1427.668,111.70325,0.0,0.85714287,5.0,0,0,4
581.0,86.0,91.0,523.23395,93.0,262.0,212.82713,0.0,0.0,2635.3667,92.0,0.0,0.6666667,3.0,0,0,4
61.39675,54.0,54.0,615.01587,1501.6738,5.5461288e-14,258.25986,663.8915,578.45514,323.03632,256.0,15.0,1.3144271,6.0,0,0,4
66.42586,54.0,54.0,567.0,848.0,60.0,219.50858,287.173,345.99573,578.753,253.65529,0.0,1.0,5.0,0,0,4
599.04517,54.0,54.0,1780.6858,256.0,60.0,338.06708,5.9074454,0.0,3760.108,91.422966,0.14321476,0.5,2.0,0,0,4
275.09348,78.87281,86.0,580.57855,95.0,262.0,243.0,0.0,0.0,2958.6597,92.0,0.0,0.6666667,3.0,0,0,4
613.0,54.0,54.0,1488.633,111.0,60.0,332.66653,0.0,0.0,3936.1406,91.0,0.0,0.5,2.0,0,0,4
262.0,81.0,91.0,468.41574,147.0296,64.65227,84.471886,0.0,0.0,1758.2808,97.0,0.0,0.8983869,5.0,0,0,4
698.0,92.0,80.0,629.0,185.59697,663.0,269.44766,0.0,0.0,5492.0884,80.0,0.0,0.5,2.0,0,0,4
662.0,86.0,81.0,662.0,91.0,617.0,283.28787,0.0,0.0,4789.304,86.0,0.0,0.5,2.0,0,0,4
314.08167,54.0,54.0,663.0,848.0,60.0,272.0,311.72583,345.29376,1494.2117,102.0,8.0,0.6666667,3.0,0,0,4
757.0,114.0,78.0,524.0,256.0,613.0,242.76088,0.0,0.0,5370.779,81.0,0.0,0.5,2.0,0,0,4
80.0,54.0,54.0,617.0,731.35144,60.0,258.4,389.95886,365.2972,1652.838,218.57802,3.0,1.014143,5.0,0,0,4
477.0,54.0,51.12449,1784.0,1304.835,7.2400737,329.83698,547.8335,559.0534,1687.7456,144.31429,18.84173,0.75,3.0,3,0,4
617.0,54.0,54.0,923.087,97.0,64.92951,323.66666,0.0,0.0,4502.8833,90.0,0.0,0.5,2.0,0,0,4
617.0,87.2,90.0,459.0,256.0,149.53279,91.60928,0.0,0.0,2640.8152,91.97202,0.0,0.6,3.0,0,0,4
610.0,54.0,54.0,2589.803,256.0,60.0,364.37036,26.870058,19.528206,3911.054,91.63793,7.0,0.5,2.0,0,0,4
812.5693,81.0,77.50207,5005.4526,81.0,662.0,468.40845,0.0,0.0,5903.7446,81.0,0.0,0.5,2.0,0,0,4
262.0,54.0,54.0,740.1034,1342.0,5.866529e-14,281.0,549.58856,567.2342,757.8112,209.71231,17.0,0.96022296,4.0,3,0,4
698.0,54.0,54.0,5698.9385,97.0,60.0,415.89624,0.0,0.0,4743.713,86.0,0.0,0.5,2.0,0,0,4
494.0,54.0,54.0,711.64966,256.0,60.0,281.0,4.0260296,0.0,2635.8687,93.0,0.0,0.6666667,2.0,0,0,4
60.0,78.54484,86.0,477.0,193.4208,60.0,79.66411,0.0,0.0,1333.695,110.0,0.0,1.0,6.0,0,0,4
710.9102,95.0,80.0,610.0,256.0,629.0,259.0,0.0,0.0,5385.743,81.0,0.0,0.5,2.0,0,0,4
68.26926,54.0,54.0,613.0,1370.0983,54.0,258.04135,1206.7114,586.4325,571.993,256.0,16.0,1.0909091,5.0,3,0,4
610.771,86.0,91.0,563.27435,93.0,456.8953,234.30618,0.0,0.0,3916.9785,91.0,0.0,0.5,3.0,0,0,4
60.0,54.0,54.0,524.0,848.0,60.0,209.00563,313.60858,359.47894,417.3142,256.0,0.0,1.0909091,6.0,0,0,4
661.96136,89.0,81.0,641.0,93.0,651.1819,274.0,0.0,0.0,5122.6597,86.0,0.0,0.5,2.0,0,0,4
629.0,77.0,78.0,697.21765,91.0,503.0,285.961,0.0,0.0,4498.351,86.0,0.0,0.5,2.0,0,0,4
644.0,54.0,54.0,1687.4747,97.0,60.0,352.07397,0.0,0.0,4406.86,88.0,0.0,0.5,2.0,0,0,4
381.84344,60.0,74.0,613.0,100.3806,60.0,258.4,0.0,0.0,2704.2144,92.78468,0.0,0.6666667,3.0,0,0,4
698.0,81.0,80.98315,785.57434,86.0,617.0,327.66666,0.0,0.0,5315.0156,86.0,0.0,0.5,2.0,0,0,4
663.0,86.0,81.0,663.0,91.0,641.0,291.0,0.0,0.0,5190.683,86.0,0.0,0.5,2.0,0,0,4
782.4423,80.73461,78.91722,2090.047,86.0,630.99316,408.56226,0.0,0.0,5698.176,81.0,0.0,0.5,2.0,0,0,4
60.0,74.0,81.0,483.0,207.03783,60.0,87.2,1.7592486,0.0,1273.2717,118.0,0.0,1.0,6.0,0,0,4
495.93265,85.0,91.0,524.0,93.0,262.0,218.83362,0.0,0.0,2589.864,92.0,0.0,0.5887456,3.0,0,0,4
241.07019,81.0,86.0,523.0,95.0,117.42941,208.33333,0.0,0.0,1700.6335,95.0,0.0,0.6917415,4.0,0,0,4
262.0,74.0,79.0,589.0,100.0,85.0,244.07127,0.0,0.0,2290.3188,93.0,0.0,0.6666667,3.0,0,0,4
166.0,77.61539,91.0,347.79327,160.71303,60.0,81.0,0.0,0.0,1494.5105,97.0,0.0,1.0,6.0,0,0,4
262.0,81.0,90.0,486.0,97.0,80.0,131.89679,0.0,0.0,1701.1349,95.0,0.0,0.75,4.0,0,0,4
481.05582,74.0,74.0,616.0,97.0,91.798996,259.66666,0.0,0.0,3217.0166,91.333336,0.0,0.5541086,2.0,0,0,4
486.0,54.0,54.0,663.0,118.0,60.0,269.2181,0.0,0.0,3032.0806,92.0,0.0,0.6666667,2.0,0,0,4
76.5,73.6685,78.0,524.0,148.14012,60.0,208.33333,0.0,0.0,1433.6628,118.0,0.0,0.85714287,5.0,0,0,4
611.0,54.0,54.0,1685.2507,150.0,60.0,332.21555,0.40334597,0.0,4195.1587,91.0,0.0,0.5,2.0,0,0,4
617.0,78.333336,90.0,307.2818,256.0,105.95448,93.0,0.0,0.0,2417.223,92.0,0.0,0.6666667,4.0,0,0,4
484.0,78.0,81.0,613.0,93.0,480.0,258.47955,0.0,0.0,3908.2002,91.0,0.0,0.5,2.0,0,0,4
476.99155,81.0,90.0,524.0,95.0,148.32458,211.255,0.0,0.0,2387.7734,93.0,0.0,0.6666667,4.0,0,0,4
80.0,54.0,54.0,581.0,256.0,60.0,233.33333,21.279482,19.71339,902.22565,163.15155,0.0,0.85714287,4.0,0,0,4
446.0,54.0,54.0,662.39197,256.0,60.0,267.66666,7.430876,1.6629589,2304.8364,95.0,0.0,0.6666667,3.0,0,0,4
617.0,91.0,89.0,524.0,102.0,484.0,229.33333,0.0,0.0,4007.0894,90.0,0.0,0.5,2.0,0,0,4
680.83417,91.0,80.0,644.0,101.63076,663.0,276.8234,0.0,0.0,5449.3286,81.0,0.0,0.5,2.0,0,0,4
567.0,54.0,54.0,1689.5161,305.87396,60.0,327.66666,26.870058,20.0,2681.7102,93.0,7.0,0.6666667,2.0,0,0,4
611.0,84.668015,91.0,309.0,248.0,83.16866,91.0,0.0,0.0,1757.0499,92.85825,0.0,0.6666667,4.0,0,0,4
699.2202,90.0,80.0,697.5761,93.0,663.0,308.2836,0.0,0.0,5440.14,81.0,0.0,0.5,2.0,0,0,4
734.0,77.0,74.0,1803.768,89.0,610.0,388.34604,0.0,0.0,5329.908,80.0,0.0,0.5,2.0,0,0,4
734.0,89.0,79.8,755.84344,93.0,663.0,326.23322,0.0,0.0,5776.3813,81.0,0.0,0.5,2.0,0,0,4
697.67224,81.0,81.0,757.0,86.0,615.97186,323.66666,0.0,0.0,5252.533,83.71098,0.0,0.5,2.0,0,0,4
683.0,54.0,54.0,7166.118,150.0,60.0,471.7927,0.0,0.0,4494.69,86.0,0.0,0.5,2.0,0,0,4
662.0,80.0,82.08395,707.0,89.0,613.0,298.35797,0.0,0.0,5291.7715,85.0,0.0,0.5,2.0,0,0,4
629.7782,87.2,89.0,459.0,256.0,258.5707,93.0,0.0,0.0,2836.4514,91.0,0.0,0.5,3.0,0,0,4
65.008125,75.04636,80.0,486.0,171.79715,60.0,89.0,0.0,0.0,898.6361,118.0,0.0,0.9798657,5.0,0,0,4
483.0,54.0,54.0,814.4401,848.0,60.0,307.70114,316.88702,346.42487,2283.7595,95.0,10.0,0.6666667,3.0,0,0,4
662.0,93.0,86.0,486.0,256.0,431.4154,162.01326,0.0,0.0,4055.7495,90.0,0.0,0.5,3.0,0,0,4
477.0,54.0,54.0,695.3088,256.0,60.0,274.0,3.7754445,1.6909554,1940.507,95.0,0.0,0.6666667,3.0,0,0,4
560.1664,60.0,60.0,660.2734,97.0,85.72867,267.66666,0.0,0.0,3706.2053,91.0,0.0,0.5,2.0,0,0,4
734.0,54.0,54.0,6652.8145,95.0,89.0,473.61145,0.0,0.0,4915.4463,82.0,0.0,0.5,2.0,0,0,4
613.43353,74.0,74.0,663.0,92.0,480.08987,281.0,0.0,0.0,4404.0986,88.78613,0.0,0.5,2.0,0,0,4
64.6822,54.0,50.671574,647.84503,1847.53,0.0,264.0,1739.7292,644.824,225.23746,257.9372,65.129944,1.3086922,5.0,3,0,4
757.0,80.0,79.99889,1784.0,86.0,630.4259,387.4736,0.0,0.0,5760.714,82.0,0.0,0.5,2.0,0,0,4
262.0,78.0,81.0,581.0,95.0,262.0,241.19968,0.0,0.0,2714.9153,93.0,0.0,0.6666667,3.0,0,0,4
614.31537,63.17007,74.0,698.0,93.0,480.0,286.6641,0.0,0.0,4539.7734,88.0,0.0,0.5,2.0,0,0,4
597.0,54.0,54.0,2275.4148,318.0,60.0,363.09012,80.9687,37.593327,3541.9536,92.0,9.0,0.5714286,2.0,0,0,4
523.0,80.0,86.0,612.3869,92.96421,493.97443,258.4,0.0,0.0,4148.423,91.0,0.0,0.5,2.0,0,0,4
478.69864,85.80908,93.0,459.0,108.12728,76.5,86.0,0.0,0.0,1736.8503,95.0,0.0,0.8,5.0,0,0,4
613.0,60.0,55.0,698.0,95.0,114.0,289.06342,0.0,0.0,3969.0698,90.0,0.0,0.5,2.0,0,0,4
