bwd_seg_size_avg,pkt_len_min,fwd_pkt_len_min,totlen_bwd_pkts,fwd_pkt_len_max,bwd_pkt_len_min,pkt_len_mean,fwd_pkt_len_std,bwd_pkt_len_std,flow_byts_s,fwd_pkt_len_mean,psh_flag_cnt,down_up_ratio,fwd_act_data_pkts,syn_flag_cnt,fin_flag_cnt,Label
195.92377,54.0,54.0,8982.782,89.0,60.0,394.18182,119.3153,121.824425,17242.115,89.0,11.0,1.1666666,5.0,0,0,7
254.55995,88.83127,54.0,7414.0,453.8407,60.0,344.2596,0.0,0.0,1099.0256,78.0,13.0,0.5,2.0,0,0,7
158.02477,54.0,54.0,6505.7197,1514.0,60.0,263.9688,150.70563,282.88306,53238.715,110.983536,115.133354,1.0,4.0,0,2,7
179.0,54.0,54.0,5108.588,828.14197,54.0,1256.8695,461.2647,491.9969,18425.2,89.0,37.85882,0.6666667,5.0,0,0,7
338.7846,54.0,54.0,226.0,408.9187,196.0,122.60499,0.0,0.0,159.60806,150.56377,13.0,0.5,5.0,0,0,7
214.6672,54.0,54.0,4368.884,621.9437,102.546814,103.0,0.0,0.0,3987.4946,199.19054,0.0,0.5,6.0,0,0,7
365.40714,54.0,60.0,249.82883,699.4634,60.0,420.92566,228.6721,535.11597,137541.28,75.0,13.0,0.33333334,3.0,0,0,7
226.0,54.0,58.863796,5077.4175,1514.0,88.85157,89.333336,0.0,55.58296,227578.44,60.0,0.0,0.5,18.0,3,0,7
225.80266,54.0,54.0,7621.629,198.59032,182.0,115.333336,0.0,0.0,20941.645,101.0284,22.610342,0.5,5.0,0,0,7
251.17786,82.0,66.0,268.0,1514.0,60.0,338.45578,81.57218,11.785113,588.94037,87.7898,0.0,2.316869,2.0,0,0,7
192.0,54.0,54.0,5160.916,522.0,60.0,233.46785,541.36346,595.4079,4886.775,84.0,30.869452,0.5,5.0,3,0,7
345.29004,54.0,54.0,5038.817,206.97192,60.0,389.3464,147.56635,506.0769,28862.625,96.0,5.0,1.3333334,2.0,0,0,7
250.54378,54.0,54.0,4365.375,1192.0,171.0,100.0,0.0,0.0,18456.195,122.8,76.0,0.7554237,2.0,3,0,7
100.764145,54.0,54.0,359.0,530.0,60.0,256.95532,239.84962,0.0,1369.5645,82.0,0.0,1.1538461,12.0,0,0,7
99.0,54.0,54.0,5854.0,1292.0,60.0,297.6628,0.0,0.0,25906.207,163.58333,0.0,0.5,14.0,0,0,7
241.0,54.0,54.0,5111.0,530.0,74.0,236.65402,0.0,0.0,233787.9,71.99048,12.0,0.5,3.0,0,0,7
214.65388,54.0,60.0,8044.6387,530.0,60.0,257.42297,0.0,11.785113,1049.6897,88.99068,0.0,0.5,5.0,0,0,7
173.83092,54.0,54.0,5100.963,522.0,60.0,309.42206,0.0,105.24246,1095.928,96.0,0.0,0.5,5.0,0,0,7
94.347595,54.0,54.0,7156.581,174.83507,60.0,569.0227,123.852264,266.43677,29104.152,82.0,19.0,0.8,6.0,0,0,7
113.60583,54.0,54.0,7672.3013,483.05502,54.0,319.96002,146.71,292.55734,1093.7805,83.89396,0.0,0.5835936,6.0,0,0,7
196.0,54.0,62.0,6406.2246,443.00394,60.0,136.0,0.0,0.0,256578.66,147.52853,32.259476,0.5,4.0,0,0,7
192.44543,54.0,54.0,215.0431,374.0,95.277626,111.69763,1.0712632,0.0,13694.312,240.46153,10.0,1.3333334,3.0,0,0,7
206.0,54.0,54.0,4730.0835,474.86676,60.0,387.80298,342.72137,483.14355,2414.6492,411.61282,0.0,0.5,3.0,0,0,7
347.52942,54.0,54.0,891.2133,632.87555,60.0,330.8924,0.0,211.09756,6376.538,244.79962,0.0,0.5,2.0,0,0,7
147.0,54.0,54.0,4977.5254,1514.0,60.0,410.96957,430.02798,494.30823,97.96647,82.11396,19.0,0.6,5.0,0,0,7
204.0,54.0,54.0,5868.034,273.93372,60.0,307.91724,174.95024,496.7904,172063.66,66.0,10.0,1.6941584,4.0,0,0,7
347.2629,54.0,60.0,5182.115,514.8972,60.0,418.3893,336.495,525.36847,3405.868,82.0,0.0,0.8094827,2.0,0,2,7
344.73334,54.0,54.0,6413.5786,1514.0,74.0,135.66667,0.0,0.0,20634.85,80.75774,0.0,1.0,2.0,0,2,7
319.0,54.0,60.0,1820.5629,633.7212,140.5952,111.666664,0.0,0.0,21773.94,71.9827,0.0,0.5,3.0,0,0,7
207.47713,54.0,54.0,4411.7095,1514.0,60.0,277.54556,122.60386,150.86864,2316.7637,496.8804,0.0,0.5,3.0,0,0,7
141.0,54.0,60.0,5180.0,1514.0,60.0,331.40012,244.03201,506.98535,56466.258,158.64062,0.0,0.5,3.0,0,0,7
300.50504,54.0,54.0,5854.0,89.0,60.0,342.87756,0.0,0.0,6379.9375,82.0,11.0,0.5381452,2.0,0,0,7
884.6952,54.0,54.0,205.0,619.23004,60.0,171.15193,55.362392,11.785113,177042.66,67.68699,10.0,1.7423792,0.0,0,0,7
209.0,54.0,60.0,5908.0,443.55045,60.0,456.6987,577.18427,612.82043,51670.066,162.79584,0.0,0.5716325,5.0,0,0,7
343.2357,54.0,55.0,4467.884,989.66736,60.0,173.66667,0.0,0.0,228364.23,108.25343,1.0,0.5273234,2.0,0,0,7
196.0,54.0,54.0,7076.887,1193.0258,60.0,143.33333,86.12223,0.0,3247.6025,136.37996,144.06456,0.09586474,5.0,0,0,7
188.0,54.0,60.0,294.96213,1292.0,60.0,912.99,277.7666,9.0,695.4752,146.45773,0.0,0.5,3.0,0,0,7
76.48775,54.0,54.0,209.0,529.54114,54.0,854.02655,156.32289,0.0,1088.6713,451.93457,0.0,0.5,16.166607,0,0,7
272.74893,54.0,54.0,6317.752,162.99869,54.0,1238.7056,308.3452,111.12012,133627.72,78.0,0.0,0.5,5.0,0,0,7
363.03873,54.0,54.0,6019.375,1292.0,60.0,279.31067,0.0,0.0,5028.0493,264.9042,38.97242,0.6666667,2.0,0,0,7
182.35446,54.0,60.0,5180.0,529.0,60.0,287.37283,375.85767,501.90613,1117.531,80.0,17.0,0.5,5.0,0,0,7
278.8289,54.0,54.0,7303.774,106.46765,229.0,82.333336,0.0,0.0,221306.1,91.0,0.0,0.6666667,3.0,0,0,7
177.0,54.0,54.0,5854.0,1293.8938,54.0,1238.057,475.9164,594.0349,74961.44,130.03024,0.0,0.5,5.0,0,0,7
241.0,54.0,54.0,7635.3945,87.740685,60.0,229.21895,0.0,0.0,596.5373,78.0,0.0,0.5,3.0,0,0,7
182.0,54.0,60.0,226.0,483.34805,60.0,421.37445,19.709785,0.0,296534.84,153.43373,76.0,1.0,6.0,0,0,7
149.16154,54.0,54.0,5133.4004,457.6877,60.0,178.6375,605.2197,557.15546,2674.0505,225.10901,0.0,0.5,5.0,0,0,7
226.0,54.0,54.0,311.74316,1514.0,60.0,134.66667,529.6183,591.89746,10955.498,240.28584,73.941376,0.5,3.0,0,1,7
347.52942,54.0,54.0,7910.9414,274.69345,54.0,269.56668,213.7597,495.2603,1397.2048,97.0,98.77593,2.0,2.0,0,0,7
226.0,54.0,54.0,763.4956,90.12799,60.0,143.33333,0.0,56.237335,1780.3553,89.0,0.0,0.6666667,3.0,0,0,7
319.72842,91.0,54.0,5585.674,634.7893,64.0,268.36505,0.0,0.0,27220.672,75.0,0.0,1.2570252,2.0,0,0,7
226.0,54.0,54.0,299.63766,1375.2958,54.0,475.01535,492.929,539.19415,1093.2303,121.09462,72.997055,0.5,3.8969965,0,0,7
128.29684,54.0,60.0,5075.759,1514.0,60.0,266.74933,74.188705,222.18661,1365.355,331.59784,20.0,0.5,7.0,0,0,7
355.00433,54.0,54.0,1059.0654,1514.0,74.0,136.0,0.0,0.0,34652.06,78.0,8.0,1.3057941,2.0,0,0,7
149.80289,54.0,54.0,4427.127,305.93094,54.0,453.4361,518.1078,522.8693,9641.246,298.45044,0.0,2.0,5.0,0,0,7
562.0152,54.0,54.0,5169.0825,1468.6665,227.49144,92.333336,0.0,0.0,21867.723,137.10252,0.0,1.2307693,2.0,0,0,7
204.48506,54.0,54.0,5171.0,580.3984,60.0,394.8695,227.46684,283.01163,10851.799,241.77406,0.0,0.5,5.0,0,0,7
311.91138,54.0,54.0,295.59518,116.68901,60.0,242.12868,0.0,0.0,352604.78,96.725914,0.0,1.0993875,3.0,0,0,7
226.76239,54.0,54.0,387.57568,531.0,60.0,236.97935,211.05276,267.75632,4935.3984,260.08908,4.0,0.5,3.0,0,0,7
171.0,78.0,54.0,7161.885,95.0,62.83466,328.93726,0.0,0.0,134220.19,60.0,0.0,0.5,5.0,0,0,7
206.0,54.0,54.0,7801.4756,79.84989,60.0,215.35042,0.0,0.0,2588.4048,77.0,12.0,0.6666667,5.0,0,0,7
251.0,54.0,54.0,205.0,374.0,90.0,218.29793,0.0,0.0,2633.2017,151.44911,1.0,0.5,4.0,0,0,7
229.0,54.0,54.0,5908.73,1412.9298,74.0,168.32402,0.0,0.0,75.90079,529.0,0.0,0.5,4.0,0,0,7
141.0,54.0,60.0,5077.798,638.8942,54.0,313.43613,293.63815,363.0463,1526.6954,522.3699,0.0,0.5,6.0,0,0,7
295.69232,54.0,54.0,5767.549,1514.0,54.0,1036.968,530.9927,514.1616,336.73138,1364.8657,0.0,0.5,2.0,0,0,7
357.3154,54.0,73.581024,5543.726,1394.0886,60.0,341.95566,0.0,0.0,31267.914,79.0,0.0,1.1666666,2.0,0,2,7
224.17769,54.0,54.0,226.0,990.2438,60.0,229.01051,0.0,0.0,24559.064,163.58333,11.0,0.5,3.0,3,0,7
328.4198,54.0,54.0,209.0,96.0,60.0,375.745,0.0,0.0,5761.904,94.0,0.0,0.5,5.0,0,0,7
128.96819,54.0,60.0,5721.229,1514.0,84.13187,108.0,0.0,0.0,1759.2566,83.79179,0.0,1.1111112,8.0,0,0,7
205.9472,54.0,54.0,4408.9365,374.0,60.0,136.35419,172.2958,295.35168,7748.9126,78.0,4.5368466,1.3256729,4.0,0,0,7
94.78339,89.0,54.0,296.12146,996.60406,54.0,300.87747,280.61554,503.07028,1184.0459,79.0,17.0,0.5,14.0,0,0,7
68.333336,54.0,54.0,6116.098,91.0,60.0,387.76422,0.0,0.0,204372.67,89.0,0.0,0.6666667,41.13432,0,0,7
195.96371,54.0,54.0,5180.0,530.0,60.0,513.38525,175.03563,496.85022,3234.1309,263.1453,76.358665,0.5,3.0,3,0,7
319.0,54.0,54.0,5179.1963,318.41846,60.0,360.2556,525.29297,595.62933,107970.99,66.33349,12.0,0.5,3.0,0,0,7
112.98403,54.0,54.0,306.67612,1514.0,60.0,199.19844,0.0,0.0,1818.773,203.77943,0.0,0.5,13.0,0,0,7
179.0,54.0,54.0,7157.8784,1514.0,60.0,164.20985,501.53305,546.672,1108.1245,95.0,0.0,1.0,5.0,0,0,7
232.9633,88.91563,60.0,7788.813,504.85287,60.0,311.53827,175.14444,97.570076,221146.0,156.91405,20.0,0.5,3.0,0,0,7
94.99895,54.0,54.0,488.73877,1779.0295,60.0,249.22061,358.12424,494.78107,17235.764,74.0,12.0,1.7108538,6.0,0,0,7
206.0,54.0,54.0,6836.829,105.676216,60.0,408.30283,0.0,0.0,1755.4415,91.0,0.0,0.5,5.0,0,0,7
630.44354,54.0,54.0,887.1649,1514.0,60.0,327.64328,0.0,0.0,17543.941,90.16098,0.0,1.1538461,2.0,3,0,7
171.0,74.0,60.0,5854.0,1514.0,60.0,262.2223,0.0,0.0,37341.484,115.743546,0.0,1.8333334,4.0,0,0,7
303.8012,84.0,54.0,5898.738,532.0,60.0,275.61774,6.1248536,0.0,19448.25,231.0889,0.0,0.5,2.0,3,0,7
347.5449,54.0,60.0,8462.0,289.54855,63.0,247.2479,0.0,0.0,2266.8772,84.0,8.0,1.2142857,2.0,0,0,7
226.0,54.0,60.0,5176.9434,530.0,172.05112,130.84132,0.0,0.0,45700.824,89.0,12.0,1.0,3.0,0,0,7
347.64676,54.0,54.0,227.0,374.0,60.0,341.83072,127.2746,150.16057,1753.8793,163.58333,11.0,1.2222222,2.0,0,0,7
365.875,54.0,54.0,6304.993,294.03522,60.0,294.39865,0.0,0.0,9572.741,78.0,0.0,1.1,2.0,0,0,7
226.0,89.0,62.0,4960.7256,1309.7645,100.0,118.499626,0.0,0.0,2274.1692,136.71944,10.0,0.5,3.0,0,0,7
229.0,74.0,66.0,8172.985,617.0,60.0,297.8362,0.0,0.0,35796.117,75.0,0.0,1.2,3.0,0,0,7
305.59674,54.0,54.0,372.3027,522.0,60.0,315.50998,456.8606,536.0836,563.6878,399.30634,0.0,0.594072,3.0,0,0,7
326.3125,54.0,54.0,9970.171,95.918625,74.0,134.9868,0.0,0.0,22524.676,94.0,0.0,1.3333334,2.0,0,0,7
319.32928,54.0,54.0,3844.0,91.0,103.60838,130.73671,0.0,0.0,262836.4,59.133575,4.0,1.2928066,2.0,0,1,7
132.01643,62.0,54.0,7655.3267,522.0,60.0,308.50055,230.63315,497.3291,1099.0992,89.0,25.066353,0.33333334,8.0,0,0,7
182.0,54.0,54.0,7822.552,278.56735,60.0,235.1892,198.70613,298.92557,20874.383,219.22101,0.0,0.5,4.0,0,0,7
344.73334,54.0,54.0,5854.0,529.0,209.0,94.0,0.0,0.0,820.8981,92.0,22.0,0.5,2.0,0,2,7
352.5316,54.0,54.0,7236.0,89.0,60.0,133.33333,181.73924,373.00592,25219.209,82.0,0.0,1.193222,2.0,0,0,7
192.0129,54.0,54.0,1198.3522,1514.0,60.0,375.03616,0.0,0.0,4345.5337,91.0,55.78535,0.5,3.0,0,0,7
226.0,54.0,54.0,430.50836,496.04077,54.0,1035.384,448.18478,606.4035,54981.562,62.0,0.0,1.9067314,5.0,0,0,7
177.0,54.0,62.0,961.31726,686.0655,74.0,259.24252,0.0,0.0,1080.1853,86.43397,0.0,1.0833334,6.0,0,0,7
179.0,54.0,54.0,362.97064,530.0,60.0,392.23816,326.6111,493.93378,1223.3663,360.4573,1.0,0.5,4.0,3,2,7
263.9834,54.0,54.0,226.0,522.0,54.0,1169.0228,213.714,257.88895,12539.949,75.0,12.0,0.5,3.0,0,0,7
132.0,54.0,60.0,7174.1694,522.0,60.0,344.35522,0.0,0.0,4892.6387,162.06992,13.0,0.5,5.0,0,2,7
177.0,54.0,60.0,5179.03,1412.5209,60.0,467.84262,0.0,0.0,420.6063,979.07074,0.0,0.9097909,5.0,3,0,7
210.6369,77.0,60.0,229.25693,309.3271,60.0,288.1636,86.249,101.243126,173360.66,161.4277,12.0,0.5,3.0,0,0,7
334.31277,54.0,54.0,314.9942,429.18536,60.0,389.0999,0.0,0.0,186.74232,95.0,0.0,1.32265,2.0,0,0,7
204.0,54.0,54.0,5908.0,82.0,60.0,389.34436,0.0,0.0,294950.06,60.0,8.0,0.5,3.0,3,1,7
319.60376,54.0,54.0,5171.0,1292.0,60.0,246.781,334.94638,491.99915,230.00958,238.94612,1.0,0.6045314,2.0,0,0,7
362.77216,54.0,54.0,1210.5111,694.6782,54.0,536.7235,384.55508,522.8334,130291.34,94.0,0.8941047,0.5,3.0,3,0,7
248.55261,54.0,54.0,3990.056,609.91754,60.0,320.59155,127.27093,167.00865,3579.957,80.65997,11.0,0.5,2.0,0,0,7
638.0,54.0,54.0,3929.1606,1292.0,60.0,341.94278,113.031006,109.77527,248000.17,78.0,17.19107,1.0,2.0,0,0,7
103.0,54.0,54.419514,268.0,511.26193,60.0,255.2972,0.0,0.0,83945.74,75.0,16.960047,0.5,18.0,0,0,7
234.55666,54.0,54.0,3875.9922,522.0,60.0,337.87988,0.0,0.0,27078.098,96.0,0.0,1.0,5.0,3,0,7
423.29395,54.0,62.0,1829.6744,530.0,54.0,430.43024,355.7628,506.89673,46489.85,102.72037,86.47237,1.2,2.0,0,0,7
321.7505,83.333336,79.0,5637.3105,1514.0,229.0,89.0,0.0,0.0,16912.459,124.07198,93.0,0.5,2.0,0,0,7
207.89073,54.0,54.0,8513.561,81.0,74.0,264.2137,0.0,0.0,208114.94,78.0,8.0,0.5,3.0,3,0,7
93.0,54.0,54.0,9511.987,317.06952,54.0,928.12805,349.27087,286.96207,761.022,95.0,0.0,0.5,20.396471,0,0,7
345.8457,54.0,54.0,251.0,531.63556,74.0,298.45914,109.6949,506.96008,134279.56,62.0,0.0,0.73862636,3.0,0,0,7
209.0,54.0,60.0,270.8559,1373.466,60.0,616.9842,413.28183,302.62387,637.0758,531.0,1.0,1.4394462,5.0,0,0,7
115.3178,54.0,54.0,5908.0,204.57562,60.0,173.66667,91.42466,290.82303,18222.092,99.39742,131.22894,0.5,6.0,0,0,7
99.0,54.0,54.0,910.7547,530.0,76.71325,134.66667,0.0,0.0,21629.932,89.0,0.0,1.3851991,12.0,0,0,7
365.08313,54.0,54.0,7637.036,774.41,60.0,263.762,0.0,0.0,1478.9021,83.96448,0.0,1.0,2.0,0,0,7
332.72922,54.0,54.0,5179.944,530.0,74.0,315.35318,0.0,0.0,15267.836,238.02713,0.0,0.6666667,2.0,0,1,7
347.52942,54.0,54.0,7239.3896,387.87057,60.0,344.74548,197.64604,436.67752,18735.932,78.0,0.0,0.5,2.0,0,0,7
102.5068,76.0,72.60057,9760.19,472.3296,60.0,500.50006,138.38687,174.89964,2130.0178,78.0,11.0,0.7744507,7.0,3,0,7
267.3649,54.0,74.0,4998.454,1292.0,60.0,454.88492,545.2097,594.0216,37794.566,138.0,0.0,1.0,3.0,0,0,7
159.0,54.0,54.0,5077.0483,1514.0,60.0,363.63986,546.98224,506.94788,112178.55,143.6,0.0,0.5,6.0,0,0,7
229.0,54.0,54.0,7581.088,472.92587,60.0,200.74504,119.71286,126.63503,1811.3854,94.0,9.0,1.3333334,3.0,0,0,7
137.0,54.0,60.0,843.3804,1292.0,60.0,263.6257,262.17,522.8531,38928.867,102.0,0.0,1.3333334,7.0,0,0,7
195.893,54.0,54.0,9142.219,95.0,60.0,387.32004,542.5032,551.6754,72186.53,89.0,62.8556,0.5,3.0,0,2,7
90.0,89.0,78.0,5908.0,1514.0,60.0,140.69731,340.3635,290.96237,5196.991,334.96823,1.0,1.2,12.0,0,0,7
345.03625,54.0,54.0,298.5938,529.0,60.0,387.81818,579.158,581.268,36544.938,86.95637,19.0,0.5,3.0,0,0,7
365.54398,54.0,54.0,205.0,293.23285,60.0,344.62823,0.0,0.0,161259.53,62.0,11.0,0.5,3.0,0,0,7
159.0,54.0,54.0,228.27658,1292.0,94.49125,134.09232,0.0,0.0,29452.57,181.36374,0.0,0.5,5.0,0,0,7
132.0,54.0,59.40508,4565.756,1292.0,57.03615,907.43097,535.5325,522.8511,1099.0272,919.0248,0.0,1.6949413,6.0,0,0,7
160.7716,54.0,54.0,7098.2974,89.0,60.0,132.95476,0.0,110.540016,1555.3436,89.0,0.0,0.6666667,5.0,0,0,7
250.15271,54.0,60.0,6039.998,1514.0,60.0,339.25708,0.0,271.8506,16298.17,75.0,0.0,0.5,3.0,0,0,7
205.69249,74.0,54.0,5698.5806,670.2293,60.0,236.96931,0.0,0.0,174.01376,89.0,0.0,0.5,3.0,0,0,7
224.59654,54.0,54.0,7557.2046,208.73593,60.0,436.37015,0.0,0.0,20520.27,91.0,16.888525,0.5,3.0,3,0,7
90.0,54.0,60.0,7224.9897,530.0,60.0,340.10706,0.0,0.0,1763.0304,89.0,7.0,1.2578703,9.0,3,0,7
172.76434,54.0,54.0,10773.413,434.52832,66.0,135.66667,0.0,0.0,1875.7448,82.0,0.0,0.5,5.0,0,0,7
188.0,89.0,54.0,6472.584,147.0,60.0,291.38858,8.706825,482.12375,129481.086,89.0,1.0,0.5,5.0,0,0,7
146.0,54.0,54.0,805.69525,711.57324,60.0,414.81818,356.84735,504.93036,1096.1493,82.0,0.08093059,0.6666667,5.0,0,0,7
208.0,54.0,54.0,268.8731,840.275,177.0,103.145226,0.0,0.0,3550.2383,280.00623,0.0,0.5,5.0,0,0,7
563.9181,54.0,54.0,4670.1753,1753.8555,60.0,261.90244,0.0,0.0,171995.1,134.56161,0.0,1.2142857,2.0,3,0,7
121.0,54.0,54.0,5857.3784,1292.0,60.0,342.12314,108.97413,104.99462,193222.72,78.0,0.0,6.954138,6.0,0,0,7
486.71732,54.0,62.0,7157.518,530.0,60.0,341.7792,0.0,0.0,1974.7548,89.0,0.0,1.3154035,2.0,3,2,7
229.0,54.0,60.0,359.0,529.0,60.0,244.13744,0.0,0.0,17370.379,186.47864,0.0,0.5,5.0,0,0,7
245.64151,54.0,54.0,313.77414,529.85254,60.0,341.70013,174.88354,506.93277,122351.375,66.0,0.0,0.78080577,3.0,0,0,7
345.67184,54.0,54.0,4976.221,522.0,60.0,284.60318,0.0,330.15332,207221.95,74.13912,27.722664,0.5,5.0,0,0,7
205.86084,54.0,60.0,229.0,522.0,60.0,393.1195,318.2512,518.7739,24764.492,95.0,77.1106,0.5,3.0,0,1,7
291.07217,54.0,54.0,9774.229,132.2416,60.0,314.68234,365.7312,541.37524,20680.816,74.0,0.0,1.0609622,2.0,0,0,7
206.0,54.0,54.0,6494.276,423.232,60.0,297.73148,0.0,105.27186,13298.529,217.04968,3.406487,1.2307693,3.0,0,0,7
194.96219,54.0,54.0,5171.0,532.0,192.0,108.0,0.0,0.0,2858.1626,198.99695,0.0,1.8660619,6.0,0,0,7
268.0,84.0,54.0,821.6316,527.76526,60.0,342.85327,0.0,118.11599,1762.2853,332.73782,0.0,0.8,2.0,3,0,7
248.62169,54.0,54.0,7414.0,1194.4686,60.0,384.53543,0.0,0.0,4898.8433,79.0,0.0,0.6666667,3.0,0,0,7
209.0,54.0,54.0,1919.6656,95.21027,60.0,387.81155,327.82553,536.4411,127484.664,75.0,11.0,0.675597,3.0,0,0,7
230.34344,54.0,60.0,6310.1797,486.31232,150.0,139.74501,0.0,0.0,400026.22,139.3037,0.0,1.0,3.0,0,0,7
343.25778,54.0,54.0,5225.4224,94.0,60.0,332.2768,0.0,0.0,276274.16,62.0,10.0,0.5,3.0,3,0,7
358.71225,54.0,62.0,5077.186,1292.0,54.0,387.77942,337.87262,506.92688,2253.619,91.0,27.0,0.5,2.0,0,0,7
238.94353,74.0,54.0,892.6186,755.1812,54.0,662.22235,590.104,595.1884,72107.01,77.0,20.158775,0.28818184,3.0,0,0,7
326.60944,54.0,54.0,2034.7675,341.9894,66.0,232.15602,0.0,0.0,5775.5986,119.55453,122.18168,0.13701682,3.0,0,0,7
247.55725,54.0,60.0,1801.2935,1451.9056,54.0,1257.6082,520.0815,576.357,69018.42,84.0,0.0,1.1538461,3.0,3,0,7
565.0512,54.0,54.0,5908.0,366.4897,60.0,284.60422,0.0,11.785113,176019.19,155.3008,0.0,1.2,2.0,0,0,7
120.098045,54.0,54.0,208.0,522.0,95.88928,110.09795,0.0,0.0,18430.363,89.0,0.0,0.5,5.0,0,0,7
363.13864,54.0,54.0,7173.185,522.0,132.0,141.66019,0.0,0.0,107375.33,111.741844,10.0,1.2233495,2.0,0,0,7
345.4842,54.0,54.0,268.0,787.51733,60.0,327.77264,196.49478,443.2286,1033.8381,367.97107,0.0,2.2185352,3.0,0,0,7
112.87915,54.0,54.0,7036.675,129.61765,63.0,251.40791,0.0,0.0,229308.2,95.0,0.0,0.5,6.0,0,0,7
90.0,66.0,62.0,226.0,411.57385,54.0,1160.391,480.30063,601.6301,27386.738,201.59053,20.0,0.5,90.17256,0,0,7
171.0,54.0,54.0,5123.638,115.69733,60.0,345.83685,171.38611,254.83899,5763.9614,100.922104,0.0,0.5,4.0,0,0,7
229.0,54.0,55.0,7076.5264,522.1482,213.23619,94.0,0.0,0.0,213.05634,84.0,0.0,0.5,2.58453,0,2,7
187.18513,54.0,54.0,936.12744,521.0,83.38633,117.333336,0.0,0.0,2069.7688,90.78527,0.0,0.5,17.511522,0,0,7
206.0,54.0,54.0,359.0,1514.0,60.0,143.33333,184.94553,251.31871,1417.1759,508.86346,1.0,0.5,3.0,0,0,7
128.5166,87.37102,60.0,8462.0,216.24939,60.0,362.37692,382.14807,506.93967,866.1649,155.64565,10.0,0.5,5.0,0,0,7
361.52798,54.0,54.0,7156.7607,304.0,54.0,498.5815,401.17593,493.2124,125133.36,105.32598,0.0,2.0537848,2.0,3,0,7
132.0,54.0,54.0,948.14667,400.0,54.0,1244.3708,341.38504,286.98703,900.20764,256.8973,0.0,1.5969902,5.0,0,0,7
150.0,54.0,54.0,229.0,1292.0,128.97647,135.41129,0.0,0.0,1576.5941,82.0,16.637304,0.6666667,6.0,0,0,7
98.44947,54.0,54.0,7600.1177,91.0,60.0,288.61673,186.47606,300.10825,2639.881,80.0,27.0,0.5,6.0,0,0,7
319.29102,54.0,60.0,5848.746,1292.0,60.0,165.172,0.0,0.0,2657.5867,632.43915,0.0,2.4754086,2.0,0,0,7
342.0241,54.0,54.0,7054.3813,243.20815,60.0,440.40417,0.0,0.0,10980.351,89.0,76.0,1.8700151,3.0,0,0,7
157.13914,54.0,60.0,7236.0,649.2684,115.8398,135.66667,0.0,0.0,46453.984,88.77435,1.0,1.4513043,9.0,3,0,7
215.61844,54.0,54.0,2967.312,310.3477,60.0,436.00574,0.0,0.0,6123.102,96.60906,0.0,0.5,3.7182379,0,0,7
265.24908,54.0,54.0,7156.315,157.69414,60.0,168.44037,85.704605,108.23722,158786.72,101.70099,0.0,1.1428572,2.0,0,0,7
321.61923,74.0,54.0,7656.0,95.0,60.0,363.54114,0.0,0.0,2666.2996,79.52291,11.0,0.66969675,2.0,0,2,7
196.0,89.0,62.0,7239.4287,581.0,178.16571,102.333336,0.0,104.36871,15610.581,79.0,16.314001,0.8333333,5.0,0,0,7
143.1124,54.0,54.0,241.0,1514.0,60.0,453.01224,0.0,0.0,269357.72,146.19044,12.0,0.6666667,5.0,0,2,7
377.94742,54.0,54.0,1343.0409,1514.0,60.0,275.63586,130.31813,133.70615,42100.77,77.0,0.0,1.25,2.0,0,1,7
320.0173,54.0,54.0,266.06714,530.0,60.0,292.57684,0.0,0.0,5627.3774,258.98706,0.0,1.0,2.0,0,0,7
160.27942,54.0,54.0,5854.0,529.04004,60.0,269.92105,0.0,308.6592,25033.113,87.9404,0.0,1.0,5.0,0,0,7
1043.8807,54.0,54.0,229.0,531.0,74.0,134.52364,0.0,0.0,2223.8455,240.96025,0.0,1.276164,2.0,0,0,7
226.0,54.0,54.0,7303.08,581.0,60.0,344.56052,318.80145,506.82996,209011.5,94.0,13.033184,0.5,4.0,0,0,7
118.74918,54.0,54.0,873.4855,96.0,54.0,1257.4165,527.3086,525.3797,167.97781,82.1274,10.0,1.0813129,5.0,0,0,7
181.71646,54.0,54.0,5839.764,428.0998,60.0,616.41974,525.57837,602.686,2796.296,91.66718,0.0,0.5,5.0,0,0,7
268.8568,54.0,60.0,4655.573,530.4432,60.0,258.0854,0.0,0.0,3405.7615,143.46574,11.0,0.5,5.0,0,0,7
179.66582,54.0,54.0,7162.0747,238.2643,60.0,363.31567,0.0,0.0,7969.0327,89.0,0.0,1.8597195,3.0,0,0,7
229.0,54.0,54.0,319.0,404.55878,60.0,235.97299,0.0,266.01312,544.46124,334.06882,12.0,0.5,3.0,0,0,7
228.26843,54.0,54.0,7413.027,255.8104,60.0,297.93033,0.0,0.0,1763.479,95.0,0.0,0.6666667,3.0,0,0,7
147.35274,54.0,54.0,5908.0,83.0,60.0,338.01395,0.0,0.0,4866.341,81.0,0.0,1.2,6.0,0,0,7
103.5045,54.0,54.0,7236.0,416.46555,100.0,196.91058,0.0,20.185177,807.5849,156.9068,0.0,0.5,6.0,0,0,7
229.0,54.0,60.0,363.0062,522.0,64.0,236.51413,0.0,0.0,170929.1,135.12576,0.0,1.2222222,2.0,0,0,7
367.8789,54.0,62.0,5075.4653,700.12024,60.0,344.7274,0.0,0.0,3129.6143,91.0,20.0,1.8333334,2.0,0,0,7
226.0,54.0,54.0,4957.712,1292.0,54.0,810.96216,478.46878,565.4892,2260.004,91.0,18.519175,0.5,3.0,0,0,7
192.65353,66.0,54.0,803.442,1514.0,60.0,205.55551,611.8638,574.542,23094.783,116.37921,0.0,1.2142857,4.0,0,0,7
358.9631,66.0,75.92537,5528.72,1441.5961,93.913185,199.8627,0.0,370.33014,639.6964,502.12158,10.0,1.095037,2.0,0,1,7
177.0,54.0,54.0,4551.5767,581.0,54.0,344.28082,374.98557,521.79803,471.19867,79.0,15.590604,0.5,2.0,0,2,7
145.89975,54.0,54.0,6446.4126,530.0,60.0,321.44116,0.0,0.0,112385.22,118.73194,0.0,1.2,6.0,3,0,7
132.85478,54.0,54.0,7581.4736,1297.7028,60.0,135.66667,0.0,0.0,415656.0,143.6,86.65127,0.5,6.0,0,0,7
100.0,54.0,54.0,10277.039,263.0468,84.31987,169.0,0.0,0.0,1583.0974,100.91455,0.0,0.6666667,10.0,0,0,7
209.0,54.0,54.0,5854.31,268.0,60.0,461.5419,506.24475,550.5516,1018.06165,82.0,10.0,0.5,3.0,0,2,7
226.0,54.0,54.0,7166.2847,77.08614,60.0,292.16306,0.0,0.0,253294.78,60.23737,14.733115,4.378935,3.0,3,0,7
73.998566,54.0,54.0,226.0,530.0,60.0,426.376,432.11105,494.30823,1683.6885,453.2069,0.0,0.5,31.887028,0,0,7
147.0,78.0,54.0,6262.628,95.0,60.0,362.27103,477.93268,495.3325,90.08085,91.0,32.958378,0.5,6.0,3,0,7
326.57153,54.0,60.0,5083.3643,1514.0,137.38768,141.24112,0.0,0.0,22829.22,91.0,0.0,0.5,3.0,0,0,7
179.0,54.0,75.0,3844.0,1454.8739,60.0,676.6332,422.99005,641.7022,19218.549,80.89607,0.0,0.5473554,5.0,3,0,7
597.4198,54.0,54.0,5222.547,274.28244,60.0,135.66667,91.059395,279.0839,158782.3,61.88667,11.0,1.2,2.0,0,0,7
324.5701,54.0,54.0,7674.7363,166.87834,60.0,195.60999,261.93906,9.179047,114850.43,115.68613,76.31123,1.4838474,2.0,0,0,7
206.0,54.0,54.0,7077.489,91.758255,150.0,179.1106,0.0,0.0,1881.4287,82.0,0.0,0.5,3.0,0,0,7
226.0,54.0,54.0,3459.3748,696.61487,54.0,508.67377,484.47867,520.88763,1765.4639,530.0,1.0,0.5,3.0,0,0,7
204.0,54.0,54.0,325.61203,992.8445,66.0,144.69783,0.0,0.0,2663.7205,89.0,0.0,0.5,4.0,0,0,7
178.22496,54.0,54.0,6040.2495,268.0,149.3079,102.89723,0.0,56.204212,2657.4675,215.94893,0.0,0.5,5.0,0,0,7
152.30437,54.0,74.0,5082.945,1514.0,60.924484,153.0386,9.154164,0.0,16938.81,157.95525,0.0,1.3068845,6.0,0,0,7
260.1401,54.0,54.0,3844.0,530.34955,60.0,297.6439,0.0,0.0,19176.309,75.0,12.0,0.5,2.0,0,2,7
228.40855,54.0,54.0,4333.522,88.97335,60.0,179.21179,0.0,0.0,433154.9,80.01111,0.0,1.7064635,3.0,0,0,7
206.0,54.0,54.0,1400.6838,95.0,74.0,330.87115,0.0,0.0,13662.366,75.646126,12.0,0.5,5.0,0,0,7
118.09135,54.0,54.0,5101.6133,532.0,60.0,204.9227,143.62653,121.182396,3126.949,505.16666,0.0,0.5,6.0,0,0,7
342.25604,66.0,66.0,7413.229,1310.9266,63.0,143.33333,0.0,0.0,621.38043,82.0,0.0,1.0625,2.0,0,0,7
603.0,54.0,54.0,206.0,339.44342,60.0,341.7929,544.4876,558.4333,3126.9087,94.0,50.694004,1.0,2.0,0,2,7
226.0,54.0,54.0,6211.1626,180.09166,130.93127,134.32874,0.0,0.0,43742.047,138.0,0.0,1.1024632,4.0,0,0,7
92.57839,75.0,54.0,205.0,528.0,60.0,363.36636,541.1469,569.43475,12560.813,237.59743,125.08476,0.5,112.10696,0,0,7
268.0,89.0,80.48418,7346.8037,1166.6447,60.0,282.2203,0.0,0.0,9738.106,83.4215,0.0,0.6666667,2.0,0,0,7
164.92422,54.0,54.0,4935.1514,471.7865,137.0,133.27333,0.0,0.0,21337.46,71.50275,0.0,1.462282,6.0,0,0,7
77.59415,54.0,54.0,205.0,1367.2356,60.0,617.1816,465.4009,505.47098,1018.3096,414.82138,0.0,1.1118668,10.0,0,0,7
196.0,54.0,60.0,5908.0,1292.0,60.0,232.28,0.0,0.0,9577.305,161.38632,0.0,0.5,5.0,0,0,7
226.0,66.0,54.0,5176.5293,96.0,60.0,167.48482,197.05238,494.30823,8153.8706,78.0,0.0,0.5,3.0,3,2,7
109.56748,89.0,54.0,430.70505,529.0,54.0,342.53522,337.2455,494.95316,2874.7234,317.83426,3.0,1.6943502,6.0,0,0,7
632.1815,54.0,54.0,6194.497,240.93459,66.0,362.3029,0.0,0.0,2471.813,86.79745,0.0,1.0669714,2.0,0,0,7
229.0,54.0,54.0,268.0,1514.0,74.0,236.07333,0.0,0.0,1091.8721,163.35138,0.0,1.7710811,3.0,0,0,7
345.3238,54.0,60.0,4363.0693,532.0,60.0,435.58704,575.99646,559.3089,8627.7,264.159,7.0,0.5,3.0,0,0,7
131.97409,54.0,54.0,5854.0,1302.0061,74.0,135.82442,0.0,0.0,3020.0903,340.15387,50.23134,0.5,5.0,0,0,7
493.99112,54.0,54.0,4990.941,374.0,60.0,467.746,478.18982,536.18164,37393.324,203.15604,71.57564,1.9883368,2.0,0,0,7
229.0,54.0,54.0,6154.002,522.40576,60.0,144.04068,114.36713,494.30548,16873.344,76.78154,0.0,0.6587108,3.0,0,0,7
258.92035,54.0,54.0,4577.0767,528.7751,60.0,435.65497,429.0148,509.84467,1120.2601,147.06665,78.74196,0.5,3.0,0,0,7
149.83455,82.0,77.0,5119.7246,1514.0,60.0,179.02043,0.0,0.0,238.29317,88.76399,37.821014,0.5,9.0228615,0,0,7
204.0,82.0,74.0,7414.0,529.0,60.0,195.04881,0.0,0.0,2659.216,78.0,11.0,1.2714295,3.0,0,0,7
356.34973,54.0,66.0,7099.217,1292.0,74.0,249.49387,82.02138,57.167255,1813.7051,80.0,13.0,0.5,3.0,0,0,7
208.0,54.0,54.0,5035.0615,1457.0891,132.0,112.666664,0.0,0.0,2049.6377,81.0,10.0,1.4457078,5.0,0,0,7
529.5451,81.0,54.0,10190.3,95.0,208.0,112.666664,0.0,0.0,67.39961,88.47615,5.0,1.3333334,2.0,0,0,7
344.73334,82.0,54.0,268.0,95.0,60.0,358.99506,0.0,0.0,20443.457,87.86805,23.0,1.2853225,2.0,0,0,7
414.8728,54.0,54.0,5929.277,282.03012,86.34625,183.98515,0.0,11.785113,965.2541,198.07321,1.0,1.1770885,2.0,0,0,7
322.8205,54.0,54.0,409.41293,530.0,54.0,1246.1589,534.985,519.24347,4852.8633,79.30579,9.0,1.0,2.0,0,0,7
605.8692,95.0,54.0,8725.502,529.0,60.0,341.69055,288.13245,491.98407,21305.941,87.17687,20.0,1.2,2.0,0,2,7
295.69232,54.0,60.0,764.63666,403.28906,60.0,198.81525,516.4605,604.6183,5461.0273,262.26102,0.0,0.5,5.0,0,0,7
147.55513,82.0,60.0,7525.421,891.0007,60.0,261.16364,456.62958,506.94028,607.83716,539.5478,1.5330079,1.2,5.0,3,0,7
209.80379,76.13361,54.437504,7304.0,530.0,60.0,318.6892,0.0,126.100815,909.6856,143.63165,0.0,0.6666667,3.0,0,2,7
167.01439,82.0,54.0,1819.9595,463.95206,60.0,444.12128,455.41983,495.427,1036.1799,89.0,115.19828,1.0,5.0,0,0,7
226.0,54.0,54.0,7427.921,411.94238,60.0,132.0,0.0,0.0,2835.1377,89.0,0.0,0.5,3.0,0,0,7
204.0,54.0,54.0,2813.0342,1514.0,177.0,132.0,0.0,0.0,37192.5,96.0,70.79442,0.5,5.0,0,0,7
226.72997,54.0,60.0,6015.8877,581.0,60.0,311.25504,292.1342,449.37045,114603.73,78.0,19.470034,0.5,3.0,0,0,7
214.17754,62.0,54.0,7236.0,454.7126,60.0,247.832,525.9036,568.27386,1255.971,101.0,13.0,0.5,4.0,0,0,7
149.76886,54.0,54.0,5075.669,617.0,60.0,308.67505,82.62873,97.713875,3794.9048,79.0,13.0,0.5,5.0,0,2,7
355.86353,54.0,54.0,1046.4902,1450.597,60.0,236.9813,0.0,0.0,1338.2728,633.4598,0.0,0.5,3.0,0,0,7
206.0,54.0,54.0,1251.7354,162.52083,74.0,106.20206,0.0,0.0,2651.4536,89.053856,75.05801,1.0,13.0,0,0,7
254.82138,63.1677,60.0,226.0,213.82399,60.0,361.62173,0.0,0.0,3263.8176,79.0,11.0,0.8477492,2.0,0,0,7
201.53015,84.010345,54.0,7298.9673,102.0,60.0,421.33694,466.58447,604.3383,44171.67,62.0,0.0,0.5,5.0,0,0,7
344.95572,54.0,66.0,5084.84,1292.0,206.0,108.333336,0.0,0.0,1807.5912,86.0,11.0,1.3704876,2.0,3,0,7
173.68387,82.0,54.0,241.0,1292.0,60.0,153.95,0.0,0.0,53411.83,147.0,11.0,0.5,5.0,0,0,7
344.29678,54.0,54.0,7345.861,991.0676,60.0,341.84265,108.62147,100.69188,134548.86,79.0,12.416756,0.5,2.0,0,0,7
641.53186,54.0,54.0,6235.348,95.0,60.0,149.93047,227.77829,464.53906,1805.8269,80.42906,11.396872,1.0,2.0,0,0,7
226.0,54.0,54.0,319.0,97.81583,177.51054,81.96763,0.0,0.0,552469.44,95.0,0.0,0.75,3.0,0,0,7
295.69232,54.0,54.0,208.0,692.0,134.02687,143.33333,0.0,0.0,38457.934,69.46581,0.0,1.0,5.0,0,0,7
214.73528,54.0,54.0,268.0,374.0,60.0,377.65744,0.0,11.785113,3405.8252,239.09207,3.0,1.3333334,3.0,0,0,7
268.0,54.0,60.0,5177.5493,1514.0,60.0,134.33333,0.0,0.0,1266.3873,81.0,10.0,0.5,3.0,0,0,7
347.52942,54.0,60.0,5284.881,1292.0,226.0,91.0,0.0,0.0,36559.45,145.9978,0.0,1.2307693,2.0,0,0,7
208.02403,54.0,54.0,7080.5693,1427.0033,60.0,297.88593,0.0,0.0,18250.566,216.51324,78.38668,0.5,5.0,0,0,7
574.8734,79.0,54.0,7303.516,89.0,54.0,1225.6901,539.5708,443.2286,2952.8228,78.0,11.0,1.3076863,2.0,0,0,7
158.54257,54.0,54.0,4366.1465,529.0,60.0,338.31107,0.0,0.0,45935.715,87.89401,29.313477,0.5,5.0,0,0,7
176.16995,54.0,54.0,6015.224,850.05096,60.0,452.6925,331.8975,591.09576,1097.1967,287.97488,133.0,0.5,5.0,0,0,7
129.74162,54.0,54.0,3848.381,530.0,54.0,1265.4174,449.4304,524.4076,10295.575,84.0,0.0,1.1,8.0,0,0,7
120.96233,54.0,54.0,7304.0,414.62845,60.0,235.98984,304.42743,494.30823,468.65533,84.0,0.0,0.5,6.0,0,0,7
542.89923,54.0,54.0,3006.6455,530.0,60.0,381.93405,161.42758,287.09076,1902.2007,95.0,10.0,1.2,2.0,0,2,7
253.48212,54.0,54.0,3849.807,628.46545,54.0,951.6332,325.4187,202.08804,805.7521,341.67233,4.0,0.6666667,2.598958,0,0,7
226.0,54.0,58.38732,5171.0,1514.0,60.0,375.9319,213.80093,367.01404,47018.684,79.645515,0.0,0.5,3.0,3,0,7
326.7068,54.0,54.0,224.69293,530.0,226.0,84.12739,0.0,232.05981,357771.2,94.0,0.0,1.1111112,2.0,0,0,7
143.12842,86.26884,54.0,4954.006,1514.0,60.0,356.8773,0.0,0.0,17381.957,199.63881,51.344044,0.5,5.0,0,0,7
323.30545,54.0,60.0,319.0,407.85703,60.0,551.8912,414.01065,557.2684,6217.6714,82.0,12.0,0.6666667,3.0,0,0,7
289.94138,54.0,54.0,5180.0,333.96774,60.0,414.81818,0.0,0.0,2260.0884,178.63925,39.699978,0.5,2.0,0,0,7
290.1437,54.0,54.0,5805.0737,209.25134,120.6621,120.25703,0.0,0.0,2870.4768,89.0,0.0,1.8333334,3.0,0,0,7
224.74033,54.0,54.0,4908.323,1292.0,60.0,262.18387,0.0,0.0,11339.217,144.225,11.0,0.6666667,3.0,0,0,7
284.57184,54.0,54.0,5171.0,617.0,60.0,255.09402,453.48526,520.0711,1094.4984,84.725914,0.0,0.5,6.0,3,0,7
630.96686,78.0,54.0,303.8504,251.15991,60.0,263.6396,0.0,0.0,3987.4336,91.0,112.84843,1.3333334,0.0,0,0,7
208.28746,54.0,54.0,226.0,1366.8175,60.0,467.45612,261.121,350.52197,1039.4905,532.0,0.0,0.5,3.0,0,0,7
229.0,54.0,60.0,7656.0,530.3288,74.0,229.7538,0.0,0.0,1015.5621,217.65771,35.778236,0.75726694,3.0,0,0,7
369.42923,54.0,54.0,5908.0,1514.0,150.0,205.14293,0.0,0.0,415317.7,82.0,0.0,1.25,2.0,0,0,7
183.30948,54.0,54.0,7600.7915,1460.5725,60.0,341.9905,0.0,0.0,8097.0327,80.79673,0.0,0.5,5.0,3,0,7
209.0,54.0,60.0,5954.783,530.0,60.0,548.1085,278.65274,151.54117,124215.336,66.0,11.0,0.5,3.0,0,0,7
345.28137,54.0,54.0,7165.422,84.0,60.0,232.28,172.43863,257.132,34723.93,77.0,0.0,1.0235794,2.0,0,0,7
149.32759,54.0,54.0,4024.1824,627.139,60.0,469.38297,174.50023,498.4494,3329.7249,475.1459,0.0,1.703193,7.0,0,0,7
149.6837,54.0,54.0,7414.0,406.91565,54.0,862.0303,539.5196,567.6564,1234.2916,95.0,0.0,3.0603883,5.0,0,0,7
179.0,54.0,60.0,5131.0786,521.13873,60.0,329.42172,516.8908,522.8419,17414.332,77.0,18.0,0.77437264,6.0,0,0,7
205.42787,54.0,54.0,6798.3086,122.8,60.0,138.0,80.530975,206.5675,10205.594,83.0,39.861187,1.2961026,5.0,0,0,7
266.26627,89.0,54.0,896.38904,1514.0,145.95523,100.54511,0.0,0.0,302770.25,138.0,0.0,0.8333333,2.0,0,0,7
268.0,54.0,60.0,2063.0845,1514.0,100.0,163.00056,124.58884,501.50415,172076.02,66.0,0.0,0.5,5.0,0,0,7
182.0,54.0,54.0,7236.0,91.0,60.0,236.42001,0.0,0.0,167.28885,89.0,0.0,0.5,5.0,0,0,7
230.2825,54.0,54.0,400.7696,1514.0,60.0,199.4496,130.26894,278.01883,18956.584,199.23352,0.0,0.9294703,2.0,0,0,7
287.115,54.0,54.0,5298.0923,456.97147,60.0,296.0678,0.0,0.0,1251.0251,82.62391,0.0,0.6666667,2.5739741,0,0,7
205.51204,62.0,54.0,8152.056,99.02722,60.0,232.16336,0.0,0.0,16867.07,87.892944,39.7132,0.5,3.0,0,0,7
226.0,54.0,60.0,7414.0,528.0,60.0,429.80453,0.0,0.0,2931.4062,332.70554,0.0,1.4775717,3.0,0,0,7
226.0,54.0,54.0,265.59164,530.0,90.0,92.333336,0.0,0.0,352214.22,111.07214,37.635334,0.6666667,924.858,3,0,7
227.37312,54.0,62.0,5117.0815,1292.0,60.0,136.0,419.32205,232.21559,1092.6794,78.0,18.0,0.5,2.0,0,1,7
226.0,54.0,54.0,5178.341,580.45703,60.0,343.99402,468.66275,526.59314,31192.06,112.094124,17.0,0.5,3.0,0,0,7
146.0,54.0,54.0,205.0,508.2504,60.0,414.81818,0.0,0.0,4891.116,91.0,15.200844,1.07047,8.0,0,0,7
362.52097,54.0,54.0,5174.4736,91.0,157.13145,132.0,0.0,0.0,10927.533,76.59184,0.0,1.0833334,2.0,0,0,7
306.29358,54.0,54.0,5179.3896,237.76517,60.0,413.3944,0.0,160.79605,1257.0387,91.0,0.0,0.5,4.1333275,3,0,7
251.0,74.0,54.0,4364.6724,1418.0864,60.0,432.8395,186.4137,437.93597,238.21738,89.0,0.0,0.8,2.0,0,0,7
175.40002,54.0,60.0,1204.8715,530.0,60.0,335.94638,76.54264,11.785113,1090.3959,440.0718,39.0,0.5,5.0,0,0,7
251.0,54.0,60.0,5117.782,1514.0,147.0,127.0,0.0,0.0,34781.94,163.35663,126.38781,1.0,6.0,0,0,7
137.65633,74.0,74.0,8904.166,529.0,54.0,1246.53,654.9411,591.1888,13246.182,81.0,0.0,0.5,5.0,0,0,7
128.40388,54.0,54.0,429.53763,374.0,60.0,631.5165,160.64513,103.17073,3439.937,216.38661,1.0,0.8987094,6.0,3,0,7
226.0,64.0,54.0,514.375,610.41565,60.0,306.54828,119.070755,100.96584,1369.6877,87.61986,0.0,0.5,4.0,0,0,7
134.23338,54.0,54.0,7637.8374,748.9185,60.0,320.90527,118.89699,336.45294,2039.4088,84.0,0.0,0.5,6.0,0,0,7
171.74681,79.0,54.0,5163.4854,143.51508,134.74234,121.517685,0.0,0.0,253050.19,91.0,0.0,0.5,5.0,0,0,7
208.0,54.0,54.0,7240.066,91.0,60.0,374.11255,109.3125,126.241806,1758.9622,78.13627,12.0,0.7660664,3.0,0,0,7
206.0,54.0,54.0,5169.3516,96.0,60.0,306.02332,0.0,286.97763,5215.759,78.0,0.0,0.5,5.0,0,0,7
196.39723,77.96113,54.0,7236.0,474.3949,60.0,199.91454,0.0,0.0,146370.45,162.79507,13.0,0.5,5.0,0,0,7
289.95236,54.0,60.0,8419.959,529.0,60.0,388.11023,338.42255,337.91617,998.9891,89.0,0.0,2.0,2.0,0,0,7
347.5724,54.0,54.0,5181.565,1402.3054,60.0,454.3036,522.6656,548.22003,299.59088,91.0,0.0,0.5,2.0,0,0,7
226.0,54.0,73.0,5001.908,618.7824,60.0,202.41458,0.0,0.0,12032.083,204.39081,0.0,1.3071096,3.0,0,0,7
135.87537,89.0,74.0,9949.88,581.0,60.0,135.18756,173.24768,338.7443,58697.99,75.0,0.0,0.5,6.0,3,0,7
238.52289,74.0,60.0,265.24844,528.0,97.661705,80.333336,0.0,0.0,467.0242,87.40033,0.0,0.5,10.0,0,0,7
192.0,81.0,66.0,5325.9136,699.3856,60.0,168.22127,126.90072,296.02127,4934.145,80.99528,0.0,0.5,5.0,0,0,7
295.69232,54.0,54.0,7303.904,522.0,60.0,261.6497,548.2049,581.0201,1433.0631,83.0,1.0,0.5,2.0,0,2,7
295.69232,54.0,60.0,894.66516,532.0,60.0,311.76746,257.07877,525.3701,59010.117,135.32927,0.0,7.832218,3.0,3,0,7
175.47005,54.0,54.0,11113.095,117.538315,60.0,146.737,227.2096,519.409,162007.3,81.0,1.0,0.5,5.0,1,0,7
226.47421,54.0,54.0,237.9233,374.0,171.0,117.28593,0.0,0.0,133444.25,77.0,0.0,0.5,2.0,0,0,7
412.53024,54.0,62.0,7183.1953,633.6283,60.0,244.83418,197.32477,266.30566,1153.293,529.9487,1.0,1.2307693,2.0,0,0,7
145.75598,91.0,54.0,10222.816,152.50476,60.0,232.28,0.0,0.0,203495.3,94.0,17.0,0.6666667,5.0,0,0,7
131.05653,54.0,54.0,6350.849,244.66013,104.11599,113.35772,0.0,0.0,10975.743,171.99097,11.0,0.5,15.0,0,0,7
194.25108,54.0,54.0,5075.3657,1292.0,60.0,433.60782,423.70108,483.246,2209.2046,82.0,1.0,0.5,3.0,0,0,7
195.86305,54.0,62.0,276.92697,1292.0,163.29767,96.37579,0.0,278.97906,22664.662,203.5526,0.0,0.5,5.0,0,0,7
587.64526,54.0,54.0,6519.0737,532.0,63.0,133.33333,0.0,0.0,13555.407,76.0,4.0,1.25,2.0,0,0,7
314.90945,54.0,54.0,1891.5642,1045.7163,60.0,256.388,0.0,0.0,1101.9242,79.0,20.0,0.5,3.0,0,0,7
241.0,74.0,77.0,2119.1304,1514.0,206.0,82.333336,0.0,0.0,3234.9854,139.83176,0.0,0.5,5.0,0,0,7
137.0,54.0,54.0,208.0,522.0,60.0,467.27075,548.4522,576.9786,1032.319,364.99982,11.0,0.8333333,5.0,3,0,7
187.92435,54.0,54.0,3920.8125,683.69336,60.0,337.97083,242.4425,443.2286,2338.1667,82.0,0.0,0.5,3.0,0,0,7
247.64383,54.0,54.0,265.7268,263.0403,60.0,457.77484,540.28406,524.058,9747.99,95.0,0.0,1.2026925,3.0,3,0,7
226.0,54.0,54.0,268.0,1292.0,60.0,263.89493,279.82257,443.7289,1018.6184,84.21785,0.0,0.5,3.0,3,0,7
229.0,54.0,60.0,5462.926,1514.0,60.0,407.90115,196.44072,524.3455,130351.414,138.0,0.0,0.5,3.0,0,0,7
238.74893,82.0,54.0,5575.334,530.0,60.0,181.3622,0.0,0.0,348928.22,143.6,9.0,0.5849624,2.0,3,0,7
182.0,54.0,54.0,7116.864,1292.0,60.0,135.66667,0.0,0.0,18933.201,200.3254,20.0,1.3898538,4.0,3,0,7
499.92963,54.0,54.0,4839.37,1194.6433,60.0,343.46622,128.99858,125.15524,1982.8966,445.43234,0.0,1.2222222,2.0,0,0,7
573.2401,89.0,54.0,2263.0166,530.0,222.60486,103.2365,0.0,23.256498,2225.1287,130.2113,17.0,1.4579357,0.0,3,0,7
226.0,54.0,54.0,5075.3394,601.388,60.0,317.55225,106.8241,299.5108,3646.6882,97.0,0.0,0.6,2.0,0,2,7
226.0,74.0,62.0,226.0,522.0,169.0,103.0,0.0,0.0,2243.2734,81.0,11.863511,0.66830736,3.0,0,0,7
325.42456,54.0,60.0,5092.689,502.09647,204.31262,113.333336,0.0,59.04578,3303.6448,82.0,0.0,0.5,3.0,0,0,7
125.85491,54.0,54.0,5908.0,304.0,60.0,379.65372,273.54297,495.61868,637.6168,122.8,0.0,0.5,12.0,0,0,7
258.5238,54.0,54.0,6163.7485,506.37122,147.0,108.0,0.0,121.44263,1091.1764,96.0,0.0,6.186311,3.0,0,0,7
181.45749,54.0,54.0,1050.8107,581.0,60.0,314.4615,120.25579,143.92227,3632.4707,474.9323,0.0,1.0625,5.0,0,0,7
241.0,54.0,54.0,3844.0,530.0,60.0,365.29327,300.2243,594.02655,2662.6572,84.0,0.0,1.5191694,2.6441262,0,0,7
338.73004,77.0,54.0,7705.634,268.0,54.0,714.3269,312.85767,11.785113,6503.48,95.0,0.0,1.3333334,2.0,0,0,7
159.0,54.0,54.0,205.0,994.0455,60.0,270.01535,83.24089,291.0704,24034.03,184.13957,8.0,0.5,5.0,0,0,7
169.0,54.0,54.0,5908.0,323.2139,60.0,310.82462,111.83667,101.65757,4349.6484,96.384796,0.0,0.91958207,6.0,0,0,7
141.0,54.0,60.0,5226.303,1192.0,60.0,381.60065,0.0,0.0,194.08969,82.0,10.0,0.5,7.0,0,0,7
210.58867,54.0,54.0,7434.342,164.88506,60.0,396.07983,0.0,0.0,49058.45,82.0,0.0,0.5,3.0,3,0,7
226.0,54.0,54.0,5854.0,382.85007,60.0,297.55804,453.09958,508.43243,3607.3237,95.0,1.0,0.5,3.0,0,0,7
352.33597,54.0,54.0,7821.996,94.0,54.0,1131.553,418.33032,549.86444,227550.94,87.0,22.0,1.0,3.0,0,0,7
345.4945,54.0,54.0,4655.1987,530.0,54.0,439.18298,285.8978,501.50366,546.988,508.4719,17.471796,0.5,2.0,0,0,7
230.64922,54.0,54.0,1165.1229,528.3722,60.0,468.39716,483.6016,595.1297,158920.48,84.0,0.0,0.5,2.0,0,1,7
213.87798,54.0,54.0,431.00922,530.0,89.163666,130.66667,0.0,0.0,3625.9548,240.60402,60.37512,1.8333334,5.0,0,0,7
171.46953,54.0,54.0,5027.895,1514.0,60.0,387.79572,484.72095,594.02405,49193.01,84.0,0.0,0.5211998,5.0,0,0,7
350.91656,54.0,54.0,241.0,488.0,60.0,341.98996,298.36777,497.2644,46286.16,174.81827,72.17549,1.2307693,2.0,0,0,7
135.94241,54.0,54.0,3862.1995,528.67377,60.0,215.90388,540.01294,597.71075,3892.0427,447.21118,0.0,0.5,6.0,3,0,7
213.1738,54.0,54.0,3950.2522,522.0,60.0,307.91028,259.5246,483.45557,36937.812,68.9314,0.0,1.25,5.0,0,0,7
345.5626,54.0,54.0,5214.0605,1292.0,60.0,416.35907,127.27093,30.41779,10335.635,246.35938,12.0,0.5,2.5323393,0,0,7
350.81113,54.0,54.0,3845.6846,91.0,226.0,92.2499,0.0,278.4481,4811.8706,91.0,6.0784025,1.3220565,2.0,0,2,7
268.30005,54.0,60.0,5854.0,1407.8158,60.0,122.67888,91.534134,0.0,1095.0784,84.0,0.0,0.6666667,5.0,0,0,7
169.0,54.0,55.0,7076.9624,203.75798,54.0,1269.004,423.1,581.23096,41413.824,62.0,0.0,0.5,5.0,0,0,7
229.33636,89.0,74.0,4442.5356,573.9006,159.0,115.333336,0.0,0.0,83945.13,78.0,11.0,0.5,3.0,0,0,7
600.25275,91.92259,75.0,5128.901,531.81805,60.0,292.92603,175.95354,168.37863,122998.57,145.35274,4.0,1.2,2.0,0,2,7
523.3513,84.20953,54.0,7273.6704,241.14429,60.0,339.0612,123.81532,116.934494,1222.0182,89.0,23.753002,1.25,2.0,0,0,7
303.89923,54.0,54.0,5288.862,719.9318,170.75467,106.574356,0.0,0.0,3493.679,217.83157,2.850334,1.438724,2.0,0,0,7
326.62842,54.0,54.0,229.0,96.0,216.94565,96.0,0.0,0.0,4334.3755,77.0,12.335813,0.5,2.0,0,0,7
217.15463,54.0,60.0,6458.2617,1292.0,60.0,269.78745,106.24169,36.558838,25067.615,96.0,93.0,0.5,5.0,0,0,7
90.51322,54.0,54.0,7893.415,130.56789,60.0,1127.5304,475.90518,546.9199,1394.1733,102.0,0.0,1.1538461,6.0,0,0,7
229.0,54.0,73.0,5179.692,1514.0,54.0,1172.6663,522.9202,595.1297,13720.32,89.095894,4.0,0.5,3.0,3,0,7
608.6305,54.0,54.0,7199.399,364.9585,54.0,500.2781,516.47656,529.93677,616.99585,89.0,0.0,1.1428572,2.0,0,0,7
632.1881,89.0,60.0,205.0,374.0,60.0,429.4292,412.32053,535.2331,76200.89,81.0,10.0,1.3398055,0.0,0,0,7
240.82143,54.0,54.0,5503.1465,224.36835,60.0,431.1109,171.38611,291.23935,1606.0588,95.60817,29.372955,0.5,3.0,0,0,7
148.25206,74.0,54.0,228.34279,304.0,146.1669,132.0,0.0,0.0,282356.38,74.0,11.0,0.5,7.0,0,0,7
347.52942,54.0,54.0,3741.031,481.36255,60.0,236.98628,0.0,0.0,229827.84,62.0,0.0,0.5,5.0,0,0,7
169.66043,91.0,54.0,226.0,400.0,60.0,394.54657,0.0,0.0,12238.702,89.0,0.0,1.4908723,6.0,0,0,7
226.0,54.0,73.0,5820.686,1514.0,60.0,204.27304,0.0,0.0,2868.4387,309.86334,0.0,0.868726,2.0,0,0,7
268.0,75.83065,54.0,4303.878,617.0,60.0,394.18182,129.68527,113.91362,2335.0488,425.47214,6.0,1.0,2.0,0,0,7
78.20055,54.0,54.0,208.0,506.302,60.0,392.7026,326.93085,499.9707,586.0803,374.0,0.0,1.7257177,10.0,0,0,7
267.52692,54.0,54.0,6508.301,1310.5146,54.0,1168.5325,85.087,56.103035,159457.67,143.55142,32.125797,1.0,2.9101295,0,0,7
103.0,54.0,60.0,5116.194,522.0,60.0,152.92271,0.0,0.0,2417.3123,333.16818,129.93176,0.5,14.0,0,0,7
229.0,54.0,54.0,1304.3611,488.85788,62.149864,230.49944,0.0,219.86359,19027.31,215.99934,0.0,0.5,4.0,0,0,7
204.0,54.0,54.0,5937.281,200.26955,171.15414,102.29566,0.0,0.0,18234.969,82.0,0.0,1.0909091,4.0,0,0,7
438.2633,54.0,54.0,7243.8477,581.0,131.01819,127.25622,0.0,103.01245,111014.49,71.980286,0.0,1.25,2.0,0,0,7
123.104706,54.0,54.0,890.3427,488.0,60.0,314.98904,0.0,400.36853,44596.95,79.0,0.0,0.5,6.0,0,0,7
290.21283,54.0,54.0,4368.1084,546.6654,150.0,96.0824,0.0,0.0,12896.553,243.21318,0.0,0.5,2.0,0,0,7
213.41835,78.0,54.0,7570.4956,363.52805,60.0,387.79306,0.0,0.0,1007.4703,95.0,11.0,0.5,3.0,0,0,7
148.56534,54.0,54.0,5908.6904,244.50584,60.0,379.38184,0.0,0.0,10857.178,190.9667,1.7586825e-14,1.8333334,6.0,0,0,7
292.27728,54.0,54.0,218.08745,506.05478,60.0,455.245,0.0,0.0,1615.7991,374.0,1.0,0.75,2.0,0,0,7
118.405365,54.0,54.0,5076.6333,530.0,60.0,263.23364,0.0,256.4578,165076.94,153.37035,28.822836,1.1122187,9.0,0,0,7
225.2445,54.0,54.0,5177.344,1514.0,60.0,295.72583,85.4644,92.2463,2786.9128,82.0,6.0,1.3333334,5.0,0,0,7
128.22173,54.0,54.0,7926.618,351.86642,60.0,364.016,0.0,0.0,168069.69,151.19597,118.13794,0.62865096,5.0,0,0,7
365.46277,54.0,54.0,5531.4116,1514.0,60.0,169.12167,302.22372,160.97081,728.5795,79.0,19.0,0.62589717,2.0,3,2,7
105.21573,54.0,54.0,7656.0,91.0,54.0,1201.6838,432.20316,565.1429,36361.79,74.0,12.0,0.5,6.0,3,0,7
182.0,54.0,54.0,5177.648,199.39548,60.0,435.99945,137.21927,387.38797,28900.312,89.0,112.41762,1.0,6.0,0,0,7
226.0,54.0,54.0,5134.1367,530.0,60.0,133.33333,0.0,0.0,7333.394,81.0,19.0,0.33333334,5.0,3,0,7
631.3012,54.0,54.0,5908.0,215.7783,60.0,183.40111,0.0,122.34101,22317.256,89.0,0.0,1.3255287,2.0,0,0,7
488.92184,54.0,54.0,5207.4663,581.0,60.0,163.34854,5.279726,2.9220166,1364.5765,91.31531,0.0,0.6666667,3.0,0,0,7
345.27478,54.0,61.86249,7078.849,522.0,60.0,453.9318,449.80518,337.79428,11038.752,103.09479,89.749146,0.5,2.0,0,0,7
90.0,54.0,54.0,7667.2485,522.0,54.0,1251.9532,546.2885,597.29596,8069.8306,250.82092,46.878185,0.5,7.6880374,0,0,7
180.78665,54.0,54.0,205.0,400.0,60.0,387.67307,0.0,0.0,3694.2947,339.86816,39.82026,0.33333334,5.0,0,0,7
60.0,54.0,54.0,7165.4995,96.0,60.0,475.4378,522.5951,525.321,8000.5024,90.1364,0.0,0.5,889.8862,0,0,7
226.0,54.0,54.0,205.0,456.5147,209.0,94.0,0.0,0.0,258802.84,77.0,20.0,2.9316628,3.0,0,0,7
74.0,54.0,54.0,7642.01,235.0612,60.0,442.85107,0.0,0.0,25788.797,73.45048,0.0,0.5,152.01955,0,0,7
724.6289,54.0,54.0,4637.913,561.96344,60.0,328.97995,289.3446,505.6508,1265.9176,84.0,0.0,1.0625,2.0,0,0,7
325.12357,54.0,54.0,7339.777,271.27194,60.0,135.59111,80.53172,310.5959,24680.213,178.90306,0.0,0.5,3.0,0,0,7
182.0,55.0,60.0,350.83472,246.88072,54.0,654.3819,112.718666,0.0,18745.074,74.0,0.0,0.5,3.0,0,0,7
182.0,54.0,54.0,7686.215,341.21063,60.0,395.68182,0.0,0.0,221614.31,60.0,0.0,0.5,4.0,0,0,7
204.41553,75.0,54.0,5137.924,288.9107,93.0,127.09807,0.0,0.0,123024.2,143.6,71.42188,0.5,5.0,0,0,7
204.18498,54.0,60.0,1241.4906,1514.0,60.0,236.81119,256.41745,444.85837,81922.21,141.17085,23.0,0.5,3.0,0,2,7
261.0672,89.44049,54.0,7487.6226,268.0,60.0,344.74982,546.95233,564.65515,129402.32,117.311104,70.961075,1.4636223,3.0,0,0,7
390.8813,54.0,54.0,7180.4155,278.43918,54.0,1208.0511,136.79509,290.55716,2101.0518,92.356705,20.909822,1.8333334,2.0,0,1,7
211.82948,54.0,54.0,5179.2524,529.88446,173.61798,111.88107,0.0,0.0,88.8217,91.0,0.0,0.5,5.0,0,0,7
326.67368,89.0,54.0,192.54698,529.0,60.0,337.99457,108.97413,175.46185,126361.08,65.79318,10.334434,0.6666667,2.0,0,2,7
226.0,54.0,54.0,5908.0,84.0,60.0,394.18182,474.57437,544.5292,49897.508,82.0,1.0,0.5,3.0,0,0,7
99.28694,80.0,54.0,7414.0,522.0,60.0,442.05106,0.0,0.0,13627.331,204.09238,10.325306,0.8333333,10.0,0,0,7
362.5268,54.0,60.0,7304.0,530.0,60.0,264.18582,467.20416,481.80743,113.45325,508.90198,118.49993,1.5790949,3.0,0,0,7
181.31773,60.62296,75.57227,5162.225,1753.2332,60.0,290.30914,171.38611,372.6501,720.2412,83.95325,7.0,0.5,3.0,0,2,7
206.0,54.0,54.0,226.0,530.0,103.490555,92.88196,0.0,0.0,45993.387,82.0,0.0,0.5,47.41737,0,0,7
345.28726,54.0,54.0,3913.6357,617.0,208.0,109.847664,0.0,0.0,10948.2295,143.52145,27.0,1.0625,3.0,0,0,7
235.23549,82.0,54.0,5854.0,529.0,60.0,169.0,127.60119,476.6969,130852.06,108.30985,0.0,1.1111112,2.0,0,0,7
241.0,78.11317,54.0,226.0,457.81427,60.0,394.18182,140.41869,276.92206,219360.31,153.42137,0.0,1.1688269,3.0,0,0,7
347.58575,54.0,55.0,309.5394,1004.6574,60.0,386.61484,269.14426,445.42618,4292.52,80.0,0.0,1.1830649,2.0,3,0,7
81.80948,54.0,54.0,5172.5874,161.68944,54.0,567.99,525.0206,557.27783,116326.34,89.0,55.740303,1.114754,9.0,0,0,7
342.33893,54.0,54.0,229.0,1292.0,60.0,322.474,525.2597,594.19464,75213.0,84.0,0.0,0.7448677,2.0,3,0,7
264.00024,54.0,54.0,438.279,1292.0,74.0,199.49672,0.0,0.0,143810.28,83.98977,0.0,1.2142857,2.0,0,2,7
206.61615,54.0,54.0,295.4188,530.0,112.50753,116.24075,0.0,0.0,3879.6968,241.11053,0.0,1.4401926,7.0,0,0,7
206.0,54.0,54.0,8251.275,143.57527,54.0,1226.8429,195.7867,110.77406,2266.1592,89.0,90.59114,0.5,3.0,0,2,7
204.0,54.0,54.0,876.69464,774.75104,60.0,396.228,505.12283,492.0089,50668.566,201.64034,0.0,0.5,4.0,0,0,7
414.30493,54.0,54.0,4076.8137,456.95428,60.0,289.45697,680.1362,546.827,2603.9019,89.0,0.0,1.1538461,2.0,0,2,7
386.50204,54.0,60.0,319.509,530.0,182.0,134.66667,0.0,0.0,208643.86,94.79424,11.0,1.2,2.0,0,2,7
259.05508,89.0,75.0,7413.388,532.0,60.0,357.8907,0.0,0.0,2536.8618,86.34573,0.0,0.79167384,2.0,0,0,7
209.0,54.0,54.0,5428.7695,1423.8368,60.0,594.2775,0.0,0.0,1006.14014,640.3968,0.0,0.5,3.0,0,2,7
89.079765,54.0,54.0,226.0,530.0,54.0,1105.6455,526.5619,495.62567,5694.1724,264.0926,0.0,0.5,11.0,0,0,7
226.0,54.0,54.0,7613.9707,448.2555,60.0,151.3483,74.56778,93.568596,548.9049,304.0,113.2088,0.5,3.0,0,0,7
145.30452,54.0,54.0,7180.952,148.12491,60.0,286.2512,291.58685,443.2286,4133.3237,94.0,130.35153,0.09757447,7.0,0,0,7
268.0,54.0,71.290726,5194.0576,1514.0,60.0,341.99396,0.0,266.2708,19690.227,227.5676,17.0,0.875,3.0,0,0,7
172.09834,54.0,54.0,7320.9062,81.55247,60.0,610.2052,522.8437,529.5173,1759.1641,75.0,0.0,1.1,5.0,0,0,7
206.0,54.0,54.0,7247.4087,580.25885,60.0,261.83725,303.987,505.92465,228082.02,74.0,3.97633,0.5,5.0,0,0,7
270.59885,54.0,62.0,5801.2544,1514.0,60.0,311.6036,0.0,0.0,36780.547,89.74319,0.0,0.6666667,3.0,0,0,7
229.0,54.85884,74.0,5199.5054,1292.0,93.0,130.61345,0.0,0.0,61431.6,95.0,61.336254,0.5,2.0,0,0,7
226.0,74.0,54.0,5183.9673,1322.161,60.0,387.81818,382.01123,496.65155,166.23694,528.1731,5.0,0.5,3.0,0,0,7
226.0,54.0,54.0,7823.9307,91.0,177.0,112.333336,0.0,142.6622,447487.28,76.0,0.0,1.0,3.0,0,0,7
253.03355,54.0,60.0,6000.4976,521.6813,60.0,344.55188,120.06478,0.0,30580.559,186.23372,12.0,1.2142857,3.0,0,0,7
226.0,54.0,54.0,250.82979,374.0,60.0,387.7891,0.0,0.0,56977.027,62.0,0.0,0.5,2.0,0,0,7
518.82306,54.0,54.0,11432.249,99.805885,226.0,96.0,0.0,0.0,228044.94,89.0,0.0,1.1428572,2.0,3,0,7
141.56915,54.0,54.0,7637.3945,135.60063,60.0,158.15497,124.77404,109.92204,2259.6423,98.39532,0.0,0.6666667,5.0,0,0,7
171.0,54.0,54.0,226.0,452.8733,60.0,319.23074,0.0,0.0,5197.834,96.0,0.0,0.5,5.0,0,0,7
82.11286,54.0,54.0,372.1446,608.9457,60.0,135.66667,47.34024,123.01858,130649.36,162.52441,0.0,0.5,10.0,0,0,7
499.18777,54.0,54.0,235.83083,1292.0,113.0,134.66667,0.0,0.0,48571.438,68.73283,12.0,0.6666667,2.0,0,2,7
251.0,54.0,54.0,266.298,1514.0,60.0,289.808,160.84695,342.45523,4086.3228,82.0,22.0,0.6666667,3.0,0,2,7
499.66272,54.0,54.0,7303.4424,522.0,60.0,394.18182,546.47705,546.6691,17439.506,237.65918,0.0,1.0,2.0,0,0,7
81.79609,54.0,60.0,5033.8813,1292.0,60.0,328.16095,111.09573,104.82565,15212.723,224.61296,1.0,0.83452314,681.1412,0,0,7
188.0,54.0,54.0,205.0,530.0,54.0,1265.8026,311.97055,507.6111,37415.13,80.72978,0.0,0.5,4.0,0,0,7
291.43695,54.0,54.0,5180.0,637.03613,60.0,273.7924,109.93479,197.10416,9918.408,237.69934,82.60569,1.1666666,2.0,0,0,7
136.98187,54.0,54.0,7075.087,528.0,54.0,1219.3545,457.4078,515.12244,114195.586,70.238304,13.0,1.3333334,5.0,3,0,7
345.33334,54.0,60.0,7682.4497,483.18387,90.0,135.78487,0.0,229.25633,14348.643,75.0,0.0,1.4706601,2.0,0,0,7
118.040764,54.0,54.0,5855.538,535.04767,60.0,338.7533,319.70923,610.50116,116349.59,105.169174,8.351816,1.3333334,6.0,0,0,7
652.0098,54.0,54.0,5490.497,1514.0,60.0,380.55954,148.72104,0.0,260818.73,77.0,0.0,1.3857752,2.0,0,0,7
113.0,54.0,54.0,9484.817,347.9345,60.0,282.20746,0.0,178.66254,612.9658,82.0,51.504017,0.5,6.0,0,0,7
226.0,54.0,60.0,7156.5596,1292.0,60.0,167.68033,209.50215,284.5835,467.16592,82.0,12.0,1.6926589,3.0,0,0,7
476.13785,54.0,54.0,7213.432,300.6008,60.0,344.79797,0.0,125.65786,632.1427,81.0,17.0,0.5,2.0,0,0,7
208.70607,54.0,54.0,5532.067,400.0,60.0,316.10422,11.167263,0.0,18516.11,74.0,0.0,0.5,3.0,0,2,7
226.0,89.0,54.0,5171.0,1262.9095,54.0,1255.9758,459.14975,505.47098,984.97253,94.95569,0.0,1.0625,3.0,0,0,7
103.0,54.0,54.0,6049.5044,1292.0,60.0,263.90176,0.0,286.9633,604.64606,443.24448,11.0,0.6865609,6.0,3,0,7
268.0,54.0,54.0,7637.6777,488.68283,60.0,226.00713,0.0,0.0,148.3317,88.76115,0.0,1.2142857,3.0,0,0,7
233.01105,79.0,60.0,5008.949,775.9656,54.0,758.211,508.65588,546.1387,172470.27,81.0,8.0,1.4556139,2.0,0,0,7
159.0,54.0,54.0,5171.0,1514.0,86.97386,133.90729,0.0,0.0,5784.5654,227.7444,0.0,1.1428572,5.0,0,0,7
148.25807,54.0,54.0,4262.3477,530.0,60.0,331.0341,0.0,0.0,37388.992,95.0,0.0,0.5,5.0,0,0,7
196.0,54.0,54.0,218.8882,530.0,60.0,251.23303,0.0,0.0,49972.824,151.49649,0.0,0.5,5.0,3,0,7
319.00195,54.0,54.0,5943.6943,95.0,60.0,338.06967,524.6539,582.32654,1226.9568,91.68442,0.0,0.5,5.0,0,0,7
112.41172,54.0,54.0,226.0,101.46131,60.0,255.07271,0.0,0.0,41759.566,91.0,0.0,0.6666667,6.0,0,0,7
82.09363,54.0,54.0,7912.7383,95.0,60.0,567.08545,519.3811,547.5328,27740.447,85.3732,54.379955,0.5,150.04391,0,0,7
209.0,89.0,54.0,5182.4487,529.5075,60.0,316.64368,278.97052,445.88034,4882.9414,363.06302,0.0,0.5,5.0,3,0,7
152.39671,54.0,54.0,5854.0,268.0,60.0,344.64886,130.29825,123.845,1652.0175,244.81253,0.0,0.5,6.0,3,0,7
206.02515,54.0,54.0,7177.586,522.0,54.0,932.0356,581.90674,547.844,6099.596,288.25366,12.0,0.5,5.0,0,0,7
224.02888,54.0,54.0,205.0,530.0,60.0,426.17206,0.0,0.0,41396.848,87.0,16.783379,0.6666667,3.0,0,0,7
161.21504,54.0,54.0,7059.744,84.0,60.0,297.3228,0.0,0.0,19385.023,76.0,0.0,0.6666667,5.0,0,0,7
159.0,54.0,60.0,241.0,529.0,60.0,290.42484,85.52954,11.785113,262149.47,128.3126,29.419596,1.0,6.0,0,0,7
268.86566,54.0,54.0,4359.745,1514.0,220.63252,114.54164,0.0,0.0,5757.1924,87.0,0.0,1.0,3.0,0,0,7
222.95464,84.0,64.70706,5059.5654,1514.0,60.0,140.36836,224.9733,330.79254,1435.05,84.0,0.0,0.5,4.0,0,0,7
228.25476,54.0,54.0,7156.2236,163.58333,99.0,258.20816,0.0,0.0,55063.156,79.0,0.0,1.2725316,3.0,0,0,7
564.9273,54.0,66.0,226.0,530.0,60.0,327.6937,239.45341,307.88028,1612.7797,80.74369,12.0,1.5210184,2.0,0,0,7
267.251,54.0,54.0,306.2214,1514.0,60.0,341.74274,0.0,0.0,1260.1652,259.57712,0.0,0.5,2.0,0,0,7
241.0,54.0,60.0,5115.9224,1514.0,60.0,207.23773,162.67317,310.69583,1533.797,162.72778,8.0,1.1224748,2.0,0,2,7
226.0,54.0,54.0,7731.858,532.0,60.0,135.81477,0.0,0.0,18426.982,224.22443,0.0,1.5722126,3.0,0,0,7
202.98143,91.0,60.0,7642.561,528.0,60.0,141.23822,256.61447,491.99927,4310.538,106.012764,0.0,0.5,4.0,0,1,7
235.03943,54.0,54.50602,248.34384,581.0,60.0,341.81454,136.91173,126.78415,205004.81,78.0,0.0,0.5,3.0,0,0,7
365.875,89.0,76.0,319.96732,1458.4897,60.0,315.54218,136.93944,290.6462,134201.16,79.0,12.0,1.0944939,2.0,0,0,7
376.31503,54.0,60.0,1567.5859,632.64404,99.40309,180.06357,0.0,256.38895,4353.1753,163.3249,92.14423,1.0638993,2.0,0,0,7
196.98613,54.0,60.0,7613.378,530.0,60.0,298.83118,0.0,154.67807,2413.756,309.9127,0.0,0.5,6.0,0,0,7
385.7759,54.0,54.0,7897.7354,241.43295,148.45811,135.74858,0.0,0.0,4928.195,81.0,0.0,1.2,2.0,0,0,7
226.0,54.0,54.0,7072.414,89.0,54.0,476.597,288.52487,496.7904,190528.16,79.93588,8.0,0.5,3.0,0,2,7
627.3369,54.0,54.0,1794.2245,408.62305,60.0,337.95197,120.05535,104.06761,4348.666,82.0,0.0,1.3333334,2.0,0,0,7
196.0,54.0,54.0,293.5964,354.74915,60.0,377.6526,0.0,0.0,237072.14,152.57832,0.0,2.2574751,3.0,0,0,7
165.12148,62.0,54.0,7326.8657,134.28917,60.0,136.0,0.0,0.0,18659.904,91.0,0.0,1.2,5.0,3,0,7
151.86491,54.0,54.0,222.3774,374.0,54.0,664.3284,109.64073,0.0,1099.3663,262.51257,87.01803,0.6666667,6.0,0,0,7
180.60312,54.0,54.0,5083.958,478.7673,66.0,135.66667,0.0,0.0,203721.53,121.105225,0.0,0.5,3.0,0,0,7
68.333336,54.0,54.0,7637.2427,352.34833,60.0,290.0833,470.03,559.46405,2612.79,94.0,111.23151,0.5,24.631088,0,0,7
216.45921,54.0,54.0,5182.856,91.0,208.95256,85.579025,0.0,0.0,11300.632,75.0,12.0,0.5,5.0,0,0,7
208.38022,54.0,54.0,7302.6084,147.0,60.0,134.9573,0.0,0.0,51322.445,89.0,11.0,1.2222222,5.0,3,0,7
179.0,54.0,54.0,7600.398,505.81647,60.0,458.35733,0.0,0.0,2351.7622,91.0,0.0,0.5,4.0,0,0,7
134.18358,54.0,54.0,5079.548,106.46481,60.0,414.7744,0.0,0.0,365.7698,94.0,0.0,0.5,6.0,0,0,7
206.0,54.0,54.0,5222.5293,1292.0,162.66158,99.23599,0.0,11.785113,446907.1,117.339676,0.0,0.6666667,6.0,0,0,7
188.0,54.0,54.0,7180.0986,488.08942,137.52571,182.9099,0.0,0.0,1919.8353,457.51932,11.0,0.5,5.0,0,0,7
120.18573,54.0,54.0,7417.515,676.8438,60.0,137.69981,0.0,0.0,4882.317,383.8842,1.0,0.5,6.0,0,0,7
489.04468,94.0,78.0,7597.11,530.0,60.0,139.09328,0.0,0.0,10430.854,78.0,8.0,1.2,2.0,0,2,7
118.29114,54.0,54.0,5130.084,89.0,60.0,394.18182,352.09625,529.08246,56118.42,77.0,22.67359,0.75,6.0,0,0,7
177.98512,78.0,54.0,208.75398,522.0,60.0,375.05463,107.901855,494.30823,652.98395,91.0,0.0,0.5,5.0,0,0,7
68.857086,54.0,60.0,1094.0784,478.1561,60.0,365.9428,377.7243,487.21585,22529.293,68.96361,1.0,0.6,15.086456,0,0,7
204.0,54.0,62.0,6048.1475,643.5452,60.0,454.38202,0.0,0.0,2072.9592,82.0,0.0,0.5,5.0,0,0,7
117.83553,71.500206,60.0,5110.8003,1456.7518,60.0,297.85712,130.34479,125.768074,10287.29,301.9947,0.0,0.5,13.0,0,0,7
171.0,54.0,54.0,5854.0,528.17847,54.0,1199.88,521.46185,506.03586,41712.97,90.91912,0.0,1.0,5.0,0,0,7
227.62718,54.0,54.0,1798.1077,1412.9553,60.0,281.54715,0.0,0.0,210.66728,522.0,0.0,0.5,2.0,0,0,7
169.0,54.0,54.0,5944.2876,400.0,60.0,342.62317,0.0,0.0,122969.484,144.97635,0.0,0.5,3.0,0,2,7
226.95888,54.0,54.0,3075.6902,1194.497,60.0,326.23584,306.6258,483.24384,51866.844,199.43303,0.0,0.6666667,4.0,0,0,7
193.31616,54.0,54.0,226.0,720.97064,54.0,1210.2668,525.333,518.6511,1097.6742,86.0,0.0,0.6666667,5.0,0,0,7
500.2549,54.0,54.0,205.0,530.0,60.0,199.57864,120.06505,11.785113,59641.062,178.30305,86.747734,1.0,2.0,0,0,7
346.93634,65.70653,76.0,5148.45,686.5803,60.0,299.90274,40.59874,5.5788846,1774.3717,87.0,0.0,1.2048937,2.0,0,0,7
182.0,89.0,77.0,11421.173,530.0,60.0,300.39783,0.0,196.6408,347847.0,87.76198,0.0,1.0,4.0,0,0,7
209.0,54.0,54.0,1548.5078,237.7663,60.0,316.48615,525.74243,601.96924,1728.4899,87.0,0.0,0.5,5.0,0,0,7
362.72986,54.0,54.0,483.264,1514.0,60.0,260.3616,0.0,0.0,24768.146,201.44049,0.0,1.2,2.0,0,0,7
208.0,54.0,54.0,3427.0657,89.0,103.0,138.0,0.0,0.0,1415.3519,84.0,0.0,1.1538461,5.0,0,0,7
132.64235,54.0,54.0,5176.4062,389.4228,60.0,344.58636,0.0,0.0,2262.1567,91.0,39.0,1.4622494,6.0,0,0,7
248.62177,54.0,54.0,7180.6904,89.0,60.0,614.1563,542.0519,553.7965,3946.3933,79.96074,0.0,0.6666667,3.0,0,0,7
767.0987,54.0,54.0,226.39711,268.0,60.0,289.10092,83.02534,11.785113,248912.11,147.0,0.0,1.1,2.0,3,0,7
226.0,54.0,54.0,5214.0825,1514.0,60.0,300.93954,0.0,0.0,317599.6,80.96297,0.0,0.54836845,5.0,3,0,7
361.7762,54.0,54.0,4566.007,1514.0,60.0,467.6696,413.79108,506.1757,172849.53,122.8,6.0,1.0,2.0,0,0,7
603.0,54.0,54.0,8119.1045,400.0,60.0,341.72394,265.86612,447.56665,2260.5635,237.79729,0.0,1.2,2.0,0,0,7
78.344154,54.0,54.0,271.0574,215.80408,54.0,1202.2241,528.066,546.69104,279.06738,88.02735,0.0,0.5,42.611736,0,0,7
258.0662,62.0,60.0,387.54944,532.0,224.90201,102.333336,0.0,0.0,3405.7695,80.0,0.0,0.6666667,2.0,0,2,7
659.4972,54.0,54.0,241.0,275.2914,60.0,271.08395,0.0,112.04911,1090.7418,219.27524,17.0,1.2281075,2.0,0,2,7
179.40636,54.0,54.0,431.7051,522.0,60.0,236.99063,0.0,226.18985,209240.78,75.0,19.7507,3.0992663,5.0,3,0,7
208.0,54.0,54.0,1828.9465,523.21356,60.0,478.0728,549.92444,594.69604,72316.766,74.404305,0.0,0.638255,4.0,0,2,7
204.0,54.0,60.0,5854.0,1310.3666,60.0,387.61472,119.25434,202.15686,3405.921,121.880104,0.0,0.5,5.0,0,0,7
204.0,54.0,54.0,5908.0,1193.5879,60.0,287.743,0.0,0.0,10871.094,245.08324,0.0,0.5,5.0,0,0,7
182.0,54.0,60.0,8112.1074,521.9119,60.0,231.00017,161.13567,490.77237,2417.648,82.0,0.0,1.3500311,5.0,0,0,7
238.18289,89.0,54.0,5858.2217,1292.0,60.0,258.65067,0.0,0.0,2258.4526,209.30252,0.0,1.3072779,2.0,0,0,7
196.0,54.0,54.0,7641.963,106.64426,60.0,576.227,524.09576,518.7322,3983.6052,89.0,8.0,0.5,6.0,0,0,7
172.66133,54.0,54.0,5908.0,1514.0,60.0,335.86856,0.0,0.0,2874.1614,78.0,13.0,0.5,5.0,0,0,7
90.77076,54.0,54.0,7895.5522,522.0,60.0,135.89182,0.0,0.0,1730.8795,229.25873,11.0,0.6666667,8.0,0,0,7
226.52774,54.0,54.0,5908.0,366.56018,60.0,143.33333,0.0,0.0,252066.06,69.65806,0.0,1.0,3.0,0,0,7
177.0,78.0,54.0,5138.6045,1246.6249,60.0,467.6985,197.25694,103.36763,7954.9307,95.0504,0.0,0.5,5.0,0,0,7
182.0,54.0,54.0,250.67897,522.0,60.0,135.66667,171.62401,489.088,46152.766,62.0,10.0,0.5,5.0,0,0,7
603.0,54.0,54.0,4404.4263,1192.0,60.0,315.8725,33.329506,261.19272,10133.201,263.22406,0.0,1.2131813,2.0,0,2,7
209.0,54.0,54.0,6288.101,82.0,204.182,92.5992,0.0,0.0,1799.96,78.0,9.0,1.1254903,5.0,0,0,7
91.26131,54.0,60.0,268.88678,1192.0,60.0,435.1311,86.17541,0.0,128270.7,157.94397,0.0,0.6,10.0,0,0,7
134.93747,92.0,54.0,8498.4375,522.0,66.0,250.25726,0.0,0.0,207865.5,145.30443,0.0,2.1170332,6.0,3,0,7
209.0,75.59815,54.0,5742.12,522.0,54.0,478.53986,477.93195,529.4069,25234.773,66.070366,11.0,0.6666667,3.1184494,0,0,7
183.33641,54.0,54.0,7185.4043,723.8699,60.0,156.0841,209.55405,313.76913,381.47482,522.0,0.0,1.2,4.0,0,0,7
340.541,54.0,54.0,3844.0,1223.7815,60.0,205.21141,112.97523,161.26585,12774.93,199.47787,0.0,0.5,5.0,0,0,7
366.57175,54.0,54.0,7168.2554,340.15076,60.0,249.35123,212.34906,298.51385,3140.4458,270.30554,124.46688,0.5,3.0,0,0,7
275.0423,89.0,54.0,2125.582,94.0,60.0,249.69595,484.6517,638.7932,47474.28,89.0,61.545372,0.5,2.0,0,0,7
182.0,74.0,73.0,226.0,266.28235,60.0,256.7444,0.0,0.0,9977.397,99.89044,104.64882,0.13742566,6.0,3,0,7
267.15225,54.0,60.0,9827.733,473.6075,60.0,406.88562,0.0,35.252247,22201.68,209.56013,59.638176,0.5,3.0,0,0,7
141.0,54.0,54.0,1360.5323,672.3561,60.0,341.72406,196.112,369.31598,2697.1328,89.0,0.0,1.25,6.0,0,0,7
202.19183,62.0,54.0,5078.2856,400.0,102.647194,199.22363,0.0,0.0,5314.762,132.46019,22.0,0.36147028,5.0,0,0,7
362.6632,54.0,54.0,5884.1313,1446.5536,60.0,394.65018,110.34495,496.85165,46486.33,81.0,30.86957,0.6666667,3.0,0,0,7
229.35233,54.0,60.0,2985.0933,290.8619,60.0,471.0073,129.72859,283.619,171855.44,119.42198,0.0,0.5,3.0,0,0,7
299.91098,89.0,54.0,371.1526,279.27887,60.0,338.02002,413.83124,495.438,4504.099,95.0,62.62952,0.5,2.0,0,0,7
121.14038,54.0,54.0,7156.8984,95.0,60.0,236.86307,137.6136,109.91854,131606.72,78.0,8.0,1.0775491,8.0,0,0,7
310.91357,64.0,54.0,5515.105,521.5303,60.0,421.4884,0.0,0.0,16279.475,122.8,0.0,1.0,2.0,0,0,7
172.57896,82.0,79.0,5908.192,1292.0,60.0,551.68933,369.10196,266.21753,624.8569,80.92137,12.0,0.5,6.0,3,0,7
398.2096,54.0,54.0,209.0,697.23175,213.20027,97.0,0.0,0.0,20809.477,214.68314,9.0,1.3333334,2.0,0,2,7
183.8111,54.0,54.0,228.54185,1514.0,60.0,232.8108,226.45934,443.38614,1764.3464,78.13415,13.549114,0.5,4.0,0,0,7
229.0,54.0,54.0,242.55646,1292.0,54.0,1266.0315,529.68396,536.867,469.65814,95.0,26.573538,1.0,3.0,0,0,7
64.547104,54.0,54.0,5075.7793,275.4278,60.0,264.0758,578.8378,556.14215,10949.762,181.22249,10.0,0.5,129.0722,0,0,7
110.43364,54.0,60.0,319.0,1311.8213,74.0,264.44467,109.63591,110.35671,2670.779,87.79959,8.0,0.5,6.0,0,0,7
90.0,54.0,54.0,5813.0186,94.0,60.0,344.67413,84.563385,444.12943,25960.451,76.90338,0.0,0.5,8.587958,0,0,7
74.0,54.0,54.0,2836.2114,1292.0,60.0,284.43054,0.0,0.0,2665.7544,86.16658,97.5101,0.102414615,14.0,0,0,7
229.0,54.0,54.0,621.344,1459.1943,60.0,297.65503,0.0,0.0,13997.037,225.09834,24.99595,1.1554325,4.0,0,0,7
121.0,54.0,54.0,5225.2803,1423.84,60.0,333.52582,470.61584,506.98398,188.43352,617.0,0.0,1.3067342,6.0,0,0,7
93.868774,88.54401,54.0,16071.971,91.0,60.0,544.63855,277.42035,522.66925,43721.875,62.0,0.0,0.5,8.0,0,0,7
325.96616,54.0,54.0,9546.645,240.84073,54.0,920.47314,348.30673,110.52451,1151.123,86.0693,0.0,1.0909091,2.0,0,2,7
385.74173,54.0,60.0,4630.261,1514.0,60.0,341.7686,575.99567,581.46356,1097.6276,88.84614,0.0,1.2277596,2.0,0,0,7
361.53064,54.0,54.0,5939.8013,618.44147,60.0,335.24985,0.0,0.0,2265.8372,111.35936,0.0,1.2222222,2.0,3,0,7
497.81952,54.0,54.0,4824.974,630.15753,60.0,455.7766,127.27093,161.08316,123036.81,88.76271,0.0,1.8331316,2.0,0,0,7
250.69359,66.0,54.0,5172.775,1292.0,54.0,1237.7986,582.79425,566.0158,7721.1904,90.00302,27.0,0.5,3.0,0,0,7
291.81216,54.0,54.0,226.0,334.5237,60.0,232.28,0.0,0.0,1885.7339,94.0,0.0,1.2222222,2.0,0,0,7
565.9282,54.0,54.0,822.38007,667.3602,60.0,130.5364,85.21404,105.77531,33828.297,72.68353,11.0,0.6666667,2.0,3,0,7
591.84753,54.0,54.0,229.0,528.2416,60.0,414.81818,422.51794,506.96643,21921.281,122.15895,50.853477,1.2756065,2.0,0,0,7
208.0,54.0,60.0,8058.7007,260.02765,60.0,394.24335,275.35333,495.40167,10845.308,96.17263,0.0,0.5,3.0,3,0,7
179.0,54.0,60.0,3844.0,623.632,60.0,421.68268,130.96236,275.45157,58901.945,89.0,0.0,0.5,5.0,0,0,7
68.333336,54.0,54.0,5854.0,94.0,60.0,444.26828,540.36395,521.9906,8405.19,89.0,0.0,1.1205573,19.0,0,0,7
203.92743,66.0,62.0,7236.0,603.8878,60.0,322.02557,256.4226,296.48904,1097.5586,420.72742,0.0,0.5,5.0,0,0,7
341.53635,78.0,54.0,3844.0,1514.0,74.0,263.9541,0.0,343.221,82512.93,84.0,0.0,1.0,2.0,3,0,7
225.63464,54.0,54.0,824.0974,143.6,60.0,415.13562,0.0,0.0,227242.44,91.0,0.0,0.5,3.0,0,0,7
739.65485,54.0,54.0,889.7878,145.4248,60.0,172.22276,11.134747,11.785113,134294.66,95.0,0.0,1.0,1.0,0,0,7
362.52637,54.0,60.0,5141.9697,1747.5164,60.0,456.74167,411.6285,616.01807,48695.75,80.65556,7.0,1.0625,2.0,3,0,7
416.25784,54.0,54.0,1712.9938,580.0541,245.44913,82.333336,0.0,0.0,29817.28,121.03034,75.38166,1.1818181,2.0,0,2,7
241.0,54.0,54.0,562.8176,522.0,60.0,288.36307,175.14444,292.1144,2027.8485,97.04344,0.0,0.79414594,3.0,0,0,7
240.63203,54.0,60.0,5657.381,529.0,60.0,278.1966,170.12848,470.36386,88522.51,115.828964,0.0,0.5,3.0,0,0,7
227.0,54.0,54.0,198.6758,530.4234,60.0,455.68433,213.76637,483.9612,1095.5001,79.0,12.0,0.5,6.0,0,0,7
664.4197,54.0,54.0,7081.287,1514.0,60.0,169.21693,0.0,0.0,1418.0398,101.87626,0.0,1.2307693,2.0,0,0,7
254.94818,89.0,74.0,7921.3354,530.0,60.0,321.2037,82.58663,47.034016,2991.02,246.24503,93.0,0.5,2.0,3,0,7
236.82352,67.55584,54.0,7788.7363,289.35648,206.0,72.74248,0.0,0.0,235475.19,62.0,13.0,0.75,3.0,0,0,7
137.0,54.0,60.0,7191.916,530.0,90.48111,122.35989,0.0,127.12113,18004.61,243.18329,0.0,0.5,9.301615,0,0,7
319.05203,54.0,54.0,7166.5615,475.27863,54.0,1209.2761,357.81277,619.1551,3405.9087,91.0,0.0,1.294634,3.0,0,0,7
226.0,54.0,54.0,480.18814,1306.7323,54.0,1232.4288,326.71286,594.3845,29190.9,74.0,0.0,1.0833334,2.0,0,0,7
74.0,54.0,66.0,5984.8906,1292.0,60.0,319.31277,371.84302,520.47644,122576.45,122.8,0.0,0.6666667,13.0,0,0,7
366.5355,54.0,54.0,8570.796,338.0937,54.0,935.39386,197.89597,342.68533,4883.628,89.0,20.0,1.0,2.0,0,2,7
345.53198,54.0,54.0,1200.1536,488.68408,61.428814,135.66667,0.0,0.0,411502.4,79.0,16.105915,0.5,2.0,0,0,7
204.42592,54.0,54.0,8290.166,521.1452,60.0,320.4151,747.6591,558.12726,13966.403,127.194855,10.0,1.0,5.0,0,0,7
302.22614,54.0,54.0,309.53568,1309.6497,226.0,90.99666,0.0,0.0,289756.47,69.02093,8.0,0.5,2.0,0,0,7
587.3247,54.0,54.0,208.0,522.0,60.0,329.3929,81.33552,336.75446,46156.93,178.9689,92.9698,1.4576614,2.0,0,0,7
319.0,54.0,54.0,5735.339,530.0,187.20575,91.0,0.0,0.0,429740.0,82.0,35.852318,1.2930824,2.0,0,0,7
344.82303,74.0,54.0,7307.601,203.53694,54.0,681.3017,201.23856,0.0,2791.2747,92.23531,0.0,0.85490716,2.0,0,0,7
106.04117,54.0,60.0,7731.5947,514.0463,60.0,232.28,548.45483,524.80225,4828.983,87.60051,0.0,1.0833334,12.0,0,0,7
226.0,63.0,54.0,209.0,420.58615,60.0,474.91714,0.0,0.0,320902.6,138.68164,4.0,1.3284936,3.0,0,0,7
100.0,54.0,62.0,5506.301,1292.0,60.0,450.28427,533.3658,545.9864,8111.1,280.682,1.0,1.5735022,9.0,0,0,7
213.32988,54.0,54.0,205.0,374.0,60.0,169.28299,171.38611,151.55592,1808.7397,217.66019,14.839911,1.0674585,5.0,0,0,7
310.3408,54.0,54.0,226.0,531.0,60.0,153.31885,175.03323,346.93643,59427.605,122.8,0.0,1.0909091,3.0,0,0,7
226.0,54.0,54.0,226.0,527.9396,60.0,236.9663,238.90623,556.14215,27084.846,176.08537,0.0,0.5,3.0,3,0,7
226.0,85.753235,60.0,8391.233,374.0,60.0,461.51926,0.0,0.0,8490.908,162.86227,0.0,2.9560802,3.0,0,0,7
632.8687,54.0,54.0,218.80305,143.6,60.0,134.33333,0.0,113.003105,188785.98,101.45186,0.0,1.2,2.0,0,0,7
133.90779,54.0,60.0,4385.7183,1514.0,60.0,387.81818,462.21533,525.37317,2653.8167,452.1166,0.0,0.5,9.0,0,0,7
204.0,89.0,54.0,4989.7446,96.0,60.0,133.33333,123.25746,402.87787,3583.7307,91.0,0.0,0.5,4.0,0,1,7
411.90088,54.0,60.0,4707.595,530.0,184.15398,103.0,0.0,0.0,22382.889,96.11637,0.0,1.3333334,2.0,0,2,7
662.2998,54.0,54.0,3844.0,688.19183,60.0,338.0098,45.904095,56.101357,72974.38,84.0,10.0,1.2492595,2.0,0,2,7
293.0303,82.0,54.0,5194.507,598.43146,60.0,297.65472,111.059425,43.425232,1769.0035,84.0,0.0,1.2702845,2.0,0,0,7
491.65143,54.0,54.0,5111.0,83.0,60.0,326.29663,36.597286,0.0,3211.1821,80.0,0.0,1.112677,2.0,0,2,7
270.29126,54.0,54.0,6199.3535,530.0,60.0,229.78691,0.0,0.0,15670.486,79.0,0.0,0.5,2.0,0,0,7
227.0,54.0,54.0,4395.5474,522.0,60.0,198.56044,0.0,0.0,36568.535,200.96886,0.0,1.25,3.0,0,0,7
214.44171,91.0,60.0,7637.252,371.23358,60.0,246.27003,171.38611,556.14154,38260.277,78.0,20.0,0.5,4.0,0,0,7
226.0,68.079956,54.0,5800.7417,146.70578,60.0,258.21564,517.82825,506.9863,3537.6338,94.0,131.62389,0.5,3.0,0,0,7
150.0,54.0,54.0,734.4952,374.0,60.0,286.4101,0.0,0.0,302581.53,96.0,0.0,0.5,5.0,0,0,7
361.24976,90.033264,60.0,5006.15,1454.3103,60.0,616.66583,476.163,547.1124,129668.78,82.78635,26.666878,0.5,2.0,0,0,7
226.0,78.0,74.0,241.0,724.1256,60.0,289.99945,283.03033,295.642,1757.5004,532.0,0.0,0.5,2.0,0,0,7
217.23996,89.0,74.0,8899.644,522.0,60.0,149.88588,0.0,220.45227,173570.06,75.0,0.0,3.2037508,4.0,0,0,7
226.0,54.0,54.0,5139.161,528.25635,60.0,283.44556,0.0,0.0,2528.3733,467.844,1.0,0.5,3.0,0,0,7
62.791573,54.0,54.0,492.82892,488.0,54.0,458.63547,424.08878,546.264,83882.05,178.30862,8.0,0.5,241.91185,0,0,7
177.0,54.0,60.0,5618.7305,612.91785,60.0,344.59384,46.639256,101.95697,171717.97,143.0979,0.0,0.5,5.0,3,0,7
226.0,54.0,54.0,6457.6816,1457.2435,60.0,315.72418,259.7588,409.94888,778.68823,87.0,0.0,0.5,5.0,0,0,7
365.07144,89.0,62.0,7426.296,522.0,60.0,333.82214,124.64772,109.283585,803.4271,243.25128,0.0,1.2,2.0,0,0,7
229.0,54.0,54.0,7156.5586,153.15672,60.0,344.57483,0.0,0.0,243580.78,95.0,0.0,0.85442805,2.0,0,0,7
347.52942,54.0,54.0,7663.2314,138.0,60.0,338.01593,0.0,11.785113,600.8166,87.0,0.0,1.1437615,2.0,0,2,7
212.44241,54.0,54.0,4466.228,342.86,60.0,387.51404,325.31522,495.49484,4883.744,268.0,0.0,0.5,3.0,0,2,7
348.94135,54.0,54.0,7156.75,522.0,60.0,317.80307,0.0,0.0,81903.79,95.0,0.0,1.3333334,2.0,3,0,7
192.0,54.0,54.0,5001.765,354.35126,60.0,467.7307,346.4508,529.1105,2750.3027,78.0,27.0,0.93753743,5.0,0,0,7
251.0,74.81769,54.0,786.9806,1514.0,60.0,362.7,0.0,0.0,4199.8154,82.0,0.0,1.2,3.0,0,0,7
226.0,91.0,75.0,7255.3574,618.904,74.0,132.24197,0.0,0.0,359442.72,143.37073,128.0,0.6666667,3.0,0,1,7
209.0,54.0,54.0,10174.904,224.39552,60.0,297.5573,111.08718,55.977253,2431.7488,83.22121,17.575912,0.5,5.0,0,0,7
226.0,86.333336,54.0,3563.2607,89.0,224.87497,89.0,0.0,0.0,1199.8243,80.0,12.0,0.5,3.0,0,0,7
256.38153,54.0,60.0,5218.117,1514.0,60.0,141.53972,0.0,0.0,15491.497,95.0,0.0,1.2252908,2.0,0,0,7
94.0,54.0,54.0,226.0,532.0,54.0,1246.2266,209.38138,0.0,129518.664,76.64854,13.0,0.5,342.3634,0,0,7
414.43875,54.0,54.0,5556.8047,1457.5472,54.0,855.2895,256.93094,536.21454,1365.4362,88.63004,14.55945,1.25577,2.0,0,0,7
303.96942,54.0,60.0,5033.3623,995.0276,60.0,332.3965,0.0,0.0,2660.7317,81.92011,10.0,0.5,2.0,0,2,7
319.0,54.0,54.0,7182.0,465.8258,60.0,260.84137,0.0,56.095142,1240.108,83.94735,0.0,0.5,2.0,0,0,7
289.87708,54.0,54.0,6295.6216,374.0,60.0,141.97826,133.24988,102.350266,194906.58,95.0,0.0,1.0,3.0,0,0,7
226.0,89.0,75.0,5180.0,1456.8016,60.0,311.71506,273.4559,310.5217,12235.118,87.0,0.0,0.5,3.0,0,2,7
94.0,54.0,73.0,5471.819,1309.8251,54.0,472.46597,399.69357,495.91232,14119.4375,89.0,0.0,0.5,14.605886,0,0,7
292.27792,54.0,54.0,3974.977,692.0,60.0,251.49498,548.5105,607.754,49114.71,74.0,8.0,0.5,2.0,3,2,7
226.6,74.0,54.0,7823.0063,530.0,226.0,100.62303,0.0,0.0,24280.01,91.0,78.58455,0.5,3.0,0,0,7
330.77783,54.0,54.0,236.40814,522.0,205.94627,97.01288,0.0,57.7022,19818.121,213.60187,0.0,1.3333334,3.0,0,0,7
336.28143,54.0,54.0,7413.6616,244.69208,60.0,285.85345,0.0,0.0,4046.141,95.0,0.0,0.5,2.0,0,0,7
182.0,54.0,54.0,4376.24,1439.9191,54.0,354.6778,262.57233,365.1878,8188.063,91.0,1.0,0.5,4.0,0,0,7
204.0,54.0,54.0,6580.187,1514.0,74.0,129.29124,0.0,0.0,3618.2998,82.387,19.0,0.5,5.0,0,0,7
204.0,54.0,67.943275,5258.7695,1053.9971,60.0,297.78726,518.1481,505.92874,1760.069,80.0,22.0,0.5,6.0,0,0,7
206.0,54.0,54.0,5215.53,1514.0,60.0,329.3769,107.6882,56.100727,1389.9052,78.30605,13.0,0.5,5.0,0,0,7
439.56973,54.0,54.0,319.0,1292.0,60.0,332.46304,160.67938,363.24426,17151.426,237.20174,0.0,1.0617726,2.0,0,0,7
138.89856,54.0,60.0,5010.2856,1514.0,60.0,134.80489,159.66116,247.36919,27721.045,72.0,11.0,1.0,6.0,3,0,7
208.0,54.0,54.0,3844.0,524.0785,60.0,267.39908,0.0,0.0,14646.785,250.96991,0.0,0.5,3.0,0,0,7
226.0,54.0,54.0,7236.0,106.25178,60.0,387.7954,374.46973,590.89087,1759.4476,95.0,17.0,1.0,3.0,0,0,7
226.0,54.0,60.0,5192.6787,608.5059,60.0,316.64523,686.4847,564.2026,8355.109,77.0,11.0,0.5,3.0,0,0,7
202.22917,54.0,54.0,292.32828,1514.0,74.0,158.57191,0.0,0.0,5189.606,259.44812,0.0,1.8333334,4.0,0,0,7
123.65227,54.0,54.0,4841.674,94.0,54.0,946.3862,546.9596,565.26764,284.44238,89.0,0.0,0.5,13.0,0,0,7
172.50932,54.0,54.0,340.27573,1310.9835,60.0,300.5378,0.0,0.0,4851.0723,82.0,0.0,1.4393241,5.0,0,0,7
120.687294,75.0,54.0,266.31274,147.06657,60.0,787.60144,270.8488,11.785113,215663.45,96.0,0.0,2.109786,9.0,0,0,7
204.0,54.0,54.0,608.3825,138.968,177.55977,101.53214,0.0,0.0,317131.5,101.0,9.0,0.5,6.0,0,0,7
226.0,54.0,54.0,226.0,1292.0,128.48914,112.333336,0.0,0.0,23035.473,212.92613,0.0,0.5,3.0,0,0,7
344.4326,54.0,54.0,205.0,530.0,60.0,322.58713,477.9348,518.7322,6101.5156,353.88223,0.0,0.5,5.0,3,0,7
676.71967,54.0,54.0,5081.2495,697.76227,60.0,341.74985,548.466,548.51556,46654.348,74.0,0.0,1.25,2.0,0,0,7
206.0,89.0,54.0,268.0,1292.0,206.0,104.333336,0.0,0.0,2269.2434,87.25487,33.880703,0.5,3.0,0,0,7
159.0,54.0,54.0,7236.0,340.87585,54.0,650.41174,484.3373,538.819,27910.254,62.70697,0.0,1.3263252,5.0,0,0,7
354.8159,54.0,54.0,827.13635,213.61101,60.0,387.81818,0.0,0.0,121.21756,88.22271,0.0,1.2161487,2.0,0,0,7
322.0951,87.0,54.0,872.47314,585.7034,60.0,134.66667,109.65742,494.04044,45402.78,66.0,0.0,0.5,2.0,0,0,7
241.0,54.0,54.0,5131.0244,96.0,60.0,334.66257,0.0,0.0,26988.068,68.711815,10.0,1.2,3.0,0,0,7
240.2203,54.0,54.0,479.63345,1514.0,60.0,289.32013,68.91133,57.50948,225315.12,147.0,0.0,3.0419936,3.0,0,0,7
229.0,54.0,54.0,229.0,95.0,54.0,1239.6195,529.629,494.33026,3134.4998,80.0,11.0,0.6666667,5.0,0,0,7
196.29819,54.0,54.0,205.0,522.0,60.0,253.33665,0.0,0.0,228474.77,79.0,18.815536,0.5,4.0,3,0,7
148.23952,54.0,54.0,5222.8765,281.01074,60.0,332.43314,0.0,0.0,216962.33,143.6,46.926594,0.5,5.0,0,0,7
229.0,54.0,54.0,7157.9717,521.987,60.0,296.99667,81.924416,473.11942,484.98434,81.0,12.0,1.3333334,3.0,0,0,7
93.0,54.0,54.0,5908.0,505.16666,54.0,565.07446,184.35915,518.58575,1241.1273,179.0056,0.0,0.5,7.9372277,0,0,7
128.1453,89.0,60.0,4379.569,102.0,60.0,313.6584,109.62471,103.64919,4332.281,81.0,6.5924773,1.4564981,6.0,0,0,7
204.0,54.0,54.0,5907.3496,102.2495,119.86209,111.666664,0.0,0.0,174442.56,89.0,0.0,0.5,5.0,0,0,7
886.5899,54.0,54.0,5142.315,489.77414,139.2815,136.0,0.0,0.0,25113.96,96.0,0.0,1.2,2.0,0,0,7
141.0,54.0,54.0,4983.845,304.0,60.0,257.871,81.05377,125.81902,46210.19,75.0,13.0,0.5,12.0,0,0,7
319.0,54.0,54.0,5150.1377,178.55775,60.0,422.23007,0.0,0.0,2475.8525,91.0,22.0,0.5,3.0,0,0,7
656.5616,54.0,60.0,5155.475,624.49475,60.0,236.8219,0.0,0.0,2538.2644,508.59262,0.0,1.2366894,2.0,0,0,7
267.6604,54.0,60.0,1114.2278,304.0,60.0,173.66667,0.0,0.0,175798.78,66.0,11.0,0.5,3.0,0,0,7
159.0,66.0,54.0,1385.6195,1514.0,54.0,540.3318,419.7356,529.95105,45083.26,74.0,0.0,0.5,3.0,0,2,7
208.0,77.0,60.0,5179.9844,1126.4661,60.0,134.33333,0.0,0.0,22816.973,121.73958,0.0,0.5,3.0,0,0,7
217.22777,54.0,75.0,4124.4336,1456.3839,60.0,143.33333,0.0,0.0,18082.414,77.0,10.0,0.5,3.0,0,0,7
228.9756,54.0,54.0,249.9611,531.0,60.0,132.0,0.0,0.0,24968.197,162.51054,0.0,0.5,3.0,0,0,7
204.0,54.0,54.0,251.0,1227.3397,60.0,232.28,0.0,266.2669,467.00793,522.0,0.0,0.5,3.0,3,2,7
315.5458,89.0,54.0,5176.1963,192.36958,60.0,315.55908,456.04907,543.72906,38555.414,84.0,0.0,1.181373,2.0,0,0,7
149.75346,54.0,54.0,5022.294,403.2276,119.161896,138.0,0.0,110.896835,312535.0,122.88404,122.93199,0.5,5.0,0,0,7
148.27634,82.0,60.0,7174.7427,530.0,60.0,132.43422,0.0,0.0,2226.4714,317.99344,8.0,0.5,5.0,0,0,7
148.84709,54.0,74.0,4373.062,1514.0,54.0,476.98557,449.9558,497.2709,1086.1758,91.0,0.0,0.6666667,6.0,0,0,7
204.5958,54.0,54.0,7414.0,522.0,60.0,291.4376,0.0,388.92007,574.3969,84.0,4.0,1.3333334,5.0,3,0,7
169.53418,54.0,54.0,227.0,425.74246,60.0,450.38724,471.30826,505.47098,1916.4834,86.485565,12.0,0.5,4.0,0,2,7
191.23807,54.0,54.0,5083.4272,485.71802,54.0,538.8878,0.0,0.0,1384.5148,244.55434,0.0,0.5,5.0,0,0,7
206.0,54.0,54.0,7414.0,93.31876,60.0,708.5424,543.3955,568.8489,3886.1365,88.778496,0.0,0.5,5.0,0,0,7
172.30655,54.0,54.0,865.2978,1458.1118,60.0,315.5166,128.01259,494.30823,621.2001,916.5736,0.0,9.730851,6.0,0,0,7
259.79916,54.0,60.0,5180.0,1514.0,60.0,241.24507,0.0,0.0,72960.64,162.11983,11.0,0.5,4.0,3,0,7
226.0,79.38012,72.16753,7414.0,530.0,60.0,369.85547,0.0,0.0,617.73785,135.72948,0.0,1.0,3.0,0,0,7
226.0,54.0,54.0,2174.284,452.69287,195.9265,82.333336,0.0,0.0,2942.8594,349.59637,0.0,0.5,3.0,0,0,7
226.0,54.0,54.0,1024.8481,530.0,60.0,297.83908,45.745426,0.0,4901.33,78.0,13.0,0.5,3.0,0,0,7
347.52942,91.0,76.0,262.4812,636.9759,60.0,297.42133,0.0,0.0,4912.6777,78.0,13.0,2.0,2.0,0,0,7
101.7462,54.0,54.0,7483.494,96.0,60.0,289.46008,0.0,59.149452,4884.1084,80.0,0.0,1.2132384,9.0,0,0,7
172.72643,75.0,54.0,205.0,341.46127,60.0,134.66667,45.427902,5.74903,125386.49,89.0,12.0,1.0,5.0,0,0,7
195.14767,54.0,60.0,5082.5283,506.48145,60.0,448.08636,109.22515,160.77742,45660.14,143.57593,0.0,0.5107738,5.0,0,0,7
171.20773,54.0,54.0,4977.9683,528.0,60.0,632.258,532.0444,602.2568,49634.855,161.73425,0.0,1.0,5.0,0,0,7
147.4139,66.0,60.0,3580.8032,529.35645,60.0,374.1464,395.8507,510.92114,54609.117,143.27194,0.0,0.5,7.0,3,0,7
238.9188,54.0,54.0,7181.1753,104.44699,60.0,130.66667,0.0,0.0,2533.5967,91.0,0.0,0.5,3.0,0,2,7
319.0,54.0,54.0,6376.3843,244.47592,60.0,145.95119,0.0,0.0,5650.4126,89.0,118.55723,0.5,3.0,0,0,7
357.12634,54.0,54.0,5071.977,1017.7872,60.0,256.2967,0.0,0.0,2260.5823,117.17258,9.0,1.0138348,2.0,0,0,7
335.14615,54.0,54.0,7484.2236,138.78447,60.0,415.5882,213.76385,492.00464,41806.574,86.0,78.1116,1.1875,2.0,0,0,7
350.51703,84.0,54.0,6546.1016,273.2445,60.0,379.32782,0.0,0.0,4361.383,230.01297,66.6811,0.6666667,2.0,0,2,7
226.0,54.0,60.0,5854.0,522.0,60.0,362.76575,0.0,0.0,17587.742,74.0,0.0,1.2222222,4.0,0,0,7
385.22543,77.0,54.0,265.43948,370.6008,60.0,236.98433,517.8381,518.20026,8693.342,78.0,0.0,1.0,2.0,0,2,7
226.0,74.91574,60.0,7603.8975,581.0,60.0,216.78488,423.47168,505.0241,30717.697,80.54253,0.0,1.2683656,2.0,0,0,7
179.0,54.0,54.0,7057.1904,122.8,60.0,328.8327,123.97923,107.021996,1237.0726,88.10212,0.0,0.5,6.0,3,0,7
728.5751,54.0,54.0,340.93488,460.98676,60.0,204.33034,0.0,0.0,251396.31,81.545105,0.0,1.0,2.0,0,0,7
290.22263,54.0,54.0,800.59784,527.336,60.0,261.50516,153.53856,376.68018,4883.4575,343.29736,0.0,1.2142857,3.0,0,0,7
268.62778,54.0,54.0,7774.2754,269.767,60.0,236.97572,313.98752,549.954,55904.97,169.51202,0.0,0.6666667,3.0,0,0,7
74.0,54.0,54.0,5019.4526,1514.0,60.0,232.36137,154.47264,500.04303,83911.51,153.07622,0.0,0.8,14.0,0,0,7
196.0,62.0,54.0,1792.6357,686.9739,60.0,387.7805,150.04276,227.41582,2412.4038,530.0,0.0,1.0,4.0,0,0,7
209.0,54.0,60.0,7167.2363,1292.0,60.0,294.77356,314.29895,569.175,20803.102,100.378876,76.18197,0.5,3.0,0,0,7
177.03357,62.0,54.0,306.8755,1514.0,60.0,403.16183,0.38702077,11.785113,4341.5405,225.60336,88.73401,0.875,3.0,0,0,7
326.3867,54.0,54.0,422.01218,531.0,206.0,102.30587,0.0,0.0,1192.6792,84.0,4.0,0.66799,2.0,0,0,7
296.75266,89.0,54.0,7823.8345,583.3138,60.0,361.56238,45.908894,267.19852,24996.764,80.0,0.0,0.5,2.0,0,0,7
293.62024,54.0,54.0,7413.8984,461.48267,60.0,200.81624,0.0,0.0,7857.8477,157.65285,40.689068,0.5,3.0,0,0,7
328.14658,54.0,54.0,5183.5205,1292.0,60.0,135.66667,109.856735,0.0,1219.7728,78.0,12.0,0.5,2.0,0,0,7
226.0,54.0,54.0,7656.0,314.9181,120.19705,134.33333,0.0,0.0,3986.9482,95.0,42.981777,0.5,5.0,0,0,7
126.8114,54.0,54.0,205.0,457.2114,54.0,1256.0573,655.5749,618.9924,65306.02,190.78044,54.9397,0.48103586,9.0,0,0,7
226.0,54.0,54.0,359.0,339.54843,54.0,1211.9441,365.4335,546.53625,193458.78,144.08134,21.801142,0.5,3.0,3,0,7
226.0,54.0,62.0,7413.9097,1456.0057,60.0,169.0,171.38611,492.95978,943.1055,254.28339,76.0,1.25,3.0,3,0,7
661.21844,54.0,54.0,4363.3647,199.21951,60.0,394.7021,313.86072,594.1265,25904.016,95.0,70.21353,1.4428902,2.0,3,0,7
348.20914,54.0,54.0,7428.102,102.0,241.0,88.592514,0.0,103.960915,1001.9904,87.38132,0.0,1.3333334,3.0,0,0,7
288.98615,54.0,54.0,5857.8955,1292.0,226.0,96.0,0.0,0.0,159598.61,89.0,26.13078,0.5,3.0,0,0,7
603.0,54.0,60.0,4985.858,529.0,60.0,344.53958,319.94504,496.8943,30080.896,91.0,20.0,1.2142857,2.0,0,0,7
123.90659,66.0,54.0,205.0,530.0,64.0,132.0,0.0,0.0,17437.822,74.0,15.24398,0.5,6.5943413,3,0,7
212.71597,54.0,60.0,5111.0,1562.7275,60.0,245.0787,269.9368,444.09644,1811.1656,199.24397,0.0,1.2,3.0,3,0,7
730.90906,54.0,54.0,5839.0913,326.88562,226.0,92.333336,0.0,0.0,4305.8364,101.05259,54.24554,1.4227334,2.0,0,2,7
241.0,54.0,54.0,6493.322,84.0,54.0,845.96014,522.0545,521.435,2160.21,82.0,0.0,0.5,3.0,0,0,7
297.0457,54.0,54.0,5606.5107,288.28113,60.0,387.3998,0.0,0.0,1977.6125,279.98196,0.0,0.5,2.0,0,0,7
229.0,54.0,54.0,7182.0,400.0,227.0,84.13857,0.0,0.0,428911.03,150.61523,5.0,1.2,3.0,0,0,7
178.52235,77.0,54.0,209.0,911.0312,60.0,333.33646,282.00467,483.19415,1442.9916,89.0,9.0,0.5,6.0,0,0,7
337.3618,54.0,54.0,5908.0,460.9882,60.0,340.15805,0.0,0.0,187493.86,62.0,11.0,0.5,4.0,0,0,7
179.98953,54.0,54.0,315.3272,612.1398,150.68463,96.0,0.0,0.0,8477.196,96.0,1.0,1.2,6.0,0,0,7
204.0,54.0,54.0,4996.946,617.0,60.0,297.6212,302.39493,506.858,1387.6908,505.16666,0.0,0.5,6.0,3,0,7
226.0,54.0,54.0,244.55803,128.58601,121.0,230.6425,0.0,0.0,430.4462,91.0,0.0,0.5,5.0,0,0,7
195.94986,54.0,54.0,7221.265,321.84988,60.0,165.26712,0.0,0.0,5448.814,94.0,0.0,1.3333334,4.0,0,0,7
80.94393,54.0,54.0,229.0,1442.0201,60.0,236.35791,123.96962,494.30823,1754.7924,91.88468,9.0,0.5,628.1805,0,0,7
226.0,54.0,54.0,7157.374,400.0,60.0,225.02133,0.0,0.0,11513.04,76.0,11.0,1.2142857,3.0,0,0,7
365.875,54.0,54.0,496.09274,146.82745,60.0,136.0,125.843,481.52228,68448.695,95.0,0.0,1.3333334,2.0,0,0,7
347.52942,54.0,60.0,6459.013,278.13858,60.0,297.80267,50.966072,11.785113,7915.5835,92.24564,40.035397,0.16160357,3.0,0,0,7
365.07144,54.0,60.0,1298.5775,1507.7871,54.0,532.90106,468.40915,506.89542,7686.2363,82.0,0.0,0.5,3.0,0,0,7
159.0,54.0,54.0,226.0,617.0,60.0,427.45068,399.93533,492.58224,16439.404,74.0,0.0,1.2307693,5.0,0,0,7
345.33334,91.0,54.0,204.0,530.0,226.0,92.0,0.0,202.68573,25027.625,201.62024,0.0,1.2222222,2.0,0,0,7
1001.8547,54.0,54.0,7066.196,530.0,63.0,143.33333,161.61046,257.61084,167184.58,75.77618,0.0,1.0,0.0,0,0,7
179.17308,54.0,54.0,7041.203,238.56265,60.0,556.7199,0.0,0.0,1259.8447,89.0,20.0,0.5,5.0,0,0,7
159.75954,54.0,60.0,5201.4473,1446.6571,159.0,115.061165,0.0,0.0,428967.44,143.5243,0.0,0.5,5.0,0,0,7
178.8594,94.0,60.0,7969.343,530.0,60.0,316.92172,367.52722,505.47098,130901.37,91.0,19.622969,0.6666667,6.0,0,0,7
74.0,54.0,54.0,6362.1646,429.16486,60.0,412.74213,395.92484,540.178,15086.941,74.844444,0.0,0.6666667,402.25723,0,0,7
145.24417,54.0,54.0,7169.494,95.0,60.0,868.32263,203.75128,551.1715,12747.836,82.0,0.0,1.5239742,8.0,3,0,7
229.37492,54.0,54.0,7637.497,521.5511,64.44002,254.3616,0.0,0.0,19795.902,208.8444,113.13439,0.5,5.0,0,0,7
344.73334,54.0,54.0,1189.0446,375.63153,60.0,563.8715,80.52321,0.0,1098.2102,89.0,11.0,1.1197928,3.0,0,0,7
205.56834,54.0,54.0,3916.8997,214.68037,156.0,131.93521,0.0,0.0,4922.499,81.0,0.0,0.5,5.0,0,0,7
360.25497,54.0,54.0,5075.6313,521.35767,93.0,207.89198,0.0,0.0,12200.507,256.86395,0.0,0.6666667,3.0,3,0,7
400.14667,54.0,54.0,5179.138,553.4028,153.74976,134.33333,0.0,0.0,182213.95,94.853386,10.48578,1.0,2.0,0,0,7
226.0,54.0,54.0,8683.39,374.0,60.0,858.90607,455.23944,595.62933,118451.484,157.30304,0.0,0.5,3.0,0,0,7
652.0521,54.0,54.0,250.76187,268.0,158.21753,169.0,0.0,0.0,2194.8438,240.05305,0.0,1.2,2.0,0,0,7
179.0,83.0,54.0,6483.6904,198.56845,60.0,262.39444,521.82806,341.6922,2661.1536,83.0,0.0,5.253382,3.0,0,0,7
94.44713,54.0,54.0,7426.962,633.2136,60.0,406.4359,0.0,0.0,1767.9093,94.0,1.7746248e-14,0.6666667,6.0,0,0,7
179.0,54.0,54.0,241.0,96.0,60.0,364.11667,0.0,0.0,1035.4183,94.0,70.74212,0.5,5.0,0,0,7
192.0,54.0,54.0,5151.7754,163.58333,60.0,311.58548,471.657,538.8857,110671.23,101.05001,70.041985,0.5,6.0,0,0,7
204.0,54.0,60.0,2996.4058,1514.0,60.0,236.69844,79.071884,11.785113,9595.736,264.76724,0.0,1.0,5.0,0,0,7
60.60686,54.0,60.0,5181.904,1292.0,60.0,339.53458,0.0,0.0,28611.732,199.20953,103.379906,0.5,2006.747,0,0,7
207.31848,54.0,60.0,7339.4746,522.0,60.0,375.4654,338.85666,344.331,2874.601,225.31749,11.0,0.5,5.0,0,0,7
150.0,54.0,62.0,5111.0,530.0,54.0,1238.9482,208.71828,151.7784,1339.5879,399.43488,12.0,0.6666667,6.0,0,0,7
208.0,66.0,54.0,7181.774,1514.0,60.0,257.0396,5.074507,258.7672,1761.1956,280.01117,0.0,1.2051243,4.0,0,0,7
516.5597,85.151115,62.80729,205.0,364.95786,60.0,341.68488,0.0,0.0,3234.5056,89.0,18.0,1.2,2.0,0,0,7
399.98895,54.0,54.0,5854.0,529.0,171.78638,134.66667,0.0,0.0,32529.648,174.86195,87.66057,0.5,2.0,0,0,7
290.14886,54.0,54.0,1555.2917,993.2799,60.0,129.1443,0.0,0.0,256393.22,95.0,0.0,0.5,2.0,0,0,7
208.38876,54.0,54.0,1851.8145,1514.0,60.0,246.41649,0.0,229.58589,12588.6455,75.0,11.0,0.5,6.0,0,0,7
502.3043,54.0,54.0,7158.5044,1389.9963,54.0,942.3988,183.41914,138.49513,269.28076,529.0,0.0,1.2307693,2.0,0,0,7
386.9512,54.0,54.0,3877.2356,529.9068,60.0,215.5667,0.0,0.0,1762.0958,82.0,12.0,1.0308964,2.0,3,0,7
149.54149,54.0,54.0,4365.9614,268.43,60.0,158.78853,0.0,0.0,604.1297,162.52301,1.0,1.0,5.0,0,0,7
793.0207,54.0,54.0,3851.3418,617.0,60.0,311.6047,108.97413,256.43588,25681.145,84.0,0.0,1.0,1.0,0,0,7
550.1008,54.0,54.0,11481.969,147.0,54.0,789.749,528.94543,599.43896,159262.72,95.0,0.0,1.2142857,2.0,0,2,7
226.0,54.0,54.0,5923.2534,1292.5883,60.0,297.76556,0.0,0.0,46533.812,74.0,22.0,0.5,6.0,0,0,7
185.79797,54.0,54.0,6129.171,530.0,60.0,250.66515,430.96707,521.32117,80353.35,163.58333,65.24549,0.5,3.0,0,0,7
147.0,54.0,54.0,7605.255,460.6957,54.0,584.1326,123.982704,96.7662,636.31464,264.33792,11.0,0.5,5.0,0,0,7
416.2531,54.0,54.0,319.6951,1514.0,169.0,132.0,0.0,0.0,1100.379,732.8193,3.0,1.1666666,2.0,0,0,7
319.0,54.0,54.0,226.0,530.0,60.0,341.78223,355.84778,544.8254,134622.73,89.0,0.0,0.8525228,2.0,3,0,7
241.0,84.0,54.0,6514.721,257.61737,60.0,414.81818,208.87317,92.37283,1013.645,89.0,0.0,1.0881689,3.0,0,0,7
251.0,91.0,54.0,1920.3422,1514.0,60.0,263.92123,169.33443,283.071,40363.508,137.46643,99.43711,0.5,3.0,0,0,7
428.51767,54.0,54.0,5510.4473,96.0,60.0,612.801,505.69345,552.5429,2976.985,88.76136,0.0,1.1772249,2.0,0,0,7
170.21623,54.0,54.0,5908.126,94.0,54.0,1211.4044,113.04936,0.0,3663.9375,78.0,103.085304,0.14434241,5.0,0,0,7
227.03717,54.0,54.0,5132.559,599.6116,60.0,394.16824,0.0,0.0,26937.557,74.0,0.0,0.5,5.0,0,0,7
204.54643,54.0,54.0,7812.4272,513.56464,60.0,425.70032,458.77048,556.14215,20449.836,114.48884,4.0,0.83449835,5.0,0,0,7
107.71757,78.0,54.0,250.12578,528.0,93.004585,161.42326,0.0,160.87488,24955.902,84.0,11.0,0.5,9.0,0,0,7
601.7043,54.0,54.0,5908.0,287.68124,60.0,305.46335,0.0,0.0,13995.102,242.9136,0.0,1.2307693,2.0,0,0,7
159.74123,54.0,60.0,5021.6025,1292.0,60.0,233.578,223.25734,175.20924,1993.2034,217.6579,8.0,1.25,7.0,0,0,7
179.0,82.0,54.0,226.0,400.0,60.0,650.4927,547.85077,545.37335,2256.9958,89.0,0.0,0.5,6.0,0,0,7
226.0,66.0,54.0,5266.29,475.09567,60.0,316.20508,239.40831,547.31976,3475.7686,228.98418,0.0,0.5,3.0,0,0,7
267.26556,54.0,60.0,4558.2085,1292.0,60.0,359.25134,544.8628,467.89594,466.911,83.0,0.0,0.5,2.0,3,2,7
326.66513,54.0,54.0,822.7062,488.0,60.0,407.15228,0.0,0.0,2661.2883,88.35739,0.0,0.84999406,2.0,0,0,7
426.65945,54.0,54.0,226.0,1292.0,60.0,342.14566,0.0,0.0,2653.496,115.666664,0.0,1.25,2.0,0,2,7
146.63028,54.0,54.0,7236.0,1514.0,60.0,358.91318,325.0507,506.88986,2662.5842,264.78958,0.0,0.5,9.0,0,0,7
188.11127,54.0,54.0,302.32703,489.1791,148.82274,103.518974,0.0,0.0,2535.7861,363.4499,83.11143,0.20324425,4.0,0,0,7
181.64381,54.0,54.0,251.0,1514.0,60.0,360.66028,0.0,0.0,1363.7126,199.89273,0.0,1.2142857,6.0,3,0,7
319.0,54.0,54.0,7160.7456,1388.987,60.0,424.32562,0.0,0.0,1035.5662,95.0,0.0,0.5,2.635278,0,0,7
179.0,89.0,74.0,7044.233,530.0,54.0,712.04456,264.0237,539.2232,43724.68,75.0,0.0,0.5,4.0,0,2,7
226.0,54.0,60.0,5119.727,1292.0,60.0,436.40332,0.0,0.0,1441.9148,459.4713,10.0,0.8,3.0,0,0,7
174.16965,54.0,54.0,5916.704,1514.0,60.0,135.82695,0.0,0.0,18446.393,79.0,0.0,0.6666667,6.0,0,0,7
141.0,82.0,54.0,6157.82,581.0,60.0,258.6109,92.05188,11.785113,10927.505,239.38002,0.0,1.6082314,6.0,0,0,7
345.4955,75.0,54.0,5218.1953,139.03975,54.0,179.11552,256.90955,485.90466,169232.64,95.0,94.129745,1.40697,2.0,0,0,7
597.4057,54.0,54.0,241.0,531.0,60.0,422.39062,112.69377,112.906166,2637.5515,91.0,14.677906,1.6735731,2.0,0,0,7
226.0,54.0,60.0,208.0,419.83176,60.0,793.9117,527.8989,610.04565,159342.17,74.0,11.0,0.5,4.0,0,0,7
638.0,54.0,54.0,850.76685,529.0,60.0,374.7768,0.0,0.0,123025.695,82.0,0.0,1.1941146,2.0,3,0,7
290.23486,54.0,54.0,3302.822,688.30396,60.0,275.64096,253.02615,502.98804,5509.6025,281.62405,0.0,1.1386275,2.0,0,0,7
170.50888,54.0,54.0,891.5851,530.0,60.0,161.24727,0.0,278.40738,2003.5198,169.87363,91.847694,0.8464067,5.0,0,0,7
292.69006,54.0,54.0,7420.2725,280.20148,60.0,414.71555,256.4532,352.5087,903.9753,280.1832,1.0,0.5,2.0,0,2,7
206.0,78.0,66.0,208.24503,370.17252,60.0,262.86627,0.0,0.0,210295.11,114.64243,0.0,1.3333334,5.0,0,0,7
241.0,54.0,54.0,5244.3857,474.7643,60.0,467.76614,483.8131,507.29266,3645.323,89.0,0.0,1.0,3.0,0,0,7
255.76353,54.0,54.0,241.0,522.39435,60.0,171.07904,0.0,258.81705,921.5504,259.86307,0.0,1.0,3.0,0,0,7
74.0,54.0,60.0,1357.6256,530.21735,60.0,252.20714,133.40714,118.151505,1097.1437,464.40005,90.71358,0.6704551,13.0,0,0,7
208.76225,54.0,54.0,267.9519,197.93431,112.77914,120.703545,0.0,0.0,958.77246,89.0,52.576126,0.5,5.0,0,0,7
229.0,54.0,54.0,6355.6978,521.0,60.0,152.90273,298.43423,503.28683,1609.8077,81.0,17.552416,0.5,3.0,0,2,7
304.75345,89.0,78.0,1262.058,1514.0,60.0,201.93523,411.10107,508.4978,22801.229,116.29577,0.0,1.0,2.0,0,0,7
145.06282,54.0,54.0,355.7232,1292.0,60.0,311.59933,146.17079,472.14487,1767.0963,83.003784,0.0,1.2,9.0,0,0,7
148.55055,83.85095,54.0,9696.89,91.0,112.215866,123.3173,0.0,0.0,5538.433,79.0,10.0,1.0,8.0,0,0,7
317.0814,54.0,54.0,6202.7446,95.0,141.0,113.215004,0.0,0.0,2261.245,80.69762,11.0,0.5,3.0,0,0,7
226.10793,54.0,54.0,207.89499,1514.0,60.0,297.00522,533.51984,556.3626,107536.28,133.33728,61.737026,0.5,3.0,0,0,7
162.7568,54.0,60.0,6113.8594,1292.0,60.0,134.66667,147.97005,291.62863,16430.42,245.78627,0.0,0.5,6.0,0,0,7
226.0,54.0,54.0,7186.427,95.0,152.34991,152.07224,0.0,0.0,161.04982,89.0,0.0,0.6666667,3.0,0,0,7
347.52942,54.0,60.0,5181.011,1514.0,60.0,236.643,86.35119,99.37965,71571.69,162.92299,43.745037,1.1960024,3.0,0,0,7
362.90085,77.0,62.0,4941.397,1514.0,54.0,408.34988,320.15723,496.13577,116264.086,66.0,10.0,1.5558451,2.0,3,1,7
102.08951,54.0,60.0,5171.0,526.07355,60.0,341.70413,114.25762,112.03987,115412.99,161.89871,13.0,1.3333334,6.0,0,0,7
182.0,54.0,54.0,5052.7007,1269.1874,60.0,286.4292,0.0,103.75851,1337.113,580.39056,0.0,0.5,5.0,0,0,7
177.0,54.0,54.0,5532.135,615.38165,60.0,200.97128,108.97413,59.785534,25073.928,75.0,0.0,0.5,5.0,0,0,7
344.91345,62.0,54.0,7806.367,268.93918,60.0,313.0691,0.0,0.0,1742.8027,244.96506,10.0,1.0625,2.0,0,0,7
192.9964,54.0,54.0,5891.748,91.0,60.0,462.76718,171.38611,506.987,28107.564,80.0,0.0,0.875,5.0,0,0,7
229.0,89.0,55.0,4986.27,291.74524,54.0,1251.9567,542.8674,602.7534,1756.9838,84.10358,0.0,0.5,3.0,0,0,7
269.5065,91.0,54.0,5908.0,342.84723,60.0,433.81955,405.8233,529.02893,130013.27,60.0,0.0,0.5,3.0,0,0,7
208.8471,75.0,54.0,5908.0,1310.5547,60.0,421.6555,430.952,546.6777,133750.83,74.0,13.0,1.0,4.0,0,0,7
344.35306,54.0,54.0,5155.4004,102.0,74.0,136.00583,0.0,0.0,220776.42,79.0,0.0,0.6666667,2.0,0,0,7
93.0,54.0,54.0,7304.0,616.6713,60.0,311.7244,405.23788,506.91995,2018.7616,82.0,20.0,0.5,8.0,0,0,7
178.7223,54.0,54.0,8462.0,487.16904,60.0,147.90593,0.0,0.0,38794.723,81.0,0.0,0.5,5.0,0,0,7
120.03285,54.0,60.0,896.7771,603.24567,60.0,310.98608,56.736435,9.3839,2263.0786,147.0,0.0,1.3333334,6.0,0,0,7
188.0,72.19451,60.0,4901.433,488.0,141.0,212.5162,0.0,301.33527,1852.4541,82.0,7.4631324,0.5,3.0,3,0,7
161.19058,54.0,60.0,6418.7817,461.44824,54.0,550.6803,423.22726,506.98227,4014.4297,89.0,79.05643,0.09801405,6.0,0,0,7
208.00688,75.0,75.0,251.0,996.6221,167.01103,108.04973,0.0,0.0,17169.045,143.6,0.0,1.494308,6.0,0,0,7
91.0,77.0,54.0,3844.0,94.70324,60.0,263.43314,48.44175,11.785113,5511.363,89.0,0.0,1.228011,6.0,0,0,7
204.0,54.0,60.0,5118.4204,762.8239,54.0,663.3488,24.446,0.0,185200.75,84.0,0.0,1.1818181,5.0,0,0,7
226.0,76.0,54.0,7158.8496,199.67166,60.0,147.19228,0.0,0.0,23287.803,80.0,0.0,1.2222222,2.0,0,0,7
149.32967,79.51892,54.0,226.0,457.6636,54.0,1256.3019,534.0539,496.7904,87.83348,283.20526,4.0,1.3333334,6.0,3,0,7
206.0,83.69958,54.0,496.38925,268.0,54.0,853.4843,281.22815,483.62466,4395.0356,259.82175,0.0,1.0,3.0,0,0,7
205.87949,54.0,54.0,4575.5117,472.94528,60.0,247.65013,497.31146,549.68146,9592.755,76.0,0.0,1.2307693,5.0,0,0,7
134.66354,84.0,54.0,5180.2305,244.78221,60.0,387.81818,328.46664,494.30823,916.83936,92.0,66.65107,0.5,6.0,3,0,7
204.0,54.0,54.0,6488.027,1292.0,60.0,343.91367,0.0,0.0,2669.4812,95.46872,0.0,0.5,4.0,0,0,7
250.15654,54.0,54.0,7081.4346,532.0,60.0,285.32327,0.0,0.0,4320.574,352.1071,11.0,0.5,3.0,3,0,7
226.0,54.0,66.0,7637.975,476.51678,60.0,178.19733,0.0,265.19733,71722.02,156.88852,0.0,0.5,3.0,0,0,7
208.0,83.0,66.0,7670.145,400.0,54.0,769.09106,309.92374,321.91803,14362.703,75.0,11.0,0.6666667,3.0,0,0,7
253.11734,54.0,54.0,250.56805,374.0,60.0,421.40497,277.85315,489.27826,132772.72,161.84338,0.0,8.493867,4.0,0,0,7
206.0,54.0,54.0,7236.0,94.04659,60.0,275.61945,0.0,276.6692,210740.02,91.0,0.0,0.5,5.0,0,0,7
208.0,66.0,54.0,6433.056,1292.0,151.6997,135.66667,0.0,0.0,27710.963,74.0,0.0,3.4320366,4.0,0,0,7
204.0,54.0,54.0,3899.5747,1514.0,172.49733,100.245964,0.0,0.0,1760.7806,454.38208,1.0,0.5,5.0,0,0,7
268.0,54.0,54.0,5181.286,147.0,60.0,470.09158,478.18497,634.72095,26255.404,89.0,0.0,1.1538461,2.0,0,0,7
322.41675,54.0,54.0,278.33957,495.98672,54.0,1211.0814,471.205,536.9177,1244.6256,101.90088,11.0,1.0,2.0,0,0,7
209.0,54.0,54.0,205.0,400.0,66.0,202.93582,0.0,0.0,2955.8955,81.0,0.0,1.3333334,3.0,0,0,7
780.76984,54.0,60.0,5191.7866,1292.0,60.0,203.84114,0.0,111.48185,298110.8,62.0,15.905485,1.5749079,2.0,0,0,7
226.0,54.0,54.0,5165.2617,523.7909,60.0,288.81998,0.0,0.0,2208.2983,268.1943,1.0,0.6666667,4.0,0,0,7
208.2917,54.0,54.0,7160.944,91.0,179.31032,134.44485,0.0,0.0,16581.86,82.0,0.0,0.6666667,3.0,0,0,7
226.0,54.0,54.0,1102.9725,422.03845,146.0,91.940735,0.0,0.0,3287.8328,82.0,10.0,0.6666667,5.0,0,0,7
650.81287,54.0,54.0,7211.93,625.76215,60.0,149.5981,0.0,0.0,2863.279,110.66501,54.90746,1.1414441,2.0,0,0,7
205.53935,54.0,54.0,227.55426,522.0,86.01809,132.0,0.0,0.0,3245.6848,82.0,20.0,0.5,4.0,0,0,7
229.0,54.0,60.0,229.0,432.3516,60.0,263.8804,160.6315,497.24173,171951.3,74.0,15.948003,0.5,3.0,0,0,7
221.50446,76.0,54.0,2429.0945,454.267,60.0,134.34625,0.0,0.0,81.25652,293.72635,93.0,0.6666667,3.0,0,0,7
246.70311,54.0,54.0,3878.833,1292.0,172.33897,109.82687,0.0,0.0,2687.873,88.93696,38.253204,0.5,3.0,0,0,7
209.0,54.0,54.0,5849.2725,464.10892,60.0,133.26256,24.719883,0.0,1102.5616,87.0,12.0,1.2307693,3.0,0,0,7
179.0,54.0,54.0,229.0,522.0,150.42847,109.88434,0.0,0.0,2663.607,117.44788,0.0,0.5,5.0,0,0,7
206.0,84.0,54.0,5908.0,145.42578,60.0,308.92908,0.0,0.0,1726.5325,94.097534,18.0,0.5,3.0,0,0,7
227.95625,54.0,54.0,226.72745,218.39645,60.0,136.16206,0.0,0.0,23183.748,76.0,12.0,0.5,3.0,0,0,7
290.17917,74.0,54.0,5908.0,87.0,60.0,433.50388,0.0,0.0,276271.28,60.0,0.0,1.8956696,2.0,0,0,7
722.1201,54.0,54.0,5079.756,522.0,60.0,390.07416,500.59274,519.1594,9787.625,208.52682,110.22862,1.8463994,0.0,0,0,7
255.47453,54.0,54.0,16052.0,264.84213,60.0,223.14278,0.0,306.67175,1205.9229,94.0,0.0,0.5,4.0,0,0,7
188.0,84.0,54.0,7019.6133,163.58333,60.0,467.68948,239.45193,496.7904,53847.688,82.95462,27.162626,0.5,3.0,0,0,7
598.45245,54.0,54.0,7912.8604,96.0,60.0,311.25073,0.0,0.0,21086.203,74.0,0.0,1.8333334,2.0,0,0,7
206.0,54.0,62.0,5907.9116,530.0,60.0,297.92215,105.69342,109.97882,17414.2,219.29614,0.0,0.5,5.0,0,0,7
125.17861,54.0,60.0,7389.371,530.0,54.0,1017.8909,138.34189,518.7322,72545.336,175.16335,0.0,0.6,5.0,0,0,7
188.0,54.0,54.0,229.0,95.888695,60.0,404.2081,0.0,0.0,292941.38,92.0,0.0,1.5566275,5.0,0,0,7
209.55098,54.0,54.0,1858.0798,617.0,54.0,470.0191,463.36575,504.38272,468.62564,475.3504,0.0,0.5,5.0,0,0,7
111.950775,54.0,54.0,5220.0957,828.4107,60.0,192.7636,0.0,0.0,37019.03,94.0,37.858055,1.2,6.0,0,0,7
227.0,84.92979,75.0,238.76135,1292.0,193.58733,96.70112,0.0,0.0,17583.164,96.0,0.0,0.5,5.0,0,0,7
326.83157,54.0,54.741814,7637.89,773.80206,60.0,341.78046,450.54114,504.7798,601.1167,488.09424,9.0,0.5,5.0,0,0,7
226.012,54.0,54.0,474.9242,1514.0,68.333336,91.0,0.0,0.0,3128.1877,242.588,0.0,0.5,47.85948,0,0,7
226.0,54.0,54.0,5405.843,530.0,66.0,134.66667,0.0,0.0,18449.494,95.0,0.0,1.0,3.0,0,0,7
162.21022,54.0,60.0,7303.847,760.5649,60.0,297.73865,205.43216,310.1518,3782.1892,91.0,19.0,1.3333334,5.0,0,0,7
358.93756,54.0,60.0,3896.098,529.8478,60.0,329.1796,528.48755,550.02734,22468.77,204.28743,0.0,1.0,2.0,0,0,7
90.82321,54.0,54.0,5083.9663,489.0367,60.0,375.72388,362.40207,499.64697,4355.059,109.55985,1.0,0.5,107.94603,3,0,7
346.8386,54.0,54.0,769.8326,581.0,145.37234,112.250084,0.0,0.0,2787.3738,80.25266,12.0,1.3973985,2.0,0,0,7
105.72377,54.0,54.0,7414.0,339.53748,60.0,289.6398,0.0,0.0,2002.8988,82.0,0.0,1.2031809,8.390355,3,0,7
206.45107,62.0,60.0,208.2533,374.0,99.86646,121.66343,0.0,0.0,8607.648,78.0,0.0,0.5,5.0,0,0,7
320.99936,54.0,60.0,7081.4097,486.7224,103.0,133.68527,0.0,0.0,231173.94,66.0,12.0,0.93252265,2.0,0,0,7
674.0,54.0,54.0,4412.007,529.0747,60.0,482.18268,471.24255,557.2007,2514.3213,81.53291,9.0,1.4587309,2.0,0,0,7
146.0,54.0,54.0,7236.0,290.90945,60.0,297.63135,0.0,0.0,2243.5876,79.0,17.304316,0.5,6.0,3,0,7
345.29828,54.0,60.0,7157.9517,530.0,60.0,137.96275,107.892136,103.36902,160193.9,95.0,10.0,0.5,5.0,3,0,7
191.9846,54.0,54.0,5854.0,580.8205,60.0,179.56277,0.0,0.0,27041.516,82.0,0.0,1.2,5.9285417,3,0,7
489.18384,54.0,60.0,5179.42,1514.0,204.0,130.96696,0.0,258.58792,1668.2603,94.0,22.509966,0.5,2.0,0,0,7
208.0,54.0,54.0,5854.0,1514.0,208.0,91.934906,0.0,0.0,6246.2954,122.8,4.0,0.5,4.0,0,0,7
226.0,54.0,54.0,5219.6133,489.3155,60.0,233.2478,0.0,0.0,5350.814,310.8527,0.0,0.5,4.5409894,0,0,7
229.0,54.0,54.0,5864.7915,96.0,60.0,269.94,171.38611,290.55734,265022.0,76.0,16.969116,1.3333334,2.0,3,0,7
206.0,54.0,54.0,5525.6533,102.0,74.0,245.273,0.0,0.0,1241.896,78.0,11.164259,0.6666667,4.0,0,0,7
119.567245,54.0,54.0,211.29996,199.53859,60.0,354.9088,252.73714,381.73193,8187.66,91.0,112.61867,1.0,6.0,0,0,7
182.56175,54.0,54.0,351.613,243.0365,74.0,119.24521,0.0,0.0,100.96113,95.0,0.0,0.5,3.0,3,0,7
267.24954,54.0,54.0,226.0,374.0,60.0,449.75943,157.30861,503.539,13963.081,139.06836,129.0,0.5,5.0,0,0,7
344.0965,54.0,54.0,5022.627,581.0,99.049194,125.805176,0.0,0.0,13423.259,75.0,13.0,0.5,2.0,0,0,7
241.0,54.0,54.0,267.78958,464.93103,54.0,1252.188,574.7649,594.01807,2120.2463,97.0,1.0,0.5,3.0,0,0,7
564.4681,54.0,62.0,5018.4478,1514.0,60.0,338.01196,275.98807,474.7404,24234.71,73.88354,11.0,0.6666667,2.0,0,0,7
234.02917,54.0,54.0,7656.0,347.27377,60.0,326.40335,81.901306,11.785113,253918.05,73.11338,0.0,0.5,3.0,3,2,7
188.0,54.0,54.0,3844.0,1577.1823,60.0,394.74112,256.9134,104.2222,197443.75,152.72269,38.88432,0.5,3.0,0,2,7
226.0,54.0,54.0,206.0,471.76596,91.00979,90.9889,0.0,0.0,2545.2185,89.18665,0.0,0.5,139.0759,0,0,7
262.45157,54.0,60.0,5067.4004,1456.4775,96.4023,198.90974,0.0,0.0,165732.69,156.83041,39.0,1.3333334,2.3968349,3,0,7
344.73334,54.0,54.0,229.0,345.17892,226.0,94.20767,0.0,0.0,2454.0747,95.282074,0.0,0.5,5.0,0,0,7
153.00372,54.0,54.0,229.0,486.0732,142.9301,106.16214,0.0,0.0,10797.896,241.61237,51.51709,0.50722355,5.0,0,0,7
103.0,54.0,54.0,5283.523,278.94235,60.0,263.6019,0.0,0.0,166310.48,146.18573,49.254173,0.5,6.0,0,0,7
365.67377,54.0,55.0,4687.1987,1514.0,60.0,223.94952,216.57698,401.0227,18193.203,78.0,1.0,1.3333334,2.0,0,0,7
290.12674,54.0,60.0,979.7414,1492.8102,60.0,205.22949,161.18643,494.32544,27472.62,197.17693,93.0,0.459779,3.0,0,0,7
228.88202,54.0,54.0,5180.0,96.0,60.0,506.96402,0.0,0.0,352609.3,80.80507,12.273802,0.5,3.0,0,0,7
191.82643,54.0,54.0,8114.4497,453.46588,60.0,212.48064,0.0,0.0,4742.5874,81.0,8.0,1.1666666,3.0,0,0,7
170.60791,54.0,54.0,5854.0,400.0,60.0,907.48126,528.85175,538.4393,4261.7246,142.67593,35.784832,1.1666666,6.0,0,0,7
342.04492,54.0,54.0,319.6051,530.0,60.0,296.81186,0.0,0.0,8673.811,80.0,11.0,0.5,2.0,0,0,7
323.04388,54.0,54.0,205.0,532.0,54.0,939.4901,410.55975,626.1597,42401.6,112.189384,115.08927,0.5,2.0,0,0,7
172.90196,54.0,54.0,6219.666,522.0,60.0,312.38986,0.0,374.36862,46463.97,71.900185,0.0,1.5612372,5.0,0,0,7
208.0,82.0,54.0,5312.973,1192.0,60.0,680.07654,526.1814,556.14215,34368.7,91.0,0.0,1.0625,3.0,0,0,7
510.21533,54.0,54.0,5179.5303,722.87305,226.0,82.333336,0.0,0.0,450011.78,100.216,0.0,1.25,2.0,0,0,7
204.41411,54.0,54.0,7982.135,405.79987,60.0,169.28813,0.0,0.0,356500.12,62.0,11.0,0.5,3.0,0,1,7
102.005974,54.0,54.0,5220.1924,315.92816,100.0,106.49942,0.0,0.0,5721.92,91.0,0.0,1.8652593,9.0,0,0,7
320.85608,54.0,54.0,5211.357,658.6162,60.0,134.66667,196.15628,219.87006,2295.1135,87.67077,0.0,1.5378435,2.0,0,0,7
179.8319,66.0,54.0,790.96606,268.0,74.0,233.12085,0.0,157.99962,352649.47,115.87981,0.0,0.5,3.0,0,0,7
365.875,54.0,54.0,7637.3433,1292.0,60.0,344.5621,0.0,0.0,11036.814,79.0,12.0,1.8211643,2.0,0,0,7
292.24023,89.0,54.0,359.0,613.1586,111.233795,117.55951,0.0,0.0,3381.432,119.2912,112.04067,0.5,2.0,0,2,7
229.0,54.0,54.0,504.59302,530.0,60.0,414.81818,365.18082,497.03464,1650.1891,280.74652,0.0,0.5,3.0,0,0,7
657.1371,54.0,60.0,6255.104,625.3333,60.0,134.66667,0.0,0.0,442521.22,138.0,0.0,1.0909091,2.0,0,0,7
196.0,54.0,54.0,7654.099,530.0,60.0,337.9882,0.0,0.0,1417.355,79.61741,13.0,0.5,5.0,0,0,7
341.44586,54.0,60.0,5908.0,1459.3179,60.0,342.04794,0.0,0.0,48192.94,164.78645,0.0,0.9398053,3.0,0,0,7
226.0,87.037056,54.0,3844.0,697.9715,60.0,455.49454,441.30063,520.6553,1768.2834,183.24623,0.0,1.1666666,3.0,0,0,7
159.0,75.0,54.0,8214.651,522.0,60.0,256.97202,517.8419,501.50342,81198.84,66.0,10.0,0.6666667,5.0,0,0,7
276.28098,54.0,54.0,873.7381,123.16527,60.0,198.70395,148.33226,278.39243,7905.054,92.0,6.0,1.0,3.0,0,0,7
217.82196,54.0,54.0,265.19293,1389.4662,60.0,286.7053,120.06187,277.02844,635.62445,622.54517,0.0,0.5,3.0,0,0,7
180.24815,54.0,54.0,5908.4634,488.237,60.0,324.1026,82.442116,83.691605,3013.5505,90.99564,30.654741,0.5,4.0,0,0,7
193.50726,54.0,54.0,208.213,530.0,60.0,412.17163,0.0,0.0,3844.9705,482.70264,0.0,0.5,4.0,0,2,7
229.0,54.0,54.0,229.0,400.0,60.0,271.85056,421.5348,506.94333,11564.659,175.42499,0.0,0.5,4.0,0,0,7
226.0,54.0,54.0,5235.007,82.0,60.0,441.0037,0.0,0.0,6512.1943,79.0,0.0,0.5,3.0,0,0,7
169.0,54.0,54.0,206.0,208.73622,90.46344,96.76678,0.0,0.0,29360.998,101.0,0.0,0.5,10.0,0,0,7
113.0,54.0,54.0,229.0,530.0,54.0,662.007,447.5915,364.99994,32706.102,97.0,0.0,0.5,6.0,0,0,7
95.77473,54.0,54.0,7223.3535,192.05585,60.0,271.91943,0.0,0.0,2744.3699,84.0,8.0,1.25,10.0,3,0,7
94.0,54.0,54.0,223.65727,101.46378,60.0,161.3447,161.732,272.05798,106132.67,83.6661,0.0,0.6666667,535.7542,0,0,7
228.99432,54.0,62.0,257.4374,1292.0,174.75072,103.0,0.0,0.0,34795.36,170.58746,8.0,1.0,5.0,0,0,7
366.2827,54.0,54.0,11115.877,96.0,60.0,137.75946,0.0,174.7703,352644.72,69.231735,0.0,1.0,2.0,0,0,7
118.89845,54.0,54.0,242.19995,358.29346,60.0,297.887,539.50275,572.0269,3342.5757,288.64728,49.55345,0.8,6.0,0,0,7
74.0,54.0,54.0,5185.2593,528.61505,60.0,333.96143,0.0,0.0,130356.58,62.0,0.0,1.0,25.123167,0,0,7
208.0,54.0,60.0,5873.9165,477.85278,179.81203,102.72258,0.0,0.0,428768.84,143.6,15.188124,1.0,3.0,0,0,7
352.65753,54.0,54.0,4976.102,1192.0,60.0,341.81253,325.7016,518.7667,188757.8,157.49117,10.0,0.5,3.0,3,0,7
153.88062,54.0,62.0,508.4756,1308.6917,54.0,740.4684,358.76877,556.08844,83941.234,122.8,0.0,0.5,5.0,0,0,7
128.78932,54.0,54.0,7303.747,1292.0,54.0,650.41174,432.2271,494.30823,3605.1042,81.0,0.0,0.5,6.0,0,0,7
226.96306,91.0,60.0,226.0,374.0,60.0,256.9992,0.0,9.0,198464.3,134.75371,0.0,0.65995806,3.0,0,2,7
174.85725,54.0,54.0,5908.0,1514.0,124.63118,114.06577,0.0,0.0,5414.9023,353.74762,0.0,0.5,6.0,0,0,7
626.967,54.0,54.0,7432.033,457.8292,60.0,385.10065,109.33368,95.3347,4111.967,400.0,0.0,1.25,2.0,0,0,7
337.11603,54.0,54.0,671.5405,617.0,60.0,156.0869,319.69556,510.24164,763.9688,83.0,0.0,0.5,2.2148814,3,0,7
226.0,54.0,54.0,7414.4805,522.0,60.0,163.18408,453.085,520.1849,1752.153,86.80252,14.718893,1.0,3.0,0,0,7
220.63658,54.0,54.0,7229.266,94.0,60.0,258.65024,0.0,278.57574,76601.125,62.0,0.0,0.5,5.0,3,0,7
344.12637,72.896706,54.0,7464.9873,81.0,66.0,143.33333,0.0,0.0,75919.85,77.0,0.0,1.5002149,2.0,0,0,7
229.04189,54.0,54.0,7236.0,240.81985,60.0,260.0317,0.0,195.58563,4857.4844,80.0,0.0,0.6666667,3.0,0,0,7
196.0,54.0,54.0,7182.0,91.0,90.0,209.52797,0.0,443.2286,36832.24,89.0,11.0,1.8015374,3.0,0,0,7
365.07144,54.0,54.0,561.35254,532.07965,209.0,88.610825,0.0,0.0,18421.65,224.36864,0.0,1.2,2.0,3,0,7
118.657364,54.0,54.0,7165.015,89.0,60.0,259.3802,0.0,0.0,1755.4117,82.0,0.0,0.5,6.0,0,0,7
364.02042,54.0,54.0,7413.245,201.51126,60.0,456.82996,444.19016,525.8861,24768.896,95.0,29.083101,0.5,2.0,0,1,7
217.46509,54.0,54.0,7304.0,288.7893,60.0,263.5263,0.0,0.0,2122.4106,89.0,1.0,0.5,5.0,0,0,7
353.32993,54.0,54.0,3844.0,532.0,60.0,394.18182,389.87833,522.5333,46165.395,77.0,0.0,0.5,3.0,0,0,7
226.0,91.0,54.0,7159.9497,475.21024,60.0,287.85168,481.2535,524.8764,1585.8127,294.8409,0.0,0.5,3.0,0,0,7
137.0,54.0,54.0,7659.0054,228.2451,60.0,387.77286,0.0,0.0,18720.12,101.0,0.0,0.5,6.0,0,0,7
68.333336,54.0,54.0,1094.9875,374.0,60.0,346.08768,0.0,266.2951,20634.654,115.74067,127.46459,0.5,24.379513,0,0,7
86.41797,54.0,54.0,229.0,376.6107,60.0,284.5659,196.59631,445.51694,3881.266,306.3235,88.57792,0.5,6.0,0,0,7
188.0,54.0,54.0,5878.858,1395.9214,60.0,236.97505,129.31085,290.6317,1004.7633,292.01135,0.0,0.5,5.0,0,0,7
399.612,54.0,54.0,251.0,530.0,54.0,1247.0271,354.76663,525.4599,202554.56,91.0,13.0,1.2,2.0,0,2,7
318.4506,78.0,60.0,226.0,528.2993,60.0,253.2761,0.0,0.0,5232.252,80.85766,0.0,1.1315225,2.0,0,0,7
344.73334,54.0,54.0,4363.19,522.0,226.99059,83.333336,0.0,0.0,18739.477,158.50703,0.0,0.6666667,2.0,0,0,7
208.0,66.0,60.0,5854.0,521.1014,60.0,389.83737,6.0360103,0.0,3966.6816,444.70184,0.0,0.5,3.0,0,0,7
365.75854,54.0,54.0,7162.343,96.0,60.0,143.33333,0.0,0.0,6199.7163,94.96861,10.0,0.5,2.0,0,0,7
290.8519,54.0,54.0,3948.369,691.31726,54.0,1232.7527,525.38947,626.15155,75557.5,175.1176,0.0,1.0,2.0,3,0,7
241.0,54.0,60.0,6287.6113,1516.8752,60.0,443.24634,551.04224,581.01404,1691.7092,84.0,0.0,0.5320607,2.0,0,2,7
151.44466,54.0,54.0,6669.391,522.0,60.0,150.05838,273.71783,445.46738,10949.305,89.0,0.0,0.5,6.0,0,0,7
112.447876,89.0,54.0,205.0,594.15564,60.0,286.08215,108.97413,55.143055,1261.8542,84.0,0.0,0.5,14.0,0,0,7
74.14977,54.0,54.0,6503.136,88.690926,60.0,199.07288,0.0,0.0,5343.854,80.0,5.0,0.5,1447.8411,0,0,7
235.6144,54.0,60.0,5908.0,1721.4491,60.0,272.63373,174.78537,463.35284,622.4042,247.19771,127.306885,0.11891375,3.0,0,0,7
204.0,79.0,60.0,6544.5435,441.80508,179.0,132.0,0.0,0.0,3742.0322,433.80807,0.0,0.5,4.0,0,2,7
171.09586,54.0,62.0,359.0,804.60626,60.0,155.73415,0.0,102.02174,28610.441,162.52069,0.0,0.5,6.0,0,0,7
270.65927,54.0,54.0,7597.4756,273.118,121.0,119.601685,0.0,0.0,373855.6,79.0,13.0,0.5,5.0,0,0,7
200.16368,54.0,54.0,615.19946,617.0,60.0,363.10394,0.0,0.0,14753.851,81.0,0.0,0.6666667,5.0,0,0,7
326.92032,54.0,54.0,266.7441,529.4555,66.0,283.82346,0.0,0.0,2420.9536,86.0,3.0,1.4181803,2.0,0,0,7
229.0,54.0,60.0,7081.9697,522.0,60.0,256.8753,0.0,0.0,158829.78,94.0,39.67822,0.5,3.0,0,0,7
365.5003,54.0,54.0,267.4538,257.4396,60.0,256.215,0.0,0.0,1368.1528,94.0,0.0,0.5,3.0,0,0,7
347.52942,54.0,54.0,305.13806,521.83624,169.0,121.64787,0.0,0.0,53508.86,74.0,10.972501,0.5136308,2.0,0,2,7
171.80771,54.0,54.0,5075.2627,530.0,93.0,204.5633,0.0,0.0,208823.52,81.0,13.0,0.6666667,5.0,0,0,7
178.70137,77.0,54.0,4970.7817,381.4835,54.0,853.31335,127.27093,111.33654,9717.245,153.5503,0.0,0.5721219,6.0,0,0,7
1060.7964,54.0,54.0,5180.0,101.0,66.0,136.0,0.0,0.0,5222.3325,77.939964,12.0,1.2119052,2.0,0,0,7
564.99695,54.0,54.0,4436.2466,1514.0,60.0,443.72708,47.178967,0.0,8702.395,265.26434,11.0,1.3333334,2.0,0,0,7
204.25409,54.0,54.0,5182.39,174.83545,60.0,275.61664,195.88875,99.33777,23007.516,81.369675,0.0,0.5,5.0,0,0,7
229.18938,62.0,54.0,5228.5854,304.0,60.0,246.1613,365.6364,505.38803,24605.393,130.94365,7.0,1.0,3.0,0,0,7
639.80853,54.0,54.0,7245.612,78.69366,74.0,135.79138,0.0,0.0,21537.031,78.0,0.0,1.1538461,2.0,0,0,7
251.11237,89.0,60.0,8938.507,481.763,60.0,297.8732,0.0,0.0,63770.414,81.0,0.0,0.5,3.0,0,0,7
304.143,89.0,62.04633,206.0,288.12192,59.1158,837.92413,455.3658,556.78406,129779.04,73.59366,10.0,0.6666667,2.0,0,0,7
323.77148,54.0,54.0,7414.0,89.0,60.0,534.7329,0.0,0.0,238.94823,82.0,11.0,1.2222222,2.0,0,0,7
146.42194,54.0,54.0,5854.0,456.97372,60.0,184.03111,0.0,0.0,2633.888,79.0,12.0,1.69422,6.0,0,0,7
171.72632,54.0,54.0,5146.504,574.0221,60.0,337.93567,0.0,0.0,1546.0778,152.7129,0.0,0.5,5.0,0,0,7
209.0,54.0,54.0,306.32828,486.2724,60.0,317.5304,0.0,0.0,3373.2612,96.170364,0.0,0.5,3.0,0,0,7
627.70233,54.0,54.0,4985.8867,1514.0,60.0,633.353,548.55975,566.573,2652.909,475.03403,1.0,1.1818181,2.0,0,2,7
226.0,82.0,74.0,6986.6455,528.47314,60.0,337.94598,0.0,256.74304,896.4187,439.789,0.0,0.5,3.0,0,0,7
229.0,54.0,54.0,7229.85,1292.0,65.148865,131.96964,0.0,229.09042,3881.6423,394.47415,0.0,0.6,5.0,0,0,7
195.39626,54.0,60.0,6365.7,691.4601,60.0,414.81818,433.89188,523.5386,57124.695,138.89981,9.0,0.5,6.0,3,0,7
326.81128,54.0,54.0,5854.0,469.7442,74.0,169.0,0.0,196.71304,3928.698,260.52597,76.83623,0.5,2.0,0,0,7
347.5908,89.0,54.0,3844.0,810.436,60.0,249.3424,0.0,0.0,903.90594,84.34422,0.0,1.0,2.0,0,0,7
183.76843,54.0,54.0,1171.9062,1514.0,63.0,134.66667,0.0,104.83955,3735.7798,244.68108,0.0,0.5,5.0,0,0,7
292.59097,54.0,54.0,7197.3193,374.0,60.0,338.30005,156.83226,276.0232,168761.75,163.25679,93.88453,0.5,3.0,3,0,7
608.5881,54.0,60.0,5226.2896,1514.0,60.0,169.0,209.12494,483.0321,163811.14,147.0,10.0,0.875,2.0,3,0,7
334.80325,54.0,54.0,5908.0,1514.0,60.0,331.04425,128.41438,264.22464,352639.47,147.0,0.0,1.6592343,2.0,0,0,7
117.90613,54.0,60.0,5167.5625,1292.0,60.0,240.93933,128.26067,100.6903,29043.955,204.47607,0.0,0.5,17.729767,3,0,7
208.09409,54.0,60.0,232.99147,401.53174,208.0,96.0,0.0,55.05984,16871.357,226.0167,0.0,0.5,5.0,0,0,7
81.67769,54.0,54.0,4982.6216,373.88705,74.0,285.3337,0.0,0.0,2409.8354,82.0,8.0,0.5,403.3691,0,0,7
478.78455,54.0,54.0,888.9351,1514.0,74.0,115.23852,0.0,0.0,2777.1038,82.0,0.0,1.25,2.0,0,2,7
1232.5171,54.0,54.0,6512.296,522.3906,54.0,1083.4209,523.91925,505.6416,3072.9407,138.90868,0.0,1.2307693,2.0,0,0,7
291.30103,54.0,54.0,369.95236,527.8106,64.0,256.34283,0.0,0.0,4934.154,333.41922,0.0,1.0625,3.0,0,0,7
889.1342,54.0,54.0,7414.0,475.41357,60.0,290.88916,418.9935,518.7322,1261.5564,417.0486,0.0,1.0627681,0.0,3,0,7
291.91217,74.0,60.0,7312.325,529.0,60.0,263.69003,0.0,0.0,30239.102,77.0,0.0,1.1094524,2.0,0,0,7
220.5289,54.0,54.0,7823.0234,374.0,54.0,297.62955,355.7156,510.22754,41600.766,86.48793,71.75255,0.6666667,4.0,0,0,7
226.0,54.0,54.0,7175.2637,165.13905,179.0,83.333336,0.0,0.0,1028.9343,94.0,13.0,0.5,5.0,0,0,7
345.3925,54.0,54.0,5171.308,1162.0997,60.0,313.98425,0.0,0.0,68353.53,139.23186,118.71924,0.13098781,3.0,3,0,7
502.23077,54.0,54.0,4365.194,581.0,54.0,311.40656,271.55273,467.85803,1813.8677,503.3416,10.0,1.3333334,2.0,0,0,7
180.81136,54.0,54.0,5854.0,91.0,60.0,134.66667,227.9768,495.11282,67907.08,80.613815,22.838509,0.33333334,5.0,3,0,7
206.0,54.0,54.0,8468.06,363.57483,60.0,293.82236,0.0,281.78638,28832.049,201.4667,0.0,0.5,5.0,3,0,7
96.0,54.0,54.0,226.0,1399.6167,60.0,282.44687,0.0,0.0,1007.0564,405.09692,0.0,1.718965,12.0,0,0,7
416.28207,54.0,54.0,7162.4146,116.9192,54.0,1256.4385,475.28998,546.3717,13998.13,91.0,10.0,1.3333334,2.0,0,0,7
179.10034,54.0,54.0,891.91254,530.0,60.0,261.8619,107.888596,161.1152,24635.395,81.60636,4.0,0.5,3.0,0,0,7
169.0,54.0,54.0,7231.3477,374.0,60.0,341.83826,275.79272,286.06805,5322.2695,331.55978,0.0,0.5,6.0,0,0,7
179.06447,54.0,60.0,229.0,529.0,74.0,134.23064,0.0,0.0,5765.187,344.1627,0.0,0.5,15.0,0,0,7
185.69286,54.0,54.0,5854.0,268.0,60.0,413.93143,161.2371,101.00696,20563.7,238.16284,0.0,5.8732305,3.0,0,0,7
268.0,54.0,54.0,6850.55,327.64166,216.46216,94.0,0.0,0.0,1032.5746,79.0,44.360077,0.5,5.0,0,0,7
207.92966,54.0,60.0,7181.4062,1444.6062,60.0,210.05374,0.0,0.0,31914.268,75.94014,11.0,0.5,3.0,0,2,7
179.0,54.0,54.0,301.05145,502.71075,60.0,278.82565,463.68445,549.8206,1767.3477,86.47554,4.0,0.5,6.0,3,0,7
209.0,54.0,60.0,5229.4707,581.0,60.0,294.26212,0.0,0.0,20465.188,219.24194,0.0,0.5,5.0,3,0,7
244.53592,54.0,60.0,7651.013,488.82925,60.0,334.1879,0.0,122.76041,1027.8693,84.0,84.97964,0.10353271,4.0,0,0,7
182.0,54.0,54.0,205.0,488.0,137.0,124.002754,0.0,181.00804,5745.4434,265.28543,118.504585,0.6666667,6.0,0,0,7
583.50183,54.0,54.0,5085.186,488.0,60.0,254.89612,0.0,0.0,14496.529,224.36559,0.0,2.9563842,2.0,3,0,7
226.0,54.0,66.0,5179.301,1778.6456,60.0,229.38474,423.07776,523.95966,1091.8662,122.8,0.0,0.7401927,5.0,0,0,7
226.0,54.0,54.0,5854.0,1292.0,60.0,229.05162,0.0,0.0,58515.773,83.173904,20.0,1.7748691,3.0,0,0,7
92.24561,54.0,54.0,6830.924,1292.0,59.57028,664.5154,284.9108,596.966,4708.161,80.75851,0.0,1.2,10.0,0,0,7
226.07408,54.0,54.0,206.0,92.611824,60.0,552.2744,369.34033,371.66446,232.35065,86.0,13.0,0.5,3.0,0,0,7
226.0,54.0,54.0,700.57043,88.44715,54.0,453.79175,413.97342,507.4524,67943.586,74.0,0.0,0.5,2.0,0,2,7
603.0,54.0,54.0,7236.0,584.5862,60.0,269.9551,0.0,0.0,11214.353,253.70909,0.0,1.1131073,2.0,0,0,7
208.0,54.0,54.0,4494.195,120.66736,60.0,388.57388,112.54794,164.58003,5395.635,95.0,0.0,0.6666667,3.0,0,0,7
74.33627,54.0,60.0,241.0,671.26953,60.0,236.78238,0.0,231.46193,15078.821,81.0,0.0,0.5,14.0,0,0,7
362.86267,54.0,54.0,7602.5825,530.0,60.0,261.82132,312.19574,499.78568,130816.875,78.0,0.0,1.2307693,2.0,3,0,7
684.45154,54.0,54.0,206.0,594.823,60.0,342.14227,0.0,0.0,15650.626,220.05748,0.0,1.1769016,2.0,3,0,7
68.333336,54.0,54.0,5188.948,91.0,60.0,394.18182,0.0,0.0,18455.01,83.245445,50.90689,0.5,52.31405,0,0,7
100.87756,54.0,54.0,7058.1064,1446.618,60.0,282.74878,0.0,0.0,37350.74,74.06404,13.866175,0.5,6.0,3,0,7
256.8414,54.0,54.0,364.07483,374.0,60.0,230.10797,0.0,0.0,69692.85,73.830475,11.0,1.2,2.0,0,0,7
326.68787,54.0,60.0,4949.413,304.0,54.0,1282.3695,317.69028,556.14215,21270.832,89.0,10.0,0.5,2.0,0,0,7
241.0,54.0,54.0,7917.237,402.63998,60.0,158.506,312.35873,505.47098,1082.051,85.49232,0.0,1.0,3.0,0,0,7
522.31573,89.0,54.0,368.75388,1292.0,60.0,258.93896,0.0,349.06378,32996.305,74.0,0.0,1.390332,2.0,0,0,7
268.0,54.0,54.0,10262.262,95.0,60.0,331.79822,0.0,0.0,9718.51,76.0,16.528858,0.5,3.0,0,0,7
719.4149,54.0,54.0,6090.0137,522.6872,60.0,205.0046,207.39832,290.67505,2260.439,92.0,0.0,1.2,2.0,0,0,7
489.11438,54.0,60.0,7189.355,522.0,74.0,252.90338,0.0,0.0,202672.19,138.0,112.39156,0.5,2.0,0,0,7
226.0,89.0,76.91633,7100.5938,532.0,60.0,359.42603,158.7417,219.87416,15526.381,79.0,13.0,0.5,3.0,0,0,7
656.8489,54.0,60.0,6325.7876,529.0,60.0,551.36255,571.5169,594.42255,1033.8063,422.58392,112.76589,1.307279,2.0,0,0,7
206.0,54.0,55.0,5908.0,529.0,60.0,467.72617,365.39133,468.20633,1094.1177,84.0,0.0,0.75,5.0,0,0,7
121.002335,54.0,54.0,319.78934,392.62778,60.0,374.92758,0.0,0.0,2657.3123,78.0,11.0,0.5,6.0,0,0,7
182.738,54.0,54.0,4362.4033,715.75824,60.0,325.4563,82.82076,443.2286,1661.8999,581.0,1.0,0.6666667,5.0,0,0,7
78.34322,66.0,62.0,266.74915,1292.0,60.0,378.90192,0.0,0.0,1765.4019,145.74207,0.0,0.672176,16.0,3,0,7
84.146416,54.0,54.0,5857.0234,488.96463,60.0,422.59824,0.0,0.0,73890.836,179.62099,0.0,0.5,8.0,0,0,7
177.0,54.0,54.0,5168.1914,489.48004,60.0,663.3214,578.0084,594.5367,96104.69,175.66362,10.0,1.391313,5.0,0,0,7
284.7276,54.0,54.0,5854.0,89.0,58.341904,515.41614,284.5363,506.89438,54690.94,65.661354,0.0,7.8900733,3.0,0,0,7
229.0326,54.0,54.0,7303.3384,428.79794,60.0,414.81818,174.08653,286.90787,906.67236,96.0,113.04745,0.5,3.0,0,0,7
268.17337,54.0,60.0,229.0,530.0,54.0,557.2069,521.69275,564.5278,1538.738,237.22145,128.954,0.5,3.0,0,0,7
267.9028,54.0,54.0,4789.399,1514.0,60.0,236.9714,50.719715,9.688843,2266.6375,136.30031,94.69556,0.5,3.0,3,0,7
353.3374,74.0,54.0,249.61983,1446.9912,60.0,342.8658,0.0,0.0,3245.056,241.36981,93.72682,1.25,2.0,0,2,7
344.73334,54.0,60.0,7068.495,1292.0,60.0,297.72177,0.0,0.0,2236.2292,82.0,0.0,0.5,2.0,0,0,7
242.03484,54.0,60.0,7273.942,374.0,60.0,294.22614,0.0,256.80356,68017.24,78.0,8.0,0.5,3.0,0,0,7
239.3429,54.0,54.0,7595.9536,529.0,226.0,82.333336,0.0,0.0,1759.2683,355.08545,126.16521,0.5,3.0,0,2,7
352.3346,54.0,54.0,7236.0,370.74805,54.0,1127.799,564.08545,547.24884,1953.9716,156.20279,0.0,1.1289574,2.0,0,2,7
206.0,54.0,74.0,4978.471,1514.0,60.0,198.5441,0.0,129.55093,14051.318,237.70499,0.0,0.5,5.0,0,0,7
365.875,54.0,54.0,4469.589,530.0,54.0,1193.6803,686.4054,549.95526,8026.6323,81.0,13.060744,1.8246858,2.0,0,0,7
148.53922,54.0,60.0,5060.787,1304.6814,74.0,104.84776,0.0,0.0,2873.6584,242.87418,0.0,0.5,14.0,0,0,7
206.0,54.0,54.0,3919.425,530.0,60.0,315.73688,0.0,335.6617,124199.92,66.0,18.0,0.6669344,5.0,0,0,7
213.9404,70.941246,54.0,3875.3733,277.1018,60.0,264.0195,0.0,0.0,4031.0828,230.0978,4.0,0.5,3.0,0,0,7
428.91135,92.0,74.2981,5225.5923,1514.0,54.0,1251.1805,518.6285,600.72894,5094.534,379.21832,0.0,1.2,2.0,0,2,7
213.84312,54.0,74.0,4367.555,1514.0,60.0,598.03326,375.6103,266.3205,5754.511,80.0,0.0,0.6666667,3.0,0,0,7
289.82593,54.0,54.0,4616.532,118.38933,60.0,387.81818,28.6684,41.207977,83538.14,101.54866,116.1908,0.5,3.0,0,0,7
206.0,63.0,62.0,8996.355,521.40173,60.0,394.1369,0.0,0.0,10939.337,256.53967,0.0,0.6666667,5.0,0,0,7
241.0,75.0,60.0,7236.0,1292.0,54.0,903.51746,529.92566,495.50974,602.6444,90.35417,0.0,0.5,3.0,0,0,7
215.85736,54.0,54.0,4946.909,1292.0,94.719864,94.0,0.0,0.0,2491.451,118.495476,0.0,0.5,13.0,0,0,7
185.64833,76.0,54.0,7606.436,89.0,60.0,288.1787,0.0,0.0,2411.7788,82.0,0.0,1.845156,4.0,0,0,7
94.119705,54.0,54.0,735.9415,1292.0,60.0,257.4208,266.76865,495.90472,1762.4635,111.24453,0.0,1.0,7.0,3,0,7
205.62898,54.0,54.0,7977.6597,87.0,128.85675,96.56338,0.0,0.0,185449.83,62.0,8.0,0.5,6.0,0,0,7
225.83832,54.0,60.0,5151.183,1514.0,60.0,229.02798,127.27093,295.11737,41183.1,201.4195,27.0,0.5,5.0,0,0,7
234.54344,54.0,54.0,7806.8535,374.0,60.0,275.63184,0.71569717,11.785113,2032.7638,244.16061,0.0,0.6666667,3.0,0,0,7
204.0,54.0,54.0,248.85057,526.2308,60.0,180.24225,0.0,0.0,3127.6187,264.31885,128.0,0.5,3.0,0,0,7
246.76671,54.0,54.0,6048.4077,371.57242,60.0,297.6437,0.0,481.44516,163851.12,89.0,51.44271,0.5,3.0,0,0,7
556.48865,54.0,54.0,4962.82,521.0,74.0,170.17567,0.0,0.0,1484.2913,89.0,8.0,0.6742524,2.0,0,0,7
416.29102,54.0,54.0,7665.1816,374.0,63.0,135.66667,0.0,0.0,2583.6836,80.0,11.0,1.2047446,2.0,3,2,7
226.30841,54.0,54.0,463.81885,99.34146,54.0,422.62924,383.36432,521.366,2870.948,79.0,12.132938,0.5,3.0,0,0,7
372.92166,54.0,54.0,268.0,522.1407,64.386894,135.91899,0.0,0.0,3095.768,79.0,12.0,0.6666667,2.0,0,0,7
74.0,54.0,54.0,5983.357,608.62317,60.0,416.9852,347.86978,501.72232,1207.862,547.9946,0.0,0.5,16.0,0,0,7
226.0,77.0,54.0,2469.7932,1292.0,60.0,145.50148,113.16415,115.35315,2718.9148,110.9716,0.0,0.75226396,2.6430514,3,0,7
241.0,54.0,54.0,5145.676,1514.0,60.754353,135.84619,0.0,0.0,2835.9001,198.80708,6.418135,0.6666667,3.0,0,0,7
365.875,54.0,54.0,5922.2505,153.37134,60.0,456.10785,0.0,0.0,179.84174,96.386444,0.0,1.2483586,2.0,0,2,7
206.0,54.0,60.0,5248.801,532.0,60.0,211.05652,0.0,0.0,29746.05,75.0,12.0,1.2172225,3.0,0,0,7
204.0,82.0,78.244545,4372.504,1434.0997,60.0,263.6198,302.9863,497.11935,600.0924,1402.9431,0.0,1.4332048,3.0,0,0,7
326.6213,54.0,54.0,5549.5205,163.58333,60.0,394.18182,0.0,0.0,25023.504,78.0,17.0,0.5,2.0,0,0,7
128.2207,54.0,60.0,226.0,528.0,60.0,288.70532,81.319305,0.0,1755.9852,147.0,40.997265,0.5,14.0,0,0,7
361.85974,54.0,54.0,226.0,1414.1178,60.0,289.5137,109.115036,11.785113,243.27551,203.85603,0.0,1.3333334,2.0,0,0,7
99.0,54.0,54.0,7249.19,526.41,60.0,414.81818,91.36196,11.785113,3238.0625,466.25436,0.0,0.5,6.0,3,0,7
792.0724,54.0,54.0,5071.195,370.64575,60.0,252.85664,0.0,0.0,24956.053,72.0,10.0,1.4884601,2.0,0,0,7
205.69478,54.0,54.0,3844.0,1514.0,60.0,422.63333,175.11797,361.7785,53587.08,66.39559,0.0,0.5,5.0,0,0,7
603.0,79.0,80.0,5141.5303,1778.3562,226.0,108.00101,0.0,0.0,37528.188,84.0,37.71413,2.1455336,0.23618764,0,0,7
606.84094,54.0,54.0,7319.2437,89.0,66.0,375.17535,0.0,0.0,113.05022,79.11662,13.0,0.5,2.0,0,0,7
269.4938,54.0,54.0,11404.818,470.95697,54.0,745.8911,174.15439,0.0,956.5038,95.0,0.0,0.5,3.0,0,0,7
319.7732,54.0,54.0,5147.3027,1319.2882,60.0,249.1653,160.63388,285.9328,207969.2,101.0,0.0,1.2,3.0,0,0,7
228.46667,54.0,54.0,7224.7524,83.0,60.0,297.1883,0.0,11.785113,2765.0376,82.0,0.0,0.6666667,5.0,3,0,7
362.53067,54.0,54.0,360.27094,1292.0,113.0,112.666664,0.0,0.0,2670.1086,81.0,0.0,1.0625,2.0,3,2,7
137.0,54.0,54.0,824.12225,529.0,60.0,453.01755,179.8947,152.06348,1221.6095,425.73938,0.0,1.316992,6.0,0,0,7
196.58714,54.0,54.0,5908.0,530.0,159.0,133.57793,0.0,0.0,12584.038,251.04964,0.0,0.5,5.0,0,2,7
206.0,54.0,60.0,9544.713,530.0,60.0,314.28198,276.48306,483.28247,9598.88,261.81335,0.0,0.5,2.0,0,2,7
214.87921,54.0,54.0,5908.0,1194.1073,204.27141,97.0,0.0,106.00075,21015.617,74.0,0.0,0.9897328,5.0,3,0,7
204.0,54.0,54.0,6932.3047,187.34508,60.0,280.1502,0.0,0.0,27646.732,94.0,0.0,0.6736777,5.0,0,0,7
345.302,54.0,54.0,797.06213,990.22174,60.0,341.84433,0.0,56.408318,245860.42,60.0,0.0,1.4665889,2.0,0,0,7
129.8939,68.886154,54.0,226.0,1292.0,74.0,284.60745,0.0,11.785113,10904.749,244.49127,12.0,0.789344,8.0,0,0,7
226.0,54.0,54.0,5508.875,530.0,54.0,646.7603,481.80505,518.77734,13225.181,81.0,0.0,0.5,3.0,0,0,7
144.99057,54.0,54.0,5179.5737,374.0,60.0,353.94302,0.0,0.0,116328.25,81.540436,13.0,0.5,6.0,0,0,7
134.90645,54.0,54.0,1515.2919,1400.1859,60.0,474.54587,126.286766,106.45437,711.92883,661.664,0.0,0.5,5.0,0,2,7
1198.3564,54.0,60.0,7236.0,529.45404,91.0,219.79579,0.0,110.65812,1758.4945,81.0,12.0,1.8285873,0.0,0,0,7
365.90552,54.0,54.0,319.46762,581.0,226.0,94.07049,0.0,0.0,8154.416,77.0,11.0,0.5542158,2.0,0,0,7
203.80226,74.0,54.0,7171.1763,79.0,164.54881,100.66521,0.0,0.0,467.01532,79.0,11.0,1.3333334,4.0,3,0,7
206.38167,54.0,54.0,6592.052,314.80923,146.45255,103.0,0.0,0.0,72690.65,122.8,0.0,0.5,5.0,0,0,7
74.0,89.0,73.0,9888.563,1292.0,60.0,379.33548,0.0,0.0,36721.11,190.52087,8.0,0.5,38.299446,0,0,7
207.57945,54.0,71.72297,7167.1606,617.0,60.0,138.0,0.0,226.41348,23089.477,210.93106,0.0,0.5,3.0,0,0,7
273.82697,54.0,54.0,7414.0,514.1818,60.0,311.1352,0.0,0.0,2080.3005,102.0,0.0,0.5,2.0,0,0,7
232.61436,54.0,54.0,5420.677,792.0863,60.0,272.32742,90.41422,288.2237,3545.652,215.9948,133.0,0.5,3.0,0,0,7
684.83563,54.0,54.0,255.63824,530.0,60.0,136.05147,0.0,0.0,2636.1243,178.65755,0.0,1.2307693,2.0,0,0,7
228.95499,63.0,54.0,7639.622,530.0,147.0,168.18549,0.0,0.0,12419.635,243.9253,0.0,1.2307693,3.0,0,0,7
304.0993,87.54191,54.0,5078.5312,1514.0,60.0,229.68059,255.05714,368.1554,58739.65,76.78592,11.0,1.2,2.0,3,0,7
226.0,54.0,54.0,205.0,529.0,60.0,135.66667,0.0,0.0,218411.47,81.51358,17.913645,0.5,4.0,0,0,7
147.0,54.0,54.0,7304.0,168.20453,60.0,476.74304,0.0,0.0,75549.125,87.034805,7.96752,0.5,5.0,0,0,7
658.0425,54.0,60.0,1136.1494,374.0,60.0,390.9461,0.0,151.9776,20406.117,111.893196,0.0,1.443001,2.0,0,0,7
131.73453,54.0,54.0,308.61612,95.0,60.0,354.5052,0.0,0.0,1991.6931,89.0,13.0,0.6666667,5.0,0,0,7
188.0,54.0,60.0,7653.7188,342.7062,60.0,259.1673,412.86774,529.4126,81287.984,141.94838,0.0,0.5,4.0,0,0,7
107.417564,54.0,60.0,4986.978,1292.0,60.0,223.32942,127.10987,108.595955,65105.0,62.0,0.0,0.6666667,6.0,0,0,7
74.0,54.0,54.0,5577.5957,1514.0,60.0,139.0333,550.3138,543.5411,2073.0327,225.21231,111.65681,0.6666667,15.607127,0,0,7
342.74728,54.0,60.0,6524.4077,529.0,137.95346,113.333336,0.0,228.20465,1095.493,82.0,9.0,0.5,2.0,0,0,7
213.40916,54.0,54.0,7076.543,101.05041,54.0,901.5302,515.53217,518.78284,2898.5457,79.0,19.0,0.6666667,5.0,0,0,7
251.0,54.0,54.0,7794.342,89.0,54.0,634.49347,529.5907,596.50336,83937.22,76.0,5.0,1.3822994,3.0,0,0,7
208.0,54.0,54.0,299.07956,153.44305,60.0,385.83017,195.84421,522.785,171917.3,91.0,0.0,0.5,3.0,0,0,7
271.3045,54.0,60.0,268.0,488.0,60.0,414.81818,0.0,0.0,4707.957,412.72797,0.0,1.232971,3.0,3,0,7
221.65727,54.0,54.0,295.17465,617.0,60.0,134.66667,0.0,0.0,193414.72,60.0,10.0,0.6666667,6.0,0,0,7
113.0,54.0,54.0,9500.759,147.0,60.0,261.65118,168.38637,484.52814,64563.758,89.0,0.0,0.5,13.0,0,0,7
260.56052,54.0,54.0,1276.2883,522.0,54.0,1266.9109,518.4299,595.7043,56231.258,79.0,0.0,0.5,3.0,0,0,7
192.0,54.0,54.0,5180.0,363.203,60.0,256.70703,0.0,0.0,224159.95,60.865395,5.0,1.0625,5.0,3,0,7
127.026375,54.0,60.0,5180.0,501.25992,60.0,134.66667,48.71207,0.0,2853.1418,247.77145,9.0,0.52697444,6.0,0,0,7
250.38847,75.0,62.0,266.6773,530.0,216.94847,109.64201,0.0,0.0,1603.7194,425.6118,0.0,0.5,3.0,0,0,7
182.0,54.0,54.0,7303.307,89.0,60.0,394.17822,0.0,266.08807,210596.47,83.37035,12.0,0.5,5.0,0,0,7
100.0,89.0,54.0,7414.0,400.0,60.0,139.06624,109.52655,440.77942,24828.54,78.0,0.0,1.1825224,6.0,0,0,7
141.0,54.0,54.0,226.0,480.283,54.0,663.3506,520.47626,565.1426,43790.098,74.161354,0.0,0.5,12.0,0,0,7
226.0,54.0,54.0,208.0,457.2596,74.0,132.0,0.0,0.0,10207.919,260.0449,0.0,0.5,5.0,0,0,7
113.0,54.0,54.0,196.0,530.0,60.0,172.84045,278.5481,385.82327,1365.2897,91.89482,0.0,0.8733162,14.0,3,0,7
121.37593,89.0,54.0,205.0,382.68304,54.0,617.8772,458.27213,506.95862,2337.6743,138.0,4.2972255,0.5,6.0,0,0,7
226.0,54.0,54.0,4071.9658,1514.0,60.0,324.0883,0.0,0.0,4794.6704,96.0,0.0,0.5,3.0,0,0,7
100.0,54.0,54.0,6673.3735,1514.0,60.0,189.97751,196.5141,227.98419,3234.2446,84.0,0.0,1.3333334,14.0,0,0,7
325.9082,54.0,54.0,240.36285,273.63507,60.0,387.81345,0.0,135.29591,25905.363,81.50558,10.0,0.5,2.0,0,2,7
208.58823,78.18177,75.0,7171.557,530.0,60.0,616.3053,128.25291,0.0,2657.1406,86.75581,22.525217,0.5,5.0,0,0,7
90.0,54.0,54.0,5177.278,291.17584,60.0,309.05966,15.731196,55.05979,24675.594,147.0,8.0,0.5,14.0,0,0,7
241.0,54.0,54.0,318.9574,617.0,63.0,236.18355,0.0,0.0,2413.6318,89.0,0.0,0.5,2.0,0,2,7
204.0,54.0,54.0,3415.5256,82.0,54.0,591.9656,546.64777,556.0765,6196.021,80.89293,0.0,1.0,2.0,0,0,7
344.9279,54.0,54.0,7542.607,90.789825,141.0,135.92014,0.0,0.0,126710.43,62.0,1.0,0.5,3.0,0,0,7
201.129,54.0,60.0,307.2874,492.27423,60.0,876.2111,140.2871,483.1994,2870.4285,84.0,0.0,0.5,6.0,0,0,7
204.20584,54.0,60.0,5012.747,1292.0,60.0,341.72003,283.31055,443.2286,17491.406,221.994,0.0,0.5,3.4658673,0,2,7
142.98203,54.0,54.0,5854.0,460.02524,60.0,663.775,503.75687,584.4619,113140.266,162.50761,0.0,0.5,9.0,0,0,7
147.0,74.0,54.0,254.2676,400.0,54.0,894.5016,109.814896,112.41125,115669.336,165.8678,93.90326,1.0,6.0,0,0,7
597.4188,54.0,54.0,5908.0,522.67755,60.0,139.15218,325.60275,495.84015,154.37497,242.14911,133.0,0.6,2.0,0,0,7
319.6012,79.0,54.0,5908.0,271.46133,60.0,267.38574,0.0,0.0,1761.4991,83.964516,0.0,1.0833334,2.0,0,0,7
98.95539,54.0,54.0,829.19037,684.77625,60.0,169.07571,0.0,291.12653,76562.56,94.5548,3.0,0.5,6.0,3,0,7
93.32081,54.0,54.0,7304.0,205.05444,60.0,173.66667,0.0,0.0,3352.3994,89.0,76.0,0.5,9.0,0,0,7
229.0,54.0,54.0,5854.0,581.0,60.0,454.52615,270.20074,507.63913,23221.16,91.54125,29.232445,1.2,3.0,0,0,7
208.0,54.0,54.0,7601.106,486.25366,60.0,343.39545,0.0,0.0,46122.723,156.88768,0.0,0.6666667,5.0,0,0,7
249.30936,89.0,79.0,5174.9614,830.4862,100.0,173.66667,0.0,0.0,4261.4595,79.0,19.0,0.5,3.0,0,0,7
347.52942,54.0,54.0,1323.2913,796.70886,120.93688,152.3737,0.0,0.0,53182.87,66.0,12.0,1.0,2.0,3,0,7
227.46642,54.0,54.0,226.0,530.0,60.0,288.9559,0.0,0.0,3986.82,242.88364,11.0,0.5,3.0,0,0,7
225.6411,54.0,54.0,7236.0,244.01988,60.0,506.47357,432.04974,591.1455,14080.178,95.0,0.0,1.1229539,2.0,0,2,7
673.8394,54.0,54.0,7819.4556,405.48682,60.0,259.63568,0.0,0.0,5775.3643,78.0,12.0,1.2,2.0,0,0,7
267.553,54.0,54.0,5423.1655,609.302,177.0,131.8847,0.0,0.0,43640.62,74.0,11.0,0.5,3.0,0,0,7
325.38824,54.0,54.0,5083.623,302.19492,60.0,264.3688,0.0,342.82184,37362.71,201.64615,61.24736,0.5,2.0,0,0,7
137.70345,54.0,54.0,5896.2583,287.6115,60.0,338.4628,339.31763,285.58295,87.647156,115.573814,8.0,1.2371775,5.0,0,0,7
226.00345,62.0,76.0,3863.6272,531.0,154.67973,168.25597,0.0,0.0,23610.99,82.0,0.0,1.3333334,3.0,0,0,7
226.0,66.0,71.0,7533.992,522.9674,60.0,400.41873,432.15024,491.99332,2952.401,88.52888,0.0,0.5,3.0,3,0,7
169.0,54.0,54.0,5854.447,530.6823,60.0,311.60095,125.09509,56.81346,277719.66,136.13622,0.0,0.73495704,2.0,0,2,7
197.7895,54.0,60.0,5908.0,618.83844,60.0,140.62703,0.0,126.223495,76655.77,91.0,0.0,0.79263866,5.0,3,0,7
205.16609,54.0,54.0,229.0,357.5543,63.175514,210.54205,0.0,0.0,272737.8,117.49009,0.0,1.0,3.0,0,0,7
103.5135,54.0,62.0,5180.0,1514.0,60.0,327.35037,110.844376,124.59177,2784.4937,224.09935,150.57573,0.32244024,13.729783,0,0,7
347.52942,54.0,54.0,5015.7896,237.30565,60.0,475.0337,0.0,0.0,1090.1821,95.139854,0.0,0.5,3.0,0,0,7
585.9026,54.0,54.0,7080.306,264.65765,206.0,89.86112,0.0,295.47894,1375.5289,89.0,0.0,1.2121631,2.0,0,2,7
229.0,54.0,75.0,5076.0024,1292.0,146.0,90.12027,0.0,0.0,83948.84,102.0,0.0,1.3333334,6.0,0,0,7
226.0,54.0,60.0,4438.729,762.1178,60.0,412.4626,0.0,0.0,1018.6294,405.3764,0.0,0.5,4.0,0,0,7
147.74135,64.0,54.0,7901.6094,91.0,60.0,442.2906,0.0,0.0,1216.393,79.0,12.0,1.2,5.0,0,0,7
169.0,78.0,54.0,206.0,448.84802,60.0,341.82916,590.65735,626.16815,114576.43,130.69751,0.0,0.5,5.0,0,0,7
204.67374,54.0,60.0,5509.6504,494.66772,99.0,297.91733,0.0,0.0,290662.34,129.70259,0.0,1.25,3.0,0,0,7
365.00662,54.0,60.0,5006.901,297.3671,54.0,1237.333,460.59238,498.7479,19028.854,74.0,0.0,1.2,2.0,0,1,7
321.10895,54.0,54.0,229.0,608.7384,66.0,344.5057,0.0,0.0,204027.78,77.31839,0.0,1.25,2.0,0,0,7
76.139465,54.0,60.0,1043.1482,532.0,54.0,1174.0242,535.9304,504.1685,34575.016,82.0,0.0,0.5,14.0,3,0,7
545.40326,54.0,54.0,7236.0,215.80537,60.0,362.97058,112.04198,0.0,1743.1954,82.0,4.0,1.2945877,2.0,0,0,7
141.0,54.0,54.0,4396.417,1514.0,100.0,114.32219,0.0,0.0,36218.918,66.0,11.0,2.237181,6.0,0,0,7
196.0,54.0,60.0,7304.0,528.0,60.0,387.81818,326.5796,495.1346,16910.387,251.03735,0.0,0.5,5.0,0,0,7
229.0,89.0,54.0,5908.0,530.0,60.0,294.67175,0.0,0.0,212.89803,82.0,0.0,0.5,3.0,0,0,7
342.0991,54.0,54.0,205.0,617.0,60.0,311.87344,0.0,0.0,10280.88,205.02092,4.0,1.25,2.0,0,2,7
214.99391,54.0,60.0,241.0,1305.1105,164.68257,102.400406,0.0,126.30848,443653.9,79.0,0.0,0.5,5.0,0,0,7
386.19257,54.0,54.0,335.15836,165.03792,60.0,460.72974,0.0,0.0,24137.305,86.42526,18.0,1.0,2.0,0,0,7
184.05739,86.0,54.0,6650.4287,157.28534,60.0,257.0558,0.0,0.0,228363.34,89.0,0.0,0.5,3.0,0,0,7
608.6494,54.0,54.0,206.0,521.0,60.0,130.66667,128.16147,105.056175,1899.7585,404.8447,0.0,1.0,2.0,0,0,7
209.0,54.0,54.0,229.0,530.0,54.0,576.4285,424.7809,506.85883,22396.033,202.97035,0.0,1.6762741,3.0,0,0,7
374.55182,54.0,54.0,208.0,587.2337,60.0,394.6682,413.3461,628.6806,1559.8042,88.895775,0.0,0.79903716,2.0,0,0,7
204.11102,78.0,54.0,5180.0,782.8535,60.0,133.34143,0.0,0.0,1240.871,529.0,0.0,0.5,4.0,3,0,7
226.0,54.0,54.0,7219.443,522.0,100.0,89.333336,0.0,0.0,42309.035,137.6752,0.0,0.5,6.0,0,0,7
226.0,74.0,76.0,4539.5205,1514.0,60.0,135.71542,0.0,0.0,8026.7896,240.91754,3.0,0.5,3.0,0,2,7
226.79517,54.0,60.0,335.31912,474.68518,60.0,164.67482,137.1406,399.90036,2859.201,400.0,0.0,0.5,5.0,0,0,7
178.09793,54.0,54.0,5218.0347,688.77057,147.7613,113.333336,0.0,0.0,59780.145,166.50299,0.0,0.5,5.0,0,0,7
240.4414,89.0,54.0,229.0,1514.0,60.0,327.65768,0.0,0.0,4681.4414,278.83453,17.0,0.6666667,3.0,0,0,7
218.73297,54.0,62.0,3892.2483,530.0,60.0,297.846,1.5684094,11.785113,1757.6398,84.0,0.0,1.3333334,4.0,0,0,7
206.0,78.0,60.0,7370.1045,1292.0,60.0,236.98071,456.96152,525.3868,27692.033,76.0,12.0,0.5,3.9325657,0,0,7
513.80774,54.0,54.0,856.8513,135.55432,60.0,562.26044,458.9201,505.47098,1777.9954,95.0,90.02686,0.5,2.0,0,0,7
266.38095,54.0,54.0,319.71262,1753.0145,60.0,285.9394,0.0,0.0,363194.75,111.16556,0.0,1.1875,3.0,0,0,7
209.0,78.0,71.21667,5463.1113,1292.0,60.0,172.3969,0.0,265.82834,160137.11,77.0,0.0,0.5,3.0,0,0,7
146.0,66.0,54.0,5736.3564,1292.0,60.0,297.8616,0.0,0.0,182797.53,157.47827,12.299006,0.5,9.0,0,0,7
293.10388,54.0,54.0,6070.3623,92.0,60.0,344.06195,544.8267,558.3034,11354.6,77.0,17.360231,0.5,3.0,0,0,7
208.0,75.0,60.0,229.0,397.25406,54.0,343.94662,306.244,403.3246,2113.463,237.90878,3.0,0.5,5.0,0,0,7
206.0,54.0,54.0,4996.8335,95.0,54.0,631.6193,196.57512,0.0,1254.6035,79.922905,12.997435,0.6666667,6.0,0,0,7
99.0,84.0,54.0,6020.1714,215.89436,60.0,269.88425,482.62506,520.9544,17615.43,85.59259,118.07281,0.12219785,6.0,0,0,7
134.88782,89.0,66.0,208.0,343.2838,60.0,297.68936,446.3992,529.95917,17835.86,77.0,0.0,1.3333334,5.0,0,0,7
557.74304,54.0,54.0,4363.016,138.0,74.0,121.160126,0.0,0.0,62228.06,76.0,0.0,1.2142857,2.0,0,0,7
319.69208,54.0,54.0,302.72745,400.0,99.0,231.6762,0.0,0.0,5671.143,107.11586,7.751043,0.5,3.0,0,0,7
229.0,54.0,54.0,226.0,1292.0,60.0,169.0,183.04402,294.93073,36677.047,95.0,61.172985,0.5,5.0,0,0,7
674.0,54.0,54.0,5153.5874,529.0416,60.0,461.88232,430.596,511.71805,21539.06,73.79352,10.0,1.3333334,2.0,0,0,7
206.25726,54.0,60.0,267.09482,530.0,97.00576,201.0709,0.0,0.0,21865.629,77.0,0.0,1.2,3.0,0,0,7
241.0,54.0,54.0,267.59793,1510.6205,54.0,482.98288,317.9953,572.66583,82161.47,75.0,13.0,0.5,3.0,2,0,7
226.0,54.0,54.0,270.23233,475.20285,194.28038,91.82241,0.0,280.003,1416.0771,365.08316,10.0,0.5,4.0,0,0,7
514.0986,54.0,54.0,1053.8167,1142.5062,60.0,363.6115,55.23,60.765476,114816.54,78.0,12.0,1.8959277,2.0,0,0,7
295.69232,54.0,54.0,5887.927,268.0,60.0,338.37344,518.20483,583.0493,42064.29,95.04782,50.797592,1.25,2.0,0,0,7
779.9595,54.0,60.0,6005.6177,617.0,60.0,229.93987,4.2211776,0.0,2259.6704,353.82715,121.11178,2.079911,0.0,3,2,7
222.33647,54.0,54.0,5083.6934,524.66223,60.0,344.47867,0.0,0.0,4706.711,89.38925,10.0,0.5,3.0,0,0,7
332.01328,54.0,54.0,241.0,420.60718,226.0,96.0,0.0,0.0,18560.648,76.0,0.0,1.1,2.0,0,0,7
191.8143,54.0,54.0,7162.2266,580.339,66.0,251.14082,0.0,265.8281,1085.254,80.1433,17.0,0.5,3.0,0,0,7
208.0,54.0,54.0,7303.513,84.0,54.0,1044.7539,522.8856,595.1297,3357.9194,81.0,1.0,0.5,6.0,0,0,7
603.0,54.0,54.0,5854.0,332.74597,94.39602,246.81691,0.0,0.0,2041.4977,95.0,0.0,1.3333334,2.0,0,0,7
226.0,54.0,60.0,7744.093,529.0,60.0,340.19568,324.88235,494.30823,4759.0283,428.0701,0.0,2.2223945,2.0,0,0,7
323.74725,54.0,54.0,226.25746,522.0,60.0,335.75333,0.0,0.0,25906.33,143.85028,50.81043,1.25,2.0,3,0,7
350.87708,54.0,60.0,268.0,462.4516,60.0,136.0,0.0,0.0,92990.11,102.0,0.0,1.1666666,2.0,0,0,7
192.02167,54.0,58.83841,7604.1465,512.3467,94.0,184.05905,0.0,0.0,317581.03,60.0,0.0,0.5,4.0,3,0,7
189.52533,86.0,60.0,5078.547,282.72406,60.0,279.5698,326.24307,483.16864,15035.256,178.20122,5.0498395,0.5,5.0,0,0,7
269.842,54.0,54.0,1349.396,530.4036,60.0,420.0047,53.152786,11.785113,38096.977,66.06618,5.728687e-16,0.5,6.0,0,0,7
229.07996,54.0,60.0,1044.7462,1514.0,60.0,457.34113,276.52063,593.8779,3405.7712,162.51802,0.0,0.5,3.0,0,0,7
322.90836,54.0,54.0,5076.246,530.0,60.0,472.0377,274.95737,282.12744,5135.06,279.0995,0.0,0.5,2.0,0,0,7
346.96295,54.0,54.0,5882.495,240.77814,103.0,132.0,3.509679,0.0,1816.905,95.0,76.01437,0.5,4.0,0,0,7
141.0,89.0,54.0,5516.0874,304.0,60.0,421.11313,326.0934,616.28864,15030.362,148.7227,0.0,0.5,6.0,0,0,7
1355.535,54.0,54.0,7238.994,91.0,54.0,1246.5896,299.43198,504.44086,18731.154,75.0,12.0,1.8399004,0.0,0,0,7
94.95783,54.0,54.0,7223.5537,95.0,60.0,379.40268,228.0829,468.68268,1755.8157,81.0,17.0,0.9671503,8.0,0,0,7
233.11086,54.0,54.0,5908.0,1215.5131,60.0,236.97815,260.48242,491.9987,4717.4033,94.44555,0.0,1.0,3.0,0,0,7
226.0,54.0,54.0,265.84854,89.0,60.0,341.68246,79.46904,482.91507,161648.08,82.0,0.0,0.5,3.0,0,0,7
345.68604,54.0,54.0,359.48254,608.30817,60.0,204.67279,0.0,0.0,20765.523,207.15611,52.15327,0.5,2.0,0,0,7
345.68314,54.0,54.0,226.0,522.0,60.0,199.58113,433.65137,518.74146,3073.2598,82.0,0.0,0.5,3.0,3,0,7
212.70839,94.0,54.0,7637.8237,89.0,93.0,166.46045,0.0,0.0,1756.2139,81.0,10.0,0.5,5.0,0,0,7
643.8778,54.0,60.0,4371.802,1514.0,60.0,269.46643,300.8523,494.33307,3164.2087,219.52637,5.0,1.1797092,2.0,3,0,7
344.83463,54.0,54.0,5908.467,1514.0,60.0,257.13977,0.0,0.0,3550.7273,504.9112,0.0,0.9326548,2.0,0,0,7
227.37245,54.0,54.0,5818.9033,522.0,54.0,965.08057,204.43051,482.0503,21628.348,204.06438,0.0,1.1538461,2.0,3,0,7
501.52612,54.0,54.0,5206.129,609.25604,60.0,400.19214,0.0,0.0,189142.55,87.21642,0.0,1.3333334,2.0,0,0,7
179.0,54.0,54.0,464.94385,628.54486,164.01778,155.52069,0.0,0.0,45959.766,74.0,10.0,0.66771615,5.0,0,0,7
256.00055,54.0,54.0,4985.582,1514.0,60.0,205.1135,0.0,0.0,171041.12,84.0,0.0,0.5,5.0,0,0,7
209.0,54.0,54.0,7078.705,273.13736,60.0,140.48409,106.22348,282.09967,6678.703,94.76882,0.0,1.8333334,3.0,3,0,7
350.27942,54.0,60.0,5171.0,1514.0,60.0,237.84381,255.05371,495.814,228237.94,95.0,0.0,0.80554795,2.0,0,0,7
225.758,54.0,60.0,5175.565,1194.8488,60.0,138.0,54.804714,278.54907,2735.5632,94.0,0.0,0.5,5.0,0,0,7
208.0,54.0,60.0,5162.1304,1514.0,106.75281,118.49863,0.0,0.0,37158.547,193.33691,0.0,2.1704125,13.0,0,0,7
159.0,54.0,54.0,5908.0,522.0,60.0,169.0,0.0,0.0,25307.021,208.74637,112.88073,1.0,6.0,0,0,7
331.13065,54.0,54.0,3847.444,508.55475,60.0,329.68393,475.4231,506.93594,159957.83,65.46188,10.0,0.6666667,2.0,0,0,7
151.8816,54.0,54.0,825.08777,608.9771,60.0,332.08328,574.34564,565.89795,27498.16,79.0,29.843834,0.5,5.0,0,0,7
366.36285,54.0,54.0,11067.634,506.24576,60.0,147.25957,0.0,0.0,3153.6182,91.0,0.0,1.0,2.0,3,0,7
323.66418,54.0,54.0,229.0,138.92357,60.0,150.73993,113.55611,219.82002,164595.48,96.0,0.0,0.5,4.0,0,0,7
126.30127,54.0,54.0,645.4433,530.0,60.0,134.66667,292.2964,223.53429,1121.0403,84.0,0.0,0.5,6.0,3,0,7
90.58063,82.0,54.0,5172.305,529.60175,60.0,297.7874,420.399,496.31134,14051.121,84.0,0.0,1.5310662,6.0,0,0,7
186.67984,54.0,54.0,8857.339,208.74707,60.0,269.82208,0.0,0.0,17725.803,91.0,11.0,0.5,3.8076024,3,2,7
192.46973,54.0,60.0,5943.3916,1514.0,54.0,1195.0208,377.03793,551.18365,121575.625,81.03665,27.0,0.5,3.0,0,2,7
226.0,54.0,54.0,7177.4297,530.0,60.0,517.92633,530.77814,585.07855,5962.135,90.811485,0.0,1.2222222,3.0,0,0,7
385.63016,54.0,54.0,7637.1216,521.0,60.0,339.00385,123.8851,489.61334,111229.6,144.81505,13.0,1.0,2.0,3,0,7
224.44774,54.0,54.0,226.46086,1292.0,165.98547,95.26562,0.0,0.0,314479.16,59.27693,0.0,0.6666667,6.0,0,0,7
179.18355,54.0,54.0,5184.3184,1192.6414,60.0,393.96207,547.05475,556.7078,16770.104,74.0,0.0,0.5,5.0,3,0,7
347.52942,77.288704,74.0,8462.0,522.5643,60.0,327.8327,0.0,0.0,82568.17,162.23888,21.228266,1.1666666,2.0,0,0,7
158.22379,54.0,54.0,359.0,522.792,141.0,140.56586,0.0,0.0,134263.25,58.994293,0.0,1.2,3.2734756,3,0,7
207.81642,85.35296,54.0,208.0,493.65753,60.0,251.15034,123.71997,107.80012,898.17566,91.0,8.0,0.5,3.0,0,0,7
344.28073,54.0,74.0,4985.8926,1331.7217,60.0,422.51544,184.94547,0.0,3667.1094,135.67963,12.0,0.5,2.0,0,0,7
195.94858,83.68312,78.0,5908.0,1372.0577,60.0,255.79082,0.0,0.0,632.90894,1292.0,0.0,0.5,5.0,0,0,7
179.86206,54.0,54.0,771.8369,1514.0,60.0,297.75134,505.08463,521.2643,3646.678,162.52509,86.676125,0.65136486,5.0,0,2,7
277.65186,54.0,54.0,7225.871,777.83026,226.0,82.0,0.0,0.0,171857.25,91.0,0.0,0.5,2.0,0,0,7
347.4275,54.0,60.0,7165.721,530.0,60.0,131.27948,168.70898,231.99103,1098.489,365.5425,63.093803,0.5,3.0,0,0,7
161.73407,54.0,54.0,7860.349,96.0,60.0,277.8414,0.0,0.0,3410.758,83.99069,23.0,0.5,5.0,0,0,7
204.0,62.0,60.0,219.91447,304.0,60.0,363.32654,0.0,0.0,44637.46,187.5403,0.0,0.5,5.0,0,0,7
352.2339,54.0,54.0,4200.87,531.0,60.0,394.72235,398.99347,532.8812,61506.227,157.6589,0.0,1.1444589,2.0,0,1,7
338.43564,54.0,54.0,250.05602,530.0,60.0,387.81418,0.0,11.785113,19029.82,225.43402,0.0,0.5,2.0,0,0,7
127.0844,54.0,60.0,7157.4395,1514.0,74.0,135.66667,0.0,0.0,20317.438,79.84453,10.0,0.6666667,6.0,0,0,7
226.0,79.0,54.0,209.0,695.0157,60.0,231.21318,0.0,0.0,277549.47,99.993675,93.761154,3.26319,3.0,0,0,7
226.0,54.0,54.0,7188.7397,374.0,60.0,263.624,0.0,171.10501,14807.991,239.41965,0.0,1.1538461,2.0,0,2,7
229.0,54.0,54.0,5511.375,89.0,54.0,1201.3737,213.76123,595.62933,84660.836,76.0,0.0,0.5,3.0,0,2,7
225.77032,62.0,74.995766,5176.17,531.281,60.0,256.9746,264.35416,501.3895,27631.488,75.0,11.808244,0.5,3.0,0,1,7
174.29944,54.0,54.0,5854.0,81.0,60.0,236.97931,0.0,0.0,24792.469,74.0,0.0,2.2960129,4.0,0,0,7
149.5407,54.0,54.0,8551.364,94.71371,60.0,288.57785,514.75323,580.9643,49426.88,66.0,0.0,0.6666667,5.0,3,0,7
220.30727,74.0,62.0,228.7784,945.23773,60.0,206.39232,0.0,149.35823,621.78723,530.0,0.0,1.4694767,3.0,0,0,7
382.9293,54.0,54.0,4814.3774,530.0,60.0,206.41829,480.8333,563.766,188442.53,66.0,0.0,1.0,2.0,0,0,7
180.27464,54.0,54.0,5812.455,163.58333,179.0,100.582756,0.0,0.0,140339.03,89.0,0.52355796,0.6,5.0,0,0,7
267.83896,54.0,54.0,6357.872,529.3039,60.0,421.25467,496.1524,601.36847,1221.4873,474.97415,0.0,0.6666667,3.0,0,0,7
332.41125,54.0,54.0,2781.4048,1292.0,171.0,109.77618,0.0,0.0,355344.16,54.0,0.0,1.0,2.0,0,0,7
251.0,74.0,54.0,208.0,374.0,200.42296,96.0,0.0,192.81403,1423.1993,309.85217,27.0,0.5,2.0,0,0,7
283.63217,54.0,60.0,5023.245,1514.0,60.0,297.58765,0.0,0.0,362867.66,96.983284,0.0,0.5,3.0,0,0,7
335.6646,54.0,54.0,4986.941,231.184,60.0,168.51146,156.86348,308.45667,7307.748,101.34612,12.0,1.0,2.0,3,0,7
170.38931,54.0,54.0,7304.0,522.0,60.0,441.8667,171.38611,506.81897,590.351,505.16666,0.0,1.2687602,5.0,0,0,7
250.45628,54.0,61.57299,8809.47,522.0,60.0,297.59253,0.0,0.0,1373.6986,289.0314,3.0252664,1.0,3.0,0,0,7
208.0,66.0,54.0,7236.0,96.0,60.0,263.69443,0.0,43.287144,1091.4977,88.79448,27.0,0.5,3.0,0,2,7
134.0636,54.0,54.0,455.9804,175.55714,54.0,611.589,520.4776,538.1285,2393.484,84.0,20.0,0.42043504,8.0,0,0,7
206.0,54.0,60.0,7602.935,623.78064,60.0,298.71008,152.01265,370.1475,165547.73,135.55905,11.0,1.4798785,3.0,3,0,7
227.0,54.0,60.0,7418.0986,522.0,60.0,456.8073,153.72116,442.63773,132451.58,122.8,0.0,0.5,3.0,3,0,7
179.9169,54.0,60.0,4567.116,1514.0,60.0,589.7656,537.3896,548.0148,272.75403,101.90049,0.0,0.6666667,5.0,0,0,7
268.0,54.0,54.0,5153.0073,89.0,54.0,929.48425,532.0873,566.8119,55610.848,62.0,0.0,0.5,3.0,0,1,7
362.69617,54.0,54.0,228.61588,1292.0,54.0,1252.0859,527.7167,581.22107,116269.33,77.0,0.0,1.25,2.0,0,0,7
362.613,54.0,54.0,7081.507,608.12213,74.0,175.06291,0.0,0.0,227.25952,87.0,0.0,0.75,3.0,0,0,7
226.0,54.0,60.0,5111.0,529.0,60.0,179.1308,110.75679,95.98833,951.2657,89.0,0.0,0.5,5.0,0,0,7
249.65536,54.0,54.0,5129.507,1292.0,206.0,134.33333,63.12352,11.785113,3260.559,163.41182,0.0,0.5,3.0,0,2,7
117.33712,63.0,54.0,7236.0,91.0,60.0,168.93341,228.4871,292.4229,2213.5085,81.517586,13.0,0.6666667,10.0,0,0,7
146.0,54.0,60.0,223.81354,530.0,60.0,229.87239,82.10433,11.785113,4888.54,89.0,20.0,0.5,6.0,0,0,7
342.3788,54.0,54.0,5191.4263,1476.1874,60.0,364.2806,159.28357,111.7473,1095.9159,84.0,0.55973077,0.5,2.0,0,0,7
226.0,54.0,60.0,7156.025,527.9548,153.29872,90.01342,0.0,0.0,3584.1782,84.0,0.0,0.6666667,5.0,0,0,7
268.0,54.0,54.0,5061.994,305.51343,54.0,642.36273,242.70311,58.482506,1214.389,143.41599,0.0,0.6666667,2.0,0,0,7
228.47672,54.0,54.0,5893.309,435.80048,60.0,314.43213,284.073,506.88696,239.77487,237.59526,39.273354,1.0833334,5.0,3,0,7
206.49495,54.0,54.0,247.56699,1514.0,60.0,242.41374,0.0,112.96917,908.1573,88.95364,0.0,1.2378502,5.0,0,0,7
206.0,54.0,54.0,4489.3574,1514.0,137.0,111.666664,0.0,0.0,2443.8193,143.3881,39.77462,1.2700518,3.0,0,0,7
208.0,54.0,54.0,3954.8835,599.1169,54.0,1256.4617,459.04034,628.3156,70363.36,89.8337,0.0,0.8558764,5.0,3,0,7
245.02829,54.0,54.0,5111.0,581.0,60.0,367.93774,0.0,0.0,621.1767,269.91562,0.0,0.5,3.0,2,0,7
209.0,63.0,75.0,5304.967,1292.0,54.0,1267.2194,256.69412,488.01254,2420.1433,334.56323,80.508995,0.5,5.0,0,0,7
842.2147,54.0,60.0,5077.726,529.2518,54.0,1147.8767,545.5163,568.3865,24749.8,198.94348,27.0,1.0695015,2.0,0,0,7
181.3208,81.0,54.0,333.99094,1514.0,60.0,212.52371,259.15485,500.92496,30905.959,163.58333,0.0,1.0,3.0,0,0,7
208.0,54.0,54.0,2092.637,154.436,60.0,414.81818,0.0,0.0,45584.223,153.46219,20.0,1.3333334,3.0,0,0,7
185.8783,54.0,54.0,226.0,1306.4667,113.0,263.73108,0.0,0.0,2246.0303,470.51364,1.0,0.5,5.0,0,0,7
135.1477,54.0,54.0,229.0,530.0,60.0,414.81818,47.043247,0.0,24377.834,192.38583,71.25499,0.5,11.0,0,0,7
215.14932,89.0,54.0,5024.821,201.58232,58.308693,220.92722,211.3307,282.96704,2261.2708,102.0,0.0,0.5,4.0,0,0,7
432.87595,80.0,60.0,7436.1807,404.15616,183.34187,100.03834,0.0,0.0,158813.05,78.0,0.0,1.1,2.0,0,0,7
608.6667,54.0,55.0,7182.0,532.0,60.0,283.86618,686.47614,626.16437,43905.316,74.0,0.0,1.1,2.0,0,0,7
347.52942,54.0,54.0,5969.742,101.99143,54.0,1210.0361,548.69995,603.90564,45491.19,62.0,0.0,1.1538461,2.0,0,2,7
228.52415,54.0,54.0,5179.2485,522.0,60.0,275.63477,0.0,290.638,58270.445,154.7298,0.0,0.5,2.657597,0,0,7
181.94391,54.0,54.0,5083.5405,1292.0,54.0,558.2701,293.61612,286.88232,10890.054,238.07797,0.0,0.5,5.0,0,0,7
319.96313,54.0,54.0,5158.148,522.0,60.0,408.51578,0.0,0.0,25042.709,201.86725,39.715378,1.25,3.0,0,0,7
417.0917,54.0,60.0,7159.773,531.41516,60.0,205.04202,171.38611,266.77005,14105.06,156.89856,0.0,1.0,3.0,0,0,7
208.08028,54.0,54.0,5854.0,91.588844,60.0,376.15295,442.5348,525.3724,2681.717,86.0,1.0,0.5,4.0,0,0,7
407.8681,54.0,54.0,7273.8345,400.26202,54.0,695.74396,526.59735,503.95026,192254.62,152.12392,122.04988,0.5,2.0,0,0,7
172.60298,54.0,54.0,7205.641,117.25381,60.0,229.49216,0.0,0.0,12072.669,94.0,0.0,0.5,4.0,0,2,7
130.54214,54.0,54.0,5083.301,1474.4204,93.0,127.0,0.0,0.0,2187.2627,80.69607,13.0,0.5,6.0,0,0,7
242.15532,54.0,54.0,238.11337,1358.0885,60.0,173.01292,242.26212,309.5332,1089.2896,529.0,0.0,1.4311831,3.0,3,0,7
289.8124,54.0,54.0,1058.4329,1292.0,60.0,305.38525,83.78164,58.885796,1759.9751,721.6381,4.0,1.0829728,3.0,0,0,7
346.8471,54.0,54.0,7167.437,101.31491,54.0,923.46466,529.5823,599.30237,2003.736,82.0,0.0,1.0,2.0,3,2,7
366.24536,82.0,54.0,229.0,248.46121,143.85326,178.526,0.0,0.0,239.53581,95.0,10.0,1.2307693,2.0,0,1,7
94.92561,54.0,54.0,6204.2656,1514.0,60.0,387.81818,77.10657,55.79561,197145.92,88.77787,0.0,1.2,6.0,3,0,7
157.28073,54.0,54.0,7182.0,203.51526,74.0,121.62513,0.0,252.56456,23336.086,91.0,35.969036,1.5260475,5.0,3,0,7
213.16467,54.0,54.0,359.0,529.0,60.0,270.8193,82.05115,110.13039,16672.61,241.738,0.0,1.8333334,4.0,0,0,7
251.0,54.0,54.0,8743.482,121.19842,54.0,583.97687,422.65933,506.93335,1041.2029,101.87582,11.0,1.3333334,2.0,0,0,7
345.6525,54.0,54.0,5077.6763,827.5749,66.0,171.83301,0.0,255.59645,1762.0787,482.61227,0.0,1.3372409,3.0,0,0,7
228.81953,54.0,54.0,205.0,374.0,182.0,102.09562,0.0,0.0,2791.6003,83.63991,0.0,1.25,3.0,0,0,7
250.5471,54.0,54.0,5200.319,175.8012,60.0,555.094,419.621,511.11072,31441.842,89.0,128.0,0.6666667,4.0,3,0,7
169.0,54.0,60.0,5077.43,1514.0,60.0,312.2419,278.55545,494.30823,1412.3679,284.52127,4.0,0.5,6.0,3,0,7
208.0,89.0,54.0,4704.511,479.3089,60.0,179.21423,577.5928,627.17426,46647.598,66.23828,11.0,0.5,5.0,0,0,7
173.0292,80.0,54.0,5180.0,342.07172,60.0,339.12704,0.0,0.0,301143.3,84.0,0.0,1.2307693,5.0,0,0,7
147.0,77.0,74.0,7182.0,609.3715,60.0,298.63422,0.0,225.33159,1026.2604,82.0,0.0,0.6666667,6.0,0,0,7
359.0,54.0,54.0,7512.513,94.0,54.0,1280.857,546.8057,592.67725,2259.6472,85.0805,11.0,1.0638497,2.0,0,0,7
196.0,79.0,54.0,5256.885,530.0,60.0,169.0,0.0,0.0,1121.1354,91.0,31.796959,0.5,5.0,0,0,7
542.2818,54.0,54.0,241.0,239.79181,229.0,87.684135,0.0,109.653694,13311.005,89.0,0.0,1.0939301,2.0,0,0,7
416.2395,54.0,54.0,7590.99,215.906,60.0,134.66667,123.742195,494.3054,466.72424,93.30209,30.11826,1.0,2.0,0,0,7
192.27036,54.0,54.0,4365.463,215.83849,60.0,152.51888,171.38611,492.01193,296.76572,91.0,20.0,0.5,4.0,0,0,7
293.76675,54.0,54.0,5224.092,374.0,178.66234,103.0,0.0,256.66592,15526.044,74.51309,11.0,1.830878,3.0,3,0,7
182.0,54.0,54.0,7105.564,1514.0,149.27577,134.66667,0.0,0.0,8015.938,95.0,1.0,0.5,4.0,0,0,7
399.95566,54.0,54.0,5036.4644,1514.0,60.0,258.2513,135.66301,277.06586,120120.46,66.0,0.0,1.0819552,2.0,0,2,7
226.0,89.0,60.0,204.0,95.0,103.92038,133.33333,0.0,0.0,234.80484,79.0,12.0,1.0,4.0,0,0,7
597.83307,79.0,54.0,5823.004,199.52081,60.0,443.2402,0.0,0.0,21311.074,96.0,0.0,1.0,2.0,0,0,7
68.333336,54.0,54.0,7288.374,532.0,60.0,245.31784,0.0,0.0,4226.5645,146.52711,13.0,0.6666667,52.0,0,0,7
113.0,54.0,54.0,7131.5713,84.0,60.0,244.52338,0.0,0.0,1372.1547,82.0,0.0,0.5,15.0,0,0,7
159.0,54.0,54.0,354.92593,1482.367,60.0,341.6831,421.4727,518.1575,1765.7609,472.6286,4.0,0.5,4.0,0,0,7
68.333336,54.0,54.0,4370.8022,92.0,60.0,186.4118,0.0,112.99689,5735.3623,89.0,0.0,0.5,30.273165,0,0,7
132.0,54.0,74.0,4786.4727,1443.5664,60.0,506.27002,485.68637,495.88745,93.02751,129.8615,0.0,3.1408017,6.0,0,0,7
172.68774,54.0,60.0,7823.73,374.0,60.0,330.73782,54.66326,11.785113,5062.494,143.52016,72.55362,0.5,5.0,0,0,7
342.64163,54.0,54.0,7237.7397,99.950874,54.0,264.1783,359.78326,506.8516,255.3475,76.0,0.0,0.5,5.0,3,0,7
577.0743,54.0,54.0,7158.1123,83.03509,60.0,135.66667,0.0,0.0,180656.81,75.0,11.0,1.3333334,2.0,0,0,7
229.0,54.0,54.0,9206.516,473.35175,60.0,337.90634,0.0,0.0,368.91348,80.0,18.80102,0.5,5.0,0,0,7
150.0,54.0,54.0,7596.713,335.5745,99.69392,135.66667,0.0,153.99274,29436.146,84.0,26.271112,0.5,6.0,0,0,7
84.57545,54.0,54.0,7108.9893,285.00992,60.0,316.6286,114.17787,109.985855,24958.334,80.14534,0.0,6.3587255,10.0,0,0,7
