pkt_len_mean,fwd_pkt_len_mean,bwd_pkt_len_mean,fwd_pkt_len_max,bwd_pkt_len_max,pkt_len_min,fwd_pkt_len_min,pkt_len_var,pkt_len_std,fwd_byts_b_avg,flow_byts_s,flow_pkts_s,init_bwd_win_byts,init_fwd_win_byts,fwd_psh_flags,psh_flag_cnt,Label
79.96687,51.170223,40.678154,80.11507,11.840536,89.79013,59.577343,18.092384,44.04151,17.62929,8225.82,112.88519,6839.5513,2.7061143,0.38715768,0.9071716,2
66.06167,127.97267,9.041253,82.71912,17.55813,60.283634,54.460484,10517.602,0.46039933,21.079647,3319.8433,2.079155,0.41854292,1.3194011,0.35530636,0.17416921,2
63.265934,55.316376,69.95699,89.447525,456.7472,86.892105,54.863304,150.74168,0.31575716,1.3186231,5805.6357,10.124742,0.27923125,1.2042632,0.15607336,0.3763449,2
64.50738,50.938328,22.189556,79.520676,5.0830956,86.12117,53.961544,6650.3057,0.32991287,1.2205344,219.9721,1.2565918,2.133566,1.0916418,0.21200271,0.4171742,2
70.958374,124.3765,65.83027,184.42474,569.4829,58.037292,56.714897,1373.5945,0.16440324,3.3512158,402.86322,1.6464169,2667.4692,1.8126473,0.40215653,0.06520544,2
212.12358,69.0051,9.224796,79.59378,34.335396,90.32058,72.1194,4042.4648,16.715572,0.08104238,682.81934,4.192337,6397.5356,66.72165,1.9735272,0.85533106,2
135.4199,162.67438,25.297302,102.3905,5.902747,89.21445,65.029816,59.3425,6.550817,0.18788975,744.819,80.34938,0.09323565,20.632753,1.7074596,0.2352324,2
128.41919,84.88037,11.605301,81.19409,12.630877,56.507927,73.48608,439.41754,57.338528,16.327703,554.19836,167.19331,4.1205463,20.148682,0.33492872,1.0714234,2
68.85808,50.116196,14.742223,78.358025,13.549128,79.37131,57.666195,47.18148,0.32811028,10.362935,171.1718,30.677834,0.13838032,1.6540632,0.31289864,0.35914916,2
136.87642,50.710007,33.923225,79.431114,15.33716,90.07614,65.08862,24.29058,21.861895,1.7065806,399.15036,48.66797,2502.5146,21.078163,1.1859707,1.0308608,2
104.307655,52.958035,397.37445,79.75951,242.18248,69.3106,70.96156,26.491251,0.25586683,0.11955627,129.7156,1.9963577,0.5315365,6.3250527,0.3883399,1.1457977,2
94.53103,116.66407,217.83344,76.83894,115.36047,90.10003,61.309322,861.2373,3.2357845,16.823261,4668.8315,129.95891,0.4765987,5.3741684,1.1008942,0.017715449,2
83.5694,50.082058,390.83374,163.6275,272.1151,56.262478,63.90725,54.222298,118.86899,0.56594694,161.92451,4.6418934,9.105787,4.422305,0.076964825,0.01789696,2
122.41259,88.707115,342.48395,100.85574,369.59476,59.441013,74.01728,163.3399,102.70676,0.14292394,4163.548,19.13232,485.18317,18.835306,0.2322472,1.28628,2
109.794365,50.09135,322.75308,79.529854,439.05942,94.11921,63.40871,594.07764,0.2825359,9.201099,5913.118,65.26044,4366.6396,11.317775,0.5816537,0.98204947,2
176.51967,126.779976,269.82086,78.744484,425.71735,59.201786,78.457344,6098.9673,109.98843,6.427754,124.115875,1.5646553,22.641129,67.84311,0.73120314,1.3167106,2
154.74472,53.96996,47.55708,110.66696,54.76071,60.06614,75.648575,33.064285,65.767426,0.2900654,7920.5234,1.1789544,5079.665,18.44572,1.044286,0.10327069,2
78.436584,53.007126,8.398667,187.41869,7.3127875,89.335884,59.095093,844.69604,50.248337,18.038353,236.48743,3.7526789,1.7679386,2.9177897,0.28569007,0.79720134,2
215.46234,163.3565,166.57098,95.61689,504.32346,67.96152,72.77632,11107.289,4.6795425,0.48060483,8463.388,52.854218,103.44665,59.713547,1.9624493,1.3736147,2
64.322876,100.72537,264.24493,142.70238,101.3158,55.84989,55.50418,4841.8843,55.937412,11.854632,8014.297,9.854544,3.06367,1.3258526,0.10641516,0.40555358,2
63.494854,64.70158,10.835669,114.84262,12.607109,72.46722,55.078793,19.362335,46.39963,24.361023,121.49418,4.1224604,5956.5596,1.059525,0.3664688,0.1706417,2
162.89859,76.7388,8.124471,126.4481,7.9138083,70.98129,67.3176,115.82681,61.866364,2.3685703,114.717354,74.69944,1219.3646,38.879906,2.1270661,1.2290955,2
207.52707,69.0475,13.189345,128.06447,15.683596,93.72818,74.76018,8282.132,82.64905,0.24095336,346.9109,3.2111857,821.26117,38.728054,1.9490048,1.3483689,2
70.53453,99.314835,313.789,106.25723,246.8782,55.886364,56.890606,20.901337,47.323936,14.43079,2720.5996,1.2750304,3.2160616,1.5420932,0.2637221,0.3487585,2
145.19662,163.09198,210.1271,172.65642,453.24973,82.414085,82.47345,19.410557,20.075148,0.31703377,2744.886,7.39958,1695.319,34.464314,0.15115613,1.4002972,2
198.67279,115.0183,23.027678,99.901505,49.40056,58.41315,76.987144,83.09056,0.99698114,0.09298399,7754.612,10.7935095,727.94135,58.08982,1.2004616,1.0412077,2
103.349525,136.42018,135.65956,161.89142,404.88995,54.7947,62.784027,415.1721,1.5464885,0.17723016,5938.3213,1.386512,0.320573,7.3290553,0.530305,0.02668352,2
130.73184,68.72436,160.34859,99.25267,154.68636,67.3699,79.28447,4889.051,69.27755,0.3107982,174.97148,188.42142,0.5190029,23.59132,0.1083406,0.96905154,2
84.15599,82.36947,25.623703,155.70352,54.482464,86.21815,63.596943,343.98505,7.4086785,9.429691,3820.8154,48.515526,2.606645,4.750367,0.14294678,0.5909089,2
219.73,60.096375,84.86607,88.00489,46.357597,67.97007,88.053665,16.16886,99.48967,7.780723,1837.6775,49.338745,0.21598946,78.583,0.84493876,1.3441519,2
64.943,52.317493,49.051407,79.843,461.09824,64.54293,55.43097,3530.818,0.71026623,0.21085364,114.16589,3.4940517,3507.356,1.5348434,0.35028565,0.46392536,2
70.57165,122.840744,395.96045,114.79088,281.8737,54.659767,57.279137,33.89883,44.51518,0.7327283,6469.4106,159.49707,6.478816,2.273746,0.17632847,0.7000656,2
63.296432,156.43143,302.70514,82.74658,495.62143,56.902863,53.777718,26.160885,2.051175,5.828513,2422.0405,150.67628,2787.4573,1.0078713,0.17484292,0.17191951,2
123.646576,124.93235,10.81992,87.502075,8.336234,66.51601,64.81911,87.146576,53.877586,0.17595735,484.0506,154.06009,3246.801,10.400598,0.9181438,0.6958122,2
68.25206,75.285995,353.8853,187.03275,159.99445,95.40805,56.01182,30.036686,6.3676376,6.814043,615.2144,192.5581,0.8700751,1.961269,0.18667044,0.40565714,2
63.603443,52.68496,82.55449,125.845695,74.2882,88.98181,56.273457,3143.9448,87.2574,10.827579,230.2561,14.213874,10.616039,1.0384054,0.13317162,0.5875998,2
136.38585,51.34606,12.347774,105.25932,27.67485,61.264893,77.75589,1966.9812,95.40111,7.4843063,113.38404,47.16632,12.3991785,22.751717,0.3324817,0.9105698,2
153.07152,67.70511,238.75386,178.66533,100.79292,68.81402,84.55901,2594.1328,43.936874,0.48667914,132.73003,3.0741723,50.229305,32.791775,0.23886634,0.6370162,2
66.113495,51.389523,48.020126,123.07144,510.40808,78.16021,56.292057,5815.562,8.622039,0.14689305,9031.336,1.2514635,3369.0522,1.5389032,0.61416304,0.35783827,2
198.16919,113.04289,12.822948,110.48835,16.160769,56.387836,96.032135,695.94714,4.5463624,3.0410218,5982.6836,2.1867123,0.38399267,85.56475,0.14834855,0.28195766,2
63.390224,81.64916,14.955114,98.05072,5.7523947,94.73318,53.83615,59.450264,45.300804,0.32909155,365.63034,14.6868105,314.70535,0.99549025,0.2053385,0.1646864,2
220.47412,51.830666,296.76804,78.59735,227.00978,84.557465,84.52235,142.31937,122.24405,0.33555722,7184.9897,30.981848,5096.958,141.57646,0.8524957,0.60966015,2
94.18527,50.9496,85.24347,112.91235,82.752655,56.047665,60.98223,882.8964,0.15883966,0.16706143,131.65004,1.2921623,0.48452523,4.652601,1.0215207,0.29597744,2
184.4885,105.88448,36.35003,82.77446,32.00629,93.20351,76.377365,26.091469,54.153194,0.16291274,106.593216,1.4719748,3.567827,41.341183,1.0742767,0.32428658,2
136.7467,52.09107,7.835898,122.70235,10.264645,95.16957,65.33929,5046.193,105.77542,0.15578349,1120.2155,81.52456,6855.952,13.080383,1.7310222,0.109069236,2
98.929695,130.82094,411.06757,171.061,311.8267,65.67109,61.238354,1435.4038,120.74254,0.274523,1365.6758,171.15283,587.84265,5.2345285,0.9570334,0.41069996,2
119.64409,58.403915,99.67178,102.510025,704.6738,67.60935,63.850945,110.8074,34.75063,0.93166137,721.57306,1.2394953,15.114436,17.678417,0.8173804,1.2439181,2
65.09149,153.41624,51.069866,175.6304,62.88609,58.017845,55.15776,551.9368,19.930178,0.123493224,280.9101,51.66269,0.3249533,1.2800403,0.14569302,0.50887614,2
63.63697,55.415527,291.779,96.76543,474.2592,81.94768,56.759304,17.016994,0.16582562,0.12250139,7803.128,169.78055,0.36946452,0.9617871,0.5599885,0.59459513,2
174.17606,87.70877,47.546036,90.9943,68.98597,87.98363,83.94024,1151.1682,0.98045063,1.8626245,7343.7637,1.68009,0.14187697,26.360325,0.72567934,0.17482983,2
65.03803,122.88616,135.23145,176.99908,409.89188,80.73123,56.124454,230.71121,0.20215888,0.20110929,133.29248,5.301915,65.90568,1.3513107,0.29233256,0.56222486,2
78.09633,51.040565,400.90216,79.904465,186.89777,71.40733,59.223694,50.61714,45.536343,0.12552145,2224.324,176.20912,0.142538,2.4944112,0.31895596,0.03551423,2
193.90112,55.621128,87.541756,80.36323,538.9679,61.526474,93.40599,33.776035,108.693855,0.07878002,138.30981,36.97596,2899.083,70.64325,0.3025014,0.6219063,2
63.452183,72.65298,9.035765,97.39038,12.691638,54.598015,54.96158,325.32623,31.187912,0.5756222,1833.6952,80.18608,0.9438137,1.0909843,0.12899654,0.5867018,2
194.08029,132.61287,8.523008,141.71495,19.947256,82.22338,69.54608,277.02283,68.8311,0.20339227,8282.338,37.538437,0.26512977,32.545483,2.5238483,1.4826543,2
195.00096,54.287273,124.36449,95.113365,474.6353,57.131317,78.73749,49.329433,2.0071216,5.3760157,8221.091,1.2384515,0.09379731,55.10784,1.0405872,1.1647404,2
180.40503,52.121696,396.77313,92.14325,176.83162,57.123226,72.28604,5141.9375,59.79823,8.14867,1408.8638,102.964264,0.6792717,28.19825,1.3925346,0.250442,2
204.13103,138.14828,144.02814,91.68161,512.31714,75.07349,88.96173,29.698421,7.2244325,2.9669654,2380.6538,13.167822,30.858553,42.275677,0.9042345,0.9582914,2
104.62161,98.82378,199.15944,137.09222,583.1942,76.40213,62.171276,1357.8093,10.653082,0.2735423,7510.83,5.7590566,6229.413,10.15943,0.5696814,0.023547951,2
104.78441,113.857025,50.75673,81.57778,708.2564,55.254726,62.201977,1312.4102,0.109164715,0.17919913,188.6828,1.2989781,9.928852,6.246748,1.2231506,1.1617697,2
221.21419,54.72201,397.15967,119.02639,300.4058,56.60893,98.33139,3063.1455,110.3009,0.25321415,1052.3538,41.152306,2004.4005,129.65671,0.18531412,0.3531426,2
223.48648,73.25026,328.83472,102.912575,127.91635,55.474983,95.306595,114.832405,89.19518,0.34052902,5688.7656,1.2711238,5637.6753,76.09062,0.5896356,1.1261113,2
201.464,63.409416,139.69511,78.4922,645.7298,75.60068,79.13264,51.07486,120.58214,0.15695116,237.60823,184.94936,0.2261124,65.50287,1.0742494,0.37635905,2
223.50789,136.81062,405.35336,116.76292,191.5952,62.548508,75.07487,310.92435,0.55885744,0.88086855,2899.2158,8.56866,1.5012231,102.35639,1.7651364,0.7726415,2
207.49585,60.08915,302.57108,79.87408,241.12134,68.804794,71.09885,57.70078,47.23118,3.8841107,121.51094,186.1937,0.110836595,111.915825,2.1270514,0.9187374,2
73.41742,139.80283,10.244501,88.26207,13.964616,74.227554,57.050797,3248.1145,106.03744,15.038387,839.92285,8.45805,4475.3564,1.8317364,0.5623877,0.04764172,2
100.9399,50.07666,8.361842,80.271286,24.088982,56.738182,61.515476,2084.8484,119.45537,3.9123323,1199.3291,61.99176,1124.9468,5.505732,0.9773531,1.1420072,2
70.784996,72.14287,9.045772,174.95009,20.45002,86.05639,59.47451,414.42224,5.344947,1.6082959,7555.19,181.08664,10.108383,1.8840309,0.105603814,0.7516734,2
224.00249,59.681652,26.44781,105.00705,34.471554,71.36833,75.92032,26.69918,0.35891256,0.06673568,200.45294,41.853844,36.72327,62.574875,1.7369288,0.2929557,2
198.8512,100.49344,13.75088,108.67482,6.4352984,55.513664,69.93392,27.81305,1.6135597,0.46027982,272.2356,53.521664,13.383218,42.266888,2.5911913,1.0030063,2
115.25455,79.84662,214.55327,146.1616,160.63597,77.14487,65.495544,6743.1777,18.017555,0.08635427,153.47914,1.5689394,1.0752939,15.759759,0.707866,1.0369161,2
220.15753,160.06624,359.47824,121.92126,475.204,87.60448,78.43393,4705.6953,54.28087,10.860934,645.13,2.6678512,0.19737282,47.74949,1.7591565,1.3392797,2
66.71371,51.83628,47.433205,83.65413,34.645382,89.32262,57.37523,2958.398,1.6325481,0.16200419,118.64725,152.66322,11.410966,1.3217082,0.15430856,0.33369726,2
64.844406,69.290886,333.81915,144.67819,324.49124,54.866634,57.06195,124.901306,3.7833567,0.20288083,293.3082,168.05711,0.5267306,1.0998029,0.1231869,0.4318886,2
190.48982,81.183426,252.25917,125.35104,181.20354,57.431484,94.95236,755.64,0.4491211,0.3577332,8117.461,107.47008,6989.4795,62.062115,0.22713871,0.23488113,2
97.2457,68.25298,46.654427,79.09608,49.60553,71.135056,66.58116,4038.2368,0.13759105,6.056668,150.29561,126.94185,0.09258689,5.262457,0.3418375,0.9696205,2
224.73056,163.09315,16.739172,172.12149,37.09035,57.598312,90.412025,731.94257,55.59554,0.18388502,402.29877,2.1782665,1843.0238,136.04987,0.60988414,0.9322207,2
68.40205,86.439095,12.212088,153.9111,19.346874,59.55502,58.057762,26.97155,36.572716,2.4310768,7844.8354,12.00989,0.5269577,1.4502544,0.25105935,0.060719956,2
87.97595,60.595615,248.53494,130.7042,461.41498,84.145226,64.863594,3351.1343,112.69669,1.6390862,1355.7433,1.4535788,16.630365,4.0376616,0.1638196,0.054122776,2
136.80838,88.13864,18.139793,94.95639,8.450321,54.41092,65.597786,41.506454,8.3496685,3.733949,8001.244,13.015551,0.28583688,13.369439,1.5111083,0.6365216,2
92.4671,81.75923,60.476105,151.57191,57.258717,67.070526,61.58888,66.2943,63.816444,12.362806,117.28625,1.1559237,0.09689595,6.02931,0.47174197,0.72534347,2
215.81502,125.03195,98.69687,87.63752,443.92136,88.961174,83.907036,37.85199,24.792265,0.32868648,2570.78,2.517747,6.643276,63.54691,1.1166162,0.7826663,2
77.37758,162.6427,237.37817,77.297905,466.70563,60.77033,58.681732,22.215462,15.302654,0.18816592,887.58215,144.15231,0.53636616,3.3963792,0.2295194,0.03013585,2
99.55222,94.55053,25.429993,88.81797,13.95862,56.40346,67.437515,7545.727,0.54531544,3.2717156,119.519485,10.771087,26.466263,5.403776,0.50831676,0.26611015,2
64.12628,110.405396,62.76119,78.40205,579.5686,56.035698,55.18666,44.920853,144.59348,1.1345581,1085.0925,137.71443,0.32749695,1.253199,0.15718836,0.51366407,2
146.3677,151.36325,384.07214,146.84506,174.88751,54.6707,81.119774,984.8339,37.164864,0.11239418,621.97,177.24405,6764.21,31.269161,0.23891662,0.60968685,2
206.37068,88.933426,132.01785,96.690544,60.078373,61.58655,83.961586,24.388475,158.76794,0.11847603,7576.0156,2.9211192,0.30916342,109.28919,0.7560909,0.45635292,2
168.12622,117.01813,11.428857,101.151276,8.5485,81.3849,74.16132,1106.481,99.25229,7.3352075,2101.217,6.4511456,159.68445,23.191463,1.1077917,0.767942,2
180.79651,50.11122,209.79073,131.70445,156.81664,63.29916,92.61613,228.61812,0.80783105,0.38700026,291.1527,103.32092,89.33662,30.82291,0.4873374,0.8450696,2
97.101845,116.41797,317.94128,130.15233,313.12698,79.456696,69.03548,24.54913,25.068548,0.25926325,8598.307,1.6643393,105.68981,7.5995064,0.10986535,1.0412508,2
153.75769,72.28534,396.49915,78.990585,186.87483,80.848,67.18689,1914.4325,0.99618393,3.2358665,8725.549,2.449259,2.1238647,37.3177,1.7227745,1.3597937,2
71.041145,56.29416,92.57654,112.92571,53.86532,86.67244,59.46788,2252.8477,0.29636052,2.7373018,358.01895,22.712627,2.3894382,1.884293,0.077668846,0.61545205,2
64.01235,108.766426,122.401474,77.97378,60.737022,59.21775,53.956173,896.9502,3.624698,0.2772575,2874.413,1.5138092,1.2811687,1.288829,0.25576565,0.5395992,2
75.92212,50.248253,69.207375,84.783165,48.556282,82.55318,57.72721,5274.76,43.12635,0.2803155,4231.0586,62.75298,0.37038592,2.2350707,0.5538584,0.31924677,2
222.67763,51.066803,210.19226,87.82699,425.53894,76.46327,73.61035,7972.791,41.933357,0.16421677,821.95074,1.2163535,39.599697,47.914543,2.0937212,0.6417279,2
63.964844,149.54596,23.481918,120.8709,15.119528,70.20462,55.975327,1823.6263,43.41272,0.11068724,6855.494,3.4011893,0.22442527,1.0765771,0.13173926,0.100931756,2
104.65204,163.03221,392.73102,93.27405,227.00446,88.2739,71.13189,3941.9636,1.6910836,0.08420518,441.5028,11.251772,0.12897202,10.8069515,0.056577362,0.626686,2
185.95624,71.72603,339.00842,95.35579,353.3263,76.8424,91.99188,101.840836,3.0536687,0.38176665,1048.3278,112.70336,0.12573962,43.225883,0.3830668,0.5334739,2
220.04672,72.49276,11.177835,88.827225,17.718708,54.707054,71.22613,33.154945,43.736015,0.9876799,702.89905,4.605836,0.5338526,141.87122,2.9516318,0.41483712,2
104.521736,56.697147,73.5161,136.5551,697.56946,54.380016,65.40309,19.194921,92.259605,20.748682,2723.6292,4.076627,0.2343883,7.561131,0.4661534,0.84734,2
67.49086,111.86479,20.107416,81.28503,34.0258,55.65532,57.018665,650.63934,1.9763508,0.19445468,326.8971,9.349918,1831.374,1.2771115,0.5558088,0.48629498,2
64.16937,97.97641,14.385836,105.866745,13.280712,56.56351,55.026993,30.75994,102.56715,15.614369,6735.901,21.797047,5824.1777,1.1969469,0.26005456,0.526807,2
77.81882,94.66131,113.695465,120.6073,68.08475,64.882065,60.743263,2398.109,1.7954077,12.181408,648.742,126.941055,317.34796,3.419227,0.10607821,0.67258406,2
79.23177,70.48771,348.37567,161.33647,154.59418,86.81636,58.322052,99.407196,0.21359551,1.9852543,189.12434,2.407508,3654.0361,3.7473874,0.61464125,0.6952771,2
88.49068,130.8396,369.14722,104.98541,405.85843,54.20121,65.875534,49.361206,53.054104,0.36387098,2031.0702,125.12231,66.00714,3.6211119,0.23688486,0.8408933,2
215.36792,120.527016,235.93658,121.12652,542.3296,54.874947,74.53797,2162.216,43.598137,14.042185,1173.0425,1.1984804,24.63026,50.85921,1.7728559,1.0593395,2
78.422646,50.276657,14.266142,79.12354,16.583698,61.384716,59.072144,6358.8135,58.07103,4.8317623,582.5739,153.86252,0.42046934,3.2754407,0.22820272,0.17833155,2
100.00018,162.29123,37.267166,95.36825,29.043928,88.209946,61.634678,258.45993,0.14814264,11.43697,128.9093,168.16098,0.11468771,8.893745,1.1815457,1.1333735,2
90.65885,99.24019,274.29984,83.1328,104.06109,82.820816,59.32308,18.262697,8.463919,0.3468895,4599.494,201.18037,1.6959281,6.2696996,0.78985,0.03824634,2
122.07392,138.10968,28.05312,79.48398,28.207071,54.181343,69.973274,24.644062,70.04614,0.11139285,483.16904,1.2754121,1151.3368,19.181282,0.41998583,0.71169114,2
157.29317,53.349037,23.293873,81.98851,13.741676,62.384026,67.17694,985.7073,0.45295578,3.7434218,854.4649,1.767365,1846.9717,35.7242,1.9166895,0.60470736,2
77.90053,51.458866,352.15656,87.912506,151.398,64.679405,61.536644,216.36313,27.162968,3.0837562,147.50114,90.131485,1903.4863,2.8063173,0.16401584,0.034556977,2
206.59854,50.80689,8.327643,78.43942,10.003175,58.52425,97.673645,4493.631,47.738956,0.13373008,103.53863,191.50467,0.38888213,54.319656,0.42853114,0.23759924,2
75.68236,119.35484,10.067437,116.56996,19.690434,76.37604,57.86349,4184.9023,107.10563,0.11344213,1776.238,98.64506,1202.4446,2.1915162,0.7019571,0.68686473,2
212.84583,162.41547,100.00533,79.47569,568.9783,60.66341,99.62062,5895.5923,30.930595,0.08169344,9860.796,182.8417,5938.412,46.877888,0.6829456,0.44045457,2
155.72676,54.639545,14.56891,80.72356,23.665253,60.858547,69.284485,853.9715,33.264507,0.6178491,8123.417,156.16898,539.712,44.064346,1.028494,0.17934011,2
98.32268,54.48368,228.49081,107.95725,134.00768,57.485844,67.2776,1125.3818,34.184387,8.033173,3048.4995,5.12277,0.34941933,7.6890373,0.21419524,0.3657921,2
115.892395,153.92485,8.874483,97.90319,12.884212,76.51353,62.653255,41.167946,17.605246,9.84649,126.42142,194.83972,0.13755625,14.084369,1.2131445,1.1317801,2
222.80971,122.10744,144.13066,81.345,105.835205,60.947544,80.3161,133.9975,25.33579,5.924476,111.661,53.845226,356.53827,45.88794,1.6993968,1.0072399,2
214.02939,104.10182,330.11127,142.33427,162.80734,57.3358,71.280975,3594.5947,52.676804,12.125327,6427.831,30.01426,24.316896,67.99576,2.5602443,1.4863746,2
226.23796,146.74329,113.01152,123.12002,475.5293,55.120712,76.09989,819.3297,41.489983,0.18140343,8546.29,6.4629936,21.109505,136.89713,1.9519473,0.35083988,2
64.00587,60.84852,339.32764,102.09237,337.12488,91.88605,56.8046,17.124973,0.1442586,0.19280869,348.40448,183.31403,11.240785,1.0448748,0.55691844,0.5760646,2
75.971985,108.27391,169.24287,120.39184,394.94077,83.37127,57.704586,27.720692,46.221344,0.14071123,2028.8418,92.17284,0.46341878,2.5065343,0.24923894,0.4222887,2
121.19315,154.36717,223.69478,173.69966,88.10022,68.55202,73.90558,59.81168,4.8848467,2.0597644,499.8923,118.15476,7.7405763,9.869491,0.46128303,0.6010046,2
71.89361,86.04037,113.360535,109.21754,103.468315,77.60806,56.89044,21.95643,0.4978612,0.27750087,1054.2148,3.650947,1804.5905,1.815995,0.4287207,0.5247272,2
203.66908,133.53502,23.929434,91.51678,11.663628,57.618267,83.0251,37.318165,108.69558,0.17029405,4329.23,47.94428,0.9274398,66.60573,0.90050113,0.27324346,2
80.37277,67.9196,22.559069,87.47646,54.585953,68.17698,63.140045,4859.953,66.096886,0.19887328,7564.1885,9.320852,0.105755866,2.7623003,0.20578203,0.0770115,2
216.54977,112.32112,31.473013,82.5182,60.046257,72.75708,88.46277,333.8329,114.688446,11.448525,145.3066,6.1167307,0.6385921,107.19959,0.66534495,0.9138855,2
74.812035,73.48711,311.2729,140.40771,195.09454,54.93026,58.179234,4332.8984,45.794304,3.0874891,5172.427,6.5252285,4302.7,2.4925385,0.20783383,0.5970243,2
157.26714,151.42139,329.24908,155.241,127.525795,72.66369,66.659225,24.716333,59.416576,0.100143604,7280.7153,4.2993436,0.33492488,40.50306,1.6663219,0.6130868,2
85.24577,54.32438,35.16025,84.887695,14.783062,57.379547,60.417065,392.78113,49.43371,0.36978588,172.8047,2.3873408,53.828804,4.154704,1.0206602,0.099104084,2
68.31454,55.69502,11.513693,90.93593,28.039705,57.236412,58.480896,3674.5757,53.76325,0.3814847,129.95773,94.15832,0.875707,1.5413909,0.103273034,0.68851084,2
125.837585,55.885143,11.619714,88.72581,15.743476,64.2369,63.62575,3401.5725,1.3003781,0.31616026,108.26094,2.0888565,2427.5884,16.363121,1.143611,0.7898357,2
64.278656,54.05813,335.67786,78.752205,472.3982,59.596584,55.569717,282.62506,129.81143,2.2298865,5187.3877,8.477072,0.28614333,1.1414175,0.15246718,0.10417485,2
174.36201,50.56333,36.08806,176.54414,37.230854,80.9638,84.926575,3326.9578,0.24373563,10.337657,3942.6892,6.964076,260.76065,52.436966,0.33474666,1.4574016,2
141.016,121.55564,265.75964,117.26786,107.928375,57.71898,76.96696,31.550776,43.489983,2.639381,1148.0508,84.15168,6241.9565,19.968422,0.41595298,0.8704252,2
122.855156,155.17865,8.237281,137.72548,21.029263,77.1224,68.32667,48.884087,0.12977695,16.54613,189.92308,90.14404,0.38018844,14.281794,0.57090116,0.05255197,2
175.40407,50.090645,76.464676,129.292,71.858444,87.89631,68.12438,62.244606,92.85566,0.39788634,894.87384,191.38583,5417.195,25.451363,2.2298417,1.0042781,2
217.28369,151.93887,302.13727,141.44884,123.371574,62.68884,89.065994,27.54003,27.825459,0.3323994,5359.0166,55.47229,1.9766823,109.738754,0.6670395,1.1393545,2
63.483017,51.623592,7.7470098,106.81667,11.124232,75.05209,53.797127,76.34055,40.77262,15.817225,243.2323,1.321287,629.3398,1.1483123,0.22366437,0.11018818,2
82.11975,119.76,7.648495,81.68633,24.273403,54.953014,60.20496,630.20966,0.1615737,0.2465722,155.10324,1.2818899,0.9877306,4.391227,0.2762362,0.041538008,2
140.61548,110.64827,374.1762,127.59814,414.72702,86.24851,65.79506,28.528502,9.023539,9.265316,2736.2932,2.9771972,55.10527,29.493109,1.8698835,1.2873753,2
226.47603,54.4272,7.7599554,100.06416,12.169857,55.924026,85.60236,8711.305,140.09708,0.08291969,2881.1062,13.04985,0.32030284,142.79039,0.8670734,0.3666358,2
196.90573,140.25487,378.46387,90.33682,164.14351,83.79262,95.48632,3592.1816,94.1008,8.621479,6215.394,146.48975,6975.833,90.581436,0.09108693,1.0264318,2
216.44597,153.2756,203.58566,93.05745,420.35876,85.95798,82.584175,2358.439,2.7994585,0.18476003,224.64145,2.529715,0.109943315,92.22706,1.0177494,1.4007533,2
217.05067,162.85367,98.06442,114.96255,68.36247,54.59115,96.09726,41.948273,88.31048,0.65117955,185.2016,27.857847,0.9103614,48.660545,0.8092487,1.2516363,2
67.74791,59.093975,300.34427,99.54949,414.12204,56.142925,58.292217,26.154537,79.744644,0.27207598,6306.0303,83.35148,1031.9323,1.4411823,0.10492619,0.6594912,2
220.82745,147.9495,138.12772,87.60929,66.18375,68.630135,91.3146,9497.406,34.738377,0.09446352,761.3229,92.33701,0.1143455,123.62186,0.57796,1.4946022,2
70.65422,163.06468,143.72865,192.54169,428.98785,77.53572,59.439426,220.41055,59.182957,0.16156344,111.90436,32.49889,1407.4225,2.1384697,0.1177644,0.08396449,2
90.64981,99.26318,20.137127,86.18996,5.228964,63.70731,60.59541,3758.7622,0.79590774,0.81305313,7999.054,110.21077,4.4314365,4.101919,1.0427289,0.24640739,2
63.290607,55.00106,123.38812,97.248886,437.85474,54.976204,55.71684,3383.6526,12.527048,2.1108527,793.3871,7.0818443,41.109043,0.99496466,0.14645109,0.102606334,2
85.67507,76.50768,126.46827,78.71076,417.84918,87.52554,64.25716,74.4114,6.7771997,0.34252945,105.65344,1.6490222,0.13251238,5.007528,0.061963707,0.6902719,2
219.06728,58.647736,327.93817,80.43794,330.07495,59.845387,74.946884,23.916737,14.183218,0.37261263,104.847336,1.5079756,0.4902205,46.471222,1.8352506,0.27838627,2
214.84383,51.82389,23.268824,78.24515,22.66579,57.48442,95.490875,114.23286,54.754597,1.3238232,507.3968,11.181459,5213.1216,65.51238,0.52672046,1.5004233,2
108.62881,162.16063,8.5373955,118.74228,7.1594415,57.975563,72.110374,131.65909,0.30991852,0.13899797,154.20242,2.078525,6500.2075,12.483307,0.08866031,0.14119309,2
212.69212,52.94587,8.146369,143.68216,10.274812,65.47932,71.48513,5358.194,53.62013,5.596892,7505.996,49.253357,0.10688611,40.96026,2.590835,1.4576151,2
188.55333,57.67906,134.36679,92.37503,575.59607,63.59165,80.55394,454.66003,32.88443,13.342263,230.05946,3.8104186,3360.8345,36.16519,0.9973347,0.542279,2
218.64238,160.91576,11.730099,117.85616,11.389948,75.01257,94.25769,1694.1902,71.14448,12.722377,4382.3003,191.60199,2.0481493,47.53908,0.99013644,0.5202538,2
110.918564,59.97783,15.874893,82.52318,5.697326,60.241657,73.48938,368.64227,45.970474,0.13251247,1573.7002,171.58047,22.320343,13.675465,0.07562221,0.34175292,2
226.74747,157.8387,28.718666,80.92144,56.849407,54.530132,102.45412,3072.37,60.12184,0.27745005,1131.1423,38.220074,17.79223,66.87673,0.523972,0.76022923,2
221.4332,155.0062,272.68716,106.43936,393.2721,55.488987,71.30631,2758.891,56.61637,0.21379891,7159.473,1.1722242,684.6465,111.92692,2.8137016,0.7281899,2
126.32321,50.259384,25.3041,181.26688,56.03684,61.507965,64.37142,735.57935,0.3012834,0.36870414,8519.595,1.1826323,1771.2932,21.44402,1.4335147,0.2645768,2
224.19601,76.611755,7.6389704,80.643394,18.476015,74.637054,84.850395,91.32005,2.8840716,0.15786806,159.18582,65.600235,0.9014654,78.38781,1.1351247,1.4952645,2
71.28204,58.493263,94.12928,177.2868,665.6489,62.928387,59.448044,3077.0486,30.38274,1.151683,264.18625,109.91473,39.805553,2.0384085,0.29695088,0.512051,2
226.74171,94.78693,267.27853,85.45828,351.0289,60.777042,96.21901,2811.656,1.6440828,0.32908198,2931.647,190.59276,36.321304,139.86494,0.3116296,0.50831604,2
152.94095,153.10106,336.61255,154.50452,130.82188,66.66281,83.850204,30.774624,33.17895,0.15447912,6758.0386,2.1956468,103.74315,24.311941,0.31534225,0.7614784,2
110.56451,51.973064,124.37764,81.26514,643.8394,71.09572,67.33493,743.01135,34.712074,0.20863685,10237.238,158.36148,0.3704244,12.199117,0.37422332,1.0989664,2
191.46777,106.50004,310.06433,87.8081,119.19632,56.026993,76.9561,605.767,1.6874855,0.16617088,6165.371,144.00926,3558.566,86.98151,1.1123744,1.4861207,2
194.51865,109.00767,80.99194,79.87755,74.155235,61.30849,95.908356,39.527298,64.80172,0.15115762,5513.1733,1.2159936,551.2833,33.073483,0.75937164,0.20381889,2
63.60258,104.90074,9.300389,103.25279,12.001202,73.26757,56.324604,206.8871,1.6214726,0.6191615,138.59169,24.461319,2.634243,0.932649,0.15370369,0.09871301,2
90.00677,56.710655,124.26954,134.80215,419.33734,58.853783,65.69961,6144.6353,8.981462,3.0707867,2963.5276,5.9209466,0.58344984,6.0976925,0.09114557,0.74539375,2
211.30191,51.63215,25.748407,130.56937,5.0214615,61.34442,78.27213,10788.27,0.14849003,3.6268005,136.9012,159.3353,1.1738727,49.36906,1.4432881,1.1179408,2
211.5286,57.526295,363.49814,106.35666,204.82315,57.80598,70.78061,4896.294,42.76271,0.25003773,7815.1343,2.706093,4363.771,80.356476,2.4904552,1.3329004,2
208.59161,162.81258,23.620106,89.01018,39.33983,74.96047,94.807205,430.91455,0.15153934,0.14725584,7949.032,8.274814,0.882379,109.93663,0.22715276,0.4944409,2
199.702,54.51822,121.40858,115.72658,420.7733,54.494003,75.140884,126.102165,52.334084,0.1678627,651.55383,25.437725,0.7985785,39.730274,1.4952105,1.3941101,2
169.2406,139.52307,202.52206,110.093636,107.924164,83.72455,84.38816,359.21277,26.350098,10.260801,261.85846,12.904269,1748.6594,30.491669,0.5304953,1.1939268,2
189.50003,162.36731,18.30089,119.467834,21.928015,83.45093,73.300865,20.63088,0.42885315,0.063279845,159.86108,146.22821,1114.7728,48.81742,1.57387,0.58424973,2
71.01985,111.5986,12.496534,112.946686,16.227966,85.30357,55.48691,21.978596,1.2389809,0.081819855,4835.9346,31.098778,1702.3723,1.5782151,0.2834266,0.058346238,2
65.28187,97.51027,218.76831,131.58257,127.74404,89.65737,57.301098,314.2855,46.87185,19.950043,124.9446,111.598976,0.123900086,1.3624988,0.10781066,0.1342515,2
64.706215,108.74214,152.08823,85.14454,421.1278,75.275734,55.273453,805.7591,31.244997,0.04936103,414.13037,8.083874,0.14623228,1.105725,0.3006022,0.3799384,2
73.13507,51.379593,60.250507,189.03923,49.958214,76.20915,57.317528,2902.9534,12.063139,0.16324463,3790.347,1.7375609,4.8367577,2.5563803,0.5463025,0.19403881,2
119.61739,51.012405,10.505285,79.10173,24.903833,62.821842,69.93342,20.110546,22.755816,0.2095419,1763.5378,193.87679,0.78605765,15.516961,0.43315536,0.03777669,2
201.28876,126.41067,386.70755,128.84613,227.90207,66.31808,91.88822,494.5678,80.279,0.07557157,179.77872,146.84808,0.09985903,98.38602,0.31398675,1.3595945,2
90.56471,78.958206,9.663008,100.08667,13.872337,75.42978,65.50284,87.83622,0.20072494,13.7402315,233.52048,3.478727,0.14179659,4.209244,0.4523301,0.62733924,2
220.10376,57.82034,24.074583,78.058815,24.710651,78.520905,101.66901,40.150467,17.67155,12.2612095,6073.9346,2.1239748,76.4232,58.9982,0.49653608,0.45105687,2
212.66766,90.03224,401.7526,118.57191,211.95312,85.928375,80.080154,6731.45,48.08732,0.41891292,284.69528,87.80353,60.554657,55.482037,1.3820975,1.474725,2
224.1799,55.607254,376.80334,126.06568,165.47366,59.058453,96.88503,50.544907,76.09783,0.20493759,182.53741,17.502014,52.739693,70.06315,0.6650734,1.1373574,2
133.54533,120.60405,26.00541,89.31711,8.836727,57.86251,79.10719,6086.3047,91.80795,0.1482326,9514.115,32.145893,0.3031932,26.272156,0.08471583,0.28271663,2
82.10901,160.52856,103.04798,91.79817,648.5735,93.9812,63.19901,273.91284,30.909378,0.17032427,715.43494,167.0503,65.91413,4.02298,0.083669074,0.052550934,2
218.94705,67.57406,21.872433,78.041855,27.461044,85.37578,99.94804,2124.4734,2.0766535,0.18462913,5697.948,2.7971067,0.1107272,136.83578,0.09133238,1.500452,2
177.58928,52.51164,401.96738,99.53818,180.54633,55.040863,91.89403,9141.615,0.8701638,6.797448,152.81856,1.5484535,3811.8342,43.900154,0.2471083,0.7076998,2
193.668,53.86477,48.550552,80.20141,57.941433,55.14322,70.62037,4723.1616,15.247621,0.34656504,180.67276,121.203705,1.6986568,39.43164,1.7939547,0.9318868,2
177.09756,83.94008,145.64108,95.402115,65.740875,65.557465,76.40198,1253.1902,20.02257,0.16206664,1804.7738,84.56791,0.5778953,50.313065,0.9571854,1.0413463,2
226.73456,51.415596,9.818798,117.45801,12.981108,57.121647,102.82912,30.020863,0.77088577,0.15561223,7276.6816,4.2288084,743.8402,156.28984,0.06204723,0.32865727,2
175.7175,127.69629,295.03616,85.28912,457.32507,80.031105,68.44452,3577.8113,42.72851,0.6463496,102.227295,2.9361708,1392.6782,40.88056,2.1873584,0.1643168,2
225.1793,50.0912,23.965002,105.229385,9.627759,78.068275,73.04191,56.822437,96.58769,2.0443974,288.6292,1.2203614,688.00745,60.766174,2.1826863,0.3749303,2
151.1948,67.94617,59.075924,144.28978,739.8987,87.36124,72.1987,873.1654,18.655085,6.7253604,6477.7646,13.331352,6.0102534,26.70994,0.89267415,0.75122374,2
118.22592,67.47499,127.42851,109.49411,59.631065,86.537506,75.767525,2244.7278,19.149242,0.1603847,366.05347,186.90851,3414.0396,13.657477,0.12798204,1.0303239,2
198.6152,91.055336,8.070281,147.39972,8.494789,88.67551,71.99225,33.753624,0.5345539,10.117286,362.55768,5.6596894,100.801025,95.80495,2.003666,0.3142902,2
98.65433,51.248817,23.448748,88.329094,5.7629857,55.181732,69.05008,73.539085,80.226425,1.6930888,1044.4307,186.22173,177.31749,6.0202956,0.1937206,0.75493455,2
104.40462,157.9973,22.544437,79.8978,51.90627,70.73726,69.038956,237.4274,0.99437314,0.35136837,259.4654,129.54904,4754.0786,6.1495485,0.43998677,0.09758612,2
226.32607,162.90227,50.773945,84.40579,37.443813,54.422127,82.665405,94.55982,72.444275,3.0934727,1520.8914,178.96817,0.09994809,48.225178,1.5501263,1.4735025,2
206.76581,132.478,13.642479,80.76749,15.968533,85.53186,78.127075,192.72432,67.39879,14.831548,164.32858,9.399359,1312.7334,50.753716,1.4475315,0.5013905,2
91.75911,66.86502,243.71306,80.18019,95.62468,95.260826,59.220795,1021.6264,0.27533564,0.09174818,130.76564,165.73027,1556.5438,4.2882423,0.7838798,0.66101253,2
70.646324,163.2556,55.48252,85.39926,60.504868,68.170746,59.38933,4273.7637,39.043,12.943282,2448.899,5.0921197,6347.276,2.1119375,0.0897406,0.5532528,2
157.7377,156.17041,38.187717,80.9636,10.347712,76.86081,76.657845,747.00323,52.360477,14.791859,8377.485,71.842705,4.510521,42.745804,0.5515758,1.3685583,2
77.11339,69.767,9.624334,109.82813,28.593517,70.85602,59.181267,6153.949,60.539925,8.883876,458.044,166.50316,2.0469487,2.368206,0.23688687,0.037585896,2
154.41429,149.9192,99.341385,122.69173,492.21274,82.446785,78.458595,9471.914,0.1509921,3.5420616,5263.778,70.36309,3.8815384,29.081745,0.5325617,0.9492258,2
191.79237,54.16816,9.133376,88.291145,16.098991,87.07788,77.24692,22.570856,19.514309,0.1783377,123.4979,1.3025963,31.54893,40.88163,1.3140095,1.2495568,2
160.07492,98.076515,56.787292,119.313065,41.093918,88.860855,82.23854,4114.0405,0.23390411,0.08431169,489.8059,15.4516735,6550.4785,20.149645,0.86391324,0.24205267,2
66.79234,84.78926,8.359782,83.3835,22.543554,58.962536,56.700092,44.21188,2.2681358,12.00918,441.4524,1.3848629,15.577278,1.3912792,0.14730437,0.49299517,2
225.43074,106.01866,227.50424,114.576294,543.193,56.65364,98.81935,21.03739,4.576303,1.0309952,4687.3857,8.810961,9.847321,57.008347,0.74507296,0.33686435,2
151.62619,135.88855,142.87207,124.0975,139.2331,55.070477,82.822975,9527.064,0.1739786,14.212007,7258.264,21.528461,0.74271,17.313444,0.6412114,1.2586536,2
149.2788,115.91397,14.440049,79.0585,18.221138,54.9848,70.08687,121.56043,27.150408,9.017231,127.67524,3.6327248,213.33267,26.792473,0.8952889,0.11091129,2
109.92414,104.71518,111.053024,93.50192,54.20674,60.395454,72.9532,16.266987,37.42939,0.51381594,223.11514,20.855213,0.49992055,10.535438,0.11202578,0.7280906,2
179.9444,119.76812,9.805476,121.30368,14.875835,85.89729,68.603775,1871.6414,59.477165,0.78139687,6613.3516,5.133579,1.4187634,72.06566,2.1195154,1.4757599,2
80.7211,72.95168,195.73009,171.97601,401.60187,83.62123,58.579483,203.95152,83.36173,3.9311037,4038.3218,15.550294,4.366425,4.127154,0.6996383,0.033777803,2
63.400818,58.034225,178.21492,82.02338,428.13696,57.99995,56.544464,1430.0099,27.414858,0.2765109,227.66403,9.5844,2.3457866,1.0986443,0.07618162,0.167303,2
65.026634,52.78899,369.76074,87.72865,256.19357,56.734436,55.34536,6049.1826,2.0158653,6.8663387,7508.9746,3.8924484,0.55746454,1.1298004,0.28214854,0.21067372,2
97.54659,130.0923,94.30945,77.83588,48.91552,82.756805,62.313854,23.806698,101.239136,1.9833932,334.676,1.1751821,0.54164004,8.578986,0.41903716,0.21703601,2
197.13423,50.375015,340.98874,82.93349,291.792,91.752304,82.271095,212.1435,76.29572,0.044603247,2443.3994,65.48645,656.1387,38.025047,1.0912901,0.21018365,2
84.49095,131.5456,11.714184,77.1657,8.112088,78.87582,59.498737,402.25818,36.604862,11.659628,1045.9512,1.939087,0.29645428,3.4082317,0.510046,0.939844,2
63.440353,137.32289,225.14232,118.11965,98.12027,65.8733,56.47703,397.02014,90.79422,0.18002719,866.905,1.3322291,2332.4565,0.99010706,0.12582535,0.18071973,2
218.84766,50.391068,286.731,80.294586,122.44879,67.055405,94.33481,2081.001,54.2154,8.719092,6008.0166,61.8393,0.5177197,45.171597,1.0129446,0.5577053,2
143.1724,54.567852,143.32048,131.07343,76.96384,90.01276,65.43853,1356.3743,0.15260859,12.235343,5965.2812,87.515205,0.16388834,22.611961,1.3576303,0.12953907,2
98.69031,152.35878,374.07104,77.36379,300.58377,64.45692,60.174675,22.291622,37.11497,0.11836286,1252.2612,43.93615,0.60681,5.3048863,0.8152201,0.03140184,2
82.126686,51.192455,274.08817,77.98131,173.6596,64.28124,61.42251,132.74615,37.90273,0.16435629,3256.473,132.94987,6961.469,3.8462265,0.17946306,0.91361266,2
207.9974,57.268524,10.731014,89.72522,7.4865985,60.354656,77.21331,152.4549,26.038408,6.2647104,248.99359,1.7857159,1556.9159,63.023533,1.340574,1.4352663,2
74.491486,92.818474,378.37646,110.57312,253.40744,88.64644,57.481102,18.154411,42.908306,20.23435,8268.233,1.4377596,1.6169035,2.327713,0.65629274,0.8133122,2
226.35533,62.948845,8.264575,85.82498,12.05003,54.787384,99.393936,9019.586,2.926761,18.011015,1365.9514,2.1022384,1.0333132,78.08053,0.48043004,0.399298,2
120.11108,74.46183,8.100455,147.17224,10.655121,56.24629,75.360016,9552.951,4.746381,5.4478364,149.72359,5.315305,8.394433,9.429458,0.52417505,0.050066497,2
225.67023,75.50661,8.44358,77.56973,21.884346,90.835335,74.89128,7124.4385,54.374733,0.3213222,818.38165,165.39883,1.4432486,153.71179,1.8109342,1.4610567,2
63.809303,158.2117,35.90927,86.9724,52.770924,54.6933,54.832973,12069.439,2.910692,0.5030099,126.95966,1.4577917,4.5318613,1.179137,0.13702023,0.4177013,2
130.1447,147.34474,226.52745,86.72471,131.09503,63.185326,70.795265,113.163086,3.8759656,5.270396,2522.1296,127.421776,3.354457,23.578173,0.5040455,1.2773236,2
220.50908,148.11485,14.595885,86.30802,6.231985,85.35498,72.042145,35.628086,4.2820473,1.6944642,1605.8346,1.8351327,1819.5112,90.43544,2.2514277,0.97434497,2
212.53322,90.30007,15.782526,161.67447,12.611129,78.12402,70.90963,26.444656,47.858025,0.081968255,953.9118,6.8989534,12.482332,78.35197,2.8214014,0.28177083,2
78.28056,56.375168,212.20114,117.786194,118.813896,78.635574,58.316196,22.42681,18.61331,16.219297,363.81232,9.425644,2.3009894,2.8752608,0.66255057,0.14772733,2
221.15167,119.72073,71.054855,81.10669,478.44373,81.79601,73.58446,6787.127,55.420692,0.41798568,1072.6276,1.2184066,0.8966454,90.32859,1.9194522,0.44656554,2
219.60468,156.53003,61.88663,128.76976,501.48984,80.194595,96.66255,1191.1416,1.5353839,1.8665771,8475.448,1.3867512,1.9746149,57.08815,0.7071264,0.28250512,2
87.85973,53.246986,80.88411,160.35843,62.442688,54.157482,65.782005,26.856668,0.401022,11.557562,767.9535,1.1782644,9.3639145,5.479559,0.10929838,0.96153957,2
147.63391,128.54112,8.650396,102.8159,16.884497,73.98431,84.082565,18.181429,0.2738257,0.06485666,4865.2827,111.10556,0.14034157,30.003664,0.1363189,0.10398929,2
222.91751,72.70586,8.597659,99.61083,19.505054,83.24287,76.53711,15.887748,97.03596,0.26399866,4146.841,175.8959,0.37665483,68.40092,1.8942662,0.70941556,2
126.824646,53.68022,401.75568,80.47632,210.61484,54.078266,71.86553,16.753757,38.930046,23.74775,143.30774,2.1554518,0.8667675,14.87095,0.46717668,0.22141641,2
91.52498,122.441376,398.99127,98.79513,174.64722,59.795124,64.92297,7162.765,28.119652,11.7378435,5805.7246,55.122906,4233.3315,4.495236,0.2521568,0.014695438,2
63.8332,113.847664,12.578881,93.59101,9.103571,63.207214,56.06475,86.875175,1.2273337,3.772407,8409.829,3.7166648,0.90382415,1.072413,0.12865321,0.5821327,2
78.295006,80.54796,397.16708,145.62445,172.61966,75.59476,58.148453,42.150223,0.15893535,2.0263,1683.259,1.7542593,0.43670678,2.6006615,0.5216383,0.4235507,2
99.846664,68.139946,165.6221,83.375534,116.78549,58.644604,69.88872,129.7305,6.805986,12.477133,4972.988,28.406475,0.35718113,9.4148,0.061718866,1.1329378,2
226.36227,51.212418,308.9864,88.12249,241.33987,55.760696,71.6743,497.99637,109.14366,11.545134,138.56427,37.491066,38.217438,133.23659,3.0512488,0.87995505,2
69.59222,70.420074,46.818863,166.83928,80.73556,72.4408,56.54279,5505.254,1.3162245,17.805866,110.37199,191.64507,4798.188,1.4451674,0.2817765,0.66426027,2
106.721245,72.16554,8.19718,101.81147,9.778614,63.465614,64.41193,166.04611,33.893337,0.35210842,179.62724,167.0438,0.09104311,9.297558,0.5844495,1.1918126,2
204.72296,156.19019,244.78426,121.10538,548.0044,75.633736,70.55383,5451.1353,41.50162,7.203255,2057.858,121.4174,7.342715,59.469463,2.5166664,0.6108438,2
220.28189,53.62773,403.0354,91.71348,205.24689,75.997345,94.61502,1070.3773,1.7652633,4.6179886,7611.063,31.231323,41.807014,53.782864,0.8791824,0.71049714,2
226.0993,77.61121,350.53622,98.252464,137.78702,92.94275,81.52401,18.41405,14.235036,0.34863734,815.3273,1.8442185,1225.2433,155.28555,1.229973,0.43881634,2
222.80234,138.92163,274.50812,103.92286,352.68082,65.85066,79.909836,4514.899,12.458897,16.215944,3820.8628,159.86215,1.5157974,148.11691,1.3579435,1.4419432,2
69.13313,160.98148,191.4239,88.40341,111.77764,65.79251,56.60014,45.389473,2.553649,0.19109836,5979.312,1.7353628,0.90743,1.5503051,0.22413927,0.19693598,2
226.30276,73.12266,89.91508,101.28273,613.47705,78.790695,101.887436,370.38446,0.37534747,2.2278602,1217.9584,1.172223,5730.6133,104.07095,0.3074077,1.4858919,2
105.60214,83.123886,7.976674,124.93908,15.606698,88.83935,71.816,57.1112,1.9659268,10.954932,3576.4805,1.7369664,4182.7393,6.4284005,0.29714736,0.2716063,2
109.95281,163.2231,358.39578,115.67494,296.65137,55.000526,64.83747,14.966953,89.45088,1.1898074,315.36768,34.729908,214.24934,9.501628,0.52502894,0.078330636,2
88.05414,146.91042,101.86571,179.59184,91.833984,72.524124,63.02512,5308.892,50.813805,0.28196558,2437.919,1.4278579,46.431015,5.791962,0.1724042,0.906635,2
145.48769,131.3642,7.956393,90.43212,22.19043,55.811684,81.50017,23.770475,16.787872,0.27056077,152.89148,1.4684289,3645.6416,30.76115,0.182202,0.65738684,2
149.41644,53.194347,191.87265,90.90849,583.5481,69.34836,66.13491,24.42381,11.074034,9.489197,6105.7427,1.9363043,16.037163,36.21355,1.4472146,1.0553,2
63.656204,50.25716,358.78876,78.293755,418.16003,82.10886,54.97191,4005.9434,47.918518,12.661258,117.761665,3.2175395,6418.672,1.0851741,0.24084614,0.5342276,2
191.10733,63.92195,22.484203,173.27858,6.1432686,93.088264,75.45019,3681.34,101.48861,10.985481,265.06528,136.5164,4.990981,52.21964,1.3577969,0.24268642,2
226.65637,158.36536,45.046173,78.00662,697.5178,54.718903,71.60306,5339.9126,58.283764,9.39377,1793.5231,1.5507042,0.9441279,143.41603,3.0644772,0.45442742,2
197.83934,105.293785,250.39915,120.3875,346.24976,54.60504,79.12297,107.61546,45.23422,1.7096273,130.78166,12.427244,3866.3157,70.71629,1.1062933,1.4804107,2
76.32923,54.90733,11.458757,85.809166,13.985395,63.511063,59.301884,25.006285,167.30066,0.07684195,1136.9536,169.48195,4.617437,2.1759858,0.31612015,0.67481625,2
167.22804,85.39374,11.8367195,77.43078,18.465727,91.0182,76.31828,341.66306,111.91,0.27355742,121.63836,2.6335917,0.1027153,22.349297,1.1462404,1.2980022,2
68.05678,114.60865,197.6497,110.24996,87.094055,88.90894,58.412186,38.45862,61.15167,0.46900555,3529.892,55.236275,3129.08,1.3896942,0.12332519,0.70115536,2
74.18907,138.9612,405.11627,82.37364,191.10321,66.254776,57.85364,180.56876,66.03264,4.742825,385.0454,1.5327027,7138.226,2.0561028,0.3615915,0.50474626,2
67.67203,54.9698,8.7826605,101.68594,20.950993,57.89887,57.640854,20.14361,33.815567,1.2268133,135.86766,1.4730409,4706.8223,1.2688648,0.6388248,0.6703582,2
63.573723,58.10805,8.018929,96.050835,12.363705,91.685455,55.385242,19.55501,2.6930988,0.11705911,126.95454,8.66,638.9927,1.0814041,0.37125713,0.10197916,2
91.55238,96.80157,8.303352,95.91316,18.835405,68.078186,61.02732,1940.3934,0.9038592,14.92407,1604.5149,2.5348573,2.9007664,6.5660267,0.5613644,1.052453,2
70.965576,151.0799,19.355812,79.45981,26.829105,56.939156,57.50361,180.00522,14.20933,0.3226112,5574.1357,33.583797,0.2702356,1.8708191,0.17090426,0.7392063,2
84.03401,106.59445,122.2152,154.90402,68.87983,81.82318,63.24179,1230.1226,10.892141,9.856036,8923.901,75.904,0.73265797,3.1721942,0.25635839,0.8243003,2
157.55455,131.54501,72.54383,77.75251,49.74972,69.12062,81.44189,5145.7397,12.421335,0.59393525,3985.388,13.337234,62.84644,36.12874,0.3833623,1.2080677,2
75.04484,50.165024,156.56316,89.05788,85.13989,65.22563,56.19532,23.10587,8.270508,5.740859,315.61307,147.25989,228.71667,2.6601336,0.35784584,0.51690924,2
223.14742,112.39836,329.85623,81.36279,147.91391,61.630077,97.00796,28.71288,57.29523,6.7258854,1421.9792,44.278286,177.837,125.2365,0.27084583,1.1862844,2
107.410614,50.447235,85.985886,80.04432,95.719086,63.921146,63.71478,27.797062,3.436521,1.4496557,245.79858,24.21228,4.278034,7.1077867,0.5811883,1.1886791,2
76.98637,51.17903,9.495123,139.0753,11.832603,88.09618,61.29129,8060.646,9.579226,19.292818,121.84842,62.40301,10.287491,2.1934505,0.24342991,0.7896069,2
213.95486,64.18183,55.106396,78.60927,565.78156,92.130684,94.067154,16.455103,40.954895,10.50622,354.44623,9.627886,2.7073002,82.33576,0.50115067,0.95347655,2
151.39413,142.63846,15.626832,136.72989,36.28075,58.835606,68.536835,50.108444,0.26433802,3.6703227,124.72415,181.08862,117.87906,19.670414,1.0899807,0.21585214,2
67.06436,82.63557,8.266678,104.62272,18.306288,56.172226,55.67118,203.42398,10.923527,10.730335,3595.545,7.134536,0.08213583,1.3585439,0.48127276,0.47800422,2
67.91678,54.529976,19.02307,101.25323,19.602474,57.989456,58.008194,645.3247,17.561432,0.27575716,4292.4556,53.549187,0.49281797,1.5794935,0.6983129,0.245206,2
226.16646,62.23384,11.4671335,129.43759,16.893457,67.68257,86.63745,1201.9036,1.6370698,0.079283014,191.46115,1.82432,1194.2494,50.43826,1.3671513,1.4756279,2
106.47615,54.734634,93.39222,79.38028,103.43027,71.6531,61.263138,5368.8506,32.01397,7.6003776,6204.8506,1.7848344,9.835342,9.020128,0.89405817,0.8950224,2
94.080215,64.265434,391.6698,80.160645,271.41873,58.35663,60.75201,1072.0256,0.14346513,0.2656818,380.47528,1.2260168,0.31421065,4.5885644,1.0564746,0.07938829,2
224.46968,150.84656,403.50635,125.17567,195.41374,90.66943,102.654396,26.851116,38.016933,17.76675,8061.953,191.56885,453.30215,84.79126,0.32992846,0.45373705,2
224.8198,100.57178,189.66225,124.22492,477.63098,63.946724,95.68934,926.1781,37.653877,10.586281,4452.9453,139.18716,1.1133472,54.316727,0.807007,0.6727103,2
63.492764,92.92963,140.25015,96.79289,626.96375,84.32304,55.787525,55.167854,38.83659,8.311831,6140.118,69.44141,2.3047066,1.3540037,0.062708855,0.09927862,2
63.816353,94.18019,38.96924,125.65459,6.6167517,75.856346,53.80238,7271.5127,15.580453,1.2170022,565.6186,14.335907,0.37636048,1.0617276,0.27022973,0.3059024,2
185.52606,136.10327,42.42041,87.2088,56.20031,71.1687,89.96477,4288.171,2.8055851,0.8329451,1555.2557,41.804413,0.97376585,37.797237,0.53286207,0.3310696,2
115.08791,55.304802,57.64611,116.456215,535.4619,94.835304,74.55649,6826.015,50.53167,0.45289472,160.0283,17.760004,479.4326,8.417502,0.47519863,1.1875167,2
76.06137,128.99736,11.817168,79.18041,15.685016,68.07493,61.08745,2259.26,1.2928991,0.16698731,114.5753,93.67214,33.90355,2.8431988,0.12073823,0.6188777,2
63.9733,51.670563,169.59125,155.98308,92.67798,88.99885,55.717216,2251.6958,2.558606,0.94087017,5293.712,181.32355,382.26758,1.2979189,0.47345614,0.6004805,2
67.53431,56.16026,270.8619,77.68532,103.727325,67.059006,54.63936,8459.82,43.16057,0.34900114,3982.5225,1.1990627,42.705925,1.2764236,0.25574493,0.07149504,2
65.46359,112.86239,21.241331,83.97524,17.06091,76.67888,55.462543,15.81842,48.393517,16.541649,784.667,183.11813,76.12188,1.2491825,0.28764606,0.49930304,2
188.92455,50.1024,238.24806,117.822105,176.35434,54.47297,69.19265,68.66663,0.5631337,0.43065083,732.32324,4.8988237,23.467762,55.565536,2.340994,1.4379272,2
72.12024,135.25165,262.93735,191.56746,342.83514,71.54931,59.251095,1745.1396,103.51071,4.4163494,4876.7266,14.326729,0.4512258,1.9934497,0.3340727,0.7822063,2
225.26366,162.46355,353.2398,101.021065,248.86952,55.16914,76.82803,7508.323,17.683662,3.3493955,7602.589,184.9685,495.99786,52.92655,1.738071,0.5069914,2
130.11162,64.17344,7.8630376,84.576805,9.376957,57.99376,79.15014,5118.112,4.5160027,0.19643725,1144.7893,41.27736,24.950146,11.992277,0.4412643,1.2969726,2
170.15515,130.4736,98.243286,156.55331,120.72217,89.984726,74.829285,2542.9436,124.53838,13.186385,3394.5576,14.518047,6378.3613,25.466066,1.1469393,0.4064394,2
86.01032,139.81712,8.724379,79.837296,10.998816,56.91722,63.37205,29.87702,37.616978,0.2163712,2369.4326,2.000452,0.12210582,3.5221376,0.23611194,0.75377655,2
187.21889,146.62598,43.136715,99.804306,8.459058,54.149014,87.8344,68.02367,0.73839307,4.833086,3494.5415,36.94339,6832.2812,31.550892,0.82351214,0.19133593,2
84.33833,68.62363,107.09181,78.133606,423.05872,55.12194,58.125305,14026.684,0.6892751,3.5144215,1894.5479,139.72617,37.301872,3.342851,0.55559653,0.9643146,2
191.98967,54.272354,67.11037,185.9746,42.474117,91.728195,81.127365,14629.4795,0.25701946,0.4614668,3377.6475,58.221886,271.60727,37.24937,1.1063071,1.0129381,2
226.72597,154.01167,267.92984,137.41862,129.4096,59.114983,100.69414,111.54621,74.12349,2.3800638,155.65175,4.5665636,41.96466,146.31459,0.15870799,0.3130052,2
220.55768,50.220158,59.70599,111.65918,452.2164,70.987854,78.06748,2427.7273,106.137115,0.20517738,229.85727,11.975514,5966.4766,51.413773,1.8033798,0.34546995,2
117.729225,162.56647,186.45944,99.847534,89.54673,68.469025,64.37856,30.98036,24.939667,0.17573032,580.4507,26.328562,66.953094,10.203628,0.98585045,0.036480762,2
95.008514,162.8714,365.6805,152.6433,184.51018,59.356915,62.052887,2493.9736,36.47371,14.984867,736.8065,1.8740978,0.19633523,4.513695,0.59610945,0.019028964,2
67.66804,93.780365,288.79,142.48293,160.5482,92.88901,56.07082,1161.2445,16.445375,0.10320394,1162.6553,29.433212,1.906448,1.4956253,0.37746397,0.6861123,2
87.31326,79.249146,8.0551815,85.038376,9.482274,61.716743,63.36266,30.93131,42.591713,13.1642685,1928.0898,3.3541563,0.16682644,3.5217025,0.34251705,0.6589894,2
137.65512,92.21915,204.51668,79.967834,365.36646,78.72646,65.71103,5158.0156,39.980522,0.080195956,10147.483,2.6054828,0.96515,25.001324,1.0395031,0.4807725,2
63.712433,140.43016,22.604305,119.064224,6.096802,60.82437,56.481937,279.8808,116.09557,0.96445036,9072.535,177.00418,3068.287,1.1362655,0.12461888,0.12155614,2
68.56323,50.17902,25.60619,124.06351,8.7314625,83.69737,57.984226,411.31894,0.4657116,5.537008,1730.0771,7.5178866,105.93857,1.4862897,0.22430238,0.6125307,2
121.26111,55.834038,82.264984,93.99547,712.04553,95.6768,63.091526,10141.436,93.72543,0.30872583,1576.5419,1.1633801,721.1883,10.271272,1.1688987,0.5456688,2
200.77193,50.446808,327.8742,142.24681,453.56476,93.97522,95.59501,1782.7992,68.88316,16.242632,7064.8496,2.1683593,70.11575,59.535675,0.3927717,0.23207998,2
169.22964,145.98874,76.75952,103.59482,518.96265,60.6885,68.20443,3073.44,0.25464973,5.243745,8108.8564,172.72714,3.1016784,23.21305,2.0765767,1.4113915,2
65.43099,106.13395,36.982906,189.81941,52.861267,90.68359,56.841217,3656.2607,32.710533,19.268492,5381.3555,61.125534,0.58089006,1.5686785,0.051370755,0.42811105,2
219.91174,71.019714,7.8477836,78.84813,17.07754,58.135906,100.36875,1922.143,8.25456,0.24955885,284.52695,2.065263,6797.35,55.17889,0.61234194,1.0920646,2
63.84513,51.456238,183.25128,112.17419,98.109825,74.32227,57.363876,124.7753,114.09766,0.25042838,126.559235,13.619149,9.969555,1.0656388,0.6051451,0.5155707,2
64.93065,56.65853,25.682655,88.0535,25.287983,93.544525,55.71446,534.51855,57.88196,0.08451095,2001.3275,2.5818703,0.6115409,1.3140616,0.39529127,0.37270495,2
187.6616,120.38779,12.020655,81.76483,29.67553,69.905754,75.342255,1280.0845,30.20978,1.2220967,1180.6747,1.2353623,434.06036,66.14621,1.2863662,0.98951656,2
158.82127,161.13718,96.180176,177.6742,49.49554,64.645966,80.71478,607.091,66.09811,6.1780667,520.75464,22.193035,97.65031,24.190042,0.617151,0.9543444,2
154.74635,51.06937,149.44398,134.77386,451.72415,59.894814,66.862686,160.60583,19.15567,13.359768,124.7828,1.5621191,0.36458838,18.433449,2.0595756,0.51545876,2
66.46149,138.97075,70.76969,102.158264,447.60724,76.63267,56.611786,21.804201,98.662735,2.7362719,200.91196,4.208377,3957.0222,1.6018566,0.5288812,0.09213443,2
204.68845,93.4059,23.034037,116.97188,23.578184,80.58903,71.873665,44.183365,2.202915,13.840883,176.01767,15.419666,8.394722,106.24486,2.2064128,1.1686987,2
92.61854,71.104935,395.41965,139.45682,234.94444,55.437103,65.73941,5603.038,30.922579,0.6776484,100.21135,167.70786,3932.6829,5.0946026,0.25943786,0.6669356,2
226.77289,50.118496,384.1057,104.49341,178.13528,79.54656,71.77862,21.338402,28.776384,16.675037,8201.565,79.574524,9.224331,77.26886,2.8940332,0.39253557,2
119.680046,50.124947,13.654832,82.97051,39.726013,57.95709,75.03929,3558.8037,2.8099065,22.528303,6737.0317,23.05979,19.289974,9.77146,0.42515874,1.0006133,2
204.54715,73.42955,398.0197,77.703445,264.72638,66.21463,88.39646,4029.8481,59.587627,3.257698,323.3183,147.50851,0.48338097,41.247334,0.94852626,0.23159365,2
204.16429,55.35691,56.927525,97.68823,64.76364,57.61332,74.004906,24.070236,79.789665,0.26080024,141.98586,2.6210904,231.81961,46.5222,1.5778981,0.32453692,2
168.66458,50.642906,11.037002,80.75984,9.463203,69.43506,81.517006,1291.3616,88.61934,1.701247,3580.413,1.1714499,483.46002,57.870537,0.4376815,0.70842564,2
130.32793,111.98579,207.64055,87.62953,153.716,59.301105,64.75207,3703.0432,68.25919,0.20726873,2238.1091,3.9767122,1319.5422,18.89299,1.5975375,1.1735255,2
70.24069,151.75354,8.306733,178.15656,17.473967,55.463455,59.192657,97.24101,75.560394,0.17184499,640.9482,191.8,0.2777569,2.2556622,0.064643495,0.46946746,2
86.00535,100.34744,34.70526,86.47408,28.217505,54.734024,59.524273,42.76195,104.29329,0.26990783,133.2337,107.29074,6.76191,5.237988,0.8304335,0.8171757,2
84.79613,137.24837,342.47937,89.61631,430.08002,64.403755,59.668053,18.106478,0.56287336,0.17158552,815.5449,1.3914398,28.667675,4.631554,0.50702345,0.19839299,2
154.13428,130.21263,8.385503,149.27141,15.700955,56.959244,76.91489,44.959484,3.017882,0.09667937,565.46515,1.6334614,1.5544827,32.971664,0.5227704,0.41458654,2
73.260735,122.89721,410.87994,94.05151,359.95917,69.89673,59.82708,6886.407,5.666499,2.6469057,5842.1826,6.860645,0.1913071,2.3328915,0.09257213,0.20308828,2
182.25356,50.922974,11.659027,92.53827,5.9145565,58.791054,83.88954,27.428593,0.5084118,0.14721164,877.76056,184.44348,0.56121194,29.374763,0.969694,0.3645298,2
166.7599,61.208447,25.367725,88.273735,27.87937,55.363388,67.76562,33.965397,0.16142088,0.09973985,8125.889,46.67554,268.85843,22.793545,2.1872013,0.13932039,2
88.29834,52.01539,358.55243,172.96904,151.71974,60.813023,60.727074,165.06346,60.832596,0.29167005,5094.6733,3.5965598,3512.9277,4.5184064,0.4473618,0.5349592,2
97.38137,97.53174,178.98526,78.63102,389.20453,88.22692,60.87262,13817.558,78.159645,0.36419323,364.2879,87.87274,0.42344338,8.487076,0.52629817,1.0816109,2
117.800064,152.55203,378.01556,80.71884,152.32259,88.64938,63.60369,4165.729,36.156742,14.846819,4429.1035,13.878995,1312.9852,11.696106,1.1671444,0.08255938,2
83.716515,89.737335,8.067783,184.66672,9.72151,94.03924,63.733326,5876.0327,0.28875583,0.271678,221.25986,2.6094978,2.2522616,3.9492457,0.12019832,0.023439407,2
82.03854,53.076393,12.691259,105.215004,9.431863,74.93664,59.474655,3218.5989,13.682786,0.3503989,8807.624,4.1951523,0.12734926,3.013268,0.34479415,0.74155295,2
204.76721,56.327282,8.3009815,164.84402,10.168181,75.34014,77.403786,4832.559,8.331396,0.34437189,351.0865,1.3571372,3.0170171,95.78224,1.1612754,0.5385444,2
67.447044,163.38292,32.241558,81.94,31.244743,57.583645,56.340378,3483.7275,45.459282,0.3755914,362.12262,15.277852,81.67584,1.4160523,0.23817897,0.08530457,2
108.808304,135.86642,31.136099,139.5488,27.417065,85.89717,71.28515,2980.1626,20.05914,9.811346,6633.486,175.41954,88.32266,7.261598,0.50068605,0.033476096,2
83.40938,163.38394,245.74446,131.40945,451.91113,56.429665,64.04267,3415.9097,0.12084181,0.25000915,297.15564,44.5031,50.393677,3.147549,0.33810294,0.8572443,2
68.47075,120.25635,10.36241,129.27605,13.010352,75.4129,57.76088,357.97256,8.062352,0.22740133,420.27078,1.4874364,6747.3276,1.5366561,0.07730336,0.54305464,2
153.56093,148.8148,381.29742,139.44603,178.71854,65.47932,85.35663,3919.556,5.135356,0.1648977,404.38184,35.809265,1.7522378,18.300327,0.62496865,0.73264766,2
168.80151,163.10239,91.13223,84.22797,75.3555,54.358234,88.04267,39.309998,84.226425,0.103255786,8096.6377,186.55234,5652.3535,54.723022,0.1351599,1.2401106,2
226.546,51.56828,231.97266,80.68557,107.19877,70.903595,85.68648,61.113594,50.5665,0.07230092,99.20215,100.92503,477.9456,149.043,0.8796509,0.958889,2
224.98192,115.59574,20.066154,80.68709,5.338808,55.133236,100.39118,5231.782,101.78088,12.460138,8177.1177,187.68472,6165.5,46.96878,0.987228,0.30254337,2
70.11084,62.290222,61.628048,99.62552,47.829063,55.891926,56.751976,2255.1035,54.099308,4.83689,1577.529,2.0121856,685.1747,2.2374883,0.24163678,0.7322984,2
224.27377,149.23294,99.78586,78.74159,455.47665,58.556873,75.14306,30.592793,0.5653013,3.5960436,246.5031,11.499953,0.35096478,64.07693,2.103111,0.44995403,2
147.69077,98.191055,37.661453,77.701454,15.852478,63.24991,66.34954,5627.2256,45.200943,0.8297838,8058.4707,6.8841424,0.7981422,19.076038,1.8836077,0.095780015,2
204.60371,50.672146,10.404621,135.18819,12.945526,55.217827,89.8635,2005.1226,0.16916366,0.14053012,3913.6191,24.340328,0.11080833,102.000534,0.4661617,1.381974,2
132.29024,154.94931,32.292988,184.80382,27.464762,55.559845,76.62149,60.852825,102.84536,12.440625,1324.9667,3.2178502,9.877833,11.93429,0.6632693,0.32899213,2
208.94812,59.807186,9.438834,84.20794,7.7954803,84.470894,73.69995,1072.8912,8.613387,0.19563109,7752.4897,1.2303102,4.5933247,114.95691,1.936745,0.47391167,2
167.12483,50.90513,116.656944,153.24008,445.96378,55.32666,84.95321,17.520842,58.511482,22.453154,291.93668,13.773916,198.68031,51.625263,0.28556624,0.23512775,2
63.349586,59.00647,7.857961,182.861,23.035715,64.4528,55.126144,20.093576,54.266556,19.601835,220.43695,139.08398,660.72473,1.0646627,0.087843545,0.38996246,2
177.4963,152.40955,251.0484,173.43288,476.44885,77.91629,81.04912,629.2346,134.04689,0.552884,8582.125,4.764822,0.5791333,35.374588,0.8001523,0.84763557,2
203.50754,157.9281,141.79358,116.54311,67.257645,93.94629,72.181175,7241.737,32.248604,17.357054,1220.3689,5.7700396,0.2236857,39.136803,1.8933369,0.3918768,2
66.5097,143.70651,68.38295,79.52214,46.08832,80.57066,55.669666,61.77593,3.3053703,0.34866762,891.8345,5.9248805,0.20703873,1.6303384,0.26830447,0.45552626,2
225.84248,157.0788,273.28278,80.98764,115.965775,82.45311,86.96837,5147.0557,108.23536,0.33655903,8919.859,26.667095,0.69451547,47.474354,1.4616964,0.850494,2
64.76336,126.503654,123.65799,109.924515,114.86306,57.886795,54.898132,69.923035,0.14424738,0.1083145,236.51654,84.390114,6894.781,1.0191861,0.35834622,0.39051405,2
187.93051,156.65726,24.711435,90.92558,54.70028,73.02245,80.407196,4222.942,7.3855753,0.10058947,8980.613,4.1034946,0.13660991,41.504864,0.9746804,0.20948838,2
221.89346,118.11988,15.450211,80.74904,10.425607,58.88039,82.47739,2503.5356,6.6237497,0.16182068,1303.1571,53.394135,96.65477,51.566826,1.373174,1.0708193,2
105.11608,105.13455,230.8728,147.23811,358.94305,54.78164,62.009483,2858.8071,113.85801,0.7756393,4090.319,48.78757,0.096409515,11.2980175,1.1196634,0.02463909,2
78.7013,83.899216,17.350183,79.67933,6.1137614,58.578915,60.128662,2525.774,0.94163084,0.08413632,6428.7383,1.1846312,20.839905,3.7593808,0.17693956,0.09009895,2
223.68204,104.33251,408.36627,135.2425,250.33646,59.76452,94.00507,577.18524,4.61206,14.740646,438.81567,192.95215,0.9226093,149.73164,0.40710616,0.8129183,2
226.74487,118.59272,7.8071117,110.97948,10.586769,54.625805,97.25339,30.087934,40.356544,0.08630459,7206.9326,69.00456,6449.7744,150.35384,0.24323128,1.0800707,2
82.79508,56.112007,203.55649,157.83551,440.76935,78.98471,59.312206,3098.7295,1.1053778,5.8930316,506.2976,2.279679,1754.737,3.0889711,0.33010852,0.42820615,2
212.15457,141.11214,8.208405,163.28293,20.968475,79.86509,71.987274,27.124279,77.27659,7.028759,225.81543,39.540344,5.5733128,109.45466,2.3737416,1.4672455,2
170.03326,78.24152,47.348602,79.91658,452.86172,69.61918,85.123344,124.21931,3.2548776,7.852993,4360.126,162.36942,12.217848,58.98098,0.284226,0.20917335,2
77.31344,50.293907,301.14108,80.30889,192.11247,57.33558,56.645145,582.886,0.3571403,0.3741402,8755.144,84.12152,0.1332972,2.429386,0.45154133,0.04840049,2
131.92459,138.97134,11.02154,130.47366,14.13472,88.33966,64.935455,35.04931,3.0884938,2.2901778,123.14494,91.31566,6354.4116,24.309317,1.752523,0.0889566,2
193.7811,91.40581,17.586433,130.81421,45.43471,55.27614,69.74645,4788.7554,50.209606,0.17250307,1291.2797,13.424369,4505.554,40.150135,2.0489757,0.48084033,2
85.61471,154.03984,268.0123,111.1447,102.25885,83.003555,63.949265,8859.938,0.5168735,17.159962,6819.3384,1.7449291,152.24512,4.135502,0.18896127,0.7118342,2
92.354904,79.68768,378.45914,93.74901,272.0802,65.060394,65.53351,717.84875,37.77705,0.1574965,345.73996,2.9241118,0.09671142,6.001335,0.20410421,0.7634656,2
186.00305,123.90986,16.227795,103.026054,25.031475,55.811737,91.54422,2508.8162,42.052505,0.30775705,491.2654,124.41824,0.092107065,58.364044,0.23111565,0.5757723,2
91.30165,75.30509,18.882479,143.17892,37.127384,72.282585,66.832115,34.514305,8.797548,0.25423068,1066.1455,1.5344248,676.7583,5.085187,0.119270675,0.99658614,2
217.90848,100.5006,317.42386,153.3444,485.74405,90.555725,71.3636,84.23659,60.406578,6.5757217,1400.2334,13.627883,6563.7124,52.027134,2.4320555,0.4940148,2
64.47565,54.754543,387.75555,89.53995,238.1299,62.81953,56.971653,4260.8477,2.2113156,0.20169884,1311.6533,189.37863,0.98696005,1.4279935,0.08639199,0.4689768,2
214.82767,50.596954,53.627758,121.59217,490.26715,58.443245,79.60031,423.90195,4.619465,0.8568517,838.47577,92.732666,1363.4873,78.114365,1.3770387,1.4978253,2
226.32054,138.25722,155.16026,105.04334,396.36707,55.2381,99.02809,61.46595,52.766666,4.2654176,168.62364,1.2714934,15.152609,97.348305,0.38937607,1.2601991,2
146.0036,123.243546,64.43195,120.32309,675.87885,73.484055,83.02775,23.795593,12.3828125,16.186232,128.07646,88.75589,5213.843,20.758156,0.33253345,0.99428046,2
123.08481,75.97371,47.049488,192.35379,38.865093,67.83129,70.31554,10742.343,41.551254,0.1730458,4510.521,1.4179989,0.68021274,11.037779,0.5608425,1.2619739,2
106.917694,100.72489,298.5379,174.5336,193.1523,63.436417,70.36874,6810.427,132.14827,2.4363248,7514.5776,1.1857209,207.78476,7.5133247,0.2846589,0.07303053,2
217.39374,50.22282,10.890516,85.463394,23.988262,54.854515,95.93562,10725.604,6.7610345,2.4452465,822.74695,3.3846793,460.11566,67.56798,0.529211,1.2793944,2
156.76306,163.14716,17.414856,143.48787,21.63721,55.001884,68.41528,959.0971,26.641449,0.38523966,7836.938,1.4408225,1480.5021,45.581985,1.5193443,1.2841871,2
193.53745,127.726295,28.582464,90.98829,14.011908,88.68004,91.75531,3504.0317,63.90134,2.7181256,6016.332,4.38765,0.95239663,91.45062,0.19259942,1.3204131,2
226.7428,146.38486,37.723583,98.62159,9.172486,75.71103,94.140396,24.05546,10.505957,13.36588,814.29956,95.15398,6851.383,48.062817,1.2569919,0.9557297,2
223.05017,93.71838,10.858313,79.01343,6.628885,68.37611,83.28136,8224.354,0.23284459,3.0241697,130.49712,193.63895,0.9048748,106.46355,1.1045,1.3508986,2
64.06153,84.298386,14.6718645,148.05357,17.429758,72.79764,56.754265,172.67886,63.08725,0.30644935,9287.504,25.624224,0.33999348,0.9632109,0.13365194,0.5899782,2
96.0289,161.33182,395.45084,194.8822,240.1651,85.335266,64.45495,137.28021,27.730541,0.29007524,382.18423,1.6622436,0.38983223,5.134027,0.55758226,0.1576554,2
67.53428,62.887215,8.63358,80.677155,10.707039,74.84808,57.414436,27.592485,25.53787,0.21393509,125.6064,3.6051097,0.48963693,1.3721917,0.66612816,0.65867,2
64.95288,50.73996,285.02585,149.56189,378.75928,55.528248,56.498386,7394.525,26.428198,18.359013,376.57178,94.44383,1850.596,1.1662383,0.074875936,0.121270455,2
86.039955,63.43187,59.599068,96.8212,694.8264,54.64756,59.424442,7485.984,61.2773,0.09854476,195.3481,188.8569,0.8111613,3.2741055,0.7264129,0.18731311,2
183.66978,114.34517,223.0239,185.28668,467.7856,81.295265,69.24893,4214.238,118.179085,0.31423026,8960.438,33.895218,5.6825666,67.718216,2.283864,0.28930172,2
226.25464,50.48777,10.750177,87.72078,10.793065,54.42218,76.64584,31.220583,89.670425,17.09339,182.78517,39.76619,1778.5377,153.12105,1.5776362,1.2891587,2
111.51069,158.63786,7.6239185,85.23064,21.62801,74.87464,62.666702,31.199863,38.199585,0.17617047,3116.7312,92.195816,1450.7738,12.327162,0.70749223,1.0457159,2
105.90171,57.525764,9.791424,137.30653,23.864323,54.745293,63.712494,13624.186,1.1295838,5.6135035,196.2565,192.93857,1566.9448,10.9169445,0.6709289,0.029030731,2
226.27469,87.23825,99.201004,84.80243,521.8066,89.46249,90.282135,7543.6978,8.831662,4.113203,223.61412,158.7246,3.991916,74.90446,0.91290104,1.3164349,2
65.59242,150.80421,22.622885,81.98269,22.46555,84.67598,57.427307,2113.0273,89.1668,17.331272,325.69272,15.086142,337.20728,1.4183612,0.109365046,0.08349813,2
72.10734,140.2191,381.0802,97.55195,429.73175,66.29423,57.741913,15.486726,34.117683,5.244948,692.77856,1.2760637,731.34204,1.7158618,0.24908173,0.053486973,2
185.20126,65.18462,162.88962,93.444855,70.671715,90.58733,75.36854,272.49655,135.70232,0.14108077,4003.6895,16.133451,0.7733978,57.81888,1.2038841,1.3766505,2
222.64563,51.32335,8.384371,127.90455,17.742117,83.18721,89.12984,1474.3491,25.892483,13.415699,221.63885,22.25973,0.25963348,56.149166,1.0591439,1.0950398,2
90.37926,72.39442,380.27142,151.92451,154.02283,85.90227,60.87135,9388.116,1.9616947,15.417271,7565.0474,157.75261,180.60434,5.197807,1.0501945,0.20221612,2
135.90656,81.38404,156.52425,166.88153,392.96106,58.389072,69.67726,450.46198,93.05731,1.4654006,130.6313,1.606262,4731.7026,17.28712,0.7226459,1.362821,2
225.01587,52.859688,194.77184,143.35062,78.270966,72.56484,74.762886,134.75807,40.625465,0.17401122,330.30948,1.5063906,646.06604,84.055626,2.1302805,0.55226725,2
63.960846,141.93105,63.329308,85.75413,47.31547,95.92444,56.3738,32.09994,0.20457867,10.916502,117.1366,1.8143549,3192.6726,0.95473593,0.16524735,0.5815542,2
220.779,151.62015,32.503696,120.39039,9.842283,95.10832,100.77729,57.91867,0.6023079,0.1633737,7674.754,10.663713,22.283966,102.34816,0.20843872,1.1003078,2
203.72531,107.2608,314.93744,105.74533,150.13266,54.278732,97.81711,112.46803,2.5132577,3.922334,419.62848,190.82138,6071.4263,61.763268,0.3465693,1.413343,2
226.35773,156.0578,263.4033,151.06546,540.8037,91.10983,102.79828,10131.942,3.3312893,20.450008,117.76399,186.17236,0.09550755,66.24756,0.5071906,1.235105,2
65.69287,61.829113,38.14532,129.63728,46.04993,75.79817,56.778336,32.279385,61.24895,0.23187137,149.82495,3.721639,0.4301942,1.498707,0.69261944,0.079661824,2
139.77382,162.39465,9.160883,158.35707,17.430843,89.090256,82.012924,2580.2402,7.0989614,0.3207506,6319.5596,40.26054,15.054283,15.647962,0.34984845,1.3539782,2
137.1484,163.39359,15.674537,103.96024,18.711592,93.26201,76.08779,2501.037,29.1743,8.627342,4281.19,12.800261,4125.504,15.195938,0.51852703,0.9925375,2
69.331184,128.53859,32.9051,91.91281,27.332083,74.66274,56.324028,129.30475,38.336693,0.16850817,309.5178,32.045406,5652.3213,1.5647073,0.3953521,0.6111689,2
105.25061,73.93559,48.249268,110.04846,42.33426,59.796837,71.25493,19.35342,42.14162,14.349497,125.79193,45.052567,30.211016,6.6307,0.36577114,0.023881137,2
122.34941,55.362343,8.773196,94.08574,10.81813,80.40584,73.54559,4853.458,67.14136,0.37385166,2918.5146,166.12213,19.90751,15.818376,0.25044528,0.5844259,2
66.89243,96.30667,8.097632,130.53738,13.430929,60.899296,55.769356,22.575146,33.128807,23.157747,264.17438,4.33809,0.106932946,1.3373667,0.33097014,0.5929937,2
80.23619,50.16998,8.165645,157.79099,10.140537,95.3145,58.455376,7871.638,60.77507,0.15652215,6258.076,2.7671103,2131.3174,4.0185595,0.5981636,0.82431835,2
220.26712,136.25116,20.982416,97.281876,14.42958,54.30713,93.08127,141.4284,5.5416527,0.17811123,116.18992,4.4788675,637.5283,137.6772,0.38172814,0.2910601,2
137.1073,91.28537,147.19585,123.25533,73.1526,61.360806,73.089264,284.52777,144.35762,5.3755665,113.9425,195.44174,0.15194248,24.74065,0.51479125,0.108468376,2
159.91632,134.74628,389.37442,140.37987,317.30182,67.85532,78.66965,172.09152,42.677155,18.82889,1373.5511,1.1792321,435.5901,24.502869,0.7309772,0.89855796,2
226.58919,54.248295,12.266863,118.13869,6.0441103,72.97401,86.57884,22.14074,6.4110622,0.33868057,710.3811,190.60362,0.2301712,88.15483,1.0094212,1.3316761,2
105.790794,56.65485,321.80566,131.73425,387.3809,57.628834,66.10648,1048.4658,37.887596,0.2734636,4804.311,1.717767,68.659454,11.492329,0.3824644,0.6602139,2
69.300644,71.76706,8.541255,117.594894,15.526376,62.336594,56.32687,23.088398,16.395033,0.47947806,173.81458,48.536404,0.10624167,2.027338,0.34314877,0.055638373,2
63.65263,88.245605,100.053024,98.88706,715.35156,55.628418,56.366085,23.139324,43.434093,21.393023,128.73424,50.2669,2295.7397,1.3752602,0.061483316,0.46059597,2
79.20783,159.34874,158.26926,179.44568,516.8555,73.38453,58.790142,358.46997,46.511055,2.3247554,772.8541,3.2995055,0.09883908,3.0450368,0.37472928,0.8949083,2
106.16261,53.451538,28.063656,87.69591,13.511986,65.662506,63.170456,20.704262,45.810143,23.75528,725.64636,1.4849703,0.67301214,6.578041,0.79252833,0.045871116,2
64.79943,132.59389,68.6672,82.446945,503.92822,58.782303,55.385674,82.51772,59.86239,0.23926216,421.8716,194.49832,0.10467204,1.0393994,0.3401402,0.57115865,2
102.05963,53.069042,14.021313,172.73907,17.191292,64.67267,64.81471,154.6471,29.254482,0.26287264,214.12662,3.7242846,0.36425555,6.3571744,0.44573355,0.84832054,2
63.33498,79.910255,9.600477,78.744865,9.228468,68.64391,53.94886,1383.9456,60.157787,0.097693466,530.34607,11.148141,2715.8865,0.9212074,0.27018723,0.108150564,2
75.53021,156.884,364.47552,85.4603,289.39865,90.504135,58.163265,128.27216,42.561344,0.24664555,8208.734,3.7711957,0.082172304,2.1117804,0.71278435,0.121853426,2
69.16494,119.675156,286.3857,99.84133,127.270615,57.017506,56.16053,30.850782,0.3440641,10.479641,124.18648,122.167145,264.23557,1.5681224,0.19891427,0.08040496,2
136.48972,93.2861,315.79248,131.45561,311.28986,62.869946,77.28189,20.341835,0.20651494,0.3657374,221.88678,129.21288,0.6778431,22.606901,0.35323232,0.58544976,2
151.20996,114.52164,27.367434,105.912056,27.870687,54.931248,80.88715,26.176846,57.813663,0.06424683,142.3109,40.564445,0.09193671,38.089447,0.23098372,0.90399164,2
89.80819,150.77063,7.841944,79.390015,12.467975,84.36463,66.49672,20.07564,124.73015,9.523112,3236.5525,2.9323077,0.38211212,4.0418906,0.34117514,0.0146593675,2
64.78547,162.88985,18.14594,81.55415,19.794594,62.265205,56.604507,6797.5513,61.42599,0.2641437,375.4191,193.3748,486.21103,1.4940717,0.14178662,0.3921245,2
226.02872,136.52087,44.343082,108.88043,31.855606,70.942245,78.23442,25.731302,1.1969273,12.740596,8472.426,144.0217,567.58594,63.27945,1.5859603,1.1680222,2
222.06635,138.13297,43.57084,79.120674,67.51693,76.74317,85.43825,137.5135,27.714481,0.16127281,1389.1777,20.108221,0.32288137,122.95749,0.91491157,0.3866756,2
133.39587,144.11197,311.84875,146.83194,505.86456,56.6233,75.51284,4001.7117,31.964624,7.126553,255.35707,125.782684,6536.9346,12.530461,0.7818755,0.7128983,2
204.186,104.77846,27.359556,77.88352,5.1796317,54.2292,73.421074,20.592484,10.339879,0.33270916,8294.654,3.078434,6822.8257,71.44847,1.8581696,0.8319921,2
65.52228,63.20939,387.16928,134.9806,208.39603,82.716965,55.533287,6319.168,6.7208123,0.17498985,8481.174,2.9470909,487.41965,1.3884063,0.16723272,0.11792394,2
167.73337,151.04356,7.650287,79.17235,17.243147,89.6479,82.19235,29.258818,74.29279,9.386056,1215.4238,1.278269,0.47728553,24.871208,0.6881851,1.2031425,2
206.78085,83.523605,42.91146,80.639305,14.015262,56.352325,73.183334,6339.8276,17.264185,0.1442758,1465.8032,2.6421552,2.8701737,44.18605,1.7965128,0.8059928,2
120.58689,107.92853,372.34235,77.92404,151.03812,65.78596,73.80831,253.96718,0.46568322,0.8038398,155.19713,61.820786,49.160286,18.216702,0.2093287,0.31182587,2
87.955505,163.00726,404.69257,83.16955,282.7146,60.217716,64.61379,3517.3542,0.21261735,0.290903,625.9842,7.69393,248.76125,5.2029448,0.08996506,0.08118425,2
64.48727,102.08116,17.449009,139.39453,28.052288,69.5183,55.819866,94.463135,0.19253865,8.533096,3593.2852,125.814,15.925884,1.0447186,0.15250273,0.3778244,2
212.86378,157.26208,8.487648,116.083626,18.174381,55.888237,70.81605,1392.5713,18.496634,17.83809,8314.758,5.059184,1202.0566,40.878616,2.5648003,0.294287,2
225.0234,91.278336,264.5855,79.91728,407.47363,88.03168,73.79291,6517.3047,0.2053617,24.475693,132.55917,1.9051698,0.55508804,56.70155,2.331157,0.31823283,2
66.08768,67.00143,10.282452,132.34555,7.998599,63.429535,54.587994,356.7158,1.7576668,0.23944478,1797.9714,55.67726,122.97918,1.170956,0.1942539,0.576959,2
64.68485,84.86833,15.317408,85.934555,9.710753,62.56284,54.072517,6614.4365,65.86957,2.341972,952.1963,1.1823996,0.18431112,1.1628487,0.18260102,0.14238009,2
71.298965,51.36416,8.568911,79.66202,29.748549,79.558586,58.490826,1276.6255,1.8180134,3.0139785,148.1714,66.35886,1086.8309,2.3809087,0.79477334,0.65510106,2
67.52134,151.57002,24.00951,117.2898,11.038577,55.99929,54.840614,5767.7,63.211533,0.21363908,126.71114,3.7630048,332.71283,1.2397648,0.31877795,0.10097111,2
67.88461,156.69432,359.88242,77.271996,287.12213,65.942726,58.265053,1591.4436,0.75735486,15.846669,6421.501,189.75064,6808.355,1.8968717,0.100204214,0.14014128,2
106.54582,104.17106,7.9641604,165.81139,8.251214,54.0664,71.4321,18.419992,53.630573,21.58151,3815.6504,10.695509,3.254779,11.286189,0.067974396,0.88076055,2
200.82726,72.08489,359.6323,92.807205,407.09476,88.16912,93.28615,1008.62244,89.69313,8.669853,191.59639,198.122,0.3888913,36.86436,0.8292329,0.8328233,2
129.58945,158.92053,23.220123,97.31416,8.231127,62.325268,78.50202,1589.9021,29.23461,0.27794558,135.902,3.7554092,1812.4103,11.343416,0.49940926,0.9615718,2
221.72273,85.67875,281.20627,176.17194,444.41086,60.73196,99.751976,10780.854,0.14182098,20.995293,6777.2295,3.0023468,0.89996076,133.55849,0.18526056,0.3021475,2
219.76779,66.528175,398.36957,86.17058,249.74774,55.776665,101.59515,23.375957,95.42874,12.102878,274.46805,171.26582,3105.6396,47.204414,0.70859075,0.65706766,2
217.68573,88.8603,355.73636,125.06531,205.81886,55.197056,79.10712,1638.602,83.581215,0.32375073,127.80833,16.897589,0.08671108,47.99594,1.4971097,0.7663951,2
172.54103,108.16491,8.342778,182.80261,12.105177,80.32106,79.997955,19.302303,0.7549606,0.1717904,881.3989,45.04468,5912.983,34.604053,0.753356,0.6053254,2
64.36435,112.67024,362.6386,169.69157,223.088,55.32223,54.09056,134.10762,42.412395,6.2804193,5478.6377,1.4512376,3.4757056,1.4152699,0.27492636,0.09334965,2
71.87991,137.37639,23.321674,83.36161,27.153791,55.318604,57.93733,25.374786,14.873284,0.30836573,119.6465,9.92396,39.859547,2.2167826,0.68851346,0.59563255,2
77.22659,103.789665,7.9934688,125.089775,8.976672,55.165607,58.008698,8335.093,16.117813,17.696974,306.95547,2.286352,3776.1782,2.4839516,0.5901159,0.63452226,2
63.59131,75.874855,230.86671,78.80622,88.89256,94.99213,56.241592,7855.1978,112.22082,0.35832712,897.02856,2.0159366,17.775253,1.2817879,0.23367506,0.13624488,2
69.27929,134.3593,406.08237,79.48325,228.99573,66.15287,55.66729,641.9238,0.5711197,5.2846527,137.27177,6.534311,0.12816185,1.7709565,0.41056457,0.69239795,2
63.441948,57.29156,39.77601,89.11067,13.27823,64.688675,55.077484,21.588156,0.66440165,0.815127,220.99326,10.258128,0.78285277,0.93463534,0.32827407,0.5509551,2
118.797905,76.52602,31.322437,94.80803,67.73077,74.13352,69.183174,3037.387,1.7571656,3.324123,128.5638,1.1952127,1658.202,12.577269,0.46480286,0.22130065,2
219.22714,53.89287,8.444203,163.83055,15.940834,59.460037,85.008804,36.927742,22.256054,0.9298294,9223.961,2.4016232,4.072419,81.76937,1.0171329,1.4194313,2
142.33461,102.75636,240.51251,82.15991,188.96848,55.71646,67.07556,41.21165,9.603846,0.29762235,380.73438,2.4019713,0.65572965,14.547125,1.4235868,0.14632377,2
160.9502,162.34573,364.7053,80.895584,360.1818,54.95117,77.4303,1896.6469,6.940189,5.0900903,8580.93,24.512016,4.7990484,47.976437,0.5712422,0.18647487,2
71.919304,131.90976,27.107956,176.57996,55.452232,70.73972,56.970436,8412.797,85.825226,0.19846725,9272.537,24.451912,44.38494,2.477646,0.33941582,0.15120398,2
67.60857,154.45491,87.28227,112.67415,713.975,62.031452,58.070072,25.221416,0.41066176,8.933503,3232.7664,32.463352,0.112847105,1.6495728,0.10234696,0.63681674,2
69.15614,51.042847,33.003128,118.022736,30.535088,69.87983,55.02109,611.9784,45.76096,0.08560618,4885.428,114.164795,0.13772735,1.4450607,0.29234007,0.21991093,2
172.05571,50.93117,22.316914,87.657555,22.300575,69.08168,75.67339,181.25201,0.34577346,0.56217825,4666.8726,18.12558,12.7448845,59.77301,0.8138701,1.2580867,2
146.3961,53.751133,9.930338,93.32288,22.728493,54.502655,80.320175,35.512695,4.0630784,11.577358,4739.3135,1.8020372,12.323149,16.190153,0.6018586,1.3345729,2
91.481445,158.25938,404.26392,93.45314,186.84294,84.58178,59.931152,30.65818,81.972244,5.4521646,8156.2344,95.4693,0.3074748,4.2326384,0.93297553,0.36354303,2
114.290565,50.082653,8.386331,114.31855,16.841879,54.462284,63.077347,1455.6562,11.568516,14.847857,260.0382,21.792215,6865.5713,13.924859,1.2652941,0.43430704,2
116.9981,71.26319,316.21194,119.31381,234.26744,77.92246,73.37708,3767.701,30.06347,0.17629847,897.99945,12.606567,1448.0186,15.757597,0.11629573,0.04247249,2
224.9136,50.993847,138.23112,95.817825,525.11163,69.60622,89.65715,709.41095,31.200193,0.20353135,1552.2266,200.02592,16.97429,63.346607,0.9877491,0.29653883,2
178.18997,50.173603,387.8935,127.9538,160.79544,88.50873,91.31961,51.44796,4.39602,12.986042,7875.8213,44.735073,533.2708,68.63684,0.12528771,0.2726248,2
74.46918,111.385056,12.664375,79.91855,18.407436,93.02023,57.72609,8168.987,8.429936,1.500797,6095.827,128.67282,0.21141674,2.0772858,0.34995848,0.70141816,2
130.60928,135.79341,13.8403845,79.27777,9.307037,62.02881,72.78958,24.8275,54.830257,0.4842043,6043.0645,4.8753376,3.1453903,11.381692,0.67432797,0.25342897,2
201.82579,159.74469,287.49496,105.3914,107.69084,57.069206,90.68963,98.05493,0.90465397,13.76506,6054.817,187.14594,463.45132,62.739395,0.58668536,0.27727312,2
215.63272,123.40319,55.34404,90.97562,63.07631,77.48282,99.83806,476.09177,19.348656,3.7008991,2238.39,33.656773,6720.166,68.112946,0.42656904,0.78098327,2
97.10825,163.39201,12.087772,151.53416,8.460219,80.41224,68.79601,27.23957,115.695526,0.17768285,229.42934,2.1768801,0.2961051,5.0335608,0.39604947,0.86043334,2
63.28466,62.093967,365.0401,170.5998,434.6148,78.06183,54.876812,17.54058,0.096206196,0.18311386,124.81069,145.46693,155.6156,0.9754523,0.18271664,0.55562556,2
223.23743,148.53069,255.70937,150.3091,124.33114,87.79679,82.74144,19.783445,45.862423,19.230394,7886.5254,4.9703245,1.1168642,46.29299,1.6137776,1.3918576,2
143.17728,138.737,303.13803,162.40588,304.37164,84.1862,66.24169,173.8566,137.78708,7.770208,4775.2944,1.8281875,2053.864,22.955736,1.5443218,0.22822638,2
163.94543,114.50098,17.666014,101.61962,9.378875,54.192314,88.42814,29.023558,99.82993,0.20736177,225.80927,1.1411111,3.3692632,21.212387,0.7118348,0.2674123,2
71.89608,106.88096,24.04668,78.35942,51.79424,84.02059,59.800488,9458.616,39.249226,0.24007677,7514.685,1.1932802,0.097846575,1.8035729,0.21845047,0.31235373,2
73.054726,134.02068,7.7805977,112.467705,10.871719,81.33448,59.84785,45.804283,132.54312,0.28620622,3334.5613,4.091132,0.93838674,2.7506592,0.06450781,0.7970278,2
207.58206,87.9072,133.09885,90.820404,79.971855,61.156647,74.1857,100.170235,28.819218,12.306508,8076.6226,6.76666,5470.5176,109.97356,1.519281,0.6271194,2
128.91296,51.522053,403.7344,78.20163,240.17084,82.52632,65.822014,1583.1384,86.59839,0.9949077,137.09177,45.155144,1.0151054,20.044659,0.79369074,1.3322836,2
63.65075,81.33252,33.699303,100.10913,53.933327,77.615265,56.349236,794.26447,0.7810753,15.924851,8003.7705,38.899723,1482.625,1.2593677,0.23427805,0.17456421,2
175.47296,150.7911,24.536772,102.753,30.565968,81.59826,68.59243,30.652664,71.8342,0.5937382,5052.1504,1.8254019,20.663065,28.095938,1.7372594,0.3384238,2
63.877144,82.420685,65.63622,101.04909,39.96279,63.629635,57.204903,34.135414,3.9068635,0.40089968,142.71327,32.631725,3.9846232,1.3266684,0.62586904,0.35284466,2
63.806183,106.95449,7.7263403,178.11932,11.547153,87.349144,55.400005,75.4876,84.8152,0.07686155,147.6018,109.470245,718.7948,1.1931343,0.22305806,0.43251455,2
204.7574,52.0693,384.14758,78.62764,387.7789,57.17147,71.14771,192.89427,25.622688,18.05599,518.9327,15.290427,0.4899737,110.82372,2.394764,0.46297503,2
224.93903,111.578735,362.25198,151.06293,141.23456,69.90694,102.79456,23.239985,2.268892,5.361885,2355.8604,53.355076,221.68536,72.172104,0.4190748,0.30233118,2
135.8548,50.560356,8.187445,125.149376,31.692429,89.63052,73.82444,22.958958,24.550793,1.0961483,715.2095,57.430595,6834.8496,15.192834,0.5914614,0.19782415,2
92.55419,135.27011,42.816742,82.24132,59.157135,69.65933,67.496216,1501.1167,31.969568,0.09081578,107.971954,2.897331,2.7875767,4.5596375,0.40475535,0.5744951,2
64.1754,57.787476,58.026653,152.23225,37.72605,72.07942,54.289303,754.2094,6.73114,0.25963706,8704.37,29.724562,0.11841501,1.0550331,0.2902966,0.09367444,2
219.75853,136.42883,8.74996,78.9738,15.790218,56.932884,90.81975,435.15146,55.112656,0.355345,3563.247,29.08767,0.8173905,62.651375,0.8917935,0.391309,2
209.0774,152.20238,38.720554,90.49698,12.328038,59.90672,83.37509,1007.5408,16.837744,2.5408769,125.25282,120.17606,0.5527563,54.87231,1.105901,0.3970617,2
64.32334,50.273293,15.164228,128.60675,10.3019705,67.97346,54.2645,12997.751,36.768078,0.1618005,153.12282,2.9175403,0.7688815,0.9826633,0.29351735,0.5799932,2
200.98111,50.433144,12.727658,140.91446,8.048158,55.2407,97.443596,6534.715,53.290913,0.09542687,6946.035,1.1994218,0.1422484,83.25556,0.17513715,1.2389381,2
81.37654,86.85594,253.94809,85.60587,189.21584,73.32333,60.609364,232.669,75.46824,2.5554829,3649.5771,1.7483468,490.68665,4.2423882,0.19320878,0.9259951,2
224.96457,57.38464,16.220509,92.36599,9.912355,93.74919,71.42581,23.596176,0.38344884,0.23165911,106.478355,6.227022,0.9640851,150.14584,2.946927,0.60222435,2
72.50345,50.991554,9.729342,190.46207,25.284315,58.425022,57.301014,21.548958,0.5043838,0.3587649,4747.7114,1.1709704,1410.4761,2.1349487,0.60163295,0.36468256,2
93.06171,53.271774,405.25378,81.79901,286.92395,55.333485,64.94036,404.74677,0.24490964,0.25727612,146.38388,1.184725,99.23957,4.506019,0.33730492,0.16314033,2
110.547745,153.79112,375.54065,129.15665,254.2825,57.00633,73.01151,529.669,6.0508175,0.17133754,159.22186,138.33372,191.29596,8.418897,0.24546571,0.03344997,2
135.87953,138.56427,8.844176,85.21579,14.79727,93.63518,65.23555,3353.1584,46.45603,0.4149319,1236.6094,29.518711,0.11686391,13.655747,1.6372509,0.8686966,2
77.171776,72.69914,26.16828,134.32161,44.13002,82.05351,58.990334,5728.7275,40.001865,1.4414705,7889.429,150.38329,0.20758064,3.2006981,0.85631377,0.031699073,2
63.597713,52.820045,277.80038,84.86272,117.74609,62.873966,56.20094,1627.2402,65.609634,2.8083825,121.84853,64.380615,5892.1235,1.090234,0.2234604,0.2766618,2
170.73969,61.565636,57.3086,123.04174,47.7873,54.390053,67.93091,24.287615,0.90077895,3.7504432,408.37076,91.16057,847.11176,23.857986,2.1828444,1.0239277,2
200.19644,53.626717,367.54474,95.38649,260.21487,55.03231,74.9265,2053.4868,31.558142,0.2664505,8067.4067,6.689619,1.1689199,35.742226,1.8494954,0.3157321,2
80.597664,162.32689,99.60301,94.114716,73.28004,81.66374,58.76426,29.908087,109.829025,0.23141508,7996.178,49.776756,0.9396403,2.9796615,0.30738214,0.48149735,2
64.00361,57.338776,8.812463,186.18637,11.269901,58.70704,56.582893,4932.4775,1.3328388,17.950222,205.85358,98.13441,7.741973,1.0573751,0.13815428,0.3475098,2
224.72581,149.51724,236.58145,77.88044,385.84055,68.292496,73.05508,83.37509,63.92935,13.995721,306.74542,19.09951,5700.6665,102.32224,2.113978,1.4958026,2
88.84012,83.54331,330.54654,157.70227,125.22104,54.739685,66.21986,522.43616,42.82239,16.494278,2080.473,2.807285,0.9641371,3.7523293,0.32023153,0.5532657,2
65.36548,61.095444,8.216459,105.370094,22.868969,76.01141,54.49215,714.03156,108.28783,7.863593,153.87108,24.294182,4387.202,1.5589633,0.32625985,0.57512885,2
194.25359,82.37611,296.5428,167.90668,322.83292,80.95735,72.301315,615.79144,33.792713,5.135366,1726.4481,1.1524282,6695.6226,74.13148,1.8366898,0.20238781,2
135.63591,52.110794,68.15205,84.73818,52.868134,58.707207,79.87601,30.146261,43.910625,0.16099261,1905.9281,77.73835,6870.871,25.352636,0.12080705,1.0932292,2
177.58826,74.34792,66.74116,83.55177,650.1572,74.66811,72.309494,1890.4243,56.283096,0.17292063,6836.2837,67.79195,0.37986594,28.191813,1.3048426,0.49774277,2
64.88407,137.13425,362.4313,183.26886,149.81668,58.62393,55.385082,4160.808,2.6601825,0.28473562,112.12752,76.13651,1.3647909,1.2124417,0.30638862,0.29654652,2
63.745953,142.44086,399.18814,99.80989,241.74107,59.035088,56.024086,87.80031,135.39772,0.16250512,1706.7388,1.5886071,1.3669688,1.1653814,0.038913153,0.2665283,2
64.45502,149.25299,19.397411,108.85492,7.4265404,88.116325,55.401783,6812.714,3.325698,1.7580601,245.19714,98.79251,6786.143,1.0521681,0.34089,0.51984066,2
221.89421,101.741486,275.07266,146.28671,386.1081,84.53519,101.621284,20.762173,4.639788,0.3131123,152.87682,5.348525,6676.166,144.26553,0.1017082,0.37777543,2
95.14724,50.240776,39.55945,120.20143,32.53082,74.88929,59.78956,708.98254,84.19908,5.8238397,8400.666,10.214378,2.9390798,4.804844,0.77481747,0.0933151,2
76.622116,151.87202,317.05466,103.82335,212.82452,54.609413,57.767773,17.35,0.097364806,0.10465754,247.5045,184.19879,141.93929,2.1918402,0.6661049,0.2703352,2
67.20647,58.055565,380.62573,187.29968,212.45575,89.79273,55.901287,122.7466,0.11484366,0.068829775,131.76242,3.4065237,1644.2988,1.5819323,0.1575605,0.52113706,2
126.066414,52.88937,15.61219,168.88638,6.3368235,89.3131,73.67235,48.402077,59.243053,0.088475354,592.37866,12.990992,38.641953,10.472923,0.55180234,0.42397335,2
68.91756,83.94502,138.25522,95.95232,572.4259,55.14962,58.756794,6535.856,70.407814,1.167773,245.58156,10.840187,4.861499,1.5494909,0.20091562,0.7009629,2
75.677345,160.44432,23.234022,189.47778,41.27335,90.68338,57.647484,25.333454,124.91764,0.06484088,1472.6343,4.612378,0.10882607,2.2766166,0.4650299,0.12107028,2
64.46687,100.69351,100.11314,114.8102,52.867493,68.702156,55.376076,11409.877,84.07124,0.3341415,141.4396,43.431805,0.29671872,1.2367074,0.13399811,0.61427045,2
76.643776,50.419437,23.435892,86.436676,9.296898,63.51737,61.424232,20.934477,40.523994,12.029101,1426.6812,153.63074,109.42748,2.3997972,0.18796703,0.72583014,2
69.97611,103.73951,281.7991,140.89897,480.2525,69.95574,58.06238,4396.75,49.851788,10.686344,7773.5996,45.726578,0.16951178,2.011808,0.061237823,0.053371094,2
152.54434,50.11166,28.170864,138.92616,8.03282,69.28559,73.62618,42.571533,66.51102,0.17098202,756.40894,193.30882,6884.4375,31.963186,0.77437866,0.27515623,2
63.273685,92.49863,56.832306,174.42323,683.5808,62.218735,55.696262,179.67108,79.34353,0.10822205,379.4507,27.37482,653.98474,1.1062596,0.4271754,0.51711684,2
216.40231,50.25402,8.354993,138.75372,21.483356,54.61798,98.74827,49.25356,14.24167,0.19766174,2719.9807,120.38877,0.2599212,121.60772,0.18754025,0.32244694,2
195.9408,160.7291,122.57276,93.54086,691.1301,55.52628,96.29957,4535.0557,141.22995,0.18449318,4015.4392,4.7621174,0.10042809,54.68241,0.3128359,0.93423,2
225.80743,114.349014,15.820369,79.785774,10.01725,89.30845,71.480705,34.820217,38.126892,0.11508484,193.32152,196.75102,3207.2734,53.729156,2.7946558,0.44582576,2
218.39734,159.60272,321.37112,87.9768,414.87335,76.27656,71.35515,703.08093,16.992397,0.26287368,6758.445,16.865376,0.26993084,116.33222,2.8472242,0.8377563,2
182.29044,58.367302,385.3266,77.80637,171.95044,55.059383,70.7272,152.40164,0.9823811,0.27635258,8296.047,3.5856209,0.09375646,27.902582,1.9563127,1.460855,2
84.24277,52.88324,401.6917,81.65688,213.54189,74.88054,57.898533,1909.5104,95.25958,0.37720567,241.65741,83.15767,5182.9014,4.7848215,0.5748177,0.891002,2
224.07332,53.421364,144.94441,90.28949,523.849,54.891014,82.63788,987.93475,53.194542,0.1104794,266.2767,1.6001911,0.5566797,143.74509,1.0127715,0.53721595,2
179.22537,52.2883,13.691253,83.23226,32.079964,69.92939,91.989,1187.2155,1.753416,0.57735837,3262.169,33.625114,3.7817962,38.186913,0.3496948,1.4811535,2
96.13134,57.345066,60.487156,121.433975,559.70984,54.15564,65.40078,42.4576,127.19155,0.15916348,938.21924,1.5365978,0.67797065,5.105692,0.48935813,0.56336427,2
67.30369,57.140884,128.58339,190.89822,426.1695,58.878048,55.880234,2967.7856,17.440847,1.1139396,7174.923,7.774679,27.727951,1.7491469,0.3125893,0.65366304,2
146.37572,60.610157,9.786097,165.27748,7.2629457,83.06334,82.70998,354.8531,7.740904,6.9566436,255.06337,2.9905598,0.42070645,18.280056,0.4582772,0.14828622,2
116.44289,150.77403,259.39087,153.05301,560.65875,57.444332,63.670696,4982.6694,0.264756,0.12765789,314.6152,75.57307,2512.8022,8.385185,1.4567132,0.17033218,2
222.07199,55.970707,229.93896,162.70755,113.63838,54.52354,71.35925,15.037268,0.82147527,0.37041065,4960.698,16.453705,16.669006,73.455574,2.737762,1.1008326,2
224.9231,91.006454,13.729563,111.52791,6.1701646,55.535416,102.4512,19.328283,1.8584408,0.458517,135.56862,39.817375,6.178186,94.98389,0.28632334,1.28123,2
132.38307,88.52038,362.99982,107.24536,161.89041,79.70288,66.04719,6563.9316,0.9106817,1.1511719,889.521,158.33414,2.957557,24.338587,1.1786157,0.6462246,2
98.949524,149.68399,86.09999,89.79823,109.675354,58.29889,61.852364,31.966604,59.974545,0.11282568,5683.7485,1.2836102,2.2076385,5.341787,1.2588438,1.0463301,2
169.53017,123.227905,392.9342,90.19786,188.2745,68.58154,84.60321,4429.86,2.5230823,0.09984182,1828.1248,83.68457,0.56435025,23.18741,0.8799119,1.3381605,2
124.211845,142.334,14.406337,93.347855,7.627524,72.21242,64.51144,854.886,51.08834,16.87942,1223.9891,1.4641639,176.28873,15.120946,1.6364119,0.09802233,2
143.72128,65.31917,11.76828,182.62286,11.336093,61.401318,81.91344,686.311,87.41577,8.929672,241.49477,9.558278,2.589576,17.340313,0.3615913,0.55745333,2
150.88828,74.78461,24.117908,163.0147,44.523415,65.3223,84.45998,29.77418,4.4662056,4.8339233,865.4499,21.536186,124.30574,17.8746,0.5127827,0.2012165,2
89.31465,70.119995,89.634415,118.39044,58.29719,76.66196,60.751804,472.19464,87.123245,0.079744644,429.27396,49.960583,0.7461631,6.077914,0.5032776,0.9674838,2
111.05073,65.18061,156.05136,83.188774,404.47424,90.36867,63.417217,198.72069,49.6938,10.727159,248.46356,118.35493,8.760733,11.262135,0.8811711,0.077671304,2
226.42549,92.61153,257.23627,77.5395,377.6225,64.1024,75.93811,18.198696,0.20648482,0.20700347,1637.5657,179.8157,0.6490307,89.11694,1.7181523,0.60858727,2
123.12961,155.97986,77.108025,176.18951,43.566025,67.63003,76.720566,212.03783,29.049093,0.10993931,7372.89,48.65851,233.11589,11.718243,0.33052972,1.0390646,2
83.4595,102.46236,14.975594,102.393654,11.361386,67.08289,57.885387,119.43504,106.72829,1.9112271,132.40088,5.3063693,6.891898,4.4535193,0.42700323,0.018775018,2
64.85923,50.107883,241.926,78.22902,348.34335,87.827286,56.2601,4648.732,5.758337,0.34132668,1653.028,6.2798796,0.90294355,1.267941,0.15171696,0.09020745,2
226.08858,57.087845,292.56537,147.97882,316.12015,56.33969,80.9758,2292.4993,0.18292364,0.2046203,1681.9824,72.32743,0.086965404,49.41196,1.6300452,1.3865592,2
80.429245,79.80773,10.117691,87.37712,25.045122,58.61799,58.933662,6170.8545,94.23608,2.0861216,7812.988,6.495006,331.13898,4.084284,0.8478753,0.5434,2
132.7128,118.052986,23.836618,79.42578,33.418034,79.789856,66.66678,33.680603,94.019165,0.120564945,129.55452,1.456802,6.4683137,12.171399,1.2182156,1.3475847,2
67.76926,151.35715,247.05876,114.20478,97.123924,90.14813,56.83344,10965.483,44.719517,0.16083875,8211.036,36.166336,5258.0225,1.2890847,0.15820213,0.69516695,2
177.14124,75.244354,393.62457,84.01662,168.38568,81.01079,91.30531,1501.0371,109.50618,16.126867,1236.9458,180.87802,738.20764,47.043167,0.20370229,1.1323588,2
65.871994,115.60553,14.01438,147.36264,7.968188,76.79465,57.521103,4722.1167,44.600945,0.2985413,5835.911,198.59158,5121.1543,1.2626109,0.19493438,0.5817818,2
65.0102,122.54961,367.18008,96.85988,200.43268,60.09617,56.80697,39.932167,97.82338,11.997817,5023.6973,1.7960685,5006.853,1.0457016,0.1521349,0.57595813,2
93.6183,53.91227,145.5027,89.79083,417.50677,83.76872,60.860256,781.5603,0.5756234,14.307396,8401.259,2.0645747,99.175354,4.4270926,1.021144,1.0437009,2
195.72597,50.088158,12.611343,81.338326,6.3716316,54.79425,70.24504,627.9263,23.075806,2.0209408,104.11596,50.665726,0.21276282,87.69646,2.3526561,1.1751727,2
216.95816,72.62225,385.46295,175.73993,301.5481,59.068764,73.30069,3009.7974,30.215206,0.15968874,9070.061,8.3428335,11.523689,49.193306,1.9908174,0.28323022,2
124.93739,57.47293,52.817146,100.181335,35.478344,70.671135,72.21936,8990.684,1.8921723,19.15408,5911.449,1.1515996,3002.2551,11.511399,0.5214713,0.46893436,2
88.0158,137.7992,19.16925,85.87422,26.754974,57.898533,63.697315,311.18875,57.218895,1.3228452,7919.9565,95.01126,3.371597,3.8101501,0.45775306,0.0462002,2
81.929405,112.161934,397.51315,102.479675,262.74472,92.37872,62.540386,67.73582,4.350947,0.16237715,107.17839,1.2433957,5.734537,4.3927326,0.16672736,0.0309813,2
220.06053,155.19989,405.47894,81.199066,231.70386,78.155266,72.84502,5402.792,49.842415,6.610674,133.5345,100.285164,1418.1927,113.24537,2.0680337,1.4348032,2
75.40099,56.390762,12.167176,83.34657,37.339943,63.848934,57.83111,4213.5464,121.57873,12.571207,122.26739,141.51088,1362.6722,2.2655609,0.35234532,0.51358485,2
78.196045,50.3619,74.67201,153.43222,648.9828,69.19087,59.199547,372.31085,14.266873,1.2460151,189.27444,57.724915,3605.6602,3.5659685,0.87287116,0.08335071,2
63.736477,56.04546,8.546921,87.63866,18.272055,95.9042,54.388733,45.46213,47.74571,21.368605,495.4214,1.893419,721.30505,1.1427612,0.24977715,0.23890436,2
191.775,137.65651,20.47068,79.88433,52.706734,61.52552,73.05239,34.97879,46.97313,0.4607189,2875.3936,5.640331,29.582321,59.76284,1.3944714,0.80077124,2
218.4936,156.00224,63.480064,125.36147,50.809124,67.825615,76.10764,1584.7678,45.937855,0.37836358,3579.525,1.389914,155.60641,130.41876,1.525902,1.3731215,2
123.738205,64.91446,363.33618,93.90917,293.41824,63.00952,74.52335,4125.3267,89.89951,0.6960446,180.62894,3.3696105,0.73477185,10.082802,0.5459243,0.86919016,2
81.34264,79.16718,309.528,147.66197,435.0007,95.150955,62.099022,9528.1455,34.866467,0.16348058,728.4907,171.22855,6534.079,3.1343293,0.22559467,0.7015815,2
74.6535,153.02304,171.33813,83.71893,97.00665,66.7494,57.68483,415.2761,0.64707285,1.5938196,181.91928,4.6245174,0.8787,2.312127,0.58314294,0.37863526,2
219.21118,50.1252,257.33136,97.86429,333.09955,90.81278,99.935234,9137.405,54.977486,0.22674671,136.07686,186.16513,1708.435,70.647354,0.40854675,0.91168773,2
123.494576,53.725895,108.86702,135.19131,421.34406,56.903996,72.8839,1337.6497,81.75437,0.318978,1275.5641,15.476627,3530.3533,10.147269,0.71553147,1.1106874,2
63.340073,76.61586,17.626759,128.65211,5.285967,59.314564,54.248558,90.40915,24.136774,1.1266999,339.67432,3.1202886,6711.9663,1.0626056,0.15812562,0.14233042,2
114.76233,66.48659,86.91365,125.16784,661.50836,62.54478,71.16592,56.17375,5.131078,0.40176892,8523.041,2.1628323,1191.1427,9.289634,0.34163848,0.34235242,2
142.06728,82.03486,21.541233,86.08873,22.521196,68.93363,81.663155,687.4111,3.1657257,0.18482627,8600.472,1.1259303,121.02587,14.766766,0.48150378,0.7780333,2
63.46076,61.966324,120.573784,134.41353,656.4207,75.78953,55.228497,1228.9297,1.8279777,0.29886684,133.19397,44.085217,158.01262,1.0896841,0.34329957,0.2244603,2
63.465923,117.04514,102.58873,93.37187,461.01318,80.7708,53.93715,193.2061,2.088105,0.39175397,5265.149,1.5447152,470.6538,1.1262071,0.24175927,0.11043312,2
103.32121,58.205765,234.2735,140.23305,551.931,55.478374,66.22428,219.905,91.31473,6.740019,992.3135,3.0457065,0.947993,6.218463,0.4765987,0.41866142,2
68.22997,58.08982,38.009373,81.8152,5.8347006,65.58639,55.69345,26.789305,1.5521472,6.9591084,117.61972,23.213917,10.901924,1.6155391,0.20000178,0.7011138,2
124.88822,92.01889,69.30798,107.88542,447.15356,57.043404,63.468933,52.730003,0.15538584,0.32519022,4484.737,1.6386609,3979.4768,19.56119,1.1800649,0.48496234,2
103.33057,123.735466,79.78993,172.65956,44.925766,54.196026,63.47327,28.996418,51.04838,7.5531845,396.709,131.20392,0.27494225,6.6586046,0.658334,0.022140797,2
63.687534,148.89856,386.3306,105.96218,241.36241,90.43591,54.98285,841.58655,30.244505,0.14974846,2009.8202,20.836067,149.99011,1.1028559,0.2546335,0.12589413,2
82.831604,54.354935,8.264533,77.876526,12.911534,62.38321,63.86455,5334.043,0.07763797,0.4480224,201.59622,99.30154,28.039768,3.2706378,0.14503926,0.028845608,2
106.0845,61.327778,281.69583,192.66974,434.12778,54.23365,62.447014,31.551598,0.14024515,4.257191,2188.2603,35.764317,2848.689,6.8523993,1.389281,0.3242173,2
101.50738,50.673527,8.701056,81.24678,12.452696,73.56326,61.43248,34.56646,20.067799,9.501326,698.28467,17.35583,0.101168856,9.176805,1.164186,0.8386352,2
89.850464,50.095688,12.752306,174.68015,5.7343616,70.51072,64.94555,106.02835,1.9122868,0.35707456,141.12521,163.71585,0.49784428,5.6021595,0.21749738,0.015160859,2
211.96094,107.46335,59.267242,155.08359,38.670887,55.575462,85.22546,3504.149,5.381572,0.1696496,7826.2266,12.589092,296.6735,73.976654,0.9145258,1.1842546,2
172.35461,117.59801,7.9013143,115.825195,13.878154,82.49905,82.1259,22.249506,80.400406,21.394379,8166.019,171.27158,378.33667,59.716904,0.44596615,0.19842517,2
158.35266,118.51234,25.090174,146.18604,25.99332,84.11227,76.923355,3067.1045,32.77183,0.09972866,7447.917,96.386185,0.15760879,19.929409,0.87454385,1.3062354,2
110.67628,70.66881,21.917133,103.07155,22.414095,95.11204,66.775345,102.2919,0.22546989,2.5392368,669.65607,1.5174906,61.835854,11.618006,0.4511522,0.18242039,2
69.42589,90.55711,8.801268,78.729996,22.90502,63.155647,57.67744,930.175,1.071246,25.779356,154.11867,7.4808197,7.4871025,1.6123228,0.63763434,0.7267877,2
112.663574,61.51637,8.217575,82.85539,10.193106,59.968555,73.32039,133.66492,46.669052,0.08836752,9351.672,1.2257687,0.30098373,11.601867,0.17414276,1.0450163,2
116.72434,107.061615,32.78098,79.56746,4.9882402,58.428932,75.032585,56.85818,0.15371108,13.190655,4327.2603,93.63617,5.1054406,9.057389,0.34693992,1.2111949,2
85.33769,92.410965,10.310232,91.019135,7.406093,58.52462,64.58129,89.85973,2.1881936,12.793783,1092.1816,10.120143,0.22294661,3.1986136,0.27998924,0.22373286,2
125.21544,119.312035,55.235283,114.42632,464.39417,54.49072,77.64995,987.551,7.186991,0.27400827,3626.1768,181.08481,0.7384993,11.907698,0.3106803,0.04978844,2
226.74791,82.57274,80.7522,103.176414,45.213776,56.20934,71.614685,1792.1263,25.271515,0.4539975,529.35254,193.27547,0.83884203,131.58977,2.9320898,0.32360053,2
217.98146,55.63938,53.924423,172.27817,637.0721,63.149467,72.95644,544.49695,47.524597,0.15395573,96.0116,1.2703074,0.5398323,75.33381,1.9735595,1.495301,2
88.620834,80.23111,19.055332,78.40731,48.172226,88.44251,64.084404,354.45352,119.70209,3.5330033,1306.343,144.75142,46.389076,3.9981809,0.3194369,0.58558595,2
101.62583,129.34271,13.353175,88.34221,21.624327,56.16026,68.48453,223.70271,0.3319751,0.2625989,400.7163,149.11636,832.2905,8.961337,0.16126771,0.33197418,2
226.32683,59.11048,379.55087,83.928375,174.23997,95.789024,96.235886,33.110367,1.2807386,0.1703996,5946.574,1.3668528,1.3609228,58.314926,0.755655,0.31343657,2
64.199455,52.60074,82.95474,78.63079,620.3353,62.8444,56.24738,283.34708,0.95552224,26.839314,124.93313,26.683243,2013.7803,1.4279127,0.052002724,0.13003574,2
221.9279,87.01129,33.287758,79.84547,5.0520954,72.27549,91.52494,3076.8489,0.18469495,0.27837092,1245.4272,3.8130813,0.10415807,45.518105,1.179406,0.6582793,2
66.56319,54.218086,31.860739,143.77815,26.698902,73.48586,56.097847,2284.2593,1.6219938,0.28010952,146.99762,113.94682,0.39799052,1.347903,0.12893832,0.07278431,2
79.29964,56.223198,54.091347,174.49686,37.404285,65.27902,58.697926,99.95839,41.304585,0.09281879,185.12074,63.324215,276.50204,2.5996735,0.80390203,0.8975425,2
224.79417,77.02014,17.99837,94.678276,24.98759,60.659237,73.87919,6394.7905,16.92809,5.984905,164.27507,3.251988,13.621314,104.18661,2.2874942,0.5199557,2
119.33407,82.140915,8.290197,81.01677,15.053511,91.962845,74.53552,25.154041,4.209569,6.683692,3432.484,37.306885,5711.7046,9.687079,0.32325712,1.1959443,2
226.33138,127.88808,20.994055,78.873985,37.22695,93.55881,102.67501,867.66064,103.464676,0.2639783,164.67361,1.2554853,14.627233,142.18651,0.105156355,1.4926211,2
205.53967,77.36588,28.260258,125.22056,27.740242,95.46834,75.96299,239.72931,16.01988,0.16140607,376.85165,3.2301557,1955.7852,37.58107,1.8804779,0.5285801,2
223.0035,57.42335,79.63176,86.62111,50.55346,60.461975,71.77199,2393.4368,71.35329,0.16120692,6382.956,11.205284,0.3541146,85.18271,2.4607677,0.66432995,2
222.55116,97.14531,125.10517,129.65889,63.70114,57.975674,71.62535,21.554226,45.40397,20.444048,905.3952,129.95299,2.7712717,83.10323,2.5366242,0.46319005,2
156.9938,50.34514,252.72696,107.52719,180.98282,55.7117,85.7301,393.16248,4.2437515,1.8172094,129.57413,39.701443,2.5467477,40.26843,0.17566147,1.299712,2
64.03663,144.17938,222.24863,76.80603,171.98972,63.424866,56.778557,6847.11,32.709377,0.4886576,8621.521,1.8473799,1.1273656,0.96610826,0.110826544,0.39980772,2
86.8381,104.871864,43.926216,79.57234,65.85593,60.84858,59.06954,2104.0908,16.449965,0.15048862,3074.358,2.1006393,11.426374,3.5338886,0.47554535,0.18095013,2
75.05282,142.3288,170.91454,172.29608,386.10443,82.681915,59.66999,100.526405,50.496925,16.04288,7199.3887,110.47129,1.442075,2.1709752,0.2645493,0.062131975,2
63.44653,162.91876,324.66977,95.05348,181.98854,61.615715,54.797523,15949.905,0.26237434,0.6105732,1688.2957,8.479261,2889.394,0.9966824,0.14819157,0.15447319,2
116.662834,153.52887,8.200995,94.691055,15.629047,64.57764,69.938866,58.92072,29.349892,0.28902313,3316.3267,5.543998,0.92278665,16.323826,0.3393066,0.40567517,2
82.66385,62.810432,8.269817,78.093315,22.351551,54.97193,57.94756,484.1017,0.17341873,0.21531077,305.1188,5.373214,15.437771,2.99818,0.6572211,0.6076885,2
64.01619,96.80562,142.50641,80.098015,412.2795,85.68793,56.796497,25.063068,0.8959433,2.1258194,5731.094,28.99305,0.0928491,1.3345593,0.0943958,0.23788401,2
90.325676,126.703896,81.97628,85.92556,45.703125,68.32494,60.54541,165.84456,53.188896,19.27715,7882.3066,40.52487,1.3918238,4.207583,1.0979867,0.44502425,2
126.358,163.08603,366.88226,82.624435,395.23312,61.721024,73.10619,20.654406,38.00023,4.6839733,1526.2783,17.89643,5739.7544,21.555038,0.32681954,0.15406173,2
101.93385,60.27902,41.733635,120.926125,5.2264957,74.091866,64.25267,174.1287,2.1328092,0.4730826,2612.3486,6.5860147,631.8156,9.937436,0.4150728,1.1102248,2
116.906815,126.97309,18.350237,104.255394,46.22776,59.168354,73.70672,2664.1833,29.718367,4.1390195,217.26445,77.028175,2.778396,9.586951,0.40407652,0.89905673,2
92.164536,130.41005,19.22533,172.6488,5.289115,54.619278,61.172,488.17224,1.2205155,1.5895457,1288.4114,1.2524607,1.5489964,4.3960614,0.65017784,0.015268926,2
169.21852,117.43915,344.78677,82.50136,217.1348,81.37618,68.034134,24.144884,1.0051488,0.3988555,1377.3317,2.1882262,2488.9355,25.610777,1.9886796,1.308151,2
225.74525,162.89743,388.4231,157.00224,174.21373,60.670822,101.57774,3613.18,0.19050871,2.4245167,2493.2456,80.681206,0.21546829,55.199066,0.63595456,0.3680697,2
223.85352,71.775635,69.53703,140.52144,573.26324,55.081387,71.61981,166.46713,75.602936,6.419952,1577.6895,4.364591,0.466175,124.62366,2.68589,1.4854139,2
66.725624,160.70636,42.51762,151.82756,35.74213,75.180725,57.6363,5727.7935,101.16463,18.246565,7784.8403,55.852196,1.0054092,1.6133522,0.6547837,0.09331207,2
103.841194,138.81252,36.334145,80.91777,60.282906,94.07214,63.933533,6152.4116,58.550655,3.5214224,190.26169,43.012196,10.95121,6.278064,0.67780924,0.36947995,2
131.4939,50.61782,11.954066,186.24298,16.254751,87.90364,72.67335,183.04327,0.14591883,0.19796401,1529.1862,175.83981,98.73738,12.009815,0.64153504,0.9828784,2
222.57664,104.78446,121.398834,81.750626,518.2456,65.583115,101.48094,3835.543,72.40782,5.8919396,1074.6644,3.1788514,6933.552,147.20071,0.10446765,0.322331,2
226.1787,122.452736,14.51575,122.962395,15.072897,54.70607,81.654045,1083.5642,129.23213,0.34480622,9024.826,24.623686,2.5917077,48.258545,1.755053,1.4943491,2
77.368835,132.23933,7.77737,84.39968,11.789589,56.480705,61.648327,17.113335,9.567388,0.15634148,4953.889,4.751745,35.67273,3.429515,0.07361288,0.61494964,2
66.93748,51.308308,31.803385,175.21045,8.562477,54.19805,57.68869,26.105425,56.73898,2.2172217,417.02032,180.1559,0.69400704,1.3367558,0.088233404,0.1866879,2
182.40846,67.84807,86.535255,117.15901,47.628387,59.6195,90.59065,34.091766,9.576065,7.64328,7385.665,13.930532,0.11566815,73.99103,0.19628872,0.81711936,2
219.2302,119.303375,7.6223993,108.32457,23.631039,55.92058,71.81649,28.469017,0.5634794,0.0926254,110.338745,1.4510877,29.586645,51.171467,2.5361211,0.40031427,2
87.467606,122.89703,381.60217,93.15056,437.64865,64.88238,65.72324,7488.2476,40.162605,0.3113627,242.47336,101.83186,2.269748,3.6198401,0.29605728,0.049424443,2
63.96704,88.146034,369.751,122.00088,214.98291,55.070984,56.41633,6143.3984,40.337093,4.550577,7051.6543,105.151505,4363.75,1.0347922,0.09536248,0.5235115,2
99.90362,96.69916,61.820843,94.90474,82.700356,56.74837,69.98329,7610.301,12.420391,13.454741,2148.8142,21.85397,0.11783223,5.526475,0.41357177,0.02028755,2
114.18825,50.088318,292.25854,78.48235,165.56538,64.403694,63.37816,2029.165,76.31876,18.07802,3279.7524,103.122086,0.14885768,13.734037,1.4886029,0.8123666,2
154.7384,154.65607,196.67249,80.002014,156.5292,73.24845,67.05277,539.2319,26.917812,2.9429054,8417.147,3.2205083,152.6282,18.592144,1.4356467,1.3024323,2
75.81425,66.25009,64.62036,81.68077,94.725235,87.57457,56.327637,6305.5605,0.94120604,1.5287292,2002.188,165.4182,1.0666223,3.0147367,0.366299,0.645856,2
197.19858,152.22998,172.53175,77.710045,79.14903,64.91019,96.5575,46.323547,57.66236,0.11894212,4956.2715,3.9620688,104.73892,34.68995,0.7422604,1.0787877,2
211.4054,156.21298,9.922858,118.17391,8.119847,54.72993,91.06868,372.50333,41.310223,15.523374,5366.1626,5.262897,0.24944314,120.51786,0.38881874,0.45129386,2
65.729195,50.098648,204.40108,78.14859,476.69,54.582535,56.31083,106.05163,72.84002,0.1457515,121.73951,3.5665226,20.275114,1.1168,0.18665856,0.08333959,2
168.99117,81.84925,391.21674,86.95889,242.20079,70.65364,86.71563,21.137175,54.47543,0.14718056,461.03433,194.31262,6559.9824,32.17605,0.39017135,0.1773053,2
96.595184,83.779434,44.207397,164.51593,48.842964,63.920002,61.09112,63.812332,6.9354143,7.513769,491.56055,42.464447,0.32762727,4.9722433,0.793476,0.040548876,2
74.31064,52.95927,8.107601,79.88934,10.735275,57.543404,60.32997,25.849379,104.306046,21.659906,4228.186,67.04538,0.09655085,1.9741086,0.20486271,0.038728926,2
218.52647,150.8675,160.0846,78.28873,421.20227,56.342373,81.44641,3963.5273,124.16797,0.1861614,3069.6338,182.15196,2080.8213,138.1706,1.0217596,0.28665683,2
185.79388,51.88962,100.43741,148.9024,438.48926,85.4852,69.20828,1913.7823,2.6980853,18.891695,3184.4475,72.58681,0.14170036,55.27305,2.458305,1.3916743,2
64.87653,76.537254,344.8036,79.8615,444.42847,61.720364,57.147675,1464.2632,0.15896697,0.94124746,6702.095,1.3360069,0.27153233,1.1098702,0.106881574,0.5530053,2
77.70509,91.89624,393.30914,111.5315,170.08612,60.20108,61.482933,360.82614,0.9409807,2.1212199,708.75037,6.9516315,545.9193,2.6697104,0.38187668,0.40402824,2
226.08101,121.46743,402.33936,84.831566,209.58719,82.96627,71.51386,690.5304,27.094776,0.80505145,635.69196,185.56404,21.573877,143.4665,3.2013037,0.46798667,2
203.53268,130.57834,30.410564,110.787735,60.633957,54.00937,96.408844,34.197014,43.925884,0.13825798,3809.595,56.083908,1983.4834,50.05102,0.48252574,0.46575975,2
226.79852,146.6663,16.095919,90.45802,18.250723,55.40778,102.67288,27.113592,31.925884,9.743111,671.23224,3.1466956,0.5769844,107.50965,0.21670483,1.2129636,2
63.380062,101.717285,23.378689,88.930466,5.6299534,58.170177,56.089764,128.5176,5.0470543,4.399539,279.30588,51.88772,7017.315,1.0279485,0.1611076,0.5648232,2
109.87496,162.46222,10.031125,137.5832,12.444773,57.41076,63.156166,329.81488,3.8382921,0.34492466,5864.7163,26.1311,0.90035456,7.20136,1.3720753,0.12741762,2
128.5798,58.38327,273.07123,96.409454,331.69882,55.700047,65.214386,87.89165,25.333216,11.012917,7450.205,2.369837,184.87375,13.769982,0.8879541,0.32385674,2
64.10144,57.24752,75.1736,96.87337,593.52203,55.911976,55.268703,2510.7412,62.7383,1.5979588,146.55489,175.97563,0.18110608,1.4053254,0.13267411,0.35662347,2
198.62471,51.337524,36.762863,85.79261,8.444528,59.669353,71.301414,450.9522,0.14355476,5.7419095,480.7512,2.1980205,67.68497,34.308647,1.9539429,1.0034895,2
113.621544,50.13338,40.61552,92.20839,39.83448,67.79237,67.100685,3119.5364,57.24755,7.5954084,1117.394,1.7368257,0.12104488,14.925577,0.47413749,0.4001707,2
84.12087,50.301174,51.24883,78.19834,35.32355,67.653465,59.419315,26.351866,20.044163,4.5254316,8263.598,31.128746,5.6244774,3.612934,0.5011878,0.51783097,2
107.628044,145.24542,364.68628,85.44356,201.48941,64.32995,62.15218,3843.9968,119.72937,4.607641,131.15305,1.5601892,313.8231,9.525532,0.6739808,1.0980426,2
76.45988,95.84678,284.08673,93.207275,111.5943,88.62844,61.701015,1925.3644,95.32832,13.443004,6151.4844,2.2775779,1.9592897,2.273682,0.24784835,0.30554652,2
71.746315,109.434326,8.044577,85.82738,9.202772,54.201397,59.78469,35.327137,4.301236,13.398044,153.61378,3.7701373,0.9438182,2.444128,0.07578501,0.6296233,2
66.08892,131.50357,10.244967,79.51876,12.687098,54.559082,54.377823,440.25943,23.217716,18.646807,8661.562,56.893585,0.34143233,1.5645217,0.2310957,0.12708414,2
163.00133,115.75987,9.060706,117.1655,13.161115,73.99764,68.002304,231.18092,85.955864,0.85575444,7279.4375,168.39828,0.31182724,22.923254,1.4418197,0.40400967,2
225.58961,50.920586,285.43146,85.46352,473.0603,63.304832,99.94823,1021.06384,52.858322,6.938654,6944.916,135.10341,0.5004278,73.86734,0.53864735,0.32509083,2
91.716354,50.126614,197.22429,126.86,643.8391,68.203995,61.708073,246.52919,36.305725,0.35688835,298.00275,2.6035595,277.76767,6.6783557,0.34149235,0.4797905,2
82.9519,86.2181,114.17348,116.183495,58.17012,91.2273,62.867203,3722.1711,0.31010127,4.4763823,2982.9956,2.9141848,2479.8408,3.664848,0.21288055,0.10193912,2
112.534546,53.859955,9.256077,87.71918,17.577206,55.9059,63.26241,5337.83,5.554858,10.768742,4324.8257,4.7865934,30.71348,7.8728456,1.5004852,0.27368057,2
68.87723,160.26328,9.117703,78.228905,15.435396,58.026543,58.275963,3370.309,36.318348,6.5883374,7045.993,20.360384,0.25268167,1.491576,0.74511415,0.09057958,2
207.36574,79.4218,25.889751,103.23987,9.113012,71.592705,83.96418,1775.2772,0.5765656,24.491587,8481.788,131.66959,117.99833,61.519558,0.9679784,1.282737,2
72.24332,58.26036,87.20426,99.06908,48.707985,57.384026,59.97835,289.2367,105.27402,0.297835,572.26465,15.974456,5123.0986,2.046593,0.28897086,0.06860158,2
79.15155,82.33414,285.98254,189.71362,175.94888,71.23129,62.29333,27.130287,88.95628,1.680196,4012.2612,160.67914,2311.5833,2.7589626,0.18301935,0.7656367,2
226.41335,95.12831,242.36205,92.04613,385.52747,68.56804,97.009735,50.32015,0.9944996,21.675623,3006.7378,1.9149523,0.34940904,150.46597,0.26251045,1.3641703,2
95.69617,57.599766,8.981404,123.4538,11.113375,54.970276,59.95129,233.29012,53.618176,0.0940836,5529.4624,25.550446,50.170612,6.433203,0.5950587,0.92054945,2
222.43457,60.264645,190.60245,121.569435,478.85287,67.92802,73.87423,494.1391,79.968994,5.9747477,563.5412,60.590828,3861.0488,121.31108,2.2486541,1.2909269,2
139.33128,152.62886,12.157282,83.610176,8.234363,55.277584,72.397255,58.625042,37.56765,1.210024,5282.0103,86.77864,0.18106236,14.336935,0.8639027,0.18262006,2
226.00424,51.50838,329.14294,118.77003,349.9467,70.346146,98.149155,2156.0461,28.149227,0.35150912,1203.6669,1.1862276,0.37101156,105.09772,0.43711627,1.4851189,2
141.60141,64.54649,370.8778,81.49718,174.19226,61.31384,74.39447,1191.2604,120.76988,11.019723,8750.627,3.4361928,3.7652574,14.91432,0.76893735,0.07730976,2
65.36998,50.089108,16.968409,96.887695,40.689445,55.387016,54.339287,36.826004,0.17634137,0.12069069,353.897,43.426384,292.2324,1.2035071,0.18548925,0.08685126,2
156.99515,99.59303,375.87854,78.668884,289.60934,57.0216,79.50667,301.2297,1.4634334,0.37953478,131.55463,163.30777,1.8665468,20.333582,0.80180895,0.71803135,2
63.318203,102.60074,120.205765,159.9814,66.526085,95.53188,55.203648,7700.711,52.18596,0.09896904,156.62598,13.311644,74.07478,1.2864617,0.255554,0.22651023,2
212.6481,58.302963,394.00052,157.2076,297.12665,85.597946,100.11651,15.42979,78.38293,15.019005,138.8856,89.684006,8.078963,82.212944,0.23768987,0.27152267,2
190.9289,60.485573,374.5689,111.85629,278.5912,57.368496,79.36893,42.20168,0.1522156,10.814505,5098.8936,2.3285203,1247.7473,53.28914,1.0137523,0.21914166,2
76.58426,159.87505,19.660812,119.63431,20.831665,73.92955,57.35244,14.3459835,73.42075,0.9959097,120.27601,181.28035,0.9826344,2.6058369,0.5907127,0.034770917,2
209.40631,161.18806,9.302689,95.037544,8.788771,90.8645,93.5782,8396.052,8.149763,1.5307021,208.54214,187.77481,10.996064,53.457825,0.63277173,0.8883192,2
189.76993,87.60751,11.525068,79.983475,34.24755,54.207844,93.89442,27.594122,8.755473,10.534632,114.01026,3.6856585,0.73141974,73.39804,0.16302124,0.22531834,2
107.26064,51.365322,24.238134,153.7351,12.553417,61.849907,72.25635,756.16626,40.06197,0.7691235,8370.337,139.61865,17.280727,9.226437,0.18121736,1.1446203,2
85.83541,56.329605,366.3841,151.976,295.25067,54.646126,60.28305,4796.861,39.21436,11.159967,140.4061,6.6340227,922.61096,4.610937,0.98462015,0.016046388,2
226.86414,161.96796,40.168358,165.88521,30.570715,56.653366,74.00147,1700.9816,70.40935,0.08921435,228.90024,5.649482,109.50687,49.79107,2.4101372,1.0686365,2
73.82622,152.98074,410.1153,102.74286,312.8536,86.75763,58.00338,4380.1895,115.84453,14.710353,276.6908,123.066765,2151.6248,1.8634996,0.6845139,0.20072815,2
83.47207,153.86133,192.26575,184.29791,77.80025,63.779243,59.983616,6331.301,1.0103774,0.9404142,8273.463,164.9069,0.4816116,4.726865,0.28981286,0.030690381,2
99.130745,55.668667,21.11815,177.48575,51.252815,55.474766,68.417404,2233.7412,9.944195,0.3536991,8475.376,67.53163,3204.3987,8.2123,0.16887592,0.020285938,2
173.9495,157.51517,20.664986,85.197586,6.7163,68.32806,68.27686,69.97185,31.754345,0.4234945,195.2515,2.5062742,3644.6577,50.506996,2.3422482,0.32265458,2
130.10005,77.52332,28.765717,134.39906,14.743522,74.22027,70.71872,9121.584,64.758156,0.3414414,201.30025,1.4057769,6672.111,13.655856,0.64834154,0.5329077,2
63.97962,162.47821,364.20728,94.258965,243.2287,66.79548,55.304375,29.307251,46.7987,1.4247458,173.25854,1.8274225,24.181042,1.1950197,0.33075616,0.3668755,2
213.45587,101.22334,86.20284,149.15845,458.54007,72.205185,70.92561,99.84551,49.20872,0.58449435,8494.224,184.08588,514.1557,84.19087,2.8733947,0.3453687,2
79.982285,68.38728,160.38329,127.16301,68.197296,63.699966,60.88324,4923.044,42.15419,0.090744205,128.09007,1.6631672,10.366571,2.8350053,0.40458283,0.7775407,2
222.10336,119.24757,383.1502,132.76625,174.40399,66.314705,95.06306,25.740627,21.963902,0.2470225,304.99506,7.3982763,6169.659,113.400894,0.47505975,1.0399234,2
226.62761,163.08885,10.603617,79.39339,29.569899,62.81077,103.17085,314.29886,42.93475,0.90264004,6260.548,1.2015946,0.90355045,49.961895,0.81751126,1.4041579,2
64.261696,50.526146,188.86623,99.90752,523.56055,77.13957,56.80584,3170.5674,4.0132074,0.2893506,1338.8381,1.5030491,250.3669,0.9730478,0.14248948,0.15961917,2
64.05579,50.08639,83.51865,78.916885,521.5277,61.73266,53.89083,5908.76,31.953663,0.68801177,127.02564,190.59467,6.850075,1.1759953,0.2284694,0.1004707,2
209.38214,141.33076,257.84467,177.94833,396.95068,71.82892,79.54483,4491.737,0.1398298,0.08513055,1640.8442,16.614227,1367.2479,45.75505,1.3266654,1.1409978,2
64.32066,162.19377,76.19093,78.972694,47.893204,65.0809,55.62272,185.87192,94.1232,0.11838938,1736.525,9.433733,3321.725,1.291779,0.50839365,0.53956693,2
82.3128,129.53958,199.72057,78.712776,373.31097,82.62978,58.2953,52.49137,18.405327,14.072524,151.62962,162.10959,23.120121,3.6427753,0.33776328,0.25436032,2
99.26863,153.5565,39.206573,99.20033,30.312515,69.0038,65.0586,58.09906,0.44588834,7.138218,4959.317,8.863235,0.13019362,5.550372,0.595513,0.88507044,2
113.64483,69.45273,384.81372,82.09245,257.46478,87.73449,62.56769,114.17973,33.764885,4.912584,274.15167,2.2067676,0.21312323,14.909456,1.2664496,1.045968,2
67.7952,64.179344,10.195657,140.2078,22.012112,91.78769,56.87388,2124.1826,0.8281044,2.3895795,158.65675,9.502529,0.54604876,1.5787528,0.08712674,0.61535096,2
64.40952,89.8625,8.121976,161.38486,11.300416,55.840107,56.434456,9920.565,53.257698,0.45620367,294.1731,113.245804,1461.4675,1.1576707,0.13689491,0.5009547,2
90.552444,51.91931,7.6668043,136.49477,19.740154,55.440495,60.26467,703.9934,115.51593,10.325943,8910.072,70.904655,51.519936,4.6683345,0.66242427,0.76787597,2
63.289165,146.78331,373.83075,172.68085,354.9398,59.00495,55.784843,3369.29,0.5698124,0.08408262,4304.716,199.29482,4203.5264,0.99496263,0.06810603,0.21066725,2
89.41664,83.40422,8.371517,91.14014,14.161847,67.77444,65.89652,108.25697,0.311556,0.31406668,147.91838,3.8496518,56.936253,3.988157,0.22381185,0.09665854,2
143.82745,50.937386,10.550299,175.16475,13.177564,62.786613,65.76271,6067.0034,52.757824,0.34359115,116.3245,11.558954,0.13216655,26.899605,1.7915298,0.90738076,2
168.0738,129.09279,137.19994,184.7955,437.75867,89.34924,88.910706,244.32854,0.41438082,0.32867798,218.6294,11.625158,2437.7598,32.41049,0.3530904,0.5325741,2
63.881783,50.157257,336.69452,159.25029,487.91177,72.72262,56.686695,3657.0525,13.625843,0.5435764,6154.6187,1.2212012,0.1853947,1.033143,0.19144632,0.59299934,2
187.40286,51.53102,158.49034,79.7279,459.94922,57.77195,71.713264,5084.5464,5.395527,0.15874639,118.372574,1.2320064,0.11092656,37.883015,1.7573361,0.19092613,2
165.3905,129.62439,390.79993,81.412056,266.9137,64.02705,81.039696,108.33818,119.96281,0.08160734,7896.943,5.104387,0.8208615,48.562557,0.4413973,0.18553634,2
220.05031,63.165527,8.80694,96.584206,11.075821,76.228485,73.697205,274.90198,94.19889,4.5108204,8914.356,18.527239,4586.639,44.994087,2.3519604,0.29593596,2
204.75064,141.7743,263.27383,122.76223,545.42505,54.61554,82.42124,1534.035,1.1033771,7.0600696,111.790764,2.393585,0.70180815,108.46797,0.8249114,0.43753505,2
63.719685,129.05595,8.053203,153.27383,13.311882,58.460026,56.45678,32.59695,10.8285675,2.794526,3579.559,195.7043,0.173365,0.9384911,0.09847857,0.15065914,2
215.5343,70.40274,9.479123,77.77309,16.948135,59.36247,93.1015,3866.703,50.73125,6.324144,6947.109,2.4818304,158.13193,68.64421,0.59754527,0.65007454,2
222.30357,71.08392,322.5773,128.73529,453.68033,65.49741,72.55165,20.062273,1.700007,0.2985446,174.8584,13.599188,1.9556336,143.06071,2.555032,0.36825186,2
131.40422,50.422035,386.854,78.09984,335.03552,59.631817,65.93289,6237.094,72.1427,3.3298345,8740.643,2.3600254,0.40406033,24.739962,0.8551997,0.6735476,2
83.774864,90.19895,92.01161,92.01259,430.26178,58.665257,60.31503,8597.231,0.41504437,0.35489064,4866.044,97.272125,1508.8363,4.315397,0.26590165,0.21368673,2
79.85063,50.49884,331.73132,126.93252,293.23383,54.103985,62.168232,32.967712,70.89307,0.09227989,100.83083,28.756563,3.40605,3.8170452,0.13778593,0.039348222,2
128.61638,66.77221,153.33328,159.49852,66.77912,94.69046,65.02396,10839.881,51.788048,0.34013912,1007.95636,92.8268,2.1252975,16.17554,1.2503877,0.15978175,2
127.23716,150.63861,13.5757675,81.84036,18.452087,83.91934,72.18578,3259.3167,63.862976,2.10758,8291.98,152.97377,246.98438,22.000648,0.34374395,0.3450284,2
104.13827,89.38147,395.14734,79.42559,284.10617,54.453926,66.671844,438.05463,7.923647,2.5028987,8243.5625,132.75432,4.953983,6.262298,0.5668794,0.10306764,2
226.33885,50.489902,18.58894,79.102036,19.993929,80.65834,91.728424,38.398254,133.32373,0.15728138,117.321396,6.7552285,132.81773,155.34415,0.49019232,1.4960787,2
159.66667,56.488815,52.169235,121.32718,531.5072,55.541996,81.725136,8408.321,43.23216,0.08026044,309.85956,1.192512,652.0752,20.63236,0.6526074,0.20651244,2
65.95284,100.69312,393.68665,97.92055,180.30333,61.912155,55.548843,26.974659,1.3051704,0.38442636,8341.686,1.9195639,4644.49,1.4037327,0.24129444,0.5150925,2
78.2975,84.54759,31.106836,92.155914,9.163008,55.151814,62.3607,152.74084,95.78085,1.6498313,137.61102,56.71597,1719.241,2.353485,0.22167361,0.08983719,2
219.59132,122.485115,12.076906,106.80238,39.71835,63.381935,81.79207,26.898735,3.4783945,5.2089424,246.60947,1.9030861,1.2643901,136.73776,1.1183097,1.3925048,2
180.5762,50.31254,215.71259,148.64616,85.1714,59.514954,68.81385,127.93068,0.35730463,0.23492841,319.06244,1.2701247,1179.1797,57.91367,1.885368,0.55037296,2
89.229294,121.849945,13.418087,101.61111,17.591375,81.98368,63.666317,2164.9233,3.738042,0.33982822,109.20713,168.38843,1392.0637,5.0732126,0.26551923,0.12928881,2
83.6228,76.69585,10.520643,151.84796,15.077017,76.15818,58.76084,101.9368,51.067074,0.39965704,742.59106,171.21187,7033.6987,4.4882154,0.8034146,0.02791766,2
154.74933,52.851364,295.21396,78.23926,386.80685,56.61085,85.76617,5737.631,111.16042,0.37269804,7415.6577,1.58149,0.08565955,26.050072,0.2728439,1.2995034,2
86.55141,123.73921,39.67231,116.80863,4.932681,58.475708,64.3784,31.726305,0.16315918,0.21186297,7222.9395,1.1646671,424.62912,3.3933868,0.21905348,0.28754398,2
226.65637,90.0622,124.08826,110.048775,75.84469,69.75626,94.01486,6581.347,35.78093,16.609663,117.79027,1.2372757,1.8857206,72.86506,0.78706026,0.33808258,2
223.41617,106.811584,309.26498,77.465454,141.05014,55.111103,81.68483,2556.732,35.601112,18.306398,196.50337,158.73236,0.34025392,46.505413,1.6453562,1.4045175,2
95.12368,76.140564,14.587647,79.59297,19.808504,77.998184,59.970795,6111.173,35.881176,0.43193248,701.4257,95.57544,292.53778,5.3702173,0.5577892,0.27814418,2
66.2431,51.373188,7.7160435,78.14198,14.193176,67.68114,54.359238,57.16018,5.4093413,0.20311615,7233.8257,1.2942808,1.2888645,1.3087544,0.22833045,0.48028886,2
81.39755,127.63849,189.88995,184.09709,490.44992,57.998657,62.089214,365.1548,5.297023,0.19139846,1829.9835,1.6070632,0.16801526,4.0476265,0.08683674,0.11456694,2
65.05655,55.7345,79.83833,77.71827,98.68721,87.81543,56.843754,648.0499,45.41573,0.31190696,4607.319,1.7203559,0.35534906,1.4878287,0.32332727,0.2026785,2
158.28111,127.50288,9.385474,141.0187,17.400833,72.42624,69.6782,40.524803,0.18296753,0.20383051,137.75882,1.4688891,167.75316,19.405098,1.548329,0.12328738,2
217.16248,76.87819,55.631065,168.90082,447.0292,87.15662,77.09484,445.47513,0.1311457,17.459742,2964.9783,189.21066,13.957097,103.37306,1.3933365,1.133234,2
66.88512,158.07329,68.65776,78.12628,80.16498,67.055466,56.591267,2975.2454,116.53521,0.22834282,8213.033,3.9818616,6011.1523,1.2316064,0.5264127,0.67076993,2
142.64066,162.68015,70.2831,77.92047,444.41254,81.399086,82.10366,6036.2725,26.990583,0.16245,252.20966,1.1864945,1706.7405,15.856593,0.39276022,1.2557428,2
65.340836,74.74656,290.53873,78.93388,112.92636,55.069542,56.455055,16.155855,0.56976664,0.1926183,157.37894,1.1589375,1949.1707,1.2104697,0.55292356,0.34839043,2
132.96361,151.53874,383.86908,127.082,243.58356,56.98053,75.43867,4894.748,3.3685937,0.093459815,120.45692,1.3885671,0.46191236,16.529316,0.3750991,0.067580625,2
158.77982,157.95554,59.7013,125.41384,566.70795,60.73699,75.78114,54.693085,36.43256,12.940796,122.40065,1.5629402,4224.1304,20.941553,0.8652224,1.386514,2
192.3324,96.42784,389.05493,121.21017,240.24895,55.14373,73.74752,8710.674,104.44493,0.29267344,231.05618,17.453268,467.03668,41.60491,1.3889586,0.37006158,2
63.36723,162.88062,44.86716,165.9126,12.507757,73.73486,54.861626,39.26007,2.435505,10.468294,5120.065,4.5294943,4443.6567,1.2289481,0.3107177,0.33313003,2
84.120384,52.68059,60.928524,121.22823,518.2421,65.86711,59.224728,138.96007,0.3956801,2.6931322,326.992,46.894943,117.38573,3.7579498,0.8093184,0.8947687,2
222.86595,84.50701,66.70367,77.47234,63.354435,70.4855,100.89864,7619.4595,4.017529,17.906145,116.80768,163.60098,1.1281588,47.052467,0.9013207,0.5870011,2
66.05415,54.70092,63.411568,78.376526,564.01276,66.33272,54.47014,248.22375,61.725178,1.5523589,105.37613,8.971431,0.4438015,1.3537065,0.36730936,0.2105556,2
71.52088,68.22129,13.794875,143.1946,33.315998,58.74953,57.48626,699.24695,66.14016,0.38226748,6703.0156,110.90587,0.720761,2.2182236,0.16838709,0.76947224,2
70.36544,82.09573,248.1666,82.514496,105.23187,64.54269,59.111313,3378.2727,8.7596445,0.48800033,1717.4684,112.67805,0.09505612,2.0981967,0.075962804,0.63225937,2
88.78337,89.15369,44.320374,84.22057,5.276273,95.05504,59.85554,4560.929,0.40297845,0.1498429,211.0607,27.932076,2699.2346,5.545419,0.8195459,0.10659781,2
152.86383,50.090485,10.137438,78.38702,6.944643,81.60806,85.5508,69.03404,56.357933,0.23047489,4952.2827,20.000893,4.7967415,20.151127,0.42497587,1.355888,2
196.85316,67.12001,17.17508,79.97077,5.6584415,60.656857,87.54682,1571.264,54.795128,17.797318,286.40833,174.5429,434.91547,54.303963,0.62842387,0.42815307,2
79.410065,139.02649,10.582539,92.84492,8.496824,68.10797,59.46788,32.28844,0.3126507,0.10228322,1321.4169,195.4484,3697.2017,2.5861847,0.84642696,0.5362308,2
63.80356,52.658775,320.00378,150.8433,197.99014,80.718994,55.867134,33.87825,10.537113,0.16912228,5099.2773,20.193903,0.3616752,1.1510237,0.18876171,0.10148068,2
134.66727,52.341675,12.097256,83.8492,34.029198,54.14536,80.59852,24.74302,0.39842448,0.09794818,2895.089,5.4190927,0.50082856,12.576638,0.4805673,1.3591384,2
183.74341,143.91138,14.705199,151.39313,16.781622,79.42774,71.77272,56.537247,5.938304,0.24533935,2319.2576,17.729275,163.54141,76.583786,1.3292589,1.1710672,2
215.48454,156.64342,8.033244,158.06456,10.018133,65.56588,71.1559,59.303722,38.41652,14.362677,222.84856,6.3057537,0.08948819,51.17994,2.6253896,0.45901868,2
226.37984,65.213066,11.708692,82.922714,16.242208,55.593163,103.06391,111.12497,11.152527,0.22863515,1059.7667,9.286967,1.3148074,65.49818,0.5358772,0.40021032,2
129.66582,50.16893,47.303986,131.98285,34.57903,64.1662,64.750374,65.02132,55.99114,0.11282143,4020.7363,2.115026,17.769583,16.422976,0.954432,0.1661737,2
132.64772,102.124916,284.0863,110.34809,315.83582,56.163036,67.97878,8806.054,77.7782,0.22068788,3815.8506,46.128014,0.09268511,25.286089,0.68854237,0.27247953,2
104.677376,149.10376,49.799873,92.13544,43.412903,76.19001,71.5545,65.83728,52.120037,1.6795721,142.35088,3.9336877,4993.5415,6.1350045,0.37639087,0.5268981,2
123.292015,161.38779,203.35645,112.87341,397.0562,61.520752,73.98463,25.212503,35.589157,4.622717,958.5543,3.3030758,5382.0483,18.523245,0.2488699,1.2165228,2
137.03047,50.340477,112.42973,110.5644,708.5622,57.047447,73.39815,4843.1406,4.316596,0.37514532,5543.4463,8.296188,0.10111389,14.099863,0.6724324,0.91773385,2
224.72473,60.574883,155.00769,85.335754,143.87393,55.92647,94.32994,109.97821,57.96277,0.30486006,319.27386,47.23413,87.49444,55.902725,0.90028256,0.31655112,2
107.39593,68.47194,93.6982,80.171715,74.31007,56.38778,65.87008,7608.7256,0.7029058,9.762108,4869.93,3.213785,0.11303287,12.185799,0.44022372,0.8448677,2
136.76752,50.170296,240.56976,107.78345,93.435936,68.822075,68.34366,275.46997,17.44947,0.17503263,8262.471,2.8897936,26.213413,13.026301,1.1446388,0.36366418,2
202.93845,128.36736,22.49602,132.2105,5.177794,81.647705,81.465004,14.976534,0.13066088,0.46243733,110.50978,75.55507,957.59436,58.19803,1.0732939,0.4171515,2
68.85967,50.108295,276.92474,110.76492,189.65717,57.514156,58.512245,293.3134,2.8474233,0.13343588,106.89906,1.5231502,5239.653,1.4997834,0.19919753,0.4513002,2
88.68847,60.107533,17.905848,134.36653,13.929841,72.33922,60.429832,495.49973,103.505684,0.089538604,3591.4895,121.23564,3.2043304,3.713553,0.61526924,0.6731999,2
65.84933,52.219246,8.086831,86.140366,19.943771,54.251747,56.164726,111.41009,2.4922228,6.311737,421.18817,9.030645,0.29223529,1.3684962,0.07984746,0.48334113,2
74.74201,141.00687,19.696957,83.83237,26.206764,54.529045,61.034595,1758.0747,44.052155,3.9990764,7546.5547,193.94278,6724.879,2.7315109,0.074036226,0.7529321,2
105.180664,52.88923,45.6249,124.971565,5.2662277,92.701965,61.482395,11848.785,115.9834,0.4103349,7919.111,1.2006354,1.8066483,8.020434,1.0465968,0.3317798,2
81.477196,128.62862,76.84529,79.6105,78.77373,55.713406,58.05174,21.090748,33.556828,0.5249959,1840.1323,5.938477,0.103554256,2.9533892,0.3744757,0.923285,2
72.489075,127.44952,392.51273,83.685455,328.48825,84.32625,57.053177,910.5087,56.737026,14.278085,4888.682,45.521645,63.84748,2.2250981,0.34257427,0.49969983,2
147.81738,145.99953,389.31525,79.50164,172.47426,69.903694,68.908295,27.895306,2.437922,0.2317728,1618.872,2.7880843,0.4546661,20.8312,0.98354906,0.5123631,2
124.513245,63.60517,312.84763,131.08627,189.76328,81.233406,75.865616,281.20572,80.43674,1.3427392,2580.0125,83.992584,7182.3857,10.1176405,0.49332687,0.3382274,2
69.92929,161.3971,387.51407,102.3486,318.5301,70.397804,58.24612,5983.9507,0.16892833,17.994957,941.8862,191.31787,7153.364,2.119746,0.083186865,0.16754414,2
118.31043,149.35678,402.78235,94.33435,333.8704,54.664757,70.45026,29.46309,28.183573,0.05411996,165.18481,91.402145,0.09145067,16.767315,0.35073924,0.7100575,2
154.33821,50.4119,192.94522,78.11666,151.2189,62.82148,71.96173,19.571579,10.475882,0.1777252,1432.7775,138.99524,6636.0996,18.306482,1.2803534,0.9668339,2
166.5102,109.61868,377.9563,85.86763,256.66064,81.81773,75.77612,43.9552,43.69223,0.1610506,184.2343,1.3277764,54.442055,50.209106,0.7738468,0.21339028,2
109.69467,66.34193,50.44461,78.92748,669.6845,54.70076,66.19102,4681.327,3.4197633,0.29509208,2825.0554,33.289783,752.2964,13.247486,0.46382302,0.4760087,2
217.41061,58.911976,269.4305,165.5279,112.44585,85.94513,71.11198,10158.493,50.96402,0.3584916,1409.2793,39.14155,91.51929,43.361732,2.872373,1.3845277,2
221.10443,118.89974,134.7411,118.20756,114.67107,65.08831,93.19304,11183.783,3.019864,2.607965,273.70123,140.32877,522.1203,70.349785,0.6841529,0.2871016,2
116.14148,128.41962,240.29036,89.805504,124.686806,74.937874,73.16424,111.61315,13.016486,2.7565389,2961.0225,2.4185748,0.10019643,13.425687,0.14376564,1.2249223,2
84.98014,89.70683,119.72655,123.88931,56.597584,72.43576,59.752846,17.762754,94.38346,24.679205,690.64514,3.9578192,40.890797,3.3548934,0.35322562,0.40172178,2
182.78885,52.57231,391.4914,79.91361,352.68082,90.51343,68.82634,24.743656,0.6707249,7.334858,213.01201,1.4950209,0.5072293,64.26092,2.157869,1.0386711,2
189.02228,61.615326,10.355977,126.09277,8.915131,86.873665,70.11253,18.229599,43.78521,19.83097,1217.5342,3.4285989,4611.6895,30.430513,2.1957054,1.3204076,2
85.556244,159.42133,8.665991,94.56784,13.993247,54.43349,58.113857,31.283567,1.4247782,0.21377218,375.4078,22.133562,3091.2036,3.441865,0.6692971,0.7481836,2
125.496025,121.49646,95.151505,95.871994,53.612732,83.785416,77.42244,933.6805,57.96021,0.08123418,383.45163,195.02676,0.90017617,12.500194,0.27629668,1.2016808,2
110.927055,135.24867,204.6453,96.66786,578.86115,61.285976,67.934494,63.073986,0.54670835,0.26468438,150.35616,2.1262145,0.1037319,8.536067,0.45897517,0.47186446,2
72.99666,50.11985,95.68837,113.469925,85.89328,78.45602,57.876602,1208.875,13.882166,17.118704,8223.263,35.063522,6771.5435,2.6776671,0.20969133,0.72443426,2
223.2369,50.07811,212.52925,157.69637,153.67322,91.058586,73.37173,2006.0038,30.239344,14.191724,439.0443,129.20164,48.063145,52.66475,2.0562782,1.3162911,2
67.82581,86.91365,18.379217,79.05144,11.85901,87.681404,58.002396,212.85623,63.096264,3.023388,619.3285,8.871336,5.3748565,1.7012026,0.077149056,0.06588599,2
63.296494,51.547894,85.65965,187.10834,693.91223,80.12331,54.622196,42.29454,11.86371,13.04253,5227.0586,37.96492,5359.5894,1.1770457,0.33525378,0.545504,2
64.57935,51.139023,9.1797695,113.03778,21.518227,82.55464,55.591057,160.38106,5.935683,8.940718,8477.259,1.2243092,10.484371,1.4855216,0.41691467,0.1213577,2
188.94482,79.36184,61.726315,127.07015,51.798645,60.60478,94.63048,3466.2708,64.99129,6.492521,7547.7783,73.59235,4146.426,80.0655,0.07954989,0.34942004,2
203.57863,160.804,110.547745,84.96575,86.07769,63.27289,97.629234,18.875103,43.014137,4.7333364,622.71423,81.29837,6777.6626,69.41753,0.29404914,0.5053363,2
185.76163,162.9935,253.39107,144.56078,110.07097,68.897156,88.68727,181.30165,1.3143731,1.4602609,495.41095,2.1821148,6575.913,57.143295,0.37308624,1.2837675,2
95.92615,58.852184,354.44742,165.83525,281.60593,61.233845,61.165863,28.96839,0.19476096,12.043373,113.88529,187.38113,1469.1797,5.1183963,0.8863454,1.0883077,2
225.20023,66.99232,31.48906,83.20978,68.140274,55.33883,92.03251,1890.0726,1.9317358,0.5002843,1655.0577,8.931614,1857.7162,153.57515,0.5141628,0.31097203,2
215.08707,56.314846,49.689972,95.297455,748.04407,62.88097,90.82294,22.29507,69.36644,19.763937,121.247,1.1777275,7.878659,59.924206,0.8089843,0.6028545,2
223.19775,149.52141,332.73828,98.22904,189.66898,90.65959,82.91724,3934.3975,0.4543296,0.51814204,271.08185,54.76305,4.281657,49.67738,1.5235636,1.4854423,2
157.51796,134.35162,22.432194,119.755165,5.720748,55.62939,81.8926,36.66939,47.397835,17.488705,787.8229,41.2591,0.83489573,39.327866,0.30643156,0.20473121,2
98.48004,137.94739,8.083636,81.849724,17.333147,56.358562,61.524597,708.01294,57.01742,20.174225,8451.595,1.2131094,4399.846,8.187685,1.1812783,0.017759467,2
80.825485,52.49327,48.50357,93.74638,36.191963,67.47427,60.209717,4379.8765,122.538826,9.545788,2784.2837,161.42644,0.25741804,3.9880662,0.23705633,0.14658664,2
216.69382,56.550858,8.365681,97.05092,16.351524,54.3467,86.44998,207.90366,6.023727,13.820294,371.6537,37.853325,0.71983767,107.66514,0.75679016,0.29555106,2
111.76667,55.221313,44.65019,105.34007,67.078156,71.39846,62.82781,28.178604,59.760696,0.11985114,8839.697,170.29297,0.12942734,8.704502,1.187052,0.12931758,2
183.11383,77.4079,321.20776,87.46098,139.35779,75.07037,90.516525,55.91933,8.739414,0.10286442,1630.0128,121.92847,4754.9995,36.84818,0.45375526,0.34003,2
213.62364,124.56137,12.752707,125.49741,6.49459,73.15533,98.80255,55.58952,0.15405531,5.541941,8062.499,1.4732637,0.73072225,44.927223,0.74430585,0.950133,2
87.343506,53.37094,369.53607,77.676575,148.39484,65.16484,60.304092,2064.829,63.03474,7.8432493,8991.413,5.900717,597.00867,5.3193884,1.0003898,0.8868309,2
65.49073,86.89898,356.18845,158.99512,170.17874,55.684826,57.409393,37.61613,0.39124873,0.39191657,5100.625,12.937194,200.8981,1.2629408,0.20580053,0.17436424,2
75.66598,51.08531,8.019105,86.66704,28.28016,88.00858,57.80486,17.075014,0.8350474,0.46361244,110.3009,30.112953,33.28103,2.3998551,0.7235156,0.5844287,2
120.06298,129.05788,7.8583455,171.62039,13.530657,74.23534,75.60301,1421.7513,96.39106,0.87648416,9591.441,5.903138,2.8267992,17.964481,0.06731861,0.10903485,2
119.07728,76.25125,299.76877,138.88968,146.16104,55.293583,64.13081,10849.303,80.67832,0.19853629,6773.21,33.849705,5552.49,17.593739,1.0883026,0.06828611,2
193.15405,163.15286,20.576046,174.44022,5.1655655,61.550423,87.090355,156.20683,2.2960494,0.43031043,330.45483,2.105183,4.426502,89.84786,0.38912392,0.2540138,2
221.7463,50.83873,196.78082,81.01309,129.67647,59.08317,77.54085,453.61874,3.2052267,0.28000438,8136.3203,3.2909353,20.11416,52.400387,1.8192664,0.45504397,2
121.32748,58.90381,51.109222,132.44757,508.55444,82.377335,64.32085,82.87767,0.725399,0.13583547,1824.0709,2.1938245,0.17540398,14.641058,1.6012113,0.80128664,2
220.3222,55.111774,405.7756,99.1892,232.27579,59.966896,71.25296,37.65819,0.3643791,12.808603,6890.849,192.0367,3.5219555,101.45739,2.983018,0.28138232,2
81.515274,89.40863,58.429554,114.21291,49.006584,88.94831,62.061337,103.321465,0.3377195,0.07102274,7030.835,3.2752001,0.13174005,3.1096885,0.23037769,0.100516334,2
69.0051,152.09984,32.55879,106.5247,5.341128,65.96389,55.64735,1363.1516,1.7292325,0.23101631,8603.712,1.2494066,6555.798,1.7294049,0.42489642,0.3289811,2
210.4352,138.24619,398.76855,85.43223,259.1047,62.026943,70.649025,22.623363,63.351887,0.090759434,1524.7672,193.2915,2.5919747,88.84851,2.8997364,0.32081303,2
71.79986,63.163326,39.772102,80.80484,11.167521,65.378426,57.672993,2940.6594,14.950607,0.113817446,131.6992,16.60037,903.00354,1.8157569,0.23739481,0.14334203,2
117.30695,51.85726,10.468149,96.51755,21.380133,63.108,64.32219,417.34436,2.404238,5.7739387,280.50052,1.4922585,0.101772085,8.833141,1.0581145,0.036179494,2
70.28143,116.726814,8.300126,129.46764,12.6870165,59.392784,55.227585,9577.857,1.2985542,17.27145,692.2928,1.4813361,0.1495315,1.9386508,0.3020022,0.63481474,2
63.4955,97.5395,227.42603,140.42896,567.7663,55.606144,53.738056,51.34259,20.396517,0.27875906,6543.89,15.764366,97.79106,1.0429677,0.19824368,0.21263805,2
136.26157,50.211487,31.220215,171.19003,51.781525,79.54983,78.83854,15.200611,36.598965,1.287201,8198.116,15.186141,4934.7646,14.848183,0.40550283,0.0655343,2
226.62088,86.0911,238.07243,87.842705,105.67145,90.840805,93.841354,89.90259,12.984689,2.0573545,628.6777,2.6356623,3529.131,92.42883,0.6713903,1.3260462,2
95.73993,50.360565,118.46408,184.90201,416.3816,58.84191,61.200558,43.30757,135.3041,0.19388539,447.0604,196.9279,3295.2104,4.9987993,0.7116127,0.027184464,2
89.292435,50.288223,21.886574,124.652954,5.162065,93.253876,61.953537,2958.858,49.04091,0.2532285,4156.0405,1.3808153,0.25143066,6.112664,0.31304812,0.03141773,2
206.6825,56.539223,153.18059,78.84786,93.55322,67.535095,72.58315,60.612946,58.430943,2.0877354,115.76026,21.64721,6.5733376,93.954254,1.7746582,1.2643137,2
63.331207,72.55411,81.11676,80.72714,70.22198,54.035343,55.184277,19.068472,8.354943,0.27721477,509.0562,28.191734,5076.9863,1.2590458,0.09988254,0.5512532,2
88.444595,75.17211,383.95004,120.44134,184.21504,93.62042,65.011086,4362.1978,42.89559,0.30511972,2147.027,66.234634,0.3863798,3.81658,0.32895315,0.014801451,2
132.07375,73.94995,123.64355,96.600586,59.09154,58.34075,79.78076,2863.308,18.942062,7.468261,3467.1604,9.742888,340.8684,15.783486,0.24415985,0.36832023,2
217.5423,147.52715,74.98325,156.99643,78.40027,63.539864,71.08176,639.6082,83.563354,3.4603531,2676.6694,163.64305,215.1991,119.17122,2.8425546,1.4989655,2
195.29324,50.411213,36.180542,90.74872,7.259233,57.588757,73.16848,1397.6606,34.53363,11.204996,691.65967,10.162224,6711.979,93.71933,1.4029081,1.3674502,2
70.20537,62.854507,83.93991,91.98865,680.9106,65.55855,56.735043,69.77955,1.8884075,0.09914819,1721.0284,6.977795,1.2798594,1.5758591,0.31970826,0.6131751,2
201.32773,78.589455,161.82347,140.04568,94.62405,55.355164,74.961266,34.184074,80.21922,0.09941023,183.44107,75.88189,6887.3467,37.11318,1.5543008,1.2573287,2
164.66603,159.08678,7.6641145,81.56065,15.345439,90.88312,75.8404,398.59683,106.70301,11.545254,428.21597,2.1981657,28.368477,33.18514,0.8555061,0.20342335,2
96.36946,162.72581,88.28319,78.879776,102.329636,84.59839,62.90038,3683.6409,90.47717,0.2068471,309.77213,75.79286,4159.4434,5.0900316,0.49550322,0.14302754,2
114.52246,146.15024,396.24335,83.84155,227.37167,55.50046,63.09382,41.702385,48.033768,0.10828821,98.97621,1.4163626,39.62996,10.769564,1.2203714,1.060982,2
94.87548,120.87381,9.432918,80.3522,10.28133,79.97475,68.119576,554.8786,15.993654,0.7449161,2353.2275,5.4495077,1611.9543,4.8390417,0.26109067,0.10938359,2
64.75398,151.40881,149.10275,80.9595,106.04315,74.08814,55.757233,7730.707,44.423077,0.08875743,97.74236,29.009932,2253.7378,1.2630739,0.10048566,0.268336,2
226.3665,163.02768,8.68871,78.98738,7.078103,75.3657,80.54974,31.661936,8.235314,6.3458943,3432.7424,1.3971585,6.1968484,70.533195,1.5485454,1.4695854,2
77.98398,59.263165,194.6967,107.00336,382.1241,82.456696,59.01832,6434.511,67.15348,10.50088,779.5761,2.0555484,242.05113,2.348916,0.3052597,0.81122124,2
226.70924,60.8063,392.2921,80.84382,343.6687,55.520725,101.72987,323.49573,50.381706,0.095862456,817.32196,5.2752557,0.09928516,50.52983,0.8651298,0.70977783,2
64.226265,161.54639,7.835003,79.080956,9.740745,55.613056,55.058796,156.48917,129.98334,0.30045158,1073.3342,41.650517,128.14677,1.0738684,0.19240476,0.21406671,2
146.605,143.00357,270.87137,163.99231,102.347374,57.98282,73.293106,70.00174,27.257769,3.2386653,7625.443,30.27342,0.12247268,33.9978,0.6410465,0.29112232,2
223.2232,52.85568,176.50926,124.05832,85.36643,76.06122,92.2572,7682.8613,4.5585203,3.7442768,7480.324,140.02678,1750.2302,53.37619,1.0345039,0.31013602,2
220.41394,157.23537,47.133694,81.32765,457.7055,74.922264,88.96032,1871.9031,0.74167407,0.1962154,8180.659,19.366589,0.8714781,140.35155,0.6072462,1.4577568,2
69.94451,56.20784,76.08522,77.96097,43.30861,56.123093,56.559887,172.1925,48.98768,0.22149752,951.5188,2.1892595,2004.2656,1.6594609,0.38338658,0.47285807,2
88.88493,51.997192,19.090399,187.18263,5.7441015,67.28799,64.9011,31.177746,0.18849473,0.7987589,7894.352,1.1590914,0.105522715,3.8843873,0.34088457,1.0184397,2
214.32326,111.09989,404.15863,171.11893,233.80804,91.73094,87.53496,44.628685,2.2993212,2.5115445,657.9275,27.922077,3791.1785,46.688023,1.1417769,0.31852162,2
140.47867,109.88665,256.92715,188.27118,98.06867,56.2799,78.39697,186.35399,55.251858,0.14035003,754.0845,147.96988,0.41552064,26.442255,0.3377053,0.16195607,2
215.21446,153.98825,397.54358,106.1033,248.15851,62.611687,95.63716,52.980644,0.13943878,0.11059883,284.8479,5.20981,541.84845,123.412384,0.28119183,0.2647691,2
212.93233,50.15261,325.4395,135.47905,122.768074,58.562866,77.89609,585.79236,110.37735,19.336437,5662.8496,1.1641313,0.14253612,107.309235,1.4557996,0.8912754,2
64.60788,50.702805,88.12784,87.90513,50.004013,63.69321,56.788918,26.84279,4.3636637,0.47996613,2810.3594,43.367477,462.1288,1.4135151,0.050237074,0.29719526,2
63.489136,158.13072,17.534134,85.8266,17.1622,68.02959,55.015667,1494.4973,2.5712004,10.229913,8265.017,55.367393,4053.1606,0.9886026,0.2870192,0.10653794,2
67.49331,54.800957,142.04947,78.333206,681.766,59.046913,58.093765,98.45376,0.3833807,1.5153037,1228.0977,175.5924,141.13165,1.3077123,0.16607949,0.16856444,2
66.54408,162.66275,8.21485,166.93661,25.128258,55.101475,56.125,42.485023,8.553344,6.2715435,8624.951,187.39317,6611.9136,1.2394496,0.1728636,0.17221558,2
121.53157,153.80899,11.958866,77.15675,8.50451,88.01193,73.76552,5984.5557,71.03029,16.987434,2524.8682,165.21786,6.6676664,17.198063,0.19721934,1.1085163,2
86.720146,142.46706,182.69702,183.82394,633.01227,59.50038,65.21973,23.562935,10.510353,0.9205087,5703.9683,21.007404,0.88944817,3.80453,0.42304957,0.38780433,2
65.464325,53.338516,51.503986,115.05919,481.68198,56.29364,56.279602,29.48887,39.609196,22.082474,524.45404,39.18244,2928.7734,1.334791,0.21263869,0.6417701,2
69.3445,51.937584,75.68959,78.210655,722.1694,75.60951,57.88261,2447.8792,1.0856355,1.1067219,185.1779,111.819275,0.6939157,1.7071991,0.07348973,0.60405463,2
219.60352,72.80971,299.07413,81.81204,340.95776,54.263313,83.16208,24.765633,17.269707,0.6371347,6940.532,19.724731,3704.9407,109.67825,1.0159415,1.4927623,2
201.09921,116.24984,370.05325,97.62797,152.76173,56.008263,93.60098,4028.5298,33.608574,0.41544122,8773.492,152.53351,4510.2974,91.314995,0.29776335,1.1129041,2
65.03577,52.35138,7.9094377,81.075455,19.640388,59.073463,55.429596,8766.189,33.14227,0.29648063,8361.153,9.064363,3.4987843,1.3743095,0.3052253,0.43922156,2
197.8529,155.74783,409.9054,133.78441,246.42604,74.30256,89.219574,43.911983,39.94697,0.09823225,2256.4626,124.477936,0.22015432,52.542213,0.58697486,0.7347051,2
90.8162,102.46295,26.619762,129.57376,5.657105,56.661118,66.71371,10290.973,4.2620735,0.22165525,468.76547,70.3189,6720.954,4.6648645,0.18859729,0.4337582,2
226.81134,59.774345,89.68594,141.19516,75.47455,73.98892,98.498634,281.68045,67.09507,0.28923544,284.43112,99.76106,195.25552,84.92715,0.53952616,0.64250463,2
98.661026,71.179855,359.53757,162.63043,204.64716,59.67193,66.91403,27.726103,58.235756,4.4858418,148.77245,127.828354,5.0734797,8.403413,0.22022073,1.1242163,2
224.93085,81.15349,135.46075,82.107666,495.1064,62.98731,81.13998,657.26355,0.18536332,0.29882613,5704.692,1.3560791,31.988628,49.72363,1.5219641,0.52405745,2
223.33656,138.58537,406.35034,125.55618,202.1542,66.235886,82.19347,27.314924,122.71786,0.24285157,135.43173,1.2363598,56.43714,47.158546,1.5372674,0.8512497,2
89.26036,50.50978,25.207504,78.23963,16.904213,76.0268,65.67986,7333.992,1.2161107,4.2859836,123.914154,76.156746,0.7032993,3.9045126,0.31206682,0.23000714,2
164.95233,61.35569,249.48483,92.09486,95.30848,58.811646,67.77381,275.58496,2.7806644,0.3725272,1089.5747,6.87793,897.2804,53.56714,2.3653352,1.0863296,2
137.05772,50.35922,298.6326,95.19223,385.6165,89.95354,64.81189,1842.1816,0.1697261,0.16128018,1063.4403,1.2816403,532.8412,13.749221,1.5039625,1.2805818,2
225.65121,130.57979,46.334843,78.46534,527.0804,78.41958,77.954575,30.501257,1.2011662,0.43554193,7927.7866,64.75201,2.1011052,47.485817,2.032521,0.35200274,2
97.447815,58.86497,18.350237,79.58367,6.3665433,77.30612,61.101307,2603.5334,0.18590118,0.24821788,131.51234,11.124995,5.2234554,7.098722,0.8596587,0.108171135,2
176.28561,99.344925,140.33403,176.8792,421.2343,63.88045,90.445114,333.50302,19.119385,0.21910638,1957.4729,2.4186788,0.09778235,57.640633,0.19956318,1.1366723,2
171.28136,134.27162,109.60687,77.92077,548.9746,64.56844,68.99068,36.17665,36.19604,0.2311388,7486.0195,41.76321,6.469398,23.996658,1.9887398,0.93152714,2
204.36847,52.366405,38.275517,89.56482,65.48857,94.82329,72.413704,1048.1091,121.055725,2.64048,2528.4177,176.18301,0.25163293,106.50394,1.7197556,1.0603752,2
171.8558,89.88577,388.99915,79.0179,424.01462,55.835255,70.50677,26.646029,28.740265,0.24636269,4787.49,1.2007974,0.25086537,26.969036,1.6347764,0.79409516,2
72.32869,154.2116,105.68651,86.837845,84.70679,63.957626,57.120895,59.390022,73.12397,0.3113194,2859.6104,11.080774,1.3815529,1.9001663,0.40274805,0.046066325,2
83.05556,55.90625,387.73996,105.32045,325.61548,85.89584,62.923843,3791.75,101.305954,0.72792757,192.10446,3.9957862,6981.944,4.399071,0.073160335,0.04356896,2
219.44032,97.90748,280.8281,78.98372,532.5167,55.85019,82.02468,75.83271,2.5327108,2.599158,407.31372,3.852243,232.74579,120.694016,1.0177982,1.4547231,2
217.63663,162.86726,337.4696,154.09248,399.8279,58.287045,97.84949,8904.3125,96.24057,0.34940556,148.75174,10.088567,6943.313,136.99777,0.20941803,1.3410751,2
207.62761,60.800583,9.071201,99.874176,18.084461,92.19194,93.247314,134.34013,71.343834,0.35169455,218.37485,2.4907103,0.60582197,40.04806,0.9854864,0.27602506,2
65.85442,99.71494,14.73587,165.47002,22.178635,54.96849,55.697533,153.85756,57.037067,0.24458823,681.2241,6.275874,0.30473226,1.5340959,0.3917044,0.3057234,2
149.28674,66.47578,150.34294,85.4819,80.92394,54.475216,67.632614,31.10125,90.75055,0.67480034,1709.1575,2.7630153,3716.7568,34.234848,1.437609,0.1728723,2
133.03511,145.17717,108.420944,120.28208,479.26376,70.36673,75.736786,78.93514,109.19483,0.17462027,7586.7974,2.7102816,4.0947948,17.575792,0.34899688,0.782554,2
106.21306,91.05046,74.228806,108.467865,50.054367,91.122696,61.62712,285.44568,135.16469,2.375607,2897.757,66.32222,0.5343389,10.194504,1.1087261,0.098135546,2
103.1929,108.79716,8.302678,90.53036,11.245668,82.43755,61.025425,137.85155,7.819124,0.1614046,2475.1147,1.3288271,0.30366623,6.029665,0.6995741,1.1638861,2
63.323906,139.83398,234.94815,89.00902,356.6933,61.468185,54.8502,4108.001,31.053175,12.882232,306.61087,153.65382,0.1341778,1.2350962,0.17929463,0.4363979,2
66.12246,130.7238,42.637726,131.05818,7.808319,61.315327,54.315594,10685.568,112.66314,0.2835542,2457.6467,198.84329,0.48282114,1.6481354,0.24349836,0.3120591,2
83.87295,117.911095,20.817963,79.34054,5.308382,81.51807,60.697735,2344.2048,61.774998,8.77139,1409.588,71.4522,5666.3076,4.8455687,0.27604476,0.6091404,2
136.16853,125.37985,26.959637,104.92994,9.152313,77.890594,70.55892,53.521492,0.25120828,0.34890231,112.86852,1.3054326,5188.135,27.416037,0.6015805,1.1447585,2
206.57181,142.53453,385.54498,109.762886,268.44403,60.85374,73.79319,3229.7546,56.211796,0.29116482,8395.451,46.130283,15.438264,47.636063,1.6868489,0.50492316,2
89.54979,117.23781,411.21594,79.453476,343.70798,82.82401,65.793915,26.452927,2.62363,10.1960945,2648.7202,5.010374,3.3901052,6.002101,0.078156866,0.031021615,2
140.75688,51.11693,115.51515,105.220726,418.74088,66.99118,81.967575,102.86403,1.9999311,0.44559535,7386.3906,2.114664,9.7060375,14.287679,0.54859436,1.3844287,2
225.74936,152.43083,8.437799,77.33226,8.281021,86.08226,87.754036,11138.403,0.1608516,5.358104,7527.404,164.30928,4562.5654,59.55554,1.1484582,0.33842748,2
167.22563,155.45706,163.67296,79.403625,96.30592,55.162872,71.237076,191.06319,8.652367,0.5465771,644.7357,66.080765,6.8723707,22.588364,1.4144473,0.22869973,2
219.762,50.290825,8.136431,162.32626,7.64752,63.39099,87.06146,6414.6504,42.26564,0.22438315,7343.3784,72.9574,76.28739,49.194023,1.2264806,0.35330987,2
214.87378,50.15355,9.103334,99.40954,6.794861,94.9041,80.859,383.18976,33.74435,6.972477,7718.6167,183.45145,0.45897752,127.93904,1.042813,0.90158385,2
66.15092,132.04102,38.45016,100.95201,39.256874,65.18191,54.370827,33.027077,154.67827,0.41183746,826.5919,5.100528,0.94039756,1.4831157,0.22591954,0.13828291,2
118.571335,118.23075,396.07367,82.70814,251.7908,54.1079,74.16344,18.979488,37.3105,19.729588,109.848694,27.813688,1.7472268,10.67506,0.35286292,1.000326,2
124.16684,86.78852,128.34651,93.2816,68.2379,62.07986,63.867954,7353.268,56.313835,0.29530156,612.6584,136.12262,13.625742,15.601813,1.4472156,1.0877655,2
73.84285,119.035835,11.120495,77.23677,6.16389,84.81749,56.271027,2831.4285,62.443565,0.41592973,1093.3129,4.8696833,3891.0571,2.8689332,0.29885644,0.26936442,2
63.555836,154.55412,52.720078,77.362,58.123867,80.66925,56.31356,4205.291,56.98708,2.4688118,252.6193,132.87376,3.9170074,1.2696298,0.23462331,0.43596712,2
112.88432,151.01276,375.41068,114.98738,167.71292,54.8116,62.220093,104.16394,110.00965,0.15898582,192.311,74.24025,1.8195891,7.9995112,1.0149858,0.30140454,2
65.276115,52.542625,13.225695,114.51651,17.24137,65.30513,54.187737,14.974706,41.923676,1.0114487,784.4347,1.7154216,2.7134652,1.4761624,0.25941506,0.27135593,2
223.34961,163.40253,104.9458,155.59402,52.468826,85.1134,89.8603,24.105133,0.13623227,0.17316252,524.6948,142.94543,5868.6836,46.21657,1.3548732,1.4357963,2
63.82176,50.092617,17.003567,128.69818,6.0604115,55.60466,54.992035,27.049587,1.4612927,3.096217,614.47675,129.40388,6789.3867,1.1256927,0.32764342,0.11927504,2
203.54254,118.61872,90.741974,154.74516,104.89408,87.63068,73.73569,5152.0117,110.46347,3.1577594,249.39491,6.0181127,2.0379307,41.97807,1.9349812,0.9835797,2
190.95761,52.450485,192.74622,88.311714,621.92065,90.71884,78.43227,130.35028,37.224194,0.3574722,138.88074,192.22945,6666.717,87.71566,0.8789862,1.2512758,2
160.02985,139.10362,9.005468,112.7051,14.216755,88.70549,70.05017,10874.0,5.4235554,0.20545398,5277.553,3.9779172,0.9974738,19.984161,1.5451019,0.53542703,2
67.970695,80.11082,92.67632,94.29127,455.8819,94.25693,56.134834,64.8652,75.59322,0.15782636,5070.0366,9.609278,2.6359608,1.792228,0.4088587,0.69318986,2
63.801487,75.38646,301.39548,108.039375,522.56573,92.03242,56.01821,28.561638,135.2651,0.1571437,319.8685,157.20406,1813.8428,0.9895637,0.14339364,0.096050985,2
226.7554,110.15526,380.5204,180.95566,266.51044,79.14314,72.238075,35.895813,26.934523,0.06935349,1192.481,17.36186,0.13989764,146.90182,2.824124,1.4362465,2
203.13876,81.63986,8.241228,84.52124,9.701766,88.35747,97.64932,1168.0138,5.2692323,2.010526,1575.3553,29.263262,1.0231737,105.10996,0.08274455,0.63231,2
137.50479,68.06633,61.94834,156.99666,42.62361,64.25202,77.98067,16.918015,4.0706835,0.36655065,7610.4023,126.40089,5.7606554,14.087621,0.52699953,0.99460095,2
226.56206,82.50912,12.878826,78.88256,17.673367,81.487854,103.083755,2880.04,33.250984,1.8915688,1497.351,109.06985,467.6533,115.30855,0.2016032,1.461106,2
66.86648,114.871346,49.92475,100.67368,35.780212,79.47957,54.607132,825.94104,0.65558463,2.2862644,118.325,2.7942348,0.14716348,1.7192564,0.2361825,0.23689626,2
71.34832,51.901955,55.322285,188.67737,445.39807,83.69067,59.155872,46.241173,47.90197,2.2301898,1568.274,21.920324,0.2510804,1.9135594,0.25798142,0.07041531,2
224.5213,53.674953,114.60231,88.795364,57.793644,55.007042,73.263535,6316.631,56.089054,1.0088606,8792.382,8.086831,332.46326,46.82364,2.2639265,1.1494788,2
104.213844,70.796394,225.59978,111.820885,175.0074,72.07695,61.921486,3979.1733,0.1747598,0.1913102,418.49277,1.1846608,0.118182905,6.2028813,1.1488855,0.19459641,2
69.60622,119.09286,40.618923,78.359726,13.587956,56.53187,57.710327,27.69651,112.915665,0.24208036,151.83456,1.4587034,1014.81854,2.1101003,0.1816715,0.075399384,2
226.59787,59.07816,12.829532,170.8393,7.471762,90.37468,100.34536,364.4262,0.579949,0.3815987,438.83728,6.2042017,2465.2708,48.392677,0.9839349,0.92116016,2
196.23082,127.845245,148.43018,159.19604,657.8235,61.890858,77.31385,60.349216,49.50438,0.22124566,149.66136,5.2373366,5.957617,80.387596,1.177819,1.0840083,2
197.27979,72.67588,364.66486,78.24213,151.5042,57.12253,69.90481,428.78674,10.433605,0.27388906,7779.919,1.1986508,2648.7617,35.076138,2.5691707,0.21369272,2
183.46014,50.322372,16.251572,143.00357,6.905261,73.26123,88.09618,30.788113,33.519394,0.1541722,899.7166,10.804264,1456.344,76.34166,0.22919872,1.1802658,2
65.4506,55.74527,8.360352,99.40442,14.017434,65.58639,56.76597,3489.0654,34.402855,0.16506195,116.606575,10.478823,0.09980196,1.2560134,0.5386797,0.32712576,2
66.23188,50.10579,8.260277,176.00424,8.994121,54.457657,54.96809,33.813057,0.36183116,4.3495154,8427.646,1.1368964,2.950646,1.349705,0.3581037,0.21673274,2
212.51653,50.996017,315.24384,150.3524,480.58743,60.338333,91.94019,66.196144,53.353752,5.1307163,5936.447,1.3374443,1.6259379,41.328716,1.1332674,0.952109,2
74.8504,76.87329,13.860254,78.92287,32.57129,85.41327,60.15117,3401.7996,36.107536,12.822289,3163.7603,1.1692269,278.79617,2.1130805,0.22556326,0.68019545,2
92.73253,89.6183,111.66756,77.42431,78.45764,58.069168,65.941925,11239.592,0.4240315,20.350512,422.90082,164.70782,2265.682,4.50014,0.2971365,0.21628298,2
117.93043,107.102745,399.5541,79.49365,278.88144,75.44297,69.27946,6082.178,84.553955,0.34889206,391.7829,106.62518,0.35987973,8.896624,0.5623758,1.2233697,2
100.55076,65.67004,150.60281,116.587906,95.86239,62.582634,61.026077,198.92477,122.06987,0.10918437,1075.8705,113.948524,79.062515,5.4915504,0.6285821,0.033627145,2
94.68754,50.076904,218.37411,84.79028,358.6797,64.32231,65.911705,327.75394,0.400886,4.9142184,3349.8364,84.34131,129.55563,4.955122,0.46228847,0.9481567,2
143.4227,51.273052,287.50308,179.8978,117.11434,82.51044,65.41886,32.042152,20.409897,0.6178423,347.1706,2.6584127,5480.9688,15.508056,1.6209376,0.9083494,2
66.669586,51.063473,161.1883,113.63242,87.30349,75.48322,55.55251,420.13782,31.579449,12.271343,124.59197,39.814682,6748.3896,1.4842099,0.18208523,0.36388725,2
68.012505,112.25592,275.39313,77.72994,196.558,59.188984,56.54968,2486.511,0.06455105,0.111551434,478.38403,1.6974928,4.3595595,1.4252515,0.15609898,0.15235451,2
63.665394,51.364746,286.53223,78.82746,393.04504,64.9497,54.21777,97.41666,29.737501,0.8343465,303.30063,3.9191275,716.47864,1.1914736,0.16611716,0.57260185,2
200.39714,53.977562,50.791946,105.82064,41.48926,74.81297,89.45852,19.48188,0.57326496,0.22123016,141.01309,191.34969,6587.2505,35.235863,1.0653954,1.4795183,2
118.79042,61.503494,8.268908,80.1831,12.668693,59.87696,74.298,386.35812,62.90047,12.713232,746.3045,2.045177,5.7587833,16.952137,0.16401786,0.23610748,2
159.69342,157.10571,355.13892,82.86855,208.90907,56.071526,86.9222,28.350578,133.94273,0.17345461,4484.6255,195.87123,0.7062383,45.46563,0.1329783,1.3100626,2
116.2168,121.77229,13.441823,102.07625,10.381109,63.60283,74.379654,36.45629,92.8925,2.3829572,140.71593,75.94289,0.26887774,12.816082,0.20881125,0.9818095,2
226.65855,125.88858,58.972115,82.45029,449.3757,59.726837,90.78223,17.537071,90.02457,11.01446,8298.959,1.2164392,2409.6208,55.37957,1.0218767,1.496094,2
65.366684,86.82872,15.123221,80.55169,7.9992943,73.198586,55.389706,23.26567,1.244503,5.6208405,7212.5234,3.848198,0.51245916,1.1965578,0.27252942,0.5485415,2
63.772972,161.37292,9.500324,107.254654,8.094672,80.89012,55.589924,37.309643,96.51337,6.700008,130.07768,149.08873,1681.3807,1.0841352,0.4245298,0.27631694,2
196.85666,152.03372,89.69905,85.55158,48.85711,54.685913,93.25517,7510.9517,0.95771825,7.6199245,114.85776,19.388233,0.14033026,96.44002,0.21949282,0.2501763,2
103.39641,110.64337,348.29288,85.90082,153.47221,56.717373,63.546326,636.00745,43.190765,0.22803238,101.227295,1.1705995,93.59115,10.713907,0.6090851,0.03914503,2
94.383644,57.080727,34.092644,183.90338,42.199814,65.8771,60.75675,33.071613,60.368233,0.28723097,363.31323,1.4917706,0.49987993,5.9799094,0.7518044,0.8222202,2
174.79343,50.420883,368.1399,104.50629,285.8277,88.95551,72.67707,1360.6261,2.2756467,0.1913218,8743.669,100.02937,1.4721596,40.649033,1.1275489,1.4374968,2
219.22389,109.43117,9.143506,86.177605,17.997435,60.34401,81.738785,3475.8667,54.550022,0.17962557,361.64935,11.315452,3461.0403,44.03134,1.6413741,0.29013538,2
225.96495,134.33801,18.464645,177.97768,5.4813614,63.05532,84.93132,34.287888,40.891796,2.3281946,4356.43,18.835258,1.2625018,137.27032,0.90802854,0.3819088,2
194.32063,151.07315,34.396156,78.7243,16.730572,60.653416,72.29992,113.71143,51.142094,0.46039546,155.43222,2.5528421,0.898463,65.22048,1.5093935,1.4903984,2
115.64741,104.72899,8.337783,84.25134,17.944452,77.35247,65.20328,1074.2578,108.82344,0.27464712,282.17477,1.7942102,4839.1416,9.346467,0.79555935,0.27822697,2
100.18389,100.2588,28.826035,108.15549,45.702698,54.29882,61.858177,40.44148,76.25758,0.1939966,161.4355,171.39262,0.5840795,8.68852,1.2246747,0.068404056,2
82.28444,116.96541,98.41768,137.12581,84.70634,54.331024,63.07918,34.561447,0.19436976,0.31732658,1140.749,69.28556,29.767138,3.2685306,0.20928474,0.8435172,2
176.5863,50.128723,283.68176,188.90742,417.92947,74.02376,90.22905,13926.163,48.643948,0.16206567,709.1742,1.9223112,478.5059,65.02232,0.098544754,0.15925463,2
63.284504,51.07976,336.3504,81.07808,133.28583,79.386986,54.92639,72.62299,28.098658,0.23002747,128.85852,6.3370166,1519.4067,1.1368636,0.3555859,0.29526967,2
64.6223,116.27724,19.444307,110.06424,25.177704,57.83293,57.007298,14246.229,39.70031,0.3319854,179.08853,176.57614,356.02258,1.2300366,0.56950706,0.44952714,2
226.6605,50.499676,9.542025,93.54732,7.8046803,92.246704,86.998955,303.78436,52.576897,0.21164955,1826.8362,2.9724743,0.094548084,106.50588,0.9274729,0.6790427,2
157.87172,120.15653,386.73825,86.9318,241.75438,62.753773,83.33764,29.346657,48.17742,20.870956,108.39142,114.739815,6634.3525,28.242378,0.43710065,1.0084072,2
217.65831,52.26291,402.03308,120.20657,205.62468,95.195435,99.61635,4008.692,53.44306,0.26773268,131.8673,182.57356,2.3193731,55.5093,0.57940984,0.8245995,2
136.63771,50.723,249.2203,118.61793,435.7752,58.60037,78.14753,430.29117,33.594963,13.982502,6664.8916,131.69736,3655.49,25.514692,0.16606717,0.19297387,2
71.05368,89.52484,9.490783,103.71519,8.300973,61.931896,57.99213,76.91013,0.50091046,0.762236,1629.2329,125.88568,121.20603,2.1035423,0.091357194,0.75309026,2
186.55762,155.22305,394.99023,92.58069,337.60245,55.04209,84.40428,36.26098,63.353207,0.9015343,199.06888,11.390022,0.12179248,29.691412,1.0303514,1.0076807,2
103.76013,64.21454,64.86708,92.566635,468.4981,89.382416,61.927696,7404.3984,38.4302,0.31803066,124.52109,4.522339,848.0951,8.035428,0.96745497,0.5378624,2
71.583466,84.81929,33.211662,153.58267,58.029243,65.8014,59.64853,2706.7388,6.9946117,0.16176412,8607.094,48.418606,0.93827146,2.267097,0.07535148,0.5564313,2
63.625935,147.61555,310.5661,77.02721,202.0959,91.60956,55.801174,1289.708,52.272285,5.349136,2069.3606,2.6902242,0.544853,1.0193597,0.16038537,0.1863425,2
220.04778,59.996994,8.760568,81.24046,12.587855,89.85168,100.09959,1729.4358,46.640034,8.14314,7291.334,11.591962,108.60868,55.17434,0.6122247,0.51959884,2
63.681183,158.59601,156.37033,91.97703,149.14012,54.48924,55.65497,103.27844,16.119429,6.926659,324.89767,161.24492,0.5504071,0.9388679,0.08848482,0.5951426,2
110.64348,60.605072,93.04875,78.80063,96.59491,83.140976,72.44164,28.238731,32.518013,0.23624463,6717.474,25.45461,0.10537876,11.734443,0.0965636,0.91642493,2
137.55684,117.28952,271.05356,113.39528,466.8263,60.84395,68.71488,135.23372,118.732346,0.84134257,3231.5823,50.179176,216.86267,23.95456,0.89780307,1.1058426,2
220.54225,75.03429,407.74133,88.29992,208.87625,67.00921,71.61302,4882.9126,0.3058734,18.24846,122.25381,5.7159233,3646.226,142.55835,2.845134,0.62780917,2
105.48016,107.92359,20.371035,139.39046,12.791826,55.022507,69.71205,30.851519,0.6144733,8.89095,1712.9192,1.276264,3707.3765,7.777117,0.22814065,0.1331882,2
77.82614,163.28545,8.39143,85.40276,10.858587,58.01866,61.781734,30.23911,93.08481,0.15648493,253.20409,18.121012,342.35263,2.7459018,0.09186597,0.17213964,2
226.76192,104.75894,8.592905,82.17903,20.614998,58.337357,85.00126,1053.6389,1.9179978,0.09868757,3647.2556,1.3170257,3185.8423,147.61826,0.93770415,0.4707507,2
215.61351,88.13486,11.010239,77.89455,18.444674,54.31,71.255615,80.81171,145.87076,0.17600167,752.37976,1.247629,0.36752453,80.03153,2.6880429,0.3484248,2
90.660034,50.09034,261.64044,128.07819,173.37035,85.55831,60.685528,6812.2,24.84274,0.7082335,170.90593,115.59824,0.42203033,3.9245195,0.4638877,0.0223445,2
215.58583,129.96254,53.00151,83.22527,43.675728,92.40776,80.48868,22.28095,92.765434,2.377454,3613.9246,49.45307,1134.92,131.14738,1.0549812,1.2623265,2
65.70041,79.393845,18.818388,129.1276,45.8947,55.67142,55.490253,659.38794,9.57144,0.28821236,1472.9197,23.431587,2.2232075,1.2888283,0.27579176,0.51710814,2
105.7065,52.45483,249.59402,80.758865,169.93535,72.523285,64.15744,28.736004,48.043182,0.27656764,129.315,2.0781794,1.4118612,9.602701,0.577654,0.8040632,2
64.030396,91.44273,69.34101,122.64897,441.84686,95.120834,56.739063,8120.0786,5.4251385,13.047928,2179.3362,51.40324,1.4908266,1.3068361,0.07627405,0.27888778,2
226.27632,51.02486,8.361769,113.26525,13.152731,86.265366,101.0271,64.24536,66.856346,3.217809,8827.135,8.643081,1.0285591,73.336876,0.52389383,1.4488493,2
226.36455,148.38351,344.92596,82.790245,361.54562,67.56494,102.897415,27.186962,1.8989534,0.3049147,2546.3909,32.37394,641.60693,114.4228,0.22870108,0.4029229,2
70.02209,138.83879,153.60818,88.7262,448.11963,79.64618,57.176407,795.2347,39.49192,0.30744982,6367.584,1.8148756,940.78577,1.6661611,0.558898,0.20283121,2
214.31145,50.890724,278.76666,78.31308,426.47778,60.314648,98.24044,4841.1177,65.297005,2.042498,259.96478,10.767485,27.671911,82.646416,0.29341114,1.4050372,2
226.58235,155.26157,9.029414,83.684044,11.179363,71.810165,93.40428,5284.631,0.39541805,0.15411845,4583.696,1.2180783,0.44799697,68.9384,0.84970635,0.43942678,2
181.50275,59.146523,183.53387,105.62583,404.70282,81.28428,75.20438,47.575813,41.42918,4.3314037,218.38708,12.317998,1.2655437,56.035126,1.1397355,0.74767685,2
75.30655,157.19176,392.14362,79.50306,169.51512,69.87283,58.542137,15.366941,24.603199,2.5154786,5694.536,1.5815768,0.68570626,2.3046856,0.7395171,0.73293996,2
63.591248,57.19619,125.52456,154.19406,70.53395,86.997696,54.39264,55.037895,68.190735,0.15723729,203.44455,1.1994821,4061.9194,1.2678332,0.33596662,0.12499173,2
179.51315,63.038555,8.347532,192.46371,12.124585,70.0828,68.6578,337.81354,93.010994,6.7475204,485.2787,78.625175,22.902176,29.719976,2.294735,0.46860954,2
207.09636,50.137867,8.065488,87.13922,9.631294,74.445465,71.44605,174.06674,136.18762,0.07654837,4173.1543,18.37815,9.550618,64.87324,1.9805775,0.46674457,2
206.6735,56.56996,195.3835,99.927826,372.0473,90.167694,70.93768,3045.549,36.865135,0.27064738,271.75876,164.74916,1.7598476,78.84897,2.1516113,1.4945761,2
223.86263,50.598145,75.52532,187.73944,43.719612,63.899822,101.11514,66.58532,65.546234,0.16510436,758.8181,10.61882,912.878,54.09755,0.68673927,1.4930853,2
69.76565,97.01011,109.00389,103.937775,485.4721,54.97097,57.948627,22.89188,20.016144,7.6009784,6251.4004,183.95682,0.24165834,1.6471028,0.73360085,0.24521928,2
152.47415,51.138515,13.985838,88.80504,32.494568,91.556625,77.17826,26.451363,26.707773,0.37299043,2383.1216,3.9631453,4274.759,17.414974,0.8982266,1.3950435,2
160.33481,153.42929,28.464252,109.52715,6.4626074,94.981186,87.13342,84.08082,29.744362,0.28748986,4996.4194,4.857044,108.7704,45.566875,0.13635989,0.1936368,2
204.67462,50.07862,9.58253,78.2913,11.953909,62.986546,82.25346,59.597595,57.621956,8.064351,1003.423,148.70712,1332.6997,39.36654,1.2574835,0.23507626,2
171.03139,81.70242,410.11765,79.537384,274.10455,55.272594,90.28841,3227.377,0.17933257,0.4198348,1698.171,93.2448,6353.9146,37.996483,0.2528572,1.3534318,2
163.7834,77.9356,11.117857,164.4752,21.500961,74.331184,69.01905,910.17584,102.102394,10.7596,172.08774,1.8612472,54.554024,21.445564,1.4261193,1.0680984,2
63.85147,99.87726,343.7336,90.33722,492.17017,71.602325,54.54846,3507.627,0.5811792,0.2867738,7224.517,116.43779,150.14095,0.96139026,0.31480858,0.18962619,2
207.23096,50.576622,242.3813,154.8109,394.65765,70.26094,70.80303,58.43667,49.1875,11.180391,602.9791,4.163908,0.1069505,46.24247,2.166009,0.30048323,2
178.40285,56.743275,9.325097,88.17669,13.648876,84.11117,88.39565,5184.924,15.262274,5.9317713,8238.305,11.843849,5.6017575,26.868439,0.7522538,0.21411419,2
72.03974,50.83334,48.5783,79.31223,467.57867,93.28565,56.76718,23.340822,62.60823,0.14338714,210.98781,8.0014515,982.7152,1.7023618,0.2590618,0.043486934,2
226.21942,51.185898,410.6404,167.14912,281.23236,57.814392,76.81067,64.92669,68.52354,0.3113627,448.13998,1.7561088,19.103748,49.175022,2.036769,0.32568032,2
67.34871,157.91014,341.66895,85.86987,355.60266,56.2262,58.041065,4152.6206,1.0821446,4.849934,461.0557,2.2678409,3.1581466,1.5214763,0.24564448,0.51709676,2
108.429504,59.445766,59.03532,117.18184,523.1627,67.95376,64.39577,915.83026,14.637862,0.34899828,112.380684,38.595734,2022.0063,7.7715693,0.6791517,0.02382169,2
226.4026,60.012413,18.477217,100.37798,37.386032,92.90257,102.96307,256.54935,54.749943,3.9112134,7795.644,3.2072918,0.23885813,74.32288,0.4227726,1.4609368,2
63.317375,116.18025,330.3722,77.25759,395.8427,63.840958,57.462254,128.57455,0.2710658,7.884723,8279.842,160.0373,635.90515,1.2956583,0.65517163,0.5207937,2
226.50998,140.03963,278.17075,117.402664,321.33054,86.19025,71.58,72.35464,69.8995,9.198913,9698.148,102.65227,0.11950418,50.4949,2.9948468,1.095111,2
204.72247,53.80664,8.048947,124.38858,15.894324,55.644054,70.925095,2845.58,109.94282,14.398908,296.38834,134.27832,4957.0186,81.282166,2.0605884,1.230589,2
85.05672,133.33392,24.193779,129.13802,56.36934,78.69446,63.937588,20.049593,41.474808,7.6839075,2822.1797,8.774725,0.17714065,4.501226,0.111031525,0.020843029,2
214.88489,51.118256,34.86243,77.95363,41.604435,95.721756,79.35498,6081.372,52.921654,0.4311609,266.9023,8.251014,3112.7793,59.778023,1.4628537,0.27478456,2
208.81271,52.108894,331.37027,78.877495,128.34422,79.60365,75.28079,33.541515,6.248176,0.105849445,120.88345,1.2204672,6889.9883,112.045876,1.6974428,0.336124,2
209.0815,62.77828,45.61694,134.70992,6.827797,95.37781,70.54493,145.3944,14.820436,0.22108643,272.3891,47.635857,0.57516325,99.79316,2.9797435,0.5296395,2
217.78973,142.82935,8.146435,84.2233,13.923823,55.0438,74.84559,48.47747,0.94515246,0.33966088,4000.2307,103.595566,9.319255,110.42314,1.9647291,0.7721294,2
93.16591,71.98724,97.91078,93.27365,467.72794,58.66096,65.52917,1562.2275,23.2001,12.864704,6188.685,158.80048,6714.6685,4.4908533,0.37460288,0.016647544,2
79.368744,157.36542,12.5368595,157.27733,15.916411,57.210457,61.617565,81.072205,23.567211,1.2599831,276.95825,11.673236,0.20225212,3.6762247,0.09472697,0.8973334,2
63.56544,124.33173,333.42792,85.650276,287.39935,65.96839,55.195343,489.0905,29.28551,8.090844,556.3798,1.7784941,0.120972626,1.0060531,0.32419485,0.36158267,2
125.51497,97.23394,49.51535,94.17719,57.098343,58.61671,76.05196,1007.87506,20.82254,15.832315,1333.3428,3.3566692,8.154439,21.292492,0.18942785,0.069676936,2
64.85785,127.62751,21.04678,154.5591,28.70906,54.34971,56.9771,115.11322,14.779081,0.81315064,2699.6506,5.0918374,6352.4907,1.3053262,0.12344282,0.11730394,2
84.75621,123.449524,385.7037,82.96583,306.9455,70.28915,58.668015,4819.8213,101.803474,6.142739,168.1684,1.7164726,5885.3213,5.072309,0.7742143,0.120633766,2
65.66435,88.34771,207.85526,95.13872,552.7339,95.74597,54.31169,30.43546,22.781118,14.295185,503.2021,120.669014,41.752895,1.1427528,0.25891152,0.09483991,2
224.00195,66.22521,27.1656,140.10037,54.957897,56.321568,100.20121,521.6727,5.1358905,0.23731446,406.82437,10.856128,175.8657,90.41786,0.38594532,0.38155434,2
113.697266,57.15613,407.24832,81.711174,295.20407,67.78529,69.810104,8958.209,143.08105,0.09707319,1654.7766,11.836376,0.2922259,8.084073,0.6294318,1.2385285,2
178.83186,51.35601,24.111465,117.53525,45.496017,76.54324,75.80275,25.761911,29.191448,0.072404444,595.9414,108.25172,2.58719,26.686108,1.324166,0.65458727,2
70.1279,148.22795,18.167664,97.85831,7.7781134,64.41454,59.156532,1193.0593,65.7355,3.081376,7664.227,120.36539,0.50960994,1.6396486,0.10782431,0.7263514,2
104.26317,73.88883,404.67303,85.05147,187.72081,55.49607,61.111256,833.6549,1.2371628,0.18260653,6463.958,3.4935498,2203.912,7.5690846,0.9573348,1.1505475,2
69.69863,163.22693,197.39658,177.65572,81.32765,67.4475,56.571827,7444.146,0.2700745,3.4757543,165.04184,154.52571,0.85551786,1.7104375,0.43861237,0.106118,2
210.56923,67.73201,267.94394,91.23971,366.702,81.195496,78.14862,2824.6848,43.31593,0.16858684,364.53253,12.034458,1.2414044,65.15231,1.4659833,0.29624337,2
226.6668,141.24637,48.135605,78.09694,41.22508,72.675316,92.015076,1009.1584,100.42136,2.4107504,283.97513,1.2965648,19.29096,49.536705,1.1264129,0.96175086,2
82.82549,99.03186,16.040003,77.38442,5.794589,61.320854,62.85213,802.8928,0.927948,0.16222362,8550.049,159.00824,4.4986534,4.6113396,0.081978455,0.9270151,2
134.8311,144.35353,364.27118,79.90971,156.34392,80.080154,65.599915,3816.2583,54.29397,15.90177,2975.3604,7.306022,5038.9824,24.59234,1.3647505,0.06323863,2
163.34248,119.7934,271.1401,77.390366,365.1155,61.695995,77.379524,2447.0642,0.16860665,0.38367748,471.9555,1.2090255,0.8499081,51.931213,0.5936959,0.38112438,2
147.45477,133.18163,370.10632,98.98127,156.15662,55.3786,69.216286,80.607315,0.1414205,24.894089,191.74017,37.598927,6668.103,30.269478,1.0857856,0.3566731,2
206.43704,151.12427,9.30368,91.67511,12.9684305,59.58277,90.25759,872.7783,0.21133734,0.17933843,124.92791,6.423397,0.67177665,113.25517,0.3716508,0.49578297,2
201.05469,96.23167,156.50854,126.39942,79.91273,58.31962,82.38573,81.83993,56.851227,0.08182489,134.84795,159.48245,352.60358,36.92276,1.2363652,0.23156667,2
222.49254,137.82765,224.36661,94.285904,97.98038,60.542328,97.38864,859.8812,14.2688465,10.205957,780.18567,164.124,576.32733,134.22287,0.22071089,1.4647378,2
180.89919,53.31287,157.9967,79.93321,132.086,89.194626,74.52825,4551.2896,113.38399,0.43479633,8318.724,55.42271,0.2642674,42.351124,1.2683638,1.2055207,2
69.66641,142.91194,25.079037,80.90207,34.127174,83.627975,57.230026,55.162983,36.000473,0.17264058,982.0203,19.744976,211.4529,1.7570834,0.29369065,0.18358622,2
111.03993,50.61093,178.88684,78.39784,393.80017,74.55635,62.535206,500.15317,0.17244206,0.18066086,247.36803,164.86404,7.178058,13.673246,1.3156068,0.9379562,2
222.17657,51.87946,359.50128,82.73137,467.36554,80.84679,78.126205,24.302824,0.50151795,1.3240081,1705.6082,130.73247,70.80208,59.895947,1.5741637,1.323257,2
91.11137,76.355934,408.07455,83.537224,217.89418,90.071884,60.55689,4067.119,88.99241,0.2953284,428.74658,109.35216,695.1686,5.2090034,0.9970881,0.6782753,2
70.91978,75.699356,399.64886,118.19653,218.97516,76.46708,56.42906,2157.6802,0.14024143,1.2216922,237.93488,9.184395,1.464618,1.7555503,0.5699249,0.5065081,2
79.3925,142.30222,243.82709,86.36849,507.51147,95.63292,57.3565,9055.375,10.939229,10.340031,1200.8228,11.409877,5170.823,2.7561896,0.5625342,0.31291112,2
119.68989,53.446735,13.545693,190.0371,35.67187,71.49633,68.97319,1273.1693,42.173374,3.936087,977.5722,58.397316,205.95569,8.986117,0.68028855,0.70738816,2
66.72269,158.45604,332.4529,154.24402,347.7071,64.68463,57.82435,12119.711,97.16969,0.27676225,309.32892,23.895882,0.96195316,1.5159194,0.08081695,0.0743276,2
72.951645,112.56444,220.82913,96.890915,133.19595,55.316563,57.481354,22.1439,69.23926,0.2073137,101.71562,1.537012,40.466938,2.3704822,0.27226868,0.19877385,2
82.991615,142.57396,8.443381,178.37976,18.876274,90.962456,60.03412,24.524197,111.52796,3.7064621,1580.3053,9.775633,0.16154873,4.5042706,0.28636116,0.72120667,2
201.84639,70.142586,378.0998,126.27022,255.87074,55.594646,74.92371,704.1195,48.49945,7.431265,6771.111,6.2200117,6.9931707,59.515675,1.6349888,0.30066738,2
92.53224,59.43954,68.0798,82.76879,40.613556,73.70924,65.73906,206.84488,42.561356,0.03999208,10201.516,1.7789503,3833.118,5.1489763,0.18535876,0.14123702,2
70.77897,115.67756,8.970609,188.77599,17.512661,56.116802,56.9635,340.97,0.7597498,0.3007027,7021.5933,1.5888494,308.87186,1.909045,0.3918175,0.0721794,2
85.88723,59.900738,8.648289,78.91373,10.138481,65.02465,60.07677,2086.0503,46.645317,19.38898,114.658325,76.822914,0.09770726,3.2800205,0.52942586,0.7584545,2
68.296326,51.502285,192.50948,126.64862,153.621,94.781075,58.513184,39.900345,0.5355611,0.14518215,2642.2275,143.59773,0.47824627,1.5993313,0.101832196,0.4148184,2
104.61255,81.268196,14.918243,176.60231,34.448643,61.618374,70.85204,33.04503,35.2045,1.4559386,7198.544,72.34002,0.81878096,7.7144604,0.23219757,0.32645127,2
97.16497,50.452583,32.100952,88.14765,8.099583,61.782154,59.891533,142.17839,29.511217,0.5259763,2744.2144,10.082078,12.480182,6.4941144,0.6994367,0.030026201,2
64.64737,135.83405,35.021973,82.30644,28.414713,95.97104,57.02954,188.24338,35.962605,1.4815724,6070.685,1.1770594,2099.2683,1.028242,0.16349654,0.11705969,2
109.25696,76.51375,43.773552,85.78185,12.875912,72.4718,72.23106,17.068922,98.10213,5.5378685,157.40395,102.38015,107.04941,7.192154,0.45117706,1.1873153,2
77.30597,102.71407,353.50308,79.20649,398.8894,54.265423,61.15964,22.642538,45.49682,22.42481,642.95844,3.5704982,980.77795,2.3662472,0.13659479,0.079577394,2
101.69868,126.41741,234.26117,81.37143,429.36014,62.679363,63.42287,15.971849,0.14593728,0.33873323,5623.915,36.960987,0.09890991,6.6538367,0.48626658,1.0908921,2
113.76845,73.28719,360.23035,152.26624,246.83957,55.718975,63.594204,3636.0002,0.3959389,0.2562215,132.84836,193.50238,0.11160789,14.715657,0.664003,0.047723033,2
217.92685,99.99763,209.0175,84.19141,136.13315,93.63838,100.54785,40.599174,154.9476,0.13123485,8527.839,1.4337575,59.01863,104.87136,0.16503556,0.5638726,2
66.82228,63.64643,43.895004,164.46913,6.5127573,83.21527,57.083744,968.49585,56.584732,3.1344664,3174.4927,122.74447,294.7884,1.5895916,0.3297799,0.2859826,2
226.73889,104.824265,72.469635,81.81793,453.06436,54.506676,88.83935,21.87575,56.709557,0.36170548,7154.6465,5.726817,6942.525,101.22208,0.8255102,0.41513222,2
76.95056,163.05537,12.581877,77.289955,5.9726734,56.250355,57.941994,1729.6497,94.569305,0.5330571,129.77563,37.034225,0.3089505,3.1359994,0.45947015,0.067376345,2
169.62524,66.898,396.05017,79.18817,387.56354,59.258625,67.99651,5867.9395,26.096954,0.121945,5941.018,3.7069683,3557.5715,57.264107,2.2908335,0.15572992,2
211.60593,52.347286,23.007126,161.012,31.493738,85.486275,82.1939,2825.7373,0.14205804,13.005316,8575.423,2.3750494,304.4969,44.220387,1.3254778,0.2749306,2
75.887024,106.07327,314.24835,169.78186,250.83672,72.43352,57.668125,4496.774,10.334662,3.5947497,7064.29,18.30904,0.15836087,2.759696,0.6554604,0.47087067,2
75.5765,102.97681,7.778578,104.093,11.278745,54.591835,61.024895,30.682222,94.82607,0.07610587,2814.2175,53.176933,63.570766,2.155996,0.24119556,0.6661309,2
222.17403,73.78474,7.803123,108.3107,13.323622,75.30349,93.51932,4986.6826,57.152195,13.462869,802.70465,173.36603,4569.508,139.11879,0.42670336,1.3795407,2
72.157906,63.86276,52.62702,81.83519,85.039406,55.12855,58.95879,1295.2628,35.900845,0.07218334,253.30629,1.8694594,1094.6991,2.5307565,0.07755803,0.05206276,2
123.64159,159.93796,9.664337,103.19489,8.796011,94.36313,64.84265,7406.6377,51.374138,0.23238316,4838.126,105.42849,1.1185671,19.78974,0.7723063,0.6057069,2
195.69211,53.15531,40.19575,97.276245,76.07504,54.806118,82.81334,3551.2852,0.4612089,0.24546064,3782.9888,93.25131,205.5966,84.73164,0.6919364,1.144349,2
74.66704,52.40142,8.37303,148.08472,12.633129,58.70012,60.50645,3070.9663,39.169228,0.105646245,8212.642,3.4468315,0.106199995,2.2408483,0.098079145,0.17782927,2
226.6807,114.25286,263.8932,83.60497,333.97675,59.12671,76.60861,4900.5225,0.31132168,0.0821506,633.3537,1.6275035,0.08817139,118.993996,1.6458721,0.5133203,2
224.41249,63.57292,377.57953,84.58566,431.1933,91.373955,73.253654,43.28759,2.8209198,8.62676,337.101,182.52385,0.5899371,69.72543,2.0764546,1.4843788,2
225.98703,114.62938,8.412898,78.23884,20.389263,94.9471,102.98926,73.65352,117.16132,0.19191915,8800.21,24.901937,11.403142,71.62407,0.44459555,1.0694354,2
225.16669,145.43733,121.10387,176.02205,71.984314,54.666138,100.45386,7056.6465,13.219862,11.601677,3347.578,60.16607,678.91473,131.59843,0.20809294,0.51308036,2
226.69014,150.0367,16.876743,111.24715,20.71155,57.364376,88.00659,484.6639,6.998415,0.2557854,173.08945,89.45873,5.47461,97.82046,0.87179536,0.4811334,2
73.5038,161.0619,194.46486,93.24133,451.6579,62.406124,55.98353,43.52086,53.331238,15.736411,442.5762,2.2654538,0.103878565,2.7549508,0.3150015,0.5375557,2
111.74296,78.76886,43.253918,177.09325,78.404205,93.692825,63.311363,131.7509,25.069225,11.0928,663.2415,1.1710023,5182.254,11.373844,1.4559574,0.38234255,2
200.8338,54.135445,406.49313,117.44852,202.30731,93.49877,84.6095,3775.8792,0.24718125,0.36047626,132.85022,37.992012,834.6274,35.778763,1.1942437,0.2734854,2
138.57983,128.95738,8.564201,96.76724,23.331167,55.46437,81.70546,752.26196,55.295406,0.06802049,10600.322,165.63132,0.82215655,29.698803,0.06833951,1.3616006,2
73.05787,96.3716,46.678772,166.97763,71.38172,92.95712,60.389336,8318.716,3.1105514,12.294262,8423.34,164.6124,6903.1113,2.0157661,0.26821262,0.7956076,2
168.45291,141.8794,143.88513,80.51565,529.97375,55.95395,76.64562,356.4041,1.0701119,0.25189415,301.8551,194.37466,3291.0886,22.60114,1.1343493,0.13832472,2
169.73878,50.93647,36.75012,183.92682,29.039545,56.12064,68.80217,35.54203,1.5055364,8.7540655,4110.5137,3.6919544,118.12028,30.83487,1.7923615,0.39068347,2
141.54044,82.496216,13.159035,120.202126,11.498984,61.53205,81.09511,687.2726,2.8805535,0.16886096,7977.5303,101.53964,1.7201283,14.290825,0.5978646,0.94510305,2
198.85596,50.515568,14.653045,134.89803,11.089286,61.011703,95.30214,2516.624,30.372686,4.574213,122.72087,1.1870213,8.244964,100.798645,0.14265563,0.23220018,2
128.31525,85.07736,191.27579,120.04006,384.143,61.785355,70.32679,249.42465,1.2459447,10.127511,7015.9766,35.60762,5395.423,11.310763,0.8098708,1.1243112,2
181.71841,75.62193,10.116456,130.66972,12.542431,71.7185,68.74491,2524.867,0.16627058,0.32597822,5097.24,2.587275,3907.9897,34.672173,1.9590511,0.19142722,2
225.77975,105.31442,385.22403,130.27422,185.46246,71.560486,76.13534,253.2915,114.478455,11.192021,198.74496,12.065272,4.7472057,91.576004,1.7051071,0.91925657,2
144.42508,70.41023,281.28903,140.76344,428.64557,62.584335,66.5011,29.162992,14.745789,15.510681,328.016,169.56969,431.32355,31.528355,1.1467972,0.124405116,2
221.35028,59.606003,87.124466,185.46585,706.4925,63.555344,101.05882,113.48171,45.012222,0.2816356,243.89072,16.450367,0.19448021,108.415886,0.21465221,0.5206099,2
86.01663,50.481346,121.674385,88.679825,445.909,66.14832,64.67843,99.67581,2.131698,2.1625676,437.716,191.62541,769.67175,3.6166134,0.18265548,0.03560667,2
226.67743,103.745,17.799849,88.53562,10.856526,82.972595,75.803,119.16016,64.18547,14.104422,1023.1939,28.432877,0.55951667,49.369286,1.9265368,0.9421064,2
211.49393,163.30511,21.108213,77.21745,8.309405,55.812794,87.08069,79.99398,0.21350977,0.5070212,5362.6216,57.11929,16.900269,64.50744,0.84314615,0.35891512,2
63.56972,133.49345,68.233635,104.795815,65.641655,76.20989,55.33851,130.79724,49.142853,0.2990714,150.40018,188.43965,4236.212,1.3581777,0.14735839,0.2949121,2
110.33323,95.09393,109.79532,78.74072,69.068886,56.06535,71.69458,7439.149,31.471062,0.7439028,5003.1816,3.6439924,0.08777009,9.273501,0.21523482,0.40017876,2
121.386696,88.51419,14.172728,79.08294,26.217897,80.18558,63.92951,2591.067,0.19254784,0.17158355,187.01743,112.35241,41.264782,10.223087,1.2499003,0.086097695,2
79.55394,51.430996,305.25793,81.63056,360.7982,90.18469,58.958992,31.235067,0.66793436,3.66269,3979.0403,9.165378,0.6903945,2.6476235,0.7861187,0.53464246,2
79.13905,122.542305,9.10663,78.43677,16.94699,84.79617,57.64337,39.949913,75.564705,4.4805875,197.18222,15.952127,5409.3413,2.7387772,0.45763862,0.60657954,2
143.48036,162.76282,101.27376,152.68953,436.8324,62.07448,75.91849,32.480667,0.16522999,4.395802,137.54779,6.8096642,323.1161,27.736872,0.48782867,1.3110176,2
225.25934,52.989098,16.848825,184.62547,19.816547,69.51655,102.50603,4554.9946,88.02985,13.996754,162.19199,9.617008,1360.3119,143.6947,0.12544858,0.91410786,2
71.9039,55.61095,56.685127,94.105194,445.8419,75.66261,58.80477,32.155537,0.1558047,0.07965825,8004.8774,5.2780237,9.230438,1.991542,0.27363724,0.19287258,2
181.33878,56.654686,109.9879,163.11765,54.15246,56.63668,83.14069,4818.318,51.055866,17.614693,115.35287,2.5674,0.25369605,42.970345,0.6555705,1.402502,2
72.02024,163.19319,242.05519,109.12282,344.54694,57.27211,56.98487,4895.266,97.31351,0.3086494,8673.896,4.3723207,8.453455,2.5554893,0.34645388,0.4387268,2
63.430428,95.364105,46.333668,92.65189,33.807705,81.47877,55.77082,632.52637,89.60776,0.41852552,930.294,1.4117265,913.4202,0.95216835,0.42124912,0.22503935,2
224.04991,145.37973,366.80194,88.56295,453.64346,75.13533,96.557175,16.06184,0.15501264,0.24711649,1702.1222,43.95565,1.7805319,150.85909,0.25218055,1.4853623,2
143.11375,87.87698,324.32755,89.70961,222.74088,55.368443,65.793945,36.55657,65.0097,0.22957496,8217.288,2.01531,0.09698839,22.464447,1.2178216,0.1701138,2
68.92383,51.133144,8.644676,166.2886,11.393509,55.769924,57.38297,121.17218,0.49088067,2.030639,306.29904,1.4423807,0.096937634,1.4945632,0.14065984,0.09550349,2
129.63647,110.45412,8.301529,95.15379,18.543022,81.57664,64.04581,1906.8667,56.980335,11.928805,1517.3108,155.52713,76.03029,12.415305,1.2491673,1.0328897,2
165.96323,55.48551,127.64763,109.71858,483.22235,69.64148,78.66182,28.611862,46.95875,0.11264618,3546.3865,20.852066,0.12466669,37.89264,0.6541231,0.13388892,2
99.96898,149.06468,16.734825,145.75931,5.740452,68.13648,67.221695,2833.028,0.40182772,0.3275388,589.02594,17.255451,1008.7057,5.555151,0.4528344,0.9807061,2
122.124344,92.7534,91.61066,122.18224,486.73148,63.15216,72.78209,20.414553,26.885609,0.2607602,315.42215,54.642464,993.22,10.0952835,0.6689749,1.2909347,2
78.69613,63.648003,7.9990606,92.68253,8.336238,88.08799,57.321228,2921.7964,129.82884,16.380245,5416.409,5.0134687,0.14712559,3.2027328,0.31697384,0.027811289,2
72.778465,50.083458,16.585728,95.864235,21.411177,91.87843,57.48155,88.87285,86.348915,0.11710073,2094.5654,112.40345,1718.3577,2.6617827,0.6738219,0.040514562,2
123.416954,53.96063,8.109108,125.51105,10.648432,61.160557,74.97641,490.2744,2.607216,5.6809254,325.3029,7.988007,878.8654,9.952294,0.5006337,1.132637,2
195.18274,97.74391,74.25801,112.4505,444.51578,67.12394,75.14103,7782.435,44.65784,0.10648216,357.04498,1.1668735,0.22197366,77.011765,1.2041777,0.227906,2
133.55548,143.14908,76.032936,109.66849,645.82446,69.18582,76.77836,494.17075,71.28849,0.33587167,128.64117,9.452272,3652.75,12.247608,0.6609891,1.3541598,2
145.99715,163.00046,9.153569,99.175064,12.503429,83.09437,68.40383,31.529999,40.328247,1.0834743,7792.73,174.6803,8.828928,33.09481,0.95123595,0.5226284,2
193.64108,77.10955,30.732267,184.02896,38.699234,77.40281,95.66938,7086.0674,56.375084,1.7550724,103.24931,10.41588,6.5515175,74.23968,0.12856886,0.2403064,2
115.03871,122.83337,9.832914,109.5358,12.856998,71.877,62.47316,26.581608,19.107515,0.11927238,182.605,41.10838,0.34635693,12.850382,0.8681767,0.03600189,2
224.32791,51.374275,20.770008,106.985275,20.994925,78.11504,73.50618,610.57294,107.53139,5.12166,4881.3013,18.228022,489.3743,131.29744,2.3714027,1.4976068,2
111.0316,157.87143,224.9482,78.47542,106.56018,72.83505,68.80516,4857.1865,115.45328,5.9607544,564.8963,120.56289,1753.2516,7.3640146,0.6001189,0.9367036,2
63.431225,109.4059,8.339027,80.08158,13.179639,55.442432,54.87644,3514.889,2.1709404,22.322285,1953.6151,3.1530075,4695.9204,1.2730569,0.24645802,0.11012372,2
68.01586,112.02836,8.072956,94.00122,8.993475,84.24719,56.278126,7196.6084,27.33007,0.16270053,462.1814,4.7655573,1329.2161,1.5281848,0.18253577,0.067962945,2
92.20061,128.07104,8.278757,184.79381,8.056728,77.28241,63.08581,26.25829,128.45146,0.08151713,6998.325,7.244837,1772.5012,6.929975,0.2905618,0.5658697,2
116.99979,136.39417,209.7428,82.044754,425.13824,75.87309,75.04415,478.1103,56.22691,21.238716,6465.6724,169.44667,16.575851,9.872127,0.2836588,0.051090416,2
64.49067,55.64408,22.377296,84.7956,22.337437,88.411934,54.976578,122.544014,0.19544446,1.1961732,4181.355,80.232895,520.49744,1.4088506,0.1628636,0.16691186,2
70.56308,162.79257,21.862259,79.47401,40.665974,55.235737,58.647137,2883.804,35.073444,0.9006626,773.65454,100.746864,856.1333,1.8310077,0.1662967,0.19846684,2
80.675285,90.04175,232.56284,94.72282,151.61302,77.86276,58.68563,283.22995,111.29099,2.1318812,948.48376,3.0059822,186.17978,3.0933843,0.4803211,0.30895463,2
218.14378,50.308598,18.795286,120.11096,51.019875,68.272865,71.15291,5902.789,20.983093,2.7277846,1581.731,69.406784,4012.6592,131.66876,2.8124356,0.6805545,2
226.73357,54.150223,14.921165,78.20971,6.439302,78.84493,76.91266,3321.0154,2.2237172,4.1259403,140.8805,9.795986,0.23711585,118.53776,1.6142368,0.46668637,2
164.44728,57.9775,82.68364,117.454506,46.135544,55.553833,68.09565,76.159836,111.34155,9.469764,362.2991,1.78972,5.745101,53.004536,1.4661711,1.4518824,2
221.99255,53.96081,8.281647,116.533585,29.272333,73.582,81.3103,4983.1636,112.16771,3.293107,420.34552,1.8382032,0.68973255,48.873207,1.4727437,1.4883657,2
127.78131,147.3782,93.186386,88.73552,49.461926,83.74512,65.81424,27.387264,2.2635818,7.736424,115.53243,25.343803,0.95392346,15.570837,1.0497698,1.296154,2
200.93141,117.09745,12.897631,173.62888,33.585865,72.953094,90.09803,9835.848,7.5531454,4.294827,233.68973,132.53937,0.37821957,40.585407,0.81341594,0.9648852,2
140.06013,51.360863,130.58556,186.97357,692.92883,75.98938,76.7229,30.790977,111.56585,0.21964021,8974.868,6.43483,0.43082353,18.316496,0.4464402,1.3715473,2
150.99594,59.225273,7.7970343,119.53713,19.56014,54.54976,66.792534,35.598038,19.623924,0.39856112,139.50021,29.078596,749.1979,24.630009,1.2744029,0.90775335,2
226.644,55.66788,97.66287,113.71915,721.56445,59.22717,102.56082,3962.348,0.15568797,0.23306948,900.35724,65.94394,2924.3816,146.06726,0.10719231,0.38151205,2
63.33759,78.97292,15.316483,118.9892,17.660906,73.52352,54.269268,67.6176,44.82112,0.121444434,6340.1177,1.2034572,0.12511508,1.1723851,0.269554,0.536859,2
141.17706,56.97099,48.63912,113.659645,448.81256,77.206375,78.34758,579.4695,61.76506,13.8063965,1606.3043,48.950912,0.64448035,14.496658,0.7006774,0.21714708,2
97.515396,70.24582,129.57861,79.35655,139.30278,85.03099,65.54957,23.877974,3.0518632,0.22267517,120.93787,121.36347,213.27147,7.387467,0.25920424,0.26147553,2
87.52229,161.83644,40.738625,79.906555,33.087837,65.60636,64.45692,48.206497,7.728063,0.40051007,534.6386,7.406139,0.8962386,3.8484082,0.45790696,0.49537534,2
202.96616,51.886597,198.73355,149.76111,539.5457,76.888145,88.92357,21.566319,57.86349,6.1104956,763.4972,1.1776489,0.18722542,80.44878,0.4812483,0.36495912,2
152.94954,127.159035,400.55255,166.22855,234.86368,60.733784,85.51523,1235.6761,58.23813,18.863516,2106.2732,46.524467,3702.9265,32.39645,0.18594176,0.8530336,2
64.40868,50.4991,137.69624,124.45096,100.13628,83.06562,56.374073,5742.5967,41.874027,0.13405608,126.06168,68.81389,106.02667,1.1268108,0.16661888,0.545066,2
116.94257,58.19512,305.49506,124.4125,125.75028,61.025425,63.70219,23.214874,153.76904,0.6007192,3940.0576,1.1816058,169.07047,8.826481,0.93516296,0.33278018,2
186.54106,54.195606,161.60304,85.25572,499.25977,88.08536,86.176895,25.946554,65.191185,0.60981643,150.47514,23.530087,1104.9374,78.09452,0.35069266,0.1829375,2
129.08585,117.887794,9.118301,153.48724,6.754099,66.391846,69.25697,5983.1,1.2829075,0.3547466,176.47482,11.073314,18.509182,11.187563,0.86951464,0.6968813,2
137.00179,102.11813,52.222313,133.02705,50.75548,55.50989,71.39425,2535.6187,97.55956,1.6522176,3692.0735,1.2462339,32.113747,28.084064,0.5941555,1.0276711,2
189.61407,57.23783,9.159345,168.74153,11.591842,54.59072,93.75217,352.24023,49.716724,0.29236314,102.08062,6.7035704,1475.5688,34.39072,0.5407954,0.4518598,2
64.97458,131.17612,13.380159,111.261444,8.8849745,75.60652,55.81442,19.38588,52.070213,14.750384,194.0338,173.82591,4.0705996,1.1405082,0.20626341,0.16950272,2
211.80705,141.30939,331.9372,84.26346,415.32434,78.13681,95.092606,99.67322,0.31942165,21.450092,5723.321,10.054663,115.87718,87.59299,0.36537382,0.37096074,2
70.365814,95.83574,46.661312,97.96489,42.73819,90.963776,56.576633,1015.2216,46.168053,0.24612314,4276.663,3.068361,3798.3098,1.9278343,0.35364908,0.71789265,2
74.7011,59.09598,19.494833,106.860535,6.6845126,87.77249,57.44723,3025.8127,52.44526,17.26517,1494.8082,38.925056,6898.6357,2.4127476,0.46716642,0.566681,2
121.15505,65.30579,331.20264,79.42835,129.4221,54.464745,63.906445,790.43304,93.33944,0.22018254,347.54718,1.272995,5.7899265,13.789581,1.2509737,0.4811392,2
69.288574,50.09234,58.65493,162.57419,586.57324,67.21369,55.983177,297.9496,32.460262,18.929768,931.48047,183.17513,0.09546012,1.5947716,0.28689823,0.4329506,2
226.01962,98.24787,68.991844,185.67572,42.10573,54.391502,71.84955,18.020943,15.243213,0.26075006,6480.8364,57.13994,1233.2507,124.76175,2.6375754,0.7144494,2
69.41776,103.19489,8.030528,121.08803,25.34805,63.808563,57.564373,2895.7285,3.1447737,6.1214113,117.76466,153.98122,1489.037,1.5707213,0.11566375,0.5701459,2
155.76256,153.40683,63.42238,95.82065,82.988495,54.93066,67.22267,70.25377,69.98935,10.22904,8889.878,11.32102,3.1568248,31.255856,1.3343012,0.12646061,2
111.99306,71.46129,148.42198,142.67175,83.0754,60.48862,69.425186,424.95477,3.9420564,0.42868114,118.15254,86.70776,5625.4766,10.023027,0.3242819,0.7836888,2
151.56479,88.24692,10.362946,140.28835,24.0862,66.562,83.1539,73.90836,33.416687,1.4072714,366.93106,173.47797,195.57416,39.892555,0.17173995,0.37957078,2
226.03737,152.31412,334.57245,154.7465,159.45834,77.62295,100.055534,61.741962,34.189034,0.22372442,4043.9036,1.1817073,0.3225019,150.51306,0.2170434,0.31092697,2
193.27435,57.358227,10.054724,157.63834,20.948895,85.17424,69.57209,45.116676,5.6394544,0.744648,3702.4993,1.3352587,799.38354,32.068073,2.5637329,0.21812052,2
138.5449,53.99122,8.3913,81.83839,15.794535,56.324738,81.495995,922.50745,68.861305,11.613743,464.58905,161.35713,0.39477968,13.808476,0.6386539,1.3575119,2
226.18834,102.82961,115.04309,90.3306,55.987633,70.31291,79.69568,1561.6411,99.87259,1.5031828,479.05267,2.2878573,0.9353222,155.40141,1.4298458,1.4949752,2
103.89169,150.8441,341.3103,125.64697,324.05695,66.70086,67.22589,8490.246,107.12244,0.39365143,3717.402,188.33417,0.46544486,7.0308976,0.3361731,0.026800724,2
74.893234,55.854176,8.059697,179.555,11.284704,86.51305,60.596172,4691.179,31.994173,12.959088,366.46942,1.1522654,0.3301036,2.6642394,0.08487624,0.617453,2
98.24338,68.2276,74.68327,81.69493,448.82135,56.91217,61.5407,338.4743,0.15890454,0.07373108,8489.072,18.864075,0.38982123,5.0628424,0.55344594,0.8258002,2
64.23283,161.66438,8.191686,78.60403,15.158399,55.083847,54.465668,70.72395,127.46998,1.1958765,6377.5156,2.1308007,3.2763143,1.3571934,0.3445073,0.20945492,2
124.16397,53.744896,9.120482,80.07373,9.661752,80.33491,63.463062,55.17951,21.252846,0.16489029,610.33417,4.882614,0.26695,18.505392,1.2533683,0.18362314,2
220.16438,152.89464,29.599913,101.52894,51.356796,77.64406,72.66991,3712.2778,58.686626,0.09194465,163.98428,1.6659716,0.11330808,57.47254,2.116741,0.28279796,2
63.49178,147.27643,410.98718,97.3302,306.3105,55.32341,54.749786,25.046885,1.0248058,0.052701652,2947.3198,153.10437,327.56244,0.99600476,0.16369066,0.39445814,2
226.75778,129.47778,10.354038,86.52695,14.594703,56.825607,93.38187,5384.354,0.10184988,1.375384,181.5278,139.53613,857.58875,120.87172,0.5183381,1.474923,2
223.93362,84.650085,102.02504,146.1047,119.0419,66.26019,72.60783,16.895002,0.88296896,0.3906925,8030.8022,34.98012,0.21894345,75.83509,2.2054348,1.489327,2
198.74411,148.52512,39.95374,177.05426,30.193384,59.24518,70.57056,3157.1243,54.73086,0.23313212,309.24472,6.9105287,0.09764776,34.629612,2.3772793,1.4494641,2
67.88731,149.4848,29.190584,118.79779,52.417694,54.104485,57.995644,20.708904,18.98573,0.11765236,2364.9258,15.995092,1.3228334,1.4179473,0.16249229,0.22372586,2
185.0463,78.80957,361.6587,85.92423,294.57056,71.25848,69.58444,8980.057,38.857426,0.08956536,1076.7659,44.30931,0.08989553,79.04556,2.2001781,0.24360463,2
65.09023,68.99846,398.1394,167.70874,263.75665,54.440704,57.1576,1145.1554,111.18256,1.1356881,9910.617,128.06459,7.704373,1.2870731,0.11880729,0.09188664,2
107.16147,103.74061,24.331007,115.125786,24.763931,75.91078,72.33271,122.36494,39.193874,0.22297391,106.85889,118.40246,65.18854,7.967418,0.2130146,1.175171,2
171.67902,152.81636,109.75148,78.126205,551.80286,63.20262,71.396774,36.531487,9.285315,13.0576105,2983.6846,178.71451,1.013576,58.16659,1.403065,0.85692084,2
220.91006,120.12551,58.509354,79.44999,557.77026,90.684204,92.54197,176.30624,23.040775,2.7871158,1888.7231,178.04128,5220.3667,45.098263,1.1886902,0.9009881,2
186.62363,107.10207,64.88646,118.448586,496.7587,71.05125,76.0466,313.63937,49.44653,18.733358,4030.1057,51.803215,0.32810128,29.439342,1.5110316,0.88228333,2
66.733765,64.08161,399.00003,82.34582,191.78696,60.816204,57.499454,5134.747,106.34703,3.437897,5783.4277,1.2526274,1.6381099,1.5636811,0.07030842,0.57914495,2
126.26724,162.49216,7.6373267,85.95827,20.20554,55.584126,67.06374,18.421368,10.441677,0.3651246,145.75993,1.2471937,31.017668,10.819656,0.7870856,0.29949683,2
97.804245,137.57375,395.14227,80.323235,191.33786,70.20377,61.38112,2132.374,43.67281,0.17098299,5257.651,56.278454,0.5371885,5.598155,1.1031959,1.0850127,2
78.783966,160.86844,104.97127,93.79538,425.45737,71.98484,57.848503,30.898705,2.1431205,0.4933404,157.51312,6.8837156,2.8294108,2.5880136,0.72154665,0.0259042,2
64.96288,51.49152,403.16336,107.11651,284.03247,55.886665,57.180206,76.517555,1.1310973,0.38257772,248.53065,2.0518317,199.08882,1.3586717,0.6004412,0.49395522,2
165.40994,93.495575,242.31749,107.04054,341.76047,61.460472,71.57872,36.85566,107.90437,1.6588198,4375.588,105.902016,0.42028344,40.732914,1.0180507,0.94410187,2
89.423935,70.35251,9.352986,174.81523,35.955933,92.42014,60.270924,265.715,1.2946848,0.5309393,4456.0127,12.30097,0.100796945,6.17484,0.99267673,0.8322435,2
146.84421,91.20154,387.59634,144.40788,203.44318,64.00008,66.4501,4599.0464,1.1334627,0.09384229,511.24615,12.01137,43.278416,16.017254,1.3901364,1.1262012,2
208.00119,50.265984,17.72256,178.6476,19.40598,77.10072,80.530655,7048.9175,34.734364,1.692628,110.5419,29.919592,1570.4089,92.79074,1.0798414,0.7123004,2
82.834366,65.87872,55.940914,85.23775,477.31454,54.886246,60.1456,130.67593,115.34638,11.463695,5758.767,1.670107,1.4304707,3.3829763,0.29576144,0.2732666,2
224.44872,50.13838,277.6304,78.86203,145.67458,65.04855,99.74588,2000.2909,6.438928,0.15946878,464.34537,6.934502,8.283731,76.27497,0.5117246,1.2076317,2
225.44661,139.39694,389.54758,80.19514,260.98865,55.00154,97.20125,3990.1506,8.177142,19.077072,679.4587,1.4175066,71.30228,49.97785,0.9415684,0.99801165,2
70.05861,162.58386,24.309057,159.82227,37.92778,54.184975,59.21439,25.352932,70.58452,2.0193195,8433.742,91.73837,494.9704,1.7732681,0.09016525,0.44068015,2
226.79526,51.408024,27.213089,173.03625,29.602196,59.86349,72.154274,9310.732,62.251755,0.26245296,648.0691,7.3479376,53.777534,65.54021,2.7010114,1.1993914,2
225.63673,115.85216,14.350591,125.277504,40.344486,73.96175,75.08782,58.749187,7.2229877,0.09439215,6854.239,8.74044,6771.8467,47.351795,2.0385609,1.4218016,2
95.84498,95.54933,408.19394,122.19634,285.36182,55.923565,64.10579,480.91385,0.18978864,6.810199,4980.693,130.27771,0.24420333,7.904517,0.3038553,0.5750029,2
100.79311,60.734932,159.83945,186.4084,88.28327,54.518932,70.219666,2436.9585,61.405216,7.51889,1521.4133,1.2746544,3914.997,9.418009,0.10948412,0.8375106,2
89.05723,148.55008,148.40546,111.385,444.05164,93.45634,66.235695,4655.45,0.7757537,0.8880095,129.30002,2.574404,1.1585958,3.9592977,0.32317433,0.98887026,2
163.75888,160.16296,149.62624,162.86046,397.0384,57.8839,86.828964,184.7435,82.369705,0.2568546,320.85504,2.5124173,0.3308041,21.410652,0.72674066,1.1345265,2
121.90566,82.38788,166.77142,125.68756,102.70804,71.779724,72.52528,3897.19,59.377956,8.906848,1768.0552,4.4217243,11.521339,11.109502,0.47958422,1.0503228,2
128.05948,92.654434,348.3347,104.75995,273.30515,64.18693,73.56618,197.72275,4.761421,5.7925525,489.44702,1.2959768,7.3294325,11.982527,0.53368306,1.1846069,2
63.33532,68.960846,76.516594,121.492424,64.60666,93.93977,54.85537,4250.711,19.172901,0.17872241,310.0829,2.4605517,0.74043286,1.209139,0.1600152,0.1652153,2
226.1709,51.532173,158.02847,184.99945,68.39096,54.35129,83.32405,27.519806,56.70573,0.74871325,508.11972,12.975659,5.1418996,60.25661,1.4328017,1.0799142,2
203.39113,50.740776,8.004424,176.36957,11.839058,69.936966,82.29409,352.92526,3.8820662,0.2774457,120.839645,17.934225,1.0511788,53.188686,1.0668263,0.3422517,2
68.003456,88.15076,38.641937,182.16707,7.624044,62.08997,57.87882,38.70579,49.153027,0.14788018,3384.8213,5.9350023,5107.285,1.521488,0.06459461,0.55685097,2
142.16711,141.35072,378.7812,153.99615,299.09216,84.73622,65.7765,571.3985,43.62909,0.24878985,1951.521,28.948141,0.12233543,16.84595,1.693584,0.43599686,2
67.3464,111.66761,57.70862,130.43036,83.65982,56.4616,55.09741,305.76044,0.5458125,25.224644,7065.7324,3.4281368,6656.779,1.2517108,0.35520115,0.40621024,2
160.62341,61.793472,309.2039,95.44451,242.50226,67.85742,82.017555,46.441757,72.11738,13.496712,466.71143,2.9386096,6.219473,48.83189,0.26132885,0.11696042,2
80.37095,59.185368,37.350586,84.91014,5.0587883,58.32038,57.181206,24.956047,0.15980285,0.2794983,215.61299,74.48101,134.35562,3.528662,0.44678947,0.023878103,2
96.78072,116.58342,17.948654,80.70166,6.734835,77.22659,67.52284,17.527718,1.1931785,0.26908815,252.10994,15.355263,6950.0845,8.304838,0.08430633,0.60721636,2
128.83679,150.95311,198.01634,79.560234,108.57895,66.78924,74.80065,8408.112,13.456605,16.648033,8840.169,39.276787,0.9128305,11.720733,0.515103,0.47409248,2
149.9755,95.1554,311.6096,148.80559,496.7739,64.75395,68.61619,22.875423,93.29869,0.14543527,6489.088,9.813347,768.1875,18.249075,1.3061527,0.2655809,2
178.57043,159.92935,165.24275,92.956276,452.8416,81.66232,68.911896,552.3211,0.51063174,0.17105585,112.284004,194.5497,6000.2397,27.421124,2.0825386,1.2955042,2
65.885544,133.24638,8.109453,178.68495,9.554304,59.582485,55.572792,102.64743,108.35872,19.262142,117.26769,21.883326,1591.5195,1.2638767,0.3120835,0.3274993,2
214.51483,153.12347,171.53769,131.55849,538.5625,55.865833,78.08045,44.000744,64.74144,0.08592108,2374.1711,189.56245,1.0204886,100.69211,1.4408526,1.4754381,2
85.10581,129.97316,17.827126,106.023506,6.472754,93.26016,59.268852,8929.324,2.9834063,20.317394,172.86703,15.844954,0.39999455,3.3745995,0.71283877,0.03657534,2
210.69244,67.01871,47.379944,99.804214,33.233673,64.03567,99.21333,26.510757,6.1577387,13.24141,2342.594,13.120348,2922.251,99.792244,0.15632975,1.2721915,2
209.41374,55.474632,37.377018,153.27148,32.979797,56.269413,73.85688,835.04425,0.7914834,0.15754308,179.98347,5.6018376,381.19446,119.51995,1.6296862,0.27123743,2
73.316956,50.946304,14.76483,107.74491,18.210238,74.059326,59.014854,1299.0983,0.16333175,7.029885,2627.5635,92.70393,6819.618,1.887332,0.21195725,0.78741956,2
203.0288,54.061302,373.49112,95.33062,350.89197,59.321323,93.72827,42.641357,143.50647,4.58736,961.1654,5.563604,4388.713,67.5378,0.43562198,1.3261559,2
65.45212,105.380646,10.891315,158.99695,7.788619,93.93456,56.721558,5351.87,77.70566,1.305003,6405.3145,25.35919,6000.686,1.1595036,0.16975674,0.27233905,2
74.77962,50.115086,41.090794,79.18481,41.969944,80.06569,56.605988,621.6567,34.081207,0.16585,484.62476,108.900085,1785.7412,2.9488068,0.29217836,0.10640507,2
66.91438,56.598877,11.894143,79.961624,10.698789,54.90842,56.07501,28.034119,42.577415,0.32314613,753.93005,1.6734996,0.47562438,1.2283744,0.2069287,0.16743809,2
226.74464,109.99007,378.45407,111.579056,330.69138,54.524548,72.16896,61.575092,0.32152835,13.561645,410.0849,60.680645,0.10697575,56.881275,2.441219,0.30605274,2
69.44389,55.190704,320.6657,108.20468,122.504196,69.903725,55.30032,181.01822,29.920824,0.3217508,1025.1399,3.3290975,1078.0103,1.5419185,0.27880293,0.3566747,2
156.49991,136.83264,16.71495,118.962135,17.899767,75.65004,76.44403,127.55828,93.49341,0.19472477,350.37234,182.62978,4.8368587,42.650215,0.57596433,0.87385046,2
204.55519,161.73863,13.925382,131.4378,16.180096,79.62268,71.308624,2061.225,1.2661476,0.25130066,167.74101,29.579777,1080.6013,99.7149,2.365121,1.4600713,2
63.65078,162.9781,9.9150095,86.09746,9.253077,80.317924,53.914627,3569.105,21.415638,0.17029504,6744.709,1.769934,0.73518074,0.973233,0.17098686,0.118947946,2
66.58681,55.31815,169.27803,96.50058,398.65112,56.38726,57.48046,25.441418,97.084305,0.1152383,132.43675,3.4391701,1851.8386,1.281033,0.19894119,0.52666533,2
75.19743,58.094723,190.28777,86.133095,109.61035,71.68529,60.879227,519.43744,42.912445,1.863502,207.74335,15.858132,0.099687815,2.2407799,0.31283095,0.7990427,2
121.57014,51.412884,128.85963,85.40973,547.907,58.708004,63.958553,20.940163,48.640335,5.2852755,258.75073,8.711578,1.5735004,12.809716,0.8375738,0.31556973,2
86.01489,137.80951,219.60837,81.205025,86.96954,91.061005,63.299896,13336.971,27.444206,0.36162767,394.65125,4.550684,0.09984593,3.7186224,0.475021,0.04701479,2
97.15355,138.35266,170.3276,79.61515,388.64597,54.443085,67.26745,556.08093,123.52818,0.1583736,112.23556,122.2969,8.514468,8.012708,0.18696934,0.66231203,2
173.17207,127.53536,314.88516,185.12332,528.2458,61.22408,68.25282,3534.296,0.6366796,0.18436934,8198.82,54.747738,41.649693,39.067696,2.273028,1.4439666,2
117.557014,132.02814,165.43866,123.86942,455.8231,56.81452,66.63642,8732.193,99.592415,0.17318438,2491.4253,1.4182122,96.945076,8.85894,0.88656485,0.22136529,2
179.76416,90.990616,11.456571,89.82378,26.547382,91.568275,68.53942,5383.5117,21.91944,0.17513861,2902.3774,18.29288,84.513336,48.15238,1.9680701,1.4700893,2
226.58734,80.406265,317.64014,83.76218,367.9627,83.40052,103.12084,60.14834,7.876028,14.496977,257.02112,1.1854885,1171.787,49.63237,0.8323817,0.31085473,2
71.302414,108.39612,35.980137,94.64607,10.398083,55.165874,55.815098,35.648857,34.53614,0.40047628,118.37838,12.55373,798.77844,1.9707831,0.25235593,0.7395467,2
104.47661,54.01018,212.6261,166.99205,86.32243,58.017902,62.16474,58.138783,51.06561,0.28957117,2228.8682,1.6650867,1115.5403,10.999022,0.93307185,1.1098351,2
65.27513,95.048035,11.872568,176.43826,34.53759,91.68674,55.18264,875.34155,120.69541,0.11307967,5676.5645,1.9659936,3297.767,1.4027414,0.15218078,0.6321262,2
189.99902,98.49707,11.690685,94.77783,6.3332915,88.18804,94.1051,14.654276,63.598145,2.2791748,2189.9248,66.962944,2.6630538,43.002113,0.4053548,0.19573668,2
181.43051,50.984528,376.44397,99.972496,339.21036,76.856804,69.7592,433.14954,43.13052,0.44875702,136.3326,8.847134,5.485818,29.05229,2.0156286,1.2431258,2
74.55948,52.530792,58.030678,137.1542,494.33063,89.638695,59.519455,4456.846,58.738304,7.1456194,1007.3489,20.76881,6191.0522,2.0975897,0.17342857,0.81667763,2
63.727554,50.294827,12.561239,85.59175,7.081567,54.92263,56.402287,3603.1226,5.9962907,10.748526,3813.3582,1.6298848,1078.514,1.0301851,0.07820075,0.2533948,2
86.397285,155.31477,11.642294,176.7276,10.79484,55.00007,59.98961,74.10032,38.837948,0.071853824,1492.554,57.56697,0.26205677,3.3398824,0.5427493,0.07876027,2
146.4056,50.617783,123.78288,82.13418,108.072655,66.23887,83.856964,2723.9734,0.19095977,0.25987175,7486.205,2.0479617,0.1753488,22.668583,0.24459511,0.24782334,2
214.48595,163.35486,117.895676,141.44545,93.2879,84.326294,97.10512,276.52863,97.71637,0.17044024,271.81223,1.9196777,0.63494366,70.575096,0.420469,1.3380893,2
67.03013,151.75987,17.506504,182.51921,15.334877,68.065704,55.221794,4408.8706,55.97432,0.15835889,131.86205,17.060535,6.234015,1.2472534,0.401762,0.64751065,2
193.1011,61.436024,15.750207,102.254425,25.92578,58.85915,69.57734,178.0796,66.55787,20.166609,9034.773,104.684586,0.5326354,48.61951,2.5389533,1.0009061,2
70.86157,159.77902,56.722878,90.70384,38.57066,86.50508,58.07748,297.0378,4.0264177,8.721828,4980.227,3.0310485,1.0703406,2.2941513,0.735806,0.75721973,2
226.74008,157.74867,108.46019,154.80176,438.28894,91.20628,71.9315,78.28105,46.126183,10.630439,1296.8108,1.8335068,20.809547,48.100018,2.6462617,0.3085566,2
194.22426,52.629745,255.24939,85.20732,102.72698,72.9581,70.33022,8566.088,90.54197,0.3048606,9750.96,6.384841,16.598682,93.25046,2.3036225,1.4942052,2
139.76967,50.298935,12.54984,118.92576,12.904379,72.32792,81.08383,1319.3967,4.252664,3.711648,391.6009,47.768402,990.20514,16.539696,0.3248768,0.33551407,2
87.65933,126.69915,9.453568,88.728424,19.287415,54.33084,59.411045,54.904263,60.94249,11.705507,338.45764,170.82332,0.17763877,3.9461956,0.42841387,0.07424316,2
205.77734,54.60785,269.4648,80.21055,101.50792,57.00644,74.739265,24.94368,9.515415,2.3878517,7817.878,4.2457867,0.29620278,39.67717,1.6836923,0.84070766,2
87.44879,53.265793,28.573742,79.32158,32.474754,64.11746,63.74163,16.671696,5.823084,0.42152262,410.25214,1.7739019,5.9785185,4.9227166,0.12603162,0.21323356,2
81.758316,102.90683,185.7424,137.56773,548.9788,96.22995,59.111,53.780094,0.5704222,12.554047,5867.536,41.13401,5407.453,2.9866836,0.82151324,0.07221963,2
63.54688,50.363773,8.817068,176.61061,7.0350747,75.83722,56.068558,1546.43,9.891622,0.60718155,754.94403,16.280033,14.291929,1.165632,0.13534898,0.4590325,2
177.28314,52.643055,205.96635,88.389,81.60283,61.463688,87.2038,2838.0542,39.5342,0.08827628,595.5692,20.947868,0.29686058,26.470829,0.77446425,0.15870391,2
226.36911,121.9175,73.80635,121.82763,721.80634,55.342052,71.65587,178.90323,73.1211,2.5060253,190.71301,2.3877726,6398.5366,96.76664,3.0201511,0.30264625,2
90.04271,81.46791,43.553627,128.54582,5.0512757,90.257935,62.467922,20.283146,41.248383,3.1621432,7810.4995,8.603252,91.57075,5.6825,0.27268207,0.031466004,2
68.51289,63.35333,8.730207,142.46042,26.57448,67.148895,55.938034,110.308754,0.1482037,3.804247,131.66933,135.04222,189.40286,1.468966,0.245776,0.5498843,2
218.10345,115.71884,58.031467,78.64458,37.17333,55.92264,86.35071,1429.1082,56.898888,0.071878776,8839.503,185.72522,6.6910124,48.012215,1.2495624,0.5383056,2
129.4129,163.02603,69.4825,167.11497,443.16312,73.97551,65.23412,121.979004,37.506653,1.2918772,4496.774,11.4389515,0.48701498,15.299332,1.2201413,0.59397835,2
70.6023,50.2726,73.07058,90.410934,76.873955,65.80637,59.190075,6062.2314,41.367397,3.428518,7122.6245,15.855528,68.507164,2.2657247,0.07487142,0.24908227,2
148.83723,88.50126,11.429714,133.04834,15.434111,59.4511,84.062645,2751.531,33.946396,0.36824062,8280.529,3.5907726,16.183887,23.545467,0.25841424,0.24912322,2
67.89427,53.548813,401.45966,190.2471,221.68121,54.599285,57.62109,15.720171,94.80684,5.11951,982.83813,1.9383335,44.46472,1.6812034,0.66030127,0.65424025,2
137.74434,50.158195,307.7119,95.68773,310.9712,88.215904,65.95319,34.632748,69.37262,0.60386497,202.54982,2.4835227,5891.2974,13.327615,1.4200946,0.084072605,2
226.85707,135.29837,21.126116,86.56201,5.202565,56.64171,92.04258,8008.253,78.42431,0.261363,9157.708,8.675312,2.4683285,52.940887,1.1485605,0.53361446,2
71.17503,101.09791,277.3433,79.96965,104.944336,58.427742,55.41531,1362.606,4.7163067,0.2621125,8468.652,131.94994,0.9032674,1.8142636,0.31279612,0.2890723,2
78.15451,162.8682,51.80014,100.637764,445.7019,57.63722,58.637722,115.08133,0.20024838,0.24434797,3072.7656,1.3630531,0.42845803,3.439549,0.80433494,0.05591235,2
65.11536,92.1915,9.026096,82.57556,28.61338,54.618988,57.020134,445.03592,54.456757,1.2309325,227.13463,1.4395218,2395.6208,1.426913,0.59494364,0.15051623,2
70.87398,52.87529,7.9125204,78.50976,9.049257,56.83181,57.256996,447.16083,5.6837244,0.4324934,121.816734,1.3027209,1413.9169,1.7108022,0.21563442,0.4773902,2
222.73662,52.516003,46.884144,155.3947,33.765366,86.16426,93.0544,53.924133,33.7061,0.30510256,6502.8613,1.1760688,5.758365,141.78404,0.44168895,0.6631303,2
226.7262,50.925415,225.82452,78.253914,122.46663,69.01021,80.41554,39.991417,62.820686,0.096025325,218.24925,1.5817463,0.955659,121.927704,1.296066,1.0959502,2
103.886696,52.162254,20.63572,191.35144,41.38243,55.266235,64.35365,5220.1226,58.839943,7.4711504,1419.0789,30.749794,6019.8164,5.9713497,0.56852967,0.23818256,2
63.377605,116.37005,59.768375,80.81479,51.40364,84.317955,56.954876,1793.5719,1.2434951,9.198134,7256.9487,26.859491,3.9836743,0.9126402,0.5534887,0.45044917,2
201.02985,142.5676,360.35217,101.7118,179.20793,56.95228,70.67975,1074.3741,11.761191,0.58164704,117.04385,1.9747572,1.994348,90.60607,2.4239435,0.22663447,2
81.10489,155.87764,9.820358,91.9612,20.363354,71.29828,59.4652,23.461731,53.775288,1.1178894,7005.084,101.96797,29.921642,2.6727936,0.87770915,0.7630582,2
74.86295,148.89233,8.6655245,81.599556,11.213633,62.653194,57.565964,1196.3286,33.209557,4.254141,925.4728,5.069614,0.5269496,2.5856645,0.37179503,0.7516779,2
72.7881,104.45026,78.987564,153.9306,454.0831,54.627182,59.985798,140.36855,3.1878884,0.31963435,7334.8384,163.46791,0.23631676,1.8138745,0.122793466,0.07517385,2
222.51035,60.723072,297.72046,183.17346,333.29413,54.67224,81.44928,57.784058,50.6026,3.0006456,3235.8918,7.8149323,5420.4873,146.27983,1.18543,0.91933423,2
69.36275,150.00291,76.52066,95.73573,79.51834,62.79726,55.984943,18.672962,0.3861058,0.061539944,656.36273,82.20636,1.5395639,2.064272,0.47840887,0.08993384,2
214.95058,120.7815,28.519083,104.611084,7.444373,56.289433,71.464294,43.514343,41.204144,12.214624,1884.0703,187.64415,0.8661605,73.417274,2.5491364,1.4198322,2
65.77828,86.75491,11.195388,132.28967,19.642855,76.30309,57.080006,869.31323,138.03992,0.19208871,9261.736,1.8279562,0.70883,1.4668314,0.3070355,0.58673966,2
110.57456,107.56337,396.12875,106.391266,386.47357,55.72414,71.58976,143.19838,0.13449715,16.619726,541.78424,8.369001,10.67044,7.9443765,0.39691576,1.2084126,2
66.62536,51.035328,17.302872,91.597015,18.61303,64.04624,57.738945,257.44742,7.6244226,11.807339,4014.3171,27.600517,3.025217,1.5468836,0.26968932,0.07627221,2
64.27533,150.7097,15.15967,112.99092,9.633986,65.87518,53.927094,69.120895,0.14496984,0.26913974,128.03659,5.5417023,62.29333,1.4022975,0.23294824,0.40264806,2
147.97641,125.26113,12.636595,179.65497,15.049121,72.14929,84.28549,24.619843,41.635742,6.90813,673.2052,3.096827,0.944687,16.595821,0.48393026,0.10838038,2
226.25497,51.851303,149.77463,117.11294,628.196,66.29596,75.74999,10960.434,6.208722,3.436026,1260.5125,186.8612,0.5026308,138.2802,2.010364,1.4957899,2
158.66223,50.08281,122.51267,162.92056,413.96826,60.814377,67.88343,84.66397,38.663208,2.1900873,215.07181,52.084007,0.5105238,30.477592,1.6651351,1.3247455,2
93.37701,56.331738,9.15409,152.56749,12.223695,56.153034,61.286392,1807.1537,19.473974,14.367065,756.815,1.1609074,0.8972655,4.5155363,1.1852288,1.0481662,2
63.32553,105.4889,88.93403,102.65944,72.57684,56.624752,54.87007,4351.467,3.48312,0.16047461,5048.1235,5.648897,6648.5933,1.0146844,0.28449515,0.57878447,2
202.21506,161.96577,402.91156,99.72748,202.70966,60.419525,97.05611,41.327316,63.351643,0.16432177,666.21466,4.2101035,0.30676973,97.24083,0.12459933,0.27553403,2
187.76617,133.09782,167.01312,78.23578,105.2385,87.18996,71.10868,3292.6306,35.754982,0.08237559,483.79785,1.3611984,102.56477,34.280533,1.5904679,0.665792,2
