pkt_len_mean,fwd_pkt_len_mean,bwd_pkt_len_mean,fwd_pkt_len_max,bwd_pkt_len_max,pkt_len_min,fwd_pkt_len_min,pkt_len_var,pkt_len_std,fwd_byts_b_avg,flow_byts_s,flow_pkts_s,init_bwd_win_byts,init_fwd_win_byts,fwd_psh_flags,psh_flag_cnt,Label
93.74273,60.275307,13.25407,1341.7251,11.717088,58.61802,63.835518,104017.625,84.013054,0.29949847,2133.462,75.185295,110.48532,15663.6455,216.9118,25.078396,7
115.744675,124.1219,31.73048,245.49352,49.950195,78.70886,74.63785,122.68359,22.550179,35.467743,302.5763,30.294657,479.93204,88.85014,20.973314,0.02443493,7
63.09449,117.206406,10.415171,125.774765,19.858181,86.67653,62.947838,231.34041,99.90328,4.813309,9603.359,13.810344,54.769196,3.990874,3.7931333,0.06892434,7
460.51797,257.11478,361.1933,1178.5996,124.22815,57.532043,62.363358,79614.99,20.76761,0.055803407,44791.113,1.3114166,1.0660293,14456.562,21.647678,26.358368,7
71.447815,233.98009,393.1484,406.2641,112.98038,57.46822,71.4654,766.4502,22.508997,0.057838835,546.7832,2.5336392,319.25372,13597.626,223.56058,9.977265,7
103.66142,76.84296,441.67142,1016.20575,273.1872,57.889572,66.47539,38434.14,52.727684,45.01254,141.08049,14.95809,54.586296,6280.375,131.54825,0.9896901,7
74.32195,85.28143,8.957374,671.1188,15.066889,62.86754,62.896843,4902.659,79.74199,36.7222,59168.703,106.70851,0.19596636,4.3432536,5.2945437,21.885654,7
158.04099,339.22186,10.556643,258.3135,25.035933,60.193813,62.14941,39053.406,11.873854,6.232138,14499.463,34.125374,7506.6763,0.17383166,12.080423,22.083172,7
62.115543,76.97607,55.04388,983.2313,76.257324,77.01761,65.92587,566.5215,72.45593,14.167812,1301.768,359.20026,2.381396,12.249144,7.212067,3.90709,7
620.9605,114.87157,6.903448,187.68661,11.710007,75.66247,60.574444,146.8469,11.5544,0.5980324,497.79892,42.65959,85.27374,1.2463713,181.63715,0.0983912,7
355.73926,326.29584,192.08798,832.9221,1193.1914,78.16724,59.22866,468.1,154.10965,329.8357,12951.471,23.185635,0.3576208,2.0920444,72.982086,26.86527,7
435.49432,60.82944,20.638819,139.66399,26.477417,73.067154,59.084606,3364.0005,37.05122,7.7346706,1295.7747,11.457127,7570.6484,18.62296,40.55713,7.4069967,7
76.27976,69.94793,21.773508,207.0536,1598.2831,64.59312,69.46153,2021.6793,13.838489,48.24032,2133.5544,22.936655,4748.8213,6.3964624,5.691199,16.257833,7
289.4572,64.362785,24.559193,208.4808,747.46173,80.56432,59.3242,765.7563,84.67418,190.98636,150.78227,19.78477,5.0019197,2.0448484,42.01604,7.9701915,7
89.02065,204.53647,304.5512,146.23987,447.90317,74.61499,59.958206,4300.595,21.15586,0.31674877,300.39545,30.279589,57.60801,14116.172,220.53221,23.172688,7
119.26563,389.74542,330.04688,221.29431,809.342,79.57242,60.113884,3891.02,33.715816,63.64714,19964.805,33.565266,4.347,15.704329,17.29433,25.166597,7
65.35669,60.991245,10.062818,339.62378,16.571783,61.735767,69.72402,18767.824,87.647285,12.944071,7638.5166,32.468864,5373.3945,7581.987,244.80792,5.345082,7
430.798,290.68207,75.485596,296.9534,81.7955,58.829613,65.25428,468.77625,26.363365,0.34967184,714.4176,19.464731,2.7108283,0.121263884,95.98154,26.455133,7
75.77701,122.7918,20.640228,394.34912,33.506863,57.921844,65.48949,111717.16,22.444672,0.7361877,2905.332,1.0176786,18561.99,1.5622995,2.6498404,27.071764,7
258.27133,175.90468,77.55336,423.16003,1316.0891,63.253708,59.376057,658.10754,12.216829,0.27546132,371.0367,32.26831,817.4343,7.7460275,49.037483,0.054046933,7
497.70306,175.91159,11.997398,221.77042,6.005965,90.68793,60.59459,91.81526,23.176785,7.1274,1865.492,72.7145,0.17486799,1.8577784,126.81812,2.2829618,7
517.1314,141.25838,18.79573,226.6223,6.324301,61.550957,60.371864,117931.3,30.170197,13.0433035,1716.2544,8.681757,19431.375,4.9369082,99.533,18.283848,7
125.6753,147.94608,361.2187,255.33041,638.279,56.91275,60.60052,2479.9734,14.639436,348.87115,6007.014,12.018473,451.52795,164.40878,23.429333,0.031681858,7
480.35278,295.55457,8.839884,158.96034,13.332101,78.50055,63.67119,707.4813,134.78235,168.39102,27718.828,76.67522,18979.723,2.0339608,96.30922,4.0712576,7
133.37793,113.63401,7.5649753,1555.2646,25.02308,57.62654,60.17733,330260.38,137.95123,0.44399875,19574.543,1.1623657,2493.1384,7.671407,9.86496,26.486204,7
499.45874,327.14078,7.3005977,104.93625,12.645854,75.35954,59.576622,3030.7356,50.02205,1.7309786,562.18823,139.63521,968.274,4.4577584,84.37908,0.17969102,7
421.9458,60.952713,62.39545,271.38742,1065.8046,67.303,58.92586,426.23407,22.046696,2.985661,151.30014,73.53578,13379.677,10292.966,16.966883,20.267862,7
59.86268,76.57557,503.2896,245.17155,301.54303,61.438404,58.90692,20265.049,38.133842,11.217672,295.4898,15.656605,16949.432,0.8822509,1.0597668,7.645844,7
234.56728,242.28825,158.37303,867.51855,1090.2172,57.157963,63.818268,7803.202,12.713252,8.373705,4999.332,12.539203,1852.9319,7.4098535,19.593983,3.5268943,7
128.62714,195.06995,10.325678,101.73786,29.733992,81.42817,68.035416,3857.9304,48.887478,13.148436,8282.772,14.34012,11874.567,9739.119,107.763535,25.655632,7
425.5664,78.82643,18.53664,1239.1685,6.992342,58.37033,60.772682,158033.66,140.20045,0.44657063,129062.86,191.5784,6813.968,665.8203,39.469948,0.032453533,7
62.90059,207.1059,425.9502,216.53278,103.66771,92.243195,59.39529,211.41562,19.421478,12.906872,4392.885,152.73856,723.531,0.20182422,0.6566779,0.026788773,7
69.38765,97.433975,399.61353,215.19641,291.18964,63.946198,61.198006,589.8898,13.621419,0.053978816,2296.6445,0.5747146,0.16440856,3.6305957,3.1517518,19.504227,7
239.68535,98.71688,576.625,245.48752,144.48306,62.797318,72.38945,11003.346,90.18829,6.43133,19031.854,181.50562,5799.2764,2215.5955,48.38414,0.865963,7
287.94708,371.7166,57.781395,377.32074,57.930866,59.309963,58.419582,1870.1401,117.20319,114.80175,101.47117,15.360793,133.6438,1938.5262,52.19358,0.12673053,7
167.29294,111.62733,188.87175,222.67741,147.0219,64.48879,67.78237,13189.929,20.88336,134.57738,25666.57,32.329132,18383.61,351.8115,65.050255,0.044989754,7
178.14212,316.18228,395.21896,368.18655,640.8561,70.725426,59.420467,2072.8008,73.26084,747.94617,831.3231,77.43078,15587.047,15598.587,61.274155,14.807085,7
121.90074,276.79596,10.025496,760.5472,11.025482,58.5066,62.87759,84961.484,131.09383,4105.3296,1080.2719,16.388163,1.4176092,0.6218233,6.7219906,26.025982,7
312.7475,176.7666,8.21576,590.65466,13.524475,57.66418,65.006775,36029.28,14.29838,14.70052,23990.867,17.034378,22451.354,11.016644,35.28771,0.2945219,7
387.61633,144.13792,503.28192,625.4334,354.34964,74.29635,69.35027,6601.308,83.299286,399.18488,217.17871,28.532825,13.926058,2.2640395,79.871376,0.7262013,7
130.41231,71.30152,38.8631,958.6385,60.397095,63.99806,58.33119,16456.775,120.412445,3.3378222,983.4562,110.36795,4.259448,2.014626,10.859874,23.226223,7
323.6141,363.44165,37.52959,574.09906,1453.5872,66.559,60.016193,432.1659,11.637217,1.1818125,292666.94,26.861418,150.77924,0.31225136,59.580837,1.4851441,7
67.13805,187.58623,7.6222224,117.38008,7.381176,83.03224,59.36745,266.4589,23.072098,67.94469,394.99326,25.989967,2.3487282,187.56384,40.12238,1.3365445,7
212.40558,62.75997,39.60562,779.626,56.454865,89.79762,59.6106,122.365585,42.26465,104.78209,10440.752,20.322361,2474.6567,0.48286283,23.445816,2.1403694,7
545.70026,161.15451,529.39044,518.807,245.85826,60.245426,59.711,131110.2,13.187448,271.37134,6937.2227,13.8622675,7767.559,15973.532,14.05928,0.08125814,7
62.322884,339.19672,7.6794906,513.6227,17.484043,58.923977,64.36547,2664.8394,23.228308,116.969635,2841.5884,27.874062,0.33761546,98.46362,24.14025,1.1178412,7
62.83359,63.21147,348.3127,161.78233,73.417274,64.25068,59.702805,35683.66,67.81328,5.730735,3907.1174,2.3010864,19636.752,5794.2617,285.31555,9.351471,7
541.52576,307.67307,9.003096,456.14667,26.601383,65.340294,69.88385,23979.637,14.071072,0.13809577,5277.654,170.7627,61.82977,6.9899755,98.30113,1.6354876,7
315.39648,148.8869,279.45935,166.5057,151.2753,78.46178,57.922184,727.83813,127.90947,0.69508874,497.29874,21.527065,9033.473,13516.155,39.609882,27.148844,7
70.683815,115.61804,470.90732,1133.0978,481.80673,57.682644,64.31615,6443.7915,141.05759,13.207558,8556.428,90.84181,39.67556,0.81487477,2.5646732,2.198111,7
197.23846,65.27889,277.03116,84.7437,438.4438,68.91256,60.2197,473.74323,13.735836,12.706973,9842.013,20.259157,14668.04,0.25474027,19.760674,0.15227252,7
133.32803,401.93872,144.37009,408.92706,1082.4948,58.01444,61.42239,2218.142,144.29248,8.688236,18151.826,4.3374214,40.338287,3962.6316,85.63371,0.27963585,7
155.67432,290.58057,537.63116,679.91144,397.0473,57.51446,63.91146,2937.2808,17.549194,1054.971,18792.254,57.395332,20483.475,9494.889,111.17577,26.51405,7
93.97486,299.74252,392.6471,214.35663,267.72205,64.145164,58.771786,8864.723,17.073652,2.1213593,1962.7573,37.74195,45.777508,1.5158372,3.2380676,12.935154,7
271.35782,268.31598,7.787995,589.1658,9.578608,73.45103,68.01714,382.39716,63.725147,0.06479632,46.6821,26.4487,0.77140725,3.826687,41.790604,9.368391,7
210.92424,122.789856,23.06671,185.59882,1321.8098,90.66737,59.688305,41.969196,22.347942,21.368507,3023.438,5.3883057,14650.982,213.75232,70.189384,0.8197665,7
210.73616,107.9996,206.887,448.02222,1017.8737,60.730312,59.09128,1856.7902,20.54586,20.403812,14775.958,16.71863,866.90295,0.12783375,22.381367,8.611233,7
599.2899,232.6738,318.32965,423.4534,569.84485,59.92958,70.968666,567.1789,24.99693,120.92722,13176.299,10.259596,0.4596412,0.64928025,156.2945,0.41472578,7
519.1298,283.17508,273.20026,983.4595,178.49826,56.91032,64.65792,1656.3596,16.169178,4.981719,356.2586,5.7285824,2225.826,2554.8057,13.176684,1.1744621,7
397.09912,62.35822,335.72412,631.50006,169.14809,76.87749,59.87519,249.87225,13.865212,71.864456,320.73474,16.520517,23155.035,2.014411,93.18527,0.25128317,7
85.117386,61.768085,10.29191,319.09753,6.327938,57.23386,72.83579,1636.9055,14.321391,3.273034,1297.4087,36.03997,4907.0566,13693.855,172.87003,0.5623765,7
78.510895,57.70862,125.35087,160.85971,923.18146,63.726723,60.546116,5605.294,133.32066,0.5551853,1775.5212,1.7432733,79.7441,733.9721,57.922043,3.5475156,7
77.15929,60.67882,10.772291,420.99155,26.871365,69.2348,59.275063,93.58745,19.699389,2.9822354,488.8494,61.650867,0.717113,1.6434193,2.9041204,1.9833912,7
63.060883,60.88392,66.8558,658.4357,74.94196,60.98167,59.641705,16267.178,11.938836,24.918135,331.7039,40.25226,22689.75,6390.1807,330.3297,3.0043736,7
65.82446,91.60518,44.782913,723.4885,62.38596,65.42618,60.42828,340.52057,15.716404,188.38275,65998.01,29.933079,756.9353,0.29504916,0.9322542,27.976381,7
184.6091,279.11975,6.7068295,657.83887,16.999542,59.96873,71.85372,66.01206,42.981346,13.39246,2789.2168,26.796806,137.20071,479.43417,31.07994,6.3249793,7
570.19934,60.246445,9.698528,202.49976,14.230187,62.942745,68.745605,8623.43,71.35301,0.07826241,171.39066,12.654062,22689.988,2.7132943,124.325935,0.01986593,7
168.2829,62.081547,25.537838,137.05417,1399.5146,87.00525,60.188065,108.57053,130.4921,9.63298,5068.6245,7.3532257,0.17482837,12.220554,21.445759,0.12691128,7
79.81012,91.35074,224.31535,731.5303,136.86432,60.837402,63.721813,3244.5376,23.463907,3.937912,68.39708,23.506517,15547.183,3757.6902,151.02014,18.396421,7
81.48317,117.331436,299.12695,200.60237,894.1979,62.450554,65.16774,13680.331,13.718185,168.55524,4769.1533,117.50745,4595.1084,38.71789,10.253134,27.307278,7
96.31256,61.61864,123.02566,97.038666,113.76905,58.458637,57.18856,87.885376,113.194824,0.222988,4281.9575,291.7293,454.85977,0.47712198,3.3526704,0.034296624,7
63.734592,95.626015,142.16466,137.97145,120.94269,74.18308,58.361584,1736.7471,62.90754,927.5076,2431.3408,48.55039,9492.38,0.50823396,1.0329587,1.6819186,7
76.87908,59.398228,300.3437,237.86949,139.77007,58.90052,58.655415,39098.984,44.42446,17.371485,302.9388,14.1382885,824.20746,15894.827,319.37085,23.86462,7
84.76108,227.63187,160.57286,929.1317,790.72864,74.18122,59.471657,170.37909,80.571945,37.287354,7888.963,28.081802,9065.01,392.19104,29.38783,7.289402,7
75.56328,75.33825,12.362864,147.8758,6.706815,83.83925,63.447605,1838.7167,52.807575,12.566481,89.904755,26.404724,19413.723,5829.602,226.97346,2.490189,7
661.07794,232.99112,457.88556,197.7743,247.39966,60.603046,64.044754,629.7698,54.87415,1.7043937,10841.049,15.313425,3872.332,0.13575783,230.4133,26.430212,7
375.93048,246.77222,513.075,80.92488,489.5731,81.09178,63.740982,1102.4106,143.89632,75.43353,16468.693,38.011204,13010.352,0.9992003,68.64754,27.65396,7
60.879463,190.74127,15.308381,577.83545,20.645996,57.10264,62.6501,1613.22,121.14603,2.7069926,36453.785,6.438942,0.32643342,62.90044,16.48262,17.239424,7
612.09534,220.66714,41.50824,99.39584,980.0826,83.02178,63.97141,3323.3765,134.18631,6.7170835,2029.3123,7.533644,0.35673308,0.3334106,194.90874,26.72092,7
80.37657,241.05681,17.443573,254.8083,35.319138,69.30272,61.17351,3140.5815,28.655355,0.35635898,2452.6436,270.2281,0.19223158,0.43735984,2.544341,1.4072375,7
156.80504,91.407394,11.628987,77.048454,5.3093996,69.388824,61.33521,192.54935,28.40217,10.536192,2710.328,18.137589,1477.7305,3.3715138,12.017187,0.034892645,7
425.69577,105.177376,13.40881,1230.3151,13.543928,60.976173,59.754757,230259.98,57.997925,15.334387,1003.7894,67.91313,14926.522,4301.2886,19.578547,21.385345,7
74.39231,79.748535,385.76068,558.1957,179.44843,81.43791,58.489235,125.08629,160.10933,46.264416,9580.727,22.742418,128.19568,592.816,58.94458,0.22845566,7
212.84369,335.09512,86.7314,785.0818,46.71772,78.77282,71.24528,2214.4204,70.1242,136.20798,142.48807,17.184172,5.9585752,122.0288,32.301292,16.11228,7
69.4659,289.02322,12.978334,259.32755,14.50934,72.08176,60.509415,18.215204,19.096148,34.178726,8553.653,20.240742,97.479744,2903.5557,169.70312,0.84484833,7
76.7985,71.70258,83.08619,389.55856,454.54404,77.21417,61.330185,6387.2134,15.057683,0.43531606,1427.6884,127.30028,15817.324,3.7385008,3.9522166,12.139388,7
59.290268,151.15228,7.230537,168.73029,11.546944,92.98213,61.449272,57.367687,66.5591,7.209565,4028.8987,19.164982,15867.987,14463.636,440.29626,25.665358,7
67.88629,114.3845,6.4546247,1509.3943,10.951852,59.04087,57.64231,115472.18,18.123446,215.48495,15323.22,24.114693,165.4728,0.49423224,1.2766831,0.5509792,7
99.59688,305.13254,191.7591,557.6008,328.29944,87.97451,59.375366,26.9166,134.01108,111.87593,14029.065,10.777515,1243.6383,108.0126,21.651459,0.21158513,7
536.7789,183.0924,53.112915,280.01706,33.44556,57.129574,73.407234,9890.834,52.995472,0.33731154,5239.263,1.9098517,5989.8955,416.4598,32.386425,0.4189061,7
65.82083,318.98676,10.757738,116.95343,12.872786,80.39462,70.23179,5855.1025,42.16025,1.3155493,343192.88,42.670074,0.2049473,1.3351597,3.126464,18.115814,7
70.77846,213.72232,74.3347,101.6002,76.208565,74.90435,70.84509,340.18103,98.42531,8.435747,1130.8838,19.470455,7579.3115,0.6304884,3.274029,5.3977275,7
430.27615,346.51447,35.06151,209.67627,1013.7283,58.29134,70.39471,28092.8,47.815945,329.48,5156.3037,16.925055,13942.629,595.8401,63.807976,5.921031,7
131.77641,260.89648,180.80441,519.90894,111.53199,64.10564,61.065456,1253.6497,15.669676,0.10377908,303201.2,54.54168,15727.775,15294.472,134.82172,22.632992,7
547.6045,285.3098,362.09387,358.232,865.6462,87.879906,61.385044,996.9504,68.291664,260.00012,10579.111,42.02328,3649.8765,114.32306,69.299736,27.414173,7
132.43153,62.44683,11.679691,408.0291,13.048045,63.213337,60.107327,10693.205,120.97945,0.94710195,172.32121,33.937065,50.20034,33.69175,30.521324,0.7930276,7
140.4156,211.59497,173.99414,533.0141,131.3883,60.3169,59.9177,381.87265,145.8435,56.879345,5430.5527,13.15297,2.4603112,1.9239019,12.570386,1.542515,7
61.797333,60.773567,12.143412,318.75323,25.58292,64.45623,58.369762,4580.138,54.878437,1.7529006,9095.764,7.1284018,641.05133,7853.954,346.78897,0.03360807,7
68.66969,80.183365,53.632187,384.96222,32.771656,84.20761,62.920033,107.25946,124.631325,60.116188,136.0202,29.781445,14.3256,0.36343113,1.4646276,0.032832086,7
484.98242,102.77185,7.7981753,92.94723,12.424881,60.05528,63.97863,14.809451,44.35743,1.9206312,86.728134,15.1741085,1.2392615,0.3115086,125.21731,0.012052422,7
212.83145,294.933,6.0564938,249.1696,9.260934,59.646217,64.63485,99984.664,95.186264,1.6994135,13209.304,29.125217,248.14687,45.496407,24.062767,6.444939,7
139.67323,67.74719,6.564596,866.91785,15.042021,70.547386,68.55487,122.76123,62.26062,27.960468,21492.664,10.338249,6057.694,15481.028,91.43648,24.431902,7
517.7774,59.243855,13.014435,68.69664,17.546253,75.1509,61.27852,315.6348,15.650741,0.7083936,189294.19,32.082443,2411.226,11583.495,14.680379,0.5129461,7
251.99146,64.61767,7.0849376,203.43323,17.297073,63.30802,64.01204,11.461012,40.297516,29.521782,1741.1726,9.769821,663.46545,4.0854473,42.362198,0.08027024,7
527.3806,86.203964,405.92673,123.347855,496.04028,82.71277,61.527607,1659.0979,18.679886,114.663895,7656.519,13.443062,2112.5627,1.3847722,159.22714,0.8024054,7
75.82564,288.7172,145.51465,246.90883,91.26869,70.241,67.15049,534.7275,33.08345,25.407606,2656.1218,75.16557,4.6406054,0.14953265,2.6550648,1.444231,7
82.726105,231.32556,21.044495,570.4963,667.41614,81.70163,57.954952,635.60547,48.908096,16.300352,1081.574,72.400406,4362.7925,5.9835925,3.3552427,12.732172,7
167.58192,66.695305,313.92682,271.5515,137.40622,57.903503,58.85073,24349.982,12.726084,17.328894,650.3545,8.412712,19659.707,0.41794243,14.829962,1.6745872,7
404.79184,320.75897,183.48444,928.1813,841.33105,59.63349,63.38,105207.54,112.58084,6.9919057,10819.306,12.355149,16.871851,5.4257245,74.61113,2.2429636,7
66.064514,70.994026,191.01923,762.9509,123.44442,79.48276,63.52454,2684.6807,21.094917,944.9787,13723.469,61.97197,196.1147,0.29939455,1.3204722,2.6330948,7
146.5247,68.566185,32.474968,169.55228,1379.1969,79.69522,58.74104,213.51907,22.67578,60.108845,14264.557,14.203606,0.26993632,3.4737134,13.533457,27.292925,7
66.18842,88.31989,26.380085,374.61066,54.78095,69.017685,68.47562,285.63873,77.484726,10.025795,1226.175,23.077068,23555.516,6450.384,249.99333,18.80733,7
88.6402,102.09561,30.350643,389.25735,56.011658,56.77087,64.82058,2250.7456,69.98217,1.1610985,9198.589,1.8986348,7.7687674,6894.2285,169.07071,4.1918464,7
69.09224,313.16745,85.99269,366.02496,540.05347,63.024418,60.2993,32582.693,124.80367,1378.5646,18243.498,37.1968,16200.57,805.48065,81.913864,1.0761217,7
58.929634,123.69771,41.87654,244.34737,40.1735,63.003204,57.90721,92956.93,49.649117,2.3997316,10171.252,14.896284,5206.7456,1.9586011,1.5781693,0.15147223,7
73.17559,63.933533,14.476562,81.95887,14.544067,67.65248,63.05108,462.94754,66.195694,0.7740083,229.20377,24.028473,43.756058,3485.2065,151.93239,2.9683259,7
92.37538,64.66362,335.60916,168.87384,63.370422,63.738575,59.53195,470.6077,15.527317,0.97779745,96880.43,20.428526,20476.092,6091.0376,199.66745,1.2087386,7
517.5281,244.6111,500.9503,205.51328,160.18971,77.95333,63.901215,1849.3674,69.269035,12.000284,3761.9653,36.46702,1181.8647,210.37169,36.839886,0.13195148,7
74.468414,74.640625,13.239783,102.72653,10.912649,89.14466,59.085464,592.60565,124.17752,33.330563,8964.105,6.704577,1.6270621,11457.904,337.5316,17.723774,7
62.91211,312.78568,56.733696,379.30164,54.33216,81.04345,67.732666,4505.2705,132.9863,1.1843144,107207.21,37.05497,5316.493,0.37105778,1.6920846,0.027968576,7
102.315735,276.9755,165.88911,121.36417,125.55419,69.72614,64.36768,10615.266,14.8989105,5.1820936,105950.22,42.25966,138.56567,0.86997867,6.2053976,2.81348,7
61.518307,114.793304,521.8724,169.20456,96.63368,84.884544,64.9353,891.0404,139.19284,1.7185249,17597.197,253.1842,6469.898,2.6618955,3.017018,1.3326665,7
430.48743,106.24686,8.47112,159.23914,16.391497,79.14108,63.479633,1360.5535,44.086185,19.49701,352.9842,4.939665,0.38472888,11052.686,17.20697,1.2455502,7
557.21234,199.98529,6.9605126,120.02021,12.634794,74.58983,67.394844,6429.1006,20.18972,10.61435,7951.7017,30.307917,116.19953,11537.66,17.30549,19.709187,7
144.19504,68.46608,272.8476,538.9887,991.50525,65.72512,59.920284,52.685097,40.29657,4.669814,998.64014,9.227015,1658.642,14630.484,97.61428,14.6602745,7
562.2035,294.02832,155.34937,77.05601,624.2266,59.689087,70.70648,1562.376,143.48724,126.452286,34100.074,27.921125,20316.137,1.7590634,124.490204,0.14233266,7
342.72055,130.7557,36.027363,747.66626,540.8324,58.42298,67.32535,2636.5417,103.88194,0.1051434,1010.3681,25.170795,7909.29,21.815317,58.492016,0.012432419,7
363.00607,239.50385,406.13788,77.498764,262.08743,57.36652,58.351025,20.533865,81.00809,317.8847,6065.794,19.656862,447.0745,534.11426,69.40866,1.7982056,7
157.71687,80.74655,12.053033,258.11462,31.129173,58.655045,61.266792,196302.28,155.42714,347.442,7639.413,14.951813,8063.2144,0.3983593,11.510057,19.374485,7
62.16703,98.39744,24.439384,126.330315,27.458715,76.53526,65.41838,1732.9496,26.760578,8.428661,974.8784,81.489746,92.572525,4.786747,3.5820625,22.865284,7
540.2524,280.1539,13.151992,355.25934,31.377653,61.94408,69.50112,44702.477,76.16643,0.053460937,165.60352,5.917218,8.886789,13574.096,18.58236,0.34989363,7
100.303665,75.155876,362.83252,261.56458,610.26917,64.86802,67.22361,2713.6929,78.318756,816.1693,14359.875,40.437675,12222.232,43.20361,31.921843,5.6711006,7
67.8075,352.95178,7.381,855.6826,14.499895,72.49013,59.396126,4502.5596,47.826897,0.051398005,1323.1672,1.0676391,13816.767,7784.5063,245.15019,0.29623514,7
341.93848,91.24534,354.52606,406.99554,440.59833,58.76503,60.43335,118784.18,15.72078,17.692904,8506.295,30.45124,877.0431,10.035042,57.652126,15.004323,7
399.64868,63.513554,155.01558,364.64706,124.09631,58.405075,58.879875,505981.0,31.513794,1.3912256,52.02543,27.293425,3.4273937,171.56253,35.066357,0.09980215,7
571.3054,129.18594,11.070353,137.95773,24.642485,90.75427,57.8987,260.53506,72.70234,21.317524,1259.1693,31.880589,5744.662,2557.0137,22.240417,6.6006336,7
100.61479,59.731876,7.3374534,196.8046,13.360175,75.08412,59.26009,55.307167,16.359072,7.2872796,3750.6746,5.4280214,0.46471366,15596.118,221.91696,19.78527,7
382.5782,90.28044,13.892055,231.80974,13.272958,60.460247,59.67589,168315.4,16.7261,18.654541,5283.885,8.116093,0.16176027,119.73812,50.028,0.1884656,7
111.26337,237.76335,379.92197,373.19803,89.34161,63.866966,60.582222,2433.3228,85.604675,267.15793,300.99014,23.279083,1086.6079,1.8496743,8.899493,1.3527279,7
368.47803,142.02458,10.283247,157.14944,18.05074,64.82322,69.248,229.43681,15.308941,1.7771325,29140.893,2.0494566,0.30385068,1927.1859,33.87228,1.4627495,7
106.983734,205.45184,46.115074,155.24376,40.278015,65.9051,65.463875,764.53827,14.83852,0.2817712,294.96008,9.020384,1.0991249,2746.1484,89.094345,0.03379803,7
95.8315,96.77289,367.80353,718.5878,272.99466,59.24805,60.738937,44654.543,22.547264,181.80017,95.80901,28.36483,1043.3545,3.5160184,7.5253553,22.072487,7
457.80484,112.7218,104.14127,168.65163,615.1119,88.43739,58.539097,279.6536,102.01291,33.130093,9016.059,5.4447265,3.427805,0.7276269,121.54524,9.448809,7
213.9681,84.99371,20.619274,548.7279,37.220108,66.22511,68.54227,1442.5104,14.101577,1.7626004,206.77066,44.328014,5.2966294,0.72969633,27.387583,2.5616357,7
81.14064,61.44856,12.131021,239.587,11.3967085,59.963673,68.27994,38874.074,13.451484,18.251022,2545.633,50.329105,52.9467,1.3414934,3.674537,0.058868755,7
70.89077,65.4277,435.19098,187.4646,329.41037,81.106064,74.58316,139.5108,22.543846,0.053697288,201.08649,6.840429,6680.052,57.959396,19.163136,0.9835422,7
573.2203,270.4659,47.10701,329.2305,1392.8596,71.8761,59.904484,2013.5391,29.417326,0.16918537,499405.56,15.052125,9958.419,0.40291968,217.09892,20.15197,7
66.647804,221.49738,28.277767,477.4295,786.59045,81.08516,68.435905,124.40556,159.4305,77.702576,8617.953,16.2749,0.48182267,194.7192,39.240437,0.083835006,7
336.42087,61.679134,9.368101,262.91153,12.454582,64.76697,72.0364,2704.2983,125.77966,9.412186,1769.8715,51.593277,0.30113855,0.3906722,58.685318,4.5282707,7
433.798,64.04171,501.58713,1027.4432,302.51044,62.418854,59.835087,71478.43,81.49037,12.487624,5248.6616,28.423326,437.38205,15127.422,19.676044,11.777065,7
104.4573,375.664,272.67004,313.81964,177.76001,59.294178,65.063416,70994.66,15.965151,28.1179,10479.182,10.823236,14444.557,11252.956,133.93855,26.321655,7
579.8904,364.4912,339.17224,268.30865,936.42145,76.47506,61.034863,983.0103,15.597467,1.0301725,753.76917,37.836273,5264.0894,0.22879037,197.62366,0.6031611,7
66.10844,349.9318,268.68323,110.94013,675.51776,72.81534,61.71791,57.187035,18.058104,13.813692,515.0735,39.438705,24.534836,0.88618356,1.6298871,3.6660311,7
76.65551,59.491528,179.80045,706.69055,1064.1318,63.9562,59.837814,960.75397,17.31951,4.600209,2819.6284,3.0075336,71.6354,0.27789965,1.5092533,4.5945206,7
80.40886,143.99957,271.36237,277.89038,924.76666,59.186947,59.58624,44419.402,84.83615,39.556908,2112.7754,15.840412,0.17463696,402.7806,60.68988,2.9064686,7
63.482647,132.64282,7.409136,65.349976,12.191701,66.10303,64.361725,792.90686,16.806887,12.104396,4245.322,100.67053,10237.287,8.787063,5.8634863,8.853548,7
577.16345,105.23288,353.28256,241.00916,159.29279,58.043205,74.63309,1334.8541,97.95607,2016.3566,1483.1833,49.070827,171.81961,6.4323153,93.66686,25.163141,7
306.46335,288.16513,125.93179,868.6416,596.2888,65.32926,61.854195,895.8244,13.233016,0.5507561,49280.1,2.4902568,0.3234814,0.4578862,51.657154,3.1821954,7
163.43027,131.70502,7.089955,98.39909,18.343212,74.57962,61.57787,2210.104,12.593461,20.507713,319.49097,18.312397,1954.9978,222.19211,21.260775,5.9074283,7
101.12118,62.707245,123.49737,333.84183,109.67878,56.839146,61.56423,55305.184,123.32254,1.8468032,42.187016,41.902412,2458.0537,7270.514,125.88858,0.7177047,7
510.40417,215.78473,14.773575,1023.5084,12.52119,63.276505,60.23398,33624.258,56.785805,2.2165718,145961.6,11.847371,0.25772312,1.1107497,130.05481,2.747742,7
452.1131,86.70421,128.53291,115.86905,1058.4918,71.79656,60.90821,1575.1028,22.89073,2.413714,2268.1052,94.15178,7090.333,2394.4075,19.786692,0.03610621,7
111.64247,99.963875,18.976868,114.17391,34.82039,63.39351,73.52544,1086.3833,19.785036,12.452799,295.2354,44.898884,215.39217,0.17255086,7.964665,0.075468875,7
515.9624,119.874016,515.3423,195.84157,545.0815,66.46384,59.651073,556.5526,72.83854,581.22894,108.68277,37.868084,0.18636207,13355.173,11.75509,0.6239185,7
79.63968,338.0571,10.0762615,781.29724,12.714952,63.833168,71.98818,6327.383,130.4407,95.09549,642.39307,136.80464,67.38343,15338.061,200.31754,25.482502,7
83.8509,65.01508,187.52582,568.68207,102.00711,60.95348,57.48693,69266.95,17.096931,520.0063,10945.558,22.033535,222.12923,16691.096,308.43332,0.99403757,7
78.37926,78.05048,7.34471,319.1432,16.458237,80.08119,68.84941,3001.8743,40.854347,2.0881827,16003.328,11.92556,4550.365,236.18074,48.769924,28.17473,7
120.07909,114.564835,7.9677196,604.8321,13.9265995,58.267315,58.133537,9513.371,11.91386,1.1408619,722.45734,60.213047,0.9911394,3911.2979,113.91142,0.7002908,7
62.40141,377.468,572.52795,1079.694,238.11598,60.96107,62.14128,9234.551,11.569358,1.112249,694.2805,2.9251206,3048.0662,1577.8528,107.71386,27.007011,7
233.01086,253.6741,182.02702,231.33443,485.93674,83.5461,63.44484,1223.0549,23.29155,109.76484,13327.917,14.63144,197.39308,6626.1377,68.32435,0.42536575,7
75.79311,293.60052,18.125032,417.11084,20.29584,61.121506,58.72603,46059.98,29.64685,0.19883333,110.29506,12.418005,0.20164427,9982.84,240.68774,9.218138,7
69.387245,355.77344,481.92096,933.7794,559.75104,75.24926,61.668617,49.002876,45.20224,2.602496,952.947,7.2500224,825.64453,2.2079215,3.050515,0.16506808,7
153.979,319.53497,49.740685,216.64346,1319.5535,87.549774,58.24748,71.17521,71.66315,332.77075,6089.4805,18.172178,23632.225,18687.219,78.6929,1.5242985,7
269.8259,103.51047,11.469518,91.44922,30.925549,84.63007,67.96365,2251.6926,20.104965,0.6262218,162094.06,66.1207,7.8597183,3.596871,42.048214,0.45996165,7
502.5416,65.74756,178.84714,622.82996,1048.7096,61.000084,61.208237,97141.98,53.641464,0.05682607,145.3438,4.4882946,0.19991429,0.27487653,154.24986,0.29383892,7
181.86563,117.11277,342.89398,204.4044,173.0433,59.286903,65.0204,5850.491,23.518257,2.0878143,25188.2,13.551271,23.485615,15375.658,66.86524,1.8082277,7
169.75613,120.688736,8.699947,540.77966,21.635057,60.29857,73.3452,1740.3446,15.4835615,112.41032,2612.2217,60.39352,3199.0598,0.5887808,17.345573,2.276313,7
82.99165,329.20844,531.2457,116.01112,170.62393,75.14604,68.86633,6539.9404,102.82442,71.748535,31997.904,26.255047,9.220251,5396.8022,144.87561,27.49544,7
63.41009,242.67104,64.17524,1061.7397,69.32729,63.775597,59.62875,1448.1443,141.0187,2869.5852,6602.8574,58.91569,0.3220373,188.61987,34.747646,16.756199,7
62.652378,383.10495,21.109695,270.02008,1546.2441,68.97659,58.880333,463.6004,11.854173,0.1395091,19280.996,16.248808,17974.918,13328.488,484.45737,0.3042504,7
97.01581,69.77753,119.34572,257.24158,1226.9911,61.330986,59.44271,49442.133,66.458984,6.4333806,83660.46,83.47928,17152.002,2.8763275,4.505182,6.6457057,7
85.03473,128.74593,39.747456,128.68951,60.018055,80.739334,70.525314,127.370834,130.02493,7.0970097,14834.628,13.417637,311.02252,176.10344,36.04178,2.7940829,7
545.9673,76.68729,227.31648,507.13672,134.24252,58.41564,71.99392,7532.187,94.7713,39.150726,1941.3676,8.677137,7673.0996,8888.114,15.732852,0.3881275,7
62.624428,276.29144,212.88388,303.92404,568.82605,59.90925,73.24718,2341.672,39.51819,8.200484,197.09436,30.250137,2.2559624,13388.65,275.41476,0.03068988,7
138.6668,305.0632,7.7236238,1249.2583,11.653605,64.83832,60.92247,989.0403,12.9513035,189.03217,134.9141,18.854483,144.5773,13344.045,105.72854,4.9611254,7
75.04252,61.695816,528.9622,884.1229,230.71729,61.780296,69.35467,14678.634,47.485588,1388.423,11643.662,27.16374,5.4910946,8199.704,192.25174,0.030489685,7
623.7888,163.72559,37.586746,95.59842,53.16545,76.295425,59.87162,127.50717,120.758156,0.55168957,8148.8164,97.67228,1364.3328,2.3154848,171.41934,0.03015521,7
62.77165,59.849445,310.3537,167.61908,816.17163,63.614197,60.96001,3666.907,22.363947,0.06865461,3283.459,339.24588,3.4452844,462.25406,55.932198,1.7520069,7
577.99084,81.10759,18.129423,338.41687,11.141119,60.662853,68.98591,1017.7319,121.19438,0.8078963,65.54769,38.76531,1.1975496,0.5566045,154.95555,17.792091,7
184.06761,84.50012,68.199905,147.28152,1032.2811,75.75658,58.96777,27.527763,45.523308,217.58304,10364.238,26.245502,1042.3699,8.147591,32.677612,3.3103266,7
77.19004,75.03001,304.28122,836.09216,691.4014,66.55545,62.692757,411.27963,11.642743,11.168995,496.06802,22.21207,1033.4174,306.68262,49.758034,23.919771,7
64.009186,313.45206,57.652657,817.7814,407.05487,72.96322,59.524734,395.12167,13.833501,497.53473,223.98651,54.86501,5.3629107,436.26096,51.467884,0.6734755,7
171.64748,113.53249,123.43072,187.37466,104.33673,69.2681,59.071945,3785.4001,55.79183,2.452688,3789.7793,123.23288,14.6082535,0.5178301,14.318545,21.309662,7
355.01584,121.99261,524.6786,795.3357,417.38547,63.578003,58.776688,325.38644,114.33136,11.607832,4994.6465,89.26372,2244.655,20.230028,69.326324,0.07507572,7
158.78004,59.730312,10.258122,202.4169,28.988895,63.697964,67.52039,14086.557,13.120365,28.049461,112.36598,28.62869,16200.463,924.07166,37.376076,0.2444922,7
543.8255,86.532,47.141487,448.9093,47.52701,59.75664,72.053604,27224.76,54.25828,1.9368228,2866.529,13.1699295,20.864761,504.86566,26.954723,6.539085,7
301.1928,66.7851,20.736551,488.42587,27.22767,62.926952,60.735405,97218.25,14.58518,3.467863,6116.5205,116.69213,1135.9138,142.4332,32.478977,0.16360056,7
305.85626,98.08856,163.85342,161.8526,69.76598,71.45383,65.632095,153.39026,13.716199,9.843553,131.44229,11.783254,8.623127,0.9505643,47.801224,0.26798454,7
84.26655,121.13059,173.517,289.2605,67.96257,64.75235,70.98157,196.96188,145.44061,6.9228806,417.12738,49.540886,12643.683,214.52028,41.275597,22.874832,7
211.58017,67.00992,103.226395,281.75122,1201.5956,83.57411,70.02463,112.78071,30.65744,4.246356,9496.437,25.4908,3.003505,4.0752006,24.858826,5.4550796,7
396.178,201.05576,533.79846,1147.1245,496.72665,58.439278,60.00761,136929.47,90.01132,0.19096524,483.32004,62.939728,14252.956,12412.589,21.503506,7.8781,7
175.24457,101.94122,501.22488,1025.8247,227.4415,62.532963,59.110683,4153.5234,18.077278,0.069371425,2438.624,82.80539,2.1119962,11519.418,73.106476,10.146004,7
305.44098,83.94765,13.825472,391.1225,10.948082,74.64156,64.92785,7502.124,11.522588,1621.539,2900.0054,22.425755,0.8409303,16600.7,31.224947,19.278772,7
78.00719,190.2222,6.116886,966.3763,17.169907,60.118374,64.231674,34228.156,39.84475,137.79741,49599.688,27.87369,5383.065,6956.591,227.75597,0.01089474,7
63.743946,154.56117,12.593166,172.63812,25.936579,77.80213,59.655556,891.3139,15.034924,0.5415323,831.761,6.406127,0.2790854,188.12042,34.153362,3.9810538,7
363.0071,68.62436,57.928196,201.4783,1060.4427,63.43559,61.17046,48149.11,110.01039,18.836147,122.83891,13.162178,523.1665,14107.355,24.835155,0.09276855,7
70.518326,125.86753,6.173924,393.09937,12.131402,58.694256,61.99804,1436.263,40.694744,0.11765857,17970.889,4.5961804,10182.783,11220.376,312.9325,5.8360634,7
99.56968,57.942726,20.228554,157.4634,29.52965,71.979164,65.43913,1458.5764,31.82126,65.23753,3583.3105,20.815117,6.6892395,0.21633635,4.9097447,17.175793,7
107.21285,67.52598,11.678658,146.98795,30.385502,67.10101,73.438286,620.61597,92.392975,268.6124,2500.3823,14.214433,13471.857,985.2181,50.883614,21.216814,7
61.831688,61.770687,8.623007,235.8696,11.931687,62.207886,60.041744,115340.55,14.622662,47.54282,810.25635,8.80738,4869.828,5954.8555,258.68918,21.408821,7
391.43243,61.897064,195.3717,246.82976,675.006,61.64558,58.997055,39130.656,15.385667,0.17610762,609.1454,2.6773655,2641.2483,15214.526,16.987654,24.051918,7
81.52078,66.39966,72.14284,306.99835,59.846718,58.444008,58.50112,18807.514,61.862587,10.35507,312.3343,4.576876,22.298065,721.5403,60.28337,0.028427837,7
236.08734,59.960037,406.0816,313.15082,686.0921,57.64385,65.025,526.324,41.39541,201.23476,8636.385,18.692234,2651.209,2.8973167,23.84946,21.272974,7
207.48679,185.43127,38.994316,881.8303,464.22134,58.30319,63.843647,63827.94,123.257996,51.492584,114.69815,16.458025,3955.822,0.28298876,24.015182,1.2403225,7
61.85644,110.40157,128.58252,215.08356,1138.0985,61.06084,62.398323,1187.1044,11.674934,24.882269,1670.5417,35.616123,3.3020942,547.68665,60.8203,27.246407,7
82.98236,340.76752,504.06473,150.63022,562.7398,76.51131,69.295616,489.63788,29.763815,30.67702,5224.451,16.81337,0.6447669,0.4680957,4.2737594,27.083519,7
72.284256,383.9548,33.3812,185.77107,466.0898,61.133266,60.187656,203908.28,19.339773,2.4610732,92.11977,29.605669,19480.25,101.7069,21.022394,27.424473,7
106.41641,318.63065,358.03333,522.36725,615.0396,62.950947,61.33256,2118.205,42.095444,71.74961,5923.1943,21.790802,7188.664,0.76318043,4.84861,27.39653,7
458.35144,244.58182,303.33722,606.45807,155.21396,84.46686,60.393963,1169.9586,74.294624,38.15896,6285.505,5.984251,5300.8364,220.3487,52.782707,0.085838415,7
65.28569,284.9406,164.20203,216.42223,114.64162,58.367046,58.65547,16312.621,12.896978,0.053119723,342.2279,41.087986,1372.9889,9277.473,418.72766,16.909958,7
433.33755,313.55597,114.57448,182.38512,45.687294,66.67969,57.624332,42.55905,113.28487,3408.875,1061.228,28.498709,3.663568,0.84007317,99.43765,16.823833,7
121.24974,79.204735,511.5848,1117.2042,333.5493,62.027004,73.1677,308.5815,55.478428,146.07912,3478.2449,68.58048,0.14656837,0.2850721,9.047458,9.454366,7
322.6353,74.07858,221.01866,1375.7119,146.21004,60.704147,64.12448,23587.979,78.716805,3.1078355,14158.645,4.099794,0.6349335,0.9871973,54.28021,0.0316703,7
607.1084,150.34929,302.70023,116.68568,269.3444,84.237236,63.486153,2475.541,44.69367,32.140537,1457.482,5.846796,11022.294,958.75745,29.081875,0.031167071,7
532.4801,60.994053,469.70657,78.76639,288.00095,58.391678,58.167976,18.89687,101.61937,1.3814881,598.34094,84.27334,77.86664,0.6340691,151.20975,0.08831207,7
70.52276,288.12268,8.079275,621.9711,12.369964,82.83408,65.45288,1006.7591,14.878254,86.72115,14320.8,16.936144,1371.1132,23.275322,11.986907,0.65252423,7
66.23925,336.1814,6.5516167,1218.1514,9.53892,61.198658,60.496918,189948.66,103.76553,52.53212,115988.49,36.079758,7831.035,2770.7803,129.43933,8.409763,7
68.20357,66.51282,24.368315,237.86983,560.1715,82.268234,59.231075,552.99774,36.252396,56.441578,93373.19,39.95543,19750.629,3.51782,3.4577405,0.0075328853,7
62.131195,149.61316,6.5667753,205.40814,14.741623,68.47161,59.4326,1116.3328,19.958117,149.49033,14789.041,16.34579,0.21847981,0.29556113,0.61016655,2.909981,7
347.59238,146.74759,397.30875,230.99777,74.787674,65.37966,70.67763,17484.377,11.85022,122.41501,13239.776,8.060808,6759.618,0.3223524,58.11755,0.023356253,7
66.95374,68.14657,21.142918,107.195206,1033.0988,84.23626,63.929478,3764.8662,100.870125,0.172174,137.78966,11.521465,51.7443,0.23241806,1.3959712,18.20452,7
63.980396,107.55638,145.22514,232.28624,780.3265,56.751095,65.38966,1156.2966,42.565613,791.896,7751.0996,14.676529,13306.922,26.176695,11.948094,0.46863112,7
309.29297,65.86925,10.205872,71.743645,15.27635,72.77224,58.65624,381.26935,53.0225,5.876967,58.31637,28.89905,50.825443,902.1319,55.172783,0.043222833,7
483.88803,59.5491,7.0819755,110.91948,13.344305,94.8918,59.320892,72.52297,94.08384,59.342583,14636.388,19.34893,2.1003222,800.0001,33.587715,0.13644986,7
323.21375,193.14212,481.7126,100.967026,393.02325,81.264824,58.547276,337.11472,124.57197,9.643897,21173.344,27.128986,1843.2393,12164.354,41.317757,0.05804707,7
64.20263,59.857773,68.81645,618.4946,340.25702,59.235786,70.337166,49142.027,67.53516,93.02969,2291.97,16.389088,2.6151617,4.0237827,4.572979,0.07890337,7
556.0963,59.91314,163.64548,115.76995,70.03872,71.98518,62.744713,7487.912,29.77443,2.0847006,1526.9733,276.48853,0.40082258,4.9283853,121.87004,27.46135,7
430.0233,79.992744,512.5213,1009.459,528.73706,62.897636,58.78584,66213.99,121.822296,58.21926,122.610245,13.7072935,9269.849,7114.66,25.443783,5.375619,7
391.84808,69.185356,10.628866,77.55261,24.424644,87.2298,69.39796,102.57569,111.582436,57.483948,106.93164,17.523638,57.030342,1.8438041,68.96339,8.934027,7
60.68938,158.96835,9.411182,564.39703,9.204223,59.261955,73.41493,2081.4844,150.32591,3.43115,6411.849,155.53415,85.50166,0.16714387,2.0817444,0.2586997,7
616.72125,87.44462,72.982086,256.8766,521.24817,58.573517,60.986664,23089.848,71.27394,0.05419272,2405.2534,65.29944,17273.17,572.8877,26.084747,7.1422606,7
532.92725,329.41998,12.4737625,91.563995,13.054162,70.93895,64.391594,792.59576,14.740516,0.4738998,2152.6833,105.29967,22000.062,3.5682082,96.60864,16.500631,7
65.09612,288.2843,508.1525,773.8278,273.37552,68.51015,58.4074,573.31146,24.68645,5.070979,2069.154,34.040466,7024.487,0.32968602,0.91032267,7.752922,7
182.76843,139.09447,7.599049,418.67603,10.435055,82.305374,64.8521,2317.665,20.062183,131.91039,9481.232,13.005747,3326.9736,11406.406,56.52411,16.993956,7
152.64557,119.19082,99.93052,342.98517,1141.2832,57.51851,66.372055,10538.346,15.340907,331.88766,9668.271,22.214775,567.0906,1.9268122,16.540176,27.42542,7
101.19449,141.03389,524.1176,81.70928,458.99585,60.24849,59.207184,78.9292,82.49347,64.82677,3564.794,11.803867,81.19177,43.543846,21.333189,0.728058,7
592.19226,284.33478,94.156456,282.0491,473.60788,77.88826,66.81475,1401.7256,148.5886,0.08188711,166.69489,16.029951,2055.91,6932.2026,16.693209,10.679531,7
518.655,157.4829,16.445637,100.65647,42.873837,80.87794,69.86546,468.43677,13.799278,11.136752,151.3533,26.072247,3186.4197,579.50793,37.665005,0.043828975,7
142.41159,60.47065,7.491454,416.5691,8.701548,63.131638,63.600857,1292.0607,131.24881,0.06280831,81.2062,36.497803,6466.1475,13714.807,104.916,22.729687,7
112.074715,60.043636,68.11417,144.79591,38.084965,74.96384,68.87023,260.60068,66.0587,52.500168,8724.284,15.838521,811.7428,0.4486049,7.67558,0.5246697,7
567.9643,117.402214,44.83514,220.40222,60.611565,56.89726,58.72828,12033.693,93.413734,178.5426,29752.955,25.087194,34.393673,5.545477,112.02771,0.48258826,7
415.76288,83.98277,8.110963,668.00256,16.659973,56.714787,63.30701,4750.7695,27.542778,266.99417,86.55917,39.11563,6361.125,875.5112,35.25884,0.11526716,7
61.467766,174.89413,15.827902,102.59041,7.372307,75.11202,67.48838,406.68573,59.951405,1.6903296,9703.182,64.26692,0.17720059,0.60696673,1.9895006,0.7671329,7
155.59753,73.083755,151.22289,155.23862,73.95957,70.228325,65.60128,13493.447,141.78186,19.220678,57353.875,13.239526,4060.8735,1.6799515,13.548582,24.75618,7
499.81992,142.63174,15.306227,777.5703,11.304129,79.26196,60.20934,109.878136,19.124641,0.50330454,222.37013,20.931574,6901.847,4450.478,19.804996,0.006972544,7
139.86005,358.2138,6.2960896,187.69922,16.655586,63.548695,68.56287,19011.916,98.46178,17.407196,7978.664,8.882974,0.673922,3.8666935,16.532845,2.6189485,7
191.85315,259.1238,310.94278,142.73637,197.6031,65.02264,61.143044,1671.5605,53.897137,79.91554,28590.758,15.386815,0.6717999,15523.965,71.046844,27.33836,7
296.9176,198.2657,32.26444,394.93887,26.055761,63.391205,59.281902,16502.89,72.30006,0.07212698,749.2455,2.153987,477.58124,3135.4478,23.888807,1.8929851,7
170.38783,245.49515,8.582619,375.52197,13.138357,64.48936,59.769447,7429.0234,110.024895,1.1301396,130.0843,9.290534,0.20894684,550.74475,45.098724,27.040092,7
72.40373,339.01526,7.9400187,370.11484,15.283631,61.759136,59.616554,62394.91,124.846146,579.9455,11836.044,35.962402,0.5777879,0.41021526,1.4363571,8.717347,7
72.25257,66.004555,82.09284,597.04285,581.5819,58.58349,63.21,113740.17,42.772408,0.32503927,114.13438,13.60947,15799.368,10821.297,317.54504,0.25006902,7
489.01105,353.81155,40.756035,1358.5552,28.748959,57.149754,59.069595,34097.8,115.27084,1.1532711,14064.742,28.181408,4148.5146,3.5126238,83.89035,3.330756,7
122.976524,228.69478,11.505072,108.56991,11.172323,72.400856,62.03076,746.0494,30.742188,72.002,9513.571,12.661939,0.49625596,75.30502,23.093813,0.117194176,7
520.4079,82.65144,9.129719,122.471275,17.07002,94.47197,58.93715,28.686085,151.1993,0.9260416,1785.4404,1.8253113,4665.3994,4594.324,17.281916,16.760471,7
80.78682,118.88122,25.541756,261.9887,806.0873,65.9949,59.457615,9314.48,62.451885,0.056622937,385.42776,0.6165382,831.8583,7.589468,4.082325,28.194874,7
284.37137,99.67178,441.10062,865.0996,674.19196,75.18537,59.2573,766.89087,120.53339,4.719454,42954.914,20.492699,1.0083026,17188.963,34.20384,1.1141663,7
164.75533,102.703636,110.724266,241.00522,537.9448,59.494614,63.32682,90633.38,26.48357,0.049150378,162.05244,27.737932,78.638504,9.380355,17.601782,0.29168668,7
98.72796,66.16686,40.886253,243.64561,59.132557,59.25592,61.221916,12102.846,31.91992,1.0260677,1486.3757,525.528,11537.803,17.874996,17.00234,24.861513,7
64.64042,145.6485,6.1897936,73.60835,9.856272,59.830444,71.11621,732.80634,127.1203,1.6272846,38807.62,5.2967763,18368.713,0.62546545,2.1580663,0.6740879,7
111.78334,339.3559,43.79223,223.85384,856.0904,59.617825,68.01172,54.17079,134.9351,6.3471966,2945.851,5.298462,0.29928806,0.16351527,6.6450953,0.05450151,7
92.11949,65.417145,306.55515,321.8708,614.52576,58.839573,66.82827,7428.5415,72.049706,27.518276,4140.5996,20.847374,0.9186741,0.96203035,5.2980623,9.883066,7
72.94664,80.43775,32.863197,196.01237,51.50345,66.182846,60.96905,3020.388,15.05779,0.24478184,56.360695,18.493235,13817.597,13.75673,6.552895,27.261791,7
300.79855,300.10513,393.95456,193.05548,764.0183,84.55081,58.881786,912.05035,151.92451,13.196729,12699.239,36.96804,5362.985,235.59517,39.62317,0.042186975,7
65.41816,64.808655,196.65797,525.5147,123.310684,58.519993,62.825768,36504.895,93.35091,1.3941152,86.49853,12.811705,138.77373,9757.333,357.17596,3.4588556,7
534.657,62.807663,16.123833,136.23415,32.275852,65.12157,60.301815,384.20654,123.343346,34.369465,7472.2163,8.113068,4363.7417,7.2920923,90.24384,0.23573805,7
446.9476,150.58583,370.12244,548.7688,630.262,85.887146,60.525017,2013.106,96.34755,54.325645,168.96077,24.030085,4689.233,0.2225655,103.94638,0.56171334,7
61.35801,114.76912,380.05078,744.8414,106.79431,71.24311,65.933975,46.959965,20.290392,53.682724,9833.071,17.02453,1.4904464,5.089482,4.08583,13.293366,7
67.82516,60.498035,6.1208563,610.3365,10.53026,71.2355,61.555103,4780.4673,62.08013,3.8117754,3733.946,3.57012,8128.401,0.15415135,1.2683007,0.8136023,7
341.20358,215.65018,32.938503,304.86478,40.56603,61.584312,63.892982,518.25653,120.55129,3021.7974,2766.3933,32.969032,4905.021,1.11418,63.1707,0.22883461,7
98.26254,99.650276,24.790064,109.01029,793.60645,77.6357,69.14226,910.37573,48.28878,26.411285,144.9449,12.841905,9086.1045,10798.894,189.74309,0.66292286,7
95.48738,297.93506,7.218276,86.73567,19.368382,75.83645,72.88207,80.292915,64.94307,92.12247,115.6122,17.121891,6.826744,7146.2036,143.53156,0.85841537,7
203.0144,121.64023,18.138945,266.03198,38.561905,57.959057,60.14216,15478.962,25.329725,7.44775,21984.186,7.021674,2.2387328,0.9953075,23.19262,9.114052,7
62.93244,131.13812,6.376833,213.20773,8.027006,61.94546,73.44709,536.2519,14.790097,15.360348,17901.66,14.950649,3463.3787,0.6212851,2.7878652,1.2103348,7
388.56573,139.62877,484.53006,153.44865,165.35123,74.11099,68.37379,170.76155,128.38266,43.75604,2578.595,26.052414,87.63756,1.2903205,65.36776,23.04601,7
582.0285,74.877174,401.12988,588.5608,680.84784,58.688675,62.06362,59.33795,94.68056,26.359503,1210.5868,45.167336,20762.707,0.9895145,184.94864,17.808968,7
571.1897,378.40414,100.52321,860.27124,338.31085,61.796345,59.931675,134595.11,121.75175,9.136039,20088.188,9.327269,13877.874,2.5770843,136.735,0.27459136,7
573.51465,82.22572,557.5012,247.7766,353.43057,68.17609,58.96431,48.424225,15.079336,1.2779367,5082.2188,9.487427,4208.927,1171.5135,23.588337,0.13790944,7
66.21986,295.3326,7.5361085,689.2307,20.664417,82.135056,70.0055,830.04297,61.56152,7.457252,34842.402,139.99666,2064.6135,588.7871,67.15006,0.17907515,7
69.525665,58.691895,7.3807745,96.66716,10.932604,83.02931,68.54095,2305.6943,27.949673,100.69996,20775.541,92.07568,0.15771173,0.42122447,2.378971,6.2229447,7
476.77066,249.86136,7.5746884,181.14906,12.043644,86.47033,59.01966,20.406334,22.464731,0.12533508,177.82465,1.2630742,6744.5093,4726.1,21.116222,3.9378688,7
437.51855,334.04626,500.11374,230.9209,424.56866,80.19336,59.248997,527.5363,76.568245,3.501093,9961.107,7.0319085,1.1646008,15994.844,22.980804,22.855446,7
62.281773,59.359592,95.789024,210.11241,945.34863,60.247906,60.068413,686.8113,33.51638,4621.902,6348.117,22.44313,721.62573,227.54828,34.162933,2.4865708,7
179.05504,192.50763,9.612782,129.9731,16.624607,81.80687,68.25794,1711.5035,130.35286,10.300995,543.6689,12.287154,1.157548,6081.575,82.5033,17.437357,7
542.41534,104.584,60.74783,81.957214,63.037273,64.654884,61.035748,48.386284,14.85722,12.320926,5742.8813,3.6711702,398.88428,0.2377089,176.614,0.2451773,7
640.8891,302.9146,12.926146,97.93823,11.083379,78.23125,72.11379,2768.244,20.401451,9.982137,16082.693,18.069788,9282.952,162.79523,49.595478,6.9426184,7
83.06165,59.92194,9.13774,411.635,16.822304,60.098705,61.562473,223793.69,150.00645,214.03268,27142.266,22.414648,59.66811,501.29147,41.898136,0.026108148,7
463.4376,118.8699,6.768727,511.338,10.134703,57.382664,71.31021,5979.7056,82.161026,19.11861,6946.5854,41.472458,2.9270475,0.24909218,105.37207,0.07231441,7
476.57248,367.07547,208.33513,567.5637,901.5688,72.72712,65.10445,28.808605,10.928269,0.13950159,1103.5808,5.307713,8.11344,21.195816,53.475525,12.3825035,7
120.31789,80.199745,81.7453,640.2959,77.00273,63.18995,69.217285,2400.8662,18.579227,0.12436183,99618.8,14.337761,189.62079,1604.9736,46.655663,3.4482915,7
247.09993,376.39807,416.36584,536.75757,437.0774,59.550774,61.652153,216641.97,21.283028,0.117417976,4744.9546,283.51266,11589.85,1648.3851,31.744936,27.49188,7
148.48349,99.15687,128.3845,1116.1527,83.15165,62.942165,66.80162,3207.9102,16.838377,0.8637129,1014.28973,151.15714,15001.478,18.930513,16.262875,0.17399047,7
64.006645,197.20651,7.776682,83.72257,19.827087,70.08463,63.334766,935.21893,13.245601,72.97958,1941.4277,17.162811,10.823053,979.47644,97.825356,0.15395209,7
213.06671,183.74677,89.251625,235.6262,37.64894,66.22489,60.730194,4106.3438,40.25221,1.2675589,9214.755,38.771755,179.83708,3462.0903,56.814964,4.972473,7
403.7647,80.23088,168.83415,190.12347,782.23224,62.35233,68.9191,34374.156,27.086807,20.73866,311.1407,44.450073,0.14867581,11483.504,23.496796,5.990349,7
64.56663,76.62863,35.892372,239.0229,63.078083,65.31411,70.52944,311.97635,48.407825,628.1669,1579.6848,29.734306,955.7801,476.94315,59.524246,18.60396,7
196.10559,100.06575,21.342003,544.0861,38.693024,60.838375,60.16432,5160.825,104.31152,57.003784,96.64332,18.420359,0.22797757,62.124485,34.5209,4.126384,7
115.26236,91.98643,103.70196,294.4184,98.3141,59.3505,60.994793,32.217316,125.83934,1.4573591,1791.9493,1.4701192,69.82435,4.108299,7.7513905,16.933075,7
196.26938,65.21085,14.404008,137.93752,16.879992,79.892624,63.520077,253.7375,72.209236,133.74335,7297.0317,18.45109,32.177376,2225.5244,54.827038,7.781052,7
69.29159,325.14655,345.50296,906.2618,115.21569,64.813644,58.65954,15.365322,157.72218,4.7074976,12030.227,30.973827,7371.983,1422.6118,94.694565,13.461531,7
65.942856,317.7871,77.57048,120.50887,1378.6263,88.70185,63.175045,61.52937,104.30383,2.5953574,295.16635,35.53733,1378.437,3748.5,154.98254,4.1298065,7
64.40762,283.24976,287.76843,334.8239,177.33356,63.2515,59.617825,518.65533,134.90898,2.4394264,11964.524,5.3205147,0.7944226,3.3917205,2.4797843,0.049862966,7
97.95013,64.831696,391.32974,935.8584,679.904,57.24369,59.213413,35088.535,88.92618,0.074747175,26868.771,6.0673795,0.27878398,549.42535,48.572094,6.6469746,7
127.06654,375.1817,7.094975,84.890976,18.128357,84.46743,61.284637,141.42012,16.091028,12.02226,8498.324,43.43827,77.854866,10457.814,158.18787,16.341995,7
63.63512,212.1861,47.84661,169.19824,27.713223,79.20898,58.864716,196.60925,43.885284,169.96469,7038.457,14.383191,0.75098133,0.2381692,0.77530813,20.46703,7
600.2307,311.4394,235.69019,380.29742,453.60532,84.1393,58.95613,1384.1034,17.143612,0.056815628,276530.2,21.177874,0.73252517,0.17052922,214.17453,0.5312169,7
72.08524,317.61646,13.427654,513.7842,5.478015,58.212654,58.942154,145.36948,53.248615,0.16592212,7761.531,162.30609,7.558284,9988.735,258.25638,13.905845,7
64.42693,61.94183,265.40347,194.8851,293.33893,62.922077,60.722805,43362.15,25.67223,20.152836,332.14203,8.5370655,0.20290276,0.36985925,0.9555707,17.958176,7
295.41217,60.40116,11.794264,135.19138,24.405266,73.92691,60.415043,192.9713,19.534721,3.0804858,824.6471,2.8325808,33.311684,0.7636023,46.526245,2.657247,7
162.8471,210.03703,9.974588,444.33292,17.359343,63.4666,67.75506,815.02606,95.83127,270.35977,4340.3364,61.70894,6.526797,1824.977,78.16093,1.8007371,7
89.75893,173.54512,288.4848,164.43198,390.44193,74.72374,67.08806,7524.1523,114.92545,11.244667,18318.504,43.614983,17.46792,12455.043,201.46112,1.7930853,7
300.71854,258.35406,75.19096,157.6938,46.86919,85.01241,60.23123,61.272224,25.493473,33.419937,10356.194,34.834557,328.23682,1.2474927,55.37347,5.388334,7
64.79927,186.62148,8.0431795,797.80084,19.489204,62.98264,67.54627,9861.651,28.984884,571.7709,22299.373,70.96956,158.9168,18.337526,10.670898,1.334571,7
136.34668,74.98206,17.033588,118.30844,37.35598,80.93933,73.36176,1093.0504,11.844118,0.13353176,1608.8746,1.0032496,322.0468,5626.657,73.68388,1.5031843,7
243.3615,289.46872,506.856,540.486,343.729,59.089535,61.503075,114960.03,51.187862,15.252366,52.6245,26.73567,6702.134,224.10852,23.343359,0.08701326,7
68.525696,321.6667,458.3256,300.02933,342.01764,61.04486,57.502884,133094.53,15.22817,0.54885244,140.2249,9.495386,518.21246,3.8355827,2.2981648,4.8927307,7
128.34515,311.37698,43.36518,281.57037,56.53637,63.378494,58.49301,10069.112,29.964453,38.899296,188.42204,20.438757,40.724976,5601.3447,101.28224,24.627981,7
57.8386,356.24463,189.33878,190.23944,51.979027,63.98659,60.83873,3066.7214,15.282727,121.17445,3268.508,14.99275,17780.441,570.30365,62.106937,2.8061137,7
68.21456,278.728,7.8216143,351.32193,12.6526,76.78059,65.09483,119.624985,145.95503,0.5240072,8267.689,13.603978,467.2816,10068.987,225.30153,0.10938254,7
154.59946,60.77648,511.9545,208.75688,294.68658,61.016674,69.981026,35430.484,133.7292,228.99585,7312.29,10.375602,1147.3672,5330.1167,93.80265,3.8969598,7
263.06686,67.485405,340.5901,1146.9592,809.36285,69.74925,58.735626,279.90625,111.74844,100.468666,10158.377,7.281441,19499.023,10584.885,33.10299,2.9088361,7
586.80414,60.149506,7.6447434,811.43823,13.524402,64.98484,57.92165,2058.2703,17.29402,3.0195498,9162.094,2.023992,2287.5984,7.090678,138.4587,0.042846445,7
425.5312,176.61044,22.95368,168.74597,44.01875,62.128277,61.616642,1914.2489,15.409754,324.9328,12543.654,48.454506,0.1595633,1.72276,97.03965,0.7999042,7
411.79166,211.90945,36.61982,406.8757,62.50198,79.97193,64.0948,1924.2358,37.546406,6.468937,5252.8438,27.622019,12141.773,0.17826365,94.26869,18.884075,7
94.064026,81.26686,82.61076,290.50827,1295.1268,69.30989,58.949726,121.33109,63.229076,380.25595,1108.0537,20.09439,5347.599,4.4984045,7.601284,0.099871896,7
85.45308,64.21127,8.410994,766.9938,12.905048,64.08496,62.176487,5534.4067,74.40382,5.907542,533.636,14.891286,15.344367,14092.416,284.37003,1.2118769,7
117.94614,83.12493,449.87616,100.778404,723.0223,60.025883,61.48335,44.21023,42.227985,32.980972,11586.125,18.382936,0.49649286,91.42802,26.369322,0.060791112,7
359.7245,135.31898,35.195675,80.710464,510.25275,71.07551,62.262943,91.35955,33.442093,14.773161,122.510086,33.91231,3.938665,429.779,35.539433,0.0542105,7
507.9265,267.63504,8.163609,215.56487,13.0124,71.665955,61.062675,1432.9929,39.030807,0.059731614,140.61014,81.085556,14468.451,14.891843,78.283966,3.788504,7
75.92425,60.659412,11.567039,244.48628,29.8035,63.21291,59.180836,21282.0,18.529749,2.5120823,452.58868,4.5813646,5142.0596,1969.9451,93.99823,12.574467,7
125.126816,58.569542,7.6831374,1110.0969,10.211437,63.127785,64.650406,581.8278,35.48736,0.828993,4589.4927,126.221436,0.3109049,0.19292651,7.7713265,0.37723693,7
222.45963,187.43451,11.360188,98.399765,10.266375,79.765785,60.492256,581.745,96.865105,29.710846,934.47723,20.954195,5.2861614,0.15419598,25.28777,0.017290067,7
469.2895,73.93605,92.34404,1398.249,83.20781,58.901352,61.577927,223890.6,94.86986,7.820331,7245.129,34.78839,18.704098,4.289492,91.07233,0.7431064,7
325.18933,251.61354,7.2088604,222.95116,15.434687,79.59689,63.091404,2390.3276,43.21966,0.38009372,228580.31,8.715133,67.926834,12252.263,35.86435,0.028770825,7
176.35324,63.30201,65.33736,569.51965,1443.4407,82.10893,72.64374,1167.8042,21.289091,2.5537558,11475.873,16.220192,212.66481,10.760679,19.829704,4.5826144,7
63.447235,62.624218,12.099201,968.3507,30.846516,61.73182,64.63689,17964.822,58.18087,1099.2294,2935.6924,77.05363,1540.1819,105.228226,25.92065,0.19225015,7
396.12195,234.10606,542.7777,847.65546,230.85146,70.23043,61.94726,3727.188,53.310516,5.7072153,11624.443,13.295643,19817.594,339.8145,53.54525,0.09014757,7
497.79794,266.09668,78.10448,207.46681,399.53693,68.48019,61.743725,14.167639,83.691795,28.041277,27371.75,41.17615,4893.791,2.6743574,151.69447,1.9614208,7
288.24896,99.78643,27.968266,231.87158,59.749138,87.77893,68.714554,136.76167,81.52779,0.5357922,20921.887,2.7780838,73.385666,1.1345031,43.032303,0.26164323,7
87.046844,112.438705,187.6204,300.31598,119.94873,87.75501,64.84893,54.388443,19.925968,0.09426322,743.4769,8.796209,1360.4152,2952.6165,101.8609,24.922813,7
491.16,350.47186,8.403231,131.5224,14.266338,80.77091,66.50625,735.5312,65.459946,6.682267,479.2189,83.105354,3.6475098,0.16435198,123.694374,2.8705156,7
417.87512,64.28401,7.0232425,786.78723,14.883813,61.3438,65.95626,1351.7439,15.855817,0.26924253,1014.2989,12.816556,1781.1064,438.84314,37.503716,0.34322265,7
63.411964,382.99432,27.317936,229.13,461.17822,61.81183,71.39926,22495.742,15.471207,185.20534,1244.8972,47.79678,568.3646,34.2974,14.499836,22.99789,7
193.82977,65.98938,7.7234635,162.82921,8.218571,65.059296,64.11638,904.286,123.13683,0.052678954,56114.07,1.8089937,789.834,6.238025,17.617706,14.535364,7
171.0048,105.26044,465.72513,224.4169,448.12735,60.699734,61.44549,100415.734,15.917929,504.33432,329.74533,18.469473,51.941914,10.016105,28.792242,0.16684721,7
462.867,91.503586,11.15928,348.09024,9.73823,57.19225,66.09583,1124.8502,110.086426,92.97554,33774.926,17.65014,1.7010214,9534.591,23.898956,0.8930653,7
174.3478,114.16309,224.05754,184.69815,390.84158,62.286358,68.558556,2666.028,49.131737,10.830867,11602.49,15.036342,13096.679,1.2118868,17.703228,16.551693,7
62.84306,93.15384,8.186314,191.5683,10.983681,84.23715,61.170074,2018.216,13.201895,6.1052303,2195.9822,9.368047,111.1239,0.78416026,1.2356024,1.1696479,7
96.55118,178.53772,10.098263,76.48112,6.225603,72.13136,58.329605,29.070774,54.086067,0.5569186,2196.6663,3.0351312,220.82713,1.1461619,3.5377054,1.096143,7
340.83615,100.418594,10.974775,294.9292,9.642516,76.936584,67.06186,6443.816,12.297574,297.35504,235.17496,15.885433,4112.608,1531.259,53.834297,5.7429466,7
515.1144,86.57751,8.049438,266.0768,17.95686,68.499275,67.276825,8789.599,15.075825,7.6039095,5125.8164,1.8160331,0.45634508,1.8218181,111.3062,7.8647346,7
77.22935,223.39615,261.74054,69.08098,75.71439,60.894897,60.968754,169.8832,16.284084,79.45532,131.10081,15.62529,137.95714,0.18833292,1.7269018,11.934648,7
74.75061,60.303158,152.18419,399.32516,1163.1042,82.88983,58.91732,1345.84,12.875531,93.454445,402.95526,12.552899,2050.6067,1.0856111,1.9712644,5.3526297,7
383.51434,62.122135,110.384094,155.30814,97.338875,64.40157,60.552074,13448.93,12.130175,1.6530874,190.41943,17.790447,0.6231092,323.16583,42.2191,0.13573362,7
476.39627,331.0886,325.0811,115.76783,123.75611,84.25187,66.44222,3932.6528,16.06529,9.59683,29897.596,74.24309,73.21868,9.541928,82.849396,0.14320044,7
74.89805,202.36278,162.25775,483.87253,146.79149,60.129623,63.238266,17098.3,22.81736,0.7130624,122.71898,11.176561,46.885548,5900.3174,231.51973,1.3256421,7
166.37956,245.21686,381.1695,162.81891,630.17474,80.143814,61.38668,3114.9685,74.493866,4.950398,2387.3179,71.670074,17412.902,1.2295537,17.744633,0.24082896,7
82.785446,94.57308,12.342021,250.77272,21.057327,61.883633,59.912617,19.271101,13.94647,0.12101373,5665.7886,180.43288,1.2253162,1.8453196,4.084363,0.14595336,7
97.80029,267.08774,44.14116,140.69458,63.599655,69.113235,59.00046,498.67923,26.332987,29.153616,5006.5713,4.3250213,17030.824,1046.7533,128.18552,1.1335781,7
397.65457,89.9247,105.676895,295.36328,330.044,60.170242,62.7725,132238.98,26.011372,0.899729,738.5084,3.3005717,0.79570115,0.2339555,89.00112,1.9189358,7
64.80772,69.04497,6.6118174,359.82324,18.83334,68.024055,71.89229,873.2688,15.39519,16.280807,12077.812,18.824862,5992.2324,1.7756343,3.3967755,12.9697895,7
92.14521,71.253204,158.10591,83.47449,92.87186,77.78248,59.990974,273.65695,115.49627,23.98884,734.0134,16.831299,232.80441,2.159884,3.9397707,27.78964,7
66.08393,101.04062,83.423386,660.437,49.339333,65.7743,69.07713,271.43716,13.741968,3864.1807,2656.185,14.358809,241.165,2899.329,156.62756,16.244326,7
63.698982,69.74419,113.87904,442.6386,113.92413,56.854786,61.085938,22688.756,15.701338,17.649773,13684.024,37.698536,181.18164,5.2013435,4.0510216,1.4937294,7
73.19986,353.05542,274.55713,82.18093,195.1817,75.513466,59.137806,43.101456,17.556839,67.2106,3382.1133,15.321427,20716.994,1.5525004,3.004747,24.21763,7
178.133,332.5367,30.92475,351.4925,38.511242,74.31671,70.00045,796.89215,16.208681,27.655243,37440.703,11.518626,11361.002,889.5915,61.836723,26.123648,7
72.1057,131.45561,238.08817,200.8541,989.9934,76.88829,59.67685,1156.8469,14.949516,19.997133,10557.4,22.320532,3537.4463,5836.468,315.31006,3.3820891,7
193.478,187.45615,30.487427,203.56644,38.003662,60.987846,68.500465,690.5472,51.90343,19.068535,33995.258,65.222,424.24005,3.7352161,17.684776,0.94329613,7
392.54968,73.75119,34.03525,252.88307,721.71985,64.91723,71.78792,14177.995,39.468895,1260.5564,9541.486,25.145344,221.37646,22.799536,50.31348,0.26329368,7
508.832,171.63446,25.136639,316.96655,1908.1007,77.19735,71.0135,7768.626,78.4717,66.36592,192.5128,15.339143,807.2342,3.7416651,89.42717,24.23337,7
143.69981,128.6858,13.348436,413.39484,34.50075,56.977486,58.01202,2605.13,24.643543,1.5003438,4184.826,270.96863,36.751556,13984.073,130.54515,0.6996093,7
60.75248,150.57289,201.14104,325.50912,48.242348,57.965637,63.041977,19498.484,97.97986,0.1152165,737.40375,340.65167,23.876852,0.34609795,1.0334793,25.454945,7
80.203735,82.13136,244.30678,104.111946,1301.517,82.20342,72.38815,3614.921,16.543903,69.8879,103.90355,20.671719,77.75994,111.035126,32.657185,2.9212253,7
539.8992,297.56366,8.075581,72.065414,12.873642,59.3853,71.01016,3017.2432,18.364769,0.09415242,39665.094,107.524185,16786.818,76.24237,85.67916,0.015316096,7
71.260025,77.45584,123.971344,378.77612,77.56819,80.02747,73.62266,382.79114,145.74062,43.438206,9570.297,15.484529,665.8142,125.87206,23.517014,3.9481237,7
63.596638,150.88277,11.449522,205.04253,20.378304,74.78475,69.24823,3086.583,18.838758,0.15030822,9306.577,56.72307,41.05227,14793.33,306.23456,0.029297419,7
289.5715,93.606575,71.37289,218.43259,55.077538,60.938267,71.402916,44138.164,14.325143,0.04600514,467.61575,5.805489,714.6763,11029.192,30.868816,22.790419,7
70.22544,61.54684,6.367843,65.609535,13.76285,68.56469,66.451744,208.55853,35.28507,26.992512,1701.7876,8.563587,8.149667,0.37605476,2.110858,23.13949,7
369.89478,73.04124,45.078033,661.0413,825.4798,65.73177,59.39293,183.98001,63.84232,0.9521135,11772.445,52.206444,0.31555656,6.9900727,68.93777,5.361724,7
403.0543,110.00282,10.484924,161.86517,11.956497,64.83615,71.23532,16941.352,13.076731,8.859335,703.3405,1.9042667,14127.971,4343.977,34.221283,21.915915,7
103.80301,66.67914,375.8753,244.0185,216.61285,67.87821,65.95425,44.92563,33.74416,0.05846038,109.51008,30.16677,3549.5781,13452.855,162.62296,26.18127,7
477.61456,263.08374,25.454346,1011.561,25.401266,64.14398,59.33654,994.23456,62.100105,5.836358,3299.3152,17.286102,7830.6914,2.7218614,96.03468,27.324776,7
218.99667,101.15956,16.481169,1602.6167,31.39027,60.20213,60.07814,72627.89,13.52239,106.169304,10160.596,12.176001,1037.3843,249.60478,42.901024,3.0837786,7
421.52148,362.61957,7.8104844,313.82428,12.237031,57.024696,64.63951,27962.2,32.05671,19.970488,768.2605,21.434914,27.370167,1437.6185,29.84394,0.030937295,7
430.72552,74.05431,36.372875,851.7655,52.96685,58.402016,60.18608,2145.8188,15.690845,1.4769417,694.33057,3.1923814,10413.97,2.3133383,74.33898,0.7494855,7
369.18817,148.08365,296.54535,354.34064,129.78624,58.263695,57.833298,18002.145,32.64053,374.8319,6987.2466,14.706387,45.296257,1.3111945,67.3303,0.78909034,7
468.27606,265.0815,502.7042,177.73862,275.1643,86.86147,59.02965,762.4127,36.867058,6.334013,235.43819,42.429115,14234.399,1168.1213,23.149063,0.18813196,7
78.042305,205.03987,11.03052,845.53925,14.514573,79.60654,72.205154,1854.1133,59.25256,4.7501507,422.89618,6.0285773,12.899864,8482.687,201.1449,2.642808,7
222.1755,352.23856,9.152,739.6645,21.660355,63.079792,60.499237,15141.813,53.120514,0.262501,278.75546,34.058823,68.45263,5.794359,39.287445,0.4736787,7
97.67007,62.0234,196.99512,101.685356,100.64241,59.05244,60.141224,112.80545,12.539232,2.2224898,3014.5933,47.263687,1090.2124,3121.51,99.44277,2.2850316,7
465.3396,66.77983,12.743141,76.41014,19.710554,59.063408,72.809044,1934.1714,13.742,32.19299,6671.672,5.5507507,14816.487,0.8898504,90.21631,22.188732,7
61.752853,102.651726,7.657383,196.42682,7.418319,63.485966,58.49891,1161.111,24.059486,58.640312,4954.0073,9.935118,18605.645,1350.3972,129.99358,0.034400664,7
102.64145,386.95074,6.641857,241.63739,13.89834,59.562958,70.00092,3439.298,15.429089,1.6937084,5049.014,29.053795,353.81274,5241.9326,143.09404,0.34620023,7
64.102066,239.70842,391.67355,192.18073,212.63568,58.878246,61.104206,2050.6272,34.562744,147.79367,2459.5608,7.8876853,32.274704,8351.382,346.06122,5.2498865,7
520.8171,60.657326,490.09995,148.68263,471.6088,59.294178,64.07094,16.503256,128.55806,15.195695,1200.7793,12.064609,236.90091,11416.834,13.635739,11.488303,7
558.5342,277.8247,476.81735,247.56482,292.98715,62.398808,61.995876,74936.31,41.508606,6.643251,2043.2993,91.55199,1261.7684,13290.065,16.452793,25.929155,7
62.5917,62.818314,7.8262043,131.96858,15.569139,83.721115,69.8358,2248.0886,20.393375,103.15948,153.5434,15.496792,3179.4116,11450.486,274.27554,0.02196566,7
539.69806,323.48706,34.86685,219.18652,43.18828,70.453354,68.223434,1344.0249,119.372116,2.6822808,100.74434,13.008055,3866.0723,17281.309,10.808577,20.548872,7
570.79425,259.8355,497.69354,218.55305,339.15048,61.107704,66.89444,613.9182,17.128448,11.641323,28727.283,44.211224,147.66354,14761.703,11.587534,17.628397,7
553.24243,84.49233,110.0025,678.5242,69.14725,57.968,63.025642,113119.78,100.2211,5.3031473,2957.351,6.8507295,31.415108,3143.4683,14.984844,0.08823425,7
559.8016,300.27588,7.2960906,114.258575,13.969598,79.29037,64.29507,239.91855,113.105774,0.061599374,84.07084,9.672764,19947.98,0.4314332,168.95874,25.147758,7
150.45802,65.926125,56.08579,422.87354,1659.4534,75.343414,65.740364,306.30637,21.064713,39.80492,699.21826,29.62204,43.91689,470.60138,63.678097,0.04145171,7
523.68835,303.20343,37.776817,236.37422,1463.064,63.667274,61.13445,163.33597,75.90899,0.054338533,103501.58,246.24596,293.18094,1.0944276,134.87411,0.5291606,7
75.14811,193.63608,52.54206,348.6265,1124.1204,63.76945,58.56079,31900.492,34.207817,0.100266695,2086.5112,2.0033228,0.86633754,0.99177647,2.57381,21.524466,7
236.95297,90.19678,38.86004,1010.5316,19.254126,73.68296,61.879013,390.94977,94.42231,12.621556,424.04947,5.9471407,18079.469,6841.9854,33.86817,26.684542,7
68.09598,208.55475,68.8013,89.50615,64.07857,82.27646,71.51306,2557.6626,20.54504,3.883946,103.71589,12.104399,146.9344,4573.5415,157.59538,0.75378495,7
456.34662,143.89023,489.6538,331.67883,274.685,81.21639,57.62545,679.9043,83.58347,129.01068,416.3559,13.550154,0.16917127,127.90578,38.874447,0.12402299,7
102.71145,84.66626,316.53156,741.0959,554.7986,59.096584,69.27188,2124.6,29.356794,85.15317,382.8931,15.785212,18139.953,6262.967,86.322556,0.15963496,7
439.49106,62.56181,9.756907,171.4408,7.6584997,87.370636,59.82238,1302.3308,20.469814,565.258,5769.78,13.749878,1.1999464,1204.6731,28.275688,27.127235,7
88.88897,96.59086,17.1054,391.19806,32.36809,62.907936,70.663445,28075.928,12.79132,5.7378144,640.003,23.225346,17022.623,2360.618,120.342354,22.686512,7
110.118904,171.99704,7.433969,289.02777,14.912886,62.11392,64.9265,6800.3135,14.785723,12.6069145,1693.1405,22.420935,64.49279,337.76733,47.766308,27.075539,7
84.62366,60.949787,12.407574,661.58984,27.582855,62.708004,69.604034,352.62347,19.571777,7.52376,3022.0596,10.2165575,2.3698494,1.5661702,5.2589197,0.13168927,7
64.69992,318.8191,273.19385,332.1619,192.99239,62.96214,60.736023,51554.555,92.181946,16.566933,3897.3276,83.6664,878.8935,2.7316747,3.0041463,6.429311,7
63.952515,142.19191,509.79587,611.4957,513.67737,60.153442,62.469345,93172.78,14.150862,176.4545,11725.863,14.523428,0.16554752,597.7034,62.39149,2.2922516,7
192.46454,65.50953,14.915891,199.50543,6.860454,62.975285,65.72248,25221.9,68.69979,0.16133878,3166.0972,1.3501333,22756.65,3530.0603,46.691093,0.18130751,7
121.261635,71.00549,6.479294,328.3191,14.336598,87.23892,68.66753,307.51782,40.02903,0.54455817,4143.9546,7.291337,1.6485565,187.39137,32.620018,4.02383,7
64.92659,334.0242,7.7739305,146.38065,11.954254,71.76137,68.133545,230.41385,30.652641,39.857246,10787.601,19.695776,5735.595,8919.374,223.17007,0.063432254,7
182.3984,257.3215,19.7146,253.2185,21.499428,59.785732,62.39899,1423.7521,74.70114,50.31135,267.62903,20.222795,389.7998,0.1742352,16.710234,10.437744,7
511.64886,63.804825,10.378892,330.9301,19.649923,83.0217,68.17384,2542.2607,76.46582,142.65799,107.158844,14.896299,11480.832,12742.808,16.285818,5.4065495,7
644.4088,166.49916,67.879555,85.72844,56.617474,80.626305,63.94502,1805.1381,59.04299,33.488495,1709.6924,28.171621,51.541866,0.1280716,222.08115,25.513668,7
434.19855,335.86703,54.237045,287.71432,562.4853,57.04354,69.16397,646.52313,127.35933,1.029667,4332.39,6.6670322,16114.321,0.40889266,97.86024,13.607565,7
64.31876,107.751236,6.8223844,170.44742,18.226114,63.707745,58.887497,1154.5762,28.599424,8.17156,1682.839,20.715775,1436.8416,10262.979,380.2605,2.5622773,7
59.710682,76.69633,7.7064505,560.9028,8.288206,64.32873,59.302803,12563.661,27.35982,0.19572356,228.78789,7.536949,19259.293,1.3773612,1.3755991,17.143421,7
69.3752,70.428314,21.650368,435.2638,39.164284,61.1857,57.861526,22184.973,26.437544,0.19597955,60.097595,16.257479,0.48410434,3251.503,157.4022,5.9404507,7
68.55172,218.27466,348.2306,279.4405,150.16559,74.83825,62.717484,1148.2765,24.526516,8.628401,154.17422,9.9063835,2348.9927,17.598242,10.21781,1.179966,7
61.57602,62.35248,533.3164,84.4229,482.06372,67.674484,59.90428,439.57907,51.40189,10.175088,7542.9565,48.911095,16952.244,1.4182789,1.5001729,0.16782828,7
252.80766,183.20139,8.342346,941.434,8.092697,63.21034,62.992493,513.1115,71.6646,55.61824,87.280716,23.111416,3.8936336,4113.5576,32.96742,4.863922,7
198.1426,70.6414,42.76484,207.67108,677.3393,62.55793,63.67927,19601.742,66.2831,2.6215093,272.72318,29.139076,89.018036,14.154636,37.143032,1.9360859,7
455.82852,133.03844,367.85892,98.209595,70.22306,69.774826,69.29447,1646.7131,119.61141,536.34,7034.5107,47.324677,19.220139,10157.477,23.048704,14.027488,7
89.82045,64.8907,18.42102,447.31534,14.178774,62.54505,57.967155,32.959785,19.48582,13.438751,863.68506,83.05416,14865.717,10.017734,11.504996,0.0064571328,7
74.1198,340.15582,453.5236,120.63258,299.12708,59.91674,60.134052,122.83956,128.74878,14.826641,424.38544,8.115821,22.323868,8842.556,299.62683,18.18298,7
71.3497,59.199,548.8346,230.56938,414.85193,71.81027,71.24545,1544.1989,25.954521,428.98087,12455.447,32.282177,0.17449486,0.87196183,3.4552474,0.024313584,7
253.20978,127.839226,6.974777,474.135,15.603982,71.152534,62.297768,322.9665,135.64966,14.306479,5014.969,5.2848244,1.6497569,11117.982,46.381733,3.3433552,7
159.24472,122.791565,9.657355,178.59227,9.985622,63.6921,60.414604,44762.332,87.76271,3.4675434,307.78052,15.49617,16485.178,15988.332,91.48581,1.7307491,7
279.05045,368.47272,6.8559537,344.95004,19.182503,58.68697,58.45155,4072.7715,112.32069,0.5843227,208.52158,14.52201,12391.311,0.4628534,39.43399,27.242123,7
66.535934,107.65949,9.472143,662.1816,6.2324214,63.14228,59.39123,654.1516,49.583405,580.4751,412.1341,43.09442,696.7455,0.5053877,1.0969068,17.427254,7
64.41711,371.1233,504.3678,498.39365,240.45506,65.350136,63.808067,1586.598,12.984185,94.54966,11134.92,10.707394,0.60201144,2.0356693,2.5256438,17.027084,7
67.54196,150.97586,487.5946,169.10516,529.9991,77.3645,60.49689,172.7033,83.11763,3.7819037,44745.473,96.67922,477.62253,34.09205,10.843996,0.79164565,7
65.079704,85.98489,16.911446,144.7082,7.843011,68.84399,65.253456,1726.0718,17.26111,303.77112,328.89398,99.86234,3542.0623,306.1092,53.38581,0.6371163,7
375.83557,110.7653,22.192764,283.01685,31.615852,62.522087,69.901695,20441.3,106.07935,0.17001778,132.89592,4.010451,15.366044,0.4702264,70.26862,0.8485029,7
60.360596,289.58786,11.317686,485.4459,8.188149,61.58121,65.50763,80.146484,129.44406,68.853714,45834.09,27.617712,16816.352,0.605927,1.4813907,0.16399695,7
78.839,294.2953,195.52148,107.317085,725.5082,77.57423,65.40464,943.6057,49.902443,2.4127307,3315.947,17.365393,65.061874,782.4675,97.09488,1.0116335,7
276.1894,209.8595,49.009983,118.164024,1692.1285,78.76943,67.13037,1992.2758,137.37599,444.39514,11794.799,16.861712,0.13422616,9952.19,44.05355,6.6955576,7
131.04918,315.77435,560.7911,108.941696,297.7921,61.803383,59.311256,154.17947,114.57999,38.307537,144.27972,12.458489,6115.721,1.1469743,9.860596,0.044428498,7
133.5721,57.933678,468.85376,429.58737,436.90656,65.506996,69.542854,11287.7295,129.86304,733.75903,366.12683,29.221954,5.462277,2006.4336,72.74315,0.18964233,7
249.75098,197.24545,234.64355,87.48094,1075.1584,62.952473,65.02724,81.19867,82.279434,0.32913515,1600.6726,394.6324,70.69277,1.6475973,30.245897,20.417677,7
157.1477,58.759758,135.61337,286.29034,492.45386,58.446106,67.618744,619.00824,47.888134,0.14043537,4349.608,87.86181,0.24075294,1.4770523,15.147769,1.6922219,7
342.27814,69.5657,437.5813,285.11737,638.0757,59.644913,60.824017,164583.28,21.872019,2.0561109,690.0277,16.17084,20911.473,0.2748272,65.89094,1.1014345,7
165.45596,309.5868,223.70517,228.6894,825.2733,64.194046,61.086708,11036.832,20.69912,306.58887,5534.3433,15.174567,8254.428,0.33995935,14.098474,3.1492398,7
364.50012,272.50308,22.137562,292.29462,45.227364,59.466236,59.7498,178222.5,15.259199,292.34314,13857.691,24.516087,9.325659,13012.636,24.260347,1.8010343,7
249.94942,376.99274,140.23466,74.353386,98.20865,65.953575,64.38894,93.856964,149.32057,2.6247754,13286.998,39.725586,15983.285,2.2402453,28.538774,1.2738706,7
328.3544,285.8448,6.2041845,870.2201,12.792408,71.994514,64.20459,1239.7328,132.11272,0.6104899,5511.8643,3.9335272,7.779488,1316.9819,25.232655,10.416458,7
251.91101,130.18347,372.7481,79.418,219.4867,67.2664,64.22321,647.42413,13.962943,2.02981,972.65753,21.259876,1.2882534,0.20975263,33.712822,0.22314057,7
457.94553,316.36218,91.36664,168.2043,94.26251,63.71527,59.704544,888.592,102.506226,0.2057033,580.4227,28.827444,20727.133,15.228855,39.710228,20.24725,7
304.821,371.95126,158.12799,81.475784,593.847,61.5941,73.25344,323.50964,151.55402,10.406573,21164.117,132.83994,183.59795,92.24057,44.660824,4.261698,7
454.9961,312.743,16.723282,540.43,30.252409,88.308395,64.35365,527.7284,22.758427,16.135162,92683.58,29.306238,17.120808,4.9404364,78.91757,13.993812,7
180.73073,286.8785,17.868822,508.17508,500.73587,75.68919,60.636456,659.7517,15.0294075,0.6836505,19273.734,10.905613,590.0543,14836.906,56.51909,8.725823,7
69.0276,82.71584,8.490005,152.49896,10.649165,71.11672,70.25129,5256.4424,105.84973,114.70604,176.33228,16.325237,95.115524,657.5148,60.96013,9.509708,7
73.824905,91.21147,375.9071,195.07547,257.18283,62.89599,60.22122,41456.945,40.66622,6.916306,3023.418,31.66892,3293.0483,1.245436,2.2952657,0.04795567,7
297.84738,60.958176,488.97906,146.41086,413.38654,88.661354,67.071144,127.47586,17.926489,0.07560399,2650.879,124.98785,21159.898,0.24984667,47.603966,0.77381134,7
535.3079,386.78854,294.43842,789.923,848.3947,62.808636,62.179047,3490.084,87.79569,11.977717,429.83548,88.265396,629.67444,17530.295,9.616821,1.9223806,7
547.97455,71.24703,441.93536,584.2934,285.28442,67.03847,69.56448,11122.034,41.64302,1309.1276,2679.9722,58.666195,3.0168495,0.7531616,135.22131,4.7666326,7
76.23224,310.72107,117.87459,70.761925,102.81996,71.66377,75.308365,49.41178,97.88334,0.07936591,3063.6948,0.9301263,13573.318,8046.0825,188.18472,20.900412,7
103.198425,62.70424,161.85965,305.6933,76.19711,57.300236,64.63873,2019.4979,99.38436,9.136541,226.73802,5.7847843,10.122471,4.9266996,10.369354,1.6195726,7
92.484406,196.2074,69.56458,121.793365,1462.8127,77.168686,58.578007,287.53363,55.213966,6.6472025,650.8684,22.329847,16.561024,25.434933,18.638317,24.51167,7
87.90475,312.31873,427.75983,213.21509,108.520386,59.436142,58.56971,2648.3916,11.173212,0.43721616,969.0545,179.60846,12569.449,13796.58,291.2635,20.500053,7
75.80776,188.56941,6.371584,485.58044,12.590153,66.93472,59.80849,16323.64,31.424545,10.829615,21045.203,5.419882,1969.2468,20.48486,12.034084,0.69050646,7
101.77549,175.056,6.048973,1170.3746,9.637331,63.467243,58.48626,16510.242,149.81596,69.35947,4185.066,6.4204984,0.35796008,10992.93,171.65398,2.2644277,7
67.224815,347.3875,91.09033,1336.9266,1234.4343,57.30421,61.591564,18879.291,15.166606,2.4111109,12448.773,16.380386,4001.788,60.20607,15.07305,28.393114,7
503.26773,94.739296,484.70514,193.64638,311.41556,65.696335,59.610165,42.7491,16.240814,43.169403,9515.658,35.50019,145.13724,0.79064155,158.15546,2.3131278,7
337.8969,306.9139,76.75099,132.59038,724.9426,65.8172,67.5997,7671.504,42.56235,3.2095525,6006.401,8.978608,129.10849,472.03018,22.963745,0.60796,7
456.0218,222.80736,438.6932,103.88539,851.34515,86.66228,69.11461,342.28143,93.678825,1.0330399,265.72226,1.2241415,509.00488,164.8154,36.506504,8.688818,7
498.90613,383.85938,10.875419,221.03328,6.03743,59.68715,59.21838,2380.7322,11.926259,1.5670722,50181.11,119.939964,65.83702,21.867706,71.43524,21.001543,7
79.81872,270.25757,82.32603,188.6763,49.70379,60.120586,61.759136,182.40277,19.403084,31.660206,1953.2246,19.360271,0.9384355,0.346207,2.6364455,11.2736435,7
101.78299,60.601227,425.1283,175.66881,376.84497,88.10927,58.488186,572.9966,32.408363,1847.2863,5993.8613,32.30581,0.22662514,13186.356,192.23267,0.10646085,7
98.06555,303.04132,353.46692,115.61248,331.1068,91.133286,58.79248,305.6513,138.28903,8.229274,16469.037,14.089347,6.5455856,1.0059258,4.4183707,9.165865,7
564.7498,309.96024,48.08994,159.9986,1209.1964,77.55089,64.11029,63.29355,14.875472,398.74625,1668.8114,15.49689,3050.6726,2.0377681,162.16731,0.043799616,7
179.11781,58.986816,101.17105,76.76816,33.752975,80.69297,62.938507,1086.2252,23.464485,327.35272,4835.6533,25.798779,366.63538,4812.7734,58.738647,0.1555636,7
188.85048,391.57413,87.945366,969.8611,1203.5027,82.210846,61.595207,998.378,94.705795,15.04878,78.126205,23.665558,24.153698,0.25058097,18.364866,19.540405,7
112.62976,191.15845,113.79735,600.99036,99.286514,59.84559,60.84029,3124.8647,12.154518,7.0156193,164006.05,13.842133,0.8297118,1.0126851,7.0362873,9.357112,7
86.02028,60.85353,411.66867,413.82364,128.44455,59.95085,58.195263,218837.89,12.386214,43.618057,309.34653,24.53508,741.4569,1.027569,2.5878048,26.576216,7
430.2009,321.75656,335.2915,73.696884,256.41675,77.07805,67.940216,65.23753,17.055813,2.7026875,22785.447,2.3477323,36.09201,1621.1112,22.391531,10.80468,7
547.15765,75.10212,7.509378,99.281784,16.541424,90.19095,68.82807,87.7056,23.534332,38.93012,10705.45,23.796545,11.46409,45.613327,51.52083,4.34884,7
68.994514,59.60222,156.23846,236.44713,709.1813,76.7104,64.788574,3046.5022,45.02726,1.1259797,48465.152,1.9536865,0.22069927,2.7875721,3.7950146,11.880513,7
207.84987,313.45428,513.1157,89.729675,523.16547,73.70426,58.167213,579.6497,126.22259,17.142923,6506.0317,8.747668,0.51530075,35.843025,33.375446,19.240145,7
337.32388,104.45418,116.603096,660.1668,941.82465,88.54621,58.79362,296.1203,118.4614,193.79019,132.75783,20.157896,15880.675,2304.707,21.33428,0.9036609,7
64.185005,381.03867,531.5522,217.02426,489.70856,77.16373,59.932896,201.02098,22.919016,283.9481,85.399216,45.148518,2.1525006,4757.917,206.84409,0.03057148,7
572.4883,78.220665,278.4664,680.2921,340.41504,82.31705,60.01279,420.06897,119.96217,1.928702,3533.4092,3.8312988,218.53464,293.2417,34.213852,0.07054774,7
533.2736,214.90785,490.40726,763.1728,221.9008,58.666367,64.32384,1099.0835,12.195894,0.050891772,695.10583,1.3836555,0.19805293,6262.1665,16.23676,0.11584547,7
421.3108,93.55994,9.019037,64.15079,11.428063,58.983555,72.394035,2751.2568,31.385143,3.9368813,15157.042,17.293676,0.27245092,14381.695,23.25533,0.97051483,7
484.04297,118.45149,418.05814,146.35983,242.10074,59.25486,57.84974,319.18484,115.22777,3.914475,23914.227,12.936924,0.5781253,0.15415974,141.40674,15.609945,7
132.2183,71.52247,503.9299,286.0228,208.95592,58.303555,64.24477,3793.0957,92.296036,0.17077366,10896.477,16.347885,0.29504746,9.733666,16.062845,0.31218877,7
74.37444,234.02771,400.43768,100.80083,289.65936,82.57166,62.095562,32.41774,14.13196,8.434688,2247.7283,8.799948,16.522322,8043.1743,208.55484,27.29522,7
68.8071,126.552605,581.61523,107.67659,145.3872,80.61334,60.01142,3530.323,43.550365,0.25402507,3231.2432,485.22906,19488.465,10763.223,329.14343,3.367339,7
527.92004,202.74316,6.2357383,157.74118,7.833162,67.96109,62.822086,338.77457,149.10355,0.058462996,370.09308,7.638556,26.390093,13.9865885,77.781654,4.862503,7
71.41193,72.81834,27.569473,1072.7135,29.573988,58.344772,58.929863,126180.03,62.949696,721.6968,1050.6439,18.589794,829.1261,1.0537778,2.221774,19.000067,7
71.903305,59.76032,317.12457,247.52133,517.2982,60.03022,70.92136,30026.469,28.65476,1.2013521,69.71303,14.924697,4.5339093,14592.496,231.99565,0.9485727,7
505.19238,246.3515,575.2344,193.14868,183.34451,65.284645,69.96579,1033.258,16.296087,14.352472,11806.719,19.923483,0.31782,14859.989,21.811466,0.02149005,7
174.31326,370.6952,502.09448,798.939,203.37671,60.410534,64.79896,74452.625,12.591484,0.6743625,423.1115,84.38551,12973.736,12376.486,93.39096,1.6298625,7
392.2865,311.74347,369.74747,643.088,504.5013,78.541534,61.257767,1796.2617,83.43526,189.40096,1924.2716,30.016773,1.5947698,12204.783,25.61407,14.10256,7
464.34268,68.406906,310.61334,82.002045,646.1642,63.448128,63.88924,72.420395,34.01851,10.793762,59698.33,26.739302,2014.9132,0.5469024,114.285675,0.051628854,7
663.51776,290.1686,103.39227,360.75903,47.529015,58.982155,58.49687,272402.7,30.142883,0.06369108,2389.697,79.67202,6861.074,855.4657,28.844608,0.037221566,7
68.279175,105.295456,435.49933,122.60341,632.1618,72.85379,67.07371,194.88342,35.68631,2.8767102,3080.9727,13.250978,301.17828,505.57895,58.091087,16.337908,7
546.81714,192.63382,18.458378,160.59505,35.08448,66.06097,60.8502,56.259037,110.33652,228.78746,3854.002,18.028025,36.74228,13821.723,9.142418,0.18464367,7
72.586,70.049355,55.31804,181.56897,1562.4207,67.117805,70.54033,365.36505,57.557644,0.054832533,212007.45,45.785862,5.8459024,3.0812924,5.1851025,1.8029389,7
71.81267,338.24744,489.28452,640.924,199.62317,86.7112,58.832325,16.725445,21.048347,4.029725,3123.2883,23.851072,363.29968,1738.2849,84.458466,0.89918137,7
63.758305,95.109055,114.55778,430.45697,125.47347,76.64866,65.97954,306.63565,57.77517,151.08214,114.06654,19.971127,358.549,10483.66,334.24536,0.074214585,7
82.14461,336.74377,14.157528,280.24374,34.352165,60.186752,64.26521,24122.193,68.56668,33.32644,102.5707,12.9561405,10552.739,1.3776598,3.2655563,0.05096783,7
221.94087,145.07133,100.65036,1002.55884,35.40129,61.20521,59.324257,72597.91,27.58075,1.1395783,2801.5952,94.71405,2.5735216,8.862784,35.370323,4.2326093,7
400.6468,121.21745,97.750694,312.57538,84.04776,58.737965,58.07438,16378.22,17.190014,15.036659,81.78145,21.073751,58.082607,1.5773034,83.01,3.9214673,7
408.14926,115.588295,43.386047,241.07309,41.855354,60.223232,59.77524,12002.984,44.3509,373.26135,27380.47,20.10957,4.1298933,8178.3496,20.859837,0.500574,7
492.71088,121.76901,202.80147,67.82522,136.40295,58.183296,64.05034,1339.2343,53.845856,48.595028,5263.115,9.34355,19174.6,14921.213,12.3819895,1.1963476,7
192.70381,102.890526,149.32875,261.50574,136.72995,58.680393,58.62399,67351.984,113.47069,0.14879122,1657.1809,55.880642,0.3402092,1857.4795,49.239902,9.523772,7
69.99886,98.56508,451.17938,137.3715,636.0111,64.92795,59.769302,1900.2253,20.167877,14.404217,13363.506,31.387089,2.0097437,16348.864,350.56204,7.390149,7
58.82191,185.88234,9.535597,278.89038,18.44946,58.071083,66.44303,4262.836,16.61212,0.50251454,9260.49,25.93532,827.7367,3.9637928,3.8843756,0.14058898,7
346.30603,94.94998,173.37283,316.88727,118.74993,58.236828,70.48222,967.5352,131.98932,13.950451,9568.015,21.725008,0.7292087,3.2245,49.75161,2.2713866,7
63.5571,67.328575,101.0285,128.54199,95.040115,70.23576,70.662285,11320.916,112.74051,5.4874516,1811.3712,50.040447,17061.908,0.9097061,2.6499424,24.0018,7
158.61473,414.89893,363.74695,1017.46185,715.5979,75.54579,62.058266,847.82666,16.355526,0.12976006,363037.88,46.54143,17.530779,0.5700363,13.223334,2.6122086,7
476.695,97.69124,530.58704,104.21063,170.91281,79.15522,63.387737,765.6174,12.678822,0.6861596,2582.979,108.18084,24155.92,3.5096385,99.41926,2.420922,7
108.32801,158.554,505.36667,293.61752,372.87628,65.9134,62.68559,141.10434,16.064802,0.05296194,73.22626,9.6661625,2075.5637,3578.2244,101.40816,3.0377927,7
489.58362,364.1862,7.493748,194.10681,17.182295,66.92549,58.891953,422.05573,15.873211,173.83958,104.52108,14.690761,1.751911,1406.9451,35.082336,25.89661,7
289.63858,103.50324,269.08038,530.8662,402.80524,63.151882,59.78872,1692.5516,15.09746,124.44623,4577.653,123.47713,16957.436,4.8554263,28.288052,0.010982447,7
103.45681,146.45143,70.482735,245.28085,1185.1481,58.99903,67.271675,4975.702,24.049183,3.1635034,777.44885,41.75638,0.20464581,85.97623,30.252499,15.491153,7
295.2867,232.89496,32.577667,213.52592,1374.4205,67.203476,62.089725,14444.268,15.664053,13.93688,31300.293,71.70303,2445.2207,0.42022523,43.137157,26.240126,7
60.621937,174.44122,180.82443,210.17474,137.55202,76.96543,70.70319,608.8208,126.73715,10.56409,257.29218,26.162191,20458.191,5.537793,5.713993,21.845613,7
80.692696,85.89129,92.97119,943.18243,65.71497,63.232937,59.28521,363.13922,31.69864,27.378372,1071.2947,40.398254,2208.03,30.21924,8.673063,10.261425,7
501.5761,265.0721,6.324409,168.05591,11.290545,80.270355,60.94896,89.54457,120.20438,64.858444,141.26129,17.633066,0.33733743,0.75913715,128.90906,2.5236607,7
91.71069,60.888287,11.435025,374.04224,32.462154,58.315037,69.50256,35567.973,30.75376,0.05567086,7145.079,4.665217,2.381074,2.8399038,6.6940346,0.526172,7
70.50721,161.38168,559.3774,221.62303,215.5411,60.344887,59.077675,25758.604,84.32097,135.39272,189.49777,13.882376,1033.0105,85.23113,22.720951,0.024342148,7
65.42551,313.6772,9.091019,62.80176,21.85778,60.255383,68.921326,219.87003,53.226723,0.25735268,5506.1523,130.87105,1.4732106,442.46072,56.670906,27.280327,7
217.35397,216.94974,505.52533,260.85052,242.33652,67.55268,61.075695,195.31094,37.390106,7.170658,2755.5332,3.291798,10905.793,11312.399,36.875927,0.7708463,7
411.2476,84.90007,345.89575,1218.2217,704.39996,60.231293,69.52701,17592.299,16.177908,5.270378,386.38342,32.318634,155.62068,0.5643364,87.16751,27.248575,7
97.3084,62.292786,6.1042767,355.16187,11.248964,57.440514,58.34831,1802.4496,20.142496,51.942078,162.99913,13.979919,9306.169,1.8580108,5.28412,24.789043,7
77.04373,109.716095,381.28888,491.34732,124.7783,58.411903,67.764465,3516.8745,11.709198,0.061038002,3414.5085,16.548828,21479.816,1950.405,78.22029,1.0363842,7
336.54752,304.8846,261.54642,176.21461,80.664734,64.02571,70.90064,1471.6292,50.613194,143.94669,320.89832,21.984623,15406.161,564.92035,32.980347,4.91493,7
178.38095,176.26642,192.36458,77.03409,77.901245,74.38264,61.421616,77.088326,76.02324,332.6923,20668.723,29.739056,2.6639085,8.4574,26.19236,0.35199982,7
547.34955,400.86172,6.702533,90.83428,5.550047,79.23216,66.844604,280.048,16.543213,6.865405,65122.06,35.46484,37.809864,5093.473,19.997189,2.5553591,7
166.14444,65.74883,85.18127,453.41284,68.27059,63.340656,60.945415,2832.5713,90.11072,9.546977,13641.778,115.80999,50.791798,103.01043,25.63794,0.09784993,7
81.65022,380.81647,182.27872,233.00328,107.126816,60.02693,59.80539,52.47617,22.24694,69.366844,12670.035,36.384766,307.6617,1944.9451,115.810104,5.359017,7
190.34167,347.07864,12.543565,621.79114,12.689507,56.459904,64.907486,1945.771,142.84497,262.54684,8330.411,32.764553,0.19990833,10.725582,26.255795,19.155079,7
65.77061,61.229183,15.330065,78.13168,9.004784,79.879395,62.77034,723.7366,144.57278,20.277924,29179.715,11.20122,0.4799402,0.37824422,1.3866532,2.9664865,7
61.86798,128.06206,448.44077,760.1159,199.19208,58.802288,57.35088,106855.56,15.756451,200.53317,12267.756,54.701027,537.2232,1.2452407,1.3545879,13.989433,7
147.6468,92.30373,6.866697,676.0467,16.34785,61.800655,63.571754,3135.4685,13.596111,11.183958,9148.541,20.833683,1.1502035,3.3608894,16.00272,4.2649736,7
96.799324,122.89703,402.99554,390.74445,500.45868,57.560574,74.03757,440.07495,103.17592,18.720749,1089.7256,39.588898,0.64348656,245.00903,38.232918,5.2622023,7
191.17001,100.88275,301.31677,245.56981,562.1952,57.674168,60.768147,210851.67,75.73909,29.619799,374.7047,38.903072,1692.1011,0.4288396,18.485447,7.363257,7
413.49326,131.19225,6.617044,794.8809,16.56246,63.851997,65.46768,8010.575,38.644184,1805.2888,5629.169,32.111465,9872.474,2.2617562,75.85363,25.992651,7
77.94354,317.38544,17.834799,798.32666,11.493815,61.004433,61.801674,58932.57,34.23385,0.47428694,17759.037,56.60456,2227.9263,4528.857,126.77553,5.7534065,7
303.1656,128.84496,22.878174,666.0763,35.736164,68.88996,61.456776,305.0457,33.700882,1.6259623,336.29877,28.73801,1454.9006,81.54294,28.171663,1.1745229,7
472.6902,341.33105,123.7886,108.83507,80.22247,69.64387,64.44799,330.56677,123.86419,0.1054364,17909.379,12.125762,16641.217,6924.7944,20.095623,20.61021,7
110.82804,184.27017,6.7510877,470.8495,18.886082,68.4944,71.09111,933.1765,22.100163,1.4655529,1492.0262,0.6084614,0.6702728,1085.81,67.86366,0.86378103,7
90.522675,103.35933,7.2233896,732.68494,17.672989,57.266136,64.312004,6079.9917,11.374098,205.02356,134.4796,19.70037,9.830846,8470.995,160.58403,25.241987,7
79.25102,60.30974,6.469913,532.7096,16.6411,64.58023,64.29497,1099.2335,145.29224,0.25092813,180.61353,114.08591,38.2404,9016.687,216.46515,0.063201115,7
471.0696,65.22702,18.434528,457.751,9.757038,57.866325,60.57509,41428.727,16.639477,361.20245,272.43552,17.9553,272.02045,12269.886,18.648619,20.06935,7
107.243355,254.97644,26.337496,80.29187,1628.3687,69.22941,57.363068,247.56827,105.31726,0.6034895,174.59344,50.951706,12324.916,1886.9426,123.58561,12.584684,7
283.86386,63.355507,17.604572,336.0555,9.682499,77.37194,63.215572,107.65307,52.521347,16.87682,1792.931,5.3400702,10.526003,12.357031,40.20019,10.379068,7
527.00684,64.699135,379.32593,1260.1846,247.63951,64.2612,59.52006,1069.4224,77.70273,7.5333004,37363.766,6.9011116,3.5616035,92.31378,46.888836,0.44643885,7
191.47888,209.59381,513.57874,205.90211,336.74716,85.208435,69.30604,2850.8992,27.70299,0.048993193,330.16544,13.717883,8558.158,476.6251,44.132076,19.530735,7
178.08157,82.9252,26.299524,639.7876,38.38906,75.25999,59.585144,4705.498,39.983757,4.7552567,9515.377,39.276596,84.082886,1.9571043,19.602718,0.21853948,7
539.5405,70.90559,10.14387,254.13112,12.870828,57.794792,58.113747,1482.6364,16.992329,5.9756913,149412.31,23.362473,1.5278465,1208.6414,26.285526,27.444641,7
370.58478,61.7929,41.254475,719.1539,52.92069,60.401543,62.35777,29976.396,14.504745,23.366459,12850.784,15.644116,144.52885,28.099628,72.89381,12.922972,7
101.25635,176.75745,160.76219,240.01036,1087.643,57.548233,58.842968,450026.12,136.35368,4.151657,16627.383,11.660622,530.17883,1918.3539,86.6006,0.9387788,7
71.598175,188.28741,21.253807,147.69382,17.838602,75.29028,67.128716,2550.4185,145.63326,63.4182,2912.607,17.950312,84.95181,0.26581657,1.9798889,27.477531,7
90.768005,116.84639,107.80062,1470.9011,1256.5,60.11537,60.56076,151813.0,84.07883,1643.7365,8627.9375,41.766087,54.598648,13975.74,201.59854,14.919238,7
671.3506,151.25548,6.911491,335.80328,18.796093,56.826214,62.410206,748.83344,14.895068,1.8878298,143.82428,9.433313,14020.357,1757.9263,21.431715,0.7080693,7
66.342026,176.66566,10.431644,186.00644,16.910599,61.45365,72.16589,7624.8105,91.62987,10.288274,1368.6036,11.069511,97.83261,727.16766,53.738213,3.2084773,7
647.71234,212.5321,56.21242,138.52261,1238.5802,87.95491,60.95549,696.27386,113.48941,1.3924817,17856.967,227.9047,10.196164,0.6251404,230.19392,0.028368765,7
61.955215,347.76862,191.02682,194.15845,151.82312,63.354527,68.335,488.14893,51.058395,14.371316,125.84303,11.371461,21.945885,3562.4006,169.85843,7.272756,7
193.33708,237.95003,20.993425,664.9982,811.43164,61.877155,65.95626,32345.04,51.840504,3.8076038,202.2166,29.926876,6321.5073,5203.9404,80.49956,26.763689,7
299.23273,63.818485,29.012707,162.21198,1521.2311,63.24185,62.938416,26846.41,118.713905,3.8715553,3914.9373,24.590528,0.20452838,3.5403218,45.441467,0.019375503,7
170.3223,277.57712,91.95491,208.48322,100.18915,63.237686,58.42967,1980.9972,117.30464,15.177626,40212.164,8.376034,1555.35,5.325887,17.22312,0.017780945,7
74.78677,60.159916,142.38698,118.53827,91.90129,58.241035,64.79874,37.466526,46.27103,0.054057345,233.20454,15.290326,614.0073,199.44072,42.583317,19.735323,7
131.27858,101.32141,6.307825,108.41954,9.99179,73.367294,65.04065,688.3729,101.632195,7.3942366,3044.4016,5.1495137,8641.823,0.29685798,8.7067585,0.90341854,7
69.32981,262.3073,491.5091,321.329,158.75446,85.59006,66.83147,106.15127,27.590685,219.83264,518.3982,19.664768,51.06638,15872.347,283.36633,25.540016,7
66.86492,188.12277,281.13373,135.92712,767.7009,78.52307,64.70352,4487.6553,12.335168,238.4133,214.7261,14.415515,0.35373688,6.6238627,6.452917,0.06103437,7
61.317524,354.8814,19.362602,248.2859,30.949617,58.484272,72.64497,10887.065,34.924377,0.07468523,124999.32,14.314379,0.15796545,1.0633229,2.8128462,10.571892,7
498.4065,64.39889,83.45906,1067.9432,62.912537,77.50344,61.61846,169.41733,14.133858,29.613077,99.92277,13.519991,0.59121776,0.8966398,134.57668,3.9639287,7
575.3943,271.99493,6.534059,244.94229,13.301601,65.62402,58.84645,458.03418,155.19736,1.2291689,1863.9698,3.7966971,9082.985,899.88416,23.76558,9.572057,7
94.06471,115.840294,9.906748,373.26102,10.599559,61.182526,58.506203,18664.383,122.16345,29.573513,885.36804,15.480391,1.0031716,456.57523,48.97532,23.543962,7
369.52744,63.942173,6.9195886,333.71268,21.451977,63.833725,59.23731,10676.726,15.184003,0.27774766,4296.4375,0.8824495,12147.334,1217.9497,50.267475,15.625821,7
348.37283,239.6702,402.1288,258.5243,264.39688,59.515156,60.003452,1357.9402,43.836033,26.343819,970.78784,39.12095,7501.58,11180.488,21.083015,16.406973,7
389.66418,94.39065,89.43225,78.024666,90.004166,60.48387,60.500763,341.26852,30.755888,21.006155,130636.664,68.29817,1.5326407,2.2825167,76.883835,0.23953752,7
237.93694,62.0678,129.79828,346.90408,84.34509,58.816776,68.36003,412.25882,87.86965,0.058043074,2677.8508,97.26036,0.1801157,3860.6475,47.324734,9.090475,7
165.38225,289.76126,20.682287,511.35632,17.23632,61.6365,66.97312,938.3948,77.261284,918.8799,2522.186,26.759487,104.63395,0.11637822,14.772785,27.30424,7
530.2437,93.91673,31.7805,161.95567,869.786,87.968994,60.81482,421.6275,12.002042,0.06572767,4856.1953,11.347646,0.1785737,6.4909077,114.033295,17.513023,7
237.34964,87.178734,9.09689,157.90218,9.927167,75.68777,59.313873,1065.4658,134.22421,5.8678265,3959.2764,63.462048,43.633705,5922.9233,43.70019,0.43971622,7
279.97968,170.7111,8.370833,1454.6494,13.223422,62.663578,61.63626,74416.99,39.928555,9.238911,11482.092,13.420085,1175.114,7764.0923,51.05084,1.2184496,7
113.49318,75.86649,396.84235,236.62823,121.60006,63.06241,57.91665,8556.607,12.568337,12.709973,723.558,8.408628,5648.0527,2439.1323,54.97519,26.962282,7
538.07697,134.63719,197.38446,343.9084,125.767265,57.71223,68.169556,13515.949,102.91996,0.97774285,1992.9221,49.65828,21.581602,183.23047,51.610973,3.455388,7
616.92926,67.63367,470.45816,323.49756,379.44455,89.4841,64.31546,72.365906,42.908005,71.9418,106.97781,14.125243,18124.805,1.3332287,177.91914,9.546844,7
69.97862,100.53778,39.244804,638.9359,21.34959,68.048515,60.974163,12844.388,23.988781,1223.9302,18700.965,29.588993,19735.076,8248.18,305.55292,22.931652,7
567.9149,327.94836,11.363046,435.0273,29.383543,58.178078,67.851746,7197.02,112.246414,1.2350132,25674.504,56.4536,5.359969,0.4015946,167.37097,0.040271305,7
571.0847,58.62942,7.628577,85.240875,8.200994,81.50052,70.64024,1192.3547,25.299234,10.037807,4089.024,8.385955,1.3858855,2729.03,21.627438,0.19691283,7
117.41367,261.74042,61.638443,1194.7904,68.22862,65.41059,62.346317,318.94464,78.242165,77.97664,103464.08,51.87599,1.3065311,18042.83,155.54579,9.893878,7
454.42133,63.093147,108.878075,759.0971,79.10811,82.12883,58.64506,535.47595,12.816477,0.56698895,865.3702,496.97046,23516.996,0.20018598,122.83012,16.056652,7
65.43707,120.09537,337.32825,256.0738,940.5312,81.952225,65.546364,277.9743,49.92208,669.7472,6969.8477,27.709267,17388.06,735.95416,59.914185,9.176399,7
373.8867,198.69049,467.89136,406.873,159.24304,61.41861,60.47458,8174.0063,94.479706,28.511168,1379.4055,27.978765,0.9493314,0.5021963,78.125984,2.111767,7
115.43612,75.15098,11.130905,340.64566,8.557709,59.229553,70.24521,40217.61,38.782394,42.33552,3830.826,132.04266,12626.884,12721.035,134.42166,3.748273,7
66.29452,59.98783,6.7567506,273.57538,13.408706,59.85348,59.040817,272797.3,58.26579,3.0610085,30903.98,194.7921,14350.839,15.884246,5.61092,3.362934,7
260.41174,300.35678,6.8957357,61.94093,16.490713,57.895134,58.847816,6.601681,18.300337,0.08386708,685.91516,16.152195,0.16865319,3521.3394,33.74587,0.38552976,7
317.81735,329.51343,8.031058,311.52582,13.068178,60.0141,59.38671,8805.886,36.47578,7.659379,35440.555,5.929888,1212.0527,15.214541,61.04486,13.631424,7
452.76825,87.20577,371.63663,910.8517,505.38937,83.33378,60.33026,547.2178,21.695034,187.44403,7734.3135,15.438154,1044.8116,52.23912,57.621143,0.036107447,7
179.18008,361.62292,271.78308,439.32474,893.006,77.98221,67.622604,354.82608,117.01306,6.8468075,414.65564,7.3480015,699.1234,1353.4182,35.359623,9.863419,7
524.24786,402.53693,39.882095,1286.2299,546.2177,63.237377,61.771255,7140.705,61.5736,7.757656,12393.13,2.0885434,2810.4573,2562.842,11.920864,0.19315757,7
63.802692,88.30916,116.4057,548.8611,410.4322,72.32299,61.635185,1856.3641,16.061544,22.280869,7622.4253,37.108128,137.85089,4255.807,191.76811,0.069830455,7
419.98663,151.82916,9.19733,244.34491,23.95319,64.09607,59.407303,2591.162,18.312674,0.09024964,55130.824,315.5471,2791.3225,1.395577,118.33063,0.035704497,7
119.757065,312.33905,14.60402,1360.2366,14.843989,58.361412,65.513336,822.92645,57.74211,0.06527286,38.80896,19.99937,4724.171,4354.9756,126.58223,8.155235,7
67.63946,305.53525,453.65604,500.32956,188.13809,64.40051,63.47699,3415.5903,49.844307,14.273693,14414.845,17.138577,3.1172073,59.523064,15.519903,6.9479337,7
109.73162,80.68428,66.845085,89.9757,1021.7381,64.41109,65.8369,610.2254,44.9172,0.14773197,1823.0704,384.4083,0.21213648,2365.8015,76.88907,22.707094,7
75.77243,171.50642,7.5003786,352.57574,10.316546,68.77502,72.310684,322.0508,108.2451,3.160538,1535.8359,343.28943,33.344242,7841.0728,176.30183,3.1308887,7
262.24365,338.98022,264.96393,78.47178,106.39347,77.74624,58.80269,48.101025,128.29207,10.098167,76.544464,27.308418,4612.3623,11682.34,37.69501,16.509747,7
67.49831,379.24887,528.2099,117.961624,369.25366,86.429214,60.252552,962.1363,99.70265,93.56238,142.59032,13.185117,121.9076,1637.232,84.3952,1.0037019,7
365.59906,113.780045,415.42062,86.132935,238.36742,77.999084,63.471302,54.12995,111.62824,0.053170443,4060.0059,9.156942,310.68808,47.634396,46.78798,3.0817497,7
110.562164,82.961426,343.52655,542.9922,166.86392,59.70081,64.80956,17.886795,156.25114,119.38072,6904.3755,13.026321,0.15720558,0.70051557,6.4917026,0.579877,7
511.18216,331.77435,471.13217,703.1444,222.2233,61.464016,69.01875,33089.406,17.63989,210.05414,13346.832,17.577263,6939.9365,14164.182,22.977158,21.225636,7
400.9957,184.09842,10.978382,166.61813,18.47372,64.47075,59.828907,3031.0566,34.83151,890.1595,213.49146,44.17177,0.27962664,0.7111625,96.993706,3.1967702,7
404.5019,351.86533,218.24298,805.54297,902.48425,64.72715,58.73805,1353.2161,33.470467,32.53879,16681.834,11.747604,9518.055,0.29547253,93.33705,0.016136806,7
61.808445,245.61426,14.857783,377.77237,9.197408,82.6317,69.52099,246.27118,16.542803,21.191795,324.9199,17.775581,1.8171822,12724.615,299.57822,5.2979836,7
60.678646,73.82358,38.292114,104.81877,48.34995,81.50072,58.049343,165.24426,134.67743,2.3746076,539.79034,55.878036,13389.289,0.50803757,0.7497188,1.9400343,7
61.758865,78.953896,7.4021235,273.27335,14.37198,65.19096,63.189335,643.4057,115.11593,2204.382,8414.924,32.91826,0.21962692,0.24052496,0.9285968,3.7658885,7
502.14774,388.6681,14.56868,299.29773,30.56878,58.43576,58.998543,28450.922,13.906864,96.89194,137.21864,62.70339,0.40990582,4986.8633,25.803314,24.992256,7
563.9985,105.31462,462.1432,225.86984,331.14624,60.156883,58.36232,5890.37,23.694992,15.095913,60665.41,37.771873,13875.135,6914.1753,11.645502,7.188428,7
91.33102,299.94565,369.92657,175.14493,227.23071,62.804653,62.387623,24315.822,122.67999,8.026137,62.073635,29.58569,0.34464392,977.3273,54.876358,8.744736,7
380.9842,165.65341,6.4199166,331.71008,11.2287,65.945724,70.80105,14997.7,63.286774,480.7374,10680.168,22.559467,0.50432634,527.90515,31.983673,1.176652,7
78.93114,152.07385,18.707697,70.01816,9.748587,72.48571,64.435074,1979.8899,67.88826,3.2202744,1405.8539,229.35793,5694.2324,646.89624,73.156,3.3185732,7
373.2503,64.74655,38.800278,89.35773,32.574707,80.03737,63.632256,635.7147,23.700144,22.323824,1165.1165,16.20799,1350.5757,6433.7993,20.323784,0.15063134,7
175.39734,60.357613,18.45346,196.00562,685.2516,59.631237,64.09036,1012.7963,118.43754,0.52305776,12186.277,2.5441337,4927.178,7.017089,27.200596,23.126343,7
119.56564,108.39507,9.578933,1529.7029,20.280796,57.798298,62.655777,79019.305,91.74832,63.82538,61006.906,20.243946,2344.246,21.743757,12.941295,9.045458,7
530.7369,142.9258,508.05368,81.00563,368.46338,60.88929,73.7954,117.009636,61.100388,3.534328,48.29889,19.953781,0.19633403,82.88843,53.429565,1.3095174,7
72.080154,296.15842,19.028126,617.6312,15.126163,80.96708,67.29492,1254.4054,18.84999,0.44439232,3689.711,33.980618,144.25687,8007.1606,199.2912,7.988429,7
260.25574,109.055885,10.013361,988.8184,8.358703,88.814545,58.408646,92.68624,98.15606,1.4374197,181.995,55.261997,0.3164021,88.38461,34.85218,17.632248,7
177.87172,183.58167,105.578156,282.82812,53.24242,68.62778,58.412556,834.3067,31.74827,0.22774543,133.66788,2.8467028,19894.326,6.3464417,18.035755,0.84142786,7
59.7253,387.6712,103.894745,217.98991,1222.4667,75.6923,60.03124,82.28988,38.468334,0.7694341,3484.678,384.49118,18536.25,138.14862,26.12193,0.028903736,7
125.62765,73.0101,260.22012,610.20123,186.62541,66.46947,57.6361,9.559107,24.523575,216.11359,494.9068,24.270884,15.696823,3082.2134,113.95264,0.006025906,7
466.01498,132.17874,241.81573,764.7606,1210.2246,71.03884,72.041725,1046.9777,77.36136,1207.6278,2740.12,33.532616,13.766134,11.48329,72.65849,4.2145014,7
101.19756,70.63109,19.61175,284.32593,26.308287,79.09753,60.98622,122.753914,37.68407,78.026855,14603.969,96.050835,9559.987,4625.6597,179.76967,11.891952,7
63.012486,391.35068,47.387012,1222.154,1201.0613,61.133,62.395695,21275.486,15.534648,33.127758,10049.741,18.837353,0.19411783,7226.881,248.17966,0.038744077,7
519.1722,60.585865,38.193146,191.82455,518.8268,69.88584,59.35801,238.59935,13.82217,29.756216,642.0312,4.0228987,12384.965,4.4168844,110.68005,0.20491599,7
94.05701,284.4605,19.770334,479.58975,14.577297,60.11374,64.17925,81883.0,33.703743,184.53467,7602.0376,139.68034,16.974287,9.778161,8.186984,5.083126,7
70.08562,247.51588,78.05116,830.4187,97.54161,59.625946,73.437004,779.58356,27.731445,60.875923,4381.406,12.1171875,1.5399103,14804.015,253.025,0.3658437,7
67.68494,60.38755,480.23895,300.30045,151.19589,59.673492,58.401196,37854.246,143.8244,47.40253,5406.767,10.378271,8041.1343,16995.354,454.02213,0.089575544,7
117.84046,311.75107,97.562195,358.17648,1319.9585,73.78128,62.576664,291.50662,118.68057,27.460983,647.9064,27.894646,2758.779,88.65849,14.928641,10.332023,7
206.14328,58.639374,7.55697,332.81628,16.98183,58.627144,65.51635,61290.27,102.194275,24.572025,97.88353,15.898812,3.238933,1.4617968,21.949284,3.98705,7
65.51717,120.21947,7.8481717,67.61433,11.695645,69.81165,60.63863,119.452156,16.934395,371.9735,12910.451,30.202862,1.8012344,3.621378,3.1947784,0.06604237,7
64.64374,87.84906,83.2787,342.60126,46.38073,73.379425,59.719772,24.568745,112.09143,11.25614,7238.346,44.88048,0.41994596,7.279092,4.353753,0.025533564,7
96.75363,146.67519,6.5708284,124.42129,11.104078,81.7348,63.316116,1672.1517,147.06136,368.4997,10018.742,18.861944,29.586113,0.5736308,4.181154,16.407667,7
273.31888,107.04971,199.2065,312.487,317.2226,57.00113,57.974495,1518.4094,15.317875,9.806662,413.67908,26.008268,0.96242917,5951.193,35.534084,3.398881,7
68.8,320.78906,170.906,726.65295,553.28235,78.202385,69.37657,611.1483,63.530907,80.874306,4388.42,13.624571,53.91324,3713.0393,183.5975,1.3789567,7
83.63265,183.09558,21.261948,80.7137,33.815838,78.90595,63.299652,520.82227,112.15665,1.48153,3366.4114,90.16056,56.37585,2.8003385,3.6757302,25.425978,7
153.44423,63.333908,33.96835,1351.3976,31.011934,58.868828,74.73518,491.2525,153.87714,150.8066,8532.265,14.806282,99.324356,214.02304,56.28968,17.918446,7
692.95294,385.2533,45.017036,175.97707,38.07202,69.78417,58.734547,5205.256,13.196296,28.398376,96.21484,29.13919,6245.7266,817.5128,31.115328,12.143142,7
526.0831,60.45676,317.82587,710.3977,560.1009,82.77347,62.615875,2210.1558,30.802431,90.56768,264.4589,10.4672,20490.293,5392.156,17.53797,21.230022,7
69.05876,392.01465,26.808664,289.03787,1463.9907,59.309387,57.961308,161159.52,19.070045,15.185377,2143.2336,28.693369,26.591282,0.20413828,0.91807383,27.675816,7
136.06973,63.249416,471.5378,166.16301,195.45355,73.11202,68.06432,7715.9004,20.302315,5.5980573,139.09668,5.9556465,2393.9805,3784.353,95.79355,0.044046693,7
151.53903,90.02656,34.92827,562.11304,48.103634,59.416348,66.06244,38662.55,13.594995,1.418716,505.61688,29.749603,19494.041,16134.329,80.55705,1.8109653,7
59.266296,70.538826,93.27455,372.6788,72.04103,64.26854,61.155136,640.5773,110.368004,1.9657977,79807.32,5.631422,18000.375,0.18090856,0.6834952,7.037709,7
212.37474,219.1188,470.17972,393.36893,129.00356,67.0471,59.747543,3512.9749,70.61128,3.0221798,752.60144,46.873905,1.6892645,2.4115655,25.338974,19.090681,7
83.33298,208.92448,11.587952,347.77145,33.91485,56.753353,64.29622,6266.134,19.105568,1.1679829,6004.0986,181.96019,18387.346,39.875973,12.4021435,23.156912,7
427.59546,60.146618,33.299515,87.572495,50.992992,92.85347,59.51273,107.82786,17.710142,81.11194,4754.895,18.26165,10986.105,0.30682153,101.33615,23.366667,7
510.44196,89.56547,541.8694,413.79456,254.2976,60.484634,58.66264,35086.996,12.922482,0.73501396,259.64343,29.357113,6.489836,1.0534778,142.10126,0.65690327,7
612.6168,266.45544,172.07816,235.62,877.9634,65.03822,61.651974,39950.133,14.763879,0.09547193,431.35098,27.485653,126.688065,16.835423,96.18365,0.23631695,7
135.55827,340.9162,16.707558,231.92221,35.995487,62.60811,67.730835,28019.246,15.961947,41.668903,11377.831,20.186417,17611.604,1.1654953,9.967777,20.420818,7
75.41972,105.78957,129.51405,82.23104,122.03731,71.58374,66.303215,50.03813,48.23783,15.534648,1234.766,63.391296,471.52203,0.48951924,2.724277,0.84418976,7
379.47247,286.7676,107.4044,253.14409,1014.8379,59.020634,73.182236,10824.208,55.34869,0.17032748,49.77723,29.978313,34.203014,1193.147,21.604609,0.19079097,7
95.781456,85.74168,28.138721,271.5575,24.791563,57.087955,64.66039,2626.9917,15.563017,0.119509526,2101.978,3.0765553,2.52455,9281.208,159.39685,19.22485,7
71.65047,111.92481,98.894966,324.78485,1177.5623,63.166355,65.40607,8267.634,62.92217,35.562134,4935.179,10.219968,8283.207,11.731419,9.842156,0.30165505,7
132.9511,365.2082,46.71499,602.89734,26.256542,61.646656,70.024666,29208.645,41.770195,260.31293,31015.857,50.107845,3901.3894,10865.924,92.510925,1.3475424,7
237.9383,129.23753,504.18567,361.88843,308.90466,90.453224,68.16395,413.67334,91.08791,14.440214,103.387344,15.0208645,30.24461,42.717953,27.692316,1.1999842,7
333.40814,313.03265,36.895508,300.65997,59.06109,57.13592,64.05198,3940.3093,18.251144,193.94083,9310.448,15.825258,4.9241133,182.25198,46.459373,9.218289,7
81.261444,305.19354,18.105572,290.5753,12.7083,57.43051,61.58172,8301.738,26.084087,1.5704525,877.3508,109.22279,2119.2998,123.420746,29.9145,3.6145523,7
80.6323,259.99252,32.70951,532.32214,1450.7842,76.25287,59.254143,15.05242,51.762505,2.5930464,108.61244,7.3920693,860.2318,3944.0886,167.51602,1.1347221,7
373.17215,274.40854,7.2627583,641.09143,23.897358,72.45618,66.9116,3689.4153,34.181175,121.26898,38628.57,18.08787,0.5597873,8.619154,51.51702,0.13062215,7
172.19324,131.81276,205.86128,420.76,421.43408,78.27455,59.52771,3264.4072,113.39899,3928.2173,2212.9092,44.82554,531.64185,55.321693,40.262558,24.840027,7
157.98328,60.981018,10.220254,249.61232,22.680803,77.30328,66.17269,747.698,49.707134,2429.5264,2676.0337,76.901886,10.284049,12686.032,93.41477,25.655626,7
64.45823,306.83405,146.15129,239.27025,647.4467,64.16679,68.5629,124.540955,148.598,107.65587,7557.2944,15.763527,3.9495761,0.467452,1.9515929,0.34777945,7
579.7209,91.26878,124.447845,209.31985,98.95662,61.678627,59.32601,55847.08,57.10873,39.630306,5391.631,20.100231,3854.822,0.3924614,215.54327,24.69672,7
92.59761,318.71783,8.384848,475.8548,10.782063,77.27039,61.510468,236.1121,16.934622,217.0356,6157.925,32.414616,5.8708434,1.7687274,5.386136,1.7399781,7
157.15231,75.83381,106.38579,309.19443,746.8552,73.87987,63.634903,1202.5818,97.26177,2359.9492,321.138,15.184925,1.776537,59.558628,25.25526,27.242615,7
70.943924,258.16937,7.6930013,344.40973,12.864467,69.07386,61.289272,527.09827,32.43664,112.7774,128.16002,33.404465,0.20831726,5.4326205,5.509963,4.028491,7
80.60719,60.687733,235.40718,237.24419,57.6474,57.93747,65.76507,908.2791,112.058975,6.7157645,3528.8652,27.703709,29.221285,0.29317695,2.9007604,11.343372,7
128.39902,250.99649,470.9323,78.47879,361.01648,59.175583,62.50637,309.76294,16.821203,24.709412,9900.772,33.731133,6.327065,661.7725,58.290718,0.16832691,7
261.12262,108.87744,25.544128,245.64282,35.944523,57.775253,61.710644,171247.81,101.85428,0.42341354,90.57869,18.39062,16166.183,15056.476,42.96073,10.629818,7
67.74827,214.22687,63.278744,431.75278,69.78178,76.58992,70.05461,10893.453,14.201525,5.5301228,15146.363,3.46307,3.02528,220.07687,43.73338,25.012157,7
92.7009,216.95981,12.504105,84.26578,14.509411,80.14389,65.272194,150.36668,17.943092,6.8200426,10100.382,8.072327,0.6216688,7515.4307,175.56674,0.24748904,7
327.80362,300.87222,28.51011,294.64993,40.66393,57.780106,66.92676,79.64029,14.030093,0.24304812,2766.3918,329.28876,9781.242,1.857667,52.80111,4.6971445,7
58.288315,90.87326,7.291958,471.73636,15.290287,57.520016,67.77283,79885.375,69.18606,0.70814407,247.14879,30.055006,676.50073,2.2626448,2.8813307,3.0024698,7
303.23782,83.10852,486.3739,300.5904,259.427,60.2244,60.905346,18141.822,123.42128,4.018051,1059.0345,357.45566,0.94322336,1487.7295,31.995165,0.02080418,7
401.42453,334.45453,461.1099,428.41046,267.74228,61.797302,58.64833,58545.09,31.875761,10.926816,8523.496,27.81715,14.691995,16.576975,60.411938,2.870715,7
62.197426,307.64288,7.3938346,722.00006,23.626652,70.4948,66.20136,1650.9084,150.61005,99.00935,10325.187,34.11242,98.51538,0.33698738,1.395225,26.379164,7
101.86281,190.25612,8.741344,74.16975,11.959404,64.16275,60.760784,27.3092,113.00777,14.2460165,24259.096,12.331394,363.113,970.7605,72.68586,1.1164697,7
289.95392,104.149345,359.32202,234.52864,90.68088,57.571495,59.342613,176194.17,40.261032,45.306366,165.12128,11.045117,7.7602563,7.580478,38.906612,8.526205,7
474.46524,264.58322,131.07677,71.26364,71.08093,62.90586,63.248684,102.60765,12.749916,30.974178,13983.326,82.482124,12040.363,4640.8276,14.975605,0.24663922,7
98.09074,304.37323,8.2149515,265.9659,14.592216,79.181404,62.1958,798.38116,132.61784,18.344975,82482.5,12.635271,0.30539697,60.830353,22.90188,10.993367,7
393.5561,85.79894,359.3047,127.1715,621.54236,76.86787,67.92266,434.9477,133.92105,617.60406,15555.711,21.875454,1.8153528,33.968735,50.73768,0.14901301,7
244.72789,60.05723,10.282981,551.15826,8.114162,71.62719,64.128395,424.12894,57.6427,0.06871664,589.1666,30.76346,77.74106,0.7484714,34.282772,28.121075,7
347.2684,64.83715,156.80136,849.09125,70.073616,63.543617,63.945084,789.67676,136.22113,0.056923952,146.86621,16.284586,2.4617743,4.1431775,63.675694,0.042359628,7
304.61053,302.47974,7.996231,666.5036,16.286198,58.751526,59.23208,11841.758,91.23465,11.811926,8830.688,22.391487,3.0853047,0.68799543,45.009686,0.06548682,7
246.64937,61.35123,77.010765,216.71063,571.5964,58.08734,64.20527,1303.1421,20.32058,0.049221206,199.23056,4.572369,103.84774,9844.097,36.11766,0.01147221,7
173.37941,167.12259,36.630577,121.786285,61.61736,80.2623,58.82913,483.9352,61.08899,3.9581301,1126.342,1.8899564,5.576663,1.245041,15.323307,11.856478,7
442.495,261.01376,395.2847,214.03677,657.1349,59.17208,72.51691,8924.557,14.765093,14.208645,451.8431,3.140539,6630.108,0.23326807,90.33356,0.07394245,7
64.509125,126.5177,203.43344,297.82928,1051.6182,60.79681,59.50396,10006.356,14.096735,5.93145,702.77484,5.7413807,1.211609,777.4574,72.56969,14.5713825,7
308.4559,70.78667,15.5096655,435.22717,21.032562,63.85144,58.237194,46339.81,22.767775,366.76074,446.3258,23.614338,32.094654,0.77979755,46.74246,25.921638,7
82.219574,325.10144,56.088158,392.57275,1091.4775,62.96629,59.32354,81300.95,62.914272,0.2334374,7194.6523,159.03235,25.302126,164.41147,19.659004,28.001781,7
148.91978,309.72693,7.2153783,563.31885,13.168494,96.320496,58.78396,122.324646,11.33173,2.4727867,59.975883,25.994936,191.50613,7.5372667,11.889717,0.27574024,7
76.44754,70.13519,6.9228845,1355.8132,8.001057,59.213787,66.52103,89610.36,128.24182,7.112232,117.45812,19.844067,0.5851455,3.3023162,5.3654757,0.18806484,7
116.62363,74.610374,18.79279,314.0321,12.921173,83.15683,69.695694,474.04486,124.12411,4.0188212,4434.5107,232.51306,5892.663,8837.809,101.3241,27.924994,7
467.83994,167.58716,568.9402,184.79639,310.32507,63.513092,59.773994,39196.652,129.5427,2.0103822,1481.9354,7.9385333,2683.4656,6.865703,101.092255,26.362183,7
303.47525,128.29015,15.86462,561.5623,10.580545,74.32109,60.372944,24.012684,23.41612,3.5481846,5031.3174,5.075952,14686.279,0.6302394,52.94318,2.8937268,7
608.5501,201.39093,255.71927,193.91638,810.0022,61.196877,63.327343,71751.42,120.29723,3524.5823,1416.6202,47.797268,1856.6449,8223.428,17.264511,4.570153,7
96.699905,87.53352,22.199112,187.04547,7.523254,62.696766,67.688736,513.0377,15.259967,1.7208018,2089.2732,464.39618,1454.2468,0.5505644,5.0537686,28.2906,7
92.54901,256.04117,182.43295,227.46721,39.826797,71.07286,59.40609,11193.163,14.92131,78.08215,10123.248,15.547619,362.51086,1.0332929,4.0221725,0.4199651,7
97.57437,255.05348,458.4165,409.09637,314.3891,88.13332,64.379715,1727.6396,16.559086,28.131054,869.10535,33.414326,10.693588,3491.1597,153.01959,0.996669,7
369.19946,82.49009,209.1419,638.964,114.02934,90.39424,58.020576,39.0385,94.06439,1569.0929,4946.5137,42.592545,2636.1646,1.6799903,87.86368,1.7655709,7
577.1935,322.33636,33.69672,315.4647,520.66876,58.030285,62.131588,1149.4822,18.576273,1.9861729,355.5049,25.936378,1236.9836,11.230312,102.06032,0.031836294,7
538.48456,63.926537,135.24243,111.53843,106.67241,85.78152,58.598236,1372.3516,115.65463,0.36974818,246.10464,43.804565,23168.93,19.148455,91.030716,1.1004691,7
140.79832,82.24878,455.15613,1177.8461,335.85178,62.398655,65.25886,560.21515,131.39923,1922.0732,8876.754,32.137455,0.4305634,9011.107,106.7045,0.009516989,7
381.17642,135.14774,7.77228,223.29207,6.624839,63.800312,61.49497,1220.5646,89.21342,15.709128,1894.1746,5.5434694,3.1821485,2662.7666,22.47665,1.7304099,7
322.0633,58.48209,8.950119,72.145905,12.1509495,76.27623,58.28382,318.58234,127.42104,0.08309286,308357.4,21.043291,0.2808948,0.3546034,56.955734,0.9741821,7
89.73868,117.64919,14.768303,407.42413,32.197952,78.033936,62.938873,10041.588,13.165903,0.8726563,1296.4446,73.95903,0.65911615,12215.427,190.84506,5.041296,7
552.47705,108.667496,379.92178,669.61255,121.26933,86.32742,62.511944,2216.9202,100.854095,0.16330133,21237.717,15.969119,0.94340765,14054.578,14.28316,1.1478243,7
287.1793,313.75598,92.03317,218.324,66.957016,68.82085,68.521416,86.49945,95.55821,0.11821675,2496.066,3.867822,4.019207,1.9549911,45.096535,3.0170517,7
153.4843,191.76572,72.39176,546.61395,1114.6743,60.94435,60.20502,46917.773,137.10164,27.591135,9403.942,17.483698,68.26002,2437.2678,57.02536,10.497198,7
480.4848,126.743484,415.2483,158.589,755.9324,73.64935,65.19305,3550.8142,98.87306,25.298412,219.46167,18.87502,0.6649996,0.27159953,130.21088,0.13434955,7
512.1576,307.54532,38.521423,1004.4667,1376.0159,71.62092,71.449715,9262.169,35.832977,790.08215,8233.591,13.849159,33.232346,1135.6781,37.06964,1.1157621,7
70.52719,173.15454,6.324874,236.8299,13.712094,85.84494,70.32315,2901.493,14.0845995,277.8065,4467.1206,115.68635,0.2427476,4.1801963,5.264784,2.3361754,7
62.48769,180.66592,557.5393,820.80963,381.63995,75.38708,68.0368,388.323,20.784811,0.7153379,1839.6653,81.132965,111.3069,0.4991697,1.8335919,0.024575338,7
68.8779,293.01477,27.47358,492.40894,1311.0907,67.50572,59.226967,20.89494,13.130656,5.1845474,676.7938,14.420014,74.12757,1768.6205,127.08322,0.021217154,7
212.97955,178.89421,7.5110173,111.5877,10.29007,71.10926,64.270004,440.68045,11.04359,3.290797,91.037125,15.247442,0.6165817,15040.817,53.998955,5.122463,7
78.78906,368.3563,465.51733,1010.46027,228.14441,69.38547,69.40789,4105.627,114.48347,224.47034,5751.2793,13.7336645,3228.7473,0.13963959,3.2510412,3.2739446,7
247.34695,215.78235,32.770817,96.47431,1105.438,90.97259,58.881645,258.15366,26.591381,0.11459787,118.40297,5.520511,1302.9575,3262.0322,37.829746,5.903245,7
507.34006,59.27351,218.24632,214.85114,280.73862,63.46337,61.528057,37.00831,51.779465,1445.5608,7514.0547,38.947544,21.5055,0.9744098,131.85951,28.143536,7
128.84013,109.72502,47.74392,263.6119,55.6961,63.004303,71.78212,7871.15,16.173292,0.9462013,196591.53,91.410126,1781.2977,11518.243,94.21092,0.026590556,7
412.7135,62.10465,43.54956,108.68501,39.166077,59.05396,69.07613,484.2063,110.928116,26.858303,15809.226,18.358953,122.44702,72.11459,32.97214,0.055840243,7
72.244644,83.98878,147.56355,208.3539,525.85596,57.2119,65.21262,1203.0513,42.27417,2486.701,9896.07,30.665571,98.24551,15.625619,7.107758,2.6853993,7
59.241184,207.8692,10.076672,1115.7756,12.615832,58.855637,63.28975,1636.2722,51.553696,3.544545,713.8836,1.4469886,65.41854,0.25307012,0.8304373,0.22589017,7
235.2092,139.05727,17.885317,182.10078,29.179485,90.2784,59.863464,194.61983,13.314824,7.9363427,9686.686,10.704017,2.9605224,19470.889,47.265884,0.9458638,7
92.52172,338.72644,15.457652,599.0169,30.665428,58.4524,59.18293,28207.357,104.984146,479.58517,498.4939,41.296394,17102.916,0.37744495,3.745172,3.0872984,7
387.03992,265.97113,38.820274,196.27512,917.32886,75.136635,58.397625,328.34985,18.828548,6.595902,3093.2832,7.1558666,7.041878,2.3525834,70.6862,8.815338,7
513.5922,316.5137,8.48437,339.71378,12.37195,75.968346,58.61731,866.56494,37.05703,4.8264437,1118.7516,49.841095,0.2863997,13105.5625,18.60065,12.7128725,7
328.33713,60.419376,288.29684,1138.863,1069.6715,83.12886,69.338,297.3122,92.57422,1.7153287,14016.774,13.653832,4.821972,3.0728772,49.825012,2.5597932,7
64.13243,75.477646,252.03102,826.0018,92.66163,67.77345,62.07132,336.24298,121.948395,0.89453745,349.02783,38.777225,946.9705,8235.397,296.88223,3.7322118,7
228.21915,304.23813,343.55728,138.84813,813.59155,79.48613,59.19682,2298.5999,56.577045,10.003403,6720.935,27.330645,12653.695,1.735957,22.593166,25.287544,7
133.68117,62.659023,502.7162,242.49716,150.24202,58.33382,70.86387,3081.5283,80.746666,116.84425,123.94685,25.131273,4.6840305,546.59906,53.197292,1.3134059,7
169.27827,77.94324,6.186205,193.15683,8.27999,59.592537,66.50068,149.05194,16.503199,0.17590429,195.5288,27.64456,8089.366,1.2170395,18.794544,0.5955223,7
66.156105,266.29913,453.1984,356.56317,314.92642,62.200684,66.96813,9273.359,22.990475,280.2983,2438.3086,12.348671,16.218147,0.30127573,1.7003052,0.6755197,7
60.196938,273.20364,94.11599,108.77129,123.28176,77.15143,71.40157,4254.2363,50.69403,2.1508899,46965.36,6.464298,14874.297,1313.6521,90.02625,0.07185804,7
274.17474,310.7776,71.944756,451.66306,522.122,60.449226,72.57186,8594.346,14.721897,6.156703,181269.4,29.227503,0.44457242,32.662746,44.837776,5.780342,7
74.86737,62.159016,22.543442,276.4318,30.028614,62.977177,66.61063,20186.654,119.8505,881.6754,1043.3196,35.019096,20877.04,3.0484252,5.4853187,0.5143987,7
85.326454,207.157,137.35112,235.8566,49.578194,71.95196,69.95578,219.56293,12.884999,2.3758717,1285.9102,2.234406,835.16266,11161.235,234.42387,2.2771986,7
115.0474,276.6454,14.842936,876.4475,16.878746,56.865574,61.408638,13103.601,87.46225,0.58662444,172.27791,30.64032,12128.279,29.174969,13.756266,3.4324386,7
63.4339,129.42982,8.277035,68.49649,7.0291266,75.10748,60.590565,215.20631,23.730389,0.7504743,231.7953,22.791689,1.4322813,0.3278634,0.97349966,27.521534,7
112.35127,77.01114,40.511024,475.5745,24.271076,62.827686,59.4107,87238.66,17.043104,0.09539708,85222.305,6.825313,325.15573,235.27646,31.317745,3.37551,7
509.5246,326.33923,429.27234,412.33942,281.58734,59.003952,59.3779,188166.03,29.88894,27.74959,590.63184,135.95743,1.7714055,9003.101,15.965956,2.1379242,7
276.34277,250.18047,565.1789,214.04642,340.2754,66.87942,59.60606,10811.095,70.53132,32.36214,7652.6714,29.064636,9089.624,4199.414,64.28706,0.04693233,7
61.41837,100.40341,26.934862,306.77213,46.377,57.632298,57.55831,225172.38,12.687542,1.0726978,467.76257,28.515263,2342.1748,13434.469,476.63876,23.046715,7
541.1257,71.39936,509.5448,374.61298,330.56186,57.91836,74.425896,634.4666,11.682313,1.5001347,245.56017,1.9778798,1.0087919,1.456336,113.472,0.06523772,7
136.25319,114.534744,488.14847,871.0654,310.9511,57.260162,71.74864,578.5305,146.66469,9.509465,5618.044,8.611698,340.26352,70.40387,35.406925,17.32331,7
560.09155,61.750576,86.47721,155.86755,1432.5342,65.92922,71.32428,8962.593,17.561117,24.357546,2867.1226,13.522646,232.01154,3.1573784,123.776695,2.4022813,7
521.98083,313.05496,47.623657,232.96646,898.6637,60.130177,64.789955,561.0987,152.07867,0.6464348,15460.387,106.31934,229.20311,107.52926,35.150925,27.94306,7
71.40996,194.73776,6.185153,64.7411,11.296349,69.93128,62.390404,757.7916,11.90904,164.53314,101.3566,20.732504,0.32183895,0.18744873,1.6517544,2.82363,7
73.39535,196.65816,12.05255,143.54617,20.365955,75.41622,70.44256,216.93466,59.634506,731.85767,9448.509,44.442486,488.10602,196.98917,25.943283,0.25455558,7
139.4015,224.09349,11.299718,147.29941,26.974667,64.960266,59.85003,2930.2896,48.8005,4.397642,4663.842,4.2483826,9.513155,789.36163,44.929863,1.8331518,7
145.55168,332.4855,37.787758,301.84442,739.6271,91.0186,59.24759,358.0085,52.978004,243.87483,1679.0134,9.400825,3.8714538,0.20491302,9.404862,0.06948678,7
565.7013,60.371365,8.742791,64.213356,10.102148,68.94577,72.59565,728.7781,34.96195,0.26566043,94.98764,113.850784,4773.318,18.667973,58.624046,2.1907074,7
98.6262,66.81533,237.4764,1244.2836,54.17942,58.641533,61.852066,4024.5813,15.818517,27.087383,80.290085,48.007893,0.47187424,2003.5295,97.271286,0.112902515,7
75.966805,354.04004,9.691348,306.15533,13.522778,77.1815,64.84409,3318.4216,68.536835,7.450657,359.6567,208.87544,304.41342,293.2765,42.96696,5.97917,7
535.9377,271.9534,313.15186,168.7259,804.6992,70.27433,59.07793,261.77875,90.73795,3.2843764,26424.457,44.27343,21031.818,278.42032,30.144205,14.311754,7
62.465683,64.00609,573.441,340.7664,137.00902,76.989975,59.216972,413.65576,11.933861,63.739994,100.98507,17.310802,8896.884,19.958202,8.041302,0.08790386,7
85.79824,74.89034,49.96329,237.30145,64.88033,61.730503,61.70592,2892.4832,47.159107,0.15707871,143.90703,2.744153,13338.179,3.8651237,4.725544,3.4907346,7
61.451714,333.2057,369.45728,188.9277,129.86066,62.16438,68.36767,286.88922,17.792679,1481.3514,9396.062,18.141272,18496.146,9181.05,233.12505,24.767998,7
63.27847,184.88979,401.74744,208.61331,237.1665,73.19356,61.963024,389.70813,14.91874,44.825,2230.0967,70.64103,177.1787,1.8282151,1.7099988,0.2651191,7
331.6579,360.9937,13.983137,310.29553,19.210821,66.54917,67.52967,130.81276,12.415641,4.1144876,2224.9692,1.8458569,11324.922,7.9519777,37.804592,1.0962692,7
464.8791,63.563442,105.63905,268.63605,754.52527,64.28398,61.75336,452.9429,116.28943,0.14891747,6717.737,4.783933,20494.457,2669.4536,32.105362,6.224383,7
84.57338,237.08145,41.40023,431.5714,1238.1317,74.36201,59.311058,7668.139,34.506863,2.9683921,159.04488,6.866005,10.154001,3292.2944,121.01347,1.5326104,7
132.86847,59.849274,7.512651,286.31226,10.297915,60.970795,60.24455,66105.22,34.378506,59.44891,41804.188,31.504253,2434.888,1504.0735,84.97063,20.322792,7
72.66945,81.82037,399.75815,98.11044,674.83,70.17543,58.24869,413.15305,43.82637,2.3459978,1183.3734,28.836157,15538.985,267.07394,34.123238,0.82643574,7
117.15355,59.666172,10.669149,87.276215,27.151442,67.07696,58.56474,50.34274,28.632477,0.2187902,135068.83,5.7982492,25.871658,1411.4423,87.32602,16.558718,7
63.622177,125.43844,58.89661,410.03433,1225.5673,81.97746,60.90526,305.88187,16.790846,1351.7955,11557.639,30.374517,1.831806,3262.393,180.56001,3.8790758,7
63.829147,117.70069,11.52128,97.94395,7.7153225,86.65793,64.49922,492.13867,36.395576,0.75501806,182.50487,5.099969,6293.159,309.12833,41.20983,0.04599599,7
456.0913,362.6454,60.86179,135.97917,45.69761,79.49588,63.59131,322.99448,33.752247,20.695364,7754.383,143.1084,102.514465,2.651207,114.57436,0.07193928,7
64.39911,117.48891,466.0925,1102.1702,572.2332,69.86472,65.54754,12933.091,17.27169,4.7502985,521.8861,15.310123,4572.7954,6080.2295,253.23537,27.10902,7
193.21425,128.41315,369.18677,321.19714,265.86142,58.992737,58.4091,3635.3066,15.8133,56.749638,972.0867,7.142575,18380.945,18843.26,79.81032,5.0858636,7
564.9187,75.15965,12.87226,1277.0588,11.039886,63.548325,58.91892,28223.988,22.021908,9.564392,71256.484,13.544185,584.2719,5.476396,116.95653,0.022583086,7
562.32196,186.32361,128.72409,178.04665,773.3938,63.92059,72.376785,329.78934,29.285652,0.13028614,1871.8799,31.695024,1.8572052,43.226254,63.686024,23.477226,7
356.99957,236.62099,6.883678,259.95593,21.364643,58.038757,64.96059,8004.2744,133.53392,269.91116,30503.463,25.81232,1962.0101,12.593441,47.46615,25.412895,7
247.33405,359.00998,325.54773,185.11674,204.15254,64.517876,65.06877,1929.171,65.677795,11.719453,7993.281,101.45924,19.720734,0.6027645,33.97145,0.020236943,7
78.16791,82.06187,248.40587,246.24406,555.7527,58.188576,67.293236,2037.7048,38.987442,42.602867,45685.887,12.171295,17569.879,1.5268432,4.414074,1.3517764,7
84.63407,64.37214,20.123964,317.75092,706.6744,63.456825,61.007034,2093.852,18.14075,13.996825,394.84958,28.620844,10144.531,0.24821727,2.4376724,6.608194,7
132.6736,68.823074,19.33699,207.82877,47.039818,62.565388,66.467636,3905.0347,24.188595,0.5972295,7182.8105,79.415924,1806.1511,732.4544,69.84387,2.440949,7
489.19498,196.1886,19.488375,222.1157,11.009036,60.22706,73.59441,1820.1008,63.873215,3.324026,3725.8125,2.2431045,0.37333545,80.26598,47.24704,27.685635,7
238.12225,58.733833,6.682126,582.0096,13.127062,67.61436,59.06415,93.96109,62.43706,48.144333,3166.2603,6.627688,1016.80255,1364.6185,38.82922,7.0737267,7
381.92523,293.53452,308.742,578.9557,861.4059,59.91805,59.949486,70260.54,94.81612,19.959045,857.4823,40.56377,4430.498,0.19226901,84.21976,0.11871755,7
442.8794,66.2491,171.47682,294.4088,933.30347,58.47253,58.46958,86283.08,102.3047,2.7234674,5566.3945,9.5372095,6.021679,70.05668,65.27984,17.05026,7
70.899925,134.32697,84.15944,96.84392,68.1592,83.770584,68.99419,425.19025,49.244347,112.739914,165.54236,14.296944,4323.7163,465.62344,70.35523,9.139139,7
385.48083,224.11421,18.98814,776.43176,13.604372,79.26721,70.58096,5546.9424,128.13434,5.107644,36409.555,11.671396,17.90829,11994.803,21.713234,0.092549,7
63.578373,67.70095,33.59224,537.76166,41.66355,85.11362,64.01647,1054.4896,97.09885,1.8806386,53440.25,221.01495,1291.5774,0.42230013,1.2094411,25.080025,7
576.291,170.3607,19.660614,64.70647,7.9383373,62.65778,57.659035,418.82056,79.87604,54.86834,32973.227,103.01926,11.168546,13120.883,13.46069,27.08591,7
63.160236,134.272,12.8314705,305.99603,35.945633,59.73706,63.392128,8552.969,136.60437,16.63457,2510.2754,16.163555,1.7731564,15704.826,415.2757,26.931433,7
502.28018,91.25453,54.255276,145.88385,28.650059,59.841003,59.365032,621.54443,116.65189,7.752179,443.18112,25.935507,8.396447,9452.844,14.516945,27.86883,7
186.88245,247.19766,10.555009,583.66156,8.09818,62.073334,71.219826,27756.842,12.956536,1.8080355,74.80777,27.067917,4.1240125,40.736675,37.249554,0.1197905,7
69.16514,121.318436,126.85256,79.50709,727.0045,68.24351,58.918346,21.850521,155.09729,161.30458,8069.654,15.075192,0.59468675,0.29888445,1.0310867,25.39851,7
615.9277,110.5744,22.985718,1169.1782,39.29103,62.949726,60.419758,14515.361,36.19843,21.71209,490.64212,28.789564,5.224359,6690.8794,16.419382,4.2555213,7
62.35363,121.93216,7.421742,212.15926,13.579027,67.57726,61.813057,7515.538,13.9453125,2240.9114,1481.6243,80.68237,12309.093,6866.2983,284.62582,1.0742071,7
110.31979,160.32643,40.198845,255.9647,56.462425,65.372314,66.23775,361.50638,11.758594,0.36661464,586.7811,3.2323787,917.96924,0.4629869,6.2763815,0.9938894,7
81.00966,151.66812,8.762243,389.32452,24.42647,75.86023,70.53364,7618.8345,93.1603,0.06451979,1654.7877,27.181742,594.3941,2.0150533,5.6015267,0.36617872,7
65.349884,82.91748,13.197836,920.4054,10.473446,79.701996,58.128235,375.917,100.504814,214.89746,247.45758,25.073982,0.37145934,4932.4307,243.2252,0.015015578,7
150.62299,97.86095,147.21104,121.110794,985.8696,84.14466,61.760303,2723.0679,84.38388,4.013205,84.405304,61.835285,675.77527,1.9175878,10.558001,1.3050761,7
98.17947,106.11106,201.7991,238.83597,440.1881,71.325554,59.14595,231.98099,99.57836,108.844604,2101.3804,24.572323,20434.285,14035.891,218.67831,23.98358,7
399.20892,77.97694,7.150179,200.0358,14.393743,74.02594,60.633076,1468.0928,36.829502,0.6379825,341.3242,5.4743805,2.0684152,106.32139,48.524525,0.1538583,7
480.3879,374.58145,73.14705,69.767975,33.982384,64.02146,67.978325,1931.6715,14.241107,3.4266677,16748.12,205.4478,62.60374,10966.289,21.453133,23.82373,7
67.32496,59.804287,135.04715,105.45001,696.0611,86.10103,69.338,377.40933,113.74563,7.57465,533.6561,49.47474,642.5827,1.5344896,3.571163,0.015165583,7
340.44662,186.74167,495.69037,105.80908,209.8605,88.92425,61.46312,72.12139,33.78981,431.07913,98.20004,43.786247,985.109,205.88219,30.240118,3.2990484,7
388.3401,70.65002,77.05545,357.0238,647.0133,63.204735,69.513626,11716.148,12.218204,159.78401,161.75339,22.44653,7633.564,528.6058,35.41465,0.042665508,7
62.365955,110.26031,317.55173,879.59656,161.59164,70.25108,65.01319,1128.0011,15.278943,2.0926478,308289.5,23.284184,1.2023684,1857.7472,114.25478,5.8586755,7
115.90221,340.78253,25.353,866.8363,53.832073,62.525753,61.906063,67749.47,71.01793,0.6460384,46.06381,18.230415,227.0087,96.8212,18.985996,2.982313,7
82.76172,373.0512,494.8068,89.27711,371.52277,67.68762,66.58565,44.973732,17.081932,11.447709,5183.094,7.956305,0.46839657,3467.9907,95.5172,26.588402,7
62.96958,66.96402,95.53897,77.0709,598.1735,63.44625,60.030655,52.80152,12.061565,0.051981986,1072.0594,3.6328015,534.634,1917.0968,149.10226,3.422349,7
151.43513,241.42783,8.702041,908.0303,12.142048,60.61565,61.59619,16898.232,25.135841,5.2906322,789.4208,7.7583284,8134.939,243.39809,23.029274,5.368376,7
81.13806,70.42406,477.11752,214.70872,512.06384,61.854343,72.36457,8129.82,89.70961,0.38936973,197.78748,19.706882,284.37042,7201.3735,164.17392,13.628344,7
456.96814,154.71613,404.81042,638.4677,663.1411,70.8243,62.527996,4615.373,88.90423,1.9044118,622.9022,4.0450907,1502.9594,813.5977,48.903774,1.2846112,7
538.9838,387.92612,7.382181,642.45996,11.984344,57.20535,65.07719,7407.224,45.185402,10.556392,519.83264,28.694134,0.18928339,53.985397,48.969006,4.9574833,7
70.82029,67.79172,64.69005,198.45648,46.69172,68.20789,60.265987,147.11086,12.00424,0.22951601,527.4431,267.2124,16297.241,2354.8965,183.00238,23.614525,7
74.304214,120.639366,122.88215,558.6107,546.7422,74.5593,58.88036,358.9377,130.12332,1036.4211,4803.161,38.68433,823.7932,3064.0164,130.84834,5.6232147,7
520.935,63.924614,524.5989,85.09994,216.37547,85.86051,70.57356,874.22986,22.560951,1.0906725,450304.3,33.328674,29.467043,1071.425,30.544699,0.022619894,7
541.2896,315.18082,6.8858457,629.4071,16.103872,65.12705,58.677376,243.44727,131.83228,679.31104,6248.521,15.931591,0.51334023,2.6460989,117.5958,26.306755,7
152.43178,124.48709,161.02567,139.05167,136.20103,69.824524,60.360394,16458.14,15.462593,4.283101,1520.9604,26.067478,17648.695,10613.221,96.77322,14.657818,7
489.68375,330.8923,17.455988,283.2747,6.596018,74.1747,69.193115,2142.8247,75.509415,2138.4111,6739.1787,74.460175,0.18288676,1.1358495,111.34294,9.908841,7
73.133156,185.2055,26.733807,99.21276,32.46473,83.07625,62.929085,4095.5237,15.511949,36.697052,9009.955,13.633583,10947.437,3840.9214,137.03496,1.0282024,7
84.45305,59.79811,7.406981,295.27258,13.853584,61.12429,58.541595,43024.33,50.980114,2.894136,639.0049,20.16735,646.7267,61.420216,16.414234,15.434083,7
109.917534,83.51506,13.645266,376.24442,35.30923,57.234776,60.443104,127353.43,12.296496,17.439217,227.58925,17.41199,0.16161323,2.8011563,8.234468,0.53791517,7
367.03387,245.39726,510.39392,82.44758,590.7345,59.946087,63.135246,905.7272,131.98856,207.60522,26723.078,43.85606,1871.1985,0.17677383,74.00501,5.490329,7
540.6115,60.437977,350.8713,84.48308,874.5538,80.534,72.031555,3702.4885,33.14441,5.8250527,158.59723,25.711044,0.16450323,1984.5624,24.477509,0.043784443,7
96.335205,140.52197,25.20287,245.72823,552.79144,62.706608,64.61476,40553.617,73.88633,0.058995545,64431.152,124.76259,1.3259194,6.819252,9.552297,18.670687,7
487.43222,284.60104,9.263828,200.00302,11.476982,74.608604,58.47253,53.19773,72.7112,378.14026,4904.689,25.217573,11.929228,531.1884,31.656712,3.2629278,7
124.068275,122.11407,552.39685,188.95035,177.02269,84.32544,58.256065,2499.6191,67.20504,50.20343,343.23688,40.643448,18393.379,294.72183,24.835758,25.493454,7
146.54187,254.9607,15.171672,337.9459,10.002968,62.220276,70.32985,30302.988,15.1153965,4.4046807,128165.625,16.257145,13787.701,11.356987,25.836918,4.1481066,7
311.426,115.70187,15.600238,240.7425,4.7084064,89.83175,60.99172,240.45276,11.479558,0.055779938,269.62775,4.36564,0.11556085,7513.1943,26.34402,1.962698,7
326.61438,300.61093,6.8392696,353.80072,14.668842,83.81409,63.338326,3371.2383,33.310566,0.08094921,748.77234,2.3506098,25.730156,41.261772,26.981823,5.4863877,7
61.14707,110.34703,7.1148667,356.961,21.391453,78.95668,71.051796,5817.2656,13.290974,4.345259,1277.4604,2.608132,0.14760756,10.51413,7.96875,13.647437,7
164.42386,62.963818,14.544894,123.64991,21.34853,66.32379,59.855568,509.1192,25.855589,51.52799,3739.2,9.123297,55.529434,0.27013525,12.88109,0.2542823,7
549.63354,322.65152,421.57047,388.73535,256.21652,66.390465,67.13401,12205.971,17.939034,61.796074,14492.039,15.7315235,27.530409,0.79207486,132.31389,0.039335474,7
101.86708,409.58984,231.20894,1208.6968,577.37604,62.251724,64.54909,2442.4646,13.362873,1715.304,3000.3625,100.4885,1.4819341,6.6743255,9.859948,1.6285379,7
123.39975,65.25245,535.8734,291.5648,509.08514,81.166695,66.85162,3208.0415,126.39809,0.049780212,73374.914,116.820435,0.16435313,2.1495707,10.968645,8.076063,7
171.64706,68.0366,11.177891,588.2716,12.192453,63.41037,63.856388,1007.1378,118.840065,12.452311,1045.8878,27.03798,2997.3386,1555.1562,73.19483,4.1877413,7
334.99435,302.58496,28.833431,368.48438,584.18787,64.425026,59.86152,41722.973,20.216194,0.11418273,2896.538,1.519619,0.68802786,2.7370167,60.01151,1.0394113,7
183.55103,71.89201,15.835708,782.2158,23.42054,56.935894,64.14026,1568.6946,20.314842,2.3872662,60498.61,160.3622,19548.424,1295.7277,38.087975,14.37578,7
381.68063,144.91003,44.510685,336.6607,1119.7681,62.683647,59.55955,70489.07,113.46277,260.36627,72.38231,30.54178,18707.03,859.0048,43.138096,12.851188,7
271.68906,207.56395,237.63554,77.33719,137.43109,83.54105,70.311485,1486.2686,16.607195,14.399428,9897.619,16.995825,2.9712079,359.41656,32.224365,0.36435708,7
94.47305,148.40282,555.0743,87.88457,132.40819,84.95034,65.20318,1738.406,17.460876,23.7776,10661.065,19.639042,3.0678134,82.32086,32.631187,1.4145117,7
161.08307,60.311813,322.81778,153.84538,232.28613,66.11023,69.71835,392.63153,13.081601,1.0403756,1411.6571,49.93444,7220.563,13.227824,30.203054,0.15695809,7
497.56754,66.59032,236.23131,903.4036,745.35474,71.740555,63.78054,822.42847,75.94695,38.6419,16698.945,8.625523,3.5047996,9639.994,15.872113,4.836438,7
439.29617,120.67777,552.75397,206.67468,327.7599,61.897934,62.887886,68870.35,82.42061,18.18313,983.0891,8.400014,191.68549,1.9612514,89.612686,0.22253926,7
93.07387,352.54913,20.57631,309.6364,856.0818,83.04189,63.489227,316.2847,15.942026,1.1485362,185432.6,19.784412,14777.593,0.47323117,4.1053553,14.712061,7
84.97456,268.80466,305.56622,384.4978,180.126,81.54483,66.91636,47.13677,117.42384,14.840915,85.18118,62.798508,19971.375,20.518412,21.124691,0.9970321,7
119.15913,72.44452,135.6975,256.01263,302.13596,63.438446,65.22977,17997.56,103.87029,0.6069306,1854.6246,14.849879,87.900085,3.269617,9.45199,1.1033767,7
564.4712,183.53467,286.68668,111.28312,509.05035,84.8929,58.55023,133.11644,50.189697,0.111157626,233.61845,2.3737137,0.70895875,346.7644,34.531853,25.160921,7
263.45184,68.20535,9.192634,494.1516,9.807148,58.99837,63.77399,56605.61,73.50288,0.8721638,9342.284,104.609024,23100.707,1.2889903,37.705124,0.060689226,7
80.023605,178.4837,7.2195945,79.18565,11.258463,78.23944,64.133705,2313.7876,22.157974,0.13433878,3177.6348,56.694946,269.7679,2255.7493,145.13362,26.386202,7
91.50125,324.79745,43.81841,183.2554,1430.9314,61.333424,60.802498,9582.262,24.998312,1320.893,3347.9355,41.04117,113.9858,13.597322,6.231195,23.875216,7
137.516,268.14047,9.711548,87.85236,20.704418,85.38518,62.437214,2491.2625,14.955602,6.213805,209.5905,38.28744,7.254656,11041.349,83.80502,19.040583,7
464.5238,61.049713,7.8295364,363.19098,14.233002,72.3419,64.55203,61.095177,18.155083,4.733916,83.44662,15.645453,2525.498,106.65501,70.69239,8.842608,7
248.54803,98.19276,7.0841975,279.9873,17.670607,59.011047,64.61589,867.7837,17.141094,9.45937,18266.096,2.5483594,4922.3535,1.5656883,36.42956,22.893463,7
62.43797,61.898327,219.30035,191.0413,179.35751,62.266052,62.04907,37524.1,14.011965,12.022924,1587.7969,8.278133,1699.1785,50.087563,14.78922,0.05229982,7
225.37535,272.71835,301.98972,189.5112,949.19574,61.501106,60.19673,23.437738,12.287902,73.11962,119.955536,15.667287,16469.273,712.5231,26.839352,9.709589,7
89.338776,198.55762,481.58255,93.140594,574.97174,73.4929,63.903908,116.452065,15.467791,17.820349,4297.6836,42.87161,2.1741314,2107.6643,89.013054,4.4953995,7
530.12317,145.43837,55.34004,190.13449,55.540268,62.280746,59.890373,72035.34,108.90747,20.123268,3586.9905,31.601694,0.26473594,12141.762,11.487541,16.26489,7
402.81006,58.778797,13.433974,652.62604,7.6514816,58.94967,58.049965,2224.376,77.98428,791.2596,17822.684,28.676283,940.4248,12552.713,19.176216,4.3031197,7
444.80203,178.28963,43.3554,128.16617,51.299866,77.24024,63.37785,171.48126,48.433502,0.7548845,75.91368,70.53078,30.474644,35.831844,62.41583,18.951042,7
64.70606,257.0813,471.0392,234.35878,366.42297,85.51226,67.23907,168.52216,53.86134,351.05945,14806.754,29.757816,282.09106,0.16046584,1.6685314,12.781377,7
393.44077,310.11743,22.870274,766.7503,827.3152,57.34598,70.74934,31135.857,34.304977,12.795145,636.16516,8.227549,3946.3315,3.9315193,55.71611,1.6442266,7
489.46808,270.8523,428.20737,121.05154,212.82239,78.83994,65.8015,79.07614,13.459566,238.98273,7956.3447,10.06911,3012.644,516.76215,29.233025,2.8963225,7
65.296974,72.57474,59.812958,225.16907,1418.7457,64.15399,72.23253,3797.107,65.68247,7.3793917,11380.24,24.451942,16.34076,5707.3477,172.27197,7.1562862,7
110.907196,314.74344,34.16815,978.69226,869.29333,59.48521,59.455223,5535.4995,11.980717,13.6459875,138.98495,30.517776,19284.068,9204.486,138.8588,7.8344426,7
199.74728,89.046455,17.849377,331.64664,7.986053,78.44499,69.42579,393.89093,11.962982,0.16664176,1971.2443,1.9480519,1752.447,7.4480624,31.580816,7.189322,7
172.01239,74.24467,16.094227,109.679886,33.867332,81.594635,72.78058,765.7084,35.340496,0.053346895,80.564095,16.430529,1.3639203,0.98193675,18.169615,14.695097,7
82.48399,213.08621,544.2585,210.94254,441.02304,62.326145,59.481834,7213.989,67.15179,1.6986237,7817.878,74.85774,9.368208,7935.5938,210.23596,1.6245539,7
180.66272,138.78099,388.6326,165.40121,225.62906,65.415436,62.43352,227.25378,126.212944,159.82603,29233.475,23.786419,187.87503,574.4943,31.223717,26.477064,7
63.38617,61.44826,61.65344,185.2128,1282.9668,72.5025,62.624886,64.75749,20.454397,0.059874266,122.82339,14.035817,2306.184,12881.425,373.73212,1.9028337,7
498.33246,332.81723,484.49234,341.5025,288.2996,70.25594,63.89654,598.4247,20.150553,23.687244,13919.325,19.787277,101.802155,10201.117,20.414291,2.815401,7
270.59058,63.979065,24.487934,157.19644,1262.7793,72.579926,67.35269,343.92468,76.76764,99.374306,174.8138,28.619022,2.0066762,1967.0591,34.54226,0.08654286,7
235.13127,150.48547,424.9556,82.04571,145.2303,70.94324,62.906075,834.82904,15.781126,8.371057,19605.201,170.2229,8321.795,6.376549,45.794373,5.700414,7
348.52466,60.632515,6.734597,169.62126,12.03575,74.314125,64.48673,164.36777,52.99604,0.06135513,58599.61,33.719784,1522.1249,14367.684,26.632843,1.3992045,7
134.5008,80.98686,525.6493,255.21933,384.5158,80.39058,58.32717,313.90054,17.314339,3.777754,932.8866,88.207565,0.5466989,208.25269,42.681488,24.260824,7
242.1616,59.87278,86.98515,174.69681,998.44617,63.033516,71.943405,4600.639,20.328094,58.262367,289.60132,21.685463,1673.4366,6094.1934,51.914,0.18030077,7
112.904854,338.08945,23.498707,97.88494,27.82939,85.05787,69.85266,1698.8525,14.976062,0.401517,279.2587,1.119235,208.96803,211.82826,25.530184,16.824102,7
93.151634,59.22214,96.14955,202.12611,1237.4181,59.356167,60.523376,69119.53,22.112366,2131.6245,7581.661,28.870699,5.1759934,8.72268,8.152948,0.014915181,7
126.56726,222.35713,476.54654,117.28608,724.90216,77.86637,65.41579,2790.5264,63.05108,1.687119,9745.911,31.34349,10907.416,2.3719149,13.052691,0.054951508,7
140.46632,159.92813,447.84732,1036.1957,322.19934,63.474285,59.274574,4762.1895,108.005325,227.6973,86.70518,22.154305,6490.115,1.6936307,13.0969095,7.1302104,7
72.71295,58.583775,8.6915865,1119.6467,23.127666,59.809128,74.31682,899.30786,114.243355,23.645906,22799.23,14.342629,8.058698,0.3815078,3.5820942,25.675646,7
199.50218,347.21777,10.647511,139.79214,8.802384,76.07203,63.294376,2979.0186,39.887836,13.211369,167.58876,20.272467,18724.611,1.9846247,27.82728,0.064294904,7
452.2058,68.57249,8.976373,119.063995,9.157504,86.11814,69.09525,509.58353,15.162591,0.06550222,79.21716,9.139851,3074.2612,5501.2017,17.374815,26.39215,7
251.61162,279.3294,12.188232,679.3535,8.610868,58.09968,61.23402,342567.34,24.828135,0.05932601,2552.6592,66.040184,537.5187,11928.28,35.002853,22.993341,7
340.4818,81.67517,456.48273,445.10443,461.7553,78.27451,59.064495,597.7771,17.143711,2.772909,699.47174,1.9629837,1941.6547,3.373836,42.035305,13.566096,7
126.77291,376.67728,545.21484,495.61032,279.79645,57.642002,64.81703,89611.81,87.54209,111.91937,3262.0508,15.401751,810.2749,21055.48,105.70859,2.6973598,7
87.83889,73.873085,469.56494,183.0753,607.2505,77.933266,58.16301,3260.1812,102.85481,2.0428195,98.63551,21.13042,0.17689556,44.635902,17.916119,11.264607,7
502.9074,277.68234,300.62,254.31793,573.54565,65.11311,72.54068,308.12363,154.63173,0.14738762,2527.9014,17.657614,338.64725,44.879726,49.645153,3.3129423,7
65.048805,63.211777,31.38556,416.72763,706.03284,63.259407,57.800934,1008.84344,16.193495,1922.451,17092.756,28.979345,7345.7393,17232.756,435.92728,24.191021,7
111.58807,292.09973,75.1084,186.83899,874.2941,68.19875,59.086124,4670.6577,78.29984,0.11768571,166.6753,6.7180367,1.1028247,0.13679814,4.804077,1.1660069,7
258.4169,182.45236,6.8404436,307.8998,15.791712,71.20223,58.60261,11.901788,143.15053,141.28043,17341.836,13.86445,1.0510792,80.59342,42.796364,5.0841794,7
661.99347,338.18646,440.28027,135.911,694.56934,61.361458,57.417416,225.05704,28.334866,0.49506867,488.8924,3.0727193,484.572,61.619835,67.81445,0.14180239,7
490.50592,271.44562,7.2766705,386.7876,15.944563,57.851227,60.357056,282418.9,122.22208,24.639912,204.30649,20.241293,4.8323603,0.3815211,128.68513,4.2451973,7
134.26007,354.0214,259.00476,163.07664,160.63057,77.21167,61.63665,507.68073,105.40515,1.5063667,10638.15,28.866982,1.1298476,2310.4114,89.31073,12.177191,7
65.57572,215.70752,489.04355,377.42828,373.76746,67.310104,58.349354,4835.081,125.64679,7.855123,1759.6289,5.6748176,9.042908,1.1634477,1.757889,0.16067165,7
151.31633,343.37842,6.781395,1017.2273,14.99283,64.05911,59.473846,498.11557,118.59386,10.458313,4066.3972,45.96105,104.02237,0.25512975,10.923271,7.6521416,7
71.81548,74.247284,150.3887,136.80345,1096.5016,68.13665,60.271626,4636.407,28.70076,29.136934,1286.4625,238.1843,15364.8545,0.9702762,2.2981334,16.972029,7
60.704266,136.89633,6.852375,96.85614,14.468594,88.33833,59.27394,545.8724,110.552376,0.14447398,2968.1453,55.6514,2306.853,184.14484,33.83708,12.330282,7
74.91231,227.70427,13.506905,135.04144,5.856429,81.62221,60.80241,50.81531,16.231453,6.4401693,3889.5393,2.1183343,0.20472269,0.1294031,1.6882079,22.225739,7
111.92352,130.19485,177.09918,703.0162,167.37883,72.39071,71.180405,1348.3707,16.437845,434.55893,25854.615,48.922874,11.580774,0.46242028,7.446286,0.17564957,7
62.73739,153.91281,53.91947,255.87956,56.072426,63.29876,68.74418,542.7936,36.480278,25.384975,7709.706,6.176513,19012.568,1316.9083,97.32355,22.10231,7
99.549255,349.2315,37.420414,1205.8269,41.72209,58.87742,57.996574,9531.245,29.980625,3.6804497,129015.97,9.778133,0.7624259,1.4941424,5.687747,0.017569188,7
419.96497,96.854095,155.12453,216.3849,58.369507,73.39783,59.376057,618.3984,62.639175,34.19938,75.5332,16.270733,18163.705,0.1759173,101.15337,0.19539696,7
69.35718,347.13092,21.386307,425.8256,5.480008,70.41473,64.19557,256.05197,33.581825,192.54039,3982.1274,35.67604,230.08371,3137.0483,137.90863,6.5537324,7
63.63463,228.69006,179.44887,106.11571,65.33808,84.55538,60.70821,110.84142,22.843052,27.201616,160.11548,23.494875,804.23987,6.8072257,3.190091,0.4232484,7
558.71533,345.45685,556.8279,411.708,261.82187,61.94633,70.70993,31222.299,51.51454,0.33281347,1080.542,20.32238,2.2680054,110.70232,59.025043,0.3972054,7
150.56769,101.355865,214.48544,179.87943,424.29437,63.52134,60.88147,11331.75,54.18576,299.56677,14024.824,19.063955,221.92152,0.72874534,12.882486,1.88554,7
92.14374,162.09956,261.79642,243.20786,180.63881,59.770462,63.664467,19590.959,13.431304,0.85454345,777.88074,21.545456,30.890987,9.195283,6.8275204,0.61242497,7
573.39386,375.46722,66.98402,72.81594,82.03783,69.71374,64.60143,929.72845,46.084988,2.072387,38481.562,37.193264,291.25497,5414.111,19.491995,9.143276,7
88.14977,90.231445,13.89416,482.3605,12.669948,59.73471,58.476532,28943.492,13.55608,3.295991,144.12436,7.5882597,15357.207,8.379282,4.961219,24.104683,7
285.45605,72.22596,41.684616,137.41216,1317.6187,68.02077,64.01455,18871.838,14.2716465,7.3740516,736.65906,8.2128315,5432.0347,10.994362,30.294828,23.358128,7
544.50323,242.96402,331.5957,88.76638,916.9348,62.127823,67.93703,182.0588,39.324356,0.057342123,121839.52,63.52777,0.3571529,117.95107,56.363075,2.578116,7
184.36383,133.30023,509.03528,1111.6593,468.93375,58.5521,72.4587,27226.68,113.78142,54.306915,224.46819,25.630808,2383.8403,17715.613,57.323284,26.77911,7
66.137726,69.69024,10.953781,240.89297,11.816643,63.16966,68.802536,232.36635,15.63659,2.1184444,2494.9458,143.51956,20665.49,0.6559036,2.6383226,0.119030364,7
518.553,59.535877,6.647084,895.002,9.443634,59.657986,71.80583,1029.7845,51.708023,17.154438,3113.9673,6.5788956,3722.3772,3.5878594,86.574875,17.02692,7
111.423004,65.62974,46.949654,236.02495,21.226334,74.6473,58.919804,9013.17,25.639717,0.60421836,25985.684,2.4665027,13.590496,22.833105,12.431873,23.383614,7
291.6947,205.79184,492.58658,208.55424,261.44464,70.324615,61.309383,340.66534,25.954285,4.2452054,420.80627,2.69427,6.309119,5.9707804,46.60919,1.5886679,7
515.1919,350.92685,6.8552437,244.12706,17.190079,63.584408,59.420353,1458.44,123.57682,20.496983,4005.4658,39.946945,16365.963,13695.109,16.573338,3.0186377,7
138.79878,72.006836,270.6253,250.36104,54.79087,58.181633,69.151764,666.7758,31.139854,292.44025,11423.238,20.71553,0.16860414,13.711214,18.900229,0.50610214,7
61.31812,310.28024,14.119349,486.68936,5.227829,79.75592,65.12711,872.6591,14.927882,277.93402,86.60369,35.321888,288.4467,16.113064,8.644489,0.67327094,7
163.8583,275.15784,6.2041254,132.32076,11.7230015,88.66478,60.184563,266.08865,20.25419,28.137457,196.21681,15.300695,4141.4727,11376.615,85.57718,15.091274,7
218.55923,334.99292,241.15805,471.55606,644.8334,62.109406,64.69516,54697.87,56.36305,125.6599,8133.038,14.170999,253.7544,2277.335,52.942226,14.594261,7
579.99786,86.10655,142.9961,99.80748,136.29324,83.06382,62.315334,1879.4387,92.01366,473.96332,915.73584,29.682734,13022.506,15.3108225,68.54704,0.080904864,7
113.70596,290.79977,422.00812,190.82916,456.15976,63.524475,70.59284,18167.395,20.831533,57.135586,9401.566,13.742706,8767.971,93.74228,22.615553,0.22297409,7
62.407967,166.8071,20.502502,818.09216,740.56177,59.106956,61.875416,10705.553,108.65144,0.1555927,2904.3467,98.51334,19374.621,7.46671,5.4112477,0.16762677,7
71.85674,333.22925,63.507805,283.41312,60.63816,57.58915,64.96653,907.82355,147.41719,1.1658628,341.90024,4.136343,101.942,12981.237,256.9515,2.5991569,7
71.63758,152.20595,83.640724,288.87927,530.7313,57.9538,59.227486,16308.374,11.249529,12.656914,113.84295,13.666031,0.70512486,6188.0474,233.5017,0.83065027,7
247.83687,266.85684,51.62145,210.50922,70.559296,57.859814,58.441856,269283.28,17.723757,290.23608,11007.104,20.244246,2099.111,6.4336004,47.525475,0.11131898,7
87.71473,60.408894,29.808083,706.2567,448.11066,56.730778,62.70676,2026.9194,28.279722,12.097165,15232.763,12.826439,0.25501278,0.19769107,3.107177,1.1306186,7
543.17224,65.41379,11.985019,838.46814,9.530311,62.003296,65.56143,3646.3965,61.25907,0.048535597,13084.506,0.5318964,8.134339,14522.326,13.026295,16.994556,7
506.98193,149.37663,9.238713,213.20384,15.4658985,63.935295,60.669674,21388.908,53.672894,20.872025,5674.5664,4.027849,1497.8833,2.839062,144.47896,0.45677972,7
62.23372,75.82692,6.4886847,307.46118,17.508469,66.42949,71.42018,283.48935,146.10008,148.00505,2221.4832,13.097611,0.6746065,60.170094,18.332727,2.4022262,7
62.733044,224.57486,246.48552,639.0818,126.74671,75.46959,64.17192,50.57414,133.16812,0.94195443,433.19922,12.078639,0.6763724,0.18218283,1.168901,8.751417,7
232.74734,349.17325,425.55704,328.1715,759.1743,85.591415,71.51106,3958.2,142.99225,5.037409,461.57993,8.627829,6.7843604,5193.3584,45.27671,7.062491,7
438.40353,68.214165,9.709112,547.20654,12.289965,57.205544,73.34971,13365.111,48.67794,14.337838,1987.4722,5.3362026,28.075758,0.57512885,91.56241,0.8856377,7
141.0731,65.12355,8.352617,534.4463,10.527124,59.32305,74.34182,1509.1337,88.58623,0.4824894,203.27518,28.187359,0.25750658,16416.785,95.87269,13.051737,7
373.23816,60.511906,14.254983,664.03253,9.359579,85.19409,69.8968,496.3772,20.212158,2.2820778,252.09546,2.6285596,740.71277,15117.687,23.473825,17.570248,7
150.53806,342.32825,22.862625,95.369675,47.297516,91.46434,61.597206,136.58194,88.703224,13.247354,258.60522,11.538182,9.200661,45.55353,19.043377,0.04087275,7
68.32812,185.18323,534.8315,90.793564,345.27435,58.803516,59.0657,68.682816,21.942636,36.940838,42295.035,20.2546,3.8684099,3.2340183,3.3954911,3.6689668,7
110.45741,72.409225,10.831976,196.9616,8.547628,67.49047,59.884624,5568.8955,33.479214,18.482,13526.24,31.650894,6588.243,2590.9817,139.31035,0.42771184,7
74.52731,371.92316,63.72262,158.40488,1067.1825,63.565228,63.72342,1177.6741,112.887474,0.3038819,4980.493,0.62844956,231.91133,5.0242405,6.9593344,11.66444,7
77.845276,98.74418,23.812695,663.0819,39.975616,61.29943,70.784546,31493.787,74.567986,101.77907,416.76907,12.566436,5321.3027,166.56802,41.233917,7.5817814,7
130.6291,58.620834,149.22449,1279.6008,124.35493,58.392216,58.956074,2587.3494,38.657818,0.21149756,536.3716,46.181778,32.27406,0.6391901,7.1176066,0.12714069,7
62.526783,279.90024,420.80768,163.59949,641.2936,64.68423,63.43912,746.06116,87.08569,11.163345,9873.171,20.975939,1.9912521,10744.505,337.11505,25.696445,7
68.77898,325.56952,91.429825,393.59576,1010.95087,57.468388,60.433,2252.605,52.055042,17.378609,2845.9902,42.69584,75.59914,10756.521,331.30988,7.739747,7
61.966175,341.1047,7.770216,776.4862,20.386078,84.67083,61.76671,89.0182,36.69124,10.653154,701.55835,37.531853,8.497928,11788.984,382.44122,0.026125511,7
66.611305,82.48814,30.434784,385.2312,1415.5459,62.534145,71.803505,14861.01,87.51639,0.10109219,160.7551,5.56314,3.1372855,23.465557,12.696672,0.028685987,7
112.72842,164.62851,72.13387,69.85134,55.75891,66.65394,70.07511,627.74036,12.678591,47.65207,1527.146,10.193903,467.1119,1.0820303,9.824697,12.436108,7
641.79144,336.7533,8.388515,248.37686,12.644628,58.951355,69.58414,1528.7747,19.710945,0.23234226,1077.3369,115.40465,0.5265571,2431.9521,28.133074,21.8196,7
75.76339,335.74548,7.82405,1280.335,24.319698,56.916836,60.47508,27331.11,68.22017,30.765839,1852.8275,39.515823,0.14213401,0.39364973,1.8308201,10.322983,7
354.25272,268.55878,10.744607,401.89514,8.054648,64.832886,59.668514,76.848335,14.715358,0.32216203,15043.987,146.44516,731.80176,93.189896,51.454014,28.06575,7
276.5089,363.42862,7.0984573,1486.6693,19.541992,63.37834,60.05004,3613.2249,121.02645,218.53296,182.65587,18.337305,12.935938,0.48473033,40.542854,1.3161479,7
70.13302,359.08347,149.74947,80.81682,114.10084,78.66961,62.236195,623.015,38.6604,1.0189173,1498.7341,104.55354,110.242485,15632.409,360.56348,2.1389568,7
70.03561,60.626667,396.73273,88.65623,221.76172,59.504276,72.03595,2453.1865,26.799305,15.414954,394.9893,31.889418,10.11194,522.1926,53.5054,7.871056,7
211.12958,111.785,507.9748,177.76633,476.08063,91.07325,58.678005,287.78784,76.926704,0.08651865,171.08398,10.83707,26.610603,0.7277005,21.975903,5.4002776,7
110.44652,245.94951,249.6471,98.895966,155.58647,68.44021,64.1897,22.128098,141.16527,19.275534,4085.3435,8.8076725,76.31046,6.952377,12.248201,15.904426,7
227.42091,357.41034,151.6238,242.94633,115.862526,60.666294,72.843506,5358.7256,151.43375,3.5752053,20988.697,13.549395,15267.335,14860.259,71.53129,0.08593315,7
185.46736,370.2713,7.204595,242.3321,14.67562,65.05334,61.591385,465.85934,18.892464,29.458647,2973.3813,7.435425,3.6849556,2754.3335,52.87885,3.8299952,7
157.49136,123.867584,33.674847,223.70946,25.088856,61.556835,63.14702,33059.188,16.73702,0.18358083,100.23833,7.0784097,3008.0146,8090.1226,62.93308,0.024650557,7
104.58238,410.14606,21.32934,838.46295,1451.3396,63.148396,59.646217,51496.42,91.64816,0.675078,574482.5,27.076122,7607.7607,1735.3672,51.75849,0.030487966,7
424.62366,67.707504,201.52908,79.175865,590.4894,63.826336,59.759277,311.45966,20.30357,2.783377,65.788345,19.351576,21118.168,0.5165263,106.70204,4.814375,7
87.22008,368.36652,13.602418,180.32028,21.281546,82.25974,62.010265,1673.1525,13.328434,2.8431473,350.2745,11.543014,1.0609367,4448.3135,161.5487,27.049438,7
125.8616,58.85855,69.00022,96.361664,726.8861,85.46368,61.112885,2526.832,18.235624,2.3952897,20228.012,48.166203,273.94705,536.89404,40.339508,0.01860486,7
476.76974,99.74487,7.663637,180.7445,7.464506,67.28757,67.296295,2270.2163,22.288612,8.097116,5201.6377,7.056469,857.05914,3473.1223,16.315628,0.024818353,7
86.2684,68.23318,42.966164,75.266716,28.136728,83.660706,57.56052,13.255056,83.335106,0.057449196,142.74144,32.611164,22312.562,630.3845,42.837452,1.0499057,7
75.40081,385.5739,163.53435,191.54166,895.3738,79.2387,63.604736,50.349373,92.1278,12.294474,8166.8057,27.026772,1416.2985,1.0165272,2.9315066,0.05292629,7
61.432182,296.73242,7.949063,91.68054,8.137138,90.28009,57.644154,18.800299,81.867065,6.0860543,6117.0166,11.79323,1.3027339,1.3736418,1.236048,16.658669,7
442.46643,60.296757,60.97969,309.1909,29.795422,59.074463,63.176697,7571.176,13.759545,0.8491642,100819.13,8.044265,1.6402464,0.8908095,98.17336,0.14658147,7
141.04892,115.98741,205.83997,497.19397,907.63116,64.694466,59.80069,30850.504,113.911476,5.162319,345943.0,29.67088,285.69916,17.55801,16.12098,1.6410275,7
62.302654,331.7518,7.5502257,611.12286,24.294947,59.137634,58.326042,351082.3,18.007942,1.6699007,37724.504,6.20451,8415.245,12985.781,376.06042,1.5963857,7
199.17432,122.92026,233.64128,119.653175,338.40683,80.597,64.31347,1286.1924,130.18993,0.9057473,35381.758,154.81766,481.8125,0.16940431,20.818775,0.3404239,7
326.80487,246.17628,285.0912,251.90376,202.05533,77.05992,62.167088,5170.749,17.76969,3.3901377,1483.0425,35.03643,172.56975,0.23718046,60.14315,0.20148866,7
63.058376,286.67624,176.83365,311.55234,1043.1667,61.30677,62.081844,20.581747,28.056652,23.066555,3946.053,9.6163,3.262821,2.0369186,2.5539434,0.072707064,7
553.5287,60.948547,8.560282,154.0649,20.12045,66.086716,69.44631,640.8683,49.262436,5.139035,602.6008,16.11589,0.18105221,2.2538247,118.12954,23.485374,7
65.677574,263.00394,181.00226,621.3853,1088.8501,80.27354,59.801502,1453.8735,15.930772,0.46020278,41.83806,26.401106,19064.408,0.33359748,0.7600669,0.032808695,7
146.52034,127.02851,53.54768,220.46683,393.84668,63.50036,70.19352,8027.4556,12.951752,5.564008,1635.9272,5.0049047,9587.098,13740.573,73.697525,9.508934,7
136.6572,176.10107,201.7521,211.23804,1028.4686,61.191807,59.146034,72512.38,86.707054,481.5616,119.30486,51.791607,1.1227392,1.7793816,10.80365,6.6052923,7
245.73517,347.92932,352.77695,77.6783,102.07472,68.29801,65.58134,17.98478,14.156093,6.8384438,255.34729,4.897244,0.40730935,613.1174,42.91214,27.210804,7
77.38741,200.78116,140.09256,260.5059,741.526,57.36994,57.772762,184449.5,35.671974,19.459873,8925.416,33.230923,1756.1256,14194.014,357.4297,24.277433,7
473.69864,114.08509,280.12427,440.52042,295.74298,60.798904,58.551735,99240.35,27.740707,6.7272925,2956.189,36.14528,2953.5376,6940.9424,21.532108,0.89572203,7
256.62967,158.92578,13.727642,217.12296,23.087185,62.674053,63.42121,22220.166,19.081257,7.761693,5347.497,3.6254435,6129.2285,26.82021,28.583134,14.350869,7
147.67673,294.61313,7.1099577,628.23914,20.789242,62.21901,65.144966,1669.3895,38.392376,3.1832705,2034.4789,17.916645,6436.967,301.53568,27.007793,26.653187,7
272.87384,126.91879,453.78787,227.15736,336.37744,59.02547,67.57697,87.082375,72.58172,3.1812394,2876.2988,278.36768,145.09216,0.79949886,38.397026,0.03220108,7
395.45404,383.79037,152.76709,110.60095,102.59584,67.584816,63.523155,21.550789,11.349179,0.91116536,5169.97,41.52366,0.16853267,1110.9954,41.84895,0.028220974,7
184.61176,175.67175,192.59042,425.46368,1082.6017,60.47232,68.00375,374.86774,51.587914,11.426158,320.05078,15.128108,2.0674152,190.71182,32.853504,0.024609528,7
516.775,59.271324,6.975781,616.372,18.723816,63.44656,66.23791,21682.426,26.289639,18.061834,2950.872,25.143282,0.78020644,0.1893887,139.29683,2.4643655,7
70.38841,151.86452,272.11105,288.03293,87.82144,57.734657,71.55747,4838.3477,59.100166,0.60235333,192.12167,15.027153,26.748495,2.63321,5.407424,0.034682013,7
366.94647,115.62132,400.27332,207.87218,607.02344,62.429924,66.20188,18443.125,103.94898,0.14656945,844.27795,1.7078539,921.55853,9.323238,49.138992,1.8463044,7
62.700775,118.8707,28.900225,293.40814,44.288597,68.30911,62.516304,142.2378,14.922202,19.14158,8139.6733,23.422043,5.58295,11167.934,361.9637,0.38686717,7
208.66449,68.041504,348.25125,391.33514,679.4944,77.46112,69.426865,1193.1362,22.821074,21.737442,149575.69,45.862267,6173.1562,28.205032,26.419312,0.66290146,7
124.492355,116.8678,55.63104,355.5338,420.5644,80.66029,63.62563,2321.23,113.00413,18.122278,142.44229,22.940998,1.6643014,1.6523488,9.529133,1.2834027,7
372.48337,114.400345,126.84074,802.57434,520.74414,60.012558,68.795975,76033.836,20.698933,2.3276873,2146.125,49.98942,199.60498,1.1462003,69.68451,11.4073925,7
60.43054,88.67782,184.21152,235.02219,115.71311,74.12955,68.970825,965.268,32.34906,21.184938,467.83008,4.7459464,10969.595,13715.435,319.7154,6.5283313,7
71.96518,97.64551,9.342309,116.70565,16.183405,58.252197,59.04972,71.00247,20.494862,102.67145,11203.374,15.373467,229.99623,0.2751943,1.3349817,0.025598831,7
67.221695,163.19577,14.428697,540.2841,21.690208,78.189354,59.985126,37.0563,113.5669,5.733736,261535.22,45.55319,14647.588,0.64106625,1.292583,28.262442,7
419.39728,166.01474,8.053734,651.66925,19.082865,73.41713,63.56255,361.31732,59.65764,2.9015677,2215.1208,5.654117,259.6269,1699.7452,30.434912,0.01253836,7
156.08806,234.9513,414.2458,1378.5356,275.78485,63.141026,58.609177,105085.8,122.50661,485.9128,1647.9102,127.2826,1.2953146,0.56007135,11.889324,10.351137,7
229.72565,230.39111,236.4751,322.86874,847.84,69.330345,62.5914,988.0673,154.45883,5.6633043,336.83237,26.530777,0.22132963,0.97568405,29.37099,7.3341064,7
106.77745,131.42026,491.58685,176.24283,390.27286,71.18553,64.83759,34.903496,67.33773,23.261522,344.14777,30.207474,12189.508,12532.676,202.97519,17.489414,7
293.04266,365.71008,116.690834,293.4556,53.713867,72.7627,61.320972,815.46356,11.959985,287.833,582.5895,31.081356,12836.33,0.34864706,46.152065,0.058523804,7
585.06726,94.48129,13.111486,725.1116,25.046501,78.28302,58.105713,48.93229,131.3897,140.32466,16708.855,14.069351,1724.1985,7750.7153,11.831603,4.7103806,7
249.09792,189.91061,16.360409,760.78577,17.508402,71.14967,59.55649,2003.8976,127.91561,798.59045,9024.301,25.608727,18905.129,2.4172025,27.378197,27.808056,7
192.20872,281.24045,469.5423,189.28397,109.97657,75.31535,57.066326,12.94283,132.58987,28.038092,31965.086,11.240793,27.909916,0.14754346,17.599781,27.29493,7
299.00116,260.63373,178.55981,210.24261,68.49444,61.74603,63.750492,6461.443,146.87057,0.11421346,770.91156,223.13223,10957.664,7168.7593,26.008564,22.348967,7
351.33386,345.39243,196.32198,95.7498,97.399765,91.47902,57.873905,258.5441,57.128822,6.7144403,456.58154,5.0000143,3.3907244,0.46457523,61.900455,8.562721,7
443.6974,116.77505,7.522614,830.6618,8.062231,57.490417,62.452217,1803.2599,81.940994,44.801247,3683.9292,25.302872,6.634161,27.251013,67.46007,8.716451,7
221.03223,374.68158,251.48192,573.6215,95.87269,68.27145,60.665707,13348.169,29.429127,15.124575,447.69046,15.786364,25.361956,12653.623,65.72846,0.033026334,7
254.46529,195.45158,18.953806,210.93283,14.328432,81.65452,70.14795,246.4454,29.330042,0.29955143,3493.9382,7.312847,0.21985108,0.42408672,34.86171,26.848448,7
265.77313,90.104935,389.23932,358.36816,245.91571,59.78446,64.79488,42.51704,14.039897,34.71478,2760.0742,28.257713,0.7786686,14632.996,36.848557,1.5526774,7
92.559814,93.24511,41.17914,311.5142,36.579903,78.50077,65.17222,1688.0886,13.474291,15.055256,1396.678,68.98417,765.3597,33.95139,15.503825,21.084465,7
62.89346,112.94549,162.86078,1235.4639,905.28284,65.92929,59.802605,19617.283,11.580532,105.94163,2085.7795,46.487534,18.340633,2.2941937,1.8990899,1.1047077,7
460.40222,321.12296,66.80182,183.2402,32.967216,66.88861,61.666615,18689.428,24.364233,28.760366,10591.125,30.775934,33.820946,31.083406,61.287548,2.2618284,7
108.9601,118.60715,34.80198,193.9595,31.46586,66.57975,67.25983,1596.9719,116.891975,16.455166,37599.33,10.244072,0.3062891,1.6966808,8.621738,7.0606265,7
65.470695,75.97793,350.33246,160.0969,199.46997,93.067444,58.774776,196.81665,122.55114,22.652094,14443.317,32.775406,8238.469,244.35638,46.214275,7.7725687,7
219.21664,293.74188,95.114235,1078.6953,106.30205,58.279015,66.78116,917.8409,29.515532,0.18430452,3091.8848,1.3550715,119.88698,76.53999,23.066175,9.945674,7
180.95366,343.589,291.73322,396.9433,290.94046,57.108593,64.54584,4393.0693,88.060844,10.3278675,777.0084,23.514732,4295.8594,0.25065166,18.227512,3.1586463,7
84.16196,98.520035,92.890305,461.51157,845.687,58.147526,66.72282,1421.6652,73.98513,906.70917,568.42926,19.918116,1040.4796,83.63507,21.085037,11.312901,7
508.6988,319.8509,24.968342,181.40234,1750.9185,76.065704,64.079124,5179.9263,150.64078,146.95782,2983.8809,14.136019,55.63139,15.644326,66.58236,0.09507789,7
150.7969,362.2397,71.40937,713.0823,1108.1362,60.194836,59.07154,52373.477,38.837795,40.920013,1807.058,13.860127,0.17012577,2053.5808,71.46827,0.8225181,7
504.7892,403.33646,8.330455,90.30194,5.7557077,88.58516,61.055187,772.9748,12.698658,2.3640323,833.1997,2.8759294,215.04668,16.398691,57.360565,6.5896544,7
574.0549,237.43137,23.33604,106.1222,37.01069,75.33934,74.028656,287.483,58.281925,40.08381,247.29651,14.362534,0.65390885,0.14662445,140.9959,4.7930126,7
367.69608,204.20235,13.577989,297.61505,14.205088,82.15468,64.84099,246.5587,108.50519,156.74704,15382.669,20.243876,128.60124,559.96716,60.60061,16.471699,7
348.9891,64.34976,464.05588,262.09283,233.6818,61.758835,65.8777,19671.092,15.043646,399.03207,313.72028,27.338724,16992.582,4.9100304,60.93065,23.42507,7
155.80211,69.47762,249.4656,546.6388,1100.4624,67.05271,70.02717,1171.2429,17.583572,1.2116591,306969.0,29.154932,2873.951,16608.428,75.01058,8.43889,7
380.69818,103.64186,9.915431,85.52496,24.005981,70.20653,66.373024,49.610886,14.919906,46.651905,6197.823,48.319954,820.8919,2.7978296,60.101444,0.095556416,7
121.617546,310.1658,6.621438,124.748436,16.242579,68.03522,59.379166,555.49445,133.4435,43.515244,6377.1504,7.5791035,0.53668004,446.95956,55.166515,7.320707,7
62.513184,68.75685,7.7745957,90.34353,6.6894593,73.87098,74.61088,95.329605,106.87607,21.288082,3856.7197,28.757755,1.6184791,26.343695,13.469687,0.9871125,7
366.61365,337.75635,438.78546,138.72148,751.6731,66.19765,67.60997,1831.2753,101.01751,1.6414074,4987.5244,143.24713,0.1762617,12.756943,45.156616,0.027992344,7
500.2478,59.72921,9.59899,556.7066,11.842119,57.939014,67.5366,90607.28,109.04681,0.056533344,3205.3345,29.13717,0.23229507,732.7332,29.401245,1.0638046,7
422.2771,166.18494,10.888317,120.85765,8.506423,92.22141,62.408028,116.595924,124.29349,4142.188,2824.3252,27.540491,66.92928,490.4961,56.16898,16.855883,7
94.8705,78.424805,499.6683,470.85986,257.8275,72.74445,62.964672,295.76886,11.462881,0.18475214,288.01654,40.15515,140.62912,0.26889706,3.6784868,15.219757,7
272.00378,58.982067,19.50645,121.36434,37.911125,62.68893,65.314644,23.69662,14.381226,8.219749,10348.789,13.701204,9.40615,4399.657,43.577515,0.2768037,7
576.1245,92.427,13.807431,916.583,15.169667,81.68168,61.566948,385.1454,24.505672,47.487274,10002.13,8.197465,253.98894,0.44434896,185.3295,15.773054,7
129.32413,207.18103,6.5693483,118.46744,11.0101185,85.368744,68.38484,378.67325,151.14996,120.72577,9057.586,14.189642,0.1772566,4.8294754,16.100166,0.292334,7
140.14323,102.9967,526.30237,480.93408,219.83359,85.11406,63.555004,706.5802,17.936735,67.487595,10520.159,18.763393,486.25516,10555.175,78.02316,0.35803637,7
153.07028,97.90484,409.14606,1543.1338,110.35176,58.515396,59.876583,2908.0327,19.537594,4.442779,8739.467,1.5656738,9341.759,293.9615,71.83402,15.306915,7
61.067142,211.03563,160.14821,223.65578,676.3202,58.21932,58.94458,5906.2637,128.2043,152.73563,11421.734,14.371796,11087.781,3.2389276,2.7524512,0.46149322,7
238.72403,58.77207,117.31023,214.39319,839.6394,59.183216,66.75453,53763.227,78.2045,2.7091203,144.03513,6.869779,0.49314559,1.0527598,30.478374,0.23686841,7
356.3501,199.53345,9.74732,248.06183,25.562798,62.622124,70.36551,19823.7,14.239217,4356.106,2367.9626,28.699577,6447.665,14561.618,30.473173,1.316365,7
117.54667,392.80835,241.91476,392.81323,503.0908,58.41913,74.91398,663.6233,39.416557,0.908274,10039.691,40.02775,21.100502,3369.5889,63.522755,4.5009146,7
186.65556,65.803085,465.34116,429.59393,591.94257,64.10837,62.80027,357.84317,111.96677,0.1462061,8323.732,3.9504263,238.36252,0.53321654,19.426334,0.34133282,7
174.34512,251.28696,7.665738,76.81616,20.174519,61.955757,68.99194,342.15735,14.570506,2.1685617,11153.169,1.8073156,41.36459,20035.61,72.94146,2.5925567,7
330.4411,160.2423,206.52025,967.5708,173.14699,79.57991,68.75848,795.0885,19.206,8.213869,97.89371,37.4575,24.953474,3.1325588,55.631603,15.773682,7
105.784485,74.92122,36.026398,232.20084,413.43317,58.940266,71.50331,2564.1396,152.224,150.97977,13251.941,15.651436,13225.363,4.053919,8.425121,2.7908719,7
123.06476,111.52168,35.27252,121.61848,21.126696,74.11525,60.516598,5931.4546,25.888193,23.399332,465.72736,35.295193,18676.58,36.651028,14.985496,10.721766,7
61.7653,59.76142,278.16782,283.07928,635.83496,86.61343,61.77021,552.76746,43.08224,0.46024132,87729.484,31.77875,3481.8867,0.33316162,0.81720734,10.442717,7
281.98526,215.20898,30.443989,177.1741,50.525063,61.707176,62.820503,26530.64,18.785175,1.261488,60224.48,93.882744,0.7958758,1345.1323,34.912537,27.93525,7
73.08605,89.32693,28.285915,181.68062,1068.1068,64.45863,60.516834,259.55655,106.53377,0.20430802,5005.3965,0.08575645,8.552943,4300.6484,192.1784,0.047073327,7
78.5676,79.02717,12.759446,447.4787,31.305119,63.143623,60.786648,37318.04,64.353874,1.1736526,24227.188,0.8693906,257.55948,4.629384,6.2892504,16.562996,7
71.3812,200.63419,45.996555,181.14447,43.07206,78.55971,60.998222,2206.602,17.191002,2.9896512,20983.434,83.27457,481.4475,0.2502644,1.3206629,0.9294846,7
383.06262,63.459343,110.94365,96.30467,867.00977,84.787415,62.320015,1854.322,14.3145685,118.52573,7773.466,13.504583,33.626682,13065.064,25.066542,0.21094885,7
203.95416,239.43816,93.56842,206.89145,83.53622,75.34596,66.197105,606.48126,80.32517,5.5007052,79983.26,13.547667,257.66156,6645.626,54.58383,25.10031,7
497.33865,59.05659,389.39417,145.75244,120.40376,68.74976,58.67038,5686.541,43.26519,10.460482,109.64754,11.326597,12086.788,0.22232348,140.25311,8.428655,7
78.80245,86.81737,540.0924,155.02815,275.8725,74.09462,68.02004,8300.123,48.997036,18.985882,13431.445,28.7985,937.52844,950.64624,79.03842,8.522706,7
76.852425,63.752068,504.6009,304.54947,398.5667,57.31775,62.71779,48763.125,18.0364,0.6271075,4631.9297,14.816992,11346.068,1733.2869,130.57753,5.26956,7
90.140175,104.74483,491.05115,678.00433,322.29828,70.372826,59.166317,136.41978,89.35221,506.92307,10521.344,32.119835,3.4755,108.09034,25.1101,8.846251,7
535.3335,73.51073,6.394082,95.422165,9.523532,76.32318,67.84462,2221.73,131.19307,5.533042,67.3743,23.479305,3.9099312,747.26404,25.1253,1.5715626,7
71.110054,76.71982,7.727649,1236.6371,20.588863,57.59943,71.948654,57091.22,42.146168,4.892592,5269.9673,44.357365,86.436264,15.99739,12.650813,20.613436,7
131.4469,64.420944,400.21686,152.49852,182.84407,68.49762,59.6167,158.01596,34.222317,30.29914,8721.265,32.00709,0.95067966,14625.141,125.92471,22.23696,7
102.13977,255.52924,8.693883,201.95087,7.13224,78.68013,61.29438,149.48065,19.413935,101.19873,3040.164,31.506136,12532.4375,4.470091,11.906462,13.843492,7
103.637726,100.7375,6.4378514,148.55971,17.28399,66.58178,69.52977,12687.847,114.863945,35.3953,22919.791,31.338364,5214.4194,1.0916591,6.3919387,5.349765,7
220.06981,89.85757,569.3956,378.5431,188.54764,67.683,58.793167,29.978329,34.556667,1.6796215,757.8401,17.164461,2383.8071,267.77344,55.813988,5.738385,7
240.35066,63.356365,23.234005,513.0321,19.55745,57.728302,60.611332,181128.4,78.52106,2.9730043,357.55634,29.86629,3543.5627,1.1160815,26.841496,0.32061678,7
60.935875,307.17523,65.351974,94.25224,38.738865,78.054665,69.29712,378.2211,150.43513,0.085747436,379121.44,19.12139,18024.512,9546.502,253.7629,7.919759,7
390.07367,175.53609,11.2503605,98.207275,11.428069,61.22758,60.101616,224.82303,13.754883,0.6630777,652.7036,83.19829,14040.443,1.1626592,84.6942,27.29107,7
106.25074,309.91428,175.19373,90.709305,119.31829,85.40733,60.980545,1415.8904,22.197409,0.8274759,149.8305,8.194711,34.041435,0.40603173,5.0981827,2.0804398,7
442.60306,212.5325,8.950475,456.61493,23.914436,58.278053,61.670258,237373.12,17.415712,138.0073,175.59317,12.855736,9952.001,1.1437856,106.40038,0.4344078,7
498.84296,63.334583,198.96817,92.056595,137.74704,65.21982,65.45238,19.01608,12.849857,40.78563,1006.85614,27.884148,17.01519,2878.69,19.19506,23.551056,7
534.7576,331.37946,74.789955,1194.9637,53.374115,62.567085,62.221207,650.56537,60.489033,7.0638695,594.67896,136.37039,1.924336,20.216476,82.49483,27.141214,7
186.21405,170.13982,304.54596,87.12939,784.5512,71.582115,58.296684,224.50581,26.579786,6.0617876,417.69382,28.446465,12.24859,252.99884,48.14798,0.7734883,7
264.78604,58.712048,122.70748,181.76218,112.39339,63.623592,58.265873,5813.5654,40.80205,1.9390118,85261.08,72.363556,9.232727,422.40063,36.298897,0.007995269,7
93.31281,118.31242,16.7543,483.88364,10.548578,61.44677,61.388287,71336.984,147.55179,145.031,6322.6167,14.840575,64.234505,15.404383,14.666967,2.837194,7
80.67988,69.33565,56.153416,202.48431,733.0254,78.25052,62.677696,1840.5168,116.47442,377.5241,244.51743,21.627039,11412.827,3472.2014,124.84273,3.0274816,7
65.17755,93.77092,8.399268,207.1055,14.021499,60.499794,58.593037,2241.2192,24.700459,4.6241603,1282.3712,11.462075,2257.5159,9.168488,5.379524,23.199951,7
63.61518,83.97086,32.81734,349.62555,1107.4209,85.299164,69.75175,639.8429,125.32069,24.379694,312.4066,26.576012,853.12555,568.09753,53.041977,4.433843,7
376.73364,84.651794,6.752847,203.68098,16.962095,65.76762,58.51273,599.01666,20.769712,502.2118,1354.331,20.817589,0.5907218,15133.166,23.237476,3.4279416,7
175.40112,213.3422,14.694124,250.32208,18.20979,58.115185,57.78341,50261.86,16.286577,31.082619,2488.006,28.42278,7681.828,15779.46,88.359085,0.056040075,7
79.902,80.69079,397.4499,639.05676,110.63438,76.826775,59.625862,234.50955,13.44724,12.322872,18202.846,108.30299,616.8382,0.576863,1.9173589,5.5871725,7
71.00093,209.45087,577.7846,239.06102,220.2379,61.529846,65.12305,150.05391,14.365882,1.9500463,115.66098,6.382985,463.7996,134.55399,37.836994,19.86185,7
295.66034,241.87225,11.935592,178.14323,6.64727,73.819374,61.902313,800.5683,135.00052,17.305843,1557.063,73.708496,137.02686,10538.074,45.723747,4.348273,7
125.104385,300.72888,67.29239,118.34969,55.15741,80.14966,72.115814,98.68631,13.983687,130.08061,110.22111,21.133417,587.8696,23.972265,14.372042,25.752565,7
520.4581,61.223072,173.57076,449.94818,68.310104,57.750065,59.722466,322520.06,32.700214,59.60028,1374.7446,12.74189,28.234354,9711.079,14.15408,0.4963709,7
67.009796,266.5335,9.038658,102.13214,8.951567,77.2389,64.15107,199.61914,95.2393,63.473545,1504.0763,7.641681,3.1122992,88.02013,20.62724,4.134909,7
112.68092,345.3475,11.704687,70.60629,17.750984,68.67953,68.22347,1723.7937,38.718018,806.0342,333.35074,31.226091,2776.0046,185.3423,20.86616,28.015371,7
159.00177,198.60007,345.88617,852.0416,261.79428,72.94597,61.569065,57.677776,14.720466,0.8308129,3001.8599,138.35426,206.86122,8.270963,14.856248,0.08668998,7
384.01962,288.88965,331.9086,82.10937,90.015015,68.44799,60.674557,183.57672,18.096077,114.21456,10068.421,12.716024,180.47397,1.2045678,83.192505,1.5532603,7
85.335464,127.87112,144.6955,155.63547,672.6647,64.04327,59.924324,34793.258,110.892,9.626014,830.06165,110.5984,635.79913,774.03174,55.182053,16.884834,7
104.26503,91.07628,129.26418,370.14386,582.36694,59.650177,70.52194,39820.383,111.942314,0.14677995,38114.055,71.44294,72.19405,4.189677,11.386393,0.02908523,7
358.92914,70.71092,67.08472,1011.23224,71.01947,77.82141,60.779224,2282.449,15.535516,44.871964,82.2518,34.008675,3.6671069,2.896201,61.216457,0.0062810704,7
66.03725,63.14861,549.4752,141.36497,367.1966,67.103905,61.473545,13634.325,90.81979,0.3002433,5733.243,90.04618,18.25183,1.3834176,1.872768,3.9795809,7
553.7546,324.46625,104.19754,1018.73065,515.4039,74.22935,60.24411,4745.792,134.23427,193.47159,12089.763,15.835663,0.48979595,1766.6125,23.833487,0.3436351,7
107.01782,350.59607,583.4224,209.91006,149.62021,61.4633,59.12542,46887.266,94.534355,0.17973243,186.24199,2.693067,17763.883,0.25030902,4.2659945,1.227768,7
106.84248,297.65222,212.43712,391.27005,699.1384,65.581085,62.199024,26931.164,12.867726,7.142371,267.59048,2.7833958,7.462811,2.9165802,8.160129,1.9005466,7
239.67134,174.47226,268.7015,107.533554,987.9555,74.75364,62.04158,56.215015,35.420425,4.858711,1077.3961,176.40764,1252.5791,2.0168986,39.12821,23.880999,7
94.37018,99.74396,522.0609,697.75934,417.66644,82.02215,66.32295,1523.81,15.122256,17.052282,6222.625,67.35311,21.519617,130.69786,23.778042,0.45189315,7
279.53012,364.13306,6.992462,733.6974,17.58035,78.6169,67.8948,9018.631,16.404545,0.09276253,665.9268,7.4082556,0.9612257,2.2543883,45.18933,0.7222544,7
94.40534,273.99847,63.33032,366.0969,79.271194,56.87802,64.789734,1722.7578,103.431755,0.54541224,190.02435,8.785764,4060.459,58.197044,26.87317,21.978302,7
312.06158,170.0849,20.233849,455.21814,33.921734,62.074295,72.43664,558.4005,13.227804,338.49133,813.738,15.013132,426.26218,1.824917,51.376747,28.514593,7
195.29951,130.65007,280.2448,421.86615,261.93228,64.07078,70.248474,325.69522,51.019775,0.051768098,29374.637,48.46558,26.783363,1544.8135,57.435276,3.2377737,7
445.58307,145.30646,359.92407,72.757324,203.1594,60.79145,60.583897,51.42802,42.044952,15.856577,2677.944,9.537496,218.52501,2.8167138,87.734406,17.20908,7
100.60481,121.99941,353.3591,199.32338,141.91707,60.37912,61.459396,17983.645,72.23015,1.4113845,435.06516,71.941345,235.80725,1351.2461,71.07365,10.202951,7
424.14636,287.11197,21.327774,293.7271,10.719625,63.64754,59.90704,1525.1855,114.73154,1082.7004,1166.3115,19.69622,7.4080515,0.2608735,105.5995,0.061396576,7
357.4377,173.9204,27.78879,321.90497,20.692327,57.039528,59.682606,20534.701,31.89598,3.4644065,4865.343,4.767507,411.8964,276.21597,30.110504,0.1422409,7
82.10275,353.53723,22.483261,84.425705,31.24007,85.68015,67.62002,1476.0469,16.220423,48.749733,6450.464,22.667664,1.6690919,0.43446106,3.4109333,0.1183475,7
480.6088,115.85261,33.23077,307.04285,1528.041,68.722466,57.962177,32.90703,32.49492,0.08146947,2821.4421,5.4269185,1.0381697,21.847233,69.66954,0.05719125,7
483.41382,407.1407,6.9068837,134.81277,17.49583,82.027534,71.6496,4123.867,125.347855,3.7599363,204.27252,8.46089,1251.5735,4.882499,73.85099,17.380507,7
79.36418,127.73637,304.34164,211.8585,222.55298,62.777702,64.9188,21579.195,15.776438,49.134544,16083.2295,30.750595,262.0769,12.302293,11.810731,0.8878219,7
95.554855,61.447487,297.02884,330.33966,53.128437,73.36981,61.925983,52.53092,141.03761,55.007336,7139.881,41.59959,707.8361,34.54607,12.142427,0.13564701,7
271.1178,283.26736,267.8147,199.83469,401.15002,64.054184,59.434757,1130.5541,71.38379,13.686392,114.95708,13.472334,20831.63,64.2383,42.136017,15.597479,7
74.754944,123.51263,7.6084294,71.397705,6.4961586,76.41217,62.027874,158.26477,135.1765,15.222933,7828.9067,31.377483,8134.388,15359.639,331.42447,4.439061,7
64.24819,198.22256,7.826703,71.92821,7.958603,67.42003,60.744385,114.51139,32.69504,50.206738,22242.45,10.836242,738.11816,30.413725,11.2111635,7.396324,7
126.165215,405.8947,25.25834,305.7714,1048.8707,62.53669,66.27412,10736.842,72.19255,0.060701318,210.66983,4.2250304,23.514143,1699.373,61.635635,5.1801805,7
584.5781,222.59424,364.74243,410.12646,89.212906,75.28417,67.30362,2025.4589,42.382816,20.459175,8422.785,23.617847,74.3087,3.2002347,113.75367,27.116917,7
486.97107,193.69446,113.46119,371.10873,52.354523,72.732216,59.806347,5973.173,83.01661,0.5138492,58.846878,33.162086,0.6367777,5.9247637,83.45253,9.045434,7
352.1882,380.87967,7.4536314,91.84416,22.133055,75.46357,65.68114,334.0402,12.338949,20.11176,213.88467,22.0775,1.5164261,414.60156,37.30989,0.04762951,7
61.820694,211.72943,11.799637,65.62507,11.765089,67.81515,68.987206,196.28998,16.57343,11.79816,129896.12,27.806696,0.13835774,0.15193903,1.6470914,0.2142787,7
560.7694,256.81845,86.779526,1234.6653,58.558605,57.922436,71.18819,59662.242,13.646746,3.362892,5664.67,130.85664,0.20785247,178.1547,38.567463,1.6971121,7
508.84003,86.51251,8.665792,322.40884,11.440731,58.142647,58.82525,106159.88,14.419786,0.84332764,8871.591,19.89457,0.18060961,383.88855,33.326633,2.0246868,7
316.23267,76.29967,21.834206,1352.333,43.408676,63.871387,69.60278,5414.173,78.46049,10.00574,3842.039,32.060844,4.4498124,3.2420065,49.681305,0.60628676,7
156.6447,364.6521,12.996864,213.82104,27.633314,75.64357,62.37209,32.432926,120.3526,43.624664,139843.67,17.921165,1.4637474,43.61512,32.37013,0.12340161,7
457.25626,58.36246,183.93484,92.79646,97.38151,95.32919,58.41808,45.50287,57.41463,852.5552,4629.266,21.153875,1330.3214,2.2014284,88.95924,0.27219695,7
387.9096,132.65977,75.76467,441.86673,94.64439,69.627396,71.450195,179.33585,107.927795,4.1934185,2051.4863,10.72064,11087.105,0.3870522,72.044754,16.222286,7
251.60655,101.61091,9.388829,272.70438,25.338572,63.5918,65.23836,27837.62,40.932457,13.327256,74404.43,29.27925,1082.9614,1.1400683,31.782658,0.34432092,7
406.38354,275.2955,23.646177,227.7106,1318.7673,60.631077,59.047115,42899.605,34.966835,674.6992,9629.619,24.694473,0.31129488,1748.5317,24.229279,0.112572044,7
106.129654,271.63797,351.41083,127.58023,140.2587,71.70144,65.636475,639.5123,54.353325,145.8237,9698.814,15.747828,5.122078,12384.8,174.10649,1.2289728,7
470.57126,136.31256,9.570423,266.4988,12.589439,57.935867,61.966984,89251.46,18.993645,156.31279,3233.6362,11.208547,1.1419243,3338.2979,17.275393,2.6812227,7
223.13394,231.52705,41.460884,527.01917,871.4656,66.24137,60.41674,10237.766,14.928881,31.184605,9606.117,38.74541,11.969508,13.317261,22.910782,0.17402685,7
538.12195,248.6861,17.300652,63.887722,10.007586,69.39084,59.76655,36.45069,34.018375,0.16209099,333876.25,15.025445,41.928852,1795.2953,21.860865,1.5045226,7
528.15063,61.037434,6.9137373,275.69168,14.268748,57.588478,63.29125,50652.984,16.506437,0.9989694,876.7132,7.7572155,683.8025,9025.541,16.467916,1.9149122,7
494.67676,62.324062,13.41961,685.0327,14.205309,58.325447,58.780678,97865.14,83.052956,405.6063,1276.1426,33.490215,4105.839,0.36305082,135.96121,0.08767673,7
246.87088,124.628685,17.784096,74.602005,9.072116,85.78516,60.34284,446.54535,66.46815,14.050141,15374.515,10.621458,6184.873,0.23509148,32.627876,8.981861,7
61.923073,96.32551,148.97212,102.53347,1017.6017,77.25722,58.861805,367.24295,39.78756,35.829597,8882.233,30.645617,0.2319253,5606.139,253.86143,16.864923,7
63.305138,286.53717,101.832695,70.77308,98.88225,73.41184,58.10622,131.0733,88.00731,11.939685,94396.766,24.48005,5793.377,69.491776,15.380929,25.152857,7
65.427666,77.679504,313.16998,95.935074,348.5488,63.028633,64.471466,1349.6061,146.49545,127.98805,40780.35,60.63725,1.3180155,0.74714273,1.8437645,0.029007722,7
59.88233,295.0678,211.75125,555.4629,104.65264,58.40295,60.24741,28480.703,125.07349,11.71011,33565.113,19.11221,8403.222,4504.8794,231.63463,1.4709523,7
233.46793,323.58282,19.958607,1591.2849,24.920458,58.46374,63.97476,1335.6843,56.92374,69.80173,10495.886,30.210808,14826.382,0.32395518,27.126102,1.9372745,7
114.8234,198.06418,7.260586,289.069,15.445045,57.31867,70.68798,2902.5962,121.432106,0.17325047,407.5938,2.9410548,13.94026,169.95255,50.092934,0.029366605,7
168.59291,61.954258,301.10178,798.15326,949.7677,62.856,63.43725,721.0557,19.217936,9.3530855,1832.1666,2.0523276,12.683865,11465.393,71.54772,0.28729343,7
502.9091,396.58102,14.371939,935.318,11.603789,79.24727,59.377266,2696.9707,67.79651,0.3337701,4052.859,242.27039,91.495605,36.489357,44.222607,25.75527,7
82.63788,302.2739,297.47128,327.92297,688.86487,64.12448,65.42782,502.9216,152.4181,197.37595,29085.03,58.806366,126.05212,557.26984,83.49914,4.2370076,7
435.5518,153.17352,44.38814,336.66293,52.450752,58.452766,63.933437,2037.3995,13.675958,86.74914,288.9744,16.085552,8062.0303,0.27057573,106.89084,22.069511,7
512.023,208.12352,11.536995,311.2026,9.16051,63.015934,58.890182,73.166534,59.507393,3.9744127,20454.445,7.32699,693.08435,65.55826,36.721832,0.8704475,7
235.93602,63.044083,7.750825,324.46906,20.390713,57.129627,71.868484,663.67206,30.014414,19.155031,98106.42,14.153355,2.050413,42.129456,42.621323,8.820377,7
90.557724,179.6069,47.987614,217.13397,51.93462,60.895752,58.677235,539.254,40.858192,196.0806,18448.93,28.14239,91.15552,0.37843776,3.0795572,2.4896884,7
282.16492,207.79152,7.0433855,318.9591,13.738478,62.09484,69.048775,2655.296,13.529843,25.161938,93.90474,27.495195,452.02237,10799.223,26.841053,0.37682962,7
69.71083,242.23454,26.164984,199.14989,18.619432,66.91594,58.409836,507.86026,28.783052,1123.236,3702.1355,33.59568,90.47887,14.969625,6.3882213,13.867016,7
62.12346,188.83545,278.69586,414.9846,821.5812,77.78064,61.905285,2851.7031,42.723343,78.70578,16050.759,12.23907,3663.949,3.148019,2.2978702,8.49538,7
134.55676,62.23493,46.06778,308.50842,1314.7578,57.084465,61.27549,5936.792,14.121793,76.5617,25468.865,12.022878,21833.223,83.09072,41.37366,2.5947716,7
109.681366,153.33638,22.848265,112.990105,28.050993,85.9742,65.86329,80.01565,106.7005,19.479101,99.53003,15.554126,369.52744,162.25565,23.642464,11.48462,7
167.80411,62.19764,6.8645387,1177.682,16.177313,57.81498,75.13449,484.21207,29.391592,0.86609876,1494.2085,35.36406,9855.455,91.580635,21.3836,6.997536,7
131.9038,113.07319,17.14106,369.7296,9.635029,84.20782,58.667534,200.99911,104.72274,71.54087,66691.14,14.8948555,11576.735,1.539829,10.684439,0.012832352,7
175.13242,144.19676,569.8005,850.98474,177.02957,83.40277,61.275105,3242.211,110.881805,137.06839,412.5987,13.2204485,0.5285281,358.53616,35.40749,7.214548,7
474.56,95.084404,6.9497757,450.61676,17.066462,60.566135,65.447365,28495.863,17.366531,9.873472,262.684,38.1818,7.5217524,0.16974992,119.333954,1.2497735,7
182.2554,338.9679,522.7877,580.70166,249.66621,62.98081,61.274273,52858.008,13.859411,26.33242,130.42967,28.311705,10.297339,1.7735267,22.350945,16.473156,7
267.4856,196.04639,131.87491,1359.3218,59.286877,62.662212,58.329887,3666.9595,14.107472,1146.6057,22152.709,26.3255,16817.217,9653.326,45.922226,19.801237,7
62.011707,221.22913,18.517693,272.00327,28.415604,59.147583,58.667873,6870.878,15.131727,226.6337,1724.8657,11.631306,0.26211894,1368.9897,105.66138,14.961415,7
224.34114,60.99769,10.918993,190.55128,28.953032,64.03548,59.63676,625.1461,112.610855,25.869665,843.502,43.92627,409.49667,578.2255,68.687065,0.08613738,7
171.99194,68.24843,469.28455,1201.9724,261.22,63.25533,69.31013,9591.533,13.190056,3091.3333,1251.7611,37.893696,0.5152827,1442.9661,51.340706,14.368216,7
329.0935,293.3882,120.572334,607.11365,43.131012,58.39247,58.877247,146220.6,49.017292,0.082066596,5417.0967,173.5497,19.991722,439.09277,32.025253,0.012716966,7
71.993645,185.92227,20.276423,96.28946,7.124761,84.42897,66.022606,2608.9814,133.19225,376.45566,5163.5337,35.96911,11256.068,244.09573,35.601406,20.880964,7
64.25575,123.06866,516.6089,797.0151,390.6895,63.11372,64.58548,3785.4688,13.177732,65.922745,34953.066,24.851427,21245.76,22.335548,11.625721,24.800974,7
82.69377,113.28138,170.7573,155.37979,64.51278,77.9772,65.539696,1594.0852,28.307903,707.71954,3044.2302,27.364925,11542.47,2.951188,5.8653307,0.011567684,7
94.77719,74.391914,345.21805,339.60104,149.73552,61.677193,68.22192,6735.6567,14.561465,15.351804,134.12901,29.33718,73.64558,13839.451,205.89659,1.9713137,7
237.0902,121.9066,558.6334,349.39755,255.63972,59.953644,67.72887,2189.0256,25.702862,55.872234,13048.9,19.691261,4326.311,7.4048443,47.98141,6.9879775,7
430.95697,152.34818,52.28396,184.34784,729.0565,67.015274,59.851944,1245.7262,99.54575,23.307447,800.64667,31.405062,185.1661,1.0988238,101.38267,18.151073,7
71.062065,65.066475,119.19294,186.08698,50.751778,81.89671,71.00464,4839.5664,21.796309,13.800319,8174.864,72.38263,1.6150068,207.06361,36.4024,0.18835145,7
366.068,301.599,410.0269,428.75336,221.6242,58.54929,69.7996,25050.879,115.48066,38.58354,106373.62,59.16881,0.12614414,5501.2646,20.938347,1.7800179,7
194.8852,73.45096,7.1884885,156.14253,22.16612,80.993,72.887146,1516.0204,15.295093,23.041372,119.12779,15.971268,6.7065907,526.2855,54.8543,2.8395212,7
532.251,135.28355,73.42895,648.97754,399.7524,77.42883,59.46237,1783.6721,94.36809,0.35938615,734.3251,6.853815,7.3804865,4428.681,21.668747,16.36079,7
278.20627,111.59205,238.14507,273.43478,1224.342,78.52929,72.035805,621.5035,39.202087,2.3317142,704.52844,5.0115705,10825.943,0.37925947,42.462593,1.8189516,7
597.2562,69.10835,282.302,180.8821,284.06564,81.12596,58.879932,168.27151,92.86806,26.158857,28078.633,36.247017,6426.2925,0.24905379,219.65886,21.092995,7
65.37311,340.6137,22.35474,333.85492,38.76578,70.92493,64.70245,42.165295,17.046272,0.18887526,2747.9004,418.82034,18.747364,48.00996,17.32501,0.20495361,7
107.23339,251.64546,319.43747,233.92082,177.02905,59.009247,64.83125,2985.729,95.18154,0.26790103,24148.135,6.848632,13.028997,0.4065574,5.851731,1.0653809,7
96.41089,267.04953,12.216918,706.5907,11.212972,64.1156,62.872322,458.97327,13.301718,1.1814821,13971.875,49.512253,249.54062,113.629524,33.104324,5.6791263,7
445.01953,108.79899,263.95456,105.29932,315.63193,92.62256,59.034946,147.24306,14.2826605,0.058075737,1272.8297,2.8777542,14480.807,0.4331848,109.04702,23.349813,7
67.53349,255.68536,452.12177,81.45357,522.96783,73.142525,60.040348,165.70952,118.24315,0.08981801,302.5754,35.266552,344.93768,30.327227,11.210904,11.850235,7
132.31001,124.16242,7.2486534,84.47832,11.731,77.44926,62.980534,278.12454,113.29697,35.14946,5028.9233,8.302104,26.232079,10523.742,144.59653,27.487642,7
369.12604,144.38388,99.14698,623.7042,94.83919,59.31471,64.06532,9551.146,14.490648,1.4122928,59.938763,16.720291,248.42598,13435.878,22.897457,12.298525,7
326.70514,145.88728,90.71936,94.96407,49.910065,79.077705,64.33904,347.076,16.608332,36.25963,61769.39,28.563484,7485.613,10.049445,74.03807,0.3115656,7
255.12125,348.77023,273.40482,77.14603,133.45305,66.04843,63.502327,44.665146,20.285496,208.55194,15309.927,20.586496,903.28204,19.39024,42.133354,0.57050264,7
77.9522,71.302315,10.549828,102.64891,28.69569,81.29228,59.70524,392.80536,122.869095,26.898361,744.64435,7.8155165,15984.475,10646.829,269.3641,1.0424038,7
513.8983,97.380806,452.52316,96.48189,283.79297,73.119934,61.060307,357.24753,89.15248,2.4851952,21604.4,43.537983,18900.783,37.89041,41.690773,21.79863,7
129.82005,181.2681,83.60042,209.05887,913.61646,69.02513,67.709564,954.23834,35.39684,43.390617,339.078,8.379309,1.2016027,0.13152012,9.078902,2.3497887,7
61.873257,60.104473,6.972346,1178.3915,11.467915,59.643238,62.887672,1092.0101,73.888405,926.81323,114.79496,27.899612,67.17438,220.77847,35.654037,0.51296705,7
66.03376,197.74568,315.23947,559.1364,805.3695,57.53757,59.732773,476089.06,143.84479,31.625046,9865.781,20.844597,206.5831,7.4444275,3.3548155,4.2863727,7
84.79556,67.35406,472.17297,227.72751,301.19672,57.116047,73.40904,3736.0874,14.854369,15.490873,6478.964,38.067505,1.1465535,2.173933,6.7421784,4.193991,7
364.66956,94.49605,9.618965,75.8974,20.3387,74.76723,60.934578,28.786425,44.210575,8.142733,1271.7435,5.7607946,72.80151,12858.631,22.242207,25.733744,7
64.05977,109.394424,13.74111,853.2767,14.180174,68.2882,59.61262,16462.379,33.49468,0.11310045,8571.637,2.2853785,19738.746,480.37207,52.368454,2.259297,7
80.726395,66.94976,6.867406,1634.48,18.032915,59.167664,68.96706,34763.242,26.342424,132.12541,208.44395,14.803094,2348.3462,0.8103617,4.495448,3.6736243,7
78.841354,62.70217,532.75366,534.6465,553.4671,78.684425,69.22208,151.6759,51.782158,128.31316,371.06543,14.022043,4.881798,9.41904,10.184187,1.815427,7
300.4272,273.35355,89.0392,502.83704,458.722,60.706474,58.975147,6302.0977,72.56445,239.41568,4616.593,39.01174,5.312074,1502.9722,27.666231,4.8479424,7
334.591,64.20251,6.3069167,101.83142,11.057375,84.06102,62.47419,64.38982,12.026747,55.50857,1176.9235,7.956534,6038.512,16.824888,57.975086,1.384723,7
268.77917,212.50543,7.0116587,129.27306,9.216762,58.815495,65.22203,42.66872,134.58688,1.0234591,217.95557,26.133053,1719.1696,3.8268437,38.198013,0.8325528,7
201.91605,84.032394,8.683884,804.9386,14.170992,79.105545,73.884544,212.61714,108.86168,0.29460052,2923.1611,0.83741,663.96564,585.6085,30.051,0.44097924,7
137.72118,86.34604,6.6749697,233.89058,7.3436136,61.446415,59.19409,181692.06,60.672646,5.8220615,109293.555,69.93923,0.63338435,1.980501,10.034458,25.621939,7
525.9869,286.52402,224.54915,137.685,1056.8497,72.94153,58.64745,737.9409,120.76745,37.7736,3358.684,5.4015703,10005.183,0.9762295,167.51096,18.979946,7
256.98187,326.95526,5.994615,600.89417,11.091724,67.36273,70.80245,8456.037,127.331604,3.2520797,384.66437,12.688361,25.820147,0.3609526,33.83927,0.15561372,7
78.698524,262.73013,7.242923,1054.8843,23.938213,58.677036,57.972443,5298.435,11.43845,1885.9094,3606.434,21.700256,73.33234,0.6525198,1.7793751,10.176958,7
139.63159,237.33577,18.908752,74.65387,10.120745,82.72986,57.790756,14.571175,66.73809,0.84080344,103.54755,59.404854,126.49976,0.37468517,8.89735,22.79604,7
78.04932,72.01234,82.89483,84.854,803.92163,78.681656,71.62054,70.76176,18.72706,220.85495,111.592636,16.237494,7757.075,1.2990229,5.1280584,9.656986,7
537.0092,141.84534,42.727158,209.7242,831.57324,62.26068,58.55327,99597.61,26.989796,239.629,10263.518,20.458178,0.6856744,9237.369,13.6350765,0.023427725,7
95.55637,330.17868,41.152225,637.7555,596.59247,75.262825,66.724335,601.0647,54.756565,363.6407,7012.892,18.423508,24533.48,5561.024,106.44274,23.686037,7
151.83434,60.760284,136.47523,311.8067,129.61224,57.314026,64.91283,5555.287,119.56852,23.165737,90.498245,37.545387,3776.9023,54.051483,16.921257,0.13330211,7
98.75312,86.455315,6.035469,117.38522,7.574566,59.403297,63.276966,50.99447,133.15744,30.69323,7002.6587,9.133543,2732.71,2.1690505,5.259158,0.030273564,7
273.81467,82.8155,146.68715,234.28786,1121.1777,56.74636,58.878304,2322.342,62.506126,374.7099,10478.222,27.716543,0.7503985,14522.576,41.07782,6.319215,7
79.5476,247.5102,171.42665,240.27402,78.95031,74.71428,63.00757,252.73602,74.62133,0.6915626,331.46317,71.81177,2.057625,2.1125324,4.6954308,0.032021996,7
139.72087,69.96447,358.4525,110.81434,235.50392,81.95784,63.61318,1944.4663,13.604601,311.60913,11003.598,15.880523,397.38892,17197.424,99.84369,1.0112705,7
110.972374,97.925026,277.9355,266.9101,188.6799,60.13315,58.404026,8426.2,18.119015,22.615446,133.44946,8.156338,2521.5425,9141.232,115.54666,0.56417024,7
542.93,350.4744,410.684,601.73914,301.72025,73.08965,65.26827,2755.6384,120.29116,4.51421,1141.7566,142.89438,0.38797212,158.25847,39.60965,27.505762,7
545.37634,254.334,25.01065,66.82921,27.129778,70.19417,61.27653,167.14287,13.18945,0.709033,88.74626,11.677403,5901.1,0.47744766,186.05843,0.028500643,7
284.81805,81.91964,10.139963,316.60803,6.2129498,73.10284,67.884056,541.14795,11.912248,0.11138543,532405.5,27.153624,1986.7223,4282.5664,52.15513,6.3524117,7
109.47773,166.38364,19.353188,352.92053,26.961342,62.159863,70.72967,28247.738,80.72324,71.28525,565.021,12.452218,10425.916,8.4702215,17.648026,0.580737,7
307.10617,72.40026,286.1367,139.85695,972.54285,60.671352,73.941986,601.72473,148.2402,1172.0778,8918.3955,41.192284,953.4279,9188.873,36.18934,20.421476,7
540.4961,149.88416,156.75696,77.02062,1224.9094,62.912262,60.472965,436.1319,127.25514,0.25326392,511565.16,21.367073,7.351967,15846.617,15.177661,8.0296545,7
523.47174,205.81955,35.919167,514.57025,507.90588,76.609535,71.03287,1918.0482,16.069494,0.58768475,3855.2668,322.59564,6081.9697,5704.142,12.982931,0.68856823,7
501.1897,138.2351,207.50717,114.00176,78.769165,78.788605,64.0624,80.08263,26.70544,47.791916,16118.795,7.935299,12112.465,0.19720426,137.63297,1.6831273,7
68.12069,105.428795,7.618786,365.08252,12.17519,59.39025,69.077576,35829.41,14.841028,124.97127,4825.484,137.82196,3645.4817,7.5014553,5.197448,15.35846,7
86.94011,59.127224,15.785788,273.79724,18.047237,56.998695,74.18671,601.12756,25.584366,44.463425,5864.006,9.188965,18092.457,5620.065,137.93468,7.4218383,7
67.1412,264.82495,6.123307,107.976585,6.700482,82.57975,64.86039,3183.0898,11.506014,72.96388,4340.8496,10.766943,2.7142718,65.50091,17.9716,24.752594,7
93.1024,349.56384,535.8621,226.70914,401.8012,59.804317,57.817703,4443.2964,24.583946,160.09973,12974.677,44.75187,6.57876,3838.0574,132.80025,0.43632126,7
295.67505,110.15081,6.545879,114.26292,8.66895,73.20534,62.843727,357.51666,82.754616,259.6612,126.46062,47.54915,22737.344,0.23652638,46.12132,4.427203,7
60.2659,170.89764,13.3730955,277.01538,11.232927,58.21926,68.09865,480.09396,79.01042,3999.7234,4644.982,23.905355,41.261436,1.738436,2.8759782,9.003377,7
66.24522,288.66055,431.6948,512.95197,315.15204,59.850548,61.653885,125508.79,100.28729,5.6768913,515.5558,21.076067,3894.4883,270.30142,40.026615,6.136107,7
62.183567,379.04095,466.66794,104.40758,813.3581,80.535126,71.68702,135.66835,13.894984,10.153567,181.56401,45.739605,0.15760037,10.333579,8.257052,25.624657,7
69.01218,87.967384,546.90674,745.1893,269.14105,69.73404,63.68655,42.970554,23.051039,14.939336,149.66574,8.989861,0.41372377,16.256767,8.725977,0.29585427,7
97.454865,106.45299,6.0716305,605.3167,8.289916,89.91508,60.66638,77.32707,64.94486,1.3330212,265.7902,10.203199,1.1562192,7.6550527,10.788486,21.227182,7
64.0781,58.90558,7.1659393,348.94522,16.046179,65.607445,72.60807,225.01253,16.11073,307.74106,22018.746,87.95627,79.918976,0.25241464,2.1972127,17.215706,7
304.1706,312.81366,32.282692,215.04555,51.132336,63.779613,59.254543,3836.575,17.732737,0.4155647,5107.144,1.7010181,4649.1533,0.468767,52.804676,0.326272,7
107.707275,63.852707,7.124635,1352.8242,17.839563,62.12099,67.83267,2081.1697,10.879567,13.87477,1924.9208,16.795202,4988.814,222.34,49.462757,15.539242,7
545.0198,58.368717,429.4135,193.96805,358.44427,88.70707,59.349,41.389008,31.12863,5.177347,220.95992,71.81975,25.99726,0.25288165,176.38226,1.2618155,7
482.5401,200.65544,500.25546,513.3425,579.02515,64.25703,62.004467,41.01676,20.28923,143.75613,393.4212,30.401218,6468.849,31.697557,61.444836,4.6910577,7
61.02037,214.0456,8.271025,97.894,7.2660627,72.44974,60.58114,237.88806,134.97484,31.075583,5852.1826,22.39301,2379.1096,0.24967155,0.7000605,1.733832,7
106.19859,128.22118,64.77079,187.75113,38.14881,62.66479,64.86978,956.59753,115.853775,59.649048,90.46243,21.207657,20481.266,8289.419,130.35266,1.6575595,7
522.33685,139.37512,8.0786495,556.63666,8.380351,57.536343,74.22633,4747.5396,38.586052,27.326546,5320.8105,5.352757,2258.1943,1.1802509,120.133194,7.41305,7
58.204212,333.1314,13.801907,163.37697,9.135897,86.84484,63.417095,1432.6278,49.060467,130.6966,100.99422,16.521795,913.2585,12.221459,6.5994306,26.024055,7
128.6732,68.041374,7.921696,953.8085,10.7761345,61.73269,60.419846,97454.59,105.63153,737.3992,547.7675,23.66022,2.6305764,5.4433146,13.676511,1.6685328,7
154.55078,129.95148,344.90997,472.80176,230.89713,85.335556,68.01994,312.46982,81.16368,99.59169,6553.497,6.3182483,33.6703,1866.4703,76.01064,0.022813685,7
246.64606,335.96713,325.20148,269.96375,284.28934,57.841602,60.74989,15464.648,13.606266,45.066666,18135.473,13.15567,19.450445,1486.0552,34.22988,16.4159,7
84.10614,60.770267,286.8534,411.17957,771.738,92.56102,62.287052,302.9355,23.473684,0.518468,482.95184,4.7713385,0.64016616,0.826108,3.203531,0.041160576,7
285.275,59.75748,32.916412,136.96257,642.1535,74.23491,59.100365,115.41897,50.70924,32.0088,12294.579,15.597994,234.34396,0.32171795,44.6369,0.034473646,7
268.9843,58.17012,15.623906,422.59308,20.321257,82.23036,59.152058,650.76794,62.216415,1.0727866,2786.7832,3.5179837,18413.809,204.36435,32.231907,3.3275733,7
67.17308,237.28055,16.163973,496.2112,13.355369,57.565323,59.190105,139757.14,20.16452,18.526363,2419.065,20.986776,0.22284919,8.039343,4.7447457,12.38115,7
401.51416,102.20968,10.99291,150.20885,25.068598,83.787155,68.58911,94.499374,120.18635,257.39136,5763.647,27.714367,0.31091484,8989.972,20.894564,8.183386,7
78.1991,368.66357,429.71408,156.6653,487.6475,63.93858,64.805016,16405.656,86.67561,0.11496957,617.1553,33.329967,3.4041326,18051.504,234.26666,3.4280546,7
118.30377,126.53138,24.578518,321.03372,1318.5011,75.52992,59.186516,161.26697,26.428637,1.6144338,34734.113,123.44187,0.28169945,11.111736,12.930081,12.848236,7
129.6974,73.638565,12.204121,246.98674,14.316628,83.97208,72.77199,2554.1877,67.70138,0.7950789,6158.5,0.252214,3947.2126,11054.573,105.59274,0.04474594,7
77.630554,308.68396,10.980799,167.3565,16.135857,75.546814,69.14597,4037.4897,14.747257,2.8595202,83.53117,23.309557,0.90133905,10278.77,241.46841,5.029413,7
62.205082,231.24881,17.489134,238.55948,33.07674,58.724777,58.534187,6628.508,101.560135,39.442833,334.75427,24.693113,2.0627694,0.46843737,0.92670643,24.783867,7
59.131153,250.90854,379.3366,584.3958,333.03043,57.172497,64.12457,12102.418,13.659777,79.13317,131.5669,17.244791,6907.972,769.30255,74.40881,0.029431133,7
283.03012,60.1759,6.95701,147.16031,17.502098,88.48214,68.890564,62.189293,33.697216,87.85495,16142.825,89.26557,19589.035,1.0683134,47.297806,9.844571,7
440.93622,90.79247,504.96964,237.54248,142.31917,58.157425,71.073204,47242.668,28.212852,41.345726,2737.707,9.505931,3236.4106,20.89637,92.02723,1.0294751,7
416.26974,62.874756,10.460856,590.8942,7.9405923,81.18249,63.815113,2876.1877,133.43881,0.56353223,7534.3496,3.3139372,1607.3992,0.15038514,94.22677,14.400431,7
81.61831,372.27313,127.002075,366.58823,675.4226,71.5205,64.14759,249.12486,112.56871,8.954772,184.03091,12.093878,1260.2731,395.9101,49.721306,1.3600326,7
278.14944,253.87456,19.629784,226.44371,43.766922,63.173454,58.229485,69570.3,26.36625,8.617337,7550.824,7.2660155,0.28438592,266.888,48.014355,19.228008,7
79.23247,329.37555,99.68628,114.35243,834.61383,79.36418,57.971737,954.2611,41.606987,2439.6826,3278.6042,34.381416,0.8720553,2.3592684,4.0148416,9.789431,7
117.02151,250.61263,229.23407,1303.1869,152.5087,58.42998,61.068417,11430.377,89.39496,1.003617,476.30975,62.665733,16615.113,6.051128,8.810956,27.493687,7
395.42532,105.10722,24.411894,123.834,21.954067,73.94127,68.58204,166.69112,45.201515,53.705753,141.04811,10.952127,63.689632,8119.8306,24.052986,0.30001116,7
246.85504,70.72751,7.8446407,156.78119,12.260444,65.04408,67.42717,334.77652,28.074926,124.950966,391.8316,19.907131,1852.3281,3285.6992,62.202732,1.1275753,7
501.05658,62.21958,7.0281544,196.75452,17.555767,63.80334,68.75984,1062.7882,59.17208,926.2458,5980.4014,15.923584,5175.0767,9226.724,17.087244,12.247014,7
177.23325,83.41348,46.042732,593.12585,44.77738,79.14953,58.042107,53.26951,118.5735,0.6544888,874.7475,2.743107,18.273565,15209.666,84.93014,0.062023904,7
298.40637,349.63824,130.83665,1167.4314,80.11723,58.1319,74.82617,2940.672,119.116165,0.12940112,143.6216,17.681124,0.28505087,0.31800905,47.3645,0.19774958,7
388.08618,143.11562,7.3964944,264.08536,20.874857,64.430984,70.73726,464.7898,102.91585,16.464235,1435.723,13.260464,5.339543,595.04034,27.961235,0.03682905,7
78.04864,177.94986,13.175505,1137.2059,28.410717,63.711754,58.214912,361.39404,95.93346,299.70337,8423.091,127.36637,20180.11,1578.6028,152.28041,0.42269117,7
302.23224,196.76025,10.045821,69.51991,6.814591,76.781845,70.15609,189.38388,107.07074,22.7274,3356.9958,44.713356,0.43182358,3646.64,38.97367,0.10764032,7
84.77433,70.67236,258.4478,253.80493,1047.0691,63.604275,60.326694,109.04591,23.345581,65.857834,261.1425,15.985144,1.3199446,4196.583,162.62592,0.21276163,7
440.49872,64.10858,27.915464,79.83409,24.928772,61.427715,60.76623,28.32523,24.071426,0.9662344,418.41757,6.2405443,13563.742,11.4804,46.986626,17.326206,7
93.594986,87.90742,13.7697115,820.10767,20.824997,79.195435,58.972115,2912.1472,70.70005,0.080059685,168499.94,42.424103,0.3141116,12.491046,9.474215,21.565031,7
245.53523,360.15958,69.356575,240.912,942.2388,58.5763,62.977085,30720.262,93.471924,14.577342,7749.1113,37.814835,0.19293952,1103.1853,37.619766,20.895931,7
64.29121,151.28546,496.0652,888.24,163.73752,78.7662,73.62401,356.81934,33.23938,50.429993,8463.598,14.162938,6.963075,2.8389251,4.2754865,2.0882003,7
538.77814,61.865494,63.676155,214.37244,487.11234,57.180016,74.967026,965.592,15.962728,79.052666,73831.03,28.909744,3891.8625,168.76524,50.69138,16.857233,7
180.06125,190.3666,143.2265,915.15466,93.95267,72.610596,59.075123,193.83478,12.83618,154.09248,1660.1748,164.81943,0.87689835,0.3384553,15.854668,4.2801,7
131.93225,90.98237,166.98924,89.145996,88.65922,83.61095,57.987236,206.58685,115.58657,1.0008867,2971.8599,409.93243,1485.8921,528.21497,86.80079,26.28584,7
169.54082,274.40683,409.176,187.5892,70.82536,67.97767,60.98634,266.2395,104.00314,0.62838995,9395.658,26.623857,0.38544032,6173.244,67.58364,24.015766,7
547.3817,94.4823,121.919556,427.08258,892.62964,57.50746,65.83033,63892.19,104.42059,0.05876977,40.603683,20.024399,98.5123,1375.6035,23.976809,1.6787736,7
79.61676,323.76025,216.83119,132.40742,689.18036,71.122986,60.889347,3532.3442,22.975967,1.3488094,3473.7983,97.79237,4052.8552,1451.1622,155.26038,1.4088119,7
168.07428,127.284805,7.6405725,107.10305,7.820804,78.248665,63.139893,59.85737,43.98563,175.00865,11645.361,24.70582,18369.537,8471.02,110.58536,0.045883305,7
67.78949,106.01988,480.77094,606.86633,608.46466,69.77918,63.69713,23.05511,17.69499,180.45209,6026.521,227.45805,25.85352,11.4269285,6.7054753,0.6415199,7
94.18105,58.11665,186.42368,76.20072,120.525505,69.71623,71.00388,61.927246,15.501894,0.06576935,104107.94,39.57095,1.0062572,3.0082755,8.014857,24.66396,7
63.130505,166.14244,260.94144,252.41524,111.122505,63.99837,63.31679,14152.366,51.777714,808.4962,9503.939,49.789085,0.34359103,5109.429,201.5032,16.16274,7
60.804092,244.58873,477.71338,89.98204,216.60487,70.56008,74.85576,153.07945,25.083912,1.2099783,1085.2494,3.1559236,47.909187,68.3261,18.814943,12.853718,7
434.01346,352.5154,19.408834,489.7427,28.747328,89.26505,70.08426,372.2973,22.230013,253.35602,100.02215,31.559973,93.011665,5.752076,90.71167,7.473932,7
280.10254,58.107574,20.935051,475.31302,27.932283,63.13084,69.76842,15490.806,15.585743,11.385326,768.1948,38.82527,6.285541,3.3911133,46.63875,26.95893,7
218.30038,357.7975,9.267908,122.63347,20.862766,75.919846,58.3594,5641.952,52.337532,1.8244863,4166.118,325.91882,2.9210434,82.18208,41.02115,0.68740624,7
132.8601,81.8647,272.2851,122.286316,474.78137,64.798615,65.288025,1861.493,12.524814,0.310743,3250.8486,79.63133,22829.56,401.6245,34.942078,3.716257,7
61.14983,354.1279,7.0265026,189.7068,13.424806,65.85796,63.849308,411.5052,136.18553,10.126534,11249.791,21.019018,17551.307,1.5042078,2.2159376,27.115088,7
585.1528,59.19734,390.86642,762.61694,325.79898,57.70537,67.97645,27786.771,149.02684,1.6390978,32284.879,38.93805,2.770792,0.8415772,150.76071,19.34169,7
366.3478,61.055126,10.0393915,291.44275,9.85304,57.41307,65.08093,24407.715,54.169003,8.248628,703.6711,16.250847,0.2757499,1055.5299,37.28063,0.03689776,7
328.39493,82.95682,10.617533,323.34753,18.059866,77.57321,67.27614,172.63737,103.90455,33.208138,3277.2378,6.4290466,1.7158735,36.717667,50.664062,7.451648,7
155.93727,78.61173,32.042667,83.15879,1817.4958,75.09762,67.04551,1337.7327,37.530655,1.4408484,12988.395,12.847589,25.997162,1.2457031,14.377525,2.1328654,7
63.655064,124.05271,13.360623,89.28628,23.100397,78.08536,60.830208,585.8844,132.20523,1.713257,9527.273,31.634022,899.6831,2.8946679,2.5999172,20.006351,7
120.514725,61.482334,6.4461675,261.2755,17.147354,58.282917,64.122025,21614.17,125.22134,1.0383811,150531.05,54.144173,151.34538,13743.221,146.3547,26.26622,7
72.95874,182.19833,10.570192,1102.0013,14.741679,61.712498,60.60716,140621.48,17.434763,680.4604,6813.981,24.685114,10795.443,249.73663,57.75743,0.03222003,7
458.25333,308.7513,196.97954,374.8407,123.84859,66.456184,63.926598,96.67694,35.84784,2.4640749,1392.4675,65.20883,8677.38,80.37871,24.835548,20.12755,7
89.110794,144.69382,284.4996,407.3967,76.00693,58.259373,66.1603,1000.1967,20.468668,102.2395,1896.8405,26.41358,18.744541,0.4184937,3.7249908,2.7932506,7
352.41632,347.98572,215.04338,733.1,868.4335,71.27591,69.509964,11702.133,16.399948,425.09314,16310.069,32.384514,1.3345232,10396.603,31.29128,6.4699306,7
62.166668,71.07035,207.8921,214.37439,88.61237,61.1157,59.985825,72708.01,120.67267,0.77162415,122.6353,7.478869,568.8603,6911.6963,315.08527,25.525536,7
461.44144,196.21248,15.350564,1289.1272,23.58738,62.321342,62.49774,38324.918,13.410558,2.5875354,4607.956,1.5478492,2.0819027,2.3514776,94.41089,7.4754915,7
65.79481,119.33057,233.64319,112.321335,209.15184,81.16779,72.44452,846.6711,77.67864,0.05417797,4027.0889,177.06412,1.1327162,5983.722,180.40001,7.9179554,7
100.65822,346.2282,99.797005,288.89505,94.98984,57.623856,61.880394,78120.29,21.727451,3.6147256,3613.7385,57.992664,871.76807,10789.937,149.53534,4.5556726,7
488.586,132.61281,466.7306,147.9561,275.84674,74.73016,58.91526,762.6479,149.35046,31.563204,7037.9062,31.170643,58.261604,0.17999674,146.18947,0.01282849,7
73.515564,193.12592,78.465904,84.24118,1341.8973,63.474747,58.901207,126.411514,44.067947,16.708664,4070.0762,83.926346,1316.4226,462.8531,61.62715,8.478525,7
99.514595,58.886898,312.58612,69.37195,202.66895,59.20856,60.765793,81.15056,15.161793,170.7546,9679.121,14.1247425,34.036804,0.26081145,3.6868968,19.61232,7
446.50952,302.31772,334.81912,102.395035,115.25371,72.84309,60.52531,75.182175,26.136507,181.46332,6065.4355,26.951485,150.78821,14125.787,12.210668,23.6403,7
250.16718,344.23517,488.41397,1046.1683,596.0835,75.9954,61.014187,1206.0715,50.87337,73.168655,5372.821,10.485508,0.24115202,3.2485497,32.793,14.005799,7
272.08853,353.9117,6.408695,148.62105,11.7271185,68.36373,70.57687,12509.818,15.588835,217.93991,8789.456,17.672909,3.4923906,0.79342645,38.888996,16.78618,7
100.63771,59.915783,547.8348,77.997314,214.96326,59.94786,66.29869,90.41111,19.411633,0.15197566,70076.914,3.5902112,0.6804565,12.82303,14.2151985,16.048536,7
265.14902,125.58171,29.644032,129.70744,1615.117,61.68583,74.61618,348.79156,76.72716,0.91691047,2511.9404,3.2121065,0.24216118,12.900829,37.840717,27.029171,7
279.6845,87.07679,77.34623,357.9676,576.5245,73.62095,68.62608,2758.979,137.47421,13.237863,2004.9437,3.9289865,59.318966,662.7716,49.31981,1.8815522,7
73.40666,66.74849,13.42068,297.81506,11.206404,76.22889,72.16394,70.70689,12.458223,96.57727,138.27354,18.400492,2.050886,0.18016057,3.1330142,15.17183,7
120.54307,78.19223,224.77393,444.58163,169.17374,57.944973,59.55961,51627.273,75.29225,1.0322319,100.06575,9.801615,2.4930277,9952.883,117.65802,9.580257,7
258.68893,286.63522,7.7913733,631.6117,10.634349,58.096664,60.017414,46027.88,124.56281,44.672886,25516.08,16.026955,125.62282,11.833852,23.920954,0.45261312,7
486.99155,130.93985,11.995859,454.48364,13.5251045,80.53407,72.499344,187.97311,58.93532,15.287934,1004.69775,10.356857,1836.4899,0.86232173,97.74147,24.548653,7
542.92035,61.417507,24.759768,1004.2145,42.52555,86.83362,70.14665,197.0614,15.4457245,259.9527,8623.348,18.832413,0.33133864,0.99684143,127.121155,0.05877992,7
62.46169,271.78555,51.981388,131.0609,361.09955,67.44134,67.90689,2739.8706,88.19238,2.5838692,752.87634,53.997253,17803.027,2.3638422,3.3290355,17.329506,7
64.58001,66.597244,27.423042,244.44473,37.007183,73.28631,70.91124,456.81595,15.424216,2.707989,11560.428,3.9617476,27.74547,1.2935681,3.39659,0.1504657,7
72.72832,87.84372,7.5334306,413.5478,22.714647,70.526855,70.60008,2638.3157,128.78299,22.706501,7411.973,278.54413,2780.585,8422.496,193.00414,8.650146,7
589.4017,153.89885,491.07437,1024.462,425.6207,82.31168,61.71301,756.76697,55.877335,101.0578,104.1332,17.982431,11.3123045,15612.443,13.102846,0.16977558,7
367.4026,316.33554,10.554171,78.89566,17.562656,79.02629,58.636414,84.12071,120.0493,14.046378,1203.2551,99.252716,17.226818,111.34358,37.895245,0.17287676,7
394.36893,175.09117,6.2778864,194.77184,13.240986,61.304333,59.561687,20344.25,129.89192,0.73643994,6114.1113,18.6854,0.1725772,5143.335,27.109665,10.048373,7
99.92407,223.60855,118.868416,873.0579,457.2591,76.00554,63.13032,310.60367,81.95769,302.63956,221.1574,23.83657,78.49782,38.918137,16.351748,1.0911154,7
530.05475,118.86755,21.396252,89.994965,47.54143,89.21858,66.33105,423.32327,18.062275,3.1885602,3561.6802,75.788536,335.77838,6021.918,22.060894,1.275368,7
266.51962,357.32132,264.45154,128.39284,100.57841,75.81443,71.20598,8765.487,27.456476,109.67635,108.70217,33.24962,0.78013474,101.443954,31.942736,4.0997667,7
58.44072,193.09518,469.24643,296.73312,451.46454,62.010025,70.53419,24408.855,55.699074,0.59729385,7923.228,16.37725,12189.904,0.91459453,2.4274826,2.8440084,7
461.96323,112.79557,27.551178,209.52997,688.0696,64.99047,70.02338,305.2876,16.157385,0.54051924,2781.3342,79.70804,0.16889462,14999.546,17.704433,21.716915,7
622.2118,300.73407,7.0772595,69.5022,11.752113,76.031685,65.0741,33.17716,23.640707,499.8691,9396.044,25.203274,5.255164,0.98003787,178.31058,0.20652446,7
500.7495,68.20483,11.270504,264.7327,7.452739,58.42885,69.10371,42577.445,104.54025,0.053287063,679.13556,41.646152,38.144386,795.2214,30.564596,0.1305882,7
60.22618,58.8873,9.058361,571.2017,13.0078535,88.493195,61.41825,104.10298,88.284,85.33082,3072.8596,12.46478,112.833565,2.3896296,2.055288,0.037767816,7
71.39905,267.69052,363.42566,106.02667,905.63855,85.42571,62.825527,1016.4949,95.05815,40.118526,488.8744,104.79037,5936.475,2.826334,2.450118,27.499271,7
317.0765,154.80942,543.3755,828.57135,389.50977,61.104652,59.72875,204463.66,18.856943,102.18202,5451.359,25.008858,1.7073889,14735.23,27.15218,0.032052744,7
60.660385,94.76422,7.331313,373.4615,14.660943,57.36507,74.22465,3877.6956,44.84066,28.395258,2660.5068,57.198437,35.170746,0.86104256,3.1664677,0.01909856,7
453.75253,322.26068,40.92413,723.0333,31.853664,61.818806,60.98749,38208.242,89.8889,3.504051,3652.391,26.724373,8406.06,615.85645,17.19327,0.393455,7
70.65118,269.43167,62.708553,208.14775,69.56711,68.02455,68.37203,3885.638,142.1534,4.590294,3879.6897,38.17319,0.27030322,10585.551,264.95746,1.354811,7
90.657585,164.52673,21.484777,491.74237,39.467804,81.54825,58.679455,739.5635,58.924747,73.58267,109.490265,30.809893,2623.2463,161.1702,26.888287,24.179955,7
