bwd_seg_size_avg,pkt_len_min,fwd_pkt_len_min,totlen_bwd_pkts,fwd_pkt_len_max,bwd_pkt_len_min,pkt_len_mean,fwd_pkt_len_std,bwd_pkt_len_std,flow_byts_s,fwd_pkt_len_mean,psh_flag_cnt,down_up_ratio,fwd_act_data_pkts,syn_flag_cnt,fin_flag_cnt,Label
888.0725,78.0,82.17175,272105.3,1292.0,66.0,1020.63904,535.51886,636.1936,4712.386,548.8341,7.0,0.75,3.0,3,0,2
60.0,55.0,55.0,80.0,88.0,60.0,78.0,0.0,0.0,1983.8273,87.0,0.0,0.5,4.0,0,0,2
107.77501,55.0,54.0,108.19732,54.0,78.0,66.28502,0.0,0.0,5641.3804,54.0,0.0,0.5,2.0,0,0,2
512.6987,74.0,78.0,560.0,624.0,60.0,369.18866,0.0,0.0,1824.5781,138.09137,0.0,0.5,3.0,0,0,2
935.62775,91.70527,89.0,8380.31,994.3316,205.35252,1062.5757,0.0,256.48416,131.17001,414.40768,0.0,0.5,3.0,0,0,2
669.0,87.0,85.81475,6946.8374,702.96295,108.66107,898.77594,0.0,16.744144,935.44977,216.05232,0.0,0.5,3.0,0,0,2
60.0,54.0,55.0,120.0,1261.9485,60.0,94.333336,344.96454,0.0,1911.7162,157.54059,0.0,0.5,7.7029614,0,0,2
68.333336,54.0,54.0,96.02732,55.0,60.0,56.666668,0.0,0.0,13068.898,54.0,0.0,0.6666667,2.0,0,0,2
74.19983,81.0,54.0,60.0,78.0,70.0,87.2878,0.0,0.0,249.44254,69.5,0.0,0.5,2.0,0,0,2
1163.374,70.0,76.0,309238.78,696.65643,181.5627,981.9304,0.0,433.45596,13897.441,134.84622,0.0,1.1581552,2.0,0,0,2
756.13116,88.85804,87.0,7184.0,342.0,209.23497,972.37933,0.0,0.0,395.90567,171.89536,0.0,0.5,2.0,0,0,2
653.0909,54.0,54.0,9914.272,85.649925,86.0,247.0,0.0,0.0,124600.43,78.0,5.0,1.1933978,2.0,0,0,2
1153.123,78.0,75.0,237352.4,78.0,567.0,756.65173,0.0,0.0,22821.365,77.1379,0.0,1.0,2.0,0,0,2
105.008446,66.0,74.0,205.0,697.3627,60.0,239.0,168.01994,8.189126,2392.4812,157.44444,0.0,0.5,4.0,0,0,2
361.69052,65.0,55.0,151.91855,55.0,105.29607,105.00317,0.0,0.0,5186.7285,55.0,0.0,0.5,2.0,0,0,2
560.61255,55.0,74.0,7959.476,1292.0,60.0,461.04886,548.26135,616.3001,6041.042,395.41098,11.0,0.798776,3.0,3,0,2
60.0,50.0,50.0,120.0,55.0,60.0,56.4,0.0,0.0,147602.55,54.0,0.0,1.0,2.0,0,0,2
295.86246,54.0,54.0,1344.892,81.0,60.0,94.333336,0.0,0.0,96612.8,74.0,4.0,1.1,2.0,0,0,2
68.333336,55.0,54.0,60.0,54.0,60.0,57.0,0.0,0.0,4603.6094,54.0,0.0,0.5,2.0,0,0,2
88.0,54.0,54.0,127.0,55.0,60.0,57.0,0.0,0.0,44255.367,54.0,0.0,0.8824298,2.0,0,0,2
60.0,55.0,54.0,78.0,55.0,60.0,57.0,0.0,0.0,4627.7188,55.0,0.0,0.5,2.0,0,0,2
653.0909,87.0,85.0,669.0,119.644806,156.0,573.4407,0.0,0.0,793.16113,115.0,0.0,0.5,2.0,0,0,2
601.28894,55.0,71.0,50657.87,1292.0,60.0,649.96783,1406.4326,646.8373,11905.316,476.48114,155.61237,1.0,3.0,3,0,2
1119.1539,64.294075,75.0,898910.7,1292.0,97.0,998.36786,188.83649,623.562,19606.88,215.97375,17.0,1.2222222,2.0,3,0,2
60.0,57.0,55.0,60.0,69.5,60.0,66.0,0.0,0.0,1905.4305,55.0,0.0,0.5,3.0,0,0,2
478.10443,90.1717,89.0,148.0,677.4486,78.0,615.82074,0.0,0.0,6.333072,244.86594,0.0,0.5,6.0,0,0,2
653.0909,87.0,85.0,4397.7207,142.35233,146.46938,607.99005,0.0,0.0,1698.48,127.0,0.0,0.5,2.0,0,0,2
669.0,78.0,78.0,1140.7351,79.16542,194.34435,410.87933,0.0,0.0,4444.784,78.0,0.0,0.6666667,2.0,0,0,2
785.0086,78.0,78.0,8383.505,94.666664,171.57788,643.37823,0.0,0.0,5645.4756,94.0,0.0,0.6666667,2.0,0,0,2
1117.8572,55.0,71.0,432172.22,705.1702,144.06555,911.3825,0.0,567.9644,28108.193,142.05414,11.0,1.2222222,2.0,0,0,2
560.0,54.0,54.0,270664.5,1856.6381,60.0,431.76923,4451.3745,673.29626,105953.17,502.72144,582.6205,1.5276473,3.0,3,0,2
1158.691,88.0,88.0,371242.94,1292.0,159.72446,1116.021,242.48085,626.1982,1498.3582,831.61926,0.0,0.5,3.0,0,0,2
576.3451,81.0,75.0,571.0,80.0,168.86253,346.39798,0.0,0.0,3144.0354,78.0,0.0,0.5,2.0,0,0,2
377.6041,78.0,55.0,155.96648,75.0,151.0,117.54857,0.0,0.0,3500.0657,55.0,0.0,0.5,2.0,0,0,2
136.0,54.0,54.0,167.0,55.0,60.0,82.58162,0.0,0.0,13726.979,55.0,0.0,0.6666667,2.0,0,0,2
60.0,54.0,54.0,68.491325,81.0,60.0,57.0,0.0,0.0,3878.8376,78.0,0.0,0.5,3.0,0,0,2
60.0,54.0,54.0,89.368614,75.0,60.0,56.666668,0.0,0.0,9527.362,61.150593,0.0,0.62509763,3.0,0,0,2
696.32697,54.0,55.0,40035.15,973.5947,65.0,535.5834,122.651024,537.93665,20118.611,147.1,11.0,1.1320226,2.0,0,0,2
60.0,57.0,55.0,60.0,73.0,60.0,77.0,0.0,0.0,251.64949,71.0,0.0,0.5,3.0,0,0,2
1118.2681,75.0,78.736084,963019.4,1292.0,86.0,1048.9575,476.1083,640.70184,9260.693,448.26324,13.0,1.078028,2.0,3,0,2
60.0,57.0,60.0,60.0,122.99862,60.0,64.0,8.579029,0.0,238.22406,101.57174,0.0,0.5,10.0,0,0,2
68.333336,50.0,50.542007,161.31245,71.0,60.0,56.666668,0.0,0.0,250216.67,54.0,4.0,1.0899935,2.0,0,0,2
64.58471,54.0,54.0,171.15327,1292.0,60.0,87.333336,471.1584,110.1835,11007.42,124.904854,9.0,1.0,5.0,0,0,2
60.0,50.0,50.0,120.0,78.0,60.0,56.4,0.0,0.0,173657.4,55.0,8.0,1.0,2.0,0,0,2
905.4478,81.0,82.51097,8359.786,131.06868,214.97804,881.13226,0.0,0.0,3723.8467,121.00055,0.0,0.6666667,2.0,0,0,2
145.96188,78.0,55.0,120.0,75.0,95.33943,97.666664,0.0,0.0,1797.3994,63.47005,0.0,0.5,2.0,0,0,2
647.855,86.0,85.0,912.46985,586.5272,117.25505,660.54694,0.0,0.0,435.7282,153.77777,0.0,0.5,3.0,0,0,2
60.0,55.0,54.0,60.0,55.0,60.0,56.379295,0.0,0.0,1896.8191,54.0,0.0,0.5,3.0,0,0,2
1163.9141,81.0,86.0,986531.25,1292.0,127.0,1108.7004,478.62726,644.60364,4182.0347,741.17017,4.0,0.76276845,2.0,3,0,2
567.0,81.0,85.0,7633.7363,1292.0,60.0,900.4376,531.59595,606.2956,1106.8639,650.44464,0.0,0.5,4.0,0,0,2
60.0,53.333332,54.0,60.0,55.0,60.0,54.0,0.0,0.0,14388.32,55.0,0.0,0.5,2.0,0,0,2
731.8151,54.0,55.0,249510.31,1292.0,60.0,651.06067,342.49353,617.3209,23122.549,191.47844,72.6678,1.2,2.0,3,0,2
68.93008,55.0,54.0,60.0,54.0,65.0,57.0,0.0,0.0,4631.18,54.0,0.0,0.5,2.0,0,0,2
467.15375,80.0,54.0,150.0,75.43602,403.7244,114.36935,0.0,0.0,3190.2969,55.0,0.0,0.5,2.0,0,0,2
566.394,66.0,77.0,7674.0,1292.0,60.0,572.6485,536.0833,607.0512,4391.3203,402.53635,4.0,0.7385087,3.0,0,0,2
605.14606,87.0,87.0,5895.649,1292.0,65.0,949.2536,177.67699,473.41525,224.81572,474.67957,0.0,0.5,4.0,0,0,2
60.0,54.0,55.0,120.0,1263.3274,60.0,86.82471,540.9341,25.5,1804.2136,196.37276,0.0,0.5,10.766911,0,0,2
597.2235,87.0,85.0,561.0,94.0,156.0,451.88205,0.0,0.0,437.40186,88.0,0.0,0.5,2.0,0,0,2
1271.9893,87.0,87.0,1882412.2,1340.3855,538.0,1138.9287,341.36188,647.2549,3798.3586,1006.4697,1.0,0.87257457,2.0,3,0,2
561.0,87.0,79.37231,548.2211,89.52538,151.05736,394.60693,0.0,0.0,923.20276,85.0,0.0,0.5,2.0,0,0,2
60.0,54.0,54.0,120.0,115.07057,60.0,77.321976,0.0,0.0,6418.2837,87.0,0.0,0.6666667,3.0,0,0,2
60.0,53.333332,54.0,60.0,75.0,60.0,54.0,0.0,0.0,11873.033,55.0,0.0,0.5,3.0,0,0,2
60.0,54.0,54.0,163.92075,1292.0,60.0,85.0,702.98737,473.30637,8992.152,157.38715,16.385313,0.8333333,6.0,0,0,2
808.69324,55.0,75.0,272545.72,1408.1991,60.0,972.55853,555.6823,643.60016,11429.624,433.0082,40.732105,1.2,3.0,3,0,2
688.743,76.0,80.0,22415.705,1292.0,60.0,967.8882,512.26874,620.63635,3720.0317,482.20316,1.0,0.75,3.0,0,0,2
150.33487,54.0,54.0,3599.045,1251.2314,60.0,135.50014,443.6617,505.42642,19508.752,139.87294,33.201015,1.0,3.0,0,0,2
771.54474,55.0,55.0,159461.78,701.7631,70.0,578.32416,102.21288,566.5683,26222.83,143.6339,13.239224,1.2,2.0,3,0,2
60.0,50.0,54.0,205.86014,708.97485,60.0,68.58958,367.58264,49.867928,34589.445,90.6,40.243805,1.1,3.0,0,0,2
267.9525,71.67311,78.0,567.0,1292.0,60.0,384.67465,185.72412,231.5257,1800.1252,216.09634,0.0,0.5,4.0,0,0,2
60.0,54.0,54.0,97.16232,621.5949,60.0,61.166668,298.3196,0.0,4173.667,108.62841,0.0,0.5,6.0,0,0,2
60.0,53.333332,54.0,60.0,82.0,60.0,54.0,0.0,0.0,9158.351,74.0,0.0,0.5,4.0,0,0,2
213.0,50.0,54.0,571.0,55.0,60.0,61.166668,0.0,0.0,338624.25,54.0,2.0,1.2222222,2.0,0,0,2
567.0,81.0,80.0,1020.3395,105.936424,106.90484,428.4,0.0,0.0,2245.4133,92.0,0.0,0.5,2.0,0,0,2
669.0,65.0,77.0,37014.16,1329.7151,60.0,887.5921,553.7074,633.4384,6039.6006,475.27066,11.453459,1.0,3.0,3,0,2
739.55554,87.0,80.15112,6656.0,90.0,560.0,613.94165,0.0,0.0,2774.018,85.0,0.0,0.5,2.0,0,0,2
118.50432,54.0,54.0,205.0,55.0,60.0,60.0,0.0,0.0,144257.3,54.0,0.0,1.0631068,2.0,0,0,2
931.0258,65.0,74.99627,173543.08,968.204,96.55313,875.6783,22.214663,554.4897,14315.603,155.64285,6.0,1.0831201,2.0,0,0,2
1115.4261,88.0,87.81066,122718.72,1292.0,151.0,1100.683,188.77492,607.73883,1308.3589,649.76086,0.0,0.5,3.0,0,0,2
1224.8234,81.0,86.0,1285521.9,1292.0,206.02856,1133.2314,229.42519,636.62366,4769.2124,545.50305,1.0,1.0,2.0,3,0,2
215.994,85.07865,71.0,120.0,80.0,123.11636,236.62253,0.0,0.0,433.62256,78.0,0.0,0.5,2.0,0,0,2
638.8782,78.0,78.0,571.0,78.0,167.0,355.8706,0.0,0.0,3913.911,78.0,0.0,0.5,2.0,0,0,2
150.23738,81.0,54.0,89.157425,78.0,140.53685,94.333336,0.0,0.0,909.6213,55.0,0.0,0.5,2.0,0,0,2
125.38122,54.0,54.0,5871.053,1292.0,60.0,242.43367,2251.0747,627.2214,11735.322,311.60162,141.97417,1.0,4.6244144,3,0,2
119.75198,54.0,54.0,180.0,306.84113,60.0,100.0,0.0,0.0,7285.62,87.26744,0.0,0.74599636,3.0,0,0,2
653.0909,54.0,55.0,39693.223,1292.0,60.0,451.8417,322.2119,603.2572,23079.588,157.53389,45.327957,1.2,2.0,3,0,2
772.78864,55.0,75.0,273793.8,1292.0,60.0,959.3221,543.4757,639.67975,11516.391,426.90952,39.421207,1.0938562,3.0,3,0,2
564.0,54.0,54.0,38899.273,1292.0,60.0,435.29962,975.9272,640.05884,21817.783,262.31747,327.41092,1.2,3.0,3,0,2
573.49585,87.0,86.0,676.168,617.5098,86.0,640.3128,0.0,0.0,332.1879,189.53099,0.0,0.5,3.0,0,0,2
136.0,54.0,50.0,159.84862,54.0,60.0,57.0,0.0,0.0,112136.01,54.0,0.0,1.0598878,2.0,0,0,2
841.4506,88.0,87.742035,7620.0,1292.0,150.0,1024.5435,0.0,245.69666,180.95915,393.69757,0.0,0.5,3.0,0,0,2
711.081,65.0,72.374275,7715.271,581.0,97.21919,458.08167,0.0,0.0,8974.665,94.364426,0.0,1.0,2.0,0,0,2
561.9193,54.0,54.0,8364.7,1292.0,60.0,371.9845,343.27847,589.7583,18555.318,157.33578,20.873446,1.1410729,3.0,3,0,2
60.0,50.0,54.0,145.0,149.01012,60.0,57.0,0.0,0.0,48089.188,76.0,8.0,1.1215229,3.0,0,0,2
60.0,55.0,55.0,60.0,78.0,60.0,57.0,0.0,0.0,1396.7682,78.0,0.0,0.5,4.0,0,0,2
745.92664,86.703064,81.0,6927.8486,89.0,560.0,605.9363,0.0,0.0,3086.1792,83.0,0.0,0.5,2.0,0,0,2
60.0,57.0,54.0,60.0,60.0,60.0,75.0,0.0,0.0,1394.9954,55.0,0.0,0.5,3.0,0,0,2
610.14343,72.8409,75.0,6627.9,177.52205,79.38123,428.35043,0.0,0.0,6054.0776,102.77722,0.0,0.6666667,2.0,0,0,2
253.52449,89.0,87.0,120.0,132.60463,86.0,393.08368,0.0,0.0,28.90651,96.0,0.0,0.5,4.0,0,0,2
567.0,72.310616,55.0,561.0,66.98286,163.29047,239.0,0.0,0.0,8272.923,55.0,0.0,0.6666667,2.0,0,0,2
1115.1343,55.0,71.0,309194.97,698.6152,141.75175,891.6507,0.0,504.69727,20717.436,132.96977,6.918208,1.212125,2.0,0,0,2
72.5,54.0,54.0,221.39139,581.5432,60.0,91.0,189.5704,11.785113,11653.363,102.71173,6.0,0.6666667,3.0,0,0,2
185.18085,54.0,50.0,148.0,54.0,86.0,65.42857,0.0,0.0,20521.39,54.0,0.0,0.8333333,2.0,0,0,2
418.0453,88.0,87.0,150.0,342.0,78.0,429.75546,0.0,0.0,47.788548,149.8138,0.0,0.5,4.0,0,0,2
150.07797,54.0,55.66934,669.0,1292.0,60.0,247.0,477.15207,503.77075,5058.562,205.6906,3.0,0.6666667,4.0,0,0,2
599.15894,88.0,87.0,4413.0273,1292.0,65.0,972.6845,183.94412,476.0462,83.13084,518.54,0.0,0.5,4.1034746,0,0,2
60.0,53.333332,54.0,60.0,77.0,60.0,54.0,0.0,0.0,11100.846,55.0,0.0,0.5244068,3.0,0,0,2
1135.367,65.0,75.0,634613.1,1292.0,120.0,998.9692,147.00334,607.0512,17669.193,192.51927,11.678275,1.2,2.0,3,0,2
669.0,74.0,78.0,8620.048,1287.7158,65.0,681.50836,160.55167,507.6594,4877.775,214.91682,0.0,0.75,3.0,0,0,2
60.0,71.0,75.0,60.0,390.05884,60.0,86.97656,29.883776,0.0,251.19879,137.49611,0.0,0.5,7.0,0,0,2
317.27377,76.656105,78.0,180.0,615.9457,60.0,297.7398,0.0,0.0,790.7078,132.91335,0.0,0.5,3.0,0,0,2
60.0,54.0,54.0,106.16724,55.0,60.0,56.4,0.0,0.0,20636.002,54.920162,0.0,0.75,2.0,0,0,2
68.333336,54.0,54.0,127.0,87.0,60.0,57.068253,0.0,0.0,19228.97,71.0,0.0,1.0,2.0,0,0,2
60.0,50.0,50.0,60.0,78.0,60.0,53.333332,0.0,0.0,178348.61,54.0,8.0,1.0631853,3.0,0,2,2
127.0,86.0,81.0,88.0,87.0,66.34819,233.90819,0.0,0.0,59.140316,84.10492,0.0,0.5,3.0,0,0,2
60.0,54.0,54.0,60.0,55.0,60.0,56.4,0.0,0.0,3860.0454,55.0,0.0,0.5,3.0,0,0,2
68.333336,78.0,78.0,60.41156,89.0,60.0,96.33633,0.0,0.0,150.57735,88.0,0.0,0.5,4.0,0,0,2
653.0909,55.0,71.0,16461.951,1292.0,60.0,535.66895,193.8603,572.35394,11597.357,174.13504,8.0,1.0,2.0,0,0,2
599.1501,83.20513,85.0,2733.9556,619.0,81.951675,615.55493,0.0,0.0,883.2394,174.76706,0.0,0.5,3.0,0,0,2
560.4507,54.0,54.0,8194.642,1292.0,60.0,330.5922,366.8814,591.29315,20223.012,156.69403,33.016228,1.1406814,3.0,3,0,2
571.0,54.0,54.0,11558.049,805.5316,60.0,349.1518,174.81052,511.6301,31666.709,129.87004,19.848055,1.2,2.0,0,0,2
560.0,54.0,54.0,7690.9844,706.66235,60.0,247.0,172.56686,472.86902,43784.664,106.11021,21.485098,1.2,2.0,0,0,2
738.86755,54.0,55.0,966043.9,1844.4381,60.0,904.34064,2379.8086,665.7784,38455.18,522.614,580.0632,1.3293475,3.0,3,0,2
156.0,75.0,74.52542,167.0,85.0,64.0,135.18822,0.0,0.0,2780.2292,81.0,0.0,0.5,2.0,0,0,2
152.8283,65.0,55.0,127.0,55.0,78.34633,90.225235,0.0,0.0,5448.5547,55.0,0.0,0.5,2.0,0,0,2
453.08994,54.0,54.0,7605.172,93.886925,60.0,109.572945,0.0,8.140014,259887.53,78.0,33.65884,1.2222222,2.0,0,0,2
120.0,54.0,54.0,120.0,54.0,70.53087,65.42857,0.0,0.0,7692.6074,54.0,0.0,0.5,2.0,0,0,2
60.0,54.0,54.0,60.0,78.0,60.0,56.4,0.0,0.0,9187.882,55.0,0.0,0.5,3.0,0,0,2
114.75534,65.0,74.0,258.99225,1141.6472,60.0,240.03072,223.12445,27.296202,2665.0396,175.03716,0.0,0.5,4.0,0,0,2
560.0,54.0,54.0,8377.767,657.48883,60.0,247.0,178.25854,504.96817,75914.45,104.87884,71.567,1.2037582,2.0,3,0,2
60.0,54.0,54.0,60.0,587.0,60.0,57.0,177.9645,0.0,1696.2766,105.88543,0.0,0.5,10.32442,0,0,2
102.791084,80.0,54.0,60.0,77.0,97.0,88.0,0.0,0.0,617.1381,55.0,0.0,0.5,2.0,0,0,2
571.0,55.0,71.0,7232.814,697.8755,60.0,427.4285,23.692215,269.02002,8477.638,143.69162,0.0,0.8111985,2.0,0,0,2
653.0909,54.0,54.0,7619.2217,89.0,86.0,267.79016,0.0,0.0,23016.875,78.0,0.0,1.0833334,2.0,0,0,2
1024.5315,55.0,73.0,950507.94,1292.0,66.0,979.2206,499.74536,639.5161,20548.42,262.9297,97.9109,1.2222222,2.0,3,0,2
561.0,87.0,85.0,552.6818,305.9481,87.23355,452.72626,0.0,0.0,251.56941,147.1,0.0,0.5,3.0,0,0,2
653.0909,55.0,54.0,1221.0712,55.0,213.0,232.36076,0.0,0.0,20464.562,54.00247,0.0,1.0,2.0,0,0,2
738.54865,75.0,78.0,10626.836,1292.0,71.248245,889.33704,108.35497,504.7946,4368.47,216.00366,0.0,0.75,3.0,0,0,2
68.333336,55.0,55.0,120.0,87.0,60.0,85.894,0.0,0.0,3081.2441,81.0,0.0,0.5,3.0,0,0,2
561.0,54.0,54.0,32746.664,1273.816,60.0,269.63095,516.18365,610.36115,136240.2,150.29138,464.52408,1.25,2.0,3,0,2
85.5,78.0,55.0,60.0,75.0,70.0,87.13244,0.0,0.0,819.7272,55.0,0.0,0.5,2.0,0,0,2
60.0,50.0,50.0,214.33545,85.0,60.0,56.666668,0.0,0.0,333143.66,59.093094,83.188576,1.2222222,2.0,0,2,2
60.0,53.333332,54.0,60.0,71.02308,60.0,54.0,0.0,0.0,1948.7397,69.96095,0.0,0.5,4.0,0,0,2
120.0,71.0,77.0,180.0,933.0,60.0,246.14944,128.72716,0.0,1417.5398,165.47443,0.0,0.5,5.0,0,0,2
102.83006,66.0,71.0,120.0,81.0,60.0,94.333336,0.0,0.0,1984.929,78.0,0.0,0.5,3.0,0,0,2
677.1076,75.0,54.0,6383.6543,66.86658,560.0,251.38518,0.0,0.0,16125.554,55.0,0.0,0.6666667,2.0,0,0,2
60.0,54.0,54.0,60.0,81.0,60.0,57.0,0.0,0.0,1943.7502,80.0,0.0,0.5,4.0,0,0,2
60.0,54.0,54.0,108.0,75.0,60.0,61.166668,0.0,0.0,6088.0664,71.0,0.0,0.5,2.0,0,0,2
60.0,53.333332,54.0,60.0,54.0,60.0,54.0,0.0,0.0,4343.3877,54.0,0.0,0.5,3.0,0,0,2
638.4426,88.0,87.0,1648.578,1292.0,78.0,947.6982,0.49274182,25.5,82.04427,391.2263,0.0,0.5,4.0,0,0,2
67.0,57.0,50.0,60.0,55.0,60.0,72.82105,0.0,0.0,2769.2126,54.0,0.0,0.5,2.0,0,0,2
1270.3126,78.0,81.0,1708894.1,1292.0,561.0,1108.058,0.0,610.43274,11857.118,218.30153,4.0,1.1497513,2.0,3,0,2
657.2001,87.0,86.0,4748.005,624.0,108.84315,872.4072,0.0,0.0,615.9321,195.35593,0.0,0.5,3.0,0,0,2
1054.467,75.0,78.0,341666.47,1115.0717,128.32957,979.2584,44.857754,595.0079,11736.081,189.19919,5.0,1.0,2.0,3,0,2
1208.5308,81.0,85.0,1435550.5,1292.0,180.55234,1133.1125,304.17728,642.3742,5732.4937,545.7591,5.0,1.0,2.0,3,0,2
1200.3192,71.0,78.0,1275607.4,1292.0,162.45958,1049.5363,108.254005,616.41437,20239.977,202.15152,12.0,1.2222222,2.0,3,0,2
561.0,75.0,76.7671,560.7453,115.0,77.0,304.9499,0.0,0.0,2895.84,89.0,0.0,0.5,2.0,0,0,2
1025.9658,88.0,88.0,42166.773,1292.0,121.05191,1093.4181,261.34827,610.70447,669.8817,712.75824,0.0,0.5,3.0,0,0,2
100.25699,76.0,78.0,120.0,401.94,60.0,208.21779,0.0,0.0,332.198,120.337234,0.0,0.5,5.0,0,0,2
107.44048,84.09757,85.0,120.0,582.3111,60.0,249.7769,0.0,0.0,60.701355,166.17152,0.0,0.5,5.0,0,0,2
60.0,57.0,55.0,60.0,78.0,60.0,65.0,0.0,0.0,1423.3434,78.0,0.0,0.5,3.0,0,0,2
653.0909,79.91666,81.0,718.0471,588.1676,105.34019,562.5472,0.0,0.0,1478.4542,135.9644,0.0,0.5,3.0,0,0,2
1116.0504,88.0,87.0,39890.594,698.089,471.4718,1049.2985,0.0,319.62076,1817.9387,226.94626,0.0,0.5,2.0,0,0,2
157.55534,88.0,87.0,120.0,581.0,64.0,390.64612,0.0,0.0,28.991877,164.1922,0.0,0.5,6.0,0,0,2
60.0,54.0,54.0,60.0,87.0,60.0,56.666668,0.0,0.0,3241.7595,80.0,0.0,0.5,5.0,0,0,2
653.0909,88.0,87.0,1211.1115,1252.9823,92.501366,919.8789,0.0,1.19995,77.88849,252.44112,0.0,0.5,3.0,0,0,2
125.72378,74.82689,75.0,155.28291,96.0,60.0,188.30171,0.0,0.0,1806.5222,92.0,0.0,0.5,3.0,0,0,2
1149.5446,78.0,85.0,487267.6,1409.7563,92.57065,1095.0742,494.1859,641.2396,4537.0977,650.10205,5.0,1.0,3.0,3,0,2
1185.5309,72.0,78.0,1039887.1,1250.2155,181.91667,1026.1663,0.0,597.4947,17674.438,168.02193,8.0,1.2,2.0,0,0,2
669.0,54.0,55.0,36660.34,594.1576,65.0,428.4,9.931526,453.1831,36710.996,106.0,12.0,1.1392958,2.0,0,0,2
61.838825,50.0,50.0,205.0,76.0,60.0,56.666668,0.0,0.0,326189.2,55.0,16.059328,1.2,2.0,0,0,2
98.06618,66.0,75.0,158.0,972.44196,60.0,239.0,160.17531,0.0,1532.0652,157.53589,0.0,0.5,5.0,0,0,2
60.0,54.0,54.0,60.0,54.0,60.0,56.4,0.0,0.0,5682.1665,54.0,0.0,0.5,2.0,0,0,2
597.3846,55.0,71.0,7669.6577,742.118,60.0,429.6909,44.31479,347.7896,9079.622,147.11604,0.0,0.9,2.0,0,0,2
60.0,50.0,50.0,105.59304,81.0,60.0,53.333332,0.0,0.0,48584.69,55.022934,5.0,0.9956457,3.0,0,0,2
104.25901,50.0,54.0,203.41594,81.0,60.0,61.166668,0.0,0.0,96568.516,55.0,0.0,1.2,2.0,0,0,2
571.0,55.0,72.0,7946.7183,1292.0,60.0,511.34552,468.61453,600.05286,7179.588,245.79857,7.0,1.0,3.0,0,0,2
1269.6808,78.791016,85.0,1867823.4,1292.0,286.92697,1133.1528,184.49501,638.22253,8544.6455,448.1122,7.0,1.1111112,2.0,3,0,2
200.0,80.0,55.0,148.0,78.0,110.34324,158.22588,0.0,0.0,1790.6694,77.55915,0.0,0.5,2.0,0,0,2
102.66355,54.0,54.0,159.0544,77.0,60.0,78.0,0.0,0.0,15185.0205,69.5,0.0,0.7393933,2.0,0,0,2
68.333336,80.0,80.0,60.0,89.90227,60.0,100.0,0.0,0.0,59.262356,87.0,0.0,0.5,5.0,0,0,2
316.6042,88.0,87.0,127.0,155.58344,78.0,415.10257,0.0,0.0,44.48941,143.63644,0.0,0.5,4.0,0,0,2
78.0,50.0,54.0,166.57066,75.0,60.0,57.0,0.0,0.0,128736.35,55.0,0.0,1.0833334,2.0,0,0,2
291.26666,66.0,54.0,120.0,55.0,137.07585,92.84083,0.0,0.0,4828.2935,54.0,0.0,0.5,2.0,0,0,2
86.658295,74.0,72.72091,120.0,78.0,60.0,94.0,0.0,0.0,1774.7539,78.0,0.0,0.5,3.0,0,0,2
102.65167,75.0,72.0,120.0,75.0,65.0,93.43058,0.0,0.0,1804.1447,73.74752,0.0,0.5,2.0,0,0,2
169.80154,65.0,71.0,180.0,115.0,60.0,229.33333,0.0,0.0,3107.6423,88.0,0.0,0.5,3.0,0,0,2
78.0,54.0,54.0,205.0,176.49562,60.0,79.45843,0.0,0.0,20425.129,81.0,5.0,1.0,3.0,0,0,2
567.0,75.0,75.0,1129.5968,81.0,120.0,273.0,0.0,0.0,5988.246,80.0,0.0,0.5,2.0,0,0,2
60.0,50.0,50.0,144.867,71.0,60.0,56.4,0.0,0.0,264356.44,54.0,5.0,1.0805204,2.0,0,0,2
1179.2427,77.0,81.0,1588239.5,1514.0,104.03664,1107.0869,543.95746,650.9151,8968.938,686.4537,32.71552,1.1111112,2.0,3,0,2
136.71852,70.0,54.0,116.75038,55.0,99.37353,83.16103,0.0,0.0,4326.4263,54.0,0.0,0.5,2.0,0,0,2
370.75604,89.796326,88.0,120.0,426.9406,80.0,453.87808,0.0,0.0,14.153779,166.58372,0.0,0.5,5.0,0,0,2
1134.5708,65.43372,75.0,319544.16,687.4361,158.0,963.2321,0.0,476.4116,17988.488,135.06285,2.0,1.2,2.0,0,0,2
304.31882,86.9732,80.76915,145.0,88.0,96.30038,250.66246,0.0,0.0,208.946,84.42718,0.0,0.5,3.0,0,0,2
824.3524,80.0,80.0,7887.8237,93.70057,213.0,671.06805,0.0,0.0,4832.686,93.453186,0.0,0.6666667,2.0,0,0,2
158.0,81.0,85.0,151.0,1282.0,60.0,415.52878,29.883776,0.0,56.624096,246.60156,0.0,0.5,7.0,0,0,2
387.61774,78.0,54.0,151.0,75.0,159.48561,118.95984,0.0,0.0,2974.7324,55.0,0.0,0.5,2.0,0,0,2
78.0,54.0,54.0,158.0,115.0,60.0,78.0,0.0,0.0,15215.767,78.0,0.0,1.0,3.0,0,0,2
77.0,76.9186,54.0,60.0,73.0,74.35847,78.0,0.0,0.0,1438.4166,55.0,0.0,0.5,2.0,0,0,2
560.0,89.0,88.0,180.0,1075.5029,70.0,683.8043,0.0,0.0,26.066013,259.38934,0.0,0.5,6.0,0,0,2
119.0,76.44016,55.0,120.0,73.0,68.07506,94.333336,0.0,0.0,2243.385,72.0,0.0,0.5,2.0,0,0,2
138.0,54.0,54.0,145.0,54.0,70.0,76.36536,0.0,0.0,12255.716,54.0,0.0,0.6666667,2.0,0,0,2
60.0,55.0,55.0,124.51709,621.3982,60.0,94.333336,176.5814,0.0,2517.9768,143.6579,0.0,0.5,5.0,0,0,2
60.0,50.0,54.0,60.0,89.0,60.0,53.405525,0.49658686,0.0,13347.62,76.0,0.0,0.6666667,4.0,0,0,2
103.0362,78.39531,54.0,60.0,75.0,102.037254,86.940384,0.0,0.0,937.91077,55.0,0.0,0.5,2.0,0,0,2
60.0,61.484684,65.90549,120.0,576.045,60.0,94.333336,70.32692,0.0,1898.9303,129.67679,0.0,0.5,5.0,0,0,2
326.69003,87.0,85.0,146.16124,89.88772,92.16426,273.0,0.0,0.0,168.86661,85.0,0.0,0.5,3.0,0,0,2
60.0,55.0,55.0,60.0,75.0,60.0,56.984962,0.0,0.0,2313.268,71.808876,0.0,0.5,3.0,0,0,2
933.9795,55.0,55.0,38012.94,80.0,213.0,428.32648,0.0,0.0,79706.29,76.0,0.0,1.2,2.0,0,0,2
1248.0502,80.0,85.0,1304934.4,1292.0,524.12665,1115.0682,123.745186,625.11957,7779.646,390.49503,1.0,1.0802495,2.0,3,0,2
60.0,53.333332,54.0,60.0,55.0,60.0,54.0,0.0,0.0,5251.1743,54.0,0.0,0.5,3.0,0,0,2
302.9161,78.2171,55.0,120.0,78.0,127.0,180.19933,0.0,0.0,1607.4879,74.0,0.0,0.5,2.0,0,0,2
68.333336,55.0,55.0,145.0,284.42447,60.0,94.0,16.320576,0.0,3642.6116,104.13697,0.0,0.5,3.0,0,0,2
567.0,74.43978,73.0,631.01117,78.0,138.0,247.34032,0.0,0.0,6481.0,78.0,0.0,0.6666667,2.0,0,0,2
97.0,50.0,54.0,567.0,127.0,60.0,78.0,24.04163,0.0,178006.67,78.0,36.463806,1.2005258,2.0,0,0,2
194.52965,87.0,86.0,178.35907,988.1098,60.0,432.3128,9.827163,0.0,57.436974,246.27182,0.0,0.5,6.0,0,0,2
199.0988,87.0,87.0,156.0,1188.3118,60.0,447.25464,0.0,0.0,44.970337,246.69312,0.0,0.5,6.0,0,0,2
1042.8314,65.0,77.0,360363.03,1292.0,66.0,1004.00653,470.72107,634.0728,9772.777,397.0275,12.0,1.2,2.0,3,0,2
963.717,80.0,85.0,42653.293,1292.0,113.68327,1004.2833,143.75581,593.5794,4044.1365,272.79852,0.0,0.6666667,2.0,0,0,2
1031.3604,87.0,87.0,37500.957,738.97723,175.97011,1025.8013,0.0,417.75876,1896.8455,245.23969,0.0,0.5,2.0,0,0,2
409.86545,54.0,54.0,180.0,55.0,88.61152,88.0,0.0,0.0,19242.992,54.0,0.0,0.9849436,2.0,0,0,2
928.74066,87.0,87.0,8991.462,1292.0,140.55556,1029.4165,9.251589,457.17233,584.3162,396.30014,0.0,0.5,3.0,0,0,2
604.7789,91.260605,88.0,561.0,145.43199,180.78221,670.5056,0.0,0.0,67.1275,88.255585,0.0,0.5,2.8645396,0,0,2
60.0,53.333332,54.0,60.0,78.0,60.0,54.0,0.0,0.0,12638.22,69.5,0.0,0.6666667,3.0,0,0,2
1024.5616,55.0,73.0,264414.53,1292.0,71.74561,957.62085,178.27605,604.50696,14184.529,199.41801,11.0,1.2222222,2.0,0,0,2
499.44302,54.0,54.0,24001.438,1292.0,60.0,254.99942,686.97614,627.47644,108785.52,174.36507,578.22235,1.25,2.0,3,0,2
1204.2043,65.12029,77.0,1723859.6,1292.0,153.79735,1069.0388,186.85898,635.49097,22938.04,244.12619,39.698097,1.2700906,2.0,3,0,2
326.5408,54.0,54.0,708.4913,933.0,60.0,242.0,93.971985,14.00764,8736.067,119.92468,0.0,1.0,3.0,0,0,2
686.4604,54.0,71.0,226653.16,1292.0,60.0,851.3807,584.5601,641.9255,15145.335,396.13834,114.8446,1.1439954,3.0,3,0,2
340.84467,77.92757,78.0,213.0,571.0,60.0,315.39767,0.0,0.0,1468.244,129.16975,0.0,0.5,3.0,0,0,2
719.38293,80.0,80.0,4144.8843,89.0,200.0,537.0463,0.0,0.0,3072.6975,88.0,0.0,0.5,2.0,0,0,2
524.6959,81.0,85.0,564.0,971.77747,60.0,455.58276,9.597871,2.132594,354.17938,216.04584,0.0,0.5,4.0,0,0,2
67.2521,75.0,76.30891,93.97537,105.68976,60.0,97.666664,0.0,0.0,346.99252,94.88627,0.0,0.5,5.0,0,0,2
736.4288,54.0,72.0,233599.9,1355.087,60.0,895.4092,577.78015,643.06165,12258.542,426.27322,79.05545,1.2,3.0,3,0,2
83.97598,55.0,55.0,138.0,82.33005,60.0,88.8851,0.0,0.0,4641.2856,80.0,0.0,0.5,3.0,0,0,2
68.333336,55.0,54.0,60.0,54.314278,60.0,57.13191,0.0,0.0,4536.9976,54.0,0.0,0.5,2.0,0,0,2
566.0796,54.0,54.0,8372.677,132.63557,60.0,240.0,0.0,25.5,119833.83,87.0,15.927977,1.2,2.0,0,0,2
548.2208,89.42175,87.0,156.12955,130.15292,137.71329,451.85,0.0,0.0,45.649014,89.74446,0.0,0.5,3.0,0,0,2
1024.3176,88.0,87.0,35398.88,701.6873,181.25656,1026.6732,0.0,402.17715,1758.8309,247.06741,0.0,0.5,2.0,0,0,2
809.43353,78.0,78.62026,41150.734,1250.1614,90.05251,926.9934,115.49392,562.9256,6060.3584,215.95322,0.0,0.75,2.0,0,0,2
607.2564,77.0,78.0,7620.0,219.33813,80.0,451.84006,0.0,11.1794615,5865.232,132.34412,0.0,0.6666667,2.0,0,0,2
60.0,55.0,71.0,87.54948,617.0,60.0,88.0,160.17273,0.0,841.6964,143.62038,0.0,0.5,7.0,0,0,2
104.82636,87.0,87.0,97.0,618.0,60.0,289.8608,0.0,0.0,25.69152,183.69772,0.0,0.5,8.0,0,0,2
692.7273,86.34724,86.0,7196.682,1244.3768,107.267044,959.92065,0.0,161.52724,940.8014,244.4842,0.0,0.5,3.0,0,0,2
150.0,55.0,54.0,151.0,54.0,78.0,80.311386,0.0,0.0,11552.91,54.0,0.0,0.5,2.0,0,0,2
60.0,55.0,54.0,60.0,72.0,60.0,61.166668,0.0,0.0,2767.6917,59.163033,0.0,0.5,3.0,0,0,2
685.79034,75.0,80.0,13194.711,1292.0,64.0,894.2779,293.2054,596.13525,3998.3508,350.76468,0.0,0.7062149,3.0,0,0,2
557.556,54.0,60.0,6892.5054,1292.0,60.0,393.16644,311.72943,513.2645,7792.819,176.39018,5.0,0.8888889,3.0,0,0,2
1207.9731,87.0,87.0,1008526.44,1292.0,517.6747,1133.488,171.66039,626.9012,2609.962,636.0636,0.0,0.72141695,2.0,0,0,2
804.1091,65.0,56.55098,8296.02,81.0,180.86119,428.30927,0.0,0.0,17506.57,78.0,0.0,1.0,2.0,0,0,2
105.01353,81.0,82.0,97.0,94.666664,60.0,239.0,0.0,0.0,58.472595,93.397896,0.0,0.5,4.0,0,0,2
248.6003,54.0,54.0,1525.448,571.0,60.0,202.57724,14.856312,10.5149975,15389.144,92.0,4.0,1.0,2.0,0,0,2
154.67963,54.0,55.0,608.6477,1292.0,60.0,245.04991,465.31924,478.67142,5905.514,177.2631,4.0,0.7950767,4.0,0,0,2
104.98167,54.0,54.0,159.75739,72.0,60.0,85.8317,0.0,0.0,9908.66,71.0,0.0,0.60663676,2.0,0,0,2
580.1802,54.0,60.0,98143.32,1409.3358,60.0,613.2574,2282.2358,648.9658,15148.3125,499.32037,374.9862,1.1,3.0,3,0,2
254.62735,78.0,81.0,205.0,1032.5394,60.0,394.43686,8.686584,0.0,326.39355,195.06226,0.0,0.5,5.0,0,0,2
211.78735,87.0,72.0,120.0,83.6274,127.0,240.0,0.0,0.0,175.42204,79.317764,0.0,0.5,2.0,0,0,2
60.0,65.24928,76.4746,108.0,1292.0,60.0,113.77029,537.022,25.5,136.52954,320.46024,0.0,0.5,69.69549,0,0,2
60.0,53.333332,54.0,60.0,55.0,60.0,54.0,0.0,0.0,5492.5107,55.0,0.0,0.5,3.0,0,0,2
653.0909,81.66018,82.0,1163.9471,93.58467,158.0,509.17798,0.0,0.0,1799.2365,90.0,0.0,0.5,2.0,0,0,2
1266.9103,87.0,87.0,1632677.4,1292.0,538.0,1134.4589,243.04346,642.2126,4180.0757,663.9468,0.0,0.8888889,2.0,3,0,2
107.08819,54.0,54.0,1032.4072,1292.0,60.0,104.666664,525.9449,512.8707,22679.031,136.6389,79.71844,1.1478201,3.0,0,0,2
1045.5768,92.0,90.0,38604.31,1292.0,167.12036,1112.0482,162.15413,595.0284,79.91318,971.26685,0.0,0.5,3.0,0,0,2
60.0,50.0,50.0,120.0,75.0,60.0,56.4,0.0,0.0,168349.78,55.0,2.7816186,1.0593559,2.0,0,0,2
581.8627,78.0,78.0,347.37155,81.06963,151.0,345.9679,0.0,0.0,2243.2146,80.0,0.0,0.5,2.0,0,0,2
151.0,55.0,66.56253,892.8968,1282.0,60.0,247.0,471.19614,505.0601,5111.401,207.63539,3.0,0.6666667,3.0,0,0,2
78.0,50.0,54.0,214.4002,136.27882,60.0,61.166668,0.0,0.0,108403.49,77.99722,12.0,1.2222222,2.0,0,0,2
318.12695,87.0,73.0,120.0,81.0,144.89072,240.0,0.0,0.0,332.19116,78.0,0.0,0.5,2.0,0,0,2
150.8239,55.0,54.0,127.0,71.0,65.0,88.174164,0.0,0.0,6045.0044,55.0,0.0,0.53522104,2.0,0,0,2
572.4778,89.74952,88.0,567.0,590.9067,116.49693,868.7254,0.0,0.0,56.50361,218.32349,0.0,0.5,3.0,0,0,2
692.7273,81.0,85.0,5035.1885,649.46826,120.0,858.04364,0.0,0.0,1477.8662,157.33333,0.0,0.5,3.0,0,0,2
810.1172,87.0,87.0,9878.027,1292.0,114.47283,1024.7948,128.74686,513.08624,583.11035,439.39423,0.0,0.5,3.0,0,0,2
154.4426,54.0,54.0,156.723,55.0,65.0,76.79274,0.0,0.0,20205.832,54.0,0.0,0.8333333,2.0,0,0,2
836.78796,86.0,85.0,12006.555,703.9084,151.0,983.5072,0.0,305.42523,2230.7683,216.05917,0.0,0.5,2.0,0,0,2
145.19125,55.0,55.0,153.78018,80.0,60.0,100.0,0.0,0.0,4676.304,78.0,0.0,0.5,2.0,0,0,2
60.0,50.0,50.0,60.0,54.0,60.0,53.333332,0.0,0.0,13567.48,50.0,0.0,0.5,3.0,0,0,2
915.93677,66.0,78.0,306599.03,1292.0,65.0,997.8543,527.40326,636.0496,8737.502,430.19772,13.0,1.0833334,3.0,3,0,2
567.0,78.0,75.0,1387.4347,81.0,127.33085,274.13605,0.0,0.0,5783.799,78.0,0.0,0.5,2.0,0,0,2
936.8348,72.0,78.0,301681.0,1292.0,65.0,1006.1516,530.7674,636.344,6953.1035,483.1441,11.0,1.0,3.0,3,0,2
120.0,71.0,77.0,437.7195,1254.0,60.0,249.0,324.8845,280.04282,1848.2277,218.28706,0.0,0.5,5.0,0,0,2
60.0,54.0,54.0,60.0,216.08661,60.0,56.666668,111.24105,0.0,5251.231,87.0,0.0,0.5,5.723385,0,0,2
60.0,54.0,50.0,79.319145,54.0,60.0,56.4,0.0,0.0,19058.48,54.0,0.0,0.6666667,2.0,0,0,2
127.0,55.0,54.0,120.0,54.0,78.0,80.22185,0.0,0.0,6035.4355,54.0,0.0,0.5,2.0,0,0,2
68.333336,55.0,54.0,120.0,74.0,60.0,65.42857,0.0,0.0,4869.0967,72.0,0.0,0.5,2.0,0,0,2
60.0,50.0,50.0,88.0,55.0,60.0,53.333332,0.0,0.0,220494.03,54.0,4.0,1.0,2.0,0,2,2
252.6972,80.0,81.0,158.56331,571.0,60.0,330.6016,0.0,0.0,190.8114,141.442,0.0,0.5,4.0,0,0,2
738.14545,55.0,75.0,97499.586,1292.0,60.0,936.02625,540.1831,635.19995,8734.407,426.99,15.967177,1.0833334,3.0,3,0,2
60.0,50.0,54.0,402.23022,601.26984,60.0,57.2575,339.84433,41.69569,202138.89,86.0,198.68272,1.2222222,3.0,0,2,2
1074.1642,90.0,89.0,36148.75,1292.0,169.61688,1101.5787,42.193043,556.4656,210.8525,543.82184,0.0,0.5,3.0,0,0,2
72.5,55.0,59.932125,120.0,390.0152,60.0,95.55306,0.0,0.0,1943.1768,94.666664,0.0,0.5,4.0,0,0,2
156.0,54.0,54.0,220.74654,55.0,60.0,78.73519,0.0,0.0,48553.258,55.0,0.0,1.0,2.0,0,0,2
1140.5054,90.65871,89.0,44693.555,972.1185,560.0,1101.5381,0.0,474.65997,609.3982,408.20828,0.0,0.5,2.0,0,0,2
581.26483,65.0,54.0,567.0,55.0,265.25894,124.100426,0.0,0.0,14909.053,54.0,0.0,0.6666667,2.0,0,0,2
648.5557,78.0,78.0,3903.3508,101.43403,124.890144,451.80002,0.0,0.0,3747.083,94.0,0.0,0.5,2.0,0,0,2
564.0,54.0,54.0,3795.0642,81.0,70.0,198.054,0.0,0.0,31353.973,75.0,0.0,1.0,2.0,0,0,2
571.0,78.0,55.0,560.0,76.0,446.37823,246.19113,0.0,0.0,4682.643,58.700558,0.0,0.5,2.0,0,0,2
560.0,87.0,86.0,205.0,618.0,70.0,464.04318,0.0,0.0,73.360565,165.66675,0.0,0.5,4.0,0,0,2
1150.8275,75.0,80.0,1043991.4,1292.0,99.91628,1068.955,458.80804,642.26056,9799.898,455.5132,13.0,1.0833334,2.0,3,0,2
941.9313,54.0,55.0,158134.45,617.7734,102.30175,570.09326,0.0,418.51166,51594.04,94.43254,9.785193,1.25,2.0,0,0,2
538.71545,54.0,54.0,24974.36,342.0,60.0,162.92566,177.17403,510.9824,339519.94,88.0,576.64014,1.375,2.0,3,0,2
571.0,71.0,73.0,561.0,81.0,123.95537,252.14357,0.0,0.0,4793.8887,78.0,0.0,0.6666667,2.0,0,0,2
60.0,53.333332,54.0,60.0,54.0,60.0,54.0,0.0,0.0,8298.191,54.0,0.0,0.5,3.0,0,0,2
666.8709,54.0,73.0,159048.58,1830.06,60.0,884.45557,2033.6434,648.57385,11075.064,551.1924,131.851,1.1167179,3.0,3,0,2
927.8065,89.0,88.0,8395.34,658.37933,211.62209,1025.7853,0.0,26.199867,354.17892,247.43106,0.0,0.5,2.0,0,0,2
663.9134,87.0,86.0,5507.1064,618.85236,119.833,876.5032,0.0,0.0,600.1383,195.40102,0.0,0.5,3.0,0,0,2
653.0909,90.74337,89.0,1483.9261,699.79736,135.51816,977.8309,0.0,0.0,56.39539,331.3558,0.0,0.5,3.0,0,0,2
137.96307,54.0,54.0,244.81723,74.0,60.0,78.0,0.0,0.0,57634.613,55.0,0.0,1.0,2.0,0,0,2
88.0,50.0,54.0,669.0,1251.3904,60.0,91.0,514.7487,489.6246,65403.54,105.921364,156.56458,1.2,3.0,3,0,2
109.43895,78.0,81.16359,124.4275,1248.1602,60.0,273.0,28.755676,0.0,70.078445,210.20784,0.0,0.5,7.0,0,0,2
257.91302,54.0,54.0,7674.0,1292.0,60.0,241.76631,542.2731,604.09174,31743.818,158.24092,181.28418,1.1232226,3.0,3,0,2
610.05066,60.97937,68.266365,3794.3574,115.39765,80.0,346.6945,0.0,0.0,8227.194,87.0,0.0,0.8,2.0,0,0,2
420.42996,54.0,55.0,643.23846,273.72125,60.0,240.0,0.0,0.0,8741.67,89.0,0.0,0.7864332,2.0,0,0,2
61.629337,54.0,54.0,151.6945,624.0,60.0,79.13024,174.3397,0.0,11310.484,90.6,2.0,0.8888889,4.0,0,0,2
1200.197,81.0,85.0,571334.56,1292.0,192.98251,1106.9337,136.93002,612.13605,4184.3564,427.00018,0.0,0.8888889,2.0,0,0,2
60.0,54.0,54.0,148.0,574.92334,60.0,57.0,187.178,0.0,18001.664,87.28124,9.039705,0.89111984,3.0,0,0,2
894.6897,54.0,54.0,18554.938,55.0,560.0,286.71683,0.0,0.0,177793.45,55.0,0.0,1.2,2.0,0,0,2
561.0,78.0,79.76346,386.4772,115.0,86.0,387.36594,0.0,0.0,1608.5343,94.0,0.0,0.5,3.0,0,0,2
353.09857,75.0,55.0,204.44629,71.0,114.11194,118.678856,0.0,0.0,5110.369,71.0,0.0,0.5,2.0,0,0,2
560.0,54.0,54.0,36816.81,1292.0,60.0,415.68292,1346.4296,641.7388,23101.436,262.46927,487.87488,1.2,3.0,3,0,2
1159.9573,80.0,85.0,359967.7,1292.0,136.0,1093.2521,224.3555,623.8066,3801.1367,482.3581,0.0,0.8888889,3.0,0,0,2
662.31104,89.00667,88.0,1413.1362,589.8675,151.0,940.0347,0.0,0.0,77.04422,216.01602,0.0,0.5,3.0,0,0,2
60.0,54.0,54.0,60.0,81.0,60.0,56.666668,0.0,0.0,4652.8584,76.51721,0.0,0.5,3.0,0,0,2
126.37878,80.0,80.0,136.52054,132.97124,60.0,240.01883,0.0,0.0,259.39252,123.0924,0.0,0.5,3.9562883,0,0,2
151.90317,64.0,71.0,214.6979,603.2602,60.0,239.0,0.0,0.0,3229.2327,126.097694,0.0,0.5,3.0,0,0,2
1286.8717,81.0,86.0,4297012.0,1522.7396,558.4447,1145.3148,410.77582,651.80194,7530.1694,855.0704,11.0,1.1828426,2.0,3,0,2
1093.2843,84.24711,86.0,280873.38,1292.0,108.144295,1088.9476,363.55066,627.27423,2706.9062,650.17834,0.0,0.6666667,3.0,3,0,2
145.73872,50.0,54.0,6434.0576,378.08923,60.0,91.0,178.25728,320.29623,314404.2,87.0,215.1135,1.25,2.0,3,0,2
295.03986,74.0,75.0,205.0,94.0,64.0,240.04097,0.0,0.0,2760.8062,89.570946,0.0,0.5,3.0,0,0,2
981.634,81.0,85.0,28362.84,1292.0,119.41864,1026.6115,130.21237,566.98865,1876.2135,396.52582,0.0,0.6666667,3.0,0,0,2
60.0,50.0,50.0,60.0,55.0,60.0,53.333332,0.0,0.0,282430.28,50.0,2.0,1.1,2.0,0,2,2
597.14703,77.0,75.26827,1196.6458,85.0,128.57838,347.24097,0.0,0.0,4951.2144,82.975555,0.0,0.62383157,2.0,0,0,2
692.7273,89.0,88.0,3918.6145,618.0,157.88295,973.7685,0.0,0.0,127.630005,216.0159,0.0,0.5,3.0,0,0,2
578.9755,54.0,54.0,45682.83,587.0,60.0,247.0,176.416,570.1444,335140.97,90.6,549.80835,1.6666666,2.0,3,0,2
596.8893,54.0,54.0,6388.66,95.0,67.0,247.0,0.0,0.0,20361.947,80.0,0.0,1.0815787,2.0,0,0,2
60.0,78.0,77.0,60.0,81.0,60.0,86.48927,0.0,0.0,146.82556,78.57734,0.0,0.5,4.0,0,0,2
561.0,54.0,55.0,8373.833,1286.7097,60.0,387.98398,336.73593,583.22,16051.508,157.52838,16.873417,1.0616387,2.0,3,0,2
85.5,67.0,55.0,120.0,55.01517,64.0,80.786026,0.0,0.0,3934.5762,55.0,0.0,0.5,2.0,0,0,2
85.5,54.0,54.0,213.0,391.40646,60.0,87.66894,29.883776,0.0,16563.303,87.0,4.99007,1.0,3.0,0,0,2
667.73096,77.0,74.0,1309.6576,75.0,257.2283,332.68542,0.0,0.0,6084.457,75.0,0.0,0.6666667,2.0,0,0,2
68.333336,54.0,54.0,205.0,87.0,60.0,71.09453,0.0,0.0,21475.02,80.0,5.0,0.75,2.0,0,0,2
653.0909,78.0,82.0,7184.0,1289.7339,66.0,849.1047,59.15431,347.6756,1809.8656,243.31145,0.0,0.5,3.0,0,0,2
414.5292,74.0,78.0,1630.5912,1292.0,60.0,463.43802,530.8072,582.8973,1686.1965,433.27356,0.0,0.5,6.0,0,0,2
154.76952,54.0,54.0,5892.714,619.0,60.0,104.666664,239.44339,434.4184,115080.48,92.0,120.31438,1.2222222,2.0,3,0,2
653.0909,54.0,54.0,76004.195,1292.0,60.0,452.34784,536.2169,627.19073,48649.16,193.95312,206.19601,1.2768509,2.0,3,0,2
262.32834,55.0,54.0,182.22505,71.0,77.0,97.666664,0.0,0.0,8590.453,55.0,0.0,0.6666667,2.0,0,0,2
761.08606,88.0,88.0,7649.21,1292.0,123.018166,1022.2024,24.04163,433.88083,169.98021,433.22717,0.0,0.5,3.0,0,0,2
739.55554,86.0,85.0,6422.4175,196.55495,167.0,856.13965,0.0,0.0,1797.2059,133.27057,0.0,0.5,2.0,0,0,2
85.5,50.0,54.0,931.7112,1327.951,60.0,109.333336,2309.2026,624.2292,18663.096,218.25319,336.42117,1.2,6.0,3,0,2
388.21866,55.0,73.0,571.0,1292.0,60.0,346.14908,171.81354,160.29196,3227.666,172.92043,0.0,0.6666667,4.0,0,0,2
276.18176,71.0,54.0,151.0,55.0,145.43445,93.40418,0.0,0.0,6480.4907,54.0,0.0,0.5,2.0,0,0,2
561.0,54.0,54.0,1382.1497,85.0,66.0,145.43723,0.0,0.0,22077.725,75.0,0.0,1.0547848,2.0,0,0,2
1168.7166,87.0,87.0,273104.94,1292.0,200.0,1107.8314,103.85802,600.3616,1803.8787,476.2127,0.0,0.6666667,2.0,0,0,2
60.0,54.0,54.0,60.0,78.0,60.0,56.708096,0.0,0.0,5697.945,71.0,0.0,0.5,3.0,0,0,2
109.12812,85.5932,55.0,78.0,80.0,86.0,107.85431,0.0,0.0,130.85268,77.98561,0.0,0.5,3.0,0,0,2
692.7273,71.885155,78.0,22019.531,1292.0,64.0,880.1171,307.9237,600.4525,5260.256,262.66437,1.0,0.8,3.0,0,0,2
560.0,54.0,55.0,6931.6675,668.6913,60.0,298.5565,105.11752,280.58865,11736.704,130.06874,3.0,1.0,2.0,0,0,2
1163.5793,66.441216,78.0,1064592.0,1292.0,100.91394,1048.9003,372.88107,640.1085,15387.181,388.26974,33.39994,1.2222222,2.0,3,0,2
1178.5431,82.0,85.0,393068.44,940.46936,560.0,1075.1152,0.0,515.32715,5250.584,213.80956,0.0,0.75,2.0,0,0,2
72.5,54.0,54.0,120.0,55.0,60.0,56.666668,0.0,0.0,22981.092,54.0,0.0,0.8,2.0,0,0,2
567.0,75.0,77.0,589.5853,97.0,85.88195,349.7773,0.0,0.0,3758.3567,90.0,0.0,0.5,2.0,0,0,2
286.62274,54.0,54.0,3935.5688,617.7379,60.0,239.0,141.7942,159.18988,15388.582,105.880066,8.0,1.0,2.0,0,0,2
567.0,88.0,85.0,350.38467,94.666664,158.00404,451.85,0.0,0.0,246.8028,86.0,0.0,0.5,2.0,0,0,2
470.25534,54.0,54.0,1659.6594,97.13939,60.0,239.0,0.0,0.0,13743.457,87.0,0.0,0.86790264,2.0,0,0,2
120.0,78.0,80.0,145.0,618.0,60.0,247.0,0.0,0.0,191.21002,157.33333,0.0,0.5,5.0,0,0,2
1188.7336,86.0,86.07314,521817.72,1292.0,182.77206,1109.5532,162.10365,616.1931,3518.6804,474.256,0.0,0.75,2.0,0,0,2
182.99693,54.0,54.0,704.43085,590.5726,60.0,232.64,67.73423,11.785113,10434.271,105.8922,0.56525034,0.786327,3.0,0,0,2
151.94804,75.0,78.0,149.09894,581.0,60.0,241.47925,0.0,0.0,662.39197,119.50521,0.0,0.5,4.0,0,0,2
215.70068,87.0,86.0,211.90547,693.3839,60.0,450.9006,16.786816,0.0,73.34172,247.38841,0.0,0.5,5.0,0,0,2
95.26272,78.0,81.0,120.0,656.92676,60.0,240.0,0.0,0.0,61.325115,157.44444,0.0,0.5,7.0,0,0,2
1169.9758,80.24211,85.0,432735.97,1270.7375,213.0,1073.8798,1.8047616,595.0077,5809.173,245.09581,0.0,0.8424721,2.0,0,0,2
295.82394,51.719833,54.0,7636.889,164.59204,60.0,100.0,103.45895,245.22586,325704.4,81.0,199.69534,1.2795031,2.0,3,0,2
221.4009,75.0,78.0,538.0,648.5368,60.0,296.6799,7.4611487,0.0,1800.6046,156.5664,0.0,0.5,3.0,0,0,2
112.39285,54.0,54.0,299.11914,590.2383,60.0,97.666664,23.33489,0.0,11838.045,89.0,0.0,1.0,3.0,0,0,2
158.0,78.0,80.0,147.59839,653.32043,60.0,273.0,0.0,0.0,191.55823,151.54666,0.0,0.5,5.0,0,0,2
78.0,54.0,54.0,205.0,1253.8191,60.0,91.0,320.62155,26.632313,12247.345,105.88227,9.0,1.0,4.0,0,0,2
525.1673,85.0,55.0,156.0,80.0,167.0,240.59879,0.0,0.0,1386.9403,75.0,0.0,0.5,2.0,0,0,2
317.50168,54.0,54.0,8266.59,1292.0,60.0,249.0,811.20605,626.3084,31596.816,205.97995,304.46606,1.2222222,3.0,3,0,2
692.7273,65.0,73.0,16572.428,664.4263,70.184135,544.35565,0.0,372.31976,11381.809,143.65205,0.0,1.0,2.0,0,0,2
60.0,54.0,54.0,60.0,54.0,60.0,56.4,0.0,0.0,8321.599,54.0,0.0,0.5,2.0,0,0,2
60.0,72.0,75.0,60.0,140.40298,60.0,87.333336,0.0,0.0,251.38612,106.0,0.0,0.5,6.0,0,0,2
200.0,77.0,54.0,120.0,72.0,151.0,94.333336,0.0,0.0,3100.4,55.0,0.0,0.5,2.0,0,0,2
178.88887,65.0,75.0,898.3413,1292.0,60.0,376.5974,529.14386,561.3316,2890.4678,309.4813,0.0,0.6666667,5.0,0,0,2
425.744,81.0,85.0,3348.8162,1252.3748,60.0,526.6517,255.70277,473.263,1170.7472,394.9441,0.0,0.5,3.0,0,0,2
1200.7388,78.0,81.0,976646.75,1292.0,225.11758,1079.709,0.49523312,600.0176,8740.724,217.8526,0.0,1.0,2.0,0,0,2
927.87885,87.0,87.0,38814.227,1292.0,107.88535,1054.7974,222.04428,603.68896,1351.497,539.63776,0.0,0.5,3.0,0,0,2
636.4793,54.0,55.0,203029.48,1798.9198,60.0,662.99756,2295.0442,650.10986,18375.018,495.6323,525.3368,1.2222222,3.0,3,0,2
1139.4202,55.0,73.0,1629061.1,1471.9545,65.0,1029.5986,594.0691,655.53284,34873.227,469.91562,451.38373,1.3865297,2.0,3,0,2
78.0,50.0,53.331936,560.8239,86.0,60.0,57.0,0.0,0.0,318314.78,71.0,36.686256,1.2222222,2.0,0,0,2
79.74702,54.0,54.0,218.29883,1292.0,60.0,116.69641,543.1455,484.69318,5919.6543,186.89226,7.0,0.8,6.0,0,0,2
653.0909,55.0,75.0,71941.336,1514.0,60.0,875.7498,1328.7885,647.18677,9165.635,518.9995,80.61761,1.0,3.0,3,0,2
60.0,55.0,55.0,78.0,156.3098,60.0,80.0,0.0,0.0,1714.0781,92.0,0.0,0.5,5.0,0,0,2
692.9563,55.0,75.0,29022.688,1292.0,60.0,875.8925,471.1037,616.09894,7286.813,314.6545,8.0,1.0717183,3.0,0,0,2
120.0,55.0,54.0,127.0,55.0,66.0,85.0,0.0,0.0,7155.028,55.0,0.0,0.5,2.0,0,0,2
70.87851,54.0,54.0,156.04002,75.0,60.0,57.0,0.0,0.0,31777.652,55.0,0.0,0.8,2.0,0,0,2
341.58173,88.0,79.0,127.0,88.87078,127.0,298.1282,0.0,0.0,76.04595,85.0,0.0,0.5,3.0,0,0,2
560.0,82.0,85.0,560.0,582.0,70.0,451.8424,0.0,0.0,345.62576,153.77777,0.0,0.5,3.0,0,0,2
60.0,54.0,54.0,205.0,1292.0,60.0,88.0,552.13574,472.56934,11760.002,150.67921,18.75052,1.0,5.0,0,0,2
818.32,65.0,73.810905,42802.14,708.91876,87.45589,712.0789,9.720269,505.72925,13808.496,150.67455,5.0,1.0,2.0,0,0,2
60.0,54.0,54.0,159.29132,1292.0,60.0,94.0,550.4079,409.59857,4981.6196,174.43031,5.0,0.6666667,7.0,0,0,2
156.0,65.0,55.0,120.0,55.0,77.0,93.46075,0.0,0.0,4533.9385,55.0,0.0,0.5,2.0,0,0,2
1280.3007,75.0,80.0,4044397.8,1370.4751,171.19295,1133.2698,414.13846,649.34125,16786.926,490.06317,47.199284,1.31955,2.0,3,0,2
560.0,54.0,54.0,40691.812,1292.0,60.0,302.99515,1053.5793,640.08435,173806.67,198.58765,580.59406,1.3839086,2.0,3,0,2
60.0,50.0,54.0,120.0,587.0,60.0,56.666668,247.79515,0.0,21816.986,86.0,13.0,1.0,4.0,0,0,2
639.113,55.0,75.0,7646.1724,1292.0,60.0,618.18353,338.54416,591.8999,4653.894,247.36554,0.0,1.0,3.0,0,0,2
691.38196,87.0,87.0,7658.001,1292.0,77.0,1005.26685,203.29736,565.6,248.06793,546.04254,0.0,0.5,4.0,0,0,2
102.75589,86.18764,55.0,60.0,80.0,97.0,96.933426,0.0,0.0,130.88164,71.353424,0.0,0.5,2.0,0,0,2
451.98358,82.338745,85.0,564.0,584.7254,65.0,435.30582,0.0,0.0,494.28717,174.38567,0.0,0.5,3.0,0,0,2
449.58923,78.0,55.0,136.0,76.0,150.0,188.81712,0.0,0.0,1891.8298,69.5,0.0,0.5,2.0,0,0,2
261.0517,77.0,77.32122,161.74559,89.0,65.0,240.0,0.0,0.0,1701.8604,88.0,0.0,0.5,3.0,0,0,2
213.0,54.0,54.0,3217.2314,784.5903,60.0,239.0,185.0089,320.0809,12256.982,132.06671,8.0,1.0,3.0,0,0,2
168.56569,86.0,77.0,120.0,81.0,93.99297,239.0,0.0,0.0,228.7174,81.0,0.0,0.5,3.0,0,0,2
78.0,77.0,71.0,60.0,75.0,60.0,88.0,0.0,0.0,741.56744,75.0,0.0,0.5,3.0,0,0,2
656.52295,80.82292,81.0,1372.5872,92.0,156.09842,458.32703,0.0,0.0,2225.5222,92.0,0.0,0.5,2.0,0,0,2
60.0,50.0,50.0,60.0,55.0,60.0,53.333332,0.0,0.0,21255.705,54.0,0.0,0.6666667,2.0,0,0,2
60.0,78.0,78.0,60.0,83.53922,60.0,87.333336,0.0,0.0,131.48409,79.0,0.0,0.5,4.0,0,0,2
60.0,54.0,55.0,87.16668,933.0,60.0,78.0,435.0704,0.0,1730.2645,156.62682,0.0,0.5,10.0,0,0,2
156.0,80.0,78.0,164.86087,92.0,65.0,240.0,0.0,0.0,1311.4827,87.0,0.0,0.5,3.0,0,0,2
1062.5778,54.0,55.0,842968.6,1282.0,80.0,882.63385,174.0689,612.5832,80894.79,155.20094,82.27709,1.3460615,2.0,3,0,2
60.0,50.0,50.0,60.0,54.0,60.0,53.333332,0.0,0.0,127599.8,50.0,0.0,1.0,2.0,0,0,2
60.0,54.0,54.0,78.0,80.0,60.0,56.666668,0.0,0.0,11697.344,69.5,0.0,0.6666667,3.0,0,0,2
60.0,54.0,55.0,106.26351,1254.0,60.0,88.0,456.45627,0.0,1468.1411,173.11417,0.0,0.5,12.0,0,0,2
1194.5096,85.0,85.0,400148.66,1253.7731,560.0,1089.4634,0.0,556.3713,4651.6787,228.22339,0.0,0.75,2.0,0,0,2
97.0,54.0,54.0,684.5393,1292.0,60.0,200.34198,1001.23535,604.042,9871.353,223.84476,42.3138,1.0,5.0,3,0,2
309.03223,75.0,78.0,561.0,974.6616,60.0,370.25156,49.07567,10.36607,1797.3177,173.12459,0.0,0.5,3.6443925,0,0,2
571.0,54.0,54.0,7758.201,71.0,84.82617,104.666664,0.0,0.0,341040.56,55.0,9.0,1.25,2.0,0,0,2
561.0,54.0,54.0,561.0,72.0,108.05344,111.04683,0.0,0.0,17161.662,55.0,0.0,1.0,2.0,0,0,2
313.94717,64.0,55.0,342.0,87.0,64.0,215.98991,0.0,0.0,5613.959,81.0,0.0,0.6666667,2.0,0,0,2
581.25854,71.0,75.0,7201.6147,390.5803,66.0,428.34866,0.0,11.785113,7469.2783,122.556305,0.0,0.6666667,2.0,0,0,2
563.17975,54.0,54.0,1212.89,80.0,77.61186,208.895,0.0,0.0,19157.463,74.63182,0.0,1.0,2.0,0,0,2
60.0,57.0,54.0,60.0,55.0,60.0,71.0,0.0,0.0,1718.9618,55.0,0.0,0.5,3.0,0,0,2
202.308,82.423,76.0,120.0,80.830086,97.59369,239.0,0.0,0.0,332.0259,80.0,0.0,0.5,2.2573981,0,0,2
1094.3727,67.0,75.0,309505.34,1238.1605,127.0,972.47144,12.370288,570.483,14114.246,157.51593,5.0,1.1,2.0,0,0,2
64.0,56.666668,50.0,60.0,54.0,60.0,61.09512,0.0,0.0,3717.2312,54.0,0.0,0.5,2.0,0,0,2
186.93324,54.0,54.0,205.59006,81.0,60.0,103.86776,0.0,0.0,9672.244,75.69789,0.0,0.6666667,2.0,0,0,2
60.0,54.0,54.0,87.98099,586.9516,60.0,57.0,186.01738,0.0,5640.7856,90.89375,0.0,0.6666667,6.0,0,0,2
68.333336,54.0,50.0,60.0,54.0,60.0,56.666668,0.0,0.0,8489.873,54.0,0.0,0.5,2.0,0,0,2
383.9545,54.0,54.0,342.0,75.0,68.03915,100.0,0.0,0.0,13698.576,55.0,0.0,0.7766881,2.0,0,0,2
814.4821,54.0,54.0,472555.34,624.0,66.0,452.90076,146.64442,600.0366,320573.1,105.09739,262.35342,1.6783893,2.0,3,0,2
466.4279,65.0,59.689926,181.93701,78.0,86.0,147.5645,0.0,0.0,4907.709,74.0,0.0,0.6666667,2.0,0,0,2
567.0,79.0,85.0,8183.093,1292.0,60.0,879.67865,543.05554,617.9857,1873.6771,648.83044,0.0,0.5,4.0,3,0,2
85.5,54.0,54.0,157.71396,79.0,60.0,60.0,0.0,0.0,44236.145,55.0,0.0,1.0,2.0,0,0,2
1024.2169,55.0,75.0,1039904.06,1850.0187,60.0,1022.2834,1650.1593,660.02313,14153.084,657.6288,208.52177,1.2222222,3.0,3,0,2
186.85805,88.0,86.0,120.0,119.978,78.0,330.88898,0.0,0.0,45.694496,92.0,0.0,0.5,4.0,0,0,2
127.0,55.0,55.0,120.0,55.0,65.04307,87.77745,0.0,0.0,5641.636,55.0,0.0,0.5,2.0,0,0,2
136.0,55.0,71.0,3904.7903,1292.0,60.0,311.8289,1865.3564,624.12225,4811.1714,461.63382,13.0,0.6666667,5.0,3,0,2
85.5,55.0,55.0,145.0,581.0,60.0,105.428894,0.0,0.0,2774.0544,98.21819,0.0,0.5,4.0,0,0,2
922.5784,55.0,71.0,188832.45,1279.653,78.0,870.8225,131.77766,592.8994,17047.51,157.44753,9.489387,1.2,2.0,0,0,2
60.0,50.0,50.0,560.0,81.0,60.0,56.666668,0.0,0.0,355011.88,55.0,198.22914,1.3033804,2.0,0,2,2
68.333336,78.0,81.0,120.0,1283.2828,60.0,240.0,193.01541,0.0,57.300198,248.84868,0.0,0.5,14.302104,0,0,2
60.0,50.0,50.0,138.0,88.0,60.0,56.666668,0.0,0.0,123117.195,71.0,11.0,1.1073982,2.0,0,0,2
663.767,71.0,78.0,20098.191,1388.9598,60.0,930.4209,551.24493,627.5892,3986.0457,521.2392,5.0,0.8,3.0,3,0,2
478.38712,81.0,85.0,669.0,1254.0,60.0,535.05774,168.78445,258.24515,368.2945,304.19662,0.0,0.5,4.0,0,0,2
78.0,54.0,54.0,214.48274,702.9335,60.0,88.0,229.19044,12.600441,15940.632,94.0,10.0,1.0,3.0,0,0,2
159.42001,65.0,54.0,120.0,55.0,108.07246,88.0,0.0,0.0,5675.4966,54.0,0.0,0.5,2.0,0,0,2
120.0,78.0,78.0,120.0,90.0,60.0,209.28868,0.0,0.0,332.19788,88.0,0.0,0.5,3.0,0,0,2
542.5207,54.0,55.0,1393.0585,756.8902,60.0,273.0,8.665478,11.785113,7033.0513,122.64672,0.0,0.8701171,3.0,0,0,2
151.0,55.0,73.037384,581.9417,1292.0,60.0,297.0349,543.2478,570.1517,3079.9312,319.5493,0.0,0.6666667,6.0,0,0,2
146.31036,54.0,54.0,669.0,697.3441,60.0,130.77286,185.18312,187.46487,12125.807,120.163,8.0,0.91337395,3.0,0,0,2
73.53061,65.42857,54.0,60.0,71.8141,70.0,77.0,0.0,0.0,1444.4838,55.0,0.0,0.5,2.0,0,0,2
159.54395,85.83011,54.0,120.0,78.0,158.0,107.34752,0.0,0.0,763.20087,55.0,0.0,0.5,2.0,0,0,2
1228.4102,81.0,85.0,1309494.4,1292.0,237.4771,1127.0929,177.8656,633.2797,5807.821,476.1533,1.0,1.0,2.0,3,0,2
922.7664,72.0,78.0,45069.87,1292.0,87.66992,959.1269,127.67497,574.248,8250.655,206.23444,0.0,1.0,2.0,0,0,2
68.333336,54.0,54.0,120.0,80.61937,60.0,61.283386,0.0,0.0,9079.343,75.0,0.0,0.6666667,3.0,0,0,2
104.993835,82.01112,85.0,108.0,240.17818,60.0,241.46132,0.0,0.0,56.134533,136.14694,0.0,0.5,5.0,0,0,2
60.0,54.0,54.0,60.0,63.340675,60.0,56.4,0.0,0.0,2530.4353,55.0,0.0,0.5,3.0,0,0,2
60.0,50.0,50.0,120.0,55.0,60.0,53.333332,0.0,0.0,363399.16,54.0,18.205227,1.2477114,2.0,0,2,2
78.0,50.0,54.0,603.3979,623.9844,60.0,79.2239,344.60916,305.42523,177490.39,88.0,194.78886,1.2222222,3.0,0,0,2
299.4993,55.0,72.0,891.19507,1292.0,60.0,371.67685,477.42276,515.94324,3778.9324,245.28992,0.0,0.75,5.0,0,0,2
317.63965,54.0,54.0,8172.7075,1254.0,60.0,239.0,514.14813,597.5099,98364.26,138.00421,241.02353,1.2222222,2.0,3,0,2
1205.9818,86.0,87.0,1312381.5,1292.0,174.32043,1133.2368,338.15732,643.9754,4537.061,661.53735,2.0,0.879975,2.0,3,0,2
218.67052,74.0,77.441605,170.20473,587.0,60.0,248.94905,0.0,0.0,1352.4259,116.52936,0.0,0.5,3.0,0,0,2
970.46234,78.0,83.24164,42218.703,1292.0,96.73455,1006.44653,172.32678,597.0536,3867.4148,381.09283,0.0,0.75,3.0,0,0,2
60.0,54.0,55.0,120.0,1292.0,60.0,88.0,516.37714,11.785113,1838.5874,174.34131,0.0,0.5,12.0,0,0,2
97.65664,71.0,76.0,561.0,1292.0,60.0,247.0,537.95764,507.90945,2295.7703,306.11343,0.0,0.5,5.0,0,0,2
99.1282,54.0,54.0,120.0,76.0,60.0,78.0,0.0,0.0,8738.403,55.0,0.0,0.6666667,2.0,0,0,2
97.058,55.0,54.0,119.64651,54.0,66.0,65.42857,0.0,0.0,6030.032,54.0,0.0,0.5,2.0,0,0,2
138.0,80.0,75.0,106.89865,78.0,78.0,116.16738,0.0,0.0,332.2005,78.0,0.0,0.5,3.0,0,0,2
570.619,54.0,64.464355,6337.0522,1292.0,60.0,428.35684,159.30072,369.0686,6808.6157,157.2079,0.0,1.0,3.0,0,0,2
636.08417,54.0,54.0,234287.58,1292.0,60.0,415.70786,522.7637,627.0701,190590.47,157.37526,577.31573,1.3296236,2.0,3,0,2
809.12274,54.0,54.0,219074.08,571.0,80.0,444.4193,0.0,446.54407,184888.11,90.0,33.407497,1.3305998,2.0,0,0,2
602.0922,54.0,54.0,40869.723,95.0,60.0,239.0,0.0,299.86484,343591.34,80.0,201.62997,1.5690693,2.0,3,0,2
636.6977,54.0,54.0,7674.0,83.37623,86.0,240.0,0.0,0.0,95476.875,75.0,1.0,1.2,2.0,0,0,2
68.333336,54.0,54.0,120.0,794.4476,60.0,91.18168,137.85461,0.0,4201.329,105.41805,0.0,0.6666667,5.0,0,0,2
1205.7466,74.485275,78.0,1457470.4,1292.0,167.0,1088.5259,167.83192,627.29675,15386.744,246.80568,12.0,1.2222222,2.0,3,0,2
60.0,55.0,54.0,60.0,73.234085,60.0,56.4,0.0,0.0,1183.0078,71.0,0.0,0.5,4.0,0,0,2
561.0,54.0,71.0,18927.72,1329.4108,60.0,534.46124,1749.79,642.99146,8878.673,484.1358,80.82463,1.0,3.0,3,0,2
556.27246,71.81772,77.0,6565.3184,1254.0,60.0,444.42258,237.18321,505.00818,4326.214,217.91226,0.0,0.6666667,3.0,0,0,2
1198.2002,74.0,77.0,974158.7,603.8419,560.0,1005.1347,0.0,494.34375,20307.193,133.99248,2.0,1.1949683,2.0,0,0,2
814.4577,75.0,78.0,41445.395,987.6047,92.56199,890.6505,29.883776,515.9039,8347.813,174.88037,0.0,0.83467335,2.0,0,0,2
1205.1174,70.0,78.0,1775609.5,1292.0,151.0,1089.999,303.472,642.6345,18865.496,334.28925,37.93211,1.25,2.0,3,0,2
920.6358,80.0,81.0,7854.7246,142.56914,216.59267,871.54144,0.0,0.0,3824.637,104.23383,0.0,0.6666667,2.0,0,0,2
436.20917,54.0,54.0,560.0,55.0,90.0,88.333336,0.0,0.0,42287.125,54.0,0.0,1.0,2.0,0,0,2
85.5,70.0,60.30456,108.0,75.0,60.0,88.0,0.0,0.0,2357.4253,75.0,0.0,0.5,3.0,0,0,2
60.0,54.0,54.0,120.0,681.046,60.0,78.0,182.95572,0.0,4475.6787,105.47691,0.0,0.6666667,6.0,0,0,2
200.0,54.0,54.0,1368.7836,618.0,60.0,239.0,135.81577,26.908098,11702.6045,109.92332,4.0,0.8333333,3.0,0,0,2
561.0,80.0,55.0,198.0,78.0,174.51595,242.00879,0.0,0.0,2624.025,72.0,0.0,0.5,2.0,0,0,2
540.97723,54.0,54.0,7202.356,75.0,64.0,92.47401,0.0,0.0,343058.8,55.0,13.0,1.2503723,2.0,0,0,2
60.0,55.0,71.0,120.0,1292.0,60.0,97.666664,546.679,85.50434,591.45526,247.54964,0.0,0.5,32.53485,0,0,2
1178.277,78.0,85.0,644601.5,1292.0,156.0,1097.0624,178.15823,624.212,5294.446,426.7694,0.0,1.0,2.0,0,0,2
571.0,55.0,55.0,6319.2007,385.6101,65.0,342.77472,0.0,0.0,10453.835,92.0,0.0,0.8888889,2.0,0,0,2
932.1098,65.0,78.0,407978.84,1806.1432,60.0,1011.39557,808.6541,648.4918,8849.425,649.0352,46.2399,1.1111112,3.0,3,0,2
295.80746,54.0,54.0,5864.251,587.0,60.0,240.0,161.47887,280.01364,15389.721,116.35838,8.823604,0.8888889,2.0,0,0,2
611.88654,54.0,54.0,212812.47,1292.0,60.0,430.2863,589.94507,638.5383,126832.07,204.89037,578.6162,1.375,2.0,3,0,2
1115.5344,65.0,77.0,965660.44,1292.0,67.0,1022.9612,525.92413,644.9568,12704.938,427.12024,40.256485,1.2099205,2.0,3,0,2
724.8783,78.0,79.0,19295.357,697.58105,92.51397,870.33167,7.173181,448.7807,5264.4907,174.53131,0.0,0.6666667,2.0,0,0,2
653.0909,87.0,87.0,6011.616,1292.0,66.0,979.7839,173.68556,476.81354,148.0627,487.14594,0.0,0.5,4.0,0,0,2
102.03243,78.0,78.0,104.008644,87.0,60.0,111.58149,0.0,0.0,272.65268,81.0,0.0,0.5,3.0,0,0,2
1163.2782,86.0,85.0,320048.56,700.62744,538.0,1050.7388,0.0,507.77765,4891.925,214.89651,0.0,0.6666667,2.0,0,0,2
1182.3251,81.0,85.0,1039618.94,1292.0,164.47467,1103.983,182.13274,627.1338,5799.861,432.70023,1.0,0.89438134,2.0,3,0,2
60.0,54.0,54.0,78.0,55.0,60.0,56.666668,0.0,0.0,11739.039,55.0,0.0,0.6666667,2.0,0,0,2
1023.93506,78.0,79.0,15593.677,617.0,160.15726,904.2443,0.0,11.749473,5022.1123,135.1175,0.0,0.76499796,2.0,0,0,2
60.0,71.0,78.0,120.0,1292.0,60.0,119.31603,522.39905,13.517446,132.1369,309.95703,0.0,0.5,31.122982,0,0,2
1116.0139,78.0,80.0,41072.54,1211.7131,158.0315,998.75085,0.0,354.97125,5164.8438,163.49724,0.0,0.9,2.0,0,0,2
168.2457,54.0,54.0,7163.636,1090.6495,60.0,131.39792,425.35684,543.3453,74548.445,119.9339,141.8396,1.2037848,2.0,3,0,2
60.0,50.0,50.0,60.0,75.0,60.0,53.333332,0.0,0.0,96456.92,54.0,1.0,1.0,2.0,0,2,2
512.6987,81.0,85.0,561.0,1216.5417,60.0,455.5719,15.5,8.485281,331.60953,218.81427,0.0,0.5,4.0,0,0,2
1054.8944,88.0,86.0,24499.08,129.35933,561.0,981.7059,0.0,0.0,3125.0417,89.0,0.0,0.5,2.0,0,0,2
1147.4944,80.0,85.0,264537.94,787.2662,211.43686,1026.141,0.0,503.8701,5509.9795,194.32549,0.0,0.75,2.0,0,0,2
639.5,94.0,91.2789,564.0,1292.0,119.928345,1006.6002,0.0,0.0,6.333041,502.6207,0.0,0.5,6.0,0,0,2
528.9177,80.0,80.0,166.00859,81.0,120.0,250.92387,0.0,0.0,1084.3428,80.0,0.0,0.5,2.0,0,0,2
60.0,54.0,54.0,137.30324,407.0,60.0,85.4835,29.41357,0.0,5996.6533,90.6,0.0,0.6666667,3.0,0,0,2
548.5379,87.0,85.0,556.3221,106.30761,108.0,415.04446,0.0,0.0,589.8047,87.0,0.0,0.5,2.0,0,0,2
417.30392,88.0,87.0,125.58036,114.329506,108.0,415.32428,0.0,0.0,45.49752,92.0,0.0,0.5,3.0,0,0,2
1081.1882,55.0,55.0,82112.23,80.0,560.0,507.36282,0.0,0.0,75206.96,78.0,0.0,1.189969,2.0,0,0,2
1150.8279,78.0,78.0,367696.0,571.0,488.4529,987.875,0.0,399.57068,11751.541,139.88484,0.0,1.0,2.0,0,0,2
145.4351,54.0,55.0,671.13635,1254.0,60.0,239.4521,408.95047,472.89035,7680.6406,164.23224,6.948072,0.75,3.0,0,0,2
68.333336,75.0,55.0,60.0,71.0,60.0,78.0,0.0,0.0,1479.2833,69.5,0.0,0.5,3.0,0,0,2
597.93506,54.0,54.0,8331.401,89.0,66.0,247.0,0.0,0.0,85141.04,80.0,7.0,1.1451596,2.0,0,0,2
60.0,50.0,50.0,185.83208,75.0,60.0,56.666668,0.0,0.0,337956.53,55.0,16.166494,1.2222222,2.0,0,0,2
103.03567,81.0,85.0,120.0,618.0,60.0,247.79741,0.0,0.0,57.14511,172.5709,0.0,0.5,6.0,0,0,2
1169.9033,89.91659,89.0,303919.84,1292.0,254.48096,1133.1362,160.12111,607.0512,583.53815,693.72595,0.0,0.5,3.0,0,0,2
158.0,82.18892,75.0,120.0,80.0,88.0,231.1053,0.0,0.0,395.15964,80.0,0.0,0.5,2.0,0,0,2
567.0,78.0,78.0,1495.8121,581.0,67.0,441.1101,0.0,0.0,2706.9763,143.61472,0.0,0.5,3.0,0,0,2
567.0,80.27207,80.99249,560.0,90.62562,120.0,415.11514,0.0,0.0,1548.2972,89.0,0.0,0.5,2.0,0,0,2
89.46396,78.0,78.0,120.0,87.0,60.0,105.994316,0.0,0.0,675.9981,78.0,0.0,0.5,3.0,0,0,2
157.32594,64.0,55.0,171.0,78.0,64.0,104.666664,0.0,0.0,5613.663,78.0,0.0,0.5,2.0,0,0,2
85.5,54.0,54.0,212.8613,1292.0,60.0,111.64064,521.3331,427.2119,6064.7793,162.9778,5.0,0.8,6.0,0,0,2
740.67053,55.0,73.0,309361.22,1292.0,60.0,916.5191,588.3933,645.5365,13626.743,428.98624,93.20045,1.2,3.0,3,0,2
466.18726,81.0,55.0,159.9184,78.0,167.0,232.04616,0.0,0.0,2242.9443,71.0,0.0,0.5,2.0,0,0,2
567.0,88.0,87.0,561.0,153.70628,126.78281,572.0447,0.0,0.0,131.5715,138.83907,0.0,0.5,3.0,0,0,2
638.12054,65.0,55.0,5841.995,78.0,139.97005,273.0,0.0,0.0,11865.939,78.0,0.0,0.75,2.0,0,0,2
456.76895,80.0,78.0,146.55356,80.0,114.318565,247.0,0.0,0.0,688.69086,78.307076,0.0,0.5,2.0,0,0,2
68.333336,54.0,54.0,120.0,81.0,60.0,57.76934,0.0,0.0,11679.887,71.0,0.0,0.75,3.0,0,0,2
147.94913,54.0,71.0,3183.7341,1292.0,60.0,326.77112,1364.0067,616.3396,4464.0786,432.57172,11.0,0.6666667,6.0,3,0,2
667.1756,55.0,55.0,15649.126,397.68005,71.83981,428.78632,0.0,170.7918,18403.775,101.860146,3.0202937,1.0,2.0,0,0,2
158.00534,54.0,55.0,669.0,1292.0,60.0,262.32153,536.36566,560.7266,4837.3804,232.62845,4.0,0.75,5.0,0,0,2
761.1921,55.0,71.0,263638.0,1292.0,60.0,871.47186,467.02463,626.9849,17036.496,244.5837,40.519012,1.2,2.0,3,0,2
60.0,54.0,54.0,60.0,55.0,60.0,56.4,0.0,0.0,11985.294,54.0,0.0,0.6666667,2.0,0,0,2
60.0,50.0,50.0,120.0,55.0,60.0,56.4,0.0,0.0,178763.17,54.0,0.0,1.0904197,2.0,0,0,2
571.0,67.0,73.0,1405.5728,115.0,78.0,342.8949,0.0,0.0,5792.535,88.0,0.0,0.6666667,2.0,0,0,2
809.97876,60.94202,76.0,422091.44,1514.0,60.0,985.77637,969.4933,648.99493,11737.585,546.7203,123.46498,1.1142304,3.0,3,0,2
60.0,53.333332,50.0,60.0,54.0,60.0,54.0,0.0,0.0,11378.034,54.0,0.0,0.5,2.0,0,0,2
1213.886,70.0,77.0,1741987.5,1247.4774,447.89114,1053.9496,0.0,607.0512,40215.918,157.54066,12.575652,1.25,2.0,3,0,2
726.44,54.0,54.0,303602.38,589.0,65.0,428.35,59.850185,568.28467,292908.53,94.19717,171.50165,1.375,2.0,3,0,2
60.0,54.0,54.0,60.0,74.0,60.0,54.2063,0.0,0.0,9859.719,55.0,0.0,0.6666667,3.0,0,0,2
86.77008,80.0,85.0,120.0,1254.0,60.0,252.04318,162.06703,0.0,56.831085,246.64902,0.0,0.5,10.0,0,0,2
718.9747,55.0,73.0,166531.44,1292.0,60.0,873.6567,524.15826,627.6128,12256.683,285.9257,34.37678,1.1063486,2.0,3,0,2
1053.1805,78.0,81.0,39706.49,643.36786,163.95248,981.19653,0.0,276.07657,4990.229,157.33333,0.0,0.75,2.0,0,0,2
692.7273,54.0,54.0,15982.829,97.223785,86.0,345.29718,0.0,0.0,81080.19,81.0,5.0,1.2222222,2.0,0,0,2
60.0,50.0,50.0,120.0,95.32563,60.0,56.666668,0.0,0.0,81978.92,72.0,10.0,1.1453017,3.0,0,0,2
564.2087,54.0,54.0,20945.662,1292.0,60.0,415.22284,536.7387,616.9834,20805.102,199.5326,115.94698,1.1827047,3.0,3,0,2
167.0,54.0,54.0,561.0,80.0,60.0,87.333336,0.0,0.0,70814.74,57.438343,0.0,1.0968293,2.0,0,0,2
417.3434,54.0,54.0,6775.806,78.0,60.0,91.0,0.0,0.0,338388.9,55.0,17.0,1.25,2.0,0,0,2
1178.6515,86.0,87.0,970140.0,1292.0,154.43088,1118.7957,365.57468,638.38513,3089.4792,750.70276,0.0,0.75,2.0,3,0,2
717.96747,89.0,88.0,7620.0,1282.0,119.78897,1005.9288,28.755676,409.9182,182.09007,432.31424,0.0,0.5,3.0,0,0,2
60.0,50.0,50.0,60.0,55.0,60.0,53.333332,0.0,0.0,96545.2,50.0,0.0,0.8888889,2.0,0,0,2
164.83643,80.0,54.0,119.13685,77.0,158.90242,97.666664,0.0,0.0,1707.084,55.0,0.0,0.5,2.0,0,0,2
77.511765,54.0,54.0,120.0,55.0,60.0,57.0,0.0,0.0,20271.264,54.0,0.0,0.6666667,2.0,0,0,2
478.01028,54.0,55.0,8400.554,1393.106,60.0,432.22388,2102.7666,638.89215,9681.389,433.1912,95.735916,1.0,4.0,3,0,2
571.4735,78.0,77.0,908.37494,81.0,151.0,330.75018,0.0,0.0,4650.9897,78.0,0.0,0.5,2.0,0,0,2
417.25455,54.0,55.0,7649.5005,1292.0,60.0,414.11185,743.4117,623.5037,8620.624,332.1728,27.712158,1.0,3.0,3,0,2
560.0,54.0,54.0,1073.9235,90.0,64.27743,214.63078,0.0,0.0,17785.766,78.0,0.0,1.0,2.0,0,0,2
256.09476,54.0,54.0,654.56506,85.0,60.0,88.333336,0.0,0.0,169005.78,69.5,4.158063,1.2222222,2.0,0,0,2
1121.7858,86.0,85.0,163602.97,1254.0,181.25269,1050.1832,0.0,520.2491,3217.6,246.98312,0.0,0.6666667,2.0,0,0,2
792.8243,81.0,85.0,22203.133,1249.8573,111.1018,978.1297,29.883776,505.83026,3072.7585,246.50197,0.0,0.6666667,2.0,0,0,2
94.90697,50.0,50.0,567.0,86.19057,60.0,60.061375,0.0,0.0,326712.06,67.07228,40.12974,1.25,2.0,0,0,2
106.740944,54.0,54.0,180.0,89.0,60.0,86.62049,0.0,0.0,14083.453,78.0,0.0,0.8888889,2.0,0,0,2
1164.7249,89.0,89.0,309287.12,1292.0,212.78308,1118.4624,167.84662,608.3697,920.7043,658.4834,0.0,0.5,2.1996703,0,0,2
158.0,54.0,54.0,205.0,78.0,60.0,94.333336,0.0,0.0,10480.751,74.0,0.0,0.6666667,2.0,0,0,2
78.0,54.0,54.0,180.46558,641.5666,60.0,97.666664,177.072,0.0,6427.1074,118.03764,0.0,0.6666667,3.7386632,0,0,2
86.795074,65.0,63.567963,151.03375,144.3745,60.0,105.94334,0.0,0.0,3042.776,94.66588,0.0,0.5,3.0,0,0,2
1150.6971,70.0,78.0,1057906.9,1350.4034,78.0,1065.662,536.49585,647.4344,11733.965,490.90622,39.320866,1.2,2.0,3,0,2
1165.2714,55.0,73.0,1837684.6,1292.0,77.44902,1038.8496,541.4255,649.41235,48196.504,401.0876,365.8259,1.5892464,2.0,3,0,2
1118.5782,54.0,54.0,415060.1,80.44179,449.94925,452.39767,0.0,0.0,327036.44,76.62292,11.0,1.375,2.0,0,0,2
1205.9209,88.0,88.0,1054832.8,1292.0,263.32764,1134.0496,239.50943,635.8476,2208.4224,918.9116,0.0,0.6666667,2.0,3,0,2
1207.6018,87.0,87.0,1060022.6,1292.0,515.5084,1133.2063,171.66039,627.18115,3733.2922,511.0323,0.0,0.75,2.0,3,0,2
60.0,54.0,54.0,120.0,87.0,60.0,61.4,0.0,0.0,6283.457,78.0,0.0,0.6666667,3.0,0,0,2
1249.5021,72.0,78.0,1795426.2,1292.0,213.0,1096.8412,132.38774,627.14233,18627.77,228.43257,12.0,1.25,2.0,3,0,2
669.0,80.0,74.0,3246.512,78.0,538.0,411.7098,0.0,0.0,4802.8447,78.0,0.0,0.5,2.0,0,0,2
814.64166,76.005424,80.0,64988.21,1292.0,66.0,985.5589,363.04773,618.65686,5059.134,424.69937,3.6364796,0.80000883,3.0,3,0,2
556.5747,59.76834,72.0,5908.038,933.0,60.0,385.59726,161.23222,328.8348,6401.8813,157.33333,0.0,0.6889237,3.0,0,0,2
561.0,54.0,54.0,342.0,55.0,123.62948,103.80511,0.0,0.0,16752.197,54.0,0.0,0.8888889,2.0,0,0,2
317.99835,65.0,59.362648,567.0,89.0,60.0,239.0,0.0,0.0,6883.8306,87.30265,0.0,0.6666667,2.0,0,0,2
571.0,54.0,54.0,42203.94,1514.0,60.0,507.19238,2230.8054,647.62994,20663.904,413.89853,517.7208,1.2222222,3.0,3,0,2
60.0,54.0,54.0,120.0,91.54562,60.0,61.166668,0.0,0.0,5573.54,82.24454,0.0,0.5,3.0,0,0,2
741.0198,55.0,72.025986,68772.125,1292.0,60.0,866.90784,342.3923,613.8919,11960.819,226.81914,12.241913,1.1186678,2.0,3,0,2
604.8434,54.0,54.0,9211.109,390.47937,60.0,273.0,0.0,56.384197,64244.688,88.0,11.0,1.2,2.0,0,0,2
522.1581,54.0,54.0,35368.54,1292.0,60.0,245.4237,543.177,622.4218,270519.0,147.1,579.7954,1.375,2.0,3,0,2
1109.1239,55.0,72.0,1028755.2,1292.0,70.71995,991.9588,448.1174,637.79395,22992.29,247.64798,100.96177,1.2485247,2.0,3,0,2
80.0,70.0,73.062614,120.0,115.0,60.0,104.666664,0.0,0.0,1439.1681,90.79769,0.0,0.5,4.0,0,0,2
571.0,54.0,55.0,15464.783,1292.0,60.0,432.22617,455.14673,604.06824,15616.393,191.56984,27.005505,1.1,3.0,3,0,2
1024.4064,74.0,77.0,41953.535,581.0,158.0,874.02484,0.0,85.512695,11311.62,120.03934,0.0,1.0,2.0,0,0,2
60.0,54.0,54.0,84.931366,78.0,60.0,57.0,0.0,0.0,7280.314,69.5,0.0,0.5,3.0,0,0,2
60.0,53.333332,54.0,60.0,74.0,60.0,54.0,0.0,0.0,4982.511,55.0,0.0,0.5,4.0,0,0,2
726.96497,55.37086,55.0,25005.166,87.0,147.44089,428.30008,0.0,0.0,33989.707,85.0,0.0,1.0,2.0,0,0,2
1150.727,75.0,75.0,309487.06,115.40231,560.0,905.8169,0.0,25.598106,18808.85,94.0,0.0,1.0,2.0,0,0,2
159.76453,80.75486,81.56476,158.0,576.2422,60.0,294.79684,0.0,0.0,188.00249,152.305,0.0,0.5,4.0,0,0,2
60.0,54.0,54.0,120.0,702.4226,60.0,83.40807,294.99435,0.0,3094.9436,137.90945,0.0,0.5,6.0,0,0,2
151.0,80.0,55.0,120.0,77.0,105.3457,104.868095,0.0,0.0,1695.6106,71.76133,0.0,0.5,2.0,0,0,2
108.73365,50.0,54.0,6925.487,1292.0,60.0,105.51027,1053.3132,616.21387,128887.44,153.73979,579.41846,1.2516186,3.0,3,0,2
1062.3088,78.0,85.0,827411.94,1292.1295,77.0,1075.3951,551.34686,647.64795,5642.7188,754.14905,12.0,0.88217586,3.0,3,0,2
517.44995,81.0,83.37779,567.0,624.0,60.0,450.87027,0.0,0.0,628.53656,181.94922,0.0,0.5,3.0,0,0,2
60.0,50.0,54.0,150.0,219.9262,60.0,56.942825,128.96475,0.0,47987.125,78.0,12.0,1.0691684,3.0,0,0,2
601.3376,90.0,88.969925,573.9274,697.8086,108.71924,919.3172,0.0,0.0,47.250507,301.211,0.0,0.5,3.0,0,0,2
88.00713,55.0,71.0,158.0,854.20184,60.0,135.86678,160.2011,0.0,2243.2625,151.03168,0.0,0.5,5.0,0,0,2
623.44763,88.0,87.0,1210.456,1269.0106,78.0,904.3408,0.0,13.199558,77.04256,383.67038,0.0,0.5,4.0,0,0,2
738.52655,65.0,73.0,11396.3125,618.0,89.28831,562.7502,0.0,40.987225,10143.013,119.95292,0.0,1.0,2.0,0,0,2
60.0,54.0,54.0,60.0,54.0,60.0,56.666668,0.0,0.0,6564.702,54.0,0.0,0.5,2.0,0,0,2
145.71185,71.0,71.0,148.0,79.29349,60.0,107.4555,0.0,0.0,3096.0447,78.0,0.0,0.5,2.0,0,0,2
60.0,54.0,54.0,120.0,1282.0,60.0,79.884895,536.7935,28.455065,4634.099,153.77777,1.0,0.6666667,7.0,0,0,2
487.48892,86.0,85.0,561.0,694.439,64.0,456.46292,0.0,0.0,234.24892,215.96317,0.0,0.5,4.0,0,0,2
60.0,54.0,54.0,149.28946,1292.0,60.0,94.333336,539.3497,300.51733,4390.0605,173.01434,1.0,0.6666667,8.0,0,0,2
60.0,54.5141,54.0,78.16013,78.0,60.0,61.166668,0.0,0.0,3529.6123,78.0,0.0,0.5,3.0,0,0,2
60.0,55.0,55.0,60.0,88.0,60.0,57.0,0.0,0.0,641.0619,87.878685,0.0,0.5,6.0,0,0,2
899.7335,71.0,78.0,240552.4,1514.0,60.0,1006.6959,548.8535,642.58624,5785.779,550.08,11.0,1.0,3.0,3,0,2
60.0,54.0,54.0,107.7995,619.0335,60.0,79.83605,162.92125,0.0,2771.7666,106.7488,0.0,0.5,6.0,0,0,2
603.26227,55.0,73.0,7659.715,1292.0,60.0,456.87527,172.21175,494.1048,6945.956,174.24266,0.0,0.8943099,3.0,0,0,2
478.37598,54.0,54.0,7665.6343,1292.0,60.0,324.4555,553.5926,611.9205,17240.506,206.45316,81.31629,1.2,3.0,3,0,2
1286.8157,80.0,85.0,4199558.5,1631.7026,538.0,1142.0002,402.48224,651.0459,8492.568,721.7049,12.0,1.2,2.0,3,0,2
494.55856,75.0,55.0,192.52666,71.0,151.0,122.49572,0.0,0.0,5019.3613,55.0,0.0,0.5,2.0,0,0,2
669.0,66.0,75.0,6838.899,581.0,86.0,451.8102,0.0,0.0,6154.3105,95.0,0.0,0.8,2.0,0,0,2
653.0909,80.0,85.0,8551.401,1292.0,60.0,959.40125,403.24945,603.30786,1833.9406,490.59677,0.0,0.5,3.0,0,0,2
1150.9716,81.0,85.0,377838.8,1282.0,169.52168,1066.694,28.755676,595.26855,4839.6616,259.2251,0.0,0.75,2.0,0,0,2
188.4024,85.0,85.20174,159.97064,1282.0,60.0,435.00833,27.58251,0.0,55.920174,250.38074,0.0,0.5,7.0,0,0,2
72.5,54.0,54.0,205.0,1292.0,60.0,116.51979,542.2653,463.06012,4463.5117,202.12926,3.0,0.6666667,6.0,0,0,2
561.0,65.0,72.0,6927.5503,619.0,60.0,394.5704,26.439512,176.74731,7326.761,145.30367,0.0,0.67446625,2.0,0,0,2
60.0,54.0,54.0,120.0,94.5652,60.0,57.0,0.0,0.0,8490.533,81.0,0.0,0.6666667,3.0,0,0,2
397.90427,54.0,54.0,6404.063,105.0,60.0,114.5078,0.0,0.0,112023.79,80.17072,12.0,1.2,2.0,0,0,2
636.5,78.0,78.0,1403.2383,94.0,132.75475,444.4018,0.0,0.0,2890.732,92.0,0.0,0.5,2.0,0,0,2
60.0,55.0,54.0,60.0,55.0,60.0,56.666668,0.0,0.0,2992.8008,55.0,0.0,0.5,3.0,0,0,2
907.77814,78.0,79.72894,9927.871,618.0,151.0,885.12964,0.0,11.785113,4644.432,143.66568,0.0,0.75,2.0,0,0,2
90.81804,57.103844,50.0,60.0,63.86294,71.0,77.0,0.0,0.0,1725.8704,54.0,0.0,0.5,2.0,0,0,2
102.96137,54.0,54.0,1026.8141,1292.0,60.0,109.29995,554.08844,577.42126,18974.676,155.74133,82.785034,1.0857407,3.0,3,0,2
478.04446,54.84311,54.0,182.32152,54.0,138.0,93.37768,0.0,0.0,12257.721,54.0,0.0,0.6666667,2.0,0,0,2
653.0909,70.0,78.0,8899.744,1292.0,60.0,756.81683,315.9309,595.015,4669.5557,256.10138,0.0,0.8,3.0,0,0,2
72.38758,50.0,54.0,205.0,88.0,60.0,61.166668,0.0,0.0,96548.0,75.0,11.0,1.0833334,2.0,0,0,2
561.0,89.0,88.0,1210.3113,1292.0,65.0,954.34106,189.73042,440.13284,54.57962,649.1777,0.0,0.5,5.0,0,0,2
823.5661,64.805504,73.65474,140644.44,1254.0,77.74024,859.5585,158.86746,594.723,14612.914,171.29291,9.0,1.0833334,2.0,3,0,2
653.0909,54.0,54.0,7605.054,78.0,127.0,247.0,0.0,0.0,45760.723,74.03765,0.0,1.0,2.0,0,0,2
420.80322,75.0,77.0,205.0,92.0,66.0,247.0,0.0,0.0,2211.8433,88.0,0.0,0.5,3.0,0,0,2
560.0,71.0,73.0,571.0,88.0,78.0,249.0,0.0,0.0,4982.4404,87.0,0.0,0.6666667,2.0,0,0,2
85.5,54.0,55.0,205.0,1292.0,60.0,146.69469,502.6107,335.25125,3678.239,193.98102,0.0,0.6666667,6.0,0,0,2
654.84204,89.96678,88.0,669.0,583.71936,156.0,905.33795,0.0,0.0,60.645996,205.51413,0.0,0.5,3.0,0,0,2
891.4357,81.0,81.0,11607.204,106.59086,218.13641,865.38306,0.0,0.0,4889.991,95.0,0.0,0.6666667,2.0,0,0,2
1143.6818,78.0,82.05147,117001.945,1254.0,167.15596,1025.0106,0.0,484.0243,4857.0337,196.75531,0.0,0.8333333,2.0,0,0,2
167.61427,81.0,54.0,107.7384,78.0,167.0,97.38034,0.0,0.0,1508.4078,55.0,0.0,0.5,2.0,0,0,2
1024.1198,92.0,90.0,11248.328,1292.0,161.7782,1104.3179,64.33545,513.81213,58.95254,682.9009,0.0,0.5,3.0,0,0,2
645.58636,54.0,54.0,15530.291,86.0,78.0,247.0,0.0,0.0,217104.7,78.0,10.0,1.2212327,2.0,0,0,2
854.23956,78.0,85.0,61601.816,1292.0,66.0,1021.1264,510.8544,627.45544,3503.3855,549.26746,1.0,0.75,3.0,3,0,2
786.9945,54.0,54.0,548891.75,1292.0,60.0,711.4171,541.0339,643.4955,94640.13,218.36435,550.31134,1.4925597,2.0,3,0,2
60.0,50.0,50.0,145.0,55.0,60.0,53.333332,0.0,0.0,344076.97,54.0,11.0,1.2222222,2.0,0,0,2
581.6195,54.0,71.0,39501.598,1532.1531,60.0,657.3309,2053.521,647.1224,9868.927,501.64645,117.70988,1.0740186,3.0,3,0,2
1020.6149,75.0,78.0,24324.375,617.0,156.0,876.8018,0.0,14.388888,7869.0435,124.40071,0.0,1.0,2.0,0,0,2
102.524055,54.0,54.0,216.19366,700.9364,60.0,105.12206,171.73541,9.729516,8297.453,109.07843,0.0,0.75,3.0,0,0,2
60.0,50.0,50.0,60.0,55.0,60.0,53.333332,0.0,0.0,37161.965,54.0,0.0,0.75,2.0,0,0,2
567.0,88.0,87.628944,717.545,1292.0,60.0,923.4042,194.68364,436.24615,56.911247,554.8415,0.0,0.5,6.0,0,0,2
60.0,54.0,54.0,60.0,54.0,60.0,56.4,0.0,0.0,5652.5747,54.0,0.0,0.5,2.0,0,0,2
582.35266,75.0,55.0,561.92664,72.0,212.62222,240.0,0.0,0.0,7043.0405,55.0,0.0,0.5,2.0,0,0,2
103.0371,78.0,77.0,120.0,86.0,60.0,108.06714,0.0,0.0,1066.7664,80.0,0.0,0.5,3.0,0,0,2
158.5521,78.0,70.10811,151.01038,75.93119,82.29643,113.881386,0.0,0.0,2892.329,75.0,0.0,0.5,2.0,0,0,2
1172.9894,70.0,78.0,1292992.1,1292.0,127.0,1053.04,298.1018,636.3359,17729.117,273.21588,30.149405,1.2222222,2.0,3,0,2
1034.4343,71.0,77.33951,253830.4,1283.0223,108.0,974.7844,107.00152,594.712,11117.926,191.62924,4.1630116,1.0,2.0,0,0,2
60.0,75.0,76.0,60.0,115.0,60.0,88.333336,0.0,0.0,141.05083,95.0,0.0,0.5,6.0,0,0,2
380.1484,71.0,75.0,219.48979,115.0,64.0,247.0,0.0,0.0,3031.225,90.0,0.0,0.5,3.0,0,0,2
421.38382,78.0,80.0,379.30573,624.0,60.0,404.25998,0.0,0.0,799.8788,156.65652,0.0,0.5,3.0,0,0,2
1024.2528,54.0,54.0,772437.5,620.48987,90.0,626.4004,29.883776,595.0987,218802.78,115.82166,115.528725,1.375,2.0,3,0,2
72.57852,54.0,54.0,120.0,75.0,60.0,57.0,0.0,0.0,16280.859,55.0,0.0,0.75,2.0,0,0,2
169.8828,78.0,78.0,145.0,81.0,70.09374,230.70706,0.0,0.0,1498.9458,78.07368,0.0,0.5,2.0,0,0,2
144.08041,54.0,54.0,560.0,108.13378,60.0,106.36629,0.0,0.0,9882.019,88.0,0.0,0.6666667,2.0,0,0,2
567.0,84.51971,82.73869,215.67651,88.0,151.0,413.08878,0.0,0.0,656.2816,86.55631,0.0,0.5,2.0,0,0,2
547.1097,78.0,78.32834,180.0,96.81512,80.0,324.43753,0.0,0.0,907.4116,90.0,0.0,0.5,3.0,0,0,2
1198.3954,75.0,78.0,970573.56,1254.0,212.87114,1039.171,0.0,594.36523,13048.879,172.97014,2.1590943,1.1525185,2.0,0,0,2
77.0,79.19707,54.0,60.0,77.0,72.5,80.0,0.0,0.0,359.91992,55.0,0.0,0.5,2.0,0,0,2
669.0,91.13803,88.0,3213.1562,381.34415,167.48322,966.40936,0.0,0.0,77.01261,206.00214,0.0,0.5,3.0,0,0,2
102.7763,54.0,54.0,342.0,128.1354,60.0,87.20088,0.0,0.0,21989.148,81.0,5.0,1.0,2.0,0,0,2
568.7657,88.0,87.0,606.1642,660.6874,86.0,754.81915,0.0,0.0,92.42529,229.44144,0.0,0.5,3.0,0,0,2
669.0,79.12646,85.0,8339.285,1292.0,64.268135,972.6698,331.53098,595.6211,1763.3036,474.63373,0.0,0.6666667,3.0,0,0,2
182.99246,70.0,78.0,608.31506,1292.0,60.0,393.52438,488.57266,507.93268,1884.6185,334.07654,0.0,0.5,5.0,0,0,2
384.18442,77.0,77.0,169.49638,84.46964,78.0,240.0,0.0,0.0,1834.4882,81.0,0.0,0.5,2.0,0,0,2
104.77134,81.2739,85.0,120.0,581.56354,60.0,247.0,0.0,0.0,56.953743,153.81335,0.0,0.5,6.0,0,0,2
457.62756,54.0,54.0,7619.7207,595.5301,60.0,240.0,161.87108,371.28244,39642.824,101.87778,17.0,1.0833334,2.0,0,0,2
1076.3116,88.0,88.0,68701.75,1292.0,150.39838,1099.3019,190.85948,607.0512,774.94214,656.7652,0.0,0.5,3.0,0,0,2
1207.8163,78.0,85.0,1483195.2,1292.0,158.0,1121.2638,349.44846,645.53296,7232.049,531.44226,8.0,1.0861679,2.0,3,0,2
561.0,55.0,55.0,580.3129,75.0,107.54518,194.34526,0.0,0.0,12258.261,71.0,0.0,0.75,2.0,0,0,2
699.0177,74.0,75.0,8344.869,255.60324,120.0,533.82306,0.0,0.0,8414.51,103.0462,0.0,0.75,2.0,0,0,2
928.18005,88.225716,88.0,24700.785,1292.0,151.0,1056.6112,123.23814,561.3418,586.0461,486.1827,0.0,0.5,3.0,0,0,2
837.29004,54.0,55.0,609540.4,1292.0,60.0,898.37744,589.53656,647.4622,40076.684,359.198,381.1107,1.3268789,2.0,3,0,2
669.0,81.0,85.0,6612.665,1282.0,78.0,895.91895,9.990639,246.68538,918.9571,246.86542,0.0,0.5,3.0,0,0,2
698.05853,92.0,90.0,3845.3733,1182.7865,155.97734,1014.95593,0.0,9.617642,45.9722,413.28287,0.0,0.5,3.0,0,0,2
518.93134,54.0,54.0,5961.738,88.0,60.0,124.267624,0.0,0.0,71843.66,78.0,5.0,1.0885913,2.0,0,0,2
180.44122,76.0,54.0,120.0,71.0,132.81157,94.333336,0.0,0.0,3442.0862,55.0,0.0,0.5,2.0,0,0,2
60.0,54.0,54.0,60.0,79.0,60.0,56.666668,0.0,0.0,5500.959,71.0,0.0,0.5,3.0,0,0,2
60.0,53.333332,54.0,60.0,55.0,60.0,54.0,0.0,0.0,11011.111,55.0,0.0,0.5,3.0,0,0,2
86.430664,71.0,55.0,120.0,74.0,60.0,87.77115,0.0,0.0,3558.37,59.430298,0.0,0.5,2.0,0,0,2
653.0909,54.0,54.0,7623.515,80.0,108.0079,240.19434,0.0,0.0,91192.016,71.910324,0.0,1.2,2.0,0,0,2
1200.2083,91.81004,90.0,694419.0,1292.0,560.0,1134.1476,176.19443,624.86993,741.3324,993.9041,0.0,0.5,2.0,0,0,2
303.95544,78.0,80.0,212.04216,618.0,60.0,370.50278,0.0,0.0,612.67334,154.49272,0.0,0.5,3.0,0,0,2
669.0,71.0,78.0,11762.288,1292.0,60.0,867.3226,338.84976,600.347,4652.999,311.372,0.0,0.788916,3.0,0,0,2
560.0,87.0,85.0,205.0,134.82587,92.59451,444.6785,0.0,0.0,131.54398,134.54065,0.0,0.5,3.0,0,0,2
1024.0424,87.0,87.0,37902.598,1292.0,137.43884,1067.0651,160.28232,592.87885,1222.3276,487.28394,0.0,0.5,3.0,0,0,2
1129.8854,77.0,81.0,454616.3,1292.0,105.65784,1057.9694,324.65787,627.54755,6623.3145,430.0933,6.0,1.0,2.0,3,0,2
96.73288,71.93456,72.0,127.0,85.0,60.0,100.0,0.0,0.0,2527.5022,81.0,0.0,0.5,3.0,0,0,2
182.2225,54.0,54.0,560.8953,78.0,60.0,86.865944,0.0,0.0,68121.695,55.0,0.0,1.060375,2.0,0,0,2
638.4013,81.0,85.0,1381.7433,569.58887,109.43686,577.0219,0.0,0.0,1387.2682,146.06558,0.0,0.5,3.0,0,0,2
653.0909,70.0,77.0,8122.8477,1292.0,64.0,610.85675,162.1111,503.93683,5085.43,199.41899,0.0,0.75,3.0,0,0,2
1051.1918,65.0,74.88008,431104.84,1292.0,90.0,972.5759,177.1254,610.14764,18736.031,194.69502,13.671354,1.2,2.0,3,0,2
167.0,54.0,54.0,205.0,55.0,66.0,83.25411,0.0,0.0,21135.158,54.0,0.0,0.75,2.0,0,0,2
70.06013,73.0,74.85161,97.0,88.0,60.0,94.053314,0.0,0.0,695.21924,88.0,0.0,0.5,4.0,0,0,2
653.0909,74.0,78.0,28045.326,1292.0,60.0,880.18024,528.31323,623.736,5030.02,431.41202,7.0,0.75,3.0,3,0,2
926.3935,77.0,78.0,42857.31,582.0,151.0,880.247,0.0,342.26923,9616.446,145.65846,0.0,0.8,2.0,0,0,2
97.0,66.0,60.0,156.0,87.0,60.0,100.0,0.0,0.0,3860.387,85.0,0.0,0.5,3.0,0,0,2
455.7142,54.0,55.0,7783.5723,1292.0,60.0,390.31192,546.44946,611.1927,11330.537,245.24472,31.142284,1.0,3.0,3,0,2
106.09754,54.0,54.0,156.0,54.0,64.0,60.19997,0.0,0.0,28709.432,54.0,0.0,0.6666667,2.0,0,0,2
296.1691,54.0,54.0,16454.121,1385.1101,60.0,273.0,3154.779,647.5566,48460.85,322.41098,580.65393,1.25,3.0,3,0,2
720.7329,54.0,54.0,42044.215,97.0,86.0,370.2064,0.0,25.5,219534.03,81.0,13.0,1.25,2.0,0,0,2
567.0,87.88166,85.50481,342.0,105.4641,151.0,451.89563,0.0,0.0,245.31914,88.0,0.0,0.5,3.0,0,0,2
1274.531,74.0,78.0,1926238.6,697.99133,561.0,1081.5498,0.0,595.0142,42211.793,147.1332,8.0,1.25038,2.0,3,0,2
103.78139,64.0,72.0,160.63348,619.0,60.0,184.56522,17.072586,0.0,2243.2007,136.66953,0.0,0.5,4.0,0,0,2
1023.7538,55.0,55.0,185127.48,94.32356,158.0,512.87695,0.0,12.173673,81778.28,87.0,5.0,1.220452,2.0,0,0,2
60.0,53.333332,54.0,60.0,55.0,60.0,54.0,0.0,0.0,11955.161,54.0,0.0,0.6666667,2.0,0,0,2
604.6113,54.0,54.0,13279.749,950.27136,60.0,355.38547,160.20972,505.09097,46297.367,117.37528,20.434832,1.2222222,2.0,0,0,2
567.0,54.0,54.0,42339.984,1292.0,60.0,354.45905,544.0477,627.2782,162255.22,164.22163,577.6601,1.329907,2.0,3,0,2
60.0,54.0,54.0,60.0,54.0,60.0,56.666668,0.0,0.0,5321.091,54.0,0.0,0.5,2.0,0,0,2
187.12172,78.0,80.0,151.89507,588.6845,60.0,278.24536,0.0,0.0,245.57382,143.63792,0.0,0.5,4.0,0,0,2
382.8393,73.0,78.0,567.0,1292.0,60.0,415.61743,168.0865,85.178635,1706.9471,215.88069,0.0,0.5,4.0,0,0,2
653.0909,89.0,88.0,3845.2078,1292.0,86.0,995.1417,57.06645,285.3863,57.45722,484.7342,0.0,0.5,4.0,0,0,2
564.53033,87.0,86.0,592.547,735.0499,67.0,632.41455,0.0,0.0,187.24135,225.67572,0.0,0.5,3.0,0,0,2
728.9019,88.0,87.0,6475.486,618.0,158.0,977.105,0.0,0.0,290.96384,215.92735,0.0,0.5,3.0,0,0,2
892.57715,55.0,71.0,40320.35,651.3312,98.90578,654.2722,0.0,356.6756,15430.992,122.26219,1.0,1.1018012,2.0,0,0,2
1024.2329,73.09155,78.0,417677.38,1292.0,67.0,1012.59546,519.4336,639.2929,8738.446,462.58966,13.366162,1.0,2.0,3,0,2
526.25,55.0,55.0,669.0,115.0,60.0,247.0,0.0,0.0,7287.3604,88.0,0.0,0.6666667,2.0,0,0,2
60.0,75.0,78.0,60.0,342.0,60.0,94.152695,0.0,0.0,121.905235,128.40063,0.0,0.5,7.0,0,0,2
564.0,87.0,87.0,571.0,1254.0,65.0,726.4989,8.675737,11.785113,85.96745,280.3566,0.0,0.5,4.0,0,0,2
60.0,50.0,50.0,160.08723,78.0,60.0,56.666668,0.0,0.0,247956.14,55.0,11.0,1.1111112,2.0,0,0,2
606.3578,66.0,75.0,24999.941,1292.0,60.0,651.9452,536.3312,623.7604,7807.538,392.2845,12.0,0.8,3.0,3,0,2
964.14856,65.0,77.0,199049.83,1292.0,70.0,975.8852,229.19463,609.44446,9673.426,245.74231,8.0,1.1,2.0,0,0,2
357.52997,78.0,55.0,129.07524,77.63563,151.0,155.91495,0.0,0.0,1800.6217,70.44485,0.0,0.5,2.0,0,0,2
97.07636,55.0,54.0,80.0,54.0,70.0,61.4,0.0,0.0,4627.691,54.0,0.0,0.5,2.0,0,0,2
201.005,85.48128,85.0,158.0,571.0,60.0,364.86475,0.0,0.0,90.31045,153.77777,0.0,0.5,4.0,0,0,2
167.89134,81.0,81.0,148.32707,115.411156,64.0,254.19742,0.0,0.0,210.89969,115.0,0.0,0.5,3.0,0,0,2
117.43732,54.0,54.0,538.0,60.103058,60.0,61.4,0.0,0.0,161023.89,55.0,0.0,1.0,2.0,0,0,2
512.55835,78.0,78.0,205.0,85.0,92.32175,248.16467,0.0,0.0,2056.664,81.0,0.0,0.5,2.0,0,0,2
255.85654,54.0,54.0,9399.325,619.0,60.0,118.26818,407.45563,583.7864,313170.78,94.76451,577.64624,1.2521282,2.0,3,0,2
181.64145,54.0,54.0,567.0,342.0,60.0,109.52775,0.0,0.0,15009.849,87.0,0.0,1.0,2.0,0,0,2
60.0,54.0,55.0,120.0,751.9741,60.0,93.181046,177.65732,0.0,1803.9088,143.93922,0.0,0.5,6.0,0,0,2
273.74036,82.0,85.0,138.0,163.39873,66.0,325.2499,0.0,0.0,79.87091,119.8497,0.0,0.5,4.0,0,0,2
692.7273,89.0,88.0,4914.3535,1292.0,120.0,1000.0581,0.0,25.5,65.120544,401.99637,0.0,0.5,3.0,0,0,2
60.0,78.0,78.0,60.0,94.71507,60.0,94.35126,0.0,0.0,59.696533,94.0,0.0,0.5,6.0,0,0,2
957.05554,87.0,86.0,39466.63,1254.0,151.0,1025.1382,28.756516,528.1877,2168.3025,350.61957,0.0,0.5,2.0,0,0,2
72.23579,54.0,54.0,158.0,55.0,60.0,56.666668,0.0,0.0,154478.22,54.0,0.0,1.0,2.0,0,0,2
528.1268,78.0,78.0,310.85333,582.8821,65.0,384.62442,0.0,0.0,1339.148,129.42407,0.0,0.5,3.0,0,0,2
567.0,85.94471,85.0,1275.2012,342.0,86.0,511.5727,0.0,0.0,1365.2727,157.30347,0.0,0.5,3.0,0,0,2
570.5303,79.0,78.0,560.0,87.0,138.06049,373.16492,0.0,0.0,1885.8341,86.0,0.0,0.5,2.0,0,0,2
60.0,54.0,54.0,120.0,314.4402,60.0,61.166668,29.883776,0.0,9138.745,87.0,0.0,0.6666667,3.0,0,0,2
145.78352,54.0,54.0,565.011,97.0,60.0,110.71369,0.0,0.0,11218.449,88.196045,0.0,0.6666667,2.0,0,0,2
125.00691,78.05357,78.0,120.0,86.048706,65.0,131.25925,0.0,0.0,1129.9412,78.0,0.0,0.5,3.0,0,0,2
596.92694,54.0,54.0,309176.1,1859.2251,60.0,580.0195,4070.6533,667.8324,43963.035,536.29297,581.5056,1.3323652,3.0,3,0,2
827.7251,54.0,60.0,431614.97,1292.0,64.0,873.541,470.36862,632.3966,36515.258,218.06154,130.5888,1.2222222,2.0,3,0,2
571.0,64.0,55.0,6018.5522,87.38339,86.0,273.0,0.0,0.0,11800.209,85.0,0.0,0.75,2.0,0,0,2
631.4617,81.0,85.0,1630.5049,670.3894,80.734276,614.81433,0.0,0.0,1121.3938,166.11615,0.0,0.5,3.0,0,0,2
639.5,80.0,81.0,3394.065,619.1199,86.0,587.6711,0.0,0.0,1716.7365,153.77777,0.0,0.5,3.0,0,0,2
60.0,54.0,54.0,60.0,74.33736,60.0,57.0,0.0,0.0,4391.0493,55.03119,0.0,0.5,3.0,0,0,2
126.49912,54.0,54.0,167.0,72.825645,60.0,85.852715,0.0,0.0,11865.223,55.0,0.0,0.6666667,2.0,0,0,2
1233.2046,81.0,85.0,1235377.0,1292.0,556.84174,1114.6704,69.82805,618.93353,6915.3745,384.66336,0.0,1.0,2.0,0,0,2
560.0,87.0,71.0,170.84256,81.0,168.44298,259.3229,0.0,0.0,869.4773,78.0,0.0,0.5,2.0,0,0,2
561.0,88.0,78.0,181.26292,87.0,159.73087,372.52737,0.0,0.0,331.7829,85.0,0.0,0.5,2.0,0,0,2
60.0,54.0,54.0,60.0,55.0,60.0,56.60856,0.0,0.0,5792.6177,54.0,0.0,0.5,2.0,0,0,2
60.0,54.0,54.0,60.0,54.0,60.0,56.4,0.0,0.0,4552.505,54.0,0.0,0.5,2.0,0,0,2
1166.3115,77.0,81.0,1214609.8,1332.8657,105.09914,1098.6483,531.8023,647.71625,8584.14,577.5939,16.529488,1.0833334,2.0,3,0,2
248.69905,54.0,54.0,7614.074,1327.009,60.0,252.00667,1646.6284,627.5734,18543.408,246.25111,205.98766,1.2222222,4.0,3,0,2
60.0,54.0,54.0,60.0,105.498726,60.0,56.666668,14.341156,0.0,1253.2847,90.0,0.0,0.5,8.0,0,0,2
334.2572,81.0,73.52361,144.14552,78.0,127.0,239.0,0.0,0.0,1044.0797,78.0,0.0,0.5,2.0,0,0,2
85.5,54.0,54.0,571.0,1406.7517,60.0,239.0,2301.2732,619.6545,5819.845,403.9917,30.437338,0.8,7.0,3,0,2
548.67505,78.0,78.0,475.09854,94.0,78.0,324.62277,0.0,0.0,1893.6139,91.120224,0.0,0.5,2.0,0,0,2
88.0,54.0,54.0,159.94934,93.266014,60.0,80.19427,0.0,0.0,13745.063,78.0,0.0,0.8888889,3.0,0,0,2
158.0,54.0,54.0,7184.0,582.63135,60.0,100.0,208.53456,439.01642,228119.1,89.0,199.23254,1.2222222,2.0,3,0,2
304.1657,54.0,54.0,342.0,75.270615,65.0,95.48728,0.0,0.0,15389.656,56.254093,0.0,0.8,2.0,0,0,2
60.0,55.73995,55.0,60.0,78.0,60.0,61.166668,0.0,0.0,1891.7576,78.0,0.0,0.5,3.0,0,0,2
602.73346,70.0,78.0,8197.341,1292.0,60.0,675.60175,479.11365,604.06824,4184.838,396.39014,1.0,0.75,3.0,0,0,2
538.0,54.0,55.0,19159.17,1654.7229,60.0,451.3428,2642.3962,647.6532,12256.545,490.08554,249.49548,1.1,4.0,3,0,2
1164.5876,64.0,77.0,1417120.5,1315.6907,78.0,1057.5425,537.068,648.4875,19078.564,433.3263,125.68689,1.25,2.0,3,0,2
350.81122,54.0,54.0,3794.435,78.0,60.0,99.22783,0.0,0.0,106807.79,73.0,3.0,1.0180209,2.0,0,0,2
605.47845,54.0,54.0,8279.893,79.0,86.0,239.0,0.0,0.0,178227.17,75.0,5.0,1.1658852,2.0,0,0,2
237.86336,54.0,54.0,6656.0,717.24786,60.0,204.59384,258.90454,475.8083,46218.133,106.37184,46.88256,1.1588091,2.0,2,0,2
137.61313,54.0,54.0,180.79599,71.0,60.0,61.4,0.0,0.0,68261.76,54.0,0.0,1.0,2.0,0,0,2
669.0,54.0,71.0,72746.836,1292.0,60.0,758.87854,544.128,635.0486,12240.931,380.0947,47.602867,1.1143414,3.0,3,0,2
119.20445,55.0,54.0,120.0,54.0,71.6695,78.0,0.0,0.0,5689.242,54.0,0.0,0.5,2.0,0,0,2
127.72097,70.0,77.0,916.1122,1292.0,60.0,346.97525,731.5814,600.5021,2707.3774,433.5978,2.0,0.5,5.0,3,0,2
653.0909,92.0,90.0,1233.5494,1141.4252,127.0,999.0761,0.0,8.481002,37.856754,426.87894,0.0,0.5,4.0,0,0,2
669.0,54.0,54.0,44029.223,1192.096,60.0,429.57944,185.86205,595.0359,77167.48,136.9777,82.27348,1.2440425,2.0,3,0,2
567.0,54.0,54.0,1445.4199,55.0,151.0,117.33761,0.0,0.0,33351.043,55.0,0.0,0.84416866,2.0,0,0,2
603.5873,78.0,78.0,1185.6082,90.6,127.0,428.35,0.0,0.0,3070.3523,88.0,0.0,0.5,2.0,0,0,2
560.0,54.0,54.0,6199.2646,92.0,60.0,218.89699,0.0,0.0,44264.055,80.0,3.0,1.0833334,2.0,0,0,2
739.55554,70.0,60.0,7184.0,74.918594,538.0,355.91226,0.0,0.0,14600.09,71.12581,0.0,0.82643,2.0,0,0,2
311.13367,66.0,55.0,156.60878,55.0,120.0,97.666664,0.0,0.0,6040.0728,55.0,0.0,0.5,2.0,0,0,2
197.4691,65.0,72.0,557.5552,388.60126,60.0,240.0,0.0,0.0,3964.4158,105.96478,0.0,0.5,3.0,0,0,2
1075.2139,55.0,72.0,968984.2,1292.0,70.0,981.7245,406.7016,635.7782,22830.857,245.61377,82.36163,1.25,2.0,3,0,2
1178.603,88.0,88.0,354393.5,1292.0,200.0,1121.0978,167.83192,612.037,1666.1111,627.86725,0.0,0.6666667,3.0,0,0,2
60.0,54.0,54.0,78.0,618.8048,60.0,65.18172,129.60674,0.0,2521.003,94.938194,0.0,0.5,7.0,0,0,2
1150.9113,74.0,78.0,954218.6,1292.0,120.0,1040.5493,227.72275,627.0536,11213.836,300.79745,10.0,1.1,2.0,3,0,2
465.2989,71.0,71.054276,322.21082,81.0,78.0,239.0,0.0,0.0,4654.961,79.0,0.0,0.5,2.0,0,0,2
601.11444,74.0,78.0,599.23157,618.8605,70.0,440.79102,0.0,0.0,2320.7705,115.960014,0.0,0.6666667,3.0,0,0,2
157.46315,54.0,54.0,151.565,54.0,80.0,65.42857,0.0,0.0,20224.898,54.0,0.0,0.6666667,2.0,0,0,2
1115.9271,81.0,85.0,309239.8,1292.0,144.99953,1068.7253,178.23756,610.4917,3802.1467,431.77963,0.0,0.6666667,2.0,0,0,2
653.0909,72.0,71.0,5021.2583,76.0,162.63783,291.72626,0.0,0.0,10369.96,75.0,0.0,0.6666667,2.0,0,0,2
151.0,77.0,55.0,120.0,75.0,87.62717,99.26286,0.0,0.0,1797.4207,63.39724,0.0,0.5,2.0,0,0,2
302.70953,54.0,54.0,567.0,55.0,64.0,65.42857,0.0,0.0,320401.94,54.0,0.0,1.2222222,2.0,0,0,2
78.0,75.0,55.0,78.000206,71.0,65.0,82.4,0.0,0.0,1873.101,56.451977,0.0,0.5,2.0,0,0,2
206.19687,81.0,80.0,169.19122,93.80891,66.0,247.0,0.0,0.0,668.5362,87.0,0.0,0.5,3.0,0,0,2
567.0,55.0,55.0,4165.983,177.03127,65.0,273.0,0.0,0.0,9674.183,89.0,0.0,0.8333333,2.0,0,0,2
1165.2701,71.0,78.0,1057638.4,1292.0,113.27352,1056.2773,337.95004,636.4175,12256.906,392.76764,16.617151,1.2,2.0,3,0,2
571.0,54.0,54.0,7206.3696,586.84924,60.0,268.58038,0.0,11.785113,20462.314,89.85639,3.0,1.1423795,2.0,0,0,2
72.5,75.0,78.0,120.0,1203.273,60.0,215.97662,137.06946,0.0,151.54344,175.11853,0.0,0.5,8.0,0,0,2
300.25302,54.0,54.0,180.0,55.0,78.0,88.333336,0.0,0.0,14605.066,55.0,0.0,0.75,2.0,0,0,2
991.89276,75.0,80.0,320505.94,1428.1559,65.0,1030.946,542.4659,643.7115,5642.6904,604.5839,10.0,1.0,3.0,3,0,2
119.90596,78.0,78.0,120.0,81.0,65.0,117.2129,0.0,0.0,669.8712,78.0,0.0,0.5,3.0,0,0,2
1032.62,80.50452,85.0,248753.72,1292.0,87.46376,1067.0463,416.96744,627.3099,3086.5571,584.21747,0.0,0.6666667,3.0,3,0,2
151.80241,80.0,80.0,145.01277,92.0,65.0,240.0,0.0,0.0,393.8215,87.0,0.0,0.5,3.0,0,0,2
886.7118,54.0,55.0,506860.72,1292.0,60.0,894.67737,536.7618,642.17395,32400.232,249.33965,198.06839,1.2515719,2.0,3,0,2
78.0,77.0,54.0,60.0,72.0,66.0,78.0,0.0,0.0,1717.7625,55.0,0.0,0.5,2.0,0,0,2
721.91315,75.0,78.0,26462.498,1292.0,66.0,904.2318,189.6453,595.0121,4982.1846,249.49976,0.0,0.75,3.0,0,0,2
1255.2737,80.0,85.0,1819347.9,1379.9082,169.5113,1133.6162,392.78586,647.4383,5973.098,661.29285,8.0,1.0599254,2.0,3,0,2
559.8833,54.0,54.0,11743.8545,92.0,60.0,124.40536,0.0,88.576454,328210.97,80.0,143.45003,1.25,2.0,3,0,2
68.333336,54.0,54.0,120.0,55.0,60.0,56.666668,0.0,0.0,38661.785,54.0,0.0,0.9335852,2.0,0,0,2
1118.4646,77.0,81.0,534712.3,1386.1907,78.0,1076.4468,535.1219,645.088,5940.58,607.79504,9.96135,1.0,3.0,3,0,2
260.2216,75.0,78.0,567.3145,1292.0,60.0,419.05902,301.34064,376.71005,1501.522,255.59511,0.0,0.5,5.0,0,0,2
600.4124,54.0,54.0,7628.7227,78.0,86.0,185.03444,0.0,0.0,221911.66,63.53881,2.0,1.2,2.0,0,0,2
212.85172,75.0,54.0,120.0,70.75242,158.0,91.0,0.0,0.0,3553.3262,54.0,0.0,0.5,2.0,0,0,2
1092.1012,78.0,81.0,221337.53,1292.0,139.56546,1010.4989,68.43839,593.0863,5641.02,244.30353,0.0,0.8333333,2.0,0,0,2
147.35405,75.0,71.0,120.0,74.0,70.0,100.0,0.0,0.0,2850.502,72.0,0.0,0.5,2.0,0,0,2
60.0,54.0,54.0,74.1737,88.0,60.0,57.0,0.0,0.0,4982.4478,78.0,0.0,0.5,3.0,0,0,2
470.20374,78.0,80.0,200.0,390.41428,65.0,354.95474,0.0,0.0,610.88544,115.384315,0.0,0.5,3.0,0,0,2
316.94586,71.0,76.0,567.0,640.37225,60.0,314.5896,15.5,0.6001591,2889.8577,153.66667,0.0,0.5,3.0,0,0,2
1167.4803,71.21723,78.0,1245690.1,1292.0,100.873276,1083.7758,487.69296,646.6833,11793.134,473.54935,28.122908,1.2,2.0,3,0,2
107.57796,78.0,55.0,120.0,75.0,70.42358,94.333336,0.0,0.0,1831.7257,75.0,0.0,0.5,2.0,0,0,2
567.0,66.0,74.0,2853.5586,582.18274,65.0,390.73264,0.0,0.0,4980.687,104.73686,0.0,0.6666667,2.0,0,0,2
231.37766,54.0,54.0,180.0,55.0,78.803566,88.0,0.0,0.0,13674.989,54.492683,0.0,0.6666667,2.0,0,0,2
1198.3423,87.0,87.0,1032381.6,1292.0,169.0593,1133.1284,316.8013,636.2108,2864.2373,743.11304,0.0,0.6666667,2.0,3,0,2
137.31056,54.0,54.0,120.0,55.0,65.0,82.08612,0.0,0.0,8421.302,55.0,0.0,0.6666667,2.0,0,0,2
414.24655,54.0,54.0,5867.733,973.7149,60.0,247.84637,178.13225,395.60312,11966.778,138.27142,8.0,1.0,3.0,0,0,2
1147.3234,73.46666,78.0,274988.84,1292.0,151.0,1002.64966,0.0,562.6567,8954.474,174.73595,0.0,1.0833334,2.0,0,0,2
144.70227,81.0,54.0,60.0,78.0,119.1546,92.13264,0.0,0.0,370.1914,55.0,0.0,0.5,2.0,0,0,2
150.73656,81.0,78.0,120.0,82.66093,77.0,221.35269,0.0,0.0,210.26651,80.0,0.0,0.5,3.0,0,0,2
571.0,55.0,73.0,10169.3,1292.0,60.0,558.3138,539.5172,618.18805,7527.7485,353.36594,12.0,1.0,3.0,3,0,2
60.0,71.0,78.0,60.0,1254.0,60.0,100.0,189.79709,0.0,69.552345,196.56937,0.0,0.5,35.7367,0,0,2
60.0,53.333332,54.0,60.0,54.0,60.0,54.0,0.0,0.0,7510.405,54.0,0.0,0.5,2.0,0,0,2
952.45734,74.0,72.0,8873.858,75.0,561.0,451.2272,0.0,0.0,15802.382,75.0,0.0,0.8888889,2.0,0,0,2
60.0,50.0,50.0,155.01869,78.0,60.0,56.666668,0.0,0.0,255202.08,55.0,8.0,1.1327559,2.0,0,0,2
68.333336,50.0,54.0,564.0,583.0,60.0,65.42857,311.5217,93.6627,133891.27,87.07735,132.05202,1.2,3.0,0,0,2
156.0,66.0,55.0,120.0,55.0,88.0,88.945854,0.0,0.0,4325.726,55.0,0.0,0.5,2.0,0,0,2
946.7164,80.0,80.614975,32114.213,283.7876,182.95833,903.8128,0.0,12.5,5684.402,136.87718,0.0,0.6666667,2.0,0,0,2
321.6703,55.0,74.36399,4568.843,1292.0,60.0,415.72238,540.49475,596.7785,4180.799,358.0735,4.0,0.6666667,4.0,0,0,2
60.0,54.0,55.0,145.0,1253.0453,60.0,94.333336,344.13614,11.785113,3116.2192,154.21446,0.0,0.5,6.0,0,0,2
60.0,50.0,50.0,60.0,79.6596,60.0,53.333332,0.0,0.0,39837.832,55.0,0.0,1.0,3.0,0,0,2
302.72217,55.0,71.0,571.0,1254.0,60.0,267.7976,158.38306,25.520271,4439.5024,153.66667,0.0,0.6666667,3.0,0,0,2
1171.0316,78.0,81.0,400350.06,1292.0,170.84946,1063.9397,8.7683935,595.01025,6570.94,226.91063,0.0,1.0,2.0,0,0,2
78.0,55.0,54.0,108.0,54.0,64.0,61.166668,0.0,0.0,5941.813,54.0,0.0,0.5,2.0,0,0,2
67.445076,54.0,54.0,180.0,697.92126,60.0,85.76875,291.0686,11.785113,11806.7,99.07089,8.0,0.8634775,3.3726718,0,0,2
151.0,77.24341,78.0,120.0,96.64549,60.0,239.0,0.0,0.0,400.76447,90.457,0.0,0.5,3.0,0,0,2
186.70692,87.0,86.0,120.0,586.9556,64.0,393.57358,0.0,0.0,42.76683,157.48442,0.0,0.5,5.0,0,0,2
1167.2872,85.4787,86.0,366482.16,1292.0,200.0,1094.6733,29.883776,597.8222,3680.1177,393.04776,0.0,0.75,2.0,0,0,2
604.41205,80.0,81.0,638.77203,264.7438,105.67237,452.2521,0.0,0.0,1711.4286,111.15545,0.0,0.5,3.0,0,0,2
136.0,72.0,74.0,171.0,90.6,60.0,146.60915,0.0,0.0,2774.1792,90.43151,0.0,0.5,3.0,0,0,2
848.0548,87.0,87.0,39984.758,1292.0,86.0,1052.132,369.61832,616.4273,1440.076,674.5951,0.0,0.5,3.0,0,0,2
60.0,54.0,54.0,90.788704,54.0,60.0,56.666668,0.0,0.0,13699.877,54.0,0.0,0.5,2.0,0,0,2
420.37198,75.0,74.0,216.1499,78.0,92.76533,233.29073,0.0,0.0,4438.2144,75.0,0.0,0.5,2.0,0,0,2
571.0,54.0,54.078037,9940.178,1292.0,60.0,428.30276,423.7535,599.6892,16846.932,173.74162,21.806696,1.2,3.0,3,0,2
60.0,50.0,50.0,156.0,80.0,60.0,56.4,0.0,0.0,327446.78,55.0,31.612541,1.2222222,2.0,0,2,2
102.97383,78.0,55.0,88.474525,75.0,66.0,94.0,0.0,0.0,960.13776,74.269646,0.0,0.5,2.0,0,0,2
623.3452,55.0,71.0,8513.253,1282.0,60.0,455.96506,178.25931,528.9606,9178.863,173.01904,5.0,1.0,2.3613229,0,0,2
1035.4863,88.848755,88.0,15482.026,984.8453,212.74437,1049.8588,0.0,280.46674,585.5288,262.493,0.0,0.5,2.0,0,0,2
446.53555,54.0,54.0,7678.072,660.1512,60.0,232.2157,185.72093,478.5913,124913.75,94.0,109.11229,1.2222222,2.0,3,0,2
60.0,50.0,50.0,84.0835,55.0,60.0,53.333332,0.0,0.0,75883.375,54.0,0.0,0.8,2.0,0,0,2
71.0,55.0,54.0,120.0,80.0,60.0,82.77946,0.0,0.0,4785.125,78.0,0.0,0.5,3.0,0,0,2
551.082,75.0,78.0,586.5628,1292.0,60.0,442.28043,92.40758,25.5,1713.2185,195.39267,0.0,0.5,4.0,0,0,2
69.97582,54.0,54.0,169.20029,1059.3641,60.0,88.447914,229.64566,9.743349,8567.145,106.0,2.0,0.8333333,4.0,0,0,2
513.75244,67.9276,75.0,3183.585,1251.8844,60.0,412.9271,167.96129,297.22974,3800.8315,175.2991,0.0,0.6666667,3.0,0,0,2
89.27069,55.0,71.0,180.0,933.0,60.0,205.15242,178.26205,8.504001,2472.7239,157.44444,0.0,0.5,5.0,0,0,2
342.11392,58.98007,71.0,609.24115,624.0,60.0,264.253,9.909325,2.3473587,4639.7935,136.7582,0.0,0.6666667,3.0,0,0,2
60.0,54.0,54.0,60.0,95.0,60.0,56.4,9.065886,0.0,6241.628,78.0,0.0,0.5,5.0,0,0,2
155.96649,54.0,54.0,571.0,94.0,60.0,100.0,0.0,0.0,19355.22,81.37735,1.0,0.9,2.0,0,0,2
64.0,56.666668,50.0,60.0,55.0,60.0,70.0,0.0,0.0,2117.5156,54.0,0.0,0.5,2.0,0,0,2
395.88782,54.0,54.0,8560.897,1292.0,60.0,345.99454,949.6705,627.7051,17532.148,247.65704,193.62727,1.0867875,3.0,3,0,2
465.5839,55.0,54.0,210.83928,72.07856,86.89599,105.78649,0.0,0.0,9945.086,55.0,0.0,0.6666667,2.0,0,0,2
1163.2617,75.0,78.0,380704.4,849.61707,176.0491,1002.463,0.0,508.16718,11547.768,157.33333,0.0,1.0620437,2.0,0,0,2
1121.3595,81.0,85.0,234706.31,1292.0,145.7637,1079.991,173.65048,605.5253,2893.837,433.641,0.0,0.6666667,2.0,0,0,2
1264.489,81.0,85.0,1279443.4,1292.0,560.2026,1116.342,10.517264,610.8432,6540.6055,307.90326,0.0,1.0,2.0,0,0,2
561.0,77.0,75.0,600.41986,87.0,92.80226,268.97748,0.0,0.0,4537.215,81.13965,0.0,0.5,2.0,0,0,2
266.0059,54.0,54.0,2104.461,1244.0809,60.0,240.0,183.35065,305.4263,11702.268,135.07007,6.0,1.0,3.0,0,0,2
526.1965,54.0,54.0,211.23843,55.0,127.0,94.0,0.0,0.0,16795.967,54.0,0.0,0.75,2.0,0,0,2
1180.4508,77.0,78.0,404701.56,586.3281,560.0,1004.3092,0.0,342.63974,12258.597,130.53401,0.0,1.061729,2.0,0,0,2
158.0,77.0,73.20926,169.58168,78.0,70.101685,116.390114,0.0,0.0,3557.215,74.0,0.0,0.5,2.0,0,0,2
603.56036,54.0,54.0,36594.707,1292.0,60.0,451.8578,548.92365,627.3202,20607.25,224.16945,132.05295,1.2222222,3.0,3,0,2
1282.1116,85.71967,87.0,3230879.5,1533.436,300.2273,1142.9233,475.19626,651.95184,5594.923,1021.5706,8.0,1.0,2.0,3,0,2
692.7273,55.0,55.0,7620.0,87.0,137.14561,384.6153,0.0,0.0,15464.271,80.0,0.0,1.0,2.0,0,0,2
182.11493,87.0,86.0,120.0,342.0,65.0,382.05405,0.0,0.0,45.53762,152.3428,0.0,0.5,5.0,0,0,2
1135.6157,87.0,87.0,191259.47,1292.0,167.45322,1083.3301,28.756556,583.8331,2465.6284,396.3433,0.0,0.6666667,2.0,0,0,2
316.1909,54.0,54.0,18570.906,1292.0,60.0,374.20172,2898.6477,647.4247,19251.334,427.40164,577.11914,1.0961834,3.0,3,0,2
604.8518,66.0,75.0,1421.7639,583.018,70.0,415.72278,0.0,0.0,4444.8438,94.666664,0.0,0.71200997,2.0,0,0,2
544.77716,55.0,55.0,250.45432,74.0,105.90221,124.738495,0.0,0.0,8462.949,63.20598,0.0,0.6666667,2.0,0,0,2
653.0909,75.0,78.0,6691.6562,702.4803,71.86948,557.0044,0.0,11.785113,3881.8103,150.99329,0.0,0.6666667,3.0,0,0,2
168.31119,75.0,78.0,342.0,967.7151,60.0,304.10254,115.27813,8.485281,1620.2804,174.44167,0.0,0.5,4.0,0,0,2
608.7207,79.06615,78.0,838.00146,88.58938,150.0,428.31345,0.0,0.0,2893.7039,87.0,0.0,0.5,2.0,0,0,2
64.20576,71.28861,72.0,78.0,81.0,60.0,87.566986,0.0,0.0,987.98114,81.0,0.0,0.5,3.0,0,0,2
813.3921,81.0,85.0,8400.603,1292.0,113.01031,984.46014,0.0,399.72028,1797.8195,246.0813,0.0,0.6666667,3.0,0,0,2
1024.9155,87.0,87.0,40601.277,1292.0,127.0,1071.468,177.67699,599.7018,1468.1276,501.05713,0.0,0.5,3.0,0,0,2
603.37506,54.0,54.0,24161.973,672.49347,60.0,374.23218,167.83192,523.74493,48513.92,122.20791,37.50749,1.2,2.0,3,0,2
88.0,83.77261,85.0,104.330025,618.4488,60.0,247.0,0.0,0.0,36.99944,173.01945,0.0,0.5,7.975901,0,0,2
60.0,50.0,50.0,156.0,85.0,60.0,56.666668,0.0,0.0,213876.39,55.0,11.0,1.2,2.0,0,0,2
653.0909,70.0,71.0,7317.696,85.0,136.54967,374.29828,0.0,0.0,11756.622,81.0,0.0,0.75,2.0,0,0,2
548.1214,65.0,60.0,669.0,89.0,66.0,246.76065,0.0,0.0,7531.6914,87.0,0.0,0.6666667,2.0,0,0,2
106.68937,55.0,73.99342,365.33286,1292.0,60.0,247.0,537.6763,505.00165,2233.5227,262.75626,0.0,0.5,6.0,0,0,2
784.79095,75.0,78.0,7721.3247,1180.0695,104.79753,871.93353,0.0,25.5,3864.9128,155.17877,0.0,0.75,2.0,0,0,2
335.23453,78.0,55.0,158.0,75.0,120.0,142.53723,0.0,0.0,2925.9653,73.03373,0.0,0.5,2.0,0,0,2
316.4458,54.0,55.0,669.0,584.82196,60.0,240.0,0.0,0.0,8436.094,102.90993,0.0,0.75,3.0,0,0,2
295.81104,54.0,55.0,205.0,342.0,60.0,232.1977,0.0,0.0,4817.1953,88.0,0.0,0.6666667,3.0,0,0,2
630.2832,71.0,74.682175,1647.5308,95.0,104.41557,384.6124,0.0,0.0,5323.918,87.0,0.0,0.6666667,2.0,0,0,2
139.5003,54.0,54.0,180.0,72.0,60.0,61.166668,0.0,0.0,75460.86,54.0,0.0,1.0859134,2.0,0,0,2
187.35118,78.0,75.0,150.0,78.84947,86.0,211.06972,0.0,0.0,1708.6617,78.0,0.0,0.5,2.0,0,0,2
1200.3744,70.0,78.0,1493959.0,1292.0,127.0,1092.0028,393.2201,645.6926,14377.779,426.48538,30.696161,1.2222222,2.0,3,0,2
560.0,78.0,79.0,560.0,342.0,66.44383,393.3252,0.0,0.0,1524.2975,119.90114,0.0,0.5,3.0,0,0,2
60.0,54.0,54.0,88.69454,55.0,60.0,56.4,0.0,0.0,16871.033,54.0,0.0,0.6666667,2.0,0,0,2
1198.6948,89.0,88.1702,508151.2,1292.0,291.70596,1133.3037,176.76918,623.61725,1538.8767,704.228,0.0,0.62494975,2.0,0,0,2
60.0,54.0,54.0,79.1402,115.0,60.0,56.666668,160.0617,0.0,8452.386,87.0,0.0,0.5594189,4.0,0,0,2
636.5,54.0,54.0,7620.0,94.918076,70.06956,249.0,0.0,0.0,33950.043,80.0,0.0,1.1276704,2.0,0,0,2
1039.1256,79.0,83.45175,333051.03,1292.0,108.6167,1027.5741,236.7919,620.1012,5552.0054,414.95657,2.0,0.75,2.0,3,0,2
74.0,78.0,80.0,88.642845,571.0,60.0,184.24405,0.0,0.0,60.541424,143.67462,0.0,0.5,6.0,0,0,2
993.7966,77.0,78.0,37904.89,615.5609,156.0,897.31866,0.0,109.805786,7286.93,143.33644,0.0,0.8170696,2.0,0,0,2
145.94028,73.073296,71.901054,205.0,86.0,60.0,117.95919,0.0,0.0,4485.3784,80.0,0.0,0.5,2.0,0,0,2
1169.3265,66.667206,78.0,1328314.0,1292.0,108.33362,1064.2913,427.21378,645.13086,17475.42,395.83536,46.6585,1.2222222,2.0,3,0,2
658.2855,55.0,74.0,97181.9,1292.0,60.0,814.779,591.1116,639.9813,11646.279,427.10623,70.23236,1.0,3.0,3,0,2
60.0,54.0,54.0,60.0,87.0,60.0,56.666668,0.0,0.0,5252.185,78.0,0.0,0.5,4.0,0,0,2
60.0,53.333332,54.0,60.0,54.0,60.0,54.0,0.0,0.0,25643.865,54.0,0.0,0.6666667,2.0,0,0,2
158.0,54.0,55.0,7184.0,1455.1914,60.0,372.9644,2773.65,640.2662,7162.805,501.14908,81.555,0.8197991,5.0,3,0,2
348.56528,87.0,85.0,150.02773,95.0,86.0,341.63275,0.0,0.0,120.63499,89.34068,0.0,0.5,3.0,0,0,2
1280.0913,86.0,87.0,2543996.8,1514.0,263.11874,1141.0659,454.53125,649.20276,4982.3857,1015.07855,7.0,1.0,2.0,3,0,2
561.0,65.0,72.47357,567.0,173.0,66.0,273.0,0.0,0.0,4407.1274,88.0,0.0,0.6666667,2.0,0,0,2
106.82658,54.0,54.15005,564.0,1292.0,60.0,239.0,547.72015,554.4653,5807.0205,216.02469,8.0,0.8,5.034259,0,0,2
546.94196,54.0,54.0,21822.547,1292.0,60.0,386.24194,1020.76715,636.1575,23455.371,246.4833,405.39694,1.203131,3.0,3,0,2
102.813126,74.0,54.0,104.05104,55.0,80.0,79.55352,0.0,0.0,3498.5935,55.0,0.0,0.5,2.0,0,0,2
291.77316,85.71653,55.0,120.0,80.0,151.53578,215.86565,0.0,0.0,354.293,74.0,0.0,0.5,2.0,0,0,2
1117.3903,89.023415,88.0,40105.875,594.13196,560.0,1064.6809,0.0,233.32253,1491.5328,233.06403,0.0,0.5,2.0,0,0,2
213.06119,54.0,54.0,10827.444,1292.0,60.0,240.17767,2239.4587,638.97595,101656.336,215.87686,580.69507,1.2717004,3.0,3,0,2
571.0,84.67022,85.0,564.0,175.33698,106.77831,454.9478,0.0,0.0,594.58875,131.50897,0.0,0.5,3.0,0,0,2
1163.9542,87.0,87.0,457967.9,1292.0,167.25055,1102.7944,171.66039,616.1769,3237.768,478.56882,0.0,0.6666667,2.0,0,0,2
60.0,54.0,54.0,120.0,277.354,60.0,85.0,9.903416,0.0,4405.0474,90.99409,0.0,0.5,4.0,0,0,2
60.0,54.0,54.0,124.5153,1292.0,60.0,91.71358,409.55414,11.785113,4174.358,150.50038,0.0,0.6666667,7.0,0,0,2
167.0,54.0,54.0,567.0,80.0,60.0,94.333336,0.0,0.0,22445.22,75.0,0.0,0.8761087,2.0,0,0,2
263.23126,64.82569,71.0,561.0,342.0,60.0,240.12434,0.0,0.0,4816.6343,98.240685,0.0,0.6666667,3.0,0,0,2
729.3619,75.0,78.0,24641.654,1292.0,68.54385,884.67053,168.09685,570.1372,5640.858,220.79678,0.0,0.8,2.0,0,0,2
1183.387,86.0,87.0,441080.0,1292.0,179.36479,1109.923,162.00185,614.37976,3080.9954,476.9646,0.0,0.75,2.0,0,0,2
690.866,87.0,87.0,7981.9697,1292.0,70.139915,1006.3672,281.182,594.236,331.00662,648.9533,0.0,0.5,3.0,0,0,2
158.72581,80.0,55.0,120.0,78.0,108.05871,114.191956,0.0,0.0,1498.4589,74.0,0.0,0.5,2.0,0,0,2
1165.3608,87.0,86.0,257655.48,1181.0585,538.0,1074.5554,0.0,503.61258,3548.763,227.31511,0.0,0.6666667,2.0,0,0,2
387.836,54.0,54.0,21531.016,1358.9963,60.0,395.61295,3063.186,647.9332,18884.895,433.08047,577.2097,1.1111112,3.0,3,0,2
60.0,54.0,54.0,60.0,75.0,60.0,56.666668,0.0,0.0,4619.0337,72.0,0.0,0.5,3.0,0,0,2
77.0,57.0,50.0,60.0,55.0,68.333336,75.0,0.0,0.0,1834.0148,54.0,0.0,0.5,2.0,0,0,2
88.0,54.0,54.0,560.3694,1292.0,60.0,188.76692,758.7303,577.7424,6061.5347,221.89606,11.0,0.8407308,6.0,0,0,2
602.27594,54.0,54.0,11465.021,137.51656,60.0,247.0,0.0,25.5,173402.78,85.0,15.389655,1.2222222,2.0,0,0,2
60.0,68.995476,77.0,60.0,85.0,60.0,78.0,0.0,0.0,67.38824,78.0,0.0,0.5,5.0,0,0,2
60.0,54.0,54.0,78.0,95.76568,60.0,61.166668,0.0,0.0,4089.84,81.0,0.0,0.5,4.0,0,0,2
324.54105,87.0,85.15129,150.0,119.49383,86.0,377.58185,0.0,0.0,67.406395,92.0,0.0,0.5,3.0,0,0,2
1051.0371,77.0,78.69296,206845.75,1279.7533,127.0,998.055,33.5,575.63086,7480.0073,213.89328,0.0,1.0,2.0,0,0,2
653.0909,84.97012,85.0,2537.1445,622.0692,101.35802,684.9293,0.0,0.0,648.35803,167.41974,0.0,0.5,3.0,0,0,2
631.6533,54.0,54.0,309535.56,1810.536,60.0,573.8709,2976.7664,658.7321,48496.72,471.4399,580.9386,1.3333334,3.0,3,0,2
841.9086,77.0,75.0,8461.244,81.0,486.01898,489.7499,0.0,0.0,10461.696,81.0,0.0,0.75,2.0,0,0,2
151.0,54.0,50.0,120.0,54.0,97.977745,62.977943,0.0,0.0,9143.675,54.0,0.0,0.6666667,2.0,0,0,2
560.0,54.0,54.0,5869.5005,85.0,65.0,198.8034,0.0,0.0,44027.535,78.0,0.0,1.0,2.0,0,0,2
791.46954,75.0,80.0,268091.53,1292.0,60.0,1004.3396,571.74054,644.9314,5494.747,649.79376,12.0,0.84478164,3.0,3,0,2
60.0,67.0,75.0,60.0,593.00104,60.0,91.0,28.755676,0.0,248.92345,142.5098,0.0,0.5,8.0,0,0,2
60.0,54.0,54.0,60.0,72.0,60.0,56.4,0.0,0.0,4792.3506,55.0,0.0,0.5,3.0,0,0,2
639.5,54.0,54.0,7184.0,384.34976,66.0,327.77457,0.0,0.0,17676.135,87.0,0.0,1.1037486,2.0,0,0,2
568.2219,54.0,54.369637,14573.525,1225.3203,60.0,393.00192,245.4516,573.81793,20626.111,153.45714,22.638107,1.0924194,2.0,3,0,2
1154.2559,80.0,85.0,301317.34,1254.0,181.18057,1049.2196,0.0,561.8707,4982.9375,221.54526,0.0,0.8,2.0,0,0,2
107.10468,54.0,54.0,145.0,74.0,60.0,85.88121,0.0,0.0,8400.327,69.5,0.0,0.502186,2.0,0,0,2
97.89237,54.0,54.0,145.0,81.0,60.0,80.18491,0.0,0.0,9864.323,73.0,0.0,0.6666667,2.0,0,0,2
335.22995,54.0,65.106026,7684.8076,1356.3246,60.0,428.4,2237.4172,636.78815,7527.9146,484.3792,60.167595,0.89625823,4.0,3,0,2
567.0,81.0,85.0,634.8032,1292.0,60.0,659.8037,53.11673,25.597065,251.09718,257.29282,0.0,0.5,4.0,0,0,2
718.0429,82.0,85.0,6924.7256,343.37723,156.0,778.292,0.0,0.0,1935.1898,143.3064,0.0,0.5,2.0,0,0,2
450.14963,81.0,85.0,560.0,1282.0,60.0,511.43552,94.02568,11.785113,136.93402,253.10617,0.0,0.5,5.0,0,0,2
119.21508,55.0,54.0,109.47681,54.0,86.0,61.4,0.0,0.0,6678.881,54.0,0.0,0.5,2.0,0,0,2
345.82953,54.0,54.0,8627.6,1292.0,60.0,300.95074,800.19653,626.59326,20212.512,225.85516,194.63324,1.0766579,3.0,3,0,2
115.779755,78.0,50.0,60.0,74.0,91.87011,78.0,0.0,0.0,1645.7811,54.0,0.0,0.5,2.0,0,0,2
367.2185,81.0,85.0,669.0,1292.0,60.0,571.91943,389.33575,502.49518,246.38303,489.35236,0.0,0.5,5.1010065,0,0,2
64.34367,64.0,72.69919,144.13287,1254.0,60.0,115.262665,346.7216,11.785113,1539.7085,194.2686,0.0,0.5,6.513653,0,0,2
91.45139,54.0,54.0,148.33568,55.0,60.0,57.125107,0.0,0.0,23827.914,54.0,0.0,0.8,2.0,0,0,2
74.0,55.0,55.0,145.0,87.0,60.0,88.333336,0.0,0.0,4955.0264,86.0,0.0,0.5,3.0,0,0,2
595.1477,54.0,54.0,10760.65,768.1405,60.0,384.6193,160.39737,499.68835,21721.723,130.48157,12.513609,1.1431568,2.0,0,0,2
74.27388,64.0,73.0,136.39943,1087.7007,60.0,124.848785,171.94121,0.0,1472.886,157.44444,0.0,0.5,6.0,0,0,2
60.0,50.0,54.0,205.0,1292.0,60.0,86.10808,828.8166,536.2095,14634.64,153.77777,79.82385,1.0,6.0,0,0,2
538.0,55.0,54.0,213.0,54.0,151.64337,93.7496,0.0,0.0,16882.371,54.0,0.0,0.6666667,2.0,0,0,2
151.17593,54.0,54.0,567.0,130.811,60.0,116.3707,0.0,0.0,11687.345,89.90544,0.0,0.73162186,2.0,0,0,2
567.0,74.0,75.0,6738.35,99.69811,70.42824,382.43427,0.0,0.0,7638.241,97.42264,0.0,0.6666667,2.0,0,0,2
60.0,56.666668,50.0,60.0,54.0,60.0,65.0,0.0,0.0,2933.292,54.0,0.0,0.5,2.0,0,0,2
60.0,60.3431,55.0,60.0,55.0,60.0,67.0,0.0,0.0,2010.4637,55.0,0.0,0.5,2.0,0,0,2
384.39786,86.0,72.0,159.04619,80.27658,140.21548,245.686,0.0,0.0,1035.0055,80.0,0.0,0.5,2.0,0,0,2
326.741,54.0,54.0,910.1647,78.0,60.0,92.10797,0.0,0.0,125817.28,55.0,0.0,1.1038836,2.0,0,0,2
1026.9485,54.0,54.0,478506.6,618.0,98.76707,615.18494,0.0,568.72156,179781.08,103.750946,62.440628,1.375,2.0,3,0,2
718.1039,78.0,82.278336,11907.909,1292.0,66.0,972.8287,207.02762,593.0121,2768.497,395.57315,0.0,0.6666667,3.0,0,0,2
377.22116,54.0,55.0,3182.9888,613.3956,60.0,246.87271,21.65822,12.5,9893.635,106.310394,0.0,0.8,2.0,0,0,2
92.97314,78.0,77.0,79.25718,78.0,60.0,97.666664,0.0,0.0,393.71344,78.0,0.0,0.5,3.0,0,0,2
162.47955,86.0,85.0,138.0,581.8116,60.0,345.53842,0.0,0.0,60.110992,153.66852,0.0,0.5,5.0,0,0,2
201.55768,87.0,86.0,144.8429,618.9212,60.0,414.16336,0.0,0.0,47.403957,174.3624,0.0,0.5,5.2843804,0,0,2
103.62904,74.0,74.81441,120.0,85.0,60.0,104.58476,0.0,0.0,1375.1266,81.0,0.0,0.5,3.0,0,0,2
85.5,78.0,80.0,161.1738,1188.555,60.0,247.0,286.9825,12.559487,250.89793,249.55197,0.0,0.5,6.0,0,0,2
735.2823,78.0,85.0,7622.032,1292.0,70.0,974.029,132.69809,478.1178,1664.5734,307.5493,0.0,0.6666667,3.0,0,0,2
60.0,54.0,54.0,60.0,54.0,60.0,56.4,0.0,0.0,11616.905,54.0,0.0,0.5,2.0,0,0,2
567.0,66.0,75.0,7597.2686,1282.0,60.0,453.42557,178.2598,495.35855,5273.3076,195.5818,0.0,0.75,3.0,0,0,2
60.0,53.333332,54.0,60.0,55.0,60.0,54.0,0.0,0.0,13947.301,54.0,0.0,0.6666667,2.0,0,0,2
60.0,54.0,54.0,150.0,621.2695,60.0,78.0,297.00244,0.0,8733.411,103.40468,4.0,0.6666667,4.0,0,0,2
60.0,54.0,54.0,127.0,97.0,60.0,78.0,0.0,0.0,7365.744,87.0,0.0,0.6666667,3.0,0,0,2
567.0,54.0,54.0,8792.137,1292.0,60.0,342.1947,248.16692,566.57446,26298.969,143.61137,36.469536,1.2222222,2.0,0,0,2
88.0,59.126583,54.0,78.0,54.0,69.47764,61.166668,0.0,0.0,4501.7256,54.0,0.0,0.5,2.0,0,0,2
1245.7354,78.0,81.0,1333113.2,1292.0,560.0,1101.3092,1.4029754,607.3784,11787.421,217.81287,4.0,1.145602,2.0,0,0,2
637.14215,54.0,54.0,5031.48,81.0,107.547714,240.78214,0.0,0.0,21392.639,74.0,0.0,1.0620865,2.0,0,0,2
60.0,61.166668,55.0,60.0,58.32992,60.0,66.0,0.0,0.0,2243.4731,55.0,0.0,0.5,3.0,0,0,2
60.0,50.0,50.0,103.24467,78.0,60.0,53.333332,0.0,0.0,84425.86,55.0,5.0,1.0,2.0,0,0,2
1050.5309,87.0,86.0,38773.95,989.09955,167.0,1023.04846,0.0,434.244,2504.2402,227.3253,0.0,0.6666667,2.0,0,0,2
567.0,64.0,74.244125,7822.513,1292.0,60.0,462.08197,408.63254,595.0537,6411.269,244.7059,5.0,0.8,3.0,0,0,2
60.0,53.333332,54.0,60.0,71.0,60.0,54.0,0.0,0.0,15735.547,55.0,0.0,0.6666667,3.0,0,0,2
104.32757,54.0,54.0,158.71606,100.69452,60.0,91.1479,0.0,0.0,8401.262,80.0,0.0,0.6666667,3.0,0,0,2
898.2791,54.0,54.0,41320.305,87.0,156.0,395.6095,0.0,0.0,178704.55,78.0,5.0,1.2346121,2.0,0,0,2
653.0909,78.0,81.0,8125.228,1292.0,60.0,890.73584,306.0487,593.37134,2655.4875,397.9084,0.0,0.6666667,3.0,0,0,2
72.5,54.0,54.0,145.89464,296.6407,60.0,80.18181,0.0,0.0,9678.936,82.39136,0.0,0.7924418,3.0,0,0,2
550.63245,77.0,55.0,199.808,74.0,158.56897,184.55028,0.0,0.0,4537.1377,55.0,0.0,0.5,2.0,0,0,2
567.0,78.0,78.0,3877.189,617.0,66.0,452.3695,0.0,8.485281,2773.9956,153.77777,0.0,0.5,3.0,0,0,2
567.0,54.0,54.0,3405.761,72.0,100.29161,123.698906,0.0,0.0,47764.61,55.0,0.0,1.0,2.0,0,0,2
805.5998,55.0,73.0,31580.24,1292.0,66.0,770.20306,117.91211,532.96924,9885.347,164.24771,2.0,1.1,2.0,0,0,2
521.36707,80.0,83.0,342.0,617.0,65.0,428.4,0.0,0.0,354.2181,156.41022,0.0,0.5,3.0,0,0,2
707.43256,92.0,89.71158,4278.099,697.3881,159.40108,1005.52124,0.0,0.0,56.1266,331.06885,0.0,0.5,3.0,0,0,2
639.5,87.0,85.0,5901.6436,589.4939,103.07671,741.3346,0.0,7.491343,1376.2872,178.23082,0.0,0.5,3.0,0,0,2
1073.0413,65.0,69.73082,42824.137,88.0,349.26642,581.2475,0.0,0.0,23494.031,81.12947,0.0,1.1,2.0,0,0,2
68.333336,80.0,82.876526,95.44095,624.0,60.0,239.0,0.0,0.0,47.599834,175.30272,0.0,0.5,8.014142,0,0,2
109.15432,50.0,50.0,4226.476,80.0,60.0,61.166668,0.0,0.0,381499.0,55.69901,239.67332,1.3931929,2.0,0,0,2
561.0,71.0,55.0,366.33746,55.0,158.0,146.55164,0.0,0.0,8302.164,55.0,0.0,0.6666667,2.0,0,0,2
718.3458,78.0,78.46868,12008.083,717.34344,88.0,860.79913,1.12611506e-14,409.6992,4907.056,174.3869,0.0,0.6666667,2.0,0,0,2
60.0,50.0,50.0,60.0,71.0,60.0,53.333332,0.0,0.0,111395.664,54.0,0.0,1.0,2.0,0,0,2
85.409775,77.0,79.96041,120.0,1273.9069,60.0,240.14848,163.27867,0.0,87.04527,216.00555,0.0,0.5,9.701974,0,0,2
151.06013,54.0,54.0,1633.344,78.0,60.0,78.0,0.0,0.0,325928.47,55.012478,17.0,1.2222222,2.0,0,0,2
85.5,50.00058,54.0,205.0,89.0,60.0,61.4,0.0,0.0,67027.24,75.0,5.0,1.0969697,2.0,0,0,2
158.08006,87.0,85.290955,120.0,119.97206,66.05868,273.0,0.0,0.0,55.700134,92.1413,0.0,0.5,4.0,0,0,2
109.04802,54.0,54.0,127.0,54.0,66.0,61.4,0.0,0.0,12610.346,54.0,0.0,0.6666667,2.0,0,0,2
456.4992,75.0,78.0,255.95935,635.5044,60.0,370.13773,0.0,0.0,1468.2816,143.633,0.0,0.5,3.0,0,0,2
692.7273,78.0,82.52433,24371.258,1301.972,60.0,984.4706,537.0663,627.0436,2765.7822,648.08887,0.0,0.6666667,3.0,0,0,2
60.0,54.0,54.0,156.0,1254.0,60.0,78.0,519.12134,104.81505,10131.939,128.07559,11.0,0.82852334,5.0,0,0,2
212.6814,67.0,71.0,180.0,81.0,65.0,133.00339,0.0,0.0,4180.9854,79.142494,0.0,0.5,2.0,0,0,2
739.55554,75.0,78.0,21134.908,656.52264,94.592575,757.096,0.0,370.9594,7242.7866,156.9026,0.0,0.75,2.0,0,0,2
60.0,54.0,54.0,148.0,1254.0,60.0,87.48272,518.8017,84.592316,5439.302,153.37202,3.0,0.6666667,6.0,0,0,2
60.0,54.0,54.0,60.0,78.0,60.0,56.4,0.0,0.0,1858.5105,78.0,0.0,0.5,5.0,0,0,2
60.0,54.0,54.0,60.0,92.0,60.0,56.666668,0.0,0.0,4677.6943,79.72758,0.0,0.5,5.0,0,0,2
560.0,87.0,78.0,180.0,87.2323,151.0,350.27902,0.0,0.0,354.91037,85.0,0.0,0.5,2.0,0,0,2
567.0,70.35304,78.0,7681.5835,1292.0,60.0,583.85876,471.16214,599.6492,4326.0293,374.13858,1.0,0.6666667,3.0,0,0,2
811.60565,54.0,72.0,880634.4,1850.8186,60.0,984.45886,2262.563,661.83307,17334.357,649.88525,490.69885,1.2222222,3.0,3,0,2
1165.7317,66.0,75.0,900099.0,698.7897,167.39209,984.4678,0.0,562.66205,22548.121,143.65869,8.0,1.2222222,2.0,0,0,2
330.09793,89.0,88.0,120.0,589.0,70.70953,456.45908,0.0,0.0,11.228455,188.73605,0.0,0.5,6.0,0,0,2
60.0,74.0,74.0,60.0,81.0,60.0,78.0,0.0,0.0,331.60907,80.0,0.0,0.5,4.0,0,0,2
669.0,88.0,87.0,3488.487,141.56436,180.13832,766.2727,0.0,0.0,544.145,95.0,0.0,0.5,2.0,0,0,2
316.21652,78.0,82.27019,564.0,1292.0,60.0,474.20807,421.50452,475.03052,326.273,443.7204,0.0,0.5,7.0,0,0,2
370.89017,88.264114,87.0,120.0,98.721016,116.19656,387.58972,0.0,0.0,46.201588,87.0,0.0,0.5,3.0,0,0,2
1110.9506,55.0,71.0,400819.22,1248.1904,113.19512,904.261,28.755676,594.98816,26412.785,150.6862,12.0,1.2222222,2.0,3,0,2
68.333336,54.0,54.0,127.0,97.0,60.0,61.166668,0.0,0.0,14209.126,78.0,0.0,0.938855,3.0,0,0,2
198.28952,87.0,86.0,180.0,1254.0,60.0,448.2418,29.883776,0.0,56.975937,261.3592,0.0,0.5,6.0,0,0,2
951.06903,70.0,78.0,397719.88,1292.0,66.0,998.67896,487.64273,635.8401,11299.936,400.25482,17.0,1.0643246,2.0,3,0,2
68.333336,54.0,54.0,120.0,75.0,60.0,61.4,0.0,0.0,7066.011,74.479,0.0,0.5,2.0,0,0,2
256.49924,54.0,55.0,180.0,88.0,60.0,116.52774,0.0,0.0,5883.233,78.0,0.0,0.6666667,2.0,0,0,2
187.3472,54.0,54.0,561.0,78.0,60.0,88.0,0.0,0.0,65922.57,55.0,0.0,1.0700418,2.0,0,0,2
71.0,54.0,54.0,148.0,55.0,60.0,56.666668,0.0,0.0,81738.19,54.0,0.0,1.0,2.0,0,0,2
60.0,50.0,54.0,87.866974,80.0,60.0,53.333332,0.0,0.0,33835.35,69.5,3.0,0.7994763,3.0,0,0,2
107.22634,54.0,54.0,180.0,252.89964,60.0,89.876656,0.0,0.0,11669.997,80.0,0.0,1.0,3.0,0,0,2
60.0,54.0,54.0,120.0,132.61816,60.0,57.0,0.0,0.0,10446.426,80.0,0.0,0.75,3.0,0,0,2
127.0,77.0,77.77783,120.0,88.0,60.0,155.44972,0.0,0.0,806.0952,88.0,0.0,0.5,3.0,0,0,2
838.1344,55.0,71.03916,240740.81,1292.0,66.0,872.15405,222.15665,607.0512,17192.52,193.80403,14.5979,1.1903794,2.0,3,0,2
72.5,54.0,54.0,120.0,75.0,60.0,57.0,0.0,0.0,22888.697,55.0,0.0,0.94092387,2.0,0,0,2
150.0,87.0,54.0,78.0,80.0,144.70775,104.81053,0.0,0.0,187.5713,57.422485,0.0,0.5,2.0,0,0,2
567.0,54.0,54.0,6037.6,76.70964,86.0,138.9298,0.0,0.0,76029.305,69.5,0.0,1.0618658,2.0,0,0,2
60.0,53.333332,51.0957,60.0,54.0,60.0,54.0,0.0,0.0,13956.865,54.0,0.0,0.650651,2.0,0,0,2
335.31296,78.0,75.0,180.0,78.0,97.357704,223.39006,0.0,0.0,3162.6257,75.0,0.0,0.5,2.0,0,0,2
102.790276,54.0,54.0,2347.3154,1292.0,60.0,216.78452,2246.553,623.2207,11900.988,247.71663,139.27841,1.0,5.0,3,0,2
578.44794,89.0,88.0,560.0,1254.0,86.0,904.51697,0.0,0.0,34.00067,389.05405,0.0,0.5,5.0,0,0,2
1116.7808,84.71191,85.0,42193.258,1251.599,169.95364,1031.592,0.0,472.29645,3059.5747,223.31905,0.0,0.6666667,2.0,0,0,2
217.79105,88.0,87.0,145.0,583.0,65.0,428.35,0.0,0.0,41.583385,174.35931,0.0,0.5,5.0,0,0,2
60.0,54.0,54.0,78.0,312.19556,60.0,71.28698,0.0,0.0,2630.2864,90.0,0.0,0.5,5.0,0,0,2
150.27197,78.0,50.894905,80.0,74.089584,132.20384,87.86512,0.0,0.0,1826.4828,54.0,0.0,0.5,2.0,0,0,2
60.0,58.125957,55.0,60.0,78.030235,60.0,65.0,0.0,0.0,633.2645,78.0,0.0,0.5,4.0,0,0,2
156.0,81.0,54.0,87.07143,78.0,151.0,94.0,0.0,0.0,1174.3701,55.0,0.0,0.5,2.0,0,0,2
783.51355,82.0,80.0,7620.0,88.0,560.0,583.20844,0.0,0.0,4435.2827,81.0,0.0,0.5,2.0,0,0,2
68.90383,54.0,54.0,120.0,55.0,60.0,56.666668,0.0,0.0,20289.932,54.0,0.0,0.6666667,2.0,0,0,2
374.90497,66.0,77.0,2089.401,1292.0,60.0,424.37067,366.07397,506.5111,3020.5422,246.90898,0.0,0.6666667,4.0,0,0,2
323.67987,75.0,75.0,205.0,85.0,70.0,240.0,0.0,0.0,2796.9863,82.91632,0.0,0.5,2.0,0,0,2
818.9796,54.0,55.0,385699.03,1292.0,65.0,840.8878,341.43558,625.4246,36212.934,196.27731,86.152534,1.2222222,2.0,3,0,2
60.0,53.333332,54.0,60.0,55.0,60.0,54.0,0.0,0.0,2263.358,55.0,0.0,0.5,3.0,0,0,2
299.8962,78.0,75.0,151.0,78.0,99.765526,235.82678,0.0,0.0,1712.9358,78.0,0.0,0.5,2.0,0,0,2
602.86975,54.0,54.0,7562.0464,88.0,78.0,248.88788,0.0,0.0,23044.988,80.0,0.0,1.0,2.0,0,0,2
60.0,73.18414,77.0,120.0,656.80194,60.0,113.98134,172.63086,0.0,393.6806,172.38194,0.0,0.5,6.0,0,0,2
177.08731,81.0,85.0,218.9095,1254.0,60.0,428.92627,169.97882,13.831331,133.74776,296.746,0.0,0.5,5.502615,0,0,2
108.0,77.0,78.0,120.0,430.18707,60.0,239.0,0.0,0.0,222.98163,119.663124,0.0,0.5,5.0,0,0,2
571.0,74.0,75.0,3837.4033,90.0,87.49511,354.30237,0.0,0.0,6037.3774,89.0,0.0,0.6666667,2.0,0,0,2
1117.0454,77.0,81.0,270531.6,1292.0,120.0,1026.7899,167.12773,604.06824,5811.865,262.48795,0.0,1.0,2.0,0,0,2
724.23425,73.0,78.0,98539.26,1303.0969,60.0,984.2826,570.2175,640.9989,5635.6177,549.08307,12.0,0.8888889,3.0,3,0,2
561.0,54.0,54.0,3757.4785,88.0,65.0,239.0,0.0,0.0,20276.03,78.0,0.0,1.0,2.0,0,0,2
249.95105,87.0,80.0,120.0,87.418465,108.28008,249.0,0.0,0.0,57.455597,85.0,0.0,0.5,3.0,0,0,2
60.0,54.0,54.0,60.0,54.0,60.0,56.666668,0.0,0.0,6102.865,54.0,0.0,0.5,2.0,0,0,2
1165.5859,70.0,78.0,1051742.6,1352.6842,90.0,1077.0353,478.22473,645.179,11198.62,461.00064,17.0,1.2164296,2.0,3,0,2
740.8584,70.0,78.0,9718.638,1292.0,66.0,886.2584,137.0086,507.9439,4554.5386,216.0287,0.0,1.0,3.0,0,0,2
102.873604,54.0,54.0,127.0,72.0,60.0,77.678734,0.0,0.0,9944.63,55.0,0.0,0.6666667,2.0,0,0,2
68.333336,50.0,54.0,561.0,618.0,60.0,61.166668,304.16864,69.84915,220897.14,85.25566,194.8503,1.25,3.0,0,0,2
122.91915,54.0,54.0,571.0,618.0,60.0,104.666664,167.7964,14.034261,17991.78,93.59627,9.0,1.0,3.0,0,0,2
888.34607,87.0,87.0,40151.41,1292.0,86.0,1069.233,424.24854,622.12805,1109.0079,835.7536,0.0,0.5,3.0,0,0,2
653.0909,89.0,88.0,6022.685,1254.0,91.0982,983.95917,29.047249,298.8567,118.185974,430.53687,0.0,0.5,3.0,0,0,2
60.0,55.0,54.0,60.0,54.0,60.0,56.666668,0.0,0.0,3482.8398,54.0,0.0,0.5,2.0,0,0,2
212.5207,54.0,54.0,1368.9608,73.25954,60.0,82.4,0.0,0.0,305093.9,55.0,7.0,1.2,2.0,0,0,2
512.23663,88.0,87.0,158.0,138.87347,95.60169,436.62485,0.0,0.0,56.391064,115.0,0.0,0.5,3.0,0,0,2
303.42044,54.0,54.0,655.22327,82.28253,60.0,97.666664,0.0,0.0,45315.54,75.0,0.0,1.0,2.0,0,0,2
60.0,54.0,54.0,60.0,108.49463,60.0,56.4,18.42521,0.0,8277.189,78.0,0.0,0.6666667,5.0,0,0,2
571.0,77.0,78.0,3215.0947,587.0,67.0,449.78162,0.0,0.0,3092.7754,136.92287,0.0,0.6666667,3.0,0,0,2
85.5,70.0,75.0,120.0,584.4619,60.0,116.84497,0.0,0.0,373.68048,107.79776,0.0,0.5,5.328383,0,0,2
560.0,87.0,87.0,3850.1348,1292.0,60.0,878.1013,471.56665,572.42413,138.24837,661.31604,0.0,0.5,5.0,0,0,2
567.0,86.79149,86.0,606.1801,1292.0,65.0,853.5083,29.883776,25.5,98.551956,364.8323,0.0,0.5,5.0,0,0,2
139.14963,54.0,54.0,180.0,72.0,60.0,87.333336,0.0,0.0,12258.572,55.7955,0.0,0.6666667,2.0,0,0,2
737.16943,54.0,55.0,221719.47,1292.0,60.0,623.0885,385.30295,621.3641,28108.193,190.90623,81.34535,1.2360376,2.0,3,0,2
723.8411,71.0,72.0,7739.2104,87.0,158.0,429.0106,0.0,0.0,11778.979,81.0,0.0,0.8,2.0,0,0,2
85.5,61.166668,54.0,98.12813,54.0,66.0,64.0,0.0,0.0,5262.711,54.0,0.0,0.5,2.0,0,0,2
60.0,54.0,54.0,120.0,617.0,60.0,79.27177,183.244,0.0,5394.006,104.32959,0.0,0.6666667,5.0,0,0,2
93.05468,76.48456,77.62539,119.71232,95.73065,60.0,116.70952,0.0,0.0,355.73053,90.6,0.0,0.5,4.0,0,0,2
418.98227,87.0,85.0,157.07974,90.6,108.0,327.01093,0.0,0.0,186.72289,85.0,0.0,0.5,3.0,0,0,2
608.3391,87.0,85.0,571.0,105.92135,151.0,507.57693,0.0,0.0,702.5754,93.60394,0.0,0.5,2.0,0,0,2
637.15906,72.17435,78.0,8200.171,1292.0,60.0,753.7861,346.84824,595.22144,3909.4983,343.0112,0.0,0.6666667,3.0,0,0,2
68.333336,54.0,54.0,164.65062,95.0,60.0,61.4,0.0,0.0,20392.002,78.0,2.0,0.9452819,3.0,0,0,2
326.9249,54.0,54.0,571.0,55.0,66.0,79.0564,0.0,0.0,280511.28,54.0,0.0,1.1889307,2.0,0,0,2
636.5,55.0,72.0,40958.81,1292.0,60.0,675.0078,807.7894,640.4662,10489.451,432.39194,67.35237,1.0052266,3.0,3,0,2
397.8814,54.0,55.0,3616.4956,1292.0,60.0,273.0,316.99112,477.54355,8322.125,161.36823,5.0,1.0,3.0,0,0,2
1219.4473,78.0,81.19245,1438164.4,1292.0,260.51517,1105.7169,133.20201,626.23816,10475.338,280.86688,6.0,1.1,2.0,3,0,2
1165.6112,75.0,78.0,1004150.1,1292.0,150.0,1049.0643,176.69098,623.8542,11780.465,247.22823,9.0,1.1111112,2.0,3,0,2
561.0,64.0,71.0,7601.367,636.9343,60.0,394.02115,142.81505,395.97177,8626.887,153.60167,1.0,0.75,2.0,0,0,2
157.22058,77.0,53.83905,113.14184,71.0,151.72215,88.0,0.0,0.0,3088.1892,54.0,0.0,0.5,2.0,0,0,2
652.243,54.0,54.0,19481.172,92.65456,66.0,248.53677,0.0,11.785113,218358.52,80.0,13.0,1.2222222,2.0,0,0,2
1165.448,78.0,78.0,312147.44,618.0,538.0,1002.8367,0.0,369.49368,9841.937,145.73817,0.0,1.0,2.0,0,0,2
156.0,83.89621,54.0,60.0,78.0,127.0,93.22966,0.0,0.0,394.15094,55.0,0.0,0.5,2.0,0,0,2
138.30515,67.91122,71.0,205.0,92.0,60.0,142.9607,0.0,0.0,3943.518,90.87811,0.0,0.5,3.0,0,0,2
581.96,87.0,87.0,1315.1967,1292.0,65.0,957.7068,167.88177,352.8638,67.136116,489.33746,0.0,0.5,5.0,0,0,2
60.0,78.0,78.0,60.0,90.6,60.0,92.15452,0.0,0.0,76.95906,88.0,0.0,0.5,5.0,0,0,2
601.3965,73.0,75.0,3241.336,90.08107,100.42248,373.3821,0.0,0.0,5718.201,88.0,0.0,0.6666667,2.0,0,0,2
564.0,71.0,55.0,213.0,55.202248,165.26921,142.81741,0.0,0.0,7168.7827,55.0,0.0,0.6666667,2.0,0,0,2
567.0,55.0,70.37405,8566.377,1254.0,60.0,436.15927,258.9788,570.16,11103.295,174.44876,9.0,0.94550824,2.0,0,0,2
609.97235,54.0,54.0,22259.328,1114.5385,60.0,373.87048,177.77611,554.7103,62827.164,124.99849,43.55987,1.2222222,2.0,3,0,2
87.97685,54.0,54.0,120.0,74.0,60.0,66.95387,0.0,0.0,7164.455,55.0,0.0,0.6666667,2.0,0,0,2
151.95326,54.0,54.0,3363.789,779.21234,60.0,131.0382,314.26892,442.9363,20369.535,121.99077,17.0,1.0,3.0,0,0,2
1092.7177,87.0,87.0,280288.72,1292.0,147.63426,1090.9884,230.54395,619.46124,2215.526,562.5476,0.0,0.5605403,2.0,3,0,2
538.0,87.0,85.0,342.0,300.97473,77.0,449.5045,0.0,0.0,234.6582,153.73059,0.0,0.5,3.0,0,0,2
571.0,78.0,75.0,717.09546,79.0,158.0,292.4381,0.0,0.0,4679.1055,78.0,0.0,0.5,2.0,0,0,2
96.460014,54.0,54.0,251.36192,1282.0,60.0,107.81599,338.3691,187.48897,8184.4355,143.65799,4.0,0.8333333,4.0,0,0,2
466.49487,54.0,54.0,1211.8268,55.0,77.0,85.9834,0.0,0.0,302374.12,54.0,0.0,1.2,2.0,0,0,2
60.0,54.0,54.0,136.0,87.0,60.0,61.166668,0.0,0.0,13095.466,78.0,0.0,0.6666667,3.0,0,0,2
558.99225,88.0,87.0,198.81374,417.26517,86.0,506.60156,0.0,0.0,57.13572,157.4784,0.0,0.5,3.0,0,0,2
66.0,54.0,54.0,60.0,54.0,60.0,56.666668,0.0,0.0,7051.732,54.0,0.0,0.5,2.0,0,0,2
1202.7467,80.0,85.0,1024384.5,1292.0,362.28772,1097.0862,20.92092,604.2799,7170.161,251.14398,0.0,1.0,2.0,0,0,2
525.67145,54.0,54.0,7620.0,1292.0,60.0,346.73163,536.96954,604.06824,13570.399,202.69217,33.249893,1.1387713,3.0,3,0,2
317.83896,77.0,79.9529,561.0,1292.0,60.0,426.8905,167.97276,39.69918,1012.7462,223.76158,0.0,0.5,5.0,0,0,2
279.82693,55.0,55.0,579.6146,92.0,60.0,237.20316,0.0,0.0,8344.766,88.35049,0.0,0.6666667,2.0,0,0,2
636.5,87.0,85.0,4132.4775,287.2714,120.0,613.5472,0.0,0.0,1484.6913,153.70126,0.0,0.5,2.0,0,0,2
904.6736,82.0,85.0,11384.336,589.0,160.37025,966.53253,0.0,14.0,3072.5112,157.47197,0.0,0.64407206,2.0,0,0,2
718.4307,86.0,85.0,9838.388,945.51965,108.0,969.57587,15.5,448.32077,2070.6584,246.69745,0.0,0.5,2.0,0,0,2
244.96844,64.0,55.0,158.0,55.0,94.00165,93.85043,0.0,0.0,8022.3877,55.0,0.0,0.5,2.0,0,0,2
616.76263,54.0,54.0,39927.625,1292.0,60.0,428.36905,479.0967,615.62085,48314.96,166.0781,159.0146,1.25,2.0,3,0,2
560.0,54.0,54.0,6656.0,260.74283,60.0,245.3612,0.0,8.126486,20270.365,89.0,3.0,1.0,2.0,0,0,2
60.0,53.333332,54.0,60.0,54.0,60.0,54.0,0.0,0.0,14570.263,54.0,0.0,0.5,2.0,0,0,2
60.480892,54.0,54.0,80.0,54.0,60.0,56.666668,0.0,0.0,11436.447,54.0,0.0,0.5174078,2.0,0,0,2
765.8808,87.0,86.0,8127.7075,1039.8037,127.0,981.151,0.0,281.3179,1480.1652,244.78392,0.0,0.5,3.0,0,0,2
521.6093,54.0,55.0,571.0,113.55188,60.0,239.0,0.0,0.0,8834.161,85.46863,0.0,0.79580045,2.0,0,0,2
568.94794,74.0,75.0,1431.4089,92.64436,86.0,348.2982,0.0,0.0,5047.3384,88.861115,0.0,0.6666667,2.0,0,0,2
60.0,54.0,54.0,60.0,55.0,60.0,56.666668,0.0,0.0,6416.1455,55.0,0.0,0.5,2.0,0,0,2
711.53937,87.0,87.0,8254.45,1292.0,88.56471,999.5636,162.07227,514.5526,572.5263,457.2176,0.0,0.5,3.0,0,0,2
1206.1959,78.71596,85.0,1294519.4,1514.0,153.56136,1130.3235,445.5998,646.63916,5476.534,656.93427,7.0,1.0572757,2.0,3,0,2
1168.6659,89.0,89.0,309168.4,1292.0,221.98712,1130.4891,160.18918,607.0512,655.9375,662.5678,0.0,0.5,3.0,0,0,2
516.5458,54.0,54.0,7184.0,1292.0,60.0,251.02956,309.9123,513.0033,18188.402,146.82127,14.830469,1.1441506,3.0,0,0,2
567.0,54.0,54.0,8478.691,1254.0,60.0,368.67233,203.50583,537.7436,20382.35,144.58366,15.952307,1.1481236,2.0,0,0,2
174.91008,78.0,55.0,120.0,76.88996,128.13583,105.48025,0.0,0.0,1672.5331,55.0,0.0,0.5,2.0,0,0,2
466.06525,54.0,54.0,14049.219,1292.0,60.0,346.01657,1419.336,636.4002,23443.422,246.8247,470.48975,1.2222222,3.0,3,0,2
316.00482,77.0,54.0,162.50578,72.0,151.0,105.6781,0.0,0.0,4749.582,55.0,0.0,0.5,2.0,0,0,2
87.559006,65.0,54.0,81.90966,55.0,65.04231,74.4133,0.0,0.0,3695.9678,55.0,0.0,0.5,2.0,0,0,2
60.0,54.0,54.0,105.753044,80.0,60.0,56.923923,0.0,0.0,10026.314,71.0,0.0,0.6666667,3.0,0,0,2
85.5,54.0,54.0,930.1567,1292.0,60.0,119.74521,1702.3752,608.31134,13150.115,217.8691,126.692474,1.0,5.0,3,0,2
747.77325,88.0,85.42813,7184.0,115.726906,553.2215,866.1531,0.0,0.0,1795.5044,88.0,0.0,0.5,2.0,0,0,2
516.49805,54.0,54.0,42159.414,1292.0,60.0,249.0,958.0852,638.2335,290144.84,172.90077,581.7041,1.4273521,2.0,3,0,2
1100.4227,92.0,90.0,40789.703,1292.0,205.00177,1108.6528,108.30149,583.20996,150.6497,656.7745,0.0,0.5,3.0,0,0,2
478.34616,68.79615,77.0,6379.104,1292.0,60.0,451.85,526.02045,595.4314,3712.4014,391.85184,1.0,0.6666667,4.0,0,0,2
1023.8449,75.0,79.0,351434.78,1292.0,78.0,1005.91956,365.10846,627.2129,7970.759,403.9151,9.0,1.0,2.0,3,0,2
151.0,78.0,74.64293,145.0,78.0,70.0,113.93813,0.0,0.0,2242.3162,75.0,0.0,0.5,2.0,0,0,2
540.4627,54.0,54.0,3845.8323,87.0,60.0,136.81697,0.0,0.0,31921.889,78.0,0.0,1.0,2.0,0,0,2
1199.2917,81.0,86.0,1280027.4,1402.5983,150.73299,1132.969,519.12915,647.88,4457.7153,999.5734,7.0,0.8909624,2.0,3,0,2
1164.8931,67.0,75.0,454957.5,765.42145,167.0,991.83997,0.0,524.312,17863.049,147.1,4.0,1.2,2.0,0,0,2
60.0,50.0,50.0,78.0,55.0,60.0,53.333332,0.0,0.0,322699.22,50.0,4.379686,1.0833334,2.0,0,2,2
809.6145,82.643936,85.0,7694.2,582.0,158.84337,904.213,0.0,0.0,2360.9365,153.66328,0.0,0.5,2.0,0,0,2
60.0,54.0,54.0,112.62325,1179.4581,60.0,57.97692,458.37296,0.0,6095.4883,107.40323,1.0,0.6666667,7.0,0,0,2
570.1443,54.0,54.0,41662.348,1292.0,60.0,428.4,750.4381,636.2504,47160.297,226.42258,460.62344,1.226253,3.0,3,0,2
213.99976,82.0,85.0,144.92542,163.96266,65.0,299.58093,0.0,0.0,90.33398,122.602516,0.0,0.5,4.0,0,0,2
295.8002,54.0,54.0,560.0,72.0,65.0,90.134476,0.0,0.0,33138.24,55.0,0.0,1.0,2.0,0,0,2
160.68529,78.0,54.0,120.0,74.0,150.49763,94.29685,0.0,0.0,2598.8906,55.0,0.0,0.5,2.0,0,0,2
656.43256,55.0,71.0,21912.48,1292.0,60.0,581.152,341.87988,603.04224,11042.045,216.00754,11.0,1.0722221,3.0,0,0,2
1023.85596,54.0,55.0,998497.8,1292.0,65.0,904.2656,504.8837,640.8793,75639.28,218.25272,254.86987,1.4688616,2.0,3,0,2
157.28256,79.0,50.0,106.02434,75.0,151.0,91.0,0.0,0.0,1884.1516,54.0,0.0,0.5,2.0,0,0,2
1024.4818,87.0,85.0,15491.6875,618.45013,200.0,998.73364,0.0,18.574932,2332.1187,173.14877,0.0,0.5,2.0,0,0,2
88.0,65.0,55.0,78.0,55.0,64.0,78.348465,0.0,0.0,2893.9167,55.0,0.0,0.5,2.0,0,0,2
627.7833,78.0,81.0,6238.947,1292.0,64.0,752.81714,146.4691,415.72522,1717.6099,247.32158,0.0,0.5,3.0,0,0,2
132.4273,50.0,54.0,6656.0,224.92166,60.0,87.060814,177.70464,302.3252,338721.5,81.0,515.25867,1.3333334,2.0,3,0,2
1151.3035,85.0,85.0,182481.31,618.0,560.0,1027.6593,0.0,321.03333,4617.21,171.9718,0.0,0.6666667,2.0,0,0,2
246.12865,75.0,78.0,171.0,342.0,60.0,247.0,0.0,0.0,1479.5248,102.62171,0.0,0.5,3.0,0,0,2
359.19122,54.0,54.0,897.3835,87.0,60.0,133.2356,0.0,0.0,15388.22,80.0,0.0,0.7823888,2.0,0,0,2
168.87067,78.0,78.0,156.0,87.0,66.0,239.0,0.0,0.0,1468.0448,81.0,0.0,0.5,3.0,0,0,2
150.0,78.0,55.0,122.49897,75.0,86.0,104.82231,0.0,0.0,2242.4214,75.0,0.0,0.5,2.0,0,0,2
213.39069,77.0,78.52789,243.86528,1253.8478,60.0,373.68396,108.956894,6.6674976,671.558,199.0183,0.0,0.5,5.0,0,0,2
72.5,54.0,54.0,120.0,81.0,60.0,76.30977,0.0,0.0,6878.873,75.0,0.0,0.6666667,3.0,0,0,2
127.0,72.3321,73.18099,127.0,81.0,60.0,110.6295,0.0,0.0,2207.901,81.0,0.0,0.5,3.0,0,0,2
636.5,71.0,78.0,38816.24,1292.0,60.0,867.8076,565.1559,634.1316,6053.2295,481.51007,12.0,0.75,3.0,3,0,2
1201.7308,83.34185,86.0,650811.75,1292.0,265.68048,1106.0582,29.883776,604.06824,4325.7134,394.1661,0.0,0.8,2.0,0,0,2
151.0,54.0,54.0,218.2609,75.0,60.0,84.802376,0.0,0.0,27222.219,55.0,0.0,0.9499284,2.0,0,0,2
60.0,54.0,54.0,120.0,624.0,60.0,77.32985,177.9645,0.0,4663.1567,101.36515,0.0,0.6666667,6.0,0,0,2
125.66242,54.0,54.0,5035.817,777.6457,60.0,104.666664,471.21158,513.098,75648.96,110.54115,174.3978,1.1981924,3.0,3,0,2
911.4538,55.0,71.0,309363.0,1292.0,66.0,887.28546,263.4457,616.21533,19735.305,204.2005,23.929232,1.2222222,2.0,3,0,2
68.333336,54.0,54.0,136.0,87.0,60.0,64.308,0.0,0.0,11599.633,78.0,0.0,0.6666667,3.0,0,0,2
86.12565,71.0,70.52809,104.91071,74.0,60.0,88.0,0.0,0.0,2194.5906,73.0,0.0,0.5,2.0,0,0,2
478.06104,54.0,54.0,4563.2686,71.0,65.0,88.333336,0.0,0.0,324924.47,55.0,5.0,1.2222222,2.0,0,0,2
85.5,54.0,55.0,138.0,115.0,60.0,92.82046,0.0,0.0,4421.845,87.11557,0.0,0.5,3.0,0,0,2
60.0,54.0,54.0,120.0,342.0,60.0,84.96074,9.273147,0.0,4980.1826,90.408356,0.0,0.5005746,4.0,0,0,2
65.0,56.666668,50.0,60.0,55.0,60.0,75.0,0.0,0.0,1829.5967,54.0,0.0,0.5,2.0,0,0,2
739.2281,87.0,87.0,8200.459,1292.0,83.26884,1010.8522,177.95781,563.69586,377.2099,496.2852,0.0,0.5,3.0,0,0,2
561.0,77.0,77.0,263.45605,81.0,117.336006,255.744,0.0,0.0,2810.8357,80.0,0.0,0.5,2.0,0,0,2
60.0,76.0,78.0,60.0,342.0,60.0,94.371185,0.0,0.0,116.4578,128.78983,0.0,0.5,7.0,0,0,2
60.0,54.0,54.0,60.0,54.0,60.0,56.910034,0.0,0.0,5885.2754,54.0,0.0,0.5,2.0,0,0,2
669.0,78.0,80.30856,15657.871,1292.0,66.0,891.877,192.45747,583.9499,3931.01,269.9667,0.0,0.6666667,3.0,0,0,2
156.0,87.0,55.0,120.0,83.0,127.0,209.0353,0.0,0.0,147.42862,78.0,0.0,0.5,2.0,0,0,2
1204.944,86.0,87.0,1052725.8,1292.0,165.92938,1133.1885,320.34543,637.9974,3562.3809,668.84595,0.0,0.8333333,2.0,3,0,2
567.0,54.0,54.0,2541.436,55.0,120.0,106.17397,0.0,0.0,85985.28,54.65486,0.0,1.0833334,2.0,0,0,2
1126.8202,65.0,78.0,1062425.8,1559.4208,66.0,1058.9269,577.7263,649.3054,11993.328,538.9438,82.02785,1.2222222,2.0,3,0,2
783.1965,78.0,78.0,9214.7295,92.0,198.8061,588.9463,0.0,0.0,6991.0264,88.0,0.0,0.6666667,2.0,0,0,2
113.50699,54.0,54.0,120.0,55.0,60.0,61.166668,0.0,0.0,14140.529,54.0,0.0,0.75,2.0,0,0,2
718.34973,89.0,88.0,7627.7007,974.5683,138.0,999.95667,0.0,287.3099,246.13402,395.89346,0.0,0.5,3.0,0,0,2
561.0,81.0,85.0,669.0,1292.0,60.0,681.70917,177.7909,323.8936,189.63441,412.4055,0.0,0.5,5.0,0,0,2
640.11523,74.0,78.0,7620.0,1254.0,65.0,597.5188,108.34037,433.35898,4241.675,192.87848,0.0,0.6666667,3.0,0,0,2
962.1057,80.0,85.0,24972.387,1292.0,113.836174,1007.53265,91.43563,546.7384,2502.1997,305.06503,0.0,0.6666667,3.0,0,0,2
798.95056,54.0,54.0,357630.2,1253.0696,65.0,572.32385,187.65149,606.57605,100191.5,149.64116,126.24179,1.271111,2.0,3,0,2
155.17537,87.0,85.0,120.0,102.720695,66.0,249.0,0.0,0.0,68.8503,88.0,0.0,0.5,3.0,0,0,2
608.4109,84.18553,85.0,7184.0,1282.0,65.56401,876.9471,171.79475,482.2237,1375.2831,392.85034,0.0,0.5,3.0,0,0,2
738.5441,54.0,60.996662,227767.88,1292.0,60.0,864.7162,535.9991,634.04504,16956.346,255.65994,74.75303,1.2222222,2.0,3,0,2
669.0,81.0,78.0,1278.0544,81.0,454.78275,439.8502,0.0,0.0,3001.5195,80.0,0.0,0.5,2.0,0,0,2
597.8493,66.0,77.00255,7244.787,1292.0,60.0,580.6461,248.31659,553.12714,4004.3948,245.86852,0.0,0.75,3.0,0,0,2
1115.7693,65.0,78.0,1143944.4,1795.1227,65.0,1049.9307,818.13763,656.5252,13891.958,649.25745,170.48947,1.2222222,2.0,3,0,2
60.0,54.0,55.0,120.0,1174.3287,60.0,91.0,249.43652,0.0,2774.1926,147.1,0.0,0.5,6.0,0,0,2
60.0,50.0,54.0,180.0,85.0,60.0,56.666668,0.0,0.0,178105.61,71.0,12.0,1.0833334,2.0,0,0,2
776.85626,54.0,54.0,39466.746,87.0,122.46156,324.79822,0.0,0.0,286263.66,76.31814,9.0,1.3261473,2.0,0,0,2
843.38135,66.0,55.0,8750.25,75.0,560.0,396.83994,0.0,0.0,22011.242,73.0,0.0,1.0,2.0,0,0,2
669.0,75.0,78.0,7597.4253,1292.0,66.0,679.59436,9.955722,289.65573,3515.1028,176.57538,0.0,0.7438772,3.0,0,0,2
560.0,74.0,77.0,529.1984,185.75433,66.0,299.6892,0.0,0.0,2530.2913,92.0,0.0,0.5,3.0,0,0,2
291.00702,54.0,54.0,1042.5795,74.0,60.0,82.41279,0.0,0.0,307607.6,55.0,5.0,1.2222222,2.0,0,0,2
594.14685,87.0,85.0,1111.7616,617.0,88.0,646.968,0.0,0.0,364.42206,175.39911,0.0,0.5,3.0,0,0,2
60.0,54.0,54.0,120.0,582.1343,60.0,60.0,159.91296,0.0,8871.392,88.0,0.0,0.74187034,4.0,0,0,2
60.0,50.0,50.0,96.481865,75.0,60.0,53.333332,0.0,0.0,125266.37,54.0,1.0,1.0,2.0,0,0,2
160.0649,54.0,54.0,764.5825,92.780106,60.0,92.59909,0.0,0.0,83581.836,78.0,9.0,1.1463299,2.0,0,0,2
110.31394,71.0,75.0,127.0,581.0,60.0,213.59546,0.0,0.0,969.52686,106.86115,0.0,0.5,4.0,0,0,2
571.0,87.0,85.78384,571.0,595.71655,86.0,591.3308,0.0,0.0,251.09396,173.57623,0.0,0.5,3.0,0,0,2
303.0625,54.0,54.0,554.2505,72.0,66.0,94.333336,0.0,0.0,17856.797,55.0,0.0,0.75,2.0,0,0,2
156.0,54.0,54.0,158.0,55.0,65.26374,71.1932,0.0,0.0,20492.238,54.0,0.0,0.8,2.0,0,0,2
567.0,54.0,54.0,8499.288,75.0,67.36448,107.43086,0.0,0.0,343792.5,55.0,16.69019,1.271342,2.0,0,0,2
564.0,72.367836,55.0,669.0,69.5,156.0,239.0,0.0,0.0,11149.138,60.0,0.0,0.6666667,2.0,0,0,2
157.38928,82.0,85.0,120.0,116.668724,64.0,249.81496,0.0,0.0,77.79183,115.0,0.0,0.5,4.0,0,0,2
638.272,77.0,80.0,6422.368,1292.0,65.0,662.76,85.840034,322.61407,2424.8767,216.01607,0.0,0.6666667,3.0,0,0,2
497.42734,88.109505,80.0,156.0,92.0,150.0,390.80078,0.0,0.0,75.23549,86.0,0.0,0.5,3.0,0,0,2
961.1257,78.0,80.0,41446.21,1116.9084,127.0,974.2448,0.0,485.20605,5810.7944,183.81017,0.0,0.79656,2.0,0,0,2
169.38646,55.0,54.0,158.0,55.0,78.0,91.0,0.0,0.0,8530.84,55.0,0.0,0.53706646,2.0,0,0,2
123.17668,65.0,55.0,120.0,55.0,65.0,88.333336,0.0,0.0,3802.675,55.0,0.0,0.5,2.0,0,0,2
1120.4895,72.0,78.0,1030698.8,1406.7303,70.89976,1066.4398,543.6493,647.8675,9559.231,542.1947,31.462103,1.1111112,2.0,3,0,2
89.29431,65.0,55.0,120.0,78.0,60.0,88.333336,0.0,0.0,4268.5767,77.0,0.0,0.5,2.0,0,0,2
743.43976,87.0,87.0,8350.836,1292.0,93.00599,1019.9778,167.5711,537.38464,354.34018,489.5467,0.0,0.5,3.0,0,0,2
103.00609,54.0,54.0,145.0,55.0,60.0,57.106865,0.0,0.0,24123.662,54.0,0.0,0.96615285,2.0,0,0,2
160.20448,88.0,77.0,107.1843,87.0,115.95679,246.28575,0.0,0.0,49.59174,85.12614,0.0,0.5,3.0,0,0,2
167.0,54.0,54.0,561.0,72.0,60.0,78.0,0.0,0.0,200525.69,55.0,0.0,1.171784,2.0,0,0,2
145.21767,55.0,55.0,127.0,81.0,60.0,97.666664,0.0,0.0,4134.1484,76.75249,0.0,0.5,2.0556676,0,0,2
567.0,90.0,88.0,209.5845,160.01013,146.78053,619.59235,0.0,0.0,47.36876,157.27301,0.0,0.5,3.0,0,0,2
811.6644,78.0,74.00072,7866.11,78.0,561.0,451.46774,0.0,0.0,9949.126,77.0,0.0,0.6666667,2.0,0,0,2
158.63162,55.0,54.0,167.0,54.751553,86.0,86.93233,0.0,0.0,11736.422,54.0,0.0,0.6666667,2.0,0,0,2
1284.2255,75.0,78.0,3467616.0,1292.0,560.0,1115.703,114.83669,634.9871,21005.936,245.37897,14.716354,1.2871288,2.0,3,0,2
147.07823,80.831894,62.264534,101.47178,78.0,90.0,112.60044,0.0,0.0,339.37976,75.0,0.0,0.5,2.0,0,0,2
1198.8876,76.0,78.0,1000398.94,701.568,518.60645,1028.1476,0.0,565.6687,15306.108,155.67099,2.0,1.1111112,2.0,0,0,2
68.333336,54.0,54.0,108.0,55.0,60.0,56.666668,0.0,0.0,13742.246,54.0,0.0,0.6666667,2.0,0,0,2
119.0,75.0,74.0,187.32,91.05966,60.0,132.18631,0.0,0.0,3083.3171,87.0,0.0,0.5,3.0,0,0,2
151.0,54.0,51.934067,127.0,54.0,78.0,61.166668,0.0,0.0,16818.512,54.0,0.0,0.6666667,2.0,0,0,2
277.9226,81.0,82.72416,158.0,342.0,64.2745,334.07437,0.0,0.0,170.98514,135.22728,0.0,0.5,3.0,0,0,2
1025.6011,75.0,78.0,139742.9,1008.88025,127.41466,972.24805,8.470639e-15,516.22015,8756.447,172.77643,0.0,1.0,2.0,0,0,2
581.3075,64.0,68.62911,7652.6514,402.92514,65.0,393.9026,0.0,25.361105,11554.616,106.04677,0.0,0.8,2.0,0,0,2
151.0,54.0,54.0,564.0,580.4577,60.0,100.0,0.0,0.0,20211.52,87.0,4.0,1.0833334,3.0,0,0,2
653.0909,74.0,78.0,23585.143,1292.0,60.0,897.1267,542.7221,627.1351,4454.843,493.38956,7.0,0.75,3.0,3,0,2
677.82074,77.0,78.0,4357.1797,95.0,151.0,451.85,0.0,0.0,4479.3965,88.0,0.0,0.6666667,2.0,0,0,2
741.8995,55.0,69.370186,42470.375,624.0,78.0,578.05005,9.997824,502.35303,19025.305,136.9678,8.0,1.0833334,2.0,0,0,2
335.25372,54.0,54.0,21310.676,1292.0,60.0,261.82593,2286.9614,645.74176,81467.64,245.70755,580.7529,1.271058,3.0,3,0,2
74.255394,81.0,81.0,60.0,90.6,60.0,112.10966,0.0,0.0,60.076145,85.630516,0.0,0.5,4.0,0,0,2
1115.8739,90.0,88.0,40271.754,944.6898,538.0,1086.9164,0.0,458.37024,673.0865,394.9552,0.0,0.5,2.0,0,0,2
1120.8512,54.0,55.0,755548.4,619.6309,139.56253,868.3076,0.0,555.43146,123177.28,105.94026,21.065254,1.3565451,2.0,3,0,2
167.66432,74.0,78.0,567.447,1292.0,60.0,425.08295,534.1631,543.6304,1391.4121,427.09357,0.0,0.5,6.0,0,0,2
78.0,55.0,55.0,124.74066,115.0,60.0,94.387924,0.0,0.0,2882.6501,90.0,0.0,0.5,3.0,0,0,2
60.0,54.0,54.0,120.0,87.58464,60.0,61.166668,0.0,0.0,9018.597,75.0,0.0,0.6666667,3.0,0,0,2
793.3001,78.0,85.0,11398.669,1292.0,78.0,984.4651,165.2759,556.3701,2262.1667,361.45993,0.0,0.6666667,3.0,0,0,2
660.0342,54.0,55.0,42084.32,1292.0,60.0,554.89966,477.62088,619.437,19000.043,214.66733,53.559612,1.2,2.0,3,0,2
751.3358,55.0,72.10746,237468.4,1292.0,60.0,899.1435,539.7818,636.23315,12585.855,391.39435,43.031544,1.2,3.0,3,0,2
317.40976,55.0,55.0,200.0,85.0,65.0,134.32872,0.0,0.0,4982.3804,78.0,0.0,0.6666667,2.0,0,0,2
143.42648,54.0,54.0,216.21567,89.0,60.0,87.78904,0.0,0.0,21457.271,75.0,0.0,1.0,2.0,0,0,2
669.0,78.0,74.0,4372.6855,76.0,297.4449,370.33286,0.0,0.0,7531.264,75.0,0.0,0.6666667,2.0,0,0,2
145.81898,74.0,75.0,156.0,115.0,60.0,229.33333,0.0,0.0,1796.7567,92.0,0.0,0.5,3.0,0,0,2
1119.5787,78.0,80.0,248153.77,697.14496,168.64868,999.4403,0.0,477.5887,8207.446,162.32684,0.0,0.8888889,2.0,0,0,2
97.08498,78.0,75.0,120.0,80.0,64.0,104.666664,0.0,0.0,909.226,78.0,0.0,0.5,3.0,0,0,2
222.83214,72.0,72.0,160.21361,78.0,70.65144,124.97828,0.0,0.0,3510.6396,78.0,0.0,0.5,2.0,0,0,2
1122.4764,74.25502,75.0,220085.27,90.0,560.0,866.87396,0.0,0.0,19996.83,88.0,0.0,1.0,2.0,0,0,2
658.1968,54.0,54.0,207918.58,1292.0,60.0,535.02094,573.8208,638.67755,48328.418,234.52895,395.7601,1.2955266,2.0,3,0,2
68.333336,54.0,54.0,120.0,75.0,60.0,65.42857,0.0,0.0,6563.999,74.0,0.0,0.5,2.0,0,0,2
777.7112,75.0,80.0,18787.871,1292.0,65.0,980.76184,320.51947,603.76404,3200.8394,418.86185,0.0,0.8333333,3.0,0,0,2
750.91315,81.88287,85.91365,9570.037,1292.0,80.0,999.5759,176.25978,566.7568,1463.25,431.9173,0.0,0.5,3.0,0,0,2
458.63547,80.01232,54.0,166.8728,77.93188,179.83846,178.1453,0.0,0.0,2926.6057,55.0,0.0,0.5,2.0,0,0,2
567.0,81.0,85.0,718.10175,1283.0121,65.0,645.30286,15.5,21.284964,358.81686,245.04681,0.0,0.5,4.0,0,0,2
160.07228,54.0,54.0,205.0,75.0,60.0,89.71319,0.0,0.0,14661.538,55.031345,0.0,0.75,2.0,0,0,2
391.38058,54.0,54.0,7696.3325,571.0,60.0,114.8076,143.85027,355.22397,299778.2,87.0,185.07402,1.3100548,2.0,3,0,2
732.88226,86.0,86.0,7605.9624,1282.0,107.12775,977.19183,0.0,272.43567,784.03125,248.1205,0.0,0.5,3.0,0,0,2
1207.2971,73.72149,78.0,1842249.9,1292.0,158.0,1100.0548,243.81635,641.26556,16608.945,384.9545,18.714098,1.2222222,2.0,3,0,2
659.2806,54.0,54.0,8354.257,89.0,90.0,324.5129,0.0,0.0,31672.445,81.0,0.0,1.0664104,2.0,0,0,2
537.69476,54.0,54.0,560.0,75.0,86.0,109.333336,0.0,0.0,13445.24,55.0,0.0,0.7961257,2.0,0,0,2
327.0213,55.0,55.0,342.0,97.0,60.0,232.50822,0.0,0.0,5642.864,86.0,0.0,0.6666667,2.0,0,0,2
311.60257,81.0,85.0,198.0,664.2372,60.0,426.0954,0.0,0.0,131.58751,174.87727,0.0,0.5,4.0,0,0,2
127.0,54.0,54.0,213.0,79.0,60.0,91.71838,0.0,0.0,12374.633,76.95983,0.0,0.6666667,2.0,0,0,2
581.23517,54.0,55.0,96672.87,1292.0,60.0,522.0445,1371.555,646.7804,21373.324,395.50757,445.79755,1.2,3.0,3,0,2
731.5164,75.0,74.0,7964.7344,81.97054,168.33435,441.59576,0.0,0.0,11470.982,81.0,0.0,0.75,2.0,0,0,2
60.0,54.0,54.0,127.0,394.67804,60.0,60.0,108.303764,0.0,14053.371,84.64341,2.0,0.88254386,3.0,0,0,2
560.0,54.0,54.0,3442.8853,96.0,61.92321,240.0,0.0,0.0,15253.895,82.80936,0.0,1.0,2.0,0,0,2
1071.1165,88.0,87.032234,41546.41,1254.0,182.05951,1072.0062,0.12874274,510.94952,1452.4923,401.37982,0.0,0.5,2.0,0,0,2
291.31183,55.0,65.55522,342.0,342.0,60.0,240.0,0.0,0.0,4397.942,92.0,0.0,0.6666667,3.0,0,0,2
560.0,54.0,54.0,3199.4226,77.0,66.78203,105.12282,0.0,0.0,83747.586,55.0,0.0,1.0871367,2.0,0,0,2
783.546,81.0,85.0,11961.56,1292.0,80.0,999.42926,173.24605,570.1688,1803.6237,413.96158,0.0,0.6666667,3.0,0,0,2
72.5,54.0,55.0,211.48792,1292.0,60.0,144.04143,591.1196,515.4425,3728.036,246.54149,4.0,0.6666667,6.0,0,0,2
669.0,74.0,78.0,37621.055,1292.0,64.0,863.41534,339.14722,604.22894,6603.139,262.3672,5.6791143,0.75,2.0,3,0,2
85.5,65.0,74.0,342.0,1292.0,60.0,240.0,536.126,473.53513,2505.3853,247.36777,0.0,0.5,5.8945203,0,0,2
692.7273,77.0,75.0,8230.258,80.38603,196.33609,428.317,0.0,0.0,11907.73,78.0,0.0,0.6666667,2.0,0,0,2
88.0,77.0,77.926926,150.63647,173.28366,60.0,186.04166,0.0,0.0,1324.4174,135.0533,0.0,0.5,3.0,0,0,2
248.19405,75.0,55.0,120.0,72.0,126.26142,104.48159,0.0,0.0,3104.6953,55.0,0.0,0.5,2.0,0,0,2
600.28204,54.0,54.0,1140.7373,55.0,158.0,106.394844,0.0,0.0,74488.79,54.0,0.0,1.0183607,2.0,0,0,2
1028.8699,55.0,74.0,757098.1,1292.0,77.0,975.2609,339.09888,627.57965,20586.69,236.0815,47.79297,1.2,2.0,3,0,2
101.17659,54.0,55.0,159.21973,125.96302,60.0,97.666664,0.0,0.0,5025.6885,88.0,0.0,0.6666667,3.0,0,0,2
1148.0767,75.0,78.0,402999.16,1130.9844,158.0,999.49286,0.0,574.9093,12095.99,169.74825,3.0,1.0801573,2.0,0,0,2
637.20374,87.0,86.0,6717.901,723.34924,86.0,875.3214,9.625425,226.24936,872.82166,246.8714,0.0,0.5,3.0,0,0,2
836.92413,67.0,78.0,339035.88,1586.9047,60.0,1003.7321,808.0794,647.8102,7769.9414,650.14453,33.083023,1.0,3.0,3,0,2
134.05933,83.076225,54.0,60.0,78.0,97.0,87.333336,0.0,0.0,251.60933,55.0,0.0,0.5,2.0,0,0,2
810.6191,70.0,78.0,25022.734,1292.0,71.04764,895.49225,136.24544,554.6057,6254.715,206.78923,0.0,1.0,2.0,0,0,2
581.68475,88.0,87.0,571.0,582.0,108.15488,663.9478,0.0,0.0,146.78336,173.21304,0.0,0.5,3.0,0,0,2
60.0,53.333332,54.0,60.0,55.0,60.0,54.0,0.0,0.0,2774.0852,54.0,0.0,0.5,3.0,0,0,2
60.0,54.0,54.0,199.31812,1292.0,60.0,91.350525,815.92914,513.95325,7968.8257,185.69841,14.276497,0.75,6.0,0,0,2
718.6417,55.0,73.0,309486.2,1363.049,60.0,904.32495,841.10944,647.5768,13603.359,476.64514,136.26672,1.1807562,3.0,3,0,2
653.0909,55.0,71.0,7674.0,1254.0,63.7236,453.77975,16.068804,320.18243,8558.666,147.1,0.0,1.0,2.0,0,0,2
60.0,50.0,50.0,60.0,55.0,60.0,53.333332,0.0,0.0,31379.129,54.0,0.0,0.6666667,2.0,0,0,2
316.35516,75.0,54.0,127.0,71.0,158.0,97.666664,0.0,0.0,4325.749,54.0,0.0,0.5,2.0,0,0,2
60.0,55.0,55.0,120.0,717.6569,60.0,94.35329,224.01959,0.0,2182.0767,153.65834,0.0,0.5,6.0,0,0,2
737.2374,54.0,55.0,38932.23,970.5649,66.0,537.39594,28.755676,503.71774,20170.111,136.46059,8.450373,1.2,2.0,0,0,2
124.71649,78.0,71.0,119.4867,75.0,71.54988,100.0,0.0,0.0,1499.2212,75.0,0.0,0.5,2.0,0,0,2
712.0878,70.0,60.733986,6181.427,75.0,265.27072,331.52878,0.0,0.0,12126.596,71.0,0.0,0.79507256,2.0,0,0,2
1165.5182,66.0,78.0,1058113.9,1292.0,108.17019,1049.1547,321.93555,635.98456,15081.923,312.47827,17.36242,1.2222222,2.0,3,0,2
60.0,50.0,50.0,115.21323,55.0,60.0,53.333332,0.0,0.0,126150.59,54.0,0.0,1.0,2.0,0,0,2
536.8685,87.0,71.0,171.0,81.983696,160.24727,252.06091,0.0,0.0,798.5585,78.0,0.0,0.5,2.0,0,0,2
871.00854,54.0,54.0,38262.656,85.0,158.25424,415.37027,0.0,0.0,95944.12,78.0,0.0,1.2,2.0,0,0,2
161.27121,54.0,54.0,567.0,588.00385,60.0,107.39938,0.0,0.0,16740.955,87.69573,1.0,1.0713623,3.0,0,0,2
639.5,55.0,58.09656,8419.223,1000.34357,60.0,450.49185,74.04003,443.5881,11755.383,144.56787,4.0,1.0,2.0,0,0,2
88.0,50.0,50.0,238.47437,55.0,60.0,56.666668,0.0,0.0,343369.1,54.0,8.0,1.2222222,2.0,0,0,2
68.333336,54.0,50.0,60.0,54.0,60.0,56.666668,0.0,0.0,7521.7495,54.0,0.0,0.5,2.0,0,0,2
516.7519,87.0,87.0,205.0,698.9911,65.0,533.54175,0.0,0.0,56.691025,215.93532,0.0,0.5,5.0,0,0,2
1176.0214,74.0,78.0,1058765.9,1292.0,156.0,1050.3204,167.82883,623.85944,14191.893,243.51007,11.0,1.2,2.0,3,0,2
659.55164,77.0,78.25493,13237.918,1292.0,65.0,861.6332,224.16399,589.36786,4537.195,252.14261,0.0,0.6666667,3.0,0,0,2
639.5,55.0,54.0,4018.2554,55.0,200.40764,220.52838,0.0,0.0,31611.537,55.0,0.0,0.8888889,2.0,0,0,2
1272.6174,81.0,86.0,1897479.5,1292.0,486.06284,1134.0421,230.5664,644.3118,5957.329,552.65,5.0,1.0,2.0,3,0,2
60.0,55.0,55.0,60.0,78.0,60.0,60.127758,0.0,0.0,1812.6223,78.0,0.0,0.5,3.0,0,0,2
1164.8636,80.0,85.0,401482.22,1292.0,169.2361,1067.6584,28.755676,597.15,5761.5977,247.46935,0.0,0.8595095,2.0,0,0,2
222.06076,74.625404,54.0,120.0,60.0,151.0,93.28921,0.0,0.0,4545.0757,54.0,0.0,0.5,2.0,0,0,2
102.72524,55.0,54.0,120.0,55.0,65.032295,75.77579,0.0,0.0,5812.478,54.0,0.0,0.5,2.0,0,0,2
64.0,56.999474,54.0,60.0,55.0,60.0,70.0,0.0,0.0,2221.933,54.0,0.0,0.5,2.0,0,0,2
567.3319,78.7052,80.0,571.0,137.21426,90.0,428.6956,0.0,0.0,1803.4762,105.92975,0.0,0.5,2.0,0,0,2
564.0,55.0,54.0,622.9817,54.0,158.0,107.90779,0.0,0.0,21428.053,54.0,0.0,0.75,2.0,0,0,2
60.0,50.0,50.0,60.0,54.0,60.0,53.333332,0.0,0.0,96641.414,50.0,0.0,0.8333333,2.0,0,0,2
1133.6581,87.196236,87.0,82632.96,1292.0,200.97319,1087.1545,6.181136e-15,553.06525,1789.2853,395.88855,0.0,0.53939456,2.0,0,0,2
727.47974,87.0,86.0,20367.018,1292.0,86.0,1001.6139,223.57614,595.49396,1692.6896,484.05862,0.0,0.5,3.0,0,0,2
572.00354,81.0,85.0,1250.4713,620.8037,78.0,579.70557,0.0,0.0,853.86316,173.86617,0.0,0.5,3.0,0,0,2
555.14764,54.0,54.0,4933.1396,115.0,60.0,240.0,0.0,0.0,16235.308,87.90264,0.0,1.0,2.0,0,0,2
104.11531,81.0,84.46816,120.0,239.08643,60.0,241.13614,0.0,0.0,65.08608,143.66426,0.0,0.5,5.0,0,0,2
944.0775,55.0,71.0,309117.62,1254.0,86.0,872.80994,136.19908,595.474,20681.475,157.34903,12.337159,1.2,2.0,3,0,2
75.20167,54.0,54.0,120.0,55.0,60.0,61.166668,0.0,0.0,12071.382,55.0,0.0,0.6666667,2.0,0,0,2
62.42203,54.0,54.0,108.0,55.0,60.0,56.93614,0.0,0.0,11692.437,55.0,0.0,0.6666667,2.0,0,0,2
1205.4888,78.0,85.0,1307445.1,1292.0,160.86694,1110.6191,235.96085,636.4451,8355.983,451.9703,8.0,1.0833334,2.0,3,0,2
1149.3683,93.20623,90.6583,96991.59,1292.0,229.53552,1133.2402,167.70583,604.06635,89.74602,1023.6147,0.0,0.5,3.0,0,0,2
150.04657,88.0,87.0,120.0,589.0,60.0,390.09625,0.0,0.0,22.431164,175.69852,0.0,0.5,6.365823,0,0,2
772.15753,54.0,54.0,33669.684,87.0,150.0,411.91412,0.0,0.0,72527.42,80.0,1.0,1.1471047,2.0,0,0,2
412.239,87.0,85.0,150.0,92.000984,109.92813,346.64688,0.0,0.0,86.03194,85.93214,0.0,0.5,3.0,0,0,2
97.0,50.0,54.0,1227.741,1292.0,60.0,104.666664,799.769,597.1498,24307.174,156.30708,200.27435,1.2,4.0,3,0,2
78.0,75.0,74.559044,111.95236,80.0,60.0,93.43156,0.0,0.0,1528.0664,78.0,0.0,0.5,3.0,0,0,2
451.80634,54.0,54.0,571.0,94.0,60.0,172.23788,0.0,0.0,12082.388,80.0,0.0,0.9487294,2.0,0,0,2
1084.9103,81.0,85.0,30905.129,618.0,213.0,991.56726,0.0,25.5,3968.3381,153.77777,0.0,0.6666667,2.0,0,0,2
1112.1812,71.0,78.0,313877.8,1292.0,78.0,1026.6129,344.0196,627.1417,7269.3184,408.8075,7.0,1.0848502,3.0,3,0,2
162.50543,87.0,81.0,120.0,90.0,78.0,247.0,0.0,0.0,132.25642,85.0,0.0,0.5,3.0,0,0,2
1165.753,81.0,82.0,272975.3,122.84412,561.0,1003.6093,0.0,12.595894,7918.2183,115.42952,0.0,0.75,2.0,0,0,2
60.0,57.0,54.0,60.0,70.162445,60.0,75.0,0.0,0.0,926.00397,55.0,0.0,0.5,3.0,0,0,2
196.7875,54.0,54.0,180.0,55.0,71.80817,87.267586,0.0,0.0,14954.813,54.726917,0.0,0.6666667,2.0,0,0,2
68.333336,78.0,78.0,78.0,270.08286,60.0,113.243805,0.0,0.0,76.915085,127.222374,0.0,0.5,6.0,0,0,2
73.00707,75.0,77.0,120.0,270.9081,60.0,112.46887,0.0,0.0,395.8897,120.41027,0.0,0.5,5.0,0,0,2
460.1938,88.0,86.0,180.0,135.08711,88.0,428.15656,0.0,0.0,79.96291,96.0,0.0,0.5,3.0,0,0,2
1155.0732,78.0,81.02315,275009.7,1292.0,150.66397,1052.7051,114.42267,598.99835,4979.7783,262.26544,0.0,1.0,2.0,0,0,2
340.886,54.0,54.0,538.0,55.0,86.0,87.33562,0.0,0.0,47890.914,54.0,0.0,0.9,2.0,0,0,2
561.0,90.0,89.0,220.11368,1292.0,69.59115,899.05145,0.0,0.0,25.77648,446.63107,0.0,0.5,6.0,0,0,2
361.72995,65.0,55.0,205.29184,78.0,78.0,122.13955,0.0,0.0,6414.9556,75.0,0.0,0.6666667,2.0,0,0,2
60.0,54.0,54.0,60.0,78.0,60.0,57.651245,0.0,0.0,3185.4824,75.0,0.0,0.5,3.0,0,0,2
1163.6992,75.0,80.0,1268845.6,1292.0,90.0,1085.7466,536.1457,647.8791,11266.919,506.4386,35.573875,1.1272099,2.0,3,0,2
60.0,54.0,54.0,120.0,71.0,60.0,56.4,0.0,0.0,23849.086,55.0,0.0,0.6666667,2.0,0,0,2
168.6125,74.0,78.0,180.0,764.2414,60.0,271.23297,0.0,0.0,792.038,153.66667,0.0,0.5,5.0,0,0,2
571.0,87.0,71.0,561.0,81.0,214.07556,349.58408,0.0,0.0,1933.9037,79.13891,0.0,0.5,2.0,0,0,2
413.2827,71.0,72.0,170.4281,78.0,88.0,185.11919,0.0,0.0,3799.6125,75.0,0.0,0.5,2.0,0,0,2
151.44899,85.233185,85.0,120.0,290.72186,60.0,267.88843,0.0,0.0,56.885635,135.0856,0.0,0.5,5.0,0,0,2
637.57776,81.0,85.0,3064.2815,1292.0,70.0,859.99677,0.0,18.368423,375.70615,243.547,0.0,0.5,3.0,0,0,2
376.21466,54.0,54.0,7184.0,1292.0,60.0,247.0,535.7176,597.2925,20596.225,157.48051,78.71779,1.2222222,3.0,3,0,2
415.28912,54.0,54.0,7184.0,700.2609,60.0,239.0,177.52902,431.89185,44228.44,101.643265,23.802782,1.2,2.0,0,0,2
60.0,53.333332,50.0,60.0,54.0,60.0,54.0,0.0,0.0,4537.052,50.0,0.0,0.5,2.0,0,0,2
324.51004,54.0,54.0,3719.6738,76.02278,60.0,87.333336,0.0,0.0,325060.78,55.0,9.0,1.2222222,2.0,0,0,2
931.5013,87.0,87.0,8542.016,1292.0,145.77692,1020.612,0.0,392.6414,779.6319,306.80875,0.0,0.5,3.0,0,0,2
60.0,62.45488,71.72453,60.0,78.0,60.0,78.0,0.0,0.0,132.27312,75.0,0.0,0.5,3.0,0,0,2
567.0,55.0,75.0,7184.0,1292.0,60.0,534.7653,478.27048,595.0655,4178.0747,309.72092,0.0,0.8,4.0,0,0,2
60.0,78.0,77.0,60.0,87.0,60.0,88.0,0.0,0.0,132.29611,81.96179,0.0,0.5,4.0,0,0,2
653.9265,86.0,86.0,7610.8965,1292.0,66.0,973.31384,188.79579,529.0983,615.8914,466.98898,0.0,0.5,3.0,0,0,2
1154.9496,78.0,78.0,196798.95,410.0504,560.0,984.4575,0.0,25.671156,9136.669,121.44756,0.0,1.0,2.0,0,0,2
669.0,75.0,78.0,34004.69,1292.0,60.0,874.5337,358.0023,605.5358,5680.4253,328.08487,5.0,0.75,3.0,3,0,2
60.0,54.0,54.0,80.0,1292.0,60.0,65.42857,513.1384,0.0,2846.8108,150.6865,0.0,0.6666667,18.109852,0,0,2
66.0,54.0,54.0,120.0,85.75537,60.0,61.178135,0.0,0.0,8561.49,76.71846,0.0,0.6666667,3.0,0,0,2
550.46124,54.0,54.0,642.4232,89.0,65.0,239.0,0.0,0.0,11468.31,80.0,0.0,0.8,2.0,0,0,2
628.7098,64.0,55.0,631.175,75.0,156.0,241.56584,0.0,0.0,9962.698,68.523796,0.0,0.75,2.0,0,0,2
1125.7714,92.0,90.0,97526.016,1254.0,538.0,1110.0432,15.5,570.24023,354.1455,523.08954,0.0,0.5,2.0,0,0,2
692.7273,75.0,76.0,6021.5156,92.0,153.22348,451.05856,0.0,0.0,5697.2427,87.0,0.0,0.6666667,2.0,0,0,2
78.0,85.0,85.0,78.0,131.87294,60.0,215.85045,0.0,0.0,46.564594,115.65548,0.0,0.5,6.0,0,0,2
392.48404,81.0,85.0,560.0,1292.0,60.0,527.89703,178.25427,171.06747,132.19678,396.05328,0.0,0.5,6.0,0,0,2
692.7273,65.0,75.0,96757.836,1292.0,60.0,885.7985,536.1849,629.78314,9722.927,395.82098,17.0,1.0,3.0,3,0,2
60.0,50.0,50.0,120.0,78.0,60.0,56.4,0.0,0.0,176531.25,55.0,7.2388897,1.0833334,2.0,0,0,2
1045.3627,65.0,78.0,1061111.2,1818.2999,60.0,1038.5493,1273.8105,659.53125,12701.498,674.74805,195.71548,1.2,3.0,3,0,2
68.333336,50.0,54.0,205.0,483.70483,60.0,61.4,162.03477,0.0,48197.176,82.37405,14.500851,1.0984824,3.0,0,0,2
540.64026,54.0,54.0,40661.633,1292.0,60.0,370.46017,2258.0737,647.1227,77309.305,250.80127,580.571,1.2525156,3.0,3,0,2
455.0184,66.0,75.0,560.0,591.89825,60.0,273.0,0.0,0.0,3072.996,115.31193,0.0,0.6666667,3.0,0,0,2
1025.1669,76.0,78.0,302977.3,1292.0,102.36601,998.63806,177.38792,604.76544,8520.928,246.41093,5.0,1.0,2.0,3,0,2
571.0,54.0,54.0,5716.1353,76.0616,86.0,119.857765,0.0,0.0,116147.56,55.0,0.0,1.2,2.0,0,0,2
316.29404,78.0,78.0,205.0,90.6,67.0,248.45248,0.0,0.0,1731.3287,87.0,0.0,0.5,2.0396512,0,0,2
569.0028,71.0,78.0,6953.242,1292.0,60.0,550.1995,224.15984,507.68338,3534.1023,244.52031,0.0,0.6666667,3.0,0,0,2
639.5,81.651474,83.0,606.2944,94.0,153.27301,457.6143,0.0,0.0,1487.509,94.0,0.0,0.5,2.0,0,0,2
639.5,77.0,78.0,7184.0,705.93634,67.16921,576.54956,0.0,104.79832,3797.472,164.19623,0.0,0.6666667,3.0,0,0,2
1264.51,75.0,79.0,1898587.9,1292.0,414.98782,1104.4585,116.046326,627.14984,16881.209,244.71468,11.0,1.2222222,2.0,3,0,2
148.00452,75.4851,54.0,120.0,71.0,98.06989,92.0,0.0,0.0,2856.328,55.0,0.0,0.5,2.0,0,0,2
935.50146,74.47779,76.0,47790.527,405.11142,151.60655,824.29016,0.0,278.86526,12104.653,122.69251,0.0,1.0,2.0,0,0,2
109.407776,54.0,54.0,205.0,78.0,60.0,66.17847,0.0,0.0,48396.04,55.0,0.0,1.0,2.0,0,0,2
60.0,50.0,50.0,178.19287,87.0,60.0,56.666668,0.0,0.0,299426.44,55.26923,26.517792,1.2222222,2.0,0,0,2
560.0,78.0,80.0,560.0,571.0,66.0,416.96982,0.0,0.0,1302.5704,133.75874,0.0,0.5,3.0,0,0,2
1169.8704,74.0,78.0,411617.53,1292.0,155.82991,1042.281,33.5,600.4305,9145.28,216.051,1.0,1.1491371,2.0,0,0,2
85.5,55.0,54.0,196.46407,87.0,60.0,92.53888,0.0,0.0,7456.7397,87.0,0.0,0.5,2.0,0,0,2
66.0,54.0,54.0,117.759995,71.0,60.0,57.0,0.0,0.0,11728.749,55.0,0.0,0.6666667,2.0,0,0,2
736.09576,55.0,72.0,42316.242,1292.0,63.137836,755.8402,273.5725,604.06824,12193.409,209.86414,12.0,1.1,2.0,3,0,2
1267.9701,77.0,85.0,2329534.5,1840.4357,156.0,1133.472,525.92584,652.7599,9069.443,695.9188,17.0,1.2222222,2.0,3,0,2
560.94165,54.0,54.0,5670.4346,78.0,66.0,116.90988,0.0,0.0,83844.31,71.98251,0.0,1.0833334,2.0,0,0,2
60.0,54.0,54.0,205.0,588.12164,60.0,78.0,229.21101,10.419641,18687.053,90.6,12.0,0.9468385,3.0,0,0,2
525.5555,71.0,73.0,449.75464,85.0,78.0,240.7258,0.0,0.0,4414.497,81.0,0.0,0.5,2.0,0,0,2
571.0,86.0,85.0,578.8707,615.8807,86.0,580.5347,0.0,0.0,353.03766,164.17683,0.0,0.5,3.0,0,0,2
771.4209,88.0,87.0,7184.0,157.16217,217.93773,958.57886,0.0,0.0,806.9037,148.36894,0.0,0.5,2.0,0,0,2
608.1742,54.0,55.0,156864.89,1668.0192,60.0,588.16406,2275.9534,649.10596,20328.367,472.67703,564.6343,1.2222222,3.0,3,0,2
1165.408,79.01742,81.0,913753.4,1253.4188,182.66594,1051.0261,28.772335,603.1127,8588.825,231.70302,1.0,0.949399,2.0,3,0,2
405.02615,55.0,55.0,669.0,115.0,60.0,240.36246,0.0,0.0,7287.712,90.103745,0.0,0.6666667,2.0,0,0,2
390.06827,54.0,54.0,3245.3882,72.553055,64.0,88.333336,0.0,0.0,290860.53,55.0,4.0,1.2,2.0,0,0,2
60.0,54.0,54.0,60.0,662.57135,54.0,56.666668,328.22372,0.0,3093.8823,103.692345,0.0,0.5,11.8864355,0,0,2
686.5288,81.0,85.0,8043.4717,1292.0,65.0,983.0842,289.82983,594.4013,1311.9923,484.83038,0.0,0.5,3.0,0,0,2
60.0,73.680046,78.0,122.20506,1292.0,60.0,208.96616,535.7966,175.8695,251.38507,367.21124,0.0,0.5,12.0,0,0,2
1163.3513,72.0,78.0,422182.44,1292.0,120.0,1048.9297,177.9645,616.45844,8560.734,262.46515,5.0,1.1376659,2.0,0,0,2
127.0,55.0,55.0,213.0,115.0,60.0,113.966866,0.0,0.0,5865.492,90.0,0.0,0.6666667,3.0,0,0,2
250.09576,86.0,85.0,151.0,105.960075,70.0,290.10062,0.0,0.0,139.5209,92.0,0.0,0.5,3.0,0,0,2
60.0,50.0,50.0,60.0,55.0,60.0,53.333332,0.0,0.0,104146.11,54.0,0.0,1.0,2.0,0,0,2
60.0,53.333332,54.0,60.0,55.0,60.0,54.0,0.0,0.0,5496.9937,55.0,0.0,0.5,3.0,0,0,2
104.27329,80.0,81.0,120.0,286.8772,60.0,239.81967,0.0,0.0,76.99051,130.96838,0.0,0.5,5.0,0,0,2
1116.0549,87.0,87.0,38803.16,1292.0,168.04858,1077.0234,0.0,505.09454,1312.5612,395.76672,0.0,0.5,3.0,0,0,2
72.5,54.0,54.0,171.0,78.0,60.0,57.0,0.0,0.0,65108.44,55.0,0.0,1.0,2.0,0,0,2
120.0,55.0,54.0,116.21164,55.0,70.0,80.0,0.0,0.0,4851.8057,54.00843,0.0,0.5,2.0,0,0,2
1154.8696,55.0,72.0,1062106.0,1292.0,107.24713,999.51636,206.25887,627.30176,40615.645,206.27475,64.67271,1.2775855,2.0,3,0,2
1206.371,81.844185,87.0,1054885.4,1361.3523,164.26863,1133.2407,317.94833,638.21234,3742.4358,659.16797,0.0,1.0,2.0,3,0,2
564.0,54.0,54.0,19428.676,1292.0,60.0,414.9768,538.0811,618.58466,20616.213,205.12732,116.7923,1.1929961,3.0,3,0,2
222.34708,71.0,71.0,164.01714,75.0,78.0,114.52479,0.0,0.0,4308.862,75.0,0.0,0.5,2.0,0,0,2
431.48752,78.75276,80.0,198.0,92.0,77.0,273.43097,0.0,0.0,1044.106,92.0,0.0,0.5,3.0,0,0,2
477.21933,67.684204,55.0,168.85387,71.0,119.77608,120.22761,0.0,0.0,4815.834,60.0,0.0,0.5,2.0,0,0,2
604.85443,88.0,86.0,571.0,143.6274,150.1333,582.28906,0.0,0.0,328.79227,115.0,0.0,0.5,3.0,0,0,2
148.09895,83.03278,85.0,159.91936,589.0,60.0,326.67154,0.0,0.0,124.28121,176.23781,0.0,0.5,4.7619324,0,0,2
742.0279,65.0,73.0,8515.88,574.63934,114.27405,536.45886,0.0,0.0,9771.393,94.666664,0.0,1.0,2.0,0,0,2
60.0,54.0,54.0,108.0,581.0,60.0,61.166668,15.834622,0.0,5057.9062,88.0,0.0,0.6666667,5.0,0,0,2
600.3864,81.0,55.0,561.0,78.0,560.0,255.12598,0.0,0.0,3801.1843,71.0,0.0,0.5,2.0,0,0,2
692.7273,54.0,54.0,6282.49,78.0,158.0,267.76953,0.0,0.0,20332.617,71.0,0.0,1.0833334,2.0,0,0,2
311.99698,78.0,78.0,214.65761,94.25554,66.0,253.35904,0.0,0.0,1739.6733,89.0,0.0,0.5,3.0,0,0,2
66.0,55.0,55.0,113.80002,88.0,60.0,85.50622,0.0,0.0,2783.2998,83.028206,0.0,0.5,3.0,0,0,2
561.0,77.0,78.0,561.0,90.0,88.0,329.69965,0.0,0.0,2770.622,88.0,0.0,0.5,2.0,0,0,2
250.68234,75.0,78.0,171.0,129.07295,60.0,247.0,0.0,0.0,1663.3531,94.0,0.0,0.5,3.0,0,0,2
567.0,78.0,78.0,538.0,85.304054,127.0,306.16956,0.0,0.0,2768.0513,81.0,0.0,0.5,2.0,0,0,2
696.46265,88.0,87.0,3888.8508,588.20605,158.0,957.8079,0.0,0.0,191.63991,176.5264,0.0,0.5,3.0,0,0,2
390.25473,54.0,54.0,205.0,55.0,103.110504,93.96338,0.0,0.0,12218.693,54.615677,0.0,0.6666667,2.0,0,0,2
478.20096,78.0,55.0,561.0,75.0,145.54527,232.2511,0.0,0.0,5824.48,75.0,0.0,0.5,2.0,0,0,2
150.0,75.0,55.0,120.0,73.0,78.2613,94.86984,0.0,0.0,1996.7999,63.412983,0.0,0.5,2.0,0,0,2
119.09744,54.0,54.0,561.0,592.69037,60.0,121.79106,160.19391,11.785113,8458.557,119.92691,0.0,0.6666667,3.0,0,0,2
120.0,75.0,73.0,120.0,75.0,65.0,97.666664,0.0,0.0,1803.9531,75.0,0.0,0.5,2.0,0,0,2
639.5,55.0,74.0,40101.72,1512.7942,60.0,830.0773,976.6055,644.3824,8559.798,495.4667,42.228645,1.0,3.0,3,0,2
166.88918,54.0,54.0,7184.0,1292.0,60.0,247.0,546.99,603.4072,15388.05,192.76804,75.06597,1.0,3.0,3,0,2
119.52515,54.0,54.0,1650.5176,1292.0,60.0,125.758446,543.95087,579.265,17760.95,157.33403,71.63592,1.0848112,3.0,3,0,2
648.9563,54.0,54.0,7893.1465,81.0,90.0,243.96172,0.0,0.0,100930.29,75.0,1.0,1.1967788,2.0,0,0,2
200.0,54.0,54.0,6924.21,1292.0,60.0,240.08675,542.2948,599.4319,18765.44,172.45018,80.487335,1.1,3.0,3,0,2
