bwd_seg_size_avg,pkt_len_min,fwd_pkt_len_min,totlen_bwd_pkts,fwd_pkt_len_max,bwd_pkt_len_min,pkt_len_mean,fwd_pkt_len_std,bwd_pkt_len_std,flow_byts_s,fwd_pkt_len_mean,psh_flag_cnt,down_up_ratio,fwd_act_data_pkts,syn_flag_cnt,fin_flag_cnt,Label
60.0,54.0,54.0,96.0,348.0,60.0,114.333336,131.6265,0.0,6674.502,69.0,9.0,0.5,3.0,0,2,9
996.6459,54.0,54.0,31592.115,1544.0271,60.0,681.8569,759.34283,689.79004,10990.274,598.99854,32.734303,1.91441,4.0,3,0,9
181.2538,54.0,54.0,5295.0,571.0,60.0,244.43555,132.23045,11.785113,1087.9287,154.59102,2.0,1.0,3.0,0,0,9
421.9488,54.0,54.0,6157.314,1816.4767,54.0,513.3333,2155.405,629.76306,8053.7676,125.357506,315.91705,1.2222222,4.0,5,2,9
74.0,66.0,69.0,54.0,69.01482,60.0,86.0,0.0,0.0,1569.8344,69.0,0.0,0.6,1.0,0,0,9
882.5,54.0,54.0,10628.335,1514.0,54.0,884.89496,190.96109,659.75244,7700.7583,829.1201,2.0,0.5,16.0,0,0,9
72.01725,54.0,54.0,266.947,969.7779,60.0,365.04214,202.51964,0.0,78.7226,116.54459,5.0,1.0,4.0,0,0,9
1074.0449,54.0,54.0,22989.8,571.0,74.0,248.21153,393.00168,659.75244,113818.164,322.62918,13.0,2.072168,2.0,3,0,9
60.0,67.5,72.0,54.0,78.0,54.0,86.0,0.0,0.0,64.24026,78.0,0.0,0.5,2.0,0,0,9
60.0,54.0,54.0,54.0,571.0,54.0,112.666664,177.23972,0.0,960.473,66.0,9.0,0.5,3.0,0,2,9
849.8571,54.0,54.0,7009.178,159.73671,92.71617,86.0,0.0,14.61354,43687.07,78.0,0.0,1.2517165,2.0,0,0,9
577.683,54.0,54.0,6815.028,345.0,102.0,85.333336,190.96109,23.540892,7819.812,138.0,8.0,2.0,2.0,0,0,9
139.0,54.0,54.0,2515.9043,571.0,60.0,127.7559,233.79887,0.0,999.6693,118.59766,8.0,1.2222222,3.0,0,0,9
134.48915,54.0,54.0,238.78262,1514.0,54.0,449.41754,813.084,502.9041,13917.893,72.0,294.34818,1.0,3.0,5,3,9
60.0,76.0,66.0,0.0,114.0,0.0,101.0,0.0,0.0,76.222534,78.0,0.0,0.0,3.0,0,0,9
139.0,54.0,54.0,122.049644,78.0,60.0,61.885212,30.571468,0.0,4453.315,66.0,11.0,1.8090981,0.0,3,3,9
323.42563,54.0,60.0,1268.6758,163.13435,60.0,135.23232,0.0,0.0,7801.686,78.0,0.0,0.5,3.0,0,0,9
60.0,60.0,66.0,54.0,86.0,54.0,86.0,0.0,0.0,50.70452,72.0,0.0,0.5,3.0,0,0,9
1170.6575,54.0,54.0,54482.934,1623.0139,60.0,843.2647,687.10516,973.5218,29842.281,1289.9023,18.0,1.5,5.0,3,0,9
659.7,54.0,54.0,7026.6807,131.65576,145.0,67.5,117.93956,11.785113,19716.758,86.0,7.0,2.090909,1.0,0,0,9
95.74551,54.0,54.0,222.70744,351.0,60.0,394.57657,0.0,0.0,216.05156,144.16667,0.0,0.5,4.0,0,0,9
60.0,66.0,66.0,0.0,86.0,54.0,119.0,0.0,0.0,413.0833,66.0,0.0,0.4201903,2.0,0,0,9
834.5268,54.0,54.0,7091.4746,571.0,60.0,339.36032,190.96109,595.21265,49362.36,154.44444,9.0,1.1972121,3.0,3,0,9
622.8818,54.0,54.0,6879.428,1470.6865,60.0,641.70374,403.96893,615.6893,7704.0107,223.49335,8.0,0.90909094,4.0,0,0,9
60.0,65.42857,55.0,0.0,144.91217,0.0,181.05827,0.0,0.0,1004.9676,66.0,0.0,0.0,2.0,0,0,9
60.0,67.5,66.0,54.0,119.0,60.0,165.0,0.0,0.0,3434.4314,71.0,0.0,0.33333334,2.0,0,0,9
653.50543,54.0,54.0,6070.487,86.0,156.0,67.5,10.254304,0.0,49961.38,78.0,5.0,2.0,0.0,0,0,9
182.0,54.0,54.0,204.19844,72.0,102.0,61.5,0.0,0.0,7462.55,69.0,0.0,1.8918372,0.0,0,0,9
54.0,67.875,54.0,0.0,165.0,0.0,165.0,0.0,0.0,48.865646,78.0,0.0,0.0,2.0,0,1,9
84.69282,54.0,54.0,284.92758,571.0,60.0,125.92956,111.924,0.0,237.27351,92.48273,2.0,1.0,3.0,0,0,9
119.27932,54.0,54.0,180.0,78.0,71.0,66.0,110.01417,0.0,30624.848,66.0,16.0,1.3146008,0.0,3,3,9
882.5,54.0,54.0,8732.651,144.16667,169.69746,67.5,103.25574,273.9178,68749.11,78.0,7.0,2.2222223,0.0,3,0,9
1041.8833,54.0,54.0,23530.006,1070.7539,60.0,513.3333,404.00073,659.75244,20575.611,589.8587,8.0,1.6804329,3.0,0,0,9
625.35736,54.0,54.0,7078.616,618.0,60.0,155.42107,581.126,591.03723,14240.783,144.16667,37.0,1.7125432,2.0,3,0,9
153.84305,54.0,54.0,516.6659,1514.0,54.0,451.34586,774.4938,558.3242,13343.275,76.0,262.36267,1.0,3.0,5,3,9
122.17069,54.0,54.0,180.0,75.0,110.43,66.0,0.0,0.0,9249.367,72.0,0.0,1.2,1.0,0,0,9
163.42825,54.0,54.0,406.47253,132.92151,74.0,85.34058,0.0,0.0,4758.074,78.0,0.0,0.95283914,2.0,0,0,9
624.68896,54.0,54.0,5295.0,79.0,138.31248,67.5,12.264654,0.0,58084.113,78.0,8.0,1.9010823,0.0,3,0,9
981.62427,54.0,54.0,34300.59,2040.185,60.0,733.00226,1264.868,690.4571,8124.8457,601.61505,90.48095,2.0,4.0,4,0,9
181.0,54.0,54.0,205.0,78.0,73.0,63.42857,0.0,0.0,1126.7739,72.260284,0.0,1.789145,0.0,0,0,9
68.333336,54.0,54.0,180.0,1376.8689,0.0,572.1058,190.96109,0.0,737.9095,86.0,6.0,0.33333334,5.0,0,0,9
54.0,82.49491,75.173,54.0,90.0,54.0,211.62051,0.0,0.0,518.0849,86.0,0.0,0.0,3.0,0,0,9
619.9575,54.0,54.0,6938.6504,1514.0,54.0,878.1776,353.78763,634.29456,4386.8687,326.91104,5.0,0.5,17.286806,0,0,9
1178.6036,54.0,54.0,65210.43,1967.3599,60.0,837.38007,916.25433,983.78955,29003.027,1291.328,46.277176,1.8965924,4.0,3,0,9
602.9841,54.0,54.0,5295.0,86.0,181.0,63.42857,0.0,0.0,39150.562,74.0,2.0,2.0,0.0,0,0,9
64.55032,54.0,54.0,180.0,372.33215,60.0,86.0,172.28448,0.0,282.58926,75.0,7.0,1.1024731,2.0,0,0,9
60.0,63.42857,60.0,0.0,75.0,54.0,86.0,0.0,0.0,1850.1595,66.0,0.0,0.5,1.0,0,0,9
171.0,54.0,54.0,222.0,86.0,60.0,84.95812,0.0,0.0,14551.861,78.0,0.0,1.0,2.0,0,0,9
180.64215,54.0,54.0,1401.568,78.0,139.70671,63.42857,122.7795,0.0,6481.9243,72.0,8.018158,2.2238855,0.0,3,1,9
66.0,54.0,54.0,74.0,78.0,60.0,71.0,0.0,0.0,16213.878,66.0,3.0,0.5,2.0,0,2,9
79.3919,54.0,66.0,140.96143,85.0,60.0,128.8456,0.0,0.0,7800.2563,77.06631,0.0,0.33333334,3.0,0,0,9
890.1283,54.0,54.0,20069.572,1475.1035,60.0,513.3333,596.1995,659.75244,11124.43,417.5255,14.0,1.7811419,3.0,3,0,9
957.64465,54.0,54.0,19720.14,1514.0,60.0,513.3333,739.73663,663.5187,21263.629,320.95203,61.425663,1.8112085,3.0,4,0,9
60.0,67.875,75.0,133.0197,80.490036,60.0,86.0,0.0,0.0,400.46707,75.0,0.0,0.5,2.0,0,0,9
849.8571,54.0,54.0,11113.784,1514.0,60.0,715.5494,444.7791,646.68915,6838.5015,408.48218,7.0,1.0833334,5.0,0,0,9
60.0,54.0,54.0,54.0,78.0,60.0,67.5,0.0,0.0,15409.316,66.0,4.0,0.5,1.0,0,2,9
119.199005,54.0,54.0,705.98596,571.0,60.0,86.0,267.5477,0.0,2427.4644,81.088715,12.0,1.3145773,2.0,0,0,9
60.0,63.42857,54.0,0.0,165.0,0.0,205.0,0.0,0.0,1234.1322,66.0,0.0,0.0,1.0,0,2,9
836.5908,54.0,54.0,6925.026,614.8409,60.0,421.5,549.9677,615.8495,79671.484,142.48341,50.993935,1.2,3.0,4,0,9
602.29333,54.0,54.0,7225.343,1622.8838,60.0,515.90894,953.2219,637.88824,7376.6064,155.65228,214.30243,1.25,4.0,5,0,9
171.0,54.0,54.0,191.68175,78.0,60.0,67.5,8.485281,0.0,47857.062,72.0,7.0,1.0,1.0,0,2,9
622.15906,54.0,54.0,7183.1523,351.0,85.0,103.333336,178.94423,254.97327,6993.7607,160.7772,5.0,1.7472825,2.0,0,0,9
148.44429,75.0,78.0,205.0,147.1,60.0,238.39296,0.0,0.0,4904.6226,86.0,0.0,0.33333334,3.0,0,0,9
60.0,71.0,72.0,54.0,86.0,54.0,114.34872,0.0,0.0,925.4046,80.0,0.0,0.27507594,3.0,0,0,9
71.03899,54.0,54.0,180.0,571.0,60.0,80.85714,447.0294,0.0,4416.5557,70.0,47.623333,1.2222222,2.0,3,2,9
156.3269,54.0,54.0,934.994,1474.0,54.0,417.0627,727.5479,513.78107,9997.347,78.0,230.39069,1.0,3.0,5,2,9
844.8694,54.0,54.0,9391.79,1525.0271,60.0,584.1383,880.60693,659.75244,16205.802,204.24805,151.36209,1.3013701,4.0,5,0,9
128.0,54.0,54.0,212.26373,581.0,54.0,560.86383,12.0,8.798,3499.3198,144.16667,0.0,0.33333334,4.922042,0,0,9
60.0,67.5,54.5,0.0,86.0,0.0,86.0,0.0,0.0,285.45465,78.0,0.0,0.33333334,2.0,0,1,9
92.80295,54.0,78.92516,180.0,547.087,54.0,557.8675,0.0,0.0,4390.3022,129.0,0.0,0.0,5.0,0,0,9
60.0,67.5,66.0,0.0,90.74552,54.0,113.35628,0.0,0.0,783.4149,69.0,0.0,0.33333334,2.0,0,0,9
96.59321,54.0,54.0,205.0,86.0,69.0,71.0,0.0,0.0,3412.6516,78.0,2.0,1.1727844,2.0,0,0,9
60.0,54.0,54.0,167.85193,572.90015,60.0,430.68652,8.485281,0.0,46.874153,110.1001,0.0,0.4,4.0,0,0,9
60.0,78.0,72.0,54.0,78.0,60.0,85.416824,0.0,0.0,1093.9358,78.0,0.0,0.33333334,2.0,0,0,9
73.0,54.0,54.0,120.0,78.0,60.0,67.5,0.0,0.0,15482.383,67.0,2.0,0.75,1.0,0,0,9
124.75024,54.0,54.0,3859.7952,1624.8721,60.0,513.3333,740.59595,571.6508,216.05034,133.13135,55.39717,1.1,4.0,3,0,9
256.3843,54.0,54.0,5696.0,577.0,60.0,128.2989,378.91888,118.5775,3516.9927,136.8971,11.0,1.4489083,3.0,0,0,9
60.0,71.0,66.0,0.0,90.592766,0.0,89.27015,0.0,0.0,87.53106,78.0,0.0,0.0,2.0,0,0,9
139.0,54.0,54.0,222.0,78.0,127.13509,66.0,0.0,0.0,5805.769,76.921616,0.0,1.2857143,1.0,0,0,9
1034.6326,54.0,54.0,33251.062,1525.9742,60.0,695.336,757.58514,690.4571,16801.137,577.55334,37.777733,1.8268389,4.0,3,0,9
625.5471,54.0,54.0,6003.0,165.0,135.0,77.0,0.0,0.0,12957.175,78.0,0.0,1.2222222,2.0,0,0,9
60.0,67.5,66.0,0.0,119.0,0.0,165.0,0.0,0.0,57.033966,75.0,0.0,0.04326174,2.0,0,0,9
60.0,75.0,75.0,85.0,80.0,60.0,91.333336,0.0,0.0,163.0394,75.74088,0.0,0.33333334,3.0,0,0,9
967.3705,54.0,54.0,17341.262,1514.0,60.0,711.61176,612.2338,673.4532,26591.234,373.35,22.964445,1.2222222,4.0,3,0,9
849.9405,54.0,54.0,11719.894,577.0,60.0,189.02893,367.36102,611.44165,9998.505,244.55225,9.0,1.9335662,3.0,0,0,9
488.51053,54.0,54.0,5415.0,1530.3689,54.0,513.3333,1109.971,625.1109,14729.089,109.22808,285.5873,1.1,4.0,5,2,9
0.0,54.0,66.0,0.0,581.0,0.0,364.98175,123.947876,0.0,78.72413,66.0,7.0,0.0,4.0,0,1,9
69.0,54.0,66.0,180.0,571.0,54.0,513.3333,0.0,0.0,114.56586,144.16667,0.0,0.2386934,5.0,0,0,9
69.313484,54.0,54.0,153.40279,707.5724,54.0,414.98718,430.28397,0.0,7722.1455,72.0,33.542175,0.5,3.0,3,2,9
122.0,54.0,54.0,54.0,69.0,54.0,61.166668,0.0,0.0,3411.2366,54.0,6.0,1.2222222,0.0,0,3,9
60.0,82.0,72.0,54.0,86.0,54.0,86.0,0.0,0.0,38.548656,85.0,0.0,0.33333334,3.0,0,0,9
60.0,66.0,66.0,54.0,76.0,58.07952,86.0,0.0,0.0,3181.929,69.0,0.0,0.5,2.0,0,0,9
990.544,54.0,54.0,13884.189,1514.0,60.0,694.86115,781.26526,686.2331,127628.18,213.84242,229.6526,1.2222222,3.0,5,0,9
60.0,66.0,66.0,54.0,75.0,54.0,80.0,0.0,0.0,2279.069,66.20488,0.0,0.5,2.0,0,0,9
882.5,54.0,54.0,14778.889,1357.1237,60.0,511.8346,595.4709,652.18115,18450.482,279.9227,21.319874,1.5,3.0,3,0,9
54.0,54.0,66.0,0.0,92.0,54.0,96.333336,0.0,0.0,3409.9363,66.0,3.0,0.33333334,3.0,0,2,9
115.0,54.0,54.0,54.0,71.0,54.0,61.166668,0.0,0.0,5059.1885,55.0,4.0,1.2126263,0.0,0,3,9
60.0,63.42857,59.397816,0.0,75.0,54.0,79.0,0.0,0.0,873.5991,60.0,0.0,0.75,1.0,0,1,9
160.0,54.0,54.0,240.0,86.0,71.0,71.0,0.0,0.0,9671.302,78.0,0.0,1.0,2.0,0,0,9
882.5,54.0,54.0,15316.957,1514.0,60.0,653.60205,736.51904,659.75244,15021.551,319.39737,48.280678,1.3333334,4.0,3,0,9
60.0,63.42857,54.0,0.0,75.0,0.0,86.0,0.0,0.0,2578.2668,71.0,0.0,0.5,1.0,0,2,9
60.0,66.0,54.0,0.0,119.0,0.0,165.0,0.0,0.0,273.67773,69.0,0.0,0.0,2.0,0,1,9
849.8571,54.0,54.0,11037.666,1412.271,60.0,513.3333,473.63193,637.9121,9209.645,317.69745,10.0,1.2267565,4.0,0,0,9
528.35297,54.0,54.0,2026.3064,144.16667,85.0,84.75124,0.0,0.0,17376.328,75.0,0.0,0.8,2.0,0,0,9
850.7198,54.0,54.0,7848.0,675.0,60.0,373.92383,594.22394,623.66724,36468.125,155.69847,43.896984,1.5,3.0,4,0,9
1158.165,54.0,54.0,62926.97,1807.0,60.0,780.2903,842.1943,968.6529,21270.258,1225.7709,42.559666,2.0,4.0,3,0,9
60.0,67.5,66.0,54.0,75.0,60.0,76.15576,0.0,0.0,9439.27,69.0,0.0,0.5,2.0,0,0,9
60.0,54.0,54.0,120.0,121.0,60.0,67.5,190.96109,0.0,1262.9591,66.0,16.930298,1.2307693,1.6554216,3,3,9
60.0,85.36837,66.0,0.0,86.0,0.0,86.0,0.0,0.0,131.4928,85.0,0.0,0.00040589253,3.0,0,0,9
703.53925,54.0,54.0,7239.9287,163.55539,123.0,86.0,8.485281,20.977406,17059.854,86.0,1.0,1.6835985,2.0,0,0,9
1127.572,54.0,54.0,40934.594,904.0109,60.0,468.80347,554.0641,675.19543,49676.703,576.0045,14.0,2.125,3.0,3,0,9
60.0,67.60734,69.67888,54.0,80.0,60.0,86.0,0.0,0.0,3524.033,75.0,0.0,0.4,2.0,0,0,9
82.47336,54.0,75.0,160.0,348.2325,54.0,513.3333,0.0,0.0,4448.852,99.8236,0.0,0.0,4.0,0,0,9
182.0,54.0,54.0,256.7856,94.08042,60.0,96.333336,0.0,0.0,13271.415,78.0,0.0,0.6666667,2.0,0,0,9
60.0,54.0,54.0,160.0,349.0,60.0,124.04516,7.3194695,0.0,87.168144,82.4652,0.0,0.5,3.0,0,0,9
182.51143,54.0,54.0,5295.0,704.1276,60.0,115.52838,577.9483,128.5,2579.0789,103.221405,27.837664,1.7,3.0,3,0,9
128.0,55.0,54.0,180.0,75.0,60.0,67.875,0.0,0.0,15239.49,75.0,0.0,0.75,2.0,0,0,9
60.0,66.0,66.0,0.0,101.0,0.0,138.77876,0.0,0.0,45.471287,74.0,0.0,0.33333334,2.0,0,0,9
60.0,84.62246,66.0,0.0,94.0,0.0,86.49356,0.0,0.0,46.855457,81.83454,0.0,0.0,3.0,0,0,9
1053.7395,54.0,54.0,33977.266,974.5592,69.609856,431.4819,556.16583,659.75244,26495.55,482.75348,14.0,2.125,3.0,3,0,9
60.0,66.0,66.0,0.0,77.0,54.0,86.0,0.0,0.0,1266.5858,71.0,0.0,0.5,2.0,0,0,9
184.62639,54.0,54.0,1509.8843,164.07285,60.0,209.42957,0.0,0.0,3197.7405,90.71203,0.0,0.5,3.0,0,0,9
676.77185,54.0,54.0,7620.0,571.0,60.0,219.6832,110.56316,534.0551,7969.3354,230.30817,2.0,1.2222222,3.0,0,0,9
60.0,85.69787,70.0,54.0,91.0,54.0,89.0,0.0,0.0,192.07884,78.0,0.0,0.12396302,3.0,0,0,9
414.811,54.0,54.0,5295.0,144.16667,74.0,86.07332,0.0,0.0,7800.8823,85.0,0.0,1.1,2.0,0,0,9
849.8571,54.0,54.0,10855.848,1472.6073,60.0,470.5444,664.6383,641.75085,15382.524,206.60562,49.20743,1.692921,3.0,3,0,9
60.0,54.0,54.0,54.0,170.0,54.0,76.0,116.91482,0.0,1148.0138,66.0,8.0,0.75,2.0,0,2,9
108.61114,54.0,54.0,91.0,78.0,60.0,63.42857,0.0,0.0,1252.2208,66.0,2.0,1.2,0.0076695755,0,0,9
849.8571,54.0,54.0,7743.0723,1514.0,60.0,564.365,880.50507,659.75244,43385.023,157.06212,243.35793,1.2222222,3.0,5,0,9
206.94553,54.0,54.0,2075.8455,581.0,60.0,479.0352,177.23972,127.18342,6510.5625,144.16667,4.8241553,0.6666667,4.0,0,0,9
136.277,54.0,54.0,222.0,122.968254,60.0,114.5501,0.0,0.0,4205.945,86.0,0.0,0.5,3.0,0,0,9
175.51852,54.0,54.0,1622.312,1078.0,60.0,146.16667,721.1615,413.6249,13868.189,75.61894,254.45364,1.2652532,2.0,5,3,9
60.0,54.0,54.0,54.0,78.0,54.0,63.42857,18.036758,0.0,2656.6326,54.0,12.0,1.1,0.0,3,3,9
102.0,54.0,54.0,181.0,125.97261,60.0,86.945755,67.104935,0.0,8374.599,75.0,6.0,1.0,2.0,0,0,9
138.82785,54.0,54.0,181.0,78.0,114.20711,63.42857,12.0,0.0,16682.826,66.0,8.0,1.75,0.0,3,2,9
930.9995,54.0,54.0,14164.78,1514.0,60.0,694.7298,604.74414,659.75244,40851.848,318.30402,26.144348,1.2,4.0,3,0,9
482.36374,54.0,54.0,7326.546,1492.1168,60.0,341.24567,648.1778,595.49817,1279.1064,165.0,29.266083,1.8333334,3.0,3,0,9
650.58325,54.0,54.0,7161.7256,158.56776,151.04391,74.333336,0.0,0.0,10275.307,85.0,0.0,1.8170569,2.0,0,0,9
54.0,66.0,66.0,0.0,205.0,0.0,133.2,0.0,0.0,216.10934,83.950806,1.0,0.0,3.0,0,0,9
171.0,54.0,60.0,474.52957,156.1184,60.0,167.38567,0.0,0.0,3442.5247,85.0,0.0,0.5,3.0,0,0,9
653.6005,54.0,54.0,7674.0,703.0,60.0,512.0638,190.96109,604.51495,5741.8853,277.95193,2.0,1.1,4.0,0,0,9
1081.2704,54.0,54.0,34056.234,446.7886,130.38535,155.41429,190.96109,646.06195,56411.43,350.0,7.0,2.1808765,2.0,0,0,9
144.57393,54.0,54.0,5295.0,1841.9574,54.0,731.94977,601.65436,596.8438,78.67874,197.55556,11.0,0.8333333,9.0,0,0,9
1055.8773,54.0,54.0,27298.246,1514.0,60.0,763.47723,730.375,690.4571,38012.82,577.082,39.0,1.4554757,4.0,3,0,9
160.0,54.0,54.0,139.0,69.0,68.333336,61.166668,0.0,0.0,7799.754,66.0,3.0,1.5563816,0.0,0,2,9
141.17433,54.0,60.0,304.9442,571.0,54.0,539.10864,0.0,0.0,2203.6335,165.32887,0.0,0.33333334,5.0,0,0,9
128.0,78.06057,74.0,135.0,78.0,60.0,86.0,0.0,0.0,36936.68,75.0,0.0,0.33333334,2.0,0,0,9
60.0,67.13953,66.0,54.0,77.0,60.0,86.0,0.0,0.0,4503.8057,69.0,0.0,0.5,2.0,0,0,9
83.54101,54.0,54.0,180.0,165.0,60.0,156.28801,0.0,0.0,5346.4385,80.0,0.0,0.5,3.0,0,0,9
491.96478,54.0,54.0,2941.762,143.39485,60.0,92.381294,0.0,0.0,15026.232,78.0,0.0,1.0,2.0,0,0,9
1034.9891,54.0,54.0,21998.596,571.0,86.0,233.88881,322.02454,644.8827,30089.006,363.49374,8.0,2.111112,2.0,3,0,9
60.0,54.0,66.0,120.0,348.0,54.0,389.18518,0.0,0.0,616.84827,82.99338,0.0,0.33333334,4.0,0,0,9
142.54863,54.0,54.0,5295.0,618.0,60.0,131.95238,286.80978,11.785113,193.33202,144.16667,8.0,1.3333334,3.0,0,0,9
60.0,63.42857,54.0,0.0,92.0,0.0,119.65836,0.0,0.0,596.4381,69.0,0.0,0.33333334,1.6430626,0,2,9
139.0,60.0,54.0,205.0,78.0,139.0,66.0,0.0,0.0,9197.85,69.0,0.0,1.1043099,1.0,0,0,9
60.0,63.42857,54.0,0.0,86.0,0.0,91.0,0.0,0.0,1643.7032,71.0,0.0,0.33333334,1.0,0,2,9
849.8571,54.0,54.0,8444.626,1514.0,60.0,524.7003,752.63257,656.7705,22122.72,179.0,112.088615,1.2307693,3.0,4,0,9
135.0,54.0,54.0,5295.0,1759.9655,60.0,513.3333,778.17096,588.0869,345.61984,134.99054,75.8554,1.1428572,4.0,3,0,9
73.0,54.0,54.0,180.0,85.0,60.0,67.5,110.937904,0.0,8648.062,66.0,10.0,1.2222222,1.0,3,2,9
160.0,54.0,54.0,5295.0,1514.0,60.0,437.80594,619.25903,545.32434,518.0168,144.16667,25.595968,1.2222222,4.0,3,0,9
60.0,54.0,54.0,54.0,346.0,54.0,89.18379,26.923292,0.0,303.63977,66.0,6.0,0.5,3.0,0,1,9
649.6371,54.0,54.0,5295.0,346.0,60.0,126.22294,254.03944,468.4776,81318.06,86.0,23.26668,1.2,2.0,3,1,9
596.3769,54.0,54.0,5295.0,1073.991,54.0,718.25433,190.96109,604.7196,17800.646,165.0,7.0,0.5,4.0,0,0,9
692.7273,54.0,54.0,9129.114,571.0,85.0,127.0,294.87076,585.9178,7245.4487,197.55556,8.0,2.0,2.0,0,0,9
60.0,63.42857,55.0,0.0,86.0,0.0,119.0,0.0,0.0,3390.5596,66.0,0.0,0.33333334,1.0,0,0,9
139.0,54.0,54.0,1875.2522,1070.0,60.0,114.333336,671.27515,61.09521,5325.437,76.983696,169.66083,1.4537159,2.0,4,2,9
168.47281,54.0,54.0,3395.244,101.0,91.0,75.582504,15.5,0.0,3102.9436,100.94462,2.0,1.4168533,2.0,0,0,9
62.881332,86.0,78.0,132.55157,86.0,60.0,91.90675,0.0,0.0,401.2591,86.0,0.0,0.33333334,3.0,0,0,9
692.7273,54.0,54.0,5949.0,144.16667,135.0,67.875,0.0,0.0,46100.668,75.0,0.0,1.2264801,1.0,0,0,9
507.06262,54.0,54.0,705.1023,121.0,60.0,127.20922,118.78349,11.785113,67915.96,80.0,9.0,0.90909094,2.0,3,0,9
346.66367,54.0,54.0,5949.0,1494.1613,60.0,694.12933,260.99152,595.49817,1790.1211,232.03847,4.0,0.73805374,5.1189346,0,0,9
882.5,54.0,54.0,13877.356,571.0,85.0,179.0,241.09319,609.4355,11097.0205,274.71252,7.0,1.9438416,3.0,0,0,9
135.0,54.0,54.0,100.37724,75.0,60.0,62.4,0.0,0.0,4198.9263,66.0,2.0,1.2222222,0.0,0,1,9
54.0,54.0,66.0,0.0,285.0,0.0,109.16081,8.485281,0.0,138.69373,75.0,2.0,0.02053073,3.0,0,1,9
603.1667,54.0,54.0,8340.146,1807.0,60.0,513.3333,971.3158,637.8693,2153.551,201.36084,99.27096,1.75,4.0,3,0,9
118.36464,54.0,54.0,180.0,78.0,104.99678,63.42857,12.0,0.0,18493.246,66.0,8.0,1.4487398,0.0,3,2,9
323.4662,54.0,54.0,6977.1562,1807.0,60.0,513.3333,780.8136,615.6893,874.4551,166.38048,56.84927,1.288745,4.0,3,0,9
489.05917,54.0,54.0,707.85925,93.66139,60.0,112.78684,104.02991,0.0,55266.152,80.2554,8.0,1.0,2.0,0,0,9
60.0,84.288345,77.0,60.0,86.0,60.0,164.11896,0.0,0.0,1572.687,85.0,0.0,0.0,3.0,0,0,9
139.0,55.0,54.0,85.0,69.0,60.0,62.327183,0.0,0.0,3146.7783,66.0,0.0,1.2104101,0.0,0,0,9
60.0,65.31004,62.0,0.0,119.0,0.0,167.0,0.0,0.0,87.3575,66.0,0.0,0.33333334,2.0,0,0,9
54.0,78.0,69.0,0.0,171.48758,0.0,176.12366,0.0,0.0,52.041912,86.0,0.0,0.0,4.0,0,0,9
750.375,54.0,54.0,5949.0,155.0249,60.0,160.77557,0.0,110.11927,56640.06,86.0,0.0,1.0,2.0,0,0,9
900.4582,54.0,54.0,13958.358,348.0,85.0,167.51363,154.98454,609.4284,26273.082,292.45706,3.0,1.6959519,2.0,0,0,9
60.0,54.0,54.0,139.0,617.7143,54.0,337.94708,256.16397,0.0,2170.997,72.0,12.0,0.5,3.0,0,0,9
85.0,54.0,54.0,292.0,571.0,60.0,85.71733,582.7349,0.0,2334.7944,72.0,62.311108,1.5502865,2.0,3,2,9
85.0,54.0,54.0,217.3285,703.0,60.0,109.31618,616.3148,0.0,4386.6533,72.0,112.3615,1.2222222,2.0,4,2,9
209.27257,54.0,54.0,1180.8113,78.0,168.73155,63.42857,8.485281,0.0,16790.67,72.024536,4.0,2.0,0.0,0,0,9
342.0,76.0,71.0,291.52542,134.37428,60.0,86.0,0.0,0.0,18450.117,71.0,0.0,0.5,2.0,0,0,9
659.7,54.0,54.0,5736.4727,618.0,60.0,399.323,604.49554,609.2125,101250.125,87.8271,141.28162,1.1376463,3.0,5,2,9
54.0,77.55938,66.0,0.0,86.0,54.0,91.145584,0.0,0.0,7778.639,78.0,0.0,0.0,2.0,0,1,9
370.1883,54.0,54.0,5262.712,571.0,60.0,113.56916,446.27325,142.24246,16643.162,86.0,33.65362,1.2892587,2.0,3,1,9
60.0,54.0,54.0,54.0,78.0,60.0,67.5,0.0,0.0,7962.2495,66.0,4.0,0.58726907,2.0,0,2,9
491.10928,54.0,54.0,6774.0347,1514.0,60.0,451.8,896.3602,615.2846,6666.361,138.0,224.77295,1.4515486,3.0,5,0,9
102.0,54.0,54.0,209.76894,121.0,60.0,103.0,0.0,0.0,2502.0166,86.0,0.0,0.99919194,3.0,0,0,9
60.0,70.03757,66.0,91.0,94.08328,60.0,119.0,0.0,0.0,1292.0798,80.0,0.0,0.33333334,2.0,0,0,9
128.56111,54.0,54.0,206.43785,93.84969,74.0,74.65272,0.0,0.0,4211.6646,78.0,0.0,0.90909094,2.0,0,0,9
597.2055,54.0,54.0,7238.0,571.0,85.0,96.832,430.49963,469.21045,6498.6543,144.16667,14.0,2.0450933,2.0,3,0,9
60.0,54.0,69.0,156.3966,571.0,54.0,513.3333,0.0,0.0,100.1449,128.48515,0.0,0.015965564,5.0,0,0,9
592.53845,54.0,54.0,7238.0,1378.0449,60.0,428.3,570.8856,604.3845,4390.435,171.53691,16.843224,1.3333334,3.0,3,0,9
548.2885,54.0,54.0,5696.0,91.05946,191.18697,64.75384,0.0,0.0,11824.08,78.0,1.0,2.120811,0.0,0,0,9
1026.5459,54.0,54.0,29193.744,1752.3893,60.0,728.96173,778.97,690.4571,13855.251,617.8087,37.615425,1.7502369,4.0,3,0,9
882.5,54.0,54.0,7255.7324,199.68013,152.80617,76.0,0.0,0.0,40881.145,75.0,0.0,1.2307693,2.0,0,0,9
60.0,54.0,54.0,119.6007,349.0,60.0,67.5,449.67526,0.0,5940.019,66.0,107.60631,1.2,2.0,4,3,9
60.0,67.5,60.0,73.31416,78.0,55.799576,71.0,0.0,0.0,177.3694,72.0,0.0,0.6666667,2.0,0,0,9
844.23615,54.0,54.0,6872.922,158.85638,60.0,125.41564,164.7925,529.54083,74792.12,144.16667,8.0,1.2222222,2.0,3,0,9
223.0,54.0,54.0,1373.9924,144.16667,60.0,204.95271,0.0,0.0,7530.012,133.36028,0.0,0.6,3.0,0,0,9
85.0,54.0,55.0,180.0,171.5018,60.0,224.16556,0.0,0.0,3180.2747,89.0,0.0,0.5,3.0,0,0,9
60.0,54.0,60.0,54.0,170.56256,54.0,91.333336,8.485281,0.0,234.93736,66.0,2.0,0.4,3.0,0,0,9
73.0,54.0,60.0,180.0,99.451866,60.0,115.08645,0.0,0.0,921.326,86.0,0.0,0.5,3.0,0,0,9
933.0942,54.0,54.0,10182.23,666.52625,60.0,513.3333,459.2906,651.9082,110570.53,210.54941,23.866653,1.2,3.0,3,0,9
139.0,54.0,54.0,1406.1667,86.0,112.56543,67.5,26.821877,0.0,717.37823,86.0,2.0,1.8546624,2.0,0,0,9
54.0,54.0,54.0,54.0,1022.0,0.0,242.82678,402.3879,0.0,400.14594,66.0,30.49241,0.33333334,3.0,3,3,9
1049.7925,54.0,54.0,24749.295,618.0,69.0,442.41,402.94714,659.75244,23783.332,506.73517,8.0,2.0,3.0,3,0,9
0.0,54.0,66.0,0.0,754.3225,0.0,481.79086,118.52799,0.0,57.07147,75.0,5.0,0.0,5.0,0,0,9
683.6333,54.0,54.0,8202.715,571.0,102.0,107.25,190.96109,529.26904,7383.776,189.25,6.0,2.0,2.0,0,0,9
447.25287,54.0,54.0,333.9024,89.0,60.0,205.0,8.485281,0.0,54663.688,86.0,2.0,0.5,3.0,0,0,9
68.333336,54.0,71.0,145.80005,284.1475,59.23799,415.63635,0.0,0.0,1002.8971,90.92413,0.0,0.3039959,4.0,0,0,9
84.63367,54.0,54.0,315.63385,1162.9939,60.0,178.9051,538.53375,0.0,943.9248,84.8344,25.92331,1.1111112,3.0,3,0,9
92.82616,54.0,54.0,206.37555,1287.0842,54.0,499.57144,272.79794,11.785113,2208.2488,88.15302,9.0,0.5,4.0,0,0,9
631.15576,54.0,54.0,6925.5605,151.0,96.24004,86.0,124.607025,37.19182,12838.707,144.16667,5.0,1.7664735,2.0,0,0,9
122.21559,54.0,54.0,193.0,80.0,74.0,67.5,112.010506,0.0,15475.231,69.75839,11.0,1.3333334,1.0,3,2,9
60.0,54.0,66.0,160.0,1474.0,0.0,758.30566,12.0,0.0,43.091454,144.16667,0.0,0.0,36.39351,0,0,9
60.0,86.0,77.0,54.0,86.0,54.0,86.0,0.0,0.0,57.012177,78.0,0.0,0.33333334,3.0,0,0,9
0.0,69.0,66.0,0.0,571.0,0.0,233.30498,0.0,0.0,47.152344,86.0,0.0,0.0,4.0,0,0,9
577.1134,54.0,54.0,6294.7676,698.0,60.0,513.3333,190.96109,584.1859,6678.652,195.8864,3.0,1.0,4.0,0,0,9
99.66021,63.42857,66.0,54.0,74.0,54.0,86.0,0.0,0.0,304.75055,69.87695,0.0,0.75,1.0,0,0,9
64.334854,54.0,54.0,145.0,348.0,60.0,67.5,463.42786,0.0,8423.354,66.0,120.73154,1.2222222,2.0,4,3,9
54.0,54.0,66.0,54.0,355.55606,54.0,162.76022,8.485281,0.0,391.0359,66.0,2.0,0.240332,3.0,0,0,9
60.0,67.5,66.0,54.0,92.0,60.0,101.0,0.0,0.0,15793.761,66.0,0.0,0.33255962,2.0,0,0,9
77.34739,54.0,60.0,180.0,120.75901,60.0,131.83301,0.0,0.0,727.57635,86.0,0.0,0.5,3.0,0,0,9
625.3149,54.0,54.0,7125.6104,1292.0,60.0,387.64035,634.5482,609.2125,13879.987,144.16667,61.110207,1.4506497,3.0,4,0,9
73.109856,54.0,54.0,205.0,346.0,60.0,99.76358,12.0,0.0,426.3697,86.0,2.0,1.0,3.0,0,0,9
278.57144,54.0,69.0,886.6075,171.05482,60.0,387.46457,0.0,0.0,7249.6035,85.0,0.0,0.33333334,3.0,0,0,9
60.0,69.0,66.0,54.0,114.0,60.0,119.0,0.0,0.0,15860.146,66.0,0.0,0.0,2.0,0,0,9
638.64246,54.0,54.0,8601.044,617.0,85.0,130.15752,443.30826,585.1485,3441.511,195.12564,10.0,2.0769231,3.0,0,0,9
553.829,54.0,54.0,2029.453,238.0,60.0,167.16249,124.70809,50.39238,50741.37,86.0,8.0,0.8658294,2.0,0,0,9
94.508224,67.5,66.0,145.0,80.0,73.0,86.50933,0.0,0.0,3528.4214,78.34926,0.0,0.5,2.0,0,0,9
597.3174,54.0,54.0,5295.0,165.0,60.0,131.33722,0.0,0.0,13011.126,86.0,0.0,1.0,3.0,0,0,9
653.6648,54.0,54.0,7620.0,1424.707,60.0,421.65924,679.2338,622.9964,15236.445,149.28572,81.922295,1.4992188,3.0,4,0,9
753.3538,54.0,54.0,6696.562,120.31431,123.0,67.875,8.485281,0.0,67762.086,78.0,3.0,1.6990905,1.0,0,0,9
882.5,54.0,54.0,12751.638,1514.0,60.0,694.5157,596.40796,659.75244,19717.857,320.81305,18.0,1.2,4.0,3,0,9
135.0,54.0,60.0,180.0,351.0,54.0,513.3333,0.0,0.0,11743.747,91.0296,0.0,0.1396988,4.0,0,0,9
66.316345,54.0,54.0,205.9775,745.9453,60.0,156.29955,269.6481,0.0,68.5299,86.0,8.0,1.0,3.0,0,0,9
882.5,54.0,54.0,11836.01,1514.0,54.0,874.73645,269.7966,659.75244,9185.007,638.64703,3.0,0.75,10.0,0,0,9
919.1235,54.0,54.0,18356.156,1514.0,60.0,694.2177,562.0384,659.75244,13826.899,502.87247,11.0,1.2518321,4.0,0,0,9
64.333336,54.0,54.0,180.0,489.60605,60.0,96.333336,110.289635,0.0,135.4992,79.666664,3.0,1.0,3.0,0,0,9
82.78126,54.0,60.0,179.3138,571.0,54.0,462.4082,8.485281,0.0,5373.826,86.0,1.0,0.33333334,4.0,0,0,9
60.0,60.0,54.0,54.0,78.0,54.0,63.918648,0.0,0.0,216.0899,66.0,0.0,1.0,1.0,0,0,9
849.8571,54.0,54.0,9392.657,700.88367,60.0,513.3333,179.07973,620.92426,7804.794,367.4603,2.0,1.0833334,4.0,0,0,9
125.0,54.0,54.0,2102.8992,577.0,60.0,188.63638,173.38814,0.0,160.87804,144.16667,2.0,1.0,3.0,0,0,9
992.6484,54.0,54.0,17627.484,1070.0,60.0,501.21994,569.18616,659.75244,46241.445,314.6073,22.017683,1.5576916,3.0,3,0,9
60.0,69.0,69.5,54.0,86.0,54.0,112.666664,0.0,0.0,919.48035,78.0,0.0,0.16480938,3.0,0,0,9
659.0334,54.0,54.0,5973.019,1298.0634,54.0,565.2145,555.3485,624.5271,49978.996,144.16667,37.0,0.75,4.0,3,0,9
139.0,54.0,54.0,3597.3242,345.91644,85.0,85.333336,114.50187,0.0,622.56793,118.818184,2.0,1.4512072,2.0,0,0,9
390.191,54.0,54.0,6597.0,1292.0,60.0,364.02,548.369,570.90656,3514.57,147.0,17.51096,1.3322425,3.0,3,0,9
278.5603,54.0,54.0,2482.4844,167.0,60.0,86.0,190.96109,0.0,16185.099,82.17686,11.0,1.3062297,2.0,3,0,9
60.0,66.52795,60.0,54.0,78.0,54.0,73.66915,0.0,0.0,135.5215,66.0,0.0,0.6666667,2.0,0,0,9
231.80281,54.0,54.0,5295.0,571.0,60.0,240.27858,22.02145,12.5,1780.4353,165.47403,0.0,1.0,3.0,0,0,9
74.0,71.0,66.0,146.0,86.0,60.0,92.0,0.0,0.0,3432.05,86.0,0.0,0.5,2.0,0,0,9
60.0,74.28796,69.0,69.0,91.0,60.0,101.0,0.0,0.0,4273.8716,75.0,0.0,0.33333334,2.0,0,0,9
68.04762,54.0,66.0,180.0,571.0,60.0,479.02,0.0,0.0,68.608925,144.16667,0.0,0.33333334,4.0,0,0,9
882.5,54.0,54.0,9323.092,617.0,60.0,579.18134,152.78104,625.41974,15242.651,381.5271,2.0,1.0,4.0,0,0,9
622.15375,54.0,54.0,7703.0,1514.0,60.0,502.0975,645.28735,622.82874,4309.0938,196.02898,28.0,1.3333334,3.6798613,3,0,9
931.21594,54.0,54.0,21954.102,1609.3334,60.0,695.75543,747.1026,685.0046,9220.603,536.84125,31.022984,1.7272727,4.0,3,0,9
122.0,54.0,54.0,1404.1217,1514.0,60.0,396.99036,767.85333,440.8673,2493.8145,86.0,196.5928,1.2,3.0,4,2,9
335.45593,54.0,54.0,618.96124,74.0,160.0,63.42857,0.0,0.0,51482.562,72.0,6.0,1.8333334,0.0,0,1,9
639.5,54.0,54.0,6813.9927,571.0,60.0,134.30663,573.8874,590.1187,24318.602,119.08263,51.75266,1.5,2.0,4,0,9
882.5,54.0,54.0,10232.459,165.09782,213.78183,66.584854,0.0,11.785113,44455.34,77.0,0.0,2.2638745,0.0,0,0,9
69.0,54.0,54.0,180.0,571.0,60.0,86.0,442.01932,0.0,6035.111,69.0,48.070488,1.1833389,2.0,3,3,9
471.1059,54.0,54.0,5949.0,129.0,132.28122,71.0,109.03975,0.0,6675.825,89.2878,3.0,1.9090344,2.0,0,0,9
753.4369,54.0,54.0,11587.703,1163.5671,60.0,197.86958,619.45764,619.8441,7920.033,196.75922,31.293068,2.1080902,3.0,3,0,9
86.0,54.0,54.0,54.0,69.0,54.0,61.166668,0.0,0.0,6835.7314,54.0,6.0,1.1111112,0.0,0,3,9
64.333336,82.0,78.0,120.0,86.0,60.0,86.0,0.0,0.0,1054.8066,80.0,0.0,0.3791785,3.0,0,0,9
60.0,63.42857,54.0,0.0,78.0,0.0,77.09915,0.0,0.0,160.57672,66.0,2.0,0.5,1.0,0,2,9
162.71976,54.0,54.0,2105.0547,1514.0,54.0,521.1313,602.6579,579.6598,4549.1045,124.975845,31.842136,0.75,4.0,3,0,9
54.0,54.0,54.0,54.0,1414.6392,0.0,494.42,206.78067,0.0,46.86097,72.0,7.0,0.33333334,5.0,0,0,9
1178.65,54.0,54.0,63644.574,1840.4404,60.0,837.39905,856.51843,983.0489,36351.76,1265.4131,44.483044,1.8143464,4.0,3,0,9
1042.5166,54.0,54.0,17610.709,258.9797,182.0,74.0,0.0,566.56415,82074.125,78.0,0.0,2.1768882,1.0,0,0,9
659.22974,54.0,54.0,10723.07,1514.0,60.0,513.3333,639.237,637.6267,2616.876,292.0743,18.066036,1.4995596,4.0,3,0,9
60.0,54.0,54.0,205.0,704.19904,60.0,109.99811,376.2366,0.0,49.739784,80.922066,10.0,1.2126621,3.0,0,0,9
156.0,54.0,54.0,172.26512,75.0,73.76849,61.33951,8.485281,0.0,12142.009,66.0,8.0,1.8333334,0.0,3,3,9
68.333336,54.0,54.0,180.0,348.0,60.0,156.10565,0.0,0.0,102.07282,101.0,0.0,0.5,3.0,0,0,9
929.3962,54.0,54.0,23096.754,1535.2466,60.0,566.8856,780.3061,676.26666,8957.85,478.86557,43.9198,2.0,4.0,3,0,9
60.0,75.0,72.0,54.0,86.0,54.0,210.46346,0.0,0.0,4208.34,86.0,0.0,0.0,3.0,0,0,9
203.0521,54.0,54.0,5973.198,1839.0837,60.0,543.3282,796.1431,612.5128,939.8518,149.65753,74.452545,1.2,4.0,3,0,9
181.0,54.0,66.0,205.0,127.02971,60.0,246.47523,0.0,0.0,13891.106,85.0,0.0,0.33333334,3.0,0,0,9
60.0,66.0,66.0,54.0,94.0,54.0,129.0,0.0,0.0,254.27238,71.0,0.0,0.33333334,2.0,0,0,9
73.0,54.0,54.0,193.0,779.0,60.0,114.333336,607.7118,0.0,3771.7632,72.0,100.69479,1.2,2.0,4,2,9
80.43305,54.0,54.0,193.0,86.0,60.0,74.333336,0.0,0.0,1395.9995,80.0,0.0,1.0,2.0,0,0,9
60.0,66.0,66.0,54.0,76.0,60.0,86.0,0.0,0.0,5901.2188,66.0,0.0,0.5,1.0,0,0,9
864.39264,54.0,54.0,7300.679,144.16667,105.30343,82.0,26.984818,230.9578,55572.715,85.95799,5.0,1.75,2.0,0,0,9
1080.751,54.0,54.0,35284.656,1464.8173,60.0,566.35095,623.5905,690.42316,56510.664,542.826,26.340622,1.8,3.0,3,0,9
60.0,76.0,80.0,85.0,86.0,54.0,113.87968,0.0,0.0,61.480247,82.36508,0.0,0.33333334,3.0,0,0,9
60.0,67.5,66.0,0.0,114.0,54.0,119.0,0.0,0.0,4211.726,69.0,0.0,0.0,2.0,0,0,9
685.8483,54.0,54.0,6823.4707,337.84656,60.0,157.84564,116.83116,478.4215,24229.277,153.55556,4.0,1.2,2.0,0,0,9
54.0,71.0,66.0,54.0,85.0,54.0,99.402176,0.0,0.0,5202.921,79.0,0.0,0.12914932,3.0,0,0,9
577.6421,54.0,54.0,7402.6616,1514.0,60.0,590.6797,434.94022,615.6131,1408.7201,278.41443,7.0,1.0,4.044033,0,0,9
278.52847,54.0,54.0,6096.0547,1627.5802,60.0,484.0175,1292.53,615.6893,4358.6895,126.470764,273.94214,1.3333334,3.0,5,1,9
568.89856,54.0,54.0,1429.0,86.0,90.0,67.5,0.0,0.0,51136.56,75.0,0.0,1.1111112,1.0,0,0,9
139.0,66.0,62.55849,221.91191,144.16667,60.0,99.72762,0.0,0.0,3205.5903,78.0,0.0,0.5,3.0,0,0,9
60.0,67.875,66.0,54.0,114.720474,60.0,129.0,0.0,0.0,2428.267,72.0,0.0,0.24195203,2.0,0,0,9
128.62665,54.0,54.0,342.0,350.0,60.0,213.78027,8.485281,0.0,2208.078,133.12863,0.0,0.6666667,3.0,0,0,9
60.0,71.0,66.0,0.0,86.0,0.0,86.0,0.0,0.0,43.235588,78.0,0.0,0.33333334,3.0,0,0,9
60.0,54.538773,64.43775,54.0,79.0,60.0,86.0,0.0,0.0,6669.006,69.0,0.0,0.3708626,2.0,0,0,9
60.0,63.42857,54.5,0.0,129.0,0.0,195.1262,0.0,0.0,52.082176,66.0,0.0,0.24689989,2.0,0,0,9
85.0,54.0,54.0,180.0,411.4037,60.0,134.15028,118.628914,0.0,4577.9272,77.0,6.0,0.75,3.0,0,0,9
60.0,67.5,66.0,0.0,91.0,0.0,101.0,0.0,0.0,203.93858,76.0,0.0,0.24967703,2.0,0,0,9
160.0,54.0,54.0,6073.4634,1972.5581,60.0,677.1142,668.1502,606.94183,81.30278,192.76056,17.57902,1.0,6.0,0,0,9
60.0,54.0,60.0,54.0,86.0,0.0,71.0,0.0,0.0,46.794327,66.0,0.0,0.5,2.0,0,0,9
74.0,66.0,60.0,120.0,75.0,60.0,67.5,0.0,0.0,17347.992,69.0,0.0,0.5,1.0,0,0,9
1028.3737,54.0,54.0,20289.732,1292.0,60.0,572.6551,443.90936,659.75244,28040.143,497.2182,9.0,1.3021672,4.0,0,0,9
1028.1235,54.0,54.0,23718.822,1292.0,60.0,451.546,604.81506,659.75244,18519.94,408.2832,21.85706,2.125,3.0,3,0,9
145.0,54.0,54.0,180.0,78.0,73.0,63.42857,8.485281,0.0,6993.3584,66.0,7.0,1.7837785,0.0,0,2,9
206.92928,54.0,54.0,5723.3833,571.0,85.0,96.333336,190.96109,0.0,990.7599,144.16667,5.0,1.6666666,2.0,0,0,9
94.689514,75.0,72.0,116.63246,84.15564,60.0,109.32149,0.0,0.0,24032.324,78.0,0.0,0.27711225,2.0,0,0,9
60.0,67.5,54.203876,0.0,86.0,0.0,86.0,0.0,0.0,4393.1494,75.0,0.0,0.14772956,2.0,0,2,9
60.0,66.0,60.0,54.0,75.0,60.0,75.0,0.0,0.0,6671.8716,66.0,0.0,0.5831206,1.0,0,0,9
622.8918,54.0,54.0,7036.4785,617.0,60.0,513.3333,118.57211,586.7378,4390.8423,275.6329,0.5413112,1.0,4.0,0,0,9
68.333336,54.0,54.0,211.2974,1396.3179,60.0,204.94109,591.1355,0.0,161.23885,79.0,28.621555,1.0909091,3.0,3,0,9
60.0,74.0,71.486885,54.0,80.0,60.0,96.333336,0.0,0.0,3171.5947,77.0,0.0,0.33333334,3.0,0,0,9
956.83374,54.0,54.0,15523.496,346.0,85.0,171.94257,113.469086,612.36194,26236.533,324.73935,2.0,1.7018975,2.0,0,0,9
60.0,54.0,54.0,138.2159,571.0,60.0,86.0,222.4531,0.0,87.64962,71.0,11.0,1.0,2.0,0,1,9
488.9575,54.0,54.0,2105.4597,337.0586,60.0,86.0,422.63858,14.61354,55215.168,74.0,64.39464,1.3333334,2.0,5,3,9
54.0,54.0,72.0,54.0,171.78313,54.0,191.28905,0.0,0.0,473.9384,76.0,0.0,0.08785705,3.0,0,0,9
73.0,54.0,75.0,180.0,144.16667,60.0,393.60327,0.0,0.0,273.55725,121.0,0.0,0.33333334,4.0,0,0,9
233.23547,54.0,54.0,5295.0,1487.8936,54.0,513.3333,609.4086,590.912,7538.8066,125.72274,43.84046,1.0,4.0,3,0,9
882.5,54.0,54.0,18848.705,1514.0,60.0,513.40247,621.5929,659.75244,9264.621,409.31952,17.0,1.7,4.0,3,0,9
60.0,54.0,54.0,54.0,82.325966,54.0,66.0,18.68322,0.0,3286.0435,55.0,10.0,1.0,1.0,0,3,9
139.0,54.0,54.0,180.0,78.0,71.75753,66.0,0.0,0.0,736.5383,77.0,0.0,1.2,1.9883806,0,0,9
966.0871,54.0,54.0,18873.855,1830.332,60.0,756.7175,1226.6621,690.4571,29507.834,321.6011,224.9019,1.391266,4.0,5,0,9
85.0,55.0,54.0,69.0,78.0,54.0,66.0,0.0,0.0,86.42039,69.0,0.0,1.0,2.0,0,0,9
60.0,66.0,60.0,54.0,78.0,54.0,74.0,0.0,0.0,1264.7313,66.0,0.0,0.5,2.0,0,0,9
66.0,54.0,54.0,180.0,571.0,60.0,81.26953,444.36093,0.0,2263.2764,70.0,38.221794,1.2222222,2.0,3,2,9
1026.613,54.0,54.0,20235.072,571.0,71.0,314.61575,428.15543,644.9792,37078.715,320.57794,12.0,2.0244951,2.0,3,0,9
489.0723,54.0,54.0,5295.0,1168.912,60.0,535.7171,221.60405,586.6601,6916.637,166.65797,6.0,0.7352376,4.0,0,0,9
862.77124,54.0,54.0,7655.028,143.7,115.0,80.333336,177.75557,430.6863,52243.76,86.0,9.0,2.0,1.0,3,0,9
60.0,54.0,54.0,54.0,78.0,60.0,67.5,0.0,0.0,5178.0166,66.0,2.0,0.75,1.2687051,0,1,9
1055.4579,54.0,54.0,40775.42,1838.7913,60.0,758.7879,976.9752,701.06354,18263.113,734.96155,73.802704,1.9128515,4.0,4,0,9
60.0,54.0,54.0,144.77364,593.0,60.0,86.0,596.2714,0.0,2451.3723,66.0,123.984795,1.1111112,2.0,4,3,9
676.875,54.0,54.0,7172.888,571.0,60.0,513.3333,78.012115,591.7493,9338.934,269.70547,0.0,1.0,4.0,0,0,9
653.0909,54.0,54.0,5295.0,627.70447,54.0,579.73224,245.49184,609.2125,47591.39,149.28572,10.0,0.5,4.0,3,0,9
60.0,54.0,54.0,120.0,350.0,60.0,114.70154,8.485281,0.0,87.31688,75.0,1.0,0.5,3.0,0,0,9
1149.0769,54.0,54.0,53107.547,1843.4847,60.0,833.2656,892.9253,979.4298,30369.043,1219.0092,50.55022,1.75,4.0,4,0,9
68.333336,54.0,54.0,120.0,85.0,60.0,67.5,116.31595,0.0,15564.846,66.0,14.0,1.0,1.0,3,3,9
60.0,67.5,63.569427,0.0,86.0,54.0,86.0,0.0,0.0,2579.1326,77.0,0.0,0.24171221,2.0,0,0,9
751.35754,54.0,54.0,7432.9404,577.0,60.0,701.4729,8.485281,609.2125,10065.064,407.6422,0.0,0.5,5.0,0,0,9
54.0,54.0,66.0,54.0,346.98074,54.0,132.60452,0.0,0.0,86.14465,71.0,0.0,0.33333334,3.0,0,0,9
60.0,67.5,66.0,0.0,89.0,0.0,94.0,0.0,0.0,69.11987,78.0,0.0,0.2624602,2.0,0,0,9
60.0,54.0,54.0,180.0,1476.098,60.0,146.16667,722.41296,0.0,388.98804,71.20451,216.21289,1.1,3.0,4,3,9
66.73924,69.0,69.0,85.0,78.0,60.0,82.0,0.0,0.0,10773.677,70.63917,0.0,0.40222588,2.0,0,0,9
849.8571,54.0,54.0,11711.423,1708.0336,60.0,769.5185,717.34827,659.75244,8371.372,322.2191,28.540833,1.2,5.0,3,0,9
60.0,66.0,54.0,0.0,165.0,0.0,204.77861,0.0,0.0,628.7138,66.0,0.0,0.0,2.0,0,0,9
882.5,54.0,54.0,11128.2705,1385.5272,60.0,683.6541,298.49057,643.573,11037.695,386.2457,6.0,1.0,4.0,0,0,9
1033.7852,54.0,54.0,22791.89,1294.1029,60.0,501.22845,596.56104,659.75244,26748.29,408.8758,19.0,2.0,3.0,3,0,9
489.0484,54.0,54.0,6535.502,571.0,60.0,204.93466,173.29237,240.96082,3107.4673,169.00214,2.0,1.2222222,3.0,0,0,9
139.0,54.0,54.0,301.17175,348.0,60.0,74.333336,424.36725,0.0,14489.993,72.0,50.466125,1.4176548,2.0,4,3,9
60.0,60.0,75.0,146.0,121.0,60.0,230.45094,0.0,0.0,87.606865,113.00109,0.0,0.33333334,4.0,0,0,9
112.91986,54.0,54.0,135.0,69.0,81.08984,63.0,0.0,0.0,26816.229,66.0,5.0,1.2222222,0.0,0,2,9
54.0,54.0,60.0,54.0,624.9653,0.0,415.6699,165.00499,0.0,82.486664,66.0,7.0,0.0,4.0,0,0,9
141.49188,69.0,71.0,205.0,142.12686,60.0,119.92638,0.0,0.0,5456.026,78.0,0.0,0.5,3.0,0,0,9
78.59691,54.0,54.0,180.0,582.0,60.0,107.333336,604.2891,0.0,9994.558,69.0,216.01237,1.0909091,2.0,5,3,9
489.02396,54.0,54.0,6796.253,671.56,60.0,128.98343,555.33887,501.05698,4752.504,143.80992,25.209469,1.8168359,2.0,3,0,9
577.17035,54.0,54.0,618.6389,72.0,137.82864,63.42857,0.0,0.0,195224.97,66.0,3.0,1.3543084,0.0,0,1,9
680.2928,54.0,54.0,11405.767,1628.1874,60.0,694.5143,662.80505,652.0192,2477.506,356.3873,17.0,1.2490319,5.0,3,0,9
60.0,63.42857,54.0,0.0,167.04982,0.0,227.53477,0.0,0.0,56.8563,66.0,0.0,0.0,2.0,0,1,9
721.88617,54.0,54.0,6818.396,93.89624,85.0,80.82089,190.96109,280.39923,63057.633,89.0,15.229116,1.8333334,1.0,3,0,9
60.0,66.0,66.0,54.0,86.0,54.0,94.0,0.0,0.0,3201.4263,66.0,0.0,0.46962875,1.9960185,0,0,9
466.49246,54.0,54.0,2104.8105,133.98724,139.0,67.5,0.0,0.0,14449.522,69.0,0.0,1.0909091,1.5477123,0,0,9
700.22095,54.0,54.0,6015.1875,153.55556,60.0,100.60447,0.0,11.537086,40902.11,78.0,0.0,1.0769231,2.0,0,0,9
69.0,54.0,54.0,180.51581,1378.9928,60.0,146.16667,727.8618,0.0,3882.1199,71.51315,254.82558,1.1111112,3.0,5,3,9
692.7273,54.0,54.0,5977.8086,132.90636,60.0,91.333336,12.0,53.06,55682.676,86.0,4.0,1.2222222,2.0,0,0,9
753.2821,54.0,54.0,11300.603,1078.0,60.0,206.1058,602.99036,615.96185,7806.795,204.86595,26.0,2.0769231,3.0,3,0,9
64.333336,71.0,69.0,120.0,86.0,60.0,94.0,0.0,0.0,1098.129,86.0,0.0,0.45077142,2.0,0,0,9
85.0,54.0,54.0,225.36539,581.23566,60.0,415.64304,120.05605,0.0,292.1409,125.95286,2.0,0.6,4.0,0,0,9
60.0,67.5,66.0,54.0,101.0,60.0,128.42772,0.0,0.0,4211.116,72.0,0.0,0.33333334,2.0,0,0,9
232.98026,54.0,54.0,358.97098,78.0,90.0,67.5,0.0,0.0,30062.855,75.0,2.0,1.2222222,1.0,0,0,9
384.77615,60.0,60.0,289.66144,117.269196,60.0,94.8098,0.0,0.0,29322.402,76.0,0.0,0.5,2.0,0,0,9
60.0,67.5,54.0,0.0,78.0,0.0,69.0,0.0,0.0,555.21124,60.0,5.0,0.5,2.0,0,3,9
60.0,67.5,66.0,54.0,97.90168,54.0,129.0,0.0,0.0,990.8588,69.50702,0.0,0.33333334,2.0,0,0,9
882.5,54.0,54.0,7674.0,167.31793,171.0,67.5,0.0,0.0,34454.72,77.0,0.0,1.7772633,1.0,0,0,9
79.20504,54.0,54.0,180.0,80.0,69.0,66.0,116.48055,0.0,11286.15,66.0,12.0,1.3021388,1.0,3,2,9
60.0,63.42857,60.0,0.0,86.0,0.0,101.0,0.0,0.0,57.036263,69.0,0.0,0.5,1.0,0,0,9
622.59735,54.0,54.0,7238.0,1514.0,60.0,479.33304,664.2472,617.83264,7923.8403,157.82921,50.109356,1.3098956,3.0,3,0,9
886.17645,54.0,54.0,21104.59,1846.9607,60.0,813.1324,731.2678,688.75366,7243.847,655.2441,23.994522,1.3333334,5.0,3,0,9
267.39426,54.0,54.0,6111.922,1625.2817,60.0,489.6744,1246.8376,615.6893,4093.487,129.87744,261.0,1.3333334,3.0,5,1,9
882.5,54.0,54.0,8818.824,350.0,60.0,202.72598,171.45381,599.2079,31795.746,217.91338,5.0,1.3231505,2.0,0,0,9
882.5,54.0,54.0,8759.81,349.0,60.0,183.665,168.9153,597.7463,33616.656,211.44897,5.0,1.3267574,2.0,0,0,9
60.0,86.0,74.78659,54.0,86.0,54.0,86.0,0.0,0.0,69.04521,78.0,0.0,0.33333334,3.0,0,0,9
117.053345,54.0,54.0,1385.2609,571.0,60.0,129.0,177.67699,0.0,497.6116,118.818184,4.0,1.1428572,3.0,0,0,9
404.92453,54.0,54.0,5943.971,1514.0,60.0,414.98627,874.8389,606.8404,9657.171,96.945496,258.78143,1.3333334,3.0,5,2,9
60.0,63.42857,54.0,54.0,75.0,54.0,69.0,0.0,0.0,1424.2186,60.0,1.0,0.90890634,1.0,0,2,9
114.75122,54.0,54.0,205.0,82.09164,73.0,67.5,0.0,0.0,871.9247,76.81063,0.0,1.2701436,2.0,0,0,9
494.05106,54.0,54.0,3111.68,82.90206,160.0,66.0,0.0,0.0,22763.646,75.0,1.0,1.6923077,0.0,0,0,9
153.81839,54.0,54.0,205.99501,571.0,60.0,339.75046,190.96109,0.0,15716.105,79.0,11.0,0.6,3.0,0,0,9
646.8271,54.0,54.0,6942.087,571.0,60.0,213.58084,210.01292,569.8898,14493.391,157.63376,8.0,1.2222222,3.0,0,0,9
150.0,54.0,54.0,180.17096,85.0,60.0,103.631714,0.0,0.0,18145.66,77.3629,1.0,0.5,2.0,0,0,9
849.8571,54.0,54.0,10681.58,571.0,74.0,143.97804,444.2316,609.2125,13035.404,196.7133,13.0,2.0,2.0,3,0,9
882.5,54.0,54.0,7703.0,144.16667,177.40765,67.5,0.0,11.785113,66799.98,78.0,2.0,2.0987568,0.0,0,0,9
995.9578,54.0,54.0,21304.947,1324.2382,60.0,499.57144,596.79254,659.75244,18537.025,407.4311,18.0,2.0,3.0,3,0,9
171.0,75.0,75.0,223.0,144.16667,60.0,120.498795,0.0,0.0,6471.8135,78.0,0.0,0.5,3.0,0,0,9
849.8571,54.0,54.0,6882.082,144.16667,74.0,86.0,8.485281,118.732086,68737.67,85.0,2.0,1.2973334,2.0,0,0,9
384.06522,54.0,54.0,2481.7397,153.51537,60.0,130.66667,0.0,0.0,8388.947,85.0,0.0,0.75,3.0,0,0,9
60.0,67.5,66.0,54.0,83.34755,58.637543,86.0,0.0,0.0,5897.5347,75.0,0.0,0.33333334,2.0,0,0,9
60.0,65.20477,54.0,0.0,170.33911,0.0,217.87395,0.0,0.0,87.26707,66.0,0.0,0.0,2.0,0,2,9
882.5,54.0,54.0,11717.743,703.1879,60.0,501.94818,309.94363,631.44556,17488.424,301.56256,8.0,1.2386653,3.0,0,0,9
215.01738,80.333336,66.0,222.0,144.16667,85.0,86.0,0.0,0.0,10492.301,86.0,0.0,0.5,2.0,0,0,9
468.59125,54.0,54.0,1848.1118,571.0,60.0,404.6944,253.79189,421.18777,34175.652,86.0,14.169998,0.75,3.0,3,0,9
431.00244,54.0,60.0,4472.5874,396.87552,60.0,589.5203,0.0,53.539246,4555.914,269.9781,0.0,0.33333334,5.0,0,0,9
750.1988,54.0,54.0,9221.646,571.0,74.0,160.16356,190.96109,589.8989,7801.321,235.93187,5.0,1.7341074,3.0,0,0,9
577.4452,54.0,54.0,3922.5144,1376.4647,54.0,639.5438,530.5577,612.077,40606.92,125.97976,36.1329,0.5,4.0,3,0,9
639.5,54.0,54.0,6692.3623,188.03186,60.0,146.54501,0.0,50.479813,11291.2705,113.69418,0.0,1.0909091,3.0,0,0,9
69.0,54.0,56.780804,180.0,571.0,60.0,452.67148,0.0,0.0,282.63318,118.44185,0.0,0.33333334,4.0,0,0,9
182.0,54.0,54.0,5295.0,407.9879,60.0,105.62347,136.14812,0.0,1819.1575,143.76129,3.0,1.2523009,3.0,0,0,9
102.0,60.0,76.0,180.0,92.0,60.0,224.04556,0.0,0.0,6977.2446,86.0,0.0,0.33333334,3.0,0,0,9
83.3263,63.42857,60.0,85.0,66.0,68.04762,75.0,0.0,0.0,14904.012,66.0,0.0,0.8333333,0.0,0,0,9
625.1662,54.0,54.0,7823.9546,1514.0,60.0,601.5287,556.4321,626.6716,2273.19,301.60385,9.446367,1.1798203,4.0,0,0,9
60.0,54.0,54.0,180.0,1452.1393,60.0,457.52234,209.13812,0.0,42.97415,94.28321,3.0,0.5,4.0,0,0,9
265.41336,54.0,54.0,5295.0,354.0,60.0,393.5387,0.0,6.8961105,2307.0073,181.14836,0.0,0.75,3.0,0,0,9
1180.8373,54.0,54.0,63527.336,1474.5922,60.0,516.1541,641.9178,690.4571,44626.082,1090.7112,24.0,2.1643553,3.0,3,0,9
165.5457,54.0,54.0,213.77481,78.0,102.0,66.0,0.0,0.0,20717.656,72.0,3.0,1.2857143,0.0,0,0,9
70.42054,81.0,78.0,160.0,118.881836,60.0,125.3101,0.0,0.0,816.18567,86.0,0.0,0.33333334,3.0,0,0,9
570.512,54.0,54.0,6095.2207,572.3785,60.0,205.9454,313.9964,509.97473,10053.027,144.16667,12.0,1.2222222,3.0,3,0,9
60.0,54.0,54.0,139.0,382.21893,60.0,130.66667,8.485281,0.0,70.021324,78.0,0.0,0.5,3.0,0,0,9
639.5,54.0,54.0,6707.4424,593.0,60.0,633.7126,26.436892,595.1632,8868.079,273.9845,0.0,0.5,4.0,0,0,9
1050.4604,54.0,54.0,22554.492,1140.4258,60.0,637.1043,292.92557,660.28394,26360.248,933.2361,6.0,1.2474507,4.0,0,0,9
60.0,63.42857,54.0,0.0,101.0,0.0,162.34578,0.0,0.0,385.07248,67.0,0.0,0.30332652,1.0,0,2,9
60.0,67.5,66.0,0.0,116.61281,0.0,128.4005,0.0,0.0,57.043736,76.0,0.0,0.0,2.0,0,0,9
882.5,54.0,54.0,8920.355,1514.0,60.0,580.9066,1001.78033,659.75244,49787.01,165.0,261.0,1.2285503,3.0,5,0,9
60.0,77.0,71.0,54.0,78.0,60.0,82.0,0.0,0.0,5819.0874,77.0,0.0,0.33333334,2.0,0,0,9
60.0,66.0,54.5,0.0,167.26329,0.0,215.36256,0.0,0.0,5924.341,60.0,0.0,0.0,1.0,0,0,9
882.5,54.0,54.0,15344.967,1457.0043,60.0,463.86185,664.4623,652.184,17379.65,249.17218,46.569733,1.9098262,3.0,3,0,9
60.0,67.5,55.0,0.0,127.36488,0.0,165.0,0.0,0.0,3406.3499,69.0,0.0,0.0,2.0,0,0,9
139.0,67.875,67.95561,160.0,75.0,60.0,78.0,0.0,0.0,27529.416,69.0,0.0,0.5,2.0,0,0,9
138.13391,54.0,54.0,223.35027,86.0,60.0,77.0,0.0,0.0,5326.4795,78.0,0.0,1.0,2.0,0,0,9
117.99126,54.0,54.0,232.72246,91.419525,85.0,71.06914,0.0,0.0,1918.5376,78.0,0.0,1.0,2.0,0,0,9
150.29913,54.0,54.0,4342.922,1507.9308,54.0,701.5025,190.96109,476.40164,135.41818,213.6491,2.0,0.5,7.1001534,0,0,9
60.0,67.5,54.0,0.0,86.0,0.0,94.45052,0.0,0.0,150.79727,77.0,0.0,0.23906517,2.0,0,1,9
882.5,54.0,54.0,20703.408,1994.9662,60.0,712.79224,1061.3992,688.51917,8369.237,441.9971,78.53359,1.7797563,4.0,4,0,9
71.37017,67.5,66.0,69.0,75.0,60.0,85.0,0.0,0.0,22175.557,69.0,0.0,0.5,1.0,0,0,9
60.0,54.0,54.0,85.0,238.0,59.043724,96.333336,8.485281,0.0,405.81372,71.2358,2.0,0.5,3.0,0,0,9
68.17673,54.0,54.0,684.71924,1514.0,60.0,233.86017,572.99805,0.0,46.860733,101.0,13.0,1.2220795,3.0,0,0,9
66.0,54.0,54.0,154.0,161.51291,60.0,67.5,190.96109,0.0,5904.6157,66.0,19.518394,1.2,2.0,3,3,9
140.5028,54.0,54.0,342.0,799.20374,54.0,513.3333,190.96109,83.28448,4554.6885,131.1766,6.0,0.5,4.0,0,0,9
95.666664,54.0,60.0,180.0,86.0,60.0,86.5,0.0,0.0,5381.5615,78.0,0.0,0.5,2.0,0,0,9
111.36771,54.0,54.0,193.0,349.0,60.0,219.42403,10.985098,0.0,5173.6333,86.0,2.0,0.5,3.0,0,0,9
60.0,67.5,54.0,0.0,86.0,0.0,86.0,0.0,0.0,54.594166,79.0,0.0,0.1535914,2.0,0,2,9
882.5,54.0,54.0,11910.482,297.00296,91.0,114.928535,177.23972,597.86505,31750.822,229.67917,6.0,1.896788,2.0,0,0,9
625.46655,54.0,54.0,7674.0,1469.1874,60.0,513.3333,485.9074,615.6893,4326.4604,235.98254,10.519274,1.2222222,4.0,0,0,9
66.70118,54.0,54.0,154.63913,151.0,60.0,74.333336,165.46193,0.0,4641.4487,69.0,10.0,1.0,2.0,0,2,9
60.0,61.5,54.0,0.0,106.0,0.0,167.0,0.0,0.0,87.29176,66.0,0.0,0.33333334,1.0,0,2,9
173.43452,54.0,54.0,1255.7343,80.27968,139.0,66.64216,0.0,0.0,7752.1826,78.0,2.0,1.550307,1.0,0,0,9
333.2504,54.0,55.0,222.0,86.0,60.0,85.36379,0.0,0.0,41878.23,76.0,0.0,0.6,2.0,0,0,9
60.0,75.503494,66.0,0.0,86.0,0.0,103.333336,0.0,0.0,78.66907,86.0,0.0,0.020954965,3.0,0,0,9
60.0,60.0,60.0,69.0,78.0,60.0,71.0,0.0,0.0,7530.877,69.0,0.0,0.5,2.0,0,0,9
126.13893,54.0,54.0,280.13632,772.23566,60.0,125.323166,662.1484,14.61354,9988.487,72.0,230.32016,1.2222222,2.0,5,3,9
882.5,54.0,54.0,13948.4795,1472.9166,60.0,500.3552,637.0805,652.011,16182.755,257.05188,35.71371,1.7,3.0,3,0,9
187.19919,54.0,67.0,566.1918,165.0,60.0,230.86182,0.0,0.0,4383.13,85.0,0.0,0.5,3.0,0,0,9
96.0,67.5,60.0,180.0,77.24936,91.0,74.0,0.0,0.0,6667.8867,69.0,0.0,0.90909094,2.0,0,0,9
60.0,66.0,54.5,0.0,86.0,0.0,101.0,0.0,0.0,4273.2935,69.0,0.0,0.33333334,2.0,0,1,9
213.5,54.0,54.0,2513.4133,165.0,60.0,86.0,167.26851,0.0,8599.951,86.0,8.0,1.3088976,2.0,0,0,9
171.0,54.0,54.0,1646.6289,593.0,60.0,442.47418,190.96109,50.787724,4335.9507,136.61642,6.0,0.75,3.0,0,0,9
614.1755,54.0,54.0,6882.6406,703.20087,60.0,214.37816,569.0456,592.40295,11620.754,144.16667,29.055634,1.449501,3.0,3,0,9
60.0,86.0,77.333336,69.0,86.0,60.0,91.21738,0.0,0.0,307.3747,78.0,0.0,0.33333334,3.0,0,0,9
60.0,67.5,66.0,0.0,78.66372,0.0,86.0,0.0,0.0,52.182003,78.0,0.0,0.5,2.0,0,0,9
60.0,86.0,72.0,54.0,86.0,60.0,86.0,0.0,0.0,672.5053,78.0,0.0,0.33333334,3.0,0,0,9
60.0,63.42857,56.009945,0.0,121.67777,0.0,182.58517,0.0,0.0,46.7468,66.0,0.0,0.33333334,2.0,0,0,9
60.0,54.0,54.0,160.0,86.0,60.0,80.78003,0.0,0.0,118.87077,78.0,0.0,0.75,2.0,0,0,9
886.0815,54.0,54.0,22193.002,2039.4464,60.0,739.88745,1210.6594,690.4292,7708.3247,490.58618,90.502174,1.805977,4.0,4,0,9
60.0,67.5,66.0,0.0,78.0,54.0,86.0,0.0,0.0,280.21887,77.0,0.0,0.39810023,2.0,0,0,9
171.0,54.0,54.0,240.50542,76.0,150.0,63.42857,8.485281,0.0,22843.518,71.0,7.0,1.8267083,0.0,0,2,9
79.88199,54.0,54.0,301.89066,714.4641,60.0,112.666664,569.939,0.0,1162.715,76.8272,37.0,1.2307693,3.0,3,1,9
85.0,54.0,54.0,156.0,78.0,64.34469,66.51639,0.0,0.0,2668.3047,70.95528,2.0,1.1979148,1.0,0,0,9
60.0,63.42857,54.0,0.0,77.0,0.0,76.0,0.0,0.0,1943.6605,60.0,3.0,0.5,1.0,0,3,9
882.5,54.0,54.0,8377.888,1076.3755,60.0,511.76086,554.4745,638.6149,41040.86,189.47632,26.155323,1.2222222,3.0,3,0,9
639.5,54.0,54.0,7480.23,1514.0,60.0,785.4283,253.49803,625.2838,4375.2637,356.32452,3.0,0.75,6.0,0,0,9
54.0,54.0,54.0,54.0,529.3613,54.0,127.0,154.88182,0.0,3076.8057,66.0,9.0,0.45288897,3.0,0,2,9
60.0,63.42857,54.5,0.0,119.0,0.0,166.56725,0.0,0.0,1098.4958,66.0,0.0,0.15104744,1.6033927,0,0,9
60.0,67.5,60.0,0.0,86.0,54.0,86.0,0.0,0.0,7249.371,77.0,0.0,0.32478207,2.0,0,2,9
60.0,66.0,66.0,54.0,86.0,60.0,100.077126,0.0,0.0,7091.4673,66.0,0.0,0.4883484,1.0,0,0,9
342.0,54.0,54.0,5615.2837,340.40933,85.0,86.0,142.59721,0.0,4580.53,142.79552,4.0,1.5,2.0,0,0,9
83.907906,54.0,54.0,205.11673,345.0,60.0,239.86037,0.0,0.0,150.62105,144.16667,0.0,0.5,3.0,0,0,9
60.0,67.5,54.0,0.0,165.6544,0.0,187.70743,0.0,0.0,1824.5354,66.0,0.0,0.0,2.0,0,0,9
560.0456,54.0,54.0,7238.0,675.0,60.0,114.333336,579.5532,551.3528,4148.5356,144.16667,24.0,2.0465524,2.0,3,0,9
60.0,66.0,55.0,0.0,103.80981,0.0,121.49372,0.0,0.0,403.79395,71.59648,0.0,0.13163412,2.0,0,0,9
625.35516,54.0,54.0,5949.0,118.41172,160.0,67.5,0.0,0.0,20912.791,78.0,1.0,1.8178592,1.0,0,0,9
221.7878,54.0,54.0,5415.0,582.0,60.0,360.49918,188.77245,101.7462,1223.952,163.9984,3.0,1.1111112,3.0,0,0,9
882.5,54.0,54.0,17222.965,1292.77,60.0,421.51965,604.519,646.6937,14803.267,294.36258,24.0,2.0,3.0,3,0,9
625.6515,54.0,54.0,5295.0,89.37086,60.0,86.0,173.17639,25.766495,55038.56,86.0,11.0,1.2857143,2.0,3,0,9
102.27757,54.0,54.0,205.0,89.0,60.0,74.333336,100.70681,0.0,7306.8936,74.0,7.0,1.1637192,2.0,0,0,9
214.02553,54.0,54.0,438.38034,86.0,74.0,73.99725,0.0,0.0,14634.599,78.0,0.0,1.0,2.0,0,0,9
143.77057,54.0,54.0,180.0,67.0,101.23698,63.0,0.0,0.0,17437.926,66.0,0.0,1.2374163,0.0,0,0,9
639.5,54.0,54.0,7322.0703,170.0,135.0,80.333336,190.96109,78.8579,9660.242,144.16667,7.0,2.090909,2.0,0,0,9
66.271034,54.0,54.0,164.34656,85.58618,60.0,85.19231,0.0,0.0,938.30676,77.20546,0.0,0.75,2.0,0,0,9
130.12836,54.0,54.0,180.0,177.45113,60.0,193.56755,8.485281,0.0,14264.991,80.0,2.0,0.5,3.0,0,0,9
136.98207,54.0,54.0,711.58875,1473.9998,0.0,826.82556,112.22202,421.7601,510.06454,197.55556,0.0,0.33333334,19.0,0,0,9
213.5,54.0,54.0,2560.0,571.0,60.0,513.3333,8.485281,29.589287,2709.8718,180.80345,0.0,0.5,4.0,0,0,9
60.0,60.0,54.0,54.0,77.0,54.0,63.42857,0.0,0.0,3585.7356,55.0,2.0,0.8888889,1.0,0,2,9
54.0,71.0,54.854706,0.0,162.48413,0.0,161.00945,0.0,0.0,132.32281,78.0,0.0,0.0,2.0,0,0,9
136.86101,54.0,75.0,222.81711,343.27808,60.0,513.3333,0.0,0.0,1422.7638,174.48752,0.0,0.15434189,4.0,0,0,9
73.0,54.0,60.0,180.0,356.6142,54.0,466.34756,0.0,0.0,1834.891,99.568146,0.0,0.33333334,4.0,0,0,9
116.57515,54.0,54.0,236.58989,118.41961,60.0,86.0,0.0,0.0,1412.5549,85.0,0.0,1.0,2.0,0,0,9
60.0,67.5,54.0,0.0,165.0,0.0,165.368,0.0,0.0,51.094864,76.0,0.0,0.0,2.0,0,0,9
96.6967,54.0,54.0,2034.6372,1472.242,60.0,270.9929,596.26776,34.16019,161.11221,98.260895,24.029053,1.2218181,3.0,3,0,9
398.87418,54.0,54.0,4466.718,1514.0,54.0,499.57144,921.58093,610.91797,26280.875,85.93817,306.5689,1.0189838,3.0,5,3,9
182.0,54.0,54.0,4277.7256,1514.0,60.0,419.28534,845.1635,588.3174,7248.876,86.0,258.57452,1.2222222,3.0,5,2,9
118.578415,54.0,54.0,139.0,75.0,71.484245,63.42857,0.0,0.0,13098.972,66.0,3.0,1.2612544,0.0,0,2,9
593.0086,54.0,54.0,5729.0,617.0,54.0,803.1912,0.0,584.30676,5332.4155,352.67053,0.0,0.33333334,8.0,0,0,9
596.2241,54.0,54.0,5295.0,703.0,60.0,513.3333,248.03764,593.9716,16658.184,153.5828,8.0,0.75,4.0,0,0,9
60.0,66.0,65.91018,0.0,86.0,54.0,86.0,0.0,0.0,1692.0034,74.0,0.0,0.33333334,2.0,0,0,9
60.0,66.0,66.0,54.0,76.0,54.0,80.0,0.0,0.0,429.48932,66.0,0.0,0.5,2.0,0,0,9
981.0,54.0,54.0,20977.777,1481.716,60.0,527.78735,581.8554,659.75244,14522.733,522.97736,12.0,1.6923077,4.0,3,0,9
54.0,54.0,60.0,120.0,593.0,54.0,442.40405,12.0,0.0,46.877365,86.0,0.0,0.33333334,4.0,0,0,9
173.8106,54.0,54.0,392.10498,109.184,60.0,120.53641,0.0,0.0,7792.1343,86.0,0.0,0.75,3.0,0,0,9
60.0,86.0,66.0,54.0,86.0,60.0,86.0,0.0,0.0,17039.148,76.69788,0.0,0.13983451,2.0,0,0,9
0.0,60.0,66.0,0.0,571.0,0.0,394.63156,8.485281,0.0,91.76646,86.0,2.0,0.0,4.0,0,1,9
86.0,54.0,54.0,138.91356,78.0,60.0,63.42857,12.0,0.0,5770.2446,66.0,7.0,1.2857143,0.0,0,2,9
60.0,67.72306,66.0,0.0,86.0,54.0,89.0,0.0,0.0,216.04689,78.0,0.0,0.33333334,2.0,0,0,9
288.764,54.0,54.0,5295.0,1514.0,0.0,877.9545,168.22154,597.5713,2251.5396,269.8857,0.0,0.33333334,25.0,0,0,9
182.0,54.0,60.0,203.7615,86.0,60.0,86.0,0.0,0.0,18468.785,78.0,0.0,0.5,2.0,0,0,9
60.0,54.0,54.0,70.12896,301.23138,60.0,86.0,171.38611,0.0,4210.7485,66.0,11.607609,0.6666667,2.0,0,2,9
94.12751,87.07947,75.0,120.0,94.0,60.0,102.15775,0.0,0.0,14264.303,80.53925,0.0,0.031184709,2.0,0,0,9
1058.3391,54.0,54.0,37684.05,1771.353,60.0,746.03973,949.13666,695.8023,31754.24,577.1283,92.93527,1.8187352,4.0,4,0,9
1011.41364,54.0,54.0,16670.777,571.0,60.0,322.97366,431.81476,642.4825,63504.18,250.3662,16.0,1.8595672,2.0,3,0,9
924.22864,54.0,54.0,15998.276,571.0,85.0,168.3171,200.8639,615.96185,19918.139,308.80832,7.0,1.9945321,2.0,0,0,9
60.0,54.0,54.0,70.66632,346.0,60.0,80.85714,222.5764,0.0,6524.629,66.0,28.0,0.831778,2.0,3,3,9
68.333336,54.0,54.0,182.0,1514.0,54.0,549.1786,549.25793,29.921629,388.01636,86.0,18.0,0.5,5.0,0,0,9
374.31216,54.0,54.0,5295.0,571.0,60.0,513.3333,8.485281,142.47508,4272.9478,202.18959,0.0,0.5,4.0,0,0,9
0.0,79.0,62.0,0.0,345.0,0.0,162.72218,0.0,0.0,71.97389,94.72647,0.0,0.0,4.0,0,0,9
60.0,63.42857,54.0,0.0,106.0,0.0,165.0,0.0,0.0,87.40841,66.0,0.0,0.33333334,1.0,0,1,9
113.81828,62.4,66.0,54.0,66.0,54.0,86.0,0.0,0.0,310.31104,66.0,0.0,0.8,0.0,0,0,9
219.1714,54.0,54.0,5295.0,1514.0,60.0,463.84003,1258.1002,606.9614,7808.3013,86.0,308.60535,1.2307693,3.0,5,2,9
470.04794,54.0,54.0,6882.1567,1535.836,60.0,513.3333,775.61523,621.4141,3382.5103,157.44444,74.88606,1.2222222,4.0,3,0,9
54.0,54.0,66.0,0.0,345.0201,0.0,130.66667,8.485281,0.0,939.4351,75.0,3.0,0.0,3.0,0,2,9
60.0,83.95752,72.0,54.0,94.0,54.0,94.62982,0.0,0.0,284.32327,77.0,0.0,0.31026316,3.0,0,0,9
153.67142,54.0,54.0,625.63605,1292.0,60.0,258.60876,637.24457,316.8066,10253.041,76.67046,136.38884,1.0909091,3.0,4,2,9
1057.1814,54.0,54.0,35037.027,1545.5183,60.0,882.62787,597.41,690.49115,18387.834,1256.7886,9.539794,1.2,7.0,0,0,9
849.8571,54.0,54.0,17854.275,2012.5161,60.0,547.6352,1272.4608,659.75244,4201.1387,321.83694,118.91083,2.0,4.0,4,0,9
882.5,54.0,54.0,9683.9375,1344.0793,60.0,513.3333,596.44995,652.0269,41521.56,219.41957,31.482168,1.2222222,3.0,3,0,9
60.0,54.0,55.0,0.0,86.0,0.0,67.875,8.485281,0.0,407.39288,60.0,6.0,0.5,2.0,0,2,9
96.0,54.0,60.0,180.0,348.2243,54.0,454.18097,0.0,0.0,3964.7686,109.085884,0.0,0.33333334,4.0,0,0,9
116.49618,61.166668,54.0,54.0,66.56581,54.0,66.0,0.0,0.0,4921.997,60.0,1.0,1.1111112,0.0,0,2,9
121.51243,54.0,54.0,182.0,571.0,60.0,125.86904,534.2699,0.0,17546.389,71.0,99.25696,1.0,2.0,4,3,9
79.36117,75.0,74.0,136.49724,78.0,60.0,85.333336,0.0,0.0,8757.9,75.97525,0.0,0.5,2.0,0,0,9
882.5,54.0,54.0,13898.916,582.6716,60.0,340.93622,452.56036,629.8013,23079.912,241.04381,15.0,1.8333334,3.0,3,0,9
692.7273,54.0,54.0,7156.0815,571.0,60.0,513.3333,82.880684,593.6384,14245.488,253.54393,1.0,0.9761089,3.0,0,0,9
60.0,67.5,66.0,54.0,76.0,60.0,75.0,0.0,0.0,11497.936,66.0,0.0,0.5,2.0,0,2,9
139.0,54.0,54.0,180.0,86.20038,60.0,132.4873,0.0,0.0,18351.775,76.666664,2.0,0.5,2.9769626,0,0,9
60.0,54.0,54.0,96.0,571.0,54.0,322.65463,78.01013,0.0,1693.0321,72.0,4.0,0.33333334,3.0,0,0,9
60.0,69.0,54.5,0.0,86.0,0.0,86.0,0.0,0.0,114.74307,78.0,0.0,0.0002769698,2.0,0,1,9
110.46672,85.0,75.0,146.0,80.0,60.0,86.0,0.0,0.0,13902.247,79.0,0.0,0.33333334,2.0,0,0,9
619.1022,54.0,54.0,6021.835,138.72162,102.64772,79.630806,8.485281,0.0,15969.729,86.0,2.0,1.5,2.0,0,0,9
284.11285,54.0,54.0,5295.0,144.16667,60.0,107.25,0.0,0.0,4758.2837,101.0,0.0,1.1,2.0,0,0,9
1026.5228,54.0,54.0,22184.082,1514.0,60.0,663.11035,664.5681,685.49097,18448.877,499.0108,26.0,1.5603508,4.0,3,0,9
86.03591,54.0,60.0,180.0,86.0,60.0,146.16667,0.0,0.0,4875.745,86.0,0.0,0.5,3.0,0,0,9
54.0,54.0,54.0,91.0,1078.0,54.0,159.00781,538.3907,0.0,401.0545,66.0,47.961308,0.6666667,3.0,3,2,9
74.0,69.0,75.0,146.93279,86.0,60.0,122.41127,0.0,0.0,4375.535,78.0,0.0,0.33333334,3.0,0,0,9
0.0,54.0,69.0,0.0,667.6296,0.0,468.6862,12.0,0.0,43.511314,79.0,2.0,0.0,5.0,0,0,9
60.0,67.5,64.66685,0.0,94.0,0.0,109.850815,0.0,0.0,198.50758,75.0,0.0,0.32216263,2.0,0,0,9
608.12714,54.0,54.0,6815.314,1477.2793,54.0,751.86896,266.49362,615.6893,6495.875,260.62958,5.0,0.6,6.0,0,0,9
528.16925,54.0,54.0,7813.1665,1729.1033,60.0,461.4751,1148.1815,625.2165,1105.2136,167.38872,143.79724,2.0,3.0,4,0,9
507.057,60.0,54.0,1617.0,135.41261,113.63364,69.0,0.0,0.0,17658.408,69.0,0.0,1.0,2.0,0,0,9
73.0,54.0,54.0,180.0,78.0,60.0,74.0,0.0,0.0,3139.2087,77.0,0.0,0.75,2.0,0,0,9
635.1965,54.0,54.0,7064.826,1474.0,54.0,860.781,157.45044,621.6498,4208.9453,435.84988,0.0,0.5,15.215632,0,0,9
54.0,66.46154,66.0,0.0,121.0,0.0,91.333336,0.0,0.0,87.36439,76.0,0.0,0.1651735,3.0,0,0,9
68.333336,54.0,60.0,180.0,1034.296,0.0,702.95374,11.732078,0.0,161.38467,142.32172,0.0,0.0,10.0,0,0,9
102.0,54.0,60.0,139.0,165.0,54.0,362.82993,8.374806,0.0,21732.77,74.0,3.0,0.33333334,3.0,0,0,9
531.20685,54.0,54.0,5696.0,424.6529,60.0,423.24124,6.982589,98.00348,4914.618,206.86424,0.0,0.75,3.0,0,0,9
68.333336,77.0,72.0,85.304825,78.0,60.0,81.09575,0.0,0.0,7799.539,76.0,0.0,0.33333334,2.0,0,0,9
66.0,69.0,69.0,120.0,86.0,60.0,92.73079,0.0,0.0,1291.2249,85.65004,0.0,0.5,2.0,0,0,9
149.04128,54.0,54.0,687.22723,571.0,60.0,130.68112,190.96109,0.0,6488.25,86.0,9.0,1.0,3.0,0,0,9
117.62066,54.0,54.0,302.4236,1514.0,54.0,453.6568,800.3326,484.33752,6861.1504,76.0,261.0,1.0,3.0,5,3,9
222.59676,54.0,54.0,222.45395,86.0,60.0,96.333336,24.721949,0.0,43614.99,75.975876,8.0,1.0,2.0,0,0,9
60.0,63.42857,54.0,0.0,75.0,0.0,86.0,0.0,0.0,1499.9159,69.0,2.0,0.5,0.0,0,3,9
82.39765,54.0,54.0,180.0,593.0,54.0,394.2963,295.31583,0.0,7807.645,74.0,18.0,0.5,3.0,3,1,9
167.07658,54.0,54.0,581.60016,1292.0,54.0,573.24097,236.33377,439.06766,7013.064,134.26895,8.0,0.5,4.0,0,0,9
159.59387,75.0,78.0,220.6563,160.61389,60.0,244.44962,0.0,0.0,4209.7905,85.91177,0.0,0.33333334,3.0,0,0,9
171.0,54.0,54.0,288.7388,86.0,60.0,80.85714,12.0,0.0,15570.847,77.0,4.0,1.0949391,2.0,0,0,9
156.04558,54.0,54.0,614.7139,1468.426,54.0,387.50098,780.5569,509.12744,15019.852,75.0,289.09177,1.1,3.0,5,3,9
755.05695,54.0,54.0,7172.19,973.8021,54.0,825.27686,83.49845,623.80707,15132.988,359.8211,0.0,0.5,6.0,0,0,9
60.0,66.0,66.0,30.333256,78.0,54.0,86.0,0.0,0.0,3326.9036,69.0,0.0,0.5,1.0,0,0,9
60.0,67.5,54.0,0.0,78.0,0.0,78.0,0.0,0.0,410.28513,75.0,2.0,0.33333334,2.0,0,3,9
886.1403,54.0,54.0,21767.568,1814.173,60.0,639.9185,953.23254,686.41113,8415.276,440.45682,73.94833,1.978276,4.0,4,0,9
981.0552,54.0,54.0,20647.424,1514.0,60.0,712.4759,596.9076,674.9573,15048.524,577.3531,12.0,1.3229579,4.0,3,0,9
1030.3184,54.0,54.0,23719.424,1514.0,60.0,627.32733,608.0948,680.10693,17125.367,577.56085,15.527072,1.6757958,4.0,3,0,9
779.3477,54.0,54.0,7848.0,483.71332,86.0,96.333336,311.10812,577.37476,18306.389,149.28572,14.0,2.061675,2.0,3,0,9
73.0,54.0,54.0,222.0,1514.0,60.0,171.19153,1060.6604,37.192997,2119.2988,72.0,304.95056,1.2307693,3.0,5,3,9
675.54285,54.0,54.0,5295.0,121.0,60.0,187.97,51.47716,379.4455,122733.734,114.88646,7.0,0.8333333,2.0,0,0,9
577.13135,54.0,54.0,5295.0,350.0,60.0,371.46158,80.92365,184.1214,17878.1,144.16667,3.0,0.8333333,3.0,0,0,9
972.53876,54.0,54.0,13925.039,1514.0,60.0,654.2366,746.5518,675.17126,81115.61,234.08562,129.73701,1.2222222,3.0,5,0,9
160.0,54.0,54.0,303.6276,118.31977,60.0,126.178154,0.0,0.0,6712.669,86.0,0.0,0.72052294,3.0,0,0,9
594.9521,54.0,54.0,7658.3667,1807.0,60.0,701.22833,717.3184,637.9731,2509.7827,243.86092,27.083807,1.1428572,5.0,3,0,9
597.0731,54.0,54.0,7677.643,1629.4998,60.0,681.5024,667.44086,633.81134,2207.854,251.17755,24.0,1.2,5.0,3,0,9
60.0,67.5,72.00465,102.0,76.0,60.0,85.0,0.0,0.0,300.23196,75.0,0.0,0.5,2.0,0,0,9
60.0,80.333336,76.0,119.54659,78.0,60.0,81.0,0.0,0.0,2185.8525,77.0,0.0,0.5,2.0,0,0,9
204.68488,54.0,54.0,5295.0,295.96844,85.0,86.0,125.37786,0.0,2913.4067,126.21188,3.0,1.5,2.0,0,0,9
882.5,54.0,54.0,9197.35,188.81943,181.0,67.71389,0.0,14.61354,45637.023,78.0,0.0,2.0,1.0,0,0,9
74.0,66.88475,72.0,54.0,75.0,54.0,86.0,0.0,0.0,52.614872,75.0,0.0,0.5,2.0,0,0,9
680.277,54.0,54.0,10612.987,1477.5409,60.0,428.33615,625.174,625.4189,4583.5386,236.16429,24.0,1.8333334,3.0,3,0,9
60.0,63.42857,55.0,0.0,77.0,54.0,86.60751,0.0,0.0,6662.375,66.0,0.0,0.5,0.0,0,1,9
319.6306,54.0,54.0,1467.6919,91.002884,129.59921,67.5,0.0,0.0,14268.554,75.0,0.0,1.2,1.0,0,0,9
139.0,66.235985,60.0,180.0,78.0,113.627235,80.0,0.0,0.0,14279.025,66.0,0.0,0.80433947,1.0,0,0,9
69.0,63.330227,57.719765,0.0,71.0,54.0,79.0,0.0,0.0,1179.0626,60.0,0.0,0.75,0.0,0,1,9
537.88007,54.0,54.0,7505.454,1478.151,60.0,428.42523,595.03754,599.6305,1536.4513,189.37793,15.0,1.4785249,3.0,3,0,9
123.0,54.0,54.0,54.0,69.0,54.0,60.58571,5.360072,0.0,9456.217,54.0,11.0,1.3333334,0.0,3,3,9
60.0,54.0,60.0,120.0,84.63481,60.0,86.0,0.0,0.0,976.8197,72.0,0.0,0.5,2.0,0,0,9
68.333336,60.0,76.0,160.0,122.73704,60.0,338.70453,0.0,0.0,259.66162,101.0,0.0,0.33333334,4.0,0,0,9
180.71559,54.0,66.829445,710.70355,571.0,54.0,690.4199,0.0,11.785113,2231.6572,230.02098,0.0,0.12606545,6.0,0,0,9
54.0,74.0,55.0,0.0,160.30254,0.0,129.0,0.0,0.0,1290.9135,76.514755,0.0,0.0,2.0,0,0,9
223.0,54.0,54.0,703.4578,86.0,111.69553,67.5,0.0,0.0,15047.754,78.0,0.0,1.2,1.0,0,0,9
60.0,54.0,54.0,191.50728,341.49734,60.0,74.20561,109.66598,0.0,86.95883,77.0,3.0,1.2222222,2.0,0,0,9
68.333336,54.0,54.0,145.0,85.0,60.0,67.5,90.45242,0.0,9267.31,66.0,10.0,1.1748105,1.0,0,2,9
60.0,66.0,66.0,0.0,119.0,0.0,165.19756,0.0,0.0,196.78223,66.0,0.0,0.33333334,2.0,0,0,9
60.0,67.5,54.5,0.0,86.0,0.0,86.0,0.0,0.0,772.7768,77.0,0.0,0.33333334,2.0,0,2,9
140.02596,75.0,78.0,180.0,115.39019,60.0,132.60074,0.0,0.0,9936.753,79.0,0.0,0.33333334,3.0,0,0,9
882.5,54.0,54.0,7703.0,1064.2539,60.0,521.6533,466.3089,640.52637,55701.977,189.25,20.049486,1.0,3.0,3,0,9
618.56885,54.0,54.0,5949.0,620.38226,54.0,792.6668,8.485281,593.6384,7446.04,319.5309,0.0,0.33333334,6.7655473,0,0,9
136.33125,54.0,54.0,2437.6162,1482.5581,60.0,265.2924,710.46423,408.46234,2457.5466,86.0,98.13868,1.2289466,3.0,3,1,9
60.0,76.0,75.0,60.0,78.0,54.0,85.384926,0.0,0.0,64.4753,75.0,0.0,0.5,3.0,0,0,9
67.944115,54.0,54.0,120.0,78.0,60.0,66.0,14.273559,0.0,15331.372,66.0,11.0,1.1111112,0.0,3,3,9
1032.8132,54.0,54.0,23680.438,1514.0,60.0,738.2132,634.51245,689.772,17437.951,653.2675,17.0,1.3620797,4.0,3,0,9
160.0,62.4,54.0,82.94054,75.0,54.0,65.97516,0.0,0.0,78.66153,66.0,0.0,1.2222222,0.0,0,0,9
91.0,71.0,66.0,160.0,90.02807,60.0,101.0,0.0,0.0,4386.887,86.0,0.0,0.5,2.0,0,0,9
60.0,85.75798,72.0,54.0,86.0,54.0,86.0,0.0,0.0,87.636765,78.0,0.0,0.33333334,3.0,0,0,9
69.0,54.0,54.0,180.0,354.0,60.0,67.5,404.4527,0.0,654.9006,69.5461,28.244778,1.75,2.0,3,2,9
60.0,54.0,54.0,120.0,86.0,60.0,86.0,0.0,0.0,3442.5884,72.0,1.0,0.5,2.0,0,0,9
14.540565,54.0,66.0,0.0,571.0,0.0,451.43564,3.1454606,0.0,125.70215,86.0,1.0,0.0,4.0,0,0,9
569.6,54.0,54.0,5295.0,350.25568,60.0,87.18142,434.83585,142.12692,39477.08,80.0,47.250965,1.4822116,2.0,4,2,9
932.56665,54.0,54.0,18429.877,1514.0,60.0,513.3333,760.1495,662.0506,22047.299,314.63553,75.300026,1.7811605,3.0,4,0,9
882.5,54.0,54.0,12749.999,712.35144,60.0,408.69928,428.13077,624.7894,9990.583,277.20908,9.0,1.7429985,3.0,0,0,9
956.68964,54.0,54.0,15335.833,347.03763,85.0,177.62541,47.639442,609.2125,26203.723,283.83777,2.0,1.5853943,2.0,0,0,9
171.0,54.0,54.0,2318.9087,1476.965,60.0,415.64206,709.1007,551.01825,7201.4146,86.0,130.16716,1.1295661,3.0,4,1,9
60.0,75.0,79.0,120.0,86.0,60.0,125.38938,0.0,0.0,98.87328,86.0,0.0,0.33333334,3.0,0,0,9
122.42194,54.0,54.0,135.0,71.93828,60.0,66.0,0.0,0.0,68157.59,66.0,3.0,1.0,0.0,0,2,9
203.27908,54.0,54.0,5295.0,1032.1112,60.0,461.284,269.63266,407.21246,3011.6692,144.16667,8.0,1.0,3.793858,0,0,9
921.35956,54.0,54.0,20478.629,1514.0,60.0,521.3086,719.02765,660.72906,11644.595,408.4026,33.00931,1.8558127,4.0,3,0,9
836.42554,54.0,54.0,7321.6445,190.71815,60.0,134.88202,8.485281,464.03067,21232.32,121.0,1.0,1.2142857,2.0,0,0,9
882.5,54.0,54.0,7703.0,571.0,60.0,158.85002,515.0847,615.6893,79558.61,144.16667,47.518456,1.6923077,2.0,4,0,9
119.18432,54.0,54.0,568.1366,240.0392,71.0,71.99772,190.96109,0.0,3388.7197,77.00193,9.0,1.4698602,2.0,0,0,9
54.0,54.0,54.0,85.22058,574.16364,54.0,165.0,190.96109,0.0,216.07172,71.21818,8.0,0.5,3.0,0,0,9
60.0,67.875,55.0,0.0,101.0,0.0,99.657875,0.0,0.0,1949.7356,78.0,0.0,0.0,2.0,0,1,9
569.6,54.0,54.0,5295.0,348.0,60.0,107.52856,225.7496,99.73591,29034.615,86.0,15.0,1.2222222,2.0,3,0,9
140.5003,54.0,54.0,685.84546,1514.0,54.0,626.0757,620.6734,581.0313,5418.448,98.228325,44.726593,0.5,4.0,3,0,9
66.384674,69.0,75.0,122.0,77.0,60.0,85.0,0.0,0.0,2202.898,75.0,0.0,0.5,2.0,0,0,9
183.56271,86.0,69.0,222.0,144.16667,60.0,86.0,0.0,0.0,8636.115,78.0,0.0,0.5,2.0,0,0,9
342.0,54.0,54.0,4958.2256,1404.8267,0.0,880.75055,26.403875,593.6384,3605.974,277.77423,0.0,0.1376401,24.589695,0,0,9
982.67004,54.0,54.0,20360.598,1779.6234,60.0,785.82367,800.8732,690.4571,21267.27,412.31094,67.685,1.32192,4.0,4,0,9
653.60443,54.0,54.0,5295.0,86.0,60.0,80.333336,81.484116,11.785113,112757.914,82.0,8.0,1.2857143,1.0,3,0,9
704.0847,54.0,54.0,8423.965,1474.0,60.0,682.387,323.2795,630.13666,6260.2124,355.33795,6.0,1.0,4.0,0,0,9
849.8571,54.0,54.0,7172.6074,157.44444,128.8328,80.32179,0.0,11.785113,40822.64,78.0,0.0,1.3653797,2.0,0,0,9
60.0,54.0,54.0,120.0,618.0,54.0,207.2993,388.134,0.0,3744.1343,69.50421,27.0,0.5,3.0,3,2,9
71.38469,54.0,54.0,180.08568,704.37115,60.0,399.346,253.9703,0.0,1265.3357,82.20282,9.0,0.6,3.0,0,0,9
125.05155,54.0,54.0,222.0,571.0,60.0,218.17012,260.39185,0.0,7067.983,80.0,12.0,0.8333333,3.0,0,0,9
85.0,60.0,54.0,54.0,69.0,54.0,61.558037,0.0,0.0,6855.089,54.5,3.0,1.0,0.0,0,3,9
85.0,54.0,54.0,121.52358,78.0,64.32294,63.42857,140.34442,0.0,9239.51,66.0,17.0,1.3333334,0.0,3,3,9
69.0,54.0,54.0,60.0,78.0,54.385235,66.0,0.0,0.0,1275.6136,66.0,1.7636564,1.0,1.0,0,0,9
74.0,86.0,78.0,118.9923,94.0,60.0,124.1691,0.0,0.0,7923.3784,82.0,0.0,0.0,3.0,0,0,9
175.58124,54.0,54.0,5295.0,1292.0,60.0,165.0,623.1975,396.1788,4210.607,88.73813,56.469685,1.3333334,3.0,3,0,9
882.5,54.0,54.0,13969.247,1514.0,60.0,756.1218,600.9867,659.75244,8841.131,409.10428,12.727791,1.2,5.0,3,0,9
102.0,54.0,54.0,174.79945,78.0,60.0,67.5,0.0,0.0,17914.697,70.0,2.0,1.0,1.0,0,0,9
625.1211,54.0,54.0,7635.7266,617.0,60.0,117.71667,572.1851,584.6501,7528.4814,146.44951,27.0,2.007364,2.0,3,0,9
60.0,54.0,54.0,54.0,78.0,54.0,66.0,0.0,0.0,7532.7603,55.0,6.0,0.75,1.0,0,3,9
60.0,54.0,78.0,119.73634,571.0,0.0,513.3333,0.0,0.0,1290.3817,86.0,0.0,0.0,5.0,0,0,9
166.71243,54.0,54.0,3853.1396,1078.0,60.0,123.64896,674.5539,253.2879,6040.0635,81.0,147.02182,1.5,2.0,4,2,9
342.59827,54.0,54.0,4529.1807,86.0,96.0,67.875,107.80692,0.0,15190.756,86.0,7.0,1.6666666,1.0,0,0,9
60.0,66.0,66.0,0.0,165.0,0.0,187.97145,0.0,0.0,1155.8253,66.0,0.0,0.0,2.0,0,0,9
569.07513,54.0,54.0,6895.057,1483.5116,60.0,483.52298,603.8066,609.2125,5276.473,161.79193,26.0,1.2222222,3.0,3,0,9
1056.9408,54.0,54.0,23769.064,698.0,60.0,479.18326,468.4295,659.75244,50756.285,444.6037,12.0,1.9062992,3.0,3,0,9
882.5,54.0,54.0,7848.0,223.76312,71.0,129.13406,8.485281,558.9409,39510.215,86.0,1.0,1.2703172,2.0,0,0,9
85.0,63.42857,66.0,54.0,69.0,54.0,86.0,0.0,0.0,115.83988,69.0,0.0,0.7277161,1.0,0,0,9
336.9956,54.0,54.0,2189.3025,571.0,60.0,400.08075,106.201126,37.365414,12312.805,137.1236,3.0,0.75,3.0,0,0,9
1051.0284,54.0,54.0,23729.273,1160.8391,60.0,513.3333,468.7279,660.5508,31718.43,547.2021,10.0,1.7107142,3.0,3,0,9
882.5,54.0,54.0,12664.398,1146.518,60.0,571.1372,256.95822,641.5303,13834.959,408.42596,5.0,1.1111112,4.0,0,0,9
60.0,54.0,54.0,160.0,582.0,60.0,96.333336,555.3186,0.0,2406.2065,69.0,74.01722,1.0769231,2.0,3,3,9
54.0,74.0,66.0,0.0,151.0,0.0,98.72828,0.0,0.0,67.1332,86.0,0.0,0.0,3.0,0,0,9
267.59738,75.0,71.0,635.943,155.70985,60.0,103.77984,0.0,0.0,7701.3413,77.0,0.0,0.5,2.0,0,0,9
1063.5944,54.0,54.0,37524.28,1086.5377,60.0,469.3958,594.08453,672.40497,34575.227,510.62286,17.0,2.1247675,3.0,3,0,9
1194.865,54.0,54.0,64378.586,1831.1781,60.0,832.7734,937.4935,984.5544,49832.055,1246.0867,62.42476,1.8888888,4.0,4,0,9
74.0,54.0,54.0,180.0,571.0,54.0,382.2967,113.881485,0.0,4390.5425,79.504555,5.0,0.5,3.0,0,0,9
142.94423,76.0,71.0,180.0,86.0,60.0,84.83937,0.0,0.0,15856.47,75.0,0.0,0.5,2.0,0,0,9
882.5,54.0,54.0,12744.054,1514.0,60.0,793.29126,459.42273,659.75244,11805.636,449.73734,8.0,1.0,5.0,0,0,9
73.0,54.0,54.0,180.0,101.0,60.0,69.0,131.62636,0.0,3849.339,72.0,8.0,1.2208604,2.0,0,0,9
73.0,54.0,54.0,222.0,1291.4596,60.0,199.11249,485.1883,0.0,507.82184,81.2944,21.0,1.0,3.0,3,0,9
60.0,61.166668,54.0,0.0,74.0,0.0,78.0,0.0,0.0,1669.7963,60.0,4.0,0.75,0.0,0,3,9
1007.28174,54.0,54.0,9811.278,144.16667,212.75443,65.45143,0.0,14.103479,291778.5,69.0,2.0,2.3333333,0.0,0,0,9
60.0,54.0,54.0,54.0,124.717,54.0,67.5,204.27565,0.0,5352.48,60.0,33.2039,1.0,2.0,3,3,9
1029.5632,54.0,54.0,24395.908,1514.0,60.0,662.8641,593.5447,676.9689,15420.282,722.56366,11.0,1.5196433,4.0,3,0,9
1011.2244,54.0,54.0,20671.264,1624.3928,60.0,727.0217,928.156,690.4571,27791.191,367.89008,109.82445,1.5,4.0,5,0,9
183.83545,60.0,60.0,461.96002,138.458,85.0,77.0,0.0,0.0,6710.7876,76.0,0.0,0.8,2.0,0,0,9
85.0,54.0,54.0,69.0,78.0,60.0,63.42857,15.089135,0.0,6101.412,60.0,11.0,1.2727273,0.0,3,3,9
276.5633,54.0,54.0,5415.0,484.0,64.383224,96.333336,190.91466,5.779498,3603.0764,138.737,6.0,1.4945676,2.0,0,0,9
625.245,54.0,54.0,5295.0,205.64392,60.0,112.333336,207.04309,258.95593,75839.914,86.0,18.0,1.2,2.0,3,1,9
60.0,67.5,74.0,117.7621,75.0,60.0,85.0,0.0,0.0,1293.3517,75.0,0.0,0.5,2.0,0,0,9
957.1222,54.0,54.0,12494.847,1403.196,60.0,589.7368,604.71246,659.75244,77923.34,246.27174,38.625275,1.2,3.0,3,0,9
603.1667,54.0,54.0,6597.0,617.0,60.0,454.02206,248.82892,584.7193,9538.876,165.0,8.0,1.0,3.0,0,0,9
599.8159,54.0,54.0,5958.685,351.0,60.0,468.94778,0.0,277.11893,7235.9966,235.80621,0.0,0.75,3.0,0,0,9
83.08163,63.42857,54.0,60.0,74.39761,60.0,69.0,0.0,0.0,3601.4854,66.0,0.0,1.0,1.0,0,0,9
124.2482,54.0,54.0,154.0,78.0,60.0,71.0,8.485281,0.0,49849.984,66.0,8.0,0.8,1.0,1,2,9
178.24294,54.0,54.0,205.0,85.0,60.0,87.61567,0.0,0.0,19763.912,78.0,2.0,0.7551897,2.0,0,0,9
60.0,67.0,75.0,54.0,121.0,54.0,114.27438,0.0,0.0,46.87493,75.02819,0.0,0.33333334,3.0,0,0,9
60.0,54.0,54.0,54.0,78.0,54.0,63.42857,12.0,0.0,6848.788,54.5,11.0,1.0,0.0,3,3,9
54.0,66.0,66.0,0.0,89.0,54.0,109.3317,0.0,0.0,1570.8951,77.0,0.003067106,0.03425945,3.0,0,0,9
129.7365,54.0,54.0,618.008,348.0,60.0,104.0,84.43901,0.0,2497.2122,91.01157,2.0,1.0769231,3.0,0,0,9
687.9367,54.0,54.0,6841.599,348.49896,60.0,513.3333,0.0,516.5217,10774.075,348.0,0.0,0.5,4.0,0,0,9
85.0,67.5,60.0,158.76997,86.0,64.333336,75.0,0.0,0.0,191.50607,77.0,0.0,0.75,2.0,0,0,9
139.0,54.0,60.0,456.43893,371.74603,60.0,480.4038,0.0,0.0,1174.3019,165.0,0.0,0.45218453,4.0,0,0,9
935.6237,54.0,54.0,20582.816,1514.0,60.0,785.40607,603.3205,675.63446,9177.988,725.0896,11.0,1.2520214,5.0,0,0,9
69.0,71.0,74.0,146.21043,86.0,60.0,86.0,0.0,0.0,1397.6467,80.0,0.0,0.5,2.0,0,0,9
945.3883,54.0,54.0,18873.543,1514.0,60.0,533.0039,770.66754,673.77637,21257.312,320.43658,74.79644,1.75,3.0,4,0,9
483.517,54.0,54.0,5295.0,155.71315,60.0,131.95238,0.0,0.0,7157.321,97.0,0.0,1.0,3.0,0,0,9
60.0,67.5,66.0,54.0,90.0,54.0,106.0,0.0,0.0,3529.1433,67.0,0.0,0.33333334,2.0,0,0,9
60.0,69.0,66.0,54.0,106.0,60.0,119.0,0.0,0.0,7716.2383,72.0,0.0,0.33333334,2.0,0,0,9
60.0,66.0,66.0,0.0,119.0,54.0,167.0,0.0,0.0,4640.3887,66.0,0.0,0.33333334,1.0,0,0,9
463.64914,54.0,54.0,5979.151,969.2092,60.0,451.61465,300.68057,562.548,4493.2305,158.59814,8.0,1.1,3.0,0,0,9
549.84424,54.0,54.0,3889.9802,165.0,60.0,246.49258,0.0,0.0,12767.241,86.0,0.0,0.5,3.0,0,0,9
882.5,54.0,54.0,11706.803,1404.6455,60.0,431.52484,680.5933,643.1177,18246.531,191.85063,64.992455,1.8229216,3.0,4,0,9
139.25932,54.0,54.0,191.41548,78.0,60.0,67.875,0.0,0.0,17749.018,72.0,2.0,1.0,2.0,0,0,9
552.65454,54.0,54.0,5295.0,280.6461,60.0,312.72818,7.315564,17.766714,11095.912,156.53185,0.0,0.76056147,3.0,0,0,9
1132.534,54.0,54.0,52117.215,1514.0,60.0,777.6112,670.6481,730.3634,23908.713,1225.2161,19.0,1.75,4.0,3,0,9
729.7903,54.0,54.0,7238.0,209.86836,60.0,133.80377,0.5,299.81042,15548.495,101.0,0.0,1.2,2.0,0,0,9
117.60219,54.0,54.0,299.62076,87.74232,102.0,67.5,190.96109,0.0,6712.684,72.0,16.0,1.895894,1.0,3,2,9
467.8796,54.0,54.0,5701.1865,1514.0,60.0,431.45456,908.6868,609.33484,13824.317,92.0,263.7265,1.2816199,3.0,5,2,9
1028.6013,54.0,54.0,24232.416,1514.0,60.0,638.35474,743.5168,689.60724,17872.908,501.34744,39.765144,1.8182672,4.0,3,0,9
54.0,54.0,57.653065,54.0,1474.0,0.0,513.60693,269.58273,0.0,114.48588,70.0,11.0,0.0,6.0,0,0,9
622.09845,54.0,54.0,7176.6406,617.0,60.0,345.89682,302.54745,584.68756,6981.2134,168.96729,8.0,1.3035687,3.0,0,0,9
341.46106,54.0,54.0,5696.0,1514.0,60.0,421.5,722.2863,595.49817,7170.3003,122.52732,110.3482,1.25,3.0,4,0,9
319.32663,54.0,54.0,5729.0,345.0,102.01261,79.64108,190.96109,0.0,4400.7534,119.49304,8.0,1.9493115,2.0,0,0,9
844.9718,54.0,54.0,11605.936,1603.2289,60.0,522.91205,1148.5463,659.75244,13120.859,210.3074,225.10759,1.6437663,4.0,5,0,9
154.88145,54.0,54.0,232.82611,571.0,60.0,156.389,190.96109,0.0,13787.069,79.32536,10.0,0.8751022,3.0,0,0,9
1050.7856,54.0,54.0,24268.223,1514.0,60.0,705.325,717.5025,690.4571,36667.676,507.89737,37.0,1.5,4.0,3,0,9
820.3702,54.0,54.0,7040.809,163.75606,85.0,90.666664,0.0,41.64689,32152.371,85.0,0.0,1.2545124,2.0,0,0,9
60.0,66.0,54.0,0.0,165.0,0.0,179.0,0.0,0.0,3429.5754,66.0,0.0,0.0,2.0,0,1,9
60.0,67.5,69.5,54.0,79.0,54.0,86.0,0.0,0.0,64.09615,75.0,0.0,0.5,2.0,0,0,9
74.0,54.0,54.0,160.0,86.0,67.810844,66.0,190.96109,0.0,7080.713,66.0,26.0,1.5,0.0,3,3,9
338.39352,54.0,54.0,265.3534,86.0,60.0,171.0874,0.0,0.0,40900.574,86.0,2.0,0.5,3.0,0,0,9
882.5,54.0,54.0,9376.4,190.74582,142.68549,86.0,11.785113,421.55325,26864.312,86.0,2.0,2.0,2.0,0,0,9
139.0,58.60611,54.0,180.0,77.86745,60.0,67.5,0.0,0.0,14179.244,75.0,0.0,0.78599083,2.0,0,0,9
128.81413,54.0,54.0,1081.4269,582.0,60.0,92.333336,595.881,0.0,5149.366,76.0,73.04448,1.4466385,2.0,3,2,9
101.002426,86.0,77.0,160.0,86.0,60.0,96.333336,0.0,0.0,7800.3022,86.0,0.0,0.33333334,2.0,0,0,9
223.0,54.0,54.0,5995.341,1408.8274,60.0,163.73409,696.6827,550.96893,2580.0713,122.94011,75.45403,1.8,3.0,3,0,9
882.5,54.0,54.0,11738.441,348.0,99.0159,107.25,214.67982,597.2082,26408.81,190.76477,8.0,2.048982,2.0,3,0,9
676.875,54.0,54.0,5295.0,101.7756,60.0,88.530426,8.485281,12.5,82161.42,82.0,3.0,1.1428572,2.0,0,0,9
882.5,54.0,54.0,14166.553,1461.8401,60.0,823.903,233.1979,659.75244,15052.637,628.01215,2.0,1.0,6.0,0,0,9
135.0,54.0,54.0,2512.7224,1514.0,54.0,525.3011,605.83234,565.89545,772.7309,144.08058,24.0,1.0,4.0,3,0,9
703.5034,54.0,54.0,7180.7886,177.0,74.0,92.333336,190.72028,447.0849,26652.62,144.16667,8.0,1.7,2.0,3,0,9
458.13803,54.0,54.0,5295.0,115.71633,182.0,66.0,0.0,0.0,8418.299,75.0,0.0,1.8369532,0.0,0,0,9
69.0,54.0,54.0,131.73384,78.0,60.0,66.0,8.485281,0.0,14328.991,66.0,7.0,1.1111112,0.58879215,0,2,9
882.5,54.0,54.0,20844.787,2026.8185,60.0,687.88464,1223.618,686.32007,6459.063,436.20682,92.01449,2.0,4.0,4,0,9
942.47894,54.0,54.0,17167.645,1531.3947,60.0,812.4163,685.4083,686.94507,21279.615,408.46292,32.63802,1.2,4.0,3,0,9
480.60364,54.0,54.0,7062.055,1301.921,60.0,460.14172,352.59357,583.42993,944.694,225.32826,7.0,1.2222222,4.0,0,0,9
60.0,65.08274,66.0,0.0,114.0,0.0,165.35045,0.0,0.0,47.158222,67.601036,0.0,0.33333334,2.0,0,0,9
882.5,54.0,54.0,7233.0854,143.10089,123.0,72.331764,9.469283,64.85399,101957.13,78.0,4.0,1.7817415,1.0,0,0,9
54.0,86.0,72.0,54.0,95.24406,54.0,129.0,0.0,0.0,130.84985,86.0,0.0,0.0,3.0,0,0,9
614.8188,54.0,54.0,7848.0,1514.0,60.0,400.40256,670.1185,615.6893,3373.7595,179.97617,37.0,1.8789377,3.0,3,0,9
882.5,54.0,54.0,13723.387,974.19684,60.0,442.52856,393.74713,625.30664,7544.685,320.1915,8.0,1.6666666,3.0,0,0,9
1033.5266,54.0,54.0,20455.205,571.0,102.8204,141.06435,270.3959,632.8899,43684.746,318.14294,9.0,2.1297717,2.0,3,0,9
179.32104,54.0,54.0,358.48553,77.0,153.74097,63.42857,0.0,0.0,7251.988,74.0,0.0,1.6641026,0.0,0,0,9
651.40247,54.0,54.0,6705.449,571.0,60.0,509.58508,171.38611,591.6699,15669.566,189.2794,3.0,0.9301646,3.0,0,0,9
882.5,54.0,54.0,14271.48,1785.6802,60.0,629.9257,948.12555,659.75244,11015.328,274.04193,114.73586,1.5,4.0,4,0,9
981.0,54.0,54.0,15880.018,1514.0,60.0,703.3642,894.9196,688.4128,56811.996,263.94995,211.82292,1.2857143,4.0,5,0,9
60.0,63.42857,54.0,0.0,91.92659,0.0,129.0,0.0,0.0,932.61945,66.0,0.0,0.33333334,1.0,0,2,9
836.0364,54.0,54.0,8220.441,1460.1213,60.0,810.7159,190.96109,637.9331,7706.3745,451.46762,2.0,0.75,6.0,0,0,9
494.02106,54.0,54.0,5917.355,577.0,60.0,391.69394,207.58801,467.2981,6544.0215,153.55556,7.0,1.1004536,3.0,0,0,9
160.0,54.0,54.0,292.0,89.0,60.0,67.5,249.84322,0.0,20144.617,72.0,31.020996,1.5,1.0,3,3,9
653.0909,54.0,54.0,6938.7817,571.0,60.0,480.58185,12.0,564.9285,8431.32,259.46094,0.0,1.0,3.0,0,0,9
882.5,54.0,54.0,11120.389,1462.3206,60.0,812.295,206.78067,649.69904,9449.546,547.0428,2.0,0.8,6.0,0,0,9
156.0,54.0,54.0,1434.2943,1514.0,54.0,701.2711,425.7209,569.56604,3139.3308,144.16667,9.0,0.5,6.0,0,0,9
160.0,54.0,54.0,427.0,1070.6884,60.0,226.27534,658.43286,335.96112,16258.835,75.0,226.06693,1.079265,3.0,5,3,9
156.05511,66.0,60.0,248.77074,123.47917,85.0,74.32757,0.0,0.0,5280.999,75.3457,0.0,0.8,2.0,0,0,9
60.0,66.0,66.0,0.0,101.0,0.0,165.0,0.0,0.0,56.801876,67.0,0.0,0.33333334,2.0,0,0,9
97.627716,54.0,54.0,54.0,74.0,54.0,61.633327,0.0,0.0,4584.0464,59.18235,3.0,1.191038,0.0,0,2,9
74.0,54.0,54.0,54.0,75.0,60.0,63.0,0.0,0.0,11086.708,55.0,8.0,1.1675317,0.0,0,3,9
91.497444,54.0,54.0,492.41254,571.0,60.0,86.0,190.96109,0.0,740.85785,86.0,8.0,1.3066772,2.0,0,0,9
85.0,63.42857,66.0,57.105957,66.0,60.0,86.0,0.0,0.0,4623.539,66.0,0.0,0.75,1.0,0,0,9
68.333336,54.0,54.0,102.0,78.0,60.0,67.5,8.485281,0.0,17556.66,66.0,7.0,0.75,1.7607325,0,2,9
85.0,66.0,60.0,146.0,75.0,60.0,67.5,0.0,0.0,13045.536,72.0,0.0,0.75,1.0,0,0,9
60.0,66.0,66.0,54.0,74.0,60.0,80.0,0.0,0.0,1789.3003,67.12022,0.0,0.6666667,2.0,0,0,9
1028.8528,54.0,54.0,15025.455,575.0742,60.0,431.53473,470.7504,652.2147,129132.42,229.96704,26.0,1.494564,3.0,3,0,9
224.68565,54.0,54.0,1552.9207,1034.0665,60.0,394.2675,604.19293,508.80255,18284.092,80.57861,98.941284,1.0,3.0,4,2,9
160.0,54.0,54.0,572.0971,85.0,118.091545,63.42857,144.51434,0.0,4210.6963,72.0,8.0,2.1114771,0.0,0,0,9
516.8215,54.0,54.0,6803.6685,347.92007,102.66717,86.0,177.23972,12.415034,4274.39,144.36337,5.0,1.8439167,2.0,0,0,9
181.0,60.0,67.0,216.06815,138.12672,60.0,154.24306,0.0,0.0,9652.664,78.0,0.0,0.41666666,3.0,0,0,9
84.492004,54.0,54.0,193.0,86.0,60.0,67.875,14.866668,0.0,3871.0732,74.0,4.0,1.2052146,2.0,0,0,9
60.0,54.0,60.0,54.0,110.5046,56.28284,107.38623,0.0,0.0,916.6456,72.0,0.0,0.33333334,3.0,0,0,9
54.0,60.0,70.0,54.0,350.0,0.0,469.86667,0.0,0.0,3881.696,86.0,0.0,0.0,4.0,0,0,9
507.05194,54.0,54.0,2097.5562,1078.0,0.0,784.798,190.96109,595.49817,19591.346,149.28572,7.0,0.33333334,5.0,0,0,9
230.45285,54.0,54.0,3459.5369,1452.7994,54.0,513.3333,537.2697,584.72754,9108.901,129.0,24.0,0.75,4.0,3,0,9
676.875,54.0,54.0,6699.936,571.0,60.0,184.06679,253.7245,573.27124,35296.695,144.16667,12.0,1.21952,2.0,3,0,9
576.8019,54.0,54.0,6922.775,617.0,60.0,341.09253,269.37662,561.61755,4434.333,168.60753,8.0,1.2727273,3.0,0,0,9
60.0,54.0,54.0,54.0,111.16879,60.0,86.0,93.52357,0.0,6672.8203,66.0,9.0,0.5,2.0,0,2,9
345.6839,54.0,54.0,2479.2502,144.16667,114.060585,74.333336,0.0,0.0,8204.577,77.0,0.0,1.0,2.0,0,0,9
171.0,54.0,54.0,180.0,69.0,95.666664,61.166668,0.0,0.0,13823.104,66.0,3.0,1.8,0.0,0,2,9
71.15582,54.0,54.0,150.0,81.0,60.0,66.0,171.66039,0.0,14184.546,66.0,21.0,1.3053306,0.0,3,3,9
608.50006,54.0,54.0,6422.176,571.0,60.0,183.78397,427.3708,570.20703,16545.0,138.0,18.791546,1.2727273,3.0,3,0,9
805.6994,54.0,54.0,7846.87,1509.284,60.0,513.3333,664.8397,642.16907,18422.428,175.48853,56.753075,1.2335254,3.0,4,0,9
74.0,63.42857,66.0,85.0,66.0,73.0,86.0,0.0,0.0,24032.43,66.0,0.0,0.75,0.0,0,0,9
653.3053,54.0,54.0,6942.6206,571.0,60.0,539.9239,11.785113,590.1985,7550.6094,318.77707,0.0,0.6666667,4.0,0,0,9
882.5,54.0,54.0,14390.749,1146.3872,60.0,513.3333,428.20047,645.8411,16708.822,348.09787,9.0,1.3067728,3.0,0,0,9
140.50728,73.52699,66.0,193.0,92.0,74.0,75.0,0.0,0.0,7524.4956,74.0,0.0,0.6666667,2.0,0,0,9
60.0,54.0,54.0,135.0,342.58676,60.0,67.5,303.53455,0.0,4994.7217,66.0,39.870583,1.2,2.0,3,3,9
882.5,54.0,54.0,11362.705,1514.0,60.0,610.9307,865.4184,659.75244,22681.729,225.57143,166.9026,1.3023956,4.0,5,0,9
60.0,66.517044,66.0,0.0,126.10297,0.0,167.0,0.0,0.0,160.57631,66.0,0.0,0.0,2.0,0,0,9
60.0,70.61373,69.66033,54.0,86.0,54.0,92.322426,0.0,0.0,52.04404,78.0,0.0,0.33333334,2.0,0,0,9
887.76984,54.0,54.0,15452.747,1032.2855,60.0,532.1734,260.06412,647.211,16723.107,445.61453,5.0,1.2120794,4.0,0,0,9
66.0,54.0,54.0,129.872,78.0,60.0,66.0,75.73239,0.0,8861.364,66.0,10.0,1.2,1.0,3,3,9
74.0,54.0,54.0,180.0,1474.0,0.0,634.1686,294.26172,21.229897,2126.4858,86.31726,9.0,0.33333334,5.0,0,0,9
60.0,54.0,54.0,180.0,1292.0,54.0,513.3333,190.96109,0.0,126.235146,86.0,5.0,0.46087998,4.0,0,0,9
70.9238,54.0,54.0,120.58694,86.0,60.0,63.42857,204.0241,0.0,6498.8384,66.0,34.04809,1.5,0.0,3,3,9
882.5,54.0,54.0,11911.835,245.1382,138.78528,91.333336,12.0,569.22845,26404.176,86.0,2.0,1.9913952,2.0,0,0,9
60.0,67.5,66.0,54.0,78.0,60.0,74.0,0.0,0.0,6703.0312,66.0,0.0,0.5,2.0,0,0,9
90.464226,54.0,54.0,180.0,78.0,74.0,67.5,0.0,0.0,3539.1206,72.25347,0.0,1.2,1.503008,0,0,9
54.0,54.0,54.0,54.0,571.0,54.0,114.10093,269.1827,0.0,1387.1127,66.0,24.0,0.5,3.0,3,3,9
74.0,63.42857,60.0,54.0,66.0,60.0,84.22889,0.0,0.0,7249.6284,66.0,0.0,0.75,0.0,0,0,9
60.0,63.42857,54.0,0.0,123.0,0.0,174.43507,0.0,0.0,3107.1492,66.0,0.0,0.0,1.0,0,1,9
95.666664,54.0,54.0,230.07164,86.0,85.0,67.875,24.654354,0.0,2275.1978,77.0,3.0,1.2857143,2.0,0,0,9
66.06824,54.0,54.0,171.0,285.0,60.0,67.5,444.8488,0.0,6748.8687,66.0,90.52244,1.4468216,1.0,4,3,9
882.5,54.0,54.0,9752.439,205.18327,139.0,86.0,0.0,429.29498,44889.312,79.68923,0.0,1.8203918,2.0,0,0,9
882.5,54.0,54.0,13553.498,1514.0,60.0,757.7246,591.8803,659.75244,9174.526,408.35046,12.0,1.1111112,5.0,0,0,9
85.0,54.0,54.0,181.7067,86.0,60.0,86.0,0.0,0.0,2334.7903,86.0,0.0,0.90909094,2.0,0,0,9
578.6701,54.0,54.0,7014.26,577.0,60.0,394.35226,182.27461,527.2735,3395.0352,218.84074,2.0,1.2,3.0,0,0,9
60.0,86.0,72.0,54.0,86.0,54.0,86.0,0.0,0.0,46.86484,78.0,0.0,0.33333334,3.0,0,0,9
54.0,85.50222,72.0,54.0,90.0,54.0,159.72505,0.0,0.0,1113.59,86.0,0.0,0.0,3.0,0,0,9
981.0248,54.0,54.0,16548.61,279.67603,139.0,97.0,83.958,596.5963,34964.227,95.80888,2.0,2.0769231,2.0,0,0,9
60.0,74.333336,72.0,54.0,80.27104,54.0,86.0,0.0,0.0,57.06597,78.0,0.0,0.33481455,2.0,0,0,9
60.0,67.5,74.0,60.0,78.0,54.0,86.0,0.0,0.0,57.087093,76.40244,0.0,0.5,2.0,0,0,9
60.0,54.0,54.0,69.0,571.0,54.0,232.56528,173.29237,0.0,1159.5947,71.0,8.0,0.34473425,3.0,0,0,9
203.52454,54.0,54.0,1306.0879,86.0,160.0,66.0,0.0,0.0,7919.708,75.0,0.0,1.3548943,1.0,0,0,9
139.0,54.0,54.0,2090.8882,617.0,60.0,140.17308,402.94,11.785113,2461.7185,90.03101,14.0,1.2142857,3.0,0,0,9
110.930885,74.43244,69.0,182.0,128.35144,60.0,92.054085,0.0,0.0,2578.4146,78.0,0.0,0.5,3.0,0,0,9
468.61145,54.0,54.0,1610.2454,86.0,160.0,66.0,0.0,0.0,24411.598,69.0,0.0,1.3082834,0.0,0,0,9
165.22816,54.0,54.0,205.0,86.0,60.0,96.333336,0.5,0.0,16996.53,79.0,2.0,0.75,2.0,0,0,9
625.65643,54.0,54.0,6874.153,1292.0,54.0,821.8981,107.06355,611.6203,5061.4,360.0011,0.0,0.5,8.0,0,0,9
882.5,54.0,54.0,15467.687,1514.0,54.0,891.8567,352.40128,667.0063,9910.737,1041.7288,3.0,0.75,12.440427,0,0,9
603.35,54.0,54.0,4038.3696,86.0,60.0,80.85714,12.242978,0.0,57050.07,82.49132,7.0,1.2222222,2.0,0,0,9
133.07295,75.0,69.0,205.0,135.04619,60.0,86.5,0.0,0.0,3753.9036,78.0,0.0,0.5,2.0,0,0,9
60.0,63.42857,54.0,0.0,71.0,54.0,86.0,0.0,0.0,6961.3765,66.0,0.0,0.5,0.0,0,2,9
60.0,66.0,54.0,0.0,114.0,0.0,165.0,0.0,0.0,1242.7534,66.0,0.0,0.14274985,2.0,0,0,9
278.56274,54.0,54.0,772.33777,297.84372,60.0,82.0,441.31567,0.0,50313.266,72.0,87.320816,1.3250438,2.0,5,3,9
91.0,54.0,54.0,205.0,89.0,60.0,67.5,173.54053,0.0,6456.986,72.0,11.0,1.3333334,2.0,3,1,9
578.57086,54.0,54.0,6494.8296,591.0353,60.0,478.89944,178.45328,566.3354,6669.6797,189.48074,3.0,1.0,3.0,0,0,9
60.0,67.875,55.0,0.0,86.0,0.0,86.0,0.0,0.0,96.03761,78.0,0.0,0.0,2.0,0,0,9
611.07214,54.0,54.0,7674.0,1534.9725,60.0,512.9261,989.96674,633.05853,6464.5483,159.81763,211.13115,1.5,3.0,5,0,9
1131.7366,54.0,54.0,37612.305,1514.0,60.0,624.8417,680.7896,690.4571,68755.97,541.7982,40.89111,1.8050263,3.0,4,0,9
965.04407,54.0,54.0,15244.898,571.0,60.0,513.3333,172.26904,638.72235,24163.816,444.78268,2.0,1.2,3.0,0,0,9
838.1137,54.0,54.0,8215.514,666.65454,60.0,460.2613,318.8788,615.6893,15037.49,232.48433,8.839083,1.2327467,3.0,0,0,9
139.0,54.0,54.0,204.05775,86.0,60.0,74.71914,0.0,0.0,7806.13,78.0,0.0,0.75,2.0,0,0,9
496.78165,54.0,54.0,5295.0,160.55127,74.0,96.333336,0.0,0.0,7093.8735,78.0,0.0,1.0,2.0,0,0,9
1171.8853,54.0,54.0,62905.363,1514.0,60.0,688.17175,715.5317,737.5618,29167.139,1223.7699,24.992666,2.0652735,4.0,3,0,9
60.0,83.56861,66.0,0.0,86.0,54.0,86.0,0.0,0.0,1223.7429,78.0,0.0,0.13779552,2.0,0,0,9
60.0,69.0,66.0,0.0,106.0,54.0,106.0,0.0,0.0,3391.9104,73.60782,0.0,0.028950326,2.0,0,0,9
60.0,54.0,66.0,0.0,175.00497,0.0,89.31654,0.0,0.0,51.424057,66.0,1.0,0.33333334,3.0,0,0,9
60.0,66.0,54.0,0.0,119.0,0.0,165.0,0.0,0.0,199.86705,71.0,0.0,0.0,2.0,0,0,9
68.333336,54.0,54.0,139.0,78.0,60.0,74.333336,0.0,0.0,4560.3633,72.0,0.0,0.75,2.0,0,0,9
206.21297,54.0,54.0,5295.0,571.0,60.0,134.33333,110.76455,0.0,1552.6765,147.75786,2.0,1.2,3.0,0,0,9
179.38176,54.0,60.0,427.0,144.16667,60.0,96.333336,0.0,0.0,5356.48,78.0,0.0,0.6666667,2.0,0,0,9
688.6184,54.0,54.0,6765.5776,346.37216,60.0,97.832184,296.69843,509.23462,51487.168,107.630455,24.0,1.5496787,2.0,3,0,9
60.0,86.0,70.0,54.0,114.0,54.0,101.0,0.0,0.0,1414.4124,76.0,0.0,0.0,2.0,0,0,9
85.0,60.0,54.0,145.2675,77.0,68.333336,67.5,0.0,0.0,2283.9756,74.0,0.0,1.0,2.0,0,0,9
74.00373,67.875,66.0,118.548325,114.0,60.0,158.55458,0.0,0.0,8209.32,79.0,0.0,0.33333334,2.0,0,0,9
0.0,54.0,69.0,54.0,1218.8625,0.0,513.3333,116.82817,0.0,46.8771,72.0,2.0,0.0,6.0,0,0,9
390.64465,54.0,54.0,7620.0,1807.0,60.0,499.07083,953.0767,620.27466,615.17755,167.79669,95.818344,1.75,4.0,3,0,9
60.0,63.42857,54.0,0.0,119.0,0.0,179.0,0.0,0.0,52.11548,66.0,0.0,0.15137225,2.0,0,0,9
60.0,54.0,54.0,54.0,78.0,54.0,63.42857,8.485281,0.0,4302.522,54.0,8.0,1.0,0.0,0,3,9
60.0,86.0,79.666664,67.92201,86.0,60.0,134.33333,0.0,0.0,584.14526,80.854095,0.0,0.0,3.0,0,0,9
491.03705,54.0,54.0,6726.9404,1514.0,60.0,513.3333,717.8998,615.6893,4576.6675,154.33226,51.927586,1.2,4.0,3,0,9
74.0,54.0,54.0,191.03186,571.0,60.0,421.34708,0.0,0.0,409.81412,129.0,0.0,0.5,4.0,0,0,9
228.84865,54.0,54.0,619.59955,116.91672,60.0,103.333336,0.0,0.0,13896.292,80.0,0.0,0.75,2.0,0,0,9
230.3509,54.0,54.0,6597.0,1545.1378,60.0,701.1021,581.807,609.22095,216.08658,232.98863,10.0,1.0,6.0,0,0,9
342.0,54.0,54.0,5295.0,135.17851,60.0,88.87862,12.0,0.0,7232.5225,121.0,2.0,1.2222222,2.0,0,0,9
133.65028,54.0,54.0,180.0,78.0,85.0,65.808624,8.485281,0.0,38899.58,66.0,8.0,1.2307693,0.0,3,2,9
91.07217,54.0,54.0,1832.1451,1514.0,60.0,393.3684,657.33344,119.38542,137.0551,92.88369,39.0,1.2195662,3.0,3,0,9
622.1749,54.0,54.0,6321.652,179.0,60.0,88.42988,181.09422,78.64334,17647.018,129.0,8.0,1.5,2.0,0,0,9
113.35844,54.0,54.0,240.71364,352.2417,60.0,96.333336,182.09575,0.0,4280.9795,79.0,8.0,1.103472,2.0,0,0,9
54.0,54.0,60.0,54.0,205.0,54.0,103.333336,8.485281,0.0,847.373,66.0,3.0,0.33333334,3.0,0,0,9
207.1435,54.0,54.0,5295.0,1514.0,54.0,682.5256,617.3527,604.82544,3181.6719,148.59903,25.746178,0.75,5.0,3,0,9
160.0,54.0,54.0,180.0,75.0,72.874954,63.0,0.0,0.0,5802.822,69.0,2.0,1.4981521,0.0,0,0,9
60.0,67.5,66.0,0.0,85.0,0.0,86.0,0.0,0.0,50.42744,78.0,0.0,0.33333334,2.0,0,0,9
60.0,54.0,54.0,120.88809,92.0,60.0,67.5,67.222664,0.0,1116.7222,69.0,6.667616,1.0,2.0,0,1,9
60.0,54.0,54.0,120.0,1514.0,0.0,515.3439,594.55493,0.0,1445.566,72.0,47.347157,0.33333334,4.0,3,2,9
60.0,67.5,66.0,0.0,165.0,54.0,179.0,0.0,0.0,7248.5024,66.0,0.0,0.0,2.0,0,0,9
60.0,67.5,66.0,54.0,76.0,60.0,76.0,0.0,0.0,4374.4634,66.0,0.0,0.5,2.0,0,0,9
60.0,54.0,54.0,182.0,571.0,60.0,232.52162,12.0,0.0,49.966904,115.14888,0.0,0.6666667,4.0,0,0,9
139.0,54.0,54.0,701.32,571.0,60.0,513.3333,8.054879,0.0,844.87836,165.0,0.0,0.5,4.0,0,0,9
717.91473,54.0,54.0,7845.7134,155.20546,156.0,74.333336,171.46252,162.48994,13949.349,101.0,6.0,2.1700883,2.0,0,0,9
60.0,63.42857,66.0,0.0,86.0,54.0,129.0,0.0,0.0,1288.7107,66.0,0.0,0.36415526,1.0,0,0,9
60.0,54.0,66.0,120.0,571.0,54.0,460.4849,0.0,0.0,46.86996,98.50262,0.0,0.33333334,4.8374305,0,0,9
74.0,54.0,54.0,180.0,571.0,54.0,452.1231,98.49316,0.0,1692.0784,87.2623,2.0,0.5,4.0,0,0,9
1059.3008,54.0,54.0,41605.965,2007.2572,60.0,787.69476,1183.3737,947.0395,19250.365,954.34937,94.00338,1.9505651,4.0,4,0,9
126.84762,54.0,60.0,222.0,145.0672,60.0,331.50888,0.0,0.0,1575.6841,97.0,0.0,0.5,3.0,0,0,9
624.793,54.0,54.0,5295.0,153.62518,81.64284,88.828476,0.0,0.0,17349.885,78.0,0.0,1.0,2.0,0,0,9
126.09311,66.0,60.0,160.0,72.0,85.0,75.0,0.0,0.0,21226.635,66.0,0.0,0.75,1.0,0,0,9
882.5,54.0,54.0,18002.582,1514.0,60.0,612.57587,672.78296,660.0342,14983.925,360.09494,28.0,1.4511626,4.0,3,0,9
882.5,54.0,54.0,10050.339,1414.5374,60.0,589.90076,515.0779,651.97284,21421.818,269.83408,14.0,1.1111112,4.0,3,0,9
68.333336,54.0,54.0,180.0,1474.0,54.0,234.95024,741.2655,5.0,4211.3784,71.0,261.0,1.0,3.0,5,3,9
102.0,85.0,78.0,139.0,86.0,60.0,155.08626,0.0,0.0,14255.669,86.0,0.0,0.0,3.0,0,0,9
882.5,54.0,54.0,7184.0,571.0,60.0,421.60162,207.75423,609.2125,62699.684,160.98497,10.0,1.0833334,3.0,3,0,9
182.0,54.0,54.0,3109.172,285.0,60.0,89.30975,115.28794,0.0,4426.3584,101.80118,4.0,1.2222222,2.0,0,0,9
1146.4734,54.0,54.0,41638.055,1466.6451,60.0,513.55597,637.7769,690.4571,51489.254,630.266,27.0,2.0,3.0,3,0,9
72.5,54.0,60.0,135.0,571.0,0.0,513.3333,12.0,0.0,7243.5728,80.0,2.0,0.0,4.0,0,0,9
665.01843,54.0,54.0,7168.569,1514.0,54.0,513.62756,939.8434,645.4678,24661.176,144.16667,261.0,1.2,3.0,5,1,9
882.5,54.0,54.0,11789.864,1517.7681,60.0,634.82635,961.621,662.03,32070.127,212.64024,230.14488,1.3133085,4.0,5,0,9
90.765755,54.0,54.0,180.0,86.0,60.0,74.0,11.955001,0.0,7249.539,72.0,4.0,1.0,2.0,0,0,9
68.333336,76.0,85.0,150.0,123.264915,60.0,198.42754,0.0,0.0,513.3583,86.0,0.0,0.3088578,3.0,0,0,9
60.0,66.0,74.0,54.0,165.0,54.0,387.56857,0.0,0.0,1882.8633,86.0,0.0,0.0,4.0,0,0,9
64.333336,74.333336,71.0,88.202034,86.0,60.0,86.9104,0.0,0.0,4204.294,75.0,0.0,0.33333334,2.0,0,0,9
96.31128,54.0,54.0,264.50464,160.80731,60.0,123.31279,0.0,0.0,396.70547,135.03932,0.0,0.75,3.0,0,0,9
570.4855,69.0,66.0,1203.2574,144.16667,60.0,99.35251,0.0,0.0,26663.111,75.0,0.0,0.5,2.0,0,0,9
653.0909,54.0,54.0,6876.6484,118.27739,118.788345,71.0,179.66637,25.374329,24036.309,86.0,9.0,2.0,1.0,3,0,9
571.98846,54.0,60.0,5295.0,236.6923,60.0,499.21954,0.0,13.0,7918.1357,163.83276,0.0,0.5,4.0,0,0,9
60.0,86.0,74.0,60.0,106.0,60.0,103.57005,0.0,0.0,2578.1265,77.0,0.0,0.15450574,2.0,0,0,9
207.834,54.0,60.0,1404.5404,177.45078,60.0,428.3,0.0,0.0,3546.2112,151.0,0.0,0.5,4.0,0,0,9
882.5,54.0,54.0,19959.69,1529.7751,60.0,572.344,725.3567,659.75244,6225.859,437.96274,27.0,1.8055179,4.0,3,0,9
91.0,54.0,54.0,205.0,89.0,85.0,66.23835,217.9194,0.0,7248.935,69.27919,24.0,1.75,1.0,3,2,9
882.5,54.0,54.0,11652.952,1022.0,60.0,513.3333,293.33228,630.0264,11813.792,324.11896,7.0,1.2222222,3.0,0,0,9
68.762794,54.0,54.0,145.0,779.0,54.0,422.7169,429.22614,0.0,7808.2134,72.0,33.985283,0.5,3.0,3,2,9
237.59276,71.0,66.0,386.3224,144.16667,113.83319,86.0,0.0,0.0,9702.371,69.0,0.0,0.7433734,2.0,0,0,9
60.0,67.5,69.0,0.0,101.0,0.0,128.5947,0.0,0.0,46.856686,75.0,0.0,0.33333334,2.0,0,0,9
820.6147,54.0,54.0,6709.9556,144.16667,60.0,127.0,96.87153,468.815,68350.69,101.0,6.0,1.2,2.0,0,0,9
54.0,54.0,54.0,54.0,571.0,54.0,121.32398,190.96109,0.0,1115.4569,66.0,14.0,0.33333334,3.0,0,3,9
91.0,54.0,54.0,205.0,81.0,85.0,67.875,0.0,0.0,2248.1895,79.9655,0.0,1.1666666,2.0,0,0,9
54.0,54.0,54.0,110.904945,714.1797,54.0,160.33698,311.06332,0.0,114.48412,71.0,14.044723,0.6,3.0,0,1,9
54.0,54.0,60.0,54.0,86.0,54.0,86.0,0.0,0.0,4772.422,66.0,3.0,0.33333334,2.0,0,2,9
60.0,67.5,66.0,0.0,86.0,0.0,91.0,0.0,0.0,47.146584,78.0,0.0,0.33333334,2.0,0,0,9
850.1777,54.0,54.0,7793.28,272.8043,85.0,96.22515,190.96109,569.6584,32528.219,153.51303,9.0,1.917531,2.0,3,0,9
678.58105,54.0,54.0,6816.8564,101.0,183.12463,66.0,0.0,0.0,37808.867,77.0,2.0,2.1670783,0.0,0,0,9
325.6286,54.0,54.0,4864.0,571.0,60.0,580.27856,8.485281,317.4743,3841.272,228.20876,0.0,0.5,5.0,0,0,9
849.8571,54.0,54.0,14180.873,1514.0,60.0,513.3333,742.17004,654.8755,7370.468,274.00256,47.933605,1.8141279,3.0,3,0,9
60.0,63.42857,54.0,0.0,85.0,0.0,89.0,0.0,0.0,672.5984,75.0,0.0,0.33333334,1.0,0,2,9
653.0909,54.0,54.0,6798.256,165.0,74.0,86.0,190.96109,231.76422,28808.91,123.30209,11.0,1.75,2.0,3,0,9
692.7273,54.0,54.0,7681.486,1514.0,60.0,513.3333,780.5231,646.09814,16831.564,165.0,149.10938,1.2247523,3.0,5,0,9
100.8892,54.0,54.0,205.0,167.62897,60.0,192.25159,0.0,0.0,2182.8845,119.03018,0.0,0.5,3.0,0,0,9
60.0,67.5,55.0,0.0,165.0,0.0,165.0,0.0,0.0,87.5409,76.0,0.0,0.0,2.0,0,0,9
60.0,80.333336,66.0,0.0,86.0,0.0,86.0,0.0,0.0,154.93721,78.0,0.0,0.0,2.0,0,0,9
60.0,67.5,66.0,60.0,86.0,60.0,89.0,0.0,0.0,4880.3613,72.0,0.0,0.5,2.0,0,0,9
60.0,66.3537,66.0,0.0,111.57916,54.0,153.16881,0.0,0.0,7800.9263,66.0,0.0,0.30192733,2.0,0,0,9
60.0,54.0,54.0,74.0,86.0,60.0,66.0,190.96109,0.0,4452.1475,62.6796,28.908579,1.2,1.0,3,3,9
621.5169,54.0,54.0,7082.5947,571.0,85.0,86.0,427.6463,421.5654,11203.725,133.91287,19.967209,2.0769231,2.0,3,0,9
60.0,67.5,66.0,0.0,89.77162,0.0,106.0,0.0,0.0,70.71492,75.0,0.0,0.33333334,2.0,0,0,9
85.0,54.0,54.0,205.0,166.08505,68.57011,67.5,173.29237,0.0,678.0046,72.0,8.0,1.4510267,2.0,0,0,9
181.0,54.0,54.0,705.7358,618.0,60.0,410.01077,388.9779,156.15025,11328.398,86.0,18.057005,0.86091346,3.0,3,0,9
60.0,54.0,54.0,156.0,572.9253,60.0,81.058105,526.23114,0.0,227.63274,68.046364,49.822186,1.2222222,2.0,3,2,9
1042.3606,54.0,54.0,19434.783,571.0,60.0,417.46896,190.96109,644.2973,55515.293,363.64252,6.0,1.5,3.0,0,0,9
569.6,54.0,54.0,7805.176,1813.2427,60.0,576.3313,737.63806,630.41205,789.0601,251.45502,28.0,1.3000783,4.0,3,0,9
849.8571,54.0,54.0,7620.0,571.0,60.0,589.5599,0.0,600.09625,14147.363,408.15778,0.0,0.5,4.0,0,0,9
60.0,54.0,54.0,120.0,85.0,60.0,67.5,0.0,0.0,515.951,69.0,2.0,1.0,2.0,0,0,9
926.6477,54.0,54.0,15806.418,571.0,69.0,233.78307,268.8487,625.6581,23782.969,284.52316,8.0,1.8888888,3.0,0,0,9
895.7523,54.0,54.0,11088.157,178.32928,126.49668,86.0,109.99737,574.6483,58634.293,86.0,5.0,2.0,2.0,0,0,9
625.5628,54.0,54.0,5954.5645,1290.5377,54.0,699.8292,230.0522,612.30145,16187.133,188.22061,7.0,0.5,4.0,0,0,9
278.5274,54.0,54.0,367.35605,77.0,122.16102,66.0,8.456299,0.0,49983.707,72.0,7.0,1.5,0.0,0,1,9
1058.9388,54.0,54.0,23343.752,1099.3374,60.0,499.57144,605.4816,674.09875,70737.03,356.92905,32.17218,1.9711301,3.0,4,0,9
882.5,54.0,54.0,17820.607,1520.0424,60.0,565.21466,784.1451,660.6695,12826.771,321.29462,71.37231,1.7385564,4.0,4,0,9
141.2992,54.0,54.0,314.53488,94.35744,60.0,99.23018,0.0,0.0,5026.99,86.0,0.0,1.0,2.0,0,0,9
388.56943,54.0,54.0,6925.1514,1070.0,60.0,155.39005,549.59064,509.97473,1692.1005,149.28572,16.323195,1.8191524,3.0,3,0,9
60.0,62.4,54.0,0.0,86.0,0.0,129.0,0.0,0.0,300.80627,66.0,0.0,0.33333334,1.0,0,2,9
60.0,54.0,60.0,74.0,667.47754,0.0,513.3333,126.450386,0.0,1381.831,74.0,5.0,0.0,4.0,0,0,9
73.0,54.0,55.0,180.0,351.0,60.0,394.14432,0.0,0.0,925.75305,104.13799,0.0,0.41988966,4.0,0,0,9
69.0,86.0,69.0,60.0,101.0,60.0,101.0,0.0,0.0,15634.76,72.0,0.0,0.0200943,2.0,0,0,9
60.0,63.0,54.0,0.0,165.0,0.0,205.0,0.0,0.0,135.69934,66.0,0.0,0.0,1.0,0,2,9
70.87741,54.0,54.0,205.0,582.0,60.0,126.0643,305.59998,0.0,728.8102,77.56524,12.0,1.0766069,3.0,0,0,9
882.5,54.0,54.0,10261.835,924.12933,60.0,499.57144,323.25494,625.41974,13077.761,278.36047,8.0,1.2513795,3.0,0,0,9
60.0,54.0,54.0,96.0,571.0,54.758556,112.666664,190.96109,0.0,363.1307,69.0,10.0,0.6666667,3.0,0,1,9
603.1667,54.0,54.0,5295.0,581.0,60.0,184.14009,598.5089,585.597,51485.55,86.0,121.6366,1.2222222,2.0,5,2,9
60.0,71.135025,69.0,0.0,86.0,0.0,89.0,0.0,0.0,47.144768,78.0,0.0,0.33333334,3.0,0,0,9
60.0,67.5,66.0,0.0,112.8887,0.0,119.0,0.0,0.0,217.83627,75.0,0.0,0.0,2.0,0,0,9
135.0,54.0,54.0,180.0,76.0,60.0,67.875,0.0,0.0,23075.87,72.0,0.0,0.75,2.0,0,0,9
699.8591,54.0,54.0,6790.7964,153.58623,139.0,72.42783,0.0,0.0,23828.87,78.0,0.0,1.3333334,2.0,0,0,9
231.5339,54.0,54.0,1916.965,345.0,60.0,112.666664,169.31021,0.0,14660.199,86.0,8.0,1.0909091,2.0,0,0,9
471.4612,54.0,54.0,5295.0,571.0,60.0,513.3333,12.0,390.24088,4014.143,225.57143,0.0,0.6666667,4.0,0,0,9
70.63957,54.0,54.0,120.0,75.0,60.0,65.62967,0.0,0.0,16309.367,66.0,2.0,1.0,0.0,0,1,9
520.8182,54.0,54.0,5295.0,115.43626,102.90518,71.96734,8.422749,0.0,14272.917,81.509125,2.0,1.3577781,2.0,0,0,9
110.50248,80.85714,69.0,180.0,92.0,60.0,86.0,0.0,0.0,6497.1235,86.0,0.0,0.42226365,2.0,0,0,9
839.034,54.0,54.0,7620.0,144.16667,123.0,77.0,161.64044,281.27002,38081.027,86.0,8.0,2.0,2.0,3,0,9
624.98334,54.0,54.0,6941.4062,285.0,86.0,86.5,177.96426,109.23998,10865.967,144.16667,7.0,1.8,2.0,0,0,9
69.0,54.0,54.0,145.22707,95.986275,60.0,86.0,12.0,0.0,7021.3066,72.0,5.0,0.75,2.0,0,0,9
60.0,54.0,54.0,120.0,78.0,60.0,66.0,12.0,0.0,7138.8003,66.0,8.0,1.1074724,1.0,0,2,9
184.99599,54.0,54.0,1426.4,149.28572,60.0,166.96008,0.0,0.0,4095.802,89.936005,0.0,0.6666667,3.0,0,0,9
66.651344,54.0,54.0,120.0,78.0,60.0,67.5,0.5,0.0,11008.231,66.0,5.0,1.0,1.0,0,2,9
882.5,54.0,54.0,7835.9673,1514.0,60.0,513.3333,803.7745,659.75244,51429.93,153.55556,243.81607,1.2589303,3.0,5,0,9
91.0,54.0,54.0,204.15433,699.2301,54.0,519.2572,106.44413,0.0,1316.6617,133.21802,2.0,0.33333334,5.0,0,0,9
699.02924,54.0,54.0,10180.241,1079.5133,60.0,227.50761,596.07574,615.6893,7044.166,199.99358,23.868166,2.0,3.0,3,0,9
343.81845,54.0,54.0,2514.386,574.4592,60.0,415.5419,269.24347,423.1922,16871.213,101.0,12.0,0.9994821,3.0,3,0,9
60.0,63.42857,54.0,0.0,101.0,0.0,165.0,0.0,0.0,544.3269,66.0,0.0,0.33333334,1.0,0,1,9
60.0,54.0,54.0,60.0,86.0,54.0,69.0,0.0,0.0,694.5476,66.0,2.0,0.75,2.0,0,0,9
882.5,54.0,54.0,7845.317,571.0,60.0,204.98027,256.00833,609.2125,49513.016,166.11723,11.0,1.3333334,2.0,3,0,9
1059.3121,54.0,54.0,20732.086,309.7048,182.0,80.333336,12.0,599.0756,82161.14,79.01434,2.0,2.3166575,1.0,0,0,9
655.2132,54.0,54.0,5295.0,86.0,60.0,81.057144,26.800625,11.785113,101628.64,82.73869,8.0,1.2709959,1.0,3,0,9
569.4692,54.0,54.0,1052.7198,75.0,102.0,66.0,0.0,0.0,125191.74,72.0,7.0,1.3545291,0.0,3,1,9
86.27628,84.445526,74.0,139.0,86.0,60.0,86.0,0.0,0.0,8494.819,80.0,0.0,0.33333334,2.0,0,0,9
123.824745,54.0,54.0,216.34422,160.9328,60.0,85.39596,123.880066,0.0,7295.619,75.94523,8.0,1.1111112,2.0,0,0,9
60.0,63.42857,66.0,0.0,86.0,0.0,104.94315,0.0,0.0,70.36262,69.0,0.0,0.5,2.0,0,0,9
69.0,54.0,54.0,218.90688,1514.0,54.0,544.145,255.99197,11.785113,63.919735,142.96364,5.0,0.5,6.0,0,0,9
74.0,54.0,54.0,180.0,490.28708,60.0,381.6985,8.485281,0.0,1644.691,89.0,0.0,0.5,3.0,0,0,9
60.0,60.0,54.0,60.0,71.0,60.0,63.649185,0.0,0.0,16865.252,66.0,2.0,0.881164,0.0,0,2,9
85.0,54.0,54.0,120.0,86.0,60.0,103.333336,0.5,0.0,24786.408,70.0,4.0,0.5,2.0,0,1,9
642.4212,54.0,54.0,6703.3975,101.08455,122.0,69.0,171.38611,12.26736,24159.219,86.0,8.0,2.0,1.0,3,0,9
276.4467,54.0,54.0,3636.7888,153.55077,60.0,107.08075,0.0,0.0,4670.3506,85.52771,0.0,1.0,2.0,0,0,9
73.0,54.0,54.0,208.35313,1074.5605,54.0,513.3333,116.82588,0.0,87.2729,144.16667,1.0,0.5,5.0,0,0,9
694.49884,54.0,54.0,8260.548,677.7143,60.0,205.9412,504.0873,609.2125,9784.419,177.86836,17.0,1.8240063,3.0,3,0,9
60.0,86.0,70.0,0.0,88.876595,0.0,98.97285,0.0,0.0,51.0531,85.0,0.0,0.0,3.0,0,0,9
576.89154,54.0,54.0,5630.1685,349.0,60.0,460.98257,0.0,102.34639,6836.069,229.46953,0.0,0.6666667,3.0,0,0,9
1037.3739,54.0,54.0,20393.22,1514.0,60.0,686.9909,770.3956,690.36804,58645.23,342.67764,94.47134,1.442049,4.0,5,0,9
60.0,66.0,66.0,0.0,114.46858,0.0,166.33408,0.0,0.0,46.528942,69.0,0.0,0.33333334,2.0,0,0,9
160.0,54.0,54.0,1384.3723,1031.5394,60.0,142.50252,665.0428,256.71262,11117.284,76.0,219.30696,1.2222222,2.0,5,2,9
653.0909,54.0,54.0,6095.7876,347.0,60.0,460.50595,0.833575,468.0447,16927.924,204.58685,0.0,0.75,3.0,0,0,9
685.937,54.0,54.0,5910.044,166.67691,114.1124,85.50458,0.0,0.0,26356.936,75.0,0.0,1.0,2.0,0,0,9
54.0,54.0,60.0,54.0,1292.0,0.0,513.3333,181.15448,0.0,162.04428,72.0,7.0,0.0,5.0,0,0,9
506.72812,54.0,54.0,5295.0,1514.0,54.0,513.3333,911.74164,623.1357,16633.537,106.857155,261.0,1.0,3.0,5,2,9
569.6,54.0,54.0,5295.0,165.0,71.0,81.077644,190.96109,11.794024,19384.89,86.0,12.0,1.698923,2.0,3,0,9
60.0,54.0,54.0,96.0,349.0,60.0,67.5,507.733,0.0,4578.351,62.0,191.74011,1.2307693,1.0,5,3,9
85.0,67.5,66.0,139.0,86.0,71.47972,101.0,0.0,0.0,3158.249,86.0,0.0,0.5,2.0,0,0,9
60.0,54.0,54.0,139.0,348.0,60.0,67.5,269.4715,0.0,1265.0415,66.0,24.311495,1.2222222,2.0,3,2,9
60.0,74.0,66.0,0.0,86.0,0.0,86.0,0.0,0.0,45.684765,79.0,0.0,0.3316252,3.0,0,0,9
60.0,54.0,60.0,120.0,97.0,60.0,104.0,0.0,0.0,137.49574,76.791885,0.0,0.5,3.0,0,0,9
60.23004,54.0,54.0,180.0,1500.1874,54.0,513.3333,393.2836,0.0,401.7556,86.0,11.0,0.46495536,5.0,0,0,9
85.0,67.5,72.0,77.06025,75.0,60.0,86.0,0.0,0.0,132.6707,74.0,0.0,0.5,2.0,0,0,9
60.0,67.5,55.0,0.0,133.8081,0.0,165.0,0.0,0.0,869.9461,74.0,0.0,0.0,2.0,0,0,9
60.0,67.5,66.0,54.0,101.0,54.0,135.3656,0.0,0.0,222.41681,72.0,0.0,0.33333334,2.0,0,0,9
60.0,54.0,54.0,120.0,1292.0,54.0,381.64673,578.8507,0.0,2985.174,69.0,64.92262,0.5,3.0,3,3,9
60.0,63.423298,54.0,0.0,75.0,0.0,76.14089,0.0,0.0,939.9185,60.0,1.0,0.75,0.0,0,2,9
882.5,54.0,54.0,14187.435,1514.0,60.0,840.3927,546.6117,660.8162,11736.989,533.5884,9.0,1.0,6.0,0,0,9
60.0,54.0,54.0,120.0,571.0,60.0,146.16667,168.50163,0.0,2324.4185,72.0,8.0,0.5,3.0,0,0,9
563.4257,54.0,54.0,1948.5234,114.889946,77.12397,76.0,0.0,0.0,30046.799,76.0,0.0,1.0,2.0,0,0,9
68.04762,69.0,74.0,120.0,79.0,60.0,86.0,0.0,0.0,3411.7603,76.0,0.0,0.5,2.0,0,0,9
171.94789,54.0,54.0,219.30617,71.87589,170.37852,62.4,0.0,0.0,22282.404,66.17772,2.0,1.75,0.0,0,0,9
182.34602,54.0,54.0,1536.4391,779.0,54.0,502.1428,254.00375,374.08505,7248.7153,129.40993,8.0,0.6666667,4.0,0,0,9
505.31348,54.0,54.0,6290.2783,1294.3993,60.0,425.08984,572.2194,591.32166,6972.7866,144.16667,24.0,1.2222222,3.0,3,0,9
984.76733,54.0,54.0,22477.318,1514.0,60.0,716.62915,646.60114,685.40454,13948.751,579.55786,18.0,1.4803413,4.0,3,0,9
64.333336,54.0,54.0,120.6053,86.0,60.0,67.5,67.160286,0.0,7250.234,66.0,8.0,1.0724249,1.0,0,2,9
102.0,55.0,54.0,102.0,66.0,68.333336,63.20737,0.0,0.0,16176.25,66.0,1.0,1.1,0.0,0,2,9
509.4297,54.0,54.0,5295.0,144.16667,116.0,79.34271,0.0,0.0,7494.3022,80.0,0.0,1.2857143,2.0,0,0,9
492.0865,54.0,54.0,5718.4917,1514.0,54.0,523.08636,638.9499,613.97003,8744.832,144.16667,48.668907,1.0,4.0,3,0,9
653.6661,54.0,54.0,6997.382,132.33403,168.67313,67.5,16.522707,0.0,18446.941,79.0,4.0,2.1227152,1.0,0,0,9
882.5,54.0,54.0,8221.297,294.6531,60.0,180.84167,12.247449,571.83826,15871.297,259.6902,0.0,1.2727273,3.0,0,0,9
629.42145,54.0,54.0,5949.0,88.92795,86.0,74.0,167.79457,11.785113,38163.49,86.0,9.0,1.7513148,1.0,3,0,9
679.44696,54.0,54.0,7297.015,1506.1815,60.0,513.3333,706.39813,632.8256,19605.627,153.50755,93.40747,1.2222222,3.0,4,0,9
54.0,54.0,69.0,0.0,571.0,0.0,264.67575,0.0,0.0,56.974503,77.9061,0.0,0.0,4.0,0,0,9
68.07982,67.5,66.0,63.107277,86.0,60.0,113.22033,0.0,0.0,8847.09,72.0,0.0,0.3647984,2.0,0,0,9
60.0,60.0,72.0,54.0,94.0,54.0,123.658005,0.0,0.0,216.16785,74.0,0.0,0.33333334,3.0,0,0,9
404.4324,54.0,54.0,2480.6582,571.0,54.0,513.3333,17.144491,381.87823,11822.519,153.58707,2.0,0.5,4.0,0,0,9
60.0,86.0,69.0,54.0,86.0,60.0,88.00966,0.0,0.0,5281.3833,78.0,0.0,0.0,2.0,0,0,9
60.0,54.0,60.0,102.05967,273.22897,60.0,154.2857,0.0,0.0,158.15248,76.666664,0.0,0.33333334,3.0,0,0,9
624.65,54.0,54.0,6723.8467,157.44444,92.16174,86.5,4.7858653,4.985582,9988.337,86.0,0.0,1.330533,2.0,0,0,9
882.5,54.0,54.0,11507.01,581.70337,60.0,689.5569,50.54656,630.5925,16287.481,550.54126,0.0,0.8333333,4.0,0,0,9
114.145744,89.3246,69.0,156.0,90.82966,60.0,91.0,0.0,0.0,8685.069,90.19872,0.0,0.33333334,2.0,0,0,9
235.39137,54.0,54.0,780.26794,167.0,60.0,133.00331,15.5,0.0,16855.932,88.40182,3.0,0.8853613,2.0,0,0,9
653.5806,54.0,54.0,8349.474,1514.0,60.0,728.14496,592.4457,642.3385,3683.669,322.20517,11.0,1.0864831,5.0,0,0,9
60.0,67.5,66.0,54.0,114.0,60.0,165.0,0.0,0.0,2334.664,72.0,0.0,0.33333334,2.0,0,0,9
54.0,80.0,66.0,0.0,91.08371,0.0,126.38475,0.0,0.0,91.73824,86.0,0.0,0.0,3.0,0,0,9
933.6465,54.0,54.0,9797.502,163.99265,171.0,67.5,0.0,251.37076,106740.24,78.0,2.0,2.0865257,1.0,0,0,9
569.71783,54.0,54.0,5295.0,351.37857,60.0,112.333336,302.13147,226.15501,38950.055,86.0,26.0,1.2222222,2.0,3,1,9
882.5,54.0,54.0,12639.6045,1292.0,60.0,513.3333,443.12772,644.4009,16189.219,321.54645,9.0,1.2222222,3.0,0,0,9
60.0,67.5,60.0,0.0,119.0,0.0,144.72302,0.0,0.0,400.40247,74.0,0.0,0.0,2.0,0,0,9
60.0,67.5,66.0,54.0,86.0,54.0,86.0,0.0,0.0,3847.828,71.0,0.0,0.38436288,2.0,0,0,9
181.60254,54.0,54.0,1602.3197,86.0,169.27293,66.0,0.0,0.0,6715.313,77.34784,0.0,1.5944481,1.0,0,0,9
832.63403,54.0,54.0,7828.4663,346.0,96.0,86.130844,256.44763,562.53467,21340.541,147.11383,12.0,2.0634978,2.0,3,0,9
54.0,86.0,66.0,0.0,86.0,54.0,86.5,0.0,0.0,6077.358,78.0,0.0,0.0,2.0,0,0,9
60.0,60.0,75.0,139.0,89.0,60.0,162.51993,0.0,0.0,137.7936,86.0,0.0,0.33333334,3.0,0,0,9
60.0,67.5,54.18235,0.0,124.19752,0.0,129.0,0.0,0.0,160.64194,76.43454,0.0,0.0,2.0,0,0,9
206.67323,54.0,54.0,1099.9664,129.92682,130.58568,67.5,0.0,0.0,6498.587,75.0,0.0,1.0,2.0,0,0,9
60.0,54.0,54.0,54.0,86.0,54.0,67.72483,12.0,0.0,1237.6665,66.0,7.0,0.71428573,2.0,0,2,9
632.2186,54.0,54.0,6141.635,586.9521,60.0,530.9782,152.00093,594.403,14491.044,205.38814,2.0,0.6,4.0,0,0,9
626.68805,54.0,54.0,5949.0,164.92938,60.0,165.0,0.0,35.826756,16468.676,101.0,0.0,1.0,3.0,0,0,9
652.7825,54.0,54.0,7696.4194,582.0,60.0,128.3024,538.5868,591.656,9681.093,152.69777,24.0,2.0,2.0,3,0,9
846.348,54.0,54.0,7611.622,144.16667,123.0,75.43928,109.99737,131.21858,41663.113,86.0,6.566367,2.0,1.0,0,0,9
79.36744,54.0,54.0,182.0,86.0,60.0,67.5,110.649605,0.0,4479.5874,72.0,8.0,1.2222222,2.0,0,0,9
139.0,54.0,54.0,342.0,81.492424,108.151146,67.5,0.0,0.0,1737.4008,78.003174,0.0,1.4660618,2.0,0,0,9
434.46796,54.0,54.0,6246.4927,1292.0,60.0,200.8215,656.5851,584.6509,7249.093,124.30865,74.65021,1.5129226,3.0,4,0,9
60.0,54.0,60.0,139.0,346.0,60.0,246.45499,0.0,0.0,87.91851,86.0,0.0,0.33333334,4.0,0,0,9
60.0,66.0,66.0,0.0,86.0,0.0,92.399345,0.0,0.0,50.765636,75.0,0.0,0.4,2.0,0,0,9
160.0,54.0,54.0,180.0,69.0,86.0,63.42857,0.0,0.0,116454.13,66.0,7.0,1.2222222,0.0,3,3,9
60.0,63.42857,54.0,0.0,179.0,0.0,519.01575,0.0,0.0,2333.5652,60.0,0.0,0.0,1.0,0,1,9
54.0,54.0,54.0,54.0,1078.0,0.0,458.2218,245.49184,0.0,216.0452,66.0,12.0,0.13473797,4.0,0,2,9
60.0,67.5,60.0,54.439583,78.0,54.0,74.0,0.0,0.0,281.37146,69.81597,0.0,0.6666667,2.0,0,0,9
639.5,54.0,54.0,6882.189,582.0,60.0,394.27966,334.90317,593.6384,15412.646,154.60954,12.0,1.2156532,3.0,3,0,9
882.5,54.0,54.0,12664.619,1292.0,60.0,629.29016,260.4854,644.839,14614.228,411.28604,5.0,1.0948079,4.0,0,0,9
60.0,74.063705,76.0,85.0,78.0,60.0,86.0,0.0,0.0,96.82238,77.0,0.0,0.5,2.0,0,0,9
91.48054,86.0,78.0,139.0,86.0,60.0,131.98062,0.0,0.0,8208.001,86.0,0.0,0.09394115,3.0,0,0,9
340.59995,54.0,54.0,5949.0,571.0,85.0,86.0,321.51968,14.61354,4969.8613,118.27437,13.0,2.0,2.0,3,0,9
60.0,54.0,54.0,180.0,1617.491,54.0,573.92145,596.89233,13.0,52.442196,86.0,18.0,0.5,6.0,0,0,9
570.98627,54.0,54.0,7184.0,1528.4348,60.0,513.3333,888.74664,626.26984,5097.084,155.11275,136.42575,1.3333334,4.0,4,0,9
60.0,74.0,71.56058,54.0,86.0,54.0,112.666664,0.0,0.0,87.399216,80.0,0.0,0.23939776,3.0,0,0,9
60.0,54.0,54.0,54.0,121.0,54.0,67.5,190.96109,0.0,3414.4639,57.78224,27.0,1.0,2.0,3,3,9
145.0,54.0,54.0,784.67914,571.0,60.0,96.333336,268.1121,0.0,6963.8022,79.92764,14.735402,1.2222222,2.0,3,0,9
226.66676,54.0,54.0,5949.0,1481.5947,60.0,415.63727,622.6055,579.37854,2476.2544,144.16667,33.714767,1.2731776,3.0,3,0,9
435.70236,54.0,54.0,2518.6848,571.0,60.0,206.07642,332.74908,381.99063,26482.207,86.0,24.0,1.0,3.0,3,0,9
882.5,54.0,54.0,18191.85,1514.0,60.0,513.3333,634.5457,659.75244,8437.496,362.68042,21.0,1.769437,4.0,3,0,9
70.55267,60.0,76.0,154.0,92.61342,60.0,309.0977,0.0,0.0,1747.6107,89.0,0.0,0.33333334,3.0,0,0,9
126.20338,54.0,54.0,346.50082,624.0,60.0,394.31723,256.32306,11.785113,3498.9487,89.213684,9.0,0.8,3.0,0,0,9
1056.9067,54.0,54.0,20287.29,242.45915,206.35391,67.5,12.0,585.597,119244.38,78.0,2.0,2.6867437,0.0,0,0,9
189.45596,54.0,54.0,6188.2505,1545.7257,60.0,461.74274,948.4531,603.69684,1047.9943,144.15709,169.18361,1.4584761,3.0,4,0,9
60.0,74.333336,69.5,0.0,86.0,0.0,86.06752,0.0,0.0,46.870308,78.0,0.0,0.33333334,3.0,0,0,9
60.0,54.0,54.0,85.0,86.0,60.0,66.0,190.96109,0.0,8308.503,62.0,35.853374,1.2209396,1.0,3,3,9
60.0,67.5,66.0,0.0,86.0,0.0,106.0,0.0,0.0,50.034447,74.0,0.0,0.33577853,2.0,0,0,9
564.3232,54.0,54.0,6729.521,581.0,60.0,146.16667,443.32083,509.17532,7330.701,144.16667,15.895034,1.5,3.0,3,0,9
577.92444,54.0,54.0,5413.7144,170.0,69.0,80.85714,255.27527,15.068754,22574.662,86.0,18.0,1.75,2.0,3,0,9
71.0,54.0,54.0,73.417496,78.0,60.0,63.42857,9.466393,0.0,14670.325,60.0,11.0,1.2142857,0.0,3,3,9
620.98627,54.0,54.0,7098.032,1292.0,60.0,521.18787,220.39072,604.683,4663.1646,254.26505,4.0,1.0,4.0,0,0,9
252.38268,54.0,54.0,6168.069,354.0,115.0,85.333336,190.96109,0.0,1603.022,144.16667,7.0,2.0,2.0,0,0,9
60.0,66.0,54.0,0.0,119.0,0.0,165.0,0.0,0.0,1403.2704,69.0,0.0,0.0,2.0,0,2,9
93.85864,54.0,54.0,222.0,1514.0,54.0,515.2333,455.4562,137.10872,1824.7793,92.0,14.0,0.5,4.0,0,0,9
60.0,76.0,66.0,0.0,86.0,0.0,86.0,0.0,0.0,78.66025,78.0,0.0,0.10393047,3.0,0,0,9
567.7447,54.0,54.0,6829.016,571.0,60.0,162.3424,171.11153,264.02756,4210.6846,169.19305,2.0,1.2804554,3.0,0,0,9
1027.0261,54.0,54.0,23258.93,1459.4209,60.0,513.3333,581.3938,659.9961,16983.957,537.6918,12.0,1.8,3.0,3,0,9
160.0,54.0,54.0,1423.103,577.0,60.0,531.07166,8.485281,14.61354,1279.8689,179.36024,0.0,0.43228844,5.0,0,0,9
60.0,72.23922,66.0,0.0,165.0,60.0,165.0,0.0,0.0,15340.288,66.0,0.0,0.0,2.0,0,0,9
576.9997,54.0,54.0,5696.0,571.0,60.0,513.3333,8.485281,446.4635,6984.464,231.91858,0.0,0.5,4.0,0,0,9
882.5,54.0,54.0,12603.7,189.25,182.0,67.875,17.751295,371.29962,21271.473,85.0,2.0,2.3333333,1.0,0,0,9
60.0,54.0,69.0,120.0,177.0,60.0,174.47061,0.0,0.0,48.865536,86.0,0.0,0.33333334,4.0,0,0,9
323.4,55.0,60.0,457.6452,144.16667,60.0,112.666664,0.0,0.0,15039.708,78.0,0.0,0.5,2.0,0,0,9
648.9106,54.0,54.0,6419.8735,1400.6765,60.0,513.3333,658.506,623.3912,39082.707,134.27347,112.80617,1.0896384,3.0,5,1,9
849.8571,54.0,54.0,9237.8955,571.0,69.0,159.1593,188.6708,593.1073,15053.861,229.80614,5.0,1.6637337,2.0,0,0,9
60.0,67.5,66.0,0.0,119.0,0.0,129.0,0.0,0.0,57.034195,75.0,0.0,0.0030968946,2.0,0,0,9
882.5,54.0,54.0,10027.598,571.0,85.0,112.333336,428.44824,602.56506,19694.105,165.0,17.0,2.090909,2.0,3,0,9
60.0,67.5,66.0,54.0,86.0,60.0,89.0,0.0,0.0,8369.77,71.0,0.0,0.33333334,2.0,0,0,9
60.0,54.0,54.0,180.0,346.0,60.0,67.5,211.47331,0.0,398.28012,70.0,12.0,1.330952,2.0,0,1,9
171.0,86.0,75.0,198.04103,144.16667,60.0,112.333336,0.0,0.0,8614.134,86.0,0.0,0.33333334,3.0,0,0,9
60.0,54.0,54.0,140.34892,571.0,54.0,421.52783,15.084945,0.0,161.60832,85.19597,2.0,0.33333334,4.0,0,0,9
60.0,54.0,54.0,54.0,85.0,54.0,67.5,4.81632,0.0,461.43518,66.0,3.0,0.7014448,2.0,0,2,9
462.767,54.0,54.0,5295.0,144.16667,60.0,107.333336,8.485281,0.0,8090.9985,125.014305,1.0,1.1515518,2.0,0,0,9
60.0,67.5,54.417755,0.0,85.0,0.0,69.0,0.0,0.0,158.75029,66.0,3.0,0.33457232,2.0,0,2,9
60.0,63.42857,54.0,0.0,76.0,0.0,74.0,0.0,0.0,2074.914,60.0,5.0,0.6666667,0.0,0,3,9
83.69435,67.875,66.0,120.0,114.0,60.0,165.0,0.0,0.0,8877.467,80.0,0.0,0.33333334,2.0,0,0,9
60.0,85.0,70.0,0.0,86.0,0.0,112.666664,0.0,0.0,48.493206,86.0,0.0,0.0,3.0,0,0,9
125.62523,60.0,54.0,180.0,79.0,85.0,67.5,0.0,0.0,8208.594,75.0,0.0,1.0,2.0,0,0,9
882.5,54.0,54.0,14159.708,703.3687,69.0,239.15175,476.05576,621.6498,7979.8516,266.5446,12.0,2.020589,3.0,3,0,9
115.28113,67.5,66.0,139.0,86.0,69.0,101.0,0.0,0.0,15776.581,77.0,0.0,0.5,2.0,0,0,9
882.5,54.0,54.0,9196.598,697.9481,60.0,452.8494,450.7966,626.45355,23956.723,205.01346,16.0,1.3064593,3.0,3,0,9
138.38025,54.0,54.0,120.0,76.0,60.0,63.42857,0.0,0.0,160.26521,70.39213,0.0,1.1666666,1.0,0,0,9
1056.6018,54.0,54.0,22562.344,1078.0,60.0,511.83524,596.0383,667.85925,63439.438,359.90747,26.0,1.8209523,3.0,3,0,9
102.0,69.0,66.0,117.843254,92.0,60.0,106.0,0.0,0.0,23783.951,75.0,0.0,0.33333334,2.0,0,0,9
60.0,67.5,66.0,0.0,86.0,0.0,92.33945,0.0,0.0,51.323547,78.0,0.0,0.33333334,2.0,0,0,9
74.0,79.0,78.0,160.0,117.26448,60.0,159.35123,0.0,0.0,2243.941,86.0,0.0,0.3328385,3.0,0,0,9
731.0836,54.0,54.0,7663.925,144.16667,166.56909,67.5,118.3561,14.802848,18980.168,86.0,7.0,2.1979556,1.0,0,0,9
60.0,63.42857,55.0,54.0,66.0,60.0,85.0,0.0,0.0,15199.1875,60.0,0.0,0.6265607,0.0,0,2,9
569.6,54.0,54.0,5784.801,1292.0,54.0,821.9372,103.517525,597.8097,4761.5547,304.79834,0.0,0.36958924,9.0,0,0,9
60.0,54.0,76.0,85.959915,283.02286,54.0,416.56808,0.0,0.0,4201.157,76.0,0.0,0.0,4.0,0,0,9
69.0,54.0,60.0,160.0,714.61096,0.0,575.74854,111.78947,0.0,2469.9802,86.0,2.0,0.025096262,5.0,0,0,9
340.82202,54.0,54.0,6413.179,339.45877,123.0,80.85714,167.5484,0.0,2240.7622,144.16667,3.166912,2.0,2.0,0,0,9
882.5,54.0,54.0,7674.0,178.81204,91.0,92.333336,0.0,262.52673,40702.625,85.0,0.0,1.3333334,2.0,0,0,9
312.69235,54.0,54.0,2560.0,143.7,60.0,125.16212,0.0,0.0,7825.4165,101.0,0.0,1.0,3.0,0,0,9
773.1063,54.0,54.0,7674.0,882.6488,60.0,347.39093,620.6842,620.9521,31702.873,144.16667,73.50307,1.5136367,3.0,4,0,9
110.486984,54.0,71.0,193.0,170.0,60.0,466.07574,0.0,0.0,1580.6819,145.91513,0.0,0.33333334,4.0,0,0,9
54.0,80.40214,54.0,0.0,119.0,0.0,99.13957,0.0,0.0,69.20123,85.0,0.0,0.0,3.0,0,2,9
60.0,66.0,60.0,54.0,74.523,54.0,77.0,0.0,0.0,6972.6724,62.11127,0.0,0.5,1.0,0,2,9
342.0,54.0,54.0,702.27057,72.0,171.0,63.42857,0.0,0.0,44682.55,69.0,2.0,1.8333334,0.0,0,0,9
394.13718,54.0,54.0,6296.301,1467.6937,60.0,695.1837,190.96109,593.7146,1166.755,267.67255,2.0,0.71428573,6.0,0,0,9
60.0,63.473587,54.0,0.0,165.0,0.0,205.0,0.0,0.0,863.7342,66.0,0.0,0.0,2.0,0,0,9
