bwd_seg_size_avg,pkt_len_min,fwd_pkt_len_min,totlen_bwd_pkts,fwd_pkt_len_max,bwd_pkt_len_min,pkt_len_mean,fwd_pkt_len_std,bwd_pkt_len_std,flow_byts_s,fwd_pkt_len_mean,psh_flag_cnt,down_up_ratio,fwd_act_data_pkts,syn_flag_cnt,fin_flag_cnt,Label
4.086280516321949,64,54,-21156,94,-4,220.17227848935113,484.5890915825508,814.2343211999707,2107.646335764445,75.28558207540092,6,0.45098852342191753,72,3,0,4
571.3297146615326,55,86,21353,701,458,83.79381649581863,-49.93119637914336,43.28449407479569,-2437.6320718840707,92.12073736234692,6,1.48089266140552,-1,0,0,4
-9.83064756673022,53,225,-5780,-184,667,254.05519236087852,1110.2570134181874,675.5684570238677,145368.71006243158,25.632514967920905,4,0.8355391646686,-40,3,0,4
177.2948077875076,65,56,13577,2424,724,394.7277760504686,-15.822799930813147,48.49087968889746,91516.77708921491,50.59118860515499,10,0.5037423894836742,84,3,1,4
85.80220771260653,61,79,36460,172,626,197.46854833856474,-79.1236214961014,494.1377848352792,77577.25323904533,15.84222055793569,4,-0.1994139111869488,179,0,0,4
569.7121219076384,60,63,5058,645,60,-27.19730803513228,-12.138848531839603,-11.6194014561914,10656.871086932983,117.0070403281793,-2,0.46217655669865415,-66,0,1,4
923.601442236891,48,63,422183,-224,609,19.198299170498153,32.61676788315948,29.738744002398313,-574.2548009394432,129.93549955060593,22,0.68441285683081,18,0,0,4
-10.70773543951276,59,63,39130,70,226,105.43538277784694,-82.47063345117272,687.8866562835765,14710.530091556993,78.91646399550146,5,1.8699281424409597,-11,0,4,4
385.6921903573924,52,60,-12280,682,106,75.27210370698282,21.01578371733075,31.02122493220379,-2962.137475541379,110.30851423149163,15,0.7151544583120966,-35,0,2,4
313.9633598981784,99,78,523945,711,64,256.9205853487207,298.4368353986747,6.344176103347037,8322.584967451887,543.0446664917646,-1,9.753697174454693,46,0,0,4
653.2178442058539,66,66,6358,-313,417,1.0713624650623501,14.37597476865596,440.38579178429535,9040.11143051274,63.05474170389868,23,0.5371000086333811,84,0,0,4
487.0033167740321,93,58,-1315,-169,618,249.9420758206511,2008.045999537213,27.53889689035205,64.6187687150832,24.704384003890894,-6,-0.512414445163488,-25,0,0,4
657.2657311840491,64,59,511216,2135,534,680.2346737487263,-9.94247019798392,355.90685967259606,-6130.397910404942,84.79266159088705,-7,0.6208237799503645,0,0,0,4
316.19233919042193,59,56,614770,-99,574,491.555732834694,-79.88766664782149,178.38186315262942,5527.83611762922,64.45245508259042,7,0.7257522052935176,5,0,2,4
547.7371744916005,51,223,21528,79,120,195.3478330531957,201.3833156246293,-1.1228365997138945,18292.949594465423,45.76481380099427,59,0.3521654704967112,14,0,0,4
657.2077197619442,61,56,36998,13,42,42.81097725557849,189.75212676560182,784.1911378311974,-1777.340137122097,73.30926238082121,-1,0.4180605479319335,4587,0,0,4
795.8666782534389,57,58,15676,665,39,96.10614585934664,-83.38085855130477,-1.8017959987358814,-8200.412136682917,64.2520751983196,20,2.0300711424056557,68,3,0,4
688.1586445163863,60,54,14068,-270,105,92.99509517186064,515.3050589382937,38.95233357138141,15239.579907381558,23.426954495515858,-2,0.7126118661864614,-73,3,5,4
509.39959567173463,62,57,22737,-209,656,283.8316168389987,-29.12833060328116,747.9600935834472,19919.61347620657,53.614119328234274,6,2.660311254222176,38,0,0,4
637.6087787454638,150,366,21299,-234,13,240.790240692245,-23.69913557902016,158.8288829438606,12406.859540092657,59.005247822320264,2,-0.6093971167216468,36,6,1,4
741.2291866409678,59,66,8816,-146,594,753.9091750179556,504.8860767021315,-5.680967816890252,44704.495578837756,91.17171357005289,4,0.35914803534848116,-24,0,2,4
454.87442087025033,61,81,30769,-52,72,-11.26877895785799,-66.10172956715024,779.768130195629,2931.7281504172806,169.03606733383958,-7,0.3047178129547218,66,0,0,4
743.2347302313098,57,64,21694,250,685,1.5509600101295575,-59.93702489995357,-7.323019625891684,6287.36105189189,122.46260492523534,23,0.4652188393124307,75,0,0,4
362.2776741385873,66,51,14383,2818,102,394.17124259182697,202.15389132329594,16.187125755554305,19050.78303475343,36.65295137069283,6,1.2076287858932888,24,0,0,4
201.22727365435736,50,71,14750,976,-10,238.94274087217107,-61.68137706047001,-7.4823793580452715,8186.827600036441,370.9053409396885,37,2.865612237337991,4,0,1,4
404.7792337094105,47,64,2517603,6715,533,89.150050156109,-78.48350954736001,467.47237686576193,-5675.319033555425,110.57931121236211,0,1.0003115817185266,-2,0,3,4
553.8290383225293,66,43,17409,432,38,217.6358193947743,-40.45656448264127,262.4775731940872,3489.2495597341604,101.17383206612287,5,0.4178384517070529,-44,0,0,4
474.29205606707717,66,53,22799,355,733,120.20825196876048,-83.39527095303345,17.086603995103474,295.7567699270435,20.635272686947815,-2,1.203895801900487,85,6,2,4
620.0458082619182,65,351,-13916,-778,81,14.230860731658922,-20.365620610839027,484.4791762724506,261.3518928314361,31.12909492324058,0,-0.033202880693122605,14,6,1,4
723.4296886863286,83,53,18964,880,84,298.081619504328,572.6827891343147,478.0872942667138,17018.79431817713,135.96762728465058,5,-0.25503960816229015,133,3,0,4
514.0624177755533,65,59,22653,-32,-34,260.6777024280658,-69.95943047585288,746.9504274956128,11898.204601525536,50.17794790701911,21,1.278076847451385,74,3,2,4
387.5796702283909,67,66,-10971,121,56,107.58253973538768,11.723005868730102,792.6267109531898,14240.744833263248,64.25964381356873,1,0.7408038241583423,11,3,0,4
-101.30434685859802,63,170,-22864,-48,27,415.97184425511057,143.22580652051758,12.654779308961695,-7902.415195626108,6.9614931528255255,2,2.2099908962410764,8,0,0,4
1783.6800290083415,60,57,30576,1032,660,25.313228588114463,-47.92600116111299,697.5669202717597,6890.7229036241915,7.074350769543074,0,2.518498992767373,2,0,7,4
-0.7042838632581265,61,53,12737,-86,91,-5.516289350701101,11.67888941859041,541.3655249969453,-1876.5853538439542,76.89880921917585,6,1.079391488339324,87,0,5,4
643.8222186157246,62,52,32516,93,435,326.99296630173546,-96.31235807135187,31.610794796931593,4541.5154682798475,111.95397953811022,1,-0.538631955344949,91,0,0,4
576.7493374376294,62,53,7800,-51,51,587.4118453285575,20.53267778306795,686.4676579983237,8133.065915377999,71.81496750910983,6,0.51173058919846,10,0,0,4
633.7902940528445,62,48,33564,-200,13,-16.685152346974917,69.49790606218986,49.31821144166338,8361.722638382947,40.53032617206091,6,0.8337609197535086,70,0,0,4
608.1894816304707,66,63,29064,148,526,95.17036456779256,-39.34669782548849,674.6373575190335,8368.584775635249,932.9840734495494,13,2.8573011664333166,129,0,0,4
636.5017257326693,61,240,34589,498,78,101.16056751738807,58.97462105632525,27.990897789477874,14219.060448017659,56.563698629881735,4,0.6650717498194998,75,0,0,4
851.8850038875538,62,79,-15272,23,16,136.43345391099058,-43.70136590439364,609.2198176436436,18595.840517856202,89.31269610664465,2,0.6311208233126477,-36,3,0,4
756.6241891634043,65,59,620660,60,602,-42.32527482797376,-60.42396483717043,40.73472349243786,18573.187425203876,54.69825521282068,9,0.6716516936547818,91,0,1,4
700.618632657978,64,50,5351,11,72,35.56391384496849,-94.17920158112578,24.46480979971789,12099.583816617502,69.1764199402978,-10,0.7681511856157978,105,0,0,4
885.429440550653,103,61,37161,-198,108,100.54560500844605,94.53360251894561,45.87704704060922,-1655.0946222046505,-7.910864284022651,-7,0.35114880012274263,93,6,7,4
941.215017930808,63,68,40437,-51,158,86.68348523393621,-74.74627508954072,25.798915796753267,10353.514332722523,28.732709545541532,15,0.4248009061035589,51,0,0,4
459.27998689219055,231,50,-18342,16,639,14.310293899912566,-5.595416810980483,42.00197039977651,3582.6211010688617,81.1405811416547,11,1.4038070974306307,12,0,0,4
1510.2079345205477,68,61,42610,903,62,86.51912975584074,45.88830651511624,693.2822366202364,-9911.104489140373,-0.8178173382358551,-7,-0.13647878355449367,74,0,4,4
415.7939316843026,89,58,42498,622,37,207.49438267110543,-62.36581252202126,133.3636018878734,481.60730576999595,172.6505573714043,7,0.7494622910138418,92,0,0,4
782.0931384500792,52,68,19651,-192,35,214.65784943013293,373.07065073005447,245.12809542329552,2448.2043313522545,15.112578580496418,7,0.8515521522208636,-31,4,0,4
25.41509561240227,64,59,23760,78,141,116.4159709032506,128.54211845404762,835.9186381106431,6578.250328961494,35.44435455749555,-1,1.5991965330424267,63,6,2,4
790.7166620759417,242,75,13540,-156,543,42.687084492534076,-49.564010652026724,-0.5770657111329371,6936.078943073253,23.229075151755538,5,0.37174350250377214,6598,0,2,4
926.2646059371543,67,86,583694,256,766,145.2340669947273,-18.231430673202155,25.190512019169685,4926.972786149922,70.99994873792437,5,0.5573903423709843,116,0,3,4
-0.6642740456409797,67,65,4719,214,312,-29.80735107328374,-36.15304274023258,-0.8819882284731624,2332.3388660812134,87.33686839717876,-1,0.21568170670948494,69,3,0,4
875.6158411566688,65,52,46746,1400,515,279.1961431156892,-53.37281832579515,537.0142067434788,20752.260449625694,-12.458652412795587,0,1.5162544755236045,122,3,0,4
505.0429750490776,54,44,28206,-327,535,130.63083458108034,-66.45061117165798,42.79938793689939,7959.753598327452,82.97408322888819,5,0.9521638344590524,134,6,0,4
545.0963418664713,53,181,429903,-2863,46,695.1754938129303,-62.2151340274625,624.3250756892321,-8304.060676372843,96.96240431997789,1,0.5051515029162639,56,0,4,4
408.1971607573747,68,63,17527,1744,-11,182.34313868127165,-94.91365682839235,41.108086207759996,20803.164486844642,19.30836161873212,22,0.6587178402898464,85,3,2,4
94.34101515536807,46,63,6102,876,37,263.28490328985225,9.889660851673874,-2.807202453307824,15818.421599195692,92.38034471753046,-12,-0.1906714118475692,7,0,0,4
314.4036112444693,68,64,-12092,532,152,114.52245875971391,434.6555921531185,41.285527165310654,22102.770993534592,189.37205688442617,12,1.285801510862556,110,3,0,4
656.4164582499316,55,57,10970,-226,481,123.83785781032196,-10.832271453269186,42.68041128077138,-4623.319342199834,29.49426063068742,9,0.4441683351289132,46,0,1,4
691.6826722817868,56,57,10048,1568,601,14.79546816062009,61.066215571805685,344.6049262136887,18862.54166755043,50.49334093087218,-8,0.8118133174460995,43,0,0,4
667.0880892284313,56,54,28648,203,367,-16.259210839827276,-9.037689317432521,788.1983935485526,-1625.1368136109368,0.9306249006722993,12,0.6859610158374998,114,0,1,4
21.736036476764866,65,52,6259,1578,464,93.70667287808632,2.168587293326687,0.6082263090538671,13368.422631182068,116.98939907799637,1,0.9964586873822927,77,3,0,4
558.4406656259603,110,60,31734,1129,23,74.27488980167908,83.06694022097926,629.6009312329353,5106.369180811698,239.40774465896038,1,1.1715992244888445,32,0,0,4
791.8337764127396,60,62,34953,3286,5,222.60817508583438,35.096503997061646,644.4217866476977,15035.022638372604,108.60259123031956,14,-0.05201344628154847,44,0,1,4
65.38236437990135,56,233,46652,-166,83,43.41065167032483,-55.15568269545285,-4.818672337801475,22035.256264786236,36.11832475558525,7,1.3359080458696113,70,3,1,4
721.0023832929289,70,66,-6579,-545,11,36.13161789241335,64.12689366163877,53.25762148760914,5384.127408284751,102.98030091355524,-5,0.6376169062813095,79,3,0,4
555.382978638504,62,95,31606,137,26,349.75610203221936,-32.33531809116981,43.921167306538464,-1015.4426973311201,87.72792621927553,1,0.6048341879131444,26,0,7,4
707.2902887007508,104,64,32616,1483,49,114.37641559974804,-69.71647257578132,3.2073307048393334,2364.577945148448,60.506234888125675,0,1.429250634989893,82,0,3,4
883.2724238298978,67,55,36115,-4,519,283.17727845048967,319.031784892124,664.7966455090186,15967.753875734477,346.02488586131767,0,0.5913869492401971,118,0,0,4
662.2355568646876,101,55,-2054,789,442,239.02669183239874,678.7206606150114,50.95005272005206,10873.946672486969,72.00687771262942,4,0.7433066680106183,115,3,2,4
185.0258587487711,62,56,427483,-42,140,279.1141525433715,246.89473095096952,159.323334609465,20076.708023324343,97.55638066953287,-7,0.5357377818789869,-65,3,0,4
1575.505089533775,51,54,10319,121,558,239.71160175706893,-55.61200093416478,604.9771171661977,24014.663233787003,67.32880020181192,16,1.1904489854875722,-30,0,0,4
365.6639323548909,65,55,15660,138,124,244.94952654979647,624.455895069119,108.8758006647032,3852.5974636092324,12.55767936751576,12,0.09702247898816818,55,0,0,4
579.2884180810788,60,63,534904,-48,500,82.31210573334529,21.348051497081546,465.14291067837,9917.994438740829,13.571776670007111,4,1.8050330455581474,84,6,0,4
720.6813928071514,55,59,39626,-49,593,13.250180807399346,-39.69788839358067,39.83847158727962,12862.725836551068,2.2908787421518753,4,0.3377431290620435,88,0,0,4
698.6923618793937,64,50,14094,473,552,28.698014744819602,1285.9797687217874,36.09128862585122,14960.19964674769,102.30048383875949,17,1.0795072691722694,149,0,5,4
69.38717304515649,64,60,578072,62,-2,235.3304266303549,282.4413224192443,671.7081799141527,-9932.319890735016,-12.421506292486981,34,1.6843969211223424,-44,0,1,4
591.4580168571923,62,93,435429,-90,511,74.38728350785041,-9.487151656711019,22.488969909334617,11306.88479176502,78.58171652865653,29,0.3766699315163543,26,0,2,4
798.0120909333592,68,85,14670,580,110,363.4477496611642,22.15027668761883,7.819680944207953,18624.890705148973,5.272195484830746,-6,1.9521994922925179,97,0,3,4
555.3484475422155,87,58,20610,-141,755,217.6600078262718,-121.6307675673145,33.73356857169327,25090.986634281155,11.73123146810282,7,1.3518913560528627,33,0,5,4
416.1666895409488,63,98,147408,-19,114,64.25548644887448,-125.20720319421906,822.3522681360882,11619.614913331829,-16.918216514823087,-4,-0.06708325969517182,84,3,2,4
23.354730018990466,67,61,5065,445,806,111.63208767769817,-21.13428669153715,-13.244839315718366,16630.862077025566,89.38368558081932,-2,0.2041187629343526,108,0,2,4
500.36128287442443,56,66,30632,1250,772,428.2507553740612,216.0991637434443,45.29771558380746,9872.927868612456,55.264335378355014,-6,0.8057197635354318,-36,4,1,4
40.645029390788416,64,44,29035,-249,19,203.40706008102842,513.7258756735025,34.14447087708585,13095.470993501305,85.74728236078047,4,-0.3404502466951209,101,3,2,4
104.08640067601405,60,66,24554,1039,544,274.55923362677487,-22.315803374919568,44.08744618784955,6192.049386279339,36.637589711240544,5,1.9725057562158406,14,0,3,4
694.5068452392787,59,51,18002,1217,97,275.73930290482986,5.881643642344208,-4.196143590197945,15435.439303133084,529.9822887896373,2,0.6459572691925451,-1,0,0,4
844.6084623337352,97,46,-3479,-413,595,66.62461326958702,205.53348849074055,-29.106818707666896,-4634.06497936508,46.28618570906899,3,0.7602143707380931,134,3,0,4
179.64914849211618,66,68,29219,4958,88,28.563370223480376,66.8264026088135,43.40436280494884,1407.5861638180418,19.3162534786688,8,0.7138866035170296,-71,3,0,4
-36.65794742325603,104,58,34822,436,38,205.68527220400242,1133.6019352775616,796.7257926768696,3777.4689306136142,92.69197077818234,25,1.9873090361323213,91,0,2,4
34.82766132977489,55,48,51731,511,50,138.7093094770685,256.5305563568763,45.777997088017784,8928.111829004743,25.265978940029967,24,1.3531573753024628,-3,0,0,4
79.43741166535764,58,102,14673,1427,540,12.896862710210897,-48.68855035037976,19.478720007637023,19254.384995888526,27.797286315347627,0,0.6629684299534627,9,0,0,4
814.2035802990116,95,152,134467,-45,112,82.10924348840871,615.2666253900455,771.3818449300204,1904.0197431350762,76.98943580811974,6,0.7367205548833552,-1,0,5,4
769.7825625799835,59,84,-3679,301,58,239.68547089954143,531.9696424511766,488.57883781466296,13879.423276211724,45.3985189504868,15,0.5230460400097758,104,3,0,4
604.4430036850638,57,44,21182,289,534,285.2199378759024,-16.66894198113996,3.8132391434563027,11289.473281093833,-3.938826863923765,-1,1.1093195836266545,-86,0,0,4
84.59547613820902,62,57,17827,1062,585,299.37418755795517,15.067281258938317,543.8748483620302,20316.384679814753,48.922780411012134,20,2.1727920838969803,155,3,0,4
10.983466291603392,52,66,18688,-28,501,109.52259456850206,-59.62017085484291,742.708926965979,-1649.0072932361772,14.605201660034368,0,0.612236419986539,123,0,0,4
8.112560394195796,64,51,12288,1222,595,162.70145198683312,509.2451317137839,19.249477426538988,234.2103507668371,7.777731209671842,-6,1.259969951052342,143,0,0,4
190.4766522380774,55,61,14702,656,475,527.1114729210483,-46.98114160721434,517.5396087282201,3197.000673443716,30.38630207903077,25,1.0335648604374783,23,0,4,4
590.7270354685076,100,50,32235,68,768,114.85111366851149,1168.50249418348,10.504553349941986,12439.239117203222,-27.461087825908862,7,2.133637902142352,7,0,5,4
641.5885583875274,60,56,4944,-1433,411,54.009082979343106,-120.66137527533118,56.38722903538299,5279.585533560561,1.7475931890407566,-3,1.012865457528548,16,3,0,4
95.16987337176558,201,57,28135,-296,1,11.387992150832318,-69.61749438277253,13.873699964475911,21362.97647733988,12.389438044434456,-5,1.0896843017367663,-25,3,3,4
580.0818341274138,57,49,-99899,1062,-14,-40.318236353858055,47.14596080717871,42.77817144300147,2500.434035592938,96.77512756945382,9,0.35307051236678655,-70,3,0,4
568.2523429381555,60,80,1923,-96,593,646.5073433441921,312.1289776845954,824.9157766445653,18458.88625687108,96.49400015732495,-3,0.32024757313354646,44,0,0,4
76.11107672575656,67,87,34354,849,642,250.06696794085786,622.8510191236204,528.8152220818354,-2378.072330525889,60.57592558118616,4,1.3518611566764445,-13,0,4,4
741.3371124173299,72,78,38750,1645,-1,73.9479285750499,-102.99779454403043,264.4115739645349,16567.4357822225,146.65520151953234,-6,0.6000201966650422,73,3,0,4
591.0759778170277,63,55,25643,6854,683,227.2125406568273,226.90823550342185,568.1749052595402,20695.430666040695,99.06152684865717,0,-0.7748778291130238,121,0,0,4
700.258128715291,86,61,30513,267,68,295.22153019229796,5.299324302883006,627.0157036690584,516.420671566615,60.79980016222941,-7,0.7400836792984131,88,3,0,4
472.1483998010067,56,68,-24449,-69,104,89.16313605480688,120.1125183447785,1.1263157224750153,22489.051151102325,122.09698001190415,5,-0.32197093453606973,117,3,0,4
703.0080814782001,64,98,37753,7306,-13,508.76867290132844,18.67632459561637,284.446142625679,15755.458770588852,215.03818362938577,24,0.6349876427463325,-64,0,0,4
567.1358537282184,45,66,16135,-90,729,169.19534585472078,-98.97896894261685,-15.706839106440135,10648.356077889033,94.92345554847284,-4,0.09359297830713281,10,3,0,4
784.6754532204433,66,65,35051,-115,542,127.1101615191496,177.40509326330826,702.9810398021174,3811.4641213018017,75.87115911230151,26,0.31624688209758106,-52,0,0,4
663.8321194900859,65,95,19165,90,114,331.452238028474,143.74628570100526,420.09388306532594,15943.241400842522,81.91335807096614,-13,-0.5306045348839512,128,0,3,4
28.1638957536884,85,67,28108,218,93,34.226113942003536,-60.4508763663673,278.08221940396515,-6563.268243810756,44.48335797018974,10,0.4110181950357695,63,0,0,4
664.8666882306525,87,83,45018,1314,275,102.19630349674743,30.6672438254241,1.3471479504657138,9050.059007263564,789.8964824077278,26,0.41253183289758766,117,6,1,4
388.43869930769233,86,224,34605,-227,-32,22.89224274903229,-38.05658304335688,640.2221642967079,19972.02141393981,46.74901515699374,8,1.172534213077159,113,3,2,4
960.8583757261952,57,57,-34338,278,123,1.2709565740852042,55.61106669277035,35.36973455061633,17857.013920860412,28.405860595973927,-5,0.7365946082515499,62,3,0,4
833.0762236970734,69,56,615901,531,42,-26.48668313459389,234.34591760931366,12.71675615185833,21807.405878377784,47.40006010491085,0,0.6586698514886982,38,6,0,4
393.1180596941113,59,54,14352,1324,58,35.32109785442513,-29.27141884557292,719.6558895833829,-7487.469496180159,163.0025166236637,22,2.254629091646878,-1,3,2,4
693.5339177737026,321,72,3000,-92,368,74.10138925723207,-38.63262756115793,44.444591740789654,23016.606524906405,-8.59751639285949,3,1.9793344519113174,95,3,1,4
802.1381998023586,55,56,34871,1282,58,380.8570218113918,273.08614372013017,42.578097824037975,12248.71115912394,76.32786949684902,2,-0.47244300526725325,103,0,1,4
565.5243541304392,99,58,-822,-236,90,-12.26118212856413,33.03475546430231,13.35235053157695,22367.492165193238,56.22659964151691,-4,0.5982718448278692,46,3,0,4
571.3059620915695,105,47,10705,1372,126,43.25833587291765,67.09842272593677,13.850122262142692,6152.739491940328,465.8451541783721,-3,2.0081099520797006,44,0,0,4
1070.1402913578845,66,55,2902,-139,34,57.8420988232927,308.88701921339964,353.2231913900803,18486.536587081366,97.33200866013622,0,1.1364650315478415,-28,3,0,4
-29.599431517907178,64,55,20097,58,380,61.77029481772487,-28.199319570598693,126.23706474371441,7261.2757535731,92.3613796334912,-1,0.5616378348898772,34,3,0,4
625.169153295105,52,91,20991,4852,786,35.09354543734288,-20.172628962044858,20.129636687981204,17809.76243866411,376.51813442809794,-4,0.8206550455101058,122,0,0,4
77.56544989042698,59,63,44098,392,-30,37.31220485697542,-81.54233698685762,684.1468989322437,11999.423096516533,225.3602508689415,6,0.688040236281219,34,3,7,4
533.8320031796183,95,103,24885,-5,64,317.3419266947254,-20.759671315467358,17.552724753408473,6478.140448264703,15.243082342437404,5,1.2152870302506575,105,3,3,4
472.5210288539706,51,56,-6145,-130,604,152.2352364787747,-79.45859976560817,558.689610291809,3380.1887910707783,90.8422154376638,15,0.5849354922955684,88,3,4,4
691.6392771502692,68,63,33532,-163,-19,21.135633369726023,55.403722342995906,594.7664237473293,15764.18501932768,24.871533329374863,-6,0.6596590312015354,-53,0,7,4
830.4431251475967,249,70,46189,860,488,7.024086055649732,-143.73487888238964,821.6684778753371,-2867.9915692897457,-5.902473021971062,20,7.440492922167148,97,0,0,4
139.79681574600937,65,56,3381,70,736,291.0384978395017,-47.08463996885315,202.64267972333775,13698.818854544861,39.359068803105316,1,5.4273341904008445,130,3,0,4
845.0919445194777,64,63,36937,37,99,64.8671678499963,-84.13063861332935,49.45875398734916,20338.172320284328,96.96160037530018,7,0.7029456650146823,109,6,2,4
477.06051557725107,51,51,29605,353,780,299.320571990853,-69.76931804878649,460.51241144197866,15073.8505436317,114.24439514218622,-3,0.5301221505043746,111,0,0,4
579.4494724490431,64,47,123745,-86,116,359.78545079472315,-120.21249599590945,-24.216699354303177,1600.3764753832425,-6.815061443511169,59,1.3940786597150159,1,3,7,4
524.7935092175842,61,52,21824,-47,512,54.75019532656673,-62.42523109297244,819.6009077976198,14138.969075345834,65.3620807069684,13,1.9140257426159504,80,0,0,4
754.5972641617966,103,48,-10320,22,56,9.808399122253007,21.613847653897583,847.3149324656281,-3406.0915872658097,40.07368073999455,-4,2.0026264917305676,60,3,0,4
613.0749849924928,129,66,19424,370,184,48.770302762043244,147.21039606156273,3.022447695235001,197590.9854685331,109.49397279054426,2,0.4991861401210025,-16,0,5,4
675.4615463597742,58,47,-3323,192,-2,280.80461680050155,24.177323266668076,712.7541497522654,-10207.139580941388,76.93421581765342,2,1.0041019714075252,-33,0,0,4
102.58111666248057,58,51,30237,-91,21,49.38491614243075,0.4029396114221413,781.4191983877506,18356.97729183264,65.79510632476303,19,0.2627156897466775,64,0,3,4
196.18006726269425,56,58,-3112,1872,49,28.7614744059628,-20.670783200219205,647.4160314226921,803.1858482872226,104.40269477782145,-7,1.049484832316465,72,0,4,4
433.7882042254673,64,58,-10205,1299,86,81.59985730110317,113.64873865738554,54.8918713658657,17720.086458941056,39.076335216596306,-2,2.933518838661606,-1,4,3,4
850.5773889045984,96,56,-3262,1865,139,-22.675479067897456,503.2684986526251,28.612805337617022,16118.753211805608,43.2677134178979,4,0.9780140469765113,154,3,0,4
612.0402324688312,59,62,922,1253,57,72.58256911787629,105.1451964833206,689.135366974938,14044.280093908485,81.76058852826047,-3,3.3293753055183952,-69,0,0,4
617.6807435888061,62,61,8778,383,698,276.6641612692275,-93.9824462285856,415.7408623859009,20698.077467889216,73.44628295664454,-8,3.05257498820671,60,3,0,4
179.17998680135952,281,58,14833,2533,52,74.21790478212415,57.948626053038254,797.825154863662,20709.571114272523,186.2064462121167,-4,1.3899017685851491,-12,3,2,4
718.1947440444771,68,60,34106,309,848,158.07630556817685,30.36631278422589,27.154764239663894,-3537.2304509792266,347.7947929006609,-1,0.42131522114389497,48,3,0,4
616.0077213411662,63,52,8628,1491,119,229.5199459923749,221.7687501937297,803.9686176735893,367.8505919865929,109.21956317345064,2,0.5170777811989151,71,0,1,4
647.6736541426652,65,56,46121,28,745,218.98526421015623,-114.75636849419325,577.0221354778367,17341.557537042874,32.19750068292774,-2,4.567341758770474,66,3,5,4
369.1952418176448,119,59,-3525,618,85,201.93013237114792,12.254866436447966,594.1667648275572,141940.2009891702,27.584711899625418,-10,0.3567172653757644,75,0,0,4
529.0645222291984,61,56,-26726,-173,551,272.66384951133784,-88.2265258743736,28.641175150104043,-5576.615709707558,123.89343999792278,-4,0.5333674888853371,84,0,0,4
211.66284218878923,60,56,26739,-243,144,118.5065596937246,-92.13048984779834,34.498849142060465,18248.002831925187,591.559263821268,-8,0.3344209171753978,9,6,0,4
56.31923742939322,65,44,22178,241,31,23.79255071119927,-4.159052345237983,591.968700425269,15784.139288415583,124.55957539238563,3,0.6589338276984802,8,3,1,4
586.442994257162,62,223,-3104,-60,109,205.05661337812137,-54.13821182302581,447.2749246637114,1883.1300684206897,152.96860885470693,5,0.4545053292279796,-40,6,0,4
387.2088550380897,52,57,51773,-105,420,54.04021030043597,104.03503422060015,32.78968734754274,19569.207809208703,14.03045585712475,4,0.4924917266630579,0,0,1,4
847.8541746151973,64,62,35739,194,70,110.5219359394458,50.0627504398696,26.4683281452187,168307.82490535433,46.134046326019764,0,-0.4669711642609671,75,3,3,4
716.0182896771166,62,62,46063,201,678,10.483429257385339,-56.515792591406324,783.6752202693654,7078.915598994506,61.64770782424182,1,0.5658935169869285,-22,3,7,4
76.87019105363375,62,48,-26832,-110,592,571.0603213701097,-26.067872918057162,626.6885978954675,12605.706243469525,102.70110627017998,-4,0.9455146269451958,92,0,0,4
582.5973817526312,67,61,27676,6612,583,257.6648881885959,-45.47161476737024,36.743060210469494,17984.850193821803,98.28277852558301,1,0.4587878755159774,112,4,0,4
586.1369625626725,59,49,19651,1072,2,467.65128156485173,28.877429289170486,-13.987712101666563,14380.572899948107,41.57609859996842,23,0.6060645753644535,-536,3,2,4
750.7988201512043,54,56,36955,51,125,353.8918683253979,-90.21034455857385,189.45011259313665,9304.980785240927,70.77127405701302,7,0.521898739358359,-63,0,0,4
753.8851320210773,62,91,604493,-82,523,300.4811891294488,1532.9439555738966,379.5765277368323,7815.440235061587,43.55161939446542,8,0.39765265948398054,23,0,0,4
912.0374242189721,61,58,8050,-198,32,15.461717537457773,440.64828909038545,859.515431844313,6177.611192544748,94.64728148434116,-6,0.5028340999356604,-25,3,0,4
529.0799435428003,83,54,21699,-108,424,98.87733916528524,-121.36542296184462,80.79485718840756,-89.42738467155141,-4.764055477675868,-8,-0.4171251319652658,56,0,0,4
48.46690946275919,54,66,19090,690,31,239.88345427665436,38.329160084153116,284.32608784707384,6711.918551558743,48.79476546568106,-6,0.30094573109964484,-20,0,0,4
114.11908783170026,63,91,-12909,165,707,104.57980530620536,201.78680517025515,884.4087091916155,19078.516914992288,49.89973304676416,8,1.1952060788224728,-85,0,0,4
711.7327218493999,56,59,31592,-19,645,74.69553132719118,-74.41555329741786,723.5324259859526,22744.495116758262,93.44169855101572,13,0.6782609258250077,97,3,4,4
130.22486301791247,67,50,21766,-164,585,89.71906606285494,-13.331934472778933,138.49691996759094,12099.244099048497,333.9269171603576,6,0.8330725014575775,121,0,0,4
641.3385059915362,57,90,6319,1363,143,258.7979603140156,-5.87997562450435,18.412153515447713,24024.788955523112,98.44714421271244,1,1.6849635717639642,73,3,5,4
404.9210742257354,58,59,49043,-141,-17,51.51328788196031,16.11316204292865,16.095598960574893,22584.24931478927,-149.96604825803433,25,1.3548449267646874,47,0,0,4
665.4342967850912,287,102,-17724,-240,58,268.3903319076952,-28.880624431322243,654.235379837158,17038.367094681744,50.33798584937677,-1,0.6112314357811623,-8,0,0,4
460.19155397085035,63,48,17919,1096,9,21.939142812926875,57.6069158435605,790.3335806854843,19346.41771698355,61.68444885383242,-4,0.9254208079226869,-58,0,0,4
-28.988438301042095,65,91,35060,-114,36,260.857720266271,41.87217392868976,57.38584392793968,7874.307141748879,72.38856939429094,-4,0.17372078808271657,67,3,2,4
-45.50734319842306,60,91,46800,-25,447,652.3002934284622,27.312033444369415,343.3377063273248,-5476.209856975592,32.735389892083845,7,0.5020897677184523,111,0,0,4
11.926913909686093,59,62,-17026,-83,782,63.08108221239353,-69.75075323674062,601.5371742754033,17605.555133925776,26.02286726242889,-2,0.6995497749384777,14,3,0,4
6.50668324370092,91,56,25645,262,748,11.664333823843165,-81.22556207961175,749.643680361278,16320.867824790566,71.05595784177441,85,1.2021063067242794,-26,0,0,4
90.11507122755596,60,189,47844,-36,31,334.96525139241544,-58.66831923783171,38.604785248161775,-800.7849392549006,-167.24173341919186,8,0.49968555362320594,-29,3,3,4
632.5659682146502,85,70,38772,-181,642,341.7118040054658,-44.00801116494648,773.8955556042935,-4712.1085881290865,60.38304396876096,-4,-0.0070256430294057814,81,0,5,4
575.0105199271732,64,66,-18053,49,653,523.415285126158,-63.557312214288416,52.019426457689235,4283.110156593534,211.38077661894894,0,1.6899738104463449,19,0,0,4
552.821407115707,57,62,24124,-23,789,-6.025059564017397,-23.27582946784665,-22.23367083406731,17142.276531158997,69.22306096651101,3,0.7202576614289806,108,6,2,4
602.6492872642124,59,178,14406,-111,499,95.43853266260362,-23.88350818330508,41.47353920005922,12182.599440289334,93.28972996573884,-1,1.5395891230763508,-36,3,0,4
64.84586793402157,55,45,482925,126,106,58.42889401410423,-119.79387531184831,906.1812222664805,-7045.16037416921,99.76774949725633,-1,1.0092119924010088,115,0,4,4
476.1698615328305,62,62,29072,-215,116,94.34505035326272,25.0640479123341,723.4680487858309,21612.937669422758,34.384041638897955,-2,1.293523321228964,75,0,0,4
698.2828305714439,92,63,43100,33,77,67.65641425487019,93.56264609034058,454.77029367684486,8258.726340661353,56.496947764479295,-8,0.2867372702946447,60,0,0,4
560.0166618365533,68,53,416898,-518,45,42.49586012758782,616.4364659052395,716.7660402680451,13133.976521763361,50.68606510806096,1,0.20932490277163973,10,0,0,4
812.1623229603889,58,58,-22126,903,75,22.623523521519758,-95.79407953967846,17.042263269835107,8364.172388277291,67.76022969428402,3,1.4100714150096134,162,0,0,4
682.2279843485991,61,55,-13456,196,803,106.593100070606,-40.71079720086104,37.555230421783136,9204.148906184026,105.84904057098292,1,0.6581923746441751,100,0,0,4
762.0566483973871,99,49,-6741,147,606,327.76046238266247,-53.64006224001997,54.772560181978264,2520.040507981716,57.578810887195154,-5,0.367350177983261,40,0,0,4
-72.43452417014745,83,245,27186,1164,423,38.418276812052056,85.6103655209215,235.41390512448396,17364.174372135632,25.092793480587645,-1,0.45195996451470816,63,0,0,4
1012.038253085644,98,86,38181,479,648,294.5201293604573,-29.596447366599467,578.0795744879424,5902.51523549862,76.52070923820071,18,0.42502816974635865,147,0,4,4
-63.93349656797133,54,52,528289,-133,717,-3.3922706253899406,-69.0946630962895,28.198814225912393,16109.721138433895,258.17409793643566,12,1.9967811718470572,26,4,3,4
-13.5193164349363,55,62,23041,-122,72,-17.034570479708037,324.16294636882344,557.5338955558888,7465.09998931251,422.91682625708074,3,0.455657721443335,-41,0,0,4
857.4040777431868,71,124,19975,133,114,118.37503747925768,63.417301669421576,894.1496755397457,-5350.68539754062,0.22121502595693698,4,0.5255806582630396,-51,3,0,4
523.7221260427243,67,64,-9766,764,8,484.1931489224953,345.285717138044,911.4935412243253,8579.133212259036,231.51669275785142,11,0.5392157615170272,-49,3,0,4
102.26086737291914,67,67,23096,1244,117,93.1765380990098,479.77472430203477,-4.26002724132332,15971.296081662782,2.651396862569527,-5,0.5590515890001336,32,3,0,4
715.467009916769,63,65,13436,187,494,318.1607095110903,62.6233725507459,446.63986353364413,4911.086063500166,122.96791919048144,18,-0.007195190583193067,11,0,0,4
528.8857427181323,104,51,397370,100,112,98.06531168594617,-90.90195363480981,657.2062556285109,15757.200709863788,154.72140978881873,-1,0.5533558823855759,69,0,0,4
860.728805229042,62,68,32787,1545,752,14.298000838300084,-74.37172954099869,35.151351112286825,18593.39549720876,44.95591738845786,-8,0.9899780844297995,54,0,1,4
539.5420402037226,104,56,36138,51,378,69.24633985394806,36.965365622318444,12.46851889873124,10854.128763351357,30.44172263193923,0,1.5183459563337307,57,0,0,4
670.2468279987379,54,56,34982,-191,144,107.84990448422711,-115.83041828477612,25.11447200096422,20488.753118004784,-8.228501597416297,-6,1.735448304690195,-17,0,0,4
828.4461060191394,62,65,27073,-292,1,126.22634083186563,371.3790864142915,640.2537529228625,4289.647601488339,101.82611807265906,-4,0.8993853795618159,-103,0,0,4
613.1900826091154,66,65,23755,71,5,302.6579280693918,-52.9952608832226,28.278757067977846,16235.541964007949,41.988118487620056,-3,0.6499593926352291,72,0,2,4
827.2032207412648,57,65,12480,-135,529,254.30271387136156,-14.010917568204622,597.8505446134534,6827.321240315397,107.95019300930635,4,1.6920734303847795,-45,3,0,4
513.332452179545,69,83,27076,1631,118,57.537427528241366,468.96617365401653,816.0704213447252,3921.252445806188,45.86131825123862,4,1.0588863021531718,70,0,5,4
471.23401075076146,67,62,25347,-211,465,184.66485794633806,-35.22534213748766,24.47167876971147,9644.441792599826,47.06661562384268,-5,-0.3721751903813115,100,0,0,4
53.24876907747874,65,63,163120,25,102,281.0771560838794,-18.148808414777903,-27.303307075577695,9500.820869900945,146.0335072517962,-6,0.4203865086621368,-36,0,5,4
539.9211270049414,58,300,25963,890,462,296.0623850695676,-32.62078931772301,679.2802105931345,-2470.79197473318,2.0064368158433297,1,0.5088041722746743,99,0,0,4
225.60174903474547,67,64,26328,-71,99,103.94841040211963,471.2396036737936,52.30754034898388,21185.19462786466,93.0032196446061,-1,0.6224933430693117,55,0,0,4
540.0798833981187,64,52,-5163,-181,97,115.2963424849026,-15.196312006961715,711.65793742848,20332.810930715048,42.127798564013716,24,0.9821496635553963,6279,0,2,4
411.1206062256616,67,47,24759,-7,617,45.180754459584925,-123.512060820096,37.84119590146724,147582.40784537653,23.334228490945776,8,2.80251035284632,69,0,4,4
681.602993753685,61,63,319513,-128,132,99.56297860492089,-72.2806278431553,672.5208445699282,19968.01889464654,60.195069646152064,-6,1.1756743908237448,118,0,4,4
-53.905716727743965,59,183,9186,335,130,170.82652116766496,-98.7083267553746,16.25657464765527,14777.133652069228,97.96658152773134,-4,0.7195449040605877,13,0,0,4
705.5734936926156,104,239,-4189,661,-38,-19.938778261962,1541.3003741228767,41.209816099401955,6487.548299713033,55.45856691419044,4,1.0983884689905277,61,3,1,4
529.9015763776335,51,61,37875,237,438,38.63417137131335,-72.27174578162484,879.1479579909976,7056.007127009563,39.13081450777208,8,0.5627741342021423,-39,6,2,4
107.90879986667557,58,50,13237,-215,482,109.96220463370781,-7.830325974651503,34.68486330269023,36.147914167598174,109.43501999387382,4,0.7277882118038775,5,0,0,4
703.8389647593094,102,64,41275,-212,648,125.01901459004995,693.1512371583949,299.597688658121,15757.721715230637,255.98032148259387,-2,0.7144577347061898,90,0,2,4
847.5585350359862,54,61,23293,-152,-31,68.25578741487716,567.7100968738799,775.5337243574345,-12242.120334389929,25.822777125986818,-4,1.7526444323008248,-48,3,7,4
369.417688378118,67,88,444099,-252,81,539.3260490142677,-68.88651654638818,32.224039934589115,2599.2861336662095,74.2753184884009,-6,0.2584958507368668,129,0,0,4
756.2036334311902,57,65,-16606,-117,390,418.9141837010879,-85.4974705726214,11.24261265312953,9594.359462029799,265.74287410046503,-7,0.10173316794705889,-38,3,0,4
907.6040096761333,59,66,-21,-168,627,154.3820197870263,334.33065958489817,-22.282024963205032,20437.762377925996,71.05975989160193,4,4.831665686802283,25,0,5,4
462.7851625395149,68,259,30992,-174,-13,-11.462021028965566,40.11144954049898,728.9050273220099,19383.928526980915,11.160987643017862,9,2.157532804056118,6,0,0,4
1411.8623505205878,58,64,15475,285,467,193.70446070758805,-68.24153829318716,18.852831579160686,17458.80817902581,134.43560155117063,34,1.2843547554293484,-50,3,0,4
2050.7527720733183,65,56,6999,-162,647,17.02392653286016,-53.481116166175,783.2472888808591,2093.1176951828857,89.77535304574651,17,0.8667900656407626,90,3,0,4
547.566925297132,61,57,28140,1911,80,209.8846454630132,-65.95295503651495,276.20735544219815,1501.1127357776927,-35.40817356650723,19,5.72001042196307,9,4,2,4
639.5414223789667,58,48,31519,152,85,13.014029786050912,474.8737966028515,21.109152552460998,1753.4998344684607,584.5719854362262,-9,0.7149084426683481,-50,3,0,4
183.4663842443826,59,69,-173466,-690,539,82.90664018979177,2291.1865576961927,1.2462536812894913,6286.841228836769,77.93754346132519,-4,0.6317792624994123,-33,3,0,4
663.8194089085257,62,69,37987,682,116,34.87431605817608,-90.83887610140425,28.18730647098808,7703.735817380951,91.06899377765552,-4,-0.6264131097946781,127,0,0,4
800.1854305934926,98,64,-3601,85,764,447.4924653125005,1019.9123794360506,292.9359433246177,28503.078895402934,129.85381913102026,-3,0.577760535634761,-3,4,2,4
8.131219803845866,63,68,39718,2170,26,226.4523367729395,-66.04987564503921,-23.079897829778247,10684.621519535991,17.322004590408653,2,0.9913862421128564,46,6,0,4
26.162831157453276,60,282,39620,-141,589,43.81409715495859,-79.98806932239647,760.9525285194529,1624.2666602039008,0.6269088818019242,2,0.28272299782372,113,0,0,4
223.63762078089232,65,61,33792,157,736,45.37632249751736,15.894862570491723,384.8583005231841,19084.4458141896,119.45520334590242,-5,0.2948745957557022,160,0,0,4
816.7863517369767,66,55,9730,1481,77,61.78918512459862,4.010029539596213,50.07696872072174,21077.56485049252,23.787615174370742,6,0.5272183082723427,26,0,0,4
1519.2079378099907,76,62,30748,1536,619,0.542564649848515,437.09154095374413,-22.81772099076456,-2609.8669088491706,634.1173368753101,5,0.4313352677828372,98,3,3,4
154.53038668888541,63,57,23151,284,66,61.67523610326127,-35.62966679903303,40.86911444432528,14465.728507842316,65.73524576321871,-22,0.06686423989986484,34,3,1,4
802.4468719723358,57,56,-3718,718,604,488.62104898656435,42.28565996187663,287.23119149897343,13646.035729890868,16.179808600439202,-6,1.4166727147437719,76,3,1,4
60.72103621898836,105,85,11359,-171,396,2.7104778254006163,45.51141476164163,706.7283568246667,5362.547854678786,46.88407784141937,5,1.9627315966302321,-38,0,0,4
805.9171476192173,64,48,13449,676,71,-17.12773992995345,-80.84882860186671,-6.610046187686111,22475.703639934112,70.52968382476429,-3,0.19839375579074336,37,3,0,4
769.1280759418173,61,48,26254,-274,759,352.1223781770508,-34.969084420962986,8.7243462225158,-1046.4748331790133,212.70482222034022,-8,0.44271482523081984,89,0,3,4
701.818965882983,68,50,18372,13,78,262.9586689462512,10.62466191744907,736.2422732121979,20073.1926164618,7.474390355620201,3,0.6814787893416574,21,6,3,4
627.621013354126,81,56,27977,-156,68,101.13777257544288,6.165041682324656,26.47696267838704,7825.119032946914,-5.440276664677896,8,0.24367626374229745,-26,0,5,4
608.5248231151604,55,62,-9888,824,426,100.26794738934503,674.1134167271739,19.61395099589811,20579.475837708433,152.56168641801534,7,-0.15482858471802907,-2,3,2,4
152.80418639790548,62,53,36970,-104,109,85.2863060368308,304.3801917390042,18.421949603336287,11599.316197428023,18.72366724875461,-6,0.5385257230330484,-56,0,0,4
891.2161450393044,53,54,14636,-104,63,88.2904705502846,-23.077596099302315,42.13772176455227,2345.9999854345033,270.3804763037882,11,0.9726372701152349,82,3,3,4
1612.5743734134408,142,52,191,-100,90,16.370353208156317,-7.1760432033771,-1.971737029768922,-2673.962392088627,100.44581636117904,-3,0.8085103668058307,-31,3,0,4
681.080882172671,57,63,23515,2271,-9,374.91043947019176,-14.81270517290131,-20.17384960816727,8243.437867744484,93.43999021121618,15,0.4834855339872531,34,0,0,4
693.3643682864887,102,45,-5480,90,726,-0.6265839758499681,198.21236796345826,31.922582102668407,14973.7828320531,53.50059512402632,-1,0.6120902119070086,84,6,0,4
709.4975622764637,54,256,15847,639,93,548.6990023067233,-110.66940053602761,58.190080904391095,196595.96538890575,-17.863076202812408,16,1.668799539242693,-126,0,2,4
692.4692763697408,60,80,12868,719,115,11.68645853237598,80.10831656554961,-18.261096077749404,8809.289106531372,13.52991229586084,7,0.025488706187798804,90,0,0,4
565.8927873655324,99,64,18404,1753,634,234.47600086540447,96.43669127072376,712.1562457561687,15748.476037540593,80.41079659321011,131,0.4907037171811596,-51,0,0,4
556.0881553803778,60,46,-8888,184,12,112.73187531879319,-109.4168250328172,694.0459434052765,7940.88784423443,62.92761442532618,12,1.2212108726539725,17,0,0,4
538.4295686542013,59,60,-291,-31,59,225.31342574164438,-29.927341399957445,317.6055754632466,19331.813802555494,128.01852121625888,17,0.404156183740492,40,0,0,4
808.226503967885,62,65,3154,1081,38,1.8885334603971415,1456.0689440325875,2.9815160749927907,22179.077392270563,16.606833255977207,-1,0.3288937910716932,-99,0,0,4
334.6296729799306,66,62,19291,51,36,72.3252000713482,-8.577749357614353,783.6239824977868,9672.938263901353,376.7679038756264,-3,1.7661143144553655,25,3,4,4
1860.1432520692645,96,57,8146,29,59,1055.3530672349534,528.8596555836724,39.55363606802736,12217.237232794778,30.20585115091159,17,-1.0991072172207197,61,3,0,4
632.3868330297796,69,45,41792,-224,52,364.0991283463238,-0.8760645761405357,822.2004447391565,18945.75276676081,81.61606612155028,5,1.634666760272784,101,0,4,4
143.60091068415912,63,245,26021,868,133,247.45121304136188,204.98339898428006,733.7058235268847,23334.85961864492,36.97111443982652,3,0.7746911878297462,28,3,4,4
800.443354112634,66,62,10668,1212,840,14.165140492316468,324.56109451686655,-20.233280323117153,21713.181939552298,58.33299807409492,5,0.547950965927378,-42,3,0,4
1042.8663341055985,67,48,7678,-31,86,88.25291879672668,389.21368492181904,35.62073816246513,4464.7471797632825,80.0092873324525,1,0.815062522191299,-13,3,2,4
372.80012902198075,64,54,39227,712,61,14.953152831250506,1609.2996223143653,-10.828953247389927,20272.632840324655,25.88464582421706,8,1.6356316030310067,75,3,2,4
51.576113847554474,80,67,30412,143,115,-25.039371295600034,-24.406253349170562,422.98577979161814,9100.390411503671,30.520336409890795,-6,0.3652388865108518,62,0,2,4
152.12414243742322,62,273,-27721,-155,113,-10.337448763460714,-21.722690681750876,672.6578936094229,13446.108393597286,39.772748310091664,3,0.4456140801210558,99,3,0,4
1413.0641751321386,67,61,34548,163,743,259.2986460744926,686.3250613255949,-5.385507324301061,18919.31785300389,28.222193969408572,12,0.21792043416658824,102,3,0,4
530.5179019975549,365,48,23109,-141,214,78.47774692306152,275.6613022171246,25.93370260648934,2771.2951490918217,34.774440829008284,0,1.8349208804354689,49,0,0,4
669.1613542821117,58,142,24746,2241,-11,727.6728081693979,-76.37172959096407,23.6212385827193,17021.961337184683,-2.390233584074224,0,1.3684626384950345,21,0,0,4
93.41743413970836,103,46,36129,1085,57,32.307270711971654,-34.486138618333726,645.04073472855,17035.661965454783,-6.177081413584403,9,1.7141779259391803,82,3,2,4
703.9788689771648,98,49,-8411,330,-9,269.5244775114982,-98.51275381563774,33.36695030769871,12455.127022164703,18.311803271516013,-6,0.43083511711302663,44,0,3,4
596.7853839958243,62,77,30827,-157,-12,59.02288195373157,-91.84845180802644,709.1416768651061,-4789.206347513037,16.153714547422766,11,1.5023398810454835,9,0,0,4
513.8888255400573,59,58,14520,5381,331,61.92287917555861,35.383138213366976,480.64376714368296,15613.15415494388,82.86085147552309,21,5.334332911298548,92,0,2,4
675.9698518207317,66,345,26029,1737,151,109.80944979838591,-28.501232852353997,607.2205995931756,19824.763700374613,269.1226601665376,2,1.9759398648507336,38,3,3,4
128.30961948642255,68,55,14818,246,69,370.4629127743533,383.59437298044594,40.44772469367464,15410.988308450836,55.64945696172725,7,0.6049023961686588,6,3,4,4
526.6994407237869,61,343,34441,516,205,681.6860018205304,28.14606740138347,390.77634563692607,4885.873857118926,47.26440787577008,-7,0.062360929622006456,-8,6,0,4
822.1610952118526,55,71,321886,2,529,24.397077896088227,145.66481521257543,526.5996046929578,-6825.745387815218,151.02297550574053,-12,2.6545611813327517,-58,3,2,4
629.8948257411851,56,55,12939,-148,63,81.45504999345897,-98.0202578086363,271.6840108844303,21300.597710725222,151.45901002207515,5,1.9788525258341885,63,0,2,4
860.7732073711668,63,51,31249,503,111,72.11942381807124,-20.36616526555552,38.90705709763042,15398.596105156477,342.239554918415,17,1.1183765819172353,-25,0,7,4
-27.23386641866891,55,53,25588,1515,749,94.96581843803467,49.77770219813499,50.73212275268534,107591.06789289725,135.42217448477416,12,1.0926689736594086,117,0,2,4
793.1964622357167,64,61,10625,20,57,124.8607227393247,67.49696101301551,396.0793799985744,10930.839512697303,82.59169081620568,6,-0.2231048708477339,-14,0,0,4
377.95140981744987,60,70,18102,3365,683,449.93621358801425,-43.29579831285422,666.9812854951583,20667.572248966797,219.79647384088767,-9,-0.1361313258362306,54,0,2,4
220.88870453054173,60,93,21490,1107,53,891.5296185072966,-54.107515641824605,44.98025617406079,16591.656620222268,43.50259004221875,-1,0.5668066774415632,23,0,0,4
697.3957713207028,57,51,9163,55,133,323.7275887924875,-57.71195210735901,21.958743410641734,17713.159688647782,136.9852160866457,-8,0.26969377772097497,13,6,2,4
413.86557662794985,103,51,27833,445,482,74.02650643672764,-44.518678496094566,-26.215201641900123,-4275.3642133041285,38.245790651350354,25,3.471921497533299,85,0,1,4
678.8155825380709,66,52,19126,675,101,116.31756802764926,138.85326773691844,16.64517510241934,5721.451091622656,30.02248934576145,-4,0.39633841627170907,9546,6,1,4
518.8163216469138,66,63,35537,558,410,362.72455048229614,86.48867994289488,50.61003498839465,-4482.433500624945,366.15249875366914,12,0.7532726774653908,35,0,4,4
436.1100311124692,99,56,40821,6246,152,273.7130126979256,455.6528658041476,194.5825527131603,10951.034185169303,109.26414414284676,-52,-0.11296781336407868,120,0,4,4
-60.49168240071046,51,74,570634,9,760,269.4238618340686,-49.38103925346543,14.011293090416071,18958.573755107456,8.35849304842452,-8,0.35974655063950645,128,0,0,4
808.800898134497,66,339,37273,122,457,5.562239259308598,-12.693630567439186,851.1802643555018,2685.827706480128,115.3111026111315,4,1.318795654133436,45,0,5,4
247.41648456714313,95,55,451975,-222,787,2.4094659580747333,1567.4342005204,808.3931552426181,6749.116246000918,160.05974422541846,0,0.42402531715726166,98,0,7,4
51.21067934957708,64,122,4369,94,96,51.883032536022284,-76.13736978714343,38.978850471778706,15546.260533955094,63.859038130577645,-2,0.673222126407921,110,0,0,4
146.17304063898177,98,103,580842,-115,29,101.25833869215998,-43.28569659717229,37.712930524552455,17319.63274841319,51.33967591536325,15,1.4169002490021672,7,0,1,4
363.5272240675423,68,103,45031,-136,20,44.68895492991946,-109.13695630157423,40.04778932332863,8170.052567177249,15.95300136940675,10,1.4809228938952894,65,0,2,4
175.92373582294306,101,67,592307,-2,24,59.71491313151947,-0.37189353265794356,627.8852458511296,22106.354186269367,68.0375736362098,-1,0.6443353356838388,35,0,0,4
118.6538878471256,58,276,-20898,1211,745,230.76804149042056,69.70984191926402,591.6808704435044,-4661.594713779409,103.66250128985564,0,0.6035041377316025,-3,3,0,4
767.7130503972292,54,58,41059,674,660,81.19456484322059,-71.63972286240667,806.0915653428372,13043.359421907153,-33.12691649422118,-2,0.6396465137348933,6,3,3,4
821.3418803734194,50,66,31245,64,226,21.407752805769668,41.40129665044087,567.8638862863058,4814.164877525887,50.85554916460429,13,0.23153037357331807,-50,0,3,4
65.92682795658523,59,93,30680,395,86,66.76638865407854,13.220605584937552,608.9336000917516,11328.912835618696,28.165711566075693,-2,0.7855597182318486,-64,0,3,4
144.5644861500598,115,50,27031,-32,23,255.9406683797289,-100.66751959811982,132.48615133041025,10197.146513211763,38.209124039394965,13,1.3948229485129882,51,3,0,4
137.28397654344593,57,53,26442,81,671,100.58288353096127,-11.615506340611812,7.426427301234623,16288.390509910732,-6.821539736005889,5,1.7139590554606547,-9,0,5,4
424.4204969695937,60,53,19994,-40,25,822.7057021284078,38.63655482683721,562.6424783745788,15038.862786855632,41.61722604322077,-4,0.4036989981688808,14,0,0,4
679.5231714216318,90,95,166240,5184,645,7.301207721551648,-79.61907273472673,-12.088007012353929,22703.924484016417,34.88510775115937,-4,0.4077068911775237,39,0,0,4
309.85470622419285,62,92,24359,2202,61,256.56929883831384,-98.0233559494439,873.7673920013372,16811.078700446607,4.9258890426730915,6,1.013695141520446,31,0,4,4
663.4987232832665,62,85,14333,41,70,698.0840279026678,60.42782693049047,700.8014695954839,8447.033129113137,74.8855542132244,27,2.9965668157259193,69,3,0,4
810.303287703978,55,70,5230,-160,120,40.317265252982615,-45.83028153610073,36.06623249667008,19941.705364893398,49.28257017153784,2,0.570493018916379,39,0,0,4
675.3853004345511,106,64,5101,5969,580,690.5066101608074,249.7147376242672,178.1287221165014,17967.616818117192,523.5174438695576,-2,4.144792686789137,33,0,0,4
717.1056035255949,97,91,12021,-180,601,49.5572969066644,-56.19507010125801,373.32494962903064,15213.070113882055,45.79328613098653,-8,1.0130640838273663,99,3,2,4
31.246482135460724,59,269,-4014,-63,107,163.49707630153694,-81.58495970979942,613.1864026298409,18409.82347311197,72.4399527382908,-3,0.48024485755023494,116,3,0,4
672.6609971685631,53,52,26412,64,32,67.08275400422573,-59.01830411727798,50.06291112087557,-4584.061075472816,54.91843676517965,-2,1.0319923335787036,29,0,0,4
131.88181791184365,52,62,29875,-29,622,58.022125386105245,-21.484656013771428,19.192650452649985,22304.396129465375,73.79806278080625,1,0.384128004711049,-24,0,5,4
183.8176141643147,52,56,276797,2047,51,106.05593251131556,-87.538296450481,29.844949132066393,3825.5870011203406,87.68121987418765,-2,0.3733083932975235,39,3,2,4
507.41676701709576,58,57,33849,-240,-13,254.05282238324696,3.811000282709489,12.651497219944199,13666.995752152896,99.87995894975583,1,0.6701024515951441,-23,0,0,4
903.6987440818568,60,55,18842,-174,99,69.55381118335984,447.90282825929705,16.783010760985086,18847.7879936372,2.7064206744882995,2,0.4537717064731589,3,0,0,4
714.4392384978015,66,78,9492,130,708,40.55910508475811,337.00571338337545,33.85143013528985,12283.898332477635,22.0634112625007,2,0.5044420842765214,13,0,0,4
421.275798578509,98,61,13153,-58,82,331.6642064660085,-26.090567801323054,11.379267707477629,13699.502230721951,121.86047209055906,-7,0.42999867760149896,110,0,0,4
189.9094333189129,54,64,25746,2241,477,434.38856579442455,-55.364983727146395,539.2231906708574,4052.427739499634,31.787998234235545,-1,0.5122086352398755,-43,0,0,4
26.83177304239156,63,43,18079,141,703,-1.827147165532324,533.2472371940737,10.084664327989891,14418.835660202618,105.21156017604271,2,1.5185065591736597,63,3,0,4
635.1126072923669,161,46,30629,149,123,81.2510050683643,-1.6671208536133726,638.6852561395642,8241.972195309307,7.645579402277178,3,0.5362812073926192,74,0,0,4
176.3840523209335,60,63,23219,948,874,126.5178479953992,-66.5922260531141,41.661673894986244,3622.8359195601956,165.00286371552085,0,0.7681479564924628,76,0,0,4
677.3463716262141,65,280,11788,1178,517,282.1018132619159,47.234669698438964,561.0417179944814,3535.8623719154766,77.34806029666943,-3,1.089409067245528,14,0,0,4
429.4688429952789,62,98,25120,-31,49,28.324827846681487,354.25725042105364,449.20411075999306,10608.341131657973,251.9391075190674,-1,0.5496967376481496,-33,0,0,4
653.49688860154,57,64,-19865,1294,565,57.436205935815124,-116.49404979822482,21.243229419952062,17897.1999081877,46.58641135525089,-6,0.32609227333894175,34,0,0,4
46.379850736929804,64,89,-10628,-233,93,8.7492154823465,319.30687617320774,36.4451297879232,157628.41992328328,119.70581679449428,16,1.9341927873586457,80,3,0,4
1127.5436384318136,63,83,-15659,103,82,91.45438619008581,22.405497465356337,4.455513159749106,3602.9812725508773,14.546917125697277,-2,1.6705993829837622,37,3,0,4
678.7432417063073,68,50,24578,68,51,254.7174077665129,-74.98610937153735,480.7889777032187,15021.113923238892,11.676417208338904,10,0.5726967855281888,74,0,0,4
-75.00411338544237,63,60,657424,1729,467,251.5793062093688,-106.68398973422917,525.0870067285208,11254.93795560456,35.5593258260043,12,0.3544627221841925,143,0,0,4
496.77461001308563,66,62,-6553,202,743,93.44361910792028,-30.682405078248845,23.7888983202818,431.1878193063708,252.75498108662185,-14,0.6379302156218133,127,0,0,4
89.59243997025817,66,53,-24335,1008,53,1014.2242031932461,-87.9546081709577,-12.1162615986127,16033.417892529189,50.17425990286364,19,0.8897973734940369,118,3,2,4
274.01919919146644,68,53,25724,1858,773,118.07370567472799,-79.83152531550628,572.6637225329309,10531.285935496124,128.99322621278446,-3,1.0414569572242267,-56,0,2,4
652.0332396668746,59,319,26959,278,429,282.69671535423083,38.16917823531311,266.24974401926534,210777.40007118759,135.95368924169787,25,0.40862600147095285,-44,3,0,4
393.2578539535756,68,49,27285,221,30,86.21242499129869,507.5983434778449,46.147687431936426,14084.93191205545,25.96100984547911,13,0.7277547370006607,101,0,0,4
419.33511961301645,150,41,32821,267,588,456.36873279278086,-110.48201138254366,37.08005232439163,2418.845954803151,148.28344739674446,2,0.4203715602794625,121,0,0,4
515.0742643756154,67,50,25716,-160,744,41.7852912744428,39.81418677209217,12.685619051405823,609.0599185766018,42.769303606540475,5,1.8375788643940738,109,0,0,4
490.96929924705114,74,53,28639,-123,-22,65.11365611245942,11.936889913828638,28.257674385183694,-4533.279210465457,132.33453452983719,2,1.0474822626332687,33,3,2,4
51.90252033250374,56,320,16371,102,83,275.7236860957712,394.6068959222638,8.709916460537265,11645.010969186316,91.6071467745748,9,0.49076762782228683,-6,0,5,4
678.2466625279577,51,56,33224,186,650,26.922699547976094,-58.08885782633918,22.467610311895157,21103.129582819784,60.557170689935965,4,0.40296568929468246,17,0,2,4
852.8166994689332,55,58,30648,2140,10,159.71681475932192,55.194065458485625,12.811913502271313,1416.2016693586215,65.99714597838809,-3,0.5748419054613952,-36,3,3,4
758.4544192326773,54,49,35445,-412,63,94.67422370044898,25.525514767425847,52.37956789256377,4698.051126792581,242.99160609548278,-8,0.4044423025756238,-12,0,0,4
773.4352827881645,60,50,-380,86,0,9.35333165301742,24.335330160264746,41.54500176342319,4365.227715984198,40.212273993339224,5,1.934343249803784,60,0,1,4
719.2327260826253,59,51,21895,3194,118,422.6514022427406,-45.76552814202904,15.895469586984829,9504.688999761462,27.937993220483484,-3,0.9097334363716137,93,3,0,4
661.1798291919429,62,171,32087,53,32,318.4817026898188,348.15527597532827,851.1227268579094,15857.92421034589,16.055823327223493,125,0.9182434352114804,57,0,2,4
116.73726186051849,59,62,19196,2401,21,249.63603528000854,944.6429317806932,148.39119989598044,-1292.558436907574,135.08910396053426,-4,0.5835671832739404,106,4,1,4
700.5340671858194,62,61,13711,-47,605,46.76789520380473,28.37892824094162,14.72768986269312,19186.742577473862,88.73098630678751,-3,0.3916638990428746,43,3,0,4
535.74644743828,99,45,44456,42,95,486.0555359840071,-21.488414670963554,11.388619616841185,-4432.472948162601,55.901732031148185,35,0.7481996664399737,36,0,3,4
614.2638001677576,69,326,38083,419,743,155.19083505013288,-32.737624737163074,662.1670198760922,13066.373513739534,16.402214344223438,0,0.6596405208381388,58,0,4,4
-37.03283627255411,90,60,36914,198,38,-19.332037205034922,1041.0960370377215,55.26084805056423,20515.415035612914,27.46457876517338,5,0.5440747689622598,62,3,2,4
862.2404218259476,92,55,22083,-113,497,92.93415530811104,-71.24214819521096,26.167004124401764,8104.658905663668,14.898808326914533,-2,1.3286016102045275,71,0,0,4
746.9471099632581,70,49,2791,1073,784,28.70677215003367,-16.192790396961286,647.0999651689729,-1511.4536002064424,74.98486570023739,5,0.6343066186882644,66,3,0,4
193.42321461629192,47,58,30046,55,39,280.11656368111426,219.82422091761896,315.38969183594804,-9716.979938793433,732.9920041192984,-8,0.5173513594893231,-76,0,3,4
133.6387256353956,57,54,33279,-67,736,30.879225164448748,-71.79992117658273,32.6454631380157,17.009046066085375,-3.048219081137674,-2,1.002638825302919,143,0,0,4
671.1695090743771,66,60,26980,-124,106,85.84113523904345,-111.52326085575564,27.21959571944098,18538.44953030571,24.530374521721733,10,0.7592268206472894,21,3,0,4
659.0670418992839,62,266,-1656,2105,10,-0.2533643833990453,-39.2379763647736,56.734996660133795,2243.0595519419194,116.10390291586535,4,1.2416977388784982,78,0,0,4
77.61978252951167,55,61,18786,167,665,830.611906363152,264.81395664485103,-21.553707851767044,13148.95404669654,29.16972296437801,4,1.9786312840612044,-82,0,0,4
222.74020699188773,60,52,25462,-138,775,22.18467243143256,-46.96805592851301,919.3573392138303,-2841.3438394223176,64.71944514545666,18,0.37307588959817184,-17,0,0,4
504.2579751524398,53,263,25006,35,65,202.47317695604534,-13.565578544440072,403.15125743010634,-2982.473237212571,84.83181020720492,24,1.0005477369475186,-15,0,4,4
554.275190859249,57,56,21251,-30,455,59.246823984557565,76.00262432739248,28.33440390227109,389.9996257401326,549.4744832749908,9,1.3334844056524342,-64,0,0,4
-25.155159008048017,57,43,53669,-39,125,436.14671456141235,-94.28683838757621,2.143722082706234,18032.31606854425,3.0932758969360634,0,0.7033920550507466,41,0,3,4
216.54434529704736,84,229,18950,785,548,-8.491583910212697,50.75862101694298,640.7966243124249,8969.586142008447,178.76575731697397,2,0.7903223618844337,47,0,0,4
964.4370806547424,62,68,28045,1189,615,1.8978746926254786,444.5250922059928,158.00109122990625,14651.39007086121,68.60260032553441,1,0.3751641499868057,-52,0,5,4
755.287523095372,55,48,286614,5222,146,273.8691663826859,-83.38933095800574,11.436744222766185,102987.31621710236,166.4878813900711,1,1.4067966092572324,120,3,2,4
122.2064700618626,100,84,-20679,5367,-17,241.7432825275805,-32.22673628551043,425.3932350871257,14994.705020339927,377.23008530829145,-5,0.6153536671785478,24,4,3,4
662.2369619957675,61,47,421790,1222,40,276.61175987886264,-34.88159983902271,398.15709713497813,10324.996185706037,93.62100766648919,7,0.48878162146257753,124,0,0,4
158.112105448852,65,88,50049,-142,304,16.687922409606927,1184.5486809532724,3.1436517196556646,8992.892658940831,29.552461422877478,24,0.5304117819490878,6,3,1,4
865.5260398300788,57,54,-5270,-250,25,9.891162439796062,-1.8019944691607988,41.09990142857933,5114.134801273907,0.4651458512153255,20,0.15575399924376798,11,0,0,4
584.4046057278274,152,54,44787,-11,747,388.74662848137996,-27.646879084763167,55.38199913712852,3177.5975094086616,128.1406472185219,-2,0.9266455856549891,-21,0,5,4
889.5263715295779,58,62,36950,1685,-2,51.47752964499024,35.47492031822558,589.9288416423384,2031.7726631198495,48.82166009362316,7,1.4414821458870573,107,0,0,4
606.3109176134859,60,56,7163,5964,54,-13.04446313337452,-84.05851452834594,-4.865820308517701,17132.323042849548,105.7956248050745,-1,0.4993331767060195,83,3,0,4
735.8933067498768,59,65,-209,-185,713,294.2368763122192,395.08489808048904,3.1723306218537393,7667.955911749088,42.577041686003334,4,0.37209612457440255,24,0,0,4
99.9012801830133,68,59,2790,-231,153,350.0844575209792,227.00497621643675,54.450432251500025,15620.986576018557,153.55836847740875,-2,0.9768675524879806,97,0,2,4
876.1780411526178,64,58,32310,1368,118,222.21497561618867,791.5625234479553,726.1088339334102,4349.397793560234,72.18728174514625,10,0.6468195610145815,50,3,0,4
808.627411283832,62,183,30208,41,750,-3.9158093268592324,72.00860602948293,25.487384962298684,-1005.3031919769255,79.4779120062036,-5,-0.8725636919057309,19,0,0,4
75.86909773956786,57,65,302165,-245,23,194.2632184439492,1.9442599595562902,27.084691824989108,8095.3308602567795,406.39657187751413,2,2.6935594899983037,-56,0,2,4
696.6356546836449,58,66,336469,1005,86,296.8124393230148,256.63537430526026,25.061694671451846,12951.14856584555,57.25896110627682,4,1.4578956375829923,-77,3,0,4
397.6790052210771,68,66,17078,-153,600,92.12938713386743,-61.94110753270837,8.907082475725062,225067.40127934483,96.52853937343494,-5,1.0141777695286567,36,0,2,4
303.4768200512532,127,53,22118,1501,137,118.31073710721395,-48.64449849070323,707.729503283035,22575.77765717524,60.39394049693328,-8,1.051872795000219,95,0,5,4
262.53659293743203,65,61,683771,1417,129,50.12467634628932,170.71111236789656,44.05476654272857,25198.280635123374,-8.452106528746086,-4,1.2759014466469685,70,0,0,4
632.5100235061752,54,49,18431,1484,737,266.8390757133087,3.296090783776256,21.972715520060497,-1272.3795285919086,28.24518956298467,20,0.4700262252073323,-2,0,0,4
1075.687002642645,63,59,7114,98,25,16.816747343267892,380.79693813208155,21.311850355848442,-270.4515270008169,67.69222939604781,9,0.3753341946132719,-51,0,2,4
5.560271429502507,64,48,32860,333,77,346.5278119699018,-78.8012434193204,34.438896192108366,17338.406282191656,115.54414695727519,10,2.8839089872939776,72,3,2,4
755.941143236039,110,63,1435,2022,40,-14.048981882280799,136.2079359312624,513.4423344259324,11693.801821248659,162.78645492309568,0,0.67933477110949,-83,3,3,4
65.43756314138217,66,59,25820,-210,544,211.20591074577123,-57.22162320746176,170.84226601722926,-5983.121279852146,51.90369602408049,5,1.126648455895948,23,0,0,4
543.0356500185978,100,62,258080,110,33,202.98372011585144,336.3896799501373,589.8111417613146,11656.558213701159,145.6277428522253,-26,1.0775606425332742,-45,0,0,4
228.42951718531194,60,52,461877,841,717,213.39224006526794,-171.91546016482198,610.386556900088,8212.231143865189,21.42903435152965,-4,0.6185862236052875,44,0,0,4
121.72678420822348,64,285,128154,874,66,228.7171895453992,-32.22087077317899,19.36314438372986,13319.539558805169,166.36770534441627,-1,5.726002107760056,41,0,5,4
31.28707932834505,58,52,139856,-94,612,834.9585077475242,-76.73448825282101,792.4858670787391,14328.547243005974,170.81594998626173,16,3.1097842696500817,-80,3,4,4
505.64396035752577,58,247,3572,-141,81,-1.8970476062969652,527.4775084729191,14.954319410292513,4249.305007120468,64.0575438655978,-7,0.6389621804590744,-15,0,0,4
125.16342643591045,99,52,2776,1682,95,79.98536181648916,-53.8623558470445,641.3098119929841,21382.706895407835,209.84746150923158,28,1.277910963486126,-2,3,5,4
467.6286551693988,98,317,21839,-7,163,472.64940323600797,-34.11988392492049,46.7673852383758,13905.628821493978,28.561681283806855,-4,1.0640430443566786,41,0,2,4
581.1914368676471,60,254,17314,766,481,37.77275095891293,52.655952438454676,28.797936716659407,-8518.544634625476,66.22124331354246,7,0.5323955807536777,31,0,1,4
793.7689229359785,69,68,5351,2283,69,136.8640707048685,1820.0101800294608,29.38824811792061,15517.624943973919,346.8104996547197,6,0.41239983083939424,-44,0,4,4
734.6506673699412,67,48,570883,667,415,-7.897042502575829,67.32179633205725,42.6465533545422,15208.792510060754,38.545389906272426,6,0.5483469446059509,137,0,0,4
802.1804474101609,99,56,25629,1741,136,50.50933194229578,51.47038425622881,5.975818295003448,-3293.999765443258,64.65595184957391,16,0.8960318973351555,-22,3,0,4
585.9758906305697,59,61,9917,-147,6,126.52181334848012,-97.08661500943893,819.5282509575943,6517.169149465102,212.9473526489426,-2,0.48537107872840696,27,0,0,4
798.8884126407648,62,73,15242,915,16,-16.08714534218133,70.08394057162842,717.438296030452,22674.31782200505,174.8200907728119,4,0.42055904465279315,42,3,0,4
449.79105474364303,68,64,25320,2044,566,-19.020544475148853,-116.57739593535347,25.389171329105817,9782.538560815276,149.72558014614725,-4,2.8576555573804177,49,0,0,4
42.36560863706044,106,59,8742,-129,88,82.95882761085693,1.9916521935917988,1.9958997251223243,18087.314057163207,62.09385583647699,5,1.8853540913912052,77,0,2,4
609.9387633423571,246,67,9461195,27,651,43.83984159097988,-51.47549732780958,-14.523006695914777,2649.4218653158177,27.53864701938383,-7,0.6933041498463238,46,0,0,4
493.7336374603208,55,46,510268,-133,575,27.57162560964634,-27.39597248444881,479.76483818235937,4730.875351637748,80.97619509766756,1,0.3704530472655746,92,0,2,4
1593.917182409209,60,57,294065,3673,792,-9.638500403207729,-53.44712878083227,612.5995531529635,-9961.45520447199,14.436042523021541,9,1.000846767981152,-11,0,2,4
769.8952775114429,55,96,29466,-351,59,334.36634745738803,225.0745541855098,36.0556874382979,5525.575734662842,29.19634626776371,-2,1.0211028093118544,62,0,4,4
447.2619241846532,96,51,54603,60,662,7.8048729514551525,464.69889018062435,9.666579432829264,402.54474135093415,158.12396711221362,-1,0.36009248767572355,111,3,0,4
636.4653445471256,62,82,-7163,-4,654,373.6759956959155,-80.11636576672542,16.28254329422462,-168.0361384401408,35.06613147556427,2,0.46942583594444137,52,0,0,4
491.6273806788969,49,61,29522,52,67,95.52135553050212,4.623738953131431,538.9291659585127,14250.097707216362,43.34795514318785,-5,0.565029020288458,42,0,1,4
809.0643953402554,55,237,23724,-169,10,382.89529204419506,-49.47368176212255,11.115414977313586,1543.5228485117905,28.704398000471585,0,0.8640377910177548,-108,0,2,4
669.0258118253167,61,66,3783,450,20,65.66280263442867,-90.74630342027488,22.09439441708966,2596.879833727762,491.6626674788906,1,0.8828013791647717,128,4,2,4
678.6993020864963,63,65,329577,1291,821,233.4067826064318,96.90441082944994,685.9678347365221,9439.436821550978,32.328714578275594,-8,-1.2236552281801174,135,0,0,4
671.7163333982588,89,48,582958,-80,146,40.978026655886154,203.60829619054795,10.742731074569953,18090.157910965907,54.96926154905877,0,0.9136103613486624,91,0,0,4
888.1331235180435,59,46,39663,-237,661,408.1138372868767,36.0765148974923,5.447730218550516,6017.284796326499,31.852717515150893,1,0.13605217827793337,9605,0,1,4
757.5095037097212,62,48,29907,94,597,117.49078943059928,-21.85475548499435,39.46545826761733,-9108.441729276823,205.97419671851,10,0.9608423864659711,47,0,0,4
708.547447768512,74,306,23827,937,141,243.77687627734963,370.6662261915095,773.0464725324193,14731.854265830341,86.28121112324564,-5,1.474198929886416,-73,6,0,4
1682.8295421320715,56,66,17811,721,694,345.9012097998835,192.38929543001902,-14.469798197290253,16297.413124788643,49.62953398482351,4,0.936007850094206,15,3,2,4
165.8909619899889,58,60,13419,1217,5,38.80649375284557,504.41656413237706,268.92861251053256,-13223.04338587344,83.5302477037111,4,1.4987248964801663,-58,0,2,4
580.9830266549336,59,65,25150,-59,526,43.096837644230014,260.60101770435676,648.216396613393,8764.426682227528,51.49324226459797,4,-0.606389683002998,104,0,0,4
204.62054164010144,55,71,33226,-1035,590,391.74432029031306,-40.54513837401453,626.2649713197372,15079.587908329551,18.350525640305477,2,-0.5695133667052668,59,0,0,4
369.16048824226857,58,334,25747,160,490,23.069431912555473,-25.28867778291899,5.920154037389401,13388.277586085063,176.74635875650614,6,0.3522116967351758,73,0,0,4
812.3937948869511,58,54,-20133,166,381,407.8486685524905,344.17736783404695,-2.423427096851612,5048.003574295837,584.0330959445054,11,1.7978815771652856,-14,3,0,4
682.0014889279448,58,57,24232,17,678,301.20786010600244,-83.81892852943,806.5594249947926,15803.914634329092,41.081138965068874,26,0.2751042747283937,58,0,0,4
362.35454850596,64,61,10933,-140,474,85.23751327794011,17.054411513642346,128.7442129494353,13503.129711681744,102.83723247987297,0,1.7629626519019372,-47,0,0,4
539.0672698306756,66,268,31537,-209,122,146.5225218384461,-45.02881513803172,28.29217348961845,11945.9495018151,356.0329556332434,12,0.20652899155523308,51,3,4,4
529.9288066470194,89,68,26880,-95,92,239.416378865117,71.52370505607654,14.050993172266152,138200.91264318314,57.36587638024069,0,1.0363700676353627,91,3,0,4
642.9895935575476,69,55,-7841,-304,587,83.88794006536213,221.64068692973285,37.64322609041304,6266.752767368071,5.7473794069815085,17,-0.055481060750712685,43,0,0,4
709.1990890162415,62,54,348517,721,78,124.82139148102729,-15.758947311849507,249.15405777419767,10052.848519998322,51.610424325788465,-3,0.49747074299852784,42,3,5,4
837.63217387284,69,64,27652,52,762,118.59107916292658,257.5065897510658,839.5851686467397,17175.98975589544,5.82917873620633,-2,6.068663515711307,110,3,1,4
272.7065408034863,69,87,-20253,64,86,258.30390222838423,-4.457540004860826,568.1413292198216,7457.249045354141,187.25602664063388,3,1.4433446395979626,60,0,0,4
1108.3720836984407,57,65,34642,123,59,103.94048903719002,26.34896054364795,52.65854917602604,12600.363770887845,95.81603127171428,-3,0.7010436010006089,26,0,0,4
468.06943307973796,50,56,41025,-240,90,268.4141212707942,1.936147746519326,69.86868086932662,23406.61805827846,89.72386921117021,-2,0.4720062249970427,45,0,0,4
480.5900760462787,67,299,317843,-18,460,255.018193271841,327.8855701362596,-6.731895136326317,-3937.685737922725,40.88085454684568,16,8.524440815690447,42,3,0,4
455.5887543829947,68,68,16087,60,57,48.8958582644243,10.581208828823051,-0.05393700871352092,3057.8673134233113,77.26658881795026,11,1.5284753551942565,1,3,0,4
496.62538509240017,95,57,504457,3304,160,88.49499391078892,1634.5444321438804,24.270309784923974,7461.830109184876,104.8031999702361,-7,-0.02381699651373742,175,0,0,4
907.616366626876,62,64,49756,145,10,390.661729220625,426.5137483413425,-20.092518475900192,75265.23051618348,170.38756850673195,-3,-0.3614188406309655,-1,0,3,4
44.49451272821689,52,62,-3305,259,50,-13.785185484152606,-34.86036761541659,430.0226299965462,18842.497542771423,105.95216567537194,4,1.1438370900690573,-2,3,2,4
131.00032130958485,50,68,-5370,-45,-17,32.5292837783425,-29.284052972928105,737.034973736249,12506.8917823195,279.0870840799594,0,2.5919678604592935,-56,0,4,4
84.31889819326153,62,65,14890,-318,124,273.4971287600471,38.61934932399832,39.560222547912986,15452.171378666266,21.192399142121047,16,1.9454163207444641,157,0,0,4
823.1833514913316,101,51,47128,1961,706,0.04947836544359063,-41.136717189156855,934.6528639843822,-2291.0506406256145,137.1105373429723,-1,1.1583725433280467,51,3,0,4
82.38597040863269,62,83,10515,-105,16,-5.663432440761838,302.5375462826771,856.9985113096425,-160.31643108325534,149.49882743922927,1,2.1606210198726554,25,3,0,4
137.82927251967268,69,59,30175,266,41,-31.251589646874464,48.920231735754015,857.5618568087494,14174.21851711705,54.58438264128106,1,-0.055170824853127076,71,0,0,4
490.44949442289334,93,73,29046,-30,127,203.38735098869714,175.10051284560723,27.52298637841616,10502.230230748639,38.273355216468744,0,1.050249505616597,11,0,5,4
784.7177476659483,67,63,233866,414,26,363.2272229415591,-52.23879599920758,0.2532668020972455,4963.259410881955,45.609995698351014,0,1.142185263133158,111,0,3,4
538.2403384807285,65,63,-8337,3266,114,56.12743624730778,32.19292802084345,31.228829142729506,15866.014375376632,65.24522691499429,-3,1.7480918235914011,80,0,2,4
652.880656657024,61,59,23713,-79,602,300.1778890023787,-16.05726447592541,27.319560047908183,26110.564973511897,16.310419552328383,-2,1.5187623556406546,56,0,0,4
1319.5527298324869,62,53,29566,-63,610,-12.800638289750509,-71.55133517777409,193.53298597515612,17943.91225623737,9.886706839371385,-1,0.3839874673570106,62,0,0,4
121.19813021766447,60,74,33250,373,91,84.12029810855559,-48.060153807436336,16.230373690141874,8978.90394071372,28.581260197783884,27,0.5820552685555777,32,4,4,4
560.974381616475,95,60,84983,-1100,670,63.21218173610211,398.9711219959353,681.0695277725629,-130.19546347148207,69.5379816846548,-6,1.0224854904102274,-3,6,0,4
726.5055674579335,61,237,27228,651,70,90.44184215504136,1370.8077699018888,44.781398005956554,11425.58810075416,179.9707992532705,39,2.3934759703380983,55,0,2,4
731.7378306413075,65,68,35518,-77,23,73.71384138219692,-27.251992777386032,664.0755368713097,17064.17774784782,108.93860827014467,1,0.09963133108437738,45,3,2,4
87.54257501693444,93,67,5361,796,696,302.5152478337176,-24.024396858472553,866.1889416015603,189109.82567960845,55.97553900985989,-5,0.5834356218081773,11,3,0,4
576.501065412593,351,274,36397,-155,16,26.035455299080446,-23.368970079535092,289.93080408804315,-949.5441887109337,25.6965207657435,-5,1.1350638731994231,67,4,0,4
593.9618887213428,71,79,651,72,125,56.10232701507802,686.7206225249829,476.1525780984448,-1205.4713257585136,107.87515502103322,1,1.2203695782932624,90,3,0,4
139.69994663654126,102,71,40212,-105,767,287.5659349442943,59.93246113825782,564.3444468529569,14078.42446832067,60.612593431869186,24,1.8463124209281156,55,0,5,4
609.3412309847099,62,104,11283,-200,13,136.00065126877124,843.4561052017916,25.55214953652388,18067.167465368024,144.4223650113575,-1,-0.4619187860768483,55,0,0,4
442.4373480746866,63,62,23078,-176,54,80.43049254994186,22.95033606100358,353.49418460410567,12822.312057164752,202.80890752594507,-4,0.3643820333688275,-36,0,0,4
677.237187086593,65,65,30354,4,525,115.69575956313787,67.79485455675636,43.037467626308974,10290.719786484553,711.8947908133382,-8,0.012473479054247671,9,0,0,4
161.6288372824568,65,54,35946,149,857,135.45413313602023,95.79397265175476,16.864187638785317,16020.556705583887,342.3146142976964,7,0.3550300172768709,101,0,0,4
685.0632285680581,65,44,2950,225,33,35.277941361530225,131.82287184949877,22.496065614809588,12610.075279397566,58.11996938977155,-1,1.6723465922624068,47,0,0,4
323.2003520145747,88,57,21837,-77,65,196.617634721159,-9.968770736312928,32.0889817856704,9702.620199759218,80.64127361448104,-2,1.5406098819188956,-15,3,0,4
628.7260479546713,56,308,-31666,349,483,211.2912996882702,479.6131609835118,204.41634326332064,15059.732953426552,121.70041739977198,-3,-1.950286350168783,-46,3,3,4
489.5476163874416,54,59,449122,-777,418,124.50467700232556,619.3886685676973,11.075812466060004,9775.662235822274,318.1359477371583,4,7.114580428681977,-11,6,4,4
452.4913653964418,68,92,-3132,251,2,80.91437436359654,-30.49901238693676,43.25872800336955,-4116.372449971529,44.06601725653498,-3,1.9917019381599608,-37,0,0,4
460.1293652111391,67,47,225137,-60,-26,-36.46958100362406,396.4191856233267,27.23221299143406,17018.04394433562,102.96226285508368,1,1.7456967766666767,29,0,0,4
-7.547793101043283,67,60,18183,284,61,107.01881738818015,3.8741675735830183,2.8122830696394687,12303.843931279553,-7.78675172274346,0,0.4283415788256814,130,0,7,4
402.2846970370722,62,63,19171,-283,595,380.68918911708715,-12.131006900472691,30.076442341590354,-3590.730056538612,91.6118396844947,-1,0.840177442851906,124,3,2,4
34.28058956785671,52,82,47105,-117,-21,241.11550479284168,-55.61807127391097,408.75253882046337,-3573.424953922681,124.75942423979438,2,1.3322242201674441,-6,3,0,4
770.7885661766384,61,60,36781,68,8,91.31209645399471,-48.54924443250806,40.60487468412845,17940.78307120502,51.24010985222326,1,0.37642739527287405,28,0,0,4
489.00972686187333,84,68,38715,205,572,17.30514432909419,-52.2009401688272,619.4818913278933,6106.041528683312,64.77842473961415,8,0.6136136812979073,153,0,0,4
577.4340139025186,64,59,11032,-202,892,-13.214025180783267,-42.90606294944115,381.321806831555,16658.056823117793,109.77000533044745,-6,0.5439682635284189,62,0,0,4
225.17743187372062,65,93,32122,124,-4,41.64156707537762,-42.899764506437634,21.16989164264775,11121.52195950866,-36.65477901084205,19,0.47084781282668686,-20,0,0,4
711.4756062806294,67,58,646,7190,759,197.2543590040024,42.66018456216034,24.23465284274409,4126.084134292828,63.81250931884148,28,1.316687360167244,122,3,0,4
644.9780472411302,60,60,43603,-105,30,109.00376851869197,-46.71656510454977,552.0161680316262,-5351.7691832886,-41.192800613569034,-5,0.5305388292758503,80,0,0,4
583.1823056202733,62,61,27931,1141,558,31.367631491507268,49.524144007655025,43.16963954405885,-704.0359766885731,103.214219527714,0,2.384266336919925,4,3,4,4
-45.627891727092035,371,92,32422,320,31,75.9309197982748,-90.09567844766272,210.98251106156937,16168.286555631294,9.133476373954991,-3,0.9546138168475893,121,0,0,4
776.2915395719808,70,65,46540,-50,4,127.91732805476784,53.5570309578014,760.6747406009413,6112.070333221394,35.5473573983499,8,1.0926475493210945,-64,0,3,4
602.1661768527349,56,60,35264,575,92,373.7484113397586,-72.41350031813647,756.9154840976612,684610.3381455254,1.8068424329117079,-3,0.6232730397602414,-43,0,7,4
322.478708291086,65,89,15839,99,676,219.49012021948369,8.425820999447886,159.4395460049306,17638.852184934996,45.177114762781116,-4,-0.12390284412543501,-1,0,0,4
37.7457860517124,69,62,24400,1891,97,253.13650653724488,325.4296825536683,45.584052761002035,9734.0385574373,54.01075898314173,17,0.688109525968889,-17,0,2,4
475.493030417882,62,53,34161,-56,80,197.63861596831018,-7.554108059317999,20.83759778525802,15036.721226217622,23.71711768530991,1,0.4798524532027354,58,6,2,4
118.48891052644578,68,65,22979,260,746,52.47962901474939,-85.7764455115091,883.0100800204739,22925.067221904643,16.45986243824305,-3,0.47046304267005334,139,3,0,4
506.35048464720194,100,238,6463,3467,566,59.85316570380688,-58.113022806111005,22.076110616549386,4967.9815639118815,369.2734456214737,22,0.9057426649386636,56,0,0,4
113.55978705331853,67,83,-4836,-125,778,112.00555714811118,713.6673627325492,12.973275754762586,21093.195011497937,-1.6082695131668316,2,1.164508281763793,36,0,0,4
145.28479263612303,53,52,98021,-191,622,224.9770196983144,-36.51797536578697,24.000769618227775,-11520.777763184458,327.0962212932638,1,0.6683776414093787,-29,6,4,4
952.3337030718037,59,55,43938,-150,89,68.10808501853674,-79.37539328353503,270.32321344835873,8312.06475772222,25.06915809700819,2,0.6088864279521208,-2,3,2,4
-107.07832722446872,105,56,149266,-146,560,336.96981267906256,40.118408142918554,35.22502155886301,8164.271851049478,30.439950648107946,-1,0.09029617680294133,89,3,2,4
139.53936097047526,97,79,-4126,-162,55,70.06154568755281,86.7913913320989,23.791453740666316,-3329.9546532104314,52.883144175814195,18,1.5473081764062133,59,3,0,4
95.53684631484681,51,60,20224,-50,140,304.49914414515354,417.91694108491976,20.73372505746817,15216.997753432734,88.75883475778436,1,-1.1530396100332552,-13,3,1,4
760.5636029495876,64,47,2849,-48,26,-7.544784635245293,88.26930052132738,343.3954688151319,9431.446364809053,385.24553458218213,15,0.7053210687644228,62,3,2,4
786.4334712616351,53,88,15216,1585,111,355.6896729874336,715.0864316869103,571.600396278872,2939.648653715474,546.2233387556402,5,1.1750264066820613,43,0,0,4
869.7998631038528,57,65,-3558,359,79,76.9797650294126,-7.848388028497524,955.1076843680349,-973.0004651284917,120.39201670081738,-8,0.40973987080207386,-25,0,0,4
224.37618370985254,83,48,6093,-96,77,63.261438053642124,-57.78284101353613,11.910988430162622,12094.68274041318,62.652377435819844,12,1.5509171480203638,-4,3,0,4
529.1197965730539,58,56,45641,-47,605,577.7330355236171,-75.39933006011876,727.5730102537901,7090.404910234821,7.103854802786813,18,1.0702929741845062,22,0,0,4
159.27651544650968,65,54,4692,-175,50,115.07919152990658,773.0428793859803,663.1109138244735,6736.533296414915,108.82211289455988,0,1.669276172821819,81,3,3,4
1606.5724425794654,59,60,-10072,1990,784,141.42265275030573,-97.61556318735333,629.0934883025266,201527.39883210027,67.19059551202949,4,0.413576106254887,10,0,4,4
1136.5863739848655,61,44,34967,1439,482,1012.7523277242101,83.63762198464872,8.120157494701006,2744.401964695062,41.40953881919959,13,1.363940244976677,-10,3,0,4
175.8961005626504,64,73,27474,0,26,190.99735225842466,71.62233876661506,82.04797528025864,18031.19366061325,322.8569212732533,26,1.230501965781821,77,0,0,4
552.1298561267945,58,58,11295,293,556,-25.431637660564533,218.23067915723507,3.2923675741692473,19361.113063518344,213.91124825994098,4,1.0047852989632011,108,4,0,4
379.86465971469363,49,64,30897,1096,116,265.71117962453616,-85.39053204144851,752.1594909442224,76.31459040337677,59.926624144770344,-4,-0.04999318244600026,118,0,0,4
685.5407155278596,52,99,-32213,-1500,128,43.09066075441903,-15.998183404691709,530.3440080922256,17564.98450118393,29.12569134346645,-9,0.48556870483898634,57,3,0,4
114.58338066061742,64,58,21978,746,543,138.5575894017046,-52.487921997564186,55.294635354266426,-6571.5065919110375,52.340796534749884,5,0.7254492502322811,28,0,0,4
-5.528943328113883,113,46,44552,724,33,200.21643493719495,-51.09126437358363,5.983891100309082,12807.427540753946,65.88595818008244,-4,0.0050898536614407686,-21,0,0,4
567.3526492171209,118,59,420225,-318,75,200.02524030010076,-35.23485264676792,525.1523063885229,15089.2537007859,45.33392025826319,7,0.3939191026720753,43,0,0,4
37.253111386484534,61,78,8526,520,81,336.1606546717633,-98.91617071932231,774.6328035400757,7227.143202278166,195.841695420497,7,0.8443137640206523,8,0,0,4
720.5155756302975,92,70,370193,44,54,187.4455167663289,704.2179429488199,0.9095161801620288,-9550.146295892355,63.19234345022244,2,-0.430944561810888,-38,0,0,4
854.7257808106399,135,54,16632,1305,54,224.86982184014394,41.66830780623984,805.1822448907933,5354.135509702965,58.27379701450502,5,0.5685553779114768,25,3,0,4
245.93872323170842,61,100,27841,324,674,278.1193608635804,-54.89082688267726,663.2428480864189,116.75122781637947,122.62488166395525,6,0.7311311482580383,127,0,5,4
605.0379800946399,50,61,16704,1609,448,6.339345709616055,15.207909826564904,662.2301221316635,18638.58029850964,165.3711985861238,16,0.4606613289341086,15,0,0,4
712.912024945909,68,64,292737,-192,464,-36.80476538197536,462.7853698842757,52.74668237273482,-74038.04724609497,66.15478889534052,0,0.819115712291517,9,0,2,4
200.38764119977427,55,55,2848,179,460,249.74630426632893,-95.46617642928123,-10.174114229066452,249016.23771484356,64.31308302727831,2,1.4398817987785464,-55,3,1,4
402.79785090745185,55,64,34734,74,94,309.5144443868459,-54.28990048915276,403.33303452429874,150888.81141615543,-15.996543745172502,36,0.9029521241773957,101,0,0,4
1178.7328656025707,63,68,14260,490,579,122.77749717515468,-83.897991911523,51.47606788595126,5838.275904332614,46.253666958531944,-8,0.7597973322125748,-27,0,0,4
812.5961103436055,50,54,504182,149,543,11.01762630482716,-20.861512437114108,19.436342774467743,6940.76621790729,74.31153361730811,3,0.6510226055862691,-2,4,3,4
185.0210299776794,53,260,8142,106,77,90.88923638582838,-81.61850485413304,463.68206421316876,-1253.1448932406647,21.797345712937748,-1,0.31880121586159005,114,3,3,4
630.0253126534487,51,45,9454,177,15,48.01882631766228,197.19618103169086,16.55307403478624,13527.412818099034,72.30151105823225,-7,0.3290479803020243,6650,0,0,4
34.02154341514528,59,62,22581,765,611,232.955126766177,-81.63870828549688,40.74432815610854,-3714.473954515629,143.635514735056,2,0.7399279934341684,8353,0,2,4
522.7756882944316,63,56,22899,-116,723,143.51665809646724,961.2565488400348,-6.745547585886072,9446.026633002608,52.48704382033365,22,0.5231220506479581,-34,0,0,4
787.3231651331511,86,61,-11518,1636,88,235.41552251626644,331.42625138533606,38.09328115307152,10582.872560684347,45.910880203540444,0,0.5147061685436116,-9,3,4,4
547.0898540219416,60,66,23977,-181,70,183.95022743929212,498.675436454537,10.243883744333274,26503.141335119533,136.3490526662845,-5,0.4752683941770526,144,3,0,4
24.814132169721333,63,75,19670,616,33,91.07527344775285,89.02502607877017,22.68684865449875,23698.967490328523,4.176952874556719,18,0.8414399145112819,58,0,0,4
3.4278806514403612,58,48,441191,-141,68,377.0309942625793,6.374890714637054,11.82086014706637,5135.493853743146,56.699540116274804,23,0.4655588639239945,42,0,2,4
641.778936626799,63,53,13850,1238,455,3.5941490529689304,-56.88293529620245,-10.060585729198234,18778.266487787492,85.22898507910963,5,0.49774430508744993,72,3,0,4
611.4488599094434,62,62,9540,-200,27,177.98291735987738,466.9419282064897,14.229075308022377,7227.885299937601,63.737606992846544,1,0.39455847811046574,160,3,0,4
609.901031364787,82,56,40178,-323,164,94.66402307485563,-8.689411721039876,25.414036034069056,16296.334068287564,62.22039022064847,-5,0.7799172859476257,-67,6,0,4
737.3521958030092,59,64,33890,108,96,195.23496512783248,-45.36924761168106,-0.15217549917739825,87.108702349351,533.3679405547763,13,0.48205044019413457,50,4,1,4
620.7001551188156,61,50,17834,247,426,272.41790540383124,-65.6153389398184,3.3900535348318597,6448.7594107408695,44.76054782656497,6,0.5449124827496377,123,3,0,4
794.5118040284962,50,52,7157,123,508,216.2057211398132,16.071918413660022,150.00807000656124,4919.2265753052,491.4327069607181,7,-0.2427843080705709,35,0,0,4
590.7098182217442,60,51,-10891,295,597,61.27761721222994,687.5251635567108,792.1603212373041,15493.061235573878,15.66092885866027,-3,0.35341222531307753,60,0,0,4
829.8401131446574,58,52,27777,172,82,145.15698781699518,329.38710771911576,700.7331025688869,5752.800875220684,163.07338828081632,-2,2.0530948307353443,64,3,3,4
459.5506502664564,55,53,219245,224,50,122.1700648670427,-184.72022584289425,15.094313702150343,18839.300571866836,84.0083114576011,1,0.5782599427005405,-14,0,2,4
694.5675527566433,55,54,5438,36,151,35.5693551127415,19.74043443762327,381.36439747921236,17161.441016014553,82.73294340610717,-4,0.6612153101377628,83,3,0,4
1705.837506182606,53,52,393075,-171,717,228.59037724009835,-71.16827067084593,44.59556783559447,14173.493365925675,298.85261896700365,-3,0.5965444804900655,-7,6,4,4
464.33931987601113,50,46,33580,170,-3,-28.877655594526416,46.44028846685285,687.1577479850887,11287.673014440461,325.66898428589116,8,1.1904408704089322,-6,3,0,4
727.142138674831,101,72,-4861,2558,14,48.441115403008645,-66.70831199042293,434.58868641067,2405.84929463935,250.59163813426937,17,0.8092449490297389,-76,0,3,4
139.752489403173,55,53,30993,1237,507,176.89452643290718,-42.18485631177401,725.1388411201146,-2162.560155176353,25.08328037268435,-4,0.5326512820526919,-16,3,5,4
543.7001216595027,63,59,-3998,416,489,130.29408315924883,-64.3146708906587,756.9519025137597,18897.03521802542,15.400015125982975,2,0.9186224961617268,126,0,2,4
714.9284700115459,60,55,24326,1504,91,196.72632792885162,372.79500576751394,12.009557034477991,18386.259212223522,181.9179178996941,6,1.2947247974404432,5,0,4,4
726.7504349674574,63,60,20196,-224,51,42.803364151312394,-44.75025916431055,442.24986196258357,21292.09767762979,27.17201050091645,21,2.306271300451794,76,0,0,4
733.7952352779234,62,67,16048,-261,748,420.4649960744517,223.9420290088297,425.7464772239998,3256.0701002769138,24.262861907857996,0,0.4667363837069838,78,0,7,4
110.33169210899503,62,57,4743,125,81,85.80961354280244,378.7509571977882,668.3678251920925,18642.40468283633,65.48703068971795,53,2.176133237789098,109,3,0,4
1261.4763264137173,68,50,28438,2098,14,335.65930463558607,-6.268884695505637,24.31317765880708,16494.818196068743,80.89946677415651,-6,1.1983393153196558,117,3,0,4
73.66970712230068,60,78,28831,-10,708,513.2032062525177,-94.66898117113801,48.45573568928202,2398.369300984722,18.906700784688383,-1,2.341517984154451,5212,4,0,4
359.7610980717877,66,57,400561,-1465,680,434.5682687375196,42.71901658187839,763.1936410495018,-16970.88327506758,84.47196831719269,5,0.5427606304239901,72,0,2,4
165.6173612245526,62,280,-4516,-107,10,223.70586148567952,48.14536031542271,614.1716947777413,7292.126207519241,86.22239126723362,16,0.8261492281870144,71,3,0,4
448.4595525323294,62,59,25045,1212,51,-1.2934452033986048,-90.04853090092239,35.30314122463959,22574.034141484673,26.15999000367161,3,5.474137813851855,87,0,0,4
942.8503712003653,65,50,414854,373,17,96.85908537422537,181.23431699591777,706.8900797910485,12007.873472519514,37.36929844486866,-1,0.27117217251177583,43,0,1,4
130.2798133401451,53,52,21541,316,457,-16.35019444173126,-45.44493599659923,10.362307035792563,10027.162797771194,90.40738768886496,1,0.6746331204689932,-12,0,1,4
284.37960752353393,242,52,3022,970,15,117.25155813792355,361.6502425236505,226.32294444421322,10563.40146298809,102.42206236266938,6,6.472687884399193,1,3,0,4
711.6031570544073,57,51,46155,-96,126,424.9851040670584,298.20158126576496,35.791960620665535,-7973.825247404658,239.71597829466813,82,1.3037487085088566,3,4,1,4
462.6378052149774,65,64,46653,1827,649,7.239508882683495,-76.74553031254338,33.29787961781465,22854.691298781618,-7.275180995557832,-8,2.36719878696811,44,0,0,4
56.465075536789044,67,61,6573,58,735,57.16535924266259,47.25159123599832,33.948840901860095,808.3968872154651,120.56993191164405,-5,1.4893532551251938,62,0,0,4
556.4929033879431,97,58,22454,905,-5,285.6701645896147,180.94539763677128,710.8757214484376,2089.573912838945,38.38748906350712,1,0.5104429514055067,10,0,3,4
390.59166196867346,59,63,23762,-107,514,-4.503242056770347,525.7999560202403,484.433171398284,2197.1183667149253,58.96226800277548,4,0.6847467144335138,83,3,3,4
485.9107453934298,62,59,-7279,-106,677,228.28340826210095,-14.753130653804803,22.746485661566947,18402.28505355293,-14.552101249036298,5,0.46830704233765924,34,0,0,4
4.621379384712839,57,53,35262,185,21,30.543328465366145,-86.16584104762042,17.953743621997518,17324.44081609514,64.34380969586879,-9,5.983520536635211,-31,0,0,4
510.288575268285,60,75,331299,244,18,618.4922533595159,-27.34635769839446,35.25934039000519,979.1835893693101,99.5288716731501,-2,0.14980205015277104,-29,6,0,4
937.4037282581902,61,63,287295,-204,91,171.37934463217007,270.0025195344239,819.7964692923042,6871.188749302597,44.01545039846872,21,-0.3558246408306174,-5,0,1,4
527.946547249614,64,63,5790,-125,528,80.29151267515141,-103.45508105779389,-15.023785459340264,880.9013655475219,54.58631541003466,24,2.2696570912348824,134,4,0,4
249.43566399245512,59,59,42161,40,133,98.4647637938023,267.0500201454754,747.4072776263919,635.1726523884358,14.939707991526944,-5,0.5229974531037742,108,0,0,4
684.0988027511048,156,78,-5772,345,85,320.3456615921653,383.4301726958254,898.3588524751897,-6337.639815237618,576.2204522898634,15,0.6356283143035925,60,0,2,4
738.4987242170796,66,52,17538,-116,818,93.1116667441461,409.0489043592545,42.67019331620842,18091.106913177227,232.4066154430343,23,2.4620656625520767,6,0,0,4
573.6999049595485,59,88,31596,-153,94,149.27471974864835,-86.43423944363747,31.885666964415563,9559.056816230956,31.41178831351901,0,0.004275629373617529,-9,6,3,4
820.7583060170853,61,65,346606,2,133,83.90409353714972,512.0542415637899,19.080003805125372,2637.214595280455,14.833067391805358,-14,0.18229787419719612,42,6,0,4
36.321646906846574,66,60,-1135,-171,571,55.450582236582875,11.917876131406672,28.073678542035807,-640.8118571904934,101.46864964444919,-1,0.42164042736736274,75,0,2,4
77.83759267604857,49,53,21403,-249,751,120.11483964647712,-56.32065723751006,-9.397411394202354,10530.484328146527,104.65128501614092,-11,-0.37630614341442814,60,0,0,4
1281.229266773758,63,49,20678,7148,79,396.31668723950423,18.289521988369035,21.129298557528752,5270.3579846503035,40.786647981116,0,1.8770797293985444,129,3,0,4
411.26514737608073,48,60,14683,8,-11,551.9641196929592,-78.06121128017044,746.1265433277936,2498.197988542901,88.61866882691835,-3,0.5175219242808211,-32,0,4,4
97.21739002861369,62,49,32793,-231,96,148.80128741685184,-55.621655753669074,22.369779527138085,4781.771999408416,92.91295750421986,8,0.5189342749419908,8820,0,0,4
76.99221239590413,69,106,-17794,2128,741,86.47982710506703,8.222767785800249,243.96574093173717,9368.250226688466,304.80839018758525,-5,0.13273758288375204,49,0,0,4
46.548649411818715,106,103,21805,1291,154,588.945680667045,-23.432580629735853,0.5180538868782456,-3319.361140153811,82.13892255848205,-3,0.6573973975894256,-4,0,1,4
205.14453395066664,60,88,21588,-235,700,55.085823465222774,-21.94562902961501,26.119486314662613,3306.222088712742,131.62894999639843,3,1.967702413444958,105,3,0,4
500.93357553050333,59,97,7898,-232,86,91.90395400884697,-54.15206094936393,44.484478600638745,26343.962766534372,38.74575130654614,-1,2.5037721475756065,56,0,0,4
438.8451070500697,52,89,12964,600,49,439.8720995034132,-58.23157132756532,30.54043606089166,22708.33844779001,305.0036025963138,4,1.4309553434300055,71,0,5,4
824.7513372633925,66,48,14402,-214,0,-31.706759869664566,25.53337269188257,32.14787725620519,-6668.508175082622,483.410264817315,-1,0.42549167569446,-18,6,2,4
721.9135873793931,59,66,599764,48,144,115.11158692327446,-30.927597459208574,582.3140028251582,17438.82238162524,192.84682250752866,-1,-0.8221613539300505,40,0,0,4
541.002644687715,47,61,40795,21,54,4.020693069595296,-37.186727564604396,553.8105437410502,9075.677337722365,17.767834382485077,3,0.050171560174142815,39,0,0,4
700.6637080920787,63,61,26647,-42,442,261.8286538384136,57.50023800182457,9.627263128658749,8831.686031643269,58.21298011764155,6,-0.5892047853991658,111,0,0,4
684.0044740087787,61,60,18134,176,39,310.52266626275446,30.187831295699258,10.554881657482216,16770.69881399641,43.90329956547215,3,0.540967377736227,127,0,4,4
460.0800099819576,86,211,28864,290,132,41.639516674903504,249.62966237798855,568.2862679161811,16731.491780777476,11.2979428999665,-4,3.272974115527901,55,0,0,4
727.1066825339149,68,62,8092,-3,36,480.69220330548023,405.9839110892894,567.6403810069461,11776.966416197847,15.64576818036086,-3,1.3070356091598407,104,0,0,4
174.4796929154873,60,100,18891,-206,14,409.16121265922436,27.86795366867141,406.66975190455327,163236.7826035234,83.31069612782264,-2,0.39088902517765456,58,3,0,4
675.3769281952,60,92,9180,376,73,287.45861643419613,393.4936972527348,426.9052818255364,16592.87913054599,129.46840930223996,0,0.2794238484034427,-21,3,0,4
506.4852132989131,61,57,38397,101,19,707.3589966681875,-83.80945991666638,5.667698714451248,11863.395767923863,302.5625477200329,18,0.9245097044086077,45,0,2,4
791.149969372706,58,97,38443,629,515,-12.743376536190809,-47.436863984356094,8.575199808706294,5268.057797189181,21.9108531687163,121,0.5509277778492898,-21,0,0,4
1129.8327954959043,78,56,34908,158,426,75.52674161073814,344.48878806315014,570.5609789849701,-8625.295560281982,90.70014437295272,13,0.681563528273911,-18,0,0,4
552.432484396929,68,61,29401,130,68,1067.5027782535226,-0.9513817113694589,652.5313939465208,21252.105589425413,78.50610867507281,-3,0.5243857381761535,88,3,4,4
727.7498695763136,60,91,46798,463,1,386.67258042788546,281.64607765264736,37.89835554462812,-5141.301143862119,43.27781942020221,-3,0.1894414288037346,59,0,0,4
23.58979281995,52,46,45596,-96,118,117.50174436069506,-65.95743796379683,642.3162532210736,13083.653393705332,27.850144358556783,1,5.39780185432763,75,0,0,4
67.00242561860661,62,54,371873,-2,518,58.34018967286396,243.2593980895007,33.27378060972299,16589.014547620645,71.28902411722842,3,1.3913245254995008,78,3,4,4
493.1356717989134,51,90,199378,692,23,40.26169893307236,313.41068046519445,-11.87543692308826,-1988.8273292555896,256.95507183087494,17,0.5235846935107574,71,3,2,4
324.04125212238847,59,52,272376,-114,49,93.789788827146,150.9628674470246,13.123514030009114,14617.918037716681,-3.5939432055704827,-5,0.9781324390477303,51,0,0,4
856.0441216275052,57,230,13365,-40,652,298.4583935586146,1.3139862199083936,810.095221216756,-2713.174548658366,31.984614746418565,7,2.2070667740010723,-63,0,0,4
718.4500797805464,55,55,21586,153,-1,-7.10819412335735,53.96494009910489,578.3968931871905,8097.088563688049,65.63506000819065,-4,-0.6017990150175143,63,0,0,4
704.0560984941438,67,85,-19692,506,566,113.65360739707585,-96.56701440990669,775.5215448871413,-16856.952564408635,55.747892682514134,2,1.7911326755283397,70,3,0,4
530.5167486191268,68,66,368500,543,651,41.228469762543945,31.42229586579421,12.933261588516153,20449.155133708766,17.979728811973345,-3,4.249799980410307,109,0,0,4
689.9005913708518,55,93,32968,1258,432,70.32395608034912,-62.20494386357875,11.285927028647095,19709.79255539761,42.62272470205444,17,1.450528049364207,129,0,0,4
88.11586608383813,67,62,3335,27,542,78.55838715366718,187.81564465241462,46.036910422889505,9638.526292935396,17.68115791061689,11,1.4966812066624304,50,0,0,4
422.8621040083976,62,60,16473,331,29,25.8229375952697,-98.30528226517139,672.8278962157085,19667.089032303742,249.42816168934004,-4,0.4007252068299584,85,0,0,4
651.3052471090909,49,58,20212,453,23,62.43648581186113,-94.21703384056735,684.2915976390408,1234.359170263654,40.72533868042796,-1,0.17507001951450102,-56,0,0,4
130.14224800359065,46,62,17097,764,103,580.8513168053121,16.650503278878944,422.66635368402495,17710.341057495218,427.84527976279685,-2,-0.7503909516147758,-119,0,1,4
678.4749963284415,64,63,-16224,374,634,300.2489964755789,-45.26293287308947,8.011577217940989,15329.903793929952,46.51080894490674,-6,0.31595321066538107,-15,0,0,4
525.2819269262448,331,57,27712,-74,129,127.36576098599743,-44.368581897600436,862.3308093985594,7932.694029875792,2.0175443742261905,6,1.9232281232018573,25,3,2,4
685.7466257781933,67,60,8959,372,462,42.36613843563293,357.36050470815513,30.62101450570003,-4466.743435825459,30.947361065428808,21,2.3652766156799974,-14,0,0,4
1562.2403788032564,68,64,-6867,767,118,63.54959521776779,465.4091052949344,906.0021900529084,10147.768446325968,55.980444624833254,2,0.5564414810219507,126,0,0,4
202.1139644297636,61,61,28724,173,599,129.66247574212994,17.01278775743765,245.09663319645637,1633.3769632014219,447.2230332621582,21,0.6601235089483742,97,0,2,4
614.1369905640323,114,50,6712,493,73,116.41969104898553,-29.30476149007605,141.24120548753086,7925.044867118501,60.24433193121513,-9,0.596902394072589,108,3,0,4
852.4186492528486,57,60,31845,5773,701,48.304464852048376,-96.74100598839867,53.43609948121402,10485.55017693136,-6.880519252881868,-4,0.3335780820798585,-3,0,1,4
592.69613102971,64,75,33535,173,47,410.70994824806564,38.13141318071882,707.1350341375504,3553.043331800275,11.519886387099106,5,0.7438317522556377,98,3,3,4
677.0448246417548,90,103,421394,289,96,538.5727715201986,-2.985422099219454,30.237260986472556,-2744.0242143966907,56.69604974358634,91,6.354631098946917,64,0,0,4
648.1667466886697,94,55,457517,566,50,502.09129705367036,-40.51797546571774,729.9642662538338,18877.259083904093,196.7604744172983,19,0.7242551728486868,83,3,2,4
405.8333789982122,64,51,8088,4935,-8,232.1599328522527,-103.07344103243193,693.705293220756,19595.88076172627,7.729120568160354,-6,0.5309259539923263,80,0,0,4
876.29398083468,87,77,33829,-208,64,332.50568938511725,221.73744625388917,35.10340585041063,8537.42677205331,243.4896174417983,-3,-0.3446191691122256,-51,0,0,4
627.1201651460974,60,54,2427,1085,77,9.70486557485026,343.07511367885945,143.2933701243894,12954.455885844476,161.0249893673237,-2,0.0925615643765221,63,3,2,4
821.1901496356414,63,48,16263,-3,458,350.89341039490523,190.84933514573552,31.94412011491289,1870.0775440278792,113.04141575221212,1,0.2506030110761469,129,0,0,4
587.8474304702435,57,59,9290,262,549,163.08508705321864,-25.245531353519034,36.510362701011594,1808.6909340025113,114.75468628936513,-5,5.498113944022672,-28,0,0,4
59.111604082138115,67,59,20864,121,321,97.98319174577284,201.07001567024435,102.65130847516332,13755.453950799129,1.3347243060377139,-5,1.2831732137409446,134,4,4,4
715.1723422198883,70,54,550292,-248,59,110.11735783040436,19.638005600951253,34.44904167565679,7216.257658225453,36.16291577403901,5,5.60926279803898,113,0,3,4
935.8017738643427,109,289,20851,27,671,263.38958137403995,48.241335924738024,429.0050030049454,-11718.356240184236,72.46705755902195,-1,0.26041142037384113,72,3,0,4
580.4054445971841,53,70,19659,152,80,71.44313611955018,43.06924183471148,744.3561103270588,-5534.046970150349,73.91932727166474,15,1.2083742736440093,114,0,0,4
689.4627349622162,55,54,23519,158,104,51.462983011102665,196.61977537128595,644.5265270923503,6479.855194369962,30.186071255781677,3,0.9677560785952837,20,3,1,4
559.3655826412557,55,62,201686,176,53,169.97875803480252,375.4635712568194,770.0334635735126,8168.193579041533,79.00949276996418,-4,0.9464927854329819,18,0,0,4
446.95868518818503,46,50,44362,3,5,598.3521589468742,32.845888294814216,543.3850709133185,10237.39910409956,130.56162953493686,3,2.8851334761414176,68,0,0,4
98.02858269494821,103,63,204559,-604,595,141.71226831431304,25.144472931218317,10.162029447820201,20963.876907841124,35.97343074309759,95,1.673274080181982,-35,3,0,4
26.023995451134944,100,70,607321,81,53,128.4906695358625,68.64631013171635,610.235265979998,3890.7400468031865,10.676623064561312,6,1.4292794767189063,33,0,0,4
500.84118816199987,68,58,39804,231,151,118.60684015700383,-5.055789676488043,28.888322400281666,25487.622266144863,75.66620520726627,10,1.4398492915786094,39,3,3,4
222.62801831585847,68,88,46633,352,-33,153.61690856932591,-49.137196871375636,21.704312747746346,15964.247927365737,315.84299076892717,12,2.2240503010859056,83,3,2,4
704.7695947829532,66,83,-7529,-206,818,-4.46147740747746,-1.7493933925027818,-8.739653621177872,21142.175821644105,121.85588302090147,4,0.891243704108112,27,3,0,4
251.9432212458729,92,57,20129,1486,58,255.8282157838031,25.722472619796516,729.9268578807901,-10517.436504978003,80.81991110640615,-1,0.8683774020030538,111,0,0,4
709.7463875718628,65,55,10694,575,49,-24.158661238648108,-11.099334272692353,634.2309298660988,11370.08487092469,82.31018133053097,6,0.4530288711186239,141,0,0,4
1925.3281842835195,60,49,8309,1385,54,84.2766446476693,1336.0853165253438,11.150919058892288,3616.6976896088086,326.9832619885176,3,0.4832500507906217,71,3,7,4
837.7745604889367,106,49,25462,381,440,243.60640891719,23.318693726794372,31.424184061797515,-974.4846604473614,100.44180678717895,-10,0.6223803323048702,102,3,0,4
737.5125798063541,95,55,35289,413,53,-13.771752792208261,-83.89401639760946,257.1304859602227,-1959.3254988838444,27.791983762597305,1,1.3524019006487513,110,6,2,4
528.9676501506649,48,63,31939,204,757,1013.1897137193205,148.65927341981794,198.40216647335575,-267.85517045256483,152.06499832883384,-3,0.9191573921500722,29,0,0,4
427.28741212201044,67,61,8440,2247,57,4.621577173915213,399.24498886747404,-18.490684337532176,12483.67906211731,141.57553405023998,2,-0.3166293543099776,117,0,0,4
517.6960808934631,80,65,6520,84,374,266.70858542686915,-49.48604881226686,85.98848989641199,11238.354851348739,48.084809592167026,-4,0.624966909252634,63,0,2,4
155.2828571762966,63,54,33196,7,118,361.68127090569857,-84.14738790965357,-23.93698025128261,14090.474589422574,26.520389407027736,3,1.0937858952782993,97,0,2,4
10.92135477207276,62,242,-7043,-209,650,115.36048639130651,23.735185835051105,34.37259464867735,8207.008872975557,46.46194707695414,0,-0.35464104872319924,26,3,0,4
162.27944418013095,71,131,48813,185,114,74.8658902984744,723.2827123127931,29.680889284892846,4911.24094633615,45.44019909190959,1,2.059555580574001,-86,0,5,4
890.2635832613885,65,76,30721,1366,-11,5.402653647919706,-72.7844008697297,36.71891102321392,4493.398977267691,126.17253562649239,12,1.0148053411290157,58,3,0,4
644.1156509681977,63,92,35188,331,409,307.3085775259431,42.04404973309076,849.3951619927635,13211.623661995563,229.8636873904402,0,-1.2944848342920627,107,0,0,4
16.871923834806772,64,54,30431,-104,136,23.919082372348186,1082.8604452276556,-28.16862817240174,21110.221876754567,77.45262074145866,1,0.5759260467901482,76,6,1,4
436.51780015185625,56,48,11142,235,636,60.27198452138042,-104.12049084561609,718.9023523560508,11141.51012153268,190.94663598525847,0,0.44563542827893776,-4,4,2,4
-67.24614281601481,59,59,16251,6,480,304.5865116195271,-46.7488300775412,25.931548619416137,495.2963079748024,118.6825949476619,-8,5.030126039789245,3,0,7,4
888.7608658279889,61,45,22041,-105,57,118.5662478323556,359.9304520855566,8.914184221284579,12986.438994423235,44.35768077338588,-11,0.5094242370771938,3301,3,0,4
448.50780707549825,71,53,-21537,2457,142,27.483238870301825,-45.526312997445174,44.51525515450609,10583.410118415344,131.1658090276867,29,1.6540337965472507,13,4,0,4
1520.6833481853091,68,43,4323,-140,44,240.88477584322044,457.7435297625579,2.8784033524563912,21652.119479991554,39.401579666626695,2,0.531109761874712,50,0,0,4
790.9092446687988,59,83,45589,1486,770,35.71762382128575,-90.02140057880521,24.61010635656265,23447.667921372864,29.60467297671152,-1,1.014064707217197,166,0,0,4
1411.8361129668,64,61,22523,582,72,256.91952970882636,2.523093796143132,33.91993956193309,6720.059753045616,87.73913049983823,-2,0.842208077730878,42,3,0,4
1221.0624575764941,65,295,58184,-119,51,223.24360997223343,-2.375972092140297,22.228125605895983,6347.915511514764,88.32322736959662,15,1.390750771044464,-122,3,0,4
103.77980786141428,99,254,33704,-83,554,109.62582919647352,-88.98526248062494,643.7848843477061,22963.077755657803,15.880179198344194,2,2.1578990109636687,66,3,0,4
358.82893067721676,52,93,312315,-279,82,155.77652574940936,-34.484788619463785,23.78867158480041,16080.7592304166,344.9232277260812,-7,-0.6169296126124255,-7,4,1,4
397.3037415473384,59,72,30187,41,833,-20.166592233546652,-8.935636385618249,15.150423299844126,17311.413317300507,25.666735358885717,-1,-0.28359479643382973,11,6,0,4
680.8937421316796,56,59,14464,417,542,-17.401335280689167,-99.48033990223645,148.21291103206326,14072.860509342496,18.96849578982922,3,1.2573551524997089,48,0,0,4
597.0219261036999,47,53,40036,1169,40,41.97722090242229,-59.89324769521956,40.040630429276874,2285.3423691136177,179.2270895289965,-5,-0.5232152651784698,-1,0,0,4
87.4587280512892,62,55,36486,131,146,136.79594976884337,116.8674611185391,517.5377263100897,11280.770678589506,52.029028425186084,7,0.4045452252148633,113,3,1,4
567.0543896539172,71,66,3895,-39,113,357.0900256307441,-97.04053815145751,863.5325571324231,-3153.2581658988283,-7.950631697757899,-4,0.6017462632167663,-5,3,0,4
455.92934753440625,63,68,15125,-184,1,184.27634002287465,298.9170400691654,728.3872798397645,13908.643716392904,12.845966733216216,-3,0.9881918198749317,20,0,0,4
655.3585204230925,63,59,17320,-193,48,177.08850026301974,444.59056620145,903.5396871515186,9393.114636370581,11.501697592762866,12,1.2838923977090466,2727,0,2,4
122.51424787191416,100,52,9733,474,114,41.175518987657625,-6.327048698541487,844.885098143424,23328.497205148415,14.958633716757092,-1,-0.7873032706132452,-87,3,0,4
82.03633457524697,93,56,27823,72,516,328.9733167601892,-93.01405945300196,511.9505274322593,8869.983078937803,137.5322320630134,4,0.3560035728233282,137,3,0,4
185.78862700269468,64,71,-17122,122,141,18.59712081736305,59.6558260539727,667.4456652984586,22865.92010733851,628.5463276356295,-1,1.1641563365091219,76,0,0,4
828.4357822112485,69,45,19747,226,11,-4.3337547392194296,-58.654139594528885,-6.900118924860964,-11661.185950822419,237.03985098550697,-6,0.4286294637536785,150,0,0,4
691.119660879668,68,57,4196,-21,105,17.883049002132395,5.71832625615624,4.660400203395515,9592.133563155403,24.24884682213004,-3,1.26273716096759,154,3,3,4
643.0721450084917,59,45,388319,-150,99,273.37206343051065,648.2885224712412,11.83631532955193,17924.59485906537,101.21377204573024,5,0.7456309164605577,-49,3,0,4
677.6664487767898,66,49,19721,265,402,22.949719350933236,-114.22711307515672,538.723232414927,18978.105544805603,270.5523239480484,3,0.8496388836574611,148,3,0,4
614.7231667913412,60,46,30819,-316,654,14.131568103687826,-8.086345113789678,23.940983932155387,16903.21073572654,57.42441884039066,4,0.7227620189880117,39,0,0,4
-0.9921387238407107,88,106,3117,154,67,48.0218178472834,-58.38355792447736,36.37275284868346,16384.507723911964,102.15138932017649,4,0.45383644761069714,14,6,2,4
789.3360505333854,64,96,26850,254,502,79.71595557053759,145.98946796321647,599.8751640591697,-5124.878834000906,138.64585474482186,21,0.7024900751283778,46,0,3,4
661.1234892903517,52,54,12407,372,47,300.79218715645993,-84.69286193580339,29.86523452370058,867.9053950655607,68.17945963077592,1,0.2134611515550997,120,3,4,4
554.906071295273,61,67,29250,998,-12,210.9984649263429,562.1974395679081,3.7105431141563536,184856.6995362015,85.35060233376252,4,0.5419616637076934,-23,3,7,4
116.79953388375586,111,57,36279,-10,47,284.6435963004136,-53.17694280010468,360.1126917535138,4505.981089382891,66.34457112017054,13,0.6021966454188875,37,0,0,4
154.25605511933765,277,54,9571,1787,48,153.1407241542123,-63.986439613692454,788.0674492435523,12422.289496312627,39.46787999927808,0,1.2308605999334623,95,0,0,4
-4.335553873960876,95,61,35613,1660,132,106.44861456111421,-35.975648233554665,24.48955184450267,16370.864634812478,165.63256710520133,-7,0.3544011859216838,92,0,0,4
1321.0559046023952,75,46,-114,944,675,76.41685011496581,201.3652255951852,4.290660086857111,1609.8712267433657,6.527950008562229,-3,-0.07540786151671325,145,0,0,4
816.5994927222013,52,61,652650,-118,28,189.24914761408002,-49.708697944704085,922.4379652319515,14798.682465570342,2.955463120401774,4,0.3358772147353374,82,0,0,4
681.8913617795575,104,55,25128,-229,803,340.2091099150634,296.2034053745589,41.1571354112423,9010.768424016062,25.46336253027983,-5,-0.0974646017203411,-2,0,1,4
242.01380627306142,63,62,37434,-115,586,53.17842557997866,437.5583603805288,23.63958185486125,20093.085405340003,48.496214662439876,3,0.3412026632387781,6,4,0,4
216.27475273360938,69,87,17214,-212,835,9.972940257339033,-127.94816429836402,45.33101968074603,15406.858099491259,25.924292706309807,19,0.3741693586859789,81,3,0,4
68.6562660576328,101,55,16284,-42,559,51.22105677292906,-15.324215089550975,653.4553537618729,7744.691883745167,26.100044025137315,4,0.5304318630157623,-60,0,1,4
410.29835632545064,63,82,44957,1915,186,439.7369944899075,-41.544351675517845,31.51376502030959,9100.293067838307,30.527870012620582,1,2.5640691068953902,114,0,0,4
-18.893151284760094,64,55,-13324,-120,146,186.13118700129132,-63.70537915930913,21.726555126773185,12609.03563328732,126.83049817374541,14,0.35794077622835124,58,0,2,4
-29.220014415095918,63,68,243566,-252,151,385.18672254455817,-1.3597336755781262,818.7366153872267,19395.888792391717,68.12288343623837,-8,0.47075371959488865,151,3,1,4
659.744488837579,87,53,17017,888,91,7.02365635896723,194.81961271904146,29.022889908486558,12874.947786957018,103.2376924515282,-3,1.5576197402388494,-54,0,4,4
681.290463327951,68,67,-28348,192,630,280.35984285405664,19.013314572147387,821.4098591231244,13426.850900219357,40.41667182582483,-3,0.5328350408909748,-67,3,2,4
1139.997235887251,57,46,29177,1033,572,2.2620146073504515,-60.48970047179921,44.932102761578726,754.3412010413895,39.97131433945768,-1,1.1737706656160336,-24,3,0,4
190.93917729165466,66,49,25158,114,4,245.30074746169197,-64.5108257264602,20.436945038716793,2259.8125149822426,242.8680416777413,6,1.9917142688911453,117,0,0,4
809.4602558937403,70,97,29152,-81,4,2.007942431971955,620.7748904666462,388.95808721620347,6743.588544582311,47.84008154166886,30,0.6266514814204325,65,0,5,4
434.2183733961532,61,225,605267,-37,570,90.97492234140488,76.86350128414847,22.525050586676446,755.0811311293287,52.01098390991049,-5,0.3699591636086023,43,0,0,4
872.020789869892,64,46,41420,-16,802,112.0326443862653,-3.846505082934925,262.00100544717924,10227.029836166796,51.7148005378542,2,1.225901163633889,117,0,0,4
426.75332179854024,49,69,32019,1027,767,174.62007964668206,67.57371543152406,528.1998775942565,8412.156509639228,39.087948577547266,-4,-0.8092303690749036,-82,0,0,4
647.7457339292101,63,66,218,239,15,354.4295875415099,-74.07783013184542,768.1079373180579,16590.287503244635,47.71725860945402,-7,1.499420674218432,50,6,0,4
83.03688380008724,68,86,-8794,-54,19,237.9464870255203,6.197103064430479,778.0891332181797,11069.88883005925,77.93463342171569,2,2.7115957137364424,86,3,0,4
55.96385319543488,64,66,12330,671,749,449.9445777358755,15.375948608315744,797.0516685039529,1007.5762142909862,38.783358290661845,7,0.6145185795272115,99,0,0,4
445.42046540951367,67,105,-2444,-191,-6,48.99855577154262,82.4807427806426,644.3011168958387,4059.043684966685,13.588190130826177,-2,1.6457190065473273,52,6,2,4
380.486383379847,56,96,37896,1328,746,235.83487923443698,-69.69524500734373,2.9275987956779774,16705.646446467465,24.855615622066246,0,0.5545357966103944,61,0,0,4
166.74540859520556,56,51,28096,12,84,73.29471547161387,52.85494309723363,619.8362809148629,13856.510074979884,30.314334077867983,-1,1.7641438666913363,120,0,0,4
253.66507769185378,71,61,-9494,1069,156,121.09419311576028,27.713399746322235,11.776067809322779,-7575.42481823933,51.78635987733945,-8,0.19154386746373364,43,3,0,4
-17.160783553474886,66,55,15555,208,76,735.2920422880527,-59.55182832584461,45.0677091643254,-2084.047956865311,50.682832661185365,-2,0.5024865870227326,53,0,0,4
102.09803123998648,80,64,26090,1315,74,272.67592075965,-112.2167040683873,35.38077024970234,5298.959780221339,40.84970581783415,0,-0.21510935768513711,92,0,1,4
465.86322659887486,105,53,-12823,3,18,53.211533242303936,56.56391991034195,608.616821369019,10342.91214937992,74.22384554030371,-3,8.44658923898575,65,0,3,4
857.4275668510725,197,59,5326,580,106,156.01766657744474,213.0981544144278,47.39796634792189,10558.53585613552,25.8801438463924,4,0.6139696611678066,-35,3,0,4
160.42852226410716,55,65,461838,-56,6,260.3501599602516,-80.21663809658193,37.9216535445847,5935.370890130478,82.61830589110485,11,1.530883306308756,101,3,4,4
562.4457880456441,58,46,9440,109,50,209.07832509085853,-28.207189132976712,100.88722636734205,-3690.4643562107394,868.3584853062885,0,6.500257706796555,-5,0,0,4
48.89141103229815,63,58,18386,101,471,472.7605641456071,354.8823335217992,10.535458139450446,-2559.1299716873646,60.13642167089684,2,1.4756483675010816,86,0,2,4
489.9710042775945,66,53,-14456,12,58,96.78501991154093,9.616391403699836,651.4477210773721,-7653.962633304415,526.9734869949182,26,0.5726319336804971,-37,0,0,4
393.4657196779956,101,84,237079,2694,662,785.3073697225975,-16.974907587089323,410.5721996801915,9195.126685410023,155.48608503605536,-1,0.7643185095368078,27,0,0,4
820.8505060347782,71,65,24151,439,665,339.1320691010559,442.78417812240605,839.6371563857008,-11382.674295202567,-0.48871070038416065,8,0.6107712408966055,-42,0,1,4
1300.293119771688,103,91,25371,-216,100,337.77809925128764,175.6047817219325,564.785142686315,21961.074874324124,69.68607799684511,0,0.2770868405195751,67,0,2,4
12.987317505385086,57,211,144858,10,339,224.93315155170103,-95.80635056388932,36.862538658236645,8373.615512025419,470.68702899860335,21,2.046961793790862,-99,3,2,4
1399.0278472761402,69,48,16910,-153,632,255.43111374542298,223.37794392403384,36.136371816896755,654.5044343530894,114.92856513378491,23,0.3478577011367395,62,3,2,4
562.8760157634583,58,62,10282,13,55,365.87266058925263,-40.07311359672619,726.0455216869718,994.1309653534986,22.339398581644488,18,0.7722492584253882,34,4,1,4
836.8489588035676,60,44,1019,192,99,12.810703854752845,-99.51403401196261,684.8745472855287,130581.02247467854,52.10281475161694,-4,0.5240379236110043,51,3,4,4
858.6137316710218,65,54,23353,1587,571,175.92798293590022,253.41421378458287,18.20977908889438,18490.198600597814,37.14723101935845,1,1.0235232711194258,25,0,0,4
716.4985049330983,53,262,2867,1176,114,66.67944279980526,-78.69187489018164,12.200361446774005,4058.2976708996603,113.4601599842512,-5,1.1045933647795323,85,0,0,4
729.3221761264452,58,95,34425,1532,1,326.19215803979984,383.19412061022797,13.294471653733304,2272.464432752209,120.83994674086122,24,0.3606387880683718,-27,3,0,4
524.1472601603738,65,64,-2003,106,11,122.24345425804462,27.45806753640278,52.421956276658356,129312.69859158338,218.38763803891044,26,0.800819204287966,37,0,2,4
847.1900394102823,57,64,4542,73,49,103.81718710708404,448.2959560519466,615.672244516177,9644.694413205081,61.79078798182468,-5,1.4735825774205793,61,3,5,4
779.2460384371335,62,64,17470,930,15,26.599810514771455,-72.27948267170012,864.7014862936246,16286.871633447925,87.4454840554382,5,0.4947827733794993,49,3,0,4
88.84094230720405,91,49,7514,-230,2,906.333460007716,386.92967912093945,41.48876021311318,11542.275174148146,46.65137516323558,4,1.4778188483410821,100,0,0,4
227.6573575714877,73,55,28052,-127,108,130.30479755261473,-17.929252046841384,-4.744412750671184,6665.549862117159,820.8080486398862,3,1.1536618048536804,5165,3,0,4
538.1180619862099,47,56,488408,-88,138,80.28652226779018,-13.118503142818678,766.5411354610442,4733.201352904868,14.759371017386911,-6,0.15254769296319437,-30,0,3,4
615.2270054476842,67,55,10733,109,141,233.821789308054,-19.005056835955155,20.365593984605972,155833.89486470877,93.5989386682409,7,1.4438025290278207,121,6,2,4
802.7184542244611,65,54,12804,-225,65,190.8604283969704,558.8964186394686,650.8657163897863,17614.01575663037,-4.31198187111643,-1,1.494727916293841,37,0,0,4
118.20504435372396,66,54,21858,2266,53,25.22099793170799,-114.60069965898425,327.3322924311076,-1998.2215841190819,262.6737320024834,-6,0.5985994683259845,74,0,0,4
80.49263111939084,59,69,14709,82,106,271.840351510517,27.83410826596845,590.3776371234285,19270.101859753777,56.99229931262697,-2,0.568915707057978,86,0,5,4
414.81933276728364,64,52,-10735,399,57,215.0780393497915,-70.51006242871955,9.65573283485171,14410.522432359747,89.01768843364457,5,8.979077259001864,68,0,0,4
148.92192956955247,129,85,-15610,1765,343,52.16359177538423,-45.54736366947911,328.8540812458182,8047.176880110342,138.33196286783598,4,0.7409913725587783,13,3,0,4
648.2675615566518,54,58,38936,-116,31,352.8743879608423,1348.4737043114394,594.3273103451485,14556.094169404994,68.9850925821216,7,1.38233267571656,-81,3,0,4
861.265424788456,80,55,36859,771,370,4.5287953848072675,-62.7195122259441,12.100795763886788,407.8950960107809,78.26276111386854,5,0.4425056271990321,-25,0,0,4
590.0811069568248,68,153,8443,85,21,47.30045052968242,32.60620297821012,26.097243935635774,18375.422931159355,89.62192152136852,0,1.3389395679878018,85,3,3,4
1595.6501467198705,64,64,21374,-47,652,521.3183166152737,14.941058110287635,736.0996444153768,26528.510591908253,114.54458394182343,18,2.4486038239108057,-27,3,0,4
482.59799665003084,62,86,18451,269,537,411.39770598364447,70.64544234298232,343.76547272300695,10486.084581831092,812.950818485567,-6,0.5983577077478826,54,0,0,4
430.66798043272513,94,69,-5895,26,-26,147.82551163951214,16.66275589321602,473.2980709960117,7749.239054639784,81.80325933928269,0,0.7287763594956873,-26,3,2,4
601.5822036440891,63,67,18082,-215,14,319.3603169230165,-50.73021415857242,765.4547327106229,19394.709633497914,78.81746323388508,-8,0.574284434873324,-47,0,0,4
882.5568467727633,49,57,24786,1785,-32,168.9873072717635,294.8941208824,2.9778534606489457,34769.280398495444,84.20847284029169,5,0.5034190835564685,8,3,2,4
672.8200697162334,97,78,1691,1481,454,193.32366877684336,31.794704691986936,-7.327671420235282,-1243.7230511035877,374.4963551537455,5,2.1051716978145145,63,0,0,4
515.2653270742048,55,54,30772,-252,47,128.52738057851985,-30.179599126451194,830.252694532559,6181.72051399718,23.4401589572605,15,1.1176158854536762,-57,3,2,4
681.8752320457029,81,236,-3273,-72,402,114.20551775613066,-64.2955753894019,-2.6874591710644595,4282.988427748841,56.23984094980626,20,0.8061068508285247,-34,0,2,4
387.3974503397834,102,64,31466,-118,927,315.82714589193625,-103.36780595843689,41.626693442275425,14109.46882138972,95.75421236698332,1,1.0460328332969409,82,4,7,4
517.8814762300303,58,97,35187,1340,617,344.01587426939784,143.53715230505517,-21.325978079536643,8306.079107562104,36.00624761567808,-5,1.1571087657173378,98,0,0,4
761.0252470564633,58,58,13037,-36,661,342.46185204230886,127.10386805753382,20.247191601131647,-7862.209503103401,95.07012991900649,-5,-0.31887497249096786,-31,0,4,4
82.27461413214628,61,65,12935,3822,80,7.31216498695548,-81.39482400689043,31.18046757964158,13490.40488468873,49.216444022552295,1,0.4885968165531215,-20,0,5,4
64.42975695187467,62,68,47362,1215,39,239.801495149286,-42.08928570211968,798.352441931014,8313.92808100093,116.55937310390857,-7,1.6247975538655686,88,0,4,4
589.9556287513897,60,58,597204,861,59,183.80604198743544,-76.86406952366066,515.3259375047002,-1691.7762375788334,653.7848327904907,1,0.2653092885729883,69,0,3,4
618.2487820987184,55,198,110539,246,100,102.6575104908651,287.62277585280106,53.55376776210516,4141.201566113472,31.11830558501645,6,0.06236624562915072,67,3,2,4
100.61495649999972,65,229,11782,170,-9,-1.2240118242453946,233.88832792135668,577.5311983377919,16136.209650322347,57.879314557305214,2,0.7063977655104183,-39,0,0,4
121.49653826220438,64,46,508868,-122,36,260.23390797033784,-19.713024174359912,716.6717993667488,-6936.80859843696,386.1026515938714,20,0.5198102860023538,53,3,2,4
883.3457248345659,58,96,51903,255,545,192.35724705227182,388.32354427159885,49.31707033030622,5176.811017813395,13.701478478627564,3,1.3779283510947633,76,0,0,4
324.9660712797538,67,59,-14463,-34,119,82.43647218078881,-50.850396644176215,589.2535035139891,14181.904331537819,69.36621649202621,1,1.5373042974436568,65,3,0,4
896.0479224460555,61,43,21999,2160,14,427.13267830694565,-67.26782134965154,588.6319830450145,12060.293233370001,85.1452021077769,6,1.4729265162479908,96,0,0,4
447.86861294725156,67,55,37587,-322,514,68.69511724311606,-47.8871537798385,19.679791634416137,14518.881301962345,24.749926333134987,5,1.4677789464428042,53,0,5,4
-9.098026689891356,66,41,20629,632,89,295.7704513740461,-79.25007614705697,4.427379897880862,11243.316619554946,40.690364610139824,24,0.6760397669181161,-34,0,0,4
-42.61673290978544,114,59,35429,295,55,269.730513912948,-92.15762016991552,44.731051578162685,3257.5812917135063,123.82779955339004,15,3.0351005087638896,-66,3,2,4
859.9391683998406,233,292,617594,-80,124,225.30128211271696,-53.600674398297656,748.6903518232238,10587.280218795404,111.40946051467407,3,1.2009431293531623,62,0,5,4
232.0214328675434,58,248,49344,171,661,29.950697339719966,-87.21947326908764,-7.906989867624178,16191.354245595212,47.89483885677279,1,0.49855992788530373,137,0,1,4
656.9005288406395,63,51,38923,8144,130,64.80732324572548,41.86627117501018,-17.04898306213954,7.599421150167018,264.208854626183,2,0.34855267402686585,-16,0,1,4
367.08412391647465,85,53,12414,416,13,61.56506794566833,-4.111546932417905,23.281014558943582,10341.885508698651,145.9439232979421,7,0.452036554338913,89,0,0,4
796.7042417618906,69,310,15391,-241,13,-4.619063995169469,556.8914775983624,-7.365001930456083,12989.855875308684,560.6991969475758,-3,0.6158331824396438,111,3,0,4
754.646549134424,63,65,26470,133,71,15.377809918966747,349.6307905297171,21.666719261536887,12381.480824810136,96.11572348041956,6,0.6190355760843609,-68,3,0,4
997.1391898612839,59,62,13677,-5,109,373.4250240710423,-55.54893736626478,576.6987120440945,-3413.59926672,769.2817169088636,-4,-0.4558741942629356,77,0,2,4
120.1393223330985,66,61,-10864,-130,435,49.32439896943948,-101.87196996920132,430.45972598646784,16365.286488093603,2.634201446884404,6,0.9847545029266217,82,0,0,4
737.9853478676123,122,48,45526,2818,63,72.84560478940489,-36.24609955888772,709.2983600506769,16890.9091763311,73.87187980857559,-5,0.7464470057978897,11,0,3,4
657.3870144877394,65,51,42018,1783,85,160.97843367861995,603.8351412281139,8.692195781725358,3448.5629865487767,66.63759419501926,5,2.0977787921241964,122,0,0,4
388.3518153692518,66,62,48263,21,75,-9.303589204125217,725.8409368706585,50.313561620089416,22021.289222274085,262.67858341280373,4,2.7463430818692744,-11,0,0,4
330.77504814673574,66,97,42618,3,609,11.1118933498594,-45.214081534671905,56.87219764520041,11604.973164928571,-6.831796474174865,0,1.4387518820019933,1,3,0,4
589.8993547153178,81,61,37117,-23,16,62.72553272835654,-82.60765368130255,-21.586413515713758,18244.63560813219,55.65507288673936,-5,1.325992543026086,18,3,0,4
389.4820091345184,51,65,26185,284,484,759.3718455238906,-40.35349439650602,0.8149816553900373,22235.15680201405,89.85810829157975,-4,0.7633232253061233,70,3,0,4
311.3805114645912,100,60,-7048,2488,687,85.20940959695415,158.98912689979915,42.88768468051278,20889.00820016284,102.99514839622474,-4,0.4197837256107697,63,0,0,4
882.0807087421829,69,64,29279,470,56,147.1935912911136,8.27886547591061,376.41223535750925,101581.48812332626,54.13646264521461,14,0.36608867271158596,122,3,1,4
1250.729295806223,60,54,28746,286,12,98.03794771378729,18.36934532672243,17.441234085141435,14968.079360291365,394.80726196188454,-2,0.5982088332887224,78,4,3,4
576.2842068492617,59,47,28771,1035,21,127.31545377983173,-22.842305261778282,773.7355125648486,10483.857894748879,51.770730243016644,-8,0.5768329519642217,79,0,0,4
150.58366200998813,63,59,23288,279,61,374.3584240359182,336.39765017144333,702.890203752738,12328.687453454528,-7.977060776411719,-8,-0.01644415110434183,23,0,0,4
46.08028924813567,70,71,435026,-199,40,-18.41886636608953,-47.85965838730601,789.5907529923757,1841.4135785652995,263.11801218936023,-4,0.6846552736109552,148,0,0,4
510.3002612750995,57,60,395511,-71,108,288.58799949318677,-52.185922595191315,57.745296512431146,18711.248329963666,346.2077277176964,0,2.576765807858031,22,0,7,4
607.5124525182998,92,65,11719,1113,639,69.86002494938288,-46.14816437345365,157.9301328436864,176.62546409342985,119.91668287041695,-4,0.21224934066263224,34,3,2,4
725.1455879234004,52,53,567,210,69,24.212822090384307,490.6042868581404,354.43185382321144,7293.468131327194,684.4550215711039,-2,0.08364483179438809,-22,3,0,4
670.7386549022897,69,56,276579,-758,113,502.11237876550473,126.17379487703994,29.394433164494917,-12234.583491246518,14.303381563372895,24,0.12232353604022589,122,0,2,4
744.054436865621,87,64,466404,15,98,481.8547139829054,176.06224357762827,476.2210388709646,6750.229589542025,217.86055894730498,24,0.5769642461054679,24,6,0,4
477.3640824376379,59,61,531377,2025,551,188.91609322741456,-28.996805799585662,3.289073201710585,6959.868434345326,63.260390644061,2,1.2155426616257348,55,3,2,4
660.0064569195334,68,94,29914,5836,721,50.03405004651807,-7.503209610545081,16.358837925224762,16932.12929231392,98.27818940653839,-6,0.5791058039614213,115,3,0,4
840.2069126447983,46,58,46359,-343,-42,-22.610501456517156,-29.810561842539595,627.8099341265698,-4084.6021575032837,55.98173592874055,5,2.1042868888088755,-18,0,0,4
152.06473557609957,57,64,593482,582,153,40.44024257526865,-41.61569678820962,43.78168409875754,10983.103996607897,63.56838421180197,4,0.466269443330307,31,3,2,4
582.4157187954951,66,47,16986,50,109,382.190228956918,197.95436171018284,8.007610769553096,-2921.049778471772,209.74842438952976,2,0.5260153457306966,64,3,0,4
-48.85038270157004,83,57,29639,995,642,221.41067981054564,-90.51846085237807,0.7055857349054704,24761.115357324292,73.01825094392322,-5,0.6099073135602575,119,0,0,4
447.0651881859999,68,61,-34694,7235,42,120.98991694039537,341.24923042919545,27.782526360306704,791.3211530741983,183.26863082339497,26,0.7564852855362882,-116,3,0,4
214.8427006467827,84,41,34021,2095,74,173.6059188772424,-18.136341873489336,54.40282895133347,3007.404623318733,18.469091121765004,1,-0.18711336355564168,124,0,0,4
1272.46813370984,271,65,34179,-155,622,123.59864286480263,5.920934610262468,22.015436573426964,12781.830491906196,247.69401350869447,5,0.843428163995855,19,0,0,4
126.13836693023636,59,75,274401,1158,34,-9.581967265761847,39.42271735840653,13.424086292611113,1697.7820150608918,55.92333415539761,3,0.42856488930592873,-39,3,5,4
644.148001183956,59,55,16737,467,-5,33.61621087796716,450.1833444711635,611.1004808502717,11427.136929114,-7.6127154430872395,3,2.083803093973755,69,0,0,4
616.6676320048526,59,49,24873,2776,70,200.04732579474742,-53.32874319027604,14.50632541032961,9474.856910314513,54.37488323719802,0,0.7800979269106423,34,3,2,4
768.114414380777,64,43,14810,80,90,474.8761153125397,408.37509961670753,43.141100609204564,8042.253339983245,210.4027839076134,11,0.2159087599391868,40,0,1,4
106.49367966413877,57,64,31474,-81,68,48.021063542780965,-27.72002342008678,697.1457085910014,-769.6550656377349,65.0317564582988,6,0.5247758530793656,30,0,1,4
151.9648886106258,68,63,4132,6096,116,389.76448093649583,-50.23279543702377,701.7164748002879,25350.973829792623,389.0022237086911,-7,0.760357224639508,16,3,0,4
804.4758227045837,62,76,32782,84,653,125.59557412564727,103.32277490595766,55.3055632610744,13852.098475829742,38.16483879265354,-1,1.8857156676440419,110,0,0,4
748.3348174177678,153,54,27546,-282,61,89.66754858328865,-2.625705589988371,783.431150884375,3080.668884723112,10.229460097504074,-3,0.5231732932304213,132,0,0,4
854.9534823021378,60,65,51369,-62,464,379.2680251076994,101.17860391601255,23.119396764413857,2599.151842759437,72.65331349277366,13,2.6202041282677992,37,4,2,4
170.15739639279522,54,168,40527,1989,127,883.9767881160687,368.0423065040381,0.6556370234478117,5805.963916042333,152.11585105370145,-3,0.018371422886339972,37,4,3,4
353.74655157853044,54,56,25835,1165,263,314.98564861530843,-104.56962150413774,-20.937548605627395,9656.424916037311,132.34509608942136,-1,0.14321049395434216,-20,0,0,4
1472.1215737664147,99,91,23734,14,70,70.68735453476597,490.55196170464177,767.8651878756609,17745.466750639207,133.68895054812162,0,1.3927953406482125,-27,0,0,4
453.250382077527,51,43,16948,-548,123,198.46830718107293,-105.6409061246215,528.9482475463225,-3905.9390916889815,83.13109753774377,-3,2.067463926636462,134,6,0,4
643.9474655600028,91,86,26112,107,757,37.56279275273275,502.5787325299321,20.712155450935295,9329.45700257331,115.56062406212601,-3,0.41340581783739827,28,0,1,4
763.4874582477728,68,277,27971,835,121,19.290646592307475,-90.94439946134796,269.5344929452574,20182.264814138525,48.54721362998483,10,0.5909368449602402,94,3,0,4
691.7735842626564,68,80,-709,1404,723,243.13427842481917,203.2484869937959,607.7482166461759,15582.687558204481,8.237026738991673,1,-0.20950899725768152,8,3,2,4
870.2629006323826,67,64,478351,-289,5,102.04798341142592,3.342564494873751,748.1137169020972,164571.4004480514,-165.03550461324357,26,0.11727745440224879,-15,3,0,4
134.6862001452719,100,55,-22403,-155,65,207.268641366441,1.7051411187711087,29.66859724822143,-2795.301862120762,80.94215098392225,14,0.4309610741612784,-41,3,0,4
39.29326034279377,65,54,-1748,5451,18,-24.649113295564632,181.11388528335738,884.3888200566291,2422.9928146528546,39.54545202492052,31,0.41655508426287247,77,0,2,4
771.206721476591,59,93,-3103,2556,539,76.24648413775842,-23.83643279167676,40.859071177592234,16729.3470673082,21.51302437532093,3,0.3794805220811932,51,0,0,4
784.289627644754,59,61,538724,1422,504,845.6002551040215,1041.192459114297,31.58346945444901,-3961.455721051335,430.4215810902482,28,0.3255678324841316,55,3,0,4
575.5051026484467,68,60,394039,-97,17,1169.4616681176244,-12.336952719457585,28.73096797619709,18.20239270058846,24.566390344319004,16,0.7815486817500981,-60,3,4,4
656.5231135536088,55,63,-1480,1081,80,284.74519734029985,-35.236235231817474,428.76835079736884,146489.3208966893,36.681912754823784,-4,-0.12161165002875451,-129,6,0,4
668.2119364849871,59,109,311944,58,135,266.2963288295237,-61.761217855705354,332.6646805161105,9489.622801448904,152.25356878015702,11,0.7464691255165818,18,6,3,4
452.8334562672692,51,257,2969,1192,621,32.74977889447625,9.683830830005839,668.6670171797034,5757.64559456611,119.9038770212922,-4,1.6110053148630712,55,3,4,4
560.3036774237614,56,101,37080,-177,56,33.49018831397469,-49.22599421083771,879.0510022077763,9760.603919587882,340.88118706624266,-7,0.2515273756441858,10,0,0,4
750.810915987917,105,66,-16493,47,467,73.14066045353118,7.247314755355813,9.119073646118164,-2039.1461221706295,33.16325866846399,-2,1.066247209753325,103,3,0,4
801.1247255921292,67,52,469715,503,523,77.17885704720318,-62.957205130422906,36.6029005132195,5309.5563475832505,35.11301032947505,11,0.9690576744093656,94,0,2,4
539.1781276707461,100,43,259880,-112,114,222.62659223184818,-35.3463588815157,39.61008205196813,15990.526775974944,76.09697648646268,-1,1.3062917877622693,-38,3,0,4
569.9879871942563,103,65,32330,-204,67,47.984039568843954,45.13597076557582,50.128270411117526,14984.904444346917,119.39821514000144,8,-0.26424920099828686,113,0,0,4
184.7977454168156,70,249,1573,2561,738,806.9757446512575,1380.3548490919063,532.8762917087286,44.47769437461966,88.82252777868777,-3,0.8095626428845761,-9,0,0,4
870.1609349536845,61,264,36221,-53,132,92.9282750024233,683.660076154617,45.98370564124008,8558.801391626928,13.03967906774001,1,-2.0380759510103097,20,0,0,4
426.9984753859823,57,60,18184,710,6,8.723844695614346,43.628063924375624,413.5523975661099,76592.4624995583,28.61788231352569,6,0.6736925688376543,-102,0,1,4
741.5753641013526,61,51,590327,700,175,108.70901294165101,672.7782323995639,887.9015172832087,14197.171916947544,9.60077095315971,-1,-0.30700737422832763,161,0,5,4
585.976195075637,62,52,9000,66,413,201.51005179988837,-22.054459886790056,669.0425558468619,14081.989532275664,43.61520648155284,28,1.623199275571722,8,4,0,4
606.221605432898,55,94,15507,-211,-5,-25.47473810606607,6.14395245967643,690.0955952129121,107895.96590733314,167.93322487610436,4,-0.7878749501384297,82,0,0,4
421.5453088357202,62,42,30910,-142,418,268.64819177773904,81.27787791362249,16.372392804188017,15038.926631688784,28.071220277046088,4,0.8898095012589636,46,0,0,4
49.638970706266264,61,46,15647,235,33,59.90196196565965,-90.4348074741273,-23.761171045802943,7207.311105401854,95.69009788206964,3,0.5042623788729331,132,0,3,4
53.67794915932014,115,59,14317,127,37,74.5172171290115,-30.23858829458936,10.60378822204488,16130.356419075437,71.22981674443099,12,0.5532915314338224,-50,0,1,4
21.590524499241212,52,83,-8642,-93,414,383.08867948557565,254.61324587506803,646.1457666687547,14757.72718741394,110.34671739896947,17,0.6000695307369783,30,0,5,4
113.147231057527,63,80,13404,-266,27,57.244962888404416,-67.99197936415847,37.874522300256444,-720.4232113019416,-13.629381027103165,-5,2.153144565574247,49,0,0,4
98.02920421994021,97,83,26863,147,326,216.0708950614192,321.9228163338024,29.878294115731123,-3738.04215644316,4.694536651657387,16,5.471573264760995,0,3,5,4
116.87451301960446,140,54,14992,656,542,268.9575715547026,1690.3502514281436,43.26662657546715,2952.999120663002,68.78330750462351,17,0.8728922911378236,59,3,2,4
540.8999178963486,60,53,1962,1262,-3,48.00983304633445,149.2785219277335,20.482336738696024,2446.3656395678177,12.981622312042859,3,2.110129442182184,51,0,0,4
610.6656702168298,57,54,21287,677,695,61.07712634491317,451.889576692745,830.9392446732782,17689.48665508063,77.6730840861424,10,2.4777256075326495,57,3,0,4
198.91546022200998,95,67,2913,1962,91,293.2262111604018,-52.91467060585603,19.539462814798878,5063.385548364965,35.84564692609233,-4,0.47346468815559356,6,3,5,4
504.0647696289535,84,51,28270,-22,451,0.8569625029576002,1040.2015500952052,676.8667555585662,2825.627890313472,90.39844109658637,-3,4.644362841193235,21,0,0,4
1008.7909841392254,59,68,44041,1733,8,-9.327063720715032,-6.282144943026356,111.8145743015853,16229.176397680178,17.649731674377364,-2,0.3651835208748374,146,0,0,4
599.2929198734807,66,59,321663,-167,122,-35.35295106904745,178.31216307302748,37.44766116225161,11868.489166835461,111.61919732406253,15,0.44787919365911394,75,0,0,4
727.8376200122534,63,57,13000,243,632,722.3645835117263,174.48608462331515,51.61125427051109,-3395.7944403482725,26.545873817213746,0,1.2570827317226807,74,0,0,4
848.9398725629337,106,66,13749,-74,61,139.4137974065216,190.31750316899178,22.43860117969012,16835.316090810527,23.420516399251724,-1,0.47568677178721286,86,0,0,4
779.1776085535424,62,54,44854,-262,129,179.85730688412394,-65.26437181981504,19.92971732348456,20196.78990778491,30.727859499303783,-4,0.49031605612799506,43,0,0,4
591.3289541038253,57,60,17432,260,76,758.7563711942946,1.8868041240310904,37.896850169710696,-2124.995747047452,105.30990695352186,-2,0.09320139932106969,-18,0,0,4
660.2177857065941,69,52,20819,-226,63,267.343706456623,-4.793490715020415,11.330905215145922,19174.555308211846,54.465066830184085,7,0.4557871173104868,6091,0,0,4
60.88405163797639,62,66,27822,-191,-19,47.91075993732072,-122.15505126637485,49.36189705006953,12214.223914311486,8.111701591423383,-1,0.7178903661828295,80,0,5,4
726.3693985468655,360,55,23961,1685,547,18.874518049615702,20.91741465928586,629.1481309260222,6457.8821280115035,83.797331557782,3,0.8145625143142048,33,0,0,4
468.8290586509578,99,62,-8355,141,3,77.00927281436789,-75.49872721829408,496.60974400508655,250551.3473605701,90.27406391012254,15,0.5057119813002451,2,0,2,4
591.329233666363,66,63,-14007,112,82,99.57940049117829,432.8415038490033,-3.2031931838239154,2137.3516222788794,73.88800184672297,2,0.9582536945591243,-46,3,4,4
611.8722700428634,52,60,7304,-283,141,91.55126410952587,-31.08524706862156,735.3848055049864,10735.258354305075,508.64863316072854,-4,0.28845574738876634,79,0,0,4
833.3840698402912,60,65,30266,681,89,-19.97904831409835,-74.92102080533245,530.4305205796444,15158.833534014044,62.85390458750504,5,-0.1751715246623109,42,0,0,4
593.8385884690815,63,88,41942,1017,30,199.32917020448286,-9.204254738347725,671.7290890047792,8934.718981028338,124.0525132307466,0,0.4547415598764084,6,4,0,4
512.9467300650037,121,63,31764,-215,181,429.7541188400944,161.10087728141949,700.4445301194136,1255.293772823593,25.264819948714994,0,-0.20350977356940964,102,0,0,4
-253.33011762714443,65,67,-12828,-174,492,65.83003754735853,-36.37522462321269,-13.854938033949715,14632.366675204845,39.269923612742495,-1,0.9200501079386935,78,0,0,4
386.70127814624675,66,60,486891,-39,781,47.34279667068152,-99.61293772227512,876.5993888327819,20597.33820325078,59.30091957054635,-4,-0.039708246034017014,137,0,4,4
550.6243383044618,107,59,26154,-24,563,314.9446663695351,7.06193156099539,45.653095573572806,18010.285660067126,39.60117739924419,3,1.5681960988731602,136,0,7,4
479.17030818429595,60,310,16308,-266,111,285.47866767372113,36.691031886442204,706.8671907865319,-852.2627917644168,90.16413894339419,2,0.6488497636689543,88,0,2,4
-26.27285901207584,61,51,6832,703,34,27.80888356701383,66.57762574809567,623.6750039620023,13356.114766124098,51.059072729074835,-2,0.5676393495579475,44,0,0,4
664.7958052223844,68,54,18262,-118,53,170.66925962997774,-45.65182565100095,51.57784609826958,5145.828243480023,37.39292042970459,28,0.37771933415915343,28,0,0,4
431.51744214379414,94,60,-3292,300,632,276.0933455965254,-573.2422220109629,-19.822789469160867,14750.116252735763,77.07811539214504,-1,0.7019397538573218,-7,3,0,4
153.98578053710037,62,90,6563,11124,48,220.5852485861609,4.156173172649318,12.862593528580831,8511.801741828065,86.07841946514019,9,1.3559308017796257,93,3,0,4
770.2288790486626,61,58,32330,-268,143,304.1100239517855,267.1533026746936,50.91332528904201,21880.595703406474,93.52937657896246,-11,0.5392907612329,39,0,7,4
148.69789939606946,66,57,40721,1763,656,280.26723455285867,-71.73804467665455,575.3560604383895,9865.853703457458,266.6201860913903,-4,0.4689675931180823,123,6,3,4
183.70650455676207,53,56,1893,3543,89,244.9361426759441,-150.32997216813715,15.130977944583616,7835.684170522132,48.13998226832026,-1,1.6880174025039816,8,0,4,4
867.109364949762,200,62,27528,202,111,49.77007850028559,-13.07568024763065,34.47041985797177,19000.093390060625,204.2226271248851,-4,0.4533133772388752,-33,3,1,4
728.5353261405523,60,49,18163,-149,138,145.57961785731788,-66.93170421721746,189.8120163986514,1821.2849184979493,101.32318241746884,-4,1.3709808388510225,40,3,0,4
514.6338962951745,66,64,10828,1170,146,0.2580680811023228,-95.15186180140803,725.748354611294,-1047.9728221346759,138.24487025070462,0,0.3654308777218961,115,0,0,4
123.94524428152693,102,67,33796,551,294,365.24210197876295,60.14879147441205,686.5598289896442,-12258.191891772702,26.76820586790859,9,1.2625883230825088,-101,0,0,4
816.3378807339751,55,62,19755,-231,745,52.75304221145666,483.8257556178901,708.7351945437417,13748.393185177014,373.5352832892852,3,0.04532947376279406,-3,0,0,4
695.4590147514348,58,48,31358,615,513,300.1415510478661,64.60888356022696,55.36737284009132,-1531.4756551665823,31.012673240745173,5,0.6462006479132907,105,0,2,4
886.5935765409133,67,48,9735,-274,475,41.360662210423236,29.55241475863219,334.58391376293656,5355.864936178809,56.35668804240861,3,0.3927143061777977,53,3,2,4
550.8346395894202,60,90,36593,1611,-34,178.85370089378728,-20.496793949311492,714.7272839371669,-3532.8716617528053,28.54532476764777,10,1.4448619575904547,26,4,2,4
631.1253561113041,66,46,20043,-22,24,80.99758160860556,-61.74352821534069,33.864735047677314,-5554.38982569189,42.108852740668276,2,0.5440786017227537,46,6,0,4
106.5329894123968,64,56,107827,1419,78,110.40541807924565,188.93125230155903,222.42918919278895,1916.934134108008,454.6939622469404,1,0.8862004501373921,71,0,0,4
628.5146650115171,57,236,40189,214,580,46.82123363982853,119.70757713012313,-15.054570326812112,4811.971393697952,92.06855428084287,3,2.153110102761449,77,0,0,4
463.63038980981906,63,63,5872,-1204,6,98.15024450467425,-42.65318023009132,534.6843880714171,27665.104687192554,59.07238725128495,6,1.0693294630010963,76,0,0,4
109.09170194033163,107,52,11914,6691,19,59.190764914647275,-92.71875418295656,743.9153994943531,7627.669822029076,40.29697750022325,-3,0.04141495263470241,121,0,0,4
245.36458016379174,64,57,816,188,84,148.00628316559488,-51.424337025807574,4.476522838829093,11712.431112996666,21.57960943127224,-1,0.5130691388133597,32,3,0,4
756.947099994991,85,317,36953,89,8,313.62385529194495,51.773226244103256,706.3941413602888,10616.488047651517,5.226188381944397,-7,1.3238093063262721,30,3,0,4
55.57041592309244,64,48,25221,406,642,133.77208547236054,25.443367336190335,16.323902076215198,16704.330139413552,27.50525065114585,5,0.6634477992837732,52,0,0,4
455.5169170565348,64,84,13219,520,129,255.1719489674157,-33.28208393657617,19.012890102633968,-10.075745035710042,84.96215370761203,3,1.6318178106317232,79,0,0,4
-0.8741104448645842,60,57,691830,22,82,184.8696671664107,-102.21199278802116,40.61839332258443,18351.738862682767,557.7878805370159,0,0.2951365284178249,120,3,0,4
569.2981764486344,59,81,33602,59,105,0.6482326688154387,-93.5296659179466,506.7588313533121,12325.668617516516,83.06699114466704,-2,0.227724445967322,88,6,0,4
397.0040270879956,62,70,8262,202,113,235.019009091381,-59.65503341186684,48.77228072315292,10949.921235732105,93.04383458591859,3,-0.43252242114361694,-11,0,1,4
705.8633663796861,64,88,7280,1617,25,48.89197931774149,-101.91988096357844,437.4160334443426,9563.575217540263,35.240911385486164,5,0.4610433221674662,-3,0,4,4
181.27784448874607,70,61,344924,289,694,332.71999892386214,32.85659052723483,683.399076456367,11332.85151007881,112.87197524158525,0,0.5595519799919847,56,0,0,4
618.2131484868195,62,53,36237,1753,72,653.5122395119652,540.1007756857593,237.65078130983386,-730.4850781861896,169.95296624979903,-1,0.03641052463098399,-23,0,2,4
406.2409569389642,63,91,-945,-154,125,154.1204587149964,199.56532349892032,36.8614830373069,22014.352993487013,34.240484151076984,9,1.3075577286780424,-69,3,1,4
760.9521099837544,63,55,5443,621,614,266.4840965343198,4.963119867854988,120.88744585895171,1902.0283360861513,99.78311376496097,-5,-0.9735144604378911,123,3,2,4
138.78550579473375,61,46,557078,890,716,238.44152181368787,-79.45352563192462,727.3887282685399,-492.90663090386806,190.33280823141314,-3,1.0263274721420679,96,0,0,4
56.837466003888494,50,56,520840,40,105,389.06976190064006,-54.49247014717069,580.0722678221819,20210.73172764693,39.491126819295296,2,3.599113800855335,130,0,4,4
1219.3717626480448,56,52,31521,-219,40,132.7469085883813,30.173374669869666,379.6892703334572,1568.4243039612911,73.60889429518062,-8,-0.6381169487256437,-35,3,1,4
396.4008623205504,62,100,29058,4423,822,517.5375810021837,4.5637208281333415,14.950566194680489,250527.8484518232,122.80273023637255,18,1.988528830001807,135,3,0,4
851.26133645774,67,56,47599,521,619,69.85048638362372,114.09730200451067,536.7403749029103,-7987.060044855084,85.78735897824065,7,3.1357376132401784,-37,0,0,4
821.6099325457617,65,49,32161,-184,661,110.48073643470272,58.49994940635921,488.99586045885997,13672.071022284708,14.44358601562655,-1,6.411260990698134,129,0,0,4
103.59931290576924,59,55,1524677,320,94,213.19616142057228,-52.070879415630316,699.0870591582286,13433.548302037965,26.02372478201454,-1,-0.596260619680091,4,0,3,4
-46.45285345988583,96,59,-4595,251,610,322.39928385906194,49.03813266104646,33.01580766955278,7533.050596983508,120.908501005521,4,0.355823598457776,-76,0,2,4
311.5574440668163,58,55,46412,1017,80,48.20121621222859,-78.1332639784768,-3.0760015480925156,3643.374213693041,95.76454743713799,2,0.31688007887854,153,4,4,4
609.810639172641,88,63,11237,-64,68,280.4619549903643,280.0081762367285,38.77366229507108,23225.870970996766,21.5518204371998,4,0.5161522861699291,-33,3,0,4
749.0089641816271,58,105,31899,6320,120,258.3665429100522,72.58207158392557,282.0264328631399,15385.529984178826,35.1667727878722,-3,-1.4699168886760416,40,3,3,4
138.7261808927497,67,55,6523,7849,61,194.4234193382008,1638.299907018474,155.67745664495374,13925.665064194818,260.99632374220874,1,1.2210725912987948,25,0,0,4
785.0204480288359,66,64,23582,943,65,423.88298025798207,17.975739190687477,32.31176054706127,15714.321416426792,112.6464308421301,-3,-0.003848187498077804,67,0,0,4
50.71940994552618,88,74,35442,2277,620,206.9372191336601,188.69548636226068,811.2971789414869,7622.941757440525,117.00412167576755,-3,0.3884136340889739,23,0,3,4
846.7479617536943,61,53,11747,429,97,-2.572717615836922,-5.501354475925668,5.899414013237717,18619.499363682655,87.5024689116533,-2,0.9450887312986541,-29,0,0,4
392.0325562330511,71,225,15229,-69,696,290.4057407188982,-71.36952757134206,570.6442253644377,12461.791319255008,33.83390932784518,4,-0.0058204629332673785,72,4,0,4
599.4121023719914,64,249,15391,426,12,287.2299177063003,658.4699567075106,659.9774301052273,22624.566144614135,26.024187038666177,4,1.4153656107345147,102,0,0,4
771.141441428504,279,64,1957,29,41,78.8240334076901,366.32744801841613,15.282331312361569,2698.5636669085516,33.67051834992019,5,1.170855570965019,8,0,0,4
140.52879460802131,63,46,1923,58,58,216.01072735758407,-71.30277321099629,25.785670355967483,2951.8927724662685,115.6041967760718,-2,0.8267204997242578,49,3,4,4
717.28014422457,51,65,-4592,536,521,63.35063397722841,247.8987834185419,36.276617004574156,15214.197251059955,280.18510455169724,-10,0.5382905889542063,8631,0,0,4
1402.1723357285484,61,91,693844,-69,-33,310.6536869333659,-27.893791550489933,397.8653748224979,-13162.970915330487,35.993883925089676,-3,1.6650447501080368,132,0,0,4
920.9563766543838,94,44,6503,22,114,386.6064328047802,-73.51139458362132,30.09225435368597,22879.888726266294,32.64149819682702,17,0.7697389218535793,17,0,4,4
193.6033885645235,60,64,46106,319,78,346.74578538636035,-7.051530247260356,31.90443954718211,18352.57278655285,43.84537344752437,-8,1.5897909242052668,81,0,1,4
824.02376039022,63,68,5779,676,574,34.22481084010768,-39.56766005431716,34.41968314779191,16927.969919665124,89.93485503836314,3,0.9129592038903405,71,0,0,4
63.10623741000699,87,45,32671,4590,139,162.11481326166142,-35.17236631976401,14.555518646597228,4408.906547725272,32.71696661973591,-6,0.5415738979113961,43,0,0,4
-28.114855199043006,63,63,-13116,-142,689,12.063115698286921,-57.810152887225456,41.742997593303116,22627.24762760659,22.184904369420615,12,0.8245596189655782,123,0,2,4
502.22119081442145,65,83,10631,-56,395,103.37813050988782,1442.2391198499695,638.9203409153112,-936.8962119800508,159.27094874515228,1,2.0306050788745758,114,0,0,4
19.82892118852442,67,48,24390,1563,72,273.8382670866921,-27.3672655885602,20.326396623638807,5146.412305472208,-0.36653425754444413,2,1.2471362187909047,63,0,2,4
390.40609358921495,65,54,11086,-51,625,7.044183716788993,-83.62087904004208,25.39769063604591,-804.0347200832075,1.699103136220998,-7,0.9817504758940842,78,6,0,4
1220.9417969730875,64,53,380372,2037,101,19.77541450941306,424.1422631966889,17.069188108250156,1817.9009452888467,123.88256691755163,8,0.7498348132082718,-51,3,0,4
375.0526946561692,62,49,258295,1451,32,167.05881921945587,-22.292883652726044,32.20375268446738,20855.22718955416,112.58238819776281,-1,0.9034925340711941,121,0,0,4
146.35553676850216,66,68,-4355,304,540,230.62684771011487,-4.102134181676499,175.11775333282606,10811.138332612205,23.143021721461288,0,0.45412228257894516,62,3,0,4
25.193784905633954,64,55,13671,127,63,8.018819863796836,-4.153201962204225,897.9586698798392,20625.21553731228,8.590539188175555,-1,5.950664066965223,-29,3,2,4
622.3931485237676,55,63,37405,-81,1,123.80221633875473,38.452450431334,22.30087424264619,227518.86386855185,50.55960410804431,1,0.8044191956916307,83,0,2,4
93.04532849298437,59,52,34228,448,56,213.4158476228702,159.5193397072408,706.953647026397,10441.395563246922,93.90055917705166,18,0.6562208057056482,111,0,0,4
54.7346884895443,306,47,17361,-115,757,307.415108427695,-58.230212018358344,765.2121332617024,16884.721744969906,133.285973282971,5,5.41996325237727,24,0,0,4
1584.2651377371228,51,56,25075,-191,8,49.046831259698656,5.603658144977391,27.71994703072942,8562.892584299578,354.52087394541593,-3,0.368704298172311,-43,0,0,4
-16.60855518310656,58,54,4212,-78,75,77.10540168374864,-15.559820150949907,403.74510410266333,141785.4105815115,123.68654664945551,-1,0.6378250197678104,8812,3,0,4
790.5915161293345,51,265,21198,24,692,423.53149465786316,-67.13479482630032,830.2403350700939,-8761.876998969801,121.07174165417115,-3,1.7115780155662426,3,0,0,4
1179.8685940793887,60,59,671587,-254,41,12.175173120098037,164.78659050266734,36.09242602023327,21041.715582572786,-4.656845431354441,3,0.37455510836172556,92,6,0,4
4.069868158566052,64,60,19447,-23,509,226.5402225642861,67.62794348957878,558.1331644926219,16327.647200222113,38.92186110248772,8,0.4278410017450244,22,0,0,4
617.5004524640706,63,72,254145,-1151,651,34.463058968091374,-35.39892871631865,517.7551962269381,-590.7094273211405,51.50723390252475,22,0.42954057761568,165,0,0,4
1546.0610093411037,58,48,-13126,1542,43,392.55628200947666,-66.47574442648134,697.6471367830017,16353.519333597898,49.25515969197,0,1.7410548536601191,51,3,0,4
1461.0810682847014,57,58,43462,1196,119,32.48758451767521,-34.128225986902976,538.8545142052496,5721.725979098735,53.540764557116574,2,0.4107138329501215,99,3,2,4
37.44089047843696,65,51,-12731,714,684,275.2311623938146,566.6418173573244,15.063509270969709,16049.432698949164,10.465733540837476,18,0.49795416563417716,60,0,0,4
528.9914144300536,61,49,13535,447,766,18.277585286528378,-9.833147056738197,37.28951130549462,21798.13024879071,55.358203625810674,4,0.17280945531204067,-29,0,0,4
100.00422965098835,64,54,3942,11,573,337.0844389683257,359.12811182129974,753.5786692216468,7944.48207187864,310.675115879568,8,1.4396094753707676,20,3,4,4
533.629828236072,51,55,27203,-272,129,43.53368036938812,-93.35813226843162,747.0097949136186,11087.63769367599,91.79590073657259,1,-0.36945373358724526,102,6,0,4
-68.77682910236709,55,58,486821,127,462,222.87902589172563,-2.77679548506482,14.797424032633375,7711.441731101044,43.30451641667731,6,1.1201957632129154,-6,0,0,4
688.227929188051,62,62,11723,3,63,63.84620269409801,-27.282046545331884,22.3002181965402,16120.835656857362,-16.105101284508862,-2,0.48198665820665965,-66,0,2,4
481.22605008246734,65,61,14862,-161,104,297.22661637775707,0.931720947224985,795.703977117437,23077.205518270923,-21.96062596022155,-5,0.30790923773665896,107,0,0,4
561.3677331061509,64,61,26964,-134,7,332.2573646305237,10.36610163819667,822.5236506823579,-9060.311395364886,75.65115423117948,5,0.44885748798042774,8,0,0,4
94.35995459276178,53,53,324951,149,443,252.95680787989116,32.660701036038816,-21.423624874026036,12149.445843102756,59.09328091697045,27,3.143930593680816,46,0,0,4
568.0183417756494,68,49,36477,1433,111,101.08383396524842,219.16845735026993,42.49070802235015,16576.23533428828,30.82894966951983,16,1.2253014311711727,118,0,0,4
104.81089755389678,57,304,38504,269,628,236.7223538085406,-93.93809178295548,40.07205001983734,14990.30603251485,399.77287623357176,4,0.5335670648972317,44,0,1,4
501.2552920006722,65,93,31863,-308,4,131.455936282577,798.7170556485356,34.70029246635006,-7365.707940862175,67.59703634782605,2,0.45615597462779955,75,4,0,4
785.1705160281692,59,55,35284,-72,8,68.98839924077299,698.5172014478252,1.0619662879068272,-9835.79596150036,141.5645738780359,2,0.9683850201382548,26,3,0,4
-35.19933754614135,66,57,15906,936,574,61.415050091389325,91.99422896712821,4.834133710590123,5711.659777071495,68.71322872629786,8,0.6895769724421019,26,0,2,4
-36.23344585371707,60,64,21136,1226,43,192.7191450798889,-83.11281394809501,233.67758473743038,493.1900196365914,87.09694170268091,26,0.07766054132042388,23,6,7,4
611.5441181912724,313,59,46968,-1,78,875.7414769877329,-87.89660477123569,877.1675941205281,-58993.80813417811,59.773511677972564,9,0.7003236232387753,115,0,2,4
500.8671713775524,65,46,22653,-65,47,30.82611558861454,97.87188903485668,31.47552849740701,6009.702434181676,109.82240446669086,21,0.4171973111627761,45,0,0,4
81.91088669353908,55,66,-4059,189,674,215.37945093062402,-106.8463433914286,368.8786330072113,14445.004159717482,111.97209861749852,-7,0.6189526559511682,66,6,2,4
592.2389828566882,61,84,25133,799,14,543.3092560910616,-60.71474993858581,701.3983086378975,-7879.363269818522,41.103411026494584,-1,2.196169648403036,-23,0,7,4
762.3199582523348,62,49,33340,-114,78,276.9844897630089,-6.524615214195755,355.9969607539405,7933.130302902342,53.77747345961457,23,0.6202618746169112,83,0,5,4
722.75264969433,58,73,48545,124,65,68.4854789741397,-9.505714141172618,21.197544078939554,5162.679732497436,52.10380290895196,14,0.5024480219284682,-100,0,0,4
43.058738772099645,47,65,43440,916,654,139.5377882525044,-48.81752179414367,307.0825760246575,15244.233486331432,40.88154458213726,1,0.6216884100473068,78,4,2,4
645.2580709780641,47,52,33287,576,35,213.33239609400746,8.483524985953238,761.2362561796347,6285.324716997413,351.1863415672335,33,0.3434986468249188,-32,0,2,4
690.7535644834796,94,53,33757,1410,57,89.62032048079622,428.11038885677004,547.9495373965912,4011.899226612996,481.1932052216998,0,-0.5775512267169125,86,0,0,4
455.9677147442193,65,69,30112,1537,56,277.1691473484705,173.6432976960033,-6.254284278728752,15500.796707087098,92.85718506407581,5,1.5148068749029404,87,0,0,4
775.456013503595,86,248,41600,3719,64,245.04089419967409,409.919231123058,584.2573333062755,11988.982495776356,84.46293861083316,-6,-0.00610592775468094,84,0,0,4
181.69321442186404,63,63,-2007,-70,831,152.01612386501074,64.47775836793475,39.36919976332956,19929.030983200657,4.55372554250134,-1,0.5620682516642538,125,3,0,4
634.5074480734961,59,52,3329,596,91,230.31779787998425,185.96626889292065,685.9253265852769,14618.494217630698,43.23820938465416,-5,0.21672027386077752,61,0,2,4
316.512264118464,51,62,37305,1240,125,272.7493478796411,-215.70127038159308,7.420916885641828,25185.51324490826,89.33515575047973,14,0.45165945615428005,121,3,2,4
118.42376992632225,68,53,34045,-178,96,66.73919983002395,31.082550029501125,10.691326702736896,7034.898527574085,127.72990558134205,20,0.47419797477005554,9782,0,5,4
426.7927005970545,91,54,405097,-162,51,76.58124120650915,77.6832103961201,728.3014985705437,16368.723074174472,31.459286859317864,-4,0.33113941957238635,-19,0,0,4
568.3275174509301,66,60,17718,635,105,810.7927499875293,666.8335674537949,239.29364835350026,14262.943130005333,166.32306274493573,28,1.4067326620211387,80,4,4,4
679.8840090829502,65,84,-13055,-204,33,-0.9431863597649368,-80.34627522944379,33.45640303056967,-7853.073386299883,89.39265771445277,23,3.730552870565217,-49,3,0,4
665.554177885058,65,68,40604,180,453,73.61183045564738,-109.22377519441658,563.432456517031,2740.117588901745,267.0432364149157,-2,0.7546096455822449,-20,3,5,4
555.9513951433136,87,58,39826,-56,123,88.47537732310943,36.52536142167439,21.65438819662687,-5164.111878077788,96.60601784030773,-4,0.7401125541407778,4,3,4,4
1412.0759876928528,61,58,18002,804,20,200.43715475701617,37.25829908400442,824.2428159128187,1911.1211014597507,394.5916421868641,-4,0.18671401450761926,-15,0,0,4
943.2833942992729,61,46,12848,531,3,668.4208402443713,-23.303143669120235,456.49671109189535,-10775.642350823699,50.578031039012686,5,2.2251149332546527,-65,3,0,4
493.64080471271194,87,56,29009,70,402,9.69674804404383,-39.77081626356822,248.21035132695738,13462.606371408903,49.035346605058,-8,0.6343965693378171,47,0,0,4
803.7390305134122,64,50,21117,623,640,27.13943014752182,21.47906888740869,584.474306369733,-4622.085796966679,36.675756032173695,0,0.40494002302255383,80,3,0,4
666.6963503927807,62,193,51254,-347,32,71.70660907751247,16.894518113004153,47.819779833734465,13804.848570049075,92.22588116165397,-2,1.4222660450694853,106,0,0,4
47.71362788937142,64,56,11680,202,124,264.9110008144811,-52.25720719069237,42.50112670356877,11515.70153581549,28.416469051160455,-1,0.20043188256545497,118,0,0,4
785.4810968345298,62,332,30122,1437,21,88.11098461128726,-5.557398049702018,50.19995970996288,-3252.3272181736493,430.085029471793,5,1.9745818245143139,4,0,1,4
756.6976658094575,64,93,38505,1102,509,13.941072354855379,311.5211285007894,6.948536973571368,7229.65049134313,54.00606607322183,-3,0.5734561464706879,22,0,0,4
799.1446500026103,60,67,26940,-24,73,224.45746013331572,-43.1526006741023,516.9720315381568,12834.316462213286,5.359265064442752,3,2.6066747867776083,-82,6,1,4
-22.880698544725618,66,61,7414,-241,435,275.5866590385506,1.4016398426554408,19.597726399565868,12007.627551680696,89.9339690464475,-3,0.9796323368797586,131,0,0,4
391.02784036142333,65,49,35636,300,129,1098.181663385025,-29.946804659527086,156.99470086589008,5452.321670697091,51.24510088418661,24,1.2721819894581872,-58,0,4,4
436.1987534307392,58,82,345051,2279,522,287.12908713074927,827.331055360812,533.902460828817,-8086.769910084892,133.56802955819123,3,2.091443799934993,72,3,0,4
655.2315697573798,61,70,12475,218,87,210.11587207144174,-85.58333050074923,12.536063770334794,3865.59656844884,9.17776592067942,0,0.3734876680646574,-10,0,3,4
454.41834069915143,68,50,601361,1314,883,9.405343634064792,16.74564466003787,535.9585789046022,14827.787039202463,46.70198891690417,6,1.0699308247657586,-38,3,5,4
-67.36420266327457,212,54,18552,42,498,49.671094132978034,-33.67844825995746,28.034947661444292,16517.317588196813,697.4241460557439,-5,0.5181812941042738,55,0,2,4
31.74365090447693,60,61,22863,-226,444,8.866135254816754,-32.366135306752454,779.833827338344,15139.93703981617,5.358172705044979,-6,0.2114996540660805,95,6,0,4
613.800497804952,47,62,43247,3608,71,24.88582050750697,254.18428698243162,0.17225974359711094,6354.057226822591,106.71504323612687,14,0.5322519212306634,64,0,2,4
62.576701531791784,67,65,-11631,114,370,676.9645075553033,235.20398428371772,11.482829138602455,5885.85961612366,22.64705383111143,-1,-0.002991561239806595,-41,0,2,4
629.5099470895254,68,56,7450,796,104,221.90637060350468,-24.869759168072765,511.78683955133505,19832.440844509394,88.1914402592523,27,0.5640120573345296,80,3,0,4
482.94070812041855,65,52,45938,1053,459,336.88247574563786,-98.29808537464409,894.330207688083,14948.301649754409,36.63995123978696,4,0.673716311110562,117,0,0,4
438.84922876790415,46,56,668226,9,411,389.78961002921824,323.12516586024276,38.7939383942675,6187.385560627849,63.001346036105545,-2,0.3512863831407543,36,4,1,4
689.1021184576373,64,63,524005,246,641,97.23987019712722,-63.34643773563613,259.0218917672837,12658.024325511658,9.949104787970882,21,1.437229760581146,15,0,0,4
580.8589125975886,74,68,386921,931,41,257.42491589444,-2.569983222839695,44.48354563988745,17041.78161094374,77.51896043291914,0,0.7544888480765723,-24,0,0,4
735.0932251129815,53,81,-3386,1349,56,36.58534022420807,109.50606608125986,661.7056399423223,3775.1425352425863,42.95561983463805,10,0.07011527953383428,81,3,2,4
460.4257776124441,54,61,23734,653,81,113.00587000720667,114.36348093184193,13.974897399434115,15352.44102003322,259.13513857826695,0,0.047185323222466435,73,0,4,4
480.162108247618,60,55,364694,185,835,9.812822195713125,-104.11712050360977,-3.3688118374320184,5534.1329128249845,51.78326811727088,8,0.4490751700824941,115,0,2,4
665.3772308991087,64,51,40912,3108,501,0.8143945076930663,-44.684453702154016,23.96614785361456,2298.92929840616,47.639998104598554,108,0.9025989868420763,10196,0,0,4
203.79057932028252,68,61,-7637,1705,59,58.42214730912731,-11.321257793819775,664.6656562059752,11642.612452800058,53.942237808750946,-6,-0.31687553217206094,10,0,0,4
435.2012742959692,119,59,272,-197,619,1013.6513811867671,-87.52056025843117,48.07473830709473,-2732.6113593145965,36.285577921331544,1,0.48640246028245965,-36,0,2,4
1601.3615760011892,61,85,390431,-2169,653,378.3759077029788,-4.665246415553554,35.4860238337436,6043.448960698373,138.8574649386025,-7,0.47271188740056447,55,0,0,4
671.145856034532,67,45,25043,15,34,51.07329015561708,-1.6842670030536695,928.2076442983955,2942.652710756921,5.0446957015160905,5,0.5056480063054645,-27,3,3,4
431.39760788153,252,53,41515,5,20,235.3696860388332,37.551455993779214,407.86508741729585,9358.347971887102,111.58449165103706,28,0.4027318428075498,66,0,0,4
633.9834366381679,134,97,8155,556,41,9.010695254882066,37.51854395236391,36.26920535621528,-4037.3380639819143,85.47654549837593,12,0.7723375570435081,47,0,0,4
629.6225479298556,369,56,3214,745,741,56.4553765518399,52.15487092463374,3.197933233491876,3605.3568200687255,98.36503001301477,1,-0.4609047720155983,137,0,0,4
933.2414376859535,69,66,25414,2593,122,68.98436616375841,-59.722593872554285,804.234856094409,-77.54633414633008,86.94323278244086,-2,0.558033156663154,-3,0,0,4
357.4532425314101,89,73,9472,983,83,33.68252428555612,515.0007853874894,-4.66759960164393,20635.268339806637,41.63154595036393,-5,2.13791073762724,144,3,2,4
573.381647381511,60,61,12387,-166,129,519.2503832810637,18.49352194691382,27.776008307746842,20689.145496910227,128.89393817357262,11,0.17217480288325315,18,0,0,4
736.7623451945183,59,61,29841,-26,21,14.519448760121122,-97.21484628140864,9.296323179450924,13751.80612502338,40.685423823464696,9,0.4138679782818402,24,3,2,4
674.4981182348404,58,64,-1805,36,123,15.535966321824702,195.73969171660167,41.01001010264601,-8698.760469838704,530.9076449948296,1,0.885423950006148,-23,0,7,4
691.8210894025826,68,67,12095,471,777,31.5400893209068,28.289203889196074,11.5828464339649,-68.29316848202961,205.7337487590554,-9,0.6849154623615326,3,0,0,4
-34.72195171272229,54,92,34746,-191,-5,307.2294520356354,242.83567823316935,472.2311036503103,7873.47715891788,215.8628573899402,-4,0.4489398131306307,80,0,0,4
542.0993904785671,63,47,35405,110,127,374.59602345576803,-47.40783435348399,326.07006732751177,10302.138947229181,11.504893193093764,8,0.7181479255409151,36,3,0,4
469.951102655961,292,95,7871,504,635,352.21811896157027,-23.44205157008372,530.2171923576664,24339.21766493494,23.620640032552608,-1,5.346465079256154,42,3,0,4
567.2683735532474,131,66,25646,-18,12,242.12767305932215,-99.7896665398551,43.53077712826146,13905.92597584088,10.274493274494176,-6,0.4118020202119623,80,0,0,4
922.6654141680153,66,54,18241,-85,38,376.533781506941,252.67395563526236,44.31413334856307,1244.8807593569995,86.49858647625742,2,0.10483681614105034,3,0,0,4
113.76651924255461,56,56,25322,-216,583,753.6790819272281,0.6041786351992551,225.70696952654768,12769.322422062778,14.053957253268948,-4,0.6871855475698936,58,0,4,4
520.9818101371382,143,57,-8475,-69,29,12.917763717321805,-35.42445300529744,441.6856989990295,6136.968832891583,250.5314525396596,2,-0.057429527685777026,1,0,0,4
684.4987445297439,103,59,-7373,99,58,51.76119717937617,57.462093550996144,-9.780389924120485,18575.864178949432,49.07512747458601,5,2.0119351662139597,-33,3,1,4
752.4977992681889,53,60,-57674,-157,44,386.4926494457056,-17.467112519898926,-38.52648109343255,10583.057001313457,89.76734729648986,-6,0.5301790723553207,26,3,0,4
126.28793931004294,58,56,2103,1396,641,247.5123451248131,-64.38381876381045,-1.2454391650565895,9036.89593672446,29.306326504309105,0,-0.09597462847545513,-94,3,0,4
606.8018726083204,58,64,207,-86,455,311.371366654575,241.1244861424038,423.25096075842845,10103.923992417407,462.09110502125094,3,0.6570478451312759,-65,0,0,4
376.95770111774425,60,55,32942,-263,148,-24.557541196030257,-99.36846689243553,29.463607929681906,23517.82945196974,14.007972765488518,4,2.3181576810535036,109,0,1,4
75.72226958694819,57,96,26237,4413,60,120.96214545698052,26.101836267753665,450.6336835853403,8438.45545754776,44.886496015707195,4,1.750999030597601,-72,4,2,4
660.4504900502077,51,67,33207,1105,596,12.783548892665067,74.8730769333369,807.0310044849659,5759.04958973963,15.92651875282806,16,0.5119787847598317,64,0,4,4
774.1884330469911,66,55,28231,236,772,231.5747165989486,389.56194067094674,22.709237854042225,6118.679061660623,55.80250931081105,3,-0.5888806770661466,-31,0,0,4
-25.36121844770483,94,108,39086,516,66,256.21182212590895,41.865407641250286,599.832288423907,-4446.784437490655,24.280467856850855,1,0.8398886046105152,-48,0,0,4
177.752042488225,56,94,174343,-61,108,66.29067005569416,6.435854074165809,14.442316311294451,933.8797686881053,107.99203671334533,33,8.077123174592327,58,0,5,4
704.6357736117311,82,154,25819,-305,46,48.724579765593596,-61.81400746668831,11.746095980565611,-1319.3377974803934,28.044225158527546,5,0.9190381266693545,-11,0,7,4
674.4967423773247,44,335,32816,506,98,246.0824036000036,37.43736155690942,446.2259115371492,15347.047313943454,297.31625738068135,-6,1.4616289826773485,20,6,0,4
210.79757012079972,66,57,29897,1506,874,184.30678800775033,72.99225244746536,32.4793682469723,15536.270788086076,112.84791109821296,-5,0.3537139921815975,134,0,1,4
488.2995560331783,66,53,-7998,288,55,-6.377607009547006,6.744718759046151,-13.713724574257526,7662.260716169429,185.6055766358586,4,0.37688614574579044,-11,3,7,4
696.9690037381729,61,102,35151,92,569,364.10510317395256,431.6072804165169,639.5386440242144,14618.761420080566,7.300528259629814,-3,-0.4209326404342342,60,0,0,4
712.9699983123805,70,211,7676,-182,886,60.96148889585055,-117.89517172881318,879.4189662043707,6907.53084415973,38.75149942824345,-4,1.0129731669821052,96,0,0,4
465.49712986831815,99,50,33145,47,99,112.80596997282834,-58.58674206473954,1.6348210317440328,19763.105355704432,15.56553650412856,0,0.039939029369693735,81,0,0,4
563.5837980090679,58,95,37202,-163,42,199.41262974019932,182.8046134406888,116.90326276352927,18416.258401727613,525.5703565997937,5,0.5056050251754308,73,0,0,4
789.6110229762963,68,64,3972,1099,151,287.1260615914092,1168.8134804903514,778.168989745078,4082.08575817656,95.49928832445099,-7,0.6662440175538008,23,3,0,4
806.5313304142418,51,61,17096,25,39,302.49771025166973,570.4277887973124,762.5454292413808,-5195.216134940912,88.6778372596174,3,0.3422568299231278,-36,0,0,4
668.8356858807805,62,61,22278,-1,20,-17.164665820952067,365.409869892982,39.73351907822184,14534.479934655094,41.284907056608766,2,1.1172844183202928,44,3,0,4
486.66736569233916,56,59,78,113,36,17.33782463004502,17.426961158682712,10.681603095862865,117316.30647764755,228.34695634856416,-1,0.5652325018324159,107,0,0,4
823.5094355772737,66,53,-19945,185,107,-12.499897318159242,16.760297966737305,17.522802174571442,1519.5885240533962,53.888940956691314,-2,4.905800906247498,8,3,0,4
374.0924749138679,55,58,4588,40,77,194.80930096129322,291.4027731163986,217.2001972708801,9998.797563071148,104.05238462834023,80,0.26037105391547205,65,3,0,4
193.97465071304407,59,53,32720,429,773,102.40079241145793,113.53893292310545,363.9194061927642,-4164.933933559208,6.443405959200618,4,0.2639752147868839,-8,0,0,4
555.9811605033561,62,61,-2484,1912,58,190.51324622641687,608.3368413330527,501.76950459796467,11808.558573699516,85.31401758795383,24,-0.08232096075646167,-17,3,0,4
-46.77399747223795,57,54,10914,566,540,15.813419601470727,-72.02145599113898,753.9859615077844,20479.972482926605,161.092326326297,-5,1.6032530394975577,2,0,1,4
596.7740169073057,69,57,28718,-193,480,-24.461700153367545,-58.85381839289775,55.729751893978914,3709.4034108639626,93.87528942830282,4,0.45571423145854295,54,0,3,4
519.7683038082591,69,49,6897,2,429,169.4616924092473,-33.91481909657743,757.9519690190971,15508.527449353416,11.286091711317965,24,1.6519776918573528,22,3,0,4
695.2854459347901,57,78,31104,712,40,94.01139905287701,-6.797064770614735,636.6677538843086,10975.954163502496,103.49646908461314,1,0.8310744004462929,57,0,3,4
210.53007822305563,55,51,16662,1234,586,404.5562483900418,-7.194519567221134,25.834747436763077,121521.50412137716,117.42333748519368,56,2.1019129859264067,87,6,2,4
940.157164997305,51,86,30288,-133,115,248.8969459736249,285.58342281124,3.300166412274679,-2589.3222721065504,69.614515307674,-1,0.12753614555393608,69,4,1,4
680.1637765356713,61,64,-8206,4345,336,45.49155126766999,52.86303378011621,786.9670671011195,240.29255638450195,94.71865531766349,18,0.26136283872503197,-27,0,0,4
246.02190864730096,68,61,13721,-44,101,317.320951171048,-40.32389683507485,500.3938900508764,205604.04804019595,128.78040392030704,-4,-0.7381489206438656,138,0,0,4
195.64412148112743,66,50,521925,16,487,123.05918670361625,577.6739622581631,585.9850856632671,20331.710592602918,49.274825697779946,18,0.8073092958828583,81,0,0,4
725.4084673535694,69,229,30797,1939,74,114.43524668032211,-117.75385012297363,45.539504814371575,10912.854974943366,72.16057905569807,6,1.7027289210774876,12,4,0,4
193.20718879897748,65,78,34274,60,154,77.99353743649509,-57.262295414794934,31.627127185541873,13964.710514811322,128.01082238691794,20,1.5759285757792703,-4,3,4,4
541.169556803372,52,57,23745,-121,66,717.085291128733,533.7493049311652,39.35974006168797,253997.74512506492,90.57443317408661,1,-0.3411705790719584,108,3,1,4
147.96105178081444,60,53,295,1392,12,452.7928754921217,312.0014076158457,745.4465029039554,-4493.909018228468,125.13302475520928,16,0.9424474163690324,-79,0,0,4
533.9710116264102,58,58,-1476,165,622,198.58649737767217,-96.38075180720386,451.05798888155186,18996.595323770052,37.27558763264943,-6,2.2559068241443017,36,0,2,4
-6.961093998426094,47,56,49270,-42,593,15.844390456923776,317.89904568731777,24.879503419717317,-80.79099162382863,59.32186180667712,-9,0.5007730587218244,88,0,0,4
833.8229337717839,60,52,36544,6406,651,-4.4025342321166505,242.12999027900568,479.6286844164277,22551.278581816172,294.63247127194336,7,0.3647487918049716,-24,0,0,4
543.1369392679657,85,51,12078,177,545,443.2554258181768,-3.765452028163674,20.890142803826347,2644.378714652535,158.45372358912633,3,2.008629344609275,38,0,0,4
760.8019600184414,56,67,9375,-132,107,354.93276799855556,1.7367753164284876,0.4731965020703215,1873.7013294652163,-4.95153221710973,-4,0.8035101913589413,-25,0,2,4
131.4907796576709,59,51,5813,33,126,87.17586479574035,-74.59445142352678,895.2950257264386,17839.523589407552,41.88069223653972,-4,0.5833551112243919,51,0,0,4
555.6314233775689,97,89,41678,307,146,413.8703785737924,-91.80601529182533,573.3263937121883,19042.8914980925,45.657024259015344,2,0.15935741830300265,100,3,0,4
1181.943671179828,107,51,381693,-28,475,23.8375287443787,94.17482868133922,47.59328223875129,-2162.6180884508813,129.011518847383,4,0.3964564713791954,3,0,0,4
22.866979744083864,140,58,39262,329,3,-34.72790119695284,174.3425555008121,-14.893297331312837,24890.419273240404,27.367431175239794,-2,0.31574488115906857,119,0,0,4
362.86732767471835,61,55,10159,25,30,20.794631687230634,67.13665096979851,26.36878011796323,13616.28955509594,18.141826811148107,0,0.8843448727019911,23,0,0,4
243.98479179166154,69,52,39467,-81,84,76.9864948034061,-79.43609668099691,841.3232030565465,3072.844641304535,44.78113164630643,13,1.0653963268177622,94,0,4,4
40.076817343248194,56,55,25975,-153,80,9.887042956383368,101.66474554061097,43.15847003386907,21263.306022500903,216.8681920065766,5,3.6535447983104397,131,0,4,4
1223.1494480531937,60,60,19498,-118,530,48.18816417549755,462.47337454439037,21.85837021491301,-2546.3665225113336,47.025069469855154,5,1.2592932466044457,-41,0,0,4
578.1090974204311,60,64,-9927,3078,16,-17.39309631386378,-98.78516496691645,806.8018144528461,8427.558484481706,79.92015930922983,1,0.5710704518996004,25,0,0,4
159.2320934844438,62,76,29695,-233,68,21.2797545711609,3.1968069366187137,506.07253807642155,21879.731827639356,-5.851959758878905,-2,0.5565104709991585,80,0,0,4
159.53685928876484,60,49,21047,-102,460,181.80356863357412,83.29150089507158,2.967629804467853,-4147.706075309315,15.111848348974263,5,1.1269163553575026,-58,3,3,4
659.4271535762111,63,56,30922,52,343,2.456639180827821,371.6721490787929,814.3160976433685,20532.437171622645,256.05915239350253,23,0.9988649007903595,106,0,0,4
491.71640186992016,65,61,29761,4073,342,29.603773315991816,834.5306780256993,677.7267581555309,10353.954940892067,20.246742621559335,26,-0.010745507654464026,8,0,0,4
126.11078078251433,63,84,9469,427,85,67.4553582430036,15.791395631240407,13.683204990357368,11451.965475340454,45.27478490371221,-1,4.134464754022538,-14,3,0,4
346.93527234411823,86,54,23521,-211,542,282.63954958505104,-67.33368267383027,30.553826463706528,10194.93834901324,128.29671262871267,5,1.2924755647724473,-31,3,0,4
647.3886052284713,61,51,39652,-130,96,240.38839465041843,-35.19373443836918,263.3312459499126,12847.764863982044,65.72771399451429,9,0.44885255192773255,-35,0,3,4
644.1242837422698,89,53,5835,483,783,242.34292368899256,66.59213125319468,231.3525317608009,6352.853042330607,56.47520495342285,0,0.6506687894272474,69,0,0,4
833.1463631568118,342,56,-11327,-39,718,71.97888147623385,338.34640417665264,-16.592742952906747,4897.0493631222125,279.2598584496205,19,0.5614902069506258,-69,3,0,4
164.98878772934225,66,63,27693,-89,108,70.71612669768328,67.83904141631989,676.1521566377382,15394.002430000673,127.65177415815742,0,0.6531034313812625,77,3,0,4
639.1895336462134,63,60,21164,-10,123,-24.2115045893638,-42.06781140975069,38.33152438938571,9655.538970451325,131.25512505202948,10,0.3852788880591025,36,6,2,4
662.290134497716,101,59,30007,-99,602,299.1825065413711,-68.392514718531,21.893246592320896,17517.710949168762,9.856740549476001,3,0.4035875249194153,26,0,5,4
853.6880446704307,61,66,35066,266,379,312.77051267589763,50.75761601530718,13.784368972539628,-3828.220224545461,65.94880611394294,12,0.5945573752553627,9,0,2,4
161.8210387637754,60,102,46571,94,57,194.47152458687145,28.666338345182158,830.1421493403652,13858.958248458595,34.36697498933201,13,0.5433501127115806,37,6,0,4
634.5161408583748,62,67,52143,1210,33,237.59119633850898,40.498324302858336,643.0058632287137,21668.772734743063,48.82381394164493,3,0.7712042029240173,5,0,0,4
579.262917879335,55,53,32248,-8,733,290.69415581495014,-4.395067643362477,44.38635045787329,15781.160651076225,28.057600454252146,2,1.0049872945455176,32,0,0,4
132.64214446044147,66,125,-12757,-343,133,334.6001323127252,391.4196024445571,15.799411799352722,4321.748300820753,146.0254041613266,-4,0.955516146459456,-47,3,0,4
683.8381357624827,64,58,10630,6439,-9,366.66009023848505,-50.056192308993744,254.4057341362212,487.81247180706805,138.51943138787678,-2,0.7617155224287486,65,0,0,4
78.36767260206756,67,60,29062,1239,21,441.63650305672763,49.22268268947303,37.82150336736226,-3013.6775964684157,183.57468455001742,3,0.8415405969088687,69,0,0,4
1282.8672455145052,59,46,45842,59,-8,53.052442716223155,263.8136822389835,664.007544828404,9956.068817327145,57.58179378247257,1,0.5346552027354736,11,3,0,4
670.6430942794309,58,56,15816,2386,719,323.3393179764813,-7.988194376984792,41.24117993533585,4932.62098483851,37.27975799157183,-48,0.277531213342771,68,0,0,4
187.75447640267953,61,48,226651,835,92,51.39677702768434,662.2521268656719,208.17794699387795,10455.309007627538,71.17503681894735,0,0.9443222234419355,-65,3,4,4
622.5305959577506,64,68,26892,-100,43,160.14522642638144,176.0094809917496,23.905014764066703,4020.045896291597,114.32754439482126,25,0.9722724220362572,44,0,1,4
779.2873141626056,62,65,22752,-1441,71,26.415755545560444,262.4859541056938,25.44286303449396,17390.322378247267,25.016119170761435,-3,0.44209944526341527,39,0,0,4
71.81260645387528,49,81,13212,10,63,-12.532899891621952,201.25205124431108,662.7890278238656,18372.315815945873,85.27670824547346,-2,0.28171465377937605,-18,0,0,4
829.2322768583438,68,66,39820,228,118,83.17750746284655,-26.55980646025396,53.52031498616239,-6216.113934056831,4.226849795446682,-4,0.4548816054641982,129,0,2,4
554.8415640692799,67,50,241,2612,74,304.50249370496226,-80.25042530967843,411.7044629360581,11830.466021757235,46.10886338756308,-2,0.47596820655823496,100,3,0,4
589.7271881023967,81,88,30201,904,43,413.4747918435189,-62.521998080935646,712.7130815383948,-12710.113996316282,9.75314146453475,1,0.9291877827706347,102,0,3,4
615.9295605589272,64,62,-2540,149,624,21.19210111854631,503.1230864668455,442.0496694193116,7820.908820893941,120.36460621616928,-8,0.43598012577198203,-38,0,0,4
767.0032718510688,66,110,-3351,316,7,-28.191542087355174,24.45973488371347,-4.043840070658842,2534.754278874226,718.9551068623654,-7,2.1954912210584405,15,3,1,4
66.61481258183485,67,60,36975,-49,31,207.27424461252525,501.859644553958,33.38399449704155,6898.837108993342,-16.633185043799415,6,0.47400316587481106,47,0,1,4
397.4430837127618,61,52,44638,176,28,24.609885178098054,-48.257421228513394,-11.82727793514354,15890.291964339205,106.12935568428553,-4,2.942527070137098,116,0,0,4
648.8229747442595,96,52,48031,851,244,22.252410376936332,-72.45582045512467,149.779323421289,5767.996733719092,96.06399429924127,3,-0.660391079687525,65,0,0,4
659.1235943843174,68,100,27081,-96,75,364.70889722390837,-50.37982427946518,34.25359754918627,9597.132377128995,46.71332425392697,20,0.6379057355704169,53,4,4,4
535.9168254364308,76,67,736,1761,691,268.08330614604483,-539.2591794274572,776.0133134992539,13546.762531791515,583.3885110491519,2,-0.11385776361652222,-1,3,4,4
666.3539843504502,301,49,34280,122,218,41.749462978231016,-28.040264100293566,702.7946579081959,15613.706688623399,85.05693966432152,2,0.4622055741742833,115,0,0,4
33.76307780775605,62,57,26019,714,719,34.08447283772528,21.371057959298923,10.136792580724597,17620.08810965033,105.70573933413188,1,0.8601333760005823,-56,6,4,4
364.62819110634695,60,50,6953,-181,37,143.67690226472823,39.614107629230844,2.643334180570716,17527.316049623227,35.91774221531861,1,2.3109123189229477,61,3,0,4
738.8005932107449,66,49,25639,127,130,39.44540601356703,-90.6105866373298,-1.411219971703637,15339.824965718915,31.454697910971674,23,0.8361075628954706,94,0,0,4
687.5139762316408,54,49,13306,-203,73,780.0441282351184,38.10745768353026,41.040310883699945,3852.3276009579854,67.1068885366952,-5,0.6366604245604726,-28,4,0,4
830.6426771797938,65,50,36516,2395,43,-18.895362622056922,282.18764325634515,473.4339800850848,6084.287189993992,95.96143862356328,7,0.3740290893194752,98,0,0,4
450.4473797616389,63,50,44892,46,81,285.9017304419493,-0.9791585200144262,740.568670049541,1198.2608286738387,17.14485980225446,13,2.7340700521832306,95,0,0,4
802.1333755189843,65,53,25411,-238,26,54.06880614759497,109.68491914633157,303.8239905357135,-5836.688031663231,88.98739345582207,17,1.4088712215904515,-20,0,0,4
543.7914844532603,125,68,39873,-77,497,155.82885989379264,15.821205002839115,38.43160394408117,-9592.200335745252,51.16161331327755,2,0.8953421914544479,-25,0,0,4
764.222751632459,56,48,43815,-200,89,96.9480209109633,-50.53996207645052,30.457597695219604,5904.695221267693,67.23147005399778,0,0.671364369105242,98,0,0,4
46.39669679619111,57,71,13635,1426,116,74.7027123994667,-86.92103041546177,2.5238437107122107,16767.784021490203,72.00639452044102,-5,0.4534093980451339,-7,3,0,4
60.15327484627865,56,64,15835,62,140,57.66185974744697,-84.1831209831902,723.9009299590624,20906.77598076718,151.0160090872103,5,1.0589277615877861,78,6,2,4
744.8282659701736,56,45,28914,686,76,181.29148526111288,-115.94725370421617,730.7847155710406,12984.92484720733,81.76646932053607,-2,1.150151110788395,52,3,0,4
95.95019287676828,65,59,20378,-92,52,264.1872644708108,-103.08531171215031,35.36370933397152,15479.998267427494,69.50817450483879,-2,-0.8563005640774093,120,0,0,4
405.9990576430188,84,54,23106,3747,18,337.3376824802135,1570.5859254058416,592.0557566390402,13222.110766996928,31.698437682823425,-2,0.41243492759512723,80,4,0,4
190.08818663859134,98,50,348811,242,-12,13.627930897481008,936.4477726979499,43.67002988358589,-10060.651158205303,68.50699191626335,7,0.5371094318830696,93,3,5,4
768.8864168149257,58,91,471174,-107,119,-31.9234951398264,151.5162325143721,8.77492821360693,17741.208852013326,77.78551814199449,-7,0.5127994521248646,-9,0,1,4
709.6237079191618,59,66,263395,814,571,228.02344185754887,-53.83553742121798,53.39639103616996,12296.24403151081,34.400083284584184,-5,1.9113214595184655,52,3,3,4
672.6353652357806,59,267,19904,1081,77,214.17454443426578,-95.80311987693851,10.102344584697532,19422.027340009547,103.80935486858395,-1,1.2514470048921031,17,3,0,4
301.9600684754332,64,241,-6331,-153,27,82.25618568724276,-68.92875754551157,678.2214066423926,11356.538731386663,58.01997791652462,-6,1.4027967759680273,80,6,2,4
793.5133764302473,55,55,41434,575,141,409.49238242016133,-71.05880903833682,781.4783558148894,-1563.6605449464178,10.193558164226772,2,0.2160035684844679,34,3,1,4
747.0542863363776,84,54,44756,-297,95,205.72201513913436,1789.7556370967447,293.97701311125013,14432.00897744334,48.1817059556595,6,0.378830950507695,122,0,1,4
309.4659532920871,67,63,13569,713,38,28.23515668790558,-85.03485854607446,40.99429473190312,14929.4083083878,46.66954720914241,21,1.1964936764562584,101,0,0,4
746.3661116805706,68,59,1695,1907,25,285.29772789857753,-44.290966272916236,8.49155393019273,6047.07649012284,114.35610046696056,3,0.5011396897478132,20,0,0,4
471.4269778679608,64,50,-3441,8076,625,667.5042945369405,141.8010492015212,4.337314803361391,151986.683306496,65.47306752412116,-5,1.0719549250097065,28,3,3,4
239.58855364569263,100,57,-15501,-246,602,73.18638695294291,-101.23982601560171,-16.30244905571316,-2486.781952606925,101.08430166188367,-5,0.6338644585368794,72,0,0,4
453.1678540454342,92,66,37560,1229,506,914.1191282254798,-61.65045277601148,190.84045597872458,-5279.755364322448,-1.91872493676874,4,0.6764860773830357,102,0,2,4
599.6825476582043,60,88,36841,-114,675,27.026480638032908,-58.67935664238556,812.7499857563467,31860.418538810256,410.32020331990884,4,0.5256193010836561,113,0,2,4
560.8981319344238,95,97,9014,1494,401,25.99426980618572,-115.5707502634628,421.4580437355636,18411.114557515746,86.40744105865838,-1,1.6375734165415508,-12,3,2,4
568.0052910654699,56,52,30875,220,88,-13.904118052883774,-55.23195763160416,659.5528585705949,11409.010513953053,45.88470240837697,-6,0.7017596606665675,26,3,0,4
650.8146924302464,70,89,337227,-155,117,456.27470654727654,-31.346194867427126,2.5350407497488603,11238.75762554308,23.88474266618904,-4,1.2116573065467617,69,0,1,4
606.7270837747536,57,64,13368,1396,-13,220.16865161228554,306.27166065097384,16.85786320564458,13604.02031222099,537.6485586174027,-1,1.733721621086203,10,0,5,4
773.3918525283699,62,59,17814,116,67,82.95168937688857,-78.15216396265589,19.6201602028106,18927.12268680498,82.17216757284379,-2,0.42593618742246186,50,3,0,4
-72.54071615449564,60,79,-5091,1673,687,44.55275976403033,-107.88778838171828,563.9782902777545,19598.607960772093,25.02665058317269,-6,-0.7432797389681085,4,3,2,4
507.94912569565605,58,53,15858,-251,93,-31.67187036729173,22.422080339406076,619.480226400304,21355.707624854153,50.22319881359151,4,-0.07196464838127548,-44,6,0,4
962.5851351233545,55,82,569594,176,284,391.3668891888645,-82.26899017168968,535.5409220692372,15023.488793390647,112.277921849255,-3,0.26167118604779405,3,0,4,4
444.3197787635779,133,56,45177,3136,62,53.63772462741369,12.388148566258637,6.211285880158163,2223.721365788755,70.32022964144065,-1,0.7734931949654174,24,0,0,4
643.3653343903821,63,67,37394,-233,41,357.30344056396905,-78.33930173703992,256.4381245402389,6399.890723156626,71.79569509139095,5,0.8032135716828496,131,0,0,4
75.64122270866096,59,257,40517,634,-9,497.3596207365965,7.866116995985654,537.8072785013842,29075.699885756825,98.09285296156114,22,0.5553490634341657,29,3,1,4
367.79824327711225,64,49,29028,1099,32,-44.583928733391915,137.11159990210484,622.1726093038055,16010.186255339395,4.995930974454055,12,0.5186917003146404,61,0,0,4
601.849422983531,105,48,31648,-211,-10,101.84367431543583,120.66549257815649,28.29524742803008,1578.6761289293668,76.6612570332572,5,0.2819776068386986,44,0,0,4
198.87605143954994,59,67,348565,-1,83,203.47879587554246,53.44236484689027,429.1620536745338,10409.53856791884,124.90019491125679,-4,0.3524875613031875,2,0,0,4
790.8022931058359,57,52,27566,6473,76,-7.688322009665896,160.8639202290713,722.3616669043374,6633.432364105653,108.07352844346106,5,1.1809120689723462,80,3,0,4
617.2871341724054,60,57,14227,254,29,58.219078261715524,-49.52688568310353,34.688249467010664,17403.59106863381,-0.8154725581188558,1,0.7314464907483271,59,0,0,4
54.08417023704965,63,52,410175,-224,118,68.27888010859964,105.00072099844392,676.0876894415308,9852.035632222665,90.03325624823786,7,1.1626316806393615,104,6,4,4
11.05241458604607,61,46,32913,1196,546,244.26594681602177,-35.582483960003515,704.8869169121481,790.376683057822,77.10292860902256,3,1.7888828703892021,26,3,0,4
152.08095669539637,57,315,15746,947,104,148.5852424511708,0.8708726576430106,-8.324009384795405,15268.474817734434,102.44975254100831,6,-0.25432122344546615,59,3,0,4
874.9077956055069,59,64,39297,1508,622,336.61601003895674,1.1685037662587217,31.797572795945385,5363.227486868747,17.915455039280232,-1,1.1741976126114804,118,0,3,4
1035.5690295259128,67,59,39673,204,109,283.554018892211,300.7967560453388,-3.698068926161167,9108.527869003414,25.08522988986735,2,0.5253973292511788,28,0,0,4
671.6407022178831,59,97,49240,855,53,113.27665364704166,71.25870958824542,775.7945030157091,5669.736382664218,77.70194242366372,-1,0.7161165293042893,-22,3,1,4
-11.44295169543912,60,62,30366,1337,105,239.2504115379425,-40.24338104040454,833.8402085052257,18600.413699608773,21.805813718846032,-4,0.7364842580082237,41,0,0,4
39.31974345440363,63,53,346821,1676,61,52.00343401352136,-65.26256095926193,290.65438666179875,-8698.55947684544,142.46200342520828,-5,0.36381908873373403,42,0,0,4
479.80344853947344,55,92,401079,514,78,102.96477164255174,732.0203082011473,8.431080139104077,-295.17484748374045,148.12793499539023,-4,0.20885330458661375,57,4,0,4
773.6905131394028,56,60,303588,1296,-19,959.3254207509893,-34.554853560813385,30.647673655826054,1269.1508603453135,86.80427922850858,-2,1.1038950371942202,-57,3,2,4
881.1879118728655,67,59,508843,1603,66,311.8065076054942,71.57576380560232,639.2588461931174,-5832.661866135461,72.31581840405337,-7,-0.09056199943145948,69,3,0,4
173.43305848884194,63,62,34192,1938,452,16.622439156154655,-33.1824819509861,183.26378408876164,19817.24419780317,69.40266777378805,6,0.7012048069364548,43,6,2,4
660.2352093319848,80,105,35294,-219,28,352.1429744839465,1172.6736816493801,26.535716903867854,5570.711667079086,93.71317719296307,3,0.38715687866675474,139,0,0,4
533.0423772764495,55,74,17066,129,679,98.61434494547464,-55.83601695354061,741.3084378757287,-5299.064091208463,21.98918222336794,5,0.03067619991250048,92,0,0,4
655.5079180578065,103,108,29079,-193,108,229.53996470440697,765.1514785414961,56.73513047123757,5988.108298731102,7.33573345824378,15,2.160892295958715,60,0,7,4
149.91889663639722,89,61,19708,-205,8,347.2176967431152,-15.983689537513982,582.8132336127276,8018.261082250322,303.1714256351942,3,1.2473727050304086,65,3,0,4
780.3929298433997,57,56,-110476,-2148,83,46.59778435900257,36.10576780739319,810.8982862900343,3570.9553298035803,70.49538722844567,16,0.16631631185862644,32,3,4,4
649.9126509693658,90,93,22919,1295,76,142.3761029826197,0.6025103391819702,891.2226128428838,2008.5193502150953,63.67176054263209,8,0.9730732053159848,67,4,7,4
535.475719662173,63,49,40475,527,602,315.8795621828329,-22.01006587222754,4.8146056526335315,14895.703753937341,32.346836378894196,15,1.505155038084351,5,0,1,4
232.16598094691824,60,52,311595,818,112,-21.659096954061184,45.35476444361541,58.41823998724609,20019.31388294258,38.48741689272231,5,0.5776385054660994,41,0,3,4
657.1729076394396,96,56,614288,-289,587,71.15178892461853,588.942691988522,47.789806146489745,3492.3984745934226,69.60019205084494,0,0.7541044848509433,128,0,0,4
788.7987635367085,62,60,17404,132,681,87.4995600940517,-86.4004336098669,28.50903482664255,-4977.074892418729,19.464008122899216,31,2.2469872000384115,15,0,2,4
442.98462321145655,63,62,33863,53,2,-5.165311232185857,-63.16399702628577,584.4633793449686,23147.397000764835,87.11164493950213,-8,0.7971399064038793,114,0,0,4
499.76998648323774,95,64,21544,716,690,260.9317924063033,-82.98928439632749,311.4695073317116,17740.844700002006,64.24511120137208,-3,0.6212105229253434,118,3,3,4
590.1558672486665,64,61,34522,313,49,103.07620787241967,172.85543224697287,741.5997852045176,13162.753200943731,1.7791941256462849,-1,0.7349447620121244,0,4,0,4
845.647509929619,58,343,138120,573,48,14.018034767184645,317.363407732157,16.576595982492886,8177.430980549499,275.4443475586981,-8,0.1805014862101254,118,0,3,4
161.36290654521855,58,56,21597,-70,51,2.56326000548205,42.95007587122045,23.077328040178273,10653.523568335404,100.88248811205561,6,0.698667982949084,46,3,0,4
68.49534999297903,53,70,29738,1942,157,26.799437318107096,-59.0106789512471,23.895010525572264,14339.534071763137,91.42883462089092,0,1.539855019849586,-88,0,3,4
344.76981277345766,70,62,46481,146,426,27.982635157076984,5.387421021299015,472.2279519123849,9147.78652983434,60.108609229023216,8,-0.21588649242956626,-18,3,0,4
692.6746421317811,68,70,41737,25,28,342.20559312073686,-117.82673144127602,714.7464231047707,-1562.9239647416998,58.652380187668555,7,1.4556099885070464,117,0,4,4
797.7899280002014,61,78,30133,-164,36,385.8518962664863,-158.81210171687871,11.83493075632541,346.12679635017,28.536262562161,3,0.21117623790004847,35,0,1,4
98.74640137355716,65,51,-11809,-72,608,55.413056171413594,-3.328041920175732,1.2338097132606696,14178.954857887678,63.44641544948689,26,1.4066521634640416,-64,3,0,4
62.529552714197784,53,56,42421,278,115,69.82035507141718,-32.24167704886578,549.4615766353281,21760.669884093615,36.79965421355648,-8,-0.19414775241018717,131,0,1,4
195.79816405991497,87,50,3935,-15,6,315.044841965334,56.444417851154356,40.05444270876613,885.6974130602657,51.146080819845295,24,0.3401377148974368,-63,3,4,4
91.35197340735112,61,267,18204,1047,61,440.06385594099186,-69.56453718572297,583.1153804718258,21626.389066516145,125.26292801555428,10,0.908165767536004,12,0,1,4
389.45286592559563,58,64,-188,-120,564,108.12514155652696,-42.93769947468279,3.148396757804429,4917.812826059948,56.63016979651307,-3,-0.705957652597222,83,0,1,4
578.1753522782049,66,60,11594,-68,231,79.48365751556983,195.26590788989515,775.7474650614729,11148.565369700078,138.5527241680482,-5,1.0300643418105344,82,0,2,4
1434.682673872518,95,89,34126,338,54,179.0371747181728,155.1269242246228,-16.60983917990105,9677.271042269824,19.675232615211186,-4,0.624586936876955,-24,0,2,4
712.2619059235161,59,98,1772,1391,467,26.197352865445843,74.65036761120409,410.58537660710357,9462.61919575223,78.8972477270522,30,1.3419718212551168,58,3,5,4
416.44712924509537,97,243,40221,1514,436,43.91432157084446,-5.0254092239923125,38.5261154700697,8601.972716060016,27.974658882141753,4,1.2551474773587854,60,0,0,4
783.2032856786059,56,50,22813,1579,657,214.51010885677704,125.64981195278983,474.5967070160323,-6074.793789974933,46.91905526139339,2,1.1867716461741273,51,3,4,4
77.48789725265836,348,51,270491,-94,407,95.40276391674729,388.3693020891318,873.4947038610271,13843.539327148057,49.18553982061011,6,1.3282888214878106,57,0,0,4
758.3826404533457,97,68,14598,-110,98,207.65891922920883,-39.043143596830944,10.731628934553948,11554.333965536036,-20.25709420929479,3,0.6329964918395523,160,6,1,4
82.17250047868657,55,55,27868,920,112,60.02988547041059,-70.1054770777372,536.5350938309475,13115.255009700799,26.931060896092553,-2,0.4632465298280134,113,0,0,4
569.7587693321348,49,53,57,2356,48,88.94870281456231,-24.001837911839097,178.23939174528016,11494.740725345644,117.82642528542291,3,2.3636412129350743,18,0,5,4
437.07690180854866,63,65,39305,93,21,332.9192297496586,-30.952348990213547,784.4748054939886,14068.791780592623,52.31058906747104,1,0.4363916396533666,63,0,2,4
624.6228646774475,48,59,16624,-172,40,308.1283821080151,-35.071498128337325,770.9619531918554,4576.246072255712,72.30688311696463,-2,0.9765163233095319,104,3,2,4
444.06159763707194,97,91,29605,50,129,222.58696049410054,65.00033827531787,728.8722987454337,15724.367913258615,50.824726570808934,0,1.4050944783038595,8,0,1,4
480.9970722635719,88,48,443011,2089,35,662.5334509169177,37.91957508218351,19.949696064672604,4042.8301270194297,41.773575981422965,-2,1.0977834218349218,87,0,0,4
761.7572032548347,56,75,31607,1433,105,123.98108225346292,-86.47091286121452,821.1393308888762,12340.65638915131,-12.146407324654888,2,0.746050448536677,14,6,2,4
388.68408203194565,68,69,15501,-27,535,259.1587832138482,444.82821651881545,42.52756554748887,23259.793859012454,35.43519316660981,-2,0.47272975883584584,84,0,0,4
171.81083045009586,59,65,-3183,332,380,-30.850523841150874,112.68357387757823,510.60580404166,5632.66499852467,308.33783985460525,2,0.4684325067796082,10,3,0,4
777.4298245503826,55,64,14502,1306,706,195.82969641725867,-96.12917719020732,15.93092581250906,2506.265591124888,453.00796219002234,-5,1.2721941420581273,106,3,0,4
349.18501000212257,57,66,30086,996,605,143.10066033102666,-80.74458075809667,35.35514542333017,18204.462232129972,51.1133912353283,-5,0.6097611299727791,57,0,5,4
740.0637240855957,62,60,-790,-64,67,110.85337286652646,1601.2581897231264,702.6173956176467,1075.3843533991135,76.51081342868545,31,0.5246376490043956,-49,3,2,4
671.0291423342078,60,44,34542,-130,643,116.43441049566934,-29.881332041919524,4.985147207456935,12687.616011574508,54.248432595173576,4,1.1723320560672545,15,0,0,4
527.9370033436089,64,49,37860,752,121,349.22759556959153,-69.80356146839765,42.21865889745824,-10622.16252475337,44.05800815759245,13,-0.14983875594363694,137,0,4,4
656.0520462864287,51,283,402699,2140,527,200.16767628298757,194.85610916733353,35.203987196745224,-5762.878675290606,109.2576133983566,0,0.629136108890549,31,0,2,4
623.822824023542,65,107,19389,-228,16,115.05771370170558,550.4987366377063,193.7734106270418,9595.824346257159,68.77489309368933,27,-0.45702699089806914,-80,0,0,4
1418.0734987245055,62,377,-15504,2153,19,86.99697727943266,51.81150103965015,-11.48439441568037,11843.564459255367,121.9525884522987,-7,0.880913694623516,-19,3,0,4
1215.531918750232,60,65,4910,2087,82,192.59703014996518,446.23253880455087,21.86800275589697,12218.592950239527,75.23271649539853,2,0.446809598564425,12,0,4,4
2026.4930396449881,60,66,9083,-311,158,51.92200649218696,230.2279606289717,599.3305377459321,10111.173533811623,21.96490370009925,0,0.11783913501633414,-23,3,4,4
166.5157243759076,61,48,-3133,805,160,37.90208031911424,-41.68607828101838,40.93725774892069,5811.971833073273,48.4237576071384,0,1.21940637712961,94,0,2,4
-11.15717472684969,56,79,8302,450,62,282.69765068616323,42.957314430311385,641.6978451167367,-3078.9963782394098,88.00968504719305,-2,1.26505871137678,96,3,2,4
645.5135104947597,60,184,29772,88,899,39.24858157989989,256.5596827931726,406.62720625493887,17327.19008495983,98.29816860797825,-9,0.7608248726178727,141,0,0,4
213.67417902225483,65,43,6453,93,125,91.06210814858103,-29.560553689749018,33.89576993131444,9465.2399867428,44.6807784069843,22,0.8202519638292498,112,0,5,4
568.5072893358214,61,49,23031,1801,61,308.5408437305656,19.027452318933562,19.706525977857066,12049.726519379146,64.67171212164611,3,0.6312805059310707,86,0,0,4
996.7865298159634,65,54,42478,-38,295,284.3853904470015,-63.66018678334595,572.2678297510088,111301.97206506162,3.5126632686643973,-4,7.817282862818665,126,0,3,4
395.72723131339274,63,50,27325,-80,533,272.78212610895633,583.623795275701,45.48627773087153,11724.0768834886,31.600764192206455,14,6.22668246316545,80,0,0,4
824.3131939738282,56,65,23659,659,461,388.23565601024836,-91.0338997312561,776.8741860583823,17479.342569066815,31.73620874082257,4,0.34908855437351605,32,3,0,4
1066.2601268088833,67,48,9264,702,586,209.7734865821388,-20.310857208404858,461.781378752344,5122.100133891677,24.932738789800574,34,0.45334556959129974,4356,3,3,4
487.5042928417193,62,56,5545,-264,69,43.70654687769765,153.77867730793582,749.6957580963251,13157.275944825396,59.45239714214807,3,5.120968312830977,-59,0,0,4
573.57874404917,102,65,29755,-210,67,496.41146679890676,128.97810305256388,20.631235044417288,17409.810028307675,37.61231145619553,1,1.0729027615783393,-6,0,0,4
30.71686088293343,101,45,35731,1449,92,76.18677322987385,-123.03525052957215,788.5969262156615,19350.289393779243,20.22987360346039,3,0.48033592875100484,109,0,0,4
171.52668424963042,53,50,-14253,-489,574,375.36895989771875,-46.75448145212086,662.268700453824,9027.988400187787,221.8284550953752,-10,0.5106638856678264,88,3,0,4
549.5849101522439,67,67,9790,309,458,318.5909211950704,135.19729511963322,148.56224277547713,11211.58494926972,64.4727759519902,-2,5.5554793185670235,50,0,0,4
492.067385767142,57,57,566315,315,127,154.07282500026844,-57.91944227849943,874.3953846888235,247221.56897200213,28.500733749194012,-2,0.612735684975122,58,0,0,4
492.2414229608134,52,65,19019,191,589,163.56017278311955,21.240084173666403,513.4008106068768,-3198.3184303646685,100.51643108924571,9,0.6975041974636417,-22,0,0,4
403.87154179317383,61,49,575056,887,95,134.1967799250057,898.2016762281162,28.432701167403813,-2696.1260076867757,29.846907927296826,6,0.8144551108780012,-6,0,2,4
622.9098247357555,63,200,46897,290,700,132.9739425670749,-70.33344999035249,44.133882357833215,11731.03991134144,74.07816915406673,30,-1.0260228032232197,109,0,3,4
216.31866541405876,58,68,-14389,929,387,-14.57865777332411,84.10853883183,500.4322855684874,21497.18146946031,212.43778150268875,3,0.664279626772323,-70,3,0,4
801.1087422260953,53,62,30844,715,556,39.99256869134179,-48.5727297576764,-23.007162202440906,16530.39789691516,96.94444749138896,2,1.640870629893929,114,0,0,4
672.4459948032666,69,49,39903,311,33,80.23023039685793,12.330224580340541,345.10993690006643,5397.990407365097,96.73473203256655,13,0.6676159004392908,92,0,0,4
38.713927335823584,55,60,-6201,-39,559,-1.8845583788076823,-23.074270823319182,49.25713038976699,4992.7239984343605,7.104028986452661,5,4.30044827102857,-67,0,2,4
-35.55918685662192,85,59,-346,-46,387,192.25016641344047,-98.0837893471318,-20.412226655585233,15232.888811225483,8.756583117318641,-1,1.2319067665988863,120,0,4,4
602.3067024019897,57,61,-12269,-328,64,20.74633751661014,23.339928277984736,96.70316612612567,18619.737402443305,60.36686498595359,-1,0.672061570717615,30,3,0,4
682.9953966878867,65,83,464961,-201,70,290.9280576962957,254.67087527442368,784.31044264242,3649.658927140865,57.67487150406021,1,0.8788828445077603,33,0,0,4
370.0054555378602,64,46,31197,737,14,105.68415613924392,215.14424468917693,37.93630214347253,13813.920842019437,97.91672010033903,11,1.5759599672363365,24,0,3,4
64.90524576807913,63,64,-3431,1150,759,3.893839135934499,1422.4582366608872,97.21625075737424,4118.442508772786,92.53258710342054,7,1.0340342187187919,12,3,0,4
480.64911497048587,67,62,10289,38,84,424.3269072021119,-13.715310875997748,684.1260048409647,8149.1528428132,48.414736903059676,1,0.7468335635577098,41,0,2,4
67.11665303320855,67,54,39884,1166,42,110.41269723445959,104.81315494855635,608.7058574966802,-489.7033543367479,91.39503712776865,16,0.4653373545230194,-26,3,0,4
44.95410314002423,94,57,15419,-160,118,127.99441657373218,-21.621619990493695,14.791909900065475,12198.77110006483,65.23839355579615,-1,0.9229432152361392,59,0,0,4
524.2923867820762,63,43,-4330,180,-2,36.73904552990921,352.36777755399953,-13.835602329454794,-3494.78546004924,116.79803487327545,98,2.116158379299936,82,0,0,4
535.0133437161933,59,54,29020,339,533,263.9782020587532,-99.55884086845595,620.4825428077891,-4366.565375152522,256.06354751520854,16,2.0165388763189656,92,0,0,4
760.2745300004569,63,60,29185,-87,723,427.73756970216886,2.205403275439569,43.91398982761119,15771.615454415834,89.76881027179859,-2,1.039814270091166,39,3,0,4
1281.8375922934292,63,62,11626,-224,54,288.8430202930634,241.63709281007786,35.68475190771917,2933.1487964809285,-1.4048832858174194,-3,0.5824460470507062,67,3,0,4
689.4429226139896,59,49,9427,-19,102,277.2302952893504,-25.505143118960216,31.728920265760614,-6172.172136482905,22.294077331668575,-2,0.5760312052344378,36,0,0,4
124.8424326823476,65,105,7364,456,750,387.4747119808835,320.6499491925846,520.219909657188,125.27057200332047,76.05081111564463,4,1.0008322850291114,64,0,0,4
895.4211168901631,67,55,606460,-91,95,84.12113400288328,-27.57268500893898,846.0135290659656,13534.466489850798,59.55351435833708,4,1.5865196825238823,134,0,0,4
15.231692061127482,56,41,41741,-245,42,215.85876422465083,-59.39044759886522,27.425133291808457,-2848.120062022598,120.48452946065717,6,7.771564450698333,86,0,1,4
1134.4941801954315,70,65,18141,1682,654,268.51140437323113,484.18708162266654,567.7967942042593,-994.3321273760994,441.30881029790294,30,0.8217316922374428,68,0,0,4
679.0705260083804,62,52,238715,797,483,38.62803418173933,-67.1286131903187,807.958834132012,10977.17825024185,14.933276594634577,-3,2.7125886537693917,-12,3,2,4
256.4543344207806,64,56,18296,-87,371,56.45380488951748,294.29633102052253,621.762647133786,18071.226735624095,8.90534252859689,-4,1.4594353545583594,28,3,0,4
138.28471373991252,68,48,483587,-35,735,329.0236421357215,-48.82168816996639,619.1217419914256,-3739.2820073388493,27.197796382831797,-2,0.1859794279215884,129,3,4,4
1227.0962109871919,63,67,33151,48,49,255.24093220690418,19.635738533883465,-0.8943467060745749,10848.906886565635,77.81554873894454,27,1.1094983972474666,-32,0,1,4
145.0867583818025,59,71,30448,631,40,47.74043657948537,-94.77583590927759,735.047125191301,20131.466396767017,68.94533517770572,-3,1.0851281198297593,1,0,0,4
415.7759126369733,130,59,508111,-227,169,253.79440523462216,325.8145921126688,667.220435094119,10123.511744870539,5.547450055461752,-8,1.8609328406406866,104,0,0,4
754.0974121989733,66,62,30319,19,524,4.661496929842997,16.51228222607201,22.508790679080708,13540.147891793662,31.617988277008827,9,0.8944253244884974,64,0,0,4
164.21153316214352,64,211,11806,-333,84,363.3756412636889,-45.10684507271394,672.7887029202943,21083.05392972811,154.54766372156325,-5,2.285724192054629,24,3,3,4
431.557078549673,59,71,32708,36,75,223.72875945453518,40.272020268156396,535.8427726912194,8044.76732881465,70.66901317158141,1,0.5380315645561825,101,0,3,4
199.28054810028033,57,54,40101,966,132,64.84322627179509,-36.129482932367964,623.0487511988435,-242.30817280117617,63.42794695637956,-7,0.93853850890507,-48,3,0,4
697.8823857778108,69,67,10775,123,591,89.41695601691521,-0.05088067637339311,847.1999774652245,4224.988598922922,72.140628157611,-11,1.052402360271455,69,4,7,4
707.6205179233787,53,55,48817,-59,105,83.21463703649476,-14.05018275085352,29.160780392435097,-895.5192426417098,27.51415411621872,19,0.5666702594235189,122,0,0,4
307.71487894031515,63,56,-10508,64,-16,87.84092900373908,-42.563382029398085,631.6147436486685,7515.471592151269,10.14016417127658,19,0.5563089285653019,-20,0,2,4
249.88713461298298,92,55,22206,1599,762,42.64085940485216,44.69358503411797,26.86878946754203,-11596.557639098868,101.51571608076932,-4,0.4708362292944147,-27,0,0,4
481.7823738096535,57,80,357752,-154,83,86.8664221744149,241.85223760470123,26.319123189051293,13939.428749090257,65.14351369668486,7,1.7044956935354154,16,0,0,4
767.348383753718,59,56,8198,81,-9,31.919077124258713,-59.8973907951997,451.207896111821,-1491.1174444313428,77.73534888472811,5,0.5570223112755426,-6,3,7,4
-12.394014702160106,58,51,-4475,160,114,24.80739152171786,451.29369447286143,141.05842149536656,17948.4460275991,69.21772994143069,10,1.4133930152820964,35,3,0,4
1155.7182115785208,105,53,14889,1349,64,329.1365051942038,71.47620862666997,37.57808981867736,6846.617355876344,207.4847065868032,-7,0.4110345899673842,-22,0,2,4
965.1824219132117,92,68,22762,484,763,241.60249102653222,-87.28237390608956,13.200471211821677,19987.077759654658,73.60690709403146,6,0.6837311739123166,-76,3,0,4
17.890125200554174,55,51,20130,992,43,218.13044095499896,211.60628531953074,33.55056887787346,7044.793885557052,64.35822004453075,3,1.5672595956483244,47,3,0,4
717.3100383882949,81,48,2559,1059,521,-5.793854725133869,-95.85013707896037,18.705235143969862,16495.770351111332,54.443397712217035,-2,-0.5326293041789709,36,0,0,4
-39.43787162375715,105,65,36083,-115,67,17.050871317222786,665.0902328739844,475.1032087373759,26084.057544635845,91.06896949243288,16,0.5662718305907892,41,0,0,4
546.8255020281097,108,56,3367,-2206,486,-35.07506809271892,-28.212349387277822,548.6004340879418,11231.80799722312,76.45260258743775,5,0.30875329194654577,124,0,0,4
520.6738229685625,127,91,328864,1195,51,44.475433043644166,70.1931193160363,755.397640111383,6214.469563521829,25.320431433718696,1,0.5637873238237733,25,0,2,4
601.0064365473179,66,46,7271,-51,-12,218.11529252251512,-69.61585576345455,37.9817235792526,10751.682240581922,24.710802002039742,-1,0.8401463943319558,-83,0,0,4
546.8709287449803,83,47,12549,-139,677,-17.773368536647084,-63.252970664346435,432.6570629203949,14328.644192567433,176.40785366283103,-2,-0.842681429570387,27,6,1,4
-48.506385693358055,57,57,44223,558,33,382.8762834747571,-85.1075350369621,34.21099915599826,11351.582480635174,118.68145270477632,2,0.5350650029427203,82,0,2,4
417.7148278365062,58,58,38094,-138,119,98.57037693302989,-40.83612364767613,35.39911723881939,476.05595811688727,44.832867544745305,-1,7.466338076738456,-67,0,2,4
587.613799172438,52,102,21865,246,-38,221.81563458444336,-2.2354529209738603,451.1720851693023,-13931.054210067025,36.506037497618664,1,-0.30243731212183594,-50,0,3,4
84.33074900152253,64,63,13064,-165,89,5.83165907923825,-38.338124000757546,7.671843370257209,-2892.9730278326433,307.1772024528642,2,1.999784890537721,140,0,3,4
769.051027920936,164,60,36696,101,50,355.8662834049486,308.71059489846607,319.8022636404547,11480.149422242655,3.223592076467696,3,0.6746867592310958,27,0,0,4
165.05728037267224,57,52,38899,1309,83,324.0622914621595,81.14748825695023,810.9241151666909,175772.4707545388,17.442209096691897,-8,1.2191832759249857,135,3,0,4
475.90877646875936,68,56,20086,5504,467,23.077484054736296,-84.17687374704036,779.7685201786679,16279.70367156274,71.85559668658732,-3,1.6123048632695132,140,0,0,4
445.31542562292526,93,273,-13436,646,543,334.19203804586175,-42.76957806369077,-0.25913633634646427,10968.963548376069,109.96895824853277,-2,0.4873326566868843,27,3,4,4
-37.3483046006386,126,44,34656,32,49,396.8809577385239,-29.57030161262365,557.9152089718933,8321.382556427492,12.987765635949415,6,1.1717413469927773,-4,3,2,4
610.1098508585193,67,61,26162,1689,16,297.2782498750348,-26.894035921854385,48.558227560820455,-497.4869065267867,105.73506080949508,17,0.3852739250056735,140,0,0,4
118.83926279844962,49,63,4958,1865,106,404.54776207838506,-86.73860367161697,727.5402816772139,10527.581358757572,49.315209510766614,7,1.621540185710987,-83,4,2,4
550.7321235677158,66,55,28386,-15,127,47.61846811027999,0.10453096077504132,895.6501502814431,21916.58842514885,41.176042265461895,-2,0.7593330168001459,154,0,0,4
48.419021303622515,59,88,34472,-65,637,-14.690500346793968,6.559112753315248,72.63274654054386,2235.0576661866507,104.65177407027961,21,0.12121451459180355,97,0,0,4
848.4919401935128,68,63,9476,-246,636,43.842485159700495,-6.571040046023823,14.01830423470741,10266.62466763155,121.30693984833661,6,-0.49917594834122475,-6,0,0,4
759.6099990327875,63,47,39646,-85,782,804.6705659385655,398.71430718285865,1.3347409198769955,2096.1936761876077,65.53627483437191,28,0.6876968839412193,106,0,0,4
1128.371026237754,64,56,24507,-186,59,25.294406005174366,468.46803079458846,3.9230843242677884,12846.56442347719,98.77932921188919,-1,0.41532716284776244,63,3,0,4
905.3516700276978,60,220,30523,-286,171,104.5221442149679,83.1081524278604,56.08348898074796,17256.927663762417,78.95550672003445,-7,2.395610818390618,36,0,0,4
117.02005231690798,61,55,26947,569,654,8.699487432578962,330.43096476536465,24.446689546082222,-5692.1811633783645,26.94173969468259,5,0.36700995758097266,-70,0,0,4
34.558640042439045,59,62,41127,1638,727,221.80318934411756,-82.47544689541931,7.603267502683973,21340.425851703723,48.72620040072118,41,1.07439615007832,102,3,0,4
60.10011396962737,60,253,30129,821,79,208.8648219222275,4.461053906123192,46.148085148272635,10247.160269701733,95.43251736093326,18,1.2059195180235123,17,3,2,4
646.2889203717771,54,95,25488,-78,57,147.5356905683958,1.834483812224256,695.6410640306568,12503.932061967746,340.93645704479854,34,7.014271129711574,90,3,0,4
541.1052895131018,60,50,30639,10345,41,65.89704570909447,-117.83069764485252,14.870911418185651,13827.555260832938,35.098202737011064,29,1.8053472117979972,-54,0,1,4
334.77913208912935,64,66,19581,5,49,319.4196966718543,8.676146285593685,48.88498312530411,121601.87260986658,57.043976591562924,28,0.4396396957984122,21,6,2,4
847.2398044693622,68,65,37882,38,50,35.6834862881073,32.59473962573696,23.63037304903923,20209.074914816196,33.132411411181785,-1,0.4724368766929644,91,0,0,4
760.0932353205909,60,56,24385,499,85,251.03631332378697,1585.3566898751594,765.1205772436357,5359.155703813585,111.67354472503814,-5,0.6324602186291961,35,0,0,4
638.4437134878535,53,210,573843,-295,616,-2.848853781738754,-94.7302059474738,717.8631525526898,82627.91196828062,63.917560492612324,7,1.9895218490779052,112,0,0,4
601.5645304615639,69,76,-4138,1220,137,54.20718015590136,-73.88756408421796,787.0532233540316,25581.098983960106,11.366028615192704,3,0.7827756742800183,-45,3,0,4
597.5628840053231,234,58,11096,-157,98,-7.619252938569588,-15.734814918257296,32.346674094220205,-13955.222238143073,73.8155330675209,1,-0.518132824955388,27,3,1,4
1166.8530195697895,55,98,36313,-219,145,303.35750311611633,-30.299897584060602,24.141473852330613,21822.960371432797,54.67713879302408,11,1.1190046152531057,52,3,0,4
319.91919177249326,66,58,4225,480,49,172.95436560783895,73.78982246948563,762.953681485768,7855.861502422164,45.000130759549236,7,2.0285087755300557,-3,0,2,4
522.4925111072928,57,57,29402,30,523,323.54302203325415,-89.8717182903091,764.5847405481221,7388.19612905147,30.879268650830852,5,0.9325288702503788,-25,0,2,4
619.4086274230469,59,46,38983,1253,44,53.92001433004593,-46.49887080402006,612.0062839552911,10022.107232834796,36.541440327699625,0,0.597462052880807,51,0,0,4
639.7713574434104,68,65,18332,532,868,309.9827351121736,-30.120277186729414,672.3557017522817,15500.711580642892,34.98475420676051,-5,2.4847567373123773,37,0,7,4
480.2090396256867,66,54,38101,1080,686,-4.618307355358979,-44.44830631362285,641.0426436126099,22099.692253802514,19.761955982681727,-2,1.1661205046136252,167,3,0,4
608.1893703909268,50,106,20496,58,3,-19.49073539936211,-0.797627898228825,404.2576693102951,17717.799079856955,110.2560397273159,11,0.6705135913015825,57,3,2,4
715.9775642946508,68,49,19047,2313,148,109.2210922864842,58.740928859811035,449.024171085888,13018.001200027866,292.484521518161,-4,1.2706755306525215,72,3,0,4
-30.12391665181923,101,48,30173,-23,657,234.71167084657026,442.20676280758,793.4548249370467,9.100957041005131,360.9344842173787,114,1.021963673663204,58,0,1,4
653.0806946303863,57,61,16025,1299,-8,-5.313883530777531,-86.06378113305337,26.753180390858926,10474.447481625142,92.23060000478685,-4,0.6241942948854059,-9,0,0,4
152.97355537319913,63,70,29568,16,57,121.63629284566727,-92.55114949566993,10.86919232469327,-2871.7923073819356,27.564819997754853,11,0.9369860784198278,39,3,2,4
578.438594803955,104,65,-10337,1478,619,199.83157011603478,-79.45699838763831,29.272046183708298,16578.12545663276,301.8238283056668,-2,-0.08423382130324902,56,6,2,4
851.2599547455113,93,100,14582,106,143,212.80853045136925,543.6267494803417,-0.6074301453855449,16410.725880519283,54.80936764319401,-6,0.39872054262166245,56,3,1,4
874.4896452747518,68,99,10688,559,29,-42.327591453566384,273.47297629419995,666.2215535372461,11445.885240242333,47.80792790689289,0,0.4635171931374805,2,0,1,4
650.1270856815843,64,51,33158,1679,401,23.89938638419474,-21.3417861730146,759.9588517362153,3968.206071658002,19.366605956838626,13,0.660015022226895,-7,0,7,4
3.3544928927690734,60,66,22769,-91,620,341.1556370382105,-118.26618865961932,41.162952477281245,21205.555612185988,195.20333074756235,1,0.4628426591882355,135,0,2,4
611.4735218193707,66,61,26094,176,55,629.9278792425489,-107.88635458981504,217.83766044107603,13733.3809790999,108.78295339176287,-1,6.659200891510231,38,3,0,4
164.99235848216807,69,65,33401,154,99,289.6290535285342,-27.130965378696406,35.87762946287986,19798.432830049504,113.97413243621382,2,0.7332337122883583,89,3,5,4
676.671416911984,69,70,9227,86,494,72.63980868600945,27.013745146537815,13.583022289602761,-5179.735733420671,46.89847144165193,-8,1.1781965663025307,82,4,0,4
603.4225338248381,52,52,17119,-221,-9,470.10395715181625,-117.52256273037423,424.3092922297193,6303.710649582012,671.5889022012295,3,0.7534575658625736,31,3,7,4
81.58249482896221,62,54,4140,-96,532,61.069725753680274,40.573931222327445,791.678962172462,1262.2837967941568,55.094107691546,21,-0.14915660645943984,38,0,3,4
631.9426286487551,64,60,382194,1311,582,71.42362695604129,6.9832808774245905,859.9203242348262,-358.32172261578216,184.62938859827935,16,1.9628866002446737,47,0,5,4
226.9995080654119,61,67,-5413,-147,336,29.147823100310646,211.14634818202833,265.5431037651327,6170.039865309358,43.914383676053845,-1,0.20759330705882428,14,0,0,4
134.33595373741502,61,45,-9027,2060,524,-16.136607166830373,-53.20356105368498,397.686462603707,22915.509413919182,48.21028212591409,-4,0.5342882315206591,23,3,0,4
806.6301345480101,63,60,-4933,515,113,120.8302005517553,25.75436643005213,212.86330919123282,15087.001002845736,18.23762112798559,0,1.3091310589591967,43,6,5,4
682.7881047253244,62,65,34119,241,549,137.10938080441684,-72.33702520973894,490.58298361956423,10046.468765929849,94.44338777958072,-2,0.527314831809144,129,0,0,4
111.43073953331776,61,57,15186,503,24,245.8560633545057,935.3654277141294,471.0393773555964,4540.595629757743,95.495148950123,14,-0.146839298471382,31,0,1,4
276.89582448086566,51,63,21334,865,-40,236.07195683331054,394.5925912245017,564.6650579090145,4756.999415936948,345.0359473604651,-1,0.43129167786101386,23,0,0,4
32.32573296429637,94,96,16356,815,411,318.84847021268274,55.06095297475102,1.111120495935845,-3127.538156631671,118.2392841193683,-3,0.8886048954857361,48,3,0,4
122.62376262448882,62,60,2991,4508,684,249.3349217573048,417.0885673234285,710.0497523712949,9570.851558000246,100.75464536662855,-1,1.420754661024745,162,0,0,4
447.6289561321489,94,56,26054,854,25,37.78629574564402,-60.156692991934506,4.671481203115613,15600.32843735033,153.40415251531334,6,1.6411709468862135,112,3,2,4
600.1903927677226,65,289,12310,206,354,7.987503382751342,411.003297540309,-0.9393643854338918,13646.331307822136,52.59066970276194,5,0.39374855503081263,23,3,0,4
756.6256177133355,65,68,25525,133,495,228.76452745437558,34.70005820823131,720.2213199918135,13552.069535021445,40.550063016995615,-1,0.6953683023231738,10,3,0,4
466.2238402439914,63,48,1571,38,600,113.44159879042155,-117.20038782764861,661.9643936886639,198772.46200892064,50.133644961551155,0,0.6378688501875852,145,0,0,4
839.561746709462,62,66,20347,-301,-10,57.60224400336573,20.84135153330209,5.457278198350848,17316.04797926278,57.665234457779306,-9,-0.037421606787623185,41,0,7,4
463.1607481652137,70,42,35481,-44,71,31.925662692979692,-47.921350647764484,43.94733481127592,16077.836555832226,65.35783498011368,4,1.3950856698424856,129,0,0,4
720.0930410051457,67,71,27954,-33,642,353.26140591889714,170.7320126796926,750.1649076921788,10943.996277573873,230.0019947092751,34,1.5017998022851984,105,0,0,4
799.1251303900253,66,58,-9031,72,112,6.193743922872983,-109.32081683732228,22.074755779123702,5734.484107872004,29.540704025433612,2,8.135272235355371,66,3,0,4
123.68631765285244,51,67,641982,-181,686,183.38136805746726,376.9475469013688,401.37523717237127,16131.749182287567,73.34177778167236,-4,0.5548904047696692,121,0,0,4
778.0872034166882,132,71,34624,-237,23,245.9570199715529,-3.159047665086776,22.783274422666228,2860.222331388999,52.98326963649638,7,0.6503987831604561,67,0,0,4
970.4952854750867,56,62,17511,-174,39,71.55684577181168,-62.29458844371092,818.3835607421981,11819.653386927566,17.385829505193655,1,0.5600521090598141,-70,0,2,4
172.33500140653945,103,58,18285,-158,631,64.82151841575046,286.1494899825953,44.83588142704201,14833.21385002053,21.072805995914678,1,0.03473192585697549,-12,0,0,4
462.4301970979221,131,65,28078,-154,93,65.63357275113219,139.28028176527818,37.67820654312386,21908.77413285396,-65.06142731171292,6,0.5914197896520563,-49,3,0,4
707.6158097736445,50,63,22021,-29,91,90.57480583840649,40.9494403907525,20.845109791944722,13695.94820167639,78.11790813503292,1,2.342776438997695,-5,0,0,4
1519.4881934572632,60,102,22882,604,121,373.87962340031623,-24.819280848258508,809.6051325315805,7869.177091173803,103.16915955323684,2,0.9388787367736157,6,0,0,4
740.4003817829142,63,58,27813,111,-14,19.369659405110852,100.01829230521719,216.72301243516827,16002.614731052054,20.86228759850492,-1,0.8564311692502486,109,0,0,4
904.8179778247002,70,52,-16656,10,542,41.096749046892185,-1.2621625072536098,572.2339312253157,1935.27356243142,84.51037387897216,11,2.3909129962441327,57,3,0,4
392.602922357234,48,67,39144,170,56,97.81827462608963,-100.86333460661956,576.0135343436855,23715.483596919923,-18.913121857036288,-4,1.2282574103748827,9,0,0,4
573.1296495192518,65,68,38275,372,20,9.487527795209687,-102.65790206992905,583.1070108358361,18074.55927827316,60.682288156979595,7,0.4858190507775102,159,0,0,4
97.47583524876238,63,60,11969,1362,80,57.18953201636147,-38.65363633667522,764.5087538529181,20780.558686661316,52.07702640973852,0,1.1521773995400042,50,3,0,4
667.651461137356,106,105,-7899,371,587,366.04819418381237,388.73601601934456,773.2382541914955,-1093.044909717767,58.336814654992594,28,0.31658411485927107,-30,3,0,4
502.5892883196527,70,53,22739,737,67,115.10761923488548,-67.3231294068022,-8.046028896880086,18742.503922727596,23.54317262274222,6,0.7914791436999946,2,0,2,4
173.69801737039174,51,77,17525,-199,94,457.9145926160235,177.8851118223849,703.2758519802139,1183.9552509044088,486.1954854755437,19,0.22242318007575523,-26,6,0,4
37.260474067159045,56,262,11302,-69,42,59.95280162206237,38.85639516005327,-21.40710106119786,18057.75784045211,116.79957907846679,0,0.8175511561109328,92,6,0,4
812.7191764073534,96,67,8168,124,25,-12.609086981676256,560.4388728167002,22.64499179784414,1432.063760514105,53.747212397361615,6,6.195939333152866,6,0,4,4
564.6657224378582,63,67,21352,628,537,399.9434615658244,291.1227405772722,-0.6338866449373941,-1410.1641665119405,8.096788789879213,3,0.06506155042465833,-28,4,1,4
109.11712982544407,97,328,-3211,154,8,267.6348467555371,13.23250361377098,318.158931558777,982.1882375666196,170.1310085422084,1,1.2226831915306593,-104,0,2,4
155.6416255649744,56,42,37166,903,533,144.4551716984481,267.81514277971087,15.27829653588536,-6874.199675139825,73.55365546273123,-4,-0.27866825216933133,142,0,0,4
570.1348702298086,58,61,17303,-294,597,314.5897555569859,206.47061529382628,54.962200251822715,6145.252897045235,35.60885763113318,-8,-0.4985713503883922,84,3,7,4
2.8390506059934495,99,62,21533,22,65,83.86908829107131,458.60722338457504,38.80804059781493,10894.066465216381,328.43830265446627,-4,0.5959908227555649,10,3,0,4
523.0655141437996,60,62,431804,-222,680,276.18329938917714,95.75524908252896,239.4872164167906,1733.9735622250332,41.817915773435615,23,0.6465255201079644,111,3,0,4
210.6235021433687,50,58,35783,-179,587,63.70039773555398,22.918332941241225,35.4724940443623,1779.2054589429627,29.904891923521653,-5,1.0204762437831985,23,0,3,4
375.9315807277956,67,56,-15425,1035,25,450.86247577356085,-147.60089684155372,658.7528833629328,9492.655036919798,309.86293693390047,18,1.725611321408902,51,0,2,4
824.3058170356587,58,59,24588,84,70,430.72824528987604,-57.72110882383198,-2.545666792499705,486.3911360615807,16.013215322811547,10,1.7081126371222601,65,6,2,4
739.5624787011183,53,51,359350,1279,137,156.3233380217996,383.2712344524143,431.4461430854421,-211.87862182915978,20.274062659608376,-4,0.48261741669917735,74,0,0,4
505.9455375794003,354,91,33574,1471,685,113.0011176553105,11.798605805446433,450.0531375843135,16654.476783214282,88.37149969283408,3,2.180171443006091,48,0,0,4
720.2156504012927,95,54,-407,-276,609,329.31788381735964,-83.05178468883695,-4.601972689194428,2480.7643095268686,139.31690115472935,27,0.733483658563589,88,0,4,4
639.4220769852241,62,56,21091,3239,105,-42.37115896067935,-24.103764721190032,416.80973839859104,18361.908319933995,1.12368069676333,-3,0.7099926376032726,78,3,2,4
394.84256078548736,51,55,68712,4456,775,62.872789080858055,-35.595842344588405,736.9491924670282,21005.164809696176,106.98695063786707,4,0.4488603124394645,-11,6,7,4
170.62513834392075,61,54,346319,400,33,57.96356753657386,-94.97802849864564,39.107606489407324,16085.226004113909,87.8627012494261,28,1.2640127296588195,48,0,0,4
744.5402726459223,61,59,-1575,-126,702,90.61340147466592,-73.79102519951209,42.29423615226317,11534.526303102042,40.10953242798363,-2,1.1334794829427022,22,4,4,4
411.4969940042643,51,59,20349,271,572,150.32160098571012,-31.982170024716236,811.9272715376444,-7685.126793961607,44.67203237714786,14,-0.35291569487514773,72,0,1,4
498.3799020153179,87,62,43614,-244,727,150.92393765164155,28.671670840718402,22.901747428667544,14231.005737479943,45.42700802890847,6,0.48619920726361504,86,0,1,4
614.0188353236329,58,92,13043,1857,558,193.38485064900556,-70.38557894035358,4.650777535626672,-612.4052415800707,37.400859185243604,-5,-0.4886427404903826,8107,4,1,4
148.123256294937,88,48,32405,-23,658,187.66350108992606,-37.705020061783344,19.081306604899588,19973.43388234736,39.08745282403681,-2,2.4007367158839257,-39,3,0,4
636.8758067544159,61,50,6663,183,703,661.2978550859866,414.9265342905215,353.40744337663523,-529.090887145705,129.97025589131175,0,0.8647499088692696,71,0,0,4
800.5228025657767,56,59,192588,8064,82,175.38208099514102,73.60163262701676,30.209610408668308,3350.3275871976,26.58772479261649,15,0.2616162137115482,34,6,0,4
552.973694051204,97,55,43052,289,29,56.92876451278332,49.18206168899356,472.75362842478285,118729.82331248042,81.7010105964624,3,1.5653625996030471,86,0,0,4
831.2798923595597,60,60,4402,108,497,98.38985645256328,-5.855248533134093,-16.028840659764807,11295.834118174706,106.78738472726545,2,1.6021468664197338,-10,0,2,4
121.48926437081445,293,58,5219,871,572,7.1941898945277245,-0.1032152446338106,865.3155895851855,14435.327332351699,32.971197729079734,3,0.5233214297471049,107,0,1,4
328.9959438337011,245,99,-449,1327,648,959.4267000500763,-27.7599234498893,33.03394464957641,-4909.763432576568,263.9517156232487,20,0.921053132046496,89,3,2,4
668.1929613606956,51,70,35697,-28,77,356.30261023395445,646.2225182751904,781.0517443689764,4879.894709673297,55.68872383110433,7,0.8389747907664074,-12,0,0,4
688.5446106051836,90,48,11942,1156,716,-1.6846093029601548,-84.62404923478486,32.83186386405636,10543.73173692202,307.61523371233346,-1,1.0785584392030965,80,3,0,4
703.3091483762073,64,54,17543,218,16,105.20601349109629,197.05910997525478,38.07583738890492,19680.608372775998,12.742434641992588,5,0.6794191268459221,81,0,0,4
732.5931339296429,62,48,-5471,261,152,374.4000297467087,-10.598292183545595,-12.223336500455295,20707.70148533128,102.58218404717408,-4,1.051876636148974,-8,3,0,4
567.9783277407928,67,69,19810,-49,152,283.0637674368496,-17.942039794757626,46.47643529507623,21163.607192180527,53.82512877212244,-3,0.16224770535106836,58,0,2,4
104.51619716038873,113,59,-5219,2653,64,-34.16893120164147,244.5515603315685,34.43908947481381,14657.19758605475,31.505552720712338,0,-0.28890544651954886,4641,0,0,4
667.9763955330059,100,54,25992,-71,85,72.7242580959697,2.085496026674347,5.063277908003352,3934.809792674109,62.6008073468321,-2,0.11410134260444749,112,0,0,4
659.2384678910317,70,101,9413,359,99,222.91149547794507,-50.757684307991326,1.6038363272708194,21274.883218912782,104.24830775554578,15,0.29953517611047054,20,0,0,4
566.5750233312963,58,55,31339,447,824,157.98229883000693,-127.84389995259369,17.7894328790044,-3258.2947395539823,76.06776303846915,7,0.6857531539581634,84,0,2,4
1343.0051652765878,61,96,25532,974,738,31.96428401762774,5.506664308470245,150.71925343916098,123165.2227451489,55.383518727742256,-4,0.44768829155110273,46,0,0,4
671.915499019409,107,53,-11770,-33,0,73.59501798911741,717.4325233463292,634.3926228337854,-12334.305967801396,28.41336724203424,2,1.621839707592581,-43,3,0,4
502.7436536782054,83,79,33388,639,15,90.15037469174477,385.46300834830623,677.7282280916008,-4821.199702793411,9.308993214770808,11,-0.408598747523754,-11,0,0,4
495.64799933207274,93,276,322895,-126,113,704.4615304714549,-46.94706577366979,808.9988289007986,2083.762456606321,56.16305945003184,-1,0.23800147806444338,13,0,0,4
270.0979344973973,56,61,43823,5605,521,125.62367722280624,-17.68917569608186,653.5767134837237,-20.33269335459454,63.701701709883366,20,0.6380930355480695,50,3,1,4
624.0099735784418,49,62,-3890,181,-14,-9.52974977760546,-27.720072299356207,454.41947393461646,14417.187517657869,95.46342323771839,2,1.5692980245345147,24,0,4,4
411.41547298277874,56,50,1923,1820,54,206.03842150797158,-40.159299386650204,429.30462247396434,6570.458303537425,235.07887074434265,7,5.8366216120530545,98,0,4,4
598.2666819623246,56,60,30708,-88,650,106.39224956584843,-72.3228967732898,43.883592405204524,6250.191141775254,14.02253719970102,1,1.1286671166376383,105,0,0,4
518.5845101470072,64,47,-14315,93,531,81.08287479455821,42.160838600845636,489.162374076263,15702.354845353457,94.77287963130878,-3,0.44175017695482777,24,0,0,4
684.5243632539075,55,57,7952,109,118,50.51057432618215,-91.48891452278326,795.6705285721735,8862.185733110971,190.03831194226058,5,1.0228031592070974,67,6,3,4
821.4984588134229,68,104,28504,-115,62,595.4244334900958,-56.32683464613214,22.781012643314988,12008.996668658328,14.673863521232164,8,0.789756920628713,33,3,4,4
168.40881437215816,55,51,527074,93,92,302.42971461127837,-116.50891840646817,45.340665231142864,13006.92057454052,291.78804210838166,22,1.4551637198710954,67,3,0,4
779.5171936072774,59,52,20705,1422,112,70.7416924826382,-28.81428183267508,60.52978663870386,17806.046827016125,111.48573821432939,-4,0.4270775072032774,131,0,0,4
334.6967508879113,59,78,12997,848,78,53.97845541417445,-127.65663183349119,37.7001366962419,17320.878116763597,36.613448525092984,-2,3.155913745622378,89,0,4,4
840.34463890948,56,53,474228,68,93,106.75953981114242,-48.73210410702495,11.148876581072228,3627.0049108075027,37.3902473803712,-5,0.10823102373234725,156,0,3,4
784.8131092285709,99,54,37298,463,121,17.34019730303102,-26.66124490982399,39.23670446874557,1001.6587441070146,48.27348399912514,16,-0.23022648089225023,123,0,0,4
121.29683067136696,60,52,33733,62,115,593.0043389337452,-80.99222641286487,617.223087067289,-9620.34250763317,96.85938138100826,30,1.5364528051251605,163,0,0,4
527.3405961808326,63,53,-1650,-106,6,284.43017219937656,-95.44991362087848,602.4709436641197,18516.504248272788,20.40595319150428,-4,0.7540751524982039,67,0,2,4
377.3467514009046,63,108,29055,89,101,33.62596779502966,48.9284620736921,7.427921525226734,4691.431757547827,70.65486158615379,2,0.7206174327887558,18,0,0,4
631.7392725168946,50,58,562623,522,8,210.67383053759715,-64.65441905453605,453.8232386159459,17198.969166583887,35.722599564923435,24,0.6047372598236769,106,0,0,4
-2.5689339686657604,99,67,14576,-182,751,319.25108372810047,66.08852581268691,706.7576955486736,9738.487990562644,-98.20056552142557,-2,7.28550292575379,57,6,0,4
3.2499605850479156,67,61,34736,116,109,80.17270913219039,262.5352271025593,130.34153633509882,16110.568461836861,170.34722932175634,-11,1.2947968842002977,52,6,0,4
154.9871051088341,61,108,456059,323,48,288.08052142770777,31.585883142650655,27.993934558138456,3763.447503301578,96.16706244108148,-1,1.1683401753370346,22,0,2,4
-2.223666590689902,57,50,16025,-18,75,456.8584947486813,25.124090275866564,45.40500235323102,24831.724589961064,110.07672148049807,7,0.7880919650475957,32,3,0,4
57.458333943516664,58,51,31369,1417,711,285.55990104866214,-35.01586420939047,32.288951329330956,13451.599837456324,60.16952996614901,-13,0.5647512960315777,66,0,5,4
532.2377765846402,66,66,31926,537,-2,253.19314761046923,357.97041042308615,614.4009973049685,-11269.899097202928,117.86191788038892,-6,0.4843666679978019,94,6,2,4
631.5445389133589,67,46,53652,1512,37,136.18362732565987,25.829741552735925,867.6121397041554,5665.849335816098,63.625473578056756,9,0.7885303169801732,-45,0,0,4
145.32313594716823,58,61,11475,1259,128,308.42077639322025,82.88948054194212,795.762264582412,-4102.621376401156,120.52599408193717,-2,0.3946103228652511,30,3,0,4
562.6052177307973,63,67,273564,-88,89,333.2778517514946,-20.984955868264066,42.238671091422226,18579.761078395262,141.6218267091215,17,0.8232233945381771,-32,3,1,4
578.9019250681265,60,45,22572,1528,717,219.27477345118004,110.55180750557588,27.136216533891183,3631.9724304676224,189.21202972727488,-3,0.0848892008430262,98,0,0,4
-55.989314378961296,63,191,372,-248,86,44.901115331597474,-41.79499991397951,9.137896872670517,13608.76768790105,34.00510507387393,1,2.654422684709753,87,0,1,4
543.8283515799692,64,67,20361,1083,43,65.75469700647493,-62.8403557454773,330.16680915295774,16722.29497197207,106.35561008776742,3,0.7175068003420507,2473,3,0,4
90.99765635229389,68,56,6598,926,178,70.03486946361674,587.1262818098323,47.08653587179513,199990.69559723136,125.17543512815422,2,0.7004963366430841,89,3,3,4
651.6976358178661,54,51,9609,-88,69,497.4677438398156,455.47100703592423,35.01519831419976,180959.76669052616,95.01014039455575,25,0.9292667705310771,19,3,0,4
131.3933504927155,57,95,-2396,82,57,-19.431698811679027,-28.751869452894372,270.78049196901674,11501.318319576112,115.07266862040456,3,0.8320681403982148,4690,3,2,4
541.4853540513635,59,57,-1747,-86,-6,-33.82379135326893,212.83655621086152,429.7835666438346,12177.433526258596,326.0060407053765,1,-0.0003444418492515311,-3,3,0,4
135.10818146511798,69,55,24266,158,165,521.02346460796,-82.22554043380723,46.40384277128042,6261.376204798318,223.57584572382285,0,1.6729387044887105,118,3,1,4
663.790176327351,56,102,47191,1606,0,347.81408104986167,1100.7602459799468,22.74321844044987,3587.5276331491636,95.73723493588219,5,0.47090718100153656,29,0,0,4
810.3108057216921,84,42,12531,-222,44,246.62757562793877,493.8257452276373,18.460874695877028,16894.352068074502,62.515033615308944,-1,0.7097608563064857,43,6,0,4
960.023568372268,100,62,40975,105,78,211.90407328620677,22.027346488797875,26.820217895360685,18078.21813895834,339.8106687209096,1,0.49028860000994,0,3,0,4
1345.9604460095686,67,288,-7251,63,142,49.40650606541849,15.163660122226412,482.5302697838437,-3268.2300990836484,1.8620988512119823,-8,0.5539557788532715,28,3,2,4
-103.29292581925563,93,54,8429,519,15,402.7381294158716,9.795316006079682,36.85723453476216,21703.940991109157,51.73775593519972,3,0.800951406551853,80,0,0,4
563.0022492268488,49,214,6691,4130,633,305.4910327216115,-102.1364114719789,12.273251328578194,6538.804074670191,71.2439825660236,2,0.7603292650884315,33,4,5,4
1373.4235708012607,68,92,-1394,131,110,123.95730414682569,-34.39778351988076,541.8272986635911,17054.872166363708,109.44348632493917,-6,0.6341613345639691,5800,0,5,4
550.1873601027512,64,64,20927,1141,58,474.18839015397293,392.06574637819324,18.92432294908171,9431.812487339917,128.37438179524565,-2,1.1118319881241399,9,3,4,4
103.58846353818905,57,46,8203,1221,67,73.35915537831403,45.093175801398885,771.907302076959,2001.5245969976313,282.66704294432776,-2,5.961672460851704,127,0,0,4
501.42020522744207,324,66,419783,19,150,489.07026969516335,-7.041731117532038,30.096536309006645,16338.168986367415,187.04858395306917,3,1.5302857283384812,77,0,0,4
760.844968738912,63,62,-3187,224,19,-16.2067037734718,-57.58012704529416,435.2616808909487,23301.660305404974,98.21855327394813,-3,0.8780720392652925,47,0,0,4
110.53844478806602,60,53,12945,169,498,397.64495789883796,-27.95053805471235,27.215945649888113,10352.103834834517,239.71330517332086,2,0.5433144721429134,-44,0,0,4
1922.0003945747876,67,53,28975,-162,538,72.74753002458556,-41.77287389801813,48.739560191305785,18580.71796268475,43.332693974312,1,0.584577653746193,3,3,7,4
752.1402285366313,65,54,3736,-159,482,334.1718443704752,45.835363283572235,44.310405222533,-7762.76605211564,6.234845794564265,19,0.9472773677261723,135,0,0,4
367.8761367212676,63,52,31765,-347,55,-17.913421631446525,-57.0959476230079,48.141896613287386,15904.940806612813,-12.370214006153745,5,0.870495406614932,-75,0,0,4
658.7473218861911,294,255,22171,-43,3,63.61274428293939,1315.6731633278116,32.632516913725844,-3017.676962930417,74.96571643965905,6,0.6778897854595067,76,4,5,4
449.81832599601876,66,53,15520,301,43,136.82633212666605,176.851784029385,635.21730196703,148121.57652594676,35.791452358216475,3,0.7639884741533185,90,0,4,4
302.50533767210834,55,49,258847,52,428,61.01308052144765,-77.82186113569956,-1.7721782118574407,14614.519285611015,343.4745056022323,8,1.2890497169744668,-117,3,3,4
664.0877479617968,48,86,36074,169,602,157.12075698158756,-23.775384911744617,-2.618922331729824,-9164.002498276914,94.80492272645066,0,0.4954976018378359,56,0,0,4
-7.262547279438138,55,47,50516,126,114,101.68611341613243,290.1717391682703,-0.11228561928603087,6045.0253763318,33.16530532653755,-9,0.4561778183772426,54,0,0,4
625.8064270775426,54,62,-14320,-77,-28,-8.457432365185909,-62.98555045152301,484.80062447959904,4044.867028438276,41.964846394939194,6,1.3801077063129217,75,0,2,4
660.979688761106,62,135,42142,344,632,60.36942057944613,38.55441903352299,163.55386557799574,17221.806699865323,241.7594346008906,-3,0.6348356944108491,6497,0,1,4
634.7524238952076,60,85,17029,12928,91,-30.785546229770574,-66.57415468893105,418.8001218332921,8332.782406080609,116.85072543219053,2,1.5451203110567615,74,3,0,4
124.41092700424491,91,62,36532,-115,134,172.73342714334876,13.379197865975238,14.484739077408763,18244.01922961952,30.4051943074021,-2,1.4456210625173973,-73,6,0,4
94.30037186035521,62,56,20039,777,598,13.1456617599965,-48.50582102058134,53.041468234342496,58944.62854971402,43.906930624967636,5,1.7234715427027605,124,3,2,4
706.4609042261267,58,50,2319,1063,85,88.0397285241955,27.95092273715018,641.6940352824331,5091.361309877578,-44.66646577079189,19,0.8367514444609996,50,0,0,4
818.932010314836,68,55,15226,64,96,103.48345757387841,-8.566308117191658,620.8944848916987,17233.855244551596,34.36152840008878,1,0.9855228092522346,95,0,5,4
568.3404944219244,59,52,25749,-122,80,-1.3237014545861854,6.51976850553857,629.6443393450397,20444.452685874257,199.48773140374567,23,-0.377426230119201,40,0,0,4
685.2879158996511,51,57,9370,-103,130,119.7739594000007,77.13217172144806,689.5409643347908,19835.82067962746,54.62128613063691,-4,-0.49740926015450876,33,6,4,4
266.76731627934265,66,59,28274,2,483,104.91373100528777,-1.150079432973362,31.924596703175183,-16050.803561371766,111.5556154399539,-2,0.3818045604233621,14,6,2,4
572.7300595136923,66,63,-9147,-223,16,416.2607652476625,-79.14014899769616,48.772615250912345,13161.86173790303,90.66872683990192,3,0.7211754432005684,129,3,0,4
84.30579665132842,53,45,-76486,-218,135,263.371671668861,-68.82252194478477,742.0366262055292,21474.179988952994,61.171055897527296,-9,0.47058995050769836,52,3,0,4
135.13008509862743,58,56,430418,92,870,409.8783711482396,18.58101002023048,647.2681678535405,9897.873463699692,298.4650347091419,-12,0.5817713943785767,7007,3,0,4
195.39668445969647,54,44,9218,3039,146,155.47816668286035,-46.43736206240473,743.1008749194687,1407.1697930388632,40.2749834627257,0,0.2483645123931608,22,0,0,4
757.5620204838326,61,55,29179,360,-12,443.7871107283065,7.356016577078529,732.408094967397,18456.740755193987,10.093221673334057,0,0.7906509787830891,-12,0,0,4
769.879504915071,101,68,-1000,-22,633,182.26388040950272,23.86101736765029,34.78563421475516,15440.95124039536,185.92729415215803,-5,0.6741915208155804,95,3,2,4
124.42580262438321,65,104,11102,173,496,1.210985863179289,-11.640016966646026,335.42829532161045,5969.525314192326,124.1550370665199,-5,0.5934132552397889,105,3,5,4
-9.566390166008901,61,64,23096,604,-12,281.1404325847808,609.0903878373352,22.13329070307334,-3886.226014192993,91.75252314182939,21,1.709684639112795,-62,3,1,4
590.5941115320272,86,91,19361,584,782,280.73261061752714,-109.85454121813514,5.236761448622166,7640.6275644319285,60.2661633792998,-3,0.5688459758627917,53,0,0,4
823.2631629366699,51,52,9462,682,17,427.23388022930885,-17.479762940343917,25.975828943839048,18944.597254101507,42.52802238281431,-7,1.7118161561800243,59,0,0,4
490.77996954346025,333,88,20458,7013,-50,195.67224887349448,-54.81033901901806,503.5415256546321,3996.0294011683104,66.66796579690629,4,2.013586298545458,30,0,0,4
705.4861589412869,65,48,4739,32,770,59.66044440639604,-47.07011584308006,627.3985920165663,11695.036942897448,8.075350800237985,9,1.833690982233996,16,0,0,4
515.7284114404373,61,46,38896,-143,392,252.91905367309846,-93.48267664693584,22.013940490947302,-2477.6828815707922,150.22324344088733,29,-0.09980541325593212,43,0,1,4
733.3138842076522,65,70,22428,1564,35,102.07552836995923,-27.451210714071717,35.962725890928056,12128.413305721591,41.52355664247267,5,6.649698981523589,32,0,0,4
537.7331335714111,72,59,651666,1416,528,350.8013294340909,-88.51886114690515,384.29372507756966,13452.682834996489,43.832751831123105,-6,0.22327162923302957,-7,0,0,4
857.5169331877541,65,43,27014,562,413,386.2828249827811,371.08370898907805,-1.1169331140037726,-18450.677241489353,22.864716419687547,32,1.4783845237219495,-83,3,0,4
743.2579500224051,63,93,21000,-99,568,252.15803748318393,-99.41415271626153,886.7860757957335,-5796.658109483652,58.918837650479645,-1,-0.39026151597911624,-15,3,0,4
707.8468552667865,53,46,39301,549,123,619.3080353134746,-30.646094763816127,-27.30198197395285,22456.13716909203,168.58724463541142,18,0.5439633139744855,60,3,0,4
537.3059574827757,66,55,22370,154,762,26.7173185455878,582.3096067477823,7.205321643262781,4155.690352937299,42.47465853703705,-6,-0.23161534927854815,126,0,0,4
612.9689518664038,56,59,37312,223,137,234.71068306924053,-35.065781581398426,336.9208354084001,13691.30644584377,27.43728552461139,2,1.3533229114164578,-30,0,0,4
903.8745428075729,65,71,25107,-210,72,8.940290387577107,10.075682549405943,22.454574880202795,-3896.4120238083733,66.6793178823585,2,1.1214742200379593,18,0,0,4
851.1004723679426,55,66,7966,1152,416,21.419462040367883,-66.20777896113638,429.7919137808028,116238.53079136874,255.69280609205592,-9,0.5572735002280834,44,3,0,4
499.28506403813844,70,47,28026,2560,684,117.21236232749345,-114.63190790872233,-5.95120119944349,147446.1429114979,-0.3332718767417191,-7,1.0787566542954192,-25,0,2,4
649.3465002384225,62,63,39466,-17,-17,125.48904671331533,-69.34506926598827,35.09017713601282,16605.726917958407,24.1243992922627,19,0.6272937671226091,13,3,1,4
107.29331596099462,85,71,16666,-101,746,15.128254229370654,0.9152902389961461,28.43815211139493,-10559.802675126317,222.5815200768409,-3,0.27862290266133505,73,0,2,4
546.3839931266427,64,62,27280,77,1,38.81308399218266,51.87381978058744,661.2917629425657,14741.945690507717,55.901713607875834,-8,1.5057853676730117,69,0,1,4
591.6344574104816,59,291,16339,165,590,125.09220314455897,-32.52819801591957,54.3379342829796,10073.062109457924,-2.8150608456740116,-4,1.5649301545369536,56,0,0,4
153.92780796421977,55,61,31248,3953,370,168.86855218644467,-54.54763854926584,20.045738984404295,-16381.980110473105,61.33675648386754,-6,-0.23511145116495408,-81,0,0,4
-22.099919725923883,54,68,2387,-201,582,80.37742646922023,-26.573967482882722,57.077976820949694,-10105.730339658745,0.8862013665126085,24,2.9689398125069673,-68,3,2,4
510.72595744518105,93,49,25005,924,448,101.93599371354847,332.2454905659872,1.1720124467237816,4644.228454554322,16.877829543157645,5,1.6606022628928407,25,0,0,4
1573.5400454211572,69,56,22308,0,638,89.80127532856145,1.8196569173322246,729.836741800098,6302.430994191578,107.12537975660355,-6,1.6029362887155765,-69,3,0,4
549.0540223566934,54,62,-3236,54,548,393.1155264015529,-31.961282283580385,13.714644095037137,11037.728374721733,125.34580685145613,-1,0.49947596040099557,39,0,0,4
-81.48111411640406,66,56,18335,1740,6,175.59893161309375,446.5800739535474,421.35708312651917,7037.317143259668,69.0804681882239,26,0.8754984270456954,-3,4,4,4
748.7584761477835,69,59,24560,-172,-17,401.40590472169197,-32.486355033704385,765.9939892574012,-10617.89989688059,46.12946060604807,-5,0.9463031034409412,97,0,5,4
385.652418051655,62,66,4374,-2340,556,45.78658474636974,-39.0535734985873,798.865599612878,17700.069133227815,53.53540171002038,2,0.3902324467388134,158,0,0,4
-0.8569399632173429,53,219,495757,1347,666,-28.848557656135156,-90.89723329393355,38.855636464031285,18785.251585459202,129.93242453896676,-7,-0.6655413070992953,133,0,1,4
493.67737324906636,64,62,43919,85,-9,57.64959003891505,-29.838076216059417,13.909381066993978,17157.484212774656,37.08461869086253,15,0.9335503405644597,60,6,2,4
532.4269189374205,56,53,30908,-75,12,531.4744054802218,15.289684844319057,-4.526653764159285,17180.893984931026,29.538456386207166,3,0.8122571590661395,71,0,3,4
850.9519500127972,61,59,33914,687,46,16.76424027691243,436.05490352371544,-0.5187784306496552,2151.926668595648,97.52516159711783,1,0.8150708170858086,-18,0,0,4
567.5516112008258,58,57,38084,144,32,1.0454031806998074,19.05512729576722,17.24171522471233,7938.341932986447,98.62501420785998,7,0.6245264277013967,58,0,0,4
64.84924021934906,62,62,25059,119,632,-10.351946355879093,-77.75705187960568,880.5130486207897,21282.361734677754,279.8862888700156,12,1.1166358295941938,50,0,1,4
112.12003123928545,66,58,725198,-36,57,98.14982765218606,278.0868457483771,454.26960045287944,11926.968669380838,57.9821666622949,3,2.2411489940382765,-5,0,0,4
148.51138157758126,63,58,18581,-169,26,1440.8923389874972,-109.63215450774028,17.213823972770047,21686.58623140077,4.625298546998977,-1,0.538179041599886,75,0,0,4
504.8752960735428,47,226,85,381,610,77.29805671679337,-31.94694637597928,18.392814093977687,1182.2919353591906,110.48059261975014,2,0.9986838535419317,37,0,0,4
752.5518148487854,59,76,-15765,2480,772,590.1168841245676,-26.705453400255067,27.627057964374114,10025.413370521997,155.88669670960905,23,1.412268452757385,74,3,7,4
68.23828964676677,59,56,36273,619,573,18.361801165682934,334.54180298411984,857.3303868757866,22273.840465242683,33.027224575132735,24,1.6335219654904067,5,0,0,4
516.6222036109364,61,49,371897,2226,53,297.4634094676596,-89.04979242660781,435.0712716721827,8392.943155899036,370.2962182332027,-7,1.1631803021519982,93,0,0,4
545.6601507122814,49,59,557228,-75,638,121.20683903520177,348.05009976247226,-22.070878475404484,-6214.945810072461,38.48260004442479,7,0.22259897166780018,108,3,0,4
148.02830640000462,58,55,24967,252,95,713.9046360888535,338.19290878792805,30.896275097082444,-852.3254542858458,100.3998687199433,3,1.2881330881568045,11,0,5,4
867.0285699126678,100,51,6336,-405,571,241.14592420170067,-37.43377270263389,43.35710890044213,-4796.006216347819,621.9172895236426,7,0.08929334279737544,46,0,0,4
727.2225355914527,60,94,6171,118,72,232.0194535733129,-32.553446252033496,728.8096014722491,-4902.850938734512,116.20182428323756,2,0.8399836635198896,133,0,0,4
724.9788339924933,66,282,30394,-224,28,32.348428181169695,15.65262971291669,31.357941989968175,8631.17069231842,336.8879849601844,-3,1.296489705953284,93,3,2,4
717.599401715349,67,65,31935,-84,31,48.632416833120786,-6.717888500685207,834.5932057560424,12129.829715168224,90.44098085114848,-2,1.0183573275434166,22,4,0,4
614.4073242447818,66,54,690693,672,9,59.11358998928482,26.59830999009337,470.8522492441292,11678.698183064807,46.20590043786258,22,0.7012425294587581,61,0,1,4
762.8399152990264,57,233,576361,1230,37,71.00147215090821,-67.50275839436827,756.3137702672608,12535.557324197714,257.60576642049404,13,1.2212793676212104,-80,3,0,4
206.28799167373822,46,59,-2881,1254,740,122.03574728883146,197.77798392310277,60.976787272882,15487.894533335326,50.645148695019145,5,0.9795994163906817,28,0,0,4
29.15142245505399,62,101,44948,1230,12,468.89440578999194,-80.99896709687751,25.483060261764304,12387.140156934136,68.01195858827441,34,2.222911605486903,-8,0,0,4
215.43646372146736,97,45,11239,1108,545,27.25695219018651,583.3642629088305,795.6343501456372,94730.23040968695,40.94052250145181,-3,0.5207084220798543,108,0,0,4
10.954466345273175,65,42,40983,516,450,124.74436835068855,9.22255280018706,37.95361209653536,8181.715678241149,16.04396543920319,30,0.6195564727231035,-79,0,0,4
649.5988061606008,66,47,26033,-34,101,34.52628976904498,-54.82765159073284,636.0324565145158,691.8244980588097,305.1069235908402,0,0.5219852558231527,122,0,0,4
211.00558292471715,62,65,10465,1727,18,101.56488874254325,482.08876848513944,42.282698661538014,-5502.776401437898,470.35863461749756,-6,0.9857397638440887,34,6,1,4
132.1328149744114,63,64,30656,26,116,253.20096277815077,18.940298253957998,800.7543474678903,9925.434332322782,243.54459515990112,3,0.7287975006803548,102,0,0,4
535.0008907419976,65,68,32760,283,2,134.58961143452,-82.47235586352402,781.3786101530047,-14794.57055441989,91.09443715418949,4,1.2464738762217527,-14,0,0,4
470.1711578924991,63,70,313393,95,735,259.3189803379574,-53.52738388606561,809.8092736531216,10004.07185567668,-8.77284565126594,19,0.9925118791985377,-9,3,0,4
608.1514366087237,269,57,14704,-11,481,105.7805109496792,-81.50397839827741,724.6285033156092,5812.951575389447,112.77412756730244,25,-0.0009566017450587938,130,3,2,4
805.7917396703361,64,57,6835,-117,12,251.86532488505208,601.5928709118315,248.6759505911141,-6917.276808738815,94.56785791982776,2,0.6776084875399101,-92,0,1,4
362.7375169817869,58,57,25470,56,47,256.1322970967791,32.19824728522146,1.528316337113603,17337.512454527503,512.0454831895313,15,0.7113163063154526,114,0,0,4
619.9595778557976,58,54,12928,-1,99,249.03487933144646,-89.8124579950875,782.2659115626958,20852.72541794391,49.77082038561686,-6,1.0979367361382049,74,6,5,4
627.928770725223,69,62,27921,132,98,191.30504400973933,492.0828583630618,715.0019369920194,24651.236034843256,6.551237024810007,6,0.7726998336637962,6140,3,0,4
687.1401059795562,66,60,23788,-661,712,138.78493631167782,24.40754695326134,9.254847312744548,13087.064757136064,49.911657928502095,-5,0.24164244261927192,111,0,0,4
891.6296751161191,62,62,619,-219,66,208.69952756548565,69.78954305944384,623.6285509823247,5039.048449712231,132.35364113810493,21,0.4982439481107032,74,3,0,4
505.8514172158983,62,93,348275,1592,67,34.3968716671375,116.76699817724352,41.95486517427398,17553.229169805476,50.70700734419174,-15,0.40858330312207936,76,0,3,4
216.04563153405473,67,61,262177,-142,115,118.49228395557165,11.014188962070989,608.5582489164386,13218.67418091606,12.99272987042572,-1,1.4390863599638353,-15,0,0,4
4.086389795441434,67,58,36605,94,80,437.7002959808061,-91.51977829005108,1.0211638906272436,11630.45277081163,271.41441520690734,22,3.178753685150025,19,0,0,4
158.0451881326479,56,50,-6011,-7,761,52.475890186550004,-59.99278916361891,758.3991295712931,17080.028607041917,37.921422994287525,-3,1.4422981232499377,75,0,0,4
759.7097516300347,65,46,542362,-47,59,221.42615475468511,32.863633797201075,-28.2366450998436,5109.097168065342,60.43564073647136,6,0.6576972006849625,23,0,0,4
834.649478710684,98,57,28627,673,154,156.6133926237216,-9.980328355948549,8.73702947081699,-2999.091022612328,26.856490188999885,0,0.7972209105562484,98,3,0,4
533.5150290268441,49,95,16827,111,385,120.26496726023481,-112.16616755896658,680.2509983718555,-3352.4303991039988,-139.50594922975404,1,0.721758826860572,122,3,0,4
834.2024128387624,63,301,-1838,-230,614,57.69947455432242,-31.727678944643774,39.006857879193014,-4297.170770761306,51.553891677167364,-11,0.4360241055805051,-13,0,0,4
694.4084216618446,65,78,12309,297,64,443.81729783467927,63.47828437699448,1.7317286128094647,3200.1821757699004,121.83305491161944,0,-0.23099012663290514,24,3,0,4
371.3777148297975,65,89,13026,226,558,100.45044470808196,-68.01757348066502,807.1711583894245,15168.292027814598,69.17013760442717,2,4.531341728072879,32,6,4,4
1334.0199884149365,67,46,27551,112,824,394.93996641889817,-16.581029699084638,48.53115683113255,3545.093295340449,304.1424542455406,5,0.7156221144096786,135,0,0,4
-54.98370060178823,107,49,37156,20277,119,235.8139061760721,-60.31907311123058,684.9153005130987,4883.361937333039,86.95227714367613,15,0.3232570229489564,78,3,0,4
581.8696848578458,61,57,13470,1735,106,46.841125793858765,348.4808732413955,239.89510286015513,20020.456784276812,85.17456346533763,16,1.6145727177351534,80,6,2,4
410.80124335005155,156,59,37254,-125,50,350.51127246718187,-17.935147817768186,315.0771654282748,6711.186306497017,101.12115658079425,4,1.3725793049345456,63,3,0,4
108.17862025757256,66,43,6184,5772,98,59.15064899284268,23.334541084218422,44.39922234266105,6084.658238823709,41.62176151790424,-4,0.4325617958701624,55,3,0,4
360.3451012394121,62,50,4170,-149,91,107.74332803042597,-59.938216623093936,116.31437230107849,8417.595537678455,31.50896605062553,3,0.6137454857859584,131,4,0,4
608.9948786147792,67,89,30691,-58,147,251.95059643852878,510.6325550831251,58.68902905757749,25788.33931237715,0.24305497790393815,20,0.5200075117721319,86,3,0,4
611.6031010383082,111,102,12353,-264,94,264.78798219621035,-62.941037730163316,237.9019980507424,11036.716315885074,104.38995592241433,-1,-0.42588345699751967,96,0,0,4
861.9850860898783,99,62,-412,991,474,45.084119412182794,-34.46716415145836,533.0867438057943,16886.96025516937,67.58315524953335,-2,0.6665581065362243,-28,0,0,4
698.9805074261787,67,48,41375,-292,44,287.49621040993344,495.69123298620775,793.8296286361704,8615.226824601952,24.696880707516463,3,3.8080376731131347,91,0,0,4
113.95835873678996,59,83,27833,76,-29,100.94306976914561,-57.23494164458894,677.9575081198064,15435.535464486722,31.889925825921956,14,0.3339240208060071,54,3,3,4
184.53054430981348,68,61,354045,157,490,242.88874795157673,-40.08665548194219,478.7844348843343,9458.72032578686,107.77344515892912,-7,0.4627329643279021,48,0,1,4
509.4415037061927,101,53,6589,1103,26,427.21795821463627,20.338936652142536,31.379076710413795,8441.91056651232,39.20742517356655,49,0.8306410633098442,-90,0,2,4
645.8633246521206,77,210,35151,-211,99,71.94275426059076,13.519673976832891,7.90562484258003,7510.485389502744,65.0467731001053,6,0.5024735298911159,-22,6,0,4
724.2013632565587,122,56,7668,-15,553,74.99857491252672,-24.320721610423178,225.6064892445017,18146.93252000373,83.91217028814236,3,1.1867019094562143,72,0,0,4
179.32584621715444,279,51,15560,-207,67,248.6416910836902,-40.430253470183104,506.53290836660267,15074.726242516066,54.77415574520829,-7,-0.6710577284414025,55,0,0,4
622.732546226692,68,62,7687,-52,39,369.1889876974535,719.3272094908151,24.684585245224117,16733.460723903627,29.874439929173462,-2,0.40108266994959785,-29,0,5,4
