bwd_seg_size_avg,pkt_len_min,fwd_pkt_len_min,totlen_bwd_pkts,fwd_pkt_len_max,bwd_pkt_len_min,pkt_len_mean,fwd_pkt_len_std,bwd_pkt_len_std,flow_byts_s,fwd_pkt_len_mean,psh_flag_cnt,down_up_ratio,fwd_act_data_pkts,syn_flag_cnt,fin_flag_cnt,Label
1376.736870719324,64,60,251587,-341,63,356.6115038046408,-21.55586197259584,36.98512693464252,51500.47678584465,272.658740580521,9,3.9444830723836177,-58,0,2,7
758.9078094403421,66,103,15639,1535,51,1399.0360620019062,103.08480109883092,87.32530516972007,36031.370745885244,59.774177554527405,33,1.6384259108030816,-60,3,0,7
70.43081440246962,52,85,59067,803,50,344.71784462400547,152.70412934686306,1.339108658708172,54432.78098656445,53.52273298547881,5,2.191105738919872,-42,3,0,7
465.09704867137225,54,55,-36534,772,45,510.75785071212704,-65.06953250364114,434.14937786002247,28514.568713224093,17.55824070243679,16,2.196744140414205,31,3,1,7
627.4840428455154,71,94,78165,-209,-43,134.46420835914742,5.31389647101539,30.438253004218154,45060.21882786981,191.92290106131958,18,1.27674412168025,-50,0,0,7
1305.216117889942,54,76,67115,326,57,974.297599267443,155.1208582254639,403.6386185507479,32023.84760755932,231.59645218062192,203,0.284648345761901,32,0,0,7
377.9915911961165,51,57,-26925,509,49,202.33565500943115,-92.35482535180186,39.601545569596084,38307.35988582601,81.87311905724552,174,0.4991874454604154,-10,0,1,7
1867.625084770021,59,65,66675,-381,63,191.19720183169414,-63.31163678199131,23.52998454192717,45414.064833883764,-25.29955396060467,-17,0.5104305376203147,-17,0,3,7
801.3614179462089,56,68,11685,708,-48,1447.4392281830728,58.78024372125965,16.987098662902234,42055.925590869476,265.76872811357316,-4,0.7077581505135556,-36,0,0,7
66.88268025572216,88,60,-7719,1566,50,400.2863005491727,262.8534578026166,678.749991358574,45627.54431324204,-4.050044012436274,4,2.1943466836524586,-25,3,0,7
557.5630489208049,68,89,4443580,1356,62,381.6844596472798,79.03820068061657,532.03269335975,44319.44113519472,-11.601694715623125,-16,1.1754695334784417,-17,3,2,7
462.0116769042517,62,77,8541,504,49,1316.554165400522,-151.0189946897048,-26.538133588727362,15444.298067584215,1309.3489082127699,27,1.8331280669718462,8,3,0,7
1266.6142828408333,94,64,24004,789,55,674.6505984233801,-78.29098249341956,415.76558149322875,41806.989571918035,67.36910908605667,16,1.3825568186155166,-15,3,2,7
9.502217947126468,52,72,10424,470,52,187.99213725043796,-30.69954362045424,-56.52531129460876,45853.66211808103,17.560299726505377,24,1.6430202807579966,-75,3,0,7
231.67367906200724,74,52,66463,1380,62,1431.654330324733,397.04177050767055,483.8179489759484,7197.0879830029035,135.70753171377396,-10,13.04867535915762,-30,3,0,7
300.0656616975048,89,63,32396,1231,59,389.4998743973457,45.2701405257376,485.7325251096212,54148.24872041266,-8.874319295874542,18,1.9546434687770615,-24,0,3,7
157.937474210963,65,54,103652,1591,133,847.4057138393796,-132.76803153430762,27.79783469505478,-1057.6939411101448,193.63161244965386,-10,1.1342389520716685,-44,0,0,7
420.6498166668712,79,67,-17766,316,-38,61.74749451309255,-132.59722348324698,482.8698798345696,50767.76668618803,122.92187759344253,9,12.799616225282579,29,0,0,7
42.70165392791887,54,71,28328,318,-45,442.16234786431863,372.6772278076372,342.0884445041907,188527.20103464427,97.34957407163469,21,4.564650135304285,-50,0,3,7
132.36426119331355,54,49,51603,2638,45,39.17862906152783,-154.29692112773404,520.1191924123232,45704.5815900751,203.459118208485,30,0.8150592666090685,57,0,1,7
555.8497709582366,56,67,3463095,1022,71,972.6435334731091,-593.0331859875012,487.6852310884242,19960.24429593847,665.485983750305,26,2.2869568429195093,-25,3,2,7
654.8186323047223,53,69,19354,1604,43,227.72749355033207,-174.9087482898824,660.9362079825581,65315.9326906478,119.0667927363853,20,9.881393676220766,-13,3,0,7
1217.1452578246228,51,76,20894,1613,51,485.20991102574646,6.350304675543661,-54.28391611550878,8403.811397554582,1099.5362220822672,197,1.6140943239914325,8,5,1,7
127.55423828812181,56,66,40471,-46,67,1273.983493404265,-4.787379914247936,266.88153122344625,29703.492961581513,57.49143852403648,-22,0.33761904604989473,-45,0,0,7
1145.2077716079887,84,75,9549,-427,60,109.87077577089826,173.36516961979993,574.6929926214121,18423.48980942915,50.55616917537642,23,0.7294297776571425,1028,4,3,7
371.1826035162294,53,59,1841521,1840,42,125.18016383705634,-70.80124116841719,569.4688587061115,-2648.5507198027262,21.68499831533518,10,0.6768886855709129,-40,0,2,7
1625.9221554719347,68,92,-9384,430,55,937.8916041421894,58.8194119579818,402.35358832642885,36429.92318620156,63.96653665695253,27,2.045525223645632,-53,3,0,7
535.3739238636442,53,75,15653,-233,59,476.4487739516421,46.271857624224694,-63.543290421581354,-14894.919210377688,-245.53880518398392,16,12.093522158126328,7,0,2,7
629.9367323021587,81,50,3776637,275,49,1286.978274706068,31.78413043649588,56.37043558273767,61987.73466452472,322.0181318593492,3,10.240382053946592,-48,0,0,7
213.13179403551908,62,57,92713,932,50,58.9922200637638,151.1403049591068,-63.067641169070605,62744.03241272744,286.8039612571822,35,2.3106939715421855,988,3,3,7
208.6478890847515,52,76,-29324,183,43,75.2872996167184,-85.76722776094012,616.3749458752505,27094.18649313177,459.52904055314326,-1,1.948409576251342,-4,0,1,7
1268.4733351536008,54,82,46736,859,56,115.76694877371928,69.85030337807063,561.215235619143,-9756.362902777204,68.63129009303333,-3,0.981276339098885,24,0,0,7
334.6848278264136,80,78,-34132,-399,57,291.67184476843545,62.05344614780893,379.37017765844814,628133.0315404683,-17.8374806723712,22,8.623878534553402,-39,3,0,7
803.5373675649483,61,76,63615,545,67,104.88616666833465,-136.64830782200045,437.36075274874605,111537.66654969883,238.951276496015,0,10.777352327401546,2981,5,1,7
463.50607584119757,69,78,-26490,-436,65,636.6529223550363,-82.03371165721302,69.66445148623835,14422.3134625868,56.7919443884159,204,0.8351684573574338,-35,3,0,7
805.202082420895,81,80,-30543,918,61,116.81301049086368,-155.18645890513994,29.181645062388853,6823.762149132016,135.79668399499928,24,7.045149433382397,48,0,0,7
559.3243434381782,57,62,49013,732,43,282.4606285672573,-110.42677665901954,118.76687662734248,35944.0180431896,898.9524538493839,13,1.2107760463934105,31,3,0,7
264.291237744059,55,53,84429,-246,47,1140.490655463541,-50.94142741439701,-37.326667785444045,68656.45834921469,90.55345529202268,28,1.206574213935674,-56,0,0,7
301.26335662452635,52,84,29008,-22,58,692.6033553150103,-99.41076808961694,431.1450143920939,48217.89433606479,47.833788884289675,-6,1.8997147287940361,-754,5,1,7
896.5601118235121,52,80,-24038,550,53,97.26736238171209,-96.19393638186557,-85.7345964460201,30168.976814279093,112.81814163812054,786,7.468111382482621,-51,3,0,7
340.4689267936599,53,71,45245,1322,50,585.4919357832989,265.0684362988179,189.06911345862076,49544.07401033259,8.310458374208466,31,1.0902080766719051,-38,0,0,7
1624.7312441214194,80,62,66989,519,61,1451.5587805574303,17.087932334363195,485.30693303914154,4529.270613287638,118.21995996362689,8,1.2021152037170324,-18,3,2,7
519.6819479751808,54,58,3285542,1558,-62,160.9623112986703,-487.7563728434393,60.49310366688689,42411.112372874864,294.2248443241584,24,0.7942760888059075,63,3,0,7
1126.4522008587073,53,85,-47122,509,52,580.7489450683356,-56.364208587322025,795.1055956735493,63942.98224579222,72.08145965568986,-1,2.247589536449662,-42,5,3,7
350.39503212554615,82,60,77161,206,51,580.1770725099357,50.998323022169345,-30.40265206301273,27332.302470684186,179.23878633597315,38,1.6093557577595976,15,0,1,7
179.95016226665973,69,79,-3535,1166,53,133.66016653697295,-189.81776843459033,575.5732784771003,33455.85266649499,59.74981175919413,-1,2.0546003508900013,60,0,0,7
251.38600945427544,67,80,50122,1079,53,1411.3619958067877,-20.41656725094018,-49.04582113150682,3973.9678015897953,-18.100626776681793,30,2.0480454738942897,-11,0,1,7
18.620834178736317,53,63,39912,1611,58,59.5096554572975,1190.79991457966,30.233015305844773,12923.433551998894,80.87515476892082,2,6.45975911458471,11,3,2,7
512.9264168860881,52,53,9777,-315,57,475.6656028657932,104.09117791276762,-42.03225370935221,25986.832720682658,-8.134222909372951,8,7.622014076085016,-23,0,0,7
965.168477401503,60,54,1858870,1031,54,1190.3054283382023,-78.54561977638103,-68.91581783674862,61284.14630280965,115.11169221793342,-11,2.193113469811009,-38,0,2,7
232.04895533757656,51,73,32677,767,124,339.13111954806976,-82.54100815300129,-61.17342120794084,-2750.962651441074,101.48962499181864,-2,0.6981242340060546,-60,3,2,7
241.02656123548928,53,52,17194,26,98,269.101526495217,17.05622154428509,-47.319739026351705,29684.813845980738,-6.224270413241982,-1,1.9630592982809576,4,5,2,7
375.005396629413,56,56,46191,-652,66,1253.3348131565865,133.31566670491245,-20.04614126623867,12087.428639001551,738.1558227962894,12,0.9837285078184677,-25,0,0,7
1317.5948229051876,54,49,70285,775,0,350.07897915701443,-179.33930463945475,378.21265200294175,51430.944101224944,-19.91307914761829,23,11.47251619035141,15,0,3,7
317.88956634886597,53,84,68927,2364,52,125.78349545719374,-53.45147348275151,558.7406928569903,5567.8371558867775,160.58273310416183,12,0.641041565722796,3593,3,2,7
505.48998815656796,54,57,-9365,-522,57,166.75730923196375,-39.715020329934134,-32.317949592690525,66398.72920205313,-22.010842677918916,-15,0.38539572529186683,-21,3,0,7
782.817403398374,68,88,2440,544,53,239.59880252136017,-49.1872366420108,-79.43859540763042,26.752996729424922,154.96243469960865,34,2.3938583278987693,-55,3,0,7
155.56866848434692,55,67,28199,-266,47,346.83462689850364,-23.736992991797404,641.0308344098381,744255.923419928,171.03660808307842,29,11.213487243774075,-55,0,1,7
97.38271044932976,52,67,-9637,871,51,146.2625905723209,35.71284922109909,-32.170868544300035,24715.054563100093,46.100982300299904,28,12.516954890458946,34,3,1,7
433.79372601476103,52,92,2269,-227,57,186.68630583720383,554.5018544065575,412.14888498968503,226125.27350535797,88.64071791215045,36,2.1025629130762957,-27,3,3,7
162.18108307103182,64,98,20855,1093,-58,81.7247926234932,-127.4871931325865,-30.484214104615255,27804.013737842775,295.4942591272906,27,1.7454667147478657,-24,5,0,7
323.51911485839156,101,93,-48527,-29,44,-10.620317344698407,-59.94212616916529,-7.348750049158946,-10904.00459580262,3.1278321894173757,2,0.1680204403265011,-34,3,0,7
1589.7494423743315,68,56,3735,-377,45,78.26837063389715,-162.07247608494276,578.8450746359039,69887.13223505355,108.02224662075021,21,2.2778562388956125,-78,3,3,7
1129.3985164641444,68,87,27710,2598,86,149.65943781801974,-92.80410560582992,-36.87864546773505,31831.368058231787,134.83672236324236,25,0.8602248126425316,-14,0,0,7
1357.8060368230956,65,51,-12697,223,60,550.4985486110037,-103.5251332661008,574.8411395139557,27488.200521402418,115.46522054540691,-7,1.5306513870839344,21,0,3,7
396.1085467025797,69,50,5832,411,51,239.5829787908823,-121.84069830087344,-41.77137379511487,37444.81137456933,562.7904803705819,295,15.145174788652554,-42,0,0,7
1303.4480574808215,76,84,51308,1422,13,11.560679885753913,-19.686280391385765,347.4478363160681,3035.66179773761,39.022443021667456,-15,0.6446748901571925,-27,3,2,7
154.54400292873987,53,103,50050,1296,43,1481.3512409495536,-76.14814482559042,483.59198443606067,48456.811025873365,62.201193561121855,28,1.6384209761115516,-17,0,0,7
257.57498524260603,54,51,4105,1800,57,1407.935303212784,-58.565497875225944,463.5656881163418,21433.404192430913,1640.6008482379505,14,8.342441950497058,-15,3,0,7
133.3536269689627,53,55,-53847,1115,50,1582.642591947716,2511.111745574738,-59.912623444094685,5215.4408769459915,1112.6168021026087,9,2.1584840998582098,3,4,2,7
1404.0366947015405,52,79,41564,-210,68,38.97518618189791,-82.70143169534566,548.6586699604217,11604.695590484902,246.755781732419,-13,1.3714717800349154,-16,3,3,7
1840.176357344636,54,80,-47401,-73,164,498.69487949451195,-9.868230547156525,-53.42959726286842,-17815.673553839988,49.683114415091964,11,16.260221673420656,46,0,0,7
258.292058032966,54,87,2052933,-240,51,453.2388062247285,-168.59376497399424,85.17685163553251,11086.567837244427,392.86148973833076,325,2.006256096051868,498,3,2,7
138.32240941751172,51,72,2376202,933,53,114.54199972421299,-61.66390053741961,383.50430063254805,32776.69645453368,23.50139517695817,15,0.8941452293281902,2204,3,3,7
63.22065765275018,60,94,20965,1411,116,338.3416787514816,-45.859119517774715,-4.538317611913035,-4981.214231530856,49.93190671893216,15,7.90194699327857,65,0,0,7
135.35365252681873,53,71,58780,1232,33,1100.9319244013154,-138.18515425041946,492.46127126915695,32282.36538803531,103.59938181099125,3,0.9730878496861777,-24,3,2,7
371.9261809920926,55,55,37604,888,56,53.96188105476276,898.4768836070461,-54.2205225123949,1734.672239122312,1270.3399654520044,20,8.446530310314436,-55,3,2,7
124.01239840383329,52,66,31981,579,56,90.90968009312516,-196.7575416133596,491.34550664112555,43041.56275962934,161.78217730457078,-18,0.39430852413694983,-18,3,0,7
691.7369786756493,52,77,-37970,1355,69,74.90204693726295,-102.79555496141899,43.488760967609714,31046.384376414437,9.599312438592904,28,2.1562613082245754,-42,3,2,7
232.0551883653602,52,72,68499,615,76,160.83779728155903,-66.84849394297255,-58.0566815100621,38072.5885500936,44.64981900393826,26,14.204373545988936,1130,0,0,7
316.59314766594815,56,50,100322,-409,56,295.289788376069,12.748835738480992,534.7347623705055,68387.01450463996,1533.5284145082494,12,8.970131121725231,-6,0,0,7
348.94177361681034,54,50,-17604,-451,56,241.3864214525518,595.5277810982113,38.295488904558425,32395.73883197125,81.43912875994997,11,8.765105147571344,-70,0,2,7
145.0809221864727,52,49,-88946,-243,52,866.9157297311708,-65.44294878630018,-9.244681492246047,4109.664549345281,134.83274696986194,22,1.7753312383674258,-25,4,2,7
34.92404654473877,53,54,119874,-165,62,619.5785319454454,-153.94707349562665,665.5823811384948,31227.068016280755,45.99321648811133,7,1.9734099859057208,-19,0,0,7
528.5975212719444,53,49,-29918,708,-54,808.82712104509,0.9051628051446059,458.3424729339236,26967.006696444754,639.3170574441579,10,1.551861781502803,-156,4,0,7
1625.7576125459245,54,53,68334,607,94,-42.227590334006436,-77.66032709484595,410.0750666840819,12820.4572511507,-32.9293842983775,26,1.6630368241073878,8,4,2,7
610.1143217957328,84,78,27080,989,62,573.442688684226,-108.35138124010598,80.13984734737504,60639.00993579437,153.2064427755721,21,1.340300596002295,-43,4,3,7
218.8460149438519,66,81,7665,1572,55,497.74186142126507,-88.00787000316954,-51.58545793678416,21753.23348128108,189.93935975117057,0,2.230846645975966,-7,0,3,7
120.02393138800169,53,50,9071,-84,52,3.6004597462887773,-227.4612935308745,-34.14972057456155,564100.6063138603,230.6489496519402,-1,0.9206369560327314,645,4,3,7
1629.0675400467628,59,64,4163,79,67,86.35207280805108,-188.35763803979395,71.8644432453691,775421.7577426924,168.06836898075147,-7,0.17776880868392309,-11,4,2,7
231.89226883127537,54,56,182275,547,-13,1639.986934745745,155.85583892315708,-58.36047150382819,315505.5313066965,17.751105826150322,26,12.947700544027445,-47,0,0,7
113.1352743543479,73,54,49525,2298,54,295.1185237449195,-151.30466107770846,393.65175878997866,37460.46279695149,86.02029134802919,18,1.4189730059432806,38,0,0,7
958.2818026070204,84,47,59434,449,49,1166.4011610083328,44.594170652725495,-28.250632833284065,1292368.0322130008,126.9571305091415,34,2.132094746678513,-38,0,2,7
251.81862839518425,53,50,51786,-687,49,249.5100210161078,-45.53085492686006,607.2803944892247,19427.460473851093,-4.7937590779212655,17,15.151280750805071,600,3,0,7
511.4179072696003,53,75,1028776,856,62,1454.1823744154103,13.600277964680492,444.1977392526871,33867.50217368879,1179.29476909429,266,1.0284308455471276,-17,3,2,7
163.4522262983269,66,56,-28543,27,102,372.26175334333675,-42.977353683569774,27.612888243723624,30520.3039129872,578.6192081330394,15,0.8460272532419106,-25,0,0,7
64.78280699013462,56,59,104141,-547,54,314.44179947524515,-105.91055762216129,486.2073495961486,56604.14581022159,101.95729082300495,-7,0.17498793786631595,-36,3,0,7
174.908331977072,53,50,15527,1321,-31,1119.6801410072026,-32.80993825720604,516.1407752177093,-3143.9716190151867,86.42460397425546,10,9.172055232600558,-5,0,0,7
883.7611190391701,52,54,61977,831,56,1365.5237620163139,77.27133928605676,159.69162304845668,28040.971393368374,211.25478700691372,36,5.559505748589359,1438,0,2,7
377.2900690788881,51,59,75442,598,61,162.57850845999593,-72.22387321635458,706.1973841325832,10467.966141276645,163.8850380183453,19,2.011611039683891,10,3,3,7
571.4984642648203,51,85,60563,1189,59,8.486884654822788,-176.11697256554817,-15.767067865810139,60950.28265500089,14.735465294766342,17,0.058094391100235176,80,0,0,7
80.4913868357973,52,77,2998,1044,134,308.6689194598896,138.63485436097056,435.07304953930173,25067.739119304977,235.5451142514217,14,7.222583448582116,-41,0,0,7
449.213982259669,54,50,77990,873,53,164.10259822464926,-145.41360916380248,-52.429162746656566,45420.10353881565,112.03383823746853,21,1.9038823626918662,1458,0,1,7
176.8378868410858,101,54,-36589,543,51,49.83091176147861,286.1945043631571,-22.762085366765383,30011.33450365909,94.14986855007157,17,9.589790672369038,-22,5,0,7
407.12445364590883,84,55,40900,1558,67,352.4988949891056,-125.85424625427447,379.14342077221215,17510.843609864103,73.74143991388804,5,2.03787794365748,-2,0,0,7
499.21935056920574,55,59,290,1320,43,427.99886650780434,-134.38244605860294,77.19075243257953,746689.9602327284,-6.229834784406862,34,0.28964566770832795,-5,0,2,7
172.56002358880468,70,68,-20383,890,64,180.5594818616738,-141.3905211562401,-72.51431570075076,16477.82001871013,-46.23630158309237,3,2.086019646622344,-7,0,3,7
223.67824985154147,82,57,118062,1287,128,259.40245031364634,31.110803931433054,529.1953278220262,37889.3693214161,1173.7730805346964,0,2.1703855429863705,-26,3,0,7
44.82437028374488,67,58,-25394,561,41,675.237649798112,179.67948431961796,-21.624911357280475,60262.9837832471,144.20458986413277,1048,14.40435494875063,-30,0,1,7
396.37209068220676,60,64,81033,530,69,1311.112838764746,-118.32595671999346,-80.88921585419182,53793.47480566436,-74.37675244983865,9,0.44055648184700774,-1,0,0,7
158.14048596695503,75,59,61771,1243,14,173.38279505365654,-39.12449554196738,-12.896926896533591,29135.42306403363,1393.038382311962,154,10.833574048610458,3708,4,0,7
217.0683975355733,53,57,66187,735,-9,660.1147508697978,82.02329427847312,-62.56344559126705,5113.002880455555,-81.52604793299042,-3,0.9217973401390116,424,3,0,7
489.2908400078521,73,75,3011403,917,63,396.67023408944465,-152.2872410101327,480.4855322496297,18566.300176616656,6.1799372615834045,23,1.5173572133416076,-16,0,2,7
208.6491114170429,53,48,12386,1824,54,1373.344831841171,-26.711072853577207,474.389771167074,69458.71781499637,498.3969984779424,-25,1.2143811254568107,5,4,0,7
568.7165302311886,55,67,-21535,1408,54,205.7873952648037,95.93678999143026,-96.45301495973594,36095.840593635265,23.08941574441826,5,17.01172586880561,1508,4,0,7
299.9018015336638,55,96,89586,1521,52,463.08331923113326,182.9635148299267,-89.11286200550869,19458.69711389111,1064.4305023208508,36,1.2379045417701398,-77,0,0,7
647.7504493066708,83,53,-8429,1414,67,1391.3671446745711,-133.26011270118383,3.545628013661778,-890.8403117620346,39.8890787785997,7,8.867779338087503,-16,3,2,7
-19.752536965869496,52,64,16293,589,50,210.62059127932562,-35.192003814293486,538.7305586710386,297001.5636383807,13.287412277678001,23,1.5217604500699324,-54,0,0,7
1296.629147191261,78,78,3866525,803,271,538.7822803666265,-94.98803245430123,372.8793347052508,5881.699157499782,-46.343436858423104,33,1.3405026314543582,-47,5,1,7
31.537952034034802,53,62,-28853,1115,52,420.020128315125,94.52458809840131,461.5918804473666,25568.193662752783,23.00436022173873,3,0.7687370769368148,-36,4,0,7
516.9633037186858,98,53,71446,458,52,88.93035189279244,760.6389482953978,-30.578780294948892,39573.421500048506,-52.550966691672045,18,1.2325124158112388,6,3,0,7
559.2365180283573,72,72,205806,2093,49,1011.1309847120755,-75.20068963803288,-58.57264336412725,61517.3245547824,-20.66159234534564,38,0.9046731141726264,-2,0,1,7
-45.356774818153454,54,60,25546,920,69,892.1340374371093,-103.47630705588756,586.1436053182521,59150.58177024547,294.33700736833407,28,1.2636314986821229,-42,4,2,7
37.397548633613965,58,61,26099,1054,84,434.61159939410163,-20.727528131177063,299.2992528523513,46102.06641404986,1509.8755924260963,21,1.1598668134921113,-19,0,3,7
243.872443272395,55,85,18103,-264,47,567.6338012250934,-205.16181200597518,529.7202621388093,65913.47672293746,369.5825906073518,24,2.094134345182636,171,3,2,7
524.8308753323928,53,63,10409,1018,51,188.21524117449601,-139.62010316254123,468.23586499171415,243632.21137704808,72.52045088494486,18,1.6358388126982317,-47,0,1,7
423.5625097932579,54,90,-24319,917,162,300.3854154140222,-35.31492140208019,483.44194417601614,41991.355654087434,91.71957912872416,21,2.1987238697999154,-70,3,3,7
612.0154505749471,54,96,1326362,1762,46,326.21743849153876,-7.0542373966939635,3246.046676707319,70309.35781663081,-5.510054234601796,19,1.5003559960376367,-61,0,0,7
27.690695823065155,55,54,64107,1605,25,1027.1486695882877,-114.23455157816579,360.590791439959,26604.268405492254,232.05376365136794,27,1.6793740958800256,-22,0,0,7
-53.25820815826667,68,75,56584,868,64,124.64598838382481,18.37648344764389,16.153736056927396,38591.01011738312,47.417711145070676,248,8.34494608508127,21,0,1,7
171.58409961694363,61,63,-68726,-473,-15,62.910087952274395,-4.88955388011135,380.2318421596956,21770.562437543664,69.13069409296823,11,1.6133445377795292,28,0,3,7
1211.3718442267332,53,75,-37448,1757,44,163.27326393672405,-0.048066625721112644,44.597452590911104,47181.08247930825,43.426139234459455,5,3.526135167374504,-53,3,1,7
734.2971552130232,54,64,2939434,97,50,188.94222930415924,-86.84457239681268,658.3311579080599,44319.689272586606,-15.123756994309872,2,1.9239035538321172,33,0,0,7
1554.812905133571,53,81,-12540,525,47,1233.4421882310103,-72.8819195283811,17.308542288131513,276613.02038944757,7.363888662488719,17,0.3884161007890855,15,0,0,7
441.76458729966066,52,102,10829,-485,56,71.07745187385004,352.03068149191796,651.564004825223,224436.90215779873,1043.7487156005145,23,0.8656882764531162,-20,5,1,7
1230.5487324282462,54,54,1036590,1171,0,1060.9729464700563,309.748630276564,-87.66946637436685,7810.888142243184,-14.969896913959303,11,13.861346285599284,22,3,0,7
-94.60216752474672,91,95,9555,1067,52,481.9487364983206,-0.3982147619268801,507.8535955944991,2992.8216068447928,89.45338972785756,30,2.203616444311596,-39,0,2,7
59.24158460733862,55,64,82901,708,64,1413.7311786199093,201.19737342874865,18.444930949280806,5871.369135320029,18.190052316251524,19,0.04112628213362313,24,3,1,7
196.50297379638704,52,76,103541,198,52,1158.1123127403707,-61.86793901637233,0.2331124266839808,37185.32221830427,1073.3647891111614,11,10.668195134804801,-38,0,0,7
504.68730177353245,79,61,65233,6662,47,119.84193524468442,24.882925122086704,-1.3574563796254395,30104.23589206735,42.45976072978624,11,0.9103762978383253,-19,0,0,7
182.77378453580013,64,66,89810,1525,41,226.86634573531413,-49.90283509734178,-4.776055301632288,53909.774090495506,133.49980992593424,22,1.6748614352360276,18,3,3,7
1246.907971998246,52,55,45163,290,44,82.94963565756385,-5.859540109371128,582.6513533710898,47173.08578268747,1531.9520737340476,39,11.400350963776273,794,0,0,7
406.81110097971674,73,56,82820,750,208,798.5105676931977,34.1600442182275,26.156740190537327,58376.25548515011,12.04206171427333,18,0.3836609516985044,-50,4,3,7
337.98458256930246,52,57,23655,1198,10,543.1650643985657,155.99382736205507,614.148199863401,1174580.8812933748,94.1613662803777,32,16.199290008248557,12,4,2,7
22.555305099048155,52,48,-33914,-226,69,1575.2029856412194,-103.14885229122643,14.679881172308058,1237796.0935228919,137.23590848573798,-16,0.9237718048974213,-34,3,0,7
210.02972650548605,83,50,2099,950,54,260.35913360487785,543.3899925401357,299.9168552342338,37377.4910745949,129.63819308507115,26,15.413598463199193,-28,0,0,7
217.927974545148,75,106,44788,1446,6,661.8174308486878,-6.535499353662981,581.1485105383318,382680.47996013775,315.02991365749654,152,1.2067882705258253,-5,0,0,7
1281.2528479017321,53,70,-8045,-96,46,861.2408439708288,-140.6707415674752,93.052933300807,32527.086919804275,272.0737294513854,2,1.1931400613562815,-8,0,0,7
269.70733144392216,62,65,-22865,860,50,175.26782956696937,24.293696811143718,452.3404736504964,57152.754646606045,361.86978757601173,1143,0.7651430130660272,-40,3,2,7
264.7933083928424,62,76,84503,217,61,787.0705091906598,-47.40199124355877,-87.69081902568587,41929.57569907296,63.122794564149984,21,9.59938039000562,-25,3,3,7
222.04304722876446,69,54,81511,2150,48,533.0177832309587,78.75354722246092,363.748782601092,37642.34542001389,-205.48095891268457,240,1.6299895965913227,35,0,0,7
927.0790337340545,51,75,52262,637,51,456.0384382438432,45.62126434930077,632.677224079903,1740.9486555052463,193.1412229554009,13,0.730560714547587,-6,0,0,7
1005.0916746915666,53,47,65486,844,44,1509.3202910020643,-37.15031898331671,466.1615508620158,61167.44249147408,140.71091360484266,30,1.7603578923816512,54,0,0,7
211.49501744974043,55,51,13728,-483,50,389.4839976199529,939.810812444242,152.1238561120682,-25271.747608916958,-14.626300212783178,1,11.49787562993647,-4,0,1,7
145.94651636637087,54,71,211003,434,51,109.0592835842449,-51.854739250219296,331.9287949072411,20891.017557537052,-11.637102651730288,6,0.9170405844046765,15,3,2,7
1440.9292922214433,71,61,-9702,2128,60,186.93081450012795,-58.499113096428715,22.69595174608807,12042.363959597766,1475.473735766604,17,9.06439218202571,808,3,2,7
47.5191665314967,54,73,14368,1127,52,428.20536762988854,-46.911834824451944,-107.03240767903483,-34461.44293573434,46.660699097561285,-3,17.575119129173697,-26,3,2,7
21.18852954074481,54,50,-2874,1681,-50,1367.117956079662,-62.91021656044245,627.7812284952591,6258.453040717362,57.42278812861116,-5,1.5198218622403505,16,0,0,7
1378.233609359702,54,66,18893,955,48,166.0969635425348,-137.44433176706903,92.09949493908402,33255.27216113832,118.04596021363352,-29,0.19680185653534088,-9,0,0,7
686.1634553695694,52,56,46061,3936,49,186.47763328812982,-202.8797762751558,681.9733340798716,18278.39876768389,344.1625852946288,-8,0.7315696872733701,-8,3,2,7
628.961882215619,61,82,17086,1418,-40,716.0969662156007,-14.397725018234471,368.7340119398225,56328.571512435614,210.20674934509972,40,2.074134269931723,-61,3,1,7
1020.5719169514286,81,70,-61115,-180,55,1288.4797448058268,-123.96041617237381,-5.930703554877114,33147.74109254977,25.02325075432767,13,1.9437076185450444,22,0,3,7
235.11217207387068,80,69,34720,79,65,1514.1923193578452,-31.836400074678718,441.2707826758669,42983.32970968708,12.664183082642907,19,1.241394573664728,-74,0,3,7
222.16211626438053,85,66,-14745,144,68,895.8193207836196,-45.11373241520833,571.668420675836,800275.4934187627,1123.5779496079401,2,10.049605601192315,-42,0,0,7
1056.9329605554765,54,68,-14791,1918,59,689.5902271733844,103.7593833496593,470.20191447190456,67642.24784700123,72.10680758197081,22,1.8364986908074332,379,3,0,7
1425.4995195212962,83,80,-28764,1218,-32,205.61058270338847,-73.25158962512582,401.60924941697937,36869.82907824755,215.75706820935878,8,1.8791378684354436,3,0,0,7
834.8590172618916,94,92,61935,-315,75,56.08525309473199,-132.09537403124864,327.71823724614126,9192.486644373239,-92.62838546676522,-31,1.0344921386295622,-37,3,2,7
217.15832131471018,54,56,-26037,-106,49,64.19570081333495,-68.16949474406692,555.0745828643836,46799.57645225788,4.69388152899667,20,1.1386124945806118,-30,3,0,7
935.8552949881932,55,63,39044,1454,125,543.9891139617,20.824705552567757,425.9202728492256,-16516.809844561038,149.37086605598842,-20,8.322121331456863,-111,0,3,7
602.8634146220793,63,57,-8026,-162,43,189.00178377748944,48.23287319521003,647.4821767101123,9405.670027011787,481.80033405626295,238,14.326914757462145,-49,0,0,7
72.30375472846794,51,71,-63339,-498,56,12.570314550938448,-81.70036505509685,-75.8757990429915,26151.30089476762,130.82869496577672,38,12.470488762889289,1216,0,3,7
231.1863008247151,60,54,29526,460,46,116.99291053011429,-16.123824363195897,462.76132532524156,34970.306065557306,917.60841869036,0,3.2899992657336172,-63,3,0,7
426.838242567811,56,70,5435,935,-64,412.5126828185097,230.93139319314554,35.55033672301621,47959.26427732456,56.23975457830589,18,11.42200649825292,823,3,0,7
144.1589334114635,78,50,455358,1528,-24,279.57487550020244,-81.07702065496746,489.2364702416968,31981.472413627762,479.27511690394095,-8,0.9217058762053028,-53,0,0,7
106.14223433242137,75,50,-15228,709,59,127.01738464752803,-164.66212150472464,591.2271658110133,44466.5803530171,1475.178498671826,13,1.70526584853706,44,0,0,7
1202.1897165657003,81,49,28133,-172,51,311.6889104865283,-114.98065380440931,34.404731167088,35570.079163997594,-8.269147675487076,-9,0.9767200121728592,-17,0,1,7
23.203011178120065,99,62,-45817,57,175,188.6326899262525,-147.10451149075962,308.49426208889497,23561.535767225738,1199.8126852604562,16,1.6486431322359962,-19,3,2,7
232.7590066322317,62,51,79438,-79,53,568.6187638740479,-341.73157328192815,526.3697721337089,61926.31753225132,180.45978549338722,18,9.933787130247756,2349,0,0,7
350.37587832434974,64,72,33802,928,46,1416.4571549219759,-67.57063191833238,-72.94137391737218,47386.45891744923,17.850422486712247,8,1.151246280359918,0,0,0,7
261.58145603363323,66,48,32998,1019,-38,33.272937651866215,11.476635471616744,6.631946411700064,43104.24143074383,59.55914443779969,-15,0.7759022418659868,3052,0,0,7
1097.6909608472433,58,62,18921,994,45,1555.4861442407882,-18.629693804967797,461.3543029294044,14853.688328544202,367.5816659475105,-14,14.59770059254954,2,0,3,7
335.6120830872237,51,102,75605,-375,60,1234.8111726203601,199.05717001456821,377.3055661257513,56744.95439676869,167.69684161518694,24,-0.04431589340516939,-43,0,3,7
289.79120458357335,54,76,80775,574,70,352.38328476221943,480.1043419650467,59.480378660076234,55190.20890675374,325.6632252316591,-5,1.190375228286147,11,3,3,7
678.5592977318937,54,74,75972,647,46,1281.4146237154262,-113.37637273477341,612.4764025396702,71380.50646693478,128.37376011922726,25,1.4319216365182332,913,0,0,7
1383.5160271096045,55,75,25812,340,42,812.5493711681949,-169.29061495889775,7.680472078718564,56812.61458241435,29.653646650726756,3,2.150566903719389,-7,3,2,7
323.9411787103832,54,77,61230,618,69,1000.4710611505487,-0.6620782814785784,28.445863527966647,51430.7189009029,49.097223239555966,-3,1.2784308681013952,20,3,2,7
1378.7504966998904,91,53,255284,1067,51,396.9225874211839,-91.3142181706213,655.9973138916324,1198698.255283245,128.92114101307038,21,8.511928047580136,28,4,2,7
594.5376322696887,85,58,16986,1813,43,1109.8338330363486,70.22181364208944,-46.87454610780791,63015.06100030918,-6.139657693835289,24,11.544014318636279,28,0,0,7
1674.031272120958,76,76,35246,795,47,200.7848226657955,-104.51168441724292,651.2348165141293,46452.80966007119,1182.6776104546361,547,1.9797468183919635,62,3,2,7
111.53920877220855,54,109,48320,595,57,262.39783267327005,-0.7121331350307578,314.9512334509567,47500.43530266224,-26.51445956197142,-17,1.3784597049024594,20,3,0,7
1332.5498742901457,74,56,-36844,1159,49,920.6803649870039,0.4831979932746435,-21.080859919127192,31728.543259336355,1448.7653170998512,19,1.8777932223736284,-18,3,2,7
1265.5471708880307,66,61,28097,-106,69,526.8883920527219,148.9645666270502,119.9273296558685,7882.568570674993,355.6465002772785,227,7.764809771854123,23,3,2,7
666.6106650890018,53,66,12350,1243,63,207.90882863451895,-18.494398482571512,17.534772240467102,25252.902785948285,214.76021795489967,19,0.6425017466845627,-4,5,2,7
394.56310659547245,52,63,35128,941,53,523.0255375823444,-89.51568545337516,-102.64776477743251,774119.9673181588,119.03918228718365,34,13.86034779473163,-70,0,0,7
429.2201680341293,52,48,76488,468,61,229.76556148960208,21.745373535919157,472.38473630213804,445477.11980107846,13.830942435071563,10,6.92149146801119,-47,3,2,7
1574.7758172032893,51,55,65493,-407,191,1321.4543292507074,-97.95539250650384,456.9607472889862,25149.304382242866,1504.3883354973466,25,0.07221053526312637,-5,0,0,7
328.9248503238389,52,81,8419,586,48,3.2741990965178758,385.5927312308087,591.1479408982223,59872.75749928197,1262.2491901329654,6,1.0165810732296978,-15,3,0,7
-13.680883051785656,57,106,55267,1017,47,1066.4985103809315,-86.68084390471013,377.2162789004386,196771.47665216395,-12.10316532990548,22,1.4678897423790382,47,5,0,7
125.95401256549899,61,57,7580,1392,53,507.065685772838,-27.887712852479467,660.129648010173,63730.98950559708,359.37264727551724,22,1.9844923850001548,13,3,1,7
203.03922417512732,65,89,43684,460,55,247.05409252873923,53.1442618030556,425.6753649122864,52352.68901935708,-7.614439159664684,25,2.197570758625629,15,3,0,7
353.7549899192081,53,54,65253,201,55,178.75899212148494,-115.92105665527825,72.8189615138881,34913.186506096274,58.51249506955021,8,1.4797600280943985,-12,0,0,7
958.2896865791561,52,98,93101,993,73,890.4246833289197,-134.5765336676649,-67.92244723848648,27945.990029763445,586.042813720442,27,2.469632627280676,36,0,3,7
202.92126229971888,54,57,57079,760,48,814.7927819024478,-162.39431217046163,-59.398966057016814,-10448.49941107864,217.8481537721907,18,0.32607103585754327,15,3,0,7
237.803505046797,57,61,29934,852,51,75.41169501516042,-179.01987258672295,79.7230969493048,63621.37533402961,462.2237975677906,6,0.43550949739454253,21,3,3,7
282.9298280043523,53,86,3261587,689,52,1112.4439065339345,-117.0166261286945,384.50780971320654,36588.44544622807,298.02817798177495,35,2.2662258595208025,-48,3,2,7
372.76570983120484,51,58,562,796,54,173.23500212270505,-19.532136758338083,571.9064672822805,53210.76897237168,331.7516581035245,19,1.7611301142259759,32,0,3,7
246.51269197494054,62,92,597102,1299,59,819.2567629527707,-118.74113926847838,282.85193151677134,518646.64002653863,18.33017108507812,20,1.5479302094765401,-69,3,2,7
183.11199550469894,53,59,2298423,825,52,731.8550671453888,-163.51585432721663,375.66269673526494,47026.7952364491,119.16495683112794,3,1.5104330378030162,-138,3,2,7
130.86707318234986,66,60,54974,-364,52,107.46177442357619,1305.9493577315493,617.0928262498909,434459.5078191471,411.54533812926553,14,4.922482952144761,-45,3,2,7
635.919975521785,66,52,49833,733,60,181.7852043418002,2.2590573934638876,614.3233132674004,151074.03435962443,122.09728666683053,17,1.4513494596920582,1,4,0,7
16.117108518134614,63,77,-35539,-40,53,79.74302458540737,-148.77248421385534,468.7081714696009,468472.8133486611,83.41642599364367,264,0.459050873689836,-4,0,3,7
603.2925669200462,53,50,82511,-232,50,138.41108740868972,-64.29871286434326,438.85801512992197,13675.908498670044,-71.82065358041103,-18,0.5021224249731031,1211,0,0,7
1291.2483168402496,53,72,9166,-281,50,260.59779915720947,-52.78692578649951,59.217949696538945,11892.634237578963,120.08322157154419,0,0.5359143605592063,-3,0,3,7
425.6561650352726,54,60,5227,1576,62,191.9317538719555,-103.76591692974188,-12.865040651181522,37665.34713068503,329.93487344839525,38,1.989802801648139,-28,0,0,7
288.82740318948004,80,76,-35454,481,54,78.55870305140542,97.20583196227955,-46.95200007368875,20347.304221671882,18.660009431243125,9,2.010103319281047,-43,0,3,7
551.7888129664202,51,48,85235,331,45,375.1232853248433,-107.63596847039099,291.75314067176583,67995.23684067851,132.8661079062648,21,1.2516692326118473,-48,0,0,7
242.20416982563862,53,84,22432,605,-46,35.494884771448554,-121.28078689244828,382.67038283655336,8448.688035341082,156.76679115715052,33,0.709084264585195,1156,3,1,7
113.23205934909345,53,57,-31808,934,-11,53.18085718535617,-131.6353821374605,316.68988538625183,53240.81653385942,341.76272551592785,3,2.178868277726593,19,0,0,7
169.3703819180289,56,51,-12682,1904,55,1540.1014328862063,-136.9159010158365,16.076036203380966,5079.628922544274,203.10639754325905,35,1.8988245333940617,24,0,2,7
1328.6189979057237,76,49,101494,-7,58,576.846172132647,-112.86493758242159,463.63049524220565,15955.95763029639,1005.4255140307023,2,1.9739633599186996,41,3,2,7
26.772683790433007,57,52,66975,-408,60,295.34567301616084,-135.0077380295978,407.3816724222563,12639.542057654638,34.634976469525,42,14.697853755367458,-713,3,3,7
85.1189351437674,57,49,13478,1098,55,1393.7290831718171,-112.42031323999382,426.7654487687952,493636.41471052374,124.35009053896766,15,0.6662592452548338,-83,0,2,7
82.40986807810174,65,50,56484,1618,51,300.4179433921977,60.767433579599086,628.2036220142222,59041.09688034436,154.59850085737705,26,0.8902550931243888,-48,3,3,7
156.256299750425,60,59,19777,591,62,971.8796483761,-157.19022023315793,519.3480935847908,48974.509032868904,42.581272271504254,-4,2.131417388394315,434,3,2,7
860.6784616172175,69,50,49450,128,49,162.20819283646574,-32.77766259549996,605.4677442342734,52248.59225567972,50.06510514898534,15,0.34163981549457073,839,0,0,7
738.1692040423209,62,50,53002,1042,113,198.87013941610377,16.377526381350677,-39.88812883612725,22514.68998500918,1330.5136150039218,30,0.5513428170783636,44,0,2,7
230.58757175726262,71,66,-10153,1567,53,98.56565631988212,-40.28562816272199,323.54818160819605,299640.9649992053,492.4339066636781,20,12.003631022940656,7,0,3,7
285.41658060226786,52,61,29894,1299,49,138.98023461108275,-55.08572888523878,406.6235087703858,53823.67667107646,1.9764679359648625,-3,1.7127291678153806,10,0,0,7
458.60266500581844,77,53,35427,1355,51,377.885686631585,-69.38348565534217,493.70723833240163,16371.08366746176,38.01448266919193,10,1.0805489631130303,-6,0,0,7
38.19735706175038,54,105,35638,1097,57,15.769454129665576,-56.752811507587396,-1.8251295293373229,55466.125175399124,43.0278201568795,6,0.8607090866290555,-26,0,0,7
1265.3337667394796,60,74,-24842,785,57,593.180954013133,-33.42637479037586,567.5938221135261,12603.893517844781,227.95685120431588,5,0.7490739118327923,30,3,2,7
243.95923981828457,52,61,1633988,-90,53,632.5260732400437,18.285893824491783,27.797394822133228,23751.973917337695,464.39867723857196,-2,10.120174608205447,-19,3,0,7
47.14315197850595,53,59,-44497,-669,43,468.42413196203984,-71.64469911483813,-19.355294242947835,70927.68283419366,-6.2970671767469355,40,1.9055355991147143,6,4,0,7
294.03891911800895,78,75,75474,1678,144,49.699618687419736,-97.3903839399542,563.1063953054244,28918.59372988493,92.19802709597603,38,1.6864024163619553,-21,0,0,7
412.9236159522116,55,97,105469,967,58,608.198063787841,-11.04147082038143,583.6333038256453,66265.12702581147,13.778835664749508,12,2.2362620682693,-58,0,0,7
182.55710229734194,78,53,8385,489,63,302.71636590009626,-20.660112509206908,428.4947082163512,17.46452603913349,2.3024587149031532,20,1.3432074162141876,-63,0,0,7
218.08881093523058,51,73,-50352,1071,63,118.32070122449326,53.115882607420076,-84.41096043484305,915254.9240978545,24.135080551366848,20,1.2036602785871566,-82,3,2,7
970.3010916943603,70,52,57677,-89,54,240.86805630020228,33.7006509552303,64.03681853753164,52416.775192484354,6.732819463359334,853,2.2227196680669827,-40,3,2,7
246.65218522955263,52,56,108351,1568,44,1329.4704417128542,304.40321437780045,319.43078054476007,1732829.3220066507,31.25048931073512,32,1.578453514415367,-47,0,3,7
408.0204189150073,57,76,2604004,947,49,685.9849103857111,-98.75842314206889,85.8411713372649,30661.81729313478,69.46700470338281,90,1.5351324886541935,74,3,0,7
187.17810785227897,52,90,6191,1992,58,10.043161595377,42.00147946871387,361.23211560208574,52433.36911991804,19.07142216783491,18,5.203565140234399,-55,0,3,7
13.687336339354346,82,53,4101,1273,57,651.7553617471266,92.82125479177941,-122.70103927153608,16525.174381336168,168.4774811488949,38,2.0910626718455583,-68,3,3,7
952.1516361093146,61,64,57187,-65,-2,173.9022499300342,-64.74662373260652,496.0501627352013,14522.009697286036,29.61382028210209,35,0.6651042333636059,-40,3,2,7
372.0109079036614,83,59,1147405,-51,51,534.9879583254578,-54.90222358505912,-22.601857438017312,60804.131816369714,48.715035822574386,11,1.84598523361309,-51,4,0,7
450.5682050520742,65,60,53080,1201,91,422.817482777094,-62.01550554792513,-40.27861661492809,42635.01362269225,-21.15459492641162,5,0.974298857415742,438,0,0,7
878.6262706429042,56,97,51654,830,55,456.3743264941184,-15.4060950492288,-39.55821635959775,275127.66086266155,23.2473193920979,27,0.788456018220848,-1,3,3,7
289.30991774561693,76,56,74812,1661,53,-44.93011502245233,57.49751725229096,458.57008535977496,48841.39479065836,146.85586194436252,21,0.1591853341829499,-9,3,1,7
1517.667746991649,61,50,59090,1839,55,483.5787474126775,-93.95700584099802,556.5487254723281,11111.286048749867,125.41388587067962,-11,1.269955764919004,-465,3,2,7
115.69734364754595,51,54,-11004,1242,49,46.8319589799105,-99.86455210127137,-74.91555992100855,39197.27023621122,603.9601883925039,18,1.1508732807983906,-18,0,1,7
322.25046903162786,52,55,35398,886,53,645.1761877264505,49.798876128870894,-55.71736205472585,-9498.118603847888,57.87909091267971,202,1.6835653703930928,-68,0,3,7
90.17855049650784,67,53,-3531,2030,105,116.00015974976407,-161.7706786777819,574.738824753591,13315.167296684573,57.02276859591607,156,10.864466162754837,-1011,3,0,7
197.46951132774018,68,108,20291,976,48,412.9849453131003,51.77240446228195,545.7584034245141,-6868.533680473218,29.711796018771906,12,0.7130041023740404,55,0,0,7
539.6125290053028,58,53,73401,296,44,85.74312755939144,-42.55020422504036,651.1635345089037,49339.1041838842,46.4335094136983,36,8.318889714685419,4,3,2,7
769.9595224581884,83,57,17784,-10,56,267.4277505859952,-9.95507623158922,642.8343994173968,29127.103163246953,66.33613315529983,189,0.46410617826174144,-99,3,0,7
26.30782188841387,53,59,68977,-289,1,98.08924047471115,140.0326966489395,-59.95032016420409,939.588948417675,44.5963493238408,23,0.8567864085235736,-33,4,1,7
346.8853527276533,54,77,102722,610,53,151.50930189590005,-19.373760971810892,32.90768661023903,52279.615685229655,51.641577263949756,21,0.32269906358880573,33,0,0,7
357.17619460179105,54,59,2080102,1080,51,1007.8579942203173,-141.29101245733253,456.04638932506515,40930.910274645124,40.49961057569946,201,0.833472659220139,33,0,0,7
242.40175706831576,63,66,11536,1137,307,923.7078116550624,-288.19932975678137,510.7142138239848,60809.632542754494,79.32520374294843,67,1.8813553810967436,-16,3,2,7
624.9872847136754,51,72,-1425,-375,51,102.0609248997776,133.16338052942567,330.5946780974906,5501.284205157838,542.7906894028431,192,15.874563381774472,-18,3,2,7
514.2890658418561,83,76,-40926,8,47,1160.1801229701803,-126.51114060564106,-59.62991101887662,20736.04793685022,4.509607345806373,17,8.107802437302809,-1,3,2,7
100.94845258895668,72,60,73353,1670,60,121.45034064217371,-53.445562300866854,11.478923002624263,23058.61653136443,-15.52847164044718,-23,1.0815227326782788,12,0,0,7
403.33566073071245,56,56,-68093,-604,52,1477.8987049510274,-29.36115542399646,604.9072102335521,35787.12222993342,18.953306540933823,5,1.5510022270944224,361,3,0,7
468.1958519944204,54,53,8222,1579,-33,241.327586592604,101.48478034046323,93.67340065664865,13668.101554172466,118.64455738544595,29,0.9765741662170848,23,3,2,7
392.889896926149,52,85,-57515,625,49,132.27137648563894,-108.5746177568679,600.3033960106169,414812.62396110926,6.2110842343710715,9,1.3975620105757007,485,3,0,7
1218.3766056296088,53,88,2063785,-21,61,72.61511754519898,351.34729790250054,431.6259443204219,-18651.537912122447,37.64187369199512,20,0.9325404074655844,-60,0,0,7
302.56206962552085,53,75,2498850,218,57,194.36429064599002,196.97211883109398,572.7019173922172,1189503.3851873227,231.07906836285878,11,0.5678840465375559,18,0,0,7
1474.5320710156857,76,64,3731967,440,64,410.6213013765392,259.8960620469784,-2.7475988409335503,63255.54992199574,129.35276306456393,30,0.6525485562918036,878,4,3,7
26.397173512010127,56,95,728778,1417,-13,156.35629499330878,53.204169552500574,-19.59036804149317,15257.898145006346,43.57316487645826,22,2.3308801879480243,28,3,1,7
215.18306740729787,78,56,64907,173,199,495.8128880702268,36.856203600969934,-37.73012006832805,31597.764427872946,93.27170873277326,-9,0.9386551071078055,16,0,0,7
321.31805431780344,55,55,86788,1367,14,584.5521459643368,-62.29805547739211,476.40466418166886,63633.70296647344,23.17172300479301,-13,11.205321040565622,-49,0,0,7
-36.34548976455322,74,51,36205,1467,56,1342.572238832806,-6.5827431625480095,591.1269096928479,13362.26759216488,1610.3880444385468,-16,1.1652427869432715,14,3,0,7
196.39231982873417,53,53,694607,1539,142,168.32114071597363,-152.2879279977543,504.2626138896218,47362.33329035602,1495.8576940743199,39,2.1049093015187186,-71,3,0,7
440.62642102699806,63,80,8489,1211,46,256.80459470027864,-157.7467538233633,680.9574488409135,63758.89349364905,662.7374734482737,41,0.5307201530277489,386,0,3,7
10.618146645976893,76,64,83661,830,53,907.5209694043838,-62.49288864092601,8.935438282453472,24787.565939016484,212.29131170000977,-32,10.547478739074961,1547,0,0,7
233.2830775006854,57,96,84741,1578,50,306.6680891809058,642.5207382888923,499.81201417314503,57042.9361265982,-79.64884729144723,1,13.17506604406228,-76,0,2,7
646.2231827179245,81,58,110312,1513,55,940.4165579903715,32.53096918306916,2.976047077775041,55047.86562171566,81.9619177557929,15,12.517038637173187,28,0,0,7
604.6531319628318,59,70,-25704,1390,45,120.02353449637204,3.282119792559538,-68.73395179342859,50992.32894065438,39.14139377943945,274,1.9563508720464724,11,0,0,7
9.3398731469822,66,94,28950,979,45,426.902310905671,-26.886424292975992,536.5497711779019,57218.01686585956,137.18738567778914,-17,14.531099310766079,-6,3,0,7
1305.9692878989738,89,83,54217,1907,49,1321.2589367872993,311.3747044631777,7.904586034691823,64380.358804591546,181.06249123024799,-3,0.9679740030324865,-25,0,0,7
219.5358876567601,70,54,110454,650,49,16.86609558874467,-101.49555140871794,-5.259643027694912,24204.30648826545,39.55430634290145,-11,1.5774577969488366,23,3,0,7
374.6268359233754,53,83,52795,1407,52,256.4069984987324,154.32985727908613,432.07678453159593,20427.543826232544,2963.0399950841365,30,1.745230997157103,-29,0,0,7
128.9734463993993,55,71,20821,-275,41,134.42194156182708,-157.45306622300942,422.0632381907619,25802.461425542842,98.16920536648684,-17,1.8449375871252256,36,3,0,7
216.31347495151354,66,99,1336,1346,28,149.10314887937335,-125.22778269768082,531.0906786194561,67738.04973214991,-16.97075969800315,27,0.35586767877849773,-7,3,0,7
1448.9093930674835,63,85,25436,599,58,618.9128117455957,135.78552072881695,-62.688888525085595,10891.94302026574,73.27107558686012,9,2.2182914136002028,13,3,2,7
966.1536007964726,55,48,7817,-143,59,202.4039141226508,-109.73114390590698,-29.127046541701063,17209.276398981292,73.63701638801217,22,9.598428265344564,-50,3,2,7
284.4167048577099,64,83,-10174,763,60,694.4061686853568,-137.56588241426078,437.92723663861057,-22578.591553892285,147.84823497341657,2,13.18224741466549,-9,3,0,7
256.8404847569027,55,50,-10872,-682,51,133.97472474008606,-324.3821174199668,333.9829260796497,49961.024065847116,498.1149657506849,-5,13.332072083583565,-64,3,2,7
167.65147953311552,66,48,11179,228,75,75.84686243063608,36.1860718538771,448.5688267515723,9208.75033013096,562.5359367041938,19,1.4338364115921758,-58,3,2,7
1192.5870619395157,55,59,-5067,2295,41,57.662267544137755,-177.68583219006834,591.5062175562384,11181.54685501267,-14.53538426224884,7,1.5344185650260846,3054,0,0,7
78.38771340590142,83,50,73057,-666,60,271.52424228105616,-117.88551661184695,-54.498709047493826,2951.4118550345975,1225.8926891508,11,0.5146523813998082,-178,0,2,7
-53.903235509125594,54,83,42287,2011,-18,1536.5220703435464,-51.52596557933401,560.0176235577384,39202.79807004216,146.19183916280636,2,1.6949455723833544,-13,0,0,7
1646.2785355259941,55,52,28031,1760,46,170.32054003939174,-3548.9418733207767,365.67851053579375,55754.94458842244,62.27986416742351,25,1.7742028006507895,-35,0,0,7
287.4277687495725,67,81,91273,943,54,425.9629361344225,-20.449565644022112,-82.55339395538924,49117.86988973252,735.1271327599782,17,2.038130416247392,4,3,1,7
302.833954878059,74,59,22720,706,60,819.9702023189176,-68.76057489403829,-80.47948785214362,-10854.101872587875,152.2505103116476,127,7.5172139590535725,-16,3,2,7
147.3998778021077,68,52,6394,586,49,985.0341754795611,-174.52452907507896,645.6439526260904,67260.92531650956,106.11778819139957,29,0.10298981298004328,13,0,3,7
171.5054836796319,53,56,-15559,1081,44,690.7435509579107,3.911829398316911,-72.44988923968536,41832.91471639944,102.24843659805975,15,1.3336260814270455,-175,3,0,7
1275.3181840605534,68,78,-49697,160,57,1359.655472602608,45.156487213034595,-58.919527928603564,-11612.58906836604,242.58186173615096,18,1.993650254397854,-16,0,0,7
502.84932916955734,55,53,100812,-509,54,602.7567887459352,-29.92507608963295,562.420913025068,52645.03657075911,30.50166239793505,12,2.3556599136067664,11,0,0,7
84.64599063528735,89,81,41593,1379,48,115.45967378332844,-117.50688144788435,469.4604143984515,47787.490646496204,82.32140191635291,22,14.272310462064766,-5,0,0,7
238.99796436062218,63,53,1882330,-50,92,179.53562846069963,45.45808565116636,42.685036583870136,943246.299861105,91.24890671988076,6,1.540212868344688,-17,0,3,7
235.53814395474726,54,67,-4351,96,67,1034.5206605704243,311.0867724895045,-61.35025790776836,13230.73535615185,278.8220111062046,25,7.541135237521209,-61,3,2,7
-84.6843540311461,58,65,-26554,550,57,232.9543065921446,116.95400810894049,171.89288301251028,55800.75617245336,172.69364787244876,19,12.117601674752525,19,3,0,7
383.52740489005333,57,85,22604,472,41,139.4256981270493,-48.55265567091148,694.0461841416807,27989.175319297916,110.53593728130454,15,2.1433634016881413,-36,0,0,7
102.15570254059759,53,71,30477,-549,52,78.2694382019204,-78.70282526217817,485.28967155519746,18107.042695785996,53.51815680917594,-13,1.7400243237915185,331,3,3,7
423.9293800585973,55,68,46139,-339,61,138.73038217710894,-85.19502991912537,86.88075065081463,-1523.3560773960107,88.10331457275998,35,1.7849915282190492,2789,0,0,7
431.4316963550697,71,53,101997,690,212,632.0206649991032,1098.3311850916527,-76.92341501776757,17289.254833724026,1072.9173510494688,8,16.81394272743577,2,3,2,7
64.05948793281846,51,71,-43332,192,-36,145.7869890179648,83.44837220154038,-2.416220121332193,53832.43446137822,1080.9742141554943,35,5.45440874406451,-48,3,3,7
94.58451550928227,67,60,-42881,1544,62,973.7964109241725,327.2154796494835,50.842982069965366,25571.333956132417,59.148698619187,-3,1.096798758871277,73,0,1,7
-51.44931240947058,81,97,-77822,1934,157,269.47027281472174,12.681597946467791,584.084455142134,26626.74152096304,89.91848998161709,3,9.738595464455951,-67,0,0,7
367.5912343509882,81,71,-63293,-292,52,738.314477246835,-102.5655742299223,-37.78512105180585,14390.470423762943,99.9534115402142,19,9.789826169038427,1217,0,0,7
796.9098604882248,59,51,5432,-211,124,418.39365863478173,-156.72119039332225,80.12488388268063,-4237.371312250147,193.20595336722786,-17,1.596757088622343,3815,3,0,7
1386.6591618365899,81,48,94263,-82,53,229.23333194859828,-142.76909702104496,426.3335568156933,52134.403181273665,249.65522385559896,12,0.8089134884517313,-53,0,0,7
190.66933160906348,78,47,64334,614,49,90.84845877382541,-33.38671593363412,454.2978413479991,53580.84816826642,111.51309247354605,21,10.1318448745776,41,0,0,7
1657.9775497266587,61,57,79363,933,-25,-34.89943718448819,-55.036430997706574,580.4135072188329,52105.46911026716,-2.312329608127783,28,1.0032074853818167,39,0,0,7
229.75201076074885,70,52,3255207,645,44,843.5515874922421,-138.5264203984009,506.983725690577,22749.422744760494,15.810478986607052,26,0.6957270390411702,33,0,0,7
627.8461381945825,54,52,17422,535,57,156.41826138612475,-46.41615521609383,334.24681330137054,-13835.259946874376,31.03084989168469,-13,13.141997234203535,-79,3,0,7
699.7446847786682,55,87,40373,1587,65,252.03531758949552,-50.62380599395421,414.6228722283339,-10477.329222676792,97.57112006711222,18,0.13545233692992698,-79,3,2,7
607.6682552403521,54,53,-1730,356,61,172.3547507710045,-135.61372163283158,40.15524307057785,24288.285356506745,105.03529240869497,31,0.8879232362009192,18,3,2,7
148.85126557681338,63,58,21225,1011,50,121.54569866045355,5.04840110009399,-67.48579745656669,48673.770684282514,370.0424087158472,224,0.889223900389969,-57,0,0,7
1373.4959162565394,77,62,-20221,1396,43,683.6573824310921,8.636035846003267,644.621300846538,32187.745482680584,73.51296770761616,11,1.0231297531709298,-401,0,3,7
134.93253304537436,56,58,49080,891,55,463.4829276527773,146.54731746386287,496.8536651256656,558459.9368207915,49.518112155009554,36,1.7959676593051843,-43,3,0,7
56.295161288033015,60,48,87332,1176,56,488.4130461283062,-167.6429243605182,-68.3026323889771,36671.896761863085,88.5538150352453,24,11.87993353172618,-28,3,2,7
1558.318338331271,53,53,97013,2009,26,149.09021028956954,-53.745465391053116,586.2363851868239,31900.706820351952,21.8731158048804,19,0.9397884651709384,-38,3,2,7
47.77607737277805,54,55,4045247,962,15,1444.8636771120673,-29.441078102618302,9.800164865783545,49230.14893177753,1445.5244095473058,24,1.987203711095268,1302,0,0,7
401.8281760878277,85,86,2271023,2192,45,165.67972832725755,-120.88956859484705,3.8186366346206597,-9644.031731028022,-11.787741513007333,22,6.27134154259107,3156,0,0,7
970.5244028355311,56,92,45991,214,233,406.89886445542373,-63.68965572235976,741.3235755038879,115478.63583301389,68.23664601737258,-20,9.036466247105707,-42,0,2,7
335.5272104422581,51,49,115017,1612,53,595.7685968906965,-109.80367570524834,275.10610460329934,65790.37555430527,117.10994688837195,18,1.4749869764019872,23,3,2,7
-8.895512814265444,62,50,-32463,1412,122,500.6695803154683,-102.4299441776192,777.955429099865,55050.34699563449,53.01860367872838,20,10.114529792123195,-63,3,2,7
50.978991085732865,55,53,26761,956,51,217.84218131328487,329.8102791191217,-11.244906934790434,15382.4414819046,90.41356360429052,32,1.2569464835423387,-23,0,0,7
1176.6644266257385,73,61,60298,1257,-65,1442.8906578023375,452.0264731284615,61.76655004795823,61627.38495661762,259.9930598370927,29,2.038150958335389,-37,3,0,7
283.1543946902446,55,83,-49218,478,47,495.4826275901889,-43.437208638781414,-52.9870669379383,60245.393135869555,349.15731434818633,549,13.393981392801745,-8,3,0,7
248.4816772514141,71,53,-19556,1845,42,1362.6983257758613,-99.37693665352809,-14.456991359147162,19603.104735214605,120.43061897035733,38,1.2513500269260116,-31,3,0,7
-11.414028806849132,81,59,164217,489,65,428.2977133569186,187.8312485941031,-58.93274747233462,-1897.0165839677156,137.10366818082025,11,11.5556299519588,3,3,0,7
301.1407766344564,83,52,72267,336,52,188.8070830937832,74.11910074406038,546.2115720645276,67391.97105205836,60.246384409824316,-13,1.5086389905311588,3,0,0,7
433.4237797140423,61,88,4842,-317,52,1245.3748992583105,649.3520160954428,476.8388699805487,-10408.60976144225,150.3548174238009,33,1.6528887457360288,-3,3,0,7
482.52949788005475,92,93,2030032,583,61,1406.5622502727927,59.20281905094974,502.3382622436393,-13702.297923400023,180.77767348198861,36,1.6847962890291797,14,3,0,7
1361.2823071282182,71,59,31488,2592,46,74.08937857236731,303.5400692287338,24.73034519366759,57263.148678548,21.35952736275533,20,1.7761039192528232,1623,0,0,7
123.06038929763,55,81,70913,1907,59,344.5644607931283,78.57586181178158,367.55478668861736,2453.084203517219,87.91517174817236,10,1.6853300390363062,-56,5,2,7
782.3416073272476,51,85,77071,4,52,1217.541359454527,-90.46084844706138,2.386045138822018,-19679.348011561662,36.879616511311774,37,9.368618475480543,53,0,2,7
723.9074500436728,52,69,21532,1556,-5,130.7073178666754,-43.79509760840756,480.39403082505316,43859.65297397554,-1.1354186384845377,244,1.4759891778236678,-50,3,0,7
849.7777530368982,82,55,107615,993,70,188.71340399974338,-4.097840538374683,360.9063688935356,1118472.1629100242,75.75422135739649,8,1.9337940527816326,12,3,0,7
245.68789508701792,53,51,56432,-145,67,416.36995360040106,38.475341364865756,-8.708207377184209,64883.03928640772,83.2595537432418,19,2.2457930232987278,-61,3,1,7
-32.420138656798215,88,57,11875,2381,97,-14.606640067232917,-2.695619946031261,379.07453038909307,37870.26899780558,-0.4055298297283372,25,13.437679206237974,-19,0,3,7
10.291003712082286,56,57,78596,1679,-28,1308.487375523444,99.08528174182022,478.2418868954593,23934.0713147813,-73.16142479078252,32,6.633563412852998,-25,0,0,7
282.44875695814983,62,106,-32487,1145,51,74.05817296595448,-18.037130153751253,-18.064647403327335,58562.92570024414,297.34493888785335,275,1.9380903329400496,46,3,0,7
144.24068278283804,54,58,13131,-1,30,566.1477319223424,60.453429619884915,485.1079568853022,20460.635762444228,33.53511755747638,1,8.017154616408305,2377,0,0,7
421.2389689786562,61,63,78145,517,49,169.07761941724578,-48.6823060720417,64.32399456997732,560782.8771838623,250.80951331240266,51,1.4414960856892867,-10,3,0,7
1500.4530058197931,76,76,78253,-456,54,405.3922934648824,-59.95874899081002,54.51176098683841,71741.74029462473,34.90252939185824,-20,0.8675916615704456,-19,3,0,7
555.668922855016,79,67,76662,1256,42,338.836816001469,21.345450632240443,457.1685753612323,44432.919160435806,-15.481210050548299,-2,0.7910226172728013,12,0,0,7
151.03389803911435,100,69,80046,1834,62,1254.0901841848984,58.57051465535119,3.742076038965461,53332.17279783587,87.27730924361386,8,11.981202718354055,-10,3,0,7
173.26858621174443,60,83,71937,854,51,121.03125198731483,8.704798030642124,576.8774356019962,68931.07763082016,-2.8495403234587116,27,1.6912993517638255,-43,0,0,7
158.91768853732674,51,55,50929,500,50,1416.6775891050509,381.09401395077623,47.290124589865464,45438.14667202546,107.00486548074616,6,14.02694121560777,43,0,0,7
977.237826981796,59,52,71995,2252,57,134.024812188113,-59.097610752626,547.3848528952376,52609.751016595656,1053.7654460640629,5,1.609871375644358,1706,3,3,7
216.39310848347407,55,50,61346,-464,41,915.9554023783498,208.8311694478724,449.9425505184114,51805.7358223773,441.4170494622485,28,1.7791992332051385,-8,5,1,7
196.3357346889323,53,54,-22437,-278,58,306.34311116405405,-39.90553232061028,122.267399949603,-10004.02487175855,16.5044003055163,-17,0.565145966954932,57,4,3,7
444.8580851935435,54,71,90600,441,64,177.48232150318938,-76.10045977018119,374.32813271162456,43010.46217811723,1561.3956312693035,184,10.292538285521225,-53,5,0,7
179.07129803404308,53,53,-40330,1086,60,547.4275640253799,-125.12605255075482,-31.58157377567813,404097.8780861276,73.72270699106164,20,1.5910066237261695,-59,3,2,7
1260.9776204674265,66,52,48831,1327,59,845.2654216371047,-134.4214279067071,499.62139897463766,455900.18457230384,361.24068007946624,14,1.955297602305469,-8,3,1,7
1457.1350556845512,82,68,-13610,1288,55,1153.6982895605022,-97.61230051083605,-33.05611604283492,342.48801861351603,36.114785764067044,-3,0.6167001310456367,-34,0,2,7
107.08480938420284,69,45,67640,815,46,181.0131565511724,-141.72737483897944,-31.367388101885687,7783.245845306185,72.18266814332671,27,9.404764168374761,23,0,2,7
60.02392495343892,66,56,565,1410,111,1330.0498776622485,-4.679795253763505,79.58146565392477,52077.26902549546,83.94522681327834,321,1.443764265008971,34,0,0,7
46.02596627127079,58,64,74584,514,59,409.9919156310056,-59.93191663751897,537.7150562374482,55345.45116579342,63.85290559761082,34,10.570747386227643,3595,0,0,7
1631.1659548876503,68,65,80428,-313,56,123.9432928699238,-4.146470850346553,513.2205025441342,6677.316777672236,285.17338926845036,6,1.7549048287203668,21,0,2,7
842.6878771558529,65,58,80781,788,49,579.8244038063679,-188.9830669493653,606.5556163264356,72311.2302053144,128.18853950004805,202,4.583903433022846,-64,3,3,7
745.1455672048395,53,52,94552,1139,-3,1084.712192677374,-107.27808710846355,12.045969154581023,21073.22546995351,383.83107516450406,9,1.6060075121762984,55,0,1,7
413.1125506569878,53,53,96995,-279,60,82.30805099932684,-19.501965910189394,486.6275216287241,11706.387217939659,23.446806910803815,22,1.4030658556556377,-23,0,0,7
482.37424267600346,54,52,7675,-546,53,1379.2470543883956,-158.51637905396632,-48.24061233885202,1305898.3968495894,42.07048748301725,-3,1.488975564526839,-28,3,0,7
307.7988222739148,52,83,82587,545,62,228.04665855308212,45.00982285297033,573.7701059969504,20356.762113900753,36.439447151006725,7,1.1518314716572389,-5,0,2,7
259.0063583815154,55,80,83762,1417,54,4.964295688785967,-159.3732950193756,-60.253679367970314,64422.08341981497,35.08907035884101,0,5.510298084269152,-14,3,0,7
234.33469071535416,70,97,21454,1509,71,184.88565023114697,-113.0054061310936,378.9161000075933,-8498.754641384083,21.316109079211373,3,1.533374131825728,29,3,0,7
-36.89703036768127,99,66,17307,1688,52,256.9567426863039,346.37853219467945,-84.57792010611925,-9019.959934876668,202.55353633384135,6,14.53495812932444,61,0,1,7
440.65559481578293,54,51,107843,979,51,1103.9591592959755,98.43798973187859,120.16883337464111,228883.49585631126,245.18734594149484,18,0.283963485171699,26,3,0,7
135.5351858163304,53,93,-16217,200,55,1172.6957791401285,200.20689297779745,-41.48716422300647,438777.7971899416,13.9002705107753,-6,15.567092891569658,-15,0,0,7
154.93158629338186,51,50,1906034,-370,66,1543.14305438,-51.45697072404319,588.6809316545612,56772.403813800236,71.71853899854102,25,6.284307277181273,20,3,0,7
152.14564826871344,54,75,3725995,1073,22,966.3373768805143,-208.86622873067503,676.1508328409726,55260.96768201569,1309.1624314403607,898,1.706335758516944,-46,0,0,7
222.6181589063621,55,85,12590,2177,52,259.2311056459153,23.285907580165215,-51.33742670167637,28676.84326935728,74.63461023835868,30,1.1984202099835433,20,4,0,7
207.5466430615423,84,54,109735,-173,53,136.9617482835789,13.8490451203308,-74.7658837521369,47829.82413666442,36.269732366724156,156,1.3572129888587243,12,0,0,7
109.0166160080409,57,64,85151,-184,49,1466.2929902442033,36.84782440298602,-9.539624720291853,11384.074144171838,82.45392035512342,9,2.277762364996273,13,3,0,7
-23.569984740074247,61,60,-58287,1575,55,71.55260564272972,-74.69012401532194,413.0476487997079,4564.6734592854955,19.406164777430618,5,0.9969744535581081,-50,0,0,7
1383.484030624879,55,69,46385,-491,42,528.5147882634798,0.5641629266174633,-7.057896730991457,55509.03417750145,1278.0451596016378,208,1.7609688760492368,-27,0,0,7
1115.261238784946,64,54,55756,393,49,156.71096481436496,-84.16168381332113,601.0942403035903,38825.44990819696,681.8425626482133,-5,15.925975956903756,1,3,0,7
278.58742816727283,53,49,39817,111,52,179.53393221372937,-31.364114139802314,533.7246153085241,477533.66719320026,228.12692971790773,-3,11.527303075151513,-33,0,0,7
408.98574282730897,68,94,267774,1259,54,640.4818044891507,-34.12114795008222,26.331042755214995,24678.098773214795,1078.1477500897952,202,0.821281475104988,-4,0,1,7
1486.2382482454277,55,56,23273,537,51,157.69360780136176,78.0743432946764,738.8879514393553,28058.581850033515,127.2336397839781,28,13.881993984081365,-41,3,0,7
412.32680463522064,51,82,-37983,999,-22,306.3504066938787,-30.297054517238973,-12.938365780376829,68850.78954563462,43.12041316175622,19,5.554570802724391,24,0,0,7
966.7652126574848,61,55,46875,-120,58,369.70574830596206,-18.2120425582569,46.02147139632284,54023.78800909553,44.86876816175865,-1,2.020783827916449,-30,0,0,7
275.9036245228797,61,51,13185,1297,60,17.223416537058583,-98.97571423214525,412.740053141861,52948.43144907038,-0.5751636574468932,-15,9.477856539367867,1,0,0,7
468.78103017542537,51,60,1477989,-73,99,311.53182434514724,12.360432289396263,48.155758167803704,63681.670635069124,1791.7302677111218,22,1.2609881106657495,-35,3,2,7
126.59788693625329,68,55,2801146,239,70,117.71835265657728,15.416208064849371,502.07837750241066,26474.289243690924,46.97307213025751,26,1.8119871598953377,-30,4,0,7
210.00405185995584,52,75,33032,844,-38,245.8652488898105,-13.682607277541194,-4.493665968914117,22513.32835713607,1209.9532911052368,19,1.544660000875577,-4,3,2,7
426.0345626520806,59,49,59344,-732,50,1558.9068314864203,-123.78565211799267,66.47469547850156,49387.55561613465,29.359863801651947,7,1.7826427298109953,6,3,2,7
750.0493881410241,56,48,91002,180,200,710.7262807512932,-67.29880123632418,645.4451174418467,-11794.117209440032,1111.5543040740567,27,1.1911851488785563,-71,3,2,7
215.17520089209864,53,55,80825,444,34,1285.1768268874732,21.76064268430374,702.835162054405,64215.15768686585,1681.004052738139,30,1.9135347340849878,-35,3,2,7
240.61004933995173,79,101,43807,519,77,229.91224969284417,-69.49168234615745,-12.921022590201206,29732.124680303794,-168.7912182198449,-27,1.4789981346742063,-6,3,3,7
555.811589119476,54,59,73358,812,53,489.29048639420046,45.72457119178097,106.48791874396503,15695.344036312223,360.7394484774359,40,6.4839086522699985,-10,0,0,7
825.6111489856173,67,97,-763522,624,-26,1631.3090897397688,731.4618020287793,27.305820612789816,62379.8459585929,69.94605957036467,24,1.1902014525501137,-129,0,0,7
55.895341596942394,96,82,82189,1344,45,524.4501569239138,36.242620829226304,396.50310705329105,57663.02521335042,81.05401039578558,-9,1.6695530268927359,-15,0,0,7
495.7251929222483,55,57,-7693,1829,68,1211.2901926418974,-134.0444816518544,534.4931086290461,-9140.498407251507,115.73776043161809,20,3.8386015264831856,645,3,0,7
-49.36560862070151,72,52,64423,227,58,519.9569921869539,-87.03025789799199,49.8366514400203,50172.61644991418,284.68731057177376,237,6.818793122813031,-64,4,0,7
1639.5787561998727,51,88,53751,5451,70,230.76816451787525,-13.131811563377848,484.73599645446075,18972.362943413777,36.96784638347514,32,2.241116657132226,33,0,0,7
155.22895980111662,52,53,53790,-92,54,393.86613511954107,-105.09881617159249,-81.45492097763994,29474.63104911463,-10.158085879341257,22,1.394493894806935,-30,3,2,7
463.19999231295134,56,59,7107,1322,69,661.5383639757175,250.7107067008258,362.69390225534727,33790.062455539475,34.80257360052775,3,1.2641836103321522,-52,3,0,7
405.75702979570156,61,53,-33554,-277,-19,1467.2311072859748,-109.64930532929498,368.33305552144896,-4828.450218627757,227.3529183600251,10,1.9811691571553105,27,3,2,7
494.3835376861779,56,56,7737,1754,52,545.9539698582201,-42.9863155526304,25.23101659785772,16342.527797459057,24.417729742453396,28,1.2811261277589687,-18,3,0,7
1475.5011716915892,63,69,60300,489,57,734.7906556740052,-137.64414036554834,13.265766772140276,224344.2696021421,60.97308035454516,8,14.192179593081804,56,3,0,7
1298.2549009239115,76,54,-62027,1228,182,241.50261016893324,678.021765249502,397.49738019492,-29453.759293064788,41.90976739908418,-1,2.08237899187582,-26,3,2,7
69.96577981602547,53,90,13132,300,44,1235.416920231113,-54.44352500004884,381.49547417158936,5193.808092306539,15.389244940538447,16,1.8640193507104694,2119,3,1,7
206.41397177194557,56,58,-8340,1353,55,155.27229235343822,158.03629442096656,550.0236676184194,48542.362125992644,592.0533712391232,-7,1.8973600776123067,-43,0,0,7
83.7417616537287,55,62,26056,1392,43,200.9296297062896,-54.5880940983165,412.02390815155417,66363.70221122238,105.9686580958647,7,1.0584122524997899,-151,0,0,7
7.488845944739126,53,61,74974,1172,53,193.90055095855888,142.5955307540948,493.36642246017175,53495.57648336153,65.7663331620802,36,0.9278743410331483,-47,4,0,7
487.09714496996924,63,55,40412,945,76,112.38568431432643,-127.71225929072733,509.36842084289276,-24637.024671608124,1372.982798153067,107,-0.11709748664204467,3168,0,3,7
20.637717135577574,58,79,92525,1578,70,1361.4737667352338,-152.49973925003232,6.304097704733212,27445.57614748489,80.47455686491588,3,0.9964589791236831,27,3,0,7
311.663977294587,56,56,428016,436,60,63.220655352103584,-183.3906594420473,80.62809331470136,-13726.1149426445,235.1508203102085,6,0.23510963736288282,-14,3,1,7
793.9901449165558,53,74,5335,787,-64,96.8664108920648,88.29653795548082,-25.739651348359736,23673.321662269227,31.02996363035229,23,0.618657295693624,-15,0,0,7
-57.616559643957615,56,81,71606,545,70,1497.0826882921663,204.15185594143134,363.3239294057347,-22266.107340360686,7.424408112872243,35,15.884602204644722,-47,3,2,7
1361.4114119103708,67,55,63985,2,53,714.1658106668021,-122.1179837028447,443.44465050626224,36177.075354248664,1667.6598854828162,28,5.436744297634814,31,0,0,7
28.144207110230624,55,68,40730,917,49,731.8523424655954,-228.76509713863538,449.26721979944887,43093.44224122648,24.112976085962572,18,2.374338524370029,54,4,0,7
251.51722461151564,79,53,1572844,2100,46,977.2468617912809,-87.96236074958658,586.8176976198513,23772.105366496842,340.5934929438964,24,1.2691206544477378,-8,5,1,7
131.8311032541843,60,102,3328904,241,-2,293.2340689698747,104.17183473431336,359.552496896303,-2058.1651384906745,33.45690216891276,23,2.360801747420851,15,3,0,7
319.7377006543295,67,55,15009,597,60,127.02598746651536,270.6256410835113,-24.45741010397773,-17643.0595921803,84.56550655296877,-1,11.77841490209537,25,0,0,7
516.3155707069842,83,51,-27186,1618,55,41.88261872920653,-111.26438428514538,447.1053975779562,31968.47126540597,29.477240590190775,11,1.053187160111169,0,0,3,7
231.07836281507147,54,95,27488,79,52,167.37659906074455,-66.15332525948025,513.1014574061919,40123.73393516547,42.7334578292412,6,0.732210627853764,13,0,0,7
-22.64304075010112,51,97,64828,120,51,1004.0021846224067,-42.67548019942197,112.26288187262841,17621.661456301023,179.54259023179034,45,2.1429153776013163,1904,3,3,7
818.3557166486705,70,57,45050,1029,49,278.34708852472784,-76.24438982175862,423.3177407833682,30643.023492184817,88.41273623874342,20,0.6797505269302108,1043,0,0,7
383.20797544417115,63,91,114729,991,55,581.4389714138855,-28.83261436113288,396.83213008968636,30249.72781123773,1805.5477054082337,-7,1.905020669791563,-738,3,1,7
123.84992140108304,53,55,271448,257,-36,365.08082321464644,-98.53042041223246,-63.80318654752903,29867.594142549064,21.612959755975254,314,0.4473368053894836,26,0,0,7
74.88385112836859,65,52,-11198,1565,59,874.8487093517407,-68.70741229556992,35.65044609069762,46784.55892707851,15.618666929712305,-4,4.722459496311966,-40,3,2,7
710.054381939141,53,68,68951,1914,48,554.984101898922,-14.639832421448173,-23.020933064038665,33604.66212003921,50.44042898449847,5,5.421499070934224,-1,0,0,7
200.89063426396217,54,50,106057,-198,49,1195.941710154738,318.42752165798345,51.80067754697292,32511.389623282437,4.4616554946774585,11,1.211515676321583,-41,0,0,7
654.7499330891566,104,72,97562,1319,55,153.96121206408978,-16.05299011611902,-89.47908540781064,51466.83018958053,78.3049827318961,13,0.6629960657202946,23,0,0,7
1763.6926218342442,55,57,117686,25,68,172.90520663659052,-37.34740042310875,-58.61312724363342,27305.83517727934,128.0010478586289,23,1.5103488037662003,13,3,2,7
1065.7018945391906,71,67,37721,-5,59,272.7139915811018,530.0519256690127,-49.27767957577599,37754.93306990762,1343.345616078925,26,7.401402631739682,-72,3,2,7
71.0131907216287,55,62,31581,-180,65,1068.9921584118854,-43.34523916927883,-78.2988600142306,912814.171605957,6.5659637240481175,-7,14.830796811948616,-80,3,0,7
-28.786127416531244,83,86,-65280,1537,50,166.3899338856554,-3.199675630650642,645.2060038413933,27532.86629453552,68.90973699931662,16,2.2249533619260906,-46,0,2,7
1301.0112488025482,67,50,52644,1208,64,939.3308871378729,280.1322506965731,495.4536912096142,6529.665124857795,11.518664745286813,16,1.3257978244960347,-61,3,2,7
1489.490847190966,58,66,74332,727,55,169.31571121456028,135.5459765375408,523.0565807392262,12008.624491007538,37.420193315357096,39,0.7704668476997379,3,3,2,7
117.52640418455931,55,56,4161,2685,63,1004.9696394783008,-57.76270307832037,-40.191851356760836,12592.626692299898,745.3815599167535,3,13.881124887278634,-40,5,0,7
130.76345234633104,52,62,58809,260,54,348.12354653838815,77.54496448853007,22.88389006703946,40476.737525159915,143.65496296840467,1,1.7356643516842831,-46,3,2,7
617.2487359861619,106,55,61975,-408,60,-70.91727905743983,68.80108351882538,584.0736782595926,42087.52244716536,73.15421934635344,4,1.5681734043555111,8,0,0,7
153.25221442235346,54,85,-45930,924,46,684.7451185028086,-93.5040907156486,35.827142654019156,440289.62853581156,138.18329202396967,-5,6.770075364415802,-32,3,2,7
1801.1250794650105,53,52,26042,1175,46,216.23265371932192,-24.34426612843733,470.81614330553106,10004.033277602597,-60.02412041532972,-20,15.34797698202956,-65,0,0,7
742.4111130390581,55,56,42177,-297,57,699.7490136780561,-156.47389453959974,1.619789104589497,8244.878094810634,-17.089225583382245,-2,1.2190382405883318,-64,0,0,7
812.2733740422284,53,54,2516782,811,-26,23.333873424512248,25.479861137773646,-21.885118897685892,47970.16564106209,-5.76957541361017,28,1.9980214730113675,-43,0,0,7
400.0903221298971,57,53,-25639,1494,48,581.3058739130765,-114.88529890898823,45.2607144223899,334262.6740553514,1343.5872636818826,21,1.6398131903045114,15,3,2,7
467.47584262324676,55,55,18533,1845,52,453.44063452262674,-42.963393556467665,437.3941187937453,45903.746252666315,30.33491318041859,3,2.2074245342893386,-28,0,0,7
267.6179407758401,90,51,48183,1186,62,390.7257070818502,159.9352239010494,345.2199333813296,-3791.2713687538144,-5.8220778758112175,15,1.421507027424115,-29,0,2,7
239.6937453680369,52,63,47765,1314,63,89.26232551422109,-45.53126574258948,-71.30891337869555,40351.98280231122,95.60246046083462,45,1.4943600015477747,-35,0,3,7
278.6623739885571,51,88,70763,1716,46,206.34563622554748,-4.434549674838838,119.16786426361013,45773.073765799425,677.8678267474265,32,10.019454627497577,-24,3,0,7
1196.2507871346252,68,55,1151,1925,49,513.2733462990393,-109.72573641824312,454.5397257301613,12069.378875544991,-82.59295929230876,591,11.200297315994998,23,0,2,7
681.3639791187652,64,47,83807,-186,71,573.7918308476973,-235.2921792111722,746.2604862984325,56952.07613740552,37.725016083240774,-11,9.826556112078569,7,0,0,7
193.33572361646975,77,64,55976,-539,-31,721.1859633931073,18.428616153901658,6.5734102253467945,-24918.983815561725,137.9438693771965,17,1.6313680969322395,-54,5,2,7
432.20936835164434,56,56,96085,1150,72,355.5914957042924,-241.9115545928562,492.15658736261463,8981.265163151398,95.65825338127578,-1,1.1319703424009784,3,3,2,7
369.6918202837116,54,48,45816,-357,42,537.796656491404,-123.83125266395996,-72.27436048058034,64178.52510114645,19.16474122972062,20,13.927845489842639,-49,0,0,7
1730.9271512776813,61,62,-29148,872,27,1528.078900358896,-29.519684649366216,507.67341214607455,44191.31049270352,70.89249107825137,11,11.224707506342664,35,3,3,7
1385.0778714820146,55,57,-65711,1441,-58,122.61190506439982,-121.67586990098567,-37.28641674894045,8581.118335832824,60.05018191605686,193,1.492918612579916,-6,3,0,7
149.74423344344694,56,83,-17158,2044,43,385.62866643511467,-28.554556777744263,36.900726869005695,36372.92873803055,36.526019544043635,-2,13.750384405224825,-46,0,0,7
100.39873762796326,55,91,51466,910,47,692.206328249962,100.84406256590435,1.4955490091139794,61426.172639246324,185.7975906548956,9,1.572399164329155,-57,3,3,7
1642.3851555921724,59,51,68631,1037,170,293.69894773136457,-9.891248648754242,-49.398435722005544,37125.34595105432,-11.834934928957566,-20,0.7722149980368557,27,0,0,7
42.934835279812226,64,51,28745,1507,55,26.924703710968345,-85.36659874005534,338.1511150857069,1658.4221208223316,122.30560248648146,26,16.131561560388434,-266,0,0,7
1231.9831746060606,87,109,35263,-489,44,207.73705693957865,-25.29263423983807,49.511098765899156,48403.125771323525,86.89454680866895,-5,1.826898650096584,-532,0,0,7
128.67403766995457,73,68,4515,1534,51,-28.232366603929705,145.50711682153602,13.29626017756118,20034.244496206167,-26.382089357847292,2,-0.00702299500893766,-54,3,0,7
387.97707897107523,55,74,4221,1072,61,169.68037425410392,-51.60201149962984,-37.9804038680135,49393.2857132178,776.9553798327523,155,9.000749711193482,-27,0,0,7
2045.5432953984364,52,63,57614,86,49,129.62932029693562,-51.887992501207464,243.70936013953798,647352.8344505597,8.453606622878027,11,2.2501717013296703,47,0,0,7
499.87236565346325,78,59,14939,883,70,1626.387648444715,84.33147006200245,-1.702382925698716,38039.31103213505,159.97871736092264,13,1.5041163457438325,-411,4,1,7
502.71555439389965,51,56,106595,-33,55,897.7251491012812,-53.34864021951498,83.86579157820718,37429.195400386016,247.88753467302948,25,14.097966336699756,16,3,2,7
442.62668442258575,51,79,56296,1018,49,279.2018598112603,-17.743114109119688,367.47850755427476,27143.65028423734,121.06121734315388,26,7.229699762724906,-2,3,2,7
1229.5302080678412,57,48,103970,1263,48,122.18246396518218,-25.19942091159913,467.3324734901355,-4837.156921819431,64.72025931143975,-1,1.5300125166711904,-4,0,0,7
6.517724611810095,53,72,53392,677,121,539.0382249531351,-225.07500416421988,-21.337849510135968,16497.921232640852,84.12365002058698,2,1.27026355195816,-49,3,0,7
76.83164630367784,54,70,14783,1421,66,1159.4494018005162,83.60716830875168,-20.82582185872026,19851.72641204985,229.3784876304868,93,1.361298454404565,-41,3,2,7
378.68085135919745,51,53,24311,1035,46,1147.652747813177,-1.8470153914443408,-14.606205596573167,40619.52704046575,1505.2475911001873,19,1.3046817630175789,33,0,0,7
502.06634173684967,63,51,60186,446,44,366.1625985729482,-104.80217678414562,630.5809381373555,513757.5233102965,56.362461294561115,22,9.944480112001784,-55,0,2,7
-0.5197105168234941,74,76,75737,669,285,570.7302209811633,-45.528451260482996,-63.51696551942042,43191.827674514185,0.41758538273698775,21,9.924886975148823,2575,0,0,7
102.95336472512086,57,52,-72197,1187,46,1027.4216669675227,-33.82858628913495,-11.280711812069063,51188.64106583301,324.7540677477863,30,1.0859916122799806,1630,0,0,7
541.8775571754156,61,73,38665,1137,49,1169.2791513350828,-7.146800766760986,-24.075608193427342,-6227.304956083066,231.04981325553243,9,1.5021337947439264,1,3,0,7
1156.5142299247889,65,50,79174,-175,63,1330.5693402964102,-18.11073463860836,39.12325448443551,-14819.88162899687,101.61505754591977,244,0.6510538826969438,32,3,3,7
1354.1336436331217,68,55,-6107,-196,54,1564.1045188065775,-96.05488286515052,-113.45375303666478,12268.987601763136,56.38856618406959,197,1.6658306054551608,13,0,0,7
362.9327230367505,55,72,43287,1165,44,250.38594871731425,60.28981538578512,5.404802819033784,58643.90606790116,1404.2636851655266,20,2.2691286057431763,52,0,0,7
63.73460937066301,55,52,7708,609,74,1155.4571205409852,-46.64442421538452,-45.292181774899696,44897.35312089126,140.24335536066906,199,1.389196560829519,-58,0,0,7
1071.5657033749985,91,72,2603084,558,48,529.0026320514427,59.93954478855386,105.84789975041828,28101.31256854756,216.00579630590846,-15,0.9238090876395337,-27,3,3,7
168.05344047297186,74,54,60345,2493,61,414.9070712987845,-63.27050956285565,459.3975963306955,10998.72720051769,1476.6212855792232,15,0.3506644195308907,-3,0,0,7
245.10517839601638,75,57,27739,2215,58,733.967267337139,7.744972725009365,-14.94802967611121,54268.422284858265,49.40102339820995,17,0.42058747793869405,-2,3,0,7
1385.213464338892,57,81,77517,938,56,916.62261708865,17.34116124210408,567.5465839311556,628551.1371645912,-98.0327924024013,19,2.0363954705136273,-14,3,0,7
263.6418920338541,53,49,19604,1372,-22,60.975800002022424,-103.80628337900822,560.7338150315541,66053.98921276483,49.62261855741217,19,2.2016628802670217,1298,0,0,7
712.8590851235234,83,57,52919,-322,61,57.219369156893755,272.532087212174,544.5518993412832,44556.70010041047,52.72602878680615,33,0.31824478723122485,-42,0,0,7
199.80625681797372,52,76,-39018,1046,53,188.02099417353207,-74.2756543385243,423.61998931861905,-17431.20030402785,820.8393994387119,30,15.06705024653181,54,0,0,7
147.79107647720005,61,67,56674,1830,70,897.0934639303766,542.662435035166,600.2164372141439,59340.63833092285,1069.8724313869377,31,9.112247498653495,-39,0,0,7
149.17978466456117,70,60,27201,1380,96,194.94262189884972,-66.46184787228596,38.43521797662577,27848.771259255227,-100.70992949272505,28,2.2224285212667074,19,3,1,7
1051.3705340398742,51,94,-41808,239,48,765.1351102079582,-78.87685136978605,453.89722520106346,12843.943833232823,77.4714892113497,-19,2.015660700026072,21,3,0,7
708.1067220130955,59,51,49451,-1615,59,793.3128576308703,520.5698626201696,-23.928285798832107,67390.0109751813,96.5440393992942,20,9.662560995911667,-44,3,0,7
149.2952517209782,64,51,2776890,1534,46,187.65843327917167,-136.77917545492159,30.70525197492278,8975.079713102254,167.0975637326065,-6,0.8674993225896922,41,0,0,7
40.27189335833423,70,60,27750,1621,48,152.20540072905743,-102.13567839216464,-91.01401612856414,-24492.625391037298,31.536346938279827,23,12.325221999908116,-8,3,3,7
1415.7647076166966,57,50,41266,1319,49,393.54177057372704,-28.212332059727512,545.5080317004857,67500.85957814369,639.0893731808312,7,2.0395913144608344,-28,0,0,7
578.5339585346278,55,71,42163,976,-25,147.7764138911507,-80.79656284264112,12.453197163533195,38946.455462721235,65.95543065213721,36,11.438551326593078,-4,0,0,7
303.3724423280511,68,45,-4791,1668,-15,1623.123246017633,107.95665108766147,549.8128664244845,32746.225599848025,966.8994703927603,232,-0.7926731815117423,-7,4,0,7
463.3221213762597,60,56,-14938,-574,46,154.97802908969737,-66.84370109279581,-79.39879663993128,53013.7687350979,64.40840779163358,13,2.2041878356866733,36,0,0,7
1420.4561997903756,86,49,45726,393,53,593.6555586341494,-118.14834738630105,-25.30289257137973,30315.742783419562,122.15308704379733,-1,0.5494782926568336,13,0,2,7
1024.3943719521762,62,53,-11733,1002,56,373.84838046754805,-78.68407228489933,-44.458177525385885,742455.798381356,39.586769925072346,-4,2.19180795700063,-68,5,1,7
596.4417436219205,63,69,17233,1272,49,1368.7061520826824,-81.52614114732293,18.635651543682556,4914.462210423339,271.26306426456,192,1.2431423725485247,-27,0,1,7
1051.9823642612323,53,51,38802,2091,59,1456.4010153887648,-52.48418502470068,67.11143423976011,198163.43671100057,1772.28945098585,6,1.822510561723654,-67,3,0,7
270.8351850771756,55,70,62832,455,-10,81.99234820420384,-171.00847897002373,377.0896395932825,194324.89679512006,418.35973431287005,14,0.7474810760701354,-37,3,0,7
316.0459076566663,67,61,-887841,1796,54,469.1992507813351,-82.29941807329872,-125.70830167219498,27879.493379115018,18.509259787299527,23,1.9462916755027888,1889,4,1,7
1393.4705944224083,55,54,50273,219,62,150.41027916703578,-102.94786108925766,387.10802793328605,18926.722344812562,1497.6523173060768,34,10.908636264528031,-41,0,0,7
182.79477224131352,52,90,77054,1093,60,100.87343590853344,-27.48352213261371,383.8592523525135,51133.64214273791,873.594290689204,3,0.5990966446819419,646,0,0,7
812.9916979402644,51,77,64255,-84,217,43.567300379223376,-113.94877598445288,381.64630191696176,56183.19219342626,51.84868119819289,30,1.0524061017261972,-16,3,2,7
164.86103884804,55,63,50160,1977,49,446.03828308791987,-153.0007974412826,299.4327170323482,37199.5181793458,1270.2963805247277,25,7.888717797995067,0,0,0,7
1501.2890127941257,88,61,17360,2055,65,733.0475337854009,-156.47044064439302,609.998205657232,20152.8036037134,111.64105190190838,26,2.3689840397790785,-68,3,2,7
549.5503712281717,52,71,70726,1544,46,469.8007977052554,-135.46649747619762,166.45046734438705,7015.289810061276,-6.309472109758644,2,1.3732526298759367,33,3,0,7
70.55593441637907,65,53,-11430,311,48,166.4759739373956,-27.054310987738436,674.2364657311831,30220.854210688067,111.2669217934824,120,10.659950216873519,-7,3,1,7
44.467262870665195,54,84,440042,457,68,1023.3700046681176,-185.2618062378151,422.9480504491198,-12076.77489142961,38.1280434241491,-22,16.15684516067433,2,3,0,7
1580.3386815271203,52,53,18498,2121,63,203.7833069036201,-57.036221107006696,423.81411903497815,29398.84592777591,407.0598533156088,858,10.568269849312331,-64,3,2,7
385.18465472080914,56,53,116655,628,58,553.4909495043054,-80.85422919873588,579.543890087979,4265.772161474304,18.428081657949235,9,1.766049083599329,-108,0,0,7
1707.6547738380327,55,57,57951,1463,72,104.28200842434592,-142.2181779124752,522.1598293917076,7768.748574574508,37.49634361599474,-4,0.6548792369225249,49,3,2,7
247.17574769380502,53,55,66096,345,48,1587.6360391188787,48.172563467582506,34.21997415955197,20821.617803662997,60.572300623506266,11,13.677400401761092,43,3,0,7
254.65876241681303,75,57,26254,290,45,165.8772046878242,-93.1867119885104,-50.91406393662013,41919.133076732185,928.0410989524626,7,1.4657656445760057,-51,3,2,7
146.37202670813843,60,70,61906,-504,60,1253.850437482474,35.01943601408027,474.43355924011496,36643.240020882804,3.5799694011279257,4,1.3688121534406,7,0,0,7
1139.414352606308,87,56,33029,-279,58,142.1107799788496,-87.25059967524433,530.2926789042451,16751.89767268918,78.25978411117882,16,15.22938372724833,-24,3,2,7
218.01676268222695,61,57,27896,-41,46,22.219474750646498,-122.61202765598375,29.434257982706143,22770.31424500655,73.85594871281857,1,1.3723774680710887,59,3,0,7
237.330947915347,54,69,2549193,1223,69,289.80810062120725,-3.426902375220365,57.534915449925386,-12773.43000248912,190.06784916957875,-11,0.21477182264282912,41,0,0,7
244.1913798438604,89,74,11726,249,44,1247.5456222524463,335.8107883735777,569.1380528904325,49547.11004430387,266.81838256567823,9,2.4240161787637,-55,0,0,7
1451.0414096899353,52,57,-3774,729,45,84.5842468845571,-61.479748582851016,521.7463023742129,19806.94074059714,57.78489367895327,12,12.096716394390128,43,0,0,7
117.4685557917915,56,83,-31971,1559,63,1238.2738419973173,-26.593409973956465,374.509059896192,17260.968734940438,219.8971905256326,10,1.7634511406491398,-56,0,0,7
191.61281215966875,81,61,16749,1409,58,143.2140018086053,-129.7097518750221,84.36610485577091,35853.06630571757,400.46426142319854,24,1.754225103652164,-39,0,0,7
8.576895064518482,66,59,-31442,1111,52,767.852977542823,-578.8110518115191,-71.35689196615132,17956.874742150925,1293.5304883512074,8,1.4602136001834491,32,3,0,7
245.6177959674842,55,54,75703,344,29,160.11953791098128,-104.77077220393991,-114.10201413285971,-5583.373827828367,76.57195941381339,2,2.198384867967825,-27,0,0,7
237.94422930272384,53,53,40828,-21,137,1406.2045384902863,-125.51228019801329,400.71980904435577,40937.614154602314,1028.9271162685093,-8,0.905106721500766,-24,0,0,7
-9.087106899168987,54,80,30825,1850,54,276.78647264032566,-10.813536559833235,501.8912282115496,12847.793872534829,832.3021382945166,207,10.794867251800667,-79,3,0,7
182.94938312815918,78,66,-9931,2039,57,1009.4325271408065,7.552764217524629,413.84868665275746,16477.13920477357,-8.349098673761745,18,12.09889596552816,1440,4,2,7
1291.335015030902,92,93,-39919,977,65,1244.0906693562822,60.027330023775164,-43.895529453864576,-1438.681798900996,7.087823032488927,1,1.8827335371568559,-22,3,2,7
139.62332132908273,57,87,-1348,-43,59,1262.1576984400094,66.72164080420703,329.6716091847585,64565.27329124889,4.58101103526954,22,1.9273029824950076,957,3,2,7
17.751703905437623,81,71,6035,1152,-6,119.50553121595931,-166.15826674513482,-39.476132698778514,61842.50964943973,101.29885724001981,25,1.1514264826709673,-13,0,0,7
614.9229442821722,53,69,82685,488,29,486.7572914712448,-95.84437023460984,557.9057644244436,60320.580850798404,71.14216431733422,-18,1.879994783357657,12,3,3,7
347.72223738639684,85,57,60171,-524,66,230.5066696615146,-5.231950613370902,515.3616265401597,17899.021717752115,54.35264854932157,41,15.180872454596976,-29,3,2,7
871.0700872248783,53,85,-555,1830,60,977.7650440677455,-99.47299145722896,498.73470993964077,31486.75109504536,1635.8730840607566,10,1.1395221418460362,-51,5,1,7
252.05860429936507,53,58,424,757,61,496.8178050585607,-116.09852905039418,-96.26997592195843,27836.082889258498,39.07576783212404,8,14.911971459721954,-50,3,2,7
252.59557544423927,73,59,5333188,590,55,544.1245037135717,60.44677604236409,5.194568663426992,27911.734558554526,49.92341906232573,37,1.3670069744227324,-31,3,1,7
67.09803005081338,53,77,64554,-12,53,441.23541186463575,-141.04059479541428,6.901271907916053,62224.09074326412,57.27393633577941,10,11.11112539615352,-28,3,3,7
72.87266805437535,52,73,45946,138,58,27.607277050364544,-103.49152245327406,15.453300712238773,85466.38078368794,268.28177927206553,38,1.4353737401442006,1450,3,0,7
126.4105948541837,55,78,-24771,488,-39,195.93372239696401,51.67938513035969,-49.105254580766456,61779.23669969762,74.84760803504206,239,9.54914961400263,-35,3,0,7
315.69337333083695,70,54,4177,620,61,211.6841287444585,-92.42944166058518,377.321568605375,-17141.780356812407,3.1478156781142417,32,5.442195921189578,-163,3,2,7
1346.3367047241575,69,76,82259,-128,92,546.5262437058711,194.2434735707989,641.4194243919532,418261.2092205415,61.87549039102943,14,1.4416206579603543,674,3,1,7
339.1738380611534,52,57,47154,369,-37,1168.5009558458873,237.8466233508753,433.95056211986105,-16588.440228476837,82.62572962419544,19,1.5174316927556315,-18,3,2,7
507.5832743447503,84,80,-33140,-277,50,168.68103685460846,-113.04136011511787,447.7181778274612,366845.2808900204,179.29186948754727,21,0.8341931313560487,-20,0,0,7
520.5786057031501,64,66,25320,1063,50,134.13638194294242,55.51191740297841,-89.1581209067002,51028.632066643375,1317.7761046892253,39,1.8227080641451257,-63,3,0,7
60.729166339103614,53,68,-24075,681,48,821.2272022039546,-247.1475051106404,-94.53067427307226,43383.36888916653,85.66281995006922,18,2.356553437054517,-62,5,2,7
594.1026661710806,51,56,141206,1616,44,39.95628712619447,-143.27446122983957,20.77719167690828,47190.17598490492,185.14869455325112,35,-0.04854894065584037,39,0,0,7
115.60888232239171,68,52,8008,1039,50,172.50103131392302,-86.3607728052881,421.1562977214778,35012.22251809211,59.594336808435,28,0.40356330858109485,7,3,3,7
1721.9421832557082,51,79,3140978,1000,42,598.1213281160813,32.01618141299946,343.6539847798974,16374.348290185859,200.2191682323357,15,0.9516690936554648,-1,0,0,7
242.0011998994998,76,52,34624,773,59,-8.400582463297567,-69.61529984222392,-55.41853637793912,19169.814623925733,18.86295049374705,-7,1.4700966970956695,0,0,0,7
62.970270251534444,68,83,-16644,737,51,121.57766740447956,-17.699690678212544,-25.236711808869067,69992.7053119532,-17.75030323554006,22,9.199268601593591,-7,0,0,7
133.00090126408813,54,57,17894,2777,61,1178.2450635737584,216.73528211737042,2.3703537428326573,37859.697093798444,-5.313363871014346,8,1.5358876685986993,-40,3,2,7
317.7623458791954,54,56,3798503,-226,40,150.05076673880748,-118.42497852618467,55.11859357967202,57184.916588895205,27.64196551320714,158,2.1528364027821576,-13,0,0,7
91.75010247333567,64,87,-51351,1233,73,710.0082771876444,-113.10865781775826,-59.96030618781561,22240.67019500176,-27.87813130721878,15,12.952700905780791,-26,0,2,7
242.153116079114,59,52,81090,-4,51,223.40835465027536,-49.43220453993317,-41.0114215461584,44274.144592641074,367.8660594687178,19,1.0084557880346694,0,5,0,7
431.4249302716529,72,58,10580,890,42,160.3556894931946,-141.9694061652062,432.8583977465603,21299.633115947734,1009.1084403855766,34,1.4644185885485594,40,0,3,7
88.57768855175735,51,60,93745,1707,51,1012.4123168681118,45.43280800696641,36.05421569612106,38618.2989749258,1371.162261742884,-6,0.7012851693141964,55,0,0,7
90.00837215014525,60,58,45701,946,52,375.7904405884757,-4.922416176639,53.01063690059305,-12743.334481673544,106.74720204183839,23,1.3623587245219253,6,0,3,7
243.4206311352428,85,67,115057,1204,57,744.8731219734218,725.1178001066968,-67.09943591933089,6749.832845262004,359.8473972691708,27,2.331832353892795,-67,3,0,7
553.4916139714242,53,56,646,-323,56,502.30950962384657,126.9756383282579,348.799763905084,38387.65005619972,190.832117855408,37,1.863563637685679,-51,3,3,7
1517.5258363188027,69,57,38145,-121,42,536.2499847878707,-27.775627331639395,523.5999553374347,15983.212082234311,114.40076956051095,2,1.1857569308153248,27,3,0,7
-15.926290132971616,56,83,3344418,150,65,73.81709238257167,8.019590581410341,-6.804798523144191,-21401.454874243413,84.29816650822681,12,9.817043132311042,-17,3,2,7
1169.0594301411068,94,56,74626,1160,59,970.8543155897763,-92.91129047271899,444.74799705598286,57528.77245840064,76.58362994164723,30,11.130799404297058,-56,3,3,7
350.7034925864425,52,60,-36488,905,45,101.65559833182317,-57.6512638173308,98.7852793609287,52430.174611646056,81.45913941170451,-37,2.1169966562812688,539,3,2,7
102.32587831334388,54,52,14009,436,56,849.1563982280908,-106.2061844649067,634.186464015694,333596.13955618226,1025.938616924974,15,0.9716104403391563,-25,3,0,7
477.7804619033009,101,58,110929,1301,-27,681.7828237335618,166.94291861375194,-63.92254651893972,58788.697363847394,65.88764870369586,-6,1.8876055695805394,24,3,0,7
307.70369544847995,53,54,120433,1041,47,430.6503103732804,168.39055804137126,482.48006487527795,35376.10453475425,116.59619014181118,12,9.26894047642326,24,0,0,7
936.1757803001524,58,61,3768695,-258,58,144.2167032125722,-98.68808996764989,-25.715532298607798,-10491.581483798836,247.2554031071163,-11,16.87932554844121,-15,3,2,7
866.1603787033728,85,50,28480,1356,59,1011.7333036310304,-190.68992002097207,461.5956525993071,49009.79041665603,183.5939634779795,12,1.12772972097261,31,3,0,7
1362.4404071842491,54,57,-11391,1736,59,1456.261697136974,-123.04336895649314,58.87159972688175,42500.581541560096,341.6547601904714,194,2.1241399091717423,-71,4,0,7
236.4973117372487,57,79,3551599,-127,53,206.40359330734282,-74.24697331445078,20.423738213714017,42412.89312356956,140.94966303387292,36,0.9157945747933292,-54,3,2,7
504.1308450411097,82,69,-14147,514,48,65.30100440073599,35.629444118400414,60.566119976744936,1129936.7828165465,520.1185527408614,26,1.8161530723891457,25,4,2,7
194.9833843854717,81,94,70032,1233,52,467.77907238508277,-114.66595374026471,491.9175709825721,12253.646872417872,23.811463078015805,171,1.7442547315560222,-70,3,2,7
-3.727119118381651,56,61,30686,1335,52,127.47324064165419,41.33425956829587,9.359290876500529,6011.148681506672,888.4531034230998,4,1.4495175989118478,7,0,1,7
649.8793075825449,59,51,6922,391,62,1342.2906433833034,-82.64521080200261,518.9513346576551,335326.482462231,152.76965701374144,36,2.0167605624359406,-33,3,3,7
751.6168122843717,52,66,34856,1933,68,183.77055812118084,-188.99867794708385,541.8868095868175,-8203.335607811929,146.43778946516238,-18,2.09863891522773,-78,3,2,7
203.44201053193262,61,93,-70330,1247,50,203.58077738774338,-184.5409170684319,694.5330056269054,44744.50257267922,206.05189455676077,13,1.3538548738923648,47,3,0,7
248.53540051546827,52,114,45614,1004,57,288.3949212616134,46.048295888500434,73.60914880290977,40514.27299735566,8.086919717464212,32,1.884072330444996,-33,3,3,7
1471.2598315065477,70,57,2153883,-435,52,877.827156854368,-39.66655928925819,478.78622883675564,37381.43416541887,4.362365522670984,-10,5.880089248990212,-39,0,0,7
208.54159059742778,64,53,-9705,1696,57,202.15637475272737,4.203697393012028,502.0454732543629,26118.337197628214,82.23576591980844,264,1.7569054444748793,47,0,0,7
367.4756072674688,67,52,13726,176,55,1142.8032246473117,-18.164171870437997,-57.42951874337904,50024.53889741661,52.039570384837745,31,1.5518967833845863,26,3,0,7
1632.9047345912154,66,51,56673,422,60,1085.4246864486424,-124.74338530648478,-87.17687098511409,53872.62020773434,572.3439424719288,-1,1.922774198033336,-60,3,0,7
107.69121824015465,65,60,34108,-294,61,195.07678554470442,-74.70082579539347,478.1485698841175,2128.0388164670803,-21.280989427201405,121,10.253236994868704,43,0,2,7
116.91112783818564,52,52,-19647,514,43,1232.1873346129014,-254.5367480730572,467.8329058328774,-3905.9118863980475,1710.493042019624,149,1.3243921259715683,76,3,1,7
49.043896029621095,55,78,70492,926,57,1491.8561403172123,-168.21372999347207,-44.54606387560101,62143.7442728099,-97.05078177038212,30,2.015139114607368,48,0,0,7
184.84699013730082,74,83,-14149,-570,50,1395.6611145213005,-194.40073741978307,471.8445019231995,60172.753520880884,-7.707786338848294,-11,1.011962460168138,3341,0,2,7
614.9146023746947,70,46,-65590,1119,51,264.82472319864826,771.3327044446523,445.942437301484,757168.0848583538,230.86852495081635,31,1.0766164730046222,-8,4,3,7
8.653589914033958,68,67,66824,204,61,642.9539972603047,36.49707838030615,48.916484000290865,7468.393900610857,149.01699742080146,8,16.981836558664384,-13,0,0,7
68.5491205301507,55,57,-12064,1053,52,157.83992986081455,157.13416387805162,28.734391618183015,22166.698144774324,736.473832885973,-22,1.0040431696544239,1,3,2,7
116.16913333768602,62,93,60167,-169,49,1215.8714134603822,-110.58512329962068,440.8088885039807,66809.72396016245,22.70631224000175,18,0.5706678150519336,-53,0,0,7
154.4785089977876,53,96,6957,1829,133,415.632796515853,-89.98269164535846,22.560378759471305,4959.291670827558,-20.15375875156961,15,7.052884502755088,11,0,1,7
50.7977868253059,54,57,20676,-373,-2,280.0534505697167,-65.51934529657771,530.8355552478481,-10676.644018816041,152.2510672836474,8,1.9905470219870374,-503,3,0,7
162.73125688808253,92,57,431835,930,40,375.07030089663294,-86.99213571984016,492.4377244856522,705233.3943985142,-1.240737396334751,14,2.3866231520335144,-57,0,0,7
131.40881345458865,77,61,66026,-356,56,1149.9091916835655,-168.57786488372537,-46.24487126449908,9936.479957850497,108.02024401100874,22,1.4753396920861204,-43,3,2,7
647.3027954550962,58,51,59484,1548,57,-22.544150662470216,-158.02638239653206,522.6149861891228,-5444.341821599628,186.0391101566464,12,1.761198052304716,63,3,2,7
35.27378962248858,65,49,67781,320,49,1210.365828139419,-186.15788717804068,-108.32489781371743,54656.59257329065,53.397621007097925,28,1.5895638002549595,32,3,0,7
139.65109762175763,59,51,-51419,189,50,1218.3597229990032,82.33422472791523,3.134830173195221,32910.263182576484,678.2933554907277,4,1.2520290634326052,2244,0,0,7
377.99433913148187,71,50,62720,563,60,591.415215386812,-175.43723990270448,534.2536377435829,21956.088926928045,1263.77158070852,27,11.351327146856644,-14,3,2,7
186.77859647477078,53,49,-9675,1214,42,101.2238906893145,-140.56351866209266,473.5775043565728,56650.620484089646,158.68339012106935,36,2.319402324969574,-50,0,0,7
38.9535386299132,54,55,272943,1278,58,689.7662602998683,-28.0719281764944,40.01313427302928,1384414.4923533222,94.32865419778688,-1,0.11675943851328086,-46,4,3,7
201.88676173712923,54,52,67083,1485,59,1072.4240237911167,-132.78006691364033,392.5089717487552,20412.33237855364,27.391660599881355,10,0.4724323799962187,-26,0,0,7
326.89733306147093,66,66,7867,168,49,371.465407324096,-43.5132019410282,3.9266572270888975,7333.590655984968,22.447758278889793,-8,1.3007636179426885,-4,3,2,7
192.57941886101963,83,71,-22996,55,64,1453.5220193119233,144.67461145105554,-80.52962557983973,5916.769415984989,65.23361553605224,712,1.4505491789621727,1264,4,3,7
196.25649981557734,55,64,7770,-266,60,140.8123770597772,10.153421781164969,326.0788872345272,-11574.161135634782,234.83965763696375,26,16.22228549015307,-71,3,1,7
98.48572717972476,54,53,45198,-232,50,1378.9777465813138,-82.7484396655712,6.2852091203110545,49166.775893003396,441.1629357467455,20,15.298442058553487,667,3,0,7
446.4283429573645,51,75,55172,582,50,1109.815496317291,-111.21841856964082,311.4172131847887,26630.981751100815,17.369621453014148,38,-0.0575065533856326,15,0,3,7
116.36372740591491,66,51,35220,189,54,1334.5795792967037,25.425707755420778,-45.55011598976361,-20373.892912196083,741.6459500611736,18,2.105426526047233,4,0,2,7
49.98549933806723,56,52,-17780,836,55,644.1330131086538,-72.96709973249207,369.5730629735093,43343.90878829257,30.972160643644017,31,1.2294014370823223,-21,0,0,7
15.559255887854022,71,75,-33742,1172,51,169.47948760679634,513.7789160592512,441.0134499704227,9559.316856455127,219.86802563369994,17,1.5604778102944716,-77,3,2,7
247.29435851950035,54,51,36240,2555,59,213.2242854078617,194.335656110252,595.7834489750902,45036.31840109865,610.4472829336647,0,1.0901108173446552,-72,3,3,7
838.6042442463277,53,71,77790,1397,38,583.928359123983,-20.637703448187494,631.0113620622536,1247770.5777829438,142.2510312787057,2,1.9796239101447837,26,3,0,7
40.03273667685935,55,70,-7049,848,45,171.276904440068,-83.23190130982798,311.350224582185,56256.194631155995,108.65242742811131,15,1.1643616289144132,-21,3,1,7
124.83564136932168,54,54,24367,1247,152,656.0329940675576,-5357.219994704239,-78.88137113791474,10981.649248780719,34.427352708923436,-8,0.7037818721903347,8,0,0,7
130.87935326746023,55,56,-6949,310,66,552.5043711483117,-75.34107450201925,409.4113915495038,-11204.619918287157,-15.857147356014252,5,12.520497412414162,-30,3,3,7
686.9886175882496,54,64,3799925,-187,56,272.4922531869212,-62.68782070454293,611.5147808730206,613.0735037097402,-7.37111781520332,-5,10.74758522276608,-50,3,3,7
95.31738661548972,68,57,-18731,619,56,1422.6371977118379,-17.814787551742587,37.60273446771393,12518.03758928033,1084.7139763636287,9,1.0721834272966475,2095,0,3,7
1023.7321383606788,57,56,87721,1881,48,532.1077301712209,144.22864305613686,6.97875374725777,37785.0160795942,-12.099074892986707,22,13.450810547259877,-65,0,0,7
54.23790668948343,61,87,33270,-317,49,512.4215178231759,-9.687950911222789,635.9889984868978,32150.312184705024,259.6915974313382,35,1.0448997186572566,-63,3,0,7
845.1370106210379,54,62,15044,696,47,377.7284984537417,95.93528141669583,614.3412309891177,47633.528692991116,712.1845130939577,0,1.4667944129997608,24,3,0,7
747.4382730117492,80,68,16317,531,46,244.27278139326822,49.32426033626969,405.49855195250973,221857.14973890968,168.14471948751174,32,1.4495169103502392,20,0,0,7
98.67696312560145,50,64,60040,-606,44,279.36715494155965,10.53604528116751,667.3905932816915,50668.79114464904,-18.211755726922775,42,5.980649463970698,-33,3,2,7
123.73343139991154,77,61,120417,86,58,549.2654350905916,-176.0866787093517,374.35825159490184,22461.84923166701,192.21212302625753,-2,0.5743221693054671,-14,0,0,7
452.73417114102847,84,49,51995,992,50,76.21141615230748,156.28137015690115,436.52479332412383,42927.82825624371,55.80085069692259,2,8.105619182028207,-32,3,0,7
1493.5826272204956,64,75,32198,2143,47,169.75085153643857,404.05244537234546,-4.995413050543691,43223.997957556014,1437.5468124878482,-13,2.1430481552315563,-20,3,0,7
1114.5919881004475,52,51,-28014,1650,53,68.6118620076291,-153.50295126131263,592.0024159500883,255517.42344316584,143.35139715769918,11,1.886964174441896,46,0,0,7
124.6344853516708,56,53,-16819,1299,60,97.19735512585437,219.55926685340125,89.83691986404179,34810.84338566744,1657.2329303594663,39,1.663746042564503,-57,3,2,7
777.7052418516055,54,49,30751,1724,46,186.7507217055398,-9.244471527448344,-6.284916739592239,37512.09414115675,582.1728168984391,15,0.6787898005866883,-9,0,1,7
471.05056068357385,80,79,-27181,621,54,1596.6747589185181,24.830752596152536,-26.082407076150524,43026.74541251402,240.42962772695032,18,1.838386267697826,1862,0,3,7
537.1665337341127,54,69,46255,-44,50,65.3689066239217,-170.73224343047215,-0.6932469705135134,43054.736978469,773.766078143313,-1,2.0845489937861092,47,0,0,7
828.5767124046598,66,66,71580,1899,56,1591.3506969129637,25.385483712764355,606.1763303376375,22085.144350371353,122.83562757415447,353,10.80798745055587,-22,0,0,7
1499.4240835139528,55,68,407729,249,58,485.7676855444966,-90.32407002875249,373.3832280946185,31850.455870713307,-37.46090897831044,36,0.8565797970058182,2763,3,0,7
1442.7919959764527,51,91,50626,887,65,652.9942796344354,-117.33722976702506,-27.56988601890592,683649.2490817324,-33.82632537007434,31,2.014492899537463,8,3,2,7
374.6978228021242,56,61,-17954,280,56,194.49766547769423,-72.30271940561133,684.3382205734792,15242.418229350928,1097.5209039856986,43,0.7938847670503197,-76,3,0,7
-23.99195812031789,53,54,19755,1484,-50,1377.692762366717,40.795040149353994,342.7157883712391,19734.717641944848,405.24506557524165,11,11.88307241608443,-80,0,0,7
670.364955044621,53,57,-2261,586,47,1164.378765199551,435.18907531166514,430.7336163390197,54035.94465610965,-18.387133133330025,8,3.141260428677018,32,0,0,7
1444.3740160114091,56,51,-14137,959,52,762.6875599991739,258.92552014097015,-18.65862895953822,58287.09700950177,332.88857023764973,23,2.112751444442175,-72,3,0,7
484.4214859640947,61,104,-9264,1024,52,848.3180357584124,-110.86910347644198,199.78087154299183,20211.02779160595,58.51722037636574,12,1.8509999130500736,-28,0,1,7
220.50327149642047,53,55,44696,1357,54,621.4967640431064,-150.39598233039035,370.5929245272706,205702.06541407228,110.02310940479406,35,1.397622202336341,21,4,0,7
808.228994090596,88,64,98952,776,59,157.37822448356104,-21.100370032584767,427.16038724373794,18749.58665261254,61.48891860267631,-9,1.6753613309640525,21,0,0,7
568.3999170237337,59,60,3368572,307,45,57.27438785027255,32.30766264189572,510.81818133133373,28195.20859171152,24.33643230869297,13,15.681033710861005,-28,0,0,7
169.47349584874127,67,89,65059,1005,64,924.8871971115252,-161.22194690793106,581.1468553608373,1200130.9260029844,2.359690744791507,8,1.8665597987663198,22,4,0,7
226.40743235470214,61,92,57375,1695,63,72.25765128901524,127.52925753175636,-13.241444711131086,278560.49792104936,136.70337451574045,16,14.171583652225692,11,3,0,7
167.8438451610966,96,51,59241,1372,52,551.4964566008957,85.439147187889,728.5916099447691,27361.84124625915,62.2532507622208,29,0.670818742433267,-22,3,1,7
228.0676710099685,76,51,76147,-159,49,746.330829573006,-95.23623362416824,13.593519702941872,61746.22817101262,894.1479543447176,16,0.8751936686328153,11,0,2,7
450.34037165583334,57,73,87086,-215,-52,743.5710233977245,18.301152015183416,529.1370417552192,44580.17514879554,35.65284334891316,27,-0.034146297483533705,2,0,0,7
48.475771584837894,83,57,52405,2044,117,161.7613800331365,-113.98797084812045,376.62348716740166,36966.633938904604,81.89856924444945,172,2.28601879248772,618,0,0,7
1139.9088448394568,54,59,2898522,338,57,180.3825123807403,5.1023282722810315,446.24000953497364,-33502.469068067025,6.49219951161308,-19,0.8567108532320359,-30,0,0,7
486.38623241339997,54,84,64146,-34,175,223.30067762599532,-58.134962990778035,-41.26129531680782,44428.44851700557,85.62595462103438,214,1.9998124217559852,-38,0,2,7
204.16325550318635,55,55,82248,1839,-29,489.46247099144136,81.38476871560135,605.8281257141841,58127.09218068846,1220.7861539490873,-7,12.022279223691722,24,0,0,7
696.1829734088144,54,58,76534,-231,53,258.47548324538013,-156.1377951789795,708.9687005536946,592280.0355000459,8.065279289646512,19,2.0207635153489876,-34,0,0,7
223.67589178343619,54,58,-44351,113,46,407.9269978327263,106.31801218186884,533.2900546551448,61999.52431842144,35.976831518109954,29,2.049800617435247,-2,4,2,7
11.316488490395244,80,84,-42351,842,-15,518.5529590231979,-150.94559291478487,-85.78040551275362,-17343.07608171039,74.35512317861532,22,1.732892546927859,-58,0,0,7
233.479777640338,55,55,-48517,377,44,1384.112669265333,-116.42783589602979,-22.68400857196906,-2450.750812866867,114.46597291887387,31,6.373223756065764,9,0,0,7
40.9770750621702,52,50,35670,-16,80,316.07539937884604,-153.66791659977687,47.796635015138214,46669.11039901953,76.29465442116992,-9,13.31375347827009,39,0,0,7
1279.156150850076,57,52,84418,1072,217,669.469905306772,14.86003393840727,-38.994743039763435,47983.77774941685,98.21230514986446,10,11.385747765265872,-59,0,0,7
177.98766827285442,69,71,-42078,573,52,1219.3750860206203,17.827427300682984,-56.11444143954885,45231.767258376116,242.73103460782747,33,9.028327540136047,12,0,2,7
118.01410826704537,54,75,-9081,513,39,169.11687033490045,-152.25601901469565,53.04217020955968,23803.844015588085,166.06033971267465,12,1.3236756202374262,1268,0,0,7
759.9532442271532,54,97,72810,2025,49,623.8019544265335,-44.82247927843629,472.394254180359,39486.5671573248,0.2877140105662477,31,1.7513723929067004,-53,0,2,7
302.90123174013655,52,75,-19977,1659,68,190.74207979058394,-113.09920905598128,-16.18715818393963,53399.69119068617,157.03833995762466,-14,10.066031818306293,-20,3,0,7
614.8447871265633,51,64,-30956,1551,204,190.8026408381546,-150.18205384313643,624.1351519835605,47977.2803030882,9.95502705914086,-20,0.9139555845314606,-228,0,0,7
187.4752641157931,55,58,2960,2100,60,535.9491902983461,360.8033619195107,-19.734275257535195,94328.83620826427,357.6964742039974,28,0.625265880494826,45,3,3,7
447.66921428418254,81,55,1564231,1530,239,40.078274565650716,-48.979128044257195,461.3543029294044,18406.18274764232,181.86422201533,6,8.715612277166368,2000,0,0,7
1331.8690095262427,67,52,-29179,1539,-33,23.41601760803826,-194.65649303445244,21.82170817145976,25728.784429441046,67.98716345230234,12,0.9337162698630302,19,0,0,7
619.2801245116398,60,50,81877,629,30,247.95646066985012,-42.77772766985912,-68.3055960165666,35627.2320864693,1227.2508282657757,15,6.440951799569433,22,0,1,7
145.8371523023873,56,49,14293,-160,-22,984.3728788852916,-116.68152221665463,373.600049054867,73055.7633218784,54.4785850063939,31,1.7692621415867578,-35,0,3,7
526.9177887091988,62,102,438843,903,64,532.3557487974248,-50.406765957934724,-30.87235848962161,44420.472672266456,1058.8200971958315,19,4.706232042858828,22,4,0,7
155.245415627439,71,53,99451,-30,72,1589.6825802178982,-74.50338319120779,624.9697697665132,1638401.9007380647,7.193509596355,27,0.7238704222285973,61,0,0,7
291.466092711126,63,55,26997,48,65,51.82560923451265,44.20545764209248,370.1113529442311,34397.7592690147,60.80073022106025,35,1.8664029214797706,-71,3,2,7
214.87795225902016,53,55,86155,-205,54,377.2081262379283,-103.26210322650263,9.092543956872637,62043.35914406995,500.73072019985267,40,0.6664387805218246,-10,0,2,7
237.54051288564057,87,49,51255,1411,38,1274.9396775074608,-65.5829380499545,186.88425596128224,36804.40629950518,895.967666798734,25,1.4169563811313624,16,3,0,7
380.0800220737799,52,65,12280,-645,64,163.08312414085046,-99.42265892267447,561.3447465741842,52775.96970614688,125.90784822204289,3,9.144174226175318,-78,3,3,7
787.4373248316825,55,60,82558,849,62,285.4732415673254,-120.32080182514295,-28.036161696238693,65534.09341744119,12.272208443158831,24,1.4954385185477692,-8,3,0,7
1332.350093882383,81,57,18408,1619,57,192.48062024737357,21.08811593856604,490.74048458040534,-10140.49418172994,15.783213668020423,36,6.521858628585478,-14,3,1,7
97.34522288332485,58,60,39383,1538,63,96.05164668355685,-74.57604432142693,-97.59593716108662,-15823.343756517046,1121.8588843565733,32,1.2080528999906786,42,0,0,7
414.1149119589963,53,52,46546,509,44,262.25044605081075,381.4683961322314,523.764024502763,34698.40586932174,82.95243543068105,9,1.9765008242075783,-4,3,1,7
1431.3168112327887,57,55,215207,-439,65,1262.9095089319023,-167.959206825991,-51.079601481872665,-12228.64540120311,34.19287693429891,246,10.350984506362932,-73,0,2,7
1749.1150185288782,63,53,33960,1012,46,103.08169123654056,8.009180492926934,-9.094535606567304,17619.228563007076,136.38808130728972,30,0.7141731795706324,-54,0,0,7
95.74651464906114,55,66,60268,1393,65,228.92515066814408,-48.81973154123641,518.1418554021416,32361.037130494577,141.46433373743275,14,0.6457908046595678,-26,0,3,7
161.9376915716539,56,70,-12131,405,23,774.6982275657177,131.65868500439475,557.4937018653405,62920.026464405986,1242.6135917213076,30,0.07159226431851351,-38,4,0,7
1535.838807271394,70,55,70701,1672,70,309.60525259030493,-60.50181695432835,-84.48992476084392,655208.6251122332,-21.404501046616588,8,-0.1484874037457431,43,0,0,7
165.9069017904546,56,55,26920,1860,64,392.0307105915212,187.41362469330278,436.5507900619816,13975.56711075867,111.69174349359851,4,1.0740830540151953,9,3,0,7
207.59029561830715,62,56,575560,-272,27,597.4708871831147,-102.57931373376229,435.24522688689393,52840.21018319853,140.85784976853387,37,0.7845824395788388,-68,3,2,7
735.6154163670986,54,88,1698,180,88,119.00752407771533,6.789386809473417,26.37250759026304,-11536.133559031601,67.62337661014752,1,0.8403887441598263,2394,0,0,7
254.99282520915105,65,52,412095,725,72,98.60343265920469,-3.0369184267321145,442.93091841131786,24737.6465342964,172.9863953296785,5,1.3784418596807635,-24,3,2,7
8.0878927957868,52,50,19418,156,-22,1380.1370120344864,-106.03317850969896,-35.08575977115379,55840.35389574635,419.3919533459085,1,0.648566174156821,-1,0,0,7
268.04904272034196,63,85,-21685,1219,55,216.50623260338972,-80.68865524437618,294.6859759707402,37864.93091609783,297.02307734653033,9,1.778843820654704,-45,3,0,7
1718.7844914051134,64,64,-508135,809,41,1367.789265113492,26.892278914111806,37.69767954563782,30269.845706673794,229.37577189714872,27,1.4860151512697244,-38,3,1,7
243.23905360295504,55,66,46713,765,60,307.7274471319795,290.7825186321106,461.61354115490104,47506.39894082011,561.2036407501465,25,14.165162112325945,834,0,0,7
-6.1641809676345645,69,72,63806,-149,58,996.4217812983919,-85.51497929536832,566.8281153730298,31558.21049353146,69.1742402026659,34,1.6189864394620406,-65,3,2,7
1365.693060855816,53,61,67764,2048,50,1374.9864856479624,-42.47389139944846,-63.16669691783667,62618.90861157318,47.45753751369534,2,1.5449268184990061,37,0,0,7
76.38100373649442,79,84,52024,1336,51,520.0847998776183,-93.36374313710212,97.87889720119522,33137.801000557265,722.7291585294929,23,0.6446205583427442,-42,0,2,7
-16.198549480081724,82,56,49393,406,48,107.54303340157892,-119.73269628536065,367.79694328792993,12297.344075647363,13.87992058710445,21,4.759726065293577,2320,0,0,7
631.7980013352663,77,49,51443,-221,52,461.08673922088497,17.535141392422002,636.0935638997735,120198.2870736396,85.16001514197245,1,11.855764517538411,39,0,0,7
60.56036845241515,54,86,-16582,804,46,1312.2851388848637,-50.47493854592486,9.315256223396007,22826.262971311764,46.454247076702075,-9,12.106280053499749,3,3,3,7
1546.6211240088805,63,62,2687396,46,-31,192.60838441602226,66.88105632647454,36.317490668935214,62001.62201771753,26.065956266645628,15,13.709815771591977,526,0,0,7
192.36864223378078,61,53,99467,988,59,94.81578619921297,286.9187166233641,-113.48947227496753,38601.20877270835,140.39928594571933,284,1.8188702512579344,-33,0,3,7
98.84381310881427,54,65,3674772,696,-4,163.16625210426056,73.00336272141607,491.1138984563888,11625.554768318241,39.99583492130763,-21,11.252290367276643,7,3,0,7
104.35547561199904,72,67,103553,-562,61,284.3566361153517,-58.71125377448975,363.9776005600378,63971.99138357275,108.93751961463889,9,0.8904024166186155,-61,3,0,7
291.1714269486455,54,65,-64596,-614,62,455.4969086241903,-74.62936668156786,-60.95381692258372,52405.29414643637,1725.4360466125124,194,1.7998631966072507,202,3,3,7
376.9764460208866,52,81,-46395,-161,47,474.15261430697205,0.9356848923018894,449.6380573345451,44466.97236839251,1207.5940376066392,24,13.241530024365739,-49,3,2,7
474.0723086291233,57,54,54602,-420,50,1137.4207065981782,-81.94582745343428,-9.70589408952007,51507.75826292412,83.72266017530791,29,13.567077584296168,10,3,1,7
1644.3361749960131,55,51,2367688,-189,53,212.32022197275435,326.0440984418099,586.230124192366,14427.571525198633,125.6773861886449,-1,14.044658138519353,-66,3,2,7
248.284464155543,62,53,74111,930,64,180.85687164873792,-94.50747695094528,551.8501608446188,42629.47119254412,39.73532522004389,15,6.052059622262818,-36,5,0,7
135.63435116815324,52,70,38901,1007,144,184.42437829515092,-119.78925174550142,-11.888623975022844,3649.4744681068933,90.1225758871102,-10,2.177811450417277,-62,0,2,7
115.79714966612437,53,61,-65540,1918,53,609.6419844105476,140.13188209442916,302.2594960346148,68375.62937724765,36.63778221110526,290,1.28537891377576,-25,0,3,7
132.0826597011278,53,62,46992,1273,53,1322.2470570999192,20.581369030533924,-129.55493931096655,254799.73005373325,132.69161628647885,172,6.15801651324897,-20,4,2,7
452.64276420109695,83,54,20453,319,51,275.31560853514344,22.354349867730114,-70.35662872789122,49115.61788651207,363.3186947672291,25,1.4442632426548507,-633,0,3,7
-19.83440722232075,54,100,-8193,-59,-23,6.451388290500361,-123.36421604118189,218.11563266990504,36007.33895225955,89.68914074396167,-15,1.2467115890281304,-10,0,0,7
141.33280579457698,64,57,-3190,1122,58,1241.4255700869217,-103.20169956385635,460.21251725841256,21862.050068374636,1440.6388693184847,21,1.6607746123216467,-5,3,0,7
1718.9856642862708,55,50,2195888,1332,50,245.84861855238168,740.5797872469634,61.12121105742509,29447.287976679607,134.18771766780134,336,0.5314989735874918,-6,5,1,7
271.49913530925994,60,53,23861,892,51,383.2068150238383,-143.15727223916886,20.057754211276453,64320.91426032421,83.16812661940872,157,2.089415747237458,29,0,0,7
235.36271551750662,73,58,32572,1589,54,1358.3525597994253,-147.19247170305087,562.3702089350511,1580280.545602623,1329.7923225481347,13,-0.29759725630640965,22,0,0,7
136.0452579561369,62,45,49204,969,67,1621.845622727618,-144.76470289606377,80.20381706723575,-24986.860860776767,122.28496102570955,27,7.725071237090551,37,3,2,7
1941.31628481536,55,54,27530,1929,59,1299.8582073642824,-113.91711274249161,539.5995669590696,1026521.8637215581,107.24148021300947,-16,1.5587214617706988,-57,0,0,7
182.77981817604686,54,53,17150,51,53,644.4927148679133,-173.30612569856163,410.38779557962096,13980.90388922381,57.51200828619501,-17,2.291452805944493,1,0,2,7
838.24305076928,53,68,56218,2247,50,445.8441524814473,77.62876038221327,576.8529798076503,22998.518280606713,59.78111009240959,10,1.656195562862529,24,0,0,7
280.6583364775876,51,86,46782,-452,67,752.6043569967678,-110.58615794664294,-75.23936867416636,-4751.240913770915,67.74705693560682,10,13.729673447422114,-8,3,2,7
549.6624769299873,61,50,115743,2341,54,443.33950694853274,23.326633073531127,577.90808376034,61257.63939082962,147.82166819795242,20,0.8960105500922262,6,0,0,7
397.8259269303348,58,52,-13850,983,62,529.1885631367517,31.818576194254202,633.387467791272,45677.46163277396,369.9019045797146,3,0.7125381254777683,-26,3,2,7
149.42384224186372,53,68,-50614,654,44,1201.9839393830778,-82.57875755391716,542.3061382323291,69778.58985020396,80.29227836755041,11,4.6202732292489515,-58,5,3,7
122.87065335346742,63,84,1283862,-409,49,414.2268763249007,-24.703151706592283,386.6556419175798,28198.76800791274,18.014815442128636,16,0.24467174980511103,-65,4,0,7
130.98005220782787,103,69,5480,1924,273,1244.3926494652458,-161.31140190767093,356.1847429767483,20135.631036563347,70.04560233163163,0,1.2239547426159199,-11,3,2,7
258.35994209758064,56,97,-28639,4833,45,67.9276665579309,598.8271007456831,-111.23105310551111,32855.27468542221,1290.520410082475,19,1.394712455737611,-10,0,0,7
937.4752955947278,83,52,47692,91,54,334.60495778359234,-77.02749748504971,64.21007916133613,-1911.9037848866392,30.47019159889131,3,8.188799887092793,-18,3,0,7
-35.26182717058542,53,61,53152,834,55,1426.82014149413,277.2174569652964,646.8480565804286,18505.95900143747,152.08754354607623,-5,9.344472464682093,1113,0,0,7
477.1481475129169,52,88,-1887,835,51,128.25506963527832,1178.1725327579768,530.9753654901624,48610.272468661235,-1.6551242214362247,-16,1.1548622616487916,7,3,1,7
1007.0306057237551,83,56,13566,1409,60,734.3461940705088,-163.24876324149432,679.9941209560538,14639.632294657726,1337.2899631040646,-30,1.1850499501834384,-29,0,0,7
339.2155412816179,55,62,13685,402,7,102.71310040259793,75.0793064346278,585.2411762987406,40554.18766925005,1030.0548531765548,15,1.831615297117204,191,0,0,7
279.98053877554173,106,59,19100,1417,50,283.1624711919221,417.81089984813724,-79.14699728988482,39622.95931533401,136.98773997525757,39,1.0768403989778335,-48,0,0,7
263.34749194704676,52,86,65387,1583,47,56.78784955953381,-152.2960355098221,27.898557808729986,28765.624325947374,-13.28389551173727,9,1.0710518336726373,48,0,0,7
447.9654134947434,73,81,28650,-145,58,1364.5283973878184,-79.78405422355766,0.48426688929085415,31847.818107681942,674.0366528268347,25,0.4637241700191651,-30,0,1,7
169.90774476604048,83,91,55284,1631,55,169.96406266348117,-24.182100423092205,568.0485207597552,50225.225747369805,-14.866059468427778,25,1.5244470453272614,19,0,0,7
86.08448177282354,55,82,-7277,-490,53,837.791632827443,-39.60909073332945,530.0992856324981,27958.078908162133,58.444732295031926,10,1.0587028828788585,10,3,2,7
1005.2171819133232,82,61,87170,-496,45,46.72515458124906,-13.030286824316551,186.47975528508158,37359.53551928811,129.50902627660426,-5,8.68639976987028,-9,0,0,7
587.0890245240995,54,57,-19480,86,49,112.22532532986253,-69.82711338924115,9.180503294851292,-6333.7308749430595,65.46662983165267,10,1.2819604922884922,-53,0,2,7
682.4345987498396,84,62,92747,1204,58,1221.4484298154975,-118.02601559131372,520.1069645151501,305651.53440824174,1184.1302028164087,26,1.59659579306547,-12,0,0,7
638.0353204306858,71,60,84489,-579,130,127.10330544379292,-103.96811434561084,377.0383655486071,969476.2543713853,209.90194621810673,12,4.61483059139314,1654,3,0,7
88.59918664602006,68,52,7535,-284,73,1253.645634346347,430.0117164235898,535.3342814981994,46788.09749139806,43.14450413085902,-1,9.301688856257341,-43,5,2,7
1508.3440248526017,54,51,361105,-251,60,941.7493559525305,-23.07289034591896,-82.9224823707024,39489.54689121556,129.00257479472808,-14,1.5881958578587116,-55,3,0,7
-71.01864433762161,54,55,66076,371,135,873.9876618408738,136.19984369273226,509.4979427352302,38510.55313195604,15.119949321642935,1,14.647811319614519,26,3,1,7
3.2531351322815425,53,52,14668,-251,-9,289.41932973093895,55.15574016555826,30.400814498596638,204686.45001575848,547.6303292652641,-20,1.4224750302858895,-30,3,1,7
183.12564285524564,65,52,80439,185,60,398.4818910220172,-82.47269862643468,477.27362993577026,17081.44445969502,82.6643001008599,12,1.8411195130041547,4,3,0,7
612.6849471169846,92,111,-23052,-482,-32,115.644730027858,227.53968054380195,31.61073881809027,1190837.3889646602,-43.92418246957955,170,1.287553506096775,-215,0,2,7
314.0771141503467,57,75,3045328,43,64,683.9829166565726,-107.11042864466191,415.6645597643281,24204.169908440508,83.13990450730088,6,14.062641038119942,7,0,3,7
425.8250027116102,71,52,-7722,1160,48,131.58466306097938,9.06288099658494,747.8925058910695,1368808.3279825728,117.34793362135176,40,14.89699122128349,-760,0,3,7
1622.5717550326071,63,53,451791,-601,55,511.299395025697,48.08296349245972,454.56471137574636,27699.215308347193,-40.90854193819558,-10,1.625505396493824,-12,3,2,7
116.85588665418823,65,52,37071,925,43,764.8571430653042,43.25595665050987,59.49831613284205,53074.114080653424,139.64218469889275,23,0.5619276730302697,35,0,0,7
240.42309318253666,53,51,2939,114,49,268.33539691935897,-6.133984035880456,435.1039559079068,41843.48036484208,268.8382369357502,32,-0.04970933910715403,-39,3,2,7
275.5730721079277,61,61,112575,1298,57,495.73277683436777,-87.99832994900822,469.9001423166668,29193.85629203993,1665.9704616756353,18,1.6878237222828891,-60,3,2,7
306.1066532760245,75,55,86222,589,54,668.0531178230001,-51.17433710989059,468.25019528027156,690073.8116273116,1390.8468057263226,15,0.8486005585970335,-22,0,0,7
211.91832074908393,79,83,114787,565,46,36.90138191834134,-73.17498009928488,367.1101394176137,59225.1689509822,13.914203561529831,-2,1.848768284875792,16,0,0,7
311.4038155706456,53,54,4537909,143,56,1128.8745042775076,-137.4812899673208,501.7234014773424,55719.488048829284,83.59508274998731,-9,0.9825526741110888,2705,0,0,7
766.263789336245,52,64,9016,-700,57,74.09671217159367,-108.30762175722248,-71.91560583502319,-5423.73182175613,127.8271536591471,11,9.269789984402273,-52,3,2,7
920.6328731297663,53,88,70783,388,56,513.4549561093764,-33.405069506731564,281.66576472823243,60756.48526675176,7.3789124964215915,16,11.43527801617849,-26,3,2,7
482.24668062378055,62,81,28286,-332,65,244.4960810381305,48.64426710974574,-82.96248874804003,34304.67855442407,-23.229434966480014,-3,2.29240026671827,-19,3,0,7
202.36134562076785,67,106,-23106,1520,60,680.5912440372265,74.07825881362571,-75.05760643566558,26741.966933888143,217.69069511374263,273,14.11310184801613,-75,5,0,7
936.4006957381363,55,47,2680860,943,252,143.8604261085477,26.404302563053193,-80.11752044743078,20536.25041965029,123.3154822634238,17,1.5279719643433647,29,3,0,7
1521.712316700501,55,77,12220,-653,54,531.6824735173333,-21.4520739431733,-68.45360092784838,40538.986647511985,161.99533167675625,42,11.862702914841933,-32,3,3,7
540.084821749972,54,78,617317,644,44,343.7748565267127,-19.726020244404037,208.3598329248323,44715.61854618872,26.985088213643436,15,1.660876806340427,915,0,2,7
485.77157747790193,56,57,2671124,1154,59,182.14432582043668,-265.2479377492739,56.50781347564908,46450.61187174308,52.08971842423642,12,-0.5398900366324219,-26,0,0,7
246.47121039349273,73,86,54581,997,64,106.7483754281921,-140.68495274863417,11.146457738516448,381352.945153303,957.1682964011724,18,0.7199714510841325,-38,0,0,7
188.2563349686107,52,52,207238,494,54,234.16590140359344,-43.04915514383657,-47.38716025645236,43805.06691813752,78.60105739738515,-7,1.082229684620098,-38,0,3,7
402.5028665341089,67,52,18262,1520,71,897.2572571786845,106.3889276066719,325.2203143423443,3218.803874452926,6.057377545404961,-12,1.9613411075463416,48,0,2,7
404.7665553215379,56,56,1361725,707,41,208.0542076755512,-73.68085402389195,443.93369833889517,65418.678252392885,303.3082327771298,34,1.4668069218689883,-49,3,1,7
1486.2014723542043,52,60,286966,783,55,1278.531597350175,249.56278928361087,457.99930466859894,42268.88377318598,1219.0753878403877,19,1.5943386307315268,-37,3,3,7
1535.3682363934163,84,68,27515,685,67,402.11283893084527,132.90077970190092,25.31401114596585,48920.90301546941,1009.3111056803655,29,5.506916316468204,784,0,0,7
95.2575302601901,81,92,3506620,1842,47,894.9738886606942,-36.639357079134555,743.3445545162012,52248.12100315396,75.02771402040341,23,1.7375666178889984,49,5,0,7
742.4990529176248,53,57,62437,15515,61,97.13495540421229,-63.648315487660696,435.8872413139376,45931.172732628016,13.526087705751877,-6,1.4137121657311336,-18,0,0,7
53.171224788073204,71,72,-34231,1138,44,247.77983978668334,-99.0035736247599,649.7193058618393,27587.87772875963,84.33044823727916,11,1.6826262297387562,-522,3,2,7
800.8266290911859,54,87,26858,133,168,949.2091608326925,-125.55238798552404,473.5353884745982,20008.870883994958,63.090940286645115,32,1.727750827874043,-72,3,2,7
258.48162239856384,62,49,-57556,669,58,137.55461020377348,3.0910752629748686,403.2951680053843,-12537.620243049503,244.32892822403744,-3,1.812125905059521,-63,3,0,7
63.3860972942279,81,70,42319,1850,59,81.51661794518503,-118.8732545639852,76.22198357647885,976713.0443122752,74.84992807973191,-20,1.3545271969232724,22,0,0,7
40.57916255621504,77,70,49983,673,58,45.54698665966389,-132.75281613692115,558.1923680688943,320864.90276559384,128.6422243456722,11,-0.01668701456927557,3201,5,0,7
-124.58424482719666,107,69,64130,2021,49,939.2916803429418,-29.16847636386177,431.16067660027977,28529.756181239078,382.00904786443687,10,2.1809387824844033,-48,0,2,7
385.8145984667246,52,58,106667,82,59,200.42152874796824,-75.58484799124678,-41.053825814820634,40166.08202165085,75.54291200684729,5,1.0431165162307383,23,3,0,7
499.9263434044384,52,56,-46195,2404,44,665.039845521335,-14.754712475565459,377.49127655453196,1668663.632584541,46.387040345952435,40,16.302992881580852,19,3,0,7
1359.1341858516814,74,50,8594,2010,46,45.524161963549375,-48.73883888103117,441.6537630402767,899177.9900215175,28.214196333783185,22,10.734289982595273,31,0,0,7
284.3877995052079,57,57,6178,1805,84,250.60162118174378,-32.83195113337494,-7.936136106666956,36011.45302851322,-63.59072619447028,24,0.4187051513305685,-68,0,3,7
304.3127141248023,52,54,-66284,1705,50,831.3755988036119,-187.82771974046716,602.4201079614812,60467.08200104165,117.88222509917524,38,1.3643305354491342,-12,0,3,7
209.7175338679737,56,60,-41672,889,50,1489.4225166177998,15.111975243144323,673.5679781862685,25377.83474979118,70.1377500898023,21,1.3517369157636776,-13,0,0,7
152.336648525518,54,48,7842,787,73,1191.597505227935,-27.322760047677487,470.75070424699675,40893.078705729655,99.07510399174949,36,1.3100655114769055,-40,3,2,7
91.14142867186561,57,59,107637,1195,49,638.3552714231228,-44.674722554416164,-12.687931463703476,34983.40730281112,21.07839504202616,7,0.45001442065583036,-25,0,0,7
1241.0110356731216,81,52,94111,-59,69,370.40134485721137,-120.41247459439651,-4.5381943436901775,29295.98359549347,1110.2619925121153,12,0.6723163926225819,31,3,3,7
607.7632376731085,99,52,8125,779,55,684.6407281479364,-95.75128243339934,-44.111952121511784,-11871.085675063572,254.79052719140137,-22,1.503694659138546,-25,3,0,7
75.23416202714736,93,62,95760,1736,65,105.70036855021368,53.607839750937956,-73.64032290680521,-8811.126254754661,326.48408983672203,30,2.01869840432378,-69,5,1,7
1578.3873945738064,73,74,-18141,711,63,439.5136150265418,-24.93769435847014,288.1234749654165,28516.45059554489,305.4482448251872,13,1.6544722079158465,24,3,3,7
263.73437436059834,52,87,34212,-364,54,1286.7178091185401,-83.80500768207048,358.7354176754653,27588.3166608688,110.50996939817809,20,12.905775429280657,-51,3,2,7
418.98523438272224,91,50,835682,20,68,76.1772925266311,-45.4423317448655,-63.06594396027592,34172.69239901191,-5.510241712960578,-8,0.4780770933052994,-18,0,2,7
449.204939854508,51,65,3884585,436,57,118.96532927183918,-12.519650480327517,524.3355322573575,50491.450061414565,10.533736617703454,18,3.395466930340276,-25,0,0,7
1275.3438110436157,54,73,66815,347,154,59.154950050640544,-18.407599350253065,-3.3129782767612834,28287.949420630914,93.75408415859792,0,0.7257840111475808,42,3,2,7
127.1755603102488,60,50,74858,832,43,94.14207960534318,-16.81495268808476,57.56899976232501,47357.320498002344,49.1624401431795,256,1.235343494246158,-14,0,3,7
140.01161629552277,55,82,2902201,-138,65,99.49552956776321,7.57287897286956,-20.409946016252178,1373173.3967838513,82.57740441417589,31,2.1435565432194235,-78,0,3,7
107.84917125951769,69,55,-55558,799,49,504.6105917307346,-115.80405024937619,448.7295520393564,62431.005965537246,96.24234220804445,-16,1.9291377696620557,20,0,1,7
305.1178725492348,52,50,75912,795,55,620.1339326228112,-15.608338111289921,380.99990284938934,7952.6955339223205,100.75945196997947,12,1.4429528525330761,7,3,0,7
478.42259843336603,55,58,-17414,1014,72,118.20976311407762,-4.063830321366549,412.3172804632956,348.2129027262563,45.080657055022385,29,1.2481058689059168,-35,3,1,7
1541.8546814986898,54,81,88590,243,-61,1499.998459839741,-129.39591908852853,-20.16498999891457,1477692.3712887317,1520.8859576565092,16,1.5068820682060449,34,3,2,7
1106.651168381607,52,82,-9614,1811,47,232.1718859879076,-70.15470089497211,-32.594693240801924,16161.919224366753,1759.6116852642635,34,2.1121970375867827,-62,0,3,7
335.44862809434767,52,83,66631,708,61,430.9848173953512,-108.58709817641738,558.8749730808107,29341.06327847774,115.3981778639976,25,14.47710460518567,-58,3,2,7
1463.0240263321784,75,93,-41902,1824,52,443.91589053947274,-87.48248993911301,12.453581241364407,6491.68863536471,46.94660785556748,20,7.03469681907536,-63,3,1,7
250.62252856845782,67,51,24811,394,52,138.810431986052,-112.28526137279141,-43.2180940132204,969312.0824890579,99.31944269686113,12,0.7086755692008881,-3,0,3,7
1456.4973271925298,63,47,121149,504,67,34.933177925084195,-4.365601101581994,531.8130554380975,34773.702014035276,86.36871285403475,-8,0.6258152307259031,-9,3,2,7
1417.2489626418826,67,79,75935,12199,60,400.3778216116356,85.23969206080596,-60.33428381011529,42335.95802095669,807.4703693832425,3,0.6955432504717414,-28,0,2,7
338.44583955523905,57,63,39285,2161,-27,462.00018762312743,-98.83303184315352,-40.42093821235613,16632.358005446375,581.4538556231876,3,0.9890028610521884,-15,3,1,7
144.9501681755137,60,66,13229,1869,59,202.8800731847524,-115.44353510548285,43.79167381065318,46385.32671541973,84.36278159655595,-26,1.5347321474587816,-38,3,0,7
137.31747022452166,77,80,-67786,1732,-23,33.47492745279783,-15.228417246248153,408.6888397341228,22397.75576038115,-3.7300239137096867,2,2.1808256288600156,-5,0,0,7
109.35482565540373,59,88,81337,1947,62,134.13274312424372,-45.06018182410661,420.47014522791414,34170.540484823476,17.767322704184494,17,1.9645073433443683,-33,0,1,7
176.24829858068713,69,58,-77349,-559,56,76.61811805262998,-61.76265607415658,-66.71636499486522,38822.68286349924,10.592402348519997,33,11.865597747616619,-5,4,3,7
469.47615092377066,87,62,-21430,1345,55,680.736642546264,-77.84754768461602,104.71547221629342,56115.944875037676,-12.951198120600935,9,0.34134181176827405,-21,0,0,7
624.2220022672985,54,60,91845,-113,54,185.47594465991517,-70.06754709874234,48.73822517443966,34977.25391253005,112.666542612085,27,8.981447710986597,1,0,0,7
70.90993398459028,58,50,-17364,1544,-49,949.348145554221,-31.112869890458025,2.9765122531212906,71032.83470308357,70.9787417754681,41,1.8078066728474758,22,0,2,7
390.83396965924874,51,111,44578,655,65,379.60400431404594,300.5762654462902,74.04844206696342,24455.09623949743,-95.30749505022169,-2,11.87774389660532,12,3,0,7
769.917414670159,83,85,-33673,1480,54,684.5677750857772,-140.24067836034627,397.4198760834008,3881.9682570638015,148.64999374581774,6,1.9844043638744902,-37,3,0,7
1540.1435566815808,57,77,-56839,-374,47,1503.6558773351462,-39.32991210072896,66.4415817411619,31354.606465332512,324.1026660372316,16,1.897057799066022,-52,3,2,7
145.5971763982065,67,54,47916,-353,59,1425.4448584126317,93.78625333252357,39.17953745743101,212368.988819757,100.50533135211873,23,-0.6736751472662642,62,0,0,7
315.15973780247714,58,57,84581,1535,51,403.92960266840197,-140.18433574382414,155.8338004430553,56295.20016100954,73.63406168389872,21,0.5842153220861832,1733,0,0,7
56.68307360862292,54,91,39387,749,48,131.630446901843,179.994636120619,463.28969881405794,38891.91945139922,279.90972669907023,33,6.822544640893771,-52,0,2,7
510.23616929886896,77,56,805619,1633,58,384.84404799843446,73.40177915725462,555.8458882093356,40658.76819658217,275.11202187229014,-6,7.2608357487388675,-4,3,2,7
135.3447796770565,57,65,-24674,772,59,1272.3023256441545,-130.0344941014418,-59.51537797156089,22530.1537404563,700.2316889434151,0,1.4455191790293926,1034,3,0,7
100.71066182047227,83,55,1058,707,28,38.70111774659681,-32.06415555430762,-26.501988750665703,55725.38079058947,873.5421180537986,5,0.7510445276393962,-68,0,0,7
1263.362836182231,72,63,-29732,168,46,144.92345696769493,-110.6206664679155,13.894076419880982,36593.13920479218,88.23462221094408,27,1.8834820036256752,-70,3,2,7
925.4595658533319,66,65,65102,485,52,103.09232685980444,48.91015998292386,594.4010014686024,24093.129468166753,14.052034242204996,21,1.914858379017733,-31,0,0,7
163.53118904757102,51,50,72431,1071,52,778.1421068551964,-156.19744598448474,432.4624773454681,59436.982364994976,256.23747101434003,35,1.6069366113071728,682,3,0,7
528.9375358281802,53,62,-2218,379,56,120.26192051398834,2.692022937644275,18.040614097825895,49550.95930166031,59.12688082518437,-2,1.9751284061608732,-38,5,3,7
186.38422470159747,52,58,87015,682,-43,119.4355017191011,-171.7638930194678,508.9098273039545,70656.2330386022,106.06431425043033,30,14.168750641059802,0,0,0,7
400.5084439715758,54,51,-20295,1329,44,682.4032853958734,-140.78097712154025,429.4822634275914,65113.84459424633,312.40155405868927,14,10.006394812639337,20,0,0,7
590.52270796824,70,58,36014,110,69,92.24768533765989,-148.40255225719778,358.9905629216657,1442847.5526156914,111.5429985898323,6,12.694355950607754,-19,0,2,7
162.46804618208097,70,55,-6674,2173,58,1031.4556992616913,-123.15028755392794,499.7822695884495,17498.481050518483,109.88666137701487,32,0.8381651492043148,-59,3,0,7
292.2655414666529,57,50,85855,905,73,1135.728392167046,-65.66102346934194,375.54428227486557,19963.533158975013,45.701295640008915,23,2.0268985992838373,10,3,0,7
148.8956877660762,85,66,105304,1944,67,1220.7109480713625,585.8241343532352,63.65783233270332,56150.79671006238,28.674638922066855,38,6.52389658510801,3,0,2,7
142.6221019567523,54,56,97773,62,48,1389.1630652134095,-129.02919758071954,68.29774166531492,28444.928641413782,357.065461775758,17,9.546705683601402,-3,3,0,7
121.24070683540117,70,75,-53992,150,124,60.25130979038016,-29.360056111535282,-62.8636179870824,43543.701092522075,544.0854539309269,-1,1.0840469134661201,-19,3,2,7
418.0709327760371,79,51,-40660,1308,47,191.17665980322332,-130.04678814253006,3.085840786312035,36422.24135299401,121.92518153347356,20,1.8273801841817066,24,0,2,7
484.2130956254046,72,55,-48821,2558,47,358.1124869740318,-99.86420975483018,363.04508182337236,-17685.305504445496,98.76404543800058,6,1.9944746921641832,36,3,0,7
1053.6856153086846,85,55,-71405,1852,10,679.1810563218605,272.1093900593827,19.304262925910656,40534.332507523046,393.41512221318095,24,0.9045774471440969,-61,3,3,7
495.112337935248,53,52,80877,2548,66,237.19938407978012,145.65788619423867,7.68924228838466,1981.6763312369421,-68.14257377891454,9,1.7156370782498205,29,0,2,7
335.6592224406935,61,71,45836,1413,126,161.64825340827318,-88.07982361741023,480.24103992553967,55466.475487011194,43.186302178156865,8,2.0028223540688033,-39,3,0,7
322.3088705183685,81,55,17791,1495,69,782.3304232212132,37.88717230093254,501.0479821171352,-8818.170020383084,81.03027804885508,-1,0.44507226970831254,-51,4,3,7
163.778914108496,72,97,18839,61,53,256.2691842505443,-29.73554549208824,32.576610222173734,22215.62499992687,54.01376078938097,39,1.7823671904071872,3950,0,0,7
1635.093143345811,54,61,686280,-406,58,413.67988456405,-70.99004903458605,-61.84692244593557,67512.1487868803,1131.8889580870527,-15,1.2987432634220555,-42,0,0,7
1190.7569140908572,55,48,59038,-148,45,300.39978538417995,-55.44200502274195,373.61128773435973,68697.73256379404,-19.67306423966626,0,0.7241786207909021,-7,0,0,7
919.6063586830123,76,68,1820340,192,60,1194.4389446051332,82.40747925863245,-10.357993368906643,30053.050778129847,280.30579985399123,-7,1.887558403110333,-13,3,2,7
120.60744510816244,56,392,76992,2035,66,99.0709132829173,-63.216144947993754,-96.22046102317782,8327.812283780215,1407.8519591634358,12,1.6483188197182281,-73,0,0,7
-67.96678402190683,55,49,34398,-83,57,925.1241211318837,-7.7718607029457125,-26.563028579503175,-6940.929328446338,1363.1699391879358,26,1.873452185710636,-44,0,2,7
235.99876583434076,64,56,-10857,1915,62,1229.84782871552,-164.96563825179018,-60.9147480814367,49000.99926334359,141.01708280821208,-13,1.0656829466680349,13,0,3,7
376.32324229118075,51,60,84027,-517,141,75.2904232412991,43.009565870350855,603.9483836537141,28975.95308598518,481.2607675376226,22,0.4717305348863317,40,3,0,7
1150.874968065023,54,52,9498,433,56,365.3918925206227,-115.66578793332522,544.2069212202143,18699.02031826362,350.13447362471186,1,8.096059386769136,44,3,0,7
444.90827566307007,62,58,-18818,-141,42,629.8165774387862,-60.86817329260006,435.18971403230603,1230175.078733084,137.91120577289558,27,2.059865207711533,1015,3,3,7
462.77332661407377,61,54,26408,910,176,79.66003155073355,192.0468108435216,-30.867277243719485,1074162.3135177158,63.33136964160292,-19,1.7754513923681703,-37,5,0,7
473.49323132341596,95,55,96358,1406,55,654.65167769959,-107.45123833072171,558.5624082447149,55479.316075744115,167.34024594629926,8,8.460516371020747,-35,5,3,7
420.7084225195142,52,49,22539,-180,50,572.346081653383,-115.3063089546722,76.54690304120258,72360.29468288596,79.01238704697703,15,15.443624355964506,5,0,0,7
100.7403101512123,53,53,-297,1019,55,496.3980581020035,-82.42528744817841,421.0669229977954,11102.898118699235,56.42302106531776,183,1.4227013375346647,-24,0,2,7
80.99946565982476,54,72,39771,25,98,244.37395125627117,-128.00538392137793,389.7338928977444,17415.07300253793,57.6150681226248,-10,14.253894811202603,-51,0,3,7
1422.505847659105,82,56,-13985,2019,45,633.4266377599124,305.41703400330437,479.0120718511298,30617.13171071409,369.51525919909665,32,8.542020793945658,-60,4,1,7
333.0449109346458,62,77,73503,-74,69,797.9331867818507,25.067140274167432,389.2965371575535,38043.77124962445,38.63737865743843,-15,2.1967460913387633,-68,3,2,7
1090.2008403773266,79,65,25799,1642,58,258.87767044946975,645.0074514602431,27.151957217021806,43114.61732706326,22.735865646739818,25,1.5128401344272864,0,3,0,7
8.226432457831208,69,57,74548,-40,70,-8.930108064694522,-198.32436237463,537.6147405717812,32057.035462426687,750.9847947978926,-7,2.347163178113831,27,3,0,7
344.35773323742796,56,87,-67884,-444,65,-26.119779966461977,33.45154494469998,548.5991491943971,28800.471990595743,-6.653754754987688,19,7.384371542300685,-42,0,3,7
469.47764751099476,51,64,71336,-225,59,918.0136037352277,-170.05289115256312,509.4086457878765,24940.46757433861,299.43283400418466,18,8.92285017097452,-77,0,3,7
1468.0935902341507,67,64,87903,100,72,416.0804073358497,32.79265690079459,510.9472219826376,550514.2291904344,488.3071728672563,9,1.0918584727781164,-16,0,3,7
266.8450886039682,55,70,55523,-493,230,663.5450240662984,170.6731102216245,-16.639440971637967,13789.251247328786,51.19754728115083,24,1.1446358307043587,-75,3,2,7
169.38020405771007,64,50,94364,662,52,100.2802637920756,-14.198486997157179,68.35682438660993,3381.9166762292807,479.30716515323047,3,2.193076287484131,-45,3,0,7
83.02590404764584,56,66,902,-3157,49,348.5746429046261,-126.69804654713661,82.55886814292882,35532.58331037702,69.55820440318408,279,1.5444635312965187,60,0,0,7
104.31677126729585,88,52,70779,-139,48,377.44486911952157,21.868280684746228,430.77697680482976,12423.791743220274,-18.207247648083836,38,0.11699848415181979,-24,0,0,7
1667.963517618543,57,74,-11939,1523,54,647.622029415018,-28.411398907584203,598.0237037630255,35881.80436903637,292.83553135642313,-7,1.6109835747830523,-20,0,0,7
104.4692650769457,53,65,61502,1665,51,244.76837019339288,64.57454662895903,53.22153380529389,19406.137860951498,110.85910949355349,39,0.7945843312998774,-33,3,2,7
68.31234132832763,58,75,16942,2200,57,563.9023669853461,-183.24088248348866,460.54167640338306,67476.20431325604,404.6927695252798,2,11.941552063726242,0,0,0,7
179.24872536646558,64,51,59729,1640,52,1182.9775040201155,-78.3505888126811,447.862666802047,317313.99272289936,407.7551094735792,2,11.316376731637149,-46,3,0,7
581.268286926235,81,54,56429,-341,63,695.5623677452494,120.21309620350496,407.4783386767514,57842.814307493056,108.44264127507611,18,0.6347487151093186,-56,5,2,7
346.6027901427345,89,61,65826,1700,49,422.2120713529847,-137.0709002690126,450.21929928277467,1567173.1295509585,115.78331380425813,26,9.923595909923261,1377,0,0,7
965.9720362484584,72,50,278037,582,58,221.63414740591764,-13.342153020697925,684.1205440736155,385174.55110780674,-30.44840847558524,-2,8.977788015517032,-41,3,0,7
267.3499986023548,82,62,3052202,1110,46,39.029893112155804,-186.13437938907856,23.015189843298415,1857433.3267933899,120.81619378041228,245,12.170494733641302,-58,5,3,7
477.5491071253562,56,52,55108,1347,32,1129.4998981755066,-70.10215452009788,759.0950193909844,27384.84712730663,38.42197540373657,126,5.562498884910592,-12,3,3,7
478.8243880857783,51,64,-38821,645,57,228.04081772104726,-29.59892263510567,-79.03787766389281,48838.625660772464,374.524672796743,11,0.9435068269640278,-8,0,3,7
645.2513494069136,62,100,52147,369,-27,631.5873413847451,284.95359578772195,416.42927607188903,33181.82974870532,606.5173187013883,0,1.4588496170164522,-25,3,0,7
445.0690153484398,105,95,38795,-373,62,1016.9904583418147,-138.97661357627211,547.5478963852316,58469.14644761753,-2.617944898164481,-21,1.7911308582838203,5,4,3,7
-8.232029112709284,104,94,8657,802,48,1143.8868986091256,-143.67272425643074,81.68047176246421,41220.44282202159,-33.43368603459098,16,1.3598762877816202,15,0,0,7
260.515779138056,57,80,-14369,-302,48,1007.3437222648796,-95.61254083233071,-27.016785395634813,58049.852640603196,175.73647278578704,339,1.9029903311276017,-858,0,0,7
467.1714569040363,51,50,81353,260,41,841.423699553357,-85.072972001291,142.23946110646474,64685.67622639286,215.6189173721815,17,0.5929456807949881,-30,0,0,7
944.2715014755288,53,70,61005,1119,67,137.08480020594348,128.4000399886068,-104.0839355931548,-15978.553967426178,55.09533767630761,16,0.7978832622442011,-53,3,0,7
696.3724504533385,56,64,1254712,961,52,946.9705408891016,-40.89606229816896,91.3946795769794,64723.5098804965,1371.611423983208,20,1.05174054955111,-75,0,3,7
1290.5658741425218,72,78,56279,1892,54,795.7231173609885,-99.44768825137523,547.7475269539615,74936.39452977484,23.754934091972856,-9,7.621785300189673,705,0,0,7
550.7774314909162,54,49,11732,1076,50,163.16113466246756,-117.93951605717157,323.21984883671763,8931.175294298659,110.15615938732043,33,1.4791033698400922,-41,3,0,7
1190.5670755782912,60,53,31572,644,-13,252.23582891345922,66.24328767425101,684.680290589009,50551.970562776114,115.47184833725325,285,0.270059819645272,-51,3,2,7
146.42815252092296,97,95,17288,2110,118,102.69965214997801,-134.6912273331642,-22.25627821914302,22268.737870324847,160.24257093532256,27,2.0139084254918176,5,3,0,7
219.83593122368453,80,56,3609392,984,64,508.35711461022674,-50.969195514627344,310.31580315041737,10333.957223018158,-16.40380809757538,24,0.653615425124582,39,4,2,7
304.11149489168076,55,50,86908,-644,32,1176.0049957506308,539.3773492933898,-105.38438160771219,24438.675382681613,9.249332951474798,-2,1.3544521437079078,18,3,2,7
191.77089573623454,61,50,13584,-233,51,652.0604541867759,-124.24905226079537,47.09169129739369,61763.23496570339,91.57490602056262,7,2.0463233813105566,-8,0,0,7
206.46529774670893,57,51,-29974,791,12,51.8677247930297,-59.33527525980284,563.4055030137777,-4576.884777397623,474.8597101139628,-15,11.90272306141069,-25,5,3,7
293.6433968176091,72,51,33904,1534,82,196.00139434777088,108.42133546268526,-0.8945102418699964,825767.3427971352,60.37115551846197,38,0.42119154730012437,-21,3,2,7
1493.6776316061566,74,56,626085,-348,52,1240.4432273712944,36.152913699122614,12.807230240804612,32306.517800677902,1301.5237920287243,4,9.91408436786757,-16,3,0,7
1741.525077782783,60,75,-18427,1336,70,545.6502759802427,-132.4235092912855,495.3696393034251,49716.33557519204,73.49638759026185,26,10.304720377305738,-30,0,3,7
383.947549310966,51,74,20447,1801,43,349.5862491839093,-154.030195211549,678.5393341723726,63016.94184003589,1409.268304817613,27,1.9938320346625904,-4,3,0,7
66.31517823233585,53,60,65632,92,42,65.94379007299916,-6343.839078751342,22.990109301408204,52240.28069564571,199.73165191957725,28,1.2249117284919526,-37,3,0,7
472.6972971083021,80,56,54996,-39,50,1250.0537288519697,-121.6917243450624,228.46556536810846,67679.81459701949,821.0163708648256,16,1.962052391688283,-35,0,0,7
366.9301892588096,55,68,41282,-205,44,486.6877745495924,-73.1046088863724,145.21311923261942,58286.87597955606,-17.609856379585608,92,13.206803532764152,37,0,0,7
843.9010917446923,72,76,-13343,-287,72,39.757102656790615,-47.91907891603968,-8.532665432544235,19345.715363433796,27.120967873821826,15,4.64088318779543,1395,0,0,7
575.3052036503433,53,53,92252,1167,55,111.91553180508897,-142.00788590519662,545.1398750182183,1123508.283532176,113.99409457986572,-11,15.693868883245422,-6,5,2,7
211.56673416104883,84,58,82930,1698,55,338.88058183345834,7.067286533114146,312.24356723282017,48740.67186143535,153.8461734253913,-3,1.7802161239411411,-12,3,0,7
243.42326588333907,63,51,91365,-316,54,1012.728234318775,-38.548151504364824,-59.567550273714225,56602.16488146286,135.35440415355816,26,1.841665198079168,391,0,0,7
676.4393720760464,53,60,8540,2043,115,468.5827080965033,229.63614100577132,457.5083023648608,38905.91314918855,40.828270540219535,30,0.10252331249004765,37,0,0,7
1109.5014271550506,57,65,42486,200,53,1300.6930892608032,240.63394331814982,754.1517114934068,1602202.9283786884,349.7579713301398,19,1.1459108172834118,-46,3,0,7
1203.6872031284695,52,50,-64218,768,52,508.97950470496085,-117.2264464586541,504.5077940437114,63172.50104767697,321.3652692142393,105,0.13990945360414442,46,0,0,7
177.78453620729937,55,53,19680,1139,35,198.34861807122292,-110.25163221970374,533.8123907564482,1018583.1187825284,5.161563338452197,8,0.7875526612526211,26,0,0,7
306.2657992065552,81,51,76558,1750,23,1304.1077638700192,-85.72619183418877,572.4762044101425,63331.300637729706,43.931798194182626,12,6.452285214552086,66,0,0,7
284.1499553238375,86,71,-1650,501,-50,473.03558273140345,343.8421727387313,631.5065201977077,308561.6753141232,75.66075919882557,-5,-0.41230461996439305,-19,0,3,7
371.5216182515885,59,50,-9563,-120,43,43.49047106715044,-75.36473444495523,117.36094415546673,-14946.923803264857,59.06547953224912,20,1.6111891678034278,-1,3,2,7
136.88271436935878,51,48,87420,2063,60,103.97383471219385,-79.34674087957409,419.5408444868474,2863.0019619382456,190.5190054211586,26,1.9687236355958904,11,3,3,7
1255.568238331157,51,46,3527471,54,70,1077.3122358285982,580.6064327948443,7.735832810773069,46762.508062211564,1479.1851031333451,929,1.4137567500953065,32,3,2,7
173.043911133764,76,66,92097,889,53,372.913584688206,-114.51828830862891,432.9906272273396,45639.95952358888,181.4248048773179,-10,1.237445959738646,-24,4,3,7
291.3775959871804,54,66,4261,1201,53,206.95845585649147,223.43008058378604,-54.92088324736968,28827.324001217417,93.21390137491787,25,2.24791344877318,7,3,0,7
833.186464156676,52,51,29915,846,58,512.6505888636736,-95.28212326268586,11.773744908787574,17914.39945918735,17.19422692663501,14,1.9216417437073146,-19,3,2,7
-9.924655920429146,52,55,-31195,160,22,78.22204411262173,-93.30001344514883,240.24416053338288,58274.91534022964,28.87451641775351,18,1.5153196447807535,-15,0,0,7
421.1525442105525,57,56,-955,1534,24,293.0642550437901,-127.69071428802809,410.2106697131172,54979.283782900144,1361.0962442985438,-14,2.432478918677914,45,0,2,7
1562.6117533728664,60,52,40070,-217,46,214.8208333866261,-23.153589009807515,532.1161449299021,19922.697876504848,71.30205334070922,23,1.1590182473794053,-41,0,3,7
108.53747816760254,53,64,21718,244,52,496.85612679427607,0.1452831810145767,428.1486327198951,-59.68743614311279,1210.6589606269486,234,1.8784457492582813,-60,3,2,7
487.06671583225904,56,94,20011,1365,50,158.43567379056734,-88.4223602510734,57.8579508571798,761779.7104899969,-23.703620616537478,16,1.2237741673339992,-25,0,2,7
833.0269063758145,94,57,3240037,734,60,157.54481847358858,176.28251105404158,-16.122207508537038,35860.27063083486,134.9106128051668,-18,1.5362046364593063,-26,3,0,7
106.46789675967318,61,63,61580,878,55,636.2129277023287,-77.00289259687214,29.572719338418445,57170.24103457524,31.150797693455637,31,1.5850044321818277,31,4,3,7
11.899575669468447,54,78,86098,962,60,85.42023716256058,11.52353883598525,253.01779541221757,533003.7109540758,62.632195655769905,30,1.7918992930392963,-67,0,2,7
401.63116735785906,53,67,62427,1691,-22,858.8074589647047,-48.2701133491432,562.1101923386402,39183.266112481055,123.07136030595717,21,12.784209705285782,-9,3,2,7
126.02429854869325,92,89,-11468,318,84,491.1979107607667,2.6046523220017477,-37.973526798738405,36094.09112076307,100.9461358819046,10,2.041386165054569,-158,0,0,7
705.3758600771346,54,95,86264,1521,197,1409.7676341184244,-1.1053104150454978,555.3032856779053,62469.6216499387,185.0314942466125,19,1.090165844893229,-5,0,0,7
335.17067789064276,54,66,58302,863,45,1095.2719000698457,22.114985990857658,82.77525966913025,283591.74973474897,-43.48384542546506,24,0.6544747643574598,-37,0,1,7
603.4885066591405,60,63,720947,-37,56,567.3617874323162,57.703191386462734,-17.765959416427208,62691.177063068106,780.0285327400182,17,11.893109082386932,75,4,0,7
391.7175472105675,53,50,-9965,2102,62,84.69582850125343,291.68214024145357,433.95669672778484,22204.55786373005,605.3806124526892,24,1.3157000111221215,31,3,0,7
-10.219151312414041,97,53,-15477,212,49,142.5178525625135,-49.58085136470039,261.23333927994804,209213.67691256883,59.032143304647235,3,0.18675740668611363,-1,0,0,7
207.85596513334553,60,54,51359,668,46,795.8742344361663,-93.72391441633623,527.9003859768225,73850.95817014998,70.72081629294522,21,0.37227765118100314,17,3,3,7
272.14667324631426,52,64,-62181,1111,46,396.65142054666,-68.09581418222288,-29.711737566589385,20345.672561931136,1316.4852417258999,28,2.542461284355055,37,0,0,7
522.0004390242697,57,56,47784,583,-23,1447.0614159748266,-155.676683793535,-17.255382437360467,40660.55103246504,1.6559497515727344,84,1.9445073828537232,45,0,0,7
275.14128333187193,54,62,22583,25,46,764.6472911858241,-102.37019331208248,43.54160540596767,-21996.676006914946,36.85709780389963,3,1.1387137705172468,-4,0,0,7
1808.2308529553538,77,50,4201,1290,-39,115.65669716885192,-10.989485858152875,-79.24118978286918,38056.151011772454,112.0759120807536,28,2.1692731717072737,-44,3,0,7
609.986548055604,63,63,-13062,468,51,212.42976177720556,-27.981191154180113,8.056281207297822,657079.7686048232,34.63132916327244,37,-0.15174705440203695,-31,3,2,7
322.83935566773965,68,56,87748,903,54,137.39326212439352,-61.51640247515506,85.97288408216592,63164.66908092139,783.4277415333302,16,1.2868790026207728,10,0,0,7
481.4302608521,68,93,52819,333,53,356.19615268759725,-137.89578782292335,36.49043728316147,48022.6748494857,963.0031361993821,1,2.360432907919044,-5,0,0,7
802.1065266258191,56,68,-14001,770,50,1132.1724860645745,31.69452315743754,-39.35966369158384,22197.613144539566,16.72179424513321,18,9.926348409226534,20,3,0,7
214.39859849805237,56,74,6963,500,57,505.8753412545957,322.2592696864918,120.53041670152274,1904.6109043636297,1643.3928229597136,8,0.35126057043381925,906,0,0,7
-24.920289154025895,71,84,52741,1713,-42,434.08892207004806,-56.553162670780665,408.294124866125,38186.81098751033,-28.191251219651804,-15,1.6019362195235731,-218,0,0,7
322.16016131137746,71,94,48282,530,67,1160.8555934772146,27.642068719697523,-44.573232748450835,4695.500771373789,747.5608553406827,103,1.931110703330523,-3,0,0,7
415.9917581017096,54,63,956,790,59,429.4992403388219,58.18774663740667,586.9116635774354,30570.258765906125,70.36928691371337,3,1.8744743554189736,-51,0,0,7
227.0904300278034,55,89,1266412,694,46,203.55450335250458,66.72708030877268,648.8039465276865,11182.651744092705,37.81957761088465,22,2.1067288255701038,-17,3,1,7
351.29635806947067,57,53,42663,304,46,295.7968997026539,-93.71286803783364,540.6890225286734,11006.495829682695,169.0834917967308,28,1.3795174502939205,35,3,0,7
434.7682684013089,51,72,30227,1683,59,368.18406094823627,92.99534296485211,375.75548389536766,41398.59087307674,21.322913691460613,25,5.782447049887712,29,0,0,7
-1.2944611329869957,92,63,-2740,-617,130,124.75535183140617,57.442694273582795,655.7570530903312,-19458.74969980095,47.20641451298581,35,1.0020379634891858,-47,3,2,7
509.33368423383234,53,67,108956,878,45,686.6737785135729,-91.50833954130101,627.3497302848211,20270.32689399863,341.38248241904506,-2,2.062607519079045,-17,3,0,7
296.131150022424,52,67,4819,-168,64,139.4077271066822,-64.75808092683855,563.9860036563746,1696.4507400195944,-2.617858852527519,-10,6.0920011888942325,-46,0,2,7
217.10672328777267,54,53,-15998,1218,51,691.3071356869596,4.5973425464963995,-12.258153560817801,44130.3375055097,55.924590674586966,-11,12.31104939609154,10,0,0,7
1631.3866832030299,64,51,1417168,1188,48,1110.6931185605604,-141.49158182568112,455.32164032839927,5887.565834407883,36.566651217436686,20,0.8856595612217592,-42,3,2,7
-26.721694866653664,54,54,52,2393,46,307.3631041113005,-164.1190991873985,-63.70070523972783,49096.01294736511,521.3942694433156,11,15.118449163398687,1834,0,0,7
640.0544097105557,54,58,92817,1400,115,115.4790049195827,-115.22633682600886,621.2871821295247,54339.77325355967,83.08179549823694,-5,0.3663435698558034,-18,0,2,7
294.66208606734887,87,51,-2973,444,62,116.26985560436995,-82.16877867133839,-11.490446854236309,55525.86998676252,130.41516361331546,-2,13.763431640104528,-32,3,2,7
418.12648257241574,59,53,21895,756,60,144.97417831066605,-78.10593283040517,367.81413185656584,30381.469999634333,7.504650822955668,29,0.6832403436492961,-33,3,3,7
1717.756128520899,85,61,112891,239,63,593.908787807301,72.4164711495676,-65.13178961930704,58573.88961962669,-128.3226671490641,-1,4.139889855808358,-32,0,0,7
1272.3113414674774,61,72,43246,2147,65,666.1926034315854,-77.07686985896521,594.5970683016475,2535.2531284294782,111.25334665595825,16,9.333424188391465,65,0,0,7
63.65813991575445,56,70,28612,811,58,445.4133035462009,-204.99801825310968,399.5175717219055,56057.576287864555,36.1999648520285,2,1.859506058884997,43,0,0,7
195.7900952231637,64,79,-32621,813,43,623.6447208402207,-82.10867024396309,6.7006918020262365,1413942.0492976657,120.74858865815023,28,1.6459129854569077,-21,3,0,7
202.44464806534435,106,52,-4830,161,43,224.22298800042233,-37.93996164003235,582.1834679913859,43769.487352442506,90.8675480424624,16,2.3444074397949466,-50,0,0,7
205.25345497359157,86,65,51124,893,57,726.0660542509146,-50.48712607923143,20.72446596531234,8969.403048965878,33.51357466650244,10,2.146245032021177,2727,0,0,7
497.382170276114,60,63,31381,868,53,451.3288614962943,-148.30340917634737,-22.424044972888872,-3215.3559507272676,-30.027459907926584,-2,0.13459048731618362,47,3,1,7
509.7411259131201,65,73,111340,729,56,1061.5388294838147,316.51251026272234,-51.01850196526412,-18162.165101188624,60.202593299998696,29,1.5593948176440195,2,3,1,7
325.3452667829879,96,56,3747,1070,57,671.1257628212528,-98.75337923783528,-25.53297854836027,315196.2229416573,104.77883613894915,29,2.477508464470397,-7,0,0,7
336.02293086525106,51,74,22901,-405,155,69.59667868173989,-112.29541004284818,575.7561840970283,42475.12764960446,404.8039905374977,2,11.050165695600688,-42,3,0,7
258.7757850397603,64,104,65608,1239,42,134.78480038808792,-126.93876934918814,-58.942972247030404,64609.75035485286,322.6975508538632,194,2.029990011387036,44,3,0,7
71.92018078712209,66,59,16997,1105,62,136.92462348592235,43.323613816913536,575.5113721652448,-7330.951263971099,287.48672620359264,16,1.5599030908716187,-45,3,2,7
297.6399822759013,56,83,-32684,655,56,309.43950887924836,21.57509661894961,494.8621682029386,28794.564652518384,-4.742398529360045,-15,1.8744674698028847,36,3,1,7
441.68199832234154,52,50,1558,1015,41,203.32706391608548,-90.10319759265938,82.98563051581537,28124.514457282745,86.82122579347623,-7,0.6054091910264392,-29,3,2,7
229.55980999607897,54,79,65452,-348,-5,201.55082644620836,-116.790038430815,81.36255393279865,18858.149368046754,66.68563116390564,-33,0.637554861875984,-7,3,2,7
901.9544029152598,54,49,2783362,1293,47,970.4830911448191,131.64324370903336,533.3328243443822,52690.73138425267,23.766677054627138,-2,14.347583302765798,49,0,0,7
321.1899624862795,61,64,57560,830,68,635.9847899459188,65.31993753537473,274.9302442330709,58034.818433918495,-8.373563248012573,8,1.0975837764854997,1228,4,0,7
266.2319405911439,52,50,4249908,-80,56,131.10124750178645,985.7013371269327,612.4166460141493,63446.58235073531,104.43413478085245,29,12.158047384023696,6,0,0,7
183.03444472967732,87,52,3062,210,57,478.6551123977956,68.5081956100804,505.39243172803964,33200.661083042294,-21.602840816999162,24,2.413521352242151,-40,0,0,7
821.4877225399252,72,52,61338,1991,43,882.7282392862223,-81.47754316807051,556.2521521975482,66893.7570432961,680.8337428986636,320,1.9816520683636503,-21,0,0,7
419.11373966218724,93,47,91941,1099,-34,435.97373285333606,17.525400685207643,2.239105524497754,43842.400127081055,405.65502523153674,-12,10.102601456477112,-54,0,2,7
1552.4289663594338,51,77,52414,1062,58,296.43113471090726,69.57159124247683,557.3634951007808,48150.7554474609,-3.776152111712321,7,1.2941048255241743,5,0,2,7
1249.8099230364928,61,82,63346,540,60,1317.7657152823585,201.77365276244808,505.87538384091306,36235.11656687956,27.561234775394837,17,-0.24538282618546914,26,0,0,7
424.85712579757325,75,65,66383,1794,-25,220.4223034952634,55.479480077675106,667.4665127005142,63902.546276856054,1079.0054128112893,-25,1.6153109549741353,10,0,2,7
149.6061272325697,69,63,45748,1846,58,45.050502288586394,-170.79001629434862,444.62285494315364,53615.82928495748,92.86064911593111,259,1.7951146462320877,-34,0,0,7
101.08699915912906,90,84,-2089,1897,64,444.3792044385684,-110.59189415145764,60.806365850409236,34144.67164042259,1629.4703012642103,936,8.394852657066037,-61,0,3,7
882.171687774595,55,54,1892876,797,56,244.69922737108732,-49.251574949859545,23.455693379132747,26190.495134150282,1335.3094979439134,13,13.968028097848467,-33,3,1,7
91.30943976239244,52,59,27778,-300,59,614.6911881891984,55.644167735137046,566.6843749956074,48908.29179743487,-16.17574067412359,39,8.666007984094378,-50,4,3,7
199.2713347325942,53,50,56559,709,63,167.3657549499478,-113.43298922844852,556.5668643609857,11317.359265549298,231.0981469882129,-6,9.687015036470225,28,3,2,7
-2.8136727977535685,81,51,61726,1834,84,185.40794650776786,251.66196360308638,487.46896914553804,39700.930756465925,106.3418163083941,39,13.387422551421997,-5,3,3,7
502.0780600787883,56,55,-18061,1856,57,316.3971959644457,1548.678495422168,75.61038755693195,7712.968227213786,-13.774780440167149,-18,-0.12878134430180876,-27,0,0,7
834.3919537076005,56,86,98787,1400,-38,210.20673321895524,127.89298063676776,442.3625192793599,29805.088542052443,1481.3229865239516,35,2.041806876197576,-57,0,0,7
91.39416212752354,54,85,22151,1689,49,371.93748614472327,-34.80649889841088,571.617392112698,46669.5816515453,1260.6874276858691,21,1.7001449010917775,3,0,0,7
339.3586980242437,56,56,-356,-110,53,175.31961254703026,-72.12517093350847,12.459918485030654,38314.0762769122,93.1453504493937,208,1.6122544873725864,1,0,0,7
1016.7646313654013,52,63,61297,970,61,794.1175032927547,-136.2492535947452,350.32015502199795,41411.62955468554,1284.7017414927175,27,2.1674708616961103,34,3,0,7
162.22495765724443,56,90,-37807,1097,61,556.8550048897043,966.4640408814288,422.5817044970041,6217.672494436584,309.40116731189374,41,0.008714998643464589,-44,3,3,7
242.41724596017258,55,61,53340,409,50,600.7800454705064,-44.753401374301674,654.9046634162776,29065.282547063216,451.82420280341023,18,0.29629367266163653,552,3,0,7
266.820504957948,75,87,-46319,1017,283,973.1065828127125,-131.42454237587603,-17.538850042638565,446784.92949617805,176.33008062853054,-5,10.402858586990442,-76,3,2,7
1024.8605890705448,56,52,37648,1185,49,542.2434581272336,475.64582524593186,571.0781749023079,62298.00649341105,246.98399848762458,163,1.6529793489677265,-41,3,0,7
149.11650946318065,53,79,-70424,1373,103,130.84018896313975,-35.31083226403257,-31.16778700519739,13504.380007775584,50.3726150795187,-12,0.5627864814969072,-60,0,3,7
101.92130393385659,55,97,-62385,892,57,1343.3882884232676,-139.37286817040825,403.4818798043966,60004.699865742616,146.52721167978774,79,1.395595191720156,-36,0,3,7
1072.0238453638128,78,61,3016887,348,60,-11.814759896573761,-175.7094737927434,506.37081419351733,60989.72607436952,330.16134164201344,14,4.726913168141014,-77,3,2,7
90.78936121223195,55,102,95822,565,56,-55.09924608974927,524.9313971725096,-87.13670890054759,4358.701178625778,984.4224038978853,-4,0.7992454594545251,3756,0,0,7
1306.8081892721527,55,65,1296007,2054,64,1305.655755377538,-29.575118145894518,499.87073530129055,-15538.604286428672,90.07910436677514,28,0.852071188833789,-39,0,2,7
86.4865643393737,55,64,-26270,1358,101,1219.4816918862864,-85.99756605427537,-27.692388681219292,740903.2279425972,1040.7622939283006,11,1.6678731660876793,44,0,2,7
88.57206018835191,81,100,78438,614,139,1074.349144752255,-111.08545121188035,521.1972403819703,7856.344201691613,12.664017110745277,16,1.9899371859221326,-52,0,0,7
498.70964314393285,91,63,63392,-430,66,1280.4519404988678,-82.94087640401673,385.9426079804198,16146.055373440071,1283.2707453700693,26,10.464389777996683,17,3,0,7
-57.667966952381576,91,57,30313,-75,47,82.91612143530075,-73.4563508354544,-2.129870634759765,69138.9333576918,92.66504847030404,19,1.3948855142219683,-38,0,0,7
93.56165744504224,52,49,26006,1115,61,83.02732050678875,-55.77007181349059,-82.76043266737655,31671.876185707577,45.268582805337026,5,1.408570045016379,-17,0,0,7
143.46693461159052,55,59,475364,953,-59,528.1696428454512,-0.5491210732060097,-34.89223125639142,-9198.36446407636,151.5232379470303,24,2.413839582465707,-8,3,0,7
171.65463079086226,55,61,6995,2183,57,953.7628462011401,-143.3229378810994,106.50435104685177,38950.68422432408,1233.9701789160001,26,1.4261342188157184,25,3,0,7
56.473153675311394,50,77,43928,2553,27,1480.7659672768025,153.6082537442723,32.09579538234524,7809.913316775071,123.10206840895043,9,1.1748081126730074,-19,3,1,7
1257.2861552564832,72,59,38957,-396,193,1390.040035564842,-137.22554956804882,535.998041700637,43623.211402521294,39.654279177719104,-3,6.569706284904906,7,3,2,7
55.33536169958993,67,51,58766,59,48,147.7925905121696,-69.85463804311328,-1.4485775475203333,37743.06209367239,86.52598659862616,-23,1.806826964438351,-30,0,0,7
218.13506884378882,53,50,-31405,853,50,1377.3425135414104,-102.66719786906663,364.29140860213715,51524.63577594853,7.994753498283842,39,2.237066767269509,-57,0,0,7
413.3955439823472,53,86,29817,1052,58,67.0022363205799,859.7540944141051,496.46822022384106,22225.496280709864,89.03070511699434,16,1.3420662974879214,-12,4,0,7
63.40838535324274,80,57,59037,-439,78,469.94656850946785,-42.28756506212153,14.288843390160235,55595.31926385554,103.23472329833368,3,1.5392627680847437,24,0,0,7
546.9955982003385,51,51,8993,-377,45,-19.02672753947921,17.937977596890146,-35.2807571241085,39826.23805417889,221.772039329436,22,1.27441483251778,1,0,0,7
1666.499997677529,53,58,-32265,-281,42,87.30387595839238,54.75271281766044,359.15004328360254,62782.29561559351,-2.7697171513377583,34,0.5900356186055206,985,0,0,7
903.4093757933333,64,86,96113,1517,48,434.1932121464437,-30.85964383560415,-9.207887874064097,57160.29885739456,301.4006046049006,10,2.000919514062747,4,0,0,7
1235.6072477531097,94,71,-22046,2185,52,178.68275429786183,-24.734400328974775,19.626415343421353,7072.9536036339205,1354.1972356777608,28,0.4337667479625442,23,3,0,7
131.88484252988755,62,49,-22725,1584,56,233.7090534608457,-137.76817628504293,-55.26673495389449,48814.23729997021,1679.0628151667986,3,0.6313135314503854,1267,5,3,7
186.4086626784014,52,74,-16362,1771,49,169.3006936866365,-154.0540400009266,472.545276366553,59292.27447657542,62.571614580654305,36,0.7426150963540319,5,3,0,7
92.29355379405679,52,88,74299,101,185,1040.497262557807,-44.439926149646666,559.6352966967776,-6508.346617243151,8.75693808563507,25,8.696330944067075,-41,3,1,7
435.62414022443613,70,79,-71749,-761,62,173.29095945659685,47.072954002397,-78.20873667016072,37811.62099541807,27.027449800983376,25,7.614125890402166,-60,3,3,7
1488.9889973473046,67,49,95670,57,275,1193.216280455982,42.2020754640079,422.6362743136069,15979.672996617723,100.0474492122822,21,1.7030964204281114,-47,0,0,7
1203.4669247826585,51,50,61697,2003,-62,1021.4715598000512,-39.547729627261674,577.7466614206966,40237.35792357824,263.58535223368193,-8,1.529460347641027,35,3,0,7
1322.0162569493264,53,115,-27754,2570,45,436.78579218014227,275.3759551083008,0.4363934042145683,68821.55937790837,16.941429403311844,-1,2.355416277557502,1743,0,0,7
161.48016027414806,53,53,34358,-248,50,1476.9184338619468,-61.84984030118112,364.2979223696632,32017.333479725337,-4.035673290720695,17,2.3967223065483587,28,0,0,7
1132.022970053337,110,67,67389,1874,63,28.43801642030354,84.1777873110812,377.04880702073103,52095.222495614085,25.38729964009761,22,16.91736740352848,-70,0,0,7
58.82319586824731,53,68,9730,775,58,1211.7260431896566,-175.41204320463245,-82.16021244152894,67327.434478287,81.43666687893543,-30,1.5919633800816662,-39,0,0,7
485.7592488056539,57,54,-4303,568,52,128.80117516116962,-140.5872242512208,-13.007634736260075,1748339.4850287843,283.1341356506723,33,5.762843399766975,-43,0,0,7
427.4716636781591,67,85,25490,840,40,167.62781538027605,31.35628389297159,441.47258308264105,54670.12127411871,30.309795341214304,16,2.1630599360298195,52,0,0,7
1225.1130574755664,52,51,-1616,-295,53,1145.9986895673355,-27.926343450451196,12.046579007894097,28855.357270935743,45.44846402971144,-27,7.636513669486488,-64,0,2,7
689.2173564192417,54,59,2429274,962,56,1265.1406097277204,-184.00111419500877,361.29221726006506,36136.50176289347,95.98605822637882,639,9.092267797031578,-67,0,2,7
618.7304610707575,53,57,602681,-388,58,661.079706745698,-188.4310979783759,400.03006911763225,29065.579686377027,35.586974960527414,13,0.6902164302779297,-26,0,3,7
804.6570621123931,73,46,85683,2426,45,95.8596215922089,60.18636896495737,-51.66169738627982,55506.581996216955,1523.5428606571413,-4,1.5201433631315493,84,3,0,7
242.32436604407576,56,75,-2510,-9,52,141.01897223054243,29.638276316134878,434.2189293419352,32968.175113541016,-21.032334862620758,45,15.380364316479714,37,3,3,7
82.10913474328467,56,85,515,1912,46,629.0822048515228,68.10618871248604,-5.125087328306767,330444.5052518653,389.8118408737612,19,15.213008189476444,52,0,0,7
758.9194929062633,54,54,14050,1977,44,294.5087111734024,-281.6565183876784,619.6896709217143,30977.256218299142,80.70376034330879,17,1.212915321241905,8,0,0,7
433.01192265008183,60,86,8830,1365,66,638.0748820976162,43.37594337237499,-56.60744166759667,-20532.35678695391,-1.2681092367161426,26,2.4015321175088618,41,3,0,7
182.19282684544453,82,70,963,1120,-9,178.46283528507314,-52.043668839567246,394.16054236601144,-19142.086769182504,-39.08949055344718,29,1.542818500232843,-62,3,2,7
1428.7340832000734,60,61,27227,758,45,635.8580778565033,-65.98136083821824,50.14013520956962,55883.23370521435,49.18303719741419,6,2.197163474433994,11,0,0,7
1262.9367758075198,51,55,30062,-344,49,727.7586303754189,12.513049381919034,505.4635727636695,-3250.562267740377,74.60931345407539,21,1.1125598480276429,1005,3,2,7
52.32232027017437,101,91,22567,696,67,1051.3742218844038,183.3232986600651,2.037546409406419,56858.734774294004,128.78227494055014,25,2.1654109148829686,-17,0,0,7
212.69605424620676,80,53,11020,-439,47,635.5938142005527,-48.04001089446743,14.804459120031215,47684.48652141841,73.35492877725717,-9,7.949973128043451,-21,3,0,7
627.7093129017571,54,68,50000,1018,77,550.7384415010686,-107.83054297216933,76.37158189173607,46757.70378867459,98.35457829870026,-14,1.330587229526656,-40,3,3,7
341.3364286086823,58,54,-30880,1120,63,217.9621285712937,-14.188270931234229,-28.80741074227698,1205074.1974405022,74.77784158556435,1026,4.775354711768491,818,0,3,7
162.55756141677142,54,68,-2903,1401,64,1207.2263500769502,-128.05478245745735,-129.3152643638081,-7267.801340330847,32.40858574161642,272,13.837176911983555,54,3,0,7
442.29931896679824,52,60,136026,-504,49,173.48541875508508,-47.60542733325531,467.30464900855395,-4724.194980649703,25.765608453783386,22,0.8475561038791266,-72,3,2,7
140.56199592770395,72,92,-67496,1568,45,219.63404919000737,-143.07480478533415,77.9350122256137,49715.388899764184,-5.906196006696874,30,1.2593642528715459,24,0,0,7
503.5556554575388,53,54,-6620,-457,50,590.2092183996701,3.5055008454398298,507.11830790529854,42217.67572217864,39.81155647724555,275,1.807755030726812,-32,0,2,7
110.10775092167333,99,55,14607,317,53,238.31995475347097,-144.30719111204965,420.4137185014644,-6496.646626437621,5.140898110268864,24,7.447547520571771,-24,0,0,7
60.76812593134171,65,52,-48440,-70,47,1515.94252858211,-106.0793876715617,557.3518379178008,668134.3433691409,28.232722604327748,35,2.083688062254511,-28,3,0,7
1026.5825618026577,70,58,61832,424,-62,69.00709051716842,112.50318533495421,-23.422535743860337,59073.52155634258,101.31644505355256,3,8.355214941844718,-3,0,0,7
399.9682037540093,76,86,51049,1870,63,1119.3973895815411,-32.793452374137786,595.8419513573114,195431.75316126723,-1.9065497440428771,21,1.3776831221679453,-70,0,0,7
320.15744778138617,89,51,-35637,147,65,107.18781274507741,-165.76514375864053,-70.97221206698732,27119.19624000782,-21.143586402160224,6,6.1764440701622485,3,0,3,7
525.4031250119992,63,45,-65222,1489,54,207.48132695054352,-105.30258077339224,455.68193917096085,39629.817499215555,125.98310800047634,3,1.9316235918302707,-17,3,2,7
467.9209504754657,54,84,-42953,497,163,685.2472636567015,313.6116762821481,-29.521569732850118,9694.560857729834,53.64817944229524,19,1.6214933775195937,-42,3,1,7
1131.91328693067,52,52,57310,2066,60,173.62784343152575,258.3587116161186,531.4936863884983,20846.656221876343,136.854338895166,0,0.5510229371759524,1872,0,0,7
1802.8979595650671,54,51,73669,867,57,1559.5487041099666,80.46447681622803,737.2258129634411,58983.81676139446,83.69370195909806,4,1.6096399615636503,-59,4,0,7
310.6530940584204,54,52,-62139,568,60,668.7589548233161,-114.62776309282464,-87.42363580142708,1595605.9678749263,215.24966553978163,20,2.0665339268932414,-43,3,3,7
547.2864903447584,62,104,40489,1318,232,197.5488638521333,24.67685522722934,93.83051963106028,5493.969886364735,42.70852592701803,14,0.47547969546638363,7,5,1,7
244.4477741609923,67,53,41101,1993,62,1222.8486354970787,207.15677189585034,391.0910120566989,114019.15332411372,65.10877199259414,310,2.242527060827686,3002,3,3,7
193.9777690086609,70,61,53238,1507,64,209.75964759268675,107.136113501441,478.40152767107406,11052.560242778873,352.55360913152833,16,1.9277446947670849,-16,0,2,7
366.5914826443495,53,82,42970,1027,65,769.3267024389411,91.84148970787166,-44.070814271644366,62538.633037516636,1384.809896701355,-17,1.434842285342437,-48,3,2,7
169.60342192864616,56,48,53296,748,53,93.46103273994689,370.2661780416885,66.49244610259272,42176.52453370116,147.6251921722179,-18,1.370171431436603,-69,0,0,7
264.8663204695633,64,78,26984,1211,62,459.8356549866744,181.06075011872062,496.3283006085646,35393.45747068076,760.4071141697125,18,1.7139813171010736,-25,3,1,7
213.03822926657813,83,93,376265,284,-59,465.44722518044887,63.32667863540277,-68.1759593680505,47335.80969687067,33.77783819581351,19,1.2769439193070844,4,0,0,7
338.6910000359174,53,53,78188,1038,58,-52.80296291439083,-3.6474153256933057,-131.66811240998805,32228.506740970814,918.340266870722,14,1.3006194216657683,-32,0,0,7
506.336591199996,61,52,4120,-400,68,1386.2168879456806,38.468315845448195,40.751529093776014,31662.505350084684,1156.3069518890402,21,1.3487291065158202,1339,3,0,7
113.79751481831494,62,80,-1378,306,52,177.74471786143633,-138.3668802264371,457.4530033951768,39925.40751821741,37.83892622968476,35,0.7862262660471631,21,0,1,7
299.32999973961813,74,52,1743126,674,69,40.899269961127686,228.5053153523603,256.2994635878825,8150.035656867337,93.1168693782297,9,7.44655046741595,39,5,1,7
45.5984490505993,65,94,3800649,4526,61,514.2578682883252,-72.94780660860602,-66.83061257892801,60336.64931081398,5.960263755558643,20,1.0112170348464242,15,0,0,7
1334.8863519159738,51,71,62290,2207,47,490.122947869766,-56.84973431062264,40.88478074512238,36466.926935414696,97.84918513414483,4,5.143755609147548,9,3,0,7
210.70467555604057,66,54,-14609,1429,50,75.33046495045832,-79.7872722801049,246.40849888890617,47694.82905472716,1325.2708538192328,-7,1.3253740722059217,11,3,2,7
-27.62076794657905,54,109,7927,-422,48,584.9274836530187,-126.8280469024067,377.5498810181844,50828.529069376964,25.628081504971895,35,6.9977380776756295,-68,4,0,7
-35.17402730216757,55,56,21734,-547,52,217.11475894879493,-44.51330240354298,446.20213246291155,4430.652160222266,-11.429666369487506,24,1.6990830243306634,-21,3,1,7
489.66282367941375,98,54,-64497,235,61,655.351701475381,-79.92930040700902,77.49097154056355,44138.22160196946,416.32833828985383,11,1.6917572452337106,-74,3,2,7
100.269062855008,102,86,425712,365,52,1439.118307850836,254.24190054901499,519.5639131748077,44261.74606379957,84.23912297491232,6,0.12779071190825775,-10,0,3,7
-18.870671897279948,60,79,68316,1489,55,1237.6359401827629,-39.72656120885178,466.1693771050882,14099.975953020146,40.8730035533057,24,2.060716843661412,-27,0,0,7
287.233877665096,56,55,62395,377,61,15.29983095623966,153.99807445184655,-77.27851054344629,19538.225147989753,1529.1726112106871,30,12.421167339620338,-28,0,0,7
-53.42919597468391,58,58,57231,1132,46,31.888788262260036,-87.6538153136848,406.1320984817695,48317.27440410819,48.98708396464647,18,0.5524917251578296,-28,0,0,7
139.73882380347706,55,50,55457,1787,56,605.1686776814389,-122.62744085353626,570.8063551403937,-13178.88858601483,158.91197737087958,26,13.422063499169552,-62,3,2,7
349.42571090683253,54,82,85347,1922,156,363.21213257675265,-15.308838229134405,691.6068268133719,122861.9273160153,227.07490944599698,11,11.179245261060032,-49,3,0,7
1712.158969219141,52,49,464598,1392,54,741.897768544577,-186.39529302346196,13.209105114298316,65626.65074980188,1113.1416218784068,-5,1.4978943309058654,1,3,2,7
127.81752316135598,60,66,56639,629,54,339.8376802238013,19.42283634080773,16.197212434738407,9491.027465280045,9.353178767640856,26,0.05274570190282568,-44,5,3,7
1524.13976874805,52,48,85366,878,51,614.0544846926339,-138.0870910142636,588.2103338253949,17934.084156781697,160.85516499436886,32,2.3012194785646836,-60,3,2,7
241.9948111069799,60,78,25448,483,62,692.1535222303648,-206.97602100956738,485.5290039015752,1183564.9077493162,128.69387037264337,33,1.2774081819718512,36,0,3,7
1066.2756025848362,56,55,53445,677,142,26.769698464148348,-133.9067823055067,330.4226174143914,536251.8936942739,4.0236804833444495,-4,0.4676665582007004,-18,0,3,7
600.090681847149,77,80,14889,-60,106,277.23871901327124,-52.896294062913555,-39.20615193464103,42382.797602753984,-21.260909570512297,8,11.951340724737644,-3,0,2,7
236.3563936491741,100,56,-10775,1133,45,145.85606363453553,26.470609301958063,184.74052187645987,36224.01085470164,1001.5301342405915,25,1.0637439571775145,734,0,0,7
452.3859925930682,58,81,19450,1649,48,-44.44834529729525,21.309818067440965,-0.45729731880578406,50033.092339278,-3.360751199124749,18,0.24721443568619034,-13,0,0,7
318.6859645502874,56,84,27354,1444,46,405.419440476667,-76.20330064111643,-65.14615101604981,39855.712188920676,-140.79771149523293,10,1.7279554454321395,-21,0,0,7
74.90455709062334,54,73,1714086,180,191,81.71526754435246,130.29659738228133,-24.606219502608674,47319.42011787735,28.465600552030885,1,1.8877710538871995,-31,0,3,7
159.38632864962358,55,55,193486,1327,57,636.1910701777172,-137.23810227089265,-116.61479663139795,53173.344015148796,49.12331681840024,28,0.20545024772262566,58,0,0,7
1520.6234389899873,54,76,34136,1736,200,204.89517899983082,11.475264183927287,496.01182386618774,25559.99678806796,1355.2540893658897,-7,1.9991463531596914,-45,3,0,7
1531.3055949337845,53,68,39130,-443,50,189.27757218349467,147.19475544575377,512.0917735743178,27105.789522687526,42.72860469627196,41,0.8329843973142971,1455,3,1,7
563.7069796486436,58,78,86503,1974,43,39.24950371640443,-120.63073946990559,451.51086271870184,69052.68580472472,114.62014661039724,1,1.8805584857947681,59,0,0,7
556.1149008308674,79,51,2192250,1822,91,1476.4853199747622,93.36001679783735,-80.52872247791228,26378.303861983542,21.244479563543322,37,1.519201525610911,-54,0,2,7
116.08210371775539,56,58,45535,1549,63,1365.9209822861062,271.3215627638381,23.183435396773042,-7191.254082717056,252.83327410972305,6,1.631918946219319,27,0,2,7
1750.8284053551697,54,58,10151,1366,55,122.64729790983716,14.343514941403688,75.87427895393049,42524.28179026722,116.11343549839718,27,1.682282465355538,21,5,2,7
205.2820454125768,88,53,8130,1284,47,380.98338108496057,-29.367032371236984,14.908914827933483,15826.129123340132,-29.27843273415236,9,6.586342834767126,-44,0,0,7
222.59146698348906,53,68,67339,-85,58,430.5237477639598,-161.93663301707628,459.5390714725453,30500.642673759732,1047.4359127242162,34,1.7787002555592588,7,0,0,7
161.2753825227607,53,61,68272,907,73,695.5684473328176,21.24426490520715,-32.36335901086994,30914.806917883034,-18.849446244329684,29,1.434364079305091,-28,4,3,7
93.92908207952802,55,67,68874,1858,61,352.5837843883252,185.76407563926108,705.0696079227929,51415.22595282144,143.17612619660196,7,-0.03482349782583727,-19,0,0,7
514.1381433956618,53,51,53958,-126,59,345.84980108665184,-69.37342827766972,505.22476054648973,711276.2913786715,474.60712888107594,-6,16.099063522127185,-67,4,3,7
793.4843884024662,65,51,41264,-372,52,102.0549571804941,5.2279199661583995,663.5924251592796,50326.887011268,35.73872974159182,13,1.155346549980349,1305,0,0,7
522.897058264256,81,80,71903,1033,51,1273.398640616063,407.70102740388654,25.004947867382025,14934.555835391677,133.3693761186872,197,11.830780680169585,1554,3,1,7
211.53171772100904,64,50,22348,-311,55,142.52074982350993,-128.4260592283194,475.72087900510917,21638.227013113523,16.109536794958345,-3,2.1158357414087483,-21,3,2,7
114.30084048086508,58,51,73576,1476,45,1021.1153291017677,-75.8690183605354,402.27623976756706,43746.28754889548,85.57260101640514,13,0.8268427505266129,-8,0,1,7
359.9343369494322,68,50,-2658,2005,58,125.19222587298566,-63.38457026174842,366.32897341653916,29827.940119175557,1408.3300472056017,13,1.5077101209208206,-54,0,3,7
119.86035125203102,58,77,59076,1263,46,1297.6878293940724,-64.72924014109246,433.1816167244287,20146.530315112715,-28.402033525490822,35,2.387654617323571,649,0,0,7
363.4744435946206,52,53,18285,709,182,1333.1868121973123,-163.8940786754498,457.1075792754732,8207.483112167645,266.51971096649174,9,6.3563409531237385,-32,3,2,7
48.728694675381455,67,47,-3845,2842,44,548.1641113123695,-34.75652772954433,14.000135912240609,43319.73311668335,216.6930635358723,19,1.6327947392056417,-41,3,0,7
792.2969840104867,53,50,55148,49296,90,83.07598974678184,415.1119464043531,-12.080543515086893,3853.277631775798,23.99905221945901,19,1.2586807980946286,-27,0,0,7
1401.3553503652763,54,51,19357,1136,55,164.79745452724626,-29.66506016369536,392.9848267716375,301315.91657183756,65.36493347419581,35,1.2508887480282165,-46,3,3,7
1422.8379738460478,52,79,21856,943,107,1115.399318792103,33.99224738940587,546.9793508150299,70511.64192072,146.74075452308068,1,0.5040415465922016,-37,3,2,7
201.655368166058,58,72,55814,529,47,446.54701271764264,1546.6113247570543,37.13028240363598,41340.055470850246,9.405212685053996,4,0.5678222768232287,21,4,0,7
898.6839169978991,52,51,79926,555,67,226.04155454242118,28.39993180321426,408.5367675674917,52860.69924212833,539.7560805831378,27,2.047972142082947,-46,0,0,7
385.8904465133535,52,73,79197,2330,56,1293.7578556930753,-20.926381963470345,23.07787757364143,39795.80056250391,274.9335277998318,17,1.194096186530303,810,0,2,7
65.70018904736042,88,52,-1266,-399,115,1251.7809716271365,-94.46493469985268,148.7560797538838,31457.981753904052,1043.2715668389253,13,1.3231764130710104,-29,0,2,7
226.17014384775769,83,89,3431863,313,61,829.6716310978964,-94.59524697076921,323.29904458338535,506352.6259484575,5.509190824342014,7,15.949573121210157,13,3,1,7
568.8737687568748,56,51,35568,1276,43,84.4185440172823,69.2160682671443,-30.116215639904183,56390.701779062154,95.39055239364782,186,1.3065664135211341,-53,0,0,7
30.07915912745723,100,57,-2378,141,129,156.50083184178936,-52.97067453303737,498.1256337877886,31700.641356472555,-41.856151302632185,11,14.921200131974608,2146,0,0,7
349.4771118098637,52,75,-25877,560,54,221.92452590824058,-153.01621069891905,585.0738380970979,27948.56940752613,157.5999867726734,24,1.5156193412210053,-63,3,1,7
193.537035861903,62,83,70023,1267,44,199.13083359644696,100.75323141671964,578.892685901601,58907.9200824888,57.472258613262575,-12,10.053679357669632,2,3,0,7
115.58123866222383,67,53,50232,2109,62,86.89643019130432,-131.54206610528922,587.3682130572358,156103.07647477274,32.87622494235404,6,1.5479825975389465,581,0,0,7
1484.0173443911794,95,96,71773,1087,64,451.23393144507145,324.6992685085865,-93.7924766814821,56608.86250585555,79.53790273446131,22,13.970467894828175,-34,3,3,7
971.0736303618714,56,57,30153,1165,56,541.4491675389418,-17.931949915467843,-11.733900296815326,13717.899887654596,58.10652346623474,162,2.016576716486378,1552,5,1,7
1821.3978867927178,51,52,-13621,2395,59,468.4591328724977,-14.707594193708875,35.41726413498305,-32821.917865221934,211.40481378626555,-12,0.8835862018022784,23,0,2,7
571.6278498897113,65,49,55370,685,51,90.04937076382546,59.69933170231478,24.351381047363354,20858.706524293942,-118.4830705495969,24,0.2177100871681925,-12,0,0,7
130.9044626800282,54,48,37745,1367,52,1539.4353931082896,-132.9564895943406,30.285268056733024,71689.56471630785,48.07071105130513,39,0.7002121608070725,48,3,2,7
392.3164713565808,88,65,4102,1475,49,472.0858896055274,1.826614878568659,-84.89218919638829,239220.07276498503,100.17228912995142,10,0.6697259808149892,9,0,0,7
402.2690908062428,55,68,-32491,1501,71,424.5411159840546,199.39547173740368,477.71369326440293,11196.844316703467,21.924983397184675,43,2.0894901118912137,28,4,0,7
-70.32311125676641,76,51,112098,1710,60,71.52583934001355,-122.78592443271387,68.05653040683161,768705.3926402028,1135.8619504436383,25,1.3694634179623033,0,0,0,7
10.689466701019725,53,93,34068,132,59,1266.5331736728815,-115.67096116843663,-97.45307058835755,-43569.4864643049,232.30522231943056,30,0.3340876430786415,74,0,0,7
1516.3308265968114,57,56,29362,740,-4,498.88966205917575,-75.91789530503354,610.0685786516163,25535.658471781717,52.10857094261113,16,4.394436376319995,3,3,0,7
59.285852589590405,53,93,562985,741,50,234.51835305553467,57.52810537179289,524.7500946722278,543833.4734735247,61.01239967942678,17,2.0969468898342503,11,3,2,7
1761.2251346564346,82,52,54045,1584,26,632.0746798382481,47.465632978147326,478.2435104763203,59289.75973964591,-11.185654763796109,-3,0.9004844504556593,25,0,0,7
324.957172790131,71,55,31337,1361,47,1478.1713944105902,-11.150188638557193,463.27075055598584,20516.9420985201,73.36201673748047,25,1.7083930658439184,-8,3,0,7
438.4733907719485,79,53,18210,1455,45,9.973793397599849,-114.50530957465824,556.110837564318,29626.78722966702,-3.7738427192019373,-13,0.701691320248183,24,0,0,7
177.5689256828106,51,50,57149,1262,56,197.2627022435022,47.6461237277198,413.4301138959403,147.6136306760818,227.30120966053363,37,14.183431116581197,-27,3,0,7
370.5566276129124,53,72,33048,1058,103,181.53263060130496,-73.03071530896496,558.3861417154988,-556.9474713189429,1334.1666806048595,25,1.274525174515598,-63,3,2,7
145.6030626650564,83,50,82567,846,68,1112.455715185512,44.12400267910736,646.7267449517864,44681.05446713108,656.4479715239643,19,2.0121291822945504,-67,3,3,7
172.67026871273168,66,55,32644,905,178,383.66541217555493,409.1207404195826,581.1599096315025,-17234.035336888872,67.45983369865331,-9,15.894940790432045,18,3,2,7
1051.9600671427029,56,49,1616919,132,49,1300.5015631048116,227.56745050611977,24.968841956127584,10207.04758852304,1610.9697000676047,13,8.570232294378387,-14,3,2,7
1571.7990617646074,52,67,47119,-391,2,134.1134351613761,153.14725243125156,56.42636928538448,-22496.699959006248,101.00923675522614,-24,2.020581276043179,13,3,2,7
677.6143363925012,83,89,-20378,811,54,1538.830164770682,-54.05649854442758,456.5636213547997,-469.7031984079931,87.77390972306293,-5,1.7395719388145046,-106,0,3,7
-88.9078675277601,80,87,-15520,696,43,226.22529486108874,211.3534922202977,-36.31248360308224,44108.44720013162,316.43420648431817,930,1.4422657828077123,3433,3,0,7
116.6880695330587,52,61,8749,-276,14,-43.386981030450954,-81.93380728949894,506.31858252779523,13309.619849052426,33.66453309316376,24,1.1009995584866001,-30,0,0,7
70.61072697841847,54,104,57668,1465,123,652.6279138895409,-14.75132704964697,570.3135983490874,357062.48049100663,0.7008992698228269,125,1.8801087403039212,-550,4,2,7
218.87316682925814,55,48,3865709,1463,67,744.9874400790592,51.223518511187976,373.8409417888387,17671.055393602997,893.7531967936425,25,1.0681901429361913,-51,0,0,7
333.97247431635503,66,62,36730,-364,67,120.83854557998536,-16.04225842165631,350.83474265655775,-16585.1164385385,211.77058358208058,37,1.26378608076331,-40,0,2,7
261.14422622813146,52,50,74082,1328,43,1335.1519822835025,-172.39216720835043,534.0150394113069,30018.811988426267,976.6727822098283,8,0.8607568842807365,25,5,0,7
517.5008541438344,60,64,19751,572,43,957.2201397044723,-17.001646284614207,10.069018374462022,44505.15424892006,155.49389695582687,19,14.895142323866928,-3,0,0,7
-9.439346655641572,52,90,93895,-415,232,747.570971054146,-63.505983052808844,342.1960091667406,18442.331569706956,75.04426750730903,24,0.40741076133081,-43,0,3,7
762.7116843740903,74,52,9263,1572,-7,552.8564999177081,-99.89268537103898,463.25817995686464,36970.725078088435,1446.461964502419,1,14.961013248039492,5,3,2,7
61.37721151142056,57,55,19186,656,64,415.3548978092897,-169.0134056339134,386.00000691097785,-20133.691746476576,49.20323871247558,8,13.475033835069322,-35,0,2,7
429.3721785364677,85,52,34499,-113,53,645.0424476052067,-168.5200920198489,-55.37181657241782,-18796.881782932964,70.19524684277258,-12,1.7248779193213863,950,3,2,7
126.37902443842435,52,68,18559,1259,-54,102.61065951275272,-8.31464143829561,104.0111772786692,59599.47273810345,53.81122596222586,30,12.754429661243824,614,4,0,7
138.5657922478663,55,50,99756,1375,42,69.60272823387163,-93.49109601322697,546.0846022079746,72692.21493532299,78.9029353702527,-1,1.7868330862419173,-16,3,0,7
139.7553643000155,53,53,78346,1312,49,747.1627180012492,-84.71108898985092,-0.7709236455401935,55859.67941967893,-2.1508596107595963,226,1.9542607432828096,764,4,3,7
198.70939611385677,56,86,85315,739,48,834.3818328920786,-60.39054675324101,-57.454748504696916,554423.5908418619,238.61135388364343,19,2.225194473249456,39,0,0,7
408.47974542918837,63,68,7452,1754,48,212.0133785846945,48.20586083763732,2.7272321162819377,7609.361482755698,85.73821567694324,20,1.1451316524428643,66,0,0,7
112.28212294195886,51,105,-30877,4140,67,501.7009169666918,-62.638644540189816,565.3589302465036,809439.8116842305,57.061129224644844,32,9.476985106283408,-55,3,0,7
1341.7014131415224,52,78,10082,297,64,510.53228439120426,42.1550294552889,627.155367239476,60015.50531082446,72.42329235594475,185,0.8998329420683859,-52,3,0,7
551.2598104103788,53,67,1673,-475,53,106.82493580518872,-170.91501078387856,-49.10607982907946,53214.28042924506,30.520516755607474,12,1.6801844755135074,-20,0,2,7
10.388192132780603,71,80,6043,55,44,196.01420516404983,-127.65226497883245,7.876177575174574,23057.86690621836,93.32515641355192,2,1.972089209979679,1869,0,0,7
923.8874596046116,53,55,11833,-207,51,616.8328266019732,48.657070109697145,33.45904850278776,57407.04751395873,351.10147430479043,4,11.755508198896514,-16,0,0,7
160.31749878847643,54,81,400597,1593,57,389.2377275698802,-96.97481339883592,-30.75375629339142,11764.87114208327,57.35693385738419,27,1.3467672797319397,-23,3,1,7
581.1183244097361,70,48,69027,-358,126,251.91144600024882,-69.26637274165843,634.7728294795746,281172.43013368035,173.5915353756933,36,1.4020552193542486,17,0,2,7
207.34972236611623,54,67,-27899,-163,-28,40.90300051827558,-131.58988809927493,-74.04245239608456,13213.820765875347,55.97905952911927,15,1.3732178575146898,-27,0,2,7
152.72081132029757,56,76,-25544,942,47,118.76190633023373,-83.62224472207949,-39.814141951209244,165211.67661148612,272.24622920353397,21,13.995530806347787,-15,3,2,7
1002.4948151821312,82,60,27924,818,60,396.4049149449775,-51.870104865049996,61.4677115440702,-6245.842278888478,1392.6457148765937,11,2.0861075405659255,-1061,3,2,7
411.54817683504064,54,95,5082,926,44,295.12111336149354,-112.93117020724495,443.43598816765666,63845.716558550244,46.717049126989046,-10,-0.298432252017408,-47,0,0,7
1958.313654201591,103,68,4062,831,47,72.5916340141543,-115.81931129295484,486.01869824994014,16904.64031241357,7.1520807257890056,219,1.6820004419965802,23,0,0,7
265.88069534254544,71,96,85744,2041,51,456.11649233131254,-101.44170411736718,548.5429959003528,-36721.73686434144,-65.3711825924558,9,1.7519148646942058,42,3,2,7
337.38735623232503,81,73,862431,31,43,656.2756494140315,-87.32594632310219,486.3833185397634,188842.53741585749,258.0474292042497,9,-0.07020860857502154,-50,0,0,7
66.91991196269653,55,72,-15279,55,62,1291.5158926285098,-121.75750050796415,405.2059768481372,68517.92261776973,19.689614497011803,5,1.3369318083309985,982,0,0,7
142.49336262559714,53,82,2794718,374,65,595.659887469108,-119.01370789725982,669.4188443807354,62819.19510539829,94.59485869576304,4,15.972557820275927,-64,0,3,7
128.03841854515883,54,61,-5270,948,60,1139.8082248743524,-20.267646549019982,675.6166455715882,141981.55339132753,306.5870419976744,-18,1.365981361906351,188,3,2,7
1117.4666490924292,54,52,2297,813,61,252.26491588569496,-135.40683790304521,-22.26806785148895,1726846.6743720863,115.93188827315274,18,2.2863254319241944,173,3,3,7
320.7657092673456,58,63,91122,1725,57,48.20567585755617,-86.43042666440795,512.4355692521398,62661.917702707535,86.30480859851521,2,1.0048177440842456,511,0,0,7
132.99838243685767,53,101,42879,1124,43,682.9935536444623,-104.50891521491857,-14.494506420822878,28267.051664820363,100.53856381854729,14,0.5698101541879774,65,0,0,7
347.9668853802737,54,51,84894,124,49,126.6922553233151,-94.48076632083331,-18.359094963361237,52120.92452496161,22.567484515327635,34,13.701899730242374,56,3,0,7
1299.7079210682703,52,52,-56335,-300,46,-11.034865869991762,-33.82081122107046,-9.59269493413167,31486.075494079225,49.12720699434486,-3,1.3821783966313197,-14,3,2,7
38.54253589871011,65,56,68851,-5,53,1189.1235262199293,-48.194766701285346,370.4153417248359,949509.7294949255,150.24191284309947,41,2.026478347181903,-17,3,2,7
910.0606531413887,58,56,2153063,1361,247,123.36749709111932,-52.37881839779929,117.99230386630599,44268.51458458994,-113.23760123814981,30,1.323802717234393,53,0,0,7
1670.9995960722345,56,49,4140954,-122,47,481.8238235093189,50.96742815777609,452.531978415763,27085.779014442072,51.18020367517988,10,1.7785845772089721,-728,3,2,7
204.51795769512518,53,115,39529,1277,61,159.7646956973925,-44.88531886964246,407.4487739498159,34966.25663013683,28.466968291875595,18,0.24606034904962432,-57,0,0,7
325.92062282431164,54,62,9707,2041,51,160.61612864339892,-257.42152716461896,48.42899580814505,538695.1289689789,200.49445611656924,14,0.11181269715503739,861,5,1,7
584.0174631309773,68,51,37802,403,64,227.19471963572806,11.940228659773785,460.9274275495018,20493.96488880992,-12.378076777820695,-11,1.4332120009732172,678,3,1,7
164.51168005392577,66,90,2485,987,45,111.4045863354966,-80.08715254719507,325.82774746925327,43455.82709278466,132.24609953207687,26,0.9686404732897188,-35,0,0,7
1931.3153827983358,62,73,-22161,2020,73,342.5228794217605,16.177557014528304,538.5265793118065,68783.90922036344,70.78190015093209,-15,0.943109899886593,-45,3,3,7
921.3264438747262,64,64,270956,192,56,1051.649528575033,742.6268111944436,-23.92895533991625,742912.8122827313,-0.7947945547537358,29,1.73166794010652,813,0,0,7
56.71915021620391,51,51,-74173,-24,47,178.33131090460924,-215.745936216906,-37.22969779570411,61877.086239626384,174.82136635015928,17,2.1770830669953822,59,3,0,7
258.03476764995406,55,62,-7318,1423,54,772.3717419317697,-3.1328020572123805,152.53664300920042,11571.694162475975,27.31350768950223,7,5.567570233685666,52,4,0,7
367.858318576864,82,84,17796,884,47,44.14502074593643,29.815785798781935,347.8900530768009,55921.33009302704,280.7511746881865,35,12.678782656038392,-45,0,0,7
1269.365357258547,58,71,91665,1220,55,293.260655126209,0.4258036124081599,3.619728726033003,34897.149323903206,136.22476100116324,-1,1.846771915251201,-9,0,0,7
859.3065960239762,74,62,56811,392,51,113.96377596952232,9.964414212905414,296.0790989605291,16148.098857843815,203.08454407749412,32,2.0300662122050817,-41,0,2,7
1567.7150406698,85,69,32854,385,42,716.0041147322959,127.40546105897286,-81.5237747142462,-1493.0655914868112,73.82390276986166,1,1.1689483960015636,21,3,0,7
695.0649616292224,53,46,2174,-53,48,108.44138929835707,-107.34272211656133,24.328876162550696,34557.62856059714,52.36785990410693,24,1.133028518143445,-66,0,2,7
1779.4764354554563,78,67,-3521,2218,47,159.0224097198961,289.5057760606251,506.029769853322,324257.853759557,1159.668277808591,20,1.073357396149669,4,3,2,7
-1.737335528510613,52,51,2910650,1162,58,275.7685979497351,-129.87451941332031,658.9844985129662,12636.982554341668,1598.0085630630097,-1,1.2653160072780394,-52,5,0,7
317.6395231564718,58,81,36462,128,70,50.65843711469777,-122.27919083815445,383.17659007169897,45109.51267613976,-70.05612452659415,-26,0.2694526517566019,35,0,3,7
1532.2529146503025,55,51,55694,851,46,672.5102548813677,-153.7122238369663,-4.970959230249678,30026.12682851641,407.9926643726368,23,1.8348822924306587,-27,0,0,7
870.4706010997304,53,53,78548,698,179,469.15126779514696,-148.736606306818,-104.33311906175624,35001.650614084974,84.30411351972198,38,0.9148389803855476,1,0,3,7
65.46353827633342,91,61,43394,-269,61,712.7148226042042,-19.683748066615042,654.8286467770442,9286.428020379833,604.5194084802688,9,2.7479423678153676,3,0,1,7
1032.067034130845,54,53,60830,-208,44,595.7160955250097,46.3992292803531,18.908448013542102,55133.779544576006,125.2002963742762,25,6.31568367557072,67,0,0,7
529.6067296719148,54,53,47919,2289,57,592.8979785582225,-207.91365356189695,431.6741850882792,64994.129771197484,150.4184237178877,36,0.8107487848674689,-31,0,0,7
397.4664229285026,53,51,85605,1622,58,706.4006835185199,-63.69060477268448,622.3982704557949,46173.93867979304,1883.046230812495,328,1.9356329713183338,-52,0,3,7
332.9201911405125,53,65,90089,1051,44,1366.0522909773865,-31.49904047997629,125.90276829220605,28423.3354753495,97.23172728994982,0,11.247550231364976,14,3,1,7
-42.06354288549964,78,58,29279,522,52,251.87283038619208,-176.95027423421365,-61.52139572301923,-8212.846151042017,104.37607437278152,39,2.130374375498803,-45,0,0,7
297.33536568785183,53,53,47903,634,50,477.4815370106912,-48.65655401196507,328.17560094688235,2431.99356780121,119.7907148535706,17,10.858705251442112,9,3,0,7
98.41479831436028,66,53,86939,2567,48,392.044919948185,-129.42843439274344,-1.977158174925151,271084.3870117747,69.76119659614949,22,8.943082370737017,-11,0,0,7
28.29787421800856,52,78,-203029,917,54,1471.036617838316,68.14913797545873,193.74793025431745,59375.3859065392,194.92309550158367,13,0.5742369454613384,-36,3,3,7
372.61202038437546,70,90,947,-111,-12,228.72327355494826,18.656727293444472,4.455782181014641,59972.73810151749,61.973569268336256,24,0.6372038532508394,-52,0,3,7
236.3004602118204,71,55,54834,1396,45,221.5406284470813,175.8151294066391,576.8692472128936,35112.930850997946,1475.5272935162236,836,0.9137278284343,-20,5,0,7
-6.523243245478085,54,63,-51828,1247,77,146.28283581369507,59.93061142166778,294.1934118719365,-5762.787588100931,122.29920512010477,6,0.6610627855531142,-48,0,3,7
160.5589527611372,54,79,35542,-269,42,155.92107123396522,-112.85491063554392,545.8108939395801,24170.5285251468,136.72335117458618,3,7.404796979519165,1,0,0,7
1668.6155113620212,52,53,-4521,384,59,87.27874705869584,-40.70082592660431,-47.45100022028901,38504.19956361092,988.5216494151041,29,1.2968386446318436,-806,0,0,7
318.9629290815243,74,53,62222,1123,43,105.11616549534321,386.70194294765304,-62.35235849132912,54261.899816271616,112.64457455641423,341,1.2668839768216582,1548,0,1,7
369.4660808519483,63,64,-82619,877,55,253.58390804028235,93.01058758915809,429.4324379670375,-8321.770125326177,1139.6158408167585,19,1.1916893481166364,25,3,0,7
528.6181716603651,55,80,-7405,1889,48,157.69316891228556,-39.31619433363966,-80.79585379976145,49724.98493570912,1166.9999181972464,39,6.854552177929489,-6,0,0,7
550.6770121516006,57,50,-162713,-279,52,267.62096253507184,-195.42470323309854,518.2092293871445,37116.80293513376,287.0546871324684,-9,2.048699951703501,-16,3,2,7
1585.8520978437705,54,55,-27819,237,186,160.55399025351255,80.02876489281938,34.96868458421134,10004.061427642853,-212.07487939850665,1,1.6131553554774978,2310,0,2,7
1787.1979618970008,64,49,2982232,-503,217,223.154693559917,98.27745194533657,85.24956691141475,20377.588973313625,3.9266007804724694,0,1.1471196445678813,-53,3,0,7
105.43651526425214,56,51,-1946,1999,63,1041.9592046985133,-35.803974704876495,-47.91581743991137,36264.82007231972,1356.8449767249963,5,1.712980837083415,3058,0,0,7
1038.102463792363,56,55,-26266,1077,47,1217.4274509686322,-128.40970267612892,3.6903728048390985,47593.51393206471,195.2743356997231,15,14.357653036440448,-22,0,2,7
161.63033134902798,53,75,28736,444,58,1111.3176059429231,-108.17788006370793,55.3722899627902,53130.272368369435,1508.4791549030952,7,13.383197116346356,81,0,0,7
1331.4888308458485,77,49,32858,474,66,1248.5620693706296,-165.85544990634907,535.2371364331809,50650.337229370314,99.3711163419886,31,10.302195036471996,-39,0,0,7
58.22936776925212,53,60,53356,511,116,207.6898229854835,28.814564983764285,-5.044868261553246,1107356.8346933534,1272.3120910703237,23,0.6631893148393282,45,3,3,7
428.6597904414102,74,53,23901,-179,63,1429.8766889023234,-45.71164427860623,381.9908121648034,1002272.8647203099,-100.18226425624613,-70,12.272994242169815,42,0,0,7
801.3517049752866,52,66,103802,915,-32,947.0908285789656,25.763752756227348,-61.357685142585446,63429.57138566821,67.27471586284852,6,2.1304293456672427,-64,3,3,7
110.95393212292727,77,49,53757,1995,52,1089.5582027155733,267.9777303147812,17.32101281521369,980873.1825539148,299.39449084205575,11,14.116370485867261,-33,0,0,7
311.0178823541958,88,109,62690,-199,58,485.81260484897587,-60.704448009022826,444.9077690791523,-23704.007226244714,378.75494782292833,25,8.943661049749586,582,0,2,7
531.2495241385868,57,65,13484,354,52,1147.994469438916,263.86381599420577,414.2698843606673,67831.04912440202,6.578081643419949,-2,1.6632702464927878,-42,3,0,7
359.71634329388246,76,60,1613591,1473,47,71.18659291142654,86.16326761650402,-74.97806080267692,19499.926496924854,21.26920114167109,15,8.09202552679517,-1,0,0,7
197.4907465170509,52,75,68948,1268,45,391.2444941913598,-67.37922982690912,556.142169253232,52868.09748974516,52.182950851019875,2,5.7236275631114975,-45,0,0,7
429.6349993752092,57,54,14438,2053,60,688.1084631883344,768.3535157343821,657.5869745512678,34878.83094585534,-12.84002345384637,17,11.66737466642604,-66,4,1,7
736.5048332888421,51,69,-9203,65,-56,475.9912053741203,410.81609828063085,670.7120022314003,13090.987348436236,1508.8015748643286,10,10.451727131032165,41,3,2,7
1623.940586782792,52,50,67240,22,-33,501.019236766037,111.50354100150858,77.36961332638236,50612.432678868994,764.1012745513112,-3,0.919457062680867,-14,4,2,7
43.93323802920166,70,61,76707,914,63,1379.2253433049007,-184.05464758190988,-69.23600899195567,34100.39266969448,109.93008818230241,21,0.1834840421777768,-38,3,2,7
1421.0190873979427,98,48,90583,1699,59,1278.4333435830943,-27.990906185411387,540.0345189246026,28237.52227259215,45.73148817751554,-9,11.854850132812956,27,3,0,7
1261.1017147776265,66,82,41987,-536,98,344.80987340295445,-13.872223230998845,467.15883783638077,44382.09478405121,85.9847619156522,-32,0.758436562859909,-25,0,2,7
1297.4468999947183,75,55,3553,642,53,486.743861231044,-19.742757181529168,1.6611151006918021,168885.67523144238,320.49362018308966,308,-1.1160641736934602,8,4,3,7
316.47327605983924,64,74,-25636,1768,52,944.8726407101437,-16.836563026820226,54.64877815800294,23618.446807870067,351.8636960698133,13,1.9536201514660432,-27,0,0,7
10.06537504153414,56,51,18498,-39,45,633.4003944240276,-13.65277535834296,76.52852439795498,53276.80271124702,10.68678065867688,189,0.9673821699846468,-7,0,0,7
466.1057060695264,55,64,52357,1159,74,67.11698802121192,-130.848259199863,653.8798727876868,22485.263809595235,57.44098594475709,-2,2.07711585645831,20,0,2,7
95.67040224955151,56,83,-21565,1343,0,842.1248641369428,22.94964801114571,589.9133145959016,-5270.4830026041855,114.90074877813755,-9,11.446444005125404,-31,3,0,7
1157.8274235458907,80,55,85094,1025,68,221.68540253290038,-116.88619974229758,-56.962635807853665,22404.490918160842,20.528035276350124,33,1.2523397768585989,-40,0,2,7
81.03349807821354,51,67,83096,1558,42,206.31881654443015,182.54573971516618,24.84423247979359,41511.51840864171,245.35491904146497,17,14.094044977676681,30,0,1,7
252.16534977368855,59,62,-39228,1569,61,494.52439317638255,457.8901333489286,466.9532166674607,27096.841980262558,61.84380278086172,23,10.256043408365693,-23,0,1,7
467.44944483683093,52,54,62278,802,67,629.6234993685025,39.67987134217927,22.47444848131886,38612.00379184936,68.38859616194311,0,1.3014057590230745,-48,0,0,7
725.30180194931,52,53,-712,1958,59,866.7526615755039,-48.052555989612586,-117.02335163898866,7115.134875065938,26.482671777352742,7,9.185738654966134,-43,0,0,7
884.3791168644665,53,48,11116,890,48,303.12965068505207,85.94079883972132,477.3709767331412,1031945.660612684,193.3527593835857,17,0.3778232403084765,-74,3,0,7
371.3993948655559,69,55,9183,1176,48,459.48655690495434,-90.64354960774422,436.73799768508917,36045.454106765756,24.377468764906105,21,1.8844483998436958,2033,0,0,7
303.2469384762727,55,89,65901,401,134,990.7920066587697,26.427393531585903,58.90728782373872,23388.652816292495,-0.7289299986180708,21,0.9508687698904787,17,0,0,7
29.713282997266106,52,48,54350,701,66,537.4925952654996,15.149674339604644,370.50548448976394,-9300.82435504255,158.89268414341274,0,15.105856964313958,-48,3,2,7
1744.7658315834628,81,49,82509,-288,52,86.7151586236905,31.41497494058622,460.01907780697036,34183.155873234355,143.3747593594158,44,1.9894495695427992,34,3,0,7
138.9690600429916,62,51,16499,-155,68,1114.2149453089175,-97.30300952046234,-119.85171116851848,16594.85824209799,-11.193162419890754,11,11.170259562107066,42,0,0,7
462.01660683863713,53,54,76759,1339,59,923.6074344968024,89.8706126574552,85.26860471526457,353913.45240286493,122.78926076733158,31,1.325618167296259,50,3,0,7
274.5082539093197,80,89,23330,1144,49,169.4398037309989,146.6695514883569,475.68222903078095,1284.502008323825,6.909023555378653,9,1.6265928074145997,12,0,0,7
717.5186954649457,51,95,-10072,-49,59,1118.8248771493531,-144.06735080304654,440.5779900282431,28135.73902518618,962.5780908174875,21,1.8012757807478055,3394,3,0,7
1042.3696589855863,97,53,52897,2576,67,530.4909143943918,-12.338771502322572,439.57641563376023,551402.5608716102,358.0010067453463,17,0.9519147666994889,-14,0,0,7
1163.3194237433463,54,49,62592,1986,58,449.6923852584272,-78.07294584887127,665.8237308083975,44990.03764973014,498.49976517612873,1,0.4681601421139774,-49,0,0,7
179.18718922119032,55,99,-16590,221,44,104.30663968368643,-118.5095761356535,383.6025515797398,62755.088080389345,65.47459553146479,-18,0.3585705699939027,-75,3,1,7
818.3914296907694,79,62,54002,2307,54,1061.1846735211495,161.9594689857655,163.2729949980117,40148.02012174754,108.41774713164084,21,1.4155567075209734,-46,3,2,7
1501.3846738921297,62,50,-18933,1104,28,892.9988139958427,-97.74500920684095,-41.34525265461446,35967.962258912274,35.860083631053584,10,12.78965863313086,60,0,2,7
759.928560725644,55,55,82302,72,53,1158.5465224521643,34.52182405025407,421.9994028462965,1658159.5847755158,1192.3741255970754,293,1.1614987045050849,104,4,0,7
922.4080152390053,84,56,17264,-259,49,601.8062316407793,-128.2976108435827,650.0175878043281,43238.56299690312,160.07645658770286,-16,11.965330020295578,-8,0,1,7
159.54151388253172,54,84,53076,716,63,787.1900070474687,-97.42845286421519,603.2991408891247,-4878.474925350274,72.57218852065954,102,1.4950518338242662,-36,3,0,7
786.5319782888662,55,78,11258,-438,62,647.3266131016323,-98.02068177668923,602.4065262700874,15920.332190461697,91.31269805745885,16,0.9009765711755174,-16,3,2,7
1076.275765914385,57,50,-23985,1616,41,171.6838732323963,-82.78782472170612,88.21740897656619,41226.54616778666,130.2405923977815,2,10.334900464665083,-27,4,0,7
438.48091143715897,94,56,86949,827,64,688.428173435917,-15.733553224081977,3.028859725907102,41943.809193501496,322.7160325801126,0,6.173147666501353,26,3,2,7
1469.373571236558,55,59,53282,431,48,153.24096267707563,-13.14752906887809,-56.01241168271138,15148.233407625825,1273.923440606292,38,2.1290456811142593,4,0,0,7
492.16954439804476,54,55,539034,1571,51,47.15621497417109,-25.15591065590172,459.6646802433466,22292.550719192986,-5.525751286277554,14,1.6496245620491432,23,0,0,7
356.71312033136803,62,52,6725,688,44,464.2880808385611,130.88457978651945,440.05625669348683,31440.881125745767,6.230547896709524,267,6.487404471054908,16,0,0,7
83.86177778014496,53,58,-1049,2901,46,422.4785602329441,25.979514104514898,537.165719597545,10489.508871852131,151.06467836708356,13,1.4815434600414528,-19,0,0,7
438.6632687039668,81,51,69558,443,65,314.15435494583903,-146.05769215056964,329.4163667181473,30470.912060873397,43.037624422869165,9,10.895079720231672,24,0,3,7
-14.814487889232453,53,51,16072,-58,3,1558.4795771867246,-97.47079731514177,-83.69218472493391,40293.93950449217,326.8667452415458,42,0.8172517615319137,-59,3,0,7
238.53416066113195,54,52,7445,-369,62,155.42121809268104,384.7135632454864,-2.1272430752725864,35966.819575796704,34.8934707784319,-14,0.7271203648834581,-31,4,1,7
1161.5285083765289,58,73,105804,-586,23,146.99661772497083,-123.60178925597441,453.8669799312521,40362.90084755409,29.35593527786122,-15,0.1445367023758818,27,3,2,7
1291.1149920732246,64,74,6222,938,52,80.05712993841138,-14.146195480189188,404.49269985995005,-9581.125774403317,47.94722672594818,96,2.215284465054357,-24,0,0,7
988.6991860188534,60,66,9359,-699,59,1211.9218146313601,-0.7444373256069312,-51.595002789913885,154810.47663170123,208.38961395978012,36,6.469366915940436,-52,3,2,7
1373.9341501322806,53,53,25058,1720,61,110.58069516175658,-56.38634866153397,384.6846341964367,35877.21486988061,99.80907430983444,1,1.1126448280062016,-31,3,2,7
185.3458490855735,82,86,4632,-266,47,417.89945077504893,281.4007963106931,174.77444854180192,35915.17155008612,76.30394099123706,34,1.297765276416953,-5,0,3,7
1366.800101527157,102,51,51390,712,42,658.1714879820797,-116.7339849068432,440.75738113031935,-7546.407501711772,124.81514339052853,6,1.443960160786689,17,0,2,7
513.3472471524278,66,62,-9159,-469,59,380.90607087704285,467.0206492984522,283.58876501050423,1352508.0491228288,30.61939395857175,16,11.986834595029816,-43,3,2,7
212.90314854484757,67,62,67255,816,50,639.6577696199336,-305.8508792869317,545.820251404123,45287.43135649653,1587.3006606065258,-9,12.748065270389418,-6,3,1,7
190.73792487534058,58,61,-2369,-133,135,711.4664133540477,-60.19480184176905,36.82832456492959,51732.51652507818,112.76288192254587,24,0.71260335951769,24,4,0,7
359.6309812284715,53,71,47737,103,59,139.37275268402973,-41.520973884229164,104.18819563693039,57724.775975730554,106.3034237231269,27,1.0833326168671398,-69,0,3,7
838.7583264924142,51,66,23572,1615,55,1537.092549286692,-16.256951482628924,550.484615106555,24045.971895173978,789.4776895690205,31,2.0427759119017637,21,3,0,7
436.2672199817433,52,53,-43638,1844,49,996.2219146912079,-173.40680598306798,-16.239470622598944,-39974.49695295562,248.63314262093394,20,1.4448264286707557,4,3,2,7
585.6118289979785,69,58,33976,1533,42,124.92756389815605,-122.5631253687836,497.7045527443718,6128.895086925782,71.10795484294722,38,8.411915241379866,-20,0,0,7
1168.7542534829174,71,93,6782,-405,301,165.8840786397072,-82.9114270023752,477.75494874574156,42668.0054698719,159.70713274265643,2,1.4627813611831173,-6,3,3,7
360.08745290819974,55,81,55596,1160,70,843.3116854128234,-61.586537849408046,5.526504886678722,4528.668515204392,51.357232245890636,19,9.485697460274224,-9,3,2,7
182.5199121872005,66,68,-44972,42,57,1429.480044388018,-110.6811933187189,-92.48602036789035,555746.3425908078,44.65921499568108,11,1.23930691224683,-55,3,3,7
1890.1659333046166,52,99,76740,950,80,427.1305074377492,-43.44529562249234,373.1206940971945,30065.407603208012,11.806009417086358,-6,0.8019139512795547,-5,3,3,7
148.21360467493764,78,58,19801,887,53,166.73705955934733,-84.90624928442864,346.1417967609673,47374.072899736726,159.653155629997,1,1.4234871584707642,-27,3,2,7
324.8316251598922,55,70,2996390,-188,62,1189.9108879532655,-127.20716895908569,-27.718742129705518,34323.05531774061,48.949886553916464,35,1.899453763944282,-63,3,2,7
142.33902800302178,71,97,32617,787,42,510.9214380908538,-22.047673066168453,484.2679773966919,30080.01434631846,168.1234307943148,11,1.9735235985711808,-10,0,0,7
390.36335585907045,53,54,-20267,-349,49,93.77420085409938,40.70210925692904,-47.86667104823908,42716.08365344045,439.6964387252471,82,1.5030143028888685,-48,3,2,7
705.7386685945215,57,67,-22077,119,51,504.35900248268297,-145.58176973571787,412.89475025958467,39881.357918187685,115.83063504636208,33,0.8892422763779051,-496,3,3,7
483.5781113792854,81,78,110452,1615,53,133.61250248384084,202.37231865133074,462.79523580454145,273.73206658604977,97.04193527779098,24,0.5722107812021309,12,0,0,7
42.454805070477164,55,53,-23758,-230,53,1136.0728544588198,-170.77816349978454,611.639636185638,6644.55748802505,317.3141805169733,-6,2.18830788358258,986,3,2,7
320.8051131951355,52,85,3221922,-117,64,734.6907879305381,22.21715072757153,495.6228790295731,45251.09486749685,1500.5604915678014,-6,0.9602930695957024,-56,3,3,7
179.5672081604829,79,86,58171,-662,59,1383.7607733420505,-74.37164067293693,47.85009968729117,319917.2736324598,66.69920223173926,-4,1.6027839536243351,518,4,3,7
390.8444520579994,73,84,5806,-544,99,12.368123098269123,-140.11194088305925,-111.63574657382584,30255.939586787485,63.97418066094447,7,1.0736745648407453,549,3,0,7
1439.396586418931,53,55,3470204,558,56,239.00636157779326,6.545128329454197,13.423654226604395,314939.0889117948,1059.3437627097842,23,1.5910257886909493,-61,0,1,7
839.9787953354452,53,69,87553,-426,45,1205.3758172810687,-32.01404364301524,-8.476776258947746,35926.220962183506,1655.6898438690262,2,1.827778631832694,-32,3,2,7
-65.69021180180279,65,79,28417,6096,54,536.983994713998,641.941080479522,-12.8658840653379,67903.33842777862,143.4959387694236,20,1.8582353184358649,-40,4,0,7
157.31588413205762,62,96,88406,789,155,166.19585466076566,-35.17582984687165,-54.251674338650794,1547545.043344058,424.66684266883584,7,1.0039238476656236,34,4,0,7
1101.9607342444808,54,53,-92363,1048,33,172.4902548078217,-27.075205532199423,-32.7778464638806,-601.4234923288423,291.51576011778667,0,2.153225784371962,-36,3,1,7
960.6963061787957,86,51,98454,-358,66,235.23967427695914,-93.93335436136115,482.5529801834056,-8768.250986564206,18.300106373725214,2,13.208317443323747,281,3,2,7
494.9992009716477,63,70,2871,1439,94,156.17088565883918,-78.82794809340163,-61.864709401713476,49341.589728179366,445.80656013520536,1,0.6903158162563987,513,0,0,7
394.4493030846211,54,66,-21611,583,54,654.45386818801,157.41654309467808,612.4223285471627,6487.509918277866,32.01107622967664,16,2.0539977447219897,-28,3,2,7
458.7189209074993,53,77,-11435,750,61,964.9424867717607,-21.47508342787101,417.9924344475302,26864.31951996835,901.5553143104214,-9,-2.552118324425037,37,0,3,7
186.48033816340129,56,68,-11189,1091,50,209.0806387443015,-117.37379236694477,141.51125991896802,40198.22728243467,204.7178233790881,11,1.4487912237946456,-31,3,2,7
455.75650824366016,85,46,-23384,553,48,26.741829308586304,20.99947256960195,381.4746690036703,53550.450295166615,115.22394536477421,-13,1.863921001160672,-54,3,2,7
189.94301068478012,72,73,33415,1426,112,630.9508596729937,2.148565079567927,427.0923426781932,53924.99179373891,3.4617737551164964,-10,3.984829220110389,-14,5,1,7
434.1068774591415,55,57,46735,2187,53,486.29461077202996,-158.80338709486753,21.11545265602569,52258.71375904277,1767.751424370778,2,3.315125077145898,12,0,0,7
159.00695556352,54,51,55934,1474,55,1534.1157913857492,475.0232917875307,-64.461776223239,44524.663269411336,693.6376725097365,35,16.724713299120992,-57,3,0,7
782.6367281888106,52,49,112465,833,57,175.60670531221496,-136.0933262023285,452.21615791115926,44516.2453647808,149.0437304201639,4,1.309661383192645,-20,3,3,7
501.40568843460017,52,48,30935,1113,-28,39.70123919450753,-63.778620150878524,-66.45379070458098,16589.154209866923,630.1312975123851,24,2.796323886973839,-10,4,2,7
172.87616986658873,61,59,55268,469,58,651.3042181697224,-105.16652468996233,398.83343169084617,14682.826706890428,26.654406214863947,15,2.31044792552729,-358,3,2,7
47.01543992661694,68,89,-21638,2426,63,84.25534284468517,-176.93009861727916,333.8777919273707,21317.190400314612,75.97108304958562,8,13.322154028507239,3,3,2,7
124.65026297415505,69,106,-9035,129,51,144.6968893784948,-140.47575624996742,-29.736990683991593,36439.12929195925,-15.071238463933298,28,3.67854843644695,40,3,0,7
686.5925960480516,51,55,37318,1569,52,832.0209571500274,-100.89801232255601,-20.539548928202024,67933.30258173967,11.66997682430673,10,1.4525293673889559,14,3,1,7
101.0639527207324,55,55,28268,1571,62,1018.4626616244486,-232.17503140266297,402.736364527976,-2107.9114725928866,65.46239026422124,20,5.673894325259532,30,0,2,7
1057.3770440356086,68,83,-57008,-529,47,152.0379526846113,-176.32770581935094,553.8118314567424,20174.735612854827,3.0921090403268323,235,0.9232546807841417,-37,0,0,7
243.90573290585985,53,87,16885,511,127,1160.2088145263785,-102.24516839175774,582.0471187956973,36926.517003758,216.0539692045565,11,12.280382643276903,-33,3,2,7
536.6303236813693,57,55,-71828,-109,68,136.74596894269885,-44.53594291485406,491.14273889126355,-8625.625830222369,948.7174375568893,242,1.4686767109178194,-61,3,3,7
267.69994973666485,54,91,3462259,723,70,1134.0837067074071,-157.64413009548355,536.9580154813228,23175.392281691762,-5.816990394893509,136,1.860001249442028,-47,3,2,7
1140.8829195032936,72,68,96954,1933,67,218.12715086395366,-93.3422513882937,627.0386638583074,38525.018082271126,112.89448107822761,18,1.6222042600005968,-19,0,3,7
553.8214103135601,55,57,-65880,1167,48,1105.350894945319,1296.4951339641104,456.727477090072,28078.78628077851,1298.1246409485045,29,0.8088783789821967,14,5,2,7
248.10525412363296,57,118,69793,-18,44,420.85455178370984,100.10296900431229,392.7908720520179,676108.4329736623,-17.913254645146026,33,1.8517575603403444,485,0,0,7
640.6048677063948,56,50,57358,1671,57,658.3996257384895,-85.31368719564385,462.75018386615966,-26664.76590469259,95.5462478445221,23,8.938966740902579,-31,3,0,7
122.38436665629793,82,52,-47129,971,45,1413.3380177907034,-138.06820870610696,29.847372616982263,65455.33168999395,161.8682242809865,27,15.84958098211748,17,3,2,7
207.02845287927204,63,69,67920,-327,58,1128.941874957543,-129.65488515204646,523.1432478744667,23514.67324835861,224.2930589732582,20,1.0856176659462413,-12,3,0,7
181.23884726268938,57,80,1729732,1976,44,469.0183075004219,-64.53398094643174,108.4266560758793,61193.53653619702,23.670688134933492,33,1.921239968008551,58,0,0,7
-25.858260141691332,75,53,15687,1362,49,1595.7595554875245,280.63239801949857,44.93817468314739,46468.11077084128,87.65797899132461,40,1.3593594075339106,346,3,2,7
479.2129977095276,63,66,2058701,1345,53,335.4211667214562,-56.217990289452544,393.2905266314731,39530.69390931671,14.87796163005197,22,12.297116171295073,1,3,0,7
1607.6157151587572,70,62,64895,977,210,165.8239033887969,140.88768361003366,628.5335443394179,47510.485909627605,39.64149230147618,1,10.388468169831247,1075,3,3,7
20.61352189142727,79,67,71638,30,52,1261.1645671415401,-202.1800160849623,505.42399433441784,40295.10095430123,22.84509309508617,33,1.979961190572852,-32,0,0,7
256.0546772995522,70,71,-4737,1743,-42,201.6052560131121,-45.842504303828676,458.6080402081657,30899.80398902084,491.51304861070287,3,2.271318575940122,12,3,0,7
678.5328006774654,56,97,113426,1893,66,298.1021857356372,103.05109138592117,-99.77364808357882,174042.1774623203,-87.76181424039038,19,-0.05450649045587497,38,0,0,7
631.8349219594772,52,57,127616,-417,52,207.1079509653467,-74.25884132441224,43.04341753207802,61749.98568008972,20.951468341151156,19,1.5814104274843035,53,3,0,7
229.76275183253847,60,93,-57782,1045,119,89.85438094711294,-84.93868851165661,-43.54478854035325,-2575.1072647756464,-130.0150913887681,28,1.5519281703179229,-33,5,2,7
-1.577244674435505,55,49,70815,750,52,1320.9921506434903,11.21374573749778,542.5067136619267,45862.0779375234,40.848422583947006,19,1.977043640275888,-35,3,0,7
93.05171520081223,53,49,34190,2097,50,147.08988461913503,135.81405500202425,-7.662418369036596,-13058.058187296596,157.30023870309205,15,1.7398368055133755,3129,3,2,7
245.0059320256016,54,60,-48416,728,57,1265.2155253554522,-97.43074278152186,427.1107076138003,33448.73383409255,108.60734750652483,27,1.7267163788170148,5,0,0,7
579.2962119098847,60,55,173459,842,113,600.2228227474241,-35.87613753083123,693.8554571397008,13492.698262366515,691.6256699472028,-3,13.891310356755799,-36,3,0,7
1151.42372419587,77,67,-15280,1185,44,1651.0816701017868,-157.53335787501788,609.5972054896736,69561.5175916338,126.82887400737931,39,9.202539036584513,862,3,0,7
147.70948362949576,51,70,47182,675,57,358.0551049319537,-31.553872968307825,673.083392770493,30345.333688698705,883.3433275879482,7,1.0110091753107529,-43,3,0,7
77.62159805227328,64,73,63162,775,71,580.083704299465,-170.22228417166681,-110.87754579356687,2242.048564690769,176.45929027274698,20,1.7917518260947345,-52,3,2,7
425.43612898423316,75,53,14018,902,44,1388.7435070883264,-53.66689307894933,489.26017257785884,42876.26155287163,124.06221621962946,15,9.476654971703876,-45,4,0,7
174.51117160933902,65,82,50069,1280,61,886.9403024362231,-146.5639629597522,447.7185667091045,37163.742605963074,939.3571588899713,21,13.311941242505258,1791,0,3,7
178.84308464064247,52,52,62349,-397,55,379.54980763767736,-125.44410000232446,508.56638648063205,5147.583119721497,189.37427171622045,171,1.0767001045500304,-27,3,0,7
252.67802335526875,56,76,-40346,77,56,459.95124468529593,-112.45644980878672,35.165726892105205,33346.743110463955,1412.3586807544373,5,1.51621466011199,3,0,3,7
1074.469004321951,56,54,68265,562,63,175.82216299869907,307.44297293950734,573.3556371567256,47301.52503302741,142.4186284080638,6,1.5233067299228724,-34,0,0,7
331.11059710016156,76,85,51512,150,57,228.8113241931322,243.00717293786673,-80.94705589947603,16593.067065462463,213.77888726621933,30,1.3320588004450358,-73,3,2,7
261.7585722081691,85,79,3655724,1835,58,1500.8778352457396,64.03254374325775,490.200736303521,17354.178731197426,16.94811471115095,26,16.196197490096903,14,0,0,7
515.6078885325071,54,55,-9669,83,-55,107.21877258843489,56.30622771391634,19.139270355959173,247531.32771702844,47.88683312919135,32,1.588114320688197,-8,0,3,7
249.35927848691654,56,73,-20797,887,52,1262.0123092474496,526.1544385962819,485.5201082339836,1307.5600190754813,87.52035669391044,-17,2.090744212101465,-22,0,0,7
156.5031761971868,56,99,-27562,1336,59,432.56370817222574,-83.0246675974241,9.678173117814897,270953.9024046409,89.44322914646442,0,11.78853998767557,-26,3,0,7
288.9791176687858,53,84,3818677,-1919,50,96.34978062274865,-92.07985829643206,434.13131430768897,31866.322067476678,111.10265666421974,19,12.532236329526317,16,3,0,7
452.3195265134075,71,60,-17323,2100,-8,681.1016394462524,-78.74338951161053,354.87484510505135,35013.288049245486,587.5302933387952,31,2.1028254845698036,-5,0,2,7
80.91241999643775,53,62,6421,-904,-58,776.5478870998885,37.626426986882734,-80.6825923614815,35453.4149712372,45.29718761399977,32,2.082519343683757,-22,3,3,7
148.94660698644583,55,70,-48179,1356,47,456.0193904568946,-95.90538397812963,533.8997068379311,58750.22564216462,778.870504105797,21,11.724612131044596,41,3,0,7
397.1244590359665,56,54,92918,2083,45,487.705900012548,-30.215941233771634,514.8984393368095,61787.5691116133,3.895854329633096,14,1.3271976128666918,-56,0,0,7
63.41645848096414,85,62,36905,-249,150,1606.8520752781476,238.092000377307,525.1662782374486,1341.6882938062063,50.97331491496216,29,13.832991732839222,-72,3,0,7
1474.9938735677467,65,51,20965,-179,-53,238.75487813711726,-75.5746917134913,386.70026608615393,54807.70198938316,102.64072933209194,23,1.2904301443581465,993,0,0,7
400.03618895599624,57,56,15655,2316,55,256.4172401589293,81.2285408190863,595.6471751252201,14746.593585579616,165.71522253425402,7,0.594268264195253,4,0,3,7
9.836781565002696,58,56,35439,576,49,451.72523646149693,484.9480237650164,-9.556926388539777,53509.03011741558,160.52432484655537,24,1.0829593304049423,714,0,3,7
190.35396120886864,67,53,19069,1291,56,-6.090804150069388,179.1884653637269,-33.33043065817595,8863.816157694619,1342.7809425272653,11,1.2587529823032897,-24,5,0,7
83.9246043595675,53,57,87017,-76,65,1274.4630603191583,-147.4720089838353,-116.7465353275038,37904.24713898827,853.975625298816,13,9.877096714981459,1762,3,3,7
254.54584239547845,67,67,85637,372,61,66.4765709659327,145.82034670529615,-16.00625493031812,60400.00149770644,415.2096162674958,16,0.6685520549970683,1846,3,0,7
568.8199252717666,54,104,86476,841,60,211.8806324319373,-88.60626115158512,260.04462614673656,-5066.492172000242,555.4437649966319,230,1.77924731775749,-24,3,2,7
473.7831033443189,53,70,30398,864,39,642.4998082837087,34.03611861036395,582.2351552228073,-9933.159751900072,122.06834682563027,22,7.908567835981094,-50,3,2,7
101.2496228580087,54,51,81194,1905,56,970.7327848839568,2.2822418552315398,635.2715264379831,986850.4435791431,48.644535437930784,20,0.9231964542930934,-38,3,2,7
141.61830274033184,60,77,7704,-149,102,1258.2111003492867,-110.6652323668605,473.16287874843556,1477956.833856739,0.2538799324487684,10,13.741172266658245,-26,0,2,7
151.11912754211102,55,59,-11313,33,52,981.4172062182739,-73.09805105009883,-54.96627190458525,22981.075681589024,88.57185716423268,302,1.173337631977175,-62,0,3,7
826.6880680973841,63,52,1977274,-478,59,589.3718939731443,-29.864469357993247,-44.9901408923379,61481.79711879156,-40.0929042571733,8,-0.3123610500425579,13,3,0,7
290.409357962069,80,58,51740,1058,63,168.94728715440783,-184.9404412012118,47.44230505000144,24905.15595532306,1330.9276948982865,-8,2.0050155375532572,-4,5,0,7
150.08096431715893,54,58,49160,2004,63,529.1616585745987,-133.14417137309886,587.7797421952879,66534.3373293115,149.25735996079328,33,1.6219283763159844,8,3,0,7
200.16722628095272,54,92,7633,1656,93,119.5742633211226,-90.2443280111177,526.2699972565773,56054.38594996891,86.46687137165495,0,1.2795488052534965,-47,0,0,7
538.1430061148221,55,57,-26235,764,58,129.83730923706452,159.54298380049175,489.26861617054,48795.966881250184,0.21429918961803196,15,7.32271320365426,-59,3,2,7
124.49023280324336,53,47,3534203,1003,69,243.57010824931194,35.683227695274624,398.9125885493496,35023.0634113728,86.69681073393757,22,1.3006241268367622,-35,0,2,7
1182.240668423229,52,72,19297,689,57,163.17099685103054,-51.736553651019804,455.97869475299944,21950.288976041287,50.83292771121277,13,1.659126482730731,35,3,1,7
137.96636032105005,52,77,10941,632,41,68.47857910539355,-176.11522279484873,37.9452306834566,30496.668305113264,125.79275781411297,31,8.951999239236002,-59,0,0,7
752.7256952663373,63,91,88399,1778,50,1030.1100639437566,-100.52095195222292,-47.812448600905626,27617.372715383084,-14.848402415728444,34,12.409881301735414,12,0,0,7
98.12215755155682,53,67,3380287,1063,60,229.31845458977483,-70.45724385660492,14.680732209630849,40932.41786568993,1567.037593913172,18,11.067080015881793,-71,3,0,7
1601.4139670156342,56,56,19076,586,51,1157.3196828993896,-3.0590403767731686,551.7555845251429,24978.19905422206,73.53910496039629,16,5.882913094743171,591,4,1,7
139.6723150563896,84,58,9884,372,63,1304.6957461820652,295.81417106453034,575.0005688351769,9447.633656928865,34.675365273226,42,1.3497733101956406,-5,4,1,7
157.0771869088199,52,88,81315,-379,53,184.1263785433287,120.92706076710226,467.24892226906223,20879.332163048693,33.29355602986267,20,12.829119509796787,54,0,0,7
999.5976440614238,52,55,73340,-155,180,1260.5687704440556,-40.85835854344525,563.062190399872,9660.263161460533,133.7821565951237,16,0.9369279937623415,-45,4,2,7
-20.988999765280937,67,54,18645,488,64,77.2802178097137,-124.5855559893948,-68.63161062213338,8161.097580093737,123.25627786911261,25,1.6279765293477169,-2,5,2,7
137.78817868674378,68,49,-18330,1717,60,414.25685077457393,185.86318128459715,-50.16545472165953,3878.5230049147303,418.29048994422715,-20,0.7243443642047303,-49,0,1,7
1020.3488293361492,53,85,22928,976,61,342.07925220646246,-140.80090929211656,-91.3686652935201,52939.49433258624,207.11385019736213,25,0.855745956070018,413,3,3,7
1314.903332211203,53,50,18652,2097,-9,86.39761051517597,-104.65428312154901,458.2811560208088,15208.073095050826,68.39328951222022,10,1.4101603928122852,404,0,0,7
424.7169999584854,82,95,14034,539,58,146.17498475414664,-41.72605461790286,100.3159229426473,46029.45599169553,192.6171264510283,24,1.7736433443435993,-3,0,0,7
0.34485985019678367,66,56,-37054,490,-11,1130.4620880848204,-141.63271985183815,505.987192174396,63489.22444875226,11.201246840390766,-19,2.0059921474351423,58,0,2,7
574.311670955321,62,50,85464,1523,179,651.9362124374452,78.68416120652921,327.26398459854687,50026.6115744547,31.954960548197356,29,0.6050268958831925,-29,0,0,7
133.8496788378333,56,102,52263,1591,47,85.33851779584782,-84.76606982830697,597.1447048625258,28377.099555526584,59.646756183636136,920,1.355112818571599,-6,3,2,7
382.0717029891293,52,70,-11128,-295,18,95.2096609731895,-82.49640421556282,64.34817590262081,51929.95882224338,-11.121920643555626,-3,-1.0014799783570814,-73,3,1,7
363.2155591575695,106,82,57883,1252,70,667.1625782851297,-17.824266744314368,543.6852389261738,27831.147248867004,248.32197955195176,21,8.965298612828327,269,5,0,7
88.81141192285202,54,53,-8214,2298,49,1325.4839968148005,56.022875172237235,-81.06956634715084,29593.76931763527,15.995094310951345,30,0.9265253484261773,2,0,0,7
-50.24253234598554,59,52,25251,1498,48,1552.9923504489516,-59.21914373925051,604.5951424368067,41995.02975563784,105.90785289022529,21,1.5700116917107372,9,0,0,7
1211.5760696041527,53,76,71732,1339,48,198.08769508813288,-85.00079015608954,-112.88103070743558,16784.310358855437,79.50584872859127,23,1.485927359664596,7,0,2,7
502.4260878591637,58,77,22454,1357,51,1392.1461199844898,-183.9219236705076,616.776349507514,44347.564068004234,106.03772214958657,10,1.858579025438949,-18,0,0,7
386.0497082403197,69,74,55257,1755,138,-42.94711923605428,-115.77853402795907,95.72902154098398,48316.58629201305,102.59257721998887,211,0.6944211747774702,-60,0,0,7
580.0797444917238,61,52,-2774,2381,51,622.4847830268111,-148.5129399652367,57.686024125302644,-21454.59172430531,1728.717751549978,38,4.6580086720019285,-20,3,2,7
320.09926638100205,64,49,35618,-182,54,387.303695837891,-67.08407394070746,5.034354560588493,-30741.467245649816,108.12271584713145,7,0.6633262597018049,69,3,0,7
323.3138208706912,73,84,102977,939,51,704.7062710917164,-51.00231182703902,-7.577624104874781,16546.2191429125,61.84170806903941,33,1.2790414501080425,-53,3,1,7
291.2204747652352,83,52,3766373,1473,55,124.16124133006957,-173.03932370538965,631.6052621079741,47836.62185008913,286.259759163107,215,1.6680559218146946,-72,0,2,7
232.88832308712495,53,57,32971,-99,47,455.8046139415277,-124.64290282214446,61.12123181838894,24240.493886311175,147.3707252625375,13,1.0585705355996242,683,3,2,7
-27.486320063552554,52,56,31482,1232,55,116.21097922788793,80.11154806614988,370.1805933208292,-18815.19807579266,179.5283369027715,-2,1.3551482794944547,-66,3,2,7
1622.997937020715,53,68,-1967,1166,47,43.34919030114075,-72.81542504364492,67.34339129860757,43020.051958497665,98.08074860290064,-16,8.893667136770997,-41,3,2,7
443.8217910674286,55,72,-16966,1241,53,116.50651171138975,78.15852248071711,15.420463841815447,-17483.21323766769,89.10132720704291,25,1.3366691220772222,-46,4,2,7
327.5862851036528,54,58,15077,279,56,23.49849834463025,130.27750064619622,-19.44906113617327,37309.07396564459,50.26571619760579,13,13.3750309131379,34,3,0,7
259.28797709291086,69,77,96518,1030,45,776.516423258514,-177.85326242290918,426.0743574783611,62889.661954316856,88.3536454035365,24,1.8582372693604232,40,0,0,7
1261.1975643763958,53,95,20352,371,63,541.2330494066941,-170.76477606367985,253.65623603374917,45707.058793617594,13.824849746187795,-8,0.42291530390774523,29,3,0,7
355.7791430044125,58,52,55508,-73,44,119.98861019467823,105.65265046185667,466.18287129811233,60743.8114930722,177.96527109568842,-6,1.518343004044944,3,0,1,7
1303.6545479077586,81,51,-44475,1841,59,351.2430967297517,-87.15599794199389,-51.62223079400227,34026.68960874059,57.520161464365906,15,9.366270512344133,-11,0,2,7
388.4930242725093,54,83,-9531,941,-30,1073.9988214221194,-84.61008918199946,684.1306744404246,36498.49251388807,34.681965363629295,-29,1.6877615795976904,1521,0,0,7
198.12922961359826,79,50,23079,677,51,566.2498252581362,-30.10397492825386,436.56582033749703,9240.17359451193,-7.102955588204068,5,0.6638875019656681,13,0,0,7
1241.9846056413612,51,53,48097,1249,47,1192.7233244383594,-38.06140333427257,413.6261005221464,19685.0432468344,100.27962049035106,29,0.9593152403859684,-21,0,0,7
