pkt_len_mean,fwd_pkt_len_mean,bwd_pkt_len_mean,fwd_pkt_len_max,bwd_pkt_len_max,pkt_len_min,fwd_pkt_len_min,pkt_len_var,pkt_len_std,fwd_byts_b_avg,flow_byts_s,flow_pkts_s,init_bwd_win_byts,init_fwd_win_byts,fwd_psh_flags,psh_flag_cnt,Label
135.81702,86.78404,17.955236,136.6637,52.39033,109.13747,143.39565,171.42099,14.917128,3.921918,43.790123,2.7872477,1228.6581,4.3933926,9.657404,1.3637861,4
88.46576,93.988815,322.7284,148.3848,855.7847,91.052704,88.75731,115.160286,363.62903,0.5198053,1289.5892,1.4586428,0.07735548,1085.98,2.0246544,1.3654923,4
130.6981,254.01314,743.9549,149.50296,690.64777,97.775085,86.278305,2773.1514,100.23384,0.09983016,46927.125,51.142094,15658.029,4.2705135,19.95309,1.3525894,4
182.84898,102.53357,66.282196,186.62122,297.96283,66.42374,72.941986,34160.293,66.04652,1.9341724,2582.99,5.9176826,6.102379,12.872895,12.017367,1.3564276,4
133.80246,117.16578,280.48148,180.22191,401.99158,55.855885,62.62795,4308.487,220.23453,3.1419973,8074.1426,5.583083,0.083016396,41.518406,11.474138,1.3509295,4
95.76854,71.36129,1045.4341,127.23117,411.9661,67.76762,58.02578,74325.21,6.496134,0.17240286,52.27217,75.091194,192.1285,19.70468,26.579563,1.3476403,4
171.44293,90.417694,44.197773,176.03244,60.80683,97.910126,106.966896,77808.16,17.33178,2.8763344,26.79197,12.40237,0.18035483,18.308935,9.156799,1.3482113,4
281.89755,121.7953,271.20047,122.764595,5.417893,69.60652,127.15469,75984.984,25.851645,0.45867598,1007.43256,38.58203,87.471405,4.356271,18.019733,1.3542091,4
97.197174,112.26359,2.5681016,153.59549,83.43872,64.412735,58.892067,5763.41,10.549921,0.5313743,65.67633,14.075737,0.05655413,13772.351,2.2237618,1.3492262,4
559.1351,93.27765,697.9536,282.7269,118.65689,62.814022,50.22685,10004.687,11.287865,0.73531985,164.13359,70.788315,0.061953403,8.224878,1.1395824,1.3501974,4
175.50377,249.2895,761.3563,409.9038,159.03625,67.38953,66.23374,388.0365,274.00266,0.2875216,13926.947,1.4790577,2.3360846,10.7885,14.549008,1.3667814,4
62.44553,266.55673,63.790085,132.09705,50.533085,98.911255,58.231773,6051.67,359.84232,0.28991714,2789.3564,3.7263598,66.452194,15325.777,0.5800744,1.3559978,4
80.65278,109.93557,261.53076,129.9578,100.31231,96.17192,64.00854,764.1642,95.95957,3.8574042,14849.973,9.030363,0.060234223,140.65234,9.607307,1.3478427,4
100.614746,95.54776,108.566925,118.046684,12.767069,79.35939,125.35864,27601.332,30.942495,0.2007264,1550.9451,3.9758477,0.20124084,35.164192,4.5750356,1.3515062,4
320.8205,128.0001,315.5723,322.8031,121.45289,62.783024,205.10355,48687.8,33.775074,0.5350207,313.08582,1.5166178,1537.5708,3.1665268,36.043602,1.3589909,4
453.83383,68.773384,601.859,100.46649,443.46906,106.46785,135.72983,151.10187,10.089957,2.6134295,129.20927,5.7764144,15875.995,20.631453,39.001816,1.3526294,4
360.44263,231.02776,534.3733,186.3664,1016.5424,93.56886,51.100513,2772.0999,9.058914,0.12909053,41.562202,1.9482455,1589.5417,6.182708,3.8052392,1.3496397,4
113.97615,286.42053,514.7367,294.58945,240.13922,107.59511,49.84752,733.8894,5.764695,0.15459473,91.28441,3.1552346,12282.367,6351.5576,0.62333095,1.3654232,4
85.2874,65.693726,146.88052,472.9588,244.42624,102.19152,51.8432,9257.7705,294.7427,0.38581944,927.1628,16.779049,4.0554137,10872.123,0.6923739,1.3600876,4
93.62624,124.21119,59.484863,142.71999,261.1181,59.95774,64.42447,280.13205,167.25363,0.2803224,16125.037,64.04174,0.68857634,10946.602,2.2181334,1.365339,4
729.81445,80.03223,59.978382,350.9594,198.03712,67.84314,116.403015,792.0117,159.29309,2.2560706,21754.777,2.555845,0.88469553,3.307138,27.456505,1.365017,4
103.54262,76.65285,104.34874,236.32011,206.66725,56.27695,145.24173,8882.089,238.07643,0.2675321,6248.11,54.624397,751.4158,3.2083373,7.259038,1.3611935,4
99.157486,215.51613,9.280337,160.25829,168.59776,55.651806,193.99464,26707.844,10.430408,0.8283667,127.23312,23.436049,3772.6172,4.9955435,2.707326,1.3623419,4
413.62433,121.52193,55.074432,107.394325,47.667034,58.827305,139.2474,5710.2173,9.518119,2.6586945,54.071335,1.579575,0.56948996,3.2176502,30.08729,1.3656989,4
110.88036,92.34017,53.94145,213.23132,260.96918,69.57085,50.225822,526.8266,66.88331,2.3056188,1942.3644,3.3429358,3.2795634,10.795253,36.06484,1.3642921,4
120.48802,183.98282,33.766186,148.52676,174.65727,104.57161,98.03155,203.92514,22.707039,0.12919818,85.93149,8.287715,56.254288,13.9757805,9.69546,1.3489084,4
726.7643,74.18251,197.14915,569.1514,811.16284,63.010925,81.51012,564.11163,45.7157,1.0667701,720.22473,75.16957,0.08926243,3.273342,7.688045,1.3654528,4
230.37744,95.478775,22.947495,215.3446,62.643513,95.27951,95.54551,106.470825,451.35107,0.34881276,522.63086,2.295567,2142.6611,182.56297,12.023024,1.3601426,4
78.81711,82.793884,568.1518,123.55443,358.92416,65.52032,59.258797,2814.3572,24.465952,0.07425451,91.462845,2.073122,310.0857,15790.962,1.2133452,1.3599741,4
213.36487,102.64496,15.782639,125.92955,10.995687,98.75992,50.56452,1241.2495,276.6066,0.11476332,4561.8647,5.5299616,16926.637,3.0878131,18.878359,1.3639269,4
275.18286,245.64459,705.56604,162.60587,165.3982,103.62919,166.85233,3970.051,144.15793,0.39989448,12004.428,4.809614,0.14497554,9.731438,25.163097,1.3649296,4
107.740974,65.81191,14.674196,346.5181,57.194775,66.103546,50.0587,135.38705,307.13263,1.6730757,7570.916,2.1653233,4563.375,777.3104,3.6800861,1.3514092,4
99.74463,196.44547,464.94775,430.99405,547.59485,70.12837,52.512955,170.43639,14.535012,1.6080651,41.142128,45.792923,0.18624169,14873.928,1.6321492,1.3602297,4
63.678837,75.596146,26.830685,252.26846,67.260414,70.16966,60.883327,211.13858,114.03401,2.8599658,40000.914,7.1470084,5.2560034,15531.77,0.5035517,1.364514,4
344.22266,69.0758,2.484106,189.6798,110.97547,100.72523,57.227917,471.48734,53.16052,0.5878018,1022.303,21.778103,5385.0215,8.688056,5.7474084,1.3648609,4
98.49408,159.73564,75.88893,183.299,200.55576,74.56096,49.82631,60035.47,12.951007,0.2871766,37.41567,68.63711,7.392812,7329.4326,1.9657924,1.3651631,4
79.94337,134.89453,263.7616,207.33246,124.92658,57.34398,53.924973,135.98395,7.8988466,0.14611225,60.621056,22.414347,158.73898,4527.47,2.0311775,1.3575221,4
112.32172,175.40079,477.60336,151.87537,722.1176,88.537415,53.63964,16276.551,148.36926,3.6529512,33380.66,57.4009,546.38135,7238.1875,1.1387731,1.3490163,4
543.5673,202.3428,444.50983,246.63118,91.02238,66.71852,56.17596,119.91673,161.61119,0.13397914,11066.113,4.9961605,0.10852485,5.4577746,2.6586914,1.3658589,4
90.64189,99.22752,357.6449,223.34042,623.2617,69.74955,120.205185,774.9137,328.34607,0.777131,1572.4551,67.239296,0.62444603,103.87029,2.128335,1.3541163,4
118.532,131.8877,8.114856,141.51332,27.616886,69.507,62.449917,43082.098,13.93886,1.4930117,40.90902,3.309496,5.169698,3.4874816,39.01219,1.3482983,4
77.21585,95.99328,196.3088,137.51501,5.754917,68.79072,60.287758,2833.5293,135.38191,2.1736007,20560.432,57.153275,16574.912,1559.2533,3.2016323,1.3492064,4
163.7449,82.797676,60.451717,233.38196,255.47885,62.859623,60.564606,139.7506,327.86243,0.2139632,4177.2646,19.154003,8937.615,6.3362994,18.160385,1.3631228,4
78.33547,68.97853,95.88309,212.8494,191.97227,103.3456,62.468044,859.9259,273.279,0.29009327,14956.69,1.707403,15116.663,7044.1924,2.0270712,1.3499683,4
305.66873,98.65209,61.0897,115.00054,200.15442,88.55945,50.194542,46270.785,9.9137945,9.527087,29.062344,1.7837404,96.49295,65.78879,1.1253616,1.3634446,4
65.85707,233.44925,118.01683,130.09056,9.3234825,72.750114,50.671246,75093.555,15.288004,2.4973454,156.43135,2.6537666,7.2280726,11397.402,1.0946214,1.3581805,4
133.79173,72.21406,244.34749,230.81664,30.124088,93.12542,78.80276,277.86978,19.610344,0.7535582,83.469574,23.787643,12174.684,2302.0325,4.7227964,1.360392,4
188.41093,69.550354,1005.5863,101.75569,605.8096,69.40168,53.0735,57230.227,5.676798,0.20342968,89.685,69.4186,125.487526,340.40594,2.7896476,1.3655596,4
259.22803,90.10759,386.84863,131.57233,166.87177,87.881775,115.37873,2865.069,15.475869,3.092103,41.07763,1.4599674,68.62429,32.507946,16.79113,1.3506157,4
76.0052,184.38187,8.510657,232.53677,128.06902,57.52688,65.71246,14943.786,17.248316,0.26363492,393.99203,4.7794094,14915.948,8334.115,0.96601254,1.3520672,4
136.39345,129.92607,37.571888,142.80788,62.318443,69.2411,50.13105,46501.84,15.909355,3.4720256,50.19171,19.755201,0.22573881,2328.9165,1.9612242,1.3644937,4
76.4492,190.26515,17.85382,124.04049,200.7273,69.70928,64.10914,68467.59,14.108971,0.4726836,29.917551,5.680499,4.7232733,13329.328,1.7309874,1.3509223,4
97.22888,250.8324,54.764275,180.86884,173.1955,108.61929,146.99402,8075.575,26.425686,0.22512378,1801.1791,66.86013,18.3587,32.997845,2.8766165,1.3484035,4
75.498764,238.16982,12.112297,115.01465,121.72418,69.944275,55.99065,73481.914,90.74884,0.1453355,8270.308,73.707214,5753.3203,871.7806,5.591872,1.3638306,4
76.05071,240.85329,11.699239,144.73613,17.548496,66.527596,49.955482,6273.6514,175.3948,0.20446411,13887.116,4.5155783,1.0440645,2723.6304,3.188917,1.3503516,4
104.28255,67.57442,214.73352,178.60889,9.10476,67.16947,77.79251,42087.57,34.02537,3.4103138,328.45007,2.3609405,2.0848713,2954.7324,3.5089517,1.348702,4
167.90652,92.569855,317.7351,187.79282,26.815655,94.4043,57.845726,76959.91,216.56409,3.6362991,8396.348,36.591194,994.74054,1167.6437,1.7390909,1.3596617,4
73.41156,83.2262,198.10861,139.2494,677.2106,109.61557,69.106316,68433.78,14.835606,4.5900197,49.64194,13.857857,3.8503363,2715.8062,1.5823171,1.3662109,4
117.19615,81.01728,492.6838,114.09491,321.4489,70.118706,186.48392,586.631,37.065414,3.1686163,218.65211,19.745703,0.2936874,4.468343,4.7939057,1.3595102,4
219.11734,187.45113,87.830124,329.51453,354.9072,81.38251,153.62123,14011.989,8.477501,0.21084666,62.493107,56.360477,0.86366105,29.728664,16.354097,1.3579221,4
690.4977,67.382454,79.10635,155.0754,307.30692,67.12355,160.49536,743.9031,474.74734,0.15015319,505.83435,2.75404,12676.381,4.3741045,85.21567,1.3491709,4
458.8897,115.75753,37.275536,207.50618,112.89019,57.07145,53.14034,66761.08,47.067753,0.4503525,1007.44073,1.7962022,2878.7805,23.117573,1.3010623,1.3503506,4
92.564674,66.82267,23.362967,161.19804,36.3554,84.26451,67.11355,12912.163,211.03886,2.2941365,4613.467,1.5578403,0.29391146,9372.585,2.299732,1.3652656,4
306.30988,238.12898,103.8136,210.0964,147.22482,64.72232,91.18637,155.37718,48.742924,4.3723745,4765.6294,26.863277,2415.0134,48.2164,8.59328,1.3647797,4
214.68323,73.210365,831.33545,88.92258,307.17184,59.018204,66.743744,3559.3503,123.38759,1.0376141,11051.315,5.418194,0.94783777,4.0787835,17.615456,1.3617775,4
144.93175,105.89437,287.6115,144.50587,82.620575,65.56966,82.06805,1205.2437,10.5222435,1.4696556,51.61741,15.829458,4.811705,21.03718,10.505285,1.3598667,4
62.118855,217.12648,146.15424,187.3664,19.747889,105.08841,49.88503,615.21326,40.06996,0.6539018,6881.608,1.8247213,0.31518924,16095.659,0.8908893,1.3668772,4
62.7445,67.34718,47.091183,275.93335,293.3224,63.662064,62.907997,261.2885,43.11371,0.7243892,733.08386,53.36866,38.992966,13605.228,0.54625183,1.3491167,4
106.611275,219.42877,130.14032,206.27065,688.6271,106.33019,56.34087,3133.002,64.376686,0.11579771,25605.84,28.738272,16379.329,463.20224,4.4846983,1.3501854,4
92.86417,78.72844,243.53236,171.24669,65.47814,99.60397,50.728848,20285.855,274.92923,1.8833606,620.3324,6.399362,11722.855,18.164255,37.33657,1.3530078,4
178.93445,65.88383,645.6746,127.586975,375.3073,86.55083,52.16787,76323.64,308.328,1.239132,261.17947,60.38032,0.058301277,18.685692,11.184692,1.3535408,4
80.159256,167.17494,69.21026,133.50223,227.43626,86.4823,63.484123,4180.0786,11.457016,2.6179876,43.766327,1.9838407,40.274403,14113.412,1.6130536,1.3504126,4
120.93403,109.39895,84.89253,296.30554,83.94024,55.61573,76.947815,4190.9263,67.13638,0.39107335,29392.012,2.4568508,14522.895,3380.3167,4.8646655,1.3558737,4
321.77243,99.16489,361.0707,140.30438,151.28111,59.623634,142.8423,180.70326,363.84784,0.19641857,281.62048,13.825379,578.7019,3.7923071,25.551693,1.3633662,4
113.90496,181.5951,12.328286,316.03366,129.92476,90.600525,56.761257,91.31684,258.8932,0.115639694,11813.342,5.5632343,11700.537,9202.502,2.0842571,1.3499534,4
90.10424,98.10623,1002.46075,295.06143,308.08252,67.16729,55.282845,71833.65,57.862816,0.24228147,5689.4653,8.340669,2.4601395,6806.452,1.2451619,1.3538771,4
99.96594,84.611496,5.431078,209.15926,21.403557,69.748,194.46625,4412.497,52.66406,0.12483404,7493.4775,3.6579132,41.212307,3.7069335,3.1298192,1.3577318,4
151.4198,106.89716,58.79884,217.68262,185.92575,58.25516,82.02468,9182.924,184.3292,0.17416589,33167.13,71.25496,185.25258,2186.6782,7.173341,1.3646454,4
683.12463,68.29457,273.17868,174.37881,4.751396,78.53126,168.28299,260.7409,235.7683,0.19038807,22278.18,11.986422,107.54101,4.291768,91.27231,1.3507538,4
85.622635,70.25238,31.979671,197.22986,8.698986,60.432617,102.72757,107.91295,215.37958,4.1286373,10509.328,30.812115,16497.918,44.925976,6.663945,1.3487754,4
147.45903,77.39668,13.687961,147.79977,28.35846,101.82593,79.939926,8242.823,204.64598,0.3563119,16248.013,2.635872,3478.3445,369.3875,5.170063,1.3504168,4
120.46902,102.20712,136.06653,122.83703,383.27368,99.75789,197.98076,803.666,29.091637,2.6354563,432.3111,1.9455245,1.2774907,4.2907057,4.3677034,1.3613942,4
77.80393,97.982735,79.384224,249.86351,146.63434,55.844063,55.571903,43132.297,11.585445,0.29850993,150.61345,22.599833,0.10302258,13481.125,0.8740573,1.3650877,4
675.21204,222.9393,31.33302,95.75677,115.43213,67.28333,57.92918,2229.772,14.87632,0.3510122,33.51584,1.638863,15833.852,3.2051423,2.0352135,1.3612597,4
107.084496,233.37459,134.72305,157.07684,352.45404,78.96217,89.45309,47027.48,11.369223,2.7356915,51.740658,6.8305707,14290.811,3.5708196,22.057041,1.3539642,4
65.83575,69.87479,218.68103,108.94479,248.17146,108.49569,59.34238,1235.3235,9.747774,0.2309361,69.44483,65.08714,1365.2463,7508.4663,1.9922417,1.3597271,4
72.11808,117.33318,182.07974,98.987465,27.605618,71.19042,53.79143,68387.266,41.33228,0.89990145,304.5502,12.578985,50.264626,11572.143,0.83537436,1.3589035,4
94.92857,70.17313,83.41461,491.69492,11.872399,87.99747,64.893906,10674.435,65.64191,1.6420615,2326.8345,2.388415,0.228565,11503.016,2.6077976,1.361165,4
116.18953,141.36064,14.529687,145.15675,15.957564,60.13787,53.13272,2303.5176,12.9111595,5.353718,58.508644,1.8451456,112.54516,7086.4727,1.1669048,1.3590367,4
109.14608,87.08989,1.7589736,231.65869,59.923073,71.52939,99.21979,2954.0352,15.999096,0.23262367,38.655113,1.6618524,11867.514,329.76285,4.2504215,1.3648357,4
555.7673,73.81734,2.2320514,280.0251,59.944458,65.6251,145.94249,1863.166,10.557175,0.23044072,28.964174,30.946281,0.5837393,4.0342994,47.69358,1.3654,4
75.690475,120.81937,183.94826,101.8916,34.140205,60.566162,54.362827,35943.17,67.753944,0.7412088,36308.27,13.993082,0.28148088,14287.158,1.5286496,1.3563943,4
104.91948,74.420105,28.368639,133.86272,148.06638,68.38689,60.498825,13074.963,20.83449,0.5800521,299.4166,1.7540718,4000.0667,11092.5205,2.611866,1.3527712,4
143.40674,147.35046,16.147734,137.9955,24.381746,59.539948,136.51044,403.40955,181.3833,0.12007934,15606.936,63.449387,14051.709,3.3191967,11.311882,1.3502501,4
140.69247,104.93044,72.572914,184.07608,11.615181,106.685394,54.429604,250.86182,8.362613,2.3633435,63.72191,2.1899636,41.71865,237.88692,5.845295,1.3506951,4
67.21353,82.05965,395.37427,164.00867,253.74358,69.95645,61.068623,4126.169,290.8504,0.39781672,1453.7966,6.39113,31.641811,13956.918,0.6006756,1.3566861,4
555.4119,70.97158,2.1715796,145.23427,64.97732,70.425934,52.47056,1356.3024,284.15933,2.1464987,2436.654,36.748383,1051.9073,4.067706,1.827285,1.3596263,4
79.487625,223.53444,175.38228,282.4101,39.58635,56.278015,50.986137,957.4084,8.826799,0.07429582,25.987316,25.011995,67.70855,7589.07,0.8240049,1.3566077,4
61.818268,233.48,1020.60583,194.80946,386.9807,58.19625,52.967556,10887.626,14.667792,1.4538453,35.662544,1.8480558,0.065203674,15830.062,0.9957056,1.3623927,4
139.0946,72.70863,490.43985,170.8524,911.25397,91.84474,60.24344,56885.668,13.393616,1.8228924,58.405415,8.080235,9108.343,256.26434,3.266705,1.3479253,4
67.93075,262.40878,192.07536,154.48582,1358.5364,95.99805,72.01004,3021.2236,145.6199,3.8023283,14014.395,78.6823,17.876076,3616.5007,1.77972,1.365724,4
310.92285,220.34468,542.6694,195.36786,279.52478,60.846928,60.132683,74152.53,224.66846,0.13681266,18557.018,3.228963,10.886979,91.00435,1.8710607,1.348787,4
126.04654,186.04451,77.872086,145.97276,294.44193,98.20226,78.51124,27871.064,14.167671,0.20100436,217.41864,29.612806,1.5901155,2659.7124,4.4616942,1.3591578,4
103.90595,134.06209,51.180138,177.27438,56.444042,63.46322,55.83165,304.21295,73.23071,0.22710516,4569.595,73.3234,15513.072,13463.175,1.9083574,1.3530924,4
141.52556,67.52167,3.6659427,149.89056,84.09538,106.40074,50.044548,76806.3,27.847885,2.9551668,155.86694,2.6613617,47.226982,2185.136,1.6103488,1.3485469,4
690.96344,109.834,238.75523,140.76526,1450.852,69.5973,195.39651,107.52036,107.93948,0.3270515,6383.9487,18.615742,0.13549548,4.1542354,155.03514,1.3652719,4
133.67577,147.46652,21.926243,199.4997,125.09146,72.98956,62.11455,1549.9404,27.918312,1.2482419,1418.138,1.8704635,201.33054,1991.3854,3.6525974,1.3513889,4
113.175606,257.19415,451.4734,164.6436,1078.8997,59.704834,89.5713,24216.102,34.155064,4.0920253,156.80948,2.574929,0.7403897,1045.2859,3.7165792,1.3484603,4
110.13862,261.34882,547.2779,215.22641,259.95868,68.05441,194.49878,213.70676,18.351759,0.12528823,83.90865,17.158844,0.4861659,3.1819317,3.9236038,1.3621826,4
139.67921,66.70786,203.89885,378.4673,21.89114,59.24845,93.47331,1987.4674,213.22867,0.579568,14563.965,44.94602,1.4193373,8.144941,14.550113,1.3652034,4
240.92596,235.4179,8.216534,130.70653,21.379456,61.40346,50.143536,51591.492,262.74597,0.3816875,1032.2664,2.2973986,2.3047755,377.14655,0.78115493,1.3558013,4
143.26427,75.32405,375.54852,102.52133,502.55457,96.70871,52.134136,7335.727,26.106052,2.930664,81.5416,2.8853467,0.8932045,2948.8472,0.8650053,1.3638915,4
72.10887,254.06616,4.935979,156.57166,20.244432,79.706345,58.42165,194.41415,23.748232,2.7891252,455.61185,11.504171,32.498337,15523.758,1.1974504,1.3486717,4
67.39589,224.78072,11.918701,136.2189,159.14923,91.65903,64.406876,9471.218,423.87845,0.5915064,205.39888,1.5775434,4830.7246,7673.1875,1.8104296,1.3608087,4
70.30676,117.07763,1.3111093,120.40648,171.74661,65.88966,68.4734,524.7302,299.2549,1.1869711,276.5301,3.2471004,2.8419945,1297.2603,4.3426805,1.3602715,4
126.63724,146.05975,223.45747,206.3001,180.01688,66.94189,120.61275,35499.18,13.922639,5.377454,85.866394,1.615792,510.8738,42.07808,5.382784,1.3588736,4
109.30308,131.44135,210.52151,223.79251,221.72656,56.51363,68.99548,99.38613,190.55795,0.2669057,16610.154,29.333736,16109.6045,3.9136968,33.341114,1.3592098,4
161.86937,98.53574,282.65616,207.51622,168.86826,57.61002,50.435917,19796.832,7.672848,1.5483904,75.184204,1.6215837,13187.338,483.2577,1.3269663,1.3566505,4
712.4513,67.10306,536.31006,98.19753,668.388,69.811455,185.41331,11439.712,9.150537,0.15475012,73.81323,65.526566,131.23228,3.4852278,131.4531,1.3606322,4
65.201195,70.531525,181.80637,192.60066,24.373384,87.88427,58.664745,106.239334,12.232765,3.0510914,64.41118,1.7896688,0.0830028,11290.949,0.8050536,1.3541951,4
631.7468,70.185745,135.76321,176.25197,249.20837,70.23159,202.51538,16291.103,154.20486,0.35350943,44150.625,1.8288342,3513.2798,3.5877078,140.61751,1.3653767,4
322.0317,244.48874,193.48273,144.71216,1082.7671,58.012302,56.085705,285.33423,134.39584,0.1465224,12375.495,2.114736,0.09117293,96.5762,1.9332145,1.3545054,4
222.14337,67.53709,508.5537,108.61741,738.62305,68.95318,71.35229,670.1071,35.403774,0.13559704,6109.384,31.927391,9.518662,459.31598,5.03792,1.3485808,4
101.735115,73.1304,166.49805,136.01112,1636.5354,111.19792,61.20257,132.40979,237.10155,0.10960794,16295.843,60.07307,2.934026,12325.951,2.9442682,1.365927,4
121.49745,102.93205,622.0665,275.45587,830.4334,104.34326,91.82106,5399.0625,254.53851,4.1359205,3944.1565,6.8701787,0.08893018,3.8164802,20.346327,1.355046,4
155.23326,75.66692,144.4868,213.154,159.90994,61.38942,66.06762,27554.91,8.869742,2.083572,148.64188,21.434208,6.474349,14.254892,14.60101,1.3546855,4
153.13376,67.42978,53.735706,192.38734,242.62491,61.40245,50.3406,10565.035,58.208023,3.9565911,3134.7417,3.5349255,10356.154,3.1159146,34.76908,1.363577,4
127.36613,67.47754,229.93951,217.74832,57.27361,85.09776,63.357197,765.6323,28.43014,3.6652162,905.0387,6.1913915,1.3919225,14.053555,18.541351,1.3529891,4
148.58952,79.52045,334.3752,236.58496,791.25995,102.89394,118.30184,37100.082,15.309559,1.2500687,113.022995,1.4844558,8544.057,175.47456,7.3210464,1.3516846,4
263.98288,85.32752,218.87459,247.14737,7.697782,68.75894,93.10312,119.79421,105.87566,1.265827,9401.359,2.341267,9328.652,194.81525,11.93433,1.3503064,4
62.812897,185.68756,82.65614,176.44968,241.40529,64.89026,64.49448,111.68373,146.20815,0.4485106,11990.433,1.8460056,377.28595,11661.723,1.3482763,1.3645314,4
72.68941,258.89716,52.40008,336.3065,92.076385,72.89264,52.45864,40243.855,70.9218,1.566638,7852.022,2.8282707,0.12433961,7705.5234,0.99224097,1.3500216,4
440.75418,68.43763,724.26624,141.41068,202.7933,56.94305,51.705235,76554.586,400.7397,0.15028633,283.25098,1.5578971,16864.646,23.494852,1.3520421,1.3536904,4
144.41045,136.12634,235.29088,164.64621,287.54807,110.42564,52.83755,12803.219,310.7065,3.5093143,495.9339,64.27119,8.07765,3.067282,35.949562,1.3583901,4
181.39851,263.1127,33.712524,137.3457,113.98158,80.86447,63.8764,49680.117,26.173534,1.1418457,1964.1774,53.386875,345.33908,3.2249308,21.307188,1.3494068,4
102.42388,134.44833,353.20416,254.19633,184.40466,69.15404,180.0004,86.36133,27.614895,3.0340717,1327.4767,1.9192569,14498.149,6.0487957,3.2202091,1.3626757,4
543.12994,74.552925,36.547882,512.753,44.49951,68.609055,102.13839,10390.754,27.311096,3.059433,91.918564,12.337556,0.9391684,13.511093,16.086958,1.3646894,4
213.07703,72.12188,4.1311207,201.13449,22.972122,68.78766,101.02033,5938.5645,178.04895,0.41319904,18818.834,2.414154,132.71727,13.0069685,14.2030325,1.3487585,4
88.46107,163.08807,17.134487,238.64986,17.525642,87.89444,66.72898,980.8482,88.6096,0.66911936,4726.623,2.4403322,434.82132,4478.414,2.0731583,1.3634934,4
85.23031,211.0322,202.05609,311.20245,447.02557,110.501854,55.610004,56218.953,176.71312,2.3650222,13771.852,13.634256,0.09603958,8232.664,1.2122079,1.3487206,4
72.3502,68.185356,293.0989,101.0197,338.1999,85.54122,63.55162,1728.9078,373.043,1.0468032,565.0296,24.059242,552.2617,4533.3604,2.7979248,1.3659836,4
361.51624,115.12551,62.4308,261.80807,117.49648,71.01573,161.89539,95.491104,9.452546,1.3611664,70.13869,51.565613,1.470472,3.4368427,34.13477,1.3596723,4
543.61774,245.45755,235.19647,135.63617,874.3363,77.9003,157.0073,88.06267,238.3237,4.498617,10479.631,39.72648,0.090750694,6.676295,58.20198,1.3501887,4
85.28711,125.993546,26.285456,227.6467,159.65219,69.08933,97.526764,103.68728,14.31458,1.9444287,48.855896,73.45689,188.30122,98.572105,4.8645754,1.3509122,4
80.56436,86.78404,56.702374,142.69052,239.30473,56.258053,51.739574,62430.266,110.95476,2.0254781,34799.664,11.457985,18.171799,2331.7402,2.3156042,1.3640176,4
97.42839,90.97894,168.23077,188.59671,1002.65405,69.63332,195.67831,9864.859,67.48802,0.552598,16144.272,60.513638,6.5460806,4.647767,2.5722516,1.3519981,4
83.961586,183.06873,13.50347,280.04196,41.005512,68.132164,57.850807,375.92365,7.848104,0.62288356,62.58403,1.545837,11.894374,13893.051,1.6029387,1.3550413,4
627.5105,161.29947,4.1196947,176.97711,24.618774,92.479675,180.7941,3214.4963,204.1818,0.7212381,21008.564,1.9113499,506.41348,4.177557,99.84142,1.351527,4
113.65161,151.33565,79.63664,156.10724,293.18024,69.273125,74.17742,4377.629,210.98488,0.29550412,23476.973,70.08023,3.0441668,544.44727,5.080592,1.3584074,4
112.75022,75.675514,5.4322095,257.78162,20.908861,65.41227,115.30295,89.24237,99.05867,0.13120373,4243.8477,71.85073,184.95024,6.3825345,11.772399,1.361459,4
88.82573,179.04465,159.47075,165.51503,25.193275,80.90082,56.511192,2241.6555,12.98852,0.54491645,29.287891,1.5985916,2664.834,14060.624,1.8350377,1.352359,4
119.017006,69.20075,282.442,121.47023,296.6562,67.85326,70.52255,92.389366,17.86226,0.29080406,35.591637,16.429398,0.10734315,5306.163,4.3437433,1.3611104,4
155.9494,98.46367,46.732567,170.12146,234.88538,57.825165,55.137573,76358.88,350.8725,1.0048414,164.5727,1.5392587,150.66385,73.790054,8.360475,1.3578074,4
179.94655,86.363785,58.302765,152.8267,7.280815,69.8359,81.71366,59052.293,81.580574,3.776064,35163.94,17.913715,0.5725966,855.3771,7.0240307,1.3597789,4
207.70891,150.9718,197.52177,238.73683,387.13318,56.421204,178.71948,115.81801,16.470686,3.6102602,84.20887,7.157245,0.87768376,8.2755375,15.037171,1.3485162,4
184.56546,232.6065,3.5220034,136.99559,115.06135,71.80774,165.82228,44168.605,305.65192,1.5308247,4691.497,19.851433,1.9087073,12.391903,12.1013,1.3564594,4
66.27219,66.93745,29.099487,177.10037,108.48728,72.33914,61.174313,9687.618,7.4833236,0.26635212,56.463684,20.396608,1394.0312,11930.34,0.6713867,1.351888,4
168.23375,197.50739,93.52099,130.6032,161.30055,106.68196,124.71372,11667.741,412.7865,0.13055374,2155.1218,1.7064718,0.36310622,12.734304,9.529369,1.354816,4
87.04538,201.66907,523.3347,165.77121,400.8117,57.20868,55.56017,315.5518,339.17645,1.5802317,316.2894,32.67225,111.057465,44.129578,21.36661,1.3478845,4
80.889496,69.286125,24.303524,127.44272,67.81187,70.09945,67.155136,64597.09,233.09056,2.1204445,18296.887,9.455258,0.17899758,3420.775,1.3090723,1.3640847,4
109.294395,144.87004,64.3872,160.91197,197.23184,60.34881,69.87638,29751.537,79.58744,0.284764,4117.4243,74.09588,6482.7407,3673.9167,2.827963,1.3570548,4
611.3226,94.19766,60.103046,244.68243,250.0703,93.96861,185.11844,3918.057,17.556175,1.6033779,31.431433,20.265007,0.36680833,3.5391083,102.36847,1.3491423,4
105.358734,200.5941,115.470825,204.4672,7.5120583,103.50897,142.55205,2785.5498,268.5926,6.2588463,215.10056,64.000046,0.13825203,5.5444565,6.7572274,1.3613257,4
119.18979,68.33582,88.65268,139.36755,224.60724,71.564255,55.652725,56140.727,22.291466,0.35960656,595.1853,12.857398,0.06239821,4702.8906,2.416822,1.3481398,4
83.71914,75.528206,155.07205,145.12051,330.6961,74.35543,61.1538,7556.898,11.090845,6.002007,60.18763,56.636707,55.93988,5833.7183,1.9794528,1.3644207,4
195.50153,107.42002,91.68956,165.52861,313.61252,102.40258,54.70044,105.20593,21.61862,2.5415032,68.03749,17.29454,5.956522,10.729199,10.833953,1.3596072,4
175.34065,69.28391,56.986416,169.51016,212.77905,77.68738,80.018394,13123.699,12.224209,0.16258977,32.406452,17.935364,375.81384,804.7937,6.2873363,1.3484414,4
143.06332,76.13924,324.33807,302.07626,152.9441,59.244633,167.37883,23836.488,58.604374,1.3887105,1236.024,2.2598336,496.37363,3.6547043,8.488878,1.3556426,4
100.16483,79.7187,630.7941,147.72147,377.98087,64.60256,59.898212,125.72194,47.815876,0.09159582,771.78296,59.503613,90.20678,14733.109,2.4608026,1.3585999,4
87.112366,169.62988,420.44055,240.70964,727.1847,96.14876,62.41371,121.900505,6.0019393,0.13965502,62.515,25.664436,62.46556,586.5032,4.3897014,1.3488066,4
526.77576,66.53835,90.974915,107.95413,153.28473,69.9228,195.31158,71470.05,263.38928,0.41691923,4400.753,1.4871634,0.06119798,4.090068,91.23808,1.3489722,4
405.77075,68.15801,74.82603,128.6303,246.24783,55.800064,50.82689,541.3333,36.61409,3.5350347,3120.2566,4.125199,287.31274,44.647163,0.870325,1.365442,4
393.8642,268.45676,773.80084,265.89923,325.7281,65.99631,139.83298,212.30008,247.8968,0.7417567,11650.805,1.8402779,8478.796,25.776405,38.48635,1.3565812,4
105.504135,67.84623,532.08777,122.4774,186.54599,72.49521,69.897575,170.5318,7.9404726,0.09831019,70.79968,5.9985695,52.740574,1460.6387,2.0581105,1.3620112,4
200.52808,75.82242,43.880577,205.17136,166.81703,71.296455,79.88522,743.1433,22.590569,0.19259259,923.8899,2.8312783,9777.063,772.3617,7.1665645,1.3493198,4
78.26008,78.44526,151.35904,368.7946,49.81699,59.989025,49.90578,16979.963,99.36392,1.7586595,10581.402,49.780075,191.27982,10560.744,1.2691176,1.3486198,4
122.97067,70.83235,178.17903,521.6792,13.983391,108.241714,59.041733,1203.4199,42.318413,0.10543963,1205.3765,54.99265,1.1431565,7.8203793,27.574413,1.3496233,4
80.397644,164.59842,124.68063,136.17552,118.68959,67.7562,74.544174,4988.2905,24.79288,4.1429253,74.80564,23.978905,0.11243191,1785.5436,1.4738245,1.3636799,4
206.62605,92.62715,277.62878,150.9392,4.7662783,70.22609,144.3764,21779.17,58.389072,1.7608163,11774.658,3.003095,3.9191241,10.442198,14.709304,1.3512127,4
330.29352,85.453415,572.97577,117.937294,370.37558,60.64489,50.69387,87.2853,13.305363,3.4942243,54.05823,45.00611,15039.196,16.632866,2.4267972,1.364021,4
94.664,127.92526,96.8241,182.7475,230.09958,65.8954,178.74503,1584.5062,98.243286,0.15094991,5917.13,19.222013,1289.5653,8.218384,2.5898063,1.3656229,4
122.01824,169.83594,1.9924729,164.77556,111.64167,64.87063,74.220055,32591.271,93.2825,3.7249177,49745.023,4.526163,554.07605,4238.734,4.86252,1.3488243,4
226.96716,234.69502,158.6155,221.98288,883.19867,55.715405,52.901268,47033.043,89.05762,1.1308618,38538.97,67.78467,4.4391236,49.02423,3.074948,1.3642893,4
65.35323,141.83055,581.8728,178.64905,787.44116,109.69345,62.37874,2142.5283,113.9499,1.7593229,10499.279,64.37242,16648.9,15030.191,1.3574748,1.3617824,4
656.42163,124.78777,240.15717,124.90329,191.66307,68.880295,58.437973,16559.871,20.02885,0.16724971,104.55163,54.79941,466.7527,5.0418224,1.9941368,1.3651003,4
83.87056,134.8688,388.69354,146.86797,106.809685,67.692825,62.899982,59196.246,14.208424,0.62374264,35.79429,6.1572924,0.82284254,108.43869,10.89909,1.3492072,4
351.91666,125.97738,308.63968,139.22353,1158.3972,88.91104,52.50586,36080.793,13.151091,0.83279157,147.61548,1.4986948,0.099686,30.540194,2.4491332,1.3523417,4
311.37906,162.74503,187.12871,111.09396,403.15622,58.942696,137.1353,806.89246,386.33264,0.17723973,5913.3833,1.549347,0.088600196,3.1732523,23.284508,1.3628249,4
96.05342,67.12953,267.9284,193.56155,319.83575,83.920715,93.5879,91.318954,415.3047,0.6989224,351.14474,13.663668,0.30928153,824.81445,2.183568,1.3523446,4
70.69167,101.90932,91.51678,220.32336,82.03078,69.326256,56.19873,54248.758,10.213314,1.7671218,68.81129,1.5478759,2383.5605,1236.1504,4.5682087,1.3531888,4
88.988205,228.11261,349.0547,375.26352,1101.7216,64.93087,53.50834,344.80872,244.18073,4.232028,2620.8926,50.827816,234.55087,7816.6177,0.7187012,1.3600721,4
617.6398,121.42802,303.53128,268.72543,53.8183,69.1336,145.31107,137.25793,187.55072,0.09873212,28930.078,1.8787681,413.22296,3.5944939,50.565727,1.3485498,4
85.56644,148.72446,387.17575,313.26154,1118.3442,55.9969,129.224,5551.4575,118.0132,0.11913801,16518.496,73.69799,389.06723,65.0091,2.0984366,1.3554192,4
357.747,76.71393,21.51641,241.10945,55.32763,60.55956,131.3801,73661.68,12.4448395,0.18856199,31.747005,11.233126,30.481047,10.748321,22.458242,1.3486255,4
708.7537,138.59967,6.9577575,153.05374,19.705524,56.05675,54.774273,8651.068,396.0318,0.14478382,311.14917,69.952934,17.632381,3.3979418,1.4380083,1.3627071,4
213.105,73.46878,23.93381,244.94417,56.58111,70.12407,95.55554,115.71968,105.34743,0.9365349,23410.658,1.5222728,760.28143,18.686756,12.8335905,1.3507283,4
93.123535,164.29706,586.44775,232.72472,377.24518,75.80399,60.896904,796.1388,223.40279,1.1397676,11296.022,4.343013,3.6176682,1836.3173,2.9818263,1.3521394,4
66.8174,97.80175,165.4921,278.03723,71.252,67.659294,49.900196,17333.85,51.613518,5.7441635,600.8296,40.044724,0.13569741,6822.1685,1.7863768,1.3667866,4
605.365,85.34852,510.8594,109.586624,972.5146,61.654003,52.281963,23279.275,166.93398,6.1898475,12996.995,11.720812,0.17386425,3.3753414,1.6268125,1.3652308,4
132.06296,212.21089,69.19687,128.04341,41.867874,107.18236,88.14,298.0611,369.34885,0.15935813,1528.0206,22.278088,25.495539,85.46743,8.408167,1.3547654,4
112.02954,125.52987,125.93494,128.733,7.0079327,67.911255,69.04129,197.4841,16.492126,1.0333402,24.986444,1.6034861,15542.735,4967.626,3.5584447,1.349134,4
152.66205,101.872574,36.308056,302.0611,64.49204,103.37251,62.462475,8301.785,72.31002,1.1569833,9719.511,23.445839,0.07363406,3.685298,26.855892,1.3541484,4
667.3151,160.97351,484.69006,235.56584,438.08728,66.902985,168.45549,100.865654,12.45132,2.870967,46.985825,58.13286,5.923356,4.9139814,92.26107,1.3600485,4
260.29263,69.56119,40.193325,153.88208,151.75616,61.410187,97.87631,9679.647,257.40417,0.39120546,18096.701,1.5121045,51.761974,3.3787034,17.768826,1.3540325,4
119.7911,199.31726,139.41202,176.39427,620.0394,70.01596,115.798904,97.86424,75.089745,0.28562063,40237.598,2.5223598,0.1797226,20.88885,6.460131,1.3648064,4
196.83496,208.39423,12.071638,142.41173,23.398943,69.962074,94.361725,4686.425,12.26464,0.15635182,106.78352,57.043655,38.22033,784.4681,13.258775,1.3515975,4
348.377,79.34345,212.97232,130.3709,1299.3387,108.1976,131.39929,116.67282,388.44202,0.33134797,768.197,4.8372593,0.64180136,16.811426,28.281649,1.3495638,4
112.4088,197.99812,33.031166,235.92122,92.899796,69.16069,54.653793,149.79454,45.444176,0.123786435,903.1708,38.935356,12551.815,354.97882,6.1380386,1.3498073,4
262.91116,101.06539,16.698639,173.59523,101.91035,67.865036,148.28127,550.40393,11.070818,3.0462148,56.514782,31.27224,3086.6123,3.7660003,20.933796,1.3656276,4
706.50397,77.948135,85.71347,251.17836,251.89665,68.45164,81.01216,74764.13,102.005295,6.8260145,37920.082,4.3994126,56.90082,3.4627347,7.791677,1.3637687,4
149.26947,139.90976,3.278686,196.18304,62.547356,106.64376,51.44057,63807.918,40.324562,2.4175334,1606.9935,2.5384517,89.68539,1190.7601,0.9405927,1.3490837,4
182.5937,73.96072,80.7997,113.26193,173.03276,96.01849,67.254196,614.6144,47.910446,0.26338357,620.397,2.1118019,14326.77,7.967557,15.595251,1.3605256,4
115.707436,75.69658,274.47867,96.389755,148.95639,58.814552,65.87662,14513.575,357.04053,4.0163884,372.91516,27.32356,0.05878655,4.387086,32.709545,1.350488,4
450.1054,69.86134,46.709995,396.72116,40.29844,56.745064,155.56407,52052.055,11.459933,0.117656246,27.816952,16.448624,1293.437,24.775513,71.96904,1.3485886,4
133.04904,215.92847,69.141426,129.52582,222.23947,101.0253,74.82039,73551.82,252.13155,0.8054284,3684.0276,7.009405,7.1123114,3811.6997,5.4359465,1.3484149,4
435.9279,175.14685,654.27686,245.56757,330.5971,55.62961,162.632,390.08353,21.0286,0.12062173,837.11707,35.87592,9390.176,5.4864483,43.689194,1.3652186,4
118.467094,67.035484,627.3169,93.970604,254.71513,102.43957,83.812065,112.36117,20.029799,1.5992069,387.53445,79.878624,153.91953,1005.70966,3.5338113,1.3651357,4
66.18137,69.75974,623.89874,121.123024,121.71891,64.74373,54.107613,50532.844,14.87612,2.0550637,29.91189,40.15348,132.38516,7417.9,1.9774016,1.3505131,4
244.61438,98.99095,507.79572,186.31227,672.20197,57.856895,176.36627,244.51437,107.609406,4.6304817,9993.51,70.723404,0.13023433,3.8923836,19.026674,1.3552593,4
177.6507,68.15488,65.13345,141.46732,290.14667,58.285206,75.39342,501.76642,9.892722,0.29613447,58.984013,11.259866,15491.53,1073.6534,4.564609,1.3651645,4
113.942055,115.01376,557.9006,161.48694,281.2056,64.16064,73.57994,173.80798,12.530651,0.09474855,28.246414,45.07163,0.14882085,76.93372,6.8920054,1.3588814,4
138.26823,213.6778,84.71655,156.02583,187.57274,107.33232,85.76572,101.86482,314.46548,0.6438696,7638.801,7.9449544,211.17368,1561.7394,5.9750576,1.3654101,4
660.91693,252.38866,380.62317,133.68155,950.90674,84.599495,84.680595,62614.87,31.627977,0.2415696,1997.1509,52.09274,163.15201,4.499482,9.395271,1.3645849,4
73.15695,95.45578,124.866974,267.90173,11.779127,55.733395,52.9687,15281.684,12.150097,0.27624366,27.968334,4.8634644,0.20315367,7932.5366,0.9494164,1.3509392,4
100.35406,69.03221,31.320896,290.82315,11.377462,69.75941,66.90509,62713.957,488.76276,0.17812823,201.7755,54.353878,0.4696012,9725.799,2.831189,1.3637171,4
111.62137,79.72997,504.6315,115.99383,837.9591,73.67053,57.848057,228.96481,270.07913,2.2876575,2676.967,41.783077,0.061190266,8377.182,1.7342908,1.3484374,4
608.433,103.178696,214.8253,297.00427,29.430172,85.943344,102.37428,206.20157,9.80317,2.4777982,95.39959,7.6346974,13685.747,7.2511277,18.363823,1.365009,4
100.917984,208.38185,183.08575,392.6854,371.85684,91.21451,73.53272,176.05481,14.919852,1.2440976,31.7621,20.56612,325.2494,1011.27325,3.9730167,1.349974,4
82.88835,133.1802,601.92566,158.64244,898.60364,105.8749,51.68056,82.69788,259.9308,4.4485197,4837.937,44.047684,0.2475598,15781.868,1.4582417,1.3495581,4
74.6596,275.35675,526.20154,188.35332,797.06335,79.676834,50.643917,12624.078,57.272774,4.6211166,23337.873,6.365611,10.32375,15764.658,0.4281984,1.3665142,4
62.778126,200.49194,665.06555,485.07422,838.4669,64.817726,52.061333,71135.69,70.57871,0.8989632,3165.6682,3.3491833,10061.547,14353.604,0.9884365,1.3628148,4
130.96835,68.512566,740.78955,110.446625,119.984665,103.31067,50.04389,61205.457,432.6784,1.8270686,297.59073,2.8696172,0.9477444,4931.7676,0.89364296,1.3657472,4
95.1915,196.53229,165.13982,171.44385,258.74924,60.397915,64.63254,122.068695,195.70815,1.6776341,7313.992,68.50653,13.071573,11244.652,2.477971,1.3536869,4
274.53543,259.5229,213.24103,279.5273,309.28394,69.14467,117.59342,70419.99,14.208279,0.9155915,75.68345,80.295555,96.209785,3.3855038,19.670628,1.3488344,4
161.29428,72.425606,20.01634,176.6212,67.19548,86.23424,50.36588,297.5809,25.128838,3.7892718,251.79393,2.916639,2.4801722,9.464091,17.245106,1.3557951,4
86.57734,68.690094,49.44987,188.53128,9.769777,85.94148,54.084938,235.56674,64.200516,0.12073869,4452.2866,3.148252,1.3998231,15768.282,0.8725546,1.3496335,4
69.56616,159.85042,232.96289,375.49988,123.60468,70.03547,51.050045,611.78436,62.25441,1.5538692,15340.46,1.7104211,0.18198553,5416.1045,1.7281024,1.3603467,4
157.94212,78.826584,64.70102,148.5846,134.85468,55.653778,105.91996,38156.5,7.383704,0.42789328,62.102814,57.434273,139.28773,154.641,8.646866,1.351626,4
88.5071,262.4452,637.79266,262.3946,472.9326,63.219738,61.602608,70733.516,280.75717,0.39314494,914.8131,54.913754,5872.049,12976.855,1.8405607,1.3628678,4
112.53617,153.1217,599.5476,253.65929,155.22603,97.97504,181.70718,14028.798,216.69838,0.2633692,16071.423,4.519182,0.058260005,8.527638,3.742742,1.3485129,4
290.13458,205.87222,191.09763,109.18469,1515.2921,104.57916,109.908966,1754.7864,55.41001,0.22844236,1786.2533,67.462326,13080.488,127.34874,22.061615,1.3641529,4
240.45357,70.9025,368.38855,276.55814,219.3096,65.772804,64.34864,5860.7905,8.458843,0.32615837,55.06446,57.209373,1580.0188,15.529161,10.018518,1.3536202,4
63.888126,67.79172,56.372894,176.76778,271.85345,55.979916,59.554558,98.81378,56.24801,0.4833008,1271.647,16.663017,286.9941,15643.894,0.4822716,1.3568861,4
82.10346,236.99939,167.8954,119.079796,234.02559,68.93913,63.086548,5547.8633,164.09981,0.7268244,20455.928,30.137152,0.84273654,569.0022,5.0343084,1.3589509,4
100.031784,271.73834,270.57867,190.08566,237.70792,76.70088,74.68298,47706.883,19.228981,0.10822922,1001.8872,16.06562,14022.952,3.1430674,35.819412,1.3481994,4
635.1554,69.95906,990.90674,102.99233,437.64383,101.16876,125.88586,454.45303,21.1856,0.7619356,348.19812,2.5979261,16039.879,3.1797497,32.667442,1.3565353,4
145.97745,80.895744,117.99339,288.77673,6.617509,58.495564,137.61598,16011.16,183.96008,0.15251106,14034.178,13.278768,12.528383,27.73339,7.838688,1.3604558,4
132.60147,252.62292,778.625,177.53137,147.18787,108.33531,53.842667,733.2158,29.127588,0.12437959,2488.0928,2.9342568,123.605934,4181.7856,1.2561044,1.3583202,4
85.76621,74.18187,862.2822,109.85265,114.10051,67.68804,61.236156,93.29289,150.59154,0.6592168,13006.58,8.225534,0.07383528,413.77972,7.2620096,1.3572562,4
96.366264,214.97623,299.6453,145.17342,544.036,77.76742,101.73938,17811.637,12.25459,6.515206,135.72037,20.442308,10672.806,508.28482,2.3678079,1.3577259,4
99.05209,79.482605,14.721493,158.17102,49.01301,107.764465,104.58873,44807.82,13.643289,2.9002926,26.10781,2.015195,3596.7043,5.2201147,13.780691,1.3502084,4
156.63959,89.54483,24.904816,244.80219,20.019838,74.80434,91.49812,514.0358,218.20534,0.902533,17229.256,1.7098647,7477.92,960.3977,7.758525,1.3653479,4
95.334656,77.847046,195.39764,120.84574,153.19713,59.449657,50.759182,13888.878,113.75285,0.45083344,55527.047,27.07544,7083.986,100.25102,13.3966675,1.3548925,4
104.18982,85.57977,37.058598,200.92062,95.022804,57.78092,56.399822,166.00294,264.15186,1.6523736,2477.8591,3.7090874,0.19224854,2191.983,1.5409094,1.3647224,4
106.73496,112.85446,1.412343,117.60457,115.85049,56.36313,75.85543,268.98355,27.937588,0.7581557,96.40114,9.426999,0.43802178,2679.4902,3.7352324,1.3515096,4
168.85771,257.41144,155.7441,113.66085,212.09523,91.04274,85.98365,11670.891,136.77567,4.407817,29049.047,9.84498,1.2194268,1559.4475,9.0676985,1.35108,4
230.70148,94.686035,147.32544,114.30634,1158.5509,97.62971,139.6949,68800.05,229.3789,0.9002958,15737.618,42.58999,7920.7573,5.045639,16.555607,1.3648503,4
274.88922,254.65611,727.7241,298.839,120.64453,56.38674,61.867863,392.77063,272.10117,0.09406242,4740.3354,55.214344,0.3695677,3.130214,13.002004,1.3667848,4
92.79137,81.71066,8.884845,313.75403,36.133354,65.474846,52.168465,13886.162,32.681404,3.200551,3569.4285,1.5871568,0.40798628,68.43399,17.621222,1.3618191,4
131.34293,227.78761,45.09145,183.7947,184.72101,62.799084,194.08606,6082.196,12.385015,0.41477787,26.412188,17.594599,12.35811,3.4286628,5.9162292,1.3496306,4
110.90218,205.87845,231.11296,152.99059,7.516197,82.96787,50.375237,55439.367,105.31639,5.036025,6587.942,28.187323,12842.061,120.2223,10.681957,1.3659304,4
63.08667,103.74565,446.56433,145.99673,233.08017,57.246826,64.656296,69119.53,44.030903,0.92110074,548.59845,4.0183687,4487.3813,11178.387,0.54693663,1.3507988,4
144.4852,64.974075,405.06107,146.30301,551.3054,55.58275,133.13754,126.7246,10.93438,1.0141917,91.71834,5.812072,1.1770709,37.951443,7.5655146,1.3513688,4
95.539986,78.65962,954.0434,123.82894,108.657036,66.67671,50.21979,48086.29,13.125247,1.4149282,51.360916,2.6686492,1.5208347,10.165125,49.585033,1.3593314,4
525.62115,66.120056,57.50838,241.1352,52.300373,56.127506,87.05617,166.70688,8.895175,1.572022,47.507057,1.5398164,0.84021556,6.9985447,10.749973,1.365839,4
175.56488,98.8303,2.3152986,213.94615,74.54082,69.365875,131.88757,5174.6226,11.121978,0.60595775,32.44892,31.144966,3.1651204,8.608663,12.132107,1.3551366,4
68.38133,91.30298,242.63292,150.52983,13.262079,69.32967,57.474884,262.86862,34.332867,1.6921642,399.96823,17.354822,16280.96,6263.2,1.2898458,1.3639505,4
128.66188,181.96577,887.24536,271.63004,361.41187,57.121452,74.38828,3530.4375,329.7436,0.12770177,991.6212,1.5174079,13164.291,3898.1157,5.387891,1.3559257,4
395.51285,231.56186,8.23483,172.81673,34.906567,55.706104,174.13806,92.190125,276.6998,0.13963042,7278.743,49.771103,1172.6132,4.325966,44.97574,1.3536062,4
145.46986,67.98244,198.37149,460.24826,630.38153,67.53503,77.92867,78513.01,26.921352,1.8710093,84.22894,61.67232,48.964752,2448.3066,5.9996834,1.360089,4
81.0753,254.6933,25.302546,244.02213,96.843544,75.64167,59.693806,68028.65,354.77145,0.12224964,281.91888,35.27973,0.14874527,11309.347,1.5652784,1.3662802,4
123.842575,67.362366,3.8077693,160.18187,28.781235,106.93828,129.67615,15838.368,485.19684,0.21863393,362.93805,3.0030591,136.66238,3.5745344,11.606804,1.3656678,4
68.618546,188.83752,54.505672,219.77495,9.799905,83.82254,66.97231,72463.02,438.93207,0.16894303,1830.1093,12.745464,11.07585,2079.2673,2.0244107,1.3604605,4
62.283463,166.85184,1020.9893,245.9077,378.00092,71.25637,56.03643,17627.719,357.1676,0.27786347,282.1602,2.1063266,4754.546,8169.447,2.1562862,1.3593458,4
112.84214,107.011696,452.5448,128.86322,777.6943,95.1201,50.00175,36783.285,111.67234,3.3608265,46596.086,10.422308,0.06553959,1298.7269,1.5126679,1.3598739,4
80.11116,94.26087,47.22358,167.60684,12.028207,55.836857,59.557617,14675.176,347.96307,0.41819727,3547.987,1.6650492,0.13520654,174.98013,10.398075,1.356955,4
159.60968,69.50946,459.65436,103.92286,499.23734,68.85787,92.019684,127.31631,26.831469,2.0527768,120.52075,15.805677,21.16246,777.1609,8.348494,1.3526303,4
112.63778,121.3993,2.3646364,185.0737,116.80875,61.87937,49.910645,1082.129,244.26117,0.9987792,17310.027,2.5855687,430.71854,7482.879,0.5991194,1.3543574,4
124.09321,202.34804,117.54322,341.92575,347.04974,77.623245,60.065384,34622.99,30.362911,2.9978714,239.81082,1.9403813,16097.609,995.072,2.4265442,1.3546138,4
540.99493,148.39413,154.27881,187.3868,126.585754,62.069843,145.24536,2278.5369,232.85147,4.926176,168.42519,1.9583884,0.5108279,7.846737,53.44161,1.3485055,4
100.69438,119.41494,1013.5831,280.62164,252.85886,69.254295,122.88504,8127.323,187.38123,0.17325595,13856.462,5.697659,3793.121,3.522686,10.060613,1.359596,4
339.79355,232.2363,201.74852,131.76881,528.2561,106.40627,93.743904,1631.0818,14.84042,0.08807304,31.315933,3.8963714,7.2574096,3.215157,14.5911045,1.348265,4
215.3415,154.85393,19.685875,143.95389,51.0914,72.9146,75.801834,67420.49,231.65526,0.582633,14624.248,4.342101,15470.225,5.8095303,12.890572,1.3638457,4
97.12173,97.45087,93.515045,169.0806,342.78955,86.73772,63.671867,6284.51,8.301064,0.16245343,40.75963,12.910696,1.5968332,2884.525,1.5099036,1.3491639,4
109.51825,108.3752,29.424984,178.53181,45.813408,105.78815,95.366135,2821.2793,257.82666,7.9428945,7597.203,12.526239,0.058328215,97.83172,4.4527197,1.3618176,4
174.44089,246.82278,291.25372,229.55959,1209.467,63.62279,136.71616,114.44223,24.947529,0.0966912,1756.093,69.62669,110.494255,3.1512756,13.428971,1.3487148,4
98.8913,232.04776,436.8082,127.27709,1060.55,94.0246,63.161213,2975.8103,11.795847,2.8521388,120.57947,1.8152304,0.11004934,8997.384,2.2182958,1.3493607,4
266.36276,182.48596,120.13377,179.04578,211.97852,93.2119,132.68762,1730.7375,109.89791,0.64480436,9972.828,33.29315,0.20724462,6.9038796,18.041706,1.3489035,4
62.2194,72.04228,18.580875,176.92738,56.55651,68.43829,63.089817,67372.93,222.41135,6.319344,1240.3489,6.2461467,0.21884714,13030.022,0.48049998,1.3610058,4
214.79546,252.91624,7.545781,146.7373,23.040134,68.91322,127.816864,237.31328,454.42044,0.25374666,351.9397,36.407715,0.3317272,103.37754,15.240672,1.3506557,4
237.22601,66.253265,323.14716,118.330795,417.93365,70.03279,194.07016,428.44547,9.941067,0.42976227,78.54332,35.961597,2443.1313,4.9678664,18.947422,1.3656882,4
164.57079,172.02048,46.52704,199.44731,118.773056,100.736145,50.62314,153.49985,12.017904,0.12182967,27.698769,9.716202,9.323852,589.15875,0.8824705,1.3606322,4
170.85782,207.78076,3.5043454,153.0741,32.25636,55.71092,173.87003,873.46063,319.2586,0.48041138,2790.6848,37.91347,1.0756012,4.479995,10.706071,1.3603563,4
236.27531,66.05208,178.93161,258.20322,11.426102,68.33242,50.429356,1318.1011,529.8064,0.3305266,168.29541,16.144512,4.5152187,3.3743448,13.397522,1.3610168,4
185.411,148.18549,222.26257,118.44215,1576.7112,107.23654,58.73147,67011.516,47.96189,4.3669977,16940.688,2.233185,0.7759294,12.603252,11.092817,1.3664436,4
104.08438,229.27238,211.01045,248.19951,4.750048,104.90024,52.45055,656.9457,227.1491,0.39296567,13198.083,17.67986,0.12783301,7143.702,2.091894,1.3517133,4
374.33868,99.9541,35.9558,132.60988,128.6591,55.988014,183.2562,7290.3535,148.48477,0.5320491,40449.56,45.601517,0.8504406,7.1275687,46.553165,1.3564771,4
504.37143,146.3332,174.26428,231.7144,230.40347,56.290936,50.76697,27570.734,16.293667,1.131773,32.11782,4.3312693,11494.385,12.021185,1.3254696,1.3537558,4
73.08534,260.81058,136.27792,163.41702,271.77383,86.19802,66.40287,780.24304,32.16493,0.12203479,208.82602,61.229275,1.2728653,1329.4564,3.4974742,1.364946,4
60.478535,67.26634,64.64884,138.45604,199.63904,87.52449,60.458195,13832.654,27.927,1.029134,105.302704,84.28948,151.7349,15449.464,0.34991503,1.3652558,4
88.3336,150.68655,9.528302,108.268234,16.195557,62.020905,88.933426,17751.248,11.413037,0.14724413,30.492037,31.972248,12289.784,62.142063,7.5989323,1.3574759,4
102.98539,251.55693,48.084415,443.7807,152.8603,68.52235,53.137848,463.23608,48.867485,0.50063556,9710.365,81.65208,16156.256,1219.275,1.8905603,1.3493084,4
117.95,92.07573,232.65096,172.57156,231.3628,103.990524,57.88727,417.39343,9.369093,3.944949,60.330467,8.156803,3133.6145,237.92155,6.8920975,1.3659782,4
92.45026,66.830986,16.00924,222.03912,10.285752,81.68799,60.78974,77776.7,14.056095,2.7688465,99.139915,5.8676505,282.67197,14954.351,1.9937842,1.3654754,4
505.5908,117.787834,2.8136458,123.415054,51.999428,62.40951,180.6985,31858.322,81.22208,6.4828377,12428.83,15.47401,0.058060654,4.2621446,72.88876,1.3644172,4
63.61481,67.46693,109.981125,128.48227,360.03027,71.773895,63.648468,452.77173,15.030027,0.5769296,149.77168,74.22088,15545.019,10473.036,0.449785,1.3483543,4
108.04078,204.54265,545.4071,305.61914,398.79123,67.185394,72.732635,5332.8984,105.68945,0.8053264,7710.302,80.19797,15183.693,49.5935,10.670498,1.3557334,4
295.47537,85.054214,12.231424,159.82097,26.623398,96.7942,153.58327,154.46878,58.70137,0.3448608,2831.2422,9.064269,4.595131,26.388428,28.057129,1.349048,4
524.2929,239.52415,54.648727,488.90103,199.76958,68.48529,84.488464,137.27078,13.482872,5.6187153,68.3103,8.057436,22.522964,3.8198433,9.636261,1.3481652,4
91.65947,199.29749,48.620777,167.60541,222.57782,91.64644,49.900475,3519.6265,8.403679,0.1269627,79.52118,58.73916,8990.906,13255.595,0.5385504,1.3581188,4
89.71618,146.0852,389.59824,183.38945,141.52657,100.79622,52.13401,513.50024,339.6753,0.2717088,597.53186,14.22374,275.3863,1542.9122,2.614879,1.3583217,4
61.850777,68.67644,42.61943,143.09981,196.89902,102.192406,52.209427,37152.805,136.79085,0.5510328,39559.957,3.6267078,3063.8,13617.963,1.4753293,1.3531305,4
100.22163,71.1061,1.1096526,196.44809,124.82083,66.14829,87.87067,35781.84,210.39871,0.15590277,14568.967,2.3337271,15559.169,1015.7722,2.8740754,1.3649329,4
127.907196,152.54837,166.98276,187.82523,1134.4581,67.87174,68.49162,524.16895,12.194426,0.5329745,36.068787,3.6086135,13.969194,795.6069,4.0822406,1.3527696,4
94.25197,72.21657,249.92549,160.28773,1523.5854,105.1301,82.87991,127.63659,219.63004,0.19248731,17147.553,9.626198,15184.519,741.47003,3.297957,1.3545166,4
63.88364,95.0381,170.3379,121.657486,103.897095,102.76289,59.478,569.8911,12.239645,0.52131516,44.289795,69.06681,0.30261487,12429.21,0.63904184,1.360391,4
78.87936,71.55135,179.05246,250.23857,181.40305,102.24625,62.31938,116.546646,17.305666,0.09253799,53.372627,26.328327,4231.365,7088.5547,1.0264033,1.3644892,4
93.548035,84.458916,196.57448,222.81537,827.34796,85.57948,55.830566,272.41153,123.13701,3.6430387,30738.725,25.399744,218.61484,6274.866,0.83739156,1.3540759,4
232.582,90.813705,384.08057,252.85208,1295.6869,55.720383,54.442135,63273.082,14.958611,0.1892164,28.276358,1.551604,0.07495032,436.6961,1.1600945,1.365517,4
280.29724,76.79379,54.111107,148.29066,167.231,89.89418,142.55226,6264.67,298.29105,2.8444037,3715.6719,2.8725605,23.066778,49.83112,26.093859,1.3644032,4
138.7352,84.38022,407.23685,150.10246,462.0988,56.402996,77.560585,2095.2542,226.42407,1.2832935,9743.086,2.0643983,128.53638,3283.3494,6.4648066,1.3484801,4
218.42433,67.18667,28.689468,185.2692,63.87247,69.73963,128.62949,13141.359,59.631817,0.46904698,16041.883,23.56002,0.22584657,97.56722,16.717346,1.3612996,4
203.84766,68.34544,86.09932,248.93411,206.52075,70.6024,199.72047,81451.984,86.28297,3.016082,11280.992,81.5017,3331.6677,3.4385927,14.349057,1.3551558,4
229.88072,102.15226,161.89694,204.04868,69.60891,62.9554,70.04631,38073.074,263.4376,0.16570103,19467.156,4.6595325,0.7345643,457.09787,4.513953,1.3567734,4
188.92482,146.17494,532.5715,181.62,956.90576,65.769844,51.406887,3818.4507,295.34747,0.7891598,259.8804,61.8723,16905.455,3.5769787,22.459557,1.3627124,4
326.6147,85.6909,679.3856,84.65568,323.14853,60.290123,113.85966,4113.165,26.064032,0.4797796,103.09662,35.515743,9.925187,3.230941,20.010513,1.3506731,4
155.21992,133.49908,120.131004,96.163536,11.142248,63.184654,163.73352,5560.5625,7.1996145,0.41197425,96.64258,63.57591,302.16272,11.780633,8.489571,1.3652017,4
507.35242,93.634865,40.862263,137.34479,71.09454,61.637695,185.99313,12609.325,9.533246,0.3536093,102.42773,4.868829,0.116832525,6.173913,86.481926,1.3484595,4
65.09994,178.1434,1.2353892,143.16304,153.31474,103.07503,70.4308,442.68832,21.65101,3.8366044,55.705696,1.8976494,0.31762573,6711.2363,0.7042667,1.3574084,4
82.40505,134.31065,56.063797,196.80157,265.81485,65.226135,56.361378,1764.5807,11.822566,1.777206,62.63508,5.0212636,1.144388,15013.887,1.9450343,1.3597065,4
135.42934,116.6505,16.234108,209.99518,46.18036,75.47582,52.763065,11734.187,59.594387,3.4090197,1224.2047,1.7033057,3301.598,3016.6963,2.0075235,1.3487533,4
174.84985,67.73906,236.26376,150.09836,1124.9844,57.984394,75.26239,147.1666,87.2757,0.69948447,10792.107,77.72574,13859.145,116.668335,7.533272,1.3490937,4
116.48898,245.51501,193.12193,157.71907,1301.9437,106.44249,64.87901,86.58331,97.6258,0.9486201,9738.496,25.79531,0.13329947,2217.4395,2.8976445,1.3645241,4
94.40748,67.485016,174.69522,158.11191,125.452065,92.96138,83.73308,5495.737,295.56262,0.33650026,1161.0511,59.302372,1708.5109,783.643,3.516903,1.3618429,4
539.3973,281.80612,429.78516,194.86708,558.5496,74.607056,153.35286,1115.9001,38.75811,1.0501281,5104.4263,2.1048539,197.47833,3.5517352,50.281,1.3569771,4
64.17434,243.02637,733.3738,158.07632,271.34302,77.14453,52.78685,129.2273,13.228198,0.15659367,250.45274,1.527955,25.005436,9428.622,1.0877532,1.359736,4
121.08628,71.43586,207.6092,149.79684,371.36682,66.74029,71.73573,460.9854,91.15152,1.5659121,19946.666,1.5475087,23.523146,4647.2197,4.0041027,1.361517,4
63.962086,71.25513,158.5474,434.2581,1373.9131,65.76325,57.821487,381.21594,139.48688,4.0648766,34385.305,73.11072,0.0619692,10519.356,1.8888128,1.3581473,4
82.676414,76.02966,419.08167,144.62479,118.19943,68.96072,66.21656,67837.14,187.85727,3.696163,6407.771,64.38296,6.8982925,10217.2705,1.6683071,1.3484638,4
131.19232,69.34799,1.7384728,169.14111,71.31273,55.744728,93.763016,97.55711,545.9081,0.11163147,966.6203,49.3061,11155.35,6.794216,15.204706,1.3504202,4
185.37189,69.56091,31.425241,231.89957,19.936626,102.919464,58.37299,1682.4022,48.333008,0.8541947,966.38873,3.2985291,1.273836,46.644814,5.572875,1.363702,4
151.75645,78.69651,175.91943,124.17722,341.58383,101.593834,183.87823,1579.577,56.582645,5.0450077,16345.668,76.71241,0.11337836,7.325319,7.272419,1.3588057,4
83.96402,69.55601,492.30847,109.08186,116.910355,76.34546,56.094963,890.9383,11.140723,0.5809369,85.28197,1.4985251,0.53722966,12617.687,0.8299393,1.348965,4
75.6957,120.744865,6.8679914,361.59525,15.318824,100.9261,53.49623,378.239,13.324516,0.8345706,28.956932,47.734066,94.00942,352.84427,8.790657,1.3506138,4
109.835526,87.177895,425.579,100.21646,113.190796,69.490295,60.511787,99.64183,421.8202,0.122313485,265.41782,2.206771,12501.362,8271.072,1.9782426,1.3600332,4
126.33906,122.88794,76.087425,137.01685,75.229774,105.238754,199.71138,78081.63,22.963236,1.0699414,98.28693,6.092091,704.82056,3.2831733,5.086934,1.357853,4
74.42424,185.04283,798.06866,227.65019,261.65836,79.21173,54.110657,1470.774,8.2844715,0.1673005,56.816067,75.742195,0.06346938,1968.4991,3.691348,1.349826,4
158.5874,173.26346,184.56158,198.4099,1455.5125,80.92527,53.251045,55712.97,29.670477,0.7444443,3769.4443,24.619415,6079.4004,3.8606782,29.054403,1.3668422,4
62.86218,86.60921,35.210583,205.83209,140.12688,73.75882,60.34325,508.15613,264.67822,0.30368134,17371.418,32.09664,5550.875,15627.907,1.4336207,1.3643839,4
82.75378,66.975296,75.976166,207.67905,227.99803,71.48099,71.02394,167.39352,8.676367,1.0185126,165.99873,9.42602,1.1424327,2138.8518,1.9033587,1.352121,4
127.360985,104.00344,1.5683941,157.2522,85.65718,101.86919,66.53941,83426.14,47.39103,2.5219052,858.85266,10.55448,0.11685135,2426.001,3.2312803,1.3651683,4
418.13385,249.03818,130.38744,118.10171,188.63026,68.96018,136.7289,123.88676,12.394716,0.5466497,33.54767,71.3869,1034.8676,39.150124,51.05187,1.3517364,4
212.39154,256.74887,797.69995,251.01547,133.63602,90.99351,90.86043,83396.87,282.18207,3.1592898,593.0559,10.526907,0.0582677,46.06786,10.732349,1.3572383,4
635.4306,75.89234,20.740656,559.4364,146.05057,68.35692,121.78318,88.953285,101.20828,0.36419147,8661.851,4.666625,163.02573,5.3343573,29.691162,1.3542418,4
389.23932,100.34265,78.1416,220.90605,7.6033225,59.279373,61.24491,31227.66,315.93872,6.688792,207.18658,1.5982649,4.596353,8.487824,4.1407843,1.3661823,4
68.907455,194.6047,998.74695,456.71445,335.03296,60.98205,50.52236,44714.332,328.70605,1.8951552,2843.8394,2.211182,13808.757,4341.9927,2.2304127,1.362795,4
122.5598,142.12234,48.597713,254.84123,206.64626,98.388954,105.43164,113.02522,255.51382,2.3066275,1447.5259,67.613045,13819.23,3.2548604,16.75733,1.3546784,4
74.876015,288.27145,138.59848,284.54288,103.29038,95.8508,50.525482,72200.62,398.89514,0.15244235,8306.648,63.43949,58.891556,625.99524,6.8677607,1.3652945,4
218.32684,65.75313,176.7671,371.15717,250.18263,108.37656,52.35853,7283.3965,120.00573,1.1215489,11266.756,1.7372828,1.9935843,9.674846,9.489975,1.3511546,4
86.29778,67.739685,508.11026,204.85641,190.03647,60.913937,139.9371,5913.09,15.835446,0.22150452,315.56598,16.881021,364.267,56.935482,1.787218,1.3622298,4
137.36617,155.03879,2.4941635,216.21559,75.1138,69.31137,51.54863,141.52895,65.77175,0.26798823,22431.578,5.5546775,516.70514,3043.9514,1.6994178,1.3549598,4
73.79818,192.74704,50.292538,182.41554,78.70518,106.621284,52.520073,147.26003,318.1325,0.6750497,11611.324,4.2520046,15.727835,12932.043,0.78234446,1.3645216,4
298.8304,67.83257,213.38736,303.97784,1555.4465,70.81125,86.99992,47846.766,106.92124,0.50930333,49700.78,70.52139,0.3478053,19.147936,10.443603,1.3563159,4
92.82805,147.50497,33.085995,249.92058,59.876987,55.87069,63.500145,482.2052,18.486288,0.73530215,39.356895,63.115368,3250.1912,9928.744,1.8206975,1.3655238,4
91.53341,78.320946,301.15982,163.69048,37.414787,107.447525,105.26611,486.96246,13.642563,2.4619277,49.970024,2.7386162,510.8162,43.600548,5.2151456,1.3492973,4
62.72104,235.72551,210.57095,225.06308,1241.0895,68.07878,66.8424,93.70655,36.080215,0.10106925,818.82715,74.704384,0.11466597,10462.613,1.0717976,1.3614343,4
100.011406,92.33577,79.07488,170.14276,228.99947,56.875454,52.181206,3515.8848,10.624231,0.66763425,38.925266,17.528969,9.580656,13790.199,1.078182,1.3653164,4
79.107155,219.17969,537.1598,315.8786,254.0253,69.24146,50.78145,73752.71,181.99368,0.15114409,11984.693,8.799713,15804.266,870.4735,5.25863,1.3633759,4
122.12276,248.03333,104.41894,194.94556,349.05054,65.304214,52.84116,13670.575,67.31235,6.3293867,3317.6587,2.4628696,16062.934,3.1725142,48.137962,1.3511012,4
118.87173,260.5332,430.11578,172.1172,571.4662,80.64939,69.796326,16444.568,14.710536,0.7310075,162.56873,23.925392,11.531733,6378.0693,4.531484,1.3619432,4
225.25417,188.98468,67.65121,134.24776,195.9982,60.55979,76.22646,74289.21,35.716488,2.342576,5366.1777,68.18621,32.000122,172.00406,7.1271462,1.3489362,4
277.4774,200.07962,77.41115,292.10504,100.88445,107.47618,54.785446,175.71008,215.92442,0.44807482,17730.047,67.817314,745.4896,9.8016405,5.7347627,1.3487773,4
162.21315,119.38624,21.96371,213.22704,128.59488,79.94977,50.48212,50759.277,12.537002,1.04729,52.61582,17.868315,17.985455,908.90674,0.6085584,1.3500776,4
74.52317,69.85347,656.4022,149.47104,136.08653,62.860382,91.60828,15362.935,294.2259,3.456434,890.0294,1.532506,575.33215,807.9799,1.6611056,1.3506913,4
115.4354,68.18486,124.69526,124.85773,367.37747,107.47814,72.49959,40384.227,81.08442,2.2207618,6049.962,9.2030525,4.325476,5230.5547,4.2127132,1.350869,4
127.59145,72.998314,54.82621,402.83008,232.21584,55.805885,174.24315,66013.24,23.207573,0.88398963,88.41829,2.1309147,11395.979,7.1035333,5.9137774,1.3651123,4
120.33217,75.685936,473.3961,141.0202,1151.1979,67.5843,82.52991,10673.529,114.50065,0.9418217,9417.783,1.8313401,4383.9976,1996.6393,4.123166,1.3652844,4
74.170074,89.123474,214.0498,130.63206,98.97145,68.68936,74.54345,112.286865,14.150211,1.9988333,25.270664,2.7822256,0.08029077,3495.9985,1.0931362,1.365133,4
402.2384,87.1985,272.26712,133.08754,20.620893,63.14965,147.20892,95.14559,32.417477,0.10160634,244.68794,1.7005413,0.6740929,34.16373,55.006935,1.3605636,4
87.07208,84.722115,12.4471,351.2507,52.279892,106.97611,131.40996,280.69,14.097656,0.17012501,67.84383,71.19596,88.9131,42.81721,2.5776331,1.3630881,4
62.03007,86.098785,51.57248,252.90741,266.24765,63.871635,50.4934,56671.133,37.085094,0.48680067,416.41962,1.5227847,116.41589,8927.774,1.5951521,1.3503313,4
94.368546,148.0498,630.83325,152.40897,769.7107,104.791725,100.82069,8973.772,43.574963,0.51275474,1203.2092,66.63758,100.25662,21.14993,8.4761095,1.3652911,4
101.03673,125.98694,67.72608,255.12381,53.2901,111.60402,52.865257,41494.047,122.34388,4.1613235,11436.319,3.3255124,0.07180917,6564.3135,0.593377,1.3619756,4
97.19095,308.19086,60.334824,439.4289,248.53304,69.10842,54.76744,625.56995,13.804766,2.3793159,27.074415,8.161258,15278.113,5648.494,1.091529,1.363921,4
544.2577,140.58246,713.82227,219.99496,119.518166,55.676285,187.30704,64129.48,39.424393,2.2654903,431.80972,59.4175,9.810318,5.558135,94.64534,1.3512309,4
108.837524,199.14493,528.90686,318.59912,409.4313,55.914963,50.142036,91.02738,197.03712,0.31054902,14255.702,1.980818,0.08884813,847.64856,2.1850648,1.3641932,4
90.057465,101.48079,16.1406,151.22615,24.77163,66.19537,49.981728,72494.06,11.834139,0.13213389,44.256226,15.855958,7.397153,9370.958,0.36248648,1.3479512,4
109.53922,125.743935,791.306,203.47379,431.9887,69.794945,50.060844,3311.0098,38.75975,1.7300282,3341.7837,14.237048,0.7357709,8238.179,0.69086146,1.3598416,4
89.47901,195.5778,136.0726,296.02722,374.93335,64.5509,55.461113,48540.875,276.0476,1.1762115,9316.524,1.636889,4345.017,335.74948,5.9370627,1.3654773,4
97.666916,117.40837,7.0849724,172.52919,28.12931,108.17615,64.14383,24048.367,9.067471,0.8075206,86.284424,67.65615,15.956606,10533.674,2.3925204,1.3628823,4
77.79206,174.34479,480.45172,233.21338,667.11536,64.42035,81.45038,68254.34,55.241825,1.6795089,11730.293,1.7007194,0.3378839,407.87915,3.0133579,1.3624091,4
208.29062,102.407906,67.738045,157.83022,250.94278,89.65257,162.52553,204.36298,7.6281924,0.6394802,128.19069,16.27642,8524.415,3.158793,15.430875,1.3483207,4
130.49661,153.752,483.89264,290.3361,607.1713,55.641975,197.88002,372.92886,164.86325,0.48160487,14922.267,24.057007,1.3966056,3.2022665,5.5404663,1.3515259,4
98.42939,67.59734,3.8850324,166.8548,86.59605,61.072884,57.237247,18960.797,155.05605,0.80694413,25044.738,27.124527,4.7168207,14447.946,1.8096039,1.3600943,4
248.36972,67.74952,183.84854,125.754814,1636.156,109.06864,127.5247,77183.5,218.63148,0.3647391,24376.89,4.8288527,28.789848,85.03993,18.830133,1.3503563,4
98.98933,70.68179,205.09372,177.90405,493.4794,59.817974,60.001297,24230.031,26.973906,0.9580623,79.78423,82.234055,276.9959,10753.711,1.7351019,1.3542924,4
61.334583,211.37723,80.248314,171.3992,7.5688314,73.968506,49.735058,110.157166,321.1466,0.15060723,286.10822,5.368764,12158.368,10880.599,1.4129356,1.3597963,4
327.91513,102.00029,36.69955,151.19893,139.98126,67.570724,61.704124,59219.0,7.145435,0.5968565,159.3229,2.076777,5750.4185,24.578049,3.975024,1.3490735,4
212.57843,248.31123,290.30817,226.45834,1345.8862,67.17431,106.54224,14433.21,147.78772,1.4898877,13097.315,3.1941764,192.84666,340.67172,15.927963,1.348557,4
293.78152,139.86649,55.57015,213.2063,211.47661,58.20314,203.48453,123.40485,300.1001,0.1427681,2357.7302,3.0489788,3.650405,3.2175052,30.030678,1.3543338,4
120.19727,73.02482,483.25653,213.09213,126.000084,55.540188,51.03822,488.39438,117.37698,1.6928687,46578.047,70.34428,458.57864,705.96,4.4923296,1.3640896,4
597.1744,71.117035,11.689611,285.85272,40.34151,65.88519,115.13564,17204.1,327.44415,0.37291002,1913.0793,8.079197,37.405144,6.160039,23.650667,1.365807,4
62.485085,230.84515,534.0313,135.3061,471.6789,97.89815,51.609005,34453.22,234.42557,1.2967215,6509.5327,9.295557,0.63609886,14206.474,1.22773,1.3623439,4
348.5968,199.0087,1.2043025,218.70198,206.60626,62.35707,179.69339,136.30136,373.35382,1.351644,584.0674,48.852318,1.1928813,5.861162,38.820656,1.3503982,4
71.158035,71.23622,231.20572,112.9588,98.689545,105.08401,50.702583,34575.406,12.354506,0.54921436,43.023476,1.948197,0.09175807,2891.4485,2.7405677,1.3645493,4
192.94891,185.3815,742.24255,170.8035,381.29706,55.711296,50.977375,44510.492,289.474,5.824257,320.4236,67.787224,23.94186,13.175502,10.071971,1.3611543,4
76.05593,90.047134,561.8293,265.25513,175.919,68.81272,65.74447,65442.63,200.73334,1.966734,11017.869,16.203445,10402.881,10209.001,1.3753316,1.3643935,4
99.17029,67.5349,172.04655,198.28699,211.55159,55.65397,169.2596,810.29736,64.30665,1.7606807,2469.9192,34.410065,0.18632206,12.317325,2.9843671,1.3491744,4
171.81946,110.66446,170.19131,163.70406,18.487747,69.6145,124.141174,549.11127,45.264454,2.0617127,7802.3687,50.343548,0.18062405,60.644478,10.716211,1.3658526,4
117.122284,70.870964,14.728905,232.6016,55.33362,80.20292,86.32659,74139.73,8.470097,0.63360846,59.120544,4.081991,15654.685,1222.2736,3.9833987,1.3650455,4
142.03358,115.1871,784.2198,144.74197,489.56912,68.047005,65.60103,6937.375,240.50504,3.5976815,446.45062,72.96071,7290.833,81.419914,6.7182245,1.3665661,4
288.89243,296.54294,470.42783,292.12698,336.24088,96.25754,119.958015,5652.1646,25.245754,0.94224304,142.05275,4.17412,0.057629548,148.61955,29.666382,1.3655939,4
61.961792,69.0621,3.1434422,207.57101,31.790585,106.9373,62.84306,29102.898,133.12302,1.3059237,13254.646,29.746634,11358.705,15615.914,0.7307498,1.350206,4
601.1626,122.83632,192.35,119.57961,320.1699,67.73257,172.33873,104.02858,15.522881,0.24230437,259.92993,1.5970643,530.4788,3.246295,76.730865,1.3571529,4
145.28644,110.04137,181.33669,133.60925,23.866339,74.45467,133.7783,2419.7458,47.682877,2.7434998,9158.424,11.617151,0.08145326,69.56172,7.106486,1.3656476,4
93.81802,77.75882,640.99225,90.58711,255.62712,78.51074,56.675335,121.3787,52.66332,1.0160646,2276.9526,3.3391871,0.6148616,2161.8057,3.1798897,1.3624237,4
323.01068,235.3949,6.1953297,105.79375,20.460154,67.10562,52.159653,314.5031,254.25366,1.322363,8856.98,62.86912,5.9538636,26.060476,3.139843,1.3645594,4
134.72758,242.02377,351.5221,176.94173,1035.0198,57.10685,78.88012,1665.9338,28.316736,0.16871421,132.81697,2.8135767,0.6977064,1708.1416,5.651746,1.3595749,4
86.18825,68.00737,881.2984,104.41562,188.94754,56.18493,53.332092,439.45703,279.3326,1.2660946,14120.171,9.505056,183.0028,794.26825,4.625468,1.3515471,4
161.47656,223.26245,298.62445,121.58393,447.00912,102.90549,65.270515,23885.94,10.888313,2.926225,115.50555,68.56233,0.057698067,1868.4438,2.958931,1.3531547,4
110.59999,81.52385,88.75863,365.24628,191.14957,88.43402,61.5492,890.68567,7.743515,0.1021091,60.822426,50.107662,26.832026,8565.663,3.0428095,1.3545234,4
67.988754,75.3826,8.770498,181.80539,14.099262,77.39336,62.829575,3193.2573,16.531096,6.6213202,35.2987,13.757701,26.902115,6431.922,2.3148627,1.3649137,4
130.0875,128.97095,86.94711,226.5562,301.69064,97.04956,74.69724,64045.992,17.701704,1.032222,42.96214,2.2010953,7525.315,4190.023,5.690006,1.3633538,4
183.62427,170.07169,586.36255,176.02061,223.33742,68.53544,96.46051,36791.74,132.08568,0.17442942,17138.348,18.878279,0.27299947,14.133327,13.3679285,1.3578343,4
132.54115,213.02731,45.77106,360.94366,75.24843,67.657135,123.21239,9630.115,359.13995,0.14986265,430.15524,11.351502,68.18859,74.47299,5.002235,1.3487456,4
257.2907,67.51539,817.0434,102.66734,555.74634,69.01548,51.425583,1940.1046,87.98134,2.4035187,6609.4795,2.0626771,0.6052032,7.0378184,9.868946,1.3593509,4
84.782425,113.956635,491.32736,341.33514,444.24054,104.79516,90.59039,31370.014,319.73267,0.1504718,9843.431,62.46629,0.12501243,192.43254,5.083658,1.3521837,4
173.53613,66.97675,138.76859,345.25388,5.9497857,73.55824,69.428375,67275.08,87.44673,0.16547787,11613.928,51.332047,0.09541051,3.0984707,22.226376,1.3660915,4
98.266426,77.077194,7.517712,160.06517,21.776289,68.864204,52.039387,1136.5006,66.49817,0.1621233,30663.623,1.5213928,11.589558,5001.507,0.6603725,1.3505471,4
64.55922,257.3518,65.657486,244.69849,129.58607,107.79647,67.45051,49018.594,8.301002,0.3017494,63.232292,6.4395914,167.38068,8777.711,0.76812863,1.356324,4
128.80095,98.92955,253.50584,378.9221,398.7832,98.10506,62.370125,5387.9707,479.87286,0.2461236,602.5787,3.7835534,0.06392291,632.6487,3.7145836,1.3483404,4
686.94055,252.71957,24.597218,141.64555,73.32911,107.4285,162.87305,3713.7798,322.99152,0.17369701,6300.2705,12.09828,17017.348,4.166195,82.91731,1.3654995,4
88.49652,252.67143,168.80937,113.74918,211.60075,107.564354,55.010273,4041.1194,266.02805,0.21945034,7069.858,3.2646077,0.05898429,15015.09,0.9945032,1.3484595,4
115.28903,69.17307,1212.7551,90.55148,332.5558,63.162376,50.23695,1863.9885,201.06636,0.8006211,6524.277,6.4202843,8533.29,7924.256,1.2775348,1.3563148,4
333.8808,139.44429,284.7833,350.3564,296.81433,69.31496,52.541527,98.890015,125.11852,1.2224507,11530.234,6.705154,494.53073,20.747997,3.3979182,1.3662864,4
138.78198,67.88333,80.00147,133.6002,172.92136,101.45978,77.11667,1661.56,19.747532,0.109612726,52.64625,68.91476,0.23561695,2766.7363,6.1114197,1.3622314,4
538.17694,189.07793,30.116053,176.49876,69.92939,55.687233,177.01097,46163.94,7.612572,0.16809171,118.86619,2.1667864,2278.0413,4.3678737,75.23923,1.358959,4
147.7065,74.48897,53.2989,400.1128,249.89665,63.32483,186.70201,69705.84,69.54332,3.1694224,26169.074,29.072975,294.53055,6.869106,6.856877,1.3524683,4
248.97546,152.87527,674.9773,285.5197,859.9239,68.99218,143.36646,707.1919,7.061799,0.15574634,62.490475,2.389422,0.18696922,18.777035,20.499924,1.3648155,4
103.37829,133.97704,420.645,323.40228,280.3226,97.9481,93.15213,36699.54,22.628738,0.39591888,318.78784,37.063435,0.32162622,761.5243,3.1165118,1.350584,4
172.29361,171.6692,382.06183,395.24542,155.01103,56.439495,134.1022,20386.184,16.247253,0.18106742,141.98898,71.74961,29.80673,4.7612715,13.171153,1.3629341,4
169.3041,261.29477,344.13956,354.21088,144.51178,64.65526,64.842995,61609.133,15.978997,0.7085242,44.92683,64.037834,371.57373,1525.8342,2.7362816,1.3541951,4
610.63794,232.58957,97.52761,103.13276,6.8238077,63.87111,80.47379,58580.5,318.38736,0.11889698,205.53455,9.844137,426.10614,3.6266263,8.092069,1.3559551,4
367.89584,187.41843,68.765366,144.70598,19.906748,107.74429,50.532066,343.74036,260.30957,0.45603785,11078.152,73.838066,0.11197609,16.777782,1.8992281,1.3659043,4
275.94406,94.03326,394.32425,111.44858,290.31345,106.03785,54.19358,140.02779,26.070692,0.22699925,2225.7815,1.6417584,1375.6941,155.72519,1.0115575,1.3645579,4
553.85614,72.86425,567.62286,178.39343,495.8031,85.13045,68.717545,65468.285,268.27075,1.8235625,11406.624,72.202225,657.25854,8.856571,3.7794049,1.3589649,4
227.7035,70.887375,211.62021,101.145386,265.84805,81.07553,80.47644,2945.108,12.513655,1.1343614,51.925385,11.174936,6.875662,285.12802,7.495857,1.363702,4
127.47923,231.57584,21.81345,163.83157,59.03658,56.36072,157.67647,136.97678,21.609734,2.1746168,256.84302,70.45073,0.24888948,23.241371,5.2040167,1.3646783,4
97.33367,94.870544,44.08513,181.65422,72.93568,104.44538,106.535,356.57953,38.92416,0.0733955,765.1598,19.984016,144.10838,8.1047325,11.116991,1.3663299,4
114.0282,248.76077,40.972908,127.479904,47.52398,70.03286,109.453026,59857.44,32.412773,0.20066611,1944.7428,55.530968,464.76025,218.84692,4.1034403,1.3655857,4
436.28888,186.3648,384.11124,294.33163,433.62802,66.36878,192.25443,112.645744,253.40683,1.5132715,9225.853,6.0443745,23.279009,3.7025907,61.459248,1.3507504,4
98.80722,148.10434,75.0941,164.01056,169.42969,57.98192,200.37122,109.534004,216.24791,0.9612114,17372.678,29.034855,16938.766,3.8839045,2.6313343,1.3565137,4
248.33572,67.33496,455.91458,100.49557,563.5966,108.672,138.09296,36705.63,118.98948,0.26576847,7554.549,28.091019,0.06469259,59.132328,22.227638,1.3643298,4
75.40463,170.616,5.070096,130.6153,33.072693,91.7454,64.54415,131.1494,123.138725,1.2339629,24795.477,2.835207,2.1258605,893.5825,3.0410454,1.361362,4
178.33673,171.91325,556.33466,145.1792,638.55035,87.664276,106.25867,176.73804,191.27808,0.4739327,11445.627,2.4089353,0.3041873,4.2006054,16.84991,1.364774,4
425.8313,75.70883,8.693375,130.03369,226.84795,66.143555,50.58861,12527.395,15.612361,0.52805126,225.934,1.5188503,0.079309314,32.24603,0.8052445,1.3540945,4
126.56459,82.10077,573.1671,107.22591,172.53589,61.877724,94.16194,68084.86,183.27228,0.5817491,15705.815,17.91311,1.1698685,15.045563,13.207706,1.3572199,4
124.69418,70.905136,5.908802,191.6141,25.70693,84.15042,159.79184,593.26697,146.99141,0.79962456,13629.254,7.420068,12578.6,21.835762,4.747768,1.3486073,4
159.23172,140.7654,339.21408,143.14435,695.1068,89.99184,81.02479,24846.229,416.8689,1.3788319,183.37616,22.33496,11.573659,7.3878627,14.342234,1.3497756,4
630.1311,260.03595,355.14014,288.15686,497.26807,61.88468,84.941734,185.74658,53.2685,2.9189873,2466.6777,84.965996,89.574326,6.5770764,9.104623,1.3644333,4
103.23937,125.17458,220.77034,313.0599,8.571266,77.208534,71.28263,27944.844,9.529068,2.9195144,108.199524,1.9096134,160.607,5064.618,3.330515,1.3487298,4
140.93227,84.76451,537.73285,228.59732,110.18553,70.00218,57.639317,304.7808,19.307743,2.7905905,48.20001,14.142838,9.464979,3.4804392,32.648006,1.3576252,4
181.01978,92.18346,83.48665,130.3437,107.3582,57.10463,106.55588,468.1179,334.9522,0.17783615,3684.9624,7.519093,0.0722978,201.76352,10.66634,1.3494697,4
410.1702,111.25534,527.9652,234.542,117.451965,105.69195,117.367386,32353.521,11.105034,0.59655267,68.02057,6.159688,0.057652973,41.805565,28.856821,1.3628259,4
114.8808,79.178925,137.89691,264.79797,51.498154,71.37717,130.90991,65979.88,20.488558,1.1688643,70.51925,55.139046,13.0640135,6.584555,7.614513,1.3662153,4
118.26902,97.14259,73.497765,191.24818,96.1722,61.576046,52.329113,97.96324,7.398769,0.85642344,108.847115,3.2913895,2565.1182,6130.035,1.7526864,1.361124,4
72.233154,199.691,345.2088,127.61071,955.2428,101.944115,52.49211,12344.351,14.260243,2.7748709,69.04102,2.9531314,1048.8828,10016.105,1.4914758,1.3601966,4
173.32777,145.86584,186.95709,156.56,10.941484,65.23479,55.50092,113.99101,30.431713,0.19437566,334.15027,64.634,0.06532655,564.1658,3.2678995,1.3509328,4
78.42511,149.31284,22.106602,254.91847,86.96519,87.893555,50.869576,43457.95,10.894568,4.821059,144.48048,1.605972,2290.877,12964.026,0.411832,1.350634,4
106.926285,66.73079,305.77988,109.67789,460.10904,59.086155,68.571754,45204.03,394.09735,0.18815452,1335.9712,1.4958785,10.15081,3.0852468,39.454918,1.3477145,4
67.1384,75.20946,506.55844,98.28877,360.81683,80.02832,53.021957,34758.934,130.90312,3.0973818,32226.432,39.08451,15530.674,2211.7336,3.6499448,1.351425,4
322.24078,91.40673,369.82227,113.70044,444.35117,77.74921,154.87154,116.33026,11.436792,5.1912518,89.94087,1.7247097,10.747772,20.869104,35.06591,1.3653096,4
197.10863,113.77052,1.9989359,134.82385,196.44989,57.01341,140.6912,2226.9954,87.78998,3.5535402,14704.472,47.76103,10803.704,3.1838644,14.708866,1.3488185,4
101.363045,212.71892,477.479,232.91928,111.31825,56.104847,59.735466,2453.2788,443.0473,0.38007635,651.5429,34.036865,0.10534405,7100.708,1.3090242,1.357874,4
291.77774,71.61562,504.8278,111.84354,441.71512,82.00216,63.726135,6043.012,17.214659,0.20601556,284.64203,1.6159345,4.0758734,170.85052,3.074537,1.3598247,4
80.41806,198.02261,68.64428,142.98065,8.662037,105.47402,115.76349,156.02681,390.6376,0.38720167,252.93175,2.500245,0.792656,188.49783,1.7591976,1.3648973,4
333.0599,78.329796,891.6697,134.15814,426.42337,99.23556,177.57617,7500.2495,123.26232,0.9085715,10799.975,6.354546,890.63214,4.390423,34.726654,1.3629761,4
374.43536,284.67282,365.75012,242.49008,379.1457,55.970787,145.62592,52281.055,67.296196,0.2627364,4562.7217,77.908844,452.4423,3.927071,30.721064,1.3499695,4
61.781376,236.51767,1.9022504,125.72756,65.447495,84.50612,54.226116,694.0839,11.7319565,5.97754,173.99905,17.405529,0.07179535,13474.248,0.8572378,1.3603601,4
78.7708,161.63515,222.93407,158.36977,1229.5039,72.08022,76.28083,89.41742,27.296629,0.113194324,98.67072,7.7062073,1.4544685,183.62012,7.984564,1.366848,4
637.3615,70.34145,188.25032,128.84267,115.50621,56.26264,183.00667,90.98456,114.98384,0.2583848,8492.109,67.879456,0.058907285,5.383221,124.038284,1.3559046,4
88.53635,69.17699,33.586327,206.33221,8.71919,60.611214,62.943844,57652.426,18.906322,0.7151692,75.70854,5.760205,6149.5664,15592.385,2.2464576,1.3607521,4
202.8729,67.59041,8.326736,199.47217,15.983054,57.473656,126.70079,52883.773,338.58505,0.9095954,2382.6294,61.933037,41.012955,3.1478832,16.864954,1.348424,4
115.06035,158.15668,806.7595,176.90396,727.35486,109.666275,52.11791,41351.004,36.24484,0.20805895,341.6446,10.588369,0.37626177,5399.7783,1.7907336,1.365807,4
278.24594,67.69528,67.16362,157.11786,21.97198,98.100945,148.27493,153.55856,44.79158,0.37673968,9174.8,2.9401035,48.961918,29.382725,26.879765,1.3650022,4
191.49521,292.01407,753.7364,236.54305,517.59436,75.738464,194.52255,470.45233,50.980545,1.0474203,8648.461,2.7963789,11488.784,5.024258,12.146984,1.3485637,4
77.763885,230.89127,76.59806,156.65732,225.1915,84.09827,64.91333,65006.766,11.921551,2.0453923,54.07498,2.070316,0.21829416,12540.125,1.5127919,1.3571332,4
491.30438,162.50542,27.212894,151.83229,82.59693,56.903168,68.77967,198.13007,40.60954,0.7248019,283.41312,64.40204,4266.546,12.120803,4.4913197,1.3648909,4
264.78314,78.044525,685.646,134.22957,147.14682,55.93505,57.16742,34037.953,13.618466,1.1960721,26.339537,73.96783,12.875753,108.7659,3.063529,1.3594693,4
241.46031,161.07721,30.544022,158.6728,102.43937,57.481213,120.27606,42230.184,395.0973,0.3010617,181.52075,4.535432,1.4500456,24.114178,15.425391,1.365164,4
84.83492,131.55457,251.37311,126.61332,7.138957,55.94895,88.40908,130.58443,424.1585,0.09141725,239.28949,4.1474075,624.563,441.74173,2.108271,1.3640437,4
417.70697,78.405304,497.92285,177.18846,275.51245,66.832054,121.391945,52198.105,17.557962,4.1527367,123.35177,12.189141,10133.565,13.001556,26.652687,1.3553864,4
105.63672,111.05644,56.39539,105.5501,26.988129,66.65064,187.06386,33284.656,39.45476,0.17640314,378.33954,70.27671,15.288381,5.806886,3.335534,1.349757,4
92.69902,88.888885,120.86335,346.81732,11.686135,55.962666,59.696785,360.56708,146.3571,1.5702424,41693.58,3.0270212,58.11042,13550.748,1.9012002,1.3655479,4
381.69214,65.544014,49.937904,474.48178,100.249146,69.25463,57.39313,92.47731,12.323372,0.07083391,232.28891,2.172016,1.2596179,3.418541,6.9436502,1.3583655,4
470.59442,70.55899,140.86676,193.60257,306.63873,77.32154,147.08685,1199.5283,7.977057,0.20986938,88.43394,6.652979,14.517996,4.803406,41.486607,1.3613982,4
132.53407,182.19485,1.2342173,135.86517,159.45988,69.49147,58.398506,11456.079,369.58594,0.14207068,312.19864,4.0941706,7105.3154,4667.091,2.223833,1.3551958,4
322.08994,150.41693,142.8482,208.66989,147.50009,61.150097,50.413666,585.27014,226.84589,4.6026793,436.26782,4.7821965,1.889713,4.6643195,5.7320833,1.3485632,4
64.24966,65.915695,112.63057,135.34792,77.499214,58.185303,49.962914,235.11923,369.72678,1.3783736,296.99402,1.5425818,32.729633,9160.451,1.3982627,1.3501112,4
217.88416,78.00097,37.717484,156.323,8.164323,70.640686,55.717678,36197.906,159.76424,0.20621713,11894.619,41.573296,9854.976,292.28033,2.7647069,1.3527164,4
81.20714,205.77203,248.96558,337.0994,422.38248,70.32672,74.769684,150.51161,290.69876,1.4222554,1374.1943,15.384683,8175.7603,4072.6821,1.5067877,1.3485924,4
502.9884,103.59776,13.946128,246.68268,47.71296,65.10773,61.635067,40855.637,53.609295,0.15321577,8613.1875,41.47255,92.85633,4.1996794,3.8844175,1.3483303,4
303.70575,66.10645,821.03186,106.95398,421.11713,106.59819,100.37581,1286.842,343.50635,0.24116586,5317.234,74.37894,10.839154,4.9008284,16.926783,1.3581649,4
616.3776,106.74991,68.78626,196.7646,63.739006,69.1013,89.58905,104.97247,12.067007,2.383398,45.877464,64.98141,521.29974,3.9567626,10.658932,1.3489237,4
95.288734,94.42682,133.24261,148.6035,143.47891,105.713425,75.127525,1795.8435,29.654327,0.6003461,275.58484,1.7187784,1.5519434,180.23184,5.98095,1.3655922,4
95.12583,218.34702,110.703545,228.76018,70.05132,68.03061,50.133526,165.69505,14.410465,1.9364247,26.084166,4.148909,0.0614923,7.686896,60.090225,1.3559523,4
97.70517,202.3846,21.534275,195.83011,18.89835,64.34154,58.936295,73889.71,30.837671,2.979695,121.849594,18.974659,6.659596,7711.464,1.1704103,1.364686,4
126.2053,131.47609,1.3831829,137.47507,155.87944,108.18151,152.17279,234.84286,179.7489,0.33096462,25629.023,2.0250144,3.416808,3.89072,8.0706835,1.3656523,4
83.23628,66.790855,158.22127,278.41858,223.82114,68.71522,68.24539,148.8546,29.848515,5.4562893,117.937515,7.484711,0.13989653,152.23445,9.024954,1.3617162,4
218.75488,155.40976,565.87775,178.48354,139.2686,72.40702,107.69281,72816.33,9.317333,0.57422215,61.38561,4.081895,476.24945,64.25964,13.32826,1.3531277,4
614.1977,83.44847,67.24092,204.43947,105.32491,64.22931,56.828583,65182.266,423.57385,0.40712216,4720.1665,68.211784,33.513783,5.681961,2.000145,1.3563924,4
107.9626,67.72507,47.915695,137.54918,189.42493,56.461823,50.617783,1058.5428,77.17122,0.1296373,4560.1504,34.107353,3829.0469,10384.096,1.2230027,1.3511516,4
225.24844,188.06839,285.04807,189.6188,6.8572273,65.96497,62.067257,981.0931,488.22522,0.25279766,293.9667,70.34662,0.5458771,339.4937,3.4954653,1.3653052,4
74.94265,73.75889,4.1726313,329.25537,36.39786,55.868004,62.69212,15094.304,9.195351,2.827302,102.09168,28.026905,45.012405,15615.481,1.5532105,1.3634648,4
93.083374,95.24141,929.9113,253.16566,516.48474,58.407425,63.169872,10176.579,21.343643,0.47797978,61.602192,43.057644,14.931543,746.5055,4.3793516,1.3596969,4
113.32842,153.89014,236.02731,176.40527,142.77441,106.83276,51.790375,270.4087,10.851159,0.23372096,24.732021,25.297667,0.17393367,607.1339,2.5198355,1.3488317,4
199.76834,74.07586,251.92632,304.02658,15.565513,65.37112,115.67906,3977.5452,110.07292,0.13559526,7876.8354,73.6695,4576.3955,156.0999,12.790952,1.3571784,4
685.1102,91.06021,1.1846334,149.38725,181.50684,73.83043,59.31071,288.21573,351.06616,0.18706097,214.66399,1.5720276,15495.239,3.6559353,2.0724063,1.3648865,4
97.762794,102.44859,481.3693,199.46442,775.44885,69.0254,50.05881,110.98311,8.223337,0.11048155,76.58852,54.336277,140.48871,176.66753,9.328,1.3543679,4
106.85946,83.119354,65.43254,129.1191,185.76279,106.64145,70.125595,1248.1814,169.53464,0.102830134,20640.277,1.7889273,0.43443212,3.2190988,35.418255,1.3631186,4
591.90155,65.680084,36.997852,302.96695,152.65656,56.744736,188.49332,266.6422,13.826214,0.07475405,41.10534,19.1693,8035.775,6.4276567,119.739334,1.3502463,4
278.75974,303.52637,687.0858,258.58716,745.3473,78.33241,69.942444,971.0872,6.267767,0.2729597,133.15546,10.303965,9.040491,16.8358,6.2443233,1.364639,4
69.737305,238.0648,57.4656,136.37785,67.659065,86.4007,66.2374,89.0416,62.49562,3.4003003,18608.342,3.5954475,15.89223,6717.564,2.0597558,1.3536696,4
334.10745,72.93772,418.297,179.47803,567.21924,64.558624,54.697495,866.8235,319.3944,0.11362853,8796.509,58.049374,1.4213574,67.38079,1.4764934,1.3594089,4
69.6015,113.01707,261.5289,122.32041,1272.9257,110.25596,51.271343,71259.945,193.8883,8.7812805,1459.9272,53.56891,16627.113,1709.186,4.2706456,1.3496858,4
74.33219,244.0019,568.9951,385.77377,135.40384,57.178154,66.80178,92.061966,41.751762,0.11815931,385.74243,35.038696,0.72765255,454.79456,7.337179,1.3668587,4
174.5105,81.9984,170.38472,235.39975,314.56525,64.03312,63.71191,80854.805,229.03215,3.3047094,3836.67,2.6578202,4025.307,3.3487988,23.811348,1.3512818,4
83.07188,251.07327,709.8298,177.49783,286.83786,73.57023,50.491806,4207.9756,28.97427,0.5868247,196.13284,60.801437,14427.622,92.34342,18.43634,1.3542635,4
161.15466,231.54834,367.72156,119.2244,1319.0083,108.63398,187.49426,1249.1301,13.91444,1.3639108,94.56534,4.7499104,0.39150947,3.2203705,9.232951,1.3593217,4
283.8788,193.72064,19.366705,190.16302,124.17304,104.31544,137.92181,102.536385,265.89795,1.4741216,11860.916,1.5383949,407.59808,59.32958,29.097355,1.3488425,4
152.12817,122.83555,2.3787942,146.45917,31.887613,64.497536,194.11928,8428.29,22.961899,7.568952,66.58516,42.92635,0.42751125,3.2532086,8.100319,1.3593982,4
504.48782,100.38881,85.95997,367.96112,103.34177,55.99997,116.74338,98.78166,138.69977,0.18458128,12228.68,5.4295907,19.449364,13.894001,23.973057,1.3486539,4
721.1222,166.1207,2.3724742,193.58736,101.89249,65.17585,84.34302,114.53188,114.54119,0.23470682,9158.712,1.565218,0.112299934,3.5054402,8.707432,1.363347,4
146.78345,241.80173,133.68239,109.633194,179.44241,69.53653,161.08052,12795.932,62.719093,0.20313416,2185.2058,1.9107686,23.426247,7.5561314,8.274283,1.3646386,4
70.141464,70.45005,214.28044,103.441315,381.4402,57.65562,55.069756,460.35052,11.543974,1.0604082,40.224686,30.794207,6.3222504,15491.249,0.66296303,1.3650162,4
146.64801,121.16513,45.25347,160.74576,293.23987,63.413563,81.19373,129.40514,116.637924,0.3428905,18457.186,11.207743,15599.718,62.98569,8.992886,1.3537184,4
97.86448,77.58119,16.471283,228.11523,11.926447,68.953445,144.55884,75375.82,434.54462,0.16483104,1786.8969,8.149111,397.2755,44.27807,2.6272361,1.3512418,4
253.76994,210.14664,673.9264,203.02228,444.44208,55.638355,194.98685,19023.016,159.20987,1.3348572,22636.299,21.000443,0.35672277,4.892747,22.016024,1.3612708,4
75.988686,77.60293,485.0995,134.53795,442.19647,76.24053,62.127674,10566.698,357.382,0.38795403,4516.221,63.867645,0.27308738,13786.373,1.1681547,1.3654618,4
607.80853,84.02327,487.6335,86.92862,222.20276,75.80399,50.32849,103.73057,29.366951,0.12117936,2102.67,16.5408,16258.491,4.695176,1.0628291,1.3647797,4
260.73032,165.15392,377.80432,276.3896,119.66164,60.724865,106.285934,37202.195,128.91086,1.0868483,12348.319,42.78273,0.08129278,166.1882,17.748446,1.3647547,4
99.74338,84.1134,435.41235,188.28192,136.76962,61.950294,51.53439,4592.3,8.211879,0.3855748,73.2765,8.255964,504.80225,3.0359843,77.503296,1.3485607,4
100.817,67.43784,3.313193,160.67798,26.377485,59.147182,60.795574,842.5558,10.418358,2.953985,74.57909,21.776186,15812.302,15145.8,2.753401,1.3547385,4
85.79029,116.00359,798.2832,197.46678,181.21753,68.60401,54.7395,872.9154,17.820824,5.0759335,25.948841,1.5418711,319.9147,3253.7217,1.6422031,1.3582981,4
175.55057,118.227455,448.56897,210.97528,1062.1974,56.29479,56.32124,287.42838,44.75127,1.6171869,351.2448,4.842829,705.51416,1089.267,1.5261968,1.3486125,4
162.02554,93.53699,91.701935,248.0123,6.448762,61.33503,77.529236,25898.1,356.919,0.3079956,2896.0615,11.478452,13.85751,492.8154,6.3549013,1.3580436,4
73.28351,257.31165,99.91959,296.86688,287.73773,81.23819,57.486343,57849.434,30.676573,0.19842407,121.04106,3.3167899,0.35661876,4228.7427,1.515538,1.3660264,4
64.01275,77.56917,158.70853,224.78082,226.44131,110.723946,61.613594,102.31549,184.406,4.43688,26547.45,5.6867485,0.29911026,10362.241,1.8403708,1.3574224,4
106.06255,77.56976,322.2439,143.55699,377.56763,65.87445,51.03285,2671.0894,355.13876,0.12574261,8428.957,2.2661312,0.37049738,230.89413,5.8897605,1.3660741,4
215.85606,163.61235,458.4901,170.46974,985.346,57.43937,66.49598,628.4153,13.431338,0.25910285,59.591846,1.5346737,1519.4929,271.7239,4.879649,1.3650587,4
240.18741,162.36864,23.18602,253.24057,38.52346,55.845936,150.0323,84.086784,56.295826,2.8996334,19782.412,23.156042,16515.613,3.478276,18.425304,1.3661883,4
93.14247,198.7766,408.85632,556.24725,270.7371,70.32965,115.62521,13539.767,200.5964,0.30596963,16053.698,20.864433,716.8366,58.992706,4.1350374,1.3650036,4
78.2594,67.19288,730.2313,89.87481,251.68378,69.13139,50.10468,102.47173,204.20312,0.37350106,17735.916,2.2985976,0.11947015,161.0877,16.558918,1.3541043,4
270.71194,180.19952,319.21326,133.45535,333.10242,88.32956,91.3622,178.37616,40.407486,0.17263702,9561.82,74.08907,2882.188,219.45567,10.489928,1.3554119,4
474.4829,101.43076,514.1245,135.43343,427.0581,68.34217,147.1079,16302.962,92.1163,0.14907885,6459.2246,72.43604,778.1686,22.367935,60.766205,1.3554591,4
652.96924,212.17014,178.0592,161.34583,15.735741,70.789856,120.61043,67045.33,311.14484,0.45676467,535.5525,74.73887,0.21010937,3.8687656,29.67106,1.3610523,4
504.05896,80.833405,460.45923,145.184,144.94699,70.83019,176.04079,101.85555,76.80874,4.250865,35367.523,64.89689,4844.254,6.9618583,79.26511,1.3585366,4
96.741425,80.39567,767.3784,88.62652,194.33209,107.51581,51.556023,1999.3875,15.1151085,1.8843008,47.708393,60.670616,13376.793,7600.9717,0.47097325,1.3491898,4
308.7389,71.952095,5.4723864,133.65073,171.07831,56.550392,59.325436,151.1443,9.852158,1.0628096,103.428024,5.2527623,97.10606,86.69305,1.7772408,1.3656892,4
181.45035,118.18494,742.41125,251.90666,657.7135,89.62396,143.19983,106.028046,270.85736,0.11167595,16119.671,61.57802,1776.8389,46.21592,11.35213,1.3486587,4
618.14764,66.20714,29.412134,211.73735,22.330854,60.940334,161.29669,790.9695,334.25208,0.14435408,7224.0073,51.508453,200.8366,6.450309,80.63191,1.3647914,4
395.19006,235.94392,84.68562,131.44519,10.452314,58.587494,96.9866,81459.516,264.88455,1.5161719,6504.1333,2.4605043,0.7380484,48.95388,14.958379,1.3488988,4
188.6933,226.51074,111.688675,142.10883,42.32802,59.665276,50.542324,5011.244,45.435474,2.660234,762.29114,4.3070097,23.140614,263.0451,1.2272546,1.3562776,4
92.51691,77.632355,86.63561,117.709015,292.2349,107.401665,67.15315,140.30444,67.87089,2.483487,9696.095,21.023422,0.07325763,36.689377,15.174907,1.3488816,4
117.45479,79.682335,488.89682,108.3118,1039.1316,102.59174,50.30719,281.56107,340.6082,0.14695205,2384.601,2.2068996,3.714312,2904.9272,0.51294184,1.3538352,4
134.11232,278.0701,61.75276,130.63539,274.90173,68.29107,61.17894,873.12915,66.89428,0.06949371,1971.4973,1.5078762,1.9892626,63.876587,9.354714,1.3515639,4
138.45644,69.42734,28.552286,209.50386,28.109413,59.096123,80.303116,10925.428,385.55032,0.3635986,344.66364,65.4964,6.466571,13.229694,14.368223,1.3662212,4
83.78291,106.744774,89.31354,158.5429,184.10318,69.44749,77.12047,150.2188,42.679653,0.25244924,2354.1843,1.6064198,514.454,89.78909,7.7077646,1.349181,4
112.62819,138.83379,500.47995,250.50058,630.2828,56.55536,71.41984,623.12805,324.07074,0.24473983,1693.563,1.7631919,4.5848675,4890.4824,3.340601,1.3612615,4
102.5712,98.29421,11.01145,164.50685,29.858372,68.51787,77.4435,93.883194,43.33175,0.94412374,800.6188,2.2405305,45.50779,3203.1978,2.923342,1.3634131,4
107.111404,66.97293,10.612183,223.47342,37.06702,106.93987,69.44369,6490.877,46.87055,0.6188639,7102.388,2.001767,0.75227,4524.573,2.5674708,1.3518039,4
193.79892,194.41238,173.07816,213.00435,14.954083,85.89568,58.252987,292.92953,5.9752474,0.1227605,68.82447,13.679069,0.24082515,140.31543,5.344536,1.3567007,4
68.81355,272.09152,35.847744,152.73204,43.861343,70.66703,61.85836,67978.71,265.2799,0.70661366,4065.5325,18.5625,17038.346,6420.9434,0.96529055,1.3570118,4
177.36732,158.63597,14.143307,328.18484,41.233917,66.994194,192.23784,604.2093,188.0664,0.11369932,20066.494,1.5250843,11313.446,5.4294987,10.263497,1.3655156,4
215.39052,87.27356,395.0053,117.96912,236.89296,81.90561,59.888138,980.2973,9.346033,0.32650334,114.13015,62.979527,942.54376,193.30261,2.034926,1.3632836,4
488.90314,144.03084,10.628181,249.5239,33.659985,57.631714,54.142204,33130.96,11.460278,7.260448,159.50694,40.64079,1382.2329,15.852892,1.2090375,1.3571553,4
234.19992,79.7319,284.92383,197.43433,616.2084,71.1114,50.63083,1223.9365,150.3581,0.6286732,41474.86,32.05904,42.5637,428.77753,0.87385994,1.3619972,4
98.39644,193.25787,150.7037,135.59564,31.034267,78.74308,76.87284,19062.117,285.03033,0.19607738,1579.4105,74.58835,5575.2046,6.580419,27.036957,1.3492291,4
292.5526,85.83426,242.71275,161.3727,186.72699,60.847015,138.02042,12221.999,9.938651,0.11542086,24.005604,49.0674,3493.9814,14.028201,21.06336,1.3499231,4
89.525444,169.11678,616.37585,414.5853,104.146385,70.39617,135.93254,2510.9976,101.292435,1.8348833,12135.499,78.91803,18.0039,62.031902,1.9100158,1.3586949,4
463.37027,93.50188,115.19868,194.16357,78.053345,55.78514,137.945,97.72348,213.76932,0.13524202,27007.63,2.234399,2530.6367,3.5907156,33.99252,1.3587489,4
66.62459,93.960144,819.8947,194.78603,262.48126,64.679436,51.899887,4899.2183,402.58118,0.14651744,678.72833,11.432011,88.376724,16035.6875,1.1043812,1.3636972,4
166.44247,93.207634,3.8076615,243.31,31.19432,64.89149,109.61937,4743.131,21.744713,2.5839798,43.586365,1.6313696,15780.047,301.21976,8.98851,1.3485156,4
76.6417,80.50481,449.3508,151.46231,522.51105,77.24356,97.3726,4514.705,234.82341,7.45676,180.39594,45.742123,13045.516,582.6833,1.6099701,1.3655756,4
99.794556,81.576126,1258.5931,112.17764,293.94952,66.77211,70.23791,52007.69,92.718414,0.5070767,7497.5386,44.182796,0.06716545,3.9027934,37.11137,1.3521327,4
119.42614,231.72672,115.92796,388.72235,80.40172,107.4212,50.695164,78310.35,41.843727,0.9369885,2549.5085,4.086972,5117.15,5424.6924,1.5025095,1.359935,4
597.54297,86.69723,50.347305,208.4142,8.667419,70.3204,202.52362,54284.47,122.6468,0.34714156,30752.889,8.994618,0.27798453,3.203055,121.25977,1.3581924,4
80.907455,69.18063,379.39322,134.65169,148.96997,107.8521,111.60778,1967.0159,64.11079,0.14772403,1812.1189,37.829514,1.1904619,265.9933,1.5704792,1.3653786,4
65.571846,234.78326,528.5916,403.66705,152.53146,71.22317,71.37841,912.2411,258.35492,0.27305812,19521.092,2.7819176,1.262193,5361.3228,0.6445354,1.3629413,4
144.2264,67.746864,57.16334,157.83998,184.86461,62.720097,58.974545,267.25204,14.83795,0.49118495,69.11565,33.594395,2168.0913,80.03558,7.321451,1.3656659,4
109.45408,199.67722,163.56291,109.513504,123.586685,64.94115,177.34555,1008.6051,17.43138,0.42708683,52.39182,6.95941,472.06198,5.932343,3.884613,1.362765,4
165.13141,251.83998,258.2753,102.30318,1531.7983,91.46117,103.44326,105.892334,10.701835,0.10496093,33.026638,4.6394525,0.081801824,436.38504,8.609803,1.3521197,4
95.177505,142.82687,28.19193,165.85187,10.3147335,102.28968,103.07884,78318.49,16.20051,1.4227536,34.572826,3.7215545,0.07724332,442.50134,2.5931363,1.3619688,4
114.708305,258.66565,348.14517,195.6799,260.70947,62.095264,53.58779,65071.832,16.539019,0.10940247,57.22786,11.442335,0.22313902,6165.024,1.9366404,1.3498192,4
97.27489,102.35092,240.15509,146.88187,5.113945,56.23403,77.97283,269.63278,176.3097,3.2937796,6019.782,68.341705,33.966747,62.972603,8.823048,1.3554451,4
118.49507,238.69397,5.7447343,155.49854,36.923447,82.9935,68.29464,403.50327,456.1689,0.38796276,192.74695,22.107742,2.8286955,7016.03,4.1516256,1.3560591,4
106.470825,222.5325,140.81929,113.79844,7.0195208,69.69981,70.629074,2396.933,8.118347,0.6256275,79.996376,33.857918,95.38001,6695.303,3.6027052,1.3651954,4
94.06498,202.16496,786.7741,223.09868,115.75553,67.5067,62.053787,23445.111,29.608582,1.5690418,128.25464,2.2004867,0.75625455,20.110476,23.160753,1.3639557,4
418.84756,82.11135,48.801533,139.4096,109.55462,58.692833,73.99307,60076.42,166.51106,5.4264174,18982.475,13.091264,4.867969,4.2755733,8.574548,1.350549,4
161.626,112.07175,66.342606,289.65356,359.01547,66.672165,66.75269,3959.7332,25.17368,0.09172217,1505.6129,72.83372,1330.8618,3.5132096,24.254116,1.3639752,4
360.8981,95.878235,162.61249,146.7194,157.17938,108.44944,155.01222,108.06605,117.39984,0.31056345,9179.587,13.710221,6.05388,25.406523,42.6109,1.3513799,4
250.93304,190.36969,131.64644,139.93697,31.490778,89.26678,108.55737,1428.455,22.931461,0.957331,604.1493,83.97832,0.46940982,314.7579,22.212585,1.3634915,4
106.74652,187.59863,55.655293,135.69841,81.71603,82.192116,65.93624,57454.168,22.496115,2.2521424,53.60893,1.8576925,2.52122,3628.5264,3.1100461,1.3661138,4
456.50388,73.620705,99.01169,176.2976,225.4492,87.52757,156.01414,96.575134,6.7421007,0.34546718,86.04501,13.579018,1191.9348,15.073157,55.457237,1.34888,4
268.2777,186.53195,57.828472,136.71832,45.227364,88.35695,105.29901,2059.3496,46.060814,1.3027071,5945.332,2.9876077,2051.5,180.21231,15.370723,1.3550379,4
86.057175,128.6881,833.07324,212.8075,501.0647,104.635666,51.173817,20679.605,166.24721,1.6613221,9337.884,14.167136,3.5607862,14966.765,0.59411526,1.35794,4
139.95625,77.29787,314.25964,166.16086,406.16992,69.97144,50.00642,70728.12,61.512135,0.42752808,1713.5806,2.1374514,0.30998707,1397.2853,2.5404487,1.3571208,4
332.95956,89.14169,618.33813,153.44003,146.51465,68.87193,158.78577,97.465096,16.540352,0.15946093,335.60675,16.07569,243.94,13.065398,35.12698,1.3536707,4
69.13173,99.95781,71.85692,266.0856,221.54779,105.80964,50.031647,3124.1643,231.61166,1.1096127,11371.625,31.547928,4481.371,1882.4009,4.7139425,1.3610406,4
223.04333,211.41156,52.40008,151.23247,295.71777,67.36413,80.88106,104.01676,289.2046,0.47758615,258.63556,2.9427328,16615.89,27.414776,10.784065,1.3629413,4
99.10559,94.40275,71.85167,117.24108,11.278016,95.95633,55.361668,525.2695,241.88487,2.9271293,689.8751,10.08036,0.4813433,12977.895,1.8644272,1.364902,4
80.50966,170.41357,50.236732,265.9966,203.81123,105.88835,63.537926,454.5273,7.954123,0.07670388,48.682533,5.6122785,0.05679337,14943.102,1.9507669,1.3552728,4
150.34741,69.811516,491.39053,115.57845,639.4015,82.11131,165.18665,242.78133,161.12984,4.57069,13488.096,14.828879,439.46774,3.4585695,9.113432,1.3533574,4
114.51805,69.945595,386.03925,173.88011,1262.5883,70.223366,186.21315,106.284805,245.78352,4.206573,10485.81,2.3236895,2265.9963,3.3605795,4.8703156,1.3655809,4
433.05246,262.61725,257.48376,162.01645,464.2575,98.15421,83.36061,30871.518,29.871845,2.9186444,138.02838,10.20532,11.996407,34.938744,7.627065,1.3649228,4
331.3134,276.69583,75.69515,151.91211,96.46655,89.735,54.815964,126.213974,128.65533,3.1903443,21123.787,8.617624,16261.329,23.800932,2.6721687,1.3502762,4
596.3953,94.7856,13.094396,234.12401,69.85147,67.62499,80.20234,1992.0837,11.382616,2.5786097,30.314987,16.918514,8508.803,3.1968281,8.741864,1.3653474,4
297.7119,125.299484,39.40275,202.52876,200.38898,63.500175,105.93368,45301.305,207.22113,4.999092,9505.472,6.7435627,0.58269536,89.240135,16.946222,1.3615999,4
63.817898,206.42409,33.979733,148.2841,59.282104,62.632164,49.917225,497.7423,251.06438,0.1718368,11465.556,46.241364,114.12845,11703.752,1.0587054,1.3593897,4
113.73742,65.84984,13.417403,131.27232,68.85168,90.91559,50.189137,59395.188,197.43858,3.82127,2105.0989,6.7337856,23.820454,8318.858,1.0076833,1.3582989,4
117.8246,115.696754,701.58716,160.29858,184.81152,101.91707,171.59874,3476.782,26.051258,1.6525412,104.703285,6.4775786,0.20004319,10.991421,4.1227684,1.3550346,4
91.750305,226.99368,5.2636013,166.65787,208.32664,105.54594,49.857887,68366.13,294.22687,1.4973639,1983.1721,2.1522758,3651.4087,14708.581,1.4928215,1.3596723,4
431.7734,186.31227,527.3368,238.08292,590.05884,93.15154,50.723,122.2668,66.49096,0.12026524,18412.738,31.624702,334.35858,3.4770563,4.2291794,1.355022,4
268.75333,211.67447,125.01693,117.35587,6.820518,80.16854,187.37897,7158.824,161.75478,3.1918406,13657.166,7.7087965,27.28699,4.2807875,24.445002,1.349365,4
332.9282,92.04063,189.05771,124.69843,358.0566,85.582214,100.19562,128.3076,65.58775,0.21956374,8519.5625,49.87808,53.478615,74.82711,16.886902,1.3574705,4
145.87663,269.1467,20.475307,181.93297,44.33114,68.22218,53.640602,4339.5,117.51547,0.3502529,42096.883,1.522665,389.48892,3.104327,34.675793,1.3547549,4
75.368904,198.66689,69.93845,122.63695,210.10507,58.002792,64.00922,202.68265,18.336079,3.091782,105.63916,3.9782686,0.1303946,9111.002,0.90200895,1.3653203,4
283.40717,69.36886,154.45847,308.85028,243.72845,82.90271,67.74798,3058.8557,168.6217,0.1201848,40512.49,1.4934899,69.65816,4.370042,10.327727,1.3514636,4
192.58978,79.843765,67.29779,283.99063,46.829536,80.96837,84.00596,5770.0273,120.559006,2.0956395,14472.122,53.44108,2332.4456,922.1315,8.50106,1.362638,4
62.38871,85.9591,82.178314,132.36864,144.107,55.634953,53.787724,267.6221,163.6253,3.300059,17614.846,3.1663806,7.260123,12843.358,1.0196557,1.34858,4
64.92134,115.20766,91.674225,104.38637,112.17084,57.331795,50.404938,641.812,9.641078,1.5546651,135.9328,1.4512608,3.7530365,12682.064,1.0150845,1.3511285,4
102.79704,67.993225,79.34514,119.52035,292.71994,89.25218,59.24354,18577.38,9.95295,0.87747127,175.63562,70.90562,15432.278,13580.311,2.320624,1.355034,4
89.04886,196.24399,195.97348,130.8181,1630.5441,65.938354,107.856094,1272.2157,40.68573,0.5433189,454.97913,73.55618,1108.0823,188.793,2.8060117,1.3614016,4
365.56915,167.75613,226.0443,129.18799,6.3402214,69.56701,124.25508,207.2525,11.715172,1.1350859,60.279076,4.7765,9510.25,40.798405,25.906149,1.3650979,4
61.341896,73.26194,251.67197,399.53616,425.25183,66.189415,57.676434,4385.336,65.14872,0.081364825,6057.5376,1.8505007,10059.455,12002.218,1.8829235,1.3489795,4
61.857758,81.70546,123.29356,194.86679,110.808525,59.658104,62.76724,136.36554,80.261444,2.0287476,7648.5483,13.580859,5395.304,15563.814,1.1972811,1.3585622,4
473.40378,180.07584,354.2207,289.95486,127.90732,91.70557,170.56723,33953.43,22.445488,0.73184645,588.1623,3.0044959,318.72745,13.407013,80.428,1.3520582,4
68.2997,223.20001,166.37549,227.6129,96.75466,101.39917,51.338573,5627.639,15.743116,2.3087883,63.021183,38.362316,2.2746797,5975.8965,1.86204,1.3666961,4
122.23095,164.89719,378.8056,197.10135,377.91943,57.646614,113.27397,58330.855,134.29575,1.2259141,36756.74,4.703744,1204.2408,3.1212595,14.73987,1.3611804,4
105.21455,68.18717,605.73236,194.8681,144.2372,69.7996,92.2051,568.3937,333.88397,0.11855551,1346.5491,58.110252,0.1407453,677.0221,3.8618007,1.3582373,4
376.15845,67.13769,477.55066,155.36533,1057.7515,67.48116,74.06727,279.6801,92.93759,0.0716648,3518.7974,3.535166,6.4655776,31.870344,6.03973,1.3541354,4
283.82025,73.16777,21.397219,129.61124,59.2046,78.99912,154.22403,93.48332,264.68634,0.3337157,2978.8794,17.451197,103.107086,3.2033136,23.175838,1.355305,4
568.6172,100.31033,4.26889,197.07727,133.9215,68.920296,123.97486,190.40327,39.763664,5.055585,6168.2354,3.600306,0.15966332,8.808639,33.41129,1.3649518,4
108.98207,156.52304,745.86346,357.3567,485.5953,64.67853,104.00694,48771.64,28.598677,0.24771205,592.6603,37.915325,108.493805,3.7780194,15.155401,1.3489308,4
87.81039,88.2556,49.219532,255.9233,41.208702,74.42057,64.27044,24525.41,50.020687,0.08262474,798.74335,1.8404998,0.22300278,4365.2656,1.7162309,1.3549296,4
126.73136,167.08595,490.85175,386.7146,560.6004,64.46584,66.37013,7927.6353,33.38852,3.5609908,228.72173,64.54278,48.082344,4.1874905,31.19763,1.3538246,4
99.278725,72.92644,252.3134,182.77422,942.3238,59.602566,58.912918,24007.371,336.35458,2.7503202,3528.6968,1.7213123,48.173893,7138.669,2.4361005,1.3661323,4
148.06836,229.9926,14.511404,120.85916,17.470642,88.1644,52.548332,57379.316,32.095932,3.0193245,103.636024,2.0381958,1.7708112,2380.1973,1.6407166,1.3574451,4
307.325,109.724014,289.68362,174.81456,172.09871,68.71525,56.69027,1840.6222,40.95862,0.30166516,7653.226,2.5159988,0.38679087,3.3683434,9.840453,1.3641102,4
110.87428,104.22955,6.464282,168.26498,17.964775,66.419945,67.91977,119.47812,224.66092,1.1991699,5211.0137,6.5715866,11375.5625,7845.1797,3.6435862,1.355011,4
62.539566,259.85803,224.1346,274.74796,1055.0444,66.633194,51.88952,55045.816,254.55775,1.099989,5554.5723,2.6144576,665.07477,12040.96,1.0140002,1.3484902,4
137.45651,231.99998,189.22772,168.69386,15.063074,66.79454,126.2616,150.25406,7.212797,0.10575801,50.76001,49.898838,349.76834,108.96335,6.2155266,1.3654541,4
114.70742,234.71414,251.9022,144.94783,1232.0955,67.3986,138.69057,222.16977,71.87915,1.125096,2424.0276,5.6339593,12.6676235,18.662289,5.4755206,1.3605806,4
211.91656,241.0567,6.919753,141.61304,40.422028,65.2819,204.60362,14817.335,203.70558,1.78578,15199.616,17.321672,14461.994,3.2888799,15.331746,1.3538449,4
318.20557,194.93378,580.08344,170.09633,126.59956,59.196045,61.553165,151.30014,198.22571,0.13709098,24228.621,8.387611,14462.822,3.1377969,9.221442,1.3588492,4
180.82886,111.74554,149.0171,158.69246,5.5826187,55.684666,52.132576,145.57677,151.07089,0.25466338,52146.855,3.20555,314.82355,147.31122,2.694379,1.3479474,4
145.62018,68.14387,10.574812,164.72458,137.06767,68.72124,108.37045,36667.14,121.57201,4.116747,27899.387,3.0142555,3.123761,294.6897,6.1662817,1.3568499,4
71.592804,67.97757,250.25414,97.51939,443.7436,79.636024,57.54262,227.8977,32.672626,0.24864541,265.27673,33.71874,5.1189113,15583.821,0.9882426,1.3519634,4
364.93817,68.058,74.14502,112.276764,181.16132,57.259884,102.0444,9025.704,177.14955,0.1877099,18201.145,29.65272,19.996353,3.4342153,17.865953,1.3641695,4
314.2162,94.71893,423.57892,115.89424,780.1443,106.042694,54.959736,5645.37,20.036287,0.3996276,149.75493,24.13808,4190.8906,3.313877,9.446039,1.3532045,4
657.90265,76.45157,526.4351,107.539406,506.41592,60.703384,58.933777,86.40825,16.600672,1.3669065,79.77545,11.403766,0.26272434,4.8092318,2.0146387,1.3602058,4
195.72221,153.97864,46.49135,141.24562,81.46555,108.255936,127.09202,1437.0933,274.23117,2.954314,1910.923,60.63572,58.744373,13.051998,13.059699,1.3642911,4
335.3892,117.15237,140.55498,185.68231,1206.6669,70.10952,66.47983,156.51508,70.55462,0.54598784,26209.04,26.67405,5723.2114,3.1546164,10.772703,1.3661007,4
85.616196,101.3523,151.86021,128.68463,7.3707337,92.959816,63.772232,105.11158,20.817423,0.07034625,61.897755,69.86928,722.8521,11353.646,1.6770196,1.3620088,4
88.57119,194.86484,26.167236,100.21839,9.200576,68.19288,57.019993,120.82517,71.86609,2.790618,4576.985,85.47287,29.078705,2394.9753,2.2806554,1.3509934,4
79.87585,76.02261,24.036554,202.0379,9.654923,66.02948,52.51645,8350.681,243.79988,0.321541,7055.5566,11.920143,1166.607,495.59113,6.498856,1.3479699,4
106.578186,74.08958,408.1914,114.74577,645.5374,108.13623,64.96754,655.2515,178.76088,1.7444649,20646.38,56.94529,60.88864,10792.499,3.1317422,1.3632431,4
127.065994,191.42226,36.003983,95.47868,25.081978,56.187164,148.73239,79285.39,74.105865,1.712879,2906.919,5.9796324,1155.1587,5.643246,7.6997566,1.3663682,4
159.19666,178.75882,514.995,186.70317,678.3081,55.77293,116.17455,1496.601,315.36224,0.13539657,3578.9993,1.6878715,260.63123,3.761673,14.559915,1.3616216,4
61.937656,215.45346,199.70526,247.05865,1022.7188,67.191025,58.448402,2696.6323,10.068411,1.2910104,81.53172,1.515657,6118.697,14400.293,0.58293545,1.3662603,4
107.00624,81.6308,8.446093,266.496,15.76555,70.18032,146.04587,46995.29,121.917854,0.17093603,11773.49,11.571797,7200.4805,32.34131,3.2041144,1.3522499,4
691.2047,216.92084,41.97969,158.9714,68.77209,55.826477,83.7115,84.625946,8.404469,0.663766,67.52983,1.8298106,8051.111,4.209449,8.166416,1.3537381,4
99.335304,69.52701,74.45705,222.47443,190.42218,56.343685,59.630806,21369.09,30.161423,0.55735224,1257.4081,1.8135562,10933.152,15077.197,2.4021552,1.3531959,4
163.641,66.03722,357.57275,117.152084,259.57706,58.096554,188.46016,250.12862,14.742868,1.3441349,29.883741,7.0561423,0.08918467,6.084454,8.991074,1.3640983,4
120.076836,128.6117,5.8119636,130.8996,26.599087,61.83909,51.051025,77339.12,209.2277,2.0989559,21384.543,3.488451,6280.7764,4632.239,1.901856,1.3525995,4
179.17923,201.06201,43.36239,130.94414,224.72356,68.76999,138.25038,850.16125,207.22728,0.13610996,25424.309,54.68647,3.0572538,3.2963424,14.395229,1.3624086,4
97.92828,68.63455,631.6527,137.10138,141.97426,68.77355,90.93909,5041.295,82.810425,0.29519564,41606.152,76.2297,6381.6836,888.8962,3.0942652,1.3484191,4
188.18617,74.97768,194.0164,151.75076,190.2315,108.88614,50.1459,29466.838,157.85286,0.45697728,13258.6045,8.99969,16.053284,7.074662,17.539066,1.3485973,4
540.9585,65.93957,93.36836,104.57645,174.5526,55.72793,105.398094,11016.346,17.380152,2.10039,29.583546,63.286438,77.31101,5.1801143,18.841492,1.3542595,4
84.867714,90.01019,55.733284,249.10841,75.12745,69.4273,51.939114,6622.17,14.195045,3.8250356,40.96223,59.729008,7652.781,10350.704,1.5133412,1.3618002,4
377.91528,71.10479,216.6907,191.23187,1491.7444,55.668316,55.32551,71387.484,11.260058,1.1810597,39.83767,54.532913,815.5356,4.6085377,4.994808,1.364945,4
147.9453,72.440384,551.0337,162.76486,298.72464,69.36221,82.48539,1308.573,62.4406,5.2471437,6787.198,3.9490504,3.6372943,1985.0387,6.841683,1.3639431,4
137.32454,69.04039,162.06357,190.99396,672.8594,56.377876,62.904247,34845.094,52.92578,3.9345324,748.8746,2.4900198,3.0600457,2120.4102,2.414739,1.353724,4
145.15648,231.5552,588.4405,223.7085,868.73157,55.658424,85.848335,88.53528,65.22001,0.39054245,3455.9595,1.6299801,67.48681,23.669275,12.887754,1.3503958,4
104.648056,71.74174,22.777672,593.07544,166.19522,91.613754,76.230034,35166.66,26.880295,0.18928732,972.938,24.268383,0.22671314,3.474021,32.01364,1.3537531,4
122.743706,252.86153,254.63625,147.26695,1491.313,69.3952,167.44003,26809.59,158.04227,0.19748786,27033.17,15.383304,0.41403174,3.9227107,6.658044,1.3494865,4
76.048584,136.97415,32.230354,170.0557,15.888231,106.27376,53.55179,70838.016,10.522532,0.524175,99.41409,44.696316,0.60648924,333.1676,8.968719,1.3478312,4
113.05165,72.33327,13.958459,248.07976,41.582886,56.07569,75.65494,130.07986,76.26447,0.327014,3324.1152,14.129568,16300.319,1591.7739,4.685159,1.3618635,4
489.95288,66.76348,568.0761,304.85312,684.8508,56.20391,84.83615,45540.46,510.1611,0.4147157,232.43423,2.557213,556.75793,20.978271,8.452752,1.3640234,4
360.24622,121.4171,24.049988,163.3808,72.20616,65.3161,123.93631,328.8218,33.778233,0.09697392,3502.8955,74.66974,0.3513787,7.8789697,24.179937,1.3613354,4
236.87062,195.14877,126.31332,149.13232,73.60732,68.92713,72.191055,116.60147,23.133368,0.35253006,66.96748,39.760494,1.165861,359.848,5.1265516,1.3646995,4
63.538048,268.76053,269.98752,209.92355,713.7142,64.6403,54.08528,1797.136,70.148186,2.4788704,9966.249,77.37504,0.19291312,8088.009,2.2860134,1.3621116,4
83.64996,290.43488,458.2485,257.70004,519.67426,90.23853,91.3707,4772.6074,10.748215,3.502017,84.88188,1.5820388,2.3090117,756.1139,2.3377757,1.3633809,4
694.3435,200.4493,4.55942,151.51176,180.86328,108.38036,144.82643,73063.9,19.207705,0.2623837,63.93731,29.246225,0.572514,4.082953,57.473934,1.3484715,4
115.1058,85.52018,10.503261,156.99945,36.843052,67.64443,170.91534,192.28899,270.5318,0.12483316,7802.6514,8.26219,0.42216522,5.4445696,5.3791094,1.3572628,4
62.294567,147.7221,588.67554,545.01196,660.52124,67.31316,61.278877,525.8306,44.113613,0.8291582,1306.9192,1.5890782,0.3765388,12225.766,1.7121046,1.365092,4
129.47287,221.90091,12.66073,101.34088,19.215424,61.125443,73.3076,816.1931,27.02287,1.0850484,1113.2102,41.3006,5429.869,4900.499,5.6223645,1.3541605,4
135.50299,98.23917,113.96365,261.07635,88.258026,64.996765,157.81181,54022.164,176.47566,1.516865,13899.412,6.1463866,114.10841,6.7918415,7.9257684,1.3659557,4
335.41644,77.34276,18.55531,204.00253,36.537132,56.4784,108.6068,149.55063,216.66412,4.8306265,1264.0979,75.2765,0.11312668,4.1073737,17.941797,1.3664103,4
115.130714,78.87635,22.017696,208.4124,58.469837,106.05847,50.621243,19111.941,370.0874,0.8532944,1661.1454,4.909026,2.552425,161.02744,8.814501,1.3499489,4
157.0871,189.73036,242.20891,294.5934,132.1769,69.99317,70.63444,9223.803,13.1112,2.6190493,37.88535,1.7757322,0.53273463,136.18593,8.130503,1.3496699,4
545.8429,75.431816,362.74268,114.63489,712.77075,108.13769,73.07207,5576.258,110.747925,2.3641562,16044.989,11.209745,0.5416024,10.137276,5.3814087,1.3641462,4
507.32043,96.66353,285.4271,258.53766,1461.3302,70.580185,184.97427,1686.0907,304.9151,3.12241,1907.4708,64.82275,14.355613,7.021467,91.15192,1.3579496,4
702.78827,95.0506,171.56073,159.4748,954.74133,100.916626,188.9432,3490.6602,25.937252,3.8262377,953.0302,17.671124,2.490098,3.6096892,136.21745,1.3573097,4
376.5775,142.74603,55.648403,152.45439,146.15894,97.13024,161.0646,145.95798,385.23047,0.32339793,344.27075,59.469723,6227.6187,19.689096,50.829025,1.3611255,4
575.8353,74.22328,0.82965374,412.98938,172.46136,58.870598,54.688145,17544.494,46.117264,1.6784441,14404.936,5.6908855,364.8595,3.9115078,2.0287638,1.3508377,4
92.11741,200.75441,2.2257783,133.70287,60.826405,63.291496,52.62706,8725.94,170.77966,0.21812294,14506.49,46.522133,0.062233537,2528.624,2.4505956,1.3476925,4
159.8222,69.18274,38.099766,247.97157,25.133362,73.513535,91.86732,209.933,27.472466,4.1510935,1211.933,39.079712,3239.456,674.4631,6.416807,1.35877,4
637.9922,80.256485,91.259766,154.6643,103.41199,63.352745,77.91637,39513.316,23.662094,0.09017833,2115.8438,1.5149148,971.262,6.1336055,6.8164525,1.3651041,4
133.65579,216.05066,333.58917,395.3707,418.98853,95.6862,64.05725,97.78569,12.522057,0.099247366,34.071114,2.6098256,11940.8125,4017.2283,2.8012059,1.3493342,4
70.36122,99.14192,6.5290403,163.12767,200.53874,95.634995,83.9304,143.99957,111.17267,2.5612898,12199.744,2.6085653,103.5643,1701.8347,0.9254904,1.3496838,4
61.820156,126.14878,58.869823,165.87025,254.21788,58.996284,63.11647,1523.9598,401.74396,0.8161794,433.6446,4.147205,0.06625794,15378.005,1.1281513,1.3486125,4
135.37918,69.01167,103.16116,183.70677,317.42218,72.485466,67.520096,11004.027,99.53688,0.19535165,5193.472,1.8402096,0.24319252,3570.7056,3.2994692,1.3652409,4
98.317085,133.11458,47.10665,181.81332,225.06802,70.17869,109.35921,142.65196,84.52985,2.9367692,5532.992,6.1206837,0.83138037,65.521965,4.3392363,1.3660151,4
209.58679,69.10661,278.41364,110.88906,253.7748,79.19823,86.10896,3716.9944,23.734665,0.76121765,63.600796,23.36795,1.799048,506.2514,7.5998344,1.349381,4
98.86553,234.8071,13.06517,260.13342,15.121553,78.01408,51.140343,120.933334,386.2521,0.12677127,1950.9875,52.29219,2.392427,1911.0269,1.4055039,1.3513429,4
89.44795,75.27497,1030.6711,119.13134,195.25749,82.742874,138.90828,62736.99,301.79083,1.2932811,3904.0774,3.7936106,5739.3545,52.170784,2.1825035,1.3483937,4
117.474335,88.52038,59.98693,121.804436,23.510513,55.891792,87.35365,2315.784,19.04721,0.1433771,102.45466,1.8941207,0.38326192,50.929462,8.520381,1.3494798,4
108.52174,68.39854,593.6122,97.25545,608.1227,70.152695,76.58463,11712.115,126.71169,0.114193164,49553.02,70.4085,0.84229064,3630.396,3.5903058,1.3627027,4
194.46262,117.424126,520.78076,317.85977,153.4726,55.95229,101.943375,102.92244,128.49889,2.7893841,37056.34,37.41665,386.79352,55.38874,10.898247,1.3509493,4
73.39641,76.80904,312.3927,175.79016,1239.6713,58.01008,56.261658,11688.814,304.41284,3.469386,4653.2705,1.7741357,5.922832,9717.537,0.81959397,1.3638513,4
476.3323,68.396255,79.93113,155.61671,240.53256,106.44817,50.775497,164.96143,12.796494,2.9222388,38.246567,8.100433,131.59451,20.060547,0.9681254,1.3494015,4
80.314514,165.36209,809.1809,263.85187,157.37305,58.04701,65.22408,7123.963,26.784952,2.8166075,132.36565,4.1771708,0.05745583,488.76718,6.6144037,1.3492362,4
277.0826,69.56775,1111.2913,87.72894,265.10358,60.12429,59.17547,69566.85,38.821,0.14515936,4443.788,71.96386,16273.54,9.08939,8.200274,1.3544447,4
108.8863,263.59323,263.05618,254.63783,478.5608,106.14983,95.71088,809.63184,100.48299,1.0737113,6379.3223,69.6683,0.082527176,20.136513,9.929407,1.358475,4
63.763832,71.18598,222.88474,170.68016,5.2650657,60.62649,63.445236,40472.906,7.1281557,0.24207094,89.08373,3.8529644,0.5281492,7600.102,0.75533754,1.364945,4
504.974,95.0462,544.657,152.35352,731.275,95.63357,142.71404,8538.94,10.570794,0.24030474,78.217606,11.015013,0.08787472,14.0320215,51.030617,1.3525534,4
70.76802,147.05148,92.776474,162.50845,95.01753,92.00731,53.64227,357.8731,11.052848,0.06771569,36.20428,43.742874,383.23703,2418.0232,2.609561,1.3579717,4
141.80003,124.5297,70.26893,135.79523,226.91977,106.92711,68.30534,23246.795,11.522955,1.9903201,80.06059,11.317064,4040.7957,2351.2998,2.8792458,1.3484964,4
233.57181,100.18601,273.82135,144.8115,431.1385,105.719124,118.009285,16316.744,98.00294,0.1752019,9841.412,11.302961,17.562096,141.91585,16.028366,1.3657002,4
66.43261,74.73566,496.44598,122.89686,420.57343,56.75958,53.043808,5166.3467,206.34271,1.848486,4211.7983,2.61584,1.4551451,12429.447,1.142432,1.3514967,4
98.45969,68.00172,48.127476,224.58217,266.0656,109.084595,65.56413,33004.53,161.39987,0.13072719,43522.984,6.653572,9.087061,5320.0596,2.5907028,1.3545378,4
93.153114,77.67628,605.6852,149.38646,584.3735,89.92877,53.689556,2042.7534,7.876925,0.1774305,39.620205,8.8316345,0.2559751,1685.8076,2.9795873,1.3583838,4
188.53967,195.45093,9.250222,154.11867,20.660126,90.27404,59.83639,2169.2097,408.91595,0.1110411,6167.2764,57.8503,111.2099,238.91545,2.9593766,1.3490562,4
62.32557,281.14758,787.2186,424.266,138.89587,55.877197,60.44448,3713.5671,422.46826,0.17446625,3868.1638,13.929175,16535.88,15627.609,0.41960955,1.3531127,4
455.38242,116.695946,27.52637,294.08627,195.75758,100.36513,50.134186,2721.0215,411.1487,0.6834965,1603.198,6.824283,2.0081666,8.223601,1.6188725,1.3502997,4
71.82652,306.84302,72.38448,374.16693,122.98214,70.15619,64.41738,70267.71,201.92784,6.1574674,544.5664,32.23994,0.1214277,1699.1898,4.0613756,1.352227,4
108.53287,263.66476,30.804821,256.31,95.65629,56.055717,50.62326,60157.086,13.974284,0.7397543,217.87665,1.7679169,5.2619267,10904.597,1.3160591,1.365735,4
199.11029,98.17119,134.82994,98.01535,109.00442,69.18063,101.8197,152.12978,22.347147,0.337138,624.6355,67.09173,0.07034251,4.515922,15.465788,1.3623412,4
96.73294,78.67641,309.83734,91.89921,148.85939,93.05521,86.33525,71095.47,5.968139,0.3185786,107.64934,8.300875,0.06601903,4.7225285,23.804195,1.3499539,4
177.76471,139.50491,284.3382,233.64005,477.87158,70.54756,140.17062,6262.4834,9.771158,5.2192144,74.82599,68.20667,15809.241,3.2026758,14.283094,1.362226,4
67.94255,65.35112,224.9248,115.09639,243.0785,65.729164,74.885315,63829.645,15.544085,0.72818196,142.79979,2.125087,804.6715,3738.5151,0.62602943,1.3646357,4
125.464424,67.988815,69.15778,147.24142,238.5677,105.45763,54.88273,356.12305,15.418293,0.85051817,34.049053,49.120644,0.06186356,5376.845,1.6774657,1.355475,4
119.72258,101.9884,57.08737,130.85545,119.29741,57.315914,111.76506,19668.803,9.90487,0.27211,86.69673,63.211533,4716.3545,3.795536,14.561113,1.3649626,4
62.724716,123.73838,372.10513,127.80925,169.02513,102.70319,51.523216,1851.4473,253.43959,3.022799,3639.769,1.4548483,0.32468486,14523.684,1.0133038,1.3521568,4
319.45612,224.06473,146.15866,155.08589,1085.4752,55.851925,74.05156,112.01477,10.703528,4.30632,62.33354,8.986196,10.1232,8.833779,8.802803,1.3483117,4
614.79,93.5732,81.90592,144.41086,60.59027,55.594433,82.32651,1073.3788,249.12033,0.3719618,17756.125,69.979706,3.578395,7.569587,7.4934688,1.3489761,4
113.20071,67.26953,544.68036,110.384254,815.8074,62.022285,65.08963,904.03955,133.57422,0.7728164,41578.86,6.6837506,170.24438,4831.089,3.2837453,1.348835,4
69.4705,67.568695,69.44275,169.94847,195.44989,64.186806,74.90315,24052.312,48.070305,1.1772381,1953.6654,3.185127,6.386182,2866.2473,1.9956158,1.3570975,4
379.17688,185.08524,142.6188,242.23328,150.5653,92.71054,199.13997,1187.2755,267.14554,3.5635076,4817.5186,53.973156,3.1569746,3.3434737,48.199448,1.36185,4
100.570854,67.688896,54.194054,149.82446,81.670364,73.09654,102.305786,110.01849,41.78409,1.5593148,860.192,59.03157,1.9897273,14.258602,8.522678,1.3503731,4
165.1872,70.09247,383.4278,153.69785,485.37793,63.144024,97.56844,3073.8271,8.48105,0.7862195,103.97,64.64534,4181.4424,6.9853363,14.787097,1.362099,4
107.759224,259.46005,205.66666,149.7949,729.5838,76.738205,82.23009,9618.953,54.529392,1.9439528,1152.4841,3.983625,9296.172,2240.8098,3.6927705,1.3518894,4
79.59635,150.80667,49.55171,374.3931,103.57338,67.369835,55.994728,13427.308,554.34186,0.13695404,857.52893,16.901983,92.567215,6955.2173,1.1885887,1.365824,4
74.781784,83.86785,770.77576,129.19357,131.8101,60.63675,67.51859,72288.33,9.000706,0.24564314,44.639675,9.133477,47.983654,8710.457,1.4134068,1.3646593,4
197.32289,70.01549,37.559193,297.893,186.24252,68.01125,79.00462,90.8783,16.642904,0.3228207,53.076313,42.559975,13683.477,5.6022015,16.558666,1.3648789,4
83.961464,118.665565,539.45575,136.8509,504.48468,67.430824,90.62529,52529.297,78.382324,5.2078424,42624.125,77.23394,0.749169,340.57465,3.7744,1.354994,4
80.65243,77.34735,33.31243,481.71167,14.268825,89.78377,67.31922,29201.709,96.98777,0.45631665,7146.715,10.287092,12648.713,419.0434,6.971473,1.3505144,4
223.30962,69.2745,31.935997,357.69348,76.582565,90.071754,74.4456,100.09713,90.79274,0.33719468,4006.1077,1.6490872,252.0203,8.577034,12.691851,1.3650378,4
334.19775,268.9435,74.187706,155.27058,13.661601,55.749084,59.797733,24487.361,22.250986,0.49345657,140.87354,62.021233,14263.809,47.304115,2.644073,1.3607221,4
278.95297,87.926155,159.87373,204.7012,122.33294,55.65105,79.266525,1595.636,231.78087,7.1994834,472.53052,31.285776,40.00213,8.290707,11.282484,1.3656223,4
100.007065,65.09405,138.62111,142.68188,237.98068,70.007835,155.15833,9115.243,56.772526,2.1134162,1801.5194,3.6396704,118.432236,20.716276,3.0464156,1.354906,4
147.9333,213.89543,145.50284,318.32278,286.69833,95.649,126.99164,57886.3,82.31586,0.5211247,43839.883,41.005592,1722.8556,62.581635,7.976687,1.3493328,4
206.77203,241.13947,100.8676,166.75134,75.75852,64.24704,50.673847,5281.7734,150.07927,4.520484,23952.55,3.534205,4.4375296,177.86217,2.798141,1.3610849,4
100.110916,88.066536,532.341,123.30304,140.0442,82.27272,53.373817,148.52834,53.53655,1.0574517,1630.383,3.5430076,369.7351,15123.412,1.4638133,1.3499471,4
121.61655,143.43277,1015.9492,156.71237,443.50977,63.730427,69.08787,174.82922,319.68234,2.099441,1850.3391,76.937775,13878.523,6267.778,4.3153286,1.3498597,4
243.73021,138.54065,677.8059,175.85323,693.34155,95.61887,67.64646,292.75104,299.44165,0.97974813,2815.2837,10.136301,205.16232,64.44244,3.931806,1.3517246,4
193.41995,261.6853,53.54492,198.88617,274.43954,70.91916,99.6906,405.07928,436.8412,0.12222014,1799.1006,37.74698,1.4509373,3.2055054,18.112192,1.3490739,4
320.99548,272.92792,69.29524,176.57266,7.2861514,96.62428,138.3851,1483.1423,10.498358,0.29119307,54.370537,15.885558,122.99745,24.495787,24.773933,1.3649412,4
72.064125,104.93251,37.297287,99.143585,11.840255,62.591003,79.65952,53954.453,32.77404,0.5307135,3542.0757,1.5025642,78.375015,2661.78,1.2984958,1.3598642,4
66.040054,66.143166,474.5609,157.73921,1050.1671,98.344696,66.574394,146.18288,63.70392,0.9080166,21213.121,14.224836,7272.9277,8425.782,1.5564978,1.354353,4
121.17562,77.27383,35.628075,157.9882,100.085754,90.97356,79.406075,27883.932,13.058053,0.56969845,52.393856,74.882744,2.6041746,23.523369,12.19,1.348036,4
146.24767,65.95087,35.634163,205.0607,62.780193,107.99565,155.58147,2743.8335,7.855841,0.065643325,143.3436,1.555661,4171.5186,9.642164,8.2287655,1.3504755,4
115.458725,98.11191,852.2687,830.67566,302.9368,69.34343,87.22306,315.473,264.61615,0.120851696,10817.82,26.977306,15.208539,1421.5221,4.436068,1.3552415,4
93.04453,70.116974,4.54385,154.59915,26.396225,69.169426,60.47197,365.92538,296.97144,2.2649698,4469.324,4.9092216,261.34845,13988.049,2.0319376,1.3488301,4
203.98407,246.24359,249.81424,296.48364,427.1616,66.874435,140.51247,100.55812,24.436602,0.90600926,876.9313,61.019424,55.271145,6.6846538,13.588054,1.3494567,4
134.66463,188.9692,24.755598,221.89528,30.360062,70.43782,50.251026,81420.375,25.297787,1.1209264,211.61597,31.301191,195.80994,20.46019,17.372103,1.3511741,4
62.190678,67.38849,2.1555185,210.41815,76.62186,61.727184,50.150696,114.203026,80.85533,0.25658262,6322.713,2.5934246,8.144321,12415.1,1.4065504,1.3653429,4
84.778625,255.3688,893.249,189.48305,260.7831,85.555626,56.826214,7503.5693,15.577512,8.305368,31.259924,50.661873,14556.425,3262.1223,1.8523386,1.3570707,4
273.10837,70.671165,251.98868,288.08862,45.942467,103.535835,135.53456,35398.4,109.778885,3.4496555,42940.703,53.25644,0.52675533,36.166946,23.91629,1.3488026,4
175.32477,69.351074,294.92694,182.84898,15.835382,93.15456,107.87628,64182.406,253.0479,0.15194467,23679.941,17.78634,8.314581,4.7385597,15.357103,1.3593965,4
78.70023,94.394196,145.59508,357.09586,24.9366,101.07415,106.02702,4499.52,9.799519,9.443631,105.976875,1.596344,7902.6543,335.46506,1.4081815,1.3516096,4
79.52628,251.7121,49.618176,141.29854,280.70383,68.79451,71.007935,257.13434,36.508007,5.053195,194.74962,2.6873813,15316.616,415.92886,5.073572,1.3646178,4
94.24602,108.05945,106.61082,168.30058,307.3365,108.34036,88.081314,197.28091,363.4392,0.26830417,357.18793,20.37505,73.298035,419.95633,3.1330438,1.3500983,4
356.25232,68.375175,27.790272,136.4643,56.677917,63.767536,195.0347,1657.6008,253.54565,1.4724845,422.71976,63.40364,2.1378388,3.89596,42.107178,1.3495588,4
86.62784,75.14611,1.5281775,233.64554,53.27898,70.278275,85.93406,128.5129,222.93236,0.6480541,1008.0477,41.804573,0.062458612,31.596727,10.013319,1.3643428,4
112.980484,154.0757,30.091337,326.96933,95.671684,60.855686,72.69791,103.20826,190.69054,4.6479464,12346.152,19.349863,16820.441,3.2388992,30.652143,1.3655735,4
107.669754,203.88391,73.36148,310.66385,228.11972,100.62841,65.297035,2693.831,388.3891,1.0192888,286.30295,2.1833184,0.15370739,3445.945,3.1292212,1.3549517,4
72.97944,95.22127,8.938142,120.68804,13.859876,64.65645,69.38077,160.20216,197.73488,1.300576,15379.662,1.525707,12.735031,6675.4146,1.032344,1.365576,4
155.23035,226.93326,3.2523553,165.4824,105.33404,99.89188,74.68735,1222.1704,115.48388,3.964859,43808.496,71.91694,31.787464,1435.9128,4.9086018,1.3646609,4
177.91838,67.23812,19.768238,247.42975,43.714455,66.77405,90.440796,5557.0205,109.559204,0.8916679,40562.36,58.863403,15588.399,9.228724,12.9510765,1.3660576,4
130.41263,209.77153,318.3811,225.08624,925.5642,67.00457,113.970345,214.42082,459.8066,0.17465936,2562.6,3.362549,2273.731,99.78456,6.666405,1.3523413,4
64.34091,129.9031,158.33322,424.91153,217.7964,67.531006,55.66275,2104.6863,13.5366,1.2154295,43.737305,30.03978,8.908967,6243.8623,2.7445178,1.3537285,4
63.464325,155.5037,57.250828,260.35342,220.27313,68.342896,49.903618,12034.6455,50.82541,0.12300587,15754.798,13.442208,0.05783127,13070.86,1.1335406,1.3516188,4
189.81223,102.80204,592.0325,124.67278,805.5933,84.04942,50.267624,356.77927,8.783956,0.762383,105.372635,2.2039661,2.249556,663.64294,0.77764815,1.3506176,4
66.55578,116.833694,682.3128,252.04333,571.4771,107.58548,49.839954,17777.932,10.624251,1.4985027,81.97272,76.7073,12.838417,5841.118,1.9663472,1.364267,4
63.62341,186.4588,86.50212,165.66612,209.25467,90.04892,65.945694,68034.875,94.437965,1.6579968,42459.363,3.2039359,0.058875788,8134.458,0.5269698,1.3509821,4
180.23651,238.55309,305.32513,344.35028,1057.9989,65.43444,87.8708,103.099495,47.259346,1.455016,8288.035,15.343467,1111.3804,551.1277,6.413717,1.364495,4
85.81943,181.6044,63.687042,174.61322,225.25491,71.28456,57.528107,16617.744,116.85881,2.6247504,9891.399,1.4923936,65.3267,15562.077,1.2567632,1.35972,4
82.66656,178.75531,421.88028,212.95375,941.5055,57.562054,71.69687,47411.156,15.365537,0.3236809,85.46945,14.689817,5928.4116,515.14166,5.687804,1.3647144,4
107.62561,67.42707,208.83841,291.38516,1173.3987,64.12951,68.0553,49280.43,145.25366,0.25918043,23690.965,67.909546,14101.007,7745.505,3.3851106,1.3558019,4
61.915695,66.73596,303.7752,168.30348,12.88073,70.48924,61.380344,337.32855,215.8786,2.2248676,18314.484,54.68586,0.05827015,15000.29,1.3918791,1.3643227,4
63.966114,73.62223,15.612052,274.84674,54.09881,69.45649,59.14371,1231.4934,93.254684,2.943207,15285.999,13.798452,16504.148,14885.4795,1.3997117,1.3668964,4
89.75551,69.42018,774.6773,115.808655,193.11945,56.94805,112.679886,70756.05,66.758896,2.0363743,4155.497,23.592545,0.38827038,27.86629,6.4431343,1.3591645,4
254.58713,100.39224,494.01022,263.42447,746.0554,63.299774,166.919,18779.373,8.160941,0.6674051,138.24101,8.728998,0.0567539,15.520785,21.67221,1.3639579,4
123.32088,161.99266,508.53622,264.70114,493.71902,68.573715,71.41272,61921.742,14.563592,0.22411048,25.371737,7.659053,4727.791,4117.4756,3.6830287,1.3655384,4
547.5653,168.12161,162.63895,129.16602,32.97176,65.946236,94.554855,71507.41,74.84259,1.3397595,33942.0,11.500015,0.06423451,12.245094,14.012505,1.3648316,4
84.30774,188.76657,276.77728,432.075,457.90265,64.47278,94.72359,1480.0974,250.12958,0.13817513,18233.113,62.088646,0.058381382,780.3738,1.870106,1.3644037,4
76.49479,69.961426,214.18027,425.37177,25.962568,57.191196,61.624584,525.8178,17.320484,0.31874368,231.65793,65.77408,0.18008724,3294.3838,2.512833,1.354661,4
112.90181,302.6096,53.500973,377.8927,66.62207,68.54652,146.16245,552.32477,10.4612255,0.5316663,40.586517,35.713383,125.072105,33.790024,3.601935,1.3631524,4
109.89955,134.32336,171.37479,119.72742,1535.2512,78.327866,52.74246,32507.426,68.272865,1.0491648,3192.371,82.94801,5921.5337,5781.062,1.8587205,1.3479422,4
134.54222,77.482445,557.34735,106.894226,322.07285,100.37775,105.08411,45225.203,23.819359,0.45521092,840.1567,3.4742477,11.646934,405.94962,5.611827,1.3547225,4
116.45134,107.836685,2.2954307,167.06905,89.632515,91.33815,50.16609,112.030136,20.389809,0.31776306,378.0537,26.782799,1.1514275,4.995702,46.75685,1.3650901,4
91.80601,102.36955,232.11133,122.193695,11.406407,57.621956,50.817772,65070.965,19.530975,0.18670706,41.396084,37.462784,48.159473,6111.0273,2.1335785,1.3591963,4
111.03395,70.57881,111.30379,210.77544,43.149082,88.360405,52.379944,8789.464,8.309452,0.16590548,52.82776,1.7966576,0.28143728,3942.2268,1.9948803,1.3553667,4
104.46857,70.88982,557.9824,148.48691,477.47992,63.04573,49.969345,92.117455,159.29561,0.15964472,22252.018,7.5747685,180.17741,1747.6469,1.4270946,1.3511858,4
103.67465,255.45464,166.78926,114.453514,205.27275,69.01134,50.88026,286.22598,373.3042,0.47025144,1393.1827,1.5061431,0.62685424,6.1350207,51.583977,1.3478225,4
732.4862,72.7931,478.20303,103.47664,533.2242,69.34182,184.70409,3864.826,39.427216,1.3280098,477.23608,55.994564,15594.095,3.2744856,134.33072,1.3656588,4
86.31602,67.95027,3.1647916,356.489,33.668472,68.25071,52.67729,92.8609,28.034111,1.4891473,1058.1438,1.4889495,0.8356667,15170.724,0.6709215,1.3639407,4
60.93493,79.56688,70.2482,188.22777,20.97157,67.73762,52.117798,115.117035,10.056626,0.4183681,141.03775,2.9635952,6.03271,13935.078,1.2061601,1.363837,4
201.75046,105.64485,32.75632,154.06372,113.1326,57.23136,101.319756,169.01906,78.38634,0.33960593,2991.9019,62.886547,1119.573,500.29514,14.453804,1.3584691,4
68.82041,102.64955,137.30804,130.97093,22.353376,58.078663,61.625717,284.20978,25.128757,0.12702593,815.7252,5.191243,16.403284,15327.3125,1.7548796,1.3600636,4
61.926403,129.91016,47.0029,119.70888,19.575901,59.193665,49.955177,23576.957,18.256994,0.6204385,401.1061,1.5270319,0.124968186,8684.418,1.6282985,1.3635935,4
113.20109,145.63751,495.21713,140.87177,165.32838,61.20625,70.90853,178.17818,226.90564,7.359942,383.79974,6.664691,2.0842707,5801.65,3.8290951,1.3578677,4
87.31629,68.24556,28.166134,117.821594,57.671593,104.05467,78.52265,493.42117,356.8866,0.3362024,6855.135,1.4853791,0.08307439,952.40857,3.1253815,1.3658124,4
356.17975,201.70976,619.9846,219.22148,125.52052,107.53516,64.7374,9742.658,6.1017447,0.18780121,98.29625,76.39655,1.5532649,27.721535,4.8628697,1.3645458,4
253.09006,201.97034,813.35114,236.41824,420.32465,56.44555,51.44931,152.29474,9.484371,0.5534925,87.2117,2.0627487,3.1279497,4.0172396,12.072882,1.3602473,4
475.99554,180.03717,529.7011,461.61676,923.81494,61.569214,147.72444,56314.734,159.85901,6.759997,14212.18,29.559608,2.972515,16.261417,53.7367,1.3654957,4
156.70003,97.25488,75.3791,244.57806,169.86046,61.516758,53.12831,53734.875,12.986153,0.16377082,30.32763,25.62305,0.42939037,4.539351,27.616116,1.3631374,4
456.01895,221.78137,17.072058,149.18788,171.31372,74.2151,50.718945,120.12222,148.38765,0.45120913,34508.07,12.474559,0.16425307,3.280886,3.729124,1.3659952,4
144.18437,116.11573,28.778713,246.88896,143.48904,69.07938,82.94709,226.67027,39.633987,0.43038502,7971.848,9.426541,7.163605,533.5988,6.0550714,1.3645391,4
133.91089,76.46335,449.23956,158.33725,206.94589,56.760185,52.4936,207.05548,74.0356,0.27372956,32523.893,19.089378,2.1440845,4196.567,1.6202084,1.3517053,4
83.01577,81.34508,55.412647,159.04724,207.2393,55.649807,53.536263,1679.999,19.862352,0.3797212,45.610603,17.473345,461.14493,940.96814,4.5714087,1.3616468,4
428.90808,69.94603,129.61746,296.50293,6.849719,86.81318,63.593616,1333.4121,25.008324,0.7382834,533.6939,14.504701,507.88574,4.4326773,6.515747,1.3629683,4
90.57707,127.24566,2.563448,222.73822,148.1069,56.4781,64.81214,101.126976,14.0605545,0.2944651,29.75315,2.855561,6136.5645,11578.934,2.342859,1.3611715,4
184.33379,184.87552,105.93286,388.8558,293.60364,67.48769,106.330444,77378.37,37.099434,0.33067957,807.05273,57.080643,3381.5938,24.624088,12.44109,1.3493687,4
430.7531,125.829,36.132538,239.31093,67.1115,88.09691,63.251656,382.78766,13.369717,4.6080017,27.918188,7.745521,0.060653765,5.391549,5.876757,1.3520341,4
171.52255,113.85741,648.045,184.44455,322.53796,108.82543,98.55406,1105.4839,220.12378,0.11171172,10538.93,2.9400482,0.22235984,20.832584,8.989528,1.3665094,4
170.81218,97.78597,346.92648,446.32025,110.244606,68.080925,101.96876,395.4777,34.770897,0.20662984,3498.3237,75.02203,11890.048,393.2281,8.511434,1.3596342,4
75.08561,78.00311,224.16531,293.1536,1206.6179,66.92601,63.82142,7428.832,159.96121,3.3483021,25514.23,37.072346,16.451948,2573.1147,3.3387194,1.3653715,4
91.658806,114.27671,474.58835,558.0096,653.3607,57.435387,67.357315,36163.266,14.952212,5.361024,24.77971,3.417017,6286.398,5895.744,1.5989155,1.356854,4
327.33282,124.796715,415.81616,170.63089,460.68835,62.43322,154.15225,160.72285,229.10126,0.7549994,15524.424,4.9290733,0.6128166,4.532671,25.972078,1.3575326,4
65.535164,88.63977,401.2818,124.62797,1093.5446,108.543945,66.64774,3441.1523,36.49713,1.9031283,1693.9833,7.1390676,31.121208,6693.726,1.8449153,1.3663759,4
141.55246,159.30196,547.0599,285.05,93.478455,68.76796,66.07005,34131.93,22.945211,1.4808612,62.395,1.541439,12.991913,3414.5479,3.7865868,1.3601605,4
612.0319,69.307045,327.2907,150.46387,501.3842,64.507286,50.75796,3898.2312,15.980507,1.610352,39.23568,3.5309563,1.5449321,8.014395,0.73144114,1.356466,4
109.63873,232.47331,2.3026,132.57631,47.554256,69.64448,63.725487,111.64017,426.6366,0.6775692,745.66516,74.672516,1450.3447,8114.4966,2.8889174,1.3601613,4
111.408905,92.305725,305.28714,299.0587,124.84009,64.42172,51.985744,31069.531,9.994471,0.26869333,64.39587,38.184082,15554.51,4.243712,51.119858,1.3545272,4
119.71055,183.48152,18.377226,146.7385,142.39087,68.623825,100.06888,404.32635,9.706457,0.26077956,80.04853,4.434655,14621.836,17.614124,11.460367,1.3654053,4
81.597,71.046776,9.664801,250.11652,74.10576,98.87268,51.93448,1220.9065,66.541794,1.9405338,3313.525,9.695096,907.0668,149.01038,14.8817,1.3492064,4
215.15839,67.39729,182.20908,115.913025,383.9181,59.2567,80.75637,437.1925,16.849792,1.655191,143.01086,1.6892784,2.0033274,35.298897,9.953028,1.3659933,4
140.96828,186.29816,195.2269,135.51588,406.29846,68.87873,65.5147,5287.989,8.208743,0.13117221,48.25562,8.694798,741.9414,3303.0627,3.3200123,1.3597417,4
112.6697,107.20811,196.98737,141.80672,1631.5316,111.025566,101.77672,42029.33,93.52167,5.575028,45579.305,5.5539465,15980.861,4.893708,16.102104,1.3489261,4
149.36896,121.95754,398.4271,288.6227,127.99211,71.64028,87.56118,417.72556,138.20085,4.1401434,20054.172,26.004572,0.578684,7.051319,16.134819,1.3643173,4
210.13516,98.701614,15.986472,191.09222,30.43181,56.526165,53.478798,1744.7959,8.042736,0.18670242,139.35765,1.6043875,4.866125,63.62119,3.106246,1.3640578,4
66.261024,66.414345,42.95283,153.59254,51.22341,89.22344,64.28171,48927.89,7.1697035,0.8885911,148.18747,7.8094697,7.6192384,5634.8154,2.3566673,1.3602479,4
105.36984,79.38338,595.2203,110.75603,279.73218,74.1098,56.930813,11720.697,241.3192,3.169074,2829.2007,70.86054,6809.8877,11588.467,2.158404,1.3493035,4
81.30017,90.03416,199.4737,269.17645,8.92705,92.27997,95.18104,84.31499,53.831814,4.048036,822.985,40.71283,14388.911,324.7959,3.1897807,1.3563504,4
78.2337,80.85885,193.93542,400.1191,114.2511,67.59996,68.84062,439.84912,17.630737,4.447564,77.08591,3.0889432,0.07126129,6231.071,1.276067,1.3531924,4
73.267784,137.70644,70.01427,202.8036,308.7259,67.96954,51.590267,12188.276,66.733955,1.2424974,2947.5632,24.197762,1645.093,5632.091,1.4147985,1.3668654,4
66.43926,75.98901,192.37564,194.39384,121.110214,66.81989,57.791035,19647.56,18.742832,3.2920396,43.26516,84.842255,15699.615,11369.857,0.786162,1.3514808,4
118.76369,87.26767,51.6354,112.00437,100.64605,90.646614,70.43949,1960.5991,17.59243,2.0986857,33.914566,27.286707,7488.0264,7.852316,22.487646,1.3530521,4
290.57666,90.33369,118.94966,360.1296,224.9177,72.134605,88.46538,21546.6,146.93857,0.12807037,43376.42,8.855537,1707.0027,148.64352,8.502117,1.3649416,4
107.764206,72.044655,11.264558,217.90587,99.60287,98.29715,152.13693,252.82303,262.579,0.39761218,2248.6687,50.32318,3802.6602,8.186531,5.1714644,1.3540349,4
78.18826,236.31017,241.93236,156.03557,22.409546,106.36864,64.56719,94.84399,56.282578,2.8719175,1526.6483,23.27784,1503.4873,12014.599,1.3997085,1.3632417,4
93.54582,245.24399,187.80298,127.06954,827.7759,84.69943,49.722744,880.26196,178.12837,5.495774,5339.576,1.8470327,2.5411859,15450.127,0.62467766,1.3576634,4
102.09104,107.32932,300.09506,204.26968,8.471183,65.73655,71.75152,27622.373,347.48685,1.3653097,1199.8392,7.9697723,16789.316,5904.0728,3.2174385,1.3578483,4
93.66745,67.788765,149.31993,233.8824,617.0571,64.54078,76.30667,6707.9663,54.161583,0.3890691,942.264,2.2075639,1274.3314,18.784,15.840356,1.3480649,4
481.57843,93.53897,51.444035,259.74908,99.46447,58.922977,51.503548,53330.227,91.74496,0.88247496,3588.9448,56.59819,5328.805,16.493214,1.2995155,1.3635846,4
253.57018,200.46542,159.13022,197.45108,354.37674,91.626335,195.81744,96.36858,219.36328,0.23237753,18845.955,21.936975,2.7088482,4.4438415,22.465359,1.3653351,4
68.70242,90.18234,503.69016,161.79916,449.7646,77.58101,50.75784,10855.845,29.046837,0.09838301,3171.0483,2.063785,3404.52,14244.49,0.6780161,1.3638288,4
378.049,82.55887,49.786118,495.4337,231.64183,63.595097,68.70667,3492.5254,127.29416,0.4096097,24990.03,16.936037,0.12445482,5.561651,6.744953,1.3584104,4
159.00864,72.51547,174.67435,187.16629,145.94109,70.53217,68.25569,109.62697,9.53475,0.34979844,33.4849,77.533325,2972.651,1974.4792,3.9674444,1.3516107,4
66.17999,240.46451,234.70897,171.52971,559.92194,67.564575,60.72775,960.58704,10.423978,0.10383612,30.083517,69.662025,5.76006,12420.997,1.8798351,1.3650258,4
62.494923,217.54793,117.47281,238.97473,8.89042,103.519684,63.75364,53010.82,333.84375,0.8460665,425.34167,73.27738,9113.723,13632.231,1.0302371,1.3652314,4
100.629135,98.02173,17.760944,130.89575,35.432358,58.68754,59.654747,282.54837,7.6403484,0.17047396,138.33234,5.892151,5083.7124,14999.217,2.412155,1.3549759,4
84.33984,65.65322,46.103233,361.0044,232.94415,67.46464,96.90132,152.46303,271.69568,0.61016893,6060.04,4.0584936,8.312105,126.39626,3.6000867,1.3651805,4
67.927956,74.10687,811.8137,92.77321,152.85884,107.41666,59.95748,2949.7969,77.583405,0.6965878,3428.8608,1.5064415,6045.9814,10730.086,1.6733887,1.3642352,4
130.32436,68.61028,94.062256,201.39383,24.005604,64.19175,63.706047,99.02223,163.261,0.89147204,11480.021,27.982185,13422.122,4.7207994,27.506163,1.3533949,4
236.78772,83.20435,473.4187,122.225426,1072.3665,95.80499,64.81158,44757.55,276.3712,1.0419636,2871.8762,3.637086,13754.065,301.48218,3.827414,1.3654555,4
76.322334,70.23122,147.40523,183.2106,157.93993,63.55325,87.05575,263.63992,47.471046,0.48957524,717.9386,49.539696,3886.4092,1286.163,1.5750034,1.3565999,4
685.3769,219.68517,59.99941,318.25244,231.08163,55.520805,84.670586,2463.3298,54.121513,5.5238934,15160.498,1.5323966,9942.086,4.503359,9.077477,1.3484964,4
67.37127,67.23357,242.62491,156.25272,75.1663,70.61135,51.012306,13919.511,505.51132,0.15349722,389.34857,1.5875006,10195.29,2441.4023,4.1703033,1.3644428,4
581.36163,115.17148,178.22458,137.63693,83.80701,65.56753,78.510254,722.98914,136.62773,0.819984,25588.896,44.81629,310.57828,4.2753134,8.061568,1.35279,4
136.74243,215.54071,4.3294916,147.1478,27.773006,107.97139,50.18074,246.9171,137.74069,0.11459453,58358.68,47.84702,1.7120489,6.093933,32.828236,1.3592709,4
199.8255,74.78807,7.2524123,429.0221,20.190958,85.67404,68.14888,59883.82,10.341333,0.94098693,106.26056,2.9509068,19.75901,28.156658,10.126177,1.3642262,4
99.63847,220.2801,78.30378,244.46568,73.546265,94.49451,57.894966,3576.3064,17.732038,2.298528,35.64516,2.0214262,2.396256,10953.776,2.0380702,1.3591545,4
203.1011,131.05528,245.2717,256.62524,159.21576,66.33817,81.8282,440.86688,76.862335,0.07867334,2288.6475,1.8667426,0.079563335,305.72678,7.992026,1.3482109,4
99.22786,243.03265,65.566574,177.11142,92.63211,59.044422,50.022026,5457.665,245.99472,0.35267332,20510.549,12.016024,20.660065,8256.995,1.8971093,1.3657327,4
667.7876,110.378624,3.088744,244.86397,40.306458,69.194725,59.9288,36256.61,25.441494,5.6244173,45.183376,21.43631,56.781754,3.284214,2.3940518,1.3581303,4
164.59897,190.89291,7.1236205,166.54326,25.771618,63.58601,51.33075,65703.59,68.62549,0.4891714,4785.344,11.299161,12976.174,243.9921,1.9655782,1.3626997,4
103.81825,243.8753,693.06116,298.97214,221.16597,69.96725,169.72144,112.025986,335.2564,0.5307514,281.64676,15.99831,14593.373,11.906498,3.0260205,1.3652859,4
91.995605,130.26,47.669357,143.58794,192.64784,56.805122,60.427197,7897.651,70.917206,0.4046704,4879.56,1.7788513,0.19035499,14767.224,1.9158367,1.3622923,4
64.067085,99.151855,1.698086,191.65251,83.6199,57.721104,58.845135,449.17862,329.06866,0.49973863,8537.141,1.7228531,86.37216,14892.607,1.4473518,1.351713,4
65.46255,235.12778,24.075031,236.41089,87.03963,70.99842,51.312737,225.82138,8.070612,0.093440205,34.832935,67.3478,4274.681,10623.793,1.0853671,1.3636683,4
78.18109,68.75063,221.95023,216.46162,14.2166605,59.049347,49.917313,100.96883,37.52767,1.7532465,603.63556,51.69365,3.0498114,8104.8896,1.7662481,1.3503602,4
67.822464,82.53844,65.715546,136.67381,240.60156,107.82812,55.441223,1705.6943,11.812335,2.1007364,51.269714,31.463608,51.944023,4991.965,1.8345664,1.3494712,4
63.36189,99.99238,2.636542,291.91138,32.970264,56.621647,63.120567,1582.4573,208.71458,1.3249815,4701.1553,3.4112391,5634.6377,12564.176,0.4873165,1.3594851,4
153.72485,78.29266,4.494835,180.05296,75.78517,61.582375,50.682014,14972.418,220.98935,5.5946155,9276.712,22.108332,3067.4937,345.08633,4.2670436,1.3536717,4
572.9733,82.62049,70.73664,290.9356,31.125696,75.155876,171.36205,29188.148,9.252373,2.4314756,159.80196,18.803873,9056.083,4.277961,77.41856,1.359199,4
69.932976,140.38768,172.52225,182.40244,23.12606,85.72886,51.031906,164.48563,430.41974,0.2559458,447.1202,46.177467,89.02623,5457.8936,1.6311517,1.359355,4
101.73982,144.40225,11.15446,155.07272,42.059822,69.07346,50.38369,5039.396,84.4612,2.6531138,4369.823,4.4691424,2.32457,30.115973,23.286777,1.356086,4
661.4013,95.06489,100.36609,246.04785,103.2338,66.790855,203.73624,755.9038,11.585437,1.345755,160.10272,2.2772176,2.542325,3.2608964,151.69862,1.365632,4
247.7313,179.20905,43.23688,200.33319,86.69087,56.44686,51.7622,219.94798,255.40608,4.759248,252.93222,65.70095,1554.953,19.373835,4.7809167,1.3491297,4
63.936287,100.28183,254.20595,384.89172,171.27191,95.95906,66.94205,471.34903,64.00931,0.15640308,2974.5942,70.85314,1.7512393,8989.561,1.1225511,1.365696,4
245.8433,115.386665,214.04016,156.4451,30.882397,77.93981,81.94969,317.2156,85.95935,0.37830263,45481.434,2.533469,0.1641788,242.56963,6.104363,1.3530607,4
61.729816,156.16621,133.46356,195.71161,199.21823,86.54515,51.667313,236.75801,97.40379,1.5621397,21607.902,67.01823,3.1526105,15751.778,0.9813647,1.365224,4
125.725746,91.72307,84.9594,211.22832,165.24615,68.076805,112.36057,12760.479,233.30106,0.19550642,9847.346,2.8855069,0.10007498,4.129157,14.428825,1.3555405,4
83.42906,234.21931,168.29315,129.00406,6.123978,57.89474,50.032085,739.11414,514.75934,0.1791104,375.99948,6.666067,16893.156,7178.8384,2.0731533,1.3498456,4
100.12702,74.39206,30.914268,383.13315,14.792115,100.624535,198.64185,4795.4746,107.824745,0.18629044,15199.906,60.29743,0.17262372,3.8916702,2.8207335,1.3486121,4
207.43938,70.11288,75.466995,186.03943,237.20955,94.77098,92.984634,62716.707,200.01749,6.5466924,22069.477,10.644134,15.157447,653.80927,12.615549,1.3603158,4
112.07951,178.11095,115.28038,164.83762,7.138924,57.067932,56.622803,10094.237,246.42357,3.9306188,868.2826,3.3068929,439.57172,4.2274957,43.390457,1.3495618,4
655.31726,184.06073,358.052,215.67497,257.42697,108.36711,92.19826,11268.411,179.83398,0.20737475,12849.57,1.4766179,0.2524519,4.848277,11.383732,1.3492922,4
79.1373,251.3275,51.29564,139.94342,231.17561,67.1369,91.90014,71117.78,382.6532,0.15826064,4572.1807,2.098898,3453.5142,343.90625,2.9970686,1.3523159,4
125.226456,90.12518,177.83069,422.0414,228.54007,107.558815,150.61063,2551.3433,47.154495,0.56745964,1063.3007,30.093227,4262.966,31.49397,4.952496,1.3649074,4
107.42922,93.00337,60.00566,257.45776,204.91081,62.203125,63.04839,8846.158,69.950195,0.17457548,1787.846,20.732426,0.06508608,10918.136,3.0169501,1.3484068,4
70.53848,72.8051,56.115356,150.44624,71.89188,55.643486,53.079872,270.9174,276.84644,0.24934223,2499.19,9.41976,0.21724045,14002.478,0.62313217,1.3481355,4
133.4653,107.02931,547.9816,224.4599,348.44064,87.36132,96.147,92.77406,64.48364,0.1097995,1367.4052,1.563036,70.33108,11.34756,12.480015,1.35076,4
110.395355,67.73005,5.9741416,273.4272,56.237637,95.698746,55.210243,21371.617,165.6573,3.105574,21878.309,29.674381,48.237385,6156.0396,2.1589222,1.3483279,4
77.19482,81.275024,196.46759,124.19304,97.48416,69.83053,67.80648,3465.1104,454.75674,0.15896522,1252.7023,1.823051,3.6594422,5129.9346,1.0248095,1.3522806,4
677.5023,84.07335,154.91904,235.00397,27.77954,68.07658,51.86782,93.20889,23.45698,2.8692284,88.92974,2.7604897,0.057449542,4.671669,0.9253683,1.3568711,4
89.68613,82.987854,580.4751,114.587425,268.60416,90.444336,50.962605,113.69569,10.6221285,0.13646795,34.471138,62.257668,7162.547,10461.755,0.4338925,1.3533041,4
67.489296,280.21222,210.41614,346.8475,430.7945,88.3322,53.100597,2380.338,13.653263,4.562295,55.08037,5.8913894,9042.679,11153.658,0.97290206,1.3654604,4
79.15988,259.5987,242.11221,151.2395,443.38428,103.2437,51.631584,14155.579,194.10774,3.7095456,2119.1218,59.15315,3.3409896,146.08836,16.387922,1.3606125,4
149.08078,78.687355,366.24658,115.077675,1297.176,108.61302,83.88667,81781.0,204.6151,3.0620794,10938.764,51.688236,0.35173652,80.55838,6.8760633,1.3616647,4
66.32148,204.4866,163.30682,354.18497,342.33087,68.20561,51.5552,140.84863,235.27803,0.10310708,21902.965,10.207915,0.27134615,15847.676,0.7541201,1.3668315,4
617.8256,78.38289,2.3463378,209.77887,41.92574,71.92876,133.87794,1223.2528,10.628692,3.1863134,152.76137,30.641045,5623.872,4.6442256,38.55127,1.3504856,4
81.79945,129.37535,330.9822,233.02672,402.86765,56.218235,60.950882,36473.26,17.399038,1.0868515,380.3734,3.9433162,2.6874678,74.783554,18.15664,1.3541739,4
272.9308,106.34765,1034.2335,577.124,139.90727,65.49647,170.24911,34704.08,398.36615,1.3528513,177.64217,48.28984,2.5612066,5.0901093,24.193195,1.3658535,4
103.6763,67.89095,480.69995,129.35167,114.982735,65.30371,50.712227,2503.1404,42.7397,0.7723949,450.92612,84.45227,7.3544207,13843.992,1.188649,1.3650157,4
109.47673,135.94156,482.40268,181.83295,485.27264,67.62698,77.65129,1284.733,213.04109,0.60895145,2953.239,1.9539647,1.2987242,3.3467913,27.320717,1.3642032,4
100.871,138.51337,53.212425,363.24744,282.38766,61.76587,67.61197,394.97797,41.226177,1.5192133,5717.0625,3.1228201,0.17299469,5322.44,2.3146281,1.3494499,4
445.0153,251.23596,407.45764,246.35043,1014.19336,62.371758,132.50224,8378.668,229.22913,0.43805838,4199.983,64.297745,129.41377,7.5888677,32.777107,1.3617215,4
62.84169,76.80948,17.931183,224.24026,21.796776,107.915596,55.96829,7347.428,109.952126,3.94972,42076.17,1.6598545,1180.5693,12169.633,1.6812041,1.3497808,4
291.77188,85.044,30.779444,177.16603,27.389713,62.514,113.789246,41642.473,173.19641,0.13882056,38969.62,4.4205256,17.458715,170.90347,25.448246,1.3569607,4
332.35846,260.61615,8.414982,136.3091,14.13769,57.555603,51.72298,126.890305,334.38528,0.17961752,5585.0137,51.62209,9764.119,66.13824,0.8780424,1.3632785,4
124.03936,212.44221,52.086586,169.204,31.119768,61.397152,55.951206,106.24512,323.18564,0.6626607,1226.4167,3.5251899,1.0321743,1821.8723,2.7953231,1.3513606,4
279.77368,229.73897,235.39467,235.94878,122.82852,79.56193,121.93286,259.93826,9.96224,3.0598748,148.11194,5.726128,73.89801,22.708344,19.766537,1.3536186,4
103.20751,238.88606,165.412,226.18097,674.1205,106.43844,50.71278,68125.26,30.2028,0.1933761,100.74929,1.8041191,3.1271942,9505.652,0.72548014,1.365005,4
73.01476,233.78488,67.63494,226.19017,291.48947,62.59425,50.062645,21237.494,11.560299,2.4561164,51.58568,2.346612,4.009275,15449.449,0.42590567,1.3546803,4
83.89635,201.07503,16.550217,132.44801,53.759174,56.3805,130.74571,11508.239,21.321154,0.60903215,47.743954,5.981419,8439.431,77.01586,1.7842966,1.3585627,4
172.8182,206.83595,18.983194,278.4864,36.850433,55.59157,116.71402,53438.875,27.454903,3.1259716,99.512535,27.08364,0.3325651,54.914635,8.976951,1.3620846,4
68.11769,68.18862,47.407677,165.80852,72.4003,65.715294,61.86834,102.025925,29.854185,0.19845934,154.09189,77.91919,4245.6943,13191.187,1.3787806,1.3510363,4
66.19986,276.38733,942.8601,362.60724,138.85587,57.380993,52.81272,70781.23,28.857256,2.6250408,122.885925,3.4080846,102.56517,10298.102,1.1051036,1.3651979,4
112.07353,69.735825,219.24963,297.93918,1414.4918,68.78886,56.825935,176.65533,14.233423,1.4274622,25.303423,24.574183,9.555781,316.3982,5.164197,1.3487676,4
260.07828,67.52565,68.04338,337.46008,14.092636,104.55027,50.057194,87.468025,224.46248,0.6554053,3539.8228,18.86067,0.06937079,272.47818,0.57697415,1.3656099,4
124.35833,194.91837,2.439373,117.96009,35.4274,70.309586,193.1998,343.89853,134.15002,0.15022808,14750.093,40.528595,11894.108,3.547247,5.299674,1.3484206,4
61.558475,89.77304,337.9155,125.29491,1336.8488,80.62058,51.597176,55734.703,72.48638,0.41980058,43749.04,7.2050138,0.060937762,16084.059,1.0034359,1.3615377,4
185.02695,215.69708,61.983772,157.90923,166.51778,65.21622,162.07631,34833.766,17.95005,0.15724453,89.14582,28.64738,0.08890534,13.410678,11.969236,1.35231,4
106.52034,98.55136,3.418194,257.02518,64.08993,74.41499,202.99982,321.56778,30.829557,0.40789193,298.95212,53.35212,0.07498301,3.2491097,3.2683377,1.3631573,4
112.96902,113.88518,450.51556,121.6262,541.5485,106.62385,90.039276,128.56961,299.72903,3.4570613,1066.2446,1.6525259,0.6605864,683.367,3.7881734,1.3657064,4
104.280945,248.18787,173.22208,118.64474,280.41006,55.596428,50.4105,48945.49,442.04562,1.0960668,520.5827,70.51693,17.035406,260.1292,6.473335,1.3527136,4
100.97491,77.458725,179.89711,317.98477,211.75764,56.35457,57.65912,5205.514,13.4241905,0.6014786,123.24728,24.177025,687.5496,7807.453,1.1796912,1.3630166,4
114.60578,119.97486,453.29672,222.4675,146.67384,65.82001,100.4571,451.4587,15.846991,0.5406136,46.46631,2.330678,2035.91,351.1481,4.1693153,1.3571342,4
61.954586,246.97385,382.16412,172.95105,1233.5822,55.675125,49.91821,72897.555,14.144678,5.3297386,52.404705,2.5319197,4.430643,13508.99,0.9388576,1.3632021,4
73.628426,127.98977,124.767204,153.29738,17.578495,69.43469,53.752544,806.18274,21.433313,4.6554303,366.24728,24.075838,15365.499,15669.159,0.6107703,1.3657331,4
107.12506,67.10867,9.806522,127.26315,45.99253,77.257034,77.05653,941.79944,13.8447485,0.14236243,140.8374,41.82304,264.58057,1338.0844,3.5081363,1.3654484,4
62.567295,76.78589,136.64394,327.7972,87.516174,74.57696,50.069782,2774.3699,115.579346,0.15435512,9870.591,12.6099415,16582.107,12852.794,1.2047247,1.3600104,4
631.4458,144.0982,481.25638,178.29108,620.78375,55.65351,108.29908,75298.375,95.00064,0.63769686,52578.566,10.680653,11.61371,3.2613938,21.173115,1.3633252,4
88.847275,103.34161,300.6617,321.99567,649.62805,92.284065,127.71034,267.8734,10.4515915,0.17825167,31.715158,34.65793,7.6075983,36.130413,3.4202063,1.349927,4
67.10624,120.097275,43.76561,105.03081,79.39603,101.851776,71.638794,17482.41,427.80112,0.16869862,340.85944,5.575039,916.11975,4509.3335,0.74628496,1.3569738,4
696.10596,66.13392,131.79762,211.03633,65.07939,97.41792,50.456352,18686.969,62.440056,0.5174756,1454.8445,74.28357,1.0946589,3.2035275,1.0041448,1.3594856,4
162.66844,225.65749,47.50145,332.20813,188.96774,65.00507,77.40823,52728.36,110.203445,4.360735,8449.088,1.9342717,197.5018,4.4291377,18.673407,1.3582305,4
183.1738,67.328835,2.0104768,165.86746,44.705402,68.03354,50.274223,89.55502,101.58073,0.3642423,14808.547,25.632534,2702.6643,967.6738,0.7150259,1.3498938,4
220.32727,122.88315,28.349726,143.144,12.019003,68.09548,50.061943,17225.28,344.7566,0.71448565,1433.6562,12.853955,7.701497,34.445904,4.1128597,1.3647599,4
207.76923,290.81256,40.479,345.92932,75.91871,69.47275,95.59566,28744.275,45.305397,0.93881786,853.7049,63.727184,1.0106245,668.7053,14.738103,1.353739,4
88.015884,228.21053,591.509,205.64133,130.04706,91.31266,51.001656,84.7576,200.11597,1.0072569,18846.441,66.70335,0.058375787,2104.0999,3.442715,1.3592682,4
278.161,92.87772,95.27887,162.52327,194.949,65.39096,119.326035,11312.906,228.62535,1.1510171,425.38013,23.210384,168.0892,15.79894,18.930836,1.3655063,4
62.893703,85.02997,14.003918,183.3381,16.042704,65.953575,52.037704,67752.375,11.342371,1.4126904,34.189503,3.3084278,0.5514005,9618.659,1.8594196,1.3616718,4
134.76933,66.283226,483.1822,108.36232,500.79257,56.821003,50.142136,106.930405,16.282427,0.11594,35.7865,36.707497,14933.799,9.276657,26.245464,1.3495979,4
91.165184,71.1082,397.53522,98.5863,459.18628,60.70527,73.17485,54775.34,237.86061,2.0139344,10536.497,43.910248,0.066746145,2048.056,2.687225,1.3544295,4
67.982895,87.2571,264.4474,133.9704,436.51562,70.56622,55.213272,46492.086,213.63408,0.13587196,17482.81,1.996964,0.14098586,15156.782,1.0013193,1.3555154,4
120.21472,67.70098,206.6034,554.7379,677.64636,65.56813,62.62079,50491.125,17.001562,1.0825729,31.893354,1.8296213,2921.8813,521.96765,3.943301,1.3498774,4
176.61502,103.02373,249.21123,331.87527,220.8758,69.38953,60.091274,165.79938,202.63545,0.4287714,16906.695,42.005703,4411.7817,428.20245,3.9024024,1.3576102,4
185.31929,291.6866,319.21387,505.21722,233.35156,55.65451,61.70275,593.9267,74.61239,0.29193792,40338.727,9.045632,5.0070257,1027.5251,2.1004677,1.3573954,4
110.52966,66.94302,381.44733,258.07742,246.74516,97.4689,78.07899,43314.37,81.24784,2.4489527,3485.4592,10.557032,1.1851377,24.440222,11.096802,1.3639374,4
104.60051,162.53528,71.98696,250.90445,326.97012,73.56415,83.16092,995.405,23.900345,3.8269477,62.517635,61.952904,10.327701,642.8347,4.591385,1.3571328,4
90.253586,135.98048,142.5615,191.25836,269.51846,65.86297,148.94473,6231.142,345.3703,1.8211895,2361.651,1.4769093,226.83122,36.123367,2.0948503,1.348602,4
73.96246,223.85158,196.92903,107.26178,5.035571,70.40097,70.74954,10835.157,21.907001,0.24319029,616.62787,38.261063,2.0474594,1100.1973,3.7229822,1.3548541,4
355.98682,129.37852,3.1980565,212.5541,32.029102,109.12024,55.654293,97.771935,51.688435,4.63738,975.7522,58.848618,1556.5171,3.856233,7.2699995,1.3658357,4
561.2169,247.82452,1.8464029,140.77635,71.0776,93.11622,177.669,235.80984,92.34609,0.6538466,49614.875,2.4064667,32.79487,9.708767,111.785866,1.359571,4
497.8786,74.83366,142.10706,198.92412,197.34021,100.62773,50.300133,101.28937,46.63909,0.4153036,397.85876,6.6470532,12370.138,3.486559,2.3274195,1.3505629,4
77.27685,66.328384,26.469126,161.04236,70.0968,92.35242,50.051376,84883.58,56.120476,4.3512583,2229.4636,2.2540796,1309.8925,353.8036,10.564139,1.3614966,4
255.97353,136.45714,308.51065,174.34152,325.2357,74.66252,113.99913,3523.6511,26.2173,1.4842789,869.5785,87.23909,6.406904,3.8634224,18.665115,1.3603747,4
111.50639,71.2086,405.41284,125.47715,391.54755,62.148476,67.53346,1027.9028,320.5783,2.691934,1259.2756,41.95251,75.2288,7513.6533,3.3169174,1.3649267,4
75.83582,224.06055,3.5354438,147.92677,39.269768,71.98035,50.01874,1081.0393,94.71501,0.17746145,53073.695,69.48065,3410.2085,14694.224,0.44915792,1.3650925,4
148.63289,74.91814,998.54767,251.78766,408.5451,58.13159,133.83539,10184.668,45.381798,1.2680995,919.73956,18.411568,480.2697,3.4352927,11.483394,1.3628548,4
103.78322,103.88034,514.1928,298.3637,466.72458,66.58261,69.00256,48829.44,13.253744,4.187273,49.55475,58.825222,465.0393,977.9101,3.9468904,1.3648275,4
253.51167,105.40667,61.06362,213.4711,271.7715,82.44718,84.67173,99.45264,85.78467,2.085106,47097.41,8.437485,1.8735949,4.0023007,15.06402,1.3558692,4
73.69942,66.29015,35.6248,215.9568,9.151819,91.02769,53.567997,392.77832,11.217014,0.3135057,111.19289,2.8677795,5466.0527,3628.464,2.4456027,1.3658472,4
211.92297,154.65266,33.83183,127.847275,115.390656,82.12708,53.016678,101.50059,12.22011,0.12559555,58.780537,1.707606,4.344432,108.452255,2.4600492,1.3519369,4
218.4056,217.68115,57.831726,197.1723,278.16168,63.146896,88.03961,313.71545,141.88757,2.4297216,21327.332,50.66011,1.1434278,524.78485,9.387675,1.3547087,4
144.13536,198.27435,265.7683,156.25362,47.302917,65.13409,50.542202,2130.5295,19.381298,2.2403793,295.37317,11.00759,1497.5933,3.3868053,37.747753,1.3494865,4
285.35883,66.95387,409.33112,207.73378,1068.2614,71.35557,70.76699,245.63435,66.71006,0.7009239,24422.5,30.727139,7.549584,120.72942,3.621194,1.3651006,4
158.98315,204.62097,26.43101,94.99094,45.82855,61.33075,66.590126,93.20422,66.155045,0.13517787,4841.8013,3.3024352,0.1624167,283.48364,3.9910424,1.3489237,4
62.109978,89.779785,109.01895,176.00534,13.606726,82.01111,58.453365,69435.016,401.68634,0.43101928,3005.783,4.174861,12413.371,15145.049,0.5463084,1.3591363,4
174.1181,163.72864,14.056534,167.09717,42.029026,69.102104,50.20376,72410.52,6.205375,0.16714391,54.7689,56.763187,4.4971037,716.4872,1.8931241,1.3646908,4
416.26358,68.731575,414.55597,124.51653,405.65768,108.51449,64.23755,69629.836,11.006591,1.0527456,78.43272,18.354084,0.36102682,11.72163,3.7407377,1.3647778,4
109.43054,212.43,54.24184,126.8102,12.774518,62.174347,73.30193,6407.588,36.732285,0.09207259,716.46704,2.5389664,10442.804,4545.684,3.3757963,1.3654189,4
137.49323,90.11649,187.10583,102.754585,215.35617,97.370255,50.813965,1221.6747,274.96173,0.123642705,10815.106,4.3090525,13175.206,117.11114,6.7657433,1.3494768,4
98.38531,252.30264,198.56665,161.38779,618.3343,67.5249,50.340034,89.840324,75.66945,0.1345078,45444.75,3.5420496,163.73941,187.84448,8.261297,1.3652284,4
102.97646,146.92474,22.25916,237.4474,50.561893,108.02403,79.66094,20311.486,281.40884,7.760114,342.8617,62.641632,30.55896,29.542536,13.898849,1.3578665,4
83.58093,232.09499,243.5249,139.91681,151.05414,68.179054,51.61146,5002.1655,483.7544,0.21184278,1022.61194,1.5423563,0.95792186,14498.717,0.5822441,1.3485998,4
225.14113,254.58969,39.239082,193.03041,117.92986,66.456314,67.26956,19989.115,63.94697,2.3679507,2660.4827,2.774086,0.21193737,4.8797603,13.44745,1.3609211,4
61.881382,237.66273,233.70517,119.48668,87.89097,69.10304,63.13445,556.5877,270.08856,0.11306986,6389.0474,13.915403,3.3785222,14802.489,0.77780324,1.3613034,4
293.56262,202.88165,550.03406,194.37569,261.91135,55.930897,50.745388,67530.79,14.067127,6.2818146,101.460464,50.546345,47.791824,80.79872,0.9380848,1.3509436,4
270.98483,230.88661,77.853775,110.033104,78.33638,74.87797,105.736015,79503.0,341.87408,3.2181952,1565.327,67.68611,5692.087,72.07496,14.191583,1.3516245,4
94.96499,94.918144,11.48374,223.84601,42.25455,68.64192,125.497055,22761.057,39.8223,0.89854753,5071.5796,70.60524,6127.82,7.7719707,7.1552134,1.3650326,4
95.25142,158.92776,17.476036,159.70116,51.80776,79.601425,111.704475,17337.52,313.8088,2.3227398,357.43256,15.411737,208.418,6.8252254,11.529982,1.357116,4
394.55032,197.26701,62.82422,222.92255,345.48544,67.0181,76.00792,69152.305,96.75746,0.1482537,51653.33,3.7371893,1.2117946,27.940094,7.129869,1.3647257,4
267.32446,227.66644,14.341846,156.67206,34.743233,84.9287,141.42262,97.985756,502.31836,0.19591926,452.71222,51.706932,1239.9961,42.02163,24.56525,1.361867,4
164.04817,68.30373,19.699423,251.31787,76.58752,68.991615,140.63681,30120.773,25.398434,1.2060252,117.64597,1.6268848,5.0275793,26.756853,8.088924,1.3512464,4
223.35849,167.75026,563.0358,162.93533,566.5999,104.63697,115.38111,83428.52,12.055346,8.358147,32.931053,57.23394,1.4229095,7.270859,14.385883,1.3628066,4
119.476456,83.92375,2.476134,371.6798,39.61479,61.039978,68.94761,3961.1953,29.530588,0.9130852,292.47003,23.232624,9.548612,6852.6177,4.0942006,1.3622882,4
173.28796,76.68033,127.12763,175.45412,175.64706,88.09274,87.85656,11547.634,153.96785,2.3724737,16846.113,60.697884,1161.1093,1254.1444,9.609513,1.3600636,4
138.77173,189.83752,113.38306,127.4227,84.54637,104.56874,161.82898,14382.188,14.318411,2.7091746,36.219044,4.10968,578.8368,19.619377,6.1828537,1.3563075,4
109.38789,180.73108,22.093576,181.03636,19.365103,68.50024,66.24541,379.8544,338.284,0.110512055,2659.1226,1.5642285,86.8497,8866.075,3.5163052,1.3490927,4
470.70035,140.736,369.71564,141.93362,543.58264,109.29808,105.56514,113.00353,212.60033,2.8759131,3732.6675,12.544708,5340.9062,3.1683407,19.163227,1.3605102,4
195.84091,241.41939,293.62415,166.36136,635.3159,55.96405,191.15735,77852.32,74.02422,1.0542182,3216.8125,10.171619,32.343582,5.1902933,13.0223255,1.3644341,4
83.79233,153.1761,27.399733,156.93994,56.90441,55.589252,107.05497,38873.555,228.53043,0.3034962,14819.229,65.92074,0.06181021,308.59494,1.9777306,1.3617284,4
90.35843,72.10385,299.1434,202.90741,633.1066,69.30262,54.132553,63145.586,10.756119,0.86942804,71.61275,19.46864,0.7949861,104.92327,13.931618,1.36299,4
531.145,161.06506,419.8871,838.6771,343.62433,66.013626,50.68619,14964.01,13.257938,0.22643906,28.448282,2.398512,356.19373,13.081084,0.70926297,1.3626351,4
147.98438,68.81858,2.741827,207.37955,165.52313,55.677666,64.033714,1390.0085,25.98033,0.30240738,366.47903,9.994741,11848.841,1220.797,1.9336293,1.3605902,4
152.58353,67.968124,2.817127,195.85114,27.25626,63.97048,51.764503,1026.4006,537.98315,0.148661,181.72243,2.1626732,15161.856,12.500542,19.154696,1.3538977,4
124.0455,120.98049,48.681053,275.33594,137.31128,65.77984,130.00801,85.33452,26.639912,0.90160537,1446.7505,61.795357,100.96421,36.517048,4.947403,1.3489395,4
67.11699,81.919365,260.40216,114.03467,1536.8748,105.86134,52.31195,4763.075,20.68712,5.3317976,57.05063,41.163624,1080.1924,10642.9,1.2147715,1.3567096,4
268.62088,68.55049,9.909002,711.95917,20.356197,108.15809,58.992336,118.52824,7.782434,0.11738442,133.27391,2.1209936,13683.711,5.6408815,9.446146,1.350316,4
77.42517,82.95566,65.44658,251.86266,6.791223,62.407425,70.88751,69758.65,253.93205,0.30786732,22740.445,1.6419172,0.25942993,2455.501,1.3937938,1.3483846,4
66.81129,97.81212,218.84744,167.19034,283.41406,55.846207,65.18569,8959.276,54.92482,0.44016945,18334.637,1.6112154,4307.2173,12496.916,1.1712143,1.3535264,4
350.7594,139.51944,170.2421,123.51393,32.554043,75.094025,87.99326,9677.082,42.589737,0.09907789,503.12662,1.8381176,5.8721476,78.144966,11.087583,1.351728,4
79.23962,73.17665,158.05508,145.1463,96.86342,55.622047,50.398003,6859.288,12.760594,0.1268619,93.131256,6.229073,1.0696024,8461.451,1.3022132,1.3621247,4
125.977554,205.12714,503.24008,219.15775,929.8589,58.37098,179.34857,9180.366,414.1644,0.6700239,940.6062,2.4408433,0.28917652,5.5465336,5.244436,1.3619909,4
109.386154,71.7133,22.182337,295.23117,32.710968,104.37426,55.51062,1760.919,81.779945,0.10584521,34592.36,6.702474,8895.519,3069.5576,1.4389595,1.3500437,4
105.69978,68.04598,270.32574,173.22806,122.861946,108.16559,50.061234,21737.316,7.697836,0.547562,103.40701,77.32068,0.48058993,8302.197,0.6239752,1.3573906,4
154.76366,67.555786,27.841875,141.11566,178.10641,65.59547,103.558716,66354.9,244.26596,0.24371961,16613.006,3.815375,5029.139,3.9045734,14.852567,1.3621122,4
138.085,82.002,10.341623,228.85638,27.100183,64.2687,63.574493,37209.08,177.55054,0.09950659,44575.867,1.5936686,1.9925228,306.9355,3.1603541,1.3601567,4
72.05371,160.01694,150.20863,141.27771,44.477776,69.626526,53.200665,44612.316,30.698067,0.24825943,2004.8949,12.449793,559.45996,2836.1636,2.7899399,1.3640162,4
473.11703,145.7008,395.33725,204.768,136.7896,63.703083,124.28937,59309.6,47.1719,0.17856695,14716.299,4.6317677,11148.787,21.674221,36.09614,1.3508936,4
66.108536,69.54036,575.6469,160.19095,302.40768,101.27225,58.203537,13391.076,166.59024,0.20695843,16169.59,1.5132878,14141.586,3659.1777,3.5836418,1.3624806,4
99.078476,112.84713,280.81818,140.68755,108.63649,102.11572,60.304592,180.70282,65.261925,4.0481253,1639.2753,8.767212,7.729145,4.0541487,50.048187,1.3544675,4
567.6611,101.34098,41.452576,201.18692,257.2604,67.423485,162.0487,72829.31,450.5905,0.14892286,886.7296,1.629961,2.9938545,3.1629362,59.88747,1.3655446,4
64.020004,86.030075,519.9151,190.51904,875.7637,69.48226,58.423744,1113.3654,338.21088,2.2264569,160.79868,11.3693905,0.701537,14154.863,0.603982,1.3515807,4
243.54683,80.44303,125.27594,195.36786,220.27504,103.14691,50.38308,755.4384,14.386019,0.53782,31.417387,30.531261,1.9104584,239.5222,1.5626202,1.3554971,4
73.57919,90.10303,461.00592,189.09007,716.5943,66.81142,73.273346,22602.926,14.663083,0.9232371,166.42929,22.990898,1152.251,790.5674,4.5376177,1.3484623,4
93.78945,70.640144,81.90043,184.13187,248.92052,56.618958,113.052086,101.7458,109.54803,2.6971886,37946.527,11.204245,2356.6438,13.844104,7.360574,1.3563778,4
409.49823,222.67848,24.665188,182.15457,59.58312,64.31531,53.27462,25011.393,5.7429333,0.2597803,81.770515,14.218525,25.93049,3.5125253,4.368166,1.360119,4
63.994617,215.72913,11.179441,260.6885,28.902136,70.123825,55.857998,4458.032,15.154343,0.6526519,137.04364,10.189381,3316.2476,11462.079,0.97685623,1.3665369,4
118.65843,67.38343,21.939365,229.91397,80.39815,57.519096,74.004295,34412.76,181.42383,1.9811926,23548.328,66.610756,0.05863223,4103.689,4.2970276,1.3560842,4
94.05052,144.30232,284.18692,188.82974,1118.0203,106.3063,67.520485,34139.254,214.26166,0.14606996,14802.179,2.70291,266.93744,4952.41,2.7399254,1.3487164,4
606.28284,72.26529,302.39655,190.44345,5.4745493,59.841904,169.72314,31041.898,10.898593,0.23159403,25.630255,9.211742,0.14149168,4.776865,80.769005,1.3639002,4
384.97897,77.148224,5.844863,140.48845,34.274326,70.023445,141.88144,20101.297,180.88235,6.246861,7716.202,68.519424,11075.49,51.19448,53.745052,1.3618162,4
138.52501,80.53901,245.61707,119.26735,431.94556,72.37535,72.0981,14215.433,27.66643,2.2697105,1437.6755,30.667768,29.940388,593.90515,5.195013,1.3604494,4
219.4767,245.08435,7.875911,144.93057,29.809515,69.39148,60.11269,83.3695,62.232002,4.629982,27541.72,28.420225,1736.1224,530.471,2.2540345,1.3503189,4
65.63543,145.69452,10.574834,184.50284,35.95526,58.41301,61.6994,18533.352,254.73708,0.65685683,10802.973,29.148123,7819.0713,11838.46,1.5270485,1.3576229,4
69.66782,132.25783,7.9139485,165.693,15.486804,61.85638,53.794254,10971.269,18.860846,2.2570162,219.48805,1.5325451,47.38586,1355.6119,5.08066,1.352649,4
68.61061,165.03163,75.813,267.776,42.232346,77.306046,71.463776,13626.486,7.3658156,0.23941895,68.44991,1.4584172,1.9018263,2809.937,1.1242497,1.366148,4
702.93024,81.72482,10.083296,306.8239,20.11187,87.82991,152.10379,28944.926,106.89876,2.862455,39008.44,8.382514,0.2638964,3.2311604,66.16917,1.3656926,4
73.609886,100.3673,3.6665182,160.73288,30.47396,58.773323,67.40518,26496.656,266.6906,2.5120769,385.00308,69.70942,0.6512842,1778.2561,2.9150813,1.3652558,4
109.51229,194.01222,325.04205,414.0585,998.3308,62.541294,70.687096,1140.7778,28.441515,1.1405965,442.52798,13.878651,562.8707,9.464954,22.183613,1.3483635,4
176.38454,71.31935,24.750925,161.32478,181.90968,57.02539,59.026844,351.20737,29.18171,3.745067,433.4494,28.531452,22.07307,1057.2407,1.4699471,1.3494294,4
106.69135,194.30136,169.03842,129.50851,996.59973,64.89048,102.75087,22814.781,69.34846,0.9635788,1768.1438,13.298291,0.0667197,12.084915,10.303843,1.3511281,4
81.82496,91.92628,201.44876,161.28864,1598.6904,56.36105,105.611755,78543.04,55.275143,0.98235416,6842.9316,50.148827,14.581903,174.41805,2.793425,1.3489704,4
154.56659,151.81,3.378361,171.645,176.69946,66.529755,68.003624,64510.777,13.895755,0.37048882,186.3036,51.516983,8.243261,1911.8303,4.4951897,1.3632841,4
91.42586,144.00345,27.988405,205.93152,122.77144,78.599396,62.437878,1115.9423,85.8656,0.100577764,3906.5957,75.93052,0.3940911,11944.537,2.6993895,1.3521268,4
685.60144,227.86267,89.96451,118.407585,14.258628,68.32551,57.955402,755.8158,22.027061,0.59981316,582.64404,61.252987,0.37708762,4.337762,1.7199317,1.3537611,4
212.18985,79.93607,39.675804,239.84229,90.11806,100.64101,51.33659,689.9878,26.552643,0.24761416,288.08917,2.4205081,77.27894,609.6358,1.2081921,1.3654207,4
147.58594,215.3181,109.73511,185.78658,15.370629,90.567726,52.4367,9381.645,13.297862,1.0691214,71.726234,52.594948,0.1215048,2746.801,1.0490444,1.359111,4
174.82404,67.6315,101.303024,178.08849,6.0617437,64.898056,87.853,102.45377,22.989578,2.031607,124.08713,26.753769,124.98671,1315.7808,10.443215,1.3486937,4
99.23235,77.637085,2.2230139,151.06618,40.61179,66.080185,62.722286,117.68965,38.67296,1.3726757,451.75784,5.0092115,0.67006636,14184.582,2.7151394,1.3589957,4
66.99828,231.5693,108.24088,181.7131,332.37643,58.76754,52.839542,64284.03,20.503462,4.14679,266.7118,5.5795827,0.40822875,14355.219,0.9382855,1.3557446,4
98.24669,74.231606,223.8697,162.12415,1262.5737,58.26279,59.657757,8105.9253,15.507808,0.16574538,33.849224,18.618193,0.080097266,850.1913,4.441188,1.3491032,4
75.224655,178.66893,92.653725,283.7157,74.839874,68.18489,65.75657,19741.324,385.2953,1.9642093,281.17032,25.967499,5.11788,9357.73,1.1088234,1.3652675,4
105.82538,87.1935,8.210541,140.97911,45.60347,70.83029,81.17528,48994.992,170.95766,2.0751739,17573.365,72.88232,1.6369454,1287.8999,4.209916,1.3650494,4
145.30646,85.58246,621.9471,142.32237,186.76862,101.69789,91.23605,826.8749,47.83499,0.7059389,10449.11,1.715523,740.05383,937.7401,6.174328,1.365399,4
252.98817,91.382675,19.08503,193.68842,38.70303,106.80974,153.52003,20316.756,42.981617,0.7889708,2973.94,1.6291051,52.129726,29.086636,22.95646,1.3562059,4
75.122696,67.584915,3.5776942,356.8388,21.097742,83.15739,54.871086,11277.883,121.31074,0.17371681,41969.168,11.009628,120.534485,8482.872,0.8578857,1.3492228,4
110.92257,83.537994,173.66618,207.44733,305.44974,68.027115,98.271255,29161.021,16.157148,0.38229588,65.644615,14.658599,0.27929974,3.600923,18.071198,1.3561212,4
177.31673,68.74707,853.59894,103.83769,490.91553,68.66999,65.78264,49265.203,7.655094,0.5020935,63.095898,19.02581,8860.774,1362.2555,3.7777927,1.3613393,4
100.55846,211.40094,81.66832,127.67193,9.409977,101.03517,55.9869,466.9164,68.06946,3.9500134,11305.82,2.5255508,1301.5604,8.8835745,38.740486,1.3641057,4
94.87653,243.82626,6.1914043,269.53214,43.76923,99.55884,131.28078,30266.826,51.514454,1.7459813,5751.2793,5.47536,481.0198,12.188881,5.4823656,1.3648707,4
95.64786,82.11595,33.88209,159.95944,24.38105,91.2522,65.59648,58085.16,89.33528,2.057869,22156.574,71.881165,32.902863,21.877472,19.827589,1.363852,4
236.93765,79.797676,638.7504,192.12039,107.11249,76.766495,108.09372,110.20409,345.37625,0.12613444,868.2395,16.594082,10582.119,330.71368,20.339758,1.3553176,4
104.596886,117.67002,218.64081,246.65869,16.155062,70.90654,65.87183,11719.736,10.24017,0.728702,71.129105,68.97119,2.837904,5445.5176,3.3216705,1.348277,4
152.3204,72.101,70.253876,210.9498,7.4307947,108.37567,103.76907,99.0248,117.785225,0.42810676,49023.13,1.7297223,3.3049948,3.2048798,17.140425,1.3628659,4
101.71866,74.15645,299.70538,134.39217,345.81107,75.1432,185.07523,190.31915,19.269154,2.3664603,37.770355,34.317944,1.1008962,4.522489,3.3935275,1.3512359,4
84.41605,258.0636,5.3382607,164.95818,16.43146,61.525642,59.78614,18897.99,12.890221,0.2169111,27.056717,2.2330644,0.31718335,15508.516,1.4239733,1.3610883,4
582.68665,99.20989,52.957508,148.44806,233.22186,102.83303,90.34959,1509.7942,118.54254,2.189478,15338.119,20.332458,17.649853,3.8479645,11.15843,1.364609,4
664.0801,77.497826,964.8074,111.1532,162.91275,76.71245,75.625916,22296.95,263.3772,4.3635664,2448.5063,63.15889,1.160738,5.208616,5.8944864,1.3654706,4
454.6924,255.73274,169.47308,173.95042,128.8324,103.48799,166.18597,8654.89,34.63486,1.1831485,3338.3425,68.04539,4.653535,16.758215,75.39993,1.3650789,4
101.02092,239.02988,57.468945,139.39781,220.60141,57.071835,63.428276,278.6993,362.9849,0.54641247,1743.9695,9.607341,0.061990965,14748.926,3.1898103,1.3654686,4
101.20385,155.12794,162.23376,148.83316,602.116,57.980625,63.64628,823.4177,319.27893,2.29148,402.43573,1.5736109,417.57562,10736.392,3.2180216,1.3649755,4
147.16412,213.53995,134.13997,224.94,343.86795,105.20036,76.06295,50752.598,54.611935,5.674443,1896.3302,58.109238,19.001678,106.577515,7.7051325,1.3489453,4
484.09247,160.28513,145.54288,307.7409,365.70972,55.476086,73.79326,14243.783,30.63102,5.326322,1167.7217,5.4409323,0.2728989,20.474613,5.5439696,1.360594,4
169.86111,97.67326,377.97852,136.91034,379.0732,97.12294,69.84151,135.8257,173.77524,1.229823,21875.47,55.685123,0.9985932,10.850052,12.533087,1.3493183,4
282.5224,70.10382,72.45996,104.99921,84.60672,90.09656,62.265568,510.5688,9.105431,0.3396017,81.1332,75.71494,1360.5099,198.46468,2.4871845,1.3502896,4
495.34918,72.69735,613.4167,118.83721,809.5947,68.39708,72.69542,1165.2666,15.718505,0.16707432,31.198505,22.940462,1.5457019,9.293118,6.3198833,1.3628317,4
100.649,106.51495,394.60803,248.36153,429.3788,73.7561,58.839798,1267.3983,238.1753,1.6723174,703.8115,24.352594,0.09895204,7405.79,1.581962,1.3654358,4
85.90335,85.89137,792.4769,192.73808,283.35873,69.46654,49.908012,5323.466,8.151104,0.16466196,46.211067,60.76641,0.3724402,6985.914,0.6953919,1.3658946,4
80.65087,67.85463,15.500178,260.7403,41.88648,65.8785,78.72205,2299.632,29.911808,3.0828552,307.25385,3.415694,15878.827,1680.7311,1.3892984,1.3654077,4
106.56608,254.91444,3.6479979,112.73883,43.53671,63.115368,53.733356,198.89265,270.3726,0.37991282,1941.0574,11.629713,11.815946,6560.314,0.7240784,1.3503516,4
66.01161,259.57843,40.7894,125.53609,8.433646,76.50543,64.34839,60981.312,8.794059,0.62643266,75.278244,1.6426696,0.25601825,12906.4,1.3266213,1.3539873,4
678.0781,236.0427,20.126942,113.9863,47.496075,58.912006,106.721344,205.18513,501.72757,0.1343943,308.62683,28.365753,3095.2344,4.415613,20.174301,1.3656814,4
534.3615,73.09541,1.2726569,178.9971,112.43746,63.64637,51.967163,192.12794,225.95122,1.6715691,7408.8633,50.498573,1.4291792,3.2803924,2.7055647,1.365707,4
160.00296,143.09898,28.903519,192.65468,157.76859,56.47248,116.17349,99.830124,14.799723,0.45049417,29.767687,8.864327,0.057626057,18.666935,10.477489,1.3663381,4
78.84417,99.33703,191.56921,320.054,182.58923,68.126595,76.29926,50048.004,109.67952,0.5939065,5942.7466,7.8370504,21.782366,1370.6147,1.5453193,1.3652438,4
144.27039,178.89551,193.78119,144.40323,360.6169,73.71434,50.679882,93.41554,97.61847,0.12920792,6123.7646,76.50798,16150.817,428.946,1.7579911,1.3620126,4
99.47808,67.45488,282.44565,170.76016,1271.8279,70.14052,54.92994,13648.598,14.193126,0.23512155,32.621975,2.2447171,1397.1965,12577.389,1.2656245,1.349319,4
62.75894,169.09244,143.62828,245.87404,1415.631,71.35684,57.93106,65616.305,255.0724,0.47426063,9777.26,55.255825,8.248508,7814.493,1.2243223,1.3521826,4
598.829,237.702,649.93964,195.92361,258.6555,65.07744,74.72276,12679.137,10.719263,0.33823013,94.261734,3.142499,123.91927,3.960159,6.3861074,1.35378,4
150.67,129.83914,224.63016,296.2443,388.2406,59.614647,51.561966,38856.133,6.967865,1.2327555,89.91065,8.567675,749.526,4.258805,29.116455,1.3554639,4
98.33579,81.72455,543.05005,135.71867,694.5564,62.69385,80.134995,346.49524,48.236435,1.0726458,4781.781,3.7100272,0.09870145,4.5877905,26.75109,1.3649025,4
180.47269,93.19551,54.105064,159.30066,287.05316,62.46302,115.885544,1442.5503,7.250056,0.26121145,66.41515,5.1158223,0.304167,201.01096,11.230991,1.3607192,4
107.2032,157.08884,18.719917,208.58162,47.940323,55.737885,51.360092,128.91302,16.39928,0.13115181,57.554684,1.6223927,0.06693021,10726.044,1.3093138,1.3583578,4
150.41975,66.568344,423.64105,102.897514,542.8597,69.20527,198.95071,126.88671,25.177904,0.62005013,373.23676,35.059223,1915.8561,3.7828045,7.4587665,1.3622748,4
65.038284,68.42799,18.383986,379.77124,46.300003,55.875626,59.279804,8814.818,8.81722,0.5215611,54.15809,76.08934,2.6540477,5179.215,2.98624,1.3487608,4
74.60879,201.55081,60.314327,227.12038,292.78018,80.229836,62.18893,249.92992,181.61774,0.9897759,13824.254,1.606307,11067.581,1022.7784,3.4091794,1.3544372,4
217.80975,195.36542,10.312444,153.17015,42.530033,75.47929,71.214455,42162.375,286.13574,0.515677,391.8125,76.06038,0.46121383,6.9120755,14.079888,1.3573766,4
103.73137,82.77191,22.398664,139.70035,54.69521,63.196346,65.03769,9699.471,29.303421,0.5045346,635.1609,56.002174,641.8371,11066.515,3.0598443,1.3519706,4
520.2237,90.209915,18.647598,232.53923,11.616261,56.67803,50.075237,346.46857,257.18173,4.3614244,4100.386,6.969083,0.80462956,14.048451,0.73065925,1.3618679,4
93.894775,76.632,25.883102,151.986,67.18745,56.959217,169.01062,51230.727,316.4029,1.9076152,1509.8107,1.6355641,0.06597216,14.697585,2.2804391,1.3654392,4
105.15526,251.93079,226.27437,243.9038,457.16995,109.21275,76.64803,116.61645,79.82935,1.7827489,4815.8506,46.804317,363.50717,72.19545,8.525526,1.3500284,4
78.71084,112.75309,446.6984,200.83505,785.9849,58.563377,69.50932,911.57465,160.47627,1.2946689,21059.016,47.6956,49.77655,3647.7114,2.8375287,1.3655798,4
184.80328,84.06285,442.89868,148.07036,278.86395,58.191257,65.87308,197.61476,386.43,0.16354439,549.302,57.47837,11.327367,763.48224,3.3729877,1.3567054,4
125.0007,66.445114,890.51434,145.87082,114.658165,60.06288,132.48817,91.53915,525.52545,0.12120487,287.53156,4.333205,2135.2937,57.469894,5.4077063,1.3543086,4
151.01956,69.80834,344.03162,168.21922,28.037378,55.675125,143.41905,132.10796,177.30525,1.0567851,12206.901,59.828213,247.72678,19.674458,7.190277,1.357073,4
372.0297,70.97275,72.24192,197.60272,229.72653,55.64122,64.242775,145.41595,11.008034,0.49518842,96.11861,18.64106,161.63522,16.323227,4.2964125,1.3496801,4
70.318596,242.0852,241.39304,238.78302,416.46118,69.93541,50.041954,363.32733,18.391155,0.18986323,388.4552,63.20902,16068.557,5755.9937,1.7216916,1.3500855,4
120.465836,226.92064,111.34712,155.04712,141.34515,89.597,92.355484,1887.3657,12.100022,0.25029102,26.228737,1.554779,28.67644,886.587,4.85254,1.352963,4
248.0275,80.660255,87.66234,128.21107,128.27942,69.51366,62.32566,1332.8085,242.23454,0.64142966,13493.859,57.642002,0.06266616,301.49744,2.7066789,1.3537352,4
502.2977,197.11298,8.328221,108.974,104.29575,95.34431,51.127205,66562.664,337.33002,0.67857254,6274.2793,1.5392766,115.17347,6.0720305,1.6586804,1.3529111,4
94.92908,242.69579,186.54465,165.81107,324.48907,55.72798,54.04731,5147.723,8.041794,0.4266362,146.23215,47.103764,197.35959,14201.435,1.0761688,1.361308,4
88.02004,73.83375,2.3173351,156.32051,41.043705,61.447666,50.807926,215.81812,23.088425,3.655924,67.23721,1.5092025,1236.692,15768.733,0.5694042,1.3650726,4
75.77086,68.99599,111.72565,209.03754,5.893202,98.32386,83.424995,9071.358,269.05566,2.7694647,754.4356,1.5142906,27.721514,667.4448,1.7652,1.3540941,4
88.51056,93.275085,131.14594,142.1917,6.520684,70.119286,55.651672,3617.9155,17.395311,0.357938,212.50827,73.21957,0.23758371,3479.234,1.8485627,1.3482622,4
590.9038,229.4955,181.33086,106.05255,221.4751,89.11359,169.76727,330.94754,121.3836,1.6476917,32294.395,11.163455,7.4119573,3.1795938,73.132065,1.3627616,4
179.50223,232.73074,27.851559,239.19785,81.27902,64.1392,146.74985,190.73085,538.3243,0.16309847,331.28833,1.4723182,4.688674,8.308784,12.898767,1.3577476,4
178.13452,136.22629,122.334526,207.33215,9.166551,61.017708,52.880608,5308.75,425.51004,0.35517046,326.63297,47.65911,68.03719,547.5153,2.3902607,1.3533912,4
165.0447,264.06552,16.035261,213.80405,14.616018,103.12397,83.80244,126.01068,50.928276,0.23230115,11676.681,36.39072,1.2070115,1568.6707,8.108508,1.364222,4
98.11247,65.21407,499.0506,288.96292,414.7163,85.86154,52.572426,8731.843,226.05339,0.13164629,9121.01,37.627476,137.59464,8.427904,48.279877,1.3636837,4
133.38658,216.3223,5.7722034,177.68741,19.740055,66.23322,192.54408,38366.203,158.4644,5.4204082,19270.518,37.280792,34.415993,3.2378752,6.0819063,1.3652457,4
129.33575,70.97488,29.766676,195.03246,150.47182,108.29006,51.610535,2129.7878,480.22772,0.1314665,698.01227,6.114463,2.812576,5088.6465,1.3547647,1.357658,4
617.20807,292.97327,473.22626,516.4166,524.4949,57.355915,55.894478,61468.57,27.445623,2.1284337,47.907196,1.8746841,8.150402,5.703952,1.8238318,1.3604403,4
67.33509,94.295044,27.254232,227.57191,52.015556,68.41187,54.0164,272.72958,118.24724,2.8065422,14166.613,35.41525,16214.684,5859.4824,1.6591283,1.3593724,4
123.61182,170.32426,130.00082,222.88048,7.0842166,71.572044,104.65375,45139.97,30.737223,5.838665,1979.9692,1.5141015,0.07612236,225.89365,5.6751003,1.3509653,4
329.219,84.86063,617.83716,171.3761,812.25525,83.270584,50.112625,6786.001,99.38426,0.24421887,17920.69,2.0961547,37.362408,3.9384594,7.292197,1.3544276,4
701.6867,215.851,13.662591,267.09195,39.163948,66.96307,55.318203,1698.0948,11.064865,1.1319127,128.59901,31.525671,422.03558,4.1177487,1.3118861,1.3636528,4
83.09517,70.26267,19.770205,229.72774,50.07363,90.388016,67.02215,51472.266,412.14984,0.28538108,1298.6526,68.640526,3264.314,9366.168,2.008956,1.3650534,4
114.85931,88.93248,7.774558,276.24915,196.04901,57.449097,51.454815,184.5499,8.588652,0.49500778,63.326054,7.2352285,4931.264,700.5969,2.496765,1.3500936,4
91.300644,71.02215,3.0665112,346.59564,151.13785,103.86524,65.74164,5052.825,335.60004,0.1695917,3509.374,1.7437177,13913.3125,8451.393,1.860265,1.3623174,4
219.78894,72.759224,282.4355,171.74539,40.479088,108.65375,62.40032,109.37037,129.88744,1.729555,17713.535,21.433243,6934.4644,12.181593,10.204704,1.3510964,4
99.74756,133.09476,339.2337,513.94617,470.19836,56.75129,204.34995,9828.599,337.5474,5.516416,295.539,1.7364215,5918.88,3.2166176,2.7615917,1.3648078,4
72.13572,86.76697,248.59349,143.98776,9.19928,70.04404,58.107685,140.94736,8.859944,4.1306314,128.01038,6.4612355,12347.2,5825.4775,1.2024258,1.3497242,4
266.60266,78.38615,214.16232,183.27905,6.312056,93.81648,91.90235,4423.783,65.062065,0.462178,24190.756,24.356094,0.08101405,71.06795,11.284461,1.351206,4
289.30493,68.44319,656.0537,154.46855,483.09863,69.64067,55.319115,7515.832,34.35272,0.22885352,1315.8524,3.7398195,0.061534047,3.80415,10.240073,1.3618958,4
108.55831,74.24438,86.10559,195.31758,211.45786,93.39141,61.408253,1820.7852,60.38304,0.17546564,23622.266,69.31935,0.47361147,5369.7725,3.3693812,1.3522105,4
84.16411,178.12299,198.86159,183.81284,96.72726,69.52627,59.223522,860.0097,156.89093,0.10310578,41358.535,36.052036,6.638243,14800.076,2.2567596,1.3537784,4
62.73113,69.664215,386.77097,128.53816,1121.3206,60.99961,62.911804,32048.51,31.045305,0.147313,195.93433,46.344246,11780.679,11786.905,0.48058552,1.3534889,4
315.8863,201.75008,211.6269,152.21837,51.101383,70.21026,71.37517,53321.836,376.9311,0.24394114,422.6333,2.5505075,1.5319746,35.11353,5.4867806,1.359378,4
217.60837,224.49559,7.951412,129.97571,166.71606,103.80006,156.15437,910.25055,10.748727,0.77127784,37.544376,3.3942258,52.68515,13.0893955,14.177822,1.3609912,4
128.0153,201.8873,116.87415,109.57649,162.14133,84.37697,137.9621,559.8008,298.72748,0.74031067,729.8545,56.56225,12813.64,3.4000006,9.667401,1.3489684,4
112.918594,84.121315,593.3528,90.22122,643.16394,60.46687,51.847725,91.58757,311.6406,2.4327745,572.05145,4.2927494,0.06800877,8546.33,1.0511266,1.3646623,4
285.18137,67.551796,23.600018,152.26529,65.03627,68.098976,110.6627,290.1961,31.410585,0.7127342,2685.503,12.292173,2.4077225,174.61992,22.910082,1.3612065,4
122.964874,84.467186,17.936161,311.44937,42.205647,67.70318,83.89133,2271.098,71.051895,1.5296125,5229.587,41.90846,10491.652,5.0824823,21.705652,1.3543038,4
148.00775,181.46854,40.933205,199.92157,103.301125,84.73078,63.038403,133.74913,111.094925,0.100711636,8536.074,15.143866,233.99265,810.39716,2.6620784,1.3545887,4
104.896255,227.55078,1001.6586,215.85338,310.81384,104.10022,103.22396,31539.145,183.78156,4.008116,20781.684,73.51776,204.5949,281.2524,4.064236,1.3541306,4
101.97107,246.34807,87.45221,209.6394,189.21928,64.29933,53.281036,5954.9463,113.4016,0.36173493,7512.299,1.521246,16.591599,10591.217,1.670708,1.3643351,4
93.47629,69.89345,1.6563005,237.6946,157.71613,100.48361,58.209915,1944.9701,21.698166,0.7471813,68.423325,38.33432,6548.4355,5494.62,1.0118256,1.3619576,4
168.21567,68.42757,8.110302,235.08421,40.340298,59.359505,82.70287,95.781876,8.806141,1.2921388,132.97281,59.73558,0.08655988,1524.6509,7.204468,1.3508518,4
104.134254,66.155525,383.33524,480.71948,1235.4474,70.25241,58.906063,10523.963,32.336163,2.3013387,120.55466,1.8644825,3683.0823,393.02045,3.905148,1.354403,4
318.9886,111.99144,263.65643,190.93968,305.48877,56.602226,92.64296,395.71918,110.55823,1.0610453,32672.496,27.060469,9205.127,4.712145,14.537083,1.3618282,4
145.44934,155.26694,739.2126,200.24979,193.05641,70.330025,78.47428,36297.4,34.97554,0.23366044,4946.74,2.0176322,8347.527,33.99902,11.185123,1.3598835,4
88.09538,175.18709,43.83502,184.25374,8.010102,57.450127,50.3741,1354.2484,22.772491,0.2529928,67.988754,11.418552,503.21796,1653.805,3.7243032,1.358061,4
512.9657,116.949326,236.50374,133.85114,852.6272,106.91404,56.06279,1954.9875,351.78827,0.9307573,327.2804,1.6661713,16381.423,13.736086,1.625814,1.364924,4
147.1235,204.34114,374.40082,158.4679,589.8157,55.66094,51.059116,73437.99,198.50406,0.43577802,31791.367,25.372906,9.909517,15.311387,15.600127,1.365356,4
64.8902,185.40842,278.2618,113.28465,1546.0442,103.95444,62.926098,36004.93,193.36877,1.2433994,7398.8286,2.975213,4.923094,15464.663,0.8599696,1.3490245,4
115.35803,181.06918,470.9969,134.3968,289.26935,96.675125,62.21952,1597.5549,6.458719,0.20237067,96.12689,70.26257,2.696879,4695.8174,2.656374,1.3643637,4
99.9399,131.70027,193.06381,104.52788,199.67798,58.39516,58.36733,26506.186,20.065748,8.089596,32.009476,1.9292705,11441.436,15672.298,2.2477255,1.3656673,4
403.39526,262.90967,39.81976,187.3259,145.08185,69.402016,60.02242,69713.89,252.90462,0.1631998,5174.361,1.5993798,0.07968145,46.79185,1.873698,1.350652,4
126.33475,68.19753,210.58012,171.75897,33.545147,66.62849,113.597336,75479.125,103.4858,0.77382314,5811.531,22.451332,0.06514805,3.5966966,12.979705,1.3608185,4
91.28317,95.473625,1120.9707,121.775215,235.74786,65.445404,113.767296,101.00954,11.834082,0.35605332,129.05067,1.4940492,2.487205,97.2509,2.5128343,1.3587178,4
61.06489,155.33542,3.4487498,142.4265,24.947397,63.396336,59.826965,1285.1512,14.227453,0.86729133,38.1756,1.5458935,0.41925997,15741.671,0.35868675,1.3574781,4
101.03381,203.42212,25.748644,146.65807,20.49969,98.112144,126.46353,312.9723,6.6844616,0.15582071,119.92884,26.255821,1.6016622,3.2429013,9.768665,1.3626399,4
179.49121,91.15538,267.97522,286.43216,115.32552,69.34745,55.449997,121.96833,135.2855,0.4073049,17451.39,7.0824766,6148.8916,1247.0288,1.4365863,1.3653256,4
199.8233,103.479774,333.19006,222.27621,261.60388,90.287094,51.542343,192.19821,100.15958,0.1118574,6086.38,37.94177,0.5575309,757.8806,1.3251827,1.3491595,4
332.4381,101.57578,35.36414,133.88239,112.845665,82.11052,69.91685,58561.676,175.37059,0.39797738,12492.209,3.9474442,0.061404943,33.91993,6.2984357,1.3596915,4
85.85016,76.83902,118.741875,136.3529,102.00741,70.17815,77.10866,1144.3823,273.5975,0.26882127,14582.201,2.0866756,328.95282,1358.5876,3.4810314,1.3511791,4
85.97818,109.538956,24.771635,192.93634,21.380575,101.24313,74.15821,94.50967,490.886,0.117023245,310.00812,3.170696,1.3293052,234.94218,4.53257,1.3647333,4
218.81578,95.66914,537.84155,208.15373,170.50024,70.22102,57.028267,126.02589,79.62145,2.3285203,23148.367,3.8124404,3.0570648,556.2871,1.7930607,1.3560543,4
291.85596,161.07968,1072.988,404.8822,262.0611,60.003014,113.617615,2266.2148,201.03717,8.394532,2157.3787,3.8415127,0.28765753,164.88309,24.86731,1.3497204,4
86.12404,81.40396,57.68147,136.52927,89.301346,69.07623,50.253555,69527.914,165.65262,0.25283107,46220.945,53.73654,182.87527,14894.781,1.4340737,1.3665379,4
118.527725,181.57898,8.754684,238.73785,136.68727,61.841156,69.9547,135.50598,55.161644,0.14149596,18425.438,3.3095338,10.64128,6560.126,4.447574,1.3484018,4
649.85895,211.91484,144.30988,185.79593,158.01147,103.23813,192.9074,242.87434,210.94708,2.271715,7029.239,13.749027,5.9955583,5.150807,145.6585,1.3588005,4
67.38588,65.87477,5.2796907,203.65034,62.147034,69.67433,51.417435,55796.5,116.34218,2.6976414,15078.088,1.5161057,4719.505,15875.511,1.0753938,1.3661621,4
102.61338,208.96643,295.29816,178.25517,184.54034,70.75546,143.2023,557.3271,166.85152,3.7224507,23287.914,2.9939969,0.68942153,9.27696,5.842917,1.3514144,4
81.64951,237.40306,80.58996,135.52812,243.74713,61.878803,76.47159,168.82953,21.273382,2.0485778,51.326294,1.5121341,14443.51,2530.0574,2.3745222,1.3594866,4
567.36017,67.556206,2.8411486,197.85858,52.73449,67.71763,50.79944,23978.744,50.104668,0.5471904,1089.8441,11.264313,0.9725515,4.6273665,1.7279127,1.3649933,4
99.97398,218.10712,54.94581,241.04828,111.45791,61.426586,55.388523,82114.94,371.581,4.7241135,215.35234,37.295013,1.9236276,15611.387,1.8202578,1.3503649,4
152.8317,249.26648,75.38922,216.50414,124.82851,69.37812,150.34685,11867.875,15.732649,2.8439484,108.94925,47.641327,1221.8567,26.935589,7.7120256,1.3607689,4
100.76662,72.6383,699.2303,142.58156,125.08154,56.609753,78.470375,71227.41,12.1746025,1.2917566,28.151974,70.63584,98.60953,1416.0052,3.0702665,1.3655968,4
106.73465,205.87617,2.4772058,233.07426,60.204464,58.306637,64.42587,4284.6543,11.9780855,1.1347443,128.26747,1.8963488,0.05889609,8765.429,2.7094882,1.3508897,4
270.56625,88.4853,698.5825,172.39107,153.27295,107.00866,97.922714,1750.5435,68.415184,0.18356021,2035.7323,3.4705236,1092.1311,3.7838988,15.739536,1.3617799,4
610.30994,78.90248,403.13983,116.1402,343.11545,81.93716,57.81619,73393.11,11.340882,1.089882,57.793278,7.5835085,0.34748906,7.7788916,1.808453,1.3610419,4
90.452354,238.5524,104.27597,107.38446,19.837046,57.554348,58.25748,35044.49,8.354643,0.15848288,32.931053,2.2944226,0.05920902,8021.7764,1.5398467,1.3500614,4
80.2016,69.41763,400.53073,142.70554,1129.676,62.120388,59.994057,179.44646,284.55963,0.960722,3132.7148,38.094265,1.5101237,12821.83,1.0399698,1.3653797,4
75.56186,225.6712,485.06772,176.65729,334.92786,59.566856,51.946484,110.42192,9.513203,2.2096968,46.173203,17.627972,66.210754,2521.5364,2.3689501,1.3485074,4
62.533237,173.22357,33.350746,260.31454,14.736546,97.403656,60.188328,12230.605,60.306637,1.701473,13709.262,1.5738516,0.21501042,13415.607,0.50840086,1.3497069,4
86.962,91.50659,120.91885,221.62654,348.80692,59.251842,68.25678,69167.805,229.67021,0.7465782,5930.1025,1.7694546,0.27674457,5521.8516,1.4140973,1.3596331,4
112.85989,71.473274,20.996277,184.07803,71.94274,106.58681,54.69348,131.4884,289.9929,0.13640329,5370.546,40.85382,0.10155763,5053.784,1.18843,1.3487908,4
330.54764,127.5019,4.1828284,192.86368,47.529556,69.33012,150.15219,129.90472,42.41784,4.7157726,6938.3345,1.5052096,1123.8253,5.301003,26.573238,1.3612587,4
307.85016,142.97398,511.70752,132.12021,380.75494,85.4824,195.59909,12134.943,34.659016,0.16128829,217.77658,43.446777,0.0706475,3.4456792,32.34128,1.3512539,4
184.84769,243.47455,116.152145,129.42348,157.19365,60.647125,54.36861,6175.6416,33.818207,1.3926923,265.35355,65.111694,1.8752557,582.02655,0.9804532,1.3637815,4
63.22041,68.07002,81.443695,124.75365,331.95847,67.49027,62.105583,110.3773,158.7389,0.24857879,11577.476,5.4791317,0.17770961,13531.466,1.4936244,1.3546388,4
150.9437,220.38194,18.627338,140.05927,40.14933,58.76731,70.25061,433.0692,299.93518,1.7627351,5151.7266,1.8566122,1.7727342,2682.1667,5.0112357,1.3635432,4
79.06412,206.03812,832.76746,698.5034,132.7114,78.52887,61.95849,214.06847,359.4138,0.37509647,2972.7373,1.8165002,0.058685765,517.49744,7.0724754,1.366593,4
87.81339,83.139496,367.32318,144.04723,509.08075,70.47135,74.49404,422.25427,238.11713,0.22368698,22431.64,2.7081714,197.84134,438.62906,5.63374,1.3642081,4
74.910324,233.83705,53.222225,246.64854,261.92075,82.24767,63.389793,53631.203,54.8367,0.15435013,984.2559,25.788857,14.041999,12242.158,1.1333611,1.3629258,4
65.79955,72.74547,104.90519,544.9807,23.780977,97.61541,54.759354,239.0331,22.046488,0.23769103,46.36846,18.552563,0.15350379,7157.2266,2.1051235,1.3618274,4
87.57338,185.79272,304.2498,278.62076,878.2032,66.16126,56.23488,2137.2024,11.430048,0.16875136,42.361202,8.8209,1177.7433,11493.18,1.5871,1.3614975,4
99.88004,168.90819,56.642838,177.27847,260.90073,68.71113,56.433033,13574.496,28.564604,2.3169208,89.15962,3.3533506,15903.713,15217.065,1.8833098,1.3524369,4
109.29445,255.22325,21.570488,260.91248,61.861835,77.308136,88.61058,392.52753,15.907985,2.7973032,37.10703,18.275463,756.9812,375.3082,5.214771,1.349902,4
